# Blender 4.3.2
# www.blender.org
mtllib ArchBogie.mtl
o WheelPair.004
v -0.710000 0.600000 0.299000
v -0.710000 0.521769 0.306705
v -0.710000 0.446544 0.329524
v -0.710000 0.377216 0.366581
v -0.710000 0.316450 0.416450
v -0.710000 0.266581 0.477216
v -0.710000 0.229524 0.546544
v -0.710000 0.206705 0.621769
v -0.710000 0.199000 0.700000
v -0.710000 0.206705 0.778231
v -0.710000 0.229524 0.853456
v -0.710000 0.266581 0.922784
v -0.710000 0.316450 0.983550
v -0.710000 0.377216 1.033419
v -0.710000 0.446544 1.070476
v -0.710000 0.521769 1.093295
v -0.710000 0.600000 1.101000
v -0.710000 0.678231 1.093295
v -0.710000 0.753456 1.070476
v -0.710000 0.822784 1.033419
v -0.710000 0.883550 0.983550
v -0.710000 0.933419 0.922784
v -0.710000 0.970476 0.853456
v -0.710000 0.993295 0.778231
v -0.710000 1.001000 0.700000
v -0.710000 0.993295 0.621769
v -0.710000 0.970476 0.546544
v -0.710000 0.933419 0.477216
v -0.710000 0.883550 0.416450
v -0.710000 0.822784 0.366581
v -0.710000 0.753456 0.329524
v -0.710000 0.678231 0.306705
v -0.680000 0.531393 0.355087
v -0.680000 0.600000 0.348329
v -0.680000 0.465421 0.375099
v -0.680000 0.404622 0.407596
v -0.680000 0.351331 0.451331
v -0.680000 0.307596 0.504622
v -0.680000 0.275099 0.565422
v -0.680000 0.255086 0.631393
v -0.680000 0.248329 0.700000
v -0.680000 0.255086 0.768608
v -0.680000 0.275099 0.834579
v -0.680000 0.307596 0.895378
v -0.680000 0.351331 0.948669
v -0.680000 0.404622 0.992404
v -0.680000 0.465421 1.024902
v -0.680000 0.531393 1.044914
v -0.680000 0.600000 1.051671
v -0.680000 0.668608 1.044914
v -0.680000 0.734579 1.024902
v -0.680000 0.795378 0.992404
v -0.680000 0.848669 0.948669
v -0.680000 0.892404 0.895378
v -0.680000 0.924902 0.834579
v -0.680000 0.944914 0.768608
v -0.680000 0.951671 0.700000
v -0.680000 0.944914 0.631393
v -0.680000 0.924902 0.565422
v -0.680000 0.892404 0.504622
v -0.680000 0.848669 0.451331
v -0.680000 0.795378 0.407596
v -0.680000 0.734579 0.375099
v -0.680000 0.668608 0.355087
v -0.810000 0.600000 0.304998
v -0.810000 0.522939 0.312588
v -0.810000 0.448839 0.335066
v -0.810000 0.380549 0.371568
v -0.810000 0.320692 0.420692
v -0.810000 0.271568 0.480549
v -0.810000 0.235066 0.548840
v -0.810000 0.212588 0.622939
v -0.810000 0.204998 0.700000
v -0.810000 0.212588 0.777061
v -0.810000 0.235066 0.851161
v -0.810000 0.271568 0.919451
v -0.810000 0.320692 0.979309
v -0.810000 0.380549 1.028432
v -0.810000 0.448839 1.064934
v -0.810000 0.522939 1.087412
v -0.810000 0.600000 1.095002
v -0.810000 0.677061 1.087412
v -0.810000 0.751161 1.064934
v -0.810000 0.819451 1.028432
v -0.810000 0.879308 0.979309
v -0.810000 0.928432 0.919451
v -0.810000 0.964934 0.851161
v -0.810000 0.987412 0.777061
v -0.810000 0.995002 0.700000
v -0.810000 0.987412 0.622939
v -0.810000 0.964934 0.548840
v -0.810000 0.928432 0.480549
v -0.810000 0.879308 0.420692
v -0.810000 0.819451 0.371568
v -0.810000 0.751161 0.335066
v -0.810000 0.677061 0.312588
v -0.770000 0.600000 0.700000
v -0.780000 0.600000 0.359990
v -0.780000 0.533667 0.366523
v -0.780000 0.469884 0.385871
v -0.780000 0.411100 0.417292
v -0.780000 0.359576 0.459576
v -0.780000 0.317292 0.511101
v -0.780000 0.285871 0.569884
v -0.780000 0.266523 0.633667
v -0.780000 0.259990 0.700000
v -0.780000 0.266523 0.766333
v -0.780000 0.285871 0.830117
v -0.780000 0.317292 0.888900
v -0.780000 0.359576 0.940424
v -0.780000 0.411100 0.982708
v -0.780000 0.469884 1.014129
v -0.780000 0.533667 1.033477
v -0.780000 0.600000 1.040011
v -0.780000 0.666333 1.033477
v -0.780000 0.730116 1.014129
v -0.780000 0.788900 0.982708
v -0.780000 0.840424 0.940424
v -0.780000 0.882708 0.888900
v -0.780000 0.914129 0.830117
v -0.780000 0.933477 0.766333
v -0.780000 0.940010 0.700000
v -0.780000 0.933477 0.633667
v -0.780000 0.914129 0.569884
v -0.780000 0.882708 0.511101
v -0.780000 0.840424 0.459576
v -0.780000 0.788900 0.417292
v -0.780000 0.730116 0.385871
v -0.780000 0.666333 0.366523
v -0.780000 0.600000 0.460474
v -0.780000 0.553271 0.465076
v -0.780000 0.508337 0.478706
v -0.780000 0.466926 0.500841
v -0.780000 0.430629 0.530629
v -0.780000 0.400841 0.566926
v -0.780000 0.378706 0.608337
v -0.780000 0.365076 0.653271
v -0.780000 0.360473 0.700000
v -0.780000 0.365076 0.746729
v -0.780000 0.378706 0.791663
v -0.780000 0.400841 0.833074
v -0.780000 0.430629 0.869371
v -0.780000 0.466926 0.899159
v -0.780000 0.508337 0.921294
v -0.780000 0.553271 0.934924
v -0.780000 0.600000 0.939527
v -0.780000 0.646729 0.934924
v -0.780000 0.691663 0.921294
v -0.780000 0.733074 0.899159
v -0.780000 0.769371 0.869371
v -0.780000 0.799159 0.833074
v -0.780000 0.821294 0.791663
v -0.780000 0.834924 0.746730
v -0.780000 0.839527 0.700000
v -0.780000 0.834924 0.653271
v -0.780000 0.821294 0.608337
v -0.780000 0.799159 0.566926
v -0.780000 0.769371 0.530629
v -0.780000 0.733074 0.500841
v -0.780000 0.691663 0.478706
v -0.780000 0.646729 0.465076
v -0.770000 0.638501 0.607051
v -0.770000 0.671141 0.628860
v -0.770000 0.692950 0.661499
v -0.770000 0.700608 0.700000
v -0.770000 0.692950 0.738501
v -0.770000 0.671141 0.771141
v -0.770000 0.638501 0.792950
v -0.770000 0.600000 0.800608
v -0.770000 0.561499 0.792950
v -0.770000 0.528860 0.771141
v -0.770000 0.507051 0.738501
v -0.770000 0.499392 0.700000
v -0.770000 0.507051 0.661499
v -0.770000 0.528860 0.628860
v -0.770000 0.561499 0.607051
v -0.770000 0.600000 0.599392
v -0.680000 0.600000 0.625000
v -0.000000 0.600000 0.625000
v -0.680000 0.571299 0.630709
v 0.000000 0.571299 0.630709
v -0.680000 0.546967 0.646967
v 0.000000 0.546967 0.646967
v -0.680000 0.530709 0.671299
v 0.000000 0.530709 0.671299
v -0.680000 0.525000 0.700000
v 0.000000 0.525000 0.700000
v -0.680000 0.530709 0.728702
v 0.000000 0.530709 0.728702
v -0.680000 0.546967 0.753033
v 0.000000 0.546967 0.753033
v -0.680000 0.571299 0.769291
v 0.000000 0.571299 0.769291
v -0.680000 0.600000 0.775000
v -0.000000 0.600000 0.775000
v -0.680000 0.628701 0.769291
v -0.000000 0.628701 0.769291
v -0.680000 0.653033 0.753033
v -0.000000 0.653033 0.753033
v -0.680000 0.669291 0.728702
v -0.000000 0.669291 0.728702
v -0.680000 0.675000 0.700000
v -0.000000 0.675000 0.700000
v -0.680000 0.669291 0.671299
v -0.000000 0.669291 0.671299
v -0.680000 0.653033 0.646967
v -0.000000 0.653033 0.646967
v -0.680000 0.628701 0.630709
v -0.000000 0.628701 0.630709
v -0.680000 0.518062 0.288070
v -0.680000 0.600000 0.280000
v -0.680000 0.439273 0.311971
v -0.680000 0.366661 0.350783
v -0.680000 0.303015 0.403015
v -0.680000 0.250783 0.466661
v -0.680000 0.211971 0.539273
v -0.680000 0.188070 0.618062
v -0.680000 0.180000 0.700000
v -0.680000 0.188070 0.781938
v -0.680000 0.211971 0.860727
v -0.680000 0.250783 0.933340
v -0.680000 0.303015 0.996985
v -0.680000 0.366661 1.049217
v -0.680000 0.439273 1.088030
v -0.680000 0.518062 1.111930
v -0.680000 0.600000 1.120000
v -0.680000 0.681938 1.111930
v -0.680000 0.760727 1.088030
v -0.680000 0.833340 1.049217
v -0.680000 0.896985 0.996985
v -0.680000 0.949217 0.933340
v -0.680000 0.988029 0.860727
v -0.680000 1.011930 0.781938
v -0.680000 1.020000 0.700000
v -0.680000 1.011930 0.618062
v -0.680000 0.988029 0.539273
v -0.680000 0.949217 0.466661
v -0.680000 0.896985 0.403015
v -0.680000 0.833340 0.350783
v -0.680000 0.760727 0.311971
v -0.680000 0.681938 0.288070
v -0.680000 0.580769 0.603318
v -0.680000 0.600000 0.601424
v -0.680000 0.562276 0.608927
v -0.680000 0.545234 0.618037
v -0.680000 0.530296 0.630296
v -0.680000 0.518037 0.645234
v -0.680000 0.508927 0.662276
v -0.680000 0.503318 0.680769
v -0.680000 0.501423 0.700000
v -0.680000 0.503318 0.719231
v -0.680000 0.508927 0.737724
v -0.680000 0.518037 0.754766
v -0.680000 0.530296 0.769704
v -0.680000 0.545234 0.781964
v -0.680000 0.562276 0.791073
v -0.680000 0.580769 0.796683
v -0.680000 0.600000 0.798577
v -0.680000 0.619231 0.796683
v -0.680000 0.637724 0.791073
v -0.680000 0.654766 0.781964
v -0.680000 0.669704 0.769704
v -0.680000 0.681964 0.754766
v -0.680000 0.691073 0.737724
v -0.680000 0.696683 0.719232
v -0.680000 0.698577 0.700000
v -0.680000 0.696683 0.680769
v -0.680000 0.691073 0.662276
v -0.680000 0.681964 0.645234
v -0.680000 0.669704 0.630296
v -0.680000 0.654766 0.618037
v -0.680000 0.637724 0.608927
v -0.680000 0.619231 0.603318
v -0.700000 0.533679 0.366584
v -0.700000 0.600000 0.360052
v -0.700000 0.469907 0.385929
v -0.700000 0.411135 0.417343
v -0.700000 0.359620 0.459620
v -0.700000 0.317343 0.511135
v -0.700000 0.285929 0.569907
v -0.700000 0.266584 0.633680
v -0.700000 0.260052 0.700000
v -0.700000 0.266584 0.766321
v -0.700000 0.285929 0.830093
v -0.700000 0.317343 0.888865
v -0.700000 0.359620 0.940380
v -0.700000 0.411135 0.982657
v -0.700000 0.469907 1.014072
v -0.700000 0.533679 1.033417
v -0.700000 0.600000 1.039949
v -0.700000 0.666321 1.033417
v -0.700000 0.730093 1.014072
v -0.700000 0.788865 0.982657
v -0.700000 0.840380 0.940380
v -0.700000 0.882657 0.888865
v -0.700000 0.914072 0.830093
v -0.700000 0.933417 0.766321
v -0.700000 0.939949 0.700000
v -0.700000 0.933417 0.633680
v -0.700000 0.914072 0.569907
v -0.700000 0.882657 0.511135
v -0.700000 0.840380 0.459620
v -0.700000 0.788865 0.417343
v -0.700000 0.730093 0.385929
v -0.700000 0.666321 0.366584
v -0.700000 0.580485 0.601889
v -0.700000 0.600000 0.599967
v -0.700000 0.561719 0.607581
v -0.700000 0.544425 0.616825
v -0.700000 0.529266 0.629266
v -0.700000 0.516825 0.644425
v -0.700000 0.507581 0.661719
v -0.700000 0.501889 0.680485
v -0.700000 0.499967 0.700000
v -0.700000 0.501889 0.719516
v -0.700000 0.507581 0.738281
v -0.700000 0.516825 0.755576
v -0.700000 0.529266 0.770734
v -0.700000 0.544425 0.783175
v -0.700000 0.561719 0.792419
v -0.700000 0.580485 0.798111
v -0.700000 0.600000 0.800034
v -0.700000 0.619516 0.798111
v -0.700000 0.638281 0.792419
v -0.700000 0.655576 0.783175
v -0.700000 0.670734 0.770734
v -0.700000 0.683175 0.755576
v -0.700000 0.692419 0.738281
v -0.700000 0.698111 0.719516
v -0.700000 0.700033 0.700000
v -0.700000 0.698111 0.680485
v -0.700000 0.692419 0.661719
v -0.700000 0.683175 0.644425
v -0.700000 0.670734 0.629266
v -0.700000 0.655576 0.616825
v -0.700000 0.638281 0.607581
v -0.700000 0.619516 0.601889
v -0.810000 0.600000 0.618205
v -0.810000 0.568699 0.624432
v -0.810000 0.542162 0.642162
v -0.810000 0.524431 0.668699
v -0.810000 0.518205 0.700000
v -0.810000 0.524431 0.731302
v -0.810000 0.542162 0.757838
v -0.810000 0.568699 0.775569
v -0.810000 0.600000 0.781795
v -0.810000 0.631302 0.775569
v -0.810000 0.657838 0.757838
v -0.810000 0.675569 0.731302
v -0.810000 0.681795 0.700000
v -0.810000 0.675569 0.668699
v -0.810000 0.657838 0.642162
v -0.810000 0.631302 0.624432
v -0.810000 0.625449 0.638562
v -0.810000 0.647023 0.652978
v -0.810000 0.661438 0.674552
v -0.810000 0.666500 0.700000
v -0.810000 0.661438 0.725449
v -0.810000 0.647023 0.747023
v -0.810000 0.625449 0.761438
v -0.810000 0.600000 0.766500
v -0.810000 0.574552 0.761438
v -0.810000 0.552978 0.747023
v -0.810000 0.538562 0.725449
v -0.810000 0.533500 0.700000
v -0.810000 0.538562 0.674552
v -0.810000 0.552978 0.652978
v -0.810000 0.574552 0.638562
v -0.810000 0.600000 0.633500
v -1.000000 0.600000 0.650000
v -0.830000 0.600000 0.650000
v -1.000000 0.580866 0.653806
v -0.830000 0.580866 0.653806
v -1.000000 0.564645 0.664645
v -0.830000 0.564645 0.664645
v -1.000000 0.553806 0.680866
v -0.830000 0.553806 0.680866
v -1.000000 0.550000 0.700000
v -0.830000 0.550000 0.700000
v -1.000000 0.553806 0.719134
v -0.830000 0.553806 0.719134
v -1.000000 0.564645 0.735356
v -0.830000 0.564645 0.735356
v -1.000000 0.580866 0.746194
v -0.830000 0.580866 0.746194
v -1.000000 0.600000 0.750000
v -0.830000 0.600000 0.750000
v -1.000000 0.619134 0.746194
v -0.830000 0.619134 0.746194
v -1.000000 0.635356 0.735356
v -0.830000 0.635356 0.735356
v -1.000000 0.646194 0.719134
v -0.830000 0.646194 0.719134
v -1.000000 0.650000 0.700000
v -0.830000 0.650000 0.700000
v -1.000000 0.646194 0.680866
v -0.830000 0.646194 0.680866
v -1.000000 0.635356 0.664645
v -0.830000 0.635356 0.664645
v -1.000000 0.619134 0.653806
v -0.830000 0.619134 0.653806
v 0.710000 0.600000 0.299000
v 0.710000 0.521769 0.306705
v 0.710000 0.446544 0.329524
v 0.710000 0.377217 0.366581
v 0.710000 0.316451 0.416450
v 0.710000 0.266581 0.477216
v 0.710000 0.229525 0.546544
v 0.710000 0.206706 0.621769
v 0.710000 0.199000 0.700000
v 0.710000 0.206706 0.778231
v 0.710000 0.229525 0.853456
v 0.710000 0.266581 0.922784
v 0.710000 0.316451 0.983550
v 0.710000 0.377217 1.033419
v 0.710000 0.446544 1.070476
v 0.710000 0.521769 1.093295
v 0.710000 0.600000 1.101000
v 0.710000 0.678232 1.093295
v 0.710000 0.753456 1.070476
v 0.710000 0.822784 1.033419
v 0.710000 0.883550 0.983550
v 0.710000 0.933420 0.922784
v 0.710000 0.970476 0.853456
v 0.710000 0.993295 0.778231
v 0.710000 1.001000 0.700000
v 0.710000 0.993295 0.621769
v 0.710000 0.970476 0.546544
v 0.710000 0.933420 0.477216
v 0.710000 0.883550 0.416450
v 0.710000 0.822784 0.366581
v 0.710000 0.753456 0.329524
v 0.710000 0.678232 0.306705
v 0.680000 0.531393 0.355087
v 0.680000 0.600000 0.348329
v 0.680000 0.465422 0.375099
v 0.680000 0.404622 0.407596
v 0.680000 0.351331 0.451331
v 0.680000 0.307597 0.504622
v 0.680000 0.275099 0.565422
v 0.680000 0.255087 0.631393
v 0.680000 0.248329 0.700000
v 0.680000 0.255087 0.768608
v 0.680000 0.275099 0.834579
v 0.680000 0.307597 0.895378
v 0.680000 0.351332 0.948669
v 0.680000 0.404622 0.992404
v 0.680000 0.465422 1.024902
v 0.680000 0.531393 1.044914
v 0.680000 0.600000 1.051671
v 0.680000 0.668608 1.044914
v 0.680000 0.734579 1.024902
v 0.680000 0.795378 0.992404
v 0.680000 0.848669 0.948669
v 0.680000 0.892404 0.895378
v 0.680000 0.924902 0.834579
v 0.680000 0.944914 0.768608
v 0.680000 0.951671 0.700000
v 0.680000 0.944914 0.631393
v 0.680000 0.924902 0.565422
v 0.680000 0.892404 0.504622
v 0.680000 0.848669 0.451331
v 0.680000 0.795378 0.407596
v 0.680000 0.734579 0.375099
v 0.680000 0.668608 0.355087
v 0.810000 0.600000 0.304998
v 0.810000 0.522939 0.312588
v 0.810000 0.448840 0.335066
v 0.810000 0.380549 0.371568
v 0.810000 0.320692 0.420692
v 0.810000 0.271568 0.480549
v 0.810000 0.235066 0.548840
v 0.810000 0.212588 0.622939
v 0.810000 0.204998 0.700000
v 0.810000 0.212588 0.777061
v 0.810000 0.235066 0.851161
v 0.810000 0.271568 0.919451
v 0.810000 0.320692 0.979309
v 0.810000 0.380549 1.028432
v 0.810000 0.448840 1.064934
v 0.810000 0.522939 1.087412
v 0.810000 0.600000 1.095002
v 0.810000 0.677061 1.087412
v 0.810000 0.751161 1.064934
v 0.810000 0.819452 1.028432
v 0.810000 0.879309 0.979309
v 0.810000 0.928432 0.919451
v 0.810000 0.964934 0.851161
v 0.810000 0.987412 0.777061
v 0.810000 0.995002 0.700000
v 0.810000 0.987412 0.622939
v 0.810000 0.964934 0.548840
v 0.810000 0.928432 0.480549
v 0.810000 0.879309 0.420692
v 0.810000 0.819452 0.371568
v 0.810000 0.751161 0.335066
v 0.810000 0.677061 0.312588
v 0.770000 0.600000 0.700000
v 0.780000 0.600000 0.359990
v 0.780000 0.533668 0.366523
v 0.780000 0.469884 0.385871
v 0.780000 0.411101 0.417292
v 0.780000 0.359577 0.459576
v 0.780000 0.317292 0.511101
v 0.780000 0.285872 0.569884
v 0.780000 0.266523 0.633667
v 0.780000 0.259990 0.700000
v 0.780000 0.266523 0.766333
v 0.780000 0.285872 0.830117
v 0.780000 0.317292 0.888900
v 0.780000 0.359577 0.940424
v 0.780000 0.411101 0.982708
v 0.780000 0.469884 1.014129
v 0.780000 0.533668 1.033477
v 0.780000 0.600000 1.040011
v 0.780000 0.666333 1.033477
v 0.780000 0.730117 1.014129
v 0.780000 0.788900 0.982708
v 0.780000 0.840424 0.940424
v 0.780000 0.882709 0.888900
v 0.780000 0.914129 0.830117
v 0.780000 0.933477 0.766333
v 0.780000 0.940011 0.700000
v 0.780000 0.933477 0.633667
v 0.780000 0.914129 0.569884
v 0.780000 0.882709 0.511101
v 0.780000 0.840424 0.459576
v 0.780000 0.788900 0.417292
v 0.780000 0.730117 0.385871
v 0.780000 0.666333 0.366523
v 0.780000 0.600000 0.460474
v 0.780000 0.553271 0.465076
v 0.780000 0.508337 0.478706
v 0.780000 0.466926 0.500841
v 0.780000 0.430629 0.530629
v 0.780000 0.400841 0.566926
v 0.780000 0.378707 0.608337
v 0.780000 0.365076 0.653271
v 0.780000 0.360474 0.700000
v 0.780000 0.365076 0.746729
v 0.780000 0.378707 0.791663
v 0.780000 0.400841 0.833074
v 0.780000 0.430629 0.869371
v 0.780000 0.466926 0.899159
v 0.780000 0.508337 0.921294
v 0.780000 0.553271 0.934924
v 0.780000 0.600000 0.939527
v 0.780000 0.646730 0.934924
v 0.780000 0.691663 0.921294
v 0.780000 0.733074 0.899159
v 0.780000 0.769371 0.869371
v 0.780000 0.799159 0.833074
v 0.780000 0.821294 0.791663
v 0.780000 0.834924 0.746730
v 0.780000 0.839527 0.700000
v 0.780000 0.834924 0.653271
v 0.780000 0.821294 0.608337
v 0.780000 0.799159 0.566926
v 0.780000 0.769371 0.530629
v 0.780000 0.733074 0.500841
v 0.780000 0.691663 0.478706
v 0.780000 0.646730 0.465076
v 0.770000 0.638501 0.607051
v 0.770000 0.671141 0.628860
v 0.770000 0.692950 0.661499
v 0.770000 0.700608 0.700000
v 0.770000 0.692950 0.738501
v 0.770000 0.671141 0.771141
v 0.770000 0.638501 0.792950
v 0.770000 0.600000 0.800608
v 0.770000 0.561499 0.792950
v 0.770000 0.528860 0.771141
v 0.770000 0.507051 0.738501
v 0.770000 0.499393 0.700000
v 0.770000 0.507051 0.661499
v 0.770000 0.528860 0.628860
v 0.770000 0.561499 0.607051
v 0.770000 0.600001 0.599392
v 0.680000 0.600000 0.625000
v 0.680000 0.571299 0.630709
v 0.680000 0.546967 0.646967
v 0.680000 0.530710 0.671299
v 0.680000 0.525000 0.700000
v 0.680000 0.530709 0.728702
v 0.680000 0.546967 0.753033
v 0.680000 0.571299 0.769291
v 0.680000 0.600000 0.775000
v 0.680000 0.628702 0.769291
v 0.680000 0.653033 0.753033
v 0.680000 0.669291 0.728702
v 0.680000 0.675000 0.700000
v 0.680000 0.669291 0.671299
v 0.680000 0.653033 0.646967
v 0.680000 0.628702 0.630709
v 0.680000 0.518062 0.288070
v 0.680000 0.600000 0.280000
v 0.680000 0.439273 0.311971
v 0.680000 0.366661 0.350783
v 0.680000 0.303016 0.403015
v 0.680000 0.250783 0.466661
v 0.680000 0.211971 0.539273
v 0.680000 0.188071 0.618062
v 0.680000 0.180000 0.700000
v 0.680000 0.188071 0.781938
v 0.680000 0.211971 0.860727
v 0.680000 0.250783 0.933340
v 0.680000 0.303016 0.996985
v 0.680000 0.366661 1.049217
v 0.680000 0.439273 1.088030
v 0.680000 0.518062 1.111930
v 0.680000 0.600000 1.120000
v 0.680000 0.681938 1.111930
v 0.680000 0.760727 1.088030
v 0.680000 0.833340 1.049217
v 0.680000 0.896985 0.996985
v 0.680000 0.949218 0.933340
v 0.680000 0.988030 0.860727
v 0.680000 1.011930 0.781938
v 0.680000 1.020000 0.700000
v 0.680000 1.011930 0.618062
v 0.680000 0.988030 0.539273
v 0.680000 0.949218 0.466661
v 0.680000 0.896985 0.403015
v 0.680000 0.833340 0.350783
v 0.680000 0.760727 0.311971
v 0.680000 0.681938 0.288070
v 0.680000 0.580769 0.603318
v 0.680000 0.600000 0.601424
v 0.680000 0.562277 0.608927
v 0.680000 0.545234 0.618037
v 0.680000 0.530296 0.630296
v 0.680000 0.518037 0.645234
v 0.680000 0.508927 0.662276
v 0.680000 0.503318 0.680769
v 0.680000 0.501424 0.700000
v 0.680000 0.503318 0.719231
v 0.680000 0.508927 0.737724
v 0.680000 0.518037 0.754766
v 0.680000 0.530296 0.769704
v 0.680000 0.545234 0.781964
v 0.680000 0.562277 0.791073
v 0.680000 0.580769 0.796683
v 0.680000 0.600000 0.798577
v 0.680000 0.619232 0.796683
v 0.680000 0.637724 0.791073
v 0.680000 0.654767 0.781964
v 0.680000 0.669705 0.769704
v 0.680000 0.681964 0.754766
v 0.680000 0.691073 0.737724
v 0.680000 0.696683 0.719232
v 0.680000 0.698577 0.700000
v 0.680000 0.696683 0.680769
v 0.680000 0.691073 0.662276
v 0.680000 0.681964 0.645234
v 0.680000 0.669705 0.630296
v 0.680000 0.654767 0.618037
v 0.680000 0.637724 0.608927
v 0.680000 0.619232 0.603318
v 0.700000 0.533680 0.366584
v 0.700000 0.600000 0.360052
v 0.700000 0.469908 0.385929
v 0.700000 0.411135 0.417343
v 0.700000 0.359620 0.459620
v 0.700000 0.317344 0.511135
v 0.700000 0.285929 0.569907
v 0.700000 0.266584 0.633680
v 0.700000 0.260052 0.700000
v 0.700000 0.266584 0.766321
v 0.700000 0.285929 0.830093
v 0.700000 0.317344 0.888865
v 0.700000 0.359620 0.940380
v 0.700000 0.411135 0.982657
v 0.700000 0.469908 1.014072
v 0.700000 0.533680 1.033417
v 0.700000 0.600000 1.039949
v 0.700000 0.666321 1.033417
v 0.700000 0.730093 1.014072
v 0.700000 0.788866 0.982657
v 0.700000 0.840380 0.940380
v 0.700000 0.882657 0.888865
v 0.700000 0.914072 0.830093
v 0.700000 0.933417 0.766321
v 0.700000 0.939949 0.700000
v 0.700000 0.933417 0.633680
v 0.700000 0.914072 0.569907
v 0.700000 0.882657 0.511135
v 0.700000 0.840380 0.459620
v 0.700000 0.788866 0.417343
v 0.700000 0.730093 0.385929
v 0.700000 0.666321 0.366584
v 0.700000 0.580485 0.601889
v 0.700000 0.600000 0.599967
v 0.700000 0.561719 0.607581
v 0.700000 0.544425 0.616825
v 0.700000 0.529266 0.629266
v 0.700000 0.516826 0.644425
v 0.700000 0.507582 0.661719
v 0.700000 0.501889 0.680485
v 0.700000 0.499967 0.700000
v 0.700000 0.501889 0.719516
v 0.700000 0.507582 0.738281
v 0.700000 0.516826 0.755576
v 0.700000 0.529266 0.770734
v 0.700000 0.544425 0.783175
v 0.700000 0.561719 0.792419
v 0.700000 0.580485 0.798111
v 0.700000 0.600000 0.800034
v 0.700000 0.619516 0.798111
v 0.700000 0.638282 0.792419
v 0.700000 0.655576 0.783175
v 0.700000 0.670735 0.770734
v 0.700000 0.683175 0.755576
v 0.700000 0.692419 0.738281
v 0.700000 0.698112 0.719516
v 0.700000 0.700034 0.700000
v 0.700000 0.698112 0.680485
v 0.700000 0.692419 0.661719
v 0.700000 0.683175 0.644425
v 0.700000 0.670735 0.629266
v 0.700000 0.655576 0.616825
v 0.700000 0.638282 0.607581
v 0.700000 0.619516 0.601889
v 0.810000 0.600001 0.618205
v 0.810000 0.568699 0.624432
v 0.810000 0.542163 0.642162
v 0.810000 0.524432 0.668699
v 0.810000 0.518205 0.700000
v 0.810000 0.524432 0.731302
v 0.810000 0.542163 0.757838
v 0.810000 0.568699 0.775569
v 0.810000 0.600001 0.781795
v 0.810000 0.631302 0.775569
v 0.810000 0.657838 0.757838
v 0.810000 0.675569 0.731302
v 0.810000 0.681795 0.700000
v 0.810000 0.675569 0.668699
v 0.810000 0.657838 0.642162
v 0.810000 0.631302 0.624432
v 0.810000 0.625449 0.638562
v 0.810000 0.647023 0.652978
v 0.810000 0.661438 0.674552
v 0.810000 0.666500 0.700000
v 0.810000 0.661438 0.725449
v 0.810000 0.647023 0.747023
v 0.810000 0.625449 0.761438
v 0.810000 0.600001 0.766500
v 0.810000 0.574552 0.761438
v 0.810000 0.552978 0.747023
v 0.810000 0.538562 0.725449
v 0.810000 0.533500 0.700000
v 0.810000 0.538562 0.674552
v 0.810000 0.552978 0.652978
v 0.810000 0.574552 0.638562
v 0.810000 0.600001 0.633500
v 1.000000 0.600001 0.650000
v 0.830000 0.600001 0.650000
v 1.000000 0.580866 0.653806
v 0.830000 0.580866 0.653806
v 1.000000 0.564645 0.664645
v 0.830000 0.564645 0.664645
v 1.000000 0.553807 0.680866
v 0.830000 0.553806 0.680866
v 1.000000 0.550001 0.700000
v 0.830000 0.550000 0.700000
v 1.000000 0.553807 0.719134
v 0.830000 0.553806 0.719134
v 1.000000 0.564645 0.735356
v 0.830000 0.564645 0.735356
v 1.000000 0.580866 0.746194
v 0.830000 0.580866 0.746194
v 1.000000 0.600001 0.750000
v 0.830000 0.600001 0.750000
v 1.000000 0.619135 0.746194
v 0.830000 0.619135 0.746194
v 1.000000 0.635356 0.735356
v 0.830000 0.635356 0.735356
v 1.000000 0.646195 0.719134
v 0.830000 0.646194 0.719134
v 1.000000 0.650001 0.700000
v 0.830000 0.650000 0.700000
v 1.000000 0.646195 0.680866
v 0.830000 0.646194 0.680866
v 1.000000 0.635356 0.664645
v 0.830000 0.635356 0.664645
v 1.000000 0.619135 0.653806
v 0.830000 0.619135 0.653806
v -0.806202 0.600000 0.351278
v -0.810000 0.600000 0.345996
v -0.810000 0.530937 0.352798
v -0.806202 0.531968 0.357978
v -0.810000 0.464528 0.372943
v -0.806202 0.466550 0.377823
v -0.810000 0.403326 0.405656
v -0.806202 0.406260 0.410048
v -0.810000 0.349681 0.449681
v -0.806202 0.353416 0.453416
v -0.810000 0.305656 0.503326
v -0.806202 0.310048 0.506260
v -0.810000 0.272943 0.564529
v -0.806202 0.277822 0.566550
v -0.810000 0.252798 0.630937
v -0.806202 0.257978 0.631968
v -0.810000 0.245996 0.700000
v -0.806202 0.251278 0.700000
v -0.810000 0.252798 0.769063
v -0.806202 0.257978 0.768033
v -0.810000 0.272943 0.835472
v -0.806202 0.277822 0.833450
v -0.810000 0.305656 0.896674
v -0.806202 0.310048 0.893740
v -0.810000 0.349681 0.950319
v -0.806202 0.353416 0.946584
v -0.810000 0.403326 0.994344
v -0.806202 0.406260 0.989952
v -0.810000 0.464528 1.027058
v -0.806202 0.466550 1.022178
v -0.810000 0.530937 1.047202
v -0.806202 0.531968 1.042022
v -0.810000 0.600000 1.054005
v -0.806202 0.600000 1.048723
v -0.810000 0.669063 1.047202
v -0.806202 0.668032 1.042022
v -0.810000 0.735472 1.027058
v -0.806202 0.733450 1.022178
v -0.810000 0.796674 0.994344
v -0.806203 0.793740 0.989952
v -0.810000 0.850319 0.950319
v -0.806203 0.846584 0.946584
v -0.810000 0.894344 0.896674
v -0.806203 0.889952 0.893740
v -0.810000 0.927057 0.835472
v -0.806203 0.922177 0.833450
v -0.810000 0.947202 0.769063
v -0.806203 0.942022 0.768033
v -0.810000 0.954004 0.700000
v -0.806203 0.948722 0.700000
v -0.810000 0.947202 0.630937
v -0.806203 0.942022 0.631968
v -0.810000 0.927057 0.564529
v -0.806203 0.922177 0.566550
v -0.810000 0.894344 0.503326
v -0.806203 0.889952 0.506260
v -0.810000 0.850319 0.449681
v -0.806203 0.846584 0.453416
v -0.810000 0.796674 0.405656
v -0.806203 0.793740 0.410048
v -0.810000 0.735472 0.372943
v -0.806202 0.733450 0.377823
v -0.810000 0.669063 0.352798
v -0.806202 0.668032 0.357978
v -0.696000 0.518062 0.288070
v -0.701870 0.518755 0.291555
v -0.701870 0.600000 0.283553
v -0.696000 0.600000 0.280000
v -0.696000 0.439273 0.311971
v -0.701870 0.440633 0.315253
v -0.696000 0.366661 0.350783
v -0.701870 0.368635 0.353737
v -0.696000 0.303015 0.403015
v -0.701870 0.305528 0.405528
v -0.696000 0.250783 0.466661
v -0.701870 0.253737 0.468635
v -0.696000 0.211971 0.539273
v -0.701870 0.215253 0.540633
v -0.696000 0.188070 0.618062
v -0.701870 0.191555 0.618755
v -0.696000 0.180000 0.700000
v -0.701870 0.183553 0.700000
v -0.696000 0.188070 0.781938
v -0.701870 0.191555 0.781245
v -0.696000 0.211971 0.860727
v -0.701870 0.215253 0.859367
v -0.696000 0.250783 0.933340
v -0.701870 0.253737 0.931366
v -0.696000 0.303015 0.996985
v -0.701870 0.305528 0.994473
v -0.696000 0.366661 1.049217
v -0.701870 0.368635 1.046263
v -0.696000 0.439273 1.088030
v -0.701870 0.440633 1.084747
v -0.696000 0.518062 1.111930
v -0.701870 0.518755 1.108445
v -0.696000 0.600000 1.120000
v -0.701870 0.600000 1.116447
v -0.696000 0.681938 1.111930
v -0.701870 0.681245 1.108445
v -0.696000 0.760727 1.088030
v -0.701870 0.759367 1.084747
v -0.696000 0.833340 1.049217
v -0.701870 0.831366 1.046263
v -0.696000 0.896985 0.996985
v -0.701870 0.894473 0.994473
v -0.696000 0.949217 0.933340
v -0.701870 0.946263 0.931366
v -0.696000 0.988029 0.860727
v -0.701870 0.984747 0.859367
v -0.696000 1.011930 0.781938
v -0.701870 1.008445 0.781245
v -0.696000 1.020000 0.700000
v -0.701870 1.016447 0.700000
v -0.696000 1.011930 0.618062
v -0.701870 1.008445 0.618755
v -0.696000 0.988029 0.539273
v -0.701870 0.984747 0.540633
v -0.696000 0.949217 0.466661
v -0.701870 0.946263 0.468635
v -0.696000 0.896985 0.403015
v -0.701870 0.894473 0.405528
v -0.696000 0.833340 0.350783
v -0.701870 0.831366 0.353737
v -0.696000 0.760727 0.311971
v -0.701870 0.759367 0.315253
v -0.696000 0.681938 0.288070
v -0.701870 0.681245 0.291555
v 0.810000 0.600000 0.345996
v 0.806202 0.600000 0.351278
v 0.806202 0.531968 0.357978
v 0.810000 0.530937 0.352798
v 0.806202 0.466550 0.377823
v 0.810000 0.464529 0.372943
v 0.806203 0.406260 0.410048
v 0.810000 0.403326 0.405656
v 0.806203 0.353416 0.453416
v 0.810000 0.349681 0.449681
v 0.806203 0.310048 0.506260
v 0.810000 0.305656 0.503326
v 0.806203 0.277823 0.566550
v 0.810000 0.272943 0.564529
v 0.806203 0.257978 0.631968
v 0.810000 0.252798 0.630937
v 0.806203 0.251278 0.700000
v 0.810000 0.245996 0.700000
v 0.806203 0.257978 0.768033
v 0.810000 0.252798 0.769063
v 0.806203 0.277823 0.833450
v 0.810000 0.272943 0.835472
v 0.806203 0.310048 0.893740
v 0.810000 0.305656 0.896674
v 0.806203 0.353416 0.946584
v 0.810000 0.349681 0.950319
v 0.806203 0.406260 0.989952
v 0.810000 0.403326 0.994344
v 0.806202 0.466550 1.022178
v 0.810000 0.464529 1.027058
v 0.806202 0.531968 1.042022
v 0.810000 0.530937 1.047202
v 0.806202 0.600000 1.048723
v 0.810000 0.600000 1.054005
v 0.806202 0.668033 1.042022
v 0.810000 0.669063 1.047202
v 0.806202 0.733451 1.022178
v 0.810000 0.735472 1.027058
v 0.806202 0.793740 0.989952
v 0.810000 0.796675 0.994344
v 0.806202 0.846584 0.946584
v 0.810000 0.850319 0.950319
v 0.806202 0.889952 0.893740
v 0.810000 0.894344 0.896674
v 0.806202 0.922178 0.833450
v 0.810000 0.927058 0.835472
v 0.806202 0.942022 0.768033
v 0.810000 0.947203 0.769063
v 0.806202 0.948723 0.700000
v 0.810000 0.954005 0.700000
v 0.806202 0.942022 0.631968
v 0.810000 0.947203 0.630937
v 0.806202 0.922178 0.566550
v 0.810000 0.927058 0.564529
v 0.806202 0.889952 0.506260
v 0.810000 0.894344 0.503326
v 0.806202 0.846584 0.453416
v 0.810000 0.850319 0.449681
v 0.806202 0.793740 0.410048
v 0.810000 0.796675 0.405656
v 0.806202 0.733451 0.377823
v 0.810000 0.735472 0.372943
v 0.806202 0.668033 0.357978
v 0.810000 0.669063 0.352798
v 0.701870 0.518756 0.291555
v 0.696000 0.518062 0.288070
v 0.696000 0.600000 0.280000
v 0.701870 0.600000 0.283553
v 0.701870 0.440633 0.315253
v 0.696000 0.439273 0.311971
v 0.701870 0.368635 0.353737
v 0.696000 0.366661 0.350783
v 0.701870 0.305528 0.405528
v 0.696000 0.303016 0.403015
v 0.701870 0.253737 0.468635
v 0.696000 0.250783 0.466661
v 0.701870 0.215254 0.540633
v 0.696000 0.211971 0.539273
v 0.701870 0.191555 0.618755
v 0.696000 0.188071 0.618062
v 0.701870 0.183554 0.700000
v 0.696000 0.180000 0.700000
v 0.701870 0.191555 0.781245
v 0.696000 0.188071 0.781938
v 0.701870 0.215254 0.859367
v 0.696000 0.211971 0.860727
v 0.701870 0.253737 0.931366
v 0.696000 0.250783 0.933340
v 0.701870 0.305528 0.994473
v 0.696000 0.303016 0.996985
v 0.701870 0.368635 1.046263
v 0.696000 0.366661 1.049217
v 0.701870 0.440633 1.084747
v 0.696000 0.439273 1.088030
v 0.701870 0.518756 1.108445
v 0.696000 0.518062 1.111930
v 0.701870 0.600000 1.116447
v 0.696000 0.600000 1.120000
v 0.701870 0.681245 1.108445
v 0.696000 0.681938 1.111930
v 0.701870 0.759368 1.084747
v 0.696000 0.760727 1.088030
v 0.701870 0.831366 1.046263
v 0.696000 0.833340 1.049217
v 0.701870 0.894473 0.994473
v 0.696000 0.896985 0.996985
v 0.701870 0.946263 0.931366
v 0.696000 0.949218 0.933340
v 0.701870 0.984747 0.859367
v 0.696000 0.988030 0.860727
v 0.701870 1.008445 0.781245
v 0.696000 1.011930 0.781938
v 0.701870 1.016447 0.700000
v 0.696000 1.020000 0.700000
v 0.701870 1.008445 0.618755
v 0.696000 1.011930 0.618062
v 0.701870 0.984747 0.540633
v 0.696000 0.988030 0.539273
v 0.701870 0.946263 0.468635
v 0.696000 0.949218 0.466661
v 0.701870 0.894473 0.405528
v 0.696000 0.896985 0.403015
v 0.701870 0.831366 0.353737
v 0.696000 0.833340 0.350783
v 0.701870 0.759368 0.315253
v 0.696000 0.760727 0.311971
v 0.701870 0.681245 0.291555
v 0.696000 0.681938 0.288070
vn -0.0599 -0.0000 -0.9982
vn -0.0599 -0.1947 -0.9790
vn -0.0599 -0.3820 -0.9222
vn -0.0599 -0.5546 -0.8300
vn -0.0599 -0.7058 -0.7058
vn -0.0599 -0.8300 -0.5546
vn -0.0599 -0.9222 -0.3820
vn -0.0599 -0.9790 -0.1947
vn -0.0599 -0.9982 -0.0000
vn -0.0599 -0.9790 0.1947
vn -0.0599 -0.9222 0.3820
vn -0.0599 -0.8300 0.5546
vn -0.0599 -0.7058 0.7058
vn -0.0599 -0.5546 0.8300
vn -0.0599 -0.3820 0.9222
vn -0.0599 -0.1947 0.9790
vn -0.0599 -0.0000 0.9982
vn -0.0599 0.1947 0.9790
vn -0.0599 0.3820 0.9222
vn -0.0599 0.5546 0.8300
vn -0.0599 0.7058 0.7058
vn -0.0599 0.8300 0.5546
vn -0.0599 0.9222 0.3820
vn -0.0599 0.9790 0.1947
vn -0.0599 0.9982 -0.0000
vn -0.0599 0.9790 -0.1947
vn -0.0599 0.9222 -0.3820
vn -0.0599 0.8300 -0.5546
vn -0.0599 0.7058 -0.7058
vn -0.0599 0.5546 -0.8300
vn -0.0599 0.3820 -0.9222
vn -0.0000 -0.9808 -0.1951
vn -0.0000 -1.0000 -0.0000
vn -0.0599 0.1947 -0.9790
vn -0.3155 -0.8767 -0.3631
vn -0.3155 -0.7890 -0.5272
vn -0.0000 -0.8315 -0.5556
vn -0.0000 -0.9239 -0.3827
vn -0.0000 -0.0000 1.0000
vn -0.0000 0.1951 0.9808
vn -0.0000 0.9808 -0.1951
vn -0.0000 0.9239 -0.3827
vn -0.0000 -0.5556 -0.8315
vn -0.0000 -0.7071 -0.7071
vn -0.0000 -0.7071 0.7071
vn -0.0000 -0.5556 0.8315
vn -0.0000 0.8315 0.5556
vn -0.0000 0.9239 0.3827
vn -0.0000 0.3827 -0.9239
vn -0.0000 0.1951 -0.9808
vn -0.0000 -0.9808 0.1951
vn -0.0000 0.3827 0.9239
vn -0.0000 0.8315 -0.5556
vn -0.8849 -0.3293 -0.3293
vn -0.8849 -0.3873 -0.2588
vn -0.0000 -0.3827 0.9239
vn -0.0000 0.9808 0.1951
vn 0.3155 -0.0000 0.9489
vn 0.3155 0.1851 0.9307
vn -0.0000 -0.9239 0.3827
vn -0.0000 0.5556 0.8315
vn -0.0000 0.7071 -0.7071
vn -0.0000 -0.1951 0.9808
vn -0.0000 1.0000 -0.0000
vn -0.0000 -0.1951 -0.9808
vn -0.0000 -0.3827 -0.9239
vn -0.0000 -0.8315 0.5556
vn -0.0000 0.7071 0.7071
vn -0.0000 0.5556 -0.8315
vn -0.8849 -0.0909 -0.4568
vn -0.8849 -0.0000 -0.4657
vn 0.5057 -0.7173 -0.4793
vn 0.5057 -0.7971 -0.3302
vn -0.8849 0.0909 -0.4568
vn -0.8849 0.1782 0.4303
vn -0.8849 0.2588 0.3873
vn -0.8849 -0.4303 -0.1782
vn -0.8849 0.3293 0.3293
vn -0.8849 -0.4568 -0.0909
vn -0.8849 0.3873 0.2588
vn -0.8849 -0.4657 -0.0000
vn -0.8849 0.4303 0.1782
vn -0.8849 -0.4568 0.0909
vn -0.8849 0.4568 0.0909
vn -0.8849 -0.4303 0.1782
vn -0.8849 0.4657 -0.0000
vn -0.8849 -0.3873 0.2588
vn -0.8849 0.4568 -0.0909
vn -0.8849 -0.3293 0.3293
vn -0.8849 0.4303 -0.1782
vn -0.8849 -0.2588 0.3873
vn -0.8849 0.3873 -0.2588
vn -0.8849 -0.1782 0.4303
vn -0.8849 -0.1782 -0.4303
vn -0.8849 0.3293 -0.3293
vn -0.8849 -0.0909 0.4568
vn -0.0000 -0.0000 -1.0000
vn -0.8849 0.2588 -0.3873
vn -0.8849 -0.0000 0.4657
vn -0.8849 -0.2588 -0.3873
vn -0.8849 0.1782 -0.4303
vn -0.8849 0.0909 0.4568
vn -0.3155 -0.0000 0.9489
vn -0.3155 -0.1851 0.9307
vn -0.3155 0.5272 0.7890
vn -0.3155 0.3631 0.8767
vn -0.3155 0.6710 0.6710
vn -0.3155 0.7890 0.5272
vn -0.3155 0.8767 0.3631
vn -0.3155 0.9307 0.1851
vn -0.3155 0.9489 -0.0000
vn -0.3155 0.9307 -0.1851
vn -0.3155 0.8767 -0.3631
vn -0.3155 0.7890 -0.5272
vn -0.3155 0.6710 -0.6710
vn -0.3155 0.5272 -0.7890
vn -0.3155 0.3631 -0.8767
vn -0.3155 0.1851 -0.9307
vn -0.3155 -0.0000 -0.9489
vn -0.3155 -0.1851 -0.9307
vn -0.3155 -0.3631 -0.8767
vn -0.3155 -0.5272 -0.7890
vn -0.3155 -0.6710 -0.6710
vn -1.0000 -0.0000 -0.0000
vn -0.3155 -0.9307 -0.1851
vn -0.3155 -0.9489 -0.0000
vn -0.3155 -0.9307 0.1851
vn -0.3155 -0.8767 0.3631
vn -0.3155 -0.7890 0.5272
vn -0.3155 -0.6710 0.6710
vn -0.3155 -0.5272 0.7890
vn -0.3155 -0.3631 0.8767
vn -0.3155 0.1851 0.9307
vn -0.9974 -0.0713 -0.0055
vn -0.9974 -0.0000 0.0715
vn -0.9974 0.0139 0.0701
vn -0.9974 0.0274 0.0660
vn -0.9974 0.0397 0.0594
vn -0.9974 0.0505 0.0505
vn -0.9974 0.0594 0.0397
vn -0.9974 0.0660 0.0274
vn -0.9974 0.0701 0.0139
vn -0.9974 0.0715 -0.0000
vn -0.9974 0.0701 -0.0139
vn -0.9974 0.0660 -0.0274
vn -0.9974 0.0594 -0.0397
vn -0.9974 0.0505 -0.0505
vn -0.9974 0.0397 -0.0594
vn -0.9974 0.0274 -0.0660
vn -0.9974 0.0139 -0.0701
vn -0.9974 -0.0000 -0.0715
vn -0.9974 -0.0139 -0.0701
vn -0.9974 -0.0274 -0.0660
vn -0.9974 -0.0397 -0.0594
vn -0.9974 -0.0505 -0.0505
vn -0.9974 -0.0594 -0.0397
vn -0.9974 -0.0660 -0.0274
vn -0.9974 -0.0701 -0.0139
vn -0.9974 -0.0715 -0.0000
vn -0.9974 -0.0701 0.0139
vn -0.9974 -0.0660 0.0274
vn -0.9974 -0.0594 0.0397
vn -0.9974 -0.0505 0.0505
vn -0.9974 -0.0397 0.0594
vn -0.9974 -0.0274 0.0660
vn -0.9974 -0.0139 0.0701
vn -0.4256 0.6399 -0.6399
vn -0.4256 0.3463 -0.8360
vn -0.4256 -0.6399 0.6399
vn -0.4256 -0.3463 0.8360
vn -0.4256 0.8360 -0.3463
vn -0.4256 -0.8360 0.3463
vn -0.4256 0.9049 -0.0000
vn -0.4256 -0.9049 -0.0000
vn -0.4256 0.8360 0.3463
vn -0.4256 -0.8360 -0.3463
vn -0.4256 0.6399 0.6399
vn -0.4256 -0.6399 -0.6399
vn -0.4256 0.3463 0.8360
vn -0.4256 -0.3463 -0.8360
vn -0.4256 -0.0000 0.9049
vn -0.4256 -0.0000 -0.9049
vn 1.0000 -0.0000 -0.0000
vn 0.5057 0.8627 -0.0000
vn 0.5057 0.8462 -0.1683
vn 0.5057 -0.8462 -0.1683
vn 0.5057 0.7971 -0.3302
vn 0.5057 0.7971 -0.3301
vn 0.5057 -0.8627 -0.0000
vn 0.5057 0.7173 -0.4793
vn 0.5057 -0.8462 0.1683
vn 0.5057 0.6100 -0.6100
vn 0.5057 -0.7971 0.3302
vn 0.5057 0.4793 -0.7173
vn 0.5057 -0.7173 0.4793
vn 0.5057 0.3302 -0.7971
vn 0.5057 -0.0000 0.8627
vn 0.5057 0.1683 0.8462
vn 0.5057 -0.6100 0.6100
vn 0.5057 0.1683 -0.8462
vn 0.5057 0.3302 0.7971
vn 0.5057 -0.4793 0.7173
vn 0.5057 -0.0000 -0.8627
vn 0.5057 0.4793 0.7173
vn 0.5057 -0.3302 0.7971
vn 0.5057 -0.1683 -0.8462
vn 0.5057 0.6100 0.6100
vn 0.5057 -0.1683 0.8462
vn 0.5057 -0.3302 -0.7971
vn 0.5057 0.7173 0.4793
vn 0.5057 -0.4793 -0.7173
vn 0.5057 0.7971 0.3302
vn 0.5057 -0.6100 -0.6100
vn 0.5057 0.8462 0.1683
vn 0.0726 -0.0000 -0.9974
vn 0.0726 -0.1946 -0.9782
vn 0.0726 -0.3817 -0.9214
vn 0.0726 -0.5541 -0.8293
vn 0.0726 -0.7052 -0.7052
vn 0.0726 -0.8293 -0.5541
vn 0.0726 -0.9214 -0.3817
vn 0.0726 -0.9782 -0.1946
vn 0.0726 -0.9974 -0.0000
vn 0.0726 -0.9782 0.1946
vn 0.0726 -0.9214 0.3817
vn 0.0726 -0.8293 0.5541
vn 0.0726 -0.7052 0.7052
vn 0.0726 -0.5541 0.8293
vn 0.0726 -0.3817 0.9214
vn 0.0726 -0.1946 0.9782
vn 0.0726 -0.0000 0.9974
vn 0.0726 0.1946 0.9782
vn 0.0726 0.3817 0.9214
vn 0.0726 0.5541 0.8293
vn 0.0726 0.7052 0.7052
vn 0.0726 0.8293 0.5541
vn 0.0726 0.9214 0.3817
vn 0.0726 0.9782 0.1946
vn 0.0726 0.9974 -0.0000
vn 0.0726 0.9782 -0.1946
vn 0.0726 0.9214 -0.3817
vn 0.0726 0.8293 -0.5541
vn 0.0726 0.7052 -0.7052
vn 0.0726 0.5541 -0.8293
vn 0.0726 0.3817 -0.9214
vn 0.0726 0.1946 -0.9782
vn -0.6364 -0.0000 0.7714
vn -0.6364 0.2952 0.7127
vn -0.6364 -0.7127 -0.2952
vn -0.6364 -0.7714 -0.0000
vn -0.6364 0.2952 -0.7127
vn -0.6364 -0.0000 -0.7714
vn -0.6364 0.5454 0.5454
vn -0.6364 0.7127 0.2952
vn -0.6364 -0.7127 0.2952
vn -0.6364 -0.5454 0.5454
vn -0.6364 0.7714 -0.0000
vn -0.6364 0.7127 -0.2952
vn -0.6364 -0.2952 -0.7127
vn -0.6364 -0.2952 0.7127
vn -0.6364 -0.5454 -0.5454
vn -0.6364 0.5454 -0.5454
vn 0.0599 -0.0000 -0.9982
vn 0.0599 -0.1947 -0.9790
vn 0.0599 -0.3820 -0.9222
vn 0.0599 -0.5546 -0.8300
vn 0.0599 -0.7058 -0.7058
vn 0.0599 -0.8300 -0.5546
vn 0.0599 -0.9222 -0.3820
vn 0.0599 -0.9790 -0.1947
vn 0.0599 -0.9982 -0.0000
vn 0.0599 -0.9790 0.1947
vn 0.0599 -0.9222 0.3820
vn 0.0599 -0.8300 0.5546
vn 0.0599 -0.7058 0.7058
vn 0.0599 -0.5546 0.8300
vn 0.0599 -0.3820 0.9222
vn 0.0599 -0.1947 0.9790
vn 0.0599 -0.0000 0.9982
vn 0.0599 0.1947 0.9790
vn 0.0599 0.3820 0.9222
vn 0.0599 0.5546 0.8300
vn 0.0599 0.7058 0.7058
vn 0.0599 0.8300 0.5546
vn 0.0599 0.9222 0.3820
vn 0.0599 0.9790 0.1947
vn 0.0599 0.9982 -0.0000
vn 0.0599 0.9790 -0.1947
vn 0.0599 0.9222 -0.3820
vn 0.0599 0.8300 -0.5546
vn 0.0599 0.7058 -0.7058
vn 0.0599 0.5546 -0.8300
vn 0.0599 0.3820 -0.9222
vn 0.0599 0.1947 -0.9790
vn 0.3155 -0.7890 -0.5272
vn 0.3155 -0.8767 -0.3631
vn 0.8849 -0.3873 -0.2588
vn 0.8849 -0.3293 -0.3293
vn -0.5057 -0.7971 -0.3302
vn -0.5057 -0.7173 -0.4793
vn 0.8849 -0.0000 -0.4657
vn 0.8849 0.0909 -0.4568
vn 0.8849 0.2588 0.3873
vn 0.8849 0.1782 0.4303
vn 0.8849 -0.4303 -0.1782
vn 0.8849 0.3293 0.3293
vn 0.8849 -0.4568 -0.0909
vn 0.8849 0.3873 0.2588
vn 0.8849 -0.4657 -0.0000
vn 0.8849 0.4303 0.1782
vn 0.8849 -0.4568 0.0909
vn 0.8849 0.4568 0.0909
vn 0.8849 -0.4303 0.1782
vn 0.8849 0.4657 -0.0000
vn 0.8849 -0.3873 0.2588
vn 0.8849 0.4568 -0.0909
vn 0.8849 -0.3293 0.3293
vn 0.8849 0.4303 -0.1782
vn 0.8849 -0.2588 0.3873
vn 0.8849 0.3873 -0.2588
vn 0.8849 -0.1782 0.4303
vn 0.8849 -0.0909 -0.4568
vn 0.8849 0.3293 -0.3293
vn 0.8849 -0.0909 0.4568
vn 0.8849 -0.1782 -0.4303
vn 0.8849 0.2588 -0.3873
vn 0.8849 -0.0000 0.4657
vn 0.8849 -0.2588 -0.3873
vn 0.8849 0.1782 -0.4303
vn 0.8849 0.0909 0.4568
vn 0.3155 -0.1851 0.9307
vn 0.3155 0.3631 0.8767
vn 0.3155 0.5272 0.7890
vn 0.3155 0.6710 0.6710
vn 0.3155 0.7890 0.5272
vn 0.3155 0.8767 0.3631
vn 0.3155 0.9307 0.1851
vn 0.3155 0.9489 -0.0000
vn 0.3155 0.9307 -0.1851
vn 0.3155 0.8767 -0.3631
vn 0.3155 0.7890 -0.5272
vn 0.3155 0.6710 -0.6710
vn 0.3155 0.5272 -0.7890
vn 0.3155 0.3631 -0.8767
vn 0.3155 0.1851 -0.9307
vn 0.3155 -0.0000 -0.9489
vn 0.3155 -0.1851 -0.9307
vn 0.3155 -0.3631 -0.8767
vn 0.3155 -0.5272 -0.7890
vn 0.3155 -0.6710 -0.6710
vn 0.3155 -0.9307 -0.1851
vn 0.3155 -0.9489 -0.0000
vn 0.3155 -0.9307 0.1851
vn 0.3155 -0.8767 0.3631
vn 0.3155 -0.7890 0.5272
vn 0.3155 -0.6710 0.6710
vn 0.3155 -0.5272 0.7890
vn 0.3155 -0.3631 0.8767
vn 0.9974 -0.0713 -0.0055
vn 0.9974 0.0139 0.0701
vn 0.9974 -0.0000 0.0715
vn 0.9974 0.0274 0.0660
vn 0.9974 0.0397 0.0594
vn 0.9974 0.0505 0.0505
vn 0.9974 0.0594 0.0397
vn 0.9974 0.0660 0.0274
vn 0.9974 0.0701 0.0139
vn 0.9974 0.0715 -0.0000
vn 0.9974 0.0701 -0.0139
vn 0.9974 0.0660 -0.0274
vn 0.9974 0.0594 -0.0397
vn 0.9974 0.0505 -0.0505
vn 0.9974 0.0397 -0.0594
vn 0.9974 0.0274 -0.0660
vn 0.9974 0.0139 -0.0701
vn 0.9974 -0.0000 -0.0715
vn 0.9974 -0.0139 -0.0701
vn 0.9974 -0.0274 -0.0660
vn 0.9974 -0.0397 -0.0594
vn 0.9974 -0.0505 -0.0505
vn 0.9974 -0.0594 -0.0397
vn 0.9974 -0.0660 -0.0274
vn 0.9974 -0.0701 -0.0139
vn 0.9974 -0.0715 -0.0000
vn 0.9974 -0.0701 0.0139
vn 0.9974 -0.0660 0.0274
vn 0.9974 -0.0594 0.0397
vn 0.9974 -0.0505 0.0505
vn 0.9974 -0.0397 0.0594
vn 0.9974 -0.0274 0.0660
vn 0.9974 -0.0139 0.0701
vn 0.4256 0.3463 -0.8360
vn 0.4256 0.6399 -0.6399
vn 0.4256 -0.3463 0.8360
vn 0.4256 -0.6399 0.6399
vn 0.4256 0.8360 -0.3463
vn 0.4256 -0.8360 0.3463
vn 0.4256 0.9049 -0.0000
vn 0.4256 -0.9049 -0.0000
vn 0.4256 0.8360 0.3463
vn 0.4256 -0.8360 -0.3463
vn 0.4256 0.6399 0.6399
vn 0.4256 -0.6399 -0.6399
vn 0.4256 0.3463 0.8360
vn 0.4256 -0.3463 -0.8360
vn 0.4256 -0.0000 0.9049
vn 0.4256 -0.0000 -0.9049
vn -0.5057 0.8462 -0.1683
vn -0.5057 0.8627 -0.0000
vn -0.5057 -0.8462 -0.1683
vn -0.5057 0.7971 -0.3302
vn -0.5057 -0.8627 -0.0000
vn -0.5057 0.7173 -0.4793
vn -0.5057 -0.8462 0.1683
vn -0.5057 0.6100 -0.6100
vn -0.5057 -0.7971 0.3302
vn -0.5057 0.4793 -0.7173
vn -0.5057 -0.7173 0.4793
vn -0.5057 0.3302 -0.7971
vn -0.5057 0.1683 0.8462
vn -0.5057 -0.0000 0.8627
vn -0.5057 -0.6100 0.6100
vn -0.5057 0.1683 -0.8462
vn -0.5057 0.3302 0.7971
vn -0.5057 -0.4793 0.7173
vn -0.5057 -0.0000 -0.8627
vn -0.5057 0.4793 0.7173
vn -0.5057 -0.3302 0.7971
vn -0.5057 -0.1683 -0.8462
vn -0.5057 0.6100 0.6100
vn -0.5057 -0.1683 0.8462
vn -0.5057 -0.3302 -0.7971
vn -0.5057 -0.3301 -0.7971
vn -0.5057 0.7173 0.4793
vn -0.5057 -0.4793 -0.7173
vn -0.5057 0.7971 0.3302
vn -0.5057 -0.6100 -0.6100
vn -0.5057 0.8462 0.1683
vn -0.0726 -0.0000 -0.9974
vn -0.0726 -0.1946 -0.9782
vn -0.0726 -0.3817 -0.9214
vn -0.0726 -0.5541 -0.8293
vn -0.0726 -0.7052 -0.7052
vn -0.0726 -0.8293 -0.5541
vn -0.0726 -0.9214 -0.3817
vn -0.0726 -0.9782 -0.1946
vn -0.0726 -0.9974 -0.0000
vn -0.0726 -0.9782 0.1946
vn -0.0726 -0.9214 0.3817
vn -0.0726 -0.8293 0.5541
vn -0.0726 -0.7052 0.7052
vn -0.0726 -0.5541 0.8293
vn -0.0726 -0.3817 0.9214
vn -0.0726 -0.1946 0.9782
vn -0.0726 -0.0000 0.9974
vn -0.0726 0.1946 0.9782
vn -0.0726 0.3817 0.9214
vn -0.0726 0.5541 0.8293
vn -0.0726 0.7052 0.7052
vn -0.0726 0.8293 0.5541
vn -0.0726 0.9214 0.3817
vn -0.0726 0.9782 0.1946
vn -0.0726 0.9974 -0.0000
vn -0.0726 0.9782 -0.1946
vn -0.0726 0.9214 -0.3817
vn -0.0726 0.8293 -0.5541
vn -0.0726 0.7052 -0.7052
vn -0.0726 0.5541 -0.8293
vn -0.0726 0.3817 -0.9214
vn -0.0726 0.1946 -0.9782
vn 0.6364 0.2952 0.7127
vn 0.6364 -0.0000 0.7714
vn 0.6364 -0.7714 -0.0000
vn 0.6364 -0.7127 -0.2952
vn 0.6364 -0.0000 -0.7714
vn 0.6364 0.2952 -0.7127
vn 0.6364 0.7127 0.2952
vn 0.6364 0.5454 0.5454
vn 0.6364 -0.5454 0.5454
vn 0.6364 -0.7127 0.2952
vn 0.6364 0.7127 -0.2952
vn 0.6364 0.7714 -0.0000
vn 0.6364 -0.2952 -0.7127
vn 0.6364 -0.2952 0.7127
vn 0.6364 -0.5454 -0.5454
vn 0.6364 0.5454 -0.5454
vn -0.5178 -0.0000 -0.8555
vn -0.5178 -0.1669 -0.8391
vn -0.5178 -0.3274 -0.7904
vn -0.5178 -0.4753 -0.7113
vn -0.5178 -0.6049 -0.6049
vn -0.5178 -0.7113 -0.4753
vn -0.5178 -0.7904 -0.3274
vn -0.5178 -0.8391 -0.1669
vn -0.5178 -0.8555 -0.0000
vn -0.5178 -0.8391 0.1669
vn -0.5178 -0.7904 0.3274
vn -0.5178 -0.7113 0.4753
vn -0.5178 -0.6049 0.6049
vn -0.5178 -0.4753 0.7113
vn -0.5178 -0.3274 0.7904
vn -0.5178 -0.1669 0.8391
vn -0.5178 -0.0000 0.8555
vn -0.5178 0.1669 0.8391
vn -0.5178 0.3274 0.7904
vn -0.5178 0.4753 0.7113
vn -0.5178 0.6049 0.6049
vn -0.5178 0.7113 0.4753
vn -0.5178 0.7904 0.3274
vn -0.5178 0.8391 0.1669
vn -0.5178 0.8555 -0.0000
vn -0.5178 0.8391 -0.1669
vn -0.5178 0.7904 -0.3274
vn -0.5178 0.7113 -0.4753
vn -0.5178 0.6049 -0.6049
vn -0.5178 0.4753 -0.7113
vn -0.5178 0.3274 -0.7904
vn -0.5178 0.1669 -0.8391
vn -0.8119 0.1139 0.5725
vn -0.8119 -0.0000 0.5837
vn -0.8119 0.2234 0.5393
vn -0.8119 0.3243 0.4854
vn -0.8119 0.4128 0.4128
vn -0.8119 0.4854 0.3243
vn -0.8119 0.5393 0.2234
vn -0.8119 0.5725 0.1139
vn -0.8119 0.5838 -0.0000
vn -0.8119 0.5725 -0.1139
vn -0.8119 0.5393 -0.2234
vn -0.8119 0.4854 -0.3243
vn -0.8119 0.4128 -0.4128
vn -0.8119 0.3243 -0.4854
vn -0.8119 0.2234 -0.5393
vn -0.8119 0.1139 -0.5725
vn -0.8119 -0.0000 -0.5838
vn -0.8119 -0.1139 -0.5725
vn -0.8119 -0.2234 -0.5393
vn -0.8119 -0.3243 -0.4854
vn -0.8119 -0.4128 -0.4128
vn -0.8119 -0.4854 -0.3243
vn -0.8119 -0.5393 -0.2234
vn -0.8119 -0.5725 -0.1139
vn -0.8119 -0.5838 -0.0000
vn -0.8119 -0.5725 0.1139
vn -0.8119 -0.5393 0.2234
vn -0.8119 -0.4854 0.3243
vn -0.8119 -0.4128 0.4128
vn -0.8119 -0.3243 0.4854
vn -0.8119 -0.2234 0.5393
vn -0.8119 -0.1139 0.5725
vn 0.5178 -0.0000 -0.8555
vn 0.5178 -0.1669 -0.8391
vn 0.5178 -0.3274 -0.7904
vn 0.5178 -0.4753 -0.7113
vn 0.5178 -0.6049 -0.6049
vn 0.5178 -0.7113 -0.4753
vn 0.5178 -0.7904 -0.3274
vn 0.5178 -0.8391 -0.1669
vn 0.5178 -0.8555 -0.0000
vn 0.5178 -0.8391 0.1669
vn 0.5178 -0.7904 0.3274
vn 0.5178 -0.7113 0.4753
vn 0.5178 -0.6049 0.6049
vn 0.5178 -0.4753 0.7113
vn 0.5178 -0.3274 0.7904
vn 0.5178 -0.1669 0.8391
vn 0.5178 -0.0000 0.8555
vn 0.5178 0.1669 0.8391
vn 0.5178 0.3274 0.7904
vn 0.5178 0.4753 0.7113
vn 0.5178 0.6049 0.6049
vn 0.5178 0.7113 0.4753
vn 0.5178 0.7904 0.3274
vn 0.5178 0.8391 0.1669
vn 0.5178 0.8555 -0.0000
vn 0.5178 0.8391 -0.1669
vn 0.5178 0.7904 -0.3274
vn 0.5178 0.7113 -0.4753
vn 0.5178 0.6049 -0.6049
vn 0.5178 0.4753 -0.7113
vn 0.5178 0.3274 -0.7904
vn 0.5178 0.1669 -0.8391
vn 0.8119 0.1139 0.5725
vn 0.8119 -0.0000 0.5837
vn 0.8119 0.2234 0.5393
vn 0.8119 0.3243 0.4854
vn 0.8119 0.4128 0.4128
vn 0.8119 0.4854 0.3243
vn 0.8119 0.5393 0.2234
vn 0.8119 0.5725 0.1139
vn 0.8119 0.5837 -0.0000
vn 0.8119 0.5725 -0.1139
vn 0.8119 0.5393 -0.2234
vn 0.8119 0.4854 -0.3243
vn 0.8119 0.4128 -0.4128
vn 0.8119 0.3243 -0.4854
vn 0.8119 0.2234 -0.5393
vn 0.8119 0.1139 -0.5725
vn 0.8119 -0.0000 -0.5838
vn 0.8119 -0.1139 -0.5725
vn 0.8119 -0.2234 -0.5393
vn 0.8119 -0.3243 -0.4854
vn 0.8119 -0.4128 -0.4128
vn 0.8119 -0.4854 -0.3243
vn 0.8119 -0.5393 -0.2234
vn 0.8119 -0.5725 -0.1139
vn 0.8119 -0.5838 -0.0000
vn 0.8119 -0.5725 0.1139
vn 0.8119 -0.5393 0.2234
vn 0.8119 -0.4854 0.3243
vn 0.8119 -0.4128 0.4128
vn 0.8119 -0.3243 0.4854
vn 0.8119 -0.2234 0.5393
vn 0.8119 -0.1139 0.5725
vt 0.107149 0.387996
vt 0.034197 0.351654
vt 0.098593 0.344741
vt 0.033661 0.294760
vt 0.098929 0.300562
vt 0.044439 0.238902
vt 0.107466 0.257339
vt 0.065925 0.185511
vt 0.124496 0.216214
vt 0.097889 0.136826
vt 0.149680 0.179234
vt 0.139571 0.095074
vt 0.182213 0.148287
vt 0.189554 0.062619
vt 0.220277 0.124144
vt 0.262314 0.108080
vt 0.245539 0.042415
vt 0.306540 0.101126
vt 0.303626 0.034409
vt 0.350949 0.102660
vt 0.361205 0.038023
vt 0.393607 0.113543
vt 0.416136 0.052532
vt 0.433142 0.131839
vt 0.466745 0.076719
vt 0.468586 0.157317
vt 0.511601 0.110123
vt 0.497806 0.189804
vt 0.549308 0.151766
vt 0.520356 0.227125
vt 0.578589 0.199528
vt 0.535570 0.268072
vt 0.597709 0.252172
vt 0.542597 0.311306
vt 0.607105 0.307408
vt 0.542048 0.355113
vt 0.605534 0.363392
vt 0.532452 0.397835
vt 0.593179 0.418233
vt 0.515123 0.437817
vt 0.569982 0.469505
vt 0.489948 0.472942
vt 0.537442 0.514853
vt 0.459178 0.502614
vt 0.497271 0.552333
vt 0.423159 0.525509
vt 0.450730 0.580828
vt 0.383180 0.541299
vt 0.346147 0.610653
vt 0.340686 0.548880
vt 0.290844 0.610666
vt 0.297446 0.547830
vt 0.236293 0.599621
vt 0.255100 0.538507
vt 0.184615 0.578006
vt 0.214885 0.521666
vt 0.137943 0.546496
vt 0.178801 0.496817
vt 0.098230 0.506419
vt 0.148034 0.465496
vt 0.180704 0.044845
vt 0.237845 0.011201
vt 0.240897 0.023516
vt 0.066916 0.459585
vt 0.123754 0.428785
vt 0.045341 0.407426
vt 0.442282 0.481112
vt 0.458224 0.445697
vt 0.469522 0.455401
vt 0.082907 0.124725
vt 0.119103 0.070084
vt 0.127226 0.079917
vt 0.615707 0.247399
vt 0.636992 0.305278
vt 0.625106 0.306156
vt 0.347901 0.628848
vt 0.287924 0.640553
vt 0.289025 0.628772
vt 0.026442 0.233676
vt 0.038056 0.171156
vt 0.049066 0.176771
vt 0.476055 0.061288
vt 0.531813 0.087569
vt 0.523879 0.096481
vt 0.551032 0.526898
vt 0.515064 0.575612
vt 0.507969 0.566363
vt 0.083930 0.518073
vt 0.040371 0.473888
vt 0.050920 0.468162
vt 0.302497 0.002902
vt 0.302957 0.015321
vt 0.635643 0.367002
vt 0.623768 0.365617
vt 0.227515 0.628542
vt 0.230927 0.617128
vt 0.087704 0.128577
vt 0.523879 0.096481
vt 0.573782 0.133367
vt 0.564252 0.140569
vt 0.463974 0.607372
vt 0.458785 0.597035
vt 0.133838 0.379951
vt 0.141809 0.340580
vt 0.126241 0.342051
vt 0.302957 0.015321
vt 0.366186 0.007468
vt 0.364239 0.019508
vt 0.622139 0.427768
vt 0.610711 0.424041
vt 0.170257 0.604790
vt 0.175875 0.594208
vt 0.049066 0.176771
vt 0.073090 0.116909
vt 0.082907 0.124725
vt 0.605583 0.186444
vt 0.594861 0.191675
vt 0.408007 0.628517
vt 0.404755 0.617390
vt 0.015367 0.353610
vt 0.003321 0.292062
vt 0.015395 0.293104
vt 0.015395 0.293104
vt 0.014714 0.230352
vt 0.364239 0.019508
vt 0.426697 0.023949
vt 0.422555 0.035211
vt 0.610711 0.424041
vt 0.596560 0.484803
vt 0.586165 0.478850
vt 0.118551 0.570018
vt 0.126161 0.560719
vt 0.174927 0.033392
vt 0.180704 0.044845
vt 0.627201 0.244291
vt 0.615707 0.247399
vt 0.349109 0.640479
vt 0.347901 0.628848
vt 0.033262 0.411147
vt 0.021337 0.352978
vt 0.482169 0.051069
vt 0.559883 0.534715
vt 0.074665 0.525699
vt 0.083930 0.518073
vt 0.281102 0.189550
vt 0.259716 0.208319
vt 0.255315 0.200019
vt 0.605109 0.422198
vt 0.131185 0.084750
vt 0.581026 0.475893
vt 0.131185 0.084750
vt 0.183534 0.050497
vt 0.546691 0.523056
vt 0.242385 0.029553
vt 0.504526 0.561859
vt 0.303175 0.021415
vt 0.456224 0.591903
vt 0.363276 0.025417
vt 0.403186 0.611961
vt 0.399901 0.600452
vt 0.420513 0.040739
vt 0.347327 0.623082
vt 0.420513 0.040739
vt 0.473072 0.066251
vt 0.289589 0.622991
vt 0.519970 0.100844
vt 0.232624 0.611534
vt 0.519970 0.100844
vt 0.559520 0.144127
vt 0.021264 0.293626
vt 0.178651 0.589028
vt 0.589639 0.194206
vt 0.050920 0.468162
vt 0.016094 0.416550
vt 0.027606 0.412913
vt 0.129911 0.556170
vt 0.589639 0.194206
vt 0.610005 0.248923
vt 0.032191 0.235329
vt 0.088487 0.514343
vt 0.619324 0.306568
vt 0.054456 0.179547
vt 0.056055 0.465395
vt 0.617945 0.364919
vt 0.133838 0.379951
vt 0.162108 0.408427
vt 0.148298 0.415747
vt 0.134195 0.265591
vt 0.141630 0.304869
vt 0.126372 0.303315
vt 0.149206 0.229743
vt 0.148519 0.270057
vt 0.134195 0.265591
vt 0.171547 0.197763
vt 0.162976 0.237305
vt 0.149206 0.229743
vt 0.199605 0.170534
vt 0.183079 0.207566
vt 0.171547 0.197763
vt 0.233010 0.149534
vt 0.209208 0.182821
vt 0.199605 0.170534
vt 0.269743 0.135489
vt 0.240123 0.163696
vt 0.233010 0.149534
vt 0.308265 0.129026
vt 0.273809 0.150524
vt 0.344926 0.145679
vt 0.309215 0.144475
vt 0.384516 0.139457
vt 0.347034 0.130554
vt 0.419069 0.155672
vt 0.379488 0.153808
vt 0.419069 0.155672
vt 0.439922 0.189361
vt 0.411504 0.168489
vt 0.450105 0.177974
vt 0.463678 0.215274
vt 0.495758 0.238896
vt 0.475641 0.206347
vt 0.493674 0.279047
vt 0.481811 0.245507
vt 0.515111 0.313322
vt 0.508322 0.275242
vt 0.514340 0.351848
vt 0.499829 0.314531
vt 0.515111 0.313322
vt 0.506544 0.389475
vt 0.499223 0.350168
vt 0.506544 0.389475
vt 0.477987 0.417009
vt 0.491792 0.384774
vt 0.494955 0.426513
vt 0.472837 0.458248
vt 0.469522 0.455401
vt 0.491080 0.424342
vt 0.410890 0.501445
vt 0.433323 0.469719
vt 0.442282 0.481113
vt 0.375877 0.515160
vt 0.404162 0.488273
vt 0.338591 0.521446
vt 0.371831 0.500713
vt 0.300631 0.520666
vt 0.337439 0.506537
vt 0.338591 0.521447
vt 0.263410 0.512588
vt 0.302365 0.505717
vt 0.228340 0.497225
vt 0.268021 0.498156
vt 0.196631 0.475518
vt 0.235644 0.483949
vt 0.228340 0.497225
vt 0.169660 0.448007
vt 0.206402 0.463814
vt 0.196631 0.475518
vt 0.148298 0.415747
vt 0.181568 0.438363
vt 0.169660 0.448007
vt 0.027606 0.412913
vt 0.003321 0.354918
vt 0.015367 0.353610
vt 0.129557 0.381238
vt 0.121718 0.342486
vt 0.230934 0.145398
vt 0.268543 0.131057
vt 0.444973 0.484536
vt 0.268543 0.131057
vt 0.307986 0.124496
vt 0.444973 0.484536
vt 0.412873 0.505332
vt 0.347662 0.126067
vt 0.377063 0.519400
vt 0.347662 0.126067
vt 0.385991 0.135249
vt 0.338931 0.525864
vt 0.421324 0.151852
vt 0.300118 0.525065
vt 0.453099 0.174627
vt 0.300118 0.525065
vt 0.262059 0.516807
vt 0.479199 0.203691
vt 0.144284 0.417877
vt 0.262059 0.516807
vt 0.226174 0.501160
vt 0.479199 0.203691
vt 0.499795 0.236973
vt 0.121718 0.342486
vt 0.121908 0.302865
vt 0.193749 0.478964
vt 0.512689 0.274099
vt 0.121908 0.302865
vt 0.129918 0.264265
vt 0.193749 0.478964
vt 0.166158 0.450842
vt 0.519582 0.312983
vt 0.145182 0.227537
vt 0.166158 0.450842
vt 0.144284 0.417877
vt 0.518809 0.352362
vt 0.168073 0.194814
vt 0.126372 0.303315
vt 0.126241 0.342051
vt 0.510805 0.390842
vt 0.196784 0.166926
vt 0.494955 0.426513
vt 0.230934 0.145398
vt 0.856844 0.879155
vt 0.940129 0.902098
vt 0.904727 0.937500
vt 0.863098 0.965316
vt 0.827518 0.898750
vt 0.816843 0.984475
vt 0.794933 0.912248
vt 0.767739 0.994243
vt 0.760340 0.919128
vt 0.725070 0.919128
vt 0.717672 0.994243
vt 0.668567 0.984476
vt 0.690477 0.912248
vt 0.622312 0.965316
vt 0.657892 0.898751
vt 0.628566 0.879155
vt 0.580683 0.937501
vt 0.545281 0.902098
vt 0.603626 0.854216
vt 0.517465 0.860470
vt 0.584031 0.824890
vt 0.570534 0.792304
vt 0.498306 0.814215
vt 0.563653 0.757712
vt 0.488538 0.765110
vt 0.488538 0.715044
vt 0.563652 0.722442
vt 0.570534 0.687849
vt 0.498305 0.665939
vt 0.517465 0.619684
vt 0.584031 0.655264
vt 0.603626 0.625937
vt 0.545280 0.578055
vt 0.580683 0.542652
vt 0.628565 0.600998
vt 0.657892 0.581403
vt 0.622311 0.514837
vt 0.668567 0.495677
vt 0.690477 0.567905
vt 0.725069 0.561024
vt 0.717671 0.485910
vt 0.767738 0.485910
vt 0.760340 0.561024
vt 0.794932 0.567905
vt 0.816842 0.495677
vt 0.863098 0.514837
vt 0.827518 0.581402
vt 0.904727 0.542652
vt 0.856844 0.600997
vt 0.881783 0.625937
vt 0.940129 0.578054
vt 0.967944 0.619683
vt 0.901378 0.655263
vt 0.987104 0.665939
vt 0.914876 0.687849
vt 0.996871 0.715043
vt 0.921757 0.722441
vt 0.996871 0.765110
vt 0.921757 0.757711
vt 0.987104 0.814214
vt 0.914876 0.792304
vt 0.901379 0.824889
vt 0.967945 0.860469
vt 0.881784 0.854215
vt 0.742705 0.740076
vt 0.040684 0.732642
vt 0.013047 0.702352
vt 0.044466 0.708189
vt 0.054954 0.929594
vt 0.014598 0.914265
vt 0.047371 0.905434
vt 0.006823 0.754317
vt 0.008940 0.728504
vt 0.035846 0.970048
vt 0.023161 0.942263
vt 0.036847 0.781042
vt 0.038371 0.756979
vt 0.065425 0.952904
vt 0.053033 0.995238
vt 0.036447 0.805650
vt 0.004981 0.779711
vt 0.075056 0.618489
vt 0.065586 0.579952
vt 0.088539 0.600565
vt 0.037021 0.830727
vt 0.003944 0.805717
vt 0.035855 0.625567
vt 0.048958 0.601810
vt 0.038853 0.856120
vt 0.004543 0.832328
vt 0.064376 0.638981
vt 0.025950 0.650845
vt 0.042448 0.881029
vt 0.006060 0.859405
vt 0.018724 0.676577
vt 0.049474 0.684339
vt 0.056024 0.661172
vt 0.009338 0.886667
vt 0.049587 0.805827
vt 0.049731 0.781753
vt 0.076781 0.946625
vt 0.079694 0.973596
vt 0.050714 0.758103
vt 0.067182 0.925030
vt 0.053998 0.734432
vt 0.060059 0.902284
vt 0.057205 0.710732
vt 0.054969 0.878992
vt 0.061797 0.687652
vt 0.067808 0.665323
vt 0.052576 0.854771
vt 0.075364 0.644066
vt 0.050421 0.830315
vt 0.084646 0.624535
vt 0.329870 0.971833
vt 0.317127 0.675726
vt 0.329870 0.675726
vt 0.317127 0.971833
vt 0.304384 0.675726
vt 0.304384 0.971833
vt 0.291642 0.675726
vt 0.291642 0.971833
vt 0.278899 0.675726
vt 0.482784 0.971833
vt 0.470041 0.675726
vt 0.482784 0.675726
vt 0.470041 0.971833
vt 0.457299 0.675726
vt 0.457299 0.971833
vt 0.444556 0.675726
vt 0.444556 0.971833
vt 0.431813 0.675726
vt 0.431813 0.971833
vt 0.419070 0.675726
vt 0.419070 0.971833
vt 0.406327 0.675726
vt 0.406327 0.971833
vt 0.393584 0.675726
vt 0.393584 0.971833
vt 0.380841 0.675726
vt 0.380842 0.971833
vt 0.368099 0.675726
vt 0.368099 0.971833
vt 0.355356 0.675726
vt 0.355356 0.971833
vt 0.342613 0.675726
vt 0.342613 0.971833
vt 0.256823 0.451603
vt 0.215822 0.458013
vt 0.233251 0.436340
vt 0.282900 0.461899
vt 0.244016 0.476258
vt 0.310459 0.466813
vt 0.275238 0.488547
vt 0.338345 0.466220
vt 0.308201 0.494377
vt 0.365404 0.460167
vt 0.341520 0.493603
vt 0.390944 0.449042
vt 0.373876 0.486410
vt 0.413743 0.432940
vt 0.404372 0.473060
vt 0.432916 0.412886
vt 0.431594 0.453875
vt 0.447784 0.389595
vt 0.454405 0.429869
vt 0.457845 0.363973
vt 0.472034 0.402049
vt 0.462731 0.337046
vt 0.483925 0.371517
vt 0.462520 0.309609
vt 0.489764 0.339464
vt 0.456805 0.282777
vt 0.489453 0.306787
vt 0.446177 0.257581
vt 0.482797 0.274804
vt 0.451838 0.217303
vt 0.470158 0.244620
vt 0.411181 0.215242
vt 0.430882 0.234620
vt 0.401182 0.176023
vt 0.428444 0.194129
vt 0.362906 0.189430
vt 0.388373 0.200031
vt 0.335681 0.184136
vt 0.370871 0.163379
vt 0.305579 0.156951
vt 0.338474 0.156951
vt 0.308126 0.184219
vt 0.242469 0.175782
vt 0.273199 0.163240
vt 0.232257 0.215538
vt 0.191182 0.217467
vt 0.214831 0.194124
vt 0.196955 0.258255
vt 0.212379 0.235012
vt 0.159549 0.275890
vt 0.172551 0.245078
vt 0.180591 0.311652
vt 0.185998 0.284006
vt 0.152874 0.342358
vt 0.152921 0.308795
vt 0.186219 0.367312
vt 0.180698 0.339673
vt 0.172719 0.406846
vt 0.159464 0.375574
vt 0.213078 0.416707
vt 0.197239 0.393388
vt 0.191772 0.434587
vt 0.331684 0.294315
vt 0.353763 0.333722
vt 0.314041 0.355322
vt 0.439622 0.385456
vt 0.237994 0.222575
vt 0.449086 0.361489
vt 0.219630 0.240998
vt 0.453810 0.336292
vt 0.204986 0.262573
vt 0.453332 0.310609
vt 0.195064 0.286762
vt 0.448267 0.285445
vt 0.189867 0.312538
vt 0.438156 0.261908
vt 0.261061 0.443321
vt 0.189826 0.338735
vt 0.423695 0.240567
vt 0.285407 0.452961
vt 0.195304 0.364495
vt 0.405416 0.222314
vt 0.311164 0.457573
vt 0.205471 0.388903
vt 0.384148 0.207971
vt 0.337233 0.457067
vt 0.220229 0.410680
vt 0.360236 0.198355
vt 0.362568 0.451548
vt 0.239050 0.429039
vt 0.334807 0.193264
vt 0.386328 0.440858
vt 0.309011 0.193172
vt 0.407705 0.425939
vt 0.283742 0.198339
vt 0.425677 0.407223
vt 0.304726 0.359660
vt 0.298266 0.355437
vt 0.319645 0.363932
vt 0.311945 0.362634
vt 0.327293 0.363761
vt 0.341998 0.359228
vt 0.334900 0.362424
vt 0.348302 0.354803
vt 0.357827 0.342786
vt 0.353653 0.349253
vt 0.360658 0.335638
vt 0.362019 0.328067
vt 0.361868 0.320373
vt 0.360215 0.312877
vt 0.357150 0.305890
vt 0.347388 0.294263
vt 0.352756 0.299699
vt 0.340843 0.290271
vt 0.333786 0.287334
vt 0.326220 0.285718
vt 0.310965 0.287558
vt 0.318459 0.285876
vt 0.297768 0.294855
vt 0.304059 0.290661
vt 0.288178 0.306746
vt 0.292387 0.300295
vt 0.285304 0.313920
vt 0.283776 0.329197
vt 0.283796 0.321478
vt 0.285264 0.336809
vt 0.288496 0.343784
vt 0.292766 0.350086
vt 0.302793 0.349767
vt 0.308100 0.353141
vt 0.326496 0.356694
vt 0.320259 0.356666
vt 0.338370 0.352933
vt 0.332648 0.355406
vt 0.343546 0.349317
vt 0.347960 0.344801
vt 0.351411 0.339535
vt 0.354856 0.327527
vt 0.354739 0.321235
vt 0.353416 0.315082
vt 0.350958 0.309298
vt 0.347430 0.304216
vt 0.342911 0.299921
vt 0.337604 0.296578
vt 0.319244 0.293079
vt 0.325514 0.293062
vt 0.313128 0.294325
vt 0.307384 0.296761
vt 0.302296 0.300296
vt 0.297990 0.304829
vt 0.294588 0.310110
vt 0.292348 0.316030
vt 0.291045 0.322220
vt 0.291029 0.328503
vt 0.294699 0.340373
vt 0.292255 0.334628
vt 0.298247 0.345484
vt 0.095835 0.608188
vt 0.082426 0.873846
vt 0.080229 0.851430
vt 0.104556 0.635406
vt 0.111369 0.618791
vt 0.084033 0.716070
vt 0.087684 0.694465
vt 0.079146 0.828681
vt 0.077751 0.805947
vt 0.098985 0.935689
vt 0.092010 0.916395
vt 0.077473 0.783203
vt 0.078092 0.760589
vt 0.092379 0.673625
vt 0.085899 0.895680
vt 0.105893 0.953665
vt 0.098052 0.653821
vt 0.081467 0.738244
vt 0.263028 0.693472
vt 0.261459 0.711454
vt 0.264885 0.675657
vt 0.266989 0.658008
vt 0.269289 0.640493
vt 0.269289 0.932248
vt 0.267009 0.914102
vt 0.264938 0.895837
vt 0.263140 0.877432
vt 0.261551 0.858948
vt 0.260289 0.840402
vt 0.259369 0.821830
vt 0.258797 0.803268
vt 0.258587 0.784734
vt 0.258748 0.766258
vt 0.259294 0.747863
vt 0.260207 0.729592
vt 0.999299 0.449929
vt 0.925918 0.498961
vt 0.876887 0.425580
vt 0.054456 0.179547
vt 0.033262 0.411147
vt 0.605109 0.422198
vt 0.581026 0.475893
vt 0.303175 0.021415
vt 0.363276 0.025417
vt 0.403186 0.611961
vt 0.289589 0.622991
vt 0.473072 0.066251
vt 0.519970 0.100844
vt 0.032191 0.235329
vt 0.619324 0.306568
vt 0.054456 0.179547
vt 0.088487 0.514343
vt 0.133838 0.379951
vt 0.149206 0.229743
vt 0.347034 0.130554
vt 0.450105 0.177974
vt 0.495758 0.238896
vt 0.514340 0.351848
vt 0.506544 0.389475
vt 0.472837 0.458248
vt 0.491080 0.424342
vt 0.442282 0.481112
vt 0.338591 0.521447
vt 0.126372 0.303315
vt 0.307985 0.124496
vt 0.338931 0.525864
vt 0.421324 0.151852
vt 0.453099 0.174627
vt 0.145182 0.227537
vt 0.168073 0.194814
vt 0.168073 0.194814
vt 0.088362 0.965263
vt 0.972763 0.489643
vt 0.989981 0.403084
vt 0.903422 0.385866
vt 0.021265 0.293626
vt 0.054456 0.179547
vt 0.087704 0.128577
vt 0.363276 0.025417
vt 0.559520 0.144127
vt 0.617945 0.364919
vt 0.546691 0.523056
vt 0.456224 0.591903
vt 0.232624 0.611534
vt 0.178651 0.589028
vt 0.056055 0.465395
vt 0.508322 0.275242
vt 0.559520 0.144127
vt 0.456224 0.591903
vt 0.347327 0.623082
vt 0.148215 0.375635
vt 0.303175 0.021415
vt 0.021337 0.352978
vt 0.032191 0.235329
vt 0.619324 0.306568
vt 0.347034 0.130554
vt 0.278899 0.971833
vt 0.886205 0.403084
vt 0.925918 0.376548
vt 0.950268 0.376548
vt 0.972764 0.385866
vt 0.999299 0.425580
vt 0.989981 0.472425
vt 0.950268 0.498961
vt 0.903422 0.489643
vt 0.886205 0.472425
vt 0.876887 0.449929
vt 0.056055 0.465395
vt 0.605109 0.422198
vt 0.363276 0.025417
vt 0.021265 0.293626
s 1
usemtl Material
f 65/1/1 2/2/2 66/3/2
f 66/3/2 3/4/3 67/5/3
f 67/5/3 4/6/4 68/7/4
f 68/7/4 5/8/5 69/9/5
f 69/9/5 6/10/6 70/11/6
f 70/11/6 7/12/7 71/13/7
f 71/13/7 8/14/8 72/15/8
f 8/14/8 73/16/9 72/15/8
f 9/17/9 74/18/10 73/16/9
f 10/19/10 75/20/11 74/18/10
f 11/21/11 76/22/12 75/20/11
f 12/23/12 77/24/13 76/22/12
f 13/25/13 78/26/14 77/24/13
f 14/27/14 79/28/15 78/26/14
f 15/29/15 80/30/16 79/28/15
f 16/31/16 81/32/17 80/30/16
f 17/33/17 82/34/18 81/32/17
f 18/35/18 83/36/19 82/34/18
f 19/37/19 84/38/20 83/36/19
f 20/39/20 85/40/21 84/38/20
f 21/41/21 86/42/22 85/40/21
f 22/43/22 87/44/23 86/42/22
f 23/45/23 88/46/24 87/44/23
f 24/47/24 89/48/25 88/46/24
f 89/48/25 26/49/26 90/50/26
f 90/50/26 27/51/27 91/52/27
f 91/52/27 28/53/28 92/54/28
f 92/54/28 29/55/29 93/56/29
f 93/56/29 30/57/30 94/58/30
f 94/58/30 31/59/31 95/60/31
f 865/61/32 218/62/33 867/63/33
f 95/60/31 32/64/34 96/65/34
f 96/65/34 1/66/1 65/1/1
f 832/67/35 119/68/36 830/69/36
f 861/70/37 216/71/38 863/72/38
f 883/73/39 227/74/40 885/75/40
f 901/76/41 236/77/42 903/78/42
f 857/79/43 214/80/44 859/81/44
f 875/82/45 223/83/46 877/84/46
f 893/85/47 232/86/48 895/87/48
f 911/88/49 241/89/50 913/90/50
f 867/63/33 219/91/51 869/92/51
f 885/75/40 228/93/52 887/94/52
f 903/78/42 237/95/53 905/96/53
f 5/8/54 862/97/55 6/10/55
f 877/98/46 224/99/56 879/100/56
f 895/87/48 233/101/57 897/102/57
f 916/103/58 500/104/59 917/105/59
f 869/106/51 220/107/60 871/108/60
f 887/94/52 229/109/61 889/110/61
f 905/96/53 238/111/62 907/112/62
f 859/113/44 215/114/37 861/115/37
f 879/100/56 225/116/63 881/117/63
f 897/102/57 234/118/64 899/119/64
f 851/120/65 212/121/66 855/122/66
f 855/123/66 213/124/43 857/79/43
f 871/125/60 221/126/67 873/127/67
f 889/128/61 230/129/68 891/130/68
f 907/112/62 239/131/69 909/132/69
f 863/72/38 217/133/32 865/134/32
f 881/117/63 226/135/39 883/136/39
f 899/119/64 235/137/41 901/138/41
f 2/2/70 853/139/71 852/140/70
f 873/127/67 222/141/45 875/82/45
f 891/130/68 231/142/47 893/85/47
f 909/132/69 240/143/49 911/144/49
f 54/145/72 296/146/73 55/147/73
f 32/64/74 853/139/71 1/66/71
f 19/37/75 890/148/76 20/39/76
f 6/10/55 864/149/77 7/12/77
f 20/39/76 892/150/78 21/41/78
f 8/14/79 864/151/77 866/152/79
f 21/41/78 894/153/80 22/43/80
f 8/14/79 868/154/81 9/17/81
f 22/43/80 896/155/82 23/45/82
f 9/17/81 870/156/83 10/19/83
f 24/47/84 896/155/82 898/157/84
f 10/19/83 872/158/85 11/21/85
f 24/47/84 900/159/86 25/160/86
f 11/21/85 874/161/87 12/23/87
f 25/160/86 902/162/88 26/49/88
f 13/25/89 874/163/87 876/164/89
f 26/49/88 904/165/90 27/51/90
f 13/25/89 878/166/91 14/27/91
f 27/51/90 906/167/92 28/53/92
f 15/29/93 878/168/91 880/169/93
f 2/2/70 856/170/94 3/4/94
f 28/53/92 908/171/95 29/55/95
f 15/29/93 882/172/96 16/31/96
f 913/173/50 211/174/97 854/175/97
f 29/55/95 910/176/98 30/57/98
f 17/33/99 882/177/96 884/178/99
f 3/4/94 858/179/100 4/6/100
f 30/57/98 912/180/101 31/59/101
f 17/33/99 886/181/102 18/35/102
f 4/6/100 860/182/54 5/8/54
f 31/59/101 914/183/74 32/64/74
f 18/35/102 888/184/75 19/37/75
f 787/185/103 129/186/104 850/187/104
f 794/188/105 100/189/106 792/190/106
f 796/191/107 101/192/105 794/193/105
f 798/194/108 102/195/107 796/196/107
f 800/197/109 103/198/108 798/199/108
f 802/200/110 104/201/109 800/202/109
f 804/203/111 105/204/110 802/205/110
f 806/206/112 106/207/111 804/203/111
f 806/206/112 108/208/113 107/209/112
f 810/210/114 108/208/113 808/211/113
f 812/212/115 109/213/114 810/210/114
f 812/214/115 111/215/116 110/216/115
f 814/217/116 112/218/117 111/215/116
f 818/219/118 112/218/117 816/220/117
f 818/219/118 114/221/119 113/222/118
f 822/223/120 114/221/119 820/224/119
f 824/225/121 115/226/120 822/227/120
f 826/228/122 116/229/121 824/225/121
f 826/230/122 118/231/123 117/232/122
f 827/233/124 86/42/124 829/234/124
f 830/235/36 118/231/123 828/236/123
f 834/237/125 120/238/35 832/239/35
f 836/240/126 121/241/125 834/237/125
f 838/242/127 122/243/126 836/240/126
f 840/244/128 123/245/127 838/246/127
f 842/247/129 124/248/128 840/244/128
f 844/249/130 125/250/129 842/247/129
f 846/251/131 126/252/130 844/253/130
f 848/254/132 127/255/131 846/256/131
f 850/257/104 128/258/132 848/259/132
f 854/260/97 210/261/65 851/262/65
f 788/263/124 66/3/124 789/264/124
f 801/265/124 73/16/124 803/266/124
f 831/267/124 86/42/124 87/44/124
f 803/268/124 74/18/124 805/269/124
f 831/270/124 88/46/124 833/271/124
f 807/272/124 74/18/124 75/20/124
f 833/271/124 89/48/124 835/273/124
f 807/274/124 76/22/124 809/275/124
f 837/276/124 89/48/124 90/50/124
f 811/277/124 76/22/124 77/24/124
f 839/278/124 90/50/124 91/52/124
f 813/279/124 77/24/124 78/26/124
f 839/280/124 92/54/124 841/281/124
f 815/282/124 78/26/124 79/28/124
f 849/283/124 65/1/124 788/263/124
f 841/284/124 93/56/124 843/285/124
f 815/286/124 80/30/124 817/287/124
f 789/288/124 67/5/124 791/289/124
f 843/285/124 94/58/124 845/290/124
f 819/291/124 80/30/124 81/32/124
f 791/292/124 68/7/124 793/293/124
f 845/294/124 95/60/124 847/295/124
f 819/291/124 82/34/124 821/296/124
f 795/297/124 68/7/124 69/9/124
f 847/298/124 96/65/124 849/299/124
f 823/300/124 82/34/124 83/36/124
f 797/301/124 69/9/124 70/11/124
f 792/302/106 99/104/133 790/303/133
f 823/300/124 84/38/124 825/304/124
f 797/301/124 71/13/124 799/305/124
f 827/306/124 84/38/124 85/40/124
f 799/305/124 72/15/124 801/307/124
f 131/308/124 98/309/124 99/310/124
f 131/308/124 100/311/124 132/312/124
f 132/312/124 101/313/124 133/314/124
f 133/314/124 102/315/124 134/316/124
f 135/317/124 102/315/124 103/318/124
f 135/317/124 104/319/124 136/320/124
f 136/320/124 105/321/124 137/322/124
f 138/323/124 105/321/124 106/324/124
f 138/323/124 107/325/124 139/326/124
f 139/326/124 108/327/124 140/328/124
f 141/329/124 108/327/124 109/330/124
f 142/331/124 109/330/124 110/332/124
f 142/331/124 111/333/124 143/334/124
f 144/335/124 111/333/124 112/336/124
f 144/335/124 113/337/124 145/338/124
f 146/339/124 113/337/124 114/340/124
f 146/339/124 115/341/124 147/342/124
f 148/343/124 115/341/124 116/344/124
f 148/343/124 117/345/124 149/346/124
f 150/347/124 117/345/124 118/348/124
f 150/347/124 119/349/124 151/350/124
f 152/351/124 119/349/124 120/352/124
f 152/351/124 121/353/124 153/354/124
f 153/354/124 122/355/124 154/356/124
f 155/357/124 122/355/124 123/358/124
f 155/357/124 124/359/124 156/360/124
f 156/360/124 125/361/124 157/362/124
f 157/362/124 126/363/124 158/364/124
f 158/364/124 127/365/124 159/366/124
f 159/366/124 128/367/124 160/368/124
f 161/369/124 128/367/124 129/370/124
f 161/369/124 98/309/124 130/371/124
f 97/372/134 130/371/135 131/308/136
f 97/372/134 131/308/136 132/312/137
f 97/372/134 132/312/137 133/314/138
f 97/372/134 133/314/138 134/316/139
f 97/372/134 134/316/139 135/317/140
f 97/372/134 135/317/140 136/320/141
f 97/372/134 136/320/141 137/322/142
f 97/372/134 137/322/142 138/323/143
f 97/372/134 138/323/143 139/326/144
f 97/372/134 139/326/144 140/328/145
f 97/372/134 140/328/145 141/329/146
f 97/372/134 141/329/146 142/331/147
f 97/372/134 142/331/147 143/334/148
f 97/372/134 143/334/148 144/335/149
f 97/372/134 144/335/149 145/338/150
f 97/372/134 145/338/150 146/339/151
f 97/372/134 146/339/151 147/342/152
f 97/372/134 147/342/152 148/343/153
f 97/372/134 148/343/153 149/346/154
f 97/372/134 149/346/154 150/347/155
f 97/372/134 150/347/155 151/350/156
f 97/372/134 151/350/156 152/351/157
f 97/372/134 152/351/157 153/354/158
f 97/372/134 153/354/158 154/356/159
f 97/372/134 154/356/159 155/357/160
f 97/372/134 155/357/160 156/360/161
f 97/372/134 156/360/161 157/362/162
f 97/372/134 157/362/162 158/364/163
f 97/372/134 158/364/163 159/366/164
f 97/372/134 159/366/164 160/368/165
f 97/372/134 160/368/165 161/369/166
f 97/372/134 161/369/166 130/371/135
f 352/373/167 162/374/168 353/375/168
f 344/376/169 170/377/170 345/378/170
f 352/373/167 164/379/171 163/380/167
f 344/376/169 172/381/172 171/382/169
f 350/383/173 164/379/171 351/384/171
f 343/385/172 173/386/174 172/381/172
f 349/387/175 165/388/173 350/383/173
f 341/389/176 173/390/174 342/391/174
f 348/392/177 166/393/175 349/387/175
f 341/389/176 175/394/178 174/395/176
f 347/396/179 167/397/177 348/392/177
f 340/398/178 176/399/180 175/394/178
f 346/400/181 168/401/179 347/396/179
f 353/375/168 177/402/182 338/403/182
f 339/404/180 177/402/182 176/399/180
f 345/378/170 169/405/181 346/400/181
f 358/406/124 350/383/124 357/407/124
f 364/408/124 342/409/124 343/385/124
f 357/407/124 351/384/124 356/410/124
f 364/408/124 344/376/124 363/411/124
f 355/412/124 351/384/124 352/373/124
f 363/411/124 345/378/124 362/413/124
f 355/412/124 353/375/124 354/414/124
f 362/413/124 346/400/124 361/415/124
f 369/416/124 339/404/124 368/417/124
f 354/414/124 338/403/124 369/416/124
f 360/418/124 346/400/124 347/396/124
f 368/417/124 340/398/124 367/419/124
f 360/418/124 348/392/124 359/420/124
f 366/421/124 340/398/124 341/389/124
f 359/420/124 349/387/124 358/406/124
f 179/422/97 180/423/66 178/424/97
f 181/425/66 182/426/44 180/423/66
f 183/427/44 184/428/38 182/426/44
f 185/429/38 186/430/33 184/428/38
f 187/431/33 188/432/60 186/433/33
f 189/434/60 190/435/45 188/432/60
f 191/436/45 192/437/56 190/435/45
f 193/438/56 194/439/39 192/437/56
f 195/440/39 196/441/52 194/439/39
f 197/442/52 198/443/68 196/441/52
f 199/444/68 200/445/48 198/443/68
f 201/446/48 202/447/64 200/445/48
f 203/448/64 204/449/42 202/447/64
f 205/450/42 206/451/62 204/449/42
f 207/452/62 208/453/49 206/451/62
f 209/454/49 178/424/97 208/453/49
f 33/455/183 211/456/183 34/457/183
f 35/458/183 210/459/183 33/455/183
f 36/460/183 212/461/183 35/458/183
f 37/462/183 213/463/183 36/460/183
f 38/464/183 214/465/183 37/462/183
f 39/466/183 215/467/183 38/464/183
f 40/468/183 216/469/183 39/466/183
f 41/470/183 217/471/183 40/468/183
f 42/472/183 218/473/183 41/470/183
f 43/474/183 219/475/183 42/472/183
f 44/476/183 220/477/183 43/474/183
f 45/478/183 221/479/183 44/476/183
f 46/480/183 222/481/183 45/478/183
f 47/482/183 223/483/183 46/480/183
f 47/482/183 225/484/183 224/485/183
f 49/486/183 225/484/183 48/487/183
f 49/486/183 227/488/183 226/489/183
f 51/490/183 227/488/183 50/491/183
f 52/492/183 228/493/183 51/490/183
f 52/492/183 230/494/183 229/495/183
f 54/145/183 230/494/183 53/496/183
f 54/145/183 232/497/183 231/498/183
f 56/499/183 232/497/183 55/147/183
f 56/499/183 234/500/183 233/501/183
f 58/502/183 234/500/183 57/503/183
f 58/502/183 236/504/183 235/505/183
f 60/506/183 236/504/183 59/507/183
f 60/506/183 238/508/183 237/509/183
f 62/510/183 238/508/183 61/511/183
f 62/510/183 240/512/183 239/513/183
f 64/514/183 240/512/183 63/515/183
f 34/457/183 241/516/183 64/514/183
f 260/517/183 252/518/183 244/519/183
f 41/470/184 283/520/185 42/472/185
f 55/147/73 297/521/186 56/499/186
f 42/472/185 284/522/187 43/474/188
f 56/499/186 298/523/189 57/503/189
f 43/474/188 285/524/190 44/476/190
f 57/503/189 299/525/191 58/502/191
f 44/476/190 286/526/192 45/478/192
f 58/502/191 300/527/193 59/507/193
f 45/478/192 287/528/194 46/480/194
f 60/506/195 300/527/193 301/529/195
f 46/480/194 288/530/196 47/482/196
f 34/457/197 274/531/198 33/455/198
f 61/511/199 301/529/195 302/532/199
f 48/487/200 288/530/196 289/533/200
f 33/455/198 276/534/201 35/458/201
f 61/511/199 303/535/202 62/510/202
f 48/487/200 290/536/203 49/486/203
f 36/460/204 276/534/201 277/537/204
f 63/515/205 303/535/202 304/538/205
f 50/491/206 290/536/203 291/539/206
f 36/460/204 278/540/207 37/462/207
f 63/515/205 305/541/208 64/514/208
f 51/490/209 291/539/206 292/542/209
f 37/462/207 279/543/210 38/464/210
f 34/457/197 305/541/208 275/544/197
f 51/490/209 293/545/211 52/492/211
f 38/464/210 280/546/212 39/466/212
f 52/492/211 294/547/213 53/496/213
f 39/466/212 281/548/214 40/468/214
f 53/496/213 295/549/72 54/145/72
f 40/468/214 282/550/184 41/470/184
f 306/551/183 275/544/183 307/552/183
f 306/551/183 276/534/183 274/531/183
f 309/553/183 276/534/183 308/554/183
f 310/555/183 277/537/183 309/553/183
f 310/555/183 279/543/183 278/540/183
f 312/556/183 279/543/183 311/557/183
f 313/558/183 280/546/183 312/556/183
f 313/558/183 282/550/183 281/548/183
f 315/559/183 282/550/183 314/560/183
f 316/561/183 283/520/183 315/559/183
f 317/562/183 284/522/183 316/561/183
f 318/563/183 285/524/183 317/562/183
f 319/564/183 286/526/183 318/563/183
f 319/564/183 288/530/183 287/528/183
f 320/565/183 289/533/183 288/530/183
f 322/566/183 289/533/183 321/567/183
f 323/568/183 290/536/183 322/566/183
f 324/569/183 291/539/183 323/568/183
f 325/570/183 292/542/183 324/569/183
f 325/570/183 294/547/183 293/545/183
f 327/571/183 294/547/183 326/572/183
f 327/571/183 296/146/183 295/549/183
f 329/573/183 296/146/183 328/574/183
f 329/573/183 298/523/183 297/521/183
f 331/575/183 298/523/183 330/576/183
f 332/577/183 299/525/183 331/575/183
f 332/577/183 301/529/183 300/527/183
f 334/578/183 301/529/183 333/579/183
f 335/580/183 302/532/183 334/578/183
f 336/581/183 303/535/183 335/580/183
f 336/581/183 305/541/183 304/538/183
f 307/552/183 305/541/183 337/582/183
f 243/583/215 306/551/216 307/552/215
f 242/584/216 308/554/217 306/551/216
f 244/519/217 309/553/218 308/554/217
f 246/585/219 309/553/218 245/586/218
f 246/585/219 311/557/220 310/555/219
f 248/587/221 311/557/220 247/588/220
f 249/589/222 312/556/221 248/587/221
f 250/590/223 313/558/222 249/589/222
f 251/591/224 314/560/223 250/590/223
f 252/518/225 315/559/224 251/591/224
f 253/592/226 316/561/225 252/518/225
f 254/593/227 317/562/226 253/592/226
f 255/594/228 318/563/227 254/593/227
f 256/595/229 319/564/228 255/594/228
f 257/596/230 320/565/229 256/595/229
f 258/597/231 321/567/230 257/596/230
f 259/598/232 322/566/231 258/597/231
f 260/517/233 323/568/232 259/598/232
f 260/517/233 325/570/234 324/569/233
f 262/599/235 325/570/234 261/600/234
f 263/601/236 326/572/235 262/599/235
f 264/602/237 327/571/236 263/601/236
f 264/602/237 329/573/238 328/574/237
f 265/603/238 330/576/239 329/573/238
f 266/604/239 331/575/240 330/576/239
f 267/605/240 332/577/241 331/575/240
f 268/606/241 333/579/242 332/577/241
f 269/607/242 334/578/243 333/579/242
f 270/608/243 335/580/244 334/578/243
f 272/609/245 335/580/244 271/610/244
f 273/611/246 336/581/245 272/609/245
f 273/611/246 307/552/215 337/582/246
f 366/421/124 342/391/124 365/612/124
f 387/613/247 360/418/248 389/614/248
f 377/615/249 365/612/250 379/616/250
f 401/617/251 369/416/252 371/618/252
f 391/619/253 358/406/254 393/620/254
f 381/621/255 363/411/256 383/622/256
f 395/623/257 356/410/258 397/624/258
f 373/625/259 369/416/252 368/417/259
f 385/626/260 361/415/247 387/613/247
f 377/615/249 367/419/261 366/421/249
f 401/617/251 355/412/262 354/414/251
f 389/614/248 359/420/253 391/619/253
f 379/627/250 364/408/255 381/621/255
f 393/620/254 357/407/257 395/623/257
f 383/622/256 362/413/260 385/626/260
f 373/625/259 367/419/261 375/628/261
f 399/629/262 356/410/258 355/412/262
f 371/618/97 372/630/66 370/631/97
f 373/625/66 374/632/44 372/630/66
f 375/628/44 376/633/38 374/632/44
f 377/615/38 378/634/33 376/633/38
f 378/635/33 381/621/60 380/636/60
f 381/621/60 382/637/45 380/636/60
f 383/622/45 384/638/56 382/637/45
f 384/638/56 387/613/39 386/639/39
f 387/613/39 388/640/52 386/639/39
f 389/614/52 390/641/68 388/640/52
f 391/619/68 392/642/48 390/641/68
f 393/620/48 394/643/64 392/642/48
f 395/623/64 396/644/42 394/643/64
f 397/624/42 398/645/62 396/644/42
f 399/629/62 400/646/49 398/645/62
f 401/617/49 370/631/97 400/646/49
f 384/647/124 392/648/124 400/649/124
f 466/1/263 403/2/264 402/66/263
f 467/3/264 404/4/265 403/2/264
f 468/5/265 405/6/266 404/4/265
f 469/7/266 406/8/267 405/6/266
f 470/9/267 407/10/268 406/8/267
f 471/11/268 408/12/269 407/10/268
f 472/13/269 409/14/270 408/12/269
f 474/16/271 409/14/270 473/15/270
f 475/18/272 410/17/271 474/16/271
f 476/20/273 411/19/272 475/18/272
f 477/22/274 412/21/273 476/20/273
f 478/24/275 413/23/274 477/22/274
f 479/26/276 414/25/275 478/24/275
f 480/28/277 415/27/276 479/26/276
f 481/30/278 416/29/277 480/28/277
f 482/32/279 417/31/278 481/30/278
f 483/34/280 418/33/279 482/32/279
f 484/36/281 419/35/280 483/34/280
f 485/38/282 420/37/281 484/36/281
f 486/40/283 421/39/282 485/38/282
f 487/42/284 422/41/283 486/40/283
f 488/44/285 423/43/284 487/42/284
f 489/46/286 424/45/285 488/44/285
f 490/48/287 425/47/286 489/46/286
f 490/48/287 427/49/288 426/160/287
f 491/50/288 428/51/289 427/49/288
f 492/52/289 429/53/290 428/51/289
f 493/54/290 430/55/291 429/53/290
f 494/56/291 431/57/292 430/55/291
f 495/58/292 432/59/293 431/57/292
f 603/62/33 994/134/32 996/63/33
f 496/60/293 433/64/294 432/59/293
f 497/65/294 402/66/263 433/64/294
f 520/68/295 959/67/296 957/235/295
f 601/71/38 990/115/37 992/72/38
f 612/74/40 1012/136/39 1014/75/40
f 621/77/42 1030/138/41 1032/78/42
f 599/80/44 986/79/43 988/113/44
f 608/83/46 1004/82/45 1006/98/46
f 617/86/48 1022/85/47 1024/87/48
f 626/89/50 1040/144/49 1042/173/50
f 604/91/51 996/63/33 998/106/51
f 613/93/52 1014/75/40 1016/94/52
f 622/95/53 1032/78/42 1034/96/53
f 407/10/297 987/650/298 406/8/298
f 609/99/56 1006/84/46 1008/100/56
f 618/101/57 1024/87/48 1026/102/57
f 605/107/60 998/92/51 1000/125/60
f 614/109/61 1016/94/52 1018/128/61
f 623/111/62 1034/96/53 1036/112/62
f 600/114/37 988/81/44 990/70/37
f 610/116/63 1008/100/56 1010/117/63
f 619/118/64 1026/102/57 1028/119/64
f 597/121/66 980/262/65 984/123/66
f 598/124/43 984/122/66 986/79/43
f 606/126/67 1000/108/60 1002/127/67
f 615/129/68 1018/110/61 1020/130/68
f 624/131/69 1036/112/62 1038/132/69
f 602/133/32 992/72/38 994/61/32
f 611/135/39 1010/117/63 1012/73/39
f 620/137/41 1028/119/64 1030/76/41
f 596/174/97 1042/90/50 981/260/97
f 607/141/45 1002/127/67 1004/82/45
f 616/142/47 1020/130/68 1022/85/47
f 625/143/49 1038/132/69 1040/88/49
f 681/146/299 455/145/300 456/147/299
f 982/651/301 433/64/302 402/66/301
f 1017/652/303 420/37/304 421/39/303
f 991/149/305 407/10/297 408/12/305
f 1019/653/306 421/39/303 422/41/306
f 409/14/307 991/151/305 408/12/305
f 1021/153/308 422/41/306 423/43/308
f 995/154/309 409/14/307 410/17/309
f 1023/155/310 423/43/308 424/45/310
f 997/654/311 410/17/309 411/19/311
f 425/47/312 1023/155/310 424/45/310
f 999/655/313 411/19/311 412/21/313
f 1027/656/314 425/47/312 426/160/314
f 1001/161/315 412/21/313 413/23/315
f 427/49/316 1027/159/314 426/160/314
f 414/25/317 1001/163/315 413/23/315
f 1031/657/318 427/49/316 428/51/318
f 415/27/319 1003/658/317 414/25/317
f 1033/167/320 428/51/318 429/53/320
f 416/29/321 1005/659/319 415/27/319
f 403/2/322 982/139/301 402/66/301
f 430/55/323 1033/167/320 429/53/320
f 1009/172/324 416/29/321 417/31/324
f 983/170/325 403/2/322 404/4/325
f 1037/176/326 430/55/323 431/57/326
f 418/33/327 1009/177/324 417/31/324
f 985/660/328 404/4/325 405/6/328
f 1039/180/329 431/57/326 432/59/329
f 1013/661/330 418/33/327 419/35/330
f 987/662/298 405/6/328 406/8/298
f 433/64/302 1039/663/329 432/59/329
f 1015/184/304 419/35/330 420/37/304
f 530/186/331 916/664/58 977/187/331
f 501/189/332 921/188/333 919/190/332
f 921/193/333 503/195/334 923/665/334
f 503/195/334 925/194/335 923/665/334
f 925/199/335 505/201/336 927/197/336
f 505/201/336 929/205/337 927/202/336
f 506/204/337 931/203/338 929/200/337
f 507/207/338 933/206/339 931/203/338
f 933/206/339 509/208/340 935/666/340
f 509/208/340 937/210/341 935/211/340
f 510/213/341 939/214/342 937/210/341
f 939/212/342 512/215/343 941/217/343
f 941/667/343 513/218/344 943/220/344
f 513/218/344 945/219/345 943/220/344
f 945/668/345 515/221/346 947/224/346
f 515/221/346 949/223/347 947/224/346
f 516/226/347 951/669/348 949/223/347
f 517/229/348 953/228/349 951/225/348
f 953/670/349 519/231/350 955/236/350
f 487/42/183 956/306/183 958/671/183
f 519/231/350 957/69/295 955/672/350
f 521/238/296 961/237/351 959/673/296
f 522/241/351 963/240/352 961/237/351
f 523/243/352 965/674/353 963/240/352
f 965/674/353 525/248/354 967/244/354
f 525/248/354 969/247/355 967/244/354
f 526/250/355 971/253/356 969/247/355
f 527/252/356 973/256/357 971/249/356
f 528/255/357 975/259/358 973/251/357
f 529/258/358 977/257/331 975/254/358
f 595/261/65 981/175/97 980/120/65
f 500/104/59 919/675/332 917/303/59
f 932/268/183 473/15/183 930/307/183
f 960/270/183 487/42/183 958/234/183
f 475/18/183 932/266/183 934/676/183
f 489/46/183 960/267/183 962/271/183
f 936/274/183 475/18/183 934/269/183
f 490/48/183 962/271/183 964/273/183
f 477/22/183 936/272/183 938/275/183
f 966/677/183 490/48/183 964/273/183
f 478/24/183 938/275/183 940/678/183
f 492/52/183 966/276/183 968/280/183
f 479/26/183 940/277/183 942/279/183
f 493/54/183 968/278/183 970/284/183
f 480/28/183 942/679/183 944/286/183
f 918/288/183 466/1/183 915/263/183
f 494/56/183 970/281/183 972/285/183
f 481/30/183 944/282/183 946/287/183
f 468/5/183 918/264/183 920/292/183
f 495/58/183 972/285/183 974/294/183
f 948/291/183 481/30/183 946/287/183
f 469/7/183 920/289/183 922/293/183
f 496/60/183 974/290/183 976/298/183
f 483/34/183 948/291/183 950/296/183
f 470/9/183 922/293/183 924/680/183
f 497/65/183 976/295/183 978/283/183
f 952/300/183 483/34/183 950/296/183
f 926/681/183 470/9/183 924/297/183
f 466/1/183 978/299/183 915/263/183
f 485/38/183 952/300/183 954/304/183
f 472/13/183 926/682/183 928/305/183
f 486/40/183 954/304/183 956/233/183
f 473/15/183 928/305/183 930/265/183
f 532/308/183 499/309/183 531/371/183
f 501/311/183 532/308/183 533/312/183
f 502/313/183 533/312/183 534/314/183
f 535/316/183 502/313/183 534/314/183
f 536/317/183 503/315/183 535/316/183
f 505/319/183 536/317/183 537/320/183
f 506/321/183 537/320/183 538/322/183
f 539/323/183 506/321/183 538/322/183
f 508/325/183 539/323/183 540/326/183
f 509/327/183 540/326/183 541/328/183
f 542/329/183 509/327/183 541/328/183
f 543/331/183 510/330/183 542/329/183
f 512/333/183 543/331/183 544/334/183
f 545/335/183 512/333/183 544/334/183
f 514/337/183 545/335/183 546/338/183
f 547/339/183 514/337/183 546/338/183
f 516/341/183 547/339/183 548/342/183
f 549/343/183 516/341/183 548/342/183
f 518/345/183 549/343/183 550/346/183
f 551/347/183 518/345/183 550/346/183
f 552/350/183 519/348/183 551/347/183
f 553/351/183 520/349/183 552/350/183
f 522/353/183 553/351/183 554/354/183
f 523/355/183 554/354/183 555/356/183
f 556/357/183 523/355/183 555/356/183
f 525/359/183 556/357/183 557/360/183
f 558/362/183 525/359/183 557/360/183
f 527/363/183 558/362/183 559/364/183
f 528/365/183 559/364/183 560/366/183
f 529/367/183 560/366/183 561/368/183
f 562/369/183 529/367/183 561/368/183
f 499/309/183 562/369/183 531/371/183
f 498/372/359 532/308/360 531/371/361
f 498/372/359 533/312/362 532/308/360
f 498/372/359 534/314/363 533/312/362
f 498/372/359 535/316/364 534/314/363
f 498/372/359 536/317/365 535/316/364
f 498/372/359 537/320/366 536/317/365
f 498/372/359 538/322/367 537/320/366
f 498/372/359 539/323/368 538/322/367
f 498/372/359 540/326/369 539/323/368
f 498/372/359 541/328/370 540/326/369
f 498/372/359 542/329/371 541/328/370
f 498/372/359 543/331/372 542/329/371
f 498/372/359 544/334/373 543/331/372
f 498/372/359 545/335/374 544/334/373
f 498/372/359 546/338/375 545/335/374
f 498/372/359 547/339/376 546/338/375
f 498/372/359 548/342/377 547/339/376
f 498/372/359 549/343/378 548/342/377
f 498/372/359 550/346/379 549/343/378
f 498/372/359 551/347/380 550/346/379
f 498/372/359 552/350/381 551/347/380
f 498/372/359 553/351/382 552/350/381
f 498/372/359 554/354/383 553/351/382
f 498/372/359 555/356/384 554/354/383
f 498/372/359 556/357/385 555/356/384
f 498/372/359 557/360/386 556/357/385
f 498/372/359 558/362/387 557/360/386
f 498/372/359 559/364/388 558/362/387
f 498/372/359 560/366/389 559/364/388
f 498/372/359 561/368/390 560/366/389
f 498/372/359 562/369/391 561/368/390
f 498/372/359 531/371/361 562/369/391
f 563/374/392 737/373/393 738/375/392
f 571/377/394 729/376/395 730/378/394
f 737/373/393 565/379/396 736/384/396
f 572/382/395 728/385/397 729/376/395
f 565/379/396 735/383/398 736/384/396
f 573/381/397 727/409/399 728/385/397
f 566/388/398 734/387/400 735/383/398
f 574/390/399 726/389/401 727/391/399
f 567/393/400 733/392/402 734/387/400
f 726/389/401 576/394/403 725/398/403
f 568/397/402 732/396/404 733/392/402
f 725/398/403 577/399/405 724/404/405
f 569/401/404 731/400/406 732/396/404
f 578/402/407 738/375/392 723/403/407
f 724/404/405 578/402/407 723/403/407
f 570/405/406 730/378/394 731/400/406
f 735/383/183 743/406/183 742/407/183
f 749/408/183 727/409/183 750/683/183
f 736/384/183 742/407/183 741/410/183
f 729/376/183 749/408/183 748/411/183
f 740/412/183 736/384/183 741/410/183
f 747/413/183 729/376/183 748/411/183
f 738/375/183 740/412/183 739/414/183
f 731/400/183 747/413/183 746/415/183
f 724/404/183 754/416/183 753/417/183
f 723/403/183 739/414/183 754/416/183
f 745/418/183 731/400/183 746/415/183
f 725/398/183 753/417/183 752/419/183
f 733/392/183 745/418/183 744/420/183
f 751/421/183 725/398/183 752/419/183
f 734/387/183 744/420/183 743/406/183
f 580/423/66 179/422/97 579/424/97
f 581/426/44 181/425/66 580/423/66
f 582/428/38 183/427/44 581/426/44
f 583/430/33 185/429/38 582/428/38
f 584/432/60 187/431/33 583/433/33
f 585/435/45 189/434/60 584/432/60
f 586/437/56 191/436/45 585/435/45
f 586/437/56 195/440/39 193/438/56
f 588/441/52 195/440/39 587/439/39
f 589/443/68 197/442/52 588/441/52
f 590/445/48 199/444/68 589/443/68
f 591/447/64 201/446/48 590/445/48
f 591/447/64 205/450/42 203/448/64
f 593/451/62 205/450/42 592/449/42
f 594/453/49 207/452/62 593/451/62
f 579/424/97 209/454/49 594/453/49
f 596/456/124 434/455/124 435/457/124
f 595/459/124 436/458/124 434/455/124
f 597/461/124 437/460/124 436/458/124
f 598/463/124 438/462/124 437/460/124
f 599/465/124 439/464/124 438/462/124
f 600/467/124 440/466/124 439/464/124
f 440/466/124 602/471/124 441/468/124
f 602/471/124 442/470/124 441/468/124
f 603/473/124 443/472/124 442/470/124
f 604/475/124 444/474/124 443/472/124
f 605/477/124 445/476/124 444/474/124
f 606/479/124 446/478/124 445/476/124
f 446/478/124 608/483/124 447/480/124
f 608/483/124 448/482/124 447/480/124
f 448/482/124 610/484/124 449/487/124
f 610/484/124 450/486/124 449/487/124
f 450/486/124 612/488/124 451/491/124
f 612/488/124 452/490/124 451/491/124
f 613/493/124 453/492/124 452/490/124
f 453/492/124 615/494/124 454/496/124
f 615/494/124 455/145/124 454/496/124
f 455/145/124 617/497/124 456/147/124
f 617/497/124 457/499/124 456/147/124
f 457/499/124 619/500/124 458/503/124
f 619/500/124 459/502/124 458/503/124
f 459/502/124 621/504/124 460/507/124
f 621/504/124 461/506/124 460/507/124
f 461/506/124 623/508/124 462/511/124
f 623/508/124 463/510/124 462/511/124
f 463/510/124 625/512/124 464/515/124
f 625/512/124 465/514/124 464/515/124
f 626/516/124 435/457/124 465/514/124
f 643/597/124 651/604/124 628/583/124
f 443/472/408 667/550/409 442/470/409
f 682/521/410 456/147/299 457/499/410
f 444/474/411 668/520/408 443/472/408
f 683/523/412 457/499/410 458/503/412
f 670/524/413 444/474/411 445/476/413
f 684/525/414 458/503/412 459/502/414
f 671/526/415 445/476/413 446/478/415
f 460/507/416 684/525/414 459/502/414
f 672/528/417 446/478/415 447/480/417
f 461/506/418 685/527/416 460/507/416
f 673/530/419 447/480/417 448/482/419
f 659/531/420 435/457/421 434/455/420
f 462/511/422 686/529/418 461/506/418
f 449/487/423 673/530/419 448/482/419
f 436/458/424 659/531/420 434/455/420
f 463/510/425 687/532/422 462/511/422
f 675/536/426 449/487/423 450/486/426
f 662/537/427 436/458/424 437/460/427
f 464/515/428 688/535/425 463/510/425
f 451/491/429 675/536/426 450/486/426
f 663/540/430 437/460/427 438/462/430
f 690/541/431 464/515/428 465/514/431
f 677/542/432 451/491/429 452/490/433
f 664/543/434 438/462/430 439/464/434
f 660/544/421 465/514/431 435/457/421
f 678/545/435 452/490/433 453/492/435
f 665/546/436 439/464/434 440/466/436
f 679/547/437 453/492/435 454/496/437
f 666/548/438 440/466/436 441/468/438
f 680/549/300 454/496/437 455/145/300
f 667/550/409 441/468/438 442/470/409
f 660/544/124 691/551/124 692/552/124
f 691/551/124 661/534/124 693/554/124
f 661/534/124 694/553/124 693/554/124
f 662/537/124 695/555/124 694/553/124
f 695/555/124 664/543/124 696/557/124
f 696/557/124 665/546/124 697/556/124
f 665/546/124 698/558/124 697/556/124
f 666/548/124 699/560/124 698/558/124
f 667/550/124 700/559/124 699/560/124
f 668/520/124 701/561/124 700/559/124
f 669/522/124 702/562/124 701/561/124
f 670/524/124 703/563/124 702/562/124
f 671/526/124 704/564/124 703/563/124
f 704/564/124 673/530/124 705/565/124
f 673/530/124 706/567/124 705/565/124
f 674/533/124 707/566/124 706/567/124
f 675/536/124 708/568/124 707/566/124
f 676/539/124 709/569/124 708/568/124
f 677/542/124 710/570/124 709/569/124
f 710/570/124 679/547/124 711/572/124
f 679/547/124 712/571/124 711/572/124
f 712/571/124 681/146/124 713/574/124
f 681/146/124 714/573/124 713/574/124
f 682/521/124 715/576/124 714/573/124
f 683/523/124 716/575/124 715/576/124
f 716/575/124 685/527/124 717/577/124
f 685/527/124 718/579/124 717/577/124
f 686/529/124 719/578/124 718/579/124
f 687/532/124 720/580/124 719/578/124
f 720/580/124 689/538/124 721/581/124
f 721/581/124 690/541/124 722/582/124
f 690/541/124 692/552/124 722/582/124
f 628/583/439 691/551/440 627/584/440
f 627/584/440 693/554/441 629/519/441
f 693/554/441 630/586/442 629/519/441
f 694/553/442 631/585/443 630/586/442
f 631/585/443 696/557/444 632/588/444
f 696/557/444 633/587/445 632/588/444
f 697/556/445 634/589/446 633/587/445
f 698/558/446 635/590/447 634/589/446
f 699/560/447 636/591/448 635/590/447
f 700/559/448 637/518/449 636/591/448
f 701/561/449 638/592/450 637/518/449
f 702/562/450 639/593/451 638/592/450
f 703/563/451 640/594/452 639/593/451
f 704/564/452 641/595/453 640/594/452
f 705/565/453 642/596/454 641/595/453
f 706/567/454 643/597/455 642/596/454
f 707/566/455 644/598/456 643/597/455
f 708/568/456 645/517/457 644/598/456
f 645/517/457 710/570/458 646/600/458
f 710/570/458 647/599/459 646/600/458
f 711/572/459 648/601/460 647/599/459
f 712/571/460 649/602/461 648/601/460
f 713/574/461 650/603/462 649/602/461
f 650/603/462 715/576/463 651/604/463
f 651/604/463 716/575/464 652/605/464
f 652/605/464 717/577/465 653/606/465
f 653/606/465 718/579/466 654/607/466
f 654/607/466 719/578/467 655/608/467
f 655/608/467 720/580/468 656/610/468
f 720/580/468 657/609/469 656/610/468
f 721/581/469 658/611/470 657/609/469
f 658/611/470 692/552/439 628/583/439
f 727/391/183 751/421/183 750/612/183
f 745/418/471 772/613/472 774/614/471
f 750/612/473 762/615/474 764/616/473
f 754/416/475 786/617/476 756/618/475
f 743/406/477 776/619/478 778/620/477
f 748/411/479 766/621/480 768/622/479
f 741/410/481 780/623/482 782/624/481
f 753/417/483 756/618/475 758/625/483
f 746/415/472 770/626/484 772/613/472
f 762/615/474 752/419/485 760/628/485
f 786/617/476 740/412/486 784/629/486
f 744/420/478 774/614/471 776/619/478
f 749/408/480 764/627/473 766/621/480
f 742/407/482 778/620/477 780/623/482
f 747/413/484 768/622/479 770/626/484
f 752/419/485 758/625/483 760/628/485
f 784/629/486 741/410/481 782/624/481
f 757/630/66 756/618/97 755/631/97
f 759/632/44 758/625/66 757/630/66
f 761/633/38 760/628/44 759/632/44
f 763/634/33 762/615/38 761/633/38
f 765/636/60 764/627/33 763/635/33
f 767/637/45 766/621/60 765/636/60
f 767/637/45 770/626/56 768/622/45
f 769/638/56 772/613/39 770/626/56
f 773/640/52 772/613/39 771/639/39
f 775/641/68 774/614/52 773/640/52
f 777/642/48 776/619/68 775/641/68
f 779/643/64 778/620/48 777/642/48
f 781/644/42 780/623/64 779/643/64
f 783/645/62 782/624/42 781/644/42
f 785/646/49 784/629/62 783/645/62
f 785/646/49 756/618/97 786/617/49
f 773/684/183 765/685/183 757/686/183
f 853/139/487 851/262/488 852/140/488
f 856/170/489 851/120/488 855/122/489
f 856/687/489 857/79/490 858/179/490
f 860/182/491 857/79/490 859/81/491
f 860/688/491 861/115/492 862/97/492
f 862/689/492 863/72/493 864/149/493
f 864/151/493 865/134/494 866/152/494
f 868/154/495 865/61/494 867/63/495
f 868/154/495 869/92/496 870/156/496
f 872/158/497 869/106/496 871/108/497
f 872/690/497 873/127/498 874/161/498
f 874/163/498 875/82/499 876/164/499
f 876/658/499 877/84/500 878/166/500
f 878/168/500 879/100/501 880/169/501
f 880/691/501 881/117/502 882/172/502
f 884/178/503 881/117/502 883/136/503
f 884/178/503 885/75/504 886/181/504
f 888/184/505 885/75/504 887/94/505
f 888/692/505 889/110/506 890/148/506
f 892/150/507 889/128/506 891/130/507
f 892/653/507 893/85/508 894/153/508
f 894/693/508 895/87/509 896/155/509
f 896/155/509 897/102/510 898/157/510
f 898/694/510 899/119/511 900/159/511
f 900/656/511 901/138/512 902/162/512
f 904/165/513 901/76/512 903/78/513
f 906/167/514 903/78/513 905/96/514
f 906/695/514 907/112/515 908/171/515
f 908/696/515 909/132/516 910/176/516
f 910/176/516 911/144/517 912/180/517
f 912/663/517 913/90/518 914/183/518
f 914/697/518 854/175/487 853/139/487
f 789/264/519 787/103/520 788/263/520
f 791/289/521 790/303/519 789/288/519
f 791/292/521 794/188/522 792/190/521
f 793/293/522 796/191/523 794/193/522
f 797/301/524 796/196/523 795/680/523
f 799/305/525 798/199/524 797/301/524
f 799/305/525 802/200/526 800/202/525
f 801/265/526 804/203/527 802/205/526
f 805/269/528 804/203/527 803/268/527
f 807/272/529 806/206/528 805/676/528
f 809/275/530 808/211/529 807/274/529
f 809/275/530 812/212/531 810/210/530
f 813/279/532 812/214/531 811/678/531
f 815/282/533 814/217/532 813/679/532
f 817/287/534 816/220/533 815/286/533
f 817/287/534 820/698/535 818/219/534
f 821/296/536 820/224/535 819/291/535
f 823/300/537 822/227/536 821/296/536
f 823/300/537 826/228/538 824/225/537
f 827/306/539 826/230/538 825/304/538
f 829/234/540 828/236/539 827/233/539
f 831/267/541 830/69/540 829/671/540
f 833/271/542 832/239/541 831/270/541
f 833/271/542 836/240/543 834/237/542
f 837/276/544 836/240/543 835/273/543
f 839/278/545 838/246/544 837/677/544
f 839/280/545 842/247/546 840/244/545
f 841/284/546 844/249/547 842/247/546
f 843/285/547 846/251/548 844/253/547
f 847/295/549 846/256/548 845/294/548
f 847/298/549 850/257/550 848/259/549
f 788/263/520 850/187/550 849/283/550
f 981/175/551 979/140/552 980/120/552
f 980/262/552 983/170/553 984/123/553
f 984/122/553 985/660/554 986/79/554
f 986/79/554 987/662/555 988/113/555
f 988/81/555 989/97/556 990/70/556
f 990/115/556 991/149/557 992/72/557
f 992/72/557 993/152/558 994/61/558
f 994/134/558 995/154/559 996/63/559
f 996/63/559 997/654/560 998/106/560
f 998/92/560 999/655/561 1000/125/561
f 1000/108/561 1001/161/562 1002/127/562
f 1004/82/563 1001/163/562 1003/164/563
f 1006/98/564 1003/658/563 1005/166/564
f 1006/84/564 1007/169/565 1008/100/565
f 1010/117/566 1007/699/565 1009/172/566
f 1010/117/566 1011/178/567 1012/73/567
f 1012/136/567 1013/661/568 1014/75/568
f 1014/75/568 1015/184/569 1016/94/569
f 1018/128/570 1015/692/569 1017/652/570
f 1018/110/570 1019/653/571 1020/130/571
f 1020/130/571 1021/153/572 1022/85/572
f 1022/85/572 1023/155/573 1024/87/573
f 1024/87/573 1025/700/574 1026/102/574
f 1028/119/575 1025/694/574 1027/656/575
f 1028/119/575 1029/701/576 1030/76/576
f 1030/138/576 1031/657/577 1032/78/577
f 1032/78/577 1033/167/578 1034/96/578
f 1036/112/579 1033/167/578 1035/171/579
f 1038/132/580 1035/171/579 1037/176/580
f 1040/88/581 1037/176/580 1039/180/581
f 1040/144/581 1041/183/582 1042/173/582
f 1042/90/582 982/651/551 981/260/551
f 917/105/583 915/263/584 916/103/584
f 919/675/585 918/264/583 917/303/583
f 921/188/586 920/289/585 919/190/585
f 923/665/587 922/293/586 921/193/586
f 923/665/587 926/681/588 924/297/587
f 925/199/588 928/305/589 926/682/588
f 929/205/590 928/305/589 927/202/589
f 931/203/591 930/307/590 929/200/590
f 933/206/592 932/266/591 931/203/591
f 935/666/593 934/269/592 933/206/592
f 937/210/594 936/272/593 935/211/593
f 939/214/595 938/275/594 937/210/594
f 939/212/595 942/279/596 940/277/595
f 943/220/597 942/679/596 941/667/596
f 945/219/598 944/282/597 943/220/597
f 947/224/599 946/287/598 945/668/598
f 947/224/599 950/296/600 948/291/599
f 949/223/600 952/300/601 950/296/600
f 953/228/602 952/300/601 951/225/601
f 953/670/602 956/233/603 954/304/602
f 955/672/603 958/671/604 956/306/603
f 957/235/604 960/270/605 958/234/604
f 961/237/606 960/267/605 959/673/605
f 963/240/607 962/271/606 961/237/606
f 963/240/607 966/677/608 964/273/607
f 967/244/609 966/276/608 965/674/608
f 969/247/610 968/278/609 967/244/609
f 971/253/611 970/281/610 969/247/610
f 973/256/612 972/285/611 971/249/611
f 975/259/613 974/290/612 973/251/612
f 977/257/614 976/295/613 975/254/613
f 916/664/584 978/299/614 977/187/614
f 787/103/103 99/104/133 98/702/103
f 65/1/1 1/66/1 2/2/2
f 66/3/2 2/2/2 3/4/3
f 67/5/3 3/4/3 4/6/4
f 68/7/4 4/6/4 5/8/5
f 69/9/5 5/8/5 6/10/6
f 70/11/6 6/10/6 7/12/7
f 71/13/7 7/12/7 8/14/8
f 8/14/8 9/17/9 73/16/9
f 9/17/9 10/19/10 74/18/10
f 10/19/10 11/21/11 75/20/11
f 11/21/11 12/23/12 76/22/12
f 12/23/12 13/25/13 77/24/13
f 13/25/13 14/27/14 78/26/14
f 14/27/14 15/29/15 79/28/15
f 15/29/15 16/31/16 80/30/16
f 16/31/16 17/33/17 81/32/17
f 17/33/17 18/35/18 82/34/18
f 18/35/18 19/37/19 83/36/19
f 19/37/19 20/39/20 84/38/20
f 20/39/20 21/41/21 85/40/21
f 21/41/21 22/43/22 86/42/22
f 22/43/22 23/45/23 87/44/23
f 23/45/23 24/47/24 88/46/24
f 24/47/24 25/160/25 89/48/25
f 89/48/25 25/160/25 26/49/26
f 90/50/26 26/49/26 27/51/27
f 91/52/27 27/51/27 28/53/28
f 92/54/28 28/53/28 29/55/29
f 93/56/29 29/55/29 30/57/30
f 94/58/30 30/57/30 31/59/31
f 865/61/32 217/133/32 218/62/33
f 95/60/31 31/59/31 32/64/34
f 96/65/34 32/64/34 1/66/1
f 832/67/35 120/238/35 119/68/36
f 861/70/37 215/114/37 216/71/38
f 883/73/39 226/135/39 227/74/40
f 901/76/41 235/137/41 236/77/42
f 857/79/43 213/124/43 214/80/44
f 875/82/45 222/141/45 223/83/46
f 893/85/47 231/142/47 232/86/48
f 911/88/49 240/143/49 241/89/50
f 867/63/33 218/62/33 219/91/51
f 885/75/40 227/74/40 228/93/52
f 903/78/42 236/77/42 237/95/53
f 5/8/54 860/688/54 862/97/55
f 877/98/46 223/83/46 224/99/56
f 895/87/48 232/86/48 233/101/57
f 916/103/58 499/702/58 500/104/59
f 869/106/51 219/91/51 220/107/60
f 887/94/52 228/93/52 229/109/61
f 905/96/53 237/95/53 238/111/62
f 859/113/44 214/80/44 215/114/37
f 879/100/56 224/99/56 225/116/63
f 897/102/57 233/101/57 234/118/64
f 851/120/65 210/261/65 212/121/66
f 855/123/66 212/121/66 213/124/43
f 871/125/60 220/107/60 221/126/67
f 889/128/61 229/109/61 230/129/68
f 907/112/62 238/111/62 239/131/69
f 863/72/38 216/71/38 217/133/32
f 881/117/63 225/116/63 226/135/39
f 899/119/64 234/118/64 235/137/41
f 2/2/70 1/66/71 853/139/71
f 873/127/67 221/126/67 222/141/45
f 891/130/68 230/129/68 231/142/47
f 909/132/69 239/131/69 240/143/49
f 54/145/72 295/549/72 296/146/73
f 32/64/74 914/697/74 853/139/71
f 19/37/75 888/692/75 890/148/76
f 6/10/55 862/689/55 864/149/77
f 20/39/76 890/652/76 892/150/78
f 8/14/79 7/12/77 864/151/77
f 21/41/78 892/653/78 894/153/80
f 8/14/79 866/152/79 868/154/81
f 22/43/80 894/693/80 896/155/82
f 9/17/81 868/154/81 870/156/83
f 24/47/84 23/45/82 896/155/82
f 10/19/83 870/703/83 872/158/85
f 24/47/84 898/694/84 900/159/86
f 11/21/85 872/690/85 874/161/87
f 25/160/86 900/656/86 902/162/88
f 13/25/89 12/23/87 874/163/87
f 26/49/88 902/162/88 904/165/90
f 13/25/89 876/658/89 878/166/91
f 27/51/90 904/657/90 906/167/92
f 15/29/93 14/27/91 878/168/91
f 2/2/70 852/704/70 856/170/94
f 28/53/92 906/695/92 908/171/95
f 15/29/93 880/691/93 882/172/96
f 913/173/50 241/89/50 211/174/97
f 29/55/95 908/696/95 910/176/98
f 17/33/99 16/31/96 882/177/96
f 3/4/94 856/687/94 858/179/100
f 30/57/98 910/176/98 912/180/101
f 17/33/99 884/178/99 886/181/102
f 4/6/100 858/705/100 860/182/54
f 31/59/101 912/663/101 914/183/74
f 18/35/102 886/706/102 888/184/75
f 787/185/103 98/702/103 129/186/104
f 794/188/105 101/192/105 100/189/106
f 796/191/107 102/195/107 101/192/105
f 798/194/108 103/198/108 102/195/107
f 800/197/109 104/201/109 103/198/108
f 802/200/110 105/204/110 104/201/109
f 804/203/111 106/207/111 105/204/110
f 806/206/112 107/209/112 106/207/111
f 806/206/112 808/707/113 108/208/113
f 810/210/114 109/213/114 108/208/113
f 812/212/115 110/216/115 109/213/114
f 812/214/115 814/667/116 111/215/116
f 814/217/116 816/220/117 112/218/117
f 818/219/118 113/222/118 112/218/117
f 818/219/118 820/698/119 114/221/119
f 822/223/120 115/226/120 114/221/119
f 824/225/121 116/229/121 115/226/120
f 826/228/122 117/232/122 116/229/121
f 826/230/122 828/672/123 118/231/123
f 827/233/124 85/40/124 86/42/124
f 830/235/36 119/68/36 118/231/123
f 834/237/125 121/241/125 120/238/35
f 836/240/126 122/243/126 121/241/125
f 838/242/127 123/245/127 122/243/126
f 840/244/128 124/248/128 123/245/127
f 842/247/129 125/250/129 124/248/128
f 844/249/130 126/252/130 125/250/129
f 846/251/131 127/255/131 126/252/130
f 848/254/132 128/258/132 127/255/131
f 850/257/104 129/186/104 128/258/132
f 854/260/97 211/174/97 210/261/65
f 788/263/124 65/1/124 66/3/124
f 801/265/124 72/15/124 73/16/124
f 831/267/124 829/671/124 86/42/124
f 803/268/124 73/16/124 74/18/124
f 831/270/124 87/44/124 88/46/124
f 807/272/124 805/676/124 74/18/124
f 833/271/124 88/46/124 89/48/124
f 807/274/124 75/20/124 76/22/124
f 837/276/124 835/273/124 89/48/124
f 811/277/124 809/275/124 76/22/124
f 839/278/124 837/677/124 90/50/124
f 813/279/124 811/678/124 77/24/124
f 839/280/124 91/52/124 92/54/124
f 815/282/124 813/679/124 78/26/124
f 849/283/124 96/65/124 65/1/124
f 841/284/124 92/54/124 93/56/124
f 815/286/124 79/28/124 80/30/124
f 789/288/124 66/3/124 67/5/124
f 843/285/124 93/56/124 94/58/124
f 819/291/124 817/287/124 80/30/124
f 791/292/124 67/5/124 68/7/124
f 845/294/124 94/58/124 95/60/124
f 819/291/124 81/32/124 82/34/124
f 795/297/124 793/293/124 68/7/124
f 847/298/124 95/60/124 96/65/124
f 823/300/124 821/296/124 82/34/124
f 797/301/124 795/680/124 69/9/124
f 792/302/106 100/189/106 99/104/133
f 823/300/124 83/36/124 84/38/124
f 797/301/124 70/11/124 71/13/124
f 827/306/124 825/304/124 84/38/124
f 799/305/124 71/13/124 72/15/124
f 131/308/124 130/371/124 98/309/124
f 131/308/124 99/310/124 100/311/124
f 132/312/124 100/311/124 101/313/124
f 133/314/124 101/313/124 102/315/124
f 135/317/124 134/316/124 102/315/124
f 135/317/124 103/318/124 104/319/124
f 136/320/124 104/319/124 105/321/124
f 138/323/124 137/322/124 105/321/124
f 138/323/124 106/324/124 107/325/124
f 139/326/124 107/325/124 108/327/124
f 141/329/124 140/328/124 108/327/124
f 142/331/124 141/329/124 109/330/124
f 142/331/124 110/332/124 111/333/124
f 144/335/124 143/334/124 111/333/124
f 144/335/124 112/336/124 113/337/124
f 146/339/124 145/338/124 113/337/124
f 146/339/124 114/340/124 115/341/124
f 148/343/124 147/342/124 115/341/124
f 148/343/124 116/344/124 117/345/124
f 150/347/124 149/346/124 117/345/124
f 150/347/124 118/348/124 119/349/124
f 152/351/124 151/350/124 119/349/124
f 152/351/124 120/352/124 121/353/124
f 153/354/124 121/353/124 122/355/124
f 155/357/124 154/356/124 122/355/124
f 155/357/124 123/358/124 124/359/124
f 156/360/124 124/359/124 125/361/124
f 157/362/124 125/361/124 126/363/124
f 158/364/124 126/363/124 127/365/124
f 159/366/124 127/365/124 128/367/124
f 161/369/124 160/368/124 128/367/124
f 161/369/124 129/370/124 98/309/124
f 352/373/167 163/380/167 162/374/168
f 344/376/169 171/382/169 170/377/170
f 352/373/167 351/384/171 164/379/171
f 344/376/169 343/385/172 172/381/172
f 350/383/173 165/388/173 164/379/171
f 343/385/172 342/409/174 173/386/174
f 349/387/175 166/393/175 165/388/173
f 341/389/176 174/395/176 173/390/174
f 348/392/177 167/397/177 166/393/175
f 341/389/176 340/398/178 175/394/178
f 347/396/179 168/401/179 167/397/177
f 340/398/178 339/404/180 176/399/180
f 346/400/181 169/405/181 168/401/179
f 353/375/168 162/374/168 177/402/182
f 339/404/180 338/403/182 177/402/182
f 345/378/170 170/377/170 169/405/181
f 358/406/124 349/387/124 350/383/124
f 364/408/124 365/683/124 342/409/124
f 357/407/124 350/383/124 351/384/124
f 364/408/124 343/385/124 344/376/124
f 355/412/124 356/410/124 351/384/124
f 363/411/124 344/376/124 345/378/124
f 355/412/124 352/373/124 353/375/124
f 362/413/124 345/378/124 346/400/124
f 369/416/124 338/403/124 339/404/124
f 354/414/124 353/375/124 338/403/124
f 360/418/124 361/415/124 346/400/124
f 368/417/124 339/404/124 340/398/124
f 360/418/124 347/396/124 348/392/124
f 366/421/124 367/419/124 340/398/124
f 359/420/124 348/392/124 349/387/124
f 179/422/97 181/425/66 180/423/66
f 181/425/66 183/427/44 182/426/44
f 183/427/44 185/429/38 184/428/38
f 185/429/38 187/708/33 186/430/33
f 187/431/33 189/434/60 188/432/60
f 189/434/60 191/436/45 190/435/45
f 191/436/45 193/438/56 192/437/56
f 193/438/56 195/440/39 194/439/39
f 195/440/39 197/442/52 196/441/52
f 197/442/52 199/444/68 198/443/68
f 199/444/68 201/446/48 200/445/48
f 201/446/48 203/448/64 202/447/64
f 203/448/64 205/450/42 204/449/42
f 205/450/42 207/452/62 206/451/62
f 207/452/62 209/454/49 208/453/49
f 209/454/49 179/422/97 178/424/97
f 33/455/183 210/459/183 211/456/183
f 35/458/183 212/461/183 210/459/183
f 36/460/183 213/463/183 212/461/183
f 37/462/183 214/465/183 213/463/183
f 38/464/183 215/467/183 214/465/183
f 39/466/183 216/469/183 215/467/183
f 40/468/183 217/471/183 216/469/183
f 41/470/183 218/473/183 217/471/183
f 42/472/183 219/475/183 218/473/183
f 43/474/183 220/477/183 219/475/183
f 44/476/183 221/479/183 220/477/183
f 45/478/183 222/481/183 221/479/183
f 46/480/183 223/483/183 222/481/183
f 47/482/183 224/485/183 223/483/183
f 47/482/183 48/487/183 225/484/183
f 49/486/183 226/489/183 225/484/183
f 49/486/183 50/491/183 227/488/183
f 51/490/183 228/493/183 227/488/183
f 52/492/183 229/495/183 228/493/183
f 52/492/183 53/496/183 230/494/183
f 54/145/183 231/498/183 230/494/183
f 54/145/183 55/147/183 232/497/183
f 56/499/183 233/501/183 232/497/183
f 56/499/183 57/503/183 234/500/183
f 58/502/183 235/505/183 234/500/183
f 58/502/183 59/507/183 236/504/183
f 60/506/183 237/509/183 236/504/183
f 60/506/183 61/511/183 238/508/183
f 62/510/183 239/513/183 238/508/183
f 62/510/183 63/515/183 240/512/183
f 64/514/183 241/516/183 240/512/183
f 34/457/183 211/456/183 241/516/183
f 244/519/183 242/584/183 243/583/183
f 243/583/183 273/611/183 272/609/183
f 272/609/183 271/610/183 270/608/183
f 270/608/183 269/607/183 268/606/183
f 268/606/183 267/605/183 266/604/183
f 266/604/183 265/603/183 264/602/183
f 264/602/183 263/601/183 262/599/183
f 262/599/183 261/600/183 260/517/183
f 260/517/183 259/598/183 258/597/183
f 258/597/183 257/596/183 256/595/183
f 256/595/183 255/594/183 254/593/183
f 254/593/183 253/592/183 252/518/183
f 252/518/183 251/591/183 250/590/183
f 250/590/183 249/589/183 248/587/183
f 248/587/183 247/588/183 246/585/183
f 246/585/183 245/586/183 244/519/183
f 244/519/183 243/583/183 272/609/183
f 272/609/183 270/608/183 268/606/183
f 268/606/183 266/604/183 264/602/183
f 264/602/183 262/599/183 260/517/183
f 260/517/183 258/597/183 256/595/183
f 256/595/183 254/593/183 252/518/183
f 252/518/183 250/590/183 248/587/183
f 248/587/183 246/585/183 244/519/183
f 244/519/183 272/609/183 268/606/183
f 268/606/183 264/602/183 260/517/183
f 260/517/183 256/595/183 252/518/183
f 252/518/183 248/587/183 244/519/183
f 244/519/183 268/606/183 260/517/183
f 41/470/184 282/550/184 283/520/185
f 55/147/73 296/146/73 297/521/186
f 42/472/185 283/520/185 284/522/187
f 56/499/186 297/521/186 298/523/189
f 43/474/188 284/522/187 285/524/190
f 57/503/189 298/523/189 299/525/191
f 44/476/190 285/524/190 286/526/192
f 58/502/191 299/525/191 300/527/193
f 45/478/192 286/526/192 287/528/194
f 60/506/195 59/507/193 300/527/193
f 46/480/194 287/528/194 288/530/196
f 34/457/197 275/544/197 274/531/198
f 61/511/199 60/506/195 301/529/195
f 48/487/200 47/482/196 288/530/196
f 33/455/198 274/531/198 276/534/201
f 61/511/199 302/532/199 303/535/202
f 48/487/200 289/533/200 290/536/203
f 36/460/204 35/458/201 276/534/201
f 63/515/205 62/510/202 303/535/202
f 50/491/206 49/486/203 290/536/203
f 36/460/204 277/537/204 278/540/207
f 63/515/205 304/538/205 305/541/208
f 51/490/209 50/491/206 291/539/206
f 37/462/207 278/540/207 279/543/210
f 34/457/197 64/514/208 305/541/208
f 51/490/209 292/542/209 293/545/211
f 38/464/210 279/543/210 280/546/212
f 52/492/211 293/545/211 294/547/213
f 39/466/212 280/546/212 281/548/214
f 53/496/213 294/547/213 295/549/72
f 40/468/214 281/548/214 282/550/184
f 306/551/183 274/531/183 275/544/183
f 306/551/183 308/554/183 276/534/183
f 309/553/183 277/537/183 276/534/183
f 310/555/183 278/540/183 277/537/183
f 310/555/183 311/557/183 279/543/183
f 312/556/183 280/546/183 279/543/183
f 313/558/183 281/548/183 280/546/183
f 313/558/183 314/560/183 282/550/183
f 315/559/183 283/520/183 282/550/183
f 316/561/183 284/522/183 283/520/183
f 317/562/183 285/524/183 284/522/183
f 318/563/183 286/526/183 285/524/183
f 319/564/183 287/528/183 286/526/183
f 319/564/183 320/565/183 288/530/183
f 320/565/183 321/567/183 289/533/183
f 322/566/183 290/536/183 289/533/183
f 323/568/183 291/539/183 290/536/183
f 324/569/183 292/542/183 291/539/183
f 325/570/183 293/545/183 292/542/183
f 325/570/183 326/572/183 294/547/183
f 327/571/183 295/549/183 294/547/183
f 327/571/183 328/574/183 296/146/183
f 329/573/183 297/521/183 296/146/183
f 329/573/183 330/576/183 298/523/183
f 331/575/183 299/525/183 298/523/183
f 332/577/183 300/527/183 299/525/183
f 332/577/183 333/579/183 301/529/183
f 334/578/183 302/532/183 301/529/183
f 335/580/183 303/535/183 302/532/183
f 336/581/183 304/538/183 303/535/183
f 336/581/183 337/582/183 305/541/183
f 307/552/183 275/544/183 305/541/183
f 243/583/215 242/584/216 306/551/216
f 242/584/216 244/519/217 308/554/217
f 244/519/217 245/586/218 309/553/218
f 246/585/219 310/555/219 309/553/218
f 246/585/219 247/588/220 311/557/220
f 248/587/221 312/556/221 311/557/220
f 249/589/222 313/558/222 312/556/221
f 250/590/223 314/560/223 313/558/222
f 251/591/224 315/559/224 314/560/223
f 252/518/225 316/561/225 315/559/224
f 253/592/226 317/562/226 316/561/225
f 254/593/227 318/563/227 317/562/226
f 255/594/228 319/564/228 318/563/227
f 256/595/229 320/565/229 319/564/228
f 257/596/230 321/567/230 320/565/229
f 258/597/231 322/566/231 321/567/230
f 259/598/232 323/568/232 322/566/231
f 260/517/233 324/569/233 323/568/232
f 260/517/233 261/600/234 325/570/234
f 262/599/235 326/572/235 325/570/234
f 263/601/236 327/571/236 326/572/235
f 264/602/237 328/574/237 327/571/236
f 264/602/237 265/603/238 329/573/238
f 265/603/238 266/604/239 330/576/239
f 266/604/239 267/605/240 331/575/240
f 267/605/240 268/606/241 332/577/241
f 268/606/241 269/607/242 333/579/242
f 269/607/242 270/608/243 334/578/243
f 270/608/243 271/610/244 335/580/244
f 272/609/245 336/581/245 335/580/244
f 273/611/246 337/582/246 336/581/245
f 273/611/246 243/583/215 307/552/215
f 366/421/124 341/389/124 342/391/124
f 387/613/247 361/415/247 360/418/248
f 377/615/249 366/421/249 365/612/250
f 401/617/251 354/414/251 369/416/252
f 391/619/253 359/420/253 358/406/254
f 381/621/255 364/408/255 363/411/256
f 395/623/257 357/407/257 356/410/258
f 373/625/259 371/618/252 369/416/252
f 385/626/260 362/413/260 361/415/247
f 377/615/249 375/628/261 367/419/261
f 401/617/251 399/629/262 355/412/262
f 389/614/248 360/418/248 359/420/253
f 379/627/250 365/683/250 364/408/255
f 393/620/254 358/406/254 357/407/257
f 383/622/256 363/411/256 362/413/260
f 373/625/259 368/417/259 367/419/261
f 399/629/262 397/624/258 356/410/258
f 371/618/97 373/625/66 372/630/66
f 373/625/66 375/628/44 374/632/44
f 375/628/44 377/615/38 376/633/38
f 377/615/38 379/616/33 378/634/33
f 378/635/33 379/627/33 381/621/60
f 381/621/60 383/622/45 382/637/45
f 383/622/45 385/626/56 384/638/56
f 384/638/56 385/626/56 387/613/39
f 387/613/39 389/614/52 388/640/52
f 389/614/52 391/619/68 390/641/68
f 391/619/68 393/620/48 392/642/48
f 393/620/48 395/623/64 394/643/64
f 395/623/64 397/624/42 396/644/42
f 397/624/42 399/629/62 398/645/62
f 399/629/62 401/617/49 400/646/49
f 401/617/49 371/618/97 370/631/97
f 400/649/124 370/709/124 372/686/124
f 372/686/124 374/710/124 376/711/124
f 376/711/124 378/712/124 380/685/124
f 380/685/124 382/713/124 384/647/124
f 384/647/124 386/714/124 388/684/124
f 388/684/124 390/715/124 392/648/124
f 392/648/124 394/716/124 396/717/124
f 396/717/124 398/718/124 400/649/124
f 400/649/124 372/686/124 376/711/124
f 376/711/124 380/685/124 384/647/124
f 384/647/124 388/684/124 392/648/124
f 392/648/124 396/717/124 400/649/124
f 400/649/124 376/711/124 384/647/124
f 466/1/263 467/3/264 403/2/264
f 467/3/264 468/5/265 404/4/265
f 468/5/265 469/7/266 405/6/266
f 469/7/266 470/9/267 406/8/267
f 470/9/267 471/11/268 407/10/268
f 471/11/268 472/13/269 408/12/269
f 472/13/269 473/15/270 409/14/270
f 474/16/271 410/17/271 409/14/270
f 475/18/272 411/19/272 410/17/271
f 476/20/273 412/21/273 411/19/272
f 477/22/274 413/23/274 412/21/273
f 478/24/275 414/25/275 413/23/274
f 479/26/276 415/27/276 414/25/275
f 480/28/277 416/29/277 415/27/276
f 481/30/278 417/31/278 416/29/277
f 482/32/279 418/33/279 417/31/278
f 483/34/280 419/35/280 418/33/279
f 484/36/281 420/37/281 419/35/280
f 485/38/282 421/39/282 420/37/281
f 486/40/283 422/41/283 421/39/282
f 487/42/284 423/43/284 422/41/283
f 488/44/285 424/45/285 423/43/284
f 489/46/286 425/47/286 424/45/285
f 490/48/287 426/160/287 425/47/286
f 490/48/287 491/50/288 427/49/288
f 491/50/288 492/52/289 428/51/289
f 492/52/289 493/54/290 429/53/290
f 493/54/290 494/56/291 430/55/291
f 494/56/291 495/58/292 431/57/292
f 495/58/292 496/60/293 432/59/293
f 603/62/33 602/133/32 994/134/32
f 496/60/293 497/65/294 433/64/294
f 497/65/294 466/1/263 402/66/263
f 520/68/295 521/238/296 959/67/296
f 601/71/38 600/114/37 990/115/37
f 612/74/40 611/135/39 1012/136/39
f 621/77/42 620/137/41 1030/138/41
f 599/80/44 598/124/43 986/79/43
f 608/83/46 607/141/45 1004/82/45
f 617/86/48 616/142/47 1022/85/47
f 626/89/50 625/143/49 1040/144/49
f 604/91/51 603/62/33 996/63/33
f 613/93/52 612/74/40 1014/75/40
f 622/95/53 621/77/42 1032/78/42
f 407/10/297 989/97/297 987/650/298
f 609/99/56 608/83/46 1006/84/46
f 618/101/57 617/86/48 1024/87/48
f 605/107/60 604/91/51 998/92/51
f 614/109/61 613/93/52 1016/94/52
f 623/111/62 622/95/53 1034/96/53
f 600/114/37 599/80/44 988/81/44
f 610/116/63 609/99/56 1008/100/56
f 619/118/64 618/101/57 1026/102/57
f 597/121/66 595/261/65 980/262/65
f 598/124/43 597/121/66 984/122/66
f 606/126/67 605/107/60 1000/108/60
f 615/129/68 614/109/61 1018/110/61
f 624/131/69 623/111/62 1036/112/62
f 602/133/32 601/71/38 992/72/38
f 611/135/39 610/116/63 1010/117/63
f 620/137/41 619/118/64 1028/119/64
f 596/174/97 626/89/50 1042/90/50
f 607/141/45 606/126/67 1002/127/67
f 616/142/47 615/129/68 1020/130/68
f 625/143/49 624/131/69 1038/132/69
f 681/146/299 680/549/300 455/145/300
f 982/651/301 1041/719/302 433/64/302
f 1017/652/303 1015/692/304 420/37/304
f 991/149/305 989/689/297 407/10/297
f 1019/653/306 1017/720/303 421/39/303
f 409/14/307 993/152/307 991/151/305
f 1021/153/308 1019/653/306 422/41/306
f 995/154/309 993/152/307 409/14/307
f 1023/155/310 1021/693/308 423/43/308
f 997/654/311 995/154/309 410/17/309
f 425/47/312 1025/700/312 1023/155/310
f 999/655/313 997/703/311 411/19/311
f 1027/656/314 1025/694/312 425/47/312
f 1001/161/315 999/721/313 412/21/313
f 427/49/316 1029/701/316 1027/159/314
f 414/25/317 1003/164/317 1001/163/315
f 1031/657/318 1029/162/316 427/49/316
f 415/27/319 1005/166/319 1003/658/317
f 1033/167/320 1031/657/318 428/51/318
f 416/29/321 1007/169/321 1005/659/319
f 403/2/322 979/140/322 982/139/301
f 430/55/323 1035/171/323 1033/167/320
f 1009/172/324 1007/699/321 416/29/321
f 983/170/325 979/704/322 403/2/322
f 1037/176/326 1035/171/323 430/55/323
f 418/33/327 1011/178/327 1009/177/324
f 985/660/328 983/722/325 404/4/325
f 1039/180/329 1037/176/326 431/57/326
f 1013/661/330 1011/178/327 418/33/327
f 987/662/298 985/705/328 405/6/328
f 433/64/302 1041/183/302 1039/663/329
f 1015/184/304 1013/661/330 419/35/330
f 530/186/331 499/702/58 916/664/58
f 501/189/332 502/192/333 921/188/333
f 921/193/333 502/192/333 503/195/334
f 503/195/334 504/198/335 925/194/335
f 925/199/335 504/198/335 505/201/336
f 505/201/336 506/204/337 929/205/337
f 506/204/337 507/207/338 931/203/338
f 507/207/338 508/209/339 933/206/339
f 933/206/339 508/209/339 509/208/340
f 509/208/340 510/213/341 937/210/341
f 510/213/341 511/216/342 939/214/342
f 939/212/342 511/216/342 512/215/343
f 941/667/343 512/215/343 513/218/344
f 513/218/344 514/222/345 945/219/345
f 945/668/345 514/222/345 515/221/346
f 515/221/346 516/226/347 949/223/347
f 516/226/347 517/229/348 951/669/348
f 517/229/348 518/232/349 953/228/349
f 953/670/349 518/232/349 519/231/350
f 487/42/183 486/40/183 956/306/183
f 519/231/350 520/68/295 957/69/295
f 521/238/296 522/241/351 961/237/351
f 522/241/351 523/243/352 963/240/352
f 523/243/352 524/245/353 965/674/353
f 965/674/353 524/245/353 525/248/354
f 525/248/354 526/250/355 969/247/355
f 526/250/355 527/252/356 971/253/356
f 527/252/356 528/255/357 973/256/357
f 528/255/357 529/258/358 975/259/358
f 529/258/358 530/186/331 977/257/331
f 595/261/65 596/174/97 981/175/97
f 500/104/59 501/189/332 919/675/332
f 932/268/183 474/16/183 473/15/183
f 960/270/183 488/44/183 487/42/183
f 475/18/183 474/16/183 932/266/183
f 489/46/183 488/44/183 960/267/183
f 936/274/183 476/20/183 475/18/183
f 490/48/183 489/46/183 962/271/183
f 477/22/183 476/20/183 936/272/183
f 966/677/183 491/50/183 490/48/183
f 478/24/183 477/22/183 938/275/183
f 492/52/183 491/50/183 966/276/183
f 479/26/183 478/24/183 940/277/183
f 493/54/183 492/52/183 968/278/183
f 480/28/183 479/26/183 942/679/183
f 918/288/183 467/3/183 466/1/183
f 494/56/183 493/54/183 970/281/183
f 481/30/183 480/28/183 944/282/183
f 468/5/183 467/3/183 918/264/183
f 495/58/183 494/56/183 972/285/183
f 948/291/183 482/32/183 481/30/183
f 469/7/183 468/5/183 920/289/183
f 496/60/183 495/58/183 974/290/183
f 483/34/183 482/32/183 948/291/183
f 470/9/183 469/7/183 922/293/183
f 497/65/183 496/60/183 976/295/183
f 952/300/183 484/36/183 483/34/183
f 926/681/183 471/11/183 470/9/183
f 466/1/183 497/65/183 978/299/183
f 485/38/183 484/36/183 952/300/183
f 472/13/183 471/11/183 926/682/183
f 486/40/183 485/38/183 954/304/183
f 473/15/183 472/13/183 928/305/183
f 532/308/183 500/310/183 499/309/183
f 501/311/183 500/310/183 532/308/183
f 502/313/183 501/311/183 533/312/183
f 535/316/183 503/315/183 502/313/183
f 536/317/183 504/318/183 503/315/183
f 505/319/183 504/318/183 536/317/183
f 506/321/183 505/319/183 537/320/183
f 539/323/183 507/324/183 506/321/183
f 508/325/183 507/324/183 539/323/183
f 509/327/183 508/325/183 540/326/183
f 542/329/183 510/330/183 509/327/183
f 543/331/183 511/332/183 510/330/183
f 512/333/183 511/332/183 543/331/183
f 545/335/183 513/336/183 512/333/183
f 514/337/183 513/336/183 545/335/183
f 547/339/183 515/340/183 514/337/183
f 516/341/183 515/340/183 547/339/183
f 549/343/183 517/344/183 516/341/183
f 518/345/183 517/344/183 549/343/183
f 551/347/183 519/348/183 518/345/183
f 552/350/183 520/349/183 519/348/183
f 553/351/183 521/352/183 520/349/183
f 522/353/183 521/352/183 553/351/183
f 523/355/183 522/353/183 554/354/183
f 556/357/183 524/358/183 523/355/183
f 525/359/183 524/358/183 556/357/183
f 558/362/183 526/361/183 525/359/183
f 527/363/183 526/361/183 558/362/183
f 528/365/183 527/363/183 559/364/183
f 529/367/183 528/365/183 560/366/183
f 562/369/183 530/370/183 529/367/183
f 499/309/183 530/370/183 562/369/183
f 563/374/392 564/380/393 737/373/393
f 571/377/394 572/382/395 729/376/395
f 737/373/393 564/380/393 565/379/396
f 572/382/395 573/381/397 728/385/397
f 565/379/396 566/388/398 735/383/398
f 573/381/397 574/386/399 727/409/399
f 566/388/398 567/393/400 734/387/400
f 574/390/399 575/395/401 726/389/401
f 567/393/400 568/397/402 733/392/402
f 726/389/401 575/395/401 576/394/403
f 568/397/402 569/401/404 732/396/404
f 725/398/403 576/394/403 577/399/405
f 569/401/404 570/405/406 731/400/406
f 578/402/407 563/374/392 738/375/392
f 724/404/405 577/399/405 578/402/407
f 570/405/406 571/377/394 730/378/394
f 735/383/183 734/387/183 743/406/183
f 749/408/183 728/385/183 727/409/183
f 736/384/183 735/383/183 742/407/183
f 729/376/183 728/385/183 749/408/183
f 740/412/183 737/373/183 736/384/183
f 747/413/183 730/378/183 729/376/183
f 738/375/183 737/373/183 740/412/183
f 731/400/183 730/378/183 747/413/183
f 724/404/183 723/403/183 754/416/183
f 723/403/183 738/375/183 739/414/183
f 745/418/183 732/396/183 731/400/183
f 725/398/183 724/404/183 753/417/183
f 733/392/183 732/396/183 745/418/183
f 751/421/183 726/389/183 725/398/183
f 734/387/183 733/392/183 744/420/183
f 580/423/66 181/425/66 179/422/97
f 581/426/44 183/427/44 181/425/66
f 582/428/38 185/429/38 183/427/44
f 583/430/33 187/708/33 185/429/38
f 584/432/60 189/434/60 187/431/33
f 585/435/45 191/436/45 189/434/60
f 586/437/56 193/438/56 191/436/45
f 586/437/56 587/439/39 195/440/39
f 588/441/52 197/442/52 195/440/39
f 589/443/68 199/444/68 197/442/52
f 590/445/48 201/446/48 199/444/68
f 591/447/64 203/448/64 201/446/48
f 591/447/64 592/449/42 205/450/42
f 593/451/62 207/452/62 205/450/42
f 594/453/49 209/454/49 207/452/62
f 579/424/97 179/422/97 209/454/49
f 596/456/124 595/459/124 434/455/124
f 595/459/124 597/461/124 436/458/124
f 597/461/124 598/463/124 437/460/124
f 598/463/124 599/465/124 438/462/124
f 599/465/124 600/467/124 439/464/124
f 600/467/124 601/469/124 440/466/124
f 440/466/124 601/469/124 602/471/124
f 602/471/124 603/473/124 442/470/124
f 603/473/124 604/475/124 443/472/124
f 604/475/124 605/477/124 444/474/124
f 605/477/124 606/479/124 445/476/124
f 606/479/124 607/481/124 446/478/124
f 446/478/124 607/481/124 608/483/124
f 608/483/124 609/485/124 448/482/124
f 448/482/124 609/485/124 610/484/124
f 610/484/124 611/489/124 450/486/124
f 450/486/124 611/489/124 612/488/124
f 612/488/124 613/493/124 452/490/124
f 613/493/124 614/495/124 453/492/124
f 453/492/124 614/495/124 615/494/124
f 615/494/124 616/498/124 455/145/124
f 455/145/124 616/498/124 617/497/124
f 617/497/124 618/501/124 457/499/124
f 457/499/124 618/501/124 619/500/124
f 619/500/124 620/505/124 459/502/124
f 459/502/124 620/505/124 621/504/124
f 621/504/124 622/509/124 461/506/124
f 461/506/124 622/509/124 623/508/124
f 623/508/124 624/513/124 463/510/124
f 463/510/124 624/513/124 625/512/124
f 625/512/124 626/516/124 465/514/124
f 626/516/124 596/456/124 435/457/124
f 628/583/124 627/584/124 629/519/124
f 629/519/124 630/586/124 631/585/124
f 631/585/124 632/588/124 633/587/124
f 633/587/124 634/589/124 635/590/124
f 635/590/124 636/591/124 637/518/124
f 637/518/124 638/592/124 639/593/124
f 639/593/124 640/594/124 641/595/124
f 641/595/124 642/596/124 643/597/124
f 643/597/124 644/598/124 645/517/124
f 645/517/124 646/600/124 647/599/124
f 647/599/124 648/601/124 649/602/124
f 649/602/124 650/603/124 651/604/124
f 651/604/124 652/605/124 653/606/124
f 653/606/124 654/607/124 655/608/124
f 655/608/124 656/610/124 657/609/124
f 657/609/124 658/611/124 628/583/124
f 628/583/124 629/519/124 631/585/124
f 631/585/124 633/587/124 635/590/124
f 635/590/124 637/518/124 639/593/124
f 639/593/124 641/595/124 643/597/124
f 643/597/124 645/517/124 647/599/124
f 647/599/124 649/602/124 651/604/124
f 651/604/124 653/606/124 655/608/124
f 655/608/124 657/609/124 628/583/124
f 628/583/124 631/585/124 635/590/124
f 635/590/124 639/593/124 643/597/124
f 643/597/124 647/599/124 651/604/124
f 651/604/124 655/608/124 628/583/124
f 628/583/124 635/590/124 643/597/124
f 443/472/408 668/520/408 667/550/409
f 682/521/410 681/146/299 456/147/299
f 444/474/411 669/522/411 668/520/408
f 683/523/412 682/521/410 457/499/410
f 670/524/413 669/522/411 444/474/411
f 684/525/414 683/523/412 458/503/412
f 671/526/415 670/524/413 445/476/413
f 460/507/416 685/527/416 684/525/414
f 672/528/417 671/526/415 446/478/415
f 461/506/418 686/529/418 685/527/416
f 673/530/419 672/528/417 447/480/417
f 659/531/420 660/544/421 435/457/421
f 462/511/422 687/532/422 686/529/418
f 449/487/423 674/533/423 673/530/419
f 436/458/424 661/534/424 659/531/420
f 463/510/425 688/535/425 687/532/422
f 675/536/426 674/533/423 449/487/423
f 662/537/427 661/534/424 436/458/424
f 464/515/428 689/538/428 688/535/425
f 451/491/429 676/539/429 675/536/426
f 663/540/430 662/537/427 437/460/427
f 690/541/431 689/538/428 464/515/428
f 677/542/432 676/539/429 451/491/429
f 664/543/434 663/540/430 438/462/430
f 660/544/421 690/541/431 465/514/431
f 678/545/435 677/542/432 452/490/433
f 665/546/436 664/543/434 439/464/434
f 679/547/437 678/545/435 453/492/435
f 666/548/438 665/546/436 440/466/436
f 680/549/300 679/547/437 454/496/437
f 667/550/409 666/548/438 441/468/438
f 660/544/124 659/531/124 691/551/124
f 691/551/124 659/531/124 661/534/124
f 661/534/124 662/537/124 694/553/124
f 662/537/124 663/540/124 695/555/124
f 695/555/124 663/540/124 664/543/124
f 696/557/124 664/543/124 665/546/124
f 665/546/124 666/548/124 698/558/124
f 666/548/124 667/550/124 699/560/124
f 667/550/124 668/520/124 700/559/124
f 668/520/124 669/522/124 701/561/124
f 669/522/124 670/524/124 702/562/124
f 670/524/124 671/526/124 703/563/124
f 671/526/124 672/528/124 704/564/124
f 704/564/124 672/528/124 673/530/124
f 673/530/124 674/533/124 706/567/124
f 674/533/124 675/536/124 707/566/124
f 675/536/124 676/539/124 708/568/124
f 676/539/124 677/542/124 709/569/124
f 677/542/124 678/545/124 710/570/124
f 710/570/124 678/545/124 679/547/124
f 679/547/124 680/549/124 712/571/124
f 712/571/124 680/549/124 681/146/124
f 681/146/124 682/521/124 714/573/124
f 682/521/124 683/523/124 715/576/124
f 683/523/124 684/525/124 716/575/124
f 716/575/124 684/525/124 685/527/124
f 685/527/124 686/529/124 718/579/124
f 686/529/124 687/532/124 719/578/124
f 687/532/124 688/535/124 720/580/124
f 720/580/124 688/535/124 689/538/124
f 721/581/124 689/538/124 690/541/124
f 690/541/124 660/544/124 692/552/124
f 628/583/439 692/552/439 691/551/440
f 627/584/440 691/551/440 693/554/441
f 693/554/441 694/553/442 630/586/442
f 694/553/442 695/555/443 631/585/443
f 631/585/443 695/555/443 696/557/444
f 696/557/444 697/556/445 633/587/445
f 697/556/445 698/558/446 634/589/446
f 698/558/446 699/560/447 635/590/447
f 699/560/447 700/559/448 636/591/448
f 700/559/448 701/561/449 637/518/449
f 701/561/449 702/562/450 638/592/450
f 702/562/450 703/563/451 639/593/451
f 703/563/451 704/564/452 640/594/452
f 704/564/452 705/565/453 641/595/453
f 705/565/453 706/567/454 642/596/454
f 706/567/454 707/566/455 643/597/455
f 707/566/455 708/568/456 644/598/456
f 708/568/456 709/569/457 645/517/457
f 645/517/457 709/569/457 710/570/458
f 710/570/458 711/572/459 647/599/459
f 711/572/459 712/571/460 648/601/460
f 712/571/460 713/574/461 649/602/461
f 713/574/461 714/573/462 650/603/462
f 650/603/462 714/573/462 715/576/463
f 651/604/463 715/576/463 716/575/464
f 652/605/464 716/575/464 717/577/465
f 653/606/465 717/577/465 718/579/466
f 654/607/466 718/579/466 719/578/467
f 655/608/467 719/578/467 720/580/468
f 720/580/468 721/581/469 657/609/469
f 721/581/469 722/582/470 658/611/470
f 658/611/470 722/582/470 692/552/439
f 727/391/183 726/389/183 751/421/183
f 745/418/471 746/415/472 772/613/472
f 750/612/473 751/421/474 762/615/474
f 754/416/475 739/414/476 786/617/476
f 743/406/477 744/420/478 776/619/478
f 748/411/479 749/408/480 766/621/480
f 741/410/481 742/407/482 780/623/482
f 753/417/483 754/416/475 756/618/475
f 746/415/472 747/413/484 770/626/484
f 762/615/474 751/421/474 752/419/485
f 786/617/476 739/414/476 740/412/486
f 744/420/478 745/418/471 774/614/471
f 749/408/480 750/683/473 764/627/473
f 742/407/482 743/406/477 778/620/477
f 747/413/484 748/411/479 768/622/479
f 752/419/485 753/417/483 758/625/483
f 784/629/486 740/412/486 741/410/481
f 757/630/66 758/625/66 756/618/97
f 759/632/44 760/628/44 758/625/66
f 761/633/38 762/615/38 760/628/44
f 763/634/33 764/616/33 762/615/38
f 765/636/60 766/621/60 764/627/33
f 767/637/45 768/622/45 766/621/60
f 767/637/45 769/638/56 770/626/56
f 769/638/56 771/639/39 772/613/39
f 773/640/52 774/614/52 772/613/39
f 775/641/68 776/619/68 774/614/52
f 777/642/48 778/620/48 776/619/68
f 779/643/64 780/623/64 778/620/48
f 781/644/42 782/624/42 780/623/64
f 783/645/62 784/629/62 782/624/42
f 785/646/49 786/617/49 784/629/62
f 785/646/49 755/631/97 756/618/97
f 757/686/183 755/709/183 785/649/183
f 785/649/183 783/718/183 781/717/183
f 781/717/183 779/716/183 777/648/183
f 777/648/183 775/715/183 773/684/183
f 773/684/183 771/714/183 769/647/183
f 769/647/183 767/713/183 765/685/183
f 765/685/183 763/712/183 761/711/183
f 761/711/183 759/710/183 757/686/183
f 757/686/183 785/649/183 781/717/183
f 781/717/183 777/648/183 773/684/183
f 773/684/183 769/647/183 765/685/183
f 765/685/183 761/711/183 757/686/183
f 757/686/183 781/717/183 773/684/183
f 853/139/487 854/260/487 851/262/488
f 856/170/489 852/704/488 851/120/488
f 856/687/489 855/123/489 857/79/490
f 860/182/491 858/705/490 857/79/490
f 860/688/491 859/113/491 861/115/492
f 862/689/492 861/70/492 863/72/493
f 864/151/493 863/72/493 865/134/494
f 868/154/495 866/152/494 865/61/494
f 868/154/495 867/63/495 869/92/496
f 872/158/497 870/703/496 869/106/496
f 872/690/497 871/125/497 873/127/498
f 874/163/498 873/127/498 875/82/499
f 876/658/499 875/82/499 877/84/500
f 878/168/500 877/98/500 879/100/501
f 880/691/501 879/100/501 881/117/502
f 884/178/503 882/177/502 881/117/502
f 884/178/503 883/73/503 885/75/504
f 888/184/505 886/706/504 885/75/504
f 888/692/505 887/94/505 889/110/506
f 892/150/507 890/652/506 889/128/506
f 892/653/507 891/130/507 893/85/508
f 894/693/508 893/85/508 895/87/509
f 896/155/509 895/87/509 897/102/510
f 898/694/510 897/102/510 899/119/511
f 900/656/511 899/119/511 901/138/512
f 904/165/513 902/162/512 901/76/512
f 906/167/514 904/657/513 903/78/513
f 906/695/514 905/96/514 907/112/515
f 908/696/515 907/112/515 909/132/516
f 910/176/516 909/132/516 911/144/517
f 912/663/517 911/88/517 913/90/518
f 914/697/518 913/173/518 854/175/487
f 789/264/519 790/105/519 787/103/520
f 791/289/521 792/302/521 790/303/519
f 791/292/521 793/293/522 794/188/522
f 793/293/522 795/297/523 796/191/523
f 797/301/524 798/194/524 796/196/523
f 799/305/525 800/197/525 798/199/524
f 799/305/525 801/307/526 802/200/526
f 801/265/526 803/266/527 804/203/527
f 805/269/528 806/206/528 804/203/527
f 807/272/529 808/707/529 806/206/528
f 809/275/530 810/210/530 808/211/529
f 809/275/530 811/277/531 812/212/531
f 813/279/532 814/667/532 812/214/531
f 815/282/533 816/220/533 814/217/532
f 817/287/534 818/219/534 816/220/533
f 817/287/534 819/291/535 820/698/535
f 821/296/536 822/223/536 820/224/535
f 823/300/537 824/225/537 822/227/536
f 823/300/537 825/304/538 826/228/538
f 827/306/539 828/672/539 826/230/538
f 829/234/540 830/235/540 828/236/539
f 831/267/541 832/67/541 830/69/540
f 833/271/542 834/237/542 832/239/541
f 833/271/542 835/273/543 836/240/543
f 837/276/544 838/242/544 836/240/543
f 839/278/545 840/244/545 838/246/544
f 839/280/545 841/281/546 842/247/546
f 841/284/546 843/285/547 844/249/547
f 843/285/547 845/290/548 846/251/548
f 847/295/549 848/254/549 846/256/548
f 847/298/549 849/299/550 850/257/550
f 788/263/520 787/185/520 850/187/550
f 981/175/551 982/139/551 979/140/552
f 980/262/552 979/704/552 983/170/553
f 984/122/553 983/722/553 985/660/554
f 986/79/554 985/705/554 987/662/555
f 988/81/555 987/650/555 989/97/556
f 990/115/556 989/689/556 991/149/557
f 992/72/557 991/151/557 993/152/558
f 994/134/558 993/152/558 995/154/559
f 996/63/559 995/154/559 997/654/560
f 998/92/560 997/703/560 999/655/561
f 1000/108/561 999/721/561 1001/161/562
f 1004/82/563 1002/127/562 1001/163/562
f 1006/98/564 1004/82/563 1003/658/563
f 1006/84/564 1005/659/564 1007/169/565
f 1010/117/566 1008/100/565 1007/699/565
f 1010/117/566 1009/177/566 1011/178/567
f 1012/136/567 1011/178/567 1013/661/568
f 1014/75/568 1013/661/568 1015/184/569
f 1018/128/570 1016/94/569 1015/692/569
f 1018/110/570 1017/720/570 1019/653/571
f 1020/130/571 1019/653/571 1021/153/572
f 1022/85/572 1021/693/572 1023/155/573
f 1024/87/573 1023/155/573 1025/700/574
f 1028/119/575 1026/102/574 1025/694/574
f 1028/119/575 1027/159/575 1029/701/576
f 1030/138/576 1029/162/576 1031/657/577
f 1032/78/577 1031/657/577 1033/167/578
f 1036/112/579 1034/96/578 1033/167/578
f 1038/132/580 1036/112/579 1035/171/579
f 1040/88/581 1038/132/580 1037/176/580
f 1040/144/581 1039/663/581 1041/183/582
f 1042/90/582 1041/719/582 982/651/551
f 917/105/583 918/288/583 915/263/584
f 919/675/585 920/292/585 918/264/583
f 921/188/586 922/293/586 920/289/585
f 923/665/587 924/680/587 922/293/586
f 923/665/587 925/194/588 926/681/588
f 925/199/588 927/197/589 928/305/589
f 929/205/590 930/265/590 928/305/589
f 931/203/591 932/268/591 930/307/590
f 933/206/592 934/676/592 932/266/591
f 935/666/593 936/274/593 934/269/592
f 937/210/594 938/275/594 936/272/593
f 939/214/595 940/678/595 938/275/594
f 939/212/595 941/217/596 942/279/596
f 943/220/597 944/286/597 942/679/596
f 945/219/598 946/287/598 944/282/597
f 947/224/599 948/291/599 946/287/598
f 947/224/599 949/223/600 950/296/600
f 949/223/600 951/669/601 952/300/601
f 953/228/602 954/304/602 952/300/601
f 953/670/602 955/236/603 956/233/603
f 955/672/603 957/69/604 958/671/604
f 957/235/604 959/67/605 960/270/605
f 961/237/606 962/271/606 960/267/605
f 963/240/607 964/273/607 962/271/606
f 963/240/607 965/674/608 966/677/608
f 967/244/609 968/280/609 966/276/608
f 969/247/610 970/284/610 968/278/609
f 971/253/611 972/285/611 970/281/610
f 973/256/612 974/294/612 972/285/611
f 975/259/613 976/298/613 974/290/612
f 977/257/614 978/283/614 976/295/613
f 916/664/584 915/263/584 978/299/614
f 787/103/103 790/105/133 99/104/133
o WheelPair.005
v -0.710000 0.600000 -1.101000
v -0.710000 0.521769 -1.093295
v -0.710000 0.446544 -1.070476
v -0.710000 0.377216 -1.033419
v -0.710000 0.316450 -0.983550
v -0.710000 0.266581 -0.922784
v -0.710000 0.229524 -0.853456
v -0.710000 0.206705 -0.778231
v -0.710000 0.199000 -0.700000
v -0.710000 0.206705 -0.621769
v -0.710000 0.229524 -0.546544
v -0.710000 0.266581 -0.477216
v -0.710000 0.316450 -0.416450
v -0.710000 0.377216 -0.366581
v -0.710000 0.446544 -0.329524
v -0.710000 0.521769 -0.306705
v -0.710000 0.600000 -0.299000
v -0.710000 0.678231 -0.306705
v -0.710000 0.753456 -0.329524
v -0.710000 0.822784 -0.366581
v -0.710000 0.883550 -0.416450
v -0.710000 0.933419 -0.477216
v -0.710000 0.970476 -0.546544
v -0.710000 0.993295 -0.621769
v -0.710000 1.001000 -0.700000
v -0.710000 0.993295 -0.778231
v -0.710000 0.970476 -0.853456
v -0.710000 0.933419 -0.922784
v -0.710000 0.883550 -0.983550
v -0.710000 0.822784 -1.033419
v -0.710000 0.753456 -1.070476
v -0.710000 0.678231 -1.093295
v -0.680000 0.531393 -1.044914
v -0.680000 0.600000 -1.051671
v -0.680000 0.465421 -1.024902
v -0.680000 0.404622 -0.992404
v -0.680000 0.351331 -0.948669
v -0.680000 0.307596 -0.895378
v -0.680000 0.275099 -0.834579
v -0.680000 0.255086 -0.768607
v -0.680000 0.248329 -0.700000
v -0.680000 0.255086 -0.631392
v -0.680000 0.275099 -0.565421
v -0.680000 0.307596 -0.504622
v -0.680000 0.351331 -0.451331
v -0.680000 0.404622 -0.407596
v -0.680000 0.465421 -0.375098
v -0.680000 0.531393 -0.355086
v -0.680000 0.600000 -0.348329
v -0.680000 0.668608 -0.355086
v -0.680000 0.734579 -0.375098
v -0.680000 0.795378 -0.407596
v -0.680000 0.848669 -0.451331
v -0.680000 0.892404 -0.504622
v -0.680000 0.924902 -0.565421
v -0.680000 0.944914 -0.631392
v -0.680000 0.951671 -0.700000
v -0.680000 0.944914 -0.768607
v -0.680000 0.924902 -0.834579
v -0.680000 0.892404 -0.895378
v -0.680000 0.848669 -0.948669
v -0.680000 0.795378 -0.992404
v -0.680000 0.734579 -1.024902
v -0.680000 0.668608 -1.044914
v -0.810000 0.600000 -1.095002
v -0.810000 0.522939 -1.087412
v -0.810000 0.448839 -1.064934
v -0.810000 0.380549 -1.028432
v -0.810000 0.320692 -0.979308
v -0.810000 0.271568 -0.919451
v -0.810000 0.235066 -0.851161
v -0.810000 0.212588 -0.777061
v -0.810000 0.204998 -0.700000
v -0.810000 0.212588 -0.622939
v -0.810000 0.235066 -0.548839
v -0.810000 0.271568 -0.480549
v -0.810000 0.320692 -0.420692
v -0.810000 0.380549 -0.371568
v -0.810000 0.448839 -0.335066
v -0.810000 0.522939 -0.312588
v -0.810000 0.600000 -0.304998
v -0.810000 0.677061 -0.312588
v -0.810000 0.751161 -0.335066
v -0.810000 0.819451 -0.371568
v -0.810000 0.879308 -0.420692
v -0.810000 0.928432 -0.480549
v -0.810000 0.964934 -0.548839
v -0.810000 0.987412 -0.622939
v -0.810000 0.995002 -0.700000
v -0.810000 0.987412 -0.777061
v -0.810000 0.964934 -0.851161
v -0.810000 0.928432 -0.919451
v -0.810000 0.879308 -0.979308
v -0.810000 0.819451 -1.028432
v -0.810000 0.751161 -1.064934
v -0.810000 0.677061 -1.087412
v -0.770000 0.600000 -0.700000
v -0.780000 0.600000 -1.040010
v -0.780000 0.533667 -1.033477
v -0.780000 0.469884 -1.014129
v -0.780000 0.411100 -0.982708
v -0.780000 0.359576 -0.940424
v -0.780000 0.317292 -0.888900
v -0.780000 0.285871 -0.830116
v -0.780000 0.266523 -0.766333
v -0.780000 0.259990 -0.700000
v -0.780000 0.266523 -0.633667
v -0.780000 0.285871 -0.569884
v -0.780000 0.317292 -0.511100
v -0.780000 0.359576 -0.459576
v -0.780000 0.411100 -0.417292
v -0.780000 0.469884 -0.385871
v -0.780000 0.533667 -0.366523
v -0.780000 0.600000 -0.359989
v -0.780000 0.666333 -0.366523
v -0.780000 0.730116 -0.385871
v -0.780000 0.788900 -0.417292
v -0.780000 0.840424 -0.459576
v -0.780000 0.882708 -0.511100
v -0.780000 0.914129 -0.569884
v -0.780000 0.933477 -0.633667
v -0.780000 0.940010 -0.700000
v -0.780000 0.933477 -0.766333
v -0.780000 0.914129 -0.830116
v -0.780000 0.882708 -0.888900
v -0.780000 0.840424 -0.940424
v -0.780000 0.788900 -0.982708
v -0.780000 0.730116 -1.014129
v -0.780000 0.666333 -1.033477
v -0.780000 0.600000 -0.939526
v -0.780000 0.553271 -0.934924
v -0.780000 0.508337 -0.921294
v -0.780000 0.466926 -0.899159
v -0.780000 0.430629 -0.869371
v -0.780000 0.400841 -0.833074
v -0.780000 0.378706 -0.791663
v -0.780000 0.365076 -0.746729
v -0.780000 0.360473 -0.700000
v -0.780000 0.365076 -0.653271
v -0.780000 0.378706 -0.608337
v -0.780000 0.400841 -0.566926
v -0.780000 0.430629 -0.530629
v -0.780000 0.466926 -0.500841
v -0.780000 0.508337 -0.478706
v -0.780000 0.553271 -0.465076
v -0.780000 0.600000 -0.460473
v -0.780000 0.646729 -0.465076
v -0.780000 0.691663 -0.478706
v -0.780000 0.733074 -0.500841
v -0.780000 0.769371 -0.530629
v -0.780000 0.799159 -0.566926
v -0.780000 0.821294 -0.608337
v -0.780000 0.834924 -0.653271
v -0.780000 0.839527 -0.700000
v -0.780000 0.834924 -0.746729
v -0.780000 0.821294 -0.791663
v -0.780000 0.799159 -0.833074
v -0.780000 0.769371 -0.869371
v -0.780000 0.733074 -0.899159
v -0.780000 0.691663 -0.921294
v -0.780000 0.646729 -0.934924
v -0.770000 0.638501 -0.792949
v -0.770000 0.671141 -0.771140
v -0.770000 0.692950 -0.738501
v -0.770000 0.700608 -0.700000
v -0.770000 0.692950 -0.661499
v -0.770000 0.671141 -0.628859
v -0.770000 0.638501 -0.607050
v -0.770000 0.600000 -0.599392
v -0.770000 0.561499 -0.607050
v -0.770000 0.528860 -0.628859
v -0.770000 0.507051 -0.661499
v -0.770000 0.499392 -0.700000
v -0.770000 0.507051 -0.738501
v -0.770000 0.528860 -0.771140
v -0.770000 0.561499 -0.792949
v -0.770000 0.600000 -0.800608
v -0.680000 0.600000 -0.775000
v -0.000000 0.600000 -0.775000
v -0.680000 0.571299 -0.769291
v 0.000000 0.571299 -0.769291
v -0.680000 0.546967 -0.753033
v 0.000000 0.546967 -0.753033
v -0.680000 0.530709 -0.728701
v 0.000000 0.530709 -0.728701
v -0.680000 0.525000 -0.700000
v 0.000000 0.525000 -0.700000
v -0.680000 0.530709 -0.671299
v 0.000000 0.530709 -0.671299
v -0.680000 0.546967 -0.646967
v 0.000000 0.546967 -0.646967
v -0.680000 0.571299 -0.630709
v 0.000000 0.571299 -0.630709
v -0.680000 0.600000 -0.625000
v -0.000000 0.600000 -0.625000
v -0.680000 0.628701 -0.630709
v -0.000000 0.628701 -0.630709
v -0.680000 0.653033 -0.646967
v -0.000000 0.653033 -0.646967
v -0.680000 0.669291 -0.671299
v -0.000000 0.669291 -0.671299
v -0.680000 0.675000 -0.700000
v -0.000000 0.675000 -0.700000
v -0.680000 0.669291 -0.728701
v -0.000000 0.669291 -0.728701
v -0.680000 0.653033 -0.753033
v -0.000000 0.653033 -0.753033
v -0.680000 0.628701 -0.769291
v -0.000000 0.628701 -0.769291
v -0.680000 0.518062 -1.111930
v -0.680000 0.600000 -1.120000
v -0.680000 0.439273 -1.088029
v -0.680000 0.366661 -1.049217
v -0.680000 0.303015 -0.996985
v -0.680000 0.250783 -0.933339
v -0.680000 0.211971 -0.860727
v -0.680000 0.188070 -0.781938
v -0.680000 0.180000 -0.700000
v -0.680000 0.188070 -0.618062
v -0.680000 0.211971 -0.539273
v -0.680000 0.250783 -0.466660
v -0.680000 0.303015 -0.403015
v -0.680000 0.366661 -0.350783
v -0.680000 0.439273 -0.311971
v -0.680000 0.518062 -0.288070
v -0.680000 0.600000 -0.280000
v -0.680000 0.681938 -0.288070
v -0.680000 0.760727 -0.311971
v -0.680000 0.833340 -0.350783
v -0.680000 0.896985 -0.403015
v -0.680000 0.949217 -0.466660
v -0.680000 0.988029 -0.539273
v -0.680000 1.011930 -0.618062
v -0.680000 1.020000 -0.700000
v -0.680000 1.011930 -0.781938
v -0.680000 0.988029 -0.860727
v -0.680000 0.949217 -0.933339
v -0.680000 0.896985 -0.996985
v -0.680000 0.833340 -1.049217
v -0.680000 0.760727 -1.088029
v -0.680000 0.681938 -1.111930
v -0.680000 0.580769 -0.796682
v -0.680000 0.600000 -0.798577
v -0.680000 0.562276 -0.791073
v -0.680000 0.545234 -0.781963
v -0.680000 0.530296 -0.769704
v -0.680000 0.518037 -0.754766
v -0.680000 0.508927 -0.737724
v -0.680000 0.503318 -0.719231
v -0.680000 0.501423 -0.700000
v -0.680000 0.503318 -0.680769
v -0.680000 0.508927 -0.662276
v -0.680000 0.518037 -0.645234
v -0.680000 0.530296 -0.630296
v -0.680000 0.545234 -0.618036
v -0.680000 0.562276 -0.608927
v -0.680000 0.580769 -0.603317
v -0.680000 0.600000 -0.601423
v -0.680000 0.619231 -0.603317
v -0.680000 0.637724 -0.608927
v -0.680000 0.654766 -0.618036
v -0.680000 0.669704 -0.630296
v -0.680000 0.681964 -0.645234
v -0.680000 0.691073 -0.662276
v -0.680000 0.696683 -0.680769
v -0.680000 0.698577 -0.700000
v -0.680000 0.696683 -0.719231
v -0.680000 0.691073 -0.737724
v -0.680000 0.681964 -0.754766
v -0.680000 0.669704 -0.769704
v -0.680000 0.654766 -0.781963
v -0.680000 0.637724 -0.791073
v -0.680000 0.619231 -0.796682
v -0.700000 0.533679 -1.033417
v -0.700000 0.600000 -1.039948
v -0.700000 0.469907 -1.014071
v -0.700000 0.411135 -0.982657
v -0.700000 0.359620 -0.940380
v -0.700000 0.317343 -0.888865
v -0.700000 0.285929 -0.830093
v -0.700000 0.266584 -0.766321
v -0.700000 0.260052 -0.700000
v -0.700000 0.266584 -0.633679
v -0.700000 0.285929 -0.569907
v -0.700000 0.317343 -0.511135
v -0.700000 0.359620 -0.459620
v -0.700000 0.411135 -0.417343
v -0.700000 0.469907 -0.385928
v -0.700000 0.533679 -0.366583
v -0.700000 0.600000 -0.360051
v -0.700000 0.666321 -0.366583
v -0.700000 0.730093 -0.385928
v -0.700000 0.788865 -0.417343
v -0.700000 0.840380 -0.459620
v -0.700000 0.882657 -0.511135
v -0.700000 0.914072 -0.569907
v -0.700000 0.933417 -0.633679
v -0.700000 0.939949 -0.700000
v -0.700000 0.933417 -0.766321
v -0.700000 0.914072 -0.830093
v -0.700000 0.882657 -0.888865
v -0.700000 0.840380 -0.940380
v -0.700000 0.788865 -0.982657
v -0.700000 0.730093 -1.014071
v -0.700000 0.666321 -1.033417
v -0.700000 0.580485 -0.798111
v -0.700000 0.600000 -0.800033
v -0.700000 0.561719 -0.792419
v -0.700000 0.544425 -0.783175
v -0.700000 0.529266 -0.770734
v -0.700000 0.516825 -0.755575
v -0.700000 0.507581 -0.738281
v -0.700000 0.501889 -0.719515
v -0.700000 0.499967 -0.700000
v -0.700000 0.501889 -0.680484
v -0.700000 0.507581 -0.661719
v -0.700000 0.516825 -0.644424
v -0.700000 0.529266 -0.629266
v -0.700000 0.544425 -0.616825
v -0.700000 0.561719 -0.607581
v -0.700000 0.580485 -0.601889
v -0.700000 0.600000 -0.599967
v -0.700000 0.619516 -0.601889
v -0.700000 0.638281 -0.607581
v -0.700000 0.655576 -0.616825
v -0.700000 0.670734 -0.629266
v -0.700000 0.683175 -0.644424
v -0.700000 0.692419 -0.661719
v -0.700000 0.698111 -0.680484
v -0.700000 0.700033 -0.700000
v -0.700000 0.698111 -0.719516
v -0.700000 0.692419 -0.738281
v -0.700000 0.683175 -0.755575
v -0.700000 0.670734 -0.770734
v -0.700000 0.655576 -0.783175
v -0.700000 0.638281 -0.792419
v -0.700000 0.619516 -0.798111
v -0.810000 0.600000 -0.781795
v -0.810000 0.568699 -0.775569
v -0.810000 0.542162 -0.757838
v -0.810000 0.524431 -0.731301
v -0.810000 0.518205 -0.700000
v -0.810000 0.524431 -0.668698
v -0.810000 0.542162 -0.642162
v -0.810000 0.568699 -0.624431
v -0.810000 0.600000 -0.618205
v -0.810000 0.631302 -0.624431
v -0.810000 0.657838 -0.642162
v -0.810000 0.675569 -0.668698
v -0.810000 0.681795 -0.700000
v -0.810000 0.675569 -0.731301
v -0.810000 0.657838 -0.757838
v -0.810000 0.631302 -0.775569
v -0.810000 0.625449 -0.761438
v -0.810000 0.647023 -0.747022
v -0.810000 0.661438 -0.725448
v -0.810000 0.666500 -0.700000
v -0.810000 0.661438 -0.674551
v -0.810000 0.647023 -0.652977
v -0.810000 0.625449 -0.638562
v -0.810000 0.600000 -0.633500
v -0.810000 0.574552 -0.638562
v -0.810000 0.552978 -0.652977
v -0.810000 0.538562 -0.674551
v -0.810000 0.533500 -0.700000
v -0.810000 0.538562 -0.725448
v -0.810000 0.552978 -0.747022
v -0.810000 0.574552 -0.761438
v -0.810000 0.600000 -0.766500
v -1.000000 0.600000 -0.750000
v -0.830000 0.600000 -0.750000
v -1.000000 0.580866 -0.746194
v -0.830000 0.580866 -0.746194
v -1.000000 0.564645 -0.735355
v -0.830000 0.564645 -0.735355
v -1.000000 0.553806 -0.719134
v -0.830000 0.553806 -0.719134
v -1.000000 0.550000 -0.700000
v -0.830000 0.550000 -0.700000
v -1.000000 0.553806 -0.680866
v -0.830000 0.553806 -0.680866
v -1.000000 0.564645 -0.664644
v -0.830000 0.564645 -0.664644
v -1.000000 0.580866 -0.653806
v -0.830000 0.580866 -0.653806
v -1.000000 0.600000 -0.650000
v -0.830000 0.600000 -0.650000
v -1.000000 0.619134 -0.653806
v -0.830000 0.619134 -0.653806
v -1.000000 0.635356 -0.664644
v -0.830000 0.635356 -0.664644
v -1.000000 0.646194 -0.680866
v -0.830000 0.646194 -0.680866
v -1.000000 0.650000 -0.700000
v -0.830000 0.650000 -0.700000
v -1.000000 0.646194 -0.719134
v -0.830000 0.646194 -0.719134
v -1.000000 0.635356 -0.735355
v -0.830000 0.635356 -0.735355
v -1.000000 0.619134 -0.746194
v -0.830000 0.619134 -0.746194
v 0.710000 0.600000 -1.101000
v 0.710000 0.521769 -1.093295
v 0.710000 0.446544 -1.070476
v 0.710000 0.377217 -1.033419
v 0.710000 0.316451 -0.983550
v 0.710000 0.266581 -0.922784
v 0.710000 0.229525 -0.853456
v 0.710000 0.206706 -0.778231
v 0.710000 0.199000 -0.700000
v 0.710000 0.206706 -0.621769
v 0.710000 0.229525 -0.546544
v 0.710000 0.266581 -0.477216
v 0.710000 0.316451 -0.416450
v 0.710000 0.377217 -0.366581
v 0.710000 0.446544 -0.329524
v 0.710000 0.521769 -0.306705
v 0.710000 0.600000 -0.299000
v 0.710000 0.678232 -0.306705
v 0.710000 0.753456 -0.329524
v 0.710000 0.822784 -0.366581
v 0.710000 0.883550 -0.416450
v 0.710000 0.933420 -0.477216
v 0.710000 0.970476 -0.546544
v 0.710000 0.993295 -0.621769
v 0.710000 1.001000 -0.700000
v 0.710000 0.993295 -0.778231
v 0.710000 0.970476 -0.853456
v 0.710000 0.933420 -0.922784
v 0.710000 0.883550 -0.983550
v 0.710000 0.822784 -1.033419
v 0.710000 0.753456 -1.070476
v 0.710000 0.678232 -1.093295
v 0.680000 0.531393 -1.044914
v 0.680000 0.600000 -1.051671
v 0.680000 0.465422 -1.024902
v 0.680000 0.404622 -0.992404
v 0.680000 0.351331 -0.948669
v 0.680000 0.307597 -0.895378
v 0.680000 0.275099 -0.834579
v 0.680000 0.255087 -0.768607
v 0.680000 0.248329 -0.700000
v 0.680000 0.255087 -0.631392
v 0.680000 0.275099 -0.565421
v 0.680000 0.307597 -0.504622
v 0.680000 0.351332 -0.451331
v 0.680000 0.404622 -0.407596
v 0.680000 0.465422 -0.375098
v 0.680000 0.531393 -0.355086
v 0.680000 0.600000 -0.348329
v 0.680000 0.668608 -0.355086
v 0.680000 0.734579 -0.375098
v 0.680000 0.795378 -0.407596
v 0.680000 0.848669 -0.451331
v 0.680000 0.892404 -0.504622
v 0.680000 0.924902 -0.565421
v 0.680000 0.944914 -0.631392
v 0.680000 0.951671 -0.700000
v 0.680000 0.944914 -0.768607
v 0.680000 0.924902 -0.834579
v 0.680000 0.892404 -0.895378
v 0.680000 0.848669 -0.948669
v 0.680000 0.795378 -0.992404
v 0.680000 0.734579 -1.024902
v 0.680000 0.668608 -1.044914
v 0.810000 0.600000 -1.095002
v 0.810000 0.522939 -1.087412
v 0.810000 0.448840 -1.064934
v 0.810000 0.380549 -1.028432
v 0.810000 0.320692 -0.979308
v 0.810000 0.271568 -0.919451
v 0.810000 0.235066 -0.851161
v 0.810000 0.212588 -0.777061
v 0.810000 0.204998 -0.700000
v 0.810000 0.212588 -0.622939
v 0.810000 0.235066 -0.548839
v 0.810000 0.271568 -0.480549
v 0.810000 0.320692 -0.420692
v 0.810000 0.380549 -0.371568
v 0.810000 0.448840 -0.335066
v 0.810000 0.522939 -0.312588
v 0.810000 0.600000 -0.304998
v 0.810000 0.677061 -0.312588
v 0.810000 0.751161 -0.335066
v 0.810000 0.819452 -0.371568
v 0.810000 0.879309 -0.420692
v 0.810000 0.928432 -0.480549
v 0.810000 0.964934 -0.548839
v 0.810000 0.987412 -0.622939
v 0.810000 0.995002 -0.700000
v 0.810000 0.987412 -0.777061
v 0.810000 0.964934 -0.851161
v 0.810000 0.928432 -0.919451
v 0.810000 0.879309 -0.979308
v 0.810000 0.819452 -1.028432
v 0.810000 0.751161 -1.064934
v 0.810000 0.677061 -1.087412
v 0.770000 0.600000 -0.700000
v 0.780000 0.600000 -1.040010
v 0.780000 0.533668 -1.033477
v 0.780000 0.469884 -1.014129
v 0.780000 0.411101 -0.982708
v 0.780000 0.359577 -0.940424
v 0.780000 0.317292 -0.888900
v 0.780000 0.285872 -0.830116
v 0.780000 0.266523 -0.766333
v 0.780000 0.259990 -0.700000
v 0.780000 0.266523 -0.633667
v 0.780000 0.285872 -0.569884
v 0.780000 0.317292 -0.511100
v 0.780000 0.359577 -0.459576
v 0.780000 0.411101 -0.417292
v 0.780000 0.469884 -0.385871
v 0.780000 0.533668 -0.366523
v 0.780000 0.600000 -0.359989
v 0.780000 0.666333 -0.366523
v 0.780000 0.730117 -0.385871
v 0.780000 0.788900 -0.417292
v 0.780000 0.840424 -0.459576
v 0.780000 0.882709 -0.511100
v 0.780000 0.914129 -0.569884
v 0.780000 0.933477 -0.633667
v 0.780000 0.940011 -0.700000
v 0.780000 0.933477 -0.766333
v 0.780000 0.914129 -0.830116
v 0.780000 0.882709 -0.888900
v 0.780000 0.840424 -0.940424
v 0.780000 0.788900 -0.982708
v 0.780000 0.730117 -1.014129
v 0.780000 0.666333 -1.033477
v 0.780000 0.600000 -0.939526
v 0.780000 0.553271 -0.934924
v 0.780000 0.508337 -0.921294
v 0.780000 0.466926 -0.899159
v 0.780000 0.430629 -0.869371
v 0.780000 0.400841 -0.833074
v 0.780000 0.378707 -0.791663
v 0.780000 0.365076 -0.746729
v 0.780000 0.360474 -0.700000
v 0.780000 0.365076 -0.653271
v 0.780000 0.378707 -0.608337
v 0.780000 0.400841 -0.566926
v 0.780000 0.430629 -0.530629
v 0.780000 0.466926 -0.500841
v 0.780000 0.508337 -0.478706
v 0.780000 0.553271 -0.465076
v 0.780000 0.600000 -0.460473
v 0.780000 0.646730 -0.465076
v 0.780000 0.691663 -0.478706
v 0.780000 0.733074 -0.500841
v 0.780000 0.769371 -0.530629
v 0.780000 0.799159 -0.566926
v 0.780000 0.821294 -0.608337
v 0.780000 0.834924 -0.653271
v 0.780000 0.839527 -0.700000
v 0.780000 0.834924 -0.746729
v 0.780000 0.821294 -0.791663
v 0.780000 0.799159 -0.833074
v 0.780000 0.769371 -0.869371
v 0.780000 0.733074 -0.899159
v 0.780000 0.691663 -0.921294
v 0.780000 0.646730 -0.934924
v 0.770000 0.638501 -0.792949
v 0.770000 0.671141 -0.771140
v 0.770000 0.692950 -0.738501
v 0.770000 0.700608 -0.700000
v 0.770000 0.692950 -0.661499
v 0.770000 0.671141 -0.628859
v 0.770000 0.638501 -0.607050
v 0.770000 0.600000 -0.599392
v 0.770000 0.561499 -0.607050
v 0.770000 0.528860 -0.628859
v 0.770000 0.507051 -0.661499
v 0.770000 0.499393 -0.700000
v 0.770000 0.507051 -0.738501
v 0.770000 0.528860 -0.771140
v 0.770000 0.561499 -0.792949
v 0.770000 0.600001 -0.800608
v 0.680000 0.600000 -0.775000
v 0.680000 0.571299 -0.769291
v 0.680000 0.546967 -0.753033
v 0.680000 0.530710 -0.728701
v 0.680000 0.525000 -0.700000
v 0.680000 0.530709 -0.671299
v 0.680000 0.546967 -0.646967
v 0.680000 0.571299 -0.630709
v 0.680000 0.600000 -0.625000
v 0.680000 0.628702 -0.630709
v 0.680000 0.653033 -0.646967
v 0.680000 0.669291 -0.671299
v 0.680000 0.675000 -0.700000
v 0.680000 0.669291 -0.728701
v 0.680000 0.653033 -0.753033
v 0.680000 0.628702 -0.769291
v 0.680000 0.518062 -1.111930
v 0.680000 0.600000 -1.120000
v 0.680000 0.439273 -1.088029
v 0.680000 0.366661 -1.049217
v 0.680000 0.303016 -0.996985
v 0.680000 0.250783 -0.933339
v 0.680000 0.211971 -0.860727
v 0.680000 0.188071 -0.781938
v 0.680000 0.180000 -0.700000
v 0.680000 0.188071 -0.618062
v 0.680000 0.211971 -0.539273
v 0.680000 0.250783 -0.466660
v 0.680000 0.303016 -0.403015
v 0.680000 0.366661 -0.350783
v 0.680000 0.439273 -0.311971
v 0.680000 0.518062 -0.288070
v 0.680000 0.600000 -0.280000
v 0.680000 0.681938 -0.288070
v 0.680000 0.760727 -0.311971
v 0.680000 0.833340 -0.350783
v 0.680000 0.896985 -0.403015
v 0.680000 0.949218 -0.466660
v 0.680000 0.988030 -0.539273
v 0.680000 1.011930 -0.618062
v 0.680000 1.020000 -0.700000
v 0.680000 1.011930 -0.781938
v 0.680000 0.988030 -0.860727
v 0.680000 0.949218 -0.933339
v 0.680000 0.896985 -0.996985
v 0.680000 0.833340 -1.049217
v 0.680000 0.760727 -1.088029
v 0.680000 0.681938 -1.111930
v 0.680000 0.580769 -0.796682
v 0.680000 0.600000 -0.798577
v 0.680000 0.562277 -0.791073
v 0.680000 0.545234 -0.781963
v 0.680000 0.530296 -0.769704
v 0.680000 0.518037 -0.754766
v 0.680000 0.508927 -0.737724
v 0.680000 0.503318 -0.719231
v 0.680000 0.501424 -0.700000
v 0.680000 0.503318 -0.680769
v 0.680000 0.508927 -0.662276
v 0.680000 0.518037 -0.645234
v 0.680000 0.530296 -0.630296
v 0.680000 0.545234 -0.618036
v 0.680000 0.562277 -0.608927
v 0.680000 0.580769 -0.603317
v 0.680000 0.600000 -0.601423
v 0.680000 0.619232 -0.603317
v 0.680000 0.637724 -0.608927
v 0.680000 0.654767 -0.618036
v 0.680000 0.669705 -0.630296
v 0.680000 0.681964 -0.645234
v 0.680000 0.691073 -0.662276
v 0.680000 0.696683 -0.680769
v 0.680000 0.698577 -0.700000
v 0.680000 0.696683 -0.719231
v 0.680000 0.691073 -0.737724
v 0.680000 0.681964 -0.754766
v 0.680000 0.669705 -0.769704
v 0.680000 0.654767 -0.781963
v 0.680000 0.637724 -0.791073
v 0.680000 0.619232 -0.796682
v 0.700000 0.533680 -1.033417
v 0.700000 0.600000 -1.039948
v 0.700000 0.469908 -1.014071
v 0.700000 0.411135 -0.982657
v 0.700000 0.359620 -0.940380
v 0.700000 0.317344 -0.888865
v 0.700000 0.285929 -0.830093
v 0.700000 0.266584 -0.766321
v 0.700000 0.260052 -0.700000
v 0.700000 0.266584 -0.633679
v 0.700000 0.285929 -0.569907
v 0.700000 0.317344 -0.511135
v 0.700000 0.359620 -0.459620
v 0.700000 0.411135 -0.417343
v 0.700000 0.469908 -0.385928
v 0.700000 0.533680 -0.366583
v 0.700000 0.600000 -0.360051
v 0.700000 0.666321 -0.366583
v 0.700000 0.730093 -0.385928
v 0.700000 0.788866 -0.417343
v 0.700000 0.840380 -0.459620
v 0.700000 0.882657 -0.511135
v 0.700000 0.914072 -0.569907
v 0.700000 0.933417 -0.633679
v 0.700000 0.939949 -0.700000
v 0.700000 0.933417 -0.766321
v 0.700000 0.914072 -0.830093
v 0.700000 0.882657 -0.888865
v 0.700000 0.840380 -0.940380
v 0.700000 0.788866 -0.982657
v 0.700000 0.730093 -1.014071
v 0.700000 0.666321 -1.033417
v 0.700000 0.580485 -0.798111
v 0.700000 0.600000 -0.800033
v 0.700000 0.561719 -0.792419
v 0.700000 0.544425 -0.783175
v 0.700000 0.529266 -0.770734
v 0.700000 0.516826 -0.755575
v 0.700000 0.507582 -0.738281
v 0.700000 0.501889 -0.719515
v 0.700000 0.499967 -0.700000
v 0.700000 0.501889 -0.680484
v 0.700000 0.507582 -0.661719
v 0.700000 0.516826 -0.644424
v 0.700000 0.529266 -0.629266
v 0.700000 0.544425 -0.616825
v 0.700000 0.561719 -0.607581
v 0.700000 0.580485 -0.601889
v 0.700000 0.600000 -0.599967
v 0.700000 0.619516 -0.601889
v 0.700000 0.638282 -0.607581
v 0.700000 0.655576 -0.616825
v 0.700000 0.670735 -0.629266
v 0.700000 0.683175 -0.644424
v 0.700000 0.692419 -0.661719
v 0.700000 0.698112 -0.680484
v 0.700000 0.700034 -0.700000
v 0.700000 0.698112 -0.719516
v 0.700000 0.692419 -0.738281
v 0.700000 0.683175 -0.755575
v 0.700000 0.670735 -0.770734
v 0.700000 0.655576 -0.783175
v 0.700000 0.638282 -0.792419
v 0.700000 0.619516 -0.798111
v 0.810000 0.600001 -0.781795
v 0.810000 0.568699 -0.775569
v 0.810000 0.542163 -0.757838
v 0.810000 0.524432 -0.731301
v 0.810000 0.518205 -0.700000
v 0.810000 0.524432 -0.668698
v 0.810000 0.542163 -0.642162
v 0.810000 0.568699 -0.624431
v 0.810000 0.600001 -0.618205
v 0.810000 0.631302 -0.624431
v 0.810000 0.657838 -0.642162
v 0.810000 0.675569 -0.668698
v 0.810000 0.681795 -0.700000
v 0.810000 0.675569 -0.731301
v 0.810000 0.657838 -0.757838
v 0.810000 0.631302 -0.775569
v 0.810000 0.625449 -0.761438
v 0.810000 0.647023 -0.747022
v 0.810000 0.661438 -0.725448
v 0.810000 0.666500 -0.700000
v 0.810000 0.661438 -0.674551
v 0.810000 0.647023 -0.652977
v 0.810000 0.625449 -0.638562
v 0.810000 0.600001 -0.633500
v 0.810000 0.574552 -0.638562
v 0.810000 0.552978 -0.652977
v 0.810000 0.538562 -0.674551
v 0.810000 0.533500 -0.700000
v 0.810000 0.538562 -0.725448
v 0.810000 0.552978 -0.747022
v 0.810000 0.574552 -0.761438
v 0.810000 0.600001 -0.766500
v 1.000000 0.600001 -0.750000
v 0.830000 0.600001 -0.750000
v 1.000000 0.580866 -0.746194
v 0.830000 0.580866 -0.746194
v 1.000000 0.564645 -0.735355
v 0.830000 0.564645 -0.735355
v 1.000000 0.553807 -0.719134
v 0.830000 0.553806 -0.719134
v 1.000000 0.550001 -0.700000
v 0.830000 0.550000 -0.700000
v 1.000000 0.553807 -0.680866
v 0.830000 0.553806 -0.680866
v 1.000000 0.564645 -0.664644
v 0.830000 0.564645 -0.664644
v 1.000000 0.580866 -0.653806
v 0.830000 0.580866 -0.653806
v 1.000000 0.600001 -0.650000
v 0.830000 0.600001 -0.650000
v 1.000000 0.619135 -0.653806
v 0.830000 0.619135 -0.653806
v 1.000000 0.635356 -0.664644
v 0.830000 0.635356 -0.664644
v 1.000000 0.646195 -0.680866
v 0.830000 0.646194 -0.680866
v 1.000000 0.650001 -0.700000
v 0.830000 0.650000 -0.700000
v 1.000000 0.646195 -0.719134
v 0.830000 0.646194 -0.719134
v 1.000000 0.635356 -0.735355
v 0.830000 0.635356 -0.735355
v 1.000000 0.619135 -0.746194
v 0.830000 0.619135 -0.746194
v -0.806202 0.600000 -1.048722
v -0.810000 0.600000 -1.054004
v -0.810000 0.530937 -1.047202
v -0.806202 0.531968 -1.042022
v -0.810000 0.464528 -1.027057
v -0.806202 0.466550 -1.022177
v -0.810000 0.403326 -0.994344
v -0.806202 0.406260 -0.989952
v -0.810000 0.349681 -0.950319
v -0.806202 0.353416 -0.946584
v -0.810000 0.305656 -0.896674
v -0.806202 0.310048 -0.893740
v -0.810000 0.272943 -0.835472
v -0.806202 0.277822 -0.833450
v -0.810000 0.252798 -0.769063
v -0.806202 0.257978 -0.768032
v -0.810000 0.245996 -0.700000
v -0.806202 0.251278 -0.700000
v -0.810000 0.252798 -0.630937
v -0.806202 0.257978 -0.631968
v -0.810000 0.272943 -0.564528
v -0.806202 0.277822 -0.566550
v -0.810000 0.305656 -0.503326
v -0.806202 0.310048 -0.506260
v -0.810000 0.349681 -0.449681
v -0.806202 0.353416 -0.453416
v -0.810000 0.403326 -0.405656
v -0.806202 0.406260 -0.410048
v -0.810000 0.464528 -0.372943
v -0.806202 0.466550 -0.377822
v -0.810000 0.530937 -0.352798
v -0.806202 0.531968 -0.357978
v -0.810000 0.600000 -0.345996
v -0.806202 0.600000 -0.351278
v -0.810000 0.669063 -0.352798
v -0.806202 0.668032 -0.357978
v -0.810000 0.735472 -0.372943
v -0.806202 0.733450 -0.377822
v -0.810000 0.796674 -0.405656
v -0.806203 0.793740 -0.410048
v -0.810000 0.850319 -0.449681
v -0.806203 0.846584 -0.453416
v -0.810000 0.894344 -0.503326
v -0.806203 0.889952 -0.506260
v -0.810000 0.927057 -0.564528
v -0.806203 0.922177 -0.566550
v -0.810000 0.947202 -0.630937
v -0.806203 0.942022 -0.631968
v -0.810000 0.954004 -0.700000
v -0.806203 0.948722 -0.700000
v -0.810000 0.947202 -0.769063
v -0.806203 0.942022 -0.768032
v -0.810000 0.927057 -0.835472
v -0.806203 0.922177 -0.833450
v -0.810000 0.894344 -0.896674
v -0.806203 0.889952 -0.893740
v -0.810000 0.850319 -0.950319
v -0.806203 0.846584 -0.946584
v -0.810000 0.796674 -0.994344
v -0.806203 0.793740 -0.989952
v -0.810000 0.735472 -1.027057
v -0.806202 0.733450 -1.022177
v -0.810000 0.669063 -1.047202
v -0.806202 0.668032 -1.042022
v -0.696000 0.518062 -1.111930
v -0.701870 0.518755 -1.108445
v -0.701870 0.600000 -1.116447
v -0.696000 0.600000 -1.120000
v -0.696000 0.439273 -1.088029
v -0.701870 0.440633 -1.084747
v -0.696000 0.366661 -1.049217
v -0.701870 0.368635 -1.046263
v -0.696000 0.303015 -0.996985
v -0.701870 0.305528 -0.994472
v -0.696000 0.250783 -0.933339
v -0.701870 0.253737 -0.931365
v -0.696000 0.211971 -0.860727
v -0.701870 0.215253 -0.859367
v -0.696000 0.188070 -0.781938
v -0.701870 0.191555 -0.781245
v -0.696000 0.180000 -0.700000
v -0.701870 0.183553 -0.700000
v -0.696000 0.188070 -0.618062
v -0.701870 0.191555 -0.618755
v -0.696000 0.211971 -0.539273
v -0.701870 0.215253 -0.540633
v -0.696000 0.250783 -0.466660
v -0.701870 0.253737 -0.468634
v -0.696000 0.303015 -0.403015
v -0.701870 0.305528 -0.405528
v -0.696000 0.366661 -0.350783
v -0.701870 0.368635 -0.353737
v -0.696000 0.439273 -0.311971
v -0.701870 0.440633 -0.315253
v -0.696000 0.518062 -0.288070
v -0.701870 0.518755 -0.291555
v -0.696000 0.600000 -0.280000
v -0.701870 0.600000 -0.283553
v -0.696000 0.681938 -0.288070
v -0.701870 0.681245 -0.291555
v -0.696000 0.760727 -0.311971
v -0.701870 0.759367 -0.315253
v -0.696000 0.833340 -0.350783
v -0.701870 0.831366 -0.353737
v -0.696000 0.896985 -0.403015
v -0.701870 0.894473 -0.405528
v -0.696000 0.949217 -0.466660
v -0.701870 0.946263 -0.468634
v -0.696000 0.988029 -0.539273
v -0.701870 0.984747 -0.540633
v -0.696000 1.011930 -0.618062
v -0.701870 1.008445 -0.618755
v -0.696000 1.020000 -0.700000
v -0.701870 1.016447 -0.700000
v -0.696000 1.011930 -0.781938
v -0.701870 1.008445 -0.781245
v -0.696000 0.988029 -0.860727
v -0.701870 0.984747 -0.859367
v -0.696000 0.949217 -0.933339
v -0.701870 0.946263 -0.931365
v -0.696000 0.896985 -0.996985
v -0.701870 0.894473 -0.994472
v -0.696000 0.833340 -1.049217
v -0.701870 0.831366 -1.046263
v -0.696000 0.760727 -1.088029
v -0.701870 0.759367 -1.084747
v -0.696000 0.681938 -1.111930
v -0.701870 0.681245 -1.108445
v 0.810000 0.600000 -1.054004
v 0.806202 0.600000 -1.048722
v 0.806202 0.531968 -1.042022
v 0.810000 0.530937 -1.047202
v 0.806202 0.466550 -1.022177
v 0.810000 0.464529 -1.027057
v 0.806203 0.406260 -0.989952
v 0.810000 0.403326 -0.994344
v 0.806203 0.353416 -0.946584
v 0.810000 0.349681 -0.950319
v 0.806203 0.310048 -0.893740
v 0.810000 0.305656 -0.896674
v 0.806203 0.277823 -0.833450
v 0.810000 0.272943 -0.835472
v 0.806203 0.257978 -0.768032
v 0.810000 0.252798 -0.769063
v 0.806203 0.251278 -0.700000
v 0.810000 0.245996 -0.700000
v 0.806203 0.257978 -0.631968
v 0.810000 0.252798 -0.630937
v 0.806203 0.277823 -0.566550
v 0.810000 0.272943 -0.564528
v 0.806203 0.310048 -0.506260
v 0.810000 0.305656 -0.503326
v 0.806203 0.353416 -0.453416
v 0.810000 0.349681 -0.449681
v 0.806203 0.406260 -0.410048
v 0.810000 0.403326 -0.405656
v 0.806202 0.466550 -0.377822
v 0.810000 0.464529 -0.372943
v 0.806202 0.531968 -0.357978
v 0.810000 0.530937 -0.352798
v 0.806202 0.600000 -0.351278
v 0.810000 0.600000 -0.345996
v 0.806202 0.668033 -0.357978
v 0.810000 0.669063 -0.352798
v 0.806202 0.733451 -0.377822
v 0.810000 0.735472 -0.372943
v 0.806202 0.793740 -0.410048
v 0.810000 0.796675 -0.405656
v 0.806202 0.846584 -0.453416
v 0.810000 0.850319 -0.449681
v 0.806202 0.889952 -0.506260
v 0.810000 0.894344 -0.503326
v 0.806202 0.922178 -0.566550
v 0.810000 0.927058 -0.564528
v 0.806202 0.942022 -0.631968
v 0.810000 0.947203 -0.630937
v 0.806202 0.948723 -0.700000
v 0.810000 0.954005 -0.700000
v 0.806202 0.942022 -0.768032
v 0.810000 0.947203 -0.769063
v 0.806202 0.922178 -0.833450
v 0.810000 0.927058 -0.835472
v 0.806202 0.889952 -0.893740
v 0.810000 0.894344 -0.896674
v 0.806202 0.846584 -0.946584
v 0.810000 0.850319 -0.950319
v 0.806202 0.793740 -0.989952
v 0.810000 0.796675 -0.994344
v 0.806202 0.733451 -1.022177
v 0.810000 0.735472 -1.027057
v 0.806202 0.668033 -1.042022
v 0.810000 0.669063 -1.047202
v 0.701870 0.518756 -1.108445
v 0.696000 0.518062 -1.111930
v 0.696000 0.600000 -1.120000
v 0.701870 0.600000 -1.116447
v 0.701870 0.440633 -1.084747
v 0.696000 0.439273 -1.088029
v 0.701870 0.368635 -1.046263
v 0.696000 0.366661 -1.049217
v 0.701870 0.305528 -0.994472
v 0.696000 0.303016 -0.996985
v 0.701870 0.253737 -0.931365
v 0.696000 0.250783 -0.933339
v 0.701870 0.215254 -0.859367
v 0.696000 0.211971 -0.860727
v 0.701870 0.191555 -0.781245
v 0.696000 0.188071 -0.781938
v 0.701870 0.183554 -0.700000
v 0.696000 0.180000 -0.700000
v 0.701870 0.191555 -0.618755
v 0.696000 0.188071 -0.618062
v 0.701870 0.215254 -0.540633
v 0.696000 0.211971 -0.539273
v 0.701870 0.253737 -0.468634
v 0.696000 0.250783 -0.466660
v 0.701870 0.305528 -0.405528
v 0.696000 0.303016 -0.403015
v 0.701870 0.368635 -0.353737
v 0.696000 0.366661 -0.350783
v 0.701870 0.440633 -0.315253
v 0.696000 0.439273 -0.311971
v 0.701870 0.518756 -0.291555
v 0.696000 0.518062 -0.288070
v 0.701870 0.600000 -0.283553
v 0.696000 0.600000 -0.280000
v 0.701870 0.681245 -0.291555
v 0.696000 0.681938 -0.288070
v 0.701870 0.759368 -0.315253
v 0.696000 0.760727 -0.311971
v 0.701870 0.831366 -0.353737
v 0.696000 0.833340 -0.350783
v 0.701870 0.894473 -0.405528
v 0.696000 0.896985 -0.403015
v 0.701870 0.946263 -0.468634
v 0.696000 0.949218 -0.466660
v 0.701870 0.984747 -0.540633
v 0.696000 0.988030 -0.539273
v 0.701870 1.008445 -0.618755
v 0.696000 1.011930 -0.618062
v 0.701870 1.016447 -0.700000
v 0.696000 1.020000 -0.700000
v 0.701870 1.008445 -0.781245
v 0.696000 1.011930 -0.781938
v 0.701870 0.984747 -0.859367
v 0.696000 0.988030 -0.860727
v 0.701870 0.946263 -0.931365
v 0.696000 0.949218 -0.933339
v 0.701870 0.894473 -0.994472
v 0.696000 0.896985 -0.996985
v 0.701870 0.831366 -1.046263
v 0.696000 0.833340 -1.049217
v 0.701870 0.759368 -1.084747
v 0.696000 0.760727 -1.088029
v 0.701870 0.681245 -1.108445
v 0.696000 0.681938 -1.111930
vn -0.0599 -0.0000 -0.9982
vn -0.0599 -0.1947 -0.9790
vn -0.0599 -0.3820 -0.9222
vn -0.0599 -0.5546 -0.8300
vn -0.0599 -0.7058 -0.7058
vn -0.0599 -0.8300 -0.5546
vn -0.0599 -0.9222 -0.3820
vn -0.0599 -0.9790 -0.1947
vn -0.0599 -0.9982 -0.0000
vn -0.0599 -0.9790 0.1947
vn -0.0599 -0.9222 0.3820
vn -0.0599 -0.8300 0.5546
vn -0.0599 -0.7058 0.7058
vn -0.0599 -0.5546 0.8300
vn -0.0599 -0.3820 0.9222
vn -0.0599 -0.1947 0.9790
vn -0.0599 -0.0000 0.9982
vn -0.0599 0.1947 0.9790
vn -0.0599 0.3820 0.9222
vn -0.0599 0.5546 0.8300
vn -0.0599 0.7058 0.7058
vn -0.0599 0.8300 0.5546
vn -0.0599 0.9222 0.3820
vn -0.0599 0.9790 0.1947
vn -0.0599 0.9982 -0.0000
vn -0.0599 0.9790 -0.1947
vn -0.0599 0.9222 -0.3820
vn -0.0599 0.8300 -0.5546
vn -0.0599 0.7058 -0.7058
vn -0.0599 0.5546 -0.8300
vn -0.0599 0.3820 -0.9222
vn -0.0000 -0.9808 -0.1951
vn -0.0000 -1.0000 -0.0000
vn -0.0599 0.1947 -0.9790
vn -0.3155 -0.8767 -0.3631
vn -0.3155 -0.7890 -0.5272
vn -0.0000 -0.8315 -0.5556
vn -0.0000 -0.9239 -0.3827
vn -0.0000 -0.0000 1.0000
vn -0.0000 0.1951 0.9808
vn -0.0000 0.9808 -0.1951
vn -0.0000 0.9239 -0.3827
vn -0.0000 -0.5556 -0.8315
vn -0.0000 -0.7071 -0.7071
vn -0.0000 -0.7071 0.7071
vn -0.0000 -0.5556 0.8315
vn -0.0000 0.8315 0.5556
vn -0.0000 0.9239 0.3827
vn -0.0000 0.3827 -0.9239
vn -0.0000 0.1951 -0.9808
vn -0.0000 -0.9808 0.1951
vn -0.0000 0.3827 0.9239
vn -0.0000 0.8315 -0.5556
vn -0.8849 -0.3293 -0.3293
vn -0.8849 -0.3873 -0.2588
vn -0.0000 -0.3827 0.9239
vn -0.0000 0.9808 0.1951
vn 0.3155 -0.0000 0.9489
vn 0.3155 0.1851 0.9307
vn -0.0000 -0.9239 0.3827
vn -0.0000 0.5556 0.8315
vn -0.0000 0.7071 -0.7071
vn -0.0000 -0.1951 0.9808
vn -0.0000 1.0000 -0.0000
vn -0.0000 -0.1951 -0.9808
vn -0.0000 -0.3827 -0.9239
vn -0.0000 -0.8315 0.5556
vn -0.0000 0.7071 0.7071
vn -0.0000 0.5556 -0.8315
vn -0.8849 -0.0909 -0.4568
vn -0.8849 -0.0000 -0.4657
vn 0.5057 -0.7173 -0.4793
vn 0.5057 -0.7971 -0.3302
vn -0.8849 0.0909 -0.4568
vn -0.8849 0.1782 0.4303
vn -0.8849 0.2588 0.3873
vn -0.8849 -0.4303 -0.1782
vn -0.8849 0.3293 0.3293
vn -0.8849 -0.4568 -0.0909
vn -0.8849 0.3873 0.2588
vn -0.8849 -0.4657 -0.0000
vn -0.8849 0.4303 0.1782
vn -0.8849 -0.4568 0.0909
vn -0.8849 0.4568 0.0909
vn -0.8849 -0.4303 0.1782
vn -0.8849 0.4657 -0.0000
vn -0.8849 -0.3873 0.2588
vn -0.8849 0.4568 -0.0909
vn -0.8849 -0.3293 0.3293
vn -0.8849 0.4303 -0.1782
vn -0.8849 -0.2588 0.3873
vn -0.8849 0.3873 -0.2588
vn -0.8849 -0.1782 0.4303
vn -0.8849 -0.1782 -0.4303
vn -0.8849 0.3293 -0.3293
vn -0.8849 -0.0909 0.4568
vn -0.0000 -0.0000 -1.0000
vn -0.8849 0.2588 -0.3873
vn -0.8849 -0.0000 0.4657
vn -0.8849 -0.2588 -0.3873
vn -0.8849 0.1782 -0.4303
vn -0.8849 0.0909 0.4568
vn -0.3155 -0.0000 0.9489
vn -0.3155 -0.1851 0.9307
vn -0.3155 0.5272 0.7890
vn -0.3155 0.3631 0.8767
vn -0.3155 0.6710 0.6710
vn -0.3155 0.7890 0.5272
vn -0.3155 0.8767 0.3631
vn -0.3155 0.9307 0.1851
vn -0.3155 0.9489 -0.0000
vn -0.3155 0.9307 -0.1851
vn -0.3155 0.8767 -0.3631
vn -0.3155 0.7890 -0.5272
vn -0.3155 0.6710 -0.6710
vn -0.3155 0.5272 -0.7890
vn -0.3155 0.3631 -0.8767
vn -0.3155 0.1851 -0.9307
vn -0.3155 -0.0000 -0.9489
vn -0.3155 -0.1851 -0.9307
vn -0.3155 -0.3631 -0.8767
vn -0.3155 -0.5272 -0.7890
vn -0.3155 -0.6710 -0.6710
vn -1.0000 -0.0000 -0.0000
vn -0.3155 -0.9307 -0.1851
vn -0.3155 -0.9489 -0.0000
vn -0.3155 -0.9307 0.1851
vn -0.3155 -0.8767 0.3631
vn -0.3155 -0.7890 0.5272
vn -0.3155 -0.6710 0.6710
vn -0.3155 -0.5272 0.7890
vn -0.3155 -0.3631 0.8767
vn -0.3155 0.1851 0.9307
vn -0.9974 -0.0713 -0.0055
vn -0.9974 -0.0000 0.0715
vn -0.9974 0.0139 0.0701
vn -0.9974 0.0274 0.0660
vn -0.9974 0.0397 0.0594
vn -0.9974 0.0505 0.0505
vn -0.9974 0.0594 0.0397
vn -0.9974 0.0660 0.0274
vn -0.9974 0.0701 0.0139
vn -0.9974 0.0715 -0.0000
vn -0.9974 0.0701 -0.0139
vn -0.9974 0.0660 -0.0274
vn -0.9974 0.0594 -0.0397
vn -0.9974 0.0505 -0.0505
vn -0.9974 0.0397 -0.0594
vn -0.9974 0.0274 -0.0660
vn -0.9974 0.0139 -0.0701
vn -0.9974 -0.0000 -0.0715
vn -0.9974 -0.0139 -0.0701
vn -0.9974 -0.0274 -0.0660
vn -0.9974 -0.0397 -0.0594
vn -0.9974 -0.0505 -0.0505
vn -0.9974 -0.0594 -0.0397
vn -0.9974 -0.0660 -0.0274
vn -0.9974 -0.0701 -0.0139
vn -0.9974 -0.0715 -0.0000
vn -0.9974 -0.0701 0.0139
vn -0.9974 -0.0660 0.0274
vn -0.9974 -0.0594 0.0397
vn -0.9974 -0.0505 0.0505
vn -0.9974 -0.0397 0.0594
vn -0.9974 -0.0274 0.0660
vn -0.9974 -0.0139 0.0701
vn -0.4256 0.6399 -0.6399
vn -0.4256 0.3463 -0.8360
vn -0.4256 -0.6399 0.6399
vn -0.4256 -0.3463 0.8360
vn -0.4256 0.8360 -0.3463
vn -0.4256 -0.8360 0.3463
vn -0.4256 0.9049 -0.0000
vn -0.4256 -0.9049 -0.0000
vn -0.4256 0.8360 0.3463
vn -0.4256 -0.8360 -0.3463
vn -0.4256 0.6399 0.6399
vn -0.4256 -0.6399 -0.6399
vn -0.4256 0.3463 0.8360
vn -0.4256 -0.3463 -0.8360
vn -0.4256 -0.0000 0.9049
vn -0.4256 -0.0000 -0.9049
vn 1.0000 -0.0000 -0.0000
vn 0.5057 0.8627 -0.0000
vn 0.5057 0.8462 -0.1683
vn 0.5057 -0.8462 -0.1683
vn 0.5057 0.7971 -0.3302
vn 0.5057 0.7971 -0.3301
vn 0.5057 -0.8627 -0.0000
vn 0.5057 0.7173 -0.4793
vn 0.5057 -0.8462 0.1683
vn 0.5057 0.6100 -0.6100
vn 0.5057 -0.7971 0.3302
vn 0.5057 0.4793 -0.7173
vn 0.5057 -0.7173 0.4793
vn 0.5057 0.3302 -0.7971
vn 0.5057 -0.0000 0.8627
vn 0.5057 0.1683 0.8462
vn 0.5057 -0.6100 0.6100
vn 0.5057 0.1683 -0.8462
vn 0.5057 0.3302 0.7971
vn 0.5057 -0.4793 0.7173
vn 0.5057 -0.0000 -0.8627
vn 0.5057 0.4793 0.7173
vn 0.5057 -0.3302 0.7971
vn 0.5057 -0.1683 -0.8462
vn 0.5057 0.6100 0.6100
vn 0.5057 -0.1683 0.8462
vn 0.5057 -0.3302 -0.7971
vn 0.5057 0.7173 0.4793
vn 0.5057 -0.4793 -0.7173
vn 0.5057 0.7971 0.3302
vn 0.5057 -0.6100 -0.6100
vn 0.5057 0.8462 0.1683
vn 0.0726 -0.0000 -0.9974
vn 0.0726 -0.1946 -0.9782
vn 0.0726 -0.3817 -0.9214
vn 0.0726 -0.5541 -0.8293
vn 0.0726 -0.7052 -0.7052
vn 0.0726 -0.8293 -0.5541
vn 0.0726 -0.9214 -0.3817
vn 0.0726 -0.9782 -0.1946
vn 0.0726 -0.9974 -0.0000
vn 0.0726 -0.9782 0.1946
vn 0.0726 -0.9214 0.3817
vn 0.0726 -0.8293 0.5541
vn 0.0726 -0.7052 0.7052
vn 0.0726 -0.5541 0.8293
vn 0.0726 -0.3817 0.9214
vn 0.0726 -0.1946 0.9782
vn 0.0726 -0.0000 0.9974
vn 0.0726 0.1946 0.9782
vn 0.0726 0.3817 0.9214
vn 0.0726 0.5541 0.8293
vn 0.0726 0.7052 0.7052
vn 0.0726 0.8293 0.5541
vn 0.0726 0.9214 0.3817
vn 0.0726 0.9782 0.1946
vn 0.0726 0.9974 -0.0000
vn 0.0726 0.9782 -0.1946
vn 0.0726 0.9214 -0.3817
vn 0.0726 0.8293 -0.5541
vn 0.0726 0.7052 -0.7052
vn 0.0726 0.5541 -0.8293
vn 0.0726 0.3817 -0.9214
vn 0.0726 0.1946 -0.9782
vn -0.6364 -0.0000 0.7714
vn -0.6364 0.2952 0.7127
vn -0.6364 -0.7127 -0.2952
vn -0.6364 -0.7714 -0.0000
vn -0.6364 0.2952 -0.7127
vn -0.6364 -0.0000 -0.7714
vn -0.6364 0.5454 0.5454
vn -0.6364 0.7127 0.2952
vn -0.6364 -0.7127 0.2952
vn -0.6364 -0.5454 0.5454
vn -0.6364 0.7714 -0.0000
vn -0.6364 0.7127 -0.2952
vn -0.6364 -0.2952 -0.7127
vn -0.6364 -0.2952 0.7127
vn -0.6364 -0.5454 -0.5454
vn -0.6364 0.5454 -0.5454
vn 0.0599 -0.0000 -0.9982
vn 0.0599 -0.1947 -0.9790
vn 0.0599 -0.3820 -0.9222
vn 0.0599 -0.5546 -0.8300
vn 0.0599 -0.7058 -0.7058
vn 0.0599 -0.8300 -0.5546
vn 0.0599 -0.9222 -0.3820
vn 0.0599 -0.9790 -0.1947
vn 0.0599 -0.9982 -0.0000
vn 0.0599 -0.9790 0.1947
vn 0.0599 -0.9222 0.3820
vn 0.0599 -0.8300 0.5546
vn 0.0599 -0.7058 0.7058
vn 0.0599 -0.5546 0.8300
vn 0.0599 -0.3820 0.9222
vn 0.0599 -0.1947 0.9790
vn 0.0599 -0.0000 0.9982
vn 0.0599 0.1947 0.9790
vn 0.0599 0.3820 0.9222
vn 0.0599 0.5546 0.8300
vn 0.0599 0.7058 0.7058
vn 0.0599 0.8300 0.5546
vn 0.0599 0.9222 0.3820
vn 0.0599 0.9790 0.1947
vn 0.0599 0.9982 -0.0000
vn 0.0599 0.9790 -0.1947
vn 0.0599 0.9222 -0.3820
vn 0.0599 0.8300 -0.5546
vn 0.0599 0.7058 -0.7058
vn 0.0599 0.5546 -0.8300
vn 0.0599 0.3820 -0.9222
vn 0.0599 0.1947 -0.9790
vn 0.3155 -0.7890 -0.5272
vn 0.3155 -0.8767 -0.3631
vn 0.8849 -0.3873 -0.2588
vn 0.8849 -0.3293 -0.3293
vn -0.5057 -0.7971 -0.3302
vn -0.5057 -0.7173 -0.4793
vn 0.8849 -0.0000 -0.4657
vn 0.8849 0.0909 -0.4568
vn 0.8849 0.2588 0.3873
vn 0.8849 0.1782 0.4303
vn 0.8849 -0.4303 -0.1782
vn 0.8849 0.3293 0.3293
vn 0.8849 -0.4568 -0.0909
vn 0.8849 0.3873 0.2588
vn 0.8849 -0.4657 -0.0000
vn 0.8849 0.4303 0.1782
vn 0.8849 -0.4568 0.0909
vn 0.8849 0.4568 0.0909
vn 0.8849 -0.4303 0.1782
vn 0.8849 0.4657 -0.0000
vn 0.8849 -0.3873 0.2588
vn 0.8849 0.4568 -0.0909
vn 0.8849 -0.3293 0.3293
vn 0.8849 0.4303 -0.1782
vn 0.8849 -0.2588 0.3873
vn 0.8849 0.3873 -0.2588
vn 0.8849 -0.1782 0.4303
vn 0.8849 -0.0909 -0.4568
vn 0.8849 0.3293 -0.3293
vn 0.8849 -0.0909 0.4568
vn 0.8849 -0.1782 -0.4303
vn 0.8849 0.2588 -0.3873
vn 0.8849 -0.0000 0.4657
vn 0.8849 -0.2588 -0.3873
vn 0.8849 0.1782 -0.4303
vn 0.8849 0.0909 0.4568
vn 0.3155 -0.1851 0.9307
vn 0.3155 0.3631 0.8767
vn 0.3155 0.5272 0.7890
vn 0.3155 0.6710 0.6710
vn 0.3155 0.7890 0.5272
vn 0.3155 0.8767 0.3631
vn 0.3155 0.9307 0.1851
vn 0.3155 0.9489 -0.0000
vn 0.3155 0.9307 -0.1851
vn 0.3155 0.8767 -0.3631
vn 0.3155 0.7890 -0.5272
vn 0.3155 0.6710 -0.6710
vn 0.3155 0.5272 -0.7890
vn 0.3155 0.3631 -0.8767
vn 0.3155 0.1851 -0.9307
vn 0.3155 -0.0000 -0.9489
vn 0.3155 -0.1851 -0.9307
vn 0.3155 -0.3631 -0.8767
vn 0.3155 -0.5272 -0.7890
vn 0.3155 -0.6710 -0.6710
vn 0.3155 -0.9307 -0.1851
vn 0.3155 -0.9489 -0.0000
vn 0.3155 -0.9307 0.1851
vn 0.3155 -0.8767 0.3631
vn 0.3155 -0.7890 0.5272
vn 0.3155 -0.6710 0.6710
vn 0.3155 -0.5272 0.7890
vn 0.3155 -0.3631 0.8767
vn 0.9974 -0.0713 -0.0055
vn 0.9974 0.0139 0.0701
vn 0.9974 -0.0000 0.0715
vn 0.9974 0.0274 0.0660
vn 0.9974 0.0397 0.0594
vn 0.9974 0.0505 0.0505
vn 0.9974 0.0594 0.0397
vn 0.9974 0.0660 0.0274
vn 0.9974 0.0701 0.0139
vn 0.9974 0.0715 -0.0000
vn 0.9974 0.0701 -0.0139
vn 0.9974 0.0660 -0.0274
vn 0.9974 0.0594 -0.0397
vn 0.9974 0.0505 -0.0505
vn 0.9974 0.0397 -0.0594
vn 0.9974 0.0274 -0.0660
vn 0.9974 0.0139 -0.0701
vn 0.9974 -0.0000 -0.0715
vn 0.9974 -0.0139 -0.0701
vn 0.9974 -0.0274 -0.0660
vn 0.9974 -0.0397 -0.0594
vn 0.9974 -0.0505 -0.0505
vn 0.9974 -0.0594 -0.0397
vn 0.9974 -0.0660 -0.0274
vn 0.9974 -0.0701 -0.0139
vn 0.9974 -0.0715 -0.0000
vn 0.9974 -0.0701 0.0139
vn 0.9974 -0.0660 0.0274
vn 0.9974 -0.0594 0.0397
vn 0.9974 -0.0505 0.0505
vn 0.9974 -0.0397 0.0594
vn 0.9974 -0.0274 0.0660
vn 0.9974 -0.0139 0.0701
vn 0.4256 0.3463 -0.8360
vn 0.4256 0.6399 -0.6399
vn 0.4256 -0.3463 0.8360
vn 0.4256 -0.6399 0.6399
vn 0.4256 0.8360 -0.3463
vn 0.4256 -0.8360 0.3463
vn 0.4256 0.9049 -0.0000
vn 0.4256 -0.9049 -0.0000
vn 0.4256 0.8360 0.3463
vn 0.4256 -0.8360 -0.3463
vn 0.4256 0.6399 0.6399
vn 0.4256 -0.6399 -0.6399
vn 0.4256 0.3463 0.8360
vn 0.4256 -0.3463 -0.8360
vn 0.4256 -0.0000 0.9049
vn 0.4256 -0.0000 -0.9049
vn -0.5057 0.8462 -0.1683
vn -0.5057 0.8627 -0.0000
vn -0.5057 -0.8462 -0.1683
vn -0.5057 0.7971 -0.3302
vn -0.5057 -0.8627 -0.0000
vn -0.5057 0.7173 -0.4793
vn -0.5057 -0.8462 0.1683
vn -0.5057 0.6100 -0.6100
vn -0.5057 -0.7971 0.3302
vn -0.5057 0.4793 -0.7173
vn -0.5057 -0.7173 0.4793
vn -0.5057 0.3302 -0.7971
vn -0.5057 0.1683 0.8462
vn -0.5057 -0.0000 0.8627
vn -0.5057 -0.6100 0.6100
vn -0.5057 0.1683 -0.8462
vn -0.5057 0.3302 0.7971
vn -0.5057 -0.4793 0.7173
vn -0.5057 -0.0000 -0.8627
vn -0.5057 0.4793 0.7173
vn -0.5057 -0.3302 0.7971
vn -0.5057 -0.1683 -0.8462
vn -0.5057 0.6100 0.6100
vn -0.5057 -0.1683 0.8462
vn -0.5057 -0.3302 -0.7971
vn -0.5057 -0.3301 -0.7971
vn -0.5057 0.7173 0.4793
vn -0.5057 -0.4793 -0.7173
vn -0.5057 0.7971 0.3302
vn -0.5057 -0.6100 -0.6100
vn -0.5057 0.8462 0.1683
vn -0.0726 -0.0000 -0.9974
vn -0.0726 -0.1946 -0.9782
vn -0.0726 -0.3817 -0.9214
vn -0.0726 -0.5541 -0.8293
vn -0.0726 -0.7052 -0.7052
vn -0.0726 -0.8293 -0.5541
vn -0.0726 -0.9214 -0.3817
vn -0.0726 -0.9782 -0.1946
vn -0.0726 -0.9974 -0.0000
vn -0.0726 -0.9782 0.1946
vn -0.0726 -0.9214 0.3817
vn -0.0726 -0.8293 0.5541
vn -0.0726 -0.7052 0.7052
vn -0.0726 -0.5541 0.8293
vn -0.0726 -0.3817 0.9214
vn -0.0726 -0.1946 0.9782
vn -0.0726 -0.0000 0.9974
vn -0.0726 0.1946 0.9782
vn -0.0726 0.3817 0.9214
vn -0.0726 0.5541 0.8293
vn -0.0726 0.7052 0.7052
vn -0.0726 0.8293 0.5541
vn -0.0726 0.9214 0.3817
vn -0.0726 0.9782 0.1946
vn -0.0726 0.9974 -0.0000
vn -0.0726 0.9782 -0.1946
vn -0.0726 0.9214 -0.3817
vn -0.0726 0.8293 -0.5541
vn -0.0726 0.7052 -0.7052
vn -0.0726 0.5541 -0.8293
vn -0.0726 0.3817 -0.9214
vn -0.0726 0.1946 -0.9782
vn 0.6364 0.2952 0.7127
vn 0.6364 -0.0000 0.7714
vn 0.6364 -0.7714 -0.0000
vn 0.6364 -0.7127 -0.2952
vn 0.6364 -0.0000 -0.7714
vn 0.6364 0.2952 -0.7127
vn 0.6364 0.7127 0.2952
vn 0.6364 0.5454 0.5454
vn 0.6364 -0.5454 0.5454
vn 0.6364 -0.7127 0.2952
vn 0.6364 0.7127 -0.2952
vn 0.6364 0.7714 -0.0000
vn 0.6364 -0.2952 -0.7127
vn 0.6364 -0.2952 0.7127
vn 0.6364 -0.5454 -0.5454
vn 0.6364 0.5454 -0.5454
vn -0.5178 -0.0000 -0.8555
vn -0.5178 -0.1669 -0.8391
vn -0.5178 -0.3274 -0.7904
vn -0.5178 -0.4753 -0.7113
vn -0.5178 -0.6049 -0.6049
vn -0.5178 -0.7113 -0.4753
vn -0.5178 -0.7904 -0.3274
vn -0.5178 -0.8391 -0.1669
vn -0.5178 -0.8555 -0.0000
vn -0.5178 -0.8391 0.1669
vn -0.5178 -0.7904 0.3274
vn -0.5178 -0.7113 0.4753
vn -0.5178 -0.6049 0.6049
vn -0.5178 -0.4753 0.7113
vn -0.5178 -0.3274 0.7904
vn -0.5178 -0.1669 0.8391
vn -0.5178 -0.0000 0.8555
vn -0.5178 0.1669 0.8391
vn -0.5178 0.3274 0.7904
vn -0.5178 0.4753 0.7113
vn -0.5178 0.6049 0.6049
vn -0.5178 0.7113 0.4753
vn -0.5178 0.7904 0.3274
vn -0.5178 0.8391 0.1669
vn -0.5178 0.8555 -0.0000
vn -0.5178 0.8391 -0.1669
vn -0.5178 0.7904 -0.3274
vn -0.5178 0.7113 -0.4753
vn -0.5178 0.6049 -0.6049
vn -0.5178 0.4753 -0.7113
vn -0.5178 0.3274 -0.7904
vn -0.5178 0.1669 -0.8391
vn -0.8119 0.1139 0.5725
vn -0.8119 -0.0000 0.5837
vn -0.8119 0.2234 0.5393
vn -0.8119 0.3243 0.4854
vn -0.8119 0.4128 0.4128
vn -0.8119 0.4854 0.3243
vn -0.8119 0.5393 0.2234
vn -0.8119 0.5725 0.1139
vn -0.8119 0.5838 -0.0000
vn -0.8119 0.5725 -0.1139
vn -0.8119 0.5393 -0.2234
vn -0.8119 0.4854 -0.3243
vn -0.8119 0.4128 -0.4128
vn -0.8119 0.3243 -0.4854
vn -0.8119 0.2234 -0.5393
vn -0.8119 0.1139 -0.5725
vn -0.8119 -0.0000 -0.5838
vn -0.8119 -0.1139 -0.5725
vn -0.8119 -0.2234 -0.5393
vn -0.8119 -0.3243 -0.4854
vn -0.8119 -0.4128 -0.4128
vn -0.8119 -0.4854 -0.3243
vn -0.8119 -0.5393 -0.2234
vn -0.8119 -0.5725 -0.1139
vn -0.8119 -0.5838 -0.0000
vn -0.8119 -0.5725 0.1139
vn -0.8119 -0.5393 0.2234
vn -0.8119 -0.4854 0.3243
vn -0.8119 -0.4128 0.4128
vn -0.8119 -0.3243 0.4854
vn -0.8119 -0.2234 0.5393
vn -0.8119 -0.1139 0.5725
vn 0.5178 -0.0000 -0.8555
vn 0.5178 -0.1669 -0.8391
vn 0.5178 -0.3274 -0.7904
vn 0.5178 -0.4753 -0.7113
vn 0.5178 -0.6049 -0.6049
vn 0.5178 -0.7113 -0.4753
vn 0.5178 -0.7904 -0.3274
vn 0.5178 -0.8391 -0.1669
vn 0.5178 -0.8555 -0.0000
vn 0.5178 -0.8391 0.1669
vn 0.5178 -0.7904 0.3274
vn 0.5178 -0.7113 0.4753
vn 0.5178 -0.6049 0.6049
vn 0.5178 -0.4753 0.7113
vn 0.5178 -0.3274 0.7904
vn 0.5178 -0.1669 0.8391
vn 0.5178 -0.0000 0.8555
vn 0.5178 0.1669 0.8391
vn 0.5178 0.3274 0.7904
vn 0.5178 0.4753 0.7113
vn 0.5178 0.6049 0.6049
vn 0.5178 0.7113 0.4753
vn 0.5178 0.7904 0.3274
vn 0.5178 0.8391 0.1669
vn 0.5178 0.8555 -0.0000
vn 0.5178 0.8391 -0.1669
vn 0.5178 0.7904 -0.3274
vn 0.5178 0.7113 -0.4753
vn 0.5178 0.6049 -0.6049
vn 0.5178 0.4753 -0.7113
vn 0.5178 0.3274 -0.7904
vn 0.5178 0.1669 -0.8391
vn 0.8119 0.1139 0.5725
vn 0.8119 -0.0000 0.5837
vn 0.8119 0.2234 0.5393
vn 0.8119 0.3243 0.4854
vn 0.8119 0.4128 0.4128
vn 0.8119 0.4854 0.3243
vn 0.8119 0.5393 0.2234
vn 0.8119 0.5725 0.1139
vn 0.8119 0.5837 -0.0000
vn 0.8119 0.5725 -0.1139
vn 0.8119 0.5393 -0.2234
vn 0.8119 0.4854 -0.3243
vn 0.8119 0.4128 -0.4128
vn 0.8119 0.3243 -0.4854
vn 0.8119 0.2234 -0.5393
vn 0.8119 0.1139 -0.5725
vn 0.8119 -0.0000 -0.5838
vn 0.8119 -0.1139 -0.5725
vn 0.8119 -0.2234 -0.5393
vn 0.8119 -0.3243 -0.4854
vn 0.8119 -0.4128 -0.4128
vn 0.8119 -0.4854 -0.3243
vn 0.8119 -0.5393 -0.2234
vn 0.8119 -0.5725 -0.1139
vn 0.8119 -0.5838 -0.0000
vn 0.8119 -0.5725 0.1139
vn 0.8119 -0.5393 0.2234
vn 0.8119 -0.4854 0.3243
vn 0.8119 -0.4128 0.4128
vn 0.8119 -0.3243 0.4854
vn 0.8119 -0.2234 0.5393
vn 0.8119 -0.1139 0.5725
vt 0.107149 0.387996
vt 0.034197 0.351654
vt 0.098593 0.344741
vt 0.033661 0.294760
vt 0.098929 0.300562
vt 0.044439 0.238902
vt 0.107466 0.257339
vt 0.065925 0.185511
vt 0.124496 0.216214
vt 0.097889 0.136826
vt 0.149680 0.179234
vt 0.139571 0.095074
vt 0.182213 0.148287
vt 0.189554 0.062619
vt 0.220277 0.124144
vt 0.262314 0.108080
vt 0.245539 0.042415
vt 0.306540 0.101126
vt 0.303626 0.034409
vt 0.350949 0.102660
vt 0.361205 0.038023
vt 0.393607 0.113543
vt 0.416136 0.052532
vt 0.433142 0.131839
vt 0.466745 0.076719
vt 0.468586 0.157317
vt 0.511601 0.110123
vt 0.497806 0.189804
vt 0.549308 0.151766
vt 0.520356 0.227125
vt 0.578589 0.199528
vt 0.535570 0.268072
vt 0.597709 0.252172
vt 0.542597 0.311306
vt 0.607105 0.307408
vt 0.542048 0.355113
vt 0.605534 0.363392
vt 0.532452 0.397835
vt 0.593179 0.418233
vt 0.515123 0.437817
vt 0.569982 0.469505
vt 0.489948 0.472942
vt 0.537442 0.514853
vt 0.459178 0.502614
vt 0.497271 0.552333
vt 0.423159 0.525509
vt 0.450730 0.580828
vt 0.383180 0.541299
vt 0.346147 0.610653
vt 0.340686 0.548880
vt 0.290844 0.610666
vt 0.297446 0.547830
vt 0.236293 0.599621
vt 0.255100 0.538507
vt 0.184615 0.578006
vt 0.214885 0.521666
vt 0.137943 0.546496
vt 0.178801 0.496817
vt 0.098230 0.506419
vt 0.148034 0.465496
vt 0.180704 0.044845
vt 0.237845 0.011201
vt 0.240897 0.023516
vt 0.066916 0.459585
vt 0.123754 0.428785
vt 0.045341 0.407426
vt 0.442282 0.481112
vt 0.458224 0.445697
vt 0.469522 0.455401
vt 0.082907 0.124725
vt 0.119103 0.070084
vt 0.127226 0.079917
vt 0.615707 0.247399
vt 0.636992 0.305278
vt 0.625106 0.306156
vt 0.347901 0.628848
vt 0.287924 0.640553
vt 0.289025 0.628772
vt 0.026442 0.233676
vt 0.038056 0.171156
vt 0.049066 0.176771
vt 0.476055 0.061288
vt 0.531813 0.087569
vt 0.523879 0.096481
vt 0.551032 0.526898
vt 0.515064 0.575612
vt 0.507969 0.566363
vt 0.083930 0.518073
vt 0.040371 0.473888
vt 0.050920 0.468162
vt 0.302497 0.002902
vt 0.302957 0.015321
vt 0.635643 0.367002
vt 0.623768 0.365617
vt 0.227515 0.628542
vt 0.230927 0.617128
vt 0.087704 0.128577
vt 0.523879 0.096481
vt 0.573782 0.133367
vt 0.564252 0.140569
vt 0.463974 0.607372
vt 0.458785 0.597035
vt 0.133838 0.379951
vt 0.141809 0.340580
vt 0.126241 0.342051
vt 0.302957 0.015321
vt 0.366186 0.007468
vt 0.364239 0.019508
vt 0.622139 0.427768
vt 0.610711 0.424041
vt 0.170257 0.604790
vt 0.175875 0.594208
vt 0.049066 0.176771
vt 0.073090 0.116909
vt 0.082907 0.124725
vt 0.605583 0.186444
vt 0.594861 0.191675
vt 0.408007 0.628517
vt 0.404755 0.617390
vt 0.015367 0.353610
vt 0.003321 0.292062
vt 0.015395 0.293104
vt 0.015395 0.293104
vt 0.014714 0.230352
vt 0.364239 0.019508
vt 0.426697 0.023949
vt 0.422555 0.035211
vt 0.610711 0.424041
vt 0.596560 0.484803
vt 0.586165 0.478850
vt 0.118551 0.570018
vt 0.126161 0.560719
vt 0.174927 0.033392
vt 0.180704 0.044845
vt 0.627201 0.244291
vt 0.615707 0.247399
vt 0.349109 0.640479
vt 0.347901 0.628848
vt 0.033262 0.411147
vt 0.021337 0.352978
vt 0.482169 0.051069
vt 0.559883 0.534715
vt 0.074665 0.525699
vt 0.083930 0.518073
vt 0.281102 0.189550
vt 0.259716 0.208319
vt 0.255315 0.200019
vt 0.605109 0.422198
vt 0.131185 0.084750
vt 0.581026 0.475893
vt 0.131185 0.084750
vt 0.183534 0.050497
vt 0.546691 0.523056
vt 0.242385 0.029553
vt 0.504526 0.561859
vt 0.303175 0.021415
vt 0.456224 0.591903
vt 0.363276 0.025417
vt 0.403186 0.611961
vt 0.399901 0.600452
vt 0.420513 0.040739
vt 0.347327 0.623082
vt 0.420513 0.040739
vt 0.473072 0.066251
vt 0.289589 0.622991
vt 0.519970 0.100844
vt 0.232624 0.611534
vt 0.519970 0.100844
vt 0.559520 0.144127
vt 0.021264 0.293626
vt 0.178651 0.589028
vt 0.589639 0.194206
vt 0.050920 0.468162
vt 0.016094 0.416550
vt 0.027606 0.412913
vt 0.129911 0.556170
vt 0.589639 0.194206
vt 0.610005 0.248923
vt 0.032191 0.235329
vt 0.088487 0.514343
vt 0.619324 0.306568
vt 0.054456 0.179547
vt 0.056055 0.465395
vt 0.617945 0.364919
vt 0.133838 0.379951
vt 0.162108 0.408427
vt 0.148298 0.415747
vt 0.134195 0.265591
vt 0.141630 0.304869
vt 0.126372 0.303315
vt 0.149206 0.229743
vt 0.148519 0.270057
vt 0.134195 0.265591
vt 0.171547 0.197763
vt 0.162976 0.237305
vt 0.149206 0.229743
vt 0.199605 0.170534
vt 0.183079 0.207566
vt 0.171547 0.197763
vt 0.233010 0.149534
vt 0.209208 0.182821
vt 0.199605 0.170534
vt 0.269743 0.135489
vt 0.240123 0.163696
vt 0.233010 0.149534
vt 0.308265 0.129026
vt 0.273809 0.150524
vt 0.344926 0.145679
vt 0.309215 0.144475
vt 0.384516 0.139457
vt 0.347034 0.130554
vt 0.419069 0.155672
vt 0.379488 0.153808
vt 0.419069 0.155672
vt 0.439922 0.189361
vt 0.411504 0.168489
vt 0.450105 0.177974
vt 0.463678 0.215274
vt 0.495758 0.238896
vt 0.475641 0.206347
vt 0.493674 0.279047
vt 0.481811 0.245507
vt 0.515111 0.313322
vt 0.508322 0.275242
vt 0.514340 0.351848
vt 0.499829 0.314531
vt 0.515111 0.313322
vt 0.506544 0.389475
vt 0.499223 0.350168
vt 0.506544 0.389475
vt 0.477987 0.417009
vt 0.491792 0.384774
vt 0.494955 0.426513
vt 0.472837 0.458248
vt 0.469522 0.455401
vt 0.491080 0.424342
vt 0.410890 0.501445
vt 0.433323 0.469719
vt 0.442282 0.481113
vt 0.375877 0.515160
vt 0.404162 0.488273
vt 0.338591 0.521446
vt 0.371831 0.500713
vt 0.300631 0.520666
vt 0.337439 0.506537
vt 0.338591 0.521447
vt 0.263410 0.512588
vt 0.302365 0.505717
vt 0.228340 0.497225
vt 0.268021 0.498156
vt 0.196631 0.475518
vt 0.235644 0.483949
vt 0.228340 0.497225
vt 0.169660 0.448007
vt 0.206402 0.463814
vt 0.196631 0.475518
vt 0.148298 0.415747
vt 0.181568 0.438363
vt 0.169660 0.448007
vt 0.027606 0.412913
vt 0.003321 0.354918
vt 0.015367 0.353610
vt 0.129557 0.381238
vt 0.121718 0.342486
vt 0.230934 0.145398
vt 0.268543 0.131057
vt 0.444973 0.484536
vt 0.268543 0.131057
vt 0.307986 0.124496
vt 0.444973 0.484536
vt 0.412873 0.505332
vt 0.347662 0.126067
vt 0.377063 0.519400
vt 0.347662 0.126067
vt 0.385991 0.135249
vt 0.338931 0.525864
vt 0.421324 0.151852
vt 0.300118 0.525065
vt 0.453099 0.174627
vt 0.300118 0.525065
vt 0.262059 0.516807
vt 0.479199 0.203691
vt 0.144284 0.417877
vt 0.262059 0.516807
vt 0.226174 0.501160
vt 0.479199 0.203691
vt 0.499795 0.236973
vt 0.121718 0.342486
vt 0.121908 0.302865
vt 0.193749 0.478964
vt 0.512689 0.274099
vt 0.121908 0.302865
vt 0.129918 0.264265
vt 0.193749 0.478964
vt 0.166158 0.450842
vt 0.519582 0.312983
vt 0.145182 0.227537
vt 0.166158 0.450842
vt 0.144284 0.417877
vt 0.518809 0.352362
vt 0.168073 0.194814
vt 0.126372 0.303315
vt 0.126241 0.342051
vt 0.510805 0.390842
vt 0.196784 0.166926
vt 0.494955 0.426513
vt 0.230934 0.145398
vt 0.856844 0.879155
vt 0.940129 0.902098
vt 0.904727 0.937500
vt 0.863098 0.965316
vt 0.827518 0.898750
vt 0.816843 0.984475
vt 0.794933 0.912248
vt 0.767739 0.994243
vt 0.760340 0.919128
vt 0.725070 0.919128
vt 0.717672 0.994243
vt 0.668567 0.984476
vt 0.690477 0.912248
vt 0.622312 0.965316
vt 0.657892 0.898751
vt 0.628566 0.879155
vt 0.580683 0.937501
vt 0.545281 0.902098
vt 0.603626 0.854216
vt 0.517465 0.860470
vt 0.584031 0.824890
vt 0.570534 0.792304
vt 0.498306 0.814215
vt 0.563653 0.757712
vt 0.488538 0.765110
vt 0.488538 0.715044
vt 0.563652 0.722442
vt 0.570534 0.687849
vt 0.498305 0.665939
vt 0.517465 0.619684
vt 0.584031 0.655264
vt 0.603626 0.625937
vt 0.545280 0.578055
vt 0.580683 0.542652
vt 0.628565 0.600998
vt 0.657892 0.581403
vt 0.622311 0.514837
vt 0.668567 0.495677
vt 0.690477 0.567905
vt 0.725069 0.561024
vt 0.717671 0.485910
vt 0.767738 0.485910
vt 0.760340 0.561024
vt 0.794932 0.567905
vt 0.816842 0.495677
vt 0.863098 0.514837
vt 0.827518 0.581402
vt 0.904727 0.542652
vt 0.856844 0.600997
vt 0.881783 0.625937
vt 0.940129 0.578054
vt 0.967944 0.619683
vt 0.901378 0.655263
vt 0.987104 0.665939
vt 0.914876 0.687849
vt 0.996871 0.715043
vt 0.921757 0.722441
vt 0.996871 0.765110
vt 0.921757 0.757711
vt 0.987104 0.814214
vt 0.914876 0.792304
vt 0.901379 0.824889
vt 0.967945 0.860469
vt 0.881784 0.854215
vt 0.742705 0.740076
vt 0.040684 0.732642
vt 0.013047 0.702352
vt 0.044466 0.708189
vt 0.054954 0.929594
vt 0.014598 0.914265
vt 0.047371 0.905434
vt 0.006823 0.754317
vt 0.008940 0.728504
vt 0.035846 0.970048
vt 0.023161 0.942263
vt 0.036847 0.781042
vt 0.038371 0.756979
vt 0.065425 0.952904
vt 0.053033 0.995238
vt 0.036447 0.805650
vt 0.004981 0.779711
vt 0.075056 0.618489
vt 0.065586 0.579952
vt 0.088539 0.600565
vt 0.037021 0.830727
vt 0.003944 0.805717
vt 0.035855 0.625567
vt 0.048958 0.601810
vt 0.038853 0.856120
vt 0.004543 0.832328
vt 0.064376 0.638981
vt 0.025950 0.650845
vt 0.042448 0.881029
vt 0.006060 0.859405
vt 0.018724 0.676577
vt 0.049474 0.684339
vt 0.056024 0.661172
vt 0.009338 0.886667
vt 0.049587 0.805827
vt 0.049731 0.781753
vt 0.076781 0.946625
vt 0.079694 0.973596
vt 0.050714 0.758103
vt 0.067182 0.925030
vt 0.053998 0.734432
vt 0.060059 0.902284
vt 0.057205 0.710732
vt 0.054969 0.878992
vt 0.061797 0.687652
vt 0.067808 0.665323
vt 0.052576 0.854771
vt 0.075364 0.644066
vt 0.050421 0.830315
vt 0.084646 0.624535
vt 0.329870 0.971833
vt 0.317127 0.675726
vt 0.329870 0.675726
vt 0.317127 0.971833
vt 0.304384 0.675726
vt 0.304384 0.971833
vt 0.291642 0.675726
vt 0.291642 0.971833
vt 0.278899 0.675726
vt 0.482784 0.971833
vt 0.470041 0.675726
vt 0.482784 0.675726
vt 0.470041 0.971833
vt 0.457299 0.675726
vt 0.457299 0.971833
vt 0.444556 0.675726
vt 0.444556 0.971833
vt 0.431813 0.675726
vt 0.431813 0.971833
vt 0.419070 0.675726
vt 0.419070 0.971833
vt 0.406327 0.675726
vt 0.406327 0.971833
vt 0.393584 0.675726
vt 0.393584 0.971833
vt 0.380841 0.675726
vt 0.380842 0.971833
vt 0.368099 0.675726
vt 0.368099 0.971833
vt 0.355356 0.675726
vt 0.355356 0.971833
vt 0.342613 0.675726
vt 0.342613 0.971833
vt 0.256823 0.451603
vt 0.215822 0.458013
vt 0.233251 0.436340
vt 0.282900 0.461899
vt 0.244016 0.476258
vt 0.310459 0.466813
vt 0.275238 0.488547
vt 0.338345 0.466220
vt 0.308201 0.494377
vt 0.365404 0.460167
vt 0.341520 0.493603
vt 0.390944 0.449042
vt 0.373876 0.486410
vt 0.413743 0.432940
vt 0.404372 0.473060
vt 0.432916 0.412886
vt 0.431594 0.453875
vt 0.447784 0.389595
vt 0.454405 0.429869
vt 0.457845 0.363973
vt 0.472034 0.402049
vt 0.462731 0.337046
vt 0.483925 0.371517
vt 0.462520 0.309609
vt 0.489764 0.339464
vt 0.456805 0.282777
vt 0.489453 0.306787
vt 0.446177 0.257581
vt 0.482797 0.274804
vt 0.451838 0.217303
vt 0.470158 0.244620
vt 0.411181 0.215242
vt 0.430882 0.234620
vt 0.401182 0.176023
vt 0.428444 0.194129
vt 0.362906 0.189430
vt 0.388373 0.200031
vt 0.335681 0.184136
vt 0.370871 0.163379
vt 0.305579 0.156951
vt 0.338474 0.156951
vt 0.308126 0.184219
vt 0.242469 0.175782
vt 0.273199 0.163240
vt 0.232257 0.215538
vt 0.191182 0.217467
vt 0.214831 0.194124
vt 0.196955 0.258255
vt 0.212379 0.235012
vt 0.159549 0.275890
vt 0.172551 0.245078
vt 0.180591 0.311652
vt 0.185998 0.284006
vt 0.152874 0.342358
vt 0.152921 0.308795
vt 0.186219 0.367312
vt 0.180698 0.339673
vt 0.172719 0.406846
vt 0.159464 0.375574
vt 0.213078 0.416707
vt 0.197239 0.393388
vt 0.191772 0.434587
vt 0.331684 0.294315
vt 0.353763 0.333722
vt 0.314041 0.355322
vt 0.439622 0.385456
vt 0.237994 0.222575
vt 0.449086 0.361489
vt 0.219630 0.240998
vt 0.453810 0.336292
vt 0.204986 0.262573
vt 0.453332 0.310609
vt 0.195064 0.286762
vt 0.448267 0.285445
vt 0.189867 0.312538
vt 0.438156 0.261908
vt 0.261061 0.443321
vt 0.189826 0.338735
vt 0.423695 0.240567
vt 0.285407 0.452961
vt 0.195304 0.364495
vt 0.405416 0.222314
vt 0.311164 0.457573
vt 0.205471 0.388903
vt 0.384148 0.207971
vt 0.337233 0.457067
vt 0.220229 0.410680
vt 0.360236 0.198355
vt 0.362568 0.451548
vt 0.239050 0.429039
vt 0.334807 0.193264
vt 0.386328 0.440858
vt 0.309011 0.193172
vt 0.407705 0.425939
vt 0.283742 0.198339
vt 0.425677 0.407223
vt 0.304726 0.359660
vt 0.298266 0.355437
vt 0.319645 0.363932
vt 0.311945 0.362634
vt 0.327293 0.363761
vt 0.341998 0.359228
vt 0.334900 0.362424
vt 0.348302 0.354803
vt 0.357827 0.342786
vt 0.353653 0.349253
vt 0.360658 0.335638
vt 0.362019 0.328067
vt 0.361868 0.320373
vt 0.360215 0.312877
vt 0.357150 0.305890
vt 0.347388 0.294263
vt 0.352756 0.299699
vt 0.340843 0.290271
vt 0.333786 0.287334
vt 0.326220 0.285718
vt 0.310965 0.287558
vt 0.318459 0.285876
vt 0.297768 0.294855
vt 0.304059 0.290661
vt 0.288178 0.306746
vt 0.292387 0.300295
vt 0.285304 0.313920
vt 0.283776 0.329197
vt 0.283796 0.321478
vt 0.285264 0.336809
vt 0.288496 0.343784
vt 0.292766 0.350086
vt 0.302793 0.349767
vt 0.308100 0.353141
vt 0.326496 0.356694
vt 0.320259 0.356666
vt 0.338370 0.352933
vt 0.332648 0.355406
vt 0.343546 0.349317
vt 0.347960 0.344801
vt 0.351411 0.339535
vt 0.354856 0.327527
vt 0.354739 0.321235
vt 0.353416 0.315082
vt 0.350958 0.309298
vt 0.347430 0.304216
vt 0.342911 0.299921
vt 0.337604 0.296578
vt 0.319244 0.293079
vt 0.325514 0.293062
vt 0.313128 0.294325
vt 0.307384 0.296761
vt 0.302296 0.300296
vt 0.297990 0.304829
vt 0.294588 0.310110
vt 0.292348 0.316030
vt 0.291045 0.322220
vt 0.291029 0.328503
vt 0.294699 0.340373
vt 0.292255 0.334628
vt 0.298247 0.345484
vt 0.095835 0.608188
vt 0.082426 0.873846
vt 0.080229 0.851430
vt 0.104556 0.635406
vt 0.111369 0.618791
vt 0.084033 0.716070
vt 0.087684 0.694465
vt 0.079146 0.828681
vt 0.077751 0.805947
vt 0.098985 0.935689
vt 0.092010 0.916395
vt 0.077473 0.783203
vt 0.078092 0.760589
vt 0.092379 0.673625
vt 0.085899 0.895680
vt 0.105893 0.953665
vt 0.098052 0.653821
vt 0.081467 0.738244
vt 0.263028 0.693472
vt 0.261459 0.711454
vt 0.264885 0.675657
vt 0.266989 0.658008
vt 0.269289 0.640493
vt 0.269289 0.932248
vt 0.267009 0.914102
vt 0.264938 0.895837
vt 0.263140 0.877432
vt 0.261551 0.858948
vt 0.260289 0.840402
vt 0.259369 0.821830
vt 0.258797 0.803268
vt 0.258587 0.784734
vt 0.258748 0.766258
vt 0.259294 0.747863
vt 0.260207 0.729592
vt 0.999299 0.449929
vt 0.925918 0.498961
vt 0.876887 0.425580
vt 0.054456 0.179547
vt 0.033262 0.411147
vt 0.605109 0.422198
vt 0.581026 0.475893
vt 0.303175 0.021415
vt 0.363276 0.025417
vt 0.403186 0.611961
vt 0.289589 0.622991
vt 0.473072 0.066251
vt 0.519970 0.100844
vt 0.032191 0.235329
vt 0.619324 0.306568
vt 0.054456 0.179547
vt 0.088487 0.514343
vt 0.133838 0.379951
vt 0.149206 0.229743
vt 0.347034 0.130554
vt 0.450105 0.177974
vt 0.495758 0.238896
vt 0.514340 0.351848
vt 0.506544 0.389475
vt 0.472837 0.458248
vt 0.491080 0.424342
vt 0.442282 0.481112
vt 0.338591 0.521447
vt 0.126372 0.303315
vt 0.307985 0.124496
vt 0.338931 0.525864
vt 0.421324 0.151852
vt 0.453099 0.174627
vt 0.145182 0.227537
vt 0.168073 0.194814
vt 0.168073 0.194814
vt 0.088362 0.965263
vt 0.972763 0.489643
vt 0.989981 0.403084
vt 0.903422 0.385866
vt 0.021265 0.293626
vt 0.054456 0.179547
vt 0.087704 0.128577
vt 0.363276 0.025417
vt 0.559520 0.144127
vt 0.617945 0.364919
vt 0.546691 0.523056
vt 0.456224 0.591903
vt 0.232624 0.611534
vt 0.178651 0.589028
vt 0.056055 0.465395
vt 0.508322 0.275242
vt 0.559520 0.144127
vt 0.456224 0.591903
vt 0.347327 0.623082
vt 0.148215 0.375635
vt 0.303175 0.021415
vt 0.021337 0.352978
vt 0.032191 0.235329
vt 0.619324 0.306568
vt 0.347034 0.130554
vt 0.278899 0.971833
vt 0.886205 0.403084
vt 0.925918 0.376548
vt 0.950268 0.376548
vt 0.972764 0.385866
vt 0.999299 0.425580
vt 0.989981 0.472425
vt 0.950268 0.498961
vt 0.903422 0.489643
vt 0.886205 0.472425
vt 0.876887 0.449929
vt 0.056055 0.465395
vt 0.605109 0.422198
vt 0.363276 0.025417
vt 0.021265 0.293626
s 1
usemtl Material
f 1107/723/615 1044/724/616 1108/725/616
f 1108/725/616 1045/726/617 1109/727/617
f 1109/727/617 1046/728/618 1110/729/618
f 1110/729/618 1047/730/619 1111/731/619
f 1111/731/619 1048/732/620 1112/733/620
f 1112/733/620 1049/734/621 1113/735/621
f 1113/735/621 1050/736/622 1114/737/622
f 1050/736/622 1115/738/623 1114/737/622
f 1051/739/623 1116/740/624 1115/738/623
f 1052/741/624 1117/742/625 1116/740/624
f 1053/743/625 1118/744/626 1117/742/625
f 1054/745/626 1119/746/627 1118/744/626
f 1055/747/627 1120/748/628 1119/746/627
f 1056/749/628 1121/750/629 1120/748/628
f 1057/751/629 1122/752/630 1121/750/629
f 1058/753/630 1123/754/631 1122/752/630
f 1059/755/631 1124/756/632 1123/754/631
f 1060/757/632 1125/758/633 1124/756/632
f 1061/759/633 1126/760/634 1125/758/633
f 1062/761/634 1127/762/635 1126/760/634
f 1063/763/635 1128/764/636 1127/762/635
f 1064/765/636 1129/766/637 1128/764/636
f 1065/767/637 1130/768/638 1129/766/637
f 1066/769/638 1131/770/639 1130/768/638
f 1131/770/639 1068/771/640 1132/772/640
f 1132/772/640 1069/773/641 1133/774/641
f 1133/774/641 1070/775/642 1134/776/642
f 1134/776/642 1071/777/643 1135/778/643
f 1135/778/643 1072/779/644 1136/780/644
f 1136/780/644 1073/781/645 1137/782/645
f 1907/783/646 1260/784/647 1909/785/647
f 1137/782/645 1074/786/648 1138/787/648
f 1138/787/648 1043/788/615 1107/723/615
f 1874/789/649 1161/790/650 1872/791/650
f 1903/792/651 1258/793/652 1905/794/652
f 1925/795/653 1269/796/654 1927/797/654
f 1943/798/655 1278/799/656 1945/800/656
f 1899/801/657 1256/802/658 1901/803/658
f 1917/804/659 1265/805/660 1919/806/660
f 1935/807/661 1274/808/662 1937/809/662
f 1953/810/663 1283/811/664 1955/812/664
f 1909/785/647 1261/813/665 1911/814/665
f 1927/797/654 1270/815/666 1929/816/666
f 1945/800/656 1279/817/667 1947/818/667
f 1047/730/668 1904/819/669 1048/732/669
f 1919/820/660 1266/821/670 1921/822/670
f 1937/809/662 1275/823/671 1939/824/671
f 1958/825/672 1542/826/673 1959/827/673
f 1911/828/665 1262/829/674 1913/830/674
f 1929/816/666 1271/831/675 1931/832/675
f 1947/818/667 1280/833/676 1949/834/676
f 1901/835/658 1257/836/651 1903/837/651
f 1921/822/670 1267/838/677 1923/839/677
f 1939/824/671 1276/840/678 1941/841/678
f 1893/842/679 1254/843/680 1897/844/680
f 1897/845/680 1255/846/657 1899/801/657
f 1913/847/674 1263/848/681 1915/849/681
f 1931/850/675 1272/851/682 1933/852/682
f 1949/834/676 1281/853/683 1951/854/683
f 1905/794/652 1259/855/646 1907/856/646
f 1923/839/677 1268/857/653 1925/858/653
f 1941/841/678 1277/859/655 1943/860/655
f 1044/724/684 1895/861/685 1894/862/684
f 1915/849/681 1264/863/659 1917/804/659
f 1933/852/682 1273/864/661 1935/807/661
f 1951/854/683 1282/865/663 1953/866/663
f 1096/867/686 1338/868/687 1097/869/687
f 1074/786/688 1895/861/685 1043/788/685
f 1061/759/689 1932/870/690 1062/761/690
f 1048/732/669 1906/871/691 1049/734/691
f 1062/761/690 1934/872/692 1063/763/692
f 1050/736/693 1906/873/691 1908/874/693
f 1063/763/692 1936/875/694 1064/765/694
f 1050/736/693 1910/876/695 1051/739/695
f 1064/765/694 1938/877/696 1065/767/696
f 1051/739/695 1912/878/697 1052/741/697
f 1066/769/698 1938/877/696 1940/879/698
f 1052/741/697 1914/880/699 1053/743/699
f 1066/769/698 1942/881/700 1067/882/700
f 1053/743/699 1916/883/701 1054/745/701
f 1067/882/700 1944/884/702 1068/771/702
f 1055/747/703 1916/885/701 1918/886/703
f 1068/771/702 1946/887/704 1069/773/704
f 1055/747/703 1920/888/705 1056/749/705
f 1069/773/704 1948/889/706 1070/775/706
f 1057/751/707 1920/890/705 1922/891/707
f 1044/724/684 1898/892/708 1045/726/708
f 1070/775/706 1950/893/709 1071/777/709
f 1057/751/707 1924/894/710 1058/753/710
f 1955/895/664 1253/896/711 1896/897/711
f 1071/777/709 1952/898/712 1072/779/712
f 1059/755/713 1924/899/710 1926/900/713
f 1045/726/708 1900/901/714 1046/728/714
f 1072/779/712 1954/902/715 1073/781/715
f 1059/755/713 1928/903/716 1060/757/716
f 1046/728/714 1902/904/668 1047/730/668
f 1073/781/715 1956/905/688 1074/786/688
f 1060/757/716 1930/906/689 1061/759/689
f 1829/907/717 1171/908/718 1892/909/718
f 1836/910/719 1142/911/720 1834/912/720
f 1838/913/721 1143/914/719 1836/915/719
f 1840/916/722 1144/917/721 1838/918/721
f 1842/919/723 1145/920/722 1840/921/722
f 1844/922/724 1146/923/723 1842/924/723
f 1846/925/725 1147/926/724 1844/927/724
f 1848/928/726 1148/929/725 1846/925/725
f 1848/928/726 1150/930/727 1149/931/726
f 1852/932/728 1150/930/727 1850/933/727
f 1854/934/729 1151/935/728 1852/932/728
f 1854/936/729 1153/937/730 1152/938/729
f 1856/939/730 1154/940/731 1153/937/730
f 1860/941/732 1154/940/731 1858/942/731
f 1860/941/732 1156/943/733 1155/944/732
f 1864/945/734 1156/943/733 1862/946/733
f 1866/947/735 1157/948/734 1864/949/734
f 1868/950/736 1158/951/735 1866/947/735
f 1868/952/736 1160/953/737 1159/954/736
f 1869/955/738 1128/764/738 1871/956/738
f 1872/957/650 1160/953/737 1870/958/737
f 1876/959/739 1162/960/649 1874/961/649
f 1878/962/740 1163/963/739 1876/959/739
f 1880/964/741 1164/965/740 1878/962/740
f 1882/966/742 1165/967/741 1880/968/741
f 1884/969/743 1166/970/742 1882/966/742
f 1886/971/744 1167/972/743 1884/969/743
f 1888/973/745 1168/974/744 1886/975/744
f 1890/976/746 1169/977/745 1888/978/745
f 1892/979/718 1170/980/746 1890/981/746
f 1896/982/711 1252/983/679 1893/984/679
f 1830/985/738 1108/725/738 1831/986/738
f 1843/987/738 1115/738/738 1845/988/738
f 1873/989/738 1128/764/738 1129/766/738
f 1845/990/738 1116/740/738 1847/991/738
f 1873/992/738 1130/768/738 1875/993/738
f 1849/994/738 1116/740/738 1117/742/738
f 1875/993/738 1131/770/738 1877/995/738
f 1849/996/738 1118/744/738 1851/997/738
f 1879/998/738 1131/770/738 1132/772/738
f 1853/999/738 1118/744/738 1119/746/738
f 1881/1000/738 1132/772/738 1133/774/738
f 1855/1001/738 1119/746/738 1120/748/738
f 1881/1002/738 1134/776/738 1883/1003/738
f 1857/1004/738 1120/748/738 1121/750/738
f 1891/1005/738 1107/723/738 1830/985/738
f 1883/1006/738 1135/778/738 1885/1007/738
f 1857/1008/738 1122/752/738 1859/1009/738
f 1831/1010/738 1109/727/738 1833/1011/738
f 1885/1007/738 1136/780/738 1887/1012/738
f 1861/1013/738 1122/752/738 1123/754/738
f 1833/1014/738 1110/729/738 1835/1015/738
f 1887/1016/738 1137/782/738 1889/1017/738
f 1861/1013/738 1124/756/738 1863/1018/738
f 1837/1019/738 1110/729/738 1111/731/738
f 1889/1020/738 1138/787/738 1891/1021/738
f 1865/1022/738 1124/756/738 1125/758/738
f 1839/1023/738 1111/731/738 1112/733/738
f 1834/1024/720 1141/826/747 1832/1025/747
f 1865/1022/738 1126/760/738 1867/1026/738
f 1839/1023/738 1113/735/738 1841/1027/738
f 1869/1028/738 1126/760/738 1127/762/738
f 1841/1027/738 1114/737/738 1843/1029/738
f 1173/1030/738 1140/1031/738 1141/1032/738
f 1173/1030/738 1142/1033/738 1174/1034/738
f 1174/1034/738 1143/1035/738 1175/1036/738
f 1175/1036/738 1144/1037/738 1176/1038/738
f 1177/1039/738 1144/1037/738 1145/1040/738
f 1177/1039/738 1146/1041/738 1178/1042/738
f 1178/1042/738 1147/1043/738 1179/1044/738
f 1180/1045/738 1147/1043/738 1148/1046/738
f 1180/1045/738 1149/1047/738 1181/1048/738
f 1181/1048/738 1150/1049/738 1182/1050/738
f 1183/1051/738 1150/1049/738 1151/1052/738
f 1184/1053/738 1151/1052/738 1152/1054/738
f 1184/1053/738 1153/1055/738 1185/1056/738
f 1186/1057/738 1153/1055/738 1154/1058/738
f 1186/1057/738 1155/1059/738 1187/1060/738
f 1188/1061/738 1155/1059/738 1156/1062/738
f 1188/1061/738 1157/1063/738 1189/1064/738
f 1190/1065/738 1157/1063/738 1158/1066/738
f 1190/1065/738 1159/1067/738 1191/1068/738
f 1192/1069/738 1159/1067/738 1160/1070/738
f 1192/1069/738 1161/1071/738 1193/1072/738
f 1194/1073/738 1161/1071/738 1162/1074/738
f 1194/1073/738 1163/1075/738 1195/1076/738
f 1195/1076/738 1164/1077/738 1196/1078/738
f 1197/1079/738 1164/1077/738 1165/1080/738
f 1197/1079/738 1166/1081/738 1198/1082/738
f 1198/1082/738 1167/1083/738 1199/1084/738
f 1199/1084/738 1168/1085/738 1200/1086/738
f 1200/1086/738 1169/1087/738 1201/1088/738
f 1201/1088/738 1170/1089/738 1202/1090/738
f 1203/1091/738 1170/1089/738 1171/1092/738
f 1203/1091/738 1140/1031/738 1172/1093/738
f 1139/1094/748 1172/1093/749 1173/1030/750
f 1139/1094/748 1173/1030/750 1174/1034/751
f 1139/1094/748 1174/1034/751 1175/1036/752
f 1139/1094/748 1175/1036/752 1176/1038/753
f 1139/1094/748 1176/1038/753 1177/1039/754
f 1139/1094/748 1177/1039/754 1178/1042/755
f 1139/1094/748 1178/1042/755 1179/1044/756
f 1139/1094/748 1179/1044/756 1180/1045/757
f 1139/1094/748 1180/1045/757 1181/1048/758
f 1139/1094/748 1181/1048/758 1182/1050/759
f 1139/1094/748 1182/1050/759 1183/1051/760
f 1139/1094/748 1183/1051/760 1184/1053/761
f 1139/1094/748 1184/1053/761 1185/1056/762
f 1139/1094/748 1185/1056/762 1186/1057/763
f 1139/1094/748 1186/1057/763 1187/1060/764
f 1139/1094/748 1187/1060/764 1188/1061/765
f 1139/1094/748 1188/1061/765 1189/1064/766
f 1139/1094/748 1189/1064/766 1190/1065/767
f 1139/1094/748 1190/1065/767 1191/1068/768
f 1139/1094/748 1191/1068/768 1192/1069/769
f 1139/1094/748 1192/1069/769 1193/1072/770
f 1139/1094/748 1193/1072/770 1194/1073/771
f 1139/1094/748 1194/1073/771 1195/1076/772
f 1139/1094/748 1195/1076/772 1196/1078/773
f 1139/1094/748 1196/1078/773 1197/1079/774
f 1139/1094/748 1197/1079/774 1198/1082/775
f 1139/1094/748 1198/1082/775 1199/1084/776
f 1139/1094/748 1199/1084/776 1200/1086/777
f 1139/1094/748 1200/1086/777 1201/1088/778
f 1139/1094/748 1201/1088/778 1202/1090/779
f 1139/1094/748 1202/1090/779 1203/1091/780
f 1139/1094/748 1203/1091/780 1172/1093/749
f 1394/1095/781 1204/1096/782 1395/1097/782
f 1386/1098/783 1212/1099/784 1387/1100/784
f 1394/1095/781 1206/1101/785 1205/1102/781
f 1386/1098/783 1214/1103/786 1213/1104/783
f 1392/1105/787 1206/1101/785 1393/1106/785
f 1385/1107/786 1215/1108/788 1214/1103/786
f 1391/1109/789 1207/1110/787 1392/1105/787
f 1383/1111/790 1215/1112/788 1384/1113/788
f 1390/1114/791 1208/1115/789 1391/1109/789
f 1383/1111/790 1217/1116/792 1216/1117/790
f 1389/1118/793 1209/1119/791 1390/1114/791
f 1382/1120/792 1218/1121/794 1217/1116/792
f 1388/1122/795 1210/1123/793 1389/1118/793
f 1395/1097/782 1219/1124/796 1380/1125/796
f 1381/1126/794 1219/1124/796 1218/1121/794
f 1387/1100/784 1211/1127/795 1388/1122/795
f 1400/1128/738 1392/1105/738 1399/1129/738
f 1406/1130/738 1384/1131/738 1385/1107/738
f 1399/1129/738 1393/1106/738 1398/1132/738
f 1406/1130/738 1386/1098/738 1405/1133/738
f 1397/1134/738 1393/1106/738 1394/1095/738
f 1405/1133/738 1387/1100/738 1404/1135/738
f 1397/1134/738 1395/1097/738 1396/1136/738
f 1404/1135/738 1388/1122/738 1403/1137/738
f 1411/1138/738 1381/1126/738 1410/1139/738
f 1396/1136/738 1380/1125/738 1411/1138/738
f 1402/1140/738 1388/1122/738 1389/1118/738
f 1410/1139/738 1382/1120/738 1409/1141/738
f 1402/1140/738 1390/1114/738 1401/1142/738
f 1408/1143/738 1382/1120/738 1383/1111/738
f 1401/1142/738 1391/1109/738 1400/1128/738
f 1221/1144/711 1222/1145/680 1220/1146/711
f 1223/1147/680 1224/1148/658 1222/1145/680
f 1225/1149/658 1226/1150/652 1224/1148/658
f 1227/1151/652 1228/1152/647 1226/1150/652
f 1229/1153/647 1230/1154/674 1228/1155/647
f 1231/1156/674 1232/1157/659 1230/1154/674
f 1233/1158/659 1234/1159/670 1232/1157/659
f 1235/1160/670 1236/1161/653 1234/1159/670
f 1237/1162/653 1238/1163/666 1236/1161/653
f 1239/1164/666 1240/1165/682 1238/1163/666
f 1241/1166/682 1242/1167/662 1240/1165/682
f 1243/1168/662 1244/1169/678 1242/1167/662
f 1245/1170/678 1246/1171/656 1244/1169/678
f 1247/1172/656 1248/1173/676 1246/1171/656
f 1249/1174/676 1250/1175/663 1248/1173/676
f 1251/1176/663 1220/1146/711 1250/1175/663
f 1075/1177/797 1253/1178/797 1076/1179/797
f 1077/1180/797 1252/1181/797 1075/1177/797
f 1078/1182/797 1254/1183/797 1077/1180/797
f 1079/1184/797 1255/1185/797 1078/1182/797
f 1080/1186/797 1256/1187/797 1079/1184/797
f 1081/1188/797 1257/1189/797 1080/1186/797
f 1082/1190/797 1258/1191/797 1081/1188/797
f 1083/1192/797 1259/1193/797 1082/1190/797
f 1084/1194/797 1260/1195/797 1083/1192/797
f 1085/1196/797 1261/1197/797 1084/1194/797
f 1086/1198/797 1262/1199/797 1085/1196/797
f 1087/1200/797 1263/1201/797 1086/1198/797
f 1088/1202/797 1264/1203/797 1087/1200/797
f 1089/1204/797 1265/1205/797 1088/1202/797
f 1089/1204/797 1267/1206/797 1266/1207/797
f 1091/1208/797 1267/1206/797 1090/1209/797
f 1091/1208/797 1269/1210/797 1268/1211/797
f 1093/1212/797 1269/1210/797 1092/1213/797
f 1094/1214/797 1270/1215/797 1093/1212/797
f 1094/1214/797 1272/1216/797 1271/1217/797
f 1096/867/797 1272/1216/797 1095/1218/797
f 1096/867/797 1274/1219/797 1273/1220/797
f 1098/1221/797 1274/1219/797 1097/869/797
f 1098/1221/797 1276/1222/797 1275/1223/797
f 1100/1224/797 1276/1222/797 1099/1225/797
f 1100/1224/797 1278/1226/797 1277/1227/797
f 1102/1228/797 1278/1226/797 1101/1229/797
f 1102/1228/797 1280/1230/797 1279/1231/797
f 1104/1232/797 1280/1230/797 1103/1233/797
f 1104/1232/797 1282/1234/797 1281/1235/797
f 1106/1236/797 1282/1234/797 1105/1237/797
f 1076/1179/797 1283/1238/797 1106/1236/797
f 1302/1239/797 1294/1240/797 1286/1241/797
f 1083/1192/798 1325/1242/799 1084/1194/799
f 1097/869/687 1339/1243/800 1098/1221/800
f 1084/1194/799 1326/1244/801 1085/1196/802
f 1098/1221/800 1340/1245/803 1099/1225/803
f 1085/1196/802 1327/1246/804 1086/1198/804
f 1099/1225/803 1341/1247/805 1100/1224/805
f 1086/1198/804 1328/1248/806 1087/1200/806
f 1100/1224/805 1342/1249/807 1101/1229/807
f 1087/1200/806 1329/1250/808 1088/1202/808
f 1102/1228/809 1342/1249/807 1343/1251/809
f 1088/1202/808 1330/1252/810 1089/1204/810
f 1076/1179/811 1316/1253/812 1075/1177/812
f 1103/1233/813 1343/1251/809 1344/1254/813
f 1090/1209/814 1330/1252/810 1331/1255/814
f 1075/1177/812 1318/1256/815 1077/1180/815
f 1103/1233/813 1345/1257/816 1104/1232/816
f 1090/1209/814 1332/1258/817 1091/1208/817
f 1078/1182/818 1318/1256/815 1319/1259/818
f 1105/1237/819 1345/1257/816 1346/1260/819
f 1092/1213/820 1332/1258/817 1333/1261/820
f 1078/1182/818 1320/1262/821 1079/1184/821
f 1105/1237/819 1347/1263/822 1106/1236/822
f 1093/1212/823 1333/1261/820 1334/1264/823
f 1079/1184/821 1321/1265/824 1080/1186/824
f 1076/1179/811 1347/1263/822 1317/1266/811
f 1093/1212/823 1335/1267/825 1094/1214/825
f 1080/1186/824 1322/1268/826 1081/1188/826
f 1094/1214/825 1336/1269/827 1095/1218/827
f 1081/1188/826 1323/1270/828 1082/1190/828
f 1095/1218/827 1337/1271/686 1096/867/686
f 1082/1190/828 1324/1272/798 1083/1192/798
f 1348/1273/797 1317/1266/797 1349/1274/797
f 1348/1273/797 1318/1256/797 1316/1253/797
f 1351/1275/797 1318/1256/797 1350/1276/797
f 1352/1277/797 1319/1259/797 1351/1275/797
f 1352/1277/797 1321/1265/797 1320/1262/797
f 1354/1278/797 1321/1265/797 1353/1279/797
f 1355/1280/797 1322/1268/797 1354/1278/797
f 1355/1280/797 1324/1272/797 1323/1270/797
f 1357/1281/797 1324/1272/797 1356/1282/797
f 1358/1283/797 1325/1242/797 1357/1281/797
f 1359/1284/797 1326/1244/797 1358/1283/797
f 1360/1285/797 1327/1246/797 1359/1284/797
f 1361/1286/797 1328/1248/797 1360/1285/797
f 1361/1286/797 1330/1252/797 1329/1250/797
f 1362/1287/797 1331/1255/797 1330/1252/797
f 1364/1288/797 1331/1255/797 1363/1289/797
f 1365/1290/797 1332/1258/797 1364/1288/797
f 1366/1291/797 1333/1261/797 1365/1290/797
f 1367/1292/797 1334/1264/797 1366/1291/797
f 1367/1292/797 1336/1269/797 1335/1267/797
f 1369/1293/797 1336/1269/797 1368/1294/797
f 1369/1293/797 1338/868/797 1337/1271/797
f 1371/1295/797 1338/868/797 1370/1296/797
f 1371/1295/797 1340/1245/797 1339/1243/797
f 1373/1297/797 1340/1245/797 1372/1298/797
f 1374/1299/797 1341/1247/797 1373/1297/797
f 1374/1299/797 1343/1251/797 1342/1249/797
f 1376/1300/797 1343/1251/797 1375/1301/797
f 1377/1302/797 1344/1254/797 1376/1300/797
f 1378/1303/797 1345/1257/797 1377/1302/797
f 1378/1303/797 1347/1263/797 1346/1260/797
f 1349/1274/797 1347/1263/797 1379/1304/797
f 1285/1305/829 1348/1273/830 1349/1274/829
f 1284/1306/830 1350/1276/831 1348/1273/830
f 1286/1241/831 1351/1275/832 1350/1276/831
f 1288/1307/833 1351/1275/832 1287/1308/832
f 1288/1307/833 1353/1279/834 1352/1277/833
f 1290/1309/835 1353/1279/834 1289/1310/834
f 1291/1311/836 1354/1278/835 1290/1309/835
f 1292/1312/837 1355/1280/836 1291/1311/836
f 1293/1313/838 1356/1282/837 1292/1312/837
f 1294/1240/839 1357/1281/838 1293/1313/838
f 1295/1314/840 1358/1283/839 1294/1240/839
f 1296/1315/841 1359/1284/840 1295/1314/840
f 1297/1316/842 1360/1285/841 1296/1315/841
f 1298/1317/843 1361/1286/842 1297/1316/842
f 1299/1318/844 1362/1287/843 1298/1317/843
f 1300/1319/845 1363/1289/844 1299/1318/844
f 1301/1320/846 1364/1288/845 1300/1319/845
f 1302/1239/847 1365/1290/846 1301/1320/846
f 1302/1239/847 1367/1292/848 1366/1291/847
f 1304/1321/849 1367/1292/848 1303/1322/848
f 1305/1323/850 1368/1294/849 1304/1321/849
f 1306/1324/851 1369/1293/850 1305/1323/850
f 1306/1324/851 1371/1295/852 1370/1296/851
f 1307/1325/852 1372/1298/853 1371/1295/852
f 1308/1326/853 1373/1297/854 1372/1298/853
f 1309/1327/854 1374/1299/855 1373/1297/854
f 1310/1328/855 1375/1301/856 1374/1299/855
f 1311/1329/856 1376/1300/857 1375/1301/856
f 1312/1330/857 1377/1302/858 1376/1300/857
f 1314/1331/859 1377/1302/858 1313/1332/858
f 1315/1333/860 1378/1303/859 1314/1331/859
f 1315/1333/860 1349/1274/829 1379/1304/860
f 1408/1143/738 1384/1113/738 1407/1334/738
f 1429/1335/861 1402/1140/862 1431/1336/862
f 1419/1337/863 1407/1334/864 1421/1338/864
f 1443/1339/865 1411/1138/866 1413/1340/866
f 1433/1341/867 1400/1128/868 1435/1342/868
f 1423/1343/869 1405/1133/870 1425/1344/870
f 1437/1345/871 1398/1132/872 1439/1346/872
f 1415/1347/873 1411/1138/866 1410/1139/873
f 1427/1348/874 1403/1137/861 1429/1335/861
f 1419/1337/863 1409/1141/875 1408/1143/863
f 1443/1339/865 1397/1134/876 1396/1136/865
f 1431/1336/862 1401/1142/867 1433/1341/867
f 1421/1349/864 1406/1130/869 1423/1343/869
f 1435/1342/868 1399/1129/871 1437/1345/871
f 1425/1344/870 1404/1135/874 1427/1348/874
f 1415/1347/873 1409/1141/875 1417/1350/875
f 1441/1351/876 1398/1132/872 1397/1134/876
f 1413/1340/711 1414/1352/680 1412/1353/711
f 1415/1347/680 1416/1354/658 1414/1352/680
f 1417/1350/658 1418/1355/652 1416/1354/658
f 1419/1337/652 1420/1356/647 1418/1355/652
f 1420/1357/647 1423/1343/674 1422/1358/674
f 1423/1343/674 1424/1359/659 1422/1358/674
f 1425/1344/659 1426/1360/670 1424/1359/659
f 1426/1360/670 1429/1335/653 1428/1361/653
f 1429/1335/653 1430/1362/666 1428/1361/653
f 1431/1336/666 1432/1363/682 1430/1362/666
f 1433/1341/682 1434/1364/662 1432/1363/682
f 1435/1342/662 1436/1365/678 1434/1364/662
f 1437/1345/678 1438/1366/656 1436/1365/678
f 1439/1346/656 1440/1367/676 1438/1366/656
f 1441/1351/676 1442/1368/663 1440/1367/676
f 1443/1339/663 1412/1353/711 1442/1368/663
f 1426/1369/738 1434/1370/738 1442/1371/738
f 1508/723/877 1445/724/878 1444/788/877
f 1509/725/878 1446/726/879 1445/724/878
f 1510/727/879 1447/728/880 1446/726/879
f 1511/729/880 1448/730/881 1447/728/880
f 1512/731/881 1449/732/882 1448/730/881
f 1513/733/882 1450/734/883 1449/732/882
f 1514/735/883 1451/736/884 1450/734/883
f 1516/738/885 1451/736/884 1515/737/884
f 1517/740/886 1452/739/885 1516/738/885
f 1518/742/887 1453/741/886 1517/740/886
f 1519/744/888 1454/743/887 1518/742/887
f 1520/746/889 1455/745/888 1519/744/888
f 1521/748/890 1456/747/889 1520/746/889
f 1522/750/891 1457/749/890 1521/748/890
f 1523/752/892 1458/751/891 1522/750/891
f 1524/754/893 1459/753/892 1523/752/892
f 1525/756/894 1460/755/893 1524/754/893
f 1526/758/895 1461/757/894 1525/756/894
f 1527/760/896 1462/759/895 1526/758/895
f 1528/762/897 1463/761/896 1527/760/896
f 1529/764/898 1464/763/897 1528/762/897
f 1530/766/899 1465/765/898 1529/764/898
f 1531/768/900 1466/767/899 1530/766/899
f 1532/770/901 1467/769/900 1531/768/900
f 1532/770/901 1469/771/902 1468/882/901
f 1533/772/902 1470/773/903 1469/771/902
f 1534/774/903 1471/775/904 1470/773/903
f 1535/776/904 1472/777/905 1471/775/904
f 1536/778/905 1473/779/906 1472/777/905
f 1537/780/906 1474/781/907 1473/779/906
f 1645/784/647 2036/856/646 2038/785/647
f 1538/782/907 1475/786/908 1474/781/907
f 1539/787/908 1444/788/877 1475/786/908
f 1562/790/909 2001/789/910 1999/957/909
f 1643/793/652 2032/837/651 2034/794/652
f 1654/796/654 2054/858/653 2056/797/654
f 1663/799/656 2072/860/655 2074/800/656
f 1641/802/658 2028/801/657 2030/835/658
f 1650/805/660 2046/804/659 2048/820/660
f 1659/808/662 2064/807/661 2066/809/662
f 1668/811/664 2082/866/663 2084/895/664
f 1646/813/665 2038/785/647 2040/828/665
f 1655/815/666 2056/797/654 2058/816/666
f 1664/817/667 2074/800/656 2076/818/667
f 1449/732/911 2029/1372/912 1448/730/912
f 1651/821/670 2048/806/660 2050/822/670
f 1660/823/671 2066/809/662 2068/824/671
f 1647/829/674 2040/814/665 2042/847/674
f 1656/831/675 2058/816/666 2060/850/675
f 1665/833/676 2076/818/667 2078/834/676
f 1642/836/651 2030/803/658 2032/792/651
f 1652/838/677 2050/822/670 2052/839/677
f 1661/840/678 2068/824/671 2070/841/678
f 1639/843/680 2022/984/679 2026/845/680
f 1640/846/657 2026/844/680 2028/801/657
f 1648/848/681 2042/830/674 2044/849/681
f 1657/851/682 2060/832/675 2062/852/682
f 1666/853/683 2078/834/676 2080/854/683
f 1644/855/646 2034/794/652 2036/783/646
f 1653/857/653 2052/839/677 2054/795/653
f 1662/859/655 2070/841/678 2072/798/655
f 1638/896/711 2084/812/664 2023/982/711
f 1649/863/659 2044/849/681 2046/804/659
f 1658/864/661 2062/852/682 2064/807/661
f 1667/865/663 2080/854/683 2082/810/663
f 1723/868/913 1497/867/914 1498/869/913
f 2024/1373/915 1475/786/916 1444/788/915
f 2059/1374/917 1462/759/918 1463/761/917
f 2033/871/919 1449/732/911 1450/734/919
f 2061/1375/920 1463/761/917 1464/763/920
f 1451/736/921 2033/873/919 1450/734/919
f 2063/875/922 1464/763/920 1465/765/922
f 2037/876/923 1451/736/921 1452/739/923
f 2065/877/924 1465/765/922 1466/767/924
f 2039/1376/925 1452/739/923 1453/741/925
f 1467/769/926 2065/877/924 1466/767/924
f 2041/1377/927 1453/741/925 1454/743/927
f 2069/1378/928 1467/769/926 1468/882/928
f 2043/883/929 1454/743/927 1455/745/929
f 1469/771/930 2069/881/928 1468/882/928
f 1456/747/931 2043/885/929 1455/745/929
f 2073/1379/932 1469/771/930 1470/773/932
f 1457/749/933 2045/1380/931 1456/747/931
f 2075/889/934 1470/773/932 1471/775/934
f 1458/751/935 2047/1381/933 1457/749/933
f 1445/724/936 2024/861/915 1444/788/915
f 1472/777/937 2075/889/934 1471/775/934
f 2051/894/938 1458/751/935 1459/753/938
f 2025/892/939 1445/724/936 1446/726/939
f 2079/898/940 1472/777/937 1473/779/940
f 1460/755/941 2051/899/938 1459/753/938
f 2027/1382/942 1446/726/939 1447/728/942
f 2081/902/943 1473/779/940 1474/781/943
f 2055/1383/944 1460/755/941 1461/757/944
f 2029/1384/912 1447/728/942 1448/730/912
f 1475/786/916 2081/1385/943 1474/781/943
f 2057/906/918 1461/757/944 1462/759/918
f 1572/908/945 1958/1386/672 2019/909/945
f 1543/911/946 1963/910/947 1961/912/946
f 1963/915/947 1545/917/948 1965/1387/948
f 1545/917/948 1967/916/949 1965/1387/948
f 1967/921/949 1547/923/950 1969/919/950
f 1547/923/950 1971/927/951 1969/924/950
f 1548/926/951 1973/925/952 1971/922/951
f 1549/929/952 1975/928/953 1973/925/952
f 1975/928/953 1551/930/954 1977/1388/954
f 1551/930/954 1979/932/955 1977/933/954
f 1552/935/955 1981/936/956 1979/932/955
f 1981/934/956 1554/937/957 1983/939/957
f 1983/1389/957 1555/940/958 1985/942/958
f 1555/940/958 1987/941/959 1985/942/958
f 1987/1390/959 1557/943/960 1989/946/960
f 1557/943/960 1991/945/961 1989/946/960
f 1558/948/961 1993/1391/962 1991/945/961
f 1559/951/962 1995/950/963 1993/947/962
f 1995/1392/963 1561/953/964 1997/958/964
f 1529/764/797 1998/1028/797 2000/1393/797
f 1561/953/964 1999/791/909 1997/1394/964
f 1563/960/910 2003/959/965 2001/1395/910
f 1564/963/965 2005/962/966 2003/959/965
f 1565/965/966 2007/1396/967 2005/962/966
f 2007/1396/967 1567/970/968 2009/966/968
f 1567/970/968 2011/969/969 2009/966/968
f 1568/972/969 2013/975/970 2011/969/969
f 1569/974/970 2015/978/971 2013/971/970
f 1570/977/971 2017/981/972 2015/973/971
f 1571/980/972 2019/979/945 2017/976/972
f 1637/983/679 2023/897/711 2022/842/679
f 1542/826/673 1961/1397/946 1959/1025/673
f 1974/990/797 1515/737/797 1972/1029/797
f 2002/992/797 1529/764/797 2000/956/797
f 1517/740/797 1974/988/797 1976/1398/797
f 1531/768/797 2002/989/797 2004/993/797
f 1978/996/797 1517/740/797 1976/991/797
f 1532/770/797 2004/993/797 2006/995/797
f 1519/744/797 1978/994/797 1980/997/797
f 2008/1399/797 1532/770/797 2006/995/797
f 1520/746/797 1980/997/797 1982/1400/797
f 1534/774/797 2008/998/797 2010/1002/797
f 1521/748/797 1982/999/797 1984/1001/797
f 1535/776/797 2010/1000/797 2012/1006/797
f 1522/750/797 1984/1401/797 1986/1008/797
f 1960/1010/797 1508/723/797 1957/985/797
f 1536/778/797 2012/1003/797 2014/1007/797
f 1523/752/797 1986/1004/797 1988/1009/797
f 1510/727/797 1960/986/797 1962/1014/797
f 1537/780/797 2014/1007/797 2016/1016/797
f 1990/1013/797 1523/752/797 1988/1009/797
f 1511/729/797 1962/1011/797 1964/1015/797
f 1538/782/797 2016/1012/797 2018/1020/797
f 1525/756/797 1990/1013/797 1992/1018/797
f 1512/731/797 1964/1015/797 1966/1402/797
f 1539/787/797 2018/1017/797 2020/1005/797
f 1994/1022/797 1525/756/797 1992/1018/797
f 1968/1403/797 1512/731/797 1966/1019/797
f 1508/723/797 2020/1021/797 1957/985/797
f 1527/760/797 1994/1022/797 1996/1026/797
f 1514/735/797 1968/1404/797 1970/1027/797
f 1528/762/797 1996/1026/797 1998/955/797
f 1515/737/797 1970/1027/797 1972/987/797
f 1574/1030/797 1541/1031/797 1573/1093/797
f 1543/1033/797 1574/1030/797 1575/1034/797
f 1544/1035/797 1575/1034/797 1576/1036/797
f 1577/1038/797 1544/1035/797 1576/1036/797
f 1578/1039/797 1545/1037/797 1577/1038/797
f 1547/1041/797 1578/1039/797 1579/1042/797
f 1548/1043/797 1579/1042/797 1580/1044/797
f 1581/1045/797 1548/1043/797 1580/1044/797
f 1550/1047/797 1581/1045/797 1582/1048/797
f 1551/1049/797 1582/1048/797 1583/1050/797
f 1584/1051/797 1551/1049/797 1583/1050/797
f 1585/1053/797 1552/1052/797 1584/1051/797
f 1554/1055/797 1585/1053/797 1586/1056/797
f 1587/1057/797 1554/1055/797 1586/1056/797
f 1556/1059/797 1587/1057/797 1588/1060/797
f 1589/1061/797 1556/1059/797 1588/1060/797
f 1558/1063/797 1589/1061/797 1590/1064/797
f 1591/1065/797 1558/1063/797 1590/1064/797
f 1560/1067/797 1591/1065/797 1592/1068/797
f 1593/1069/797 1560/1067/797 1592/1068/797
f 1594/1072/797 1561/1070/797 1593/1069/797
f 1595/1073/797 1562/1071/797 1594/1072/797
f 1564/1075/797 1595/1073/797 1596/1076/797
f 1565/1077/797 1596/1076/797 1597/1078/797
f 1598/1079/797 1565/1077/797 1597/1078/797
f 1567/1081/797 1598/1079/797 1599/1082/797
f 1600/1084/797 1567/1081/797 1599/1082/797
f 1569/1085/797 1600/1084/797 1601/1086/797
f 1570/1087/797 1601/1086/797 1602/1088/797
f 1571/1089/797 1602/1088/797 1603/1090/797
f 1604/1091/797 1571/1089/797 1603/1090/797
f 1541/1031/797 1604/1091/797 1573/1093/797
f 1540/1094/973 1574/1030/974 1573/1093/975
f 1540/1094/973 1575/1034/976 1574/1030/974
f 1540/1094/973 1576/1036/977 1575/1034/976
f 1540/1094/973 1577/1038/978 1576/1036/977
f 1540/1094/973 1578/1039/979 1577/1038/978
f 1540/1094/973 1579/1042/980 1578/1039/979
f 1540/1094/973 1580/1044/981 1579/1042/980
f 1540/1094/973 1581/1045/982 1580/1044/981
f 1540/1094/973 1582/1048/983 1581/1045/982
f 1540/1094/973 1583/1050/984 1582/1048/983
f 1540/1094/973 1584/1051/985 1583/1050/984
f 1540/1094/973 1585/1053/986 1584/1051/985
f 1540/1094/973 1586/1056/987 1585/1053/986
f 1540/1094/973 1587/1057/988 1586/1056/987
f 1540/1094/973 1588/1060/989 1587/1057/988
f 1540/1094/973 1589/1061/990 1588/1060/989
f 1540/1094/973 1590/1064/991 1589/1061/990
f 1540/1094/973 1591/1065/992 1590/1064/991
f 1540/1094/973 1592/1068/993 1591/1065/992
f 1540/1094/973 1593/1069/994 1592/1068/993
f 1540/1094/973 1594/1072/995 1593/1069/994
f 1540/1094/973 1595/1073/996 1594/1072/995
f 1540/1094/973 1596/1076/997 1595/1073/996
f 1540/1094/973 1597/1078/998 1596/1076/997
f 1540/1094/973 1598/1079/999 1597/1078/998
f 1540/1094/973 1599/1082/1000 1598/1079/999
f 1540/1094/973 1600/1084/1001 1599/1082/1000
f 1540/1094/973 1601/1086/1002 1600/1084/1001
f 1540/1094/973 1602/1088/1003 1601/1086/1002
f 1540/1094/973 1603/1090/1004 1602/1088/1003
f 1540/1094/973 1604/1091/1005 1603/1090/1004
f 1540/1094/973 1573/1093/975 1604/1091/1005
f 1605/1096/1006 1779/1095/1007 1780/1097/1006
f 1613/1099/1008 1771/1098/1009 1772/1100/1008
f 1779/1095/1007 1607/1101/1010 1778/1106/1010
f 1614/1104/1009 1770/1107/1011 1771/1098/1009
f 1607/1101/1010 1777/1105/1012 1778/1106/1010
f 1615/1103/1011 1769/1131/1013 1770/1107/1011
f 1608/1110/1012 1776/1109/1014 1777/1105/1012
f 1616/1112/1013 1768/1111/1015 1769/1113/1013
f 1609/1115/1014 1775/1114/1016 1776/1109/1014
f 1768/1111/1015 1618/1116/1017 1767/1120/1017
f 1610/1119/1016 1774/1118/1018 1775/1114/1016
f 1767/1120/1017 1619/1121/1019 1766/1126/1019
f 1611/1123/1018 1773/1122/1020 1774/1118/1018
f 1620/1124/1021 1780/1097/1006 1765/1125/1021
f 1766/1126/1019 1620/1124/1021 1765/1125/1021
f 1612/1127/1020 1772/1100/1008 1773/1122/1020
f 1777/1105/797 1785/1128/797 1784/1129/797
f 1791/1130/797 1769/1131/797 1792/1405/797
f 1778/1106/797 1784/1129/797 1783/1132/797
f 1771/1098/797 1791/1130/797 1790/1133/797
f 1782/1134/797 1778/1106/797 1783/1132/797
f 1789/1135/797 1771/1098/797 1790/1133/797
f 1780/1097/797 1782/1134/797 1781/1136/797
f 1773/1122/797 1789/1135/797 1788/1137/797
f 1766/1126/797 1796/1138/797 1795/1139/797
f 1765/1125/797 1781/1136/797 1796/1138/797
f 1787/1140/797 1773/1122/797 1788/1137/797
f 1767/1120/797 1795/1139/797 1794/1141/797
f 1775/1114/797 1787/1140/797 1786/1142/797
f 1793/1143/797 1767/1120/797 1794/1141/797
f 1776/1109/797 1786/1142/797 1785/1128/797
f 1622/1145/680 1221/1144/711 1621/1146/711
f 1623/1148/658 1223/1147/680 1622/1145/680
f 1624/1150/652 1225/1149/658 1623/1148/658
f 1625/1152/647 1227/1151/652 1624/1150/652
f 1626/1154/674 1229/1153/647 1625/1155/647
f 1627/1157/659 1231/1156/674 1626/1154/674
f 1628/1159/670 1233/1158/659 1627/1157/659
f 1628/1159/670 1237/1162/653 1235/1160/670
f 1630/1163/666 1237/1162/653 1629/1161/653
f 1631/1165/682 1239/1164/666 1630/1163/666
f 1632/1167/662 1241/1166/682 1631/1165/682
f 1633/1169/678 1243/1168/662 1632/1167/662
f 1633/1169/678 1247/1172/656 1245/1170/678
f 1635/1173/676 1247/1172/656 1634/1171/656
f 1636/1175/663 1249/1174/676 1635/1173/676
f 1621/1146/711 1251/1176/663 1636/1175/663
f 1638/1178/738 1476/1177/738 1477/1179/738
f 1637/1181/738 1478/1180/738 1476/1177/738
f 1639/1183/738 1479/1182/738 1478/1180/738
f 1640/1185/738 1480/1184/738 1479/1182/738
f 1641/1187/738 1481/1186/738 1480/1184/738
f 1642/1189/738 1482/1188/738 1481/1186/738
f 1482/1188/738 1644/1193/738 1483/1190/738
f 1644/1193/738 1484/1192/738 1483/1190/738
f 1645/1195/738 1485/1194/738 1484/1192/738
f 1646/1197/738 1486/1196/738 1485/1194/738
f 1647/1199/738 1487/1198/738 1486/1196/738
f 1648/1201/738 1488/1200/738 1487/1198/738
f 1488/1200/738 1650/1205/738 1489/1202/738
f 1650/1205/738 1490/1204/738 1489/1202/738
f 1490/1204/738 1652/1206/738 1491/1209/738
f 1652/1206/738 1492/1208/738 1491/1209/738
f 1492/1208/738 1654/1210/738 1493/1213/738
f 1654/1210/738 1494/1212/738 1493/1213/738
f 1655/1215/738 1495/1214/738 1494/1212/738
f 1495/1214/738 1657/1216/738 1496/1218/738
f 1657/1216/738 1497/867/738 1496/1218/738
f 1497/867/738 1659/1219/738 1498/869/738
f 1659/1219/738 1499/1221/738 1498/869/738
f 1499/1221/738 1661/1222/738 1500/1225/738
f 1661/1222/738 1501/1224/738 1500/1225/738
f 1501/1224/738 1663/1226/738 1502/1229/738
f 1663/1226/738 1503/1228/738 1502/1229/738
f 1503/1228/738 1665/1230/738 1504/1233/738
f 1665/1230/738 1505/1232/738 1504/1233/738
f 1505/1232/738 1667/1234/738 1506/1237/738
f 1667/1234/738 1507/1236/738 1506/1237/738
f 1668/1238/738 1477/1179/738 1507/1236/738
f 1685/1319/738 1693/1326/738 1670/1305/738
f 1485/1194/1022 1709/1272/1023 1484/1192/1023
f 1724/1243/1024 1498/869/913 1499/1221/1024
f 1486/1196/1025 1710/1242/1022 1485/1194/1022
f 1725/1245/1026 1499/1221/1024 1500/1225/1026
f 1712/1246/1027 1486/1196/1025 1487/1198/1027
f 1726/1247/1028 1500/1225/1026 1501/1224/1028
f 1713/1248/1029 1487/1198/1027 1488/1200/1029
f 1502/1229/1030 1726/1247/1028 1501/1224/1028
f 1714/1250/1031 1488/1200/1029 1489/1202/1031
f 1503/1228/1032 1727/1249/1030 1502/1229/1030
f 1715/1252/1033 1489/1202/1031 1490/1204/1033
f 1701/1253/1034 1477/1179/1035 1476/1177/1034
f 1504/1233/1036 1728/1251/1032 1503/1228/1032
f 1491/1209/1037 1715/1252/1033 1490/1204/1033
f 1478/1180/1038 1701/1253/1034 1476/1177/1034
f 1505/1232/1039 1729/1254/1036 1504/1233/1036
f 1717/1258/1040 1491/1209/1037 1492/1208/1040
f 1704/1259/1041 1478/1180/1038 1479/1182/1041
f 1506/1237/1042 1730/1257/1039 1505/1232/1039
f 1493/1213/1043 1717/1258/1040 1492/1208/1040
f 1705/1262/1044 1479/1182/1041 1480/1184/1044
f 1732/1263/1045 1506/1237/1042 1507/1236/1045
f 1719/1264/1046 1493/1213/1043 1494/1212/1047
f 1706/1265/1048 1480/1184/1044 1481/1186/1048
f 1702/1266/1035 1507/1236/1045 1477/1179/1035
f 1720/1267/1049 1494/1212/1047 1495/1214/1049
f 1707/1268/1050 1481/1186/1048 1482/1188/1050
f 1721/1269/1051 1495/1214/1049 1496/1218/1051
f 1708/1270/1052 1482/1188/1050 1483/1190/1052
f 1722/1271/914 1496/1218/1051 1497/867/914
f 1709/1272/1023 1483/1190/1052 1484/1192/1023
f 1702/1266/738 1733/1273/738 1734/1274/738
f 1733/1273/738 1703/1256/738 1735/1276/738
f 1703/1256/738 1736/1275/738 1735/1276/738
f 1704/1259/738 1737/1277/738 1736/1275/738
f 1737/1277/738 1706/1265/738 1738/1279/738
f 1738/1279/738 1707/1268/738 1739/1278/738
f 1707/1268/738 1740/1280/738 1739/1278/738
f 1708/1270/738 1741/1282/738 1740/1280/738
f 1709/1272/738 1742/1281/738 1741/1282/738
f 1710/1242/738 1743/1283/738 1742/1281/738
f 1711/1244/738 1744/1284/738 1743/1283/738
f 1712/1246/738 1745/1285/738 1744/1284/738
f 1713/1248/738 1746/1286/738 1745/1285/738
f 1746/1286/738 1715/1252/738 1747/1287/738
f 1715/1252/738 1748/1289/738 1747/1287/738
f 1716/1255/738 1749/1288/738 1748/1289/738
f 1717/1258/738 1750/1290/738 1749/1288/738
f 1718/1261/738 1751/1291/738 1750/1290/738
f 1719/1264/738 1752/1292/738 1751/1291/738
f 1752/1292/738 1721/1269/738 1753/1294/738
f 1721/1269/738 1754/1293/738 1753/1294/738
f 1754/1293/738 1723/868/738 1755/1296/738
f 1723/868/738 1756/1295/738 1755/1296/738
f 1724/1243/738 1757/1298/738 1756/1295/738
f 1725/1245/738 1758/1297/738 1757/1298/738
f 1758/1297/738 1727/1249/738 1759/1299/738
f 1727/1249/738 1760/1301/738 1759/1299/738
f 1728/1251/738 1761/1300/738 1760/1301/738
f 1729/1254/738 1762/1302/738 1761/1300/738
f 1762/1302/738 1731/1260/738 1763/1303/738
f 1763/1303/738 1732/1263/738 1764/1304/738
f 1732/1263/738 1734/1274/738 1764/1304/738
f 1670/1305/1053 1733/1273/1054 1669/1306/1054
f 1669/1306/1054 1735/1276/1055 1671/1241/1055
f 1735/1276/1055 1672/1308/1056 1671/1241/1055
f 1736/1275/1056 1673/1307/1057 1672/1308/1056
f 1673/1307/1057 1738/1279/1058 1674/1310/1058
f 1738/1279/1058 1675/1309/1059 1674/1310/1058
f 1739/1278/1059 1676/1311/1060 1675/1309/1059
f 1740/1280/1060 1677/1312/1061 1676/1311/1060
f 1741/1282/1061 1678/1313/1062 1677/1312/1061
f 1742/1281/1062 1679/1240/1063 1678/1313/1062
f 1743/1283/1063 1680/1314/1064 1679/1240/1063
f 1744/1284/1064 1681/1315/1065 1680/1314/1064
f 1745/1285/1065 1682/1316/1066 1681/1315/1065
f 1746/1286/1066 1683/1317/1067 1682/1316/1066
f 1747/1287/1067 1684/1318/1068 1683/1317/1067
f 1748/1289/1068 1685/1319/1069 1684/1318/1068
f 1749/1288/1069 1686/1320/1070 1685/1319/1069
f 1750/1290/1070 1687/1239/1071 1686/1320/1070
f 1687/1239/1071 1752/1292/1072 1688/1322/1072
f 1752/1292/1072 1689/1321/1073 1688/1322/1072
f 1753/1294/1073 1690/1323/1074 1689/1321/1073
f 1754/1293/1074 1691/1324/1075 1690/1323/1074
f 1755/1296/1075 1692/1325/1076 1691/1324/1075
f 1692/1325/1076 1757/1298/1077 1693/1326/1077
f 1693/1326/1077 1758/1297/1078 1694/1327/1078
f 1694/1327/1078 1759/1299/1079 1695/1328/1079
f 1695/1328/1079 1760/1301/1080 1696/1329/1080
f 1696/1329/1080 1761/1300/1081 1697/1330/1081
f 1697/1330/1081 1762/1302/1082 1698/1332/1082
f 1762/1302/1082 1699/1331/1083 1698/1332/1082
f 1763/1303/1083 1700/1333/1084 1699/1331/1083
f 1700/1333/1084 1734/1274/1053 1670/1305/1053
f 1769/1113/797 1793/1143/797 1792/1334/797
f 1787/1140/1085 1814/1335/1086 1816/1336/1085
f 1792/1334/1087 1804/1337/1088 1806/1338/1087
f 1796/1138/1089 1828/1339/1090 1798/1340/1089
f 1785/1128/1091 1818/1341/1092 1820/1342/1091
f 1790/1133/1093 1808/1343/1094 1810/1344/1093
f 1783/1132/1095 1822/1345/1096 1824/1346/1095
f 1795/1139/1097 1798/1340/1089 1800/1347/1097
f 1788/1137/1086 1812/1348/1098 1814/1335/1086
f 1804/1337/1088 1794/1141/1099 1802/1350/1099
f 1828/1339/1090 1782/1134/1100 1826/1351/1100
f 1786/1142/1092 1816/1336/1085 1818/1341/1092
f 1791/1130/1094 1806/1349/1087 1808/1343/1094
f 1784/1129/1096 1820/1342/1091 1822/1345/1096
f 1789/1135/1098 1810/1344/1093 1812/1348/1098
f 1794/1141/1099 1800/1347/1097 1802/1350/1099
f 1826/1351/1100 1783/1132/1095 1824/1346/1095
f 1799/1352/680 1798/1340/711 1797/1353/711
f 1801/1354/658 1800/1347/680 1799/1352/680
f 1803/1355/652 1802/1350/658 1801/1354/658
f 1805/1356/647 1804/1337/652 1803/1355/652
f 1807/1358/674 1806/1349/647 1805/1357/647
f 1809/1359/659 1808/1343/674 1807/1358/674
f 1809/1359/659 1812/1348/670 1810/1344/659
f 1811/1360/670 1814/1335/653 1812/1348/670
f 1815/1362/666 1814/1335/653 1813/1361/653
f 1817/1363/682 1816/1336/666 1815/1362/666
f 1819/1364/662 1818/1341/682 1817/1363/682
f 1821/1365/678 1820/1342/662 1819/1364/662
f 1823/1366/656 1822/1345/678 1821/1365/678
f 1825/1367/676 1824/1346/656 1823/1366/656
f 1827/1368/663 1826/1351/676 1825/1367/676
f 1827/1368/663 1798/1340/711 1828/1339/663
f 1815/1406/797 1807/1407/797 1799/1408/797
f 1895/861/1101 1893/984/1102 1894/862/1102
f 1898/892/1103 1893/842/1102 1897/844/1103
f 1898/1409/1103 1899/801/1104 1900/901/1104
f 1902/904/1105 1899/801/1104 1901/803/1105
f 1902/1410/1105 1903/837/1106 1904/819/1106
f 1904/1411/1106 1905/794/1107 1906/871/1107
f 1906/873/1107 1907/856/1108 1908/874/1108
f 1910/876/1109 1907/783/1108 1909/785/1109
f 1910/876/1109 1911/814/1110 1912/878/1110
f 1914/880/1111 1911/828/1110 1913/830/1111
f 1914/1412/1111 1915/849/1112 1916/883/1112
f 1916/885/1112 1917/804/1113 1918/886/1113
f 1918/1380/1113 1919/806/1114 1920/888/1114
f 1920/890/1114 1921/822/1115 1922/891/1115
f 1922/1413/1115 1923/839/1116 1924/894/1116
f 1926/900/1117 1923/839/1116 1925/858/1117
f 1926/900/1117 1927/797/1118 1928/903/1118
f 1930/906/1119 1927/797/1118 1929/816/1119
f 1930/1414/1119 1931/832/1120 1932/870/1120
f 1934/872/1121 1931/850/1120 1933/852/1121
f 1934/1375/1121 1935/807/1122 1936/875/1122
f 1936/1415/1122 1937/809/1123 1938/877/1123
f 1938/877/1123 1939/824/1124 1940/879/1124
f 1940/1416/1124 1941/841/1125 1942/881/1125
f 1942/1378/1125 1943/860/1126 1944/884/1126
f 1946/887/1127 1943/798/1126 1945/800/1127
f 1948/889/1128 1945/800/1127 1947/818/1128
f 1948/1417/1128 1949/834/1129 1950/893/1129
f 1950/1418/1129 1951/854/1130 1952/898/1130
f 1952/898/1130 1953/866/1131 1954/902/1131
f 1954/1385/1131 1955/812/1132 1956/905/1132
f 1956/1419/1132 1896/897/1101 1895/861/1101
f 1831/986/1133 1829/825/1134 1830/985/1134
f 1833/1011/1135 1832/1025/1133 1831/1010/1133
f 1833/1014/1135 1836/910/1136 1834/912/1135
f 1835/1015/1136 1838/913/1137 1836/915/1136
f 1839/1023/1138 1838/918/1137 1837/1402/1137
f 1841/1027/1139 1840/921/1138 1839/1023/1138
f 1841/1027/1139 1844/922/1140 1842/924/1139
f 1843/987/1140 1846/925/1141 1844/927/1140
f 1847/991/1142 1846/925/1141 1845/990/1141
f 1849/994/1143 1848/928/1142 1847/1398/1142
f 1851/997/1144 1850/933/1143 1849/996/1143
f 1851/997/1144 1854/934/1145 1852/932/1144
f 1855/1001/1146 1854/936/1145 1853/1400/1145
f 1857/1004/1147 1856/939/1146 1855/1401/1146
f 1859/1009/1148 1858/942/1147 1857/1008/1147
f 1859/1009/1148 1862/1420/1149 1860/941/1148
f 1863/1018/1150 1862/946/1149 1861/1013/1149
f 1865/1022/1151 1864/949/1150 1863/1018/1150
f 1865/1022/1151 1868/950/1152 1866/947/1151
f 1869/1028/1153 1868/952/1152 1867/1026/1152
f 1871/956/1154 1870/958/1153 1869/955/1153
f 1873/989/1155 1872/791/1154 1871/1393/1154
f 1875/993/1156 1874/961/1155 1873/992/1155
f 1875/993/1156 1878/962/1157 1876/959/1156
f 1879/998/1158 1878/962/1157 1877/995/1157
f 1881/1000/1159 1880/968/1158 1879/1399/1158
f 1881/1002/1159 1884/969/1160 1882/966/1159
f 1883/1006/1160 1886/971/1161 1884/969/1160
f 1885/1007/1161 1888/973/1162 1886/975/1161
f 1889/1017/1163 1888/978/1162 1887/1016/1162
f 1889/1020/1163 1892/979/1164 1890/981/1163
f 1830/985/1134 1892/909/1164 1891/1005/1164
f 2023/897/1165 2021/862/1166 2022/842/1166
f 2022/984/1166 2025/892/1167 2026/845/1167
f 2026/844/1167 2027/1382/1168 2028/801/1168
f 2028/801/1168 2029/1384/1169 2030/835/1169
f 2030/803/1169 2031/819/1170 2032/792/1170
f 2032/837/1170 2033/871/1171 2034/794/1171
f 2034/794/1171 2035/874/1172 2036/783/1172
f 2036/856/1172 2037/876/1173 2038/785/1173
f 2038/785/1173 2039/1376/1174 2040/828/1174
f 2040/814/1174 2041/1377/1175 2042/847/1175
f 2042/830/1175 2043/883/1176 2044/849/1176
f 2046/804/1177 2043/885/1176 2045/886/1177
f 2048/820/1178 2045/1380/1177 2047/888/1178
f 2048/806/1178 2049/891/1179 2050/822/1179
f 2052/839/1180 2049/1421/1179 2051/894/1180
f 2052/839/1180 2053/900/1181 2054/795/1181
f 2054/858/1181 2055/1383/1182 2056/797/1182
f 2056/797/1182 2057/906/1183 2058/816/1183
f 2060/850/1184 2057/1414/1183 2059/1374/1184
f 2060/832/1184 2061/1375/1185 2062/852/1185
f 2062/852/1185 2063/875/1186 2064/807/1186
f 2064/807/1186 2065/877/1187 2066/809/1187
f 2066/809/1187 2067/1422/1188 2068/824/1188
f 2070/841/1189 2067/1416/1188 2069/1378/1189
f 2070/841/1189 2071/1423/1190 2072/798/1190
f 2072/860/1190 2073/1379/1191 2074/800/1191
f 2074/800/1191 2075/889/1192 2076/818/1192
f 2078/834/1193 2075/889/1192 2077/893/1193
f 2080/854/1194 2077/893/1193 2079/898/1194
f 2082/810/1195 2079/898/1194 2081/902/1195
f 2082/866/1195 2083/905/1196 2084/895/1196
f 2084/812/1196 2024/1373/1165 2023/982/1165
f 1959/827/1197 1957/985/1198 1958/825/1198
f 1961/1397/1199 1960/986/1197 1959/1025/1197
f 1963/910/1200 1962/1011/1199 1961/912/1199
f 1965/1387/1201 1964/1015/1200 1963/915/1200
f 1965/1387/1201 1968/1403/1202 1966/1019/1201
f 1967/921/1202 1970/1027/1203 1968/1404/1202
f 1971/927/1204 1970/1027/1203 1969/924/1203
f 1973/925/1205 1972/1029/1204 1971/922/1204
f 1975/928/1206 1974/988/1205 1973/925/1205
f 1977/1388/1207 1976/991/1206 1975/928/1206
f 1979/932/1208 1978/994/1207 1977/933/1207
f 1981/936/1209 1980/997/1208 1979/932/1208
f 1981/934/1209 1984/1001/1210 1982/999/1209
f 1985/942/1211 1984/1401/1210 1983/1389/1210
f 1987/941/1212 1986/1004/1211 1985/942/1211
f 1989/946/1213 1988/1009/1212 1987/1390/1212
f 1989/946/1213 1992/1018/1214 1990/1013/1213
f 1991/945/1214 1994/1022/1215 1992/1018/1214
f 1995/950/1216 1994/1022/1215 1993/947/1215
f 1995/1392/1216 1998/955/1217 1996/1026/1216
f 1997/1394/1217 2000/1393/1218 1998/1028/1217
f 1999/957/1218 2002/992/1219 2000/956/1218
f 2003/959/1220 2002/989/1219 2001/1395/1219
f 2005/962/1221 2004/993/1220 2003/959/1220
f 2005/962/1221 2008/1399/1222 2006/995/1221
f 2009/966/1223 2008/998/1222 2007/1396/1222
f 2011/969/1224 2010/1000/1223 2009/966/1223
f 2013/975/1225 2012/1003/1224 2011/969/1224
f 2015/978/1226 2014/1007/1225 2013/971/1225
f 2017/981/1227 2016/1012/1226 2015/973/1226
f 2019/979/1228 2018/1017/1227 2017/976/1227
f 1958/1386/1198 2020/1021/1228 2019/909/1228
f 1829/825/717 1141/826/747 1140/1424/717
f 1107/723/615 1043/788/615 1044/724/616
f 1108/725/616 1044/724/616 1045/726/617
f 1109/727/617 1045/726/617 1046/728/618
f 1110/729/618 1046/728/618 1047/730/619
f 1111/731/619 1047/730/619 1048/732/620
f 1112/733/620 1048/732/620 1049/734/621
f 1113/735/621 1049/734/621 1050/736/622
f 1050/736/622 1051/739/623 1115/738/623
f 1051/739/623 1052/741/624 1116/740/624
f 1052/741/624 1053/743/625 1117/742/625
f 1053/743/625 1054/745/626 1118/744/626
f 1054/745/626 1055/747/627 1119/746/627
f 1055/747/627 1056/749/628 1120/748/628
f 1056/749/628 1057/751/629 1121/750/629
f 1057/751/629 1058/753/630 1122/752/630
f 1058/753/630 1059/755/631 1123/754/631
f 1059/755/631 1060/757/632 1124/756/632
f 1060/757/632 1061/759/633 1125/758/633
f 1061/759/633 1062/761/634 1126/760/634
f 1062/761/634 1063/763/635 1127/762/635
f 1063/763/635 1064/765/636 1128/764/636
f 1064/765/636 1065/767/637 1129/766/637
f 1065/767/637 1066/769/638 1130/768/638
f 1066/769/638 1067/882/639 1131/770/639
f 1131/770/639 1067/882/639 1068/771/640
f 1132/772/640 1068/771/640 1069/773/641
f 1133/774/641 1069/773/641 1070/775/642
f 1134/776/642 1070/775/642 1071/777/643
f 1135/778/643 1071/777/643 1072/779/644
f 1136/780/644 1072/779/644 1073/781/645
f 1907/783/646 1259/855/646 1260/784/647
f 1137/782/645 1073/781/645 1074/786/648
f 1138/787/648 1074/786/648 1043/788/615
f 1874/789/649 1162/960/649 1161/790/650
f 1903/792/651 1257/836/651 1258/793/652
f 1925/795/653 1268/857/653 1269/796/654
f 1943/798/655 1277/859/655 1278/799/656
f 1899/801/657 1255/846/657 1256/802/658
f 1917/804/659 1264/863/659 1265/805/660
f 1935/807/661 1273/864/661 1274/808/662
f 1953/810/663 1282/865/663 1283/811/664
f 1909/785/647 1260/784/647 1261/813/665
f 1927/797/654 1269/796/654 1270/815/666
f 1945/800/656 1278/799/656 1279/817/667
f 1047/730/668 1902/1410/668 1904/819/669
f 1919/820/660 1265/805/660 1266/821/670
f 1937/809/662 1274/808/662 1275/823/671
f 1958/825/672 1541/1424/672 1542/826/673
f 1911/828/665 1261/813/665 1262/829/674
f 1929/816/666 1270/815/666 1271/831/675
f 1947/818/667 1279/817/667 1280/833/676
f 1901/835/658 1256/802/658 1257/836/651
f 1921/822/670 1266/821/670 1267/838/677
f 1939/824/671 1275/823/671 1276/840/678
f 1893/842/679 1252/983/679 1254/843/680
f 1897/845/680 1254/843/680 1255/846/657
f 1913/847/674 1262/829/674 1263/848/681
f 1931/850/675 1271/831/675 1272/851/682
f 1949/834/676 1280/833/676 1281/853/683
f 1905/794/652 1258/793/652 1259/855/646
f 1923/839/677 1267/838/677 1268/857/653
f 1941/841/678 1276/840/678 1277/859/655
f 1044/724/684 1043/788/685 1895/861/685
f 1915/849/681 1263/848/681 1264/863/659
f 1933/852/682 1272/851/682 1273/864/661
f 1951/854/683 1281/853/683 1282/865/663
f 1096/867/686 1337/1271/686 1338/868/687
f 1074/786/688 1956/1419/688 1895/861/685
f 1061/759/689 1930/1414/689 1932/870/690
f 1048/732/669 1904/1411/669 1906/871/691
f 1062/761/690 1932/1374/690 1934/872/692
f 1050/736/693 1049/734/691 1906/873/691
f 1063/763/692 1934/1375/692 1936/875/694
f 1050/736/693 1908/874/693 1910/876/695
f 1064/765/694 1936/1415/694 1938/877/696
f 1051/739/695 1910/876/695 1912/878/697
f 1066/769/698 1065/767/696 1938/877/696
f 1052/741/697 1912/1425/697 1914/880/699
f 1066/769/698 1940/1416/698 1942/881/700
f 1053/743/699 1914/1412/699 1916/883/701
f 1067/882/700 1942/1378/700 1944/884/702
f 1055/747/703 1054/745/701 1916/885/701
f 1068/771/702 1944/884/702 1946/887/704
f 1055/747/703 1918/1380/703 1920/888/705
f 1069/773/704 1946/1379/704 1948/889/706
f 1057/751/707 1056/749/705 1920/890/705
f 1044/724/684 1894/1426/684 1898/892/708
f 1070/775/706 1948/1417/706 1950/893/709
f 1057/751/707 1922/1413/707 1924/894/710
f 1955/895/664 1283/811/664 1253/896/711
f 1071/777/709 1950/1418/709 1952/898/712
f 1059/755/713 1058/753/710 1924/899/710
f 1045/726/708 1898/1409/708 1900/901/714
f 1072/779/712 1952/898/712 1954/902/715
f 1059/755/713 1926/900/713 1928/903/716
f 1046/728/714 1900/1427/714 1902/904/668
f 1073/781/715 1954/1385/715 1956/905/688
f 1060/757/716 1928/1428/716 1930/906/689
f 1829/907/717 1140/1424/717 1171/908/718
f 1836/910/719 1143/914/719 1142/911/720
f 1838/913/721 1144/917/721 1143/914/719
f 1840/916/722 1145/920/722 1144/917/721
f 1842/919/723 1146/923/723 1145/920/722
f 1844/922/724 1147/926/724 1146/923/723
f 1846/925/725 1148/929/725 1147/926/724
f 1848/928/726 1149/931/726 1148/929/725
f 1848/928/726 1850/1429/727 1150/930/727
f 1852/932/728 1151/935/728 1150/930/727
f 1854/934/729 1152/938/729 1151/935/728
f 1854/936/729 1856/1389/730 1153/937/730
f 1856/939/730 1858/942/731 1154/940/731
f 1860/941/732 1155/944/732 1154/940/731
f 1860/941/732 1862/1420/733 1156/943/733
f 1864/945/734 1157/948/734 1156/943/733
f 1866/947/735 1158/951/735 1157/948/734
f 1868/950/736 1159/954/736 1158/951/735
f 1868/952/736 1870/1394/737 1160/953/737
f 1869/955/738 1127/762/738 1128/764/738
f 1872/957/650 1161/790/650 1160/953/737
f 1876/959/739 1163/963/739 1162/960/649
f 1878/962/740 1164/965/740 1163/963/739
f 1880/964/741 1165/967/741 1164/965/740
f 1882/966/742 1166/970/742 1165/967/741
f 1884/969/743 1167/972/743 1166/970/742
f 1886/971/744 1168/974/744 1167/972/743
f 1888/973/745 1169/977/745 1168/974/744
f 1890/976/746 1170/980/746 1169/977/745
f 1892/979/718 1171/908/718 1170/980/746
f 1896/982/711 1253/896/711 1252/983/679
f 1830/985/738 1107/723/738 1108/725/738
f 1843/987/738 1114/737/738 1115/738/738
f 1873/989/738 1871/1393/738 1128/764/738
f 1845/990/738 1115/738/738 1116/740/738
f 1873/992/738 1129/766/738 1130/768/738
f 1849/994/738 1847/1398/738 1116/740/738
f 1875/993/738 1130/768/738 1131/770/738
f 1849/996/738 1117/742/738 1118/744/738
f 1879/998/738 1877/995/738 1131/770/738
f 1853/999/738 1851/997/738 1118/744/738
f 1881/1000/738 1879/1399/738 1132/772/738
f 1855/1001/738 1853/1400/738 1119/746/738
f 1881/1002/738 1133/774/738 1134/776/738
f 1857/1004/738 1855/1401/738 1120/748/738
f 1891/1005/738 1138/787/738 1107/723/738
f 1883/1006/738 1134/776/738 1135/778/738
f 1857/1008/738 1121/750/738 1122/752/738
f 1831/1010/738 1108/725/738 1109/727/738
f 1885/1007/738 1135/778/738 1136/780/738
f 1861/1013/738 1859/1009/738 1122/752/738
f 1833/1014/738 1109/727/738 1110/729/738
f 1887/1016/738 1136/780/738 1137/782/738
f 1861/1013/738 1123/754/738 1124/756/738
f 1837/1019/738 1835/1015/738 1110/729/738
f 1889/1020/738 1137/782/738 1138/787/738
f 1865/1022/738 1863/1018/738 1124/756/738
f 1839/1023/738 1837/1402/738 1111/731/738
f 1834/1024/720 1142/911/720 1141/826/747
f 1865/1022/738 1125/758/738 1126/760/738
f 1839/1023/738 1112/733/738 1113/735/738
f 1869/1028/738 1867/1026/738 1126/760/738
f 1841/1027/738 1113/735/738 1114/737/738
f 1173/1030/738 1172/1093/738 1140/1031/738
f 1173/1030/738 1141/1032/738 1142/1033/738
f 1174/1034/738 1142/1033/738 1143/1035/738
f 1175/1036/738 1143/1035/738 1144/1037/738
f 1177/1039/738 1176/1038/738 1144/1037/738
f 1177/1039/738 1145/1040/738 1146/1041/738
f 1178/1042/738 1146/1041/738 1147/1043/738
f 1180/1045/738 1179/1044/738 1147/1043/738
f 1180/1045/738 1148/1046/738 1149/1047/738
f 1181/1048/738 1149/1047/738 1150/1049/738
f 1183/1051/738 1182/1050/738 1150/1049/738
f 1184/1053/738 1183/1051/738 1151/1052/738
f 1184/1053/738 1152/1054/738 1153/1055/738
f 1186/1057/738 1185/1056/738 1153/1055/738
f 1186/1057/738 1154/1058/738 1155/1059/738
f 1188/1061/738 1187/1060/738 1155/1059/738
f 1188/1061/738 1156/1062/738 1157/1063/738
f 1190/1065/738 1189/1064/738 1157/1063/738
f 1190/1065/738 1158/1066/738 1159/1067/738
f 1192/1069/738 1191/1068/738 1159/1067/738
f 1192/1069/738 1160/1070/738 1161/1071/738
f 1194/1073/738 1193/1072/738 1161/1071/738
f 1194/1073/738 1162/1074/738 1163/1075/738
f 1195/1076/738 1163/1075/738 1164/1077/738
f 1197/1079/738 1196/1078/738 1164/1077/738
f 1197/1079/738 1165/1080/738 1166/1081/738
f 1198/1082/738 1166/1081/738 1167/1083/738
f 1199/1084/738 1167/1083/738 1168/1085/738
f 1200/1086/738 1168/1085/738 1169/1087/738
f 1201/1088/738 1169/1087/738 1170/1089/738
f 1203/1091/738 1202/1090/738 1170/1089/738
f 1203/1091/738 1171/1092/738 1140/1031/738
f 1394/1095/781 1205/1102/781 1204/1096/782
f 1386/1098/783 1213/1104/783 1212/1099/784
f 1394/1095/781 1393/1106/785 1206/1101/785
f 1386/1098/783 1385/1107/786 1214/1103/786
f 1392/1105/787 1207/1110/787 1206/1101/785
f 1385/1107/786 1384/1131/788 1215/1108/788
f 1391/1109/789 1208/1115/789 1207/1110/787
f 1383/1111/790 1216/1117/790 1215/1112/788
f 1390/1114/791 1209/1119/791 1208/1115/789
f 1383/1111/790 1382/1120/792 1217/1116/792
f 1389/1118/793 1210/1123/793 1209/1119/791
f 1382/1120/792 1381/1126/794 1218/1121/794
f 1388/1122/795 1211/1127/795 1210/1123/793
f 1395/1097/782 1204/1096/782 1219/1124/796
f 1381/1126/794 1380/1125/796 1219/1124/796
f 1387/1100/784 1212/1099/784 1211/1127/795
f 1400/1128/738 1391/1109/738 1392/1105/738
f 1406/1130/738 1407/1405/738 1384/1131/738
f 1399/1129/738 1392/1105/738 1393/1106/738
f 1406/1130/738 1385/1107/738 1386/1098/738
f 1397/1134/738 1398/1132/738 1393/1106/738
f 1405/1133/738 1386/1098/738 1387/1100/738
f 1397/1134/738 1394/1095/738 1395/1097/738
f 1404/1135/738 1387/1100/738 1388/1122/738
f 1411/1138/738 1380/1125/738 1381/1126/738
f 1396/1136/738 1395/1097/738 1380/1125/738
f 1402/1140/738 1403/1137/738 1388/1122/738
f 1410/1139/738 1381/1126/738 1382/1120/738
f 1402/1140/738 1389/1118/738 1390/1114/738
f 1408/1143/738 1409/1141/738 1382/1120/738
f 1401/1142/738 1390/1114/738 1391/1109/738
f 1221/1144/711 1223/1147/680 1222/1145/680
f 1223/1147/680 1225/1149/658 1224/1148/658
f 1225/1149/658 1227/1151/652 1226/1150/652
f 1227/1151/652 1229/1430/647 1228/1152/647
f 1229/1153/647 1231/1156/674 1230/1154/674
f 1231/1156/674 1233/1158/659 1232/1157/659
f 1233/1158/659 1235/1160/670 1234/1159/670
f 1235/1160/670 1237/1162/653 1236/1161/653
f 1237/1162/653 1239/1164/666 1238/1163/666
f 1239/1164/666 1241/1166/682 1240/1165/682
f 1241/1166/682 1243/1168/662 1242/1167/662
f 1243/1168/662 1245/1170/678 1244/1169/678
f 1245/1170/678 1247/1172/656 1246/1171/656
f 1247/1172/656 1249/1174/676 1248/1173/676
f 1249/1174/676 1251/1176/663 1250/1175/663
f 1251/1176/663 1221/1144/711 1220/1146/711
f 1075/1177/797 1252/1181/797 1253/1178/797
f 1077/1180/797 1254/1183/797 1252/1181/797
f 1078/1182/797 1255/1185/797 1254/1183/797
f 1079/1184/797 1256/1187/797 1255/1185/797
f 1080/1186/797 1257/1189/797 1256/1187/797
f 1081/1188/797 1258/1191/797 1257/1189/797
f 1082/1190/797 1259/1193/797 1258/1191/797
f 1083/1192/797 1260/1195/797 1259/1193/797
f 1084/1194/797 1261/1197/797 1260/1195/797
f 1085/1196/797 1262/1199/797 1261/1197/797
f 1086/1198/797 1263/1201/797 1262/1199/797
f 1087/1200/797 1264/1203/797 1263/1201/797
f 1088/1202/797 1265/1205/797 1264/1203/797
f 1089/1204/797 1266/1207/797 1265/1205/797
f 1089/1204/797 1090/1209/797 1267/1206/797
f 1091/1208/797 1268/1211/797 1267/1206/797
f 1091/1208/797 1092/1213/797 1269/1210/797
f 1093/1212/797 1270/1215/797 1269/1210/797
f 1094/1214/797 1271/1217/797 1270/1215/797
f 1094/1214/797 1095/1218/797 1272/1216/797
f 1096/867/797 1273/1220/797 1272/1216/797
f 1096/867/797 1097/869/797 1274/1219/797
f 1098/1221/797 1275/1223/797 1274/1219/797
f 1098/1221/797 1099/1225/797 1276/1222/797
f 1100/1224/797 1277/1227/797 1276/1222/797
f 1100/1224/797 1101/1229/797 1278/1226/797
f 1102/1228/797 1279/1231/797 1278/1226/797
f 1102/1228/797 1103/1233/797 1280/1230/797
f 1104/1232/797 1281/1235/797 1280/1230/797
f 1104/1232/797 1105/1237/797 1282/1234/797
f 1106/1236/797 1283/1238/797 1282/1234/797
f 1076/1179/797 1253/1178/797 1283/1238/797
f 1286/1241/797 1284/1306/797 1285/1305/797
f 1285/1305/797 1315/1333/797 1314/1331/797
f 1314/1331/797 1313/1332/797 1312/1330/797
f 1312/1330/797 1311/1329/797 1310/1328/797
f 1310/1328/797 1309/1327/797 1308/1326/797
f 1308/1326/797 1307/1325/797 1306/1324/797
f 1306/1324/797 1305/1323/797 1304/1321/797
f 1304/1321/797 1303/1322/797 1302/1239/797
f 1302/1239/797 1301/1320/797 1300/1319/797
f 1300/1319/797 1299/1318/797 1298/1317/797
f 1298/1317/797 1297/1316/797 1296/1315/797
f 1296/1315/797 1295/1314/797 1294/1240/797
f 1294/1240/797 1293/1313/797 1292/1312/797
f 1292/1312/797 1291/1311/797 1290/1309/797
f 1290/1309/797 1289/1310/797 1288/1307/797
f 1288/1307/797 1287/1308/797 1286/1241/797
f 1286/1241/797 1285/1305/797 1314/1331/797
f 1314/1331/797 1312/1330/797 1310/1328/797
f 1310/1328/797 1308/1326/797 1306/1324/797
f 1306/1324/797 1304/1321/797 1302/1239/797
f 1302/1239/797 1300/1319/797 1298/1317/797
f 1298/1317/797 1296/1315/797 1294/1240/797
f 1294/1240/797 1292/1312/797 1290/1309/797
f 1290/1309/797 1288/1307/797 1286/1241/797
f 1286/1241/797 1314/1331/797 1310/1328/797
f 1310/1328/797 1306/1324/797 1302/1239/797
f 1302/1239/797 1298/1317/797 1294/1240/797
f 1294/1240/797 1290/1309/797 1286/1241/797
f 1286/1241/797 1310/1328/797 1302/1239/797
f 1083/1192/798 1324/1272/798 1325/1242/799
f 1097/869/687 1338/868/687 1339/1243/800
f 1084/1194/799 1325/1242/799 1326/1244/801
f 1098/1221/800 1339/1243/800 1340/1245/803
f 1085/1196/802 1326/1244/801 1327/1246/804
f 1099/1225/803 1340/1245/803 1341/1247/805
f 1086/1198/804 1327/1246/804 1328/1248/806
f 1100/1224/805 1341/1247/805 1342/1249/807
f 1087/1200/806 1328/1248/806 1329/1250/808
f 1102/1228/809 1101/1229/807 1342/1249/807
f 1088/1202/808 1329/1250/808 1330/1252/810
f 1076/1179/811 1317/1266/811 1316/1253/812
f 1103/1233/813 1102/1228/809 1343/1251/809
f 1090/1209/814 1089/1204/810 1330/1252/810
f 1075/1177/812 1316/1253/812 1318/1256/815
f 1103/1233/813 1344/1254/813 1345/1257/816
f 1090/1209/814 1331/1255/814 1332/1258/817
f 1078/1182/818 1077/1180/815 1318/1256/815
f 1105/1237/819 1104/1232/816 1345/1257/816
f 1092/1213/820 1091/1208/817 1332/1258/817
f 1078/1182/818 1319/1259/818 1320/1262/821
f 1105/1237/819 1346/1260/819 1347/1263/822
f 1093/1212/823 1092/1213/820 1333/1261/820
f 1079/1184/821 1320/1262/821 1321/1265/824
f 1076/1179/811 1106/1236/822 1347/1263/822
f 1093/1212/823 1334/1264/823 1335/1267/825
f 1080/1186/824 1321/1265/824 1322/1268/826
f 1094/1214/825 1335/1267/825 1336/1269/827
f 1081/1188/826 1322/1268/826 1323/1270/828
f 1095/1218/827 1336/1269/827 1337/1271/686
f 1082/1190/828 1323/1270/828 1324/1272/798
f 1348/1273/797 1316/1253/797 1317/1266/797
f 1348/1273/797 1350/1276/797 1318/1256/797
f 1351/1275/797 1319/1259/797 1318/1256/797
f 1352/1277/797 1320/1262/797 1319/1259/797
f 1352/1277/797 1353/1279/797 1321/1265/797
f 1354/1278/797 1322/1268/797 1321/1265/797
f 1355/1280/797 1323/1270/797 1322/1268/797
f 1355/1280/797 1356/1282/797 1324/1272/797
f 1357/1281/797 1325/1242/797 1324/1272/797
f 1358/1283/797 1326/1244/797 1325/1242/797
f 1359/1284/797 1327/1246/797 1326/1244/797
f 1360/1285/797 1328/1248/797 1327/1246/797
f 1361/1286/797 1329/1250/797 1328/1248/797
f 1361/1286/797 1362/1287/797 1330/1252/797
f 1362/1287/797 1363/1289/797 1331/1255/797
f 1364/1288/797 1332/1258/797 1331/1255/797
f 1365/1290/797 1333/1261/797 1332/1258/797
f 1366/1291/797 1334/1264/797 1333/1261/797
f 1367/1292/797 1335/1267/797 1334/1264/797
f 1367/1292/797 1368/1294/797 1336/1269/797
f 1369/1293/797 1337/1271/797 1336/1269/797
f 1369/1293/797 1370/1296/797 1338/868/797
f 1371/1295/797 1339/1243/797 1338/868/797
f 1371/1295/797 1372/1298/797 1340/1245/797
f 1373/1297/797 1341/1247/797 1340/1245/797
f 1374/1299/797 1342/1249/797 1341/1247/797
f 1374/1299/797 1375/1301/797 1343/1251/797
f 1376/1300/797 1344/1254/797 1343/1251/797
f 1377/1302/797 1345/1257/797 1344/1254/797
f 1378/1303/797 1346/1260/797 1345/1257/797
f 1378/1303/797 1379/1304/797 1347/1263/797
f 1349/1274/797 1317/1266/797 1347/1263/797
f 1285/1305/829 1284/1306/830 1348/1273/830
f 1284/1306/830 1286/1241/831 1350/1276/831
f 1286/1241/831 1287/1308/832 1351/1275/832
f 1288/1307/833 1352/1277/833 1351/1275/832
f 1288/1307/833 1289/1310/834 1353/1279/834
f 1290/1309/835 1354/1278/835 1353/1279/834
f 1291/1311/836 1355/1280/836 1354/1278/835
f 1292/1312/837 1356/1282/837 1355/1280/836
f 1293/1313/838 1357/1281/838 1356/1282/837
f 1294/1240/839 1358/1283/839 1357/1281/838
f 1295/1314/840 1359/1284/840 1358/1283/839
f 1296/1315/841 1360/1285/841 1359/1284/840
f 1297/1316/842 1361/1286/842 1360/1285/841
f 1298/1317/843 1362/1287/843 1361/1286/842
f 1299/1318/844 1363/1289/844 1362/1287/843
f 1300/1319/845 1364/1288/845 1363/1289/844
f 1301/1320/846 1365/1290/846 1364/1288/845
f 1302/1239/847 1366/1291/847 1365/1290/846
f 1302/1239/847 1303/1322/848 1367/1292/848
f 1304/1321/849 1368/1294/849 1367/1292/848
f 1305/1323/850 1369/1293/850 1368/1294/849
f 1306/1324/851 1370/1296/851 1369/1293/850
f 1306/1324/851 1307/1325/852 1371/1295/852
f 1307/1325/852 1308/1326/853 1372/1298/853
f 1308/1326/853 1309/1327/854 1373/1297/854
f 1309/1327/854 1310/1328/855 1374/1299/855
f 1310/1328/855 1311/1329/856 1375/1301/856
f 1311/1329/856 1312/1330/857 1376/1300/857
f 1312/1330/857 1313/1332/858 1377/1302/858
f 1314/1331/859 1378/1303/859 1377/1302/858
f 1315/1333/860 1379/1304/860 1378/1303/859
f 1315/1333/860 1285/1305/829 1349/1274/829
f 1408/1143/738 1383/1111/738 1384/1113/738
f 1429/1335/861 1403/1137/861 1402/1140/862
f 1419/1337/863 1408/1143/863 1407/1334/864
f 1443/1339/865 1396/1136/865 1411/1138/866
f 1433/1341/867 1401/1142/867 1400/1128/868
f 1423/1343/869 1406/1130/869 1405/1133/870
f 1437/1345/871 1399/1129/871 1398/1132/872
f 1415/1347/873 1413/1340/866 1411/1138/866
f 1427/1348/874 1404/1135/874 1403/1137/861
f 1419/1337/863 1417/1350/875 1409/1141/875
f 1443/1339/865 1441/1351/876 1397/1134/876
f 1431/1336/862 1402/1140/862 1401/1142/867
f 1421/1349/864 1407/1405/864 1406/1130/869
f 1435/1342/868 1400/1128/868 1399/1129/871
f 1425/1344/870 1405/1133/870 1404/1135/874
f 1415/1347/873 1410/1139/873 1409/1141/875
f 1441/1351/876 1439/1346/872 1398/1132/872
f 1413/1340/711 1415/1347/680 1414/1352/680
f 1415/1347/680 1417/1350/658 1416/1354/658
f 1417/1350/658 1419/1337/652 1418/1355/652
f 1419/1337/652 1421/1338/647 1420/1356/647
f 1420/1357/647 1421/1349/647 1423/1343/674
f 1423/1343/674 1425/1344/659 1424/1359/659
f 1425/1344/659 1427/1348/670 1426/1360/670
f 1426/1360/670 1427/1348/670 1429/1335/653
f 1429/1335/653 1431/1336/666 1430/1362/666
f 1431/1336/666 1433/1341/682 1432/1363/682
f 1433/1341/682 1435/1342/662 1434/1364/662
f 1435/1342/662 1437/1345/678 1436/1365/678
f 1437/1345/678 1439/1346/656 1438/1366/656
f 1439/1346/656 1441/1351/676 1440/1367/676
f 1441/1351/676 1443/1339/663 1442/1368/663
f 1443/1339/663 1413/1340/711 1412/1353/711
f 1442/1371/738 1412/1431/738 1414/1408/738
f 1414/1408/738 1416/1432/738 1418/1433/738
f 1418/1433/738 1420/1434/738 1422/1407/738
f 1422/1407/738 1424/1435/738 1426/1369/738
f 1426/1369/738 1428/1436/738 1430/1406/738
f 1430/1406/738 1432/1437/738 1434/1370/738
f 1434/1370/738 1436/1438/738 1438/1439/738
f 1438/1439/738 1440/1440/738 1442/1371/738
f 1442/1371/738 1414/1408/738 1418/1433/738
f 1418/1433/738 1422/1407/738 1426/1369/738
f 1426/1369/738 1430/1406/738 1434/1370/738
f 1434/1370/738 1438/1439/738 1442/1371/738
f 1442/1371/738 1418/1433/738 1426/1369/738
f 1508/723/877 1509/725/878 1445/724/878
f 1509/725/878 1510/727/879 1446/726/879
f 1510/727/879 1511/729/880 1447/728/880
f 1511/729/880 1512/731/881 1448/730/881
f 1512/731/881 1513/733/882 1449/732/882
f 1513/733/882 1514/735/883 1450/734/883
f 1514/735/883 1515/737/884 1451/736/884
f 1516/738/885 1452/739/885 1451/736/884
f 1517/740/886 1453/741/886 1452/739/885
f 1518/742/887 1454/743/887 1453/741/886
f 1519/744/888 1455/745/888 1454/743/887
f 1520/746/889 1456/747/889 1455/745/888
f 1521/748/890 1457/749/890 1456/747/889
f 1522/750/891 1458/751/891 1457/749/890
f 1523/752/892 1459/753/892 1458/751/891
f 1524/754/893 1460/755/893 1459/753/892
f 1525/756/894 1461/757/894 1460/755/893
f 1526/758/895 1462/759/895 1461/757/894
f 1527/760/896 1463/761/896 1462/759/895
f 1528/762/897 1464/763/897 1463/761/896
f 1529/764/898 1465/765/898 1464/763/897
f 1530/766/899 1466/767/899 1465/765/898
f 1531/768/900 1467/769/900 1466/767/899
f 1532/770/901 1468/882/901 1467/769/900
f 1532/770/901 1533/772/902 1469/771/902
f 1533/772/902 1534/774/903 1470/773/903
f 1534/774/903 1535/776/904 1471/775/904
f 1535/776/904 1536/778/905 1472/777/905
f 1536/778/905 1537/780/906 1473/779/906
f 1537/780/906 1538/782/907 1474/781/907
f 1645/784/647 1644/855/646 2036/856/646
f 1538/782/907 1539/787/908 1475/786/908
f 1539/787/908 1508/723/877 1444/788/877
f 1562/790/909 1563/960/910 2001/789/910
f 1643/793/652 1642/836/651 2032/837/651
f 1654/796/654 1653/857/653 2054/858/653
f 1663/799/656 1662/859/655 2072/860/655
f 1641/802/658 1640/846/657 2028/801/657
f 1650/805/660 1649/863/659 2046/804/659
f 1659/808/662 1658/864/661 2064/807/661
f 1668/811/664 1667/865/663 2082/866/663
f 1646/813/665 1645/784/647 2038/785/647
f 1655/815/666 1654/796/654 2056/797/654
f 1664/817/667 1663/799/656 2074/800/656
f 1449/732/911 2031/819/911 2029/1372/912
f 1651/821/670 1650/805/660 2048/806/660
f 1660/823/671 1659/808/662 2066/809/662
f 1647/829/674 1646/813/665 2040/814/665
f 1656/831/675 1655/815/666 2058/816/666
f 1665/833/676 1664/817/667 2076/818/667
f 1642/836/651 1641/802/658 2030/803/658
f 1652/838/677 1651/821/670 2050/822/670
f 1661/840/678 1660/823/671 2068/824/671
f 1639/843/680 1637/983/679 2022/984/679
f 1640/846/657 1639/843/680 2026/844/680
f 1648/848/681 1647/829/674 2042/830/674
f 1657/851/682 1656/831/675 2060/832/675
f 1666/853/683 1665/833/676 2078/834/676
f 1644/855/646 1643/793/652 2034/794/652
f 1653/857/653 1652/838/677 2052/839/677
f 1662/859/655 1661/840/678 2070/841/678
f 1638/896/711 1668/811/664 2084/812/664
f 1649/863/659 1648/848/681 2044/849/681
f 1658/864/661 1657/851/682 2062/852/682
f 1667/865/663 1666/853/683 2080/854/683
f 1723/868/913 1722/1271/914 1497/867/914
f 2024/1373/915 2083/1441/916 1475/786/916
f 2059/1374/917 2057/1414/918 1462/759/918
f 2033/871/919 2031/1411/911 1449/732/911
f 2061/1375/920 2059/1442/917 1463/761/917
f 1451/736/921 2035/874/921 2033/873/919
f 2063/875/922 2061/1375/920 1464/763/920
f 2037/876/923 2035/874/921 1451/736/921
f 2065/877/924 2063/1415/922 1465/765/922
f 2039/1376/925 2037/876/923 1452/739/923
f 1467/769/926 2067/1422/926 2065/877/924
f 2041/1377/927 2039/1425/925 1453/741/925
f 2069/1378/928 2067/1416/926 1467/769/926
f 2043/883/929 2041/1443/927 1454/743/927
f 1469/771/930 2071/1423/930 2069/881/928
f 1456/747/931 2045/886/931 2043/885/929
f 2073/1379/932 2071/884/930 1469/771/930
f 1457/749/933 2047/888/933 2045/1380/931
f 2075/889/934 2073/1379/932 1470/773/932
f 1458/751/935 2049/891/935 2047/1381/933
f 1445/724/936 2021/862/936 2024/861/915
f 1472/777/937 2077/893/937 2075/889/934
f 2051/894/938 2049/1421/935 1458/751/935
f 2025/892/939 2021/1426/936 1445/724/936
f 2079/898/940 2077/893/937 1472/777/937
f 1460/755/941 2053/900/941 2051/899/938
f 2027/1382/942 2025/1444/939 1446/726/939
f 2081/902/943 2079/898/940 1473/779/940
f 2055/1383/944 2053/900/941 1460/755/941
f 2029/1384/912 2027/1427/942 1447/728/942
f 1475/786/916 2083/905/916 2081/1385/943
f 2057/906/918 2055/1383/944 1461/757/944
f 1572/908/945 1541/1424/672 1958/1386/672
f 1543/911/946 1544/914/947 1963/910/947
f 1963/915/947 1544/914/947 1545/917/948
f 1545/917/948 1546/920/949 1967/916/949
f 1967/921/949 1546/920/949 1547/923/950
f 1547/923/950 1548/926/951 1971/927/951
f 1548/926/951 1549/929/952 1973/925/952
f 1549/929/952 1550/931/953 1975/928/953
f 1975/928/953 1550/931/953 1551/930/954
f 1551/930/954 1552/935/955 1979/932/955
f 1552/935/955 1553/938/956 1981/936/956
f 1981/934/956 1553/938/956 1554/937/957
f 1983/1389/957 1554/937/957 1555/940/958
f 1555/940/958 1556/944/959 1987/941/959
f 1987/1390/959 1556/944/959 1557/943/960
f 1557/943/960 1558/948/961 1991/945/961
f 1558/948/961 1559/951/962 1993/1391/962
f 1559/951/962 1560/954/963 1995/950/963
f 1995/1392/963 1560/954/963 1561/953/964
f 1529/764/797 1528/762/797 1998/1028/797
f 1561/953/964 1562/790/909 1999/791/909
f 1563/960/910 1564/963/965 2003/959/965
f 1564/963/965 1565/965/966 2005/962/966
f 1565/965/966 1566/967/967 2007/1396/967
f 2007/1396/967 1566/967/967 1567/970/968
f 1567/970/968 1568/972/969 2011/969/969
f 1568/972/969 1569/974/970 2013/975/970
f 1569/974/970 1570/977/971 2015/978/971
f 1570/977/971 1571/980/972 2017/981/972
f 1571/980/972 1572/908/945 2019/979/945
f 1637/983/679 1638/896/711 2023/897/711
f 1542/826/673 1543/911/946 1961/1397/946
f 1974/990/797 1516/738/797 1515/737/797
f 2002/992/797 1530/766/797 1529/764/797
f 1517/740/797 1516/738/797 1974/988/797
f 1531/768/797 1530/766/797 2002/989/797
f 1978/996/797 1518/742/797 1517/740/797
f 1532/770/797 1531/768/797 2004/993/797
f 1519/744/797 1518/742/797 1978/994/797
f 2008/1399/797 1533/772/797 1532/770/797
f 1520/746/797 1519/744/797 1980/997/797
f 1534/774/797 1533/772/797 2008/998/797
f 1521/748/797 1520/746/797 1982/999/797
f 1535/776/797 1534/774/797 2010/1000/797
f 1522/750/797 1521/748/797 1984/1401/797
f 1960/1010/797 1509/725/797 1508/723/797
f 1536/778/797 1535/776/797 2012/1003/797
f 1523/752/797 1522/750/797 1986/1004/797
f 1510/727/797 1509/725/797 1960/986/797
f 1537/780/797 1536/778/797 2014/1007/797
f 1990/1013/797 1524/754/797 1523/752/797
f 1511/729/797 1510/727/797 1962/1011/797
f 1538/782/797 1537/780/797 2016/1012/797
f 1525/756/797 1524/754/797 1990/1013/797
f 1512/731/797 1511/729/797 1964/1015/797
f 1539/787/797 1538/782/797 2018/1017/797
f 1994/1022/797 1526/758/797 1525/756/797
f 1968/1403/797 1513/733/797 1512/731/797
f 1508/723/797 1539/787/797 2020/1021/797
f 1527/760/797 1526/758/797 1994/1022/797
f 1514/735/797 1513/733/797 1968/1404/797
f 1528/762/797 1527/760/797 1996/1026/797
f 1515/737/797 1514/735/797 1970/1027/797
f 1574/1030/797 1542/1032/797 1541/1031/797
f 1543/1033/797 1542/1032/797 1574/1030/797
f 1544/1035/797 1543/1033/797 1575/1034/797
f 1577/1038/797 1545/1037/797 1544/1035/797
f 1578/1039/797 1546/1040/797 1545/1037/797
f 1547/1041/797 1546/1040/797 1578/1039/797
f 1548/1043/797 1547/1041/797 1579/1042/797
f 1581/1045/797 1549/1046/797 1548/1043/797
f 1550/1047/797 1549/1046/797 1581/1045/797
f 1551/1049/797 1550/1047/797 1582/1048/797
f 1584/1051/797 1552/1052/797 1551/1049/797
f 1585/1053/797 1553/1054/797 1552/1052/797
f 1554/1055/797 1553/1054/797 1585/1053/797
f 1587/1057/797 1555/1058/797 1554/1055/797
f 1556/1059/797 1555/1058/797 1587/1057/797
f 1589/1061/797 1557/1062/797 1556/1059/797
f 1558/1063/797 1557/1062/797 1589/1061/797
f 1591/1065/797 1559/1066/797 1558/1063/797
f 1560/1067/797 1559/1066/797 1591/1065/797
f 1593/1069/797 1561/1070/797 1560/1067/797
f 1594/1072/797 1562/1071/797 1561/1070/797
f 1595/1073/797 1563/1074/797 1562/1071/797
f 1564/1075/797 1563/1074/797 1595/1073/797
f 1565/1077/797 1564/1075/797 1596/1076/797
f 1598/1079/797 1566/1080/797 1565/1077/797
f 1567/1081/797 1566/1080/797 1598/1079/797
f 1600/1084/797 1568/1083/797 1567/1081/797
f 1569/1085/797 1568/1083/797 1600/1084/797
f 1570/1087/797 1569/1085/797 1601/1086/797
f 1571/1089/797 1570/1087/797 1602/1088/797
f 1604/1091/797 1572/1092/797 1571/1089/797
f 1541/1031/797 1572/1092/797 1604/1091/797
f 1605/1096/1006 1606/1102/1007 1779/1095/1007
f 1613/1099/1008 1614/1104/1009 1771/1098/1009
f 1779/1095/1007 1606/1102/1007 1607/1101/1010
f 1614/1104/1009 1615/1103/1011 1770/1107/1011
f 1607/1101/1010 1608/1110/1012 1777/1105/1012
f 1615/1103/1011 1616/1108/1013 1769/1131/1013
f 1608/1110/1012 1609/1115/1014 1776/1109/1014
f 1616/1112/1013 1617/1117/1015 1768/1111/1015
f 1609/1115/1014 1610/1119/1016 1775/1114/1016
f 1768/1111/1015 1617/1117/1015 1618/1116/1017
f 1610/1119/1016 1611/1123/1018 1774/1118/1018
f 1767/1120/1017 1618/1116/1017 1619/1121/1019
f 1611/1123/1018 1612/1127/1020 1773/1122/1020
f 1620/1124/1021 1605/1096/1006 1780/1097/1006
f 1766/1126/1019 1619/1121/1019 1620/1124/1021
f 1612/1127/1020 1613/1099/1008 1772/1100/1008
f 1777/1105/797 1776/1109/797 1785/1128/797
f 1791/1130/797 1770/1107/797 1769/1131/797
f 1778/1106/797 1777/1105/797 1784/1129/797
f 1771/1098/797 1770/1107/797 1791/1130/797
f 1782/1134/797 1779/1095/797 1778/1106/797
f 1789/1135/797 1772/1100/797 1771/1098/797
f 1780/1097/797 1779/1095/797 1782/1134/797
f 1773/1122/797 1772/1100/797 1789/1135/797
f 1766/1126/797 1765/1125/797 1796/1138/797
f 1765/1125/797 1780/1097/797 1781/1136/797
f 1787/1140/797 1774/1118/797 1773/1122/797
f 1767/1120/797 1766/1126/797 1795/1139/797
f 1775/1114/797 1774/1118/797 1787/1140/797
f 1793/1143/797 1768/1111/797 1767/1120/797
f 1776/1109/797 1775/1114/797 1786/1142/797
f 1622/1145/680 1223/1147/680 1221/1144/711
f 1623/1148/658 1225/1149/658 1223/1147/680
f 1624/1150/652 1227/1151/652 1225/1149/658
f 1625/1152/647 1229/1430/647 1227/1151/652
f 1626/1154/674 1231/1156/674 1229/1153/647
f 1627/1157/659 1233/1158/659 1231/1156/674
f 1628/1159/670 1235/1160/670 1233/1158/659
f 1628/1159/670 1629/1161/653 1237/1162/653
f 1630/1163/666 1239/1164/666 1237/1162/653
f 1631/1165/682 1241/1166/682 1239/1164/666
f 1632/1167/662 1243/1168/662 1241/1166/682
f 1633/1169/678 1245/1170/678 1243/1168/662
f 1633/1169/678 1634/1171/656 1247/1172/656
f 1635/1173/676 1249/1174/676 1247/1172/656
f 1636/1175/663 1251/1176/663 1249/1174/676
f 1621/1146/711 1221/1144/711 1251/1176/663
f 1638/1178/738 1637/1181/738 1476/1177/738
f 1637/1181/738 1639/1183/738 1478/1180/738
f 1639/1183/738 1640/1185/738 1479/1182/738
f 1640/1185/738 1641/1187/738 1480/1184/738
f 1641/1187/738 1642/1189/738 1481/1186/738
f 1642/1189/738 1643/1191/738 1482/1188/738
f 1482/1188/738 1643/1191/738 1644/1193/738
f 1644/1193/738 1645/1195/738 1484/1192/738
f 1645/1195/738 1646/1197/738 1485/1194/738
f 1646/1197/738 1647/1199/738 1486/1196/738
f 1647/1199/738 1648/1201/738 1487/1198/738
f 1648/1201/738 1649/1203/738 1488/1200/738
f 1488/1200/738 1649/1203/738 1650/1205/738
f 1650/1205/738 1651/1207/738 1490/1204/738
f 1490/1204/738 1651/1207/738 1652/1206/738
f 1652/1206/738 1653/1211/738 1492/1208/738
f 1492/1208/738 1653/1211/738 1654/1210/738
f 1654/1210/738 1655/1215/738 1494/1212/738
f 1655/1215/738 1656/1217/738 1495/1214/738
f 1495/1214/738 1656/1217/738 1657/1216/738
f 1657/1216/738 1658/1220/738 1497/867/738
f 1497/867/738 1658/1220/738 1659/1219/738
f 1659/1219/738 1660/1223/738 1499/1221/738
f 1499/1221/738 1660/1223/738 1661/1222/738
f 1661/1222/738 1662/1227/738 1501/1224/738
f 1501/1224/738 1662/1227/738 1663/1226/738
f 1663/1226/738 1664/1231/738 1503/1228/738
f 1503/1228/738 1664/1231/738 1665/1230/738
f 1665/1230/738 1666/1235/738 1505/1232/738
f 1505/1232/738 1666/1235/738 1667/1234/738
f 1667/1234/738 1668/1238/738 1507/1236/738
f 1668/1238/738 1638/1178/738 1477/1179/738
f 1670/1305/738 1669/1306/738 1671/1241/738
f 1671/1241/738 1672/1308/738 1673/1307/738
f 1673/1307/738 1674/1310/738 1675/1309/738
f 1675/1309/738 1676/1311/738 1677/1312/738
f 1677/1312/738 1678/1313/738 1679/1240/738
f 1679/1240/738 1680/1314/738 1681/1315/738
f 1681/1315/738 1682/1316/738 1683/1317/738
f 1683/1317/738 1684/1318/738 1685/1319/738
f 1685/1319/738 1686/1320/738 1687/1239/738
f 1687/1239/738 1688/1322/738 1689/1321/738
f 1689/1321/738 1690/1323/738 1691/1324/738
f 1691/1324/738 1692/1325/738 1693/1326/738
f 1693/1326/738 1694/1327/738 1695/1328/738
f 1695/1328/738 1696/1329/738 1697/1330/738
f 1697/1330/738 1698/1332/738 1699/1331/738
f 1699/1331/738 1700/1333/738 1670/1305/738
f 1670/1305/738 1671/1241/738 1673/1307/738
f 1673/1307/738 1675/1309/738 1677/1312/738
f 1677/1312/738 1679/1240/738 1681/1315/738
f 1681/1315/738 1683/1317/738 1685/1319/738
f 1685/1319/738 1687/1239/738 1689/1321/738
f 1689/1321/738 1691/1324/738 1693/1326/738
f 1693/1326/738 1695/1328/738 1697/1330/738
f 1697/1330/738 1699/1331/738 1670/1305/738
f 1670/1305/738 1673/1307/738 1677/1312/738
f 1677/1312/738 1681/1315/738 1685/1319/738
f 1685/1319/738 1689/1321/738 1693/1326/738
f 1693/1326/738 1697/1330/738 1670/1305/738
f 1670/1305/738 1677/1312/738 1685/1319/738
f 1485/1194/1022 1710/1242/1022 1709/1272/1023
f 1724/1243/1024 1723/868/913 1498/869/913
f 1486/1196/1025 1711/1244/1025 1710/1242/1022
f 1725/1245/1026 1724/1243/1024 1499/1221/1024
f 1712/1246/1027 1711/1244/1025 1486/1196/1025
f 1726/1247/1028 1725/1245/1026 1500/1225/1026
f 1713/1248/1029 1712/1246/1027 1487/1198/1027
f 1502/1229/1030 1727/1249/1030 1726/1247/1028
f 1714/1250/1031 1713/1248/1029 1488/1200/1029
f 1503/1228/1032 1728/1251/1032 1727/1249/1030
f 1715/1252/1033 1714/1250/1031 1489/1202/1031
f 1701/1253/1034 1702/1266/1035 1477/1179/1035
f 1504/1233/1036 1729/1254/1036 1728/1251/1032
f 1491/1209/1037 1716/1255/1037 1715/1252/1033
f 1478/1180/1038 1703/1256/1038 1701/1253/1034
f 1505/1232/1039 1730/1257/1039 1729/1254/1036
f 1717/1258/1040 1716/1255/1037 1491/1209/1037
f 1704/1259/1041 1703/1256/1038 1478/1180/1038
f 1506/1237/1042 1731/1260/1042 1730/1257/1039
f 1493/1213/1043 1718/1261/1043 1717/1258/1040
f 1705/1262/1044 1704/1259/1041 1479/1182/1041
f 1732/1263/1045 1731/1260/1042 1506/1237/1042
f 1719/1264/1046 1718/1261/1043 1493/1213/1043
f 1706/1265/1048 1705/1262/1044 1480/1184/1044
f 1702/1266/1035 1732/1263/1045 1507/1236/1045
f 1720/1267/1049 1719/1264/1046 1494/1212/1047
f 1707/1268/1050 1706/1265/1048 1481/1186/1048
f 1721/1269/1051 1720/1267/1049 1495/1214/1049
f 1708/1270/1052 1707/1268/1050 1482/1188/1050
f 1722/1271/914 1721/1269/1051 1496/1218/1051
f 1709/1272/1023 1708/1270/1052 1483/1190/1052
f 1702/1266/738 1701/1253/738 1733/1273/738
f 1733/1273/738 1701/1253/738 1703/1256/738
f 1703/1256/738 1704/1259/738 1736/1275/738
f 1704/1259/738 1705/1262/738 1737/1277/738
f 1737/1277/738 1705/1262/738 1706/1265/738
f 1738/1279/738 1706/1265/738 1707/1268/738
f 1707/1268/738 1708/1270/738 1740/1280/738
f 1708/1270/738 1709/1272/738 1741/1282/738
f 1709/1272/738 1710/1242/738 1742/1281/738
f 1710/1242/738 1711/1244/738 1743/1283/738
f 1711/1244/738 1712/1246/738 1744/1284/738
f 1712/1246/738 1713/1248/738 1745/1285/738
f 1713/1248/738 1714/1250/738 1746/1286/738
f 1746/1286/738 1714/1250/738 1715/1252/738
f 1715/1252/738 1716/1255/738 1748/1289/738
f 1716/1255/738 1717/1258/738 1749/1288/738
f 1717/1258/738 1718/1261/738 1750/1290/738
f 1718/1261/738 1719/1264/738 1751/1291/738
f 1719/1264/738 1720/1267/738 1752/1292/738
f 1752/1292/738 1720/1267/738 1721/1269/738
f 1721/1269/738 1722/1271/738 1754/1293/738
f 1754/1293/738 1722/1271/738 1723/868/738
f 1723/868/738 1724/1243/738 1756/1295/738
f 1724/1243/738 1725/1245/738 1757/1298/738
f 1725/1245/738 1726/1247/738 1758/1297/738
f 1758/1297/738 1726/1247/738 1727/1249/738
f 1727/1249/738 1728/1251/738 1760/1301/738
f 1728/1251/738 1729/1254/738 1761/1300/738
f 1729/1254/738 1730/1257/738 1762/1302/738
f 1762/1302/738 1730/1257/738 1731/1260/738
f 1763/1303/738 1731/1260/738 1732/1263/738
f 1732/1263/738 1702/1266/738 1734/1274/738
f 1670/1305/1053 1734/1274/1053 1733/1273/1054
f 1669/1306/1054 1733/1273/1054 1735/1276/1055
f 1735/1276/1055 1736/1275/1056 1672/1308/1056
f 1736/1275/1056 1737/1277/1057 1673/1307/1057
f 1673/1307/1057 1737/1277/1057 1738/1279/1058
f 1738/1279/1058 1739/1278/1059 1675/1309/1059
f 1739/1278/1059 1740/1280/1060 1676/1311/1060
f 1740/1280/1060 1741/1282/1061 1677/1312/1061
f 1741/1282/1061 1742/1281/1062 1678/1313/1062
f 1742/1281/1062 1743/1283/1063 1679/1240/1063
f 1743/1283/1063 1744/1284/1064 1680/1314/1064
f 1744/1284/1064 1745/1285/1065 1681/1315/1065
f 1745/1285/1065 1746/1286/1066 1682/1316/1066
f 1746/1286/1066 1747/1287/1067 1683/1317/1067
f 1747/1287/1067 1748/1289/1068 1684/1318/1068
f 1748/1289/1068 1749/1288/1069 1685/1319/1069
f 1749/1288/1069 1750/1290/1070 1686/1320/1070
f 1750/1290/1070 1751/1291/1071 1687/1239/1071
f 1687/1239/1071 1751/1291/1071 1752/1292/1072
f 1752/1292/1072 1753/1294/1073 1689/1321/1073
f 1753/1294/1073 1754/1293/1074 1690/1323/1074
f 1754/1293/1074 1755/1296/1075 1691/1324/1075
f 1755/1296/1075 1756/1295/1076 1692/1325/1076
f 1692/1325/1076 1756/1295/1076 1757/1298/1077
f 1693/1326/1077 1757/1298/1077 1758/1297/1078
f 1694/1327/1078 1758/1297/1078 1759/1299/1079
f 1695/1328/1079 1759/1299/1079 1760/1301/1080
f 1696/1329/1080 1760/1301/1080 1761/1300/1081
f 1697/1330/1081 1761/1300/1081 1762/1302/1082
f 1762/1302/1082 1763/1303/1083 1699/1331/1083
f 1763/1303/1083 1764/1304/1084 1700/1333/1084
f 1700/1333/1084 1764/1304/1084 1734/1274/1053
f 1769/1113/797 1768/1111/797 1793/1143/797
f 1787/1140/1085 1788/1137/1086 1814/1335/1086
f 1792/1334/1087 1793/1143/1088 1804/1337/1088
f 1796/1138/1089 1781/1136/1090 1828/1339/1090
f 1785/1128/1091 1786/1142/1092 1818/1341/1092
f 1790/1133/1093 1791/1130/1094 1808/1343/1094
f 1783/1132/1095 1784/1129/1096 1822/1345/1096
f 1795/1139/1097 1796/1138/1089 1798/1340/1089
f 1788/1137/1086 1789/1135/1098 1812/1348/1098
f 1804/1337/1088 1793/1143/1088 1794/1141/1099
f 1828/1339/1090 1781/1136/1090 1782/1134/1100
f 1786/1142/1092 1787/1140/1085 1816/1336/1085
f 1791/1130/1094 1792/1405/1087 1806/1349/1087
f 1784/1129/1096 1785/1128/1091 1820/1342/1091
f 1789/1135/1098 1790/1133/1093 1810/1344/1093
f 1794/1141/1099 1795/1139/1097 1800/1347/1097
f 1826/1351/1100 1782/1134/1100 1783/1132/1095
f 1799/1352/680 1800/1347/680 1798/1340/711
f 1801/1354/658 1802/1350/658 1800/1347/680
f 1803/1355/652 1804/1337/652 1802/1350/658
f 1805/1356/647 1806/1338/647 1804/1337/652
f 1807/1358/674 1808/1343/674 1806/1349/647
f 1809/1359/659 1810/1344/659 1808/1343/674
f 1809/1359/659 1811/1360/670 1812/1348/670
f 1811/1360/670 1813/1361/653 1814/1335/653
f 1815/1362/666 1816/1336/666 1814/1335/653
f 1817/1363/682 1818/1341/682 1816/1336/666
f 1819/1364/662 1820/1342/662 1818/1341/682
f 1821/1365/678 1822/1345/678 1820/1342/662
f 1823/1366/656 1824/1346/656 1822/1345/678
f 1825/1367/676 1826/1351/676 1824/1346/656
f 1827/1368/663 1828/1339/663 1826/1351/676
f 1827/1368/663 1797/1353/711 1798/1340/711
f 1799/1408/797 1797/1431/797 1827/1371/797
f 1827/1371/797 1825/1440/797 1823/1439/797
f 1823/1439/797 1821/1438/797 1819/1370/797
f 1819/1370/797 1817/1437/797 1815/1406/797
f 1815/1406/797 1813/1436/797 1811/1369/797
f 1811/1369/797 1809/1435/797 1807/1407/797
f 1807/1407/797 1805/1434/797 1803/1433/797
f 1803/1433/797 1801/1432/797 1799/1408/797
f 1799/1408/797 1827/1371/797 1823/1439/797
f 1823/1439/797 1819/1370/797 1815/1406/797
f 1815/1406/797 1811/1369/797 1807/1407/797
f 1807/1407/797 1803/1433/797 1799/1408/797
f 1799/1408/797 1823/1439/797 1815/1406/797
f 1895/861/1101 1896/982/1101 1893/984/1102
f 1898/892/1103 1894/1426/1102 1893/842/1102
f 1898/1409/1103 1897/845/1103 1899/801/1104
f 1902/904/1105 1900/1427/1104 1899/801/1104
f 1902/1410/1105 1901/835/1105 1903/837/1106
f 1904/1411/1106 1903/792/1106 1905/794/1107
f 1906/873/1107 1905/794/1107 1907/856/1108
f 1910/876/1109 1908/874/1108 1907/783/1108
f 1910/876/1109 1909/785/1109 1911/814/1110
f 1914/880/1111 1912/1425/1110 1911/828/1110
f 1914/1412/1111 1913/847/1111 1915/849/1112
f 1916/885/1112 1915/849/1112 1917/804/1113
f 1918/1380/1113 1917/804/1113 1919/806/1114
f 1920/890/1114 1919/820/1114 1921/822/1115
f 1922/1413/1115 1921/822/1115 1923/839/1116
f 1926/900/1117 1924/899/1116 1923/839/1116
f 1926/900/1117 1925/795/1117 1927/797/1118
f 1930/906/1119 1928/1428/1118 1927/797/1118
f 1930/1414/1119 1929/816/1119 1931/832/1120
f 1934/872/1121 1932/1374/1120 1931/850/1120
f 1934/1375/1121 1933/852/1121 1935/807/1122
f 1936/1415/1122 1935/807/1122 1937/809/1123
f 1938/877/1123 1937/809/1123 1939/824/1124
f 1940/1416/1124 1939/824/1124 1941/841/1125
f 1942/1378/1125 1941/841/1125 1943/860/1126
f 1946/887/1127 1944/884/1126 1943/798/1126
f 1948/889/1128 1946/1379/1127 1945/800/1127
f 1948/1417/1128 1947/818/1128 1949/834/1129
f 1950/1418/1129 1949/834/1129 1951/854/1130
f 1952/898/1130 1951/854/1130 1953/866/1131
f 1954/1385/1131 1953/810/1131 1955/812/1132
f 1956/1419/1132 1955/895/1132 1896/897/1101
f 1831/986/1133 1832/827/1133 1829/825/1134
f 1833/1011/1135 1834/1024/1135 1832/1025/1133
f 1833/1014/1135 1835/1015/1136 1836/910/1136
f 1835/1015/1136 1837/1019/1137 1838/913/1137
f 1839/1023/1138 1840/916/1138 1838/918/1137
f 1841/1027/1139 1842/919/1139 1840/921/1138
f 1841/1027/1139 1843/1029/1140 1844/922/1140
f 1843/987/1140 1845/988/1141 1846/925/1141
f 1847/991/1142 1848/928/1142 1846/925/1141
f 1849/994/1143 1850/1429/1143 1848/928/1142
f 1851/997/1144 1852/932/1144 1850/933/1143
f 1851/997/1144 1853/999/1145 1854/934/1145
f 1855/1001/1146 1856/1389/1146 1854/936/1145
f 1857/1004/1147 1858/942/1147 1856/939/1146
f 1859/1009/1148 1860/941/1148 1858/942/1147
f 1859/1009/1148 1861/1013/1149 1862/1420/1149
f 1863/1018/1150 1864/945/1150 1862/946/1149
f 1865/1022/1151 1866/947/1151 1864/949/1150
f 1865/1022/1151 1867/1026/1152 1868/950/1152
f 1869/1028/1153 1870/1394/1153 1868/952/1152
f 1871/956/1154 1872/957/1154 1870/958/1153
f 1873/989/1155 1874/789/1155 1872/791/1154
f 1875/993/1156 1876/959/1156 1874/961/1155
f 1875/993/1156 1877/995/1157 1878/962/1157
f 1879/998/1158 1880/964/1158 1878/962/1157
f 1881/1000/1159 1882/966/1159 1880/968/1158
f 1881/1002/1159 1883/1003/1160 1884/969/1160
f 1883/1006/1160 1885/1007/1161 1886/971/1161
f 1885/1007/1161 1887/1012/1162 1888/973/1162
f 1889/1017/1163 1890/976/1163 1888/978/1162
f 1889/1020/1163 1891/1021/1164 1892/979/1164
f 1830/985/1134 1829/907/1134 1892/909/1164
f 2023/897/1165 2024/861/1165 2021/862/1166
f 2022/984/1166 2021/1426/1166 2025/892/1167
f 2026/844/1167 2025/1444/1167 2027/1382/1168
f 2028/801/1168 2027/1427/1168 2029/1384/1169
f 2030/803/1169 2029/1372/1169 2031/819/1170
f 2032/837/1170 2031/1411/1170 2033/871/1171
f 2034/794/1171 2033/873/1171 2035/874/1172
f 2036/856/1172 2035/874/1172 2037/876/1173
f 2038/785/1173 2037/876/1173 2039/1376/1174
f 2040/814/1174 2039/1425/1174 2041/1377/1175
f 2042/830/1175 2041/1443/1175 2043/883/1176
f 2046/804/1177 2044/849/1176 2043/885/1176
f 2048/820/1178 2046/804/1177 2045/1380/1177
f 2048/806/1178 2047/1381/1178 2049/891/1179
f 2052/839/1180 2050/822/1179 2049/1421/1179
f 2052/839/1180 2051/899/1180 2053/900/1181
f 2054/858/1181 2053/900/1181 2055/1383/1182
f 2056/797/1182 2055/1383/1182 2057/906/1183
f 2060/850/1184 2058/816/1183 2057/1414/1183
f 2060/832/1184 2059/1442/1184 2061/1375/1185
f 2062/852/1185 2061/1375/1185 2063/875/1186
f 2064/807/1186 2063/1415/1186 2065/877/1187
f 2066/809/1187 2065/877/1187 2067/1422/1188
f 2070/841/1189 2068/824/1188 2067/1416/1188
f 2070/841/1189 2069/881/1189 2071/1423/1190
f 2072/860/1190 2071/884/1190 2073/1379/1191
f 2074/800/1191 2073/1379/1191 2075/889/1192
f 2078/834/1193 2076/818/1192 2075/889/1192
f 2080/854/1194 2078/834/1193 2077/893/1193
f 2082/810/1195 2080/854/1194 2079/898/1194
f 2082/866/1195 2081/1385/1195 2083/905/1196
f 2084/812/1196 2083/1441/1196 2024/1373/1165
f 1959/827/1197 1960/1010/1197 1957/985/1198
f 1961/1397/1199 1962/1014/1199 1960/986/1197
f 1963/910/1200 1964/1015/1200 1962/1011/1199
f 1965/1387/1201 1966/1402/1201 1964/1015/1200
f 1965/1387/1201 1967/916/1202 1968/1403/1202
f 1967/921/1202 1969/919/1203 1970/1027/1203
f 1971/927/1204 1972/987/1204 1970/1027/1203
f 1973/925/1205 1974/990/1205 1972/1029/1204
f 1975/928/1206 1976/1398/1206 1974/988/1205
f 1977/1388/1207 1978/996/1207 1976/991/1206
f 1979/932/1208 1980/997/1208 1978/994/1207
f 1981/936/1209 1982/1400/1209 1980/997/1208
f 1981/934/1209 1983/939/1210 1984/1001/1210
f 1985/942/1211 1986/1008/1211 1984/1401/1210
f 1987/941/1212 1988/1009/1212 1986/1004/1211
f 1989/946/1213 1990/1013/1213 1988/1009/1212
f 1989/946/1213 1991/945/1214 1992/1018/1214
f 1991/945/1214 1993/1391/1215 1994/1022/1215
f 1995/950/1216 1996/1026/1216 1994/1022/1215
f 1995/1392/1216 1997/958/1217 1998/955/1217
f 1997/1394/1217 1999/791/1218 2000/1393/1218
f 1999/957/1218 2001/789/1219 2002/992/1219
f 2003/959/1220 2004/993/1220 2002/989/1219
f 2005/962/1221 2006/995/1221 2004/993/1220
f 2005/962/1221 2007/1396/1222 2008/1399/1222
f 2009/966/1223 2010/1002/1223 2008/998/1222
f 2011/969/1224 2012/1006/1224 2010/1000/1223
f 2013/975/1225 2014/1007/1225 2012/1003/1224
f 2015/978/1226 2016/1016/1226 2014/1007/1225
f 2017/981/1227 2018/1020/1227 2016/1012/1226
f 2019/979/1228 2020/1005/1228 2018/1017/1227
f 1958/1386/1198 1957/985/1198 2020/1021/1228
f 1829/825/717 1832/827/747 1141/826/747
o ArchBogie.001
v 0.900000 0.490000 0.820000
v 0.900000 0.510000 0.820000
v 0.900000 0.490000 -0.820000
v 0.900000 0.510000 -0.820000
v 0.980000 0.490000 0.820000
v 0.980000 0.510000 0.820000
v 0.980000 0.490000 -0.820000
v 0.980000 0.510000 -0.820000
v 1.068000 0.510000 -0.610000
v 1.050000 0.690000 -0.610000
v 0.910000 0.510000 -0.610000
v 0.910000 0.690000 -0.610000
v 1.068000 0.510000 -0.700000
v 1.050000 0.690000 -0.700000
v 0.910000 0.510000 -0.700000
v 0.910000 0.690000 -0.700000
v 1.030000 0.720000 -0.700000
v 1.030000 0.720000 -0.630000
v 1.019394 0.715607 -0.700000
v 1.019394 0.715607 -0.630000
v 1.015000 0.705000 -0.700000
v 1.015000 0.705000 -0.630000
v 1.019394 0.694393 -0.700000
v 1.019394 0.694393 -0.630000
v 1.030000 0.690000 -0.700000
v 1.030000 0.690000 -0.630000
v 1.040607 0.694393 -0.700000
v 1.040607 0.694393 -0.630000
v 1.045000 0.705000 -0.700000
v 1.045000 0.705000 -0.630000
v 1.040607 0.715607 -0.700000
v 1.040607 0.715607 -0.630000
v 1.049000 0.700000 -0.650000
v 1.056500 0.725000 -0.650000
v 1.049000 0.700000 -0.670000
v 1.056500 0.725000 -0.670000
v 1.031500 0.698000 -0.650000
v 1.030500 0.723000 -0.650000
v 1.031500 0.698000 -0.670000
v 1.030500 0.723000 -0.670000
v 1.057000 0.620000 -0.670000
v 1.057000 0.620000 -0.650000
v 1.067000 0.620000 -0.670000
v 1.067000 0.620000 -0.650000
v 1.020000 0.716000 -0.670000
v 1.020000 0.716000 -0.650000
v 1.030000 0.720000 -0.672000
v 1.019394 0.715607 -0.672000
v 1.015000 0.705000 -0.672000
v 1.019394 0.694393 -0.672000
v 1.030000 0.690000 -0.672000
v 1.040607 0.694393 -0.672000
v 1.045000 0.705000 -0.672000
v 1.040607 0.715607 -0.672000
v 1.030000 0.726580 -0.700000
v 1.014741 0.720259 -0.700000
v 1.014741 0.720259 -0.672000
v 1.008420 0.705000 -0.700000
v 1.008420 0.705000 -0.672000
v 1.014741 0.689741 -0.700000
v 1.014741 0.689741 -0.672000
v 1.030000 0.683420 -0.700000
v 1.030000 0.683420 -0.672000
v 1.045259 0.689741 -0.700000
v 1.045259 0.689741 -0.672000
v 1.051580 0.705000 -0.700000
v 1.051580 0.705000 -0.672000
v 1.045259 0.720259 -0.700000
v 1.045259 0.720259 -0.672000
v 1.030000 0.726580 -0.672000
v 1.040998 0.688175 -0.611709
v 1.043002 0.688288 -0.611821
v 1.043002 0.687500 -0.700000
v 1.040998 0.687500 -0.700000
v 1.059098 0.510000 -0.610000
v 1.061102 0.510000 -0.610000
v 1.043002 0.690000 -0.610000
v 1.040998 0.690000 -0.610000
v 1.043002 0.690000 -0.700000
v 1.040998 0.690000 -0.700000
v 1.059098 0.510000 -0.700000
v 1.061102 0.510000 -0.700000
v 1.061102 0.512500 -0.700000
v 1.059098 0.512500 -0.700000
v 1.059098 0.511712 -0.611821
v 1.061102 0.511825 -0.611709
v 1.068000 0.510000 -0.790000
v 1.050000 0.690000 -0.790000
v 0.910000 0.510000 -0.790000
v 0.910000 0.690000 -0.790000
v 1.030000 0.720000 -0.770000
v 1.019394 0.715607 -0.770000
v 1.015000 0.705000 -0.770000
v 1.019394 0.694393 -0.770000
v 1.030000 0.690000 -0.770000
v 1.040607 0.694393 -0.770000
v 1.045000 0.705000 -0.770000
v 1.040607 0.715607 -0.770000
v 1.049000 0.700000 -0.750000
v 1.056500 0.725000 -0.750000
v 1.049000 0.700000 -0.730000
v 1.056500 0.725000 -0.730000
v 1.031500 0.698000 -0.750000
v 1.030500 0.723000 -0.750000
v 1.031500 0.698000 -0.730000
v 1.030500 0.723000 -0.730000
v 1.057000 0.620000 -0.730000
v 1.057000 0.620000 -0.750000
v 1.067000 0.620000 -0.730000
v 1.067000 0.620000 -0.750000
v 1.020000 0.716000 -0.730000
v 1.020000 0.716000 -0.750000
v 1.030000 0.720000 -0.728000
v 1.019394 0.715607 -0.728000
v 1.015000 0.705000 -0.728000
v 1.019394 0.694393 -0.728000
v 1.030000 0.690000 -0.728000
v 1.040607 0.694393 -0.728000
v 1.045000 0.705000 -0.728000
v 1.040607 0.715607 -0.728000
v 1.014741 0.720259 -0.728000
v 1.008420 0.705000 -0.728000
v 1.014741 0.689741 -0.728000
v 1.030000 0.683420 -0.728000
v 1.045259 0.689741 -0.728000
v 1.051580 0.705000 -0.728000
v 1.045259 0.720259 -0.728000
v 1.030000 0.726580 -0.728000
v 1.040998 0.688175 -0.788291
v 1.043002 0.688288 -0.788178
v 1.059098 0.510000 -0.790000
v 1.061102 0.510000 -0.790000
v 1.043002 0.690000 -0.790000
v 1.040998 0.690000 -0.790000
v 1.059098 0.511712 -0.788178
v 1.061102 0.511825 -0.788291
v 1.068000 0.510000 0.790000
v 1.050000 0.690000 0.790000
v 0.910000 0.510000 0.790000
v 0.910000 0.690000 0.790000
v 1.068000 0.510000 0.700000
v 1.050000 0.690000 0.700000
v 0.910000 0.510000 0.700000
v 0.910000 0.690000 0.700000
v 1.030000 0.720000 0.700000
v 1.030000 0.720000 0.770000
v 1.019394 0.715607 0.700000
v 1.019394 0.715607 0.770000
v 1.015000 0.705000 0.700000
v 1.015000 0.705000 0.770000
v 1.019394 0.694393 0.700000
v 1.019394 0.694393 0.770000
v 1.030000 0.690000 0.700000
v 1.030000 0.690000 0.770000
v 1.040607 0.694393 0.700000
v 1.040607 0.694393 0.770000
v 1.045000 0.705000 0.700000
v 1.045000 0.705000 0.770000
v 1.040607 0.715607 0.700000
v 1.040607 0.715607 0.770000
v 1.049000 0.700000 0.750000
v 1.056500 0.725000 0.750000
v 1.049000 0.700000 0.730000
v 1.056500 0.725000 0.730000
v 1.031500 0.698000 0.750000
v 1.030500 0.723000 0.750000
v 1.031500 0.698000 0.730000
v 1.030500 0.723000 0.730000
v 1.057000 0.620000 0.730000
v 1.057000 0.620000 0.750000
v 1.067000 0.620000 0.730000
v 1.067000 0.620000 0.750000
v 1.020000 0.716000 0.730000
v 1.020000 0.716000 0.750000
v 1.030000 0.720000 0.728000
v 1.019394 0.715607 0.728000
v 1.015000 0.705000 0.728000
v 1.019394 0.694393 0.728000
v 1.030000 0.690000 0.728000
v 1.040607 0.694393 0.728000
v 1.045000 0.705000 0.728000
v 1.040607 0.715607 0.728000
v 1.030000 0.726580 0.700000
v 1.014741 0.720259 0.700000
v 1.014741 0.720259 0.728000
v 1.008420 0.705000 0.700000
v 1.008420 0.705000 0.728000
v 1.014741 0.689741 0.700000
v 1.014741 0.689741 0.728000
v 1.030000 0.683420 0.700000
v 1.030000 0.683420 0.728000
v 1.045259 0.689741 0.700000
v 1.045259 0.689741 0.728000
v 1.051580 0.705000 0.700000
v 1.051580 0.705000 0.728000
v 1.045259 0.720259 0.700000
v 1.045259 0.720259 0.728000
v 1.030000 0.726580 0.728000
v 1.040998 0.688175 0.788291
v 1.043002 0.688288 0.788179
v 1.043002 0.687500 0.700000
v 1.040998 0.687500 0.700000
v 1.059098 0.510000 0.790000
v 1.061102 0.510000 0.790000
v 1.043002 0.690000 0.790000
v 1.040998 0.690000 0.790000
v 1.043002 0.690000 0.700000
v 1.040998 0.690000 0.700000
v 1.059098 0.510000 0.700000
v 1.061102 0.510000 0.700000
v 1.061102 0.512500 0.700000
v 1.059098 0.512500 0.700000
v 1.059098 0.511712 0.788179
v 1.061102 0.511825 0.788291
v 1.068000 0.510000 0.610000
v 1.050000 0.690000 0.610000
v 0.910000 0.510000 0.610000
v 0.910000 0.690000 0.610000
v 1.030000 0.720000 0.630000
v 1.019394 0.715607 0.630000
v 1.015000 0.705000 0.630000
v 1.019394 0.694393 0.630000
v 1.030000 0.690000 0.630000
v 1.040607 0.694393 0.630000
v 1.045000 0.705000 0.630000
v 1.040607 0.715607 0.630000
v 1.049000 0.700000 0.650000
v 1.056500 0.725000 0.650000
v 1.049000 0.700000 0.670000
v 1.056500 0.725000 0.670000
v 1.031500 0.698000 0.650000
v 1.030500 0.723000 0.650000
v 1.031500 0.698000 0.670000
v 1.030500 0.723000 0.670000
v 1.057000 0.620000 0.670000
v 1.057000 0.620000 0.650000
v 1.067000 0.620000 0.670000
v 1.067000 0.620000 0.650000
v 1.020000 0.716000 0.670000
v 1.020000 0.716000 0.650000
v 1.030000 0.720000 0.672000
v 1.019394 0.715607 0.672000
v 1.015000 0.705000 0.672000
v 1.019394 0.694393 0.672000
v 1.030000 0.690000 0.672000
v 1.040607 0.694393 0.672000
v 1.045000 0.705000 0.672000
v 1.040607 0.715607 0.672000
v 1.014741 0.720259 0.672000
v 1.008420 0.705000 0.672000
v 1.014741 0.689741 0.672000
v 1.030000 0.683420 0.672000
v 1.045259 0.689741 0.672000
v 1.051580 0.705000 0.672000
v 1.045259 0.720259 0.672000
v 1.030000 0.726580 0.672000
v 1.040998 0.688175 0.611709
v 1.043002 0.688288 0.611822
v 1.059098 0.510000 0.610000
v 1.061102 0.510000 0.610000
v 1.043002 0.690000 0.610000
v 1.040998 0.690000 0.610000
v 1.059098 0.511712 0.611822
v 1.061102 0.511825 0.611709
v 0.900000 0.690000 0.820000
v 0.900000 0.710000 0.820000
v 0.900000 0.690000 -0.820000
v 0.900000 0.710000 -0.820000
v 0.980000 0.690000 0.820000
v 0.980000 0.710000 0.820000
v 0.980000 0.690000 -0.820000
v 0.980000 0.710000 -0.820000
v 0.900000 0.690000 -0.580000
v 0.900000 0.890000 -0.200000
v 0.900000 0.890000 0.200001
v 0.900000 0.690000 0.580000
v 0.900000 0.710000 0.580000
v 0.900000 0.910000 0.200000
v 0.900000 0.910000 -0.200000
v 0.900000 0.710000 -0.580000
v 0.980000 0.690000 0.580000
v 0.980000 0.890000 0.200000
v 0.980000 0.890000 -0.200000
v 0.980000 0.690000 -0.580000
v 0.980000 0.710000 -0.580000
v 0.980000 0.910000 -0.200000
v 0.980000 0.910000 0.200001
v 0.980000 0.710000 0.580000
v 0.900000 0.520000 -0.200000
v 0.900000 0.540000 -0.200000
v 0.900000 0.670000 -0.580000
v 0.900000 0.690000 -0.580000
v 0.980000 0.520000 -0.200000
v 0.980000 0.540000 -0.200000
v 0.980000 0.670000 -0.580000
v 0.980000 0.690000 -0.580000
v 0.900000 0.690000 -0.610000
v 0.900000 0.670000 -0.610000
v 0.980000 0.670000 -0.610000
v 0.980000 0.690000 -0.610000
v 0.900000 0.520000 -0.150000
v 0.900000 0.540000 -0.150000
v 0.980000 0.540000 -0.150000
v 0.980000 0.520000 -0.150000
v 0.900000 0.520000 0.200000
v 0.900000 0.540000 0.200000
v 0.900000 0.670000 0.580001
v 0.900000 0.690000 0.580001
v 0.980000 0.520000 0.200000
v 0.980000 0.540000 0.200000
v 0.980000 0.670000 0.580001
v 0.980000 0.690000 0.580001
v 0.900000 0.690000 0.610000
v 0.900000 0.670000 0.610000
v 0.980000 0.670000 0.610000
v 0.980000 0.690000 0.610000
v 0.900000 0.520000 0.150000
v 0.900000 0.540000 0.150000
v 0.980000 0.540000 0.150000
v 0.980000 0.520000 0.150000
v 0.940000 0.480000 -0.190000
v 0.940000 0.920000 -0.190000
v 0.948660 0.480000 -0.185000
v 0.948660 0.920000 -0.185000
v 0.948660 0.480000 -0.175000
v 0.948660 0.920000 -0.175000
v 0.940000 0.480000 -0.170000
v 0.940000 0.920000 -0.170000
v 0.931340 0.480000 -0.175000
v 0.931340 0.920000 -0.175000
v 0.931340 0.480000 -0.185000
v 0.931340 0.920000 -0.185000
v 0.940000 0.480000 0.170000
v 0.940000 0.920000 0.170000
v 0.948660 0.480000 0.175000
v 0.948660 0.920000 0.175000
v 0.948660 0.480000 0.185000
v 0.948660 0.920000 0.185000
v 0.940000 0.480000 0.190000
v 0.940000 0.920000 0.190000
v 0.931340 0.480000 0.185000
v 0.931340 0.920000 0.185000
v 0.931340 0.480000 0.175000
v 0.931340 0.920000 0.175000
v 0.940000 0.480000 0.590000
v 0.940000 0.720000 0.590000
v 0.948660 0.480000 0.595000
v 0.948660 0.720000 0.595000
v 0.948660 0.480000 0.605000
v 0.948660 0.720000 0.605000
v 0.940000 0.480000 0.610000
v 0.940000 0.720000 0.610000
v 0.931340 0.480000 0.605000
v 0.931340 0.720000 0.605000
v 0.931340 0.480000 0.595000
v 0.931340 0.720000 0.595000
v 0.940000 0.480000 0.790000
v 0.940000 0.720000 0.790000
v 0.948660 0.480000 0.795000
v 0.948660 0.720000 0.795000
v 0.948660 0.480000 0.805000
v 0.948660 0.720000 0.805000
v 0.940000 0.480000 0.810000
v 0.940000 0.720000 0.810000
v 0.931340 0.480000 0.805000
v 0.931340 0.720000 0.805000
v 0.931340 0.480000 0.795000
v 0.931340 0.720000 0.795000
v 0.940000 0.480000 -0.810000
v 0.940000 0.720000 -0.810000
v 0.948660 0.480000 -0.805000
v 0.948660 0.720000 -0.805000
v 0.948660 0.480000 -0.795000
v 0.948660 0.720000 -0.795000
v 0.940000 0.480000 -0.790000
v 0.940000 0.720000 -0.790000
v 0.931340 0.480000 -0.795000
v 0.931340 0.720000 -0.795000
v 0.931340 0.480000 -0.805000
v 0.931340 0.720000 -0.805000
v 0.940000 0.480000 -0.610000
v 0.940000 0.720000 -0.610000
v 0.948660 0.480000 -0.605000
v 0.948660 0.720000 -0.605000
v 0.948660 0.480000 -0.595000
v 0.948660 0.720000 -0.595000
v 0.940000 0.480000 -0.590000
v 0.940000 0.720000 -0.590000
v 0.931340 0.480000 -0.595000
v 0.931340 0.720000 -0.595000
v 0.931340 0.480000 -0.605000
v 0.931340 0.720000 -0.605000
v 0.900000 0.520000 -0.140000
v 0.900000 0.540000 -0.140000
v 0.980000 0.520000 -0.140000
v 0.980000 0.540000 -0.140000
v 0.900000 0.520000 0.140000
v 0.900000 0.540000 0.140000
v 0.980000 0.540000 0.140000
v 0.980000 0.520000 0.140000
v 0.000000 0.800000 -0.120000
v 0.000000 0.880000 -0.120000
v 0.980000 0.800000 -0.120000
v 0.980000 0.880000 -0.120000
v 0.000000 0.800000 0.120000
v 0.000000 0.880000 0.120000
v 0.980000 0.880000 0.120000
v 0.980000 0.800000 0.120000
v 0.900000 0.540000 0.120000
v 0.900000 0.890000 0.120000
v 0.980000 0.540000 0.120000
v 0.980000 0.890000 0.120000
v 0.900000 0.540000 0.170000
v 0.900000 0.890000 0.170000
v 0.980000 0.890000 0.170000
v 0.980000 0.540000 0.170000
v 0.900000 0.540000 -0.170000
v 0.900000 0.890000 -0.170000
v 0.980000 0.540000 -0.170000
v 0.980000 0.890000 -0.170000
v 0.900000 0.540000 -0.120000
v 0.900000 0.890000 -0.120000
v 0.980000 0.890000 -0.120000
v 0.980000 0.540000 -0.120000
v 0.940000 0.600000 0.100000
v 0.740000 0.700000 0.100000
v 0.940000 0.600000 0.010000
v 0.740000 0.700000 0.010000
v 1.140000 0.700000 0.100000
v 0.940000 0.800000 0.100000
v 1.140000 0.700000 0.010000
v 0.940000 0.800000 0.010000
v 0.740000 0.700000 -0.010000
v 0.940000 0.600000 -0.010000
v 1.140000 0.720000 -0.110000
v 1.140000 0.720000 0.110000
v 1.154142 0.714142 -0.110000
v 1.154142 0.714142 0.110000
v 1.160000 0.700000 -0.110000
v 1.160000 0.700000 0.110000
v 1.154142 0.685858 -0.110000
v 1.154142 0.685858 0.110000
v 1.140000 0.680000 -0.110000
v 1.140000 0.680000 0.110000
v 1.125858 0.685858 -0.110000
v 1.125858 0.685858 0.110000
v 1.120000 0.700000 -0.110000
v 1.120000 0.700000 0.110000
v 1.125858 0.714142 -0.110000
v 1.125858 0.714142 0.110000
v 0.940000 0.600000 -0.100000
v 0.740000 0.700000 -0.100000
v 1.140000 0.700000 -0.010000
v 0.940000 0.800000 -0.010000
v 1.140000 0.700000 -0.100000
v 0.940000 0.800000 -0.100000
v 0.890000 0.540000 -0.120000
v 0.890000 0.620000 -0.120000
v 0.990000 0.540000 -0.120000
v 0.990000 0.620000 -0.120000
v 0.890000 0.540000 0.120000
v 0.890000 0.620000 0.120000
v 0.990000 0.620000 0.120000
v 0.990000 0.540000 0.120000
v 0.000000 0.790000 -0.130000
v 0.000000 1.200000 -0.130000
v 0.065000 0.790000 -0.112583
v 0.065000 1.200000 -0.112583
v 0.112583 0.790000 -0.065000
v 0.112583 1.200000 -0.065000
v 0.130000 0.790000 0.000000
v 0.130000 1.200000 0.000000
v 0.112583 0.790000 0.065000
v 0.112583 1.200000 0.065000
v 0.065000 0.790000 0.112583
v 0.065000 1.200000 0.112583
v 0.000000 0.790000 0.130000
v 0.000000 1.200000 0.130000
v 0.000000 0.550000 1.360000
v 0.000000 0.650000 1.360000
v 0.000000 0.550000 1.200000
v 0.000000 0.650000 1.200000
v 0.900000 0.550000 1.360000
v 0.900000 0.650000 1.360000
v 0.900000 0.550000 1.200000
v 0.900000 0.650000 1.200000
v 0.710000 0.446544 1.090476
v 0.710000 0.521769 1.113295
v 0.710000 0.600000 1.121000
v 0.710000 0.678231 1.113295
v 0.710000 0.753456 1.090476
v 0.810000 0.448839 1.084934
v 0.810000 0.522939 1.107412
v 0.810000 0.600000 1.115002
v 0.810000 0.677061 1.107412
v 0.810000 0.751161 1.084934
v 0.710000 0.446544 1.130476
v 0.810000 0.448839 1.130934
v 0.810000 0.522939 1.153412
v 0.710000 0.521769 1.153295
v 0.810000 0.600000 1.161002
v 0.710000 0.600000 1.161000
v 0.810000 0.677061 1.153412
v 0.710000 0.678231 1.153295
v 0.810000 0.751161 1.130934
v 0.710000 0.753456 1.130476
v 0.720000 0.550000 1.280000
v 0.720000 0.650000 1.280000
v 0.720000 0.500000 1.140000
v 0.720000 0.690000 1.140000
v 0.800000 0.550000 1.280000
v 0.800000 0.650000 1.280000
v 0.800000 0.500000 1.140000
v 0.800000 0.690000 1.140000
v 0.730000 0.650000 1.210000
v 0.730000 0.720000 1.210000
v 0.730000 0.650000 1.140000
v 0.730000 0.720000 1.140000
v 0.790000 0.650000 1.210000
v 0.790000 0.720000 1.210000
v 0.790000 0.650000 1.140000
v 0.790000 0.720000 1.140000
v 0.792000 1.200000 1.193000
v 0.792000 0.700000 1.193000
v 0.710000 0.700000 1.165000
v 0.810000 0.700000 1.165000
v 0.710000 0.682680 1.175000
v 0.810000 0.682680 1.175000
v 0.710000 0.682680 1.195000
v 0.810000 0.682680 1.195000
v 0.710000 0.700000 1.205000
v 0.810000 0.700000 1.205000
v 0.710000 0.717321 1.195000
v 0.810000 0.717321 1.195000
v 0.710000 0.717321 1.175000
v 0.810000 0.717321 1.175000
v 0.792000 0.700000 1.177000
v 0.792000 1.200000 1.177000
v 0.808000 0.700000 1.193000
v 0.808000 1.200000 1.193000
v 0.808000 0.700000 1.177000
v 0.808000 1.200000 1.177000
v 0.712000 1.200000 1.193000
v 0.712000 0.700000 1.193000
v 0.712000 0.700000 1.177000
v 0.712000 1.200000 1.177000
v 0.728000 0.700000 1.193000
v 0.728000 1.200000 1.193000
v 0.728000 0.700000 1.177000
v 0.728000 1.200000 1.177000
v 0.000000 0.550000 -1.360000
v 0.000000 0.650000 -1.360000
v 0.000000 0.550000 -1.200000
v 0.000000 0.650000 -1.200000
v 0.900000 0.550000 -1.360000
v 0.900000 0.650000 -1.360000
v 0.900000 0.550000 -1.200000
v 0.900000 0.650000 -1.200000
v 0.710000 0.446544 -1.090476
v 0.710000 0.521769 -1.113295
v 0.710000 0.600000 -1.121000
v 0.710000 0.678231 -1.113295
v 0.710000 0.753456 -1.090476
v 0.810000 0.448839 -1.084934
v 0.810000 0.522939 -1.107412
v 0.810000 0.600000 -1.115002
v 0.810000 0.677061 -1.107412
v 0.810000 0.751161 -1.084934
v 0.710000 0.446544 -1.130476
v 0.810000 0.448839 -1.130934
v 0.810000 0.522939 -1.153412
v 0.710000 0.521769 -1.153295
v 0.810000 0.600000 -1.161002
v 0.710000 0.600000 -1.161000
v 0.810000 0.677061 -1.153412
v 0.710000 0.678231 -1.153295
v 0.810000 0.751161 -1.130934
v 0.710000 0.753456 -1.130476
v 0.720000 0.550000 -1.280000
v 0.720000 0.650000 -1.280000
v 0.720000 0.500000 -1.140000
v 0.720000 0.690000 -1.140000
v 0.800000 0.550000 -1.280000
v 0.800000 0.650000 -1.280000
v 0.800000 0.500000 -1.140000
v 0.800000 0.690000 -1.140000
v 0.730000 0.650000 -1.210000
v 0.730000 0.720000 -1.210000
v 0.730000 0.650000 -1.140000
v 0.730000 0.720000 -1.140000
v 0.790000 0.650000 -1.210000
v 0.790000 0.720000 -1.210000
v 0.790000 0.650000 -1.140000
v 0.790000 0.720000 -1.140000
v 0.792000 1.200000 -1.193000
v 0.792000 0.700000 -1.193000
v 0.710000 0.700000 -1.165000
v 0.810000 0.700000 -1.165000
v 0.710000 0.682680 -1.175000
v 0.810000 0.682680 -1.175000
v 0.710000 0.682680 -1.195000
v 0.810000 0.682680 -1.195000
v 0.710000 0.700000 -1.205000
v 0.810000 0.700000 -1.205000
v 0.710000 0.717321 -1.195000
v 0.810000 0.717321 -1.195000
v 0.710000 0.717321 -1.175000
v 0.810000 0.717321 -1.175000
v 0.792000 0.700000 -1.177000
v 0.792000 1.200000 -1.177000
v 0.808000 0.700000 -1.193000
v 0.808000 1.200000 -1.193000
v 0.808000 0.700000 -1.177000
v 0.808000 1.200000 -1.177000
v 0.712000 1.200000 -1.193000
v 0.712000 0.700000 -1.193000
v 0.712000 0.700000 -1.177000
v 0.712000 1.200000 -1.177000
v 0.728000 0.700000 -1.193000
v 0.728000 1.200000 -1.193000
v 0.728000 0.700000 -1.177000
v 0.728000 1.200000 -1.177000
v -0.900000 0.490000 0.820000
v -0.900000 0.510000 0.820000
v -0.900000 0.490000 -0.820000
v -0.900000 0.510000 -0.820000
v -0.980000 0.490000 0.820000
v -0.980000 0.510000 0.820000
v -0.980000 0.490000 -0.820000
v -0.980000 0.510000 -0.820000
v -1.068000 0.510000 -0.610000
v -1.050000 0.690000 -0.610000
v -0.910000 0.510000 -0.610000
v -0.910000 0.690000 -0.610000
v -1.068000 0.510000 -0.700000
v -1.050000 0.690000 -0.700000
v -0.910000 0.510000 -0.700000
v -0.910000 0.690000 -0.700000
v -1.030000 0.720000 -0.700000
v -1.030000 0.720000 -0.630000
v -1.019394 0.715607 -0.700000
v -1.019394 0.715607 -0.630000
v -1.015000 0.705000 -0.700000
v -1.015000 0.705000 -0.630000
v -1.019394 0.694393 -0.700000
v -1.019394 0.694393 -0.630000
v -1.030000 0.690000 -0.700000
v -1.030000 0.690000 -0.630000
v -1.040607 0.694393 -0.700000
v -1.040607 0.694393 -0.630000
v -1.045000 0.705000 -0.700000
v -1.045000 0.705000 -0.630000
v -1.040607 0.715607 -0.700000
v -1.040607 0.715607 -0.630000
v -1.049000 0.700000 -0.650000
v -1.056500 0.725000 -0.650000
v -1.049000 0.700000 -0.670000
v -1.056500 0.725000 -0.670000
v -1.031500 0.698000 -0.650000
v -1.030500 0.723000 -0.650000
v -1.031500 0.698000 -0.670000
v -1.030500 0.723000 -0.670000
v -1.057000 0.620000 -0.670000
v -1.057000 0.620000 -0.650000
v -1.067000 0.620000 -0.670000
v -1.067000 0.620000 -0.650000
v -1.020000 0.716000 -0.670000
v -1.020000 0.716000 -0.650000
v -1.030000 0.720000 -0.672000
v -1.019394 0.715607 -0.672000
v -1.015000 0.705000 -0.672000
v -1.019394 0.694393 -0.672000
v -1.030000 0.690000 -0.672000
v -1.040607 0.694393 -0.672000
v -1.045000 0.705000 -0.672000
v -1.040607 0.715607 -0.672000
v -1.030000 0.726580 -0.700000
v -1.014741 0.720259 -0.700000
v -1.014741 0.720259 -0.672000
v -1.008420 0.705000 -0.700000
v -1.008420 0.705000 -0.672000
v -1.014741 0.689741 -0.700000
v -1.014741 0.689741 -0.672000
v -1.030000 0.683420 -0.700000
v -1.030000 0.683420 -0.672000
v -1.045259 0.689741 -0.700000
v -1.045259 0.689741 -0.672000
v -1.051580 0.705000 -0.700000
v -1.051580 0.705000 -0.672000
v -1.045259 0.720259 -0.700000
v -1.045259 0.720259 -0.672000
v -1.030000 0.726580 -0.672000
v -1.040998 0.688175 -0.611709
v -1.043002 0.688288 -0.611821
v -1.043002 0.687500 -0.700000
v -1.040998 0.687500 -0.700000
v -1.059098 0.510000 -0.610000
v -1.061102 0.510000 -0.610000
v -1.043002 0.690000 -0.610000
v -1.040998 0.690000 -0.610000
v -1.043002 0.690000 -0.700000
v -1.040998 0.690000 -0.700000
v -1.059098 0.510000 -0.700000
v -1.061102 0.510000 -0.700000
v -1.061102 0.512500 -0.700000
v -1.059098 0.512500 -0.700000
v -1.059098 0.511712 -0.611821
v -1.061102 0.511825 -0.611709
v -1.068000 0.510000 -0.790000
v -1.050000 0.690000 -0.790000
v -0.910000 0.510000 -0.790000
v -0.910000 0.690000 -0.790000
v -1.030000 0.720000 -0.770000
v -1.019394 0.715607 -0.770000
v -1.015000 0.705000 -0.770000
v -1.019394 0.694393 -0.770000
v -1.030000 0.690000 -0.770000
v -1.040607 0.694393 -0.770000
v -1.045000 0.705000 -0.770000
v -1.040607 0.715607 -0.770000
v -1.049000 0.700000 -0.750000
v -1.056500 0.725000 -0.750000
v -1.049000 0.700000 -0.730000
v -1.056500 0.725000 -0.730000
v -1.031500 0.698000 -0.750000
v -1.030500 0.723000 -0.750000
v -1.031500 0.698000 -0.730000
v -1.030500 0.723000 -0.730000
v -1.057000 0.620000 -0.730000
v -1.057000 0.620000 -0.750000
v -1.067000 0.620000 -0.730000
v -1.067000 0.620000 -0.750000
v -1.020000 0.716000 -0.730000
v -1.020000 0.716000 -0.750000
v -1.030000 0.720000 -0.728000
v -1.019394 0.715607 -0.728000
v -1.015000 0.705000 -0.728000
v -1.019394 0.694393 -0.728000
v -1.030000 0.690000 -0.728000
v -1.040607 0.694393 -0.728000
v -1.045000 0.705000 -0.728000
v -1.040607 0.715607 -0.728000
v -1.014741 0.720259 -0.728000
v -1.008420 0.705000 -0.728000
v -1.014741 0.689741 -0.728000
v -1.030000 0.683420 -0.728000
v -1.045259 0.689741 -0.728000
v -1.051580 0.705000 -0.728000
v -1.045259 0.720259 -0.728000
v -1.030000 0.726580 -0.728000
v -1.040998 0.688175 -0.788291
v -1.043002 0.688288 -0.788178
v -1.059098 0.510000 -0.790000
v -1.061102 0.510000 -0.790000
v -1.043002 0.690000 -0.790000
v -1.040998 0.690000 -0.790000
v -1.059098 0.511712 -0.788178
v -1.061102 0.511825 -0.788291
v -1.068000 0.510000 0.790000
v -1.050000 0.690000 0.790000
v -0.910000 0.510000 0.790000
v -0.910000 0.690000 0.790000
v -1.068000 0.510000 0.700000
v -1.050000 0.690000 0.700000
v -0.910000 0.510000 0.700000
v -0.910000 0.690000 0.700000
v -1.030000 0.720000 0.700000
v -1.030000 0.720000 0.770000
v -1.019394 0.715607 0.700000
v -1.019394 0.715607 0.770000
v -1.015000 0.705000 0.700000
v -1.015000 0.705000 0.770000
v -1.019394 0.694393 0.700000
v -1.019394 0.694393 0.770000
v -1.030000 0.690000 0.700000
v -1.030000 0.690000 0.770000
v -1.040607 0.694393 0.700000
v -1.040607 0.694393 0.770000
v -1.045000 0.705000 0.700000
v -1.045000 0.705000 0.770000
v -1.040607 0.715607 0.700000
v -1.040607 0.715607 0.770000
v -1.049000 0.700000 0.750000
v -1.056500 0.725000 0.750000
v -1.049000 0.700000 0.730000
v -1.056500 0.725000 0.730000
v -1.031500 0.698000 0.750000
v -1.030500 0.723000 0.750000
v -1.031500 0.698000 0.730000
v -1.030500 0.723000 0.730000
v -1.057000 0.620000 0.730000
v -1.057000 0.620000 0.750000
v -1.067000 0.620000 0.730000
v -1.067000 0.620000 0.750000
v -1.020000 0.716000 0.730000
v -1.020000 0.716000 0.750000
v -1.030000 0.720000 0.728000
v -1.019394 0.715607 0.728000
v -1.015000 0.705000 0.728000
v -1.019394 0.694393 0.728000
v -1.030000 0.690000 0.728000
v -1.040607 0.694393 0.728000
v -1.045000 0.705000 0.728000
v -1.040607 0.715607 0.728000
v -1.030000 0.726580 0.700000
v -1.014741 0.720259 0.700000
v -1.014741 0.720259 0.728000
v -1.008420 0.705000 0.700000
v -1.008420 0.705000 0.728000
v -1.014741 0.689741 0.700000
v -1.014741 0.689741 0.728000
v -1.030000 0.683420 0.700000
v -1.030000 0.683420 0.728000
v -1.045259 0.689741 0.700000
v -1.045259 0.689741 0.728000
v -1.051580 0.705000 0.700000
v -1.051580 0.705000 0.728000
v -1.045259 0.720259 0.700000
v -1.045259 0.720259 0.728000
v -1.030000 0.726580 0.728000
v -1.040998 0.688175 0.788291
v -1.043002 0.688288 0.788179
v -1.043002 0.687500 0.700000
v -1.040998 0.687500 0.700000
v -1.059098 0.510000 0.790000
v -1.061102 0.510000 0.790000
v -1.043002 0.690000 0.790000
v -1.040998 0.690000 0.790000
v -1.043002 0.690000 0.700000
v -1.040998 0.690000 0.700000
v -1.059098 0.510000 0.700000
v -1.061102 0.510000 0.700000
v -1.061102 0.512500 0.700000
v -1.059098 0.512500 0.700000
v -1.059098 0.511712 0.788179
v -1.061102 0.511825 0.788291
v -1.068000 0.510000 0.610000
v -1.050000 0.690000 0.610000
v -0.910000 0.510000 0.610000
v -0.910000 0.690000 0.610000
v -1.030000 0.720000 0.630000
v -1.019394 0.715607 0.630000
v -1.015000 0.705000 0.630000
v -1.019394 0.694393 0.630000
v -1.030000 0.690000 0.630000
v -1.040607 0.694393 0.630000
v -1.045000 0.705000 0.630000
v -1.040607 0.715607 0.630000
v -1.049000 0.700000 0.650000
v -1.056500 0.725000 0.650000
v -1.049000 0.700000 0.670000
v -1.056500 0.725000 0.670000
v -1.031500 0.698000 0.650000
v -1.030500 0.723000 0.650000
v -1.031500 0.698000 0.670000
v -1.030500 0.723000 0.670000
v -1.057000 0.620000 0.670000
v -1.057000 0.620000 0.650000
v -1.067000 0.620000 0.670000
v -1.067000 0.620000 0.650000
v -1.020000 0.716000 0.670000
v -1.020000 0.716000 0.650000
v -1.030000 0.720000 0.672000
v -1.019394 0.715607 0.672000
v -1.015000 0.705000 0.672000
v -1.019394 0.694393 0.672000
v -1.030000 0.690000 0.672000
v -1.040607 0.694393 0.672000
v -1.045000 0.705000 0.672000
v -1.040607 0.715607 0.672000
v -1.014741 0.720259 0.672000
v -1.008420 0.705000 0.672000
v -1.014741 0.689741 0.672000
v -1.030000 0.683420 0.672000
v -1.045259 0.689741 0.672000
v -1.051580 0.705000 0.672000
v -1.045259 0.720259 0.672000
v -1.030000 0.726580 0.672000
v -1.040998 0.688175 0.611709
v -1.043002 0.688288 0.611822
v -1.059098 0.510000 0.610000
v -1.061102 0.510000 0.610000
v -1.043002 0.690000 0.610000
v -1.040998 0.690000 0.610000
v -1.059098 0.511712 0.611822
v -1.061102 0.511825 0.611709
v -0.900000 0.690000 0.820000
v -0.900000 0.710000 0.820000
v -0.900000 0.690000 -0.820000
v -0.900000 0.710000 -0.820000
v -0.980000 0.690000 0.820000
v -0.980000 0.710000 0.820000
v -0.980000 0.690000 -0.820000
v -0.980000 0.710000 -0.820000
v -0.900000 0.690000 -0.580000
v -0.900000 0.890000 -0.200000
v -0.900000 0.890000 0.200001
v -0.900000 0.690000 0.580000
v -0.900000 0.710000 0.580000
v -0.900000 0.910000 0.200000
v -0.900000 0.910000 -0.200000
v -0.900000 0.710000 -0.580000
v -0.980000 0.690000 0.580000
v -0.980000 0.890000 0.200000
v -0.980000 0.890000 -0.200000
v -0.980000 0.690000 -0.580000
v -0.980000 0.710000 -0.580000
v -0.980000 0.910000 -0.200000
v -0.980000 0.910000 0.200001
v -0.980000 0.710000 0.580000
v -0.900000 0.520000 -0.200000
v -0.900000 0.540000 -0.200000
v -0.900000 0.670000 -0.580000
v -0.900000 0.690000 -0.580000
v -0.980000 0.520000 -0.200000
v -0.980000 0.540000 -0.200000
v -0.980000 0.670000 -0.580000
v -0.980000 0.690000 -0.580000
v -0.900000 0.690000 -0.610000
v -0.900000 0.670000 -0.610000
v -0.980000 0.670000 -0.610000
v -0.980000 0.690000 -0.610000
v -0.900000 0.520000 -0.150000
v -0.900000 0.540000 -0.150000
v -0.980000 0.540000 -0.150000
v -0.980000 0.520000 -0.150000
v -0.900000 0.520000 0.200000
v -0.900000 0.540000 0.200000
v -0.900000 0.670000 0.580001
v -0.900000 0.690000 0.580001
v -0.980000 0.520000 0.200000
v -0.980000 0.540000 0.200000
v -0.980000 0.670000 0.580001
v -0.980000 0.690000 0.580001
v -0.900000 0.690000 0.610000
v -0.900000 0.670000 0.610000
v -0.980000 0.670000 0.610000
v -0.980000 0.690000 0.610000
v -0.900000 0.520000 0.150000
v -0.900000 0.540000 0.150000
v -0.980000 0.540000 0.150000
v -0.980000 0.520000 0.150000
v -0.940000 0.480000 -0.190000
v -0.940000 0.920000 -0.190000
v -0.948660 0.480000 -0.185000
v -0.948660 0.920000 -0.185000
v -0.948660 0.480000 -0.175000
v -0.948660 0.920000 -0.175000
v -0.940000 0.480000 -0.170000
v -0.940000 0.920000 -0.170000
v -0.931340 0.480000 -0.175000
v -0.931340 0.920000 -0.175000
v -0.931340 0.480000 -0.185000
v -0.931340 0.920000 -0.185000
v -0.940000 0.480000 0.170000
v -0.940000 0.920000 0.170000
v -0.948660 0.480000 0.175000
v -0.948660 0.920000 0.175000
v -0.948660 0.480000 0.185000
v -0.948660 0.920000 0.185000
v -0.940000 0.480000 0.190000
v -0.940000 0.920000 0.190000
v -0.931340 0.480000 0.185000
v -0.931340 0.920000 0.185000
v -0.931340 0.480000 0.175000
v -0.931340 0.920000 0.175000
v -0.940000 0.480000 0.590000
v -0.940000 0.720000 0.590000
v -0.948660 0.480000 0.595000
v -0.948660 0.720000 0.595000
v -0.948660 0.480000 0.605000
v -0.948660 0.720000 0.605000
v -0.940000 0.480000 0.610000
v -0.940000 0.720000 0.610000
v -0.931340 0.480000 0.605000
v -0.931340 0.720000 0.605000
v -0.931340 0.480000 0.595000
v -0.931340 0.720000 0.595000
v -0.940000 0.480000 0.790000
v -0.940000 0.720000 0.790000
v -0.948660 0.480000 0.795000
v -0.948660 0.720000 0.795000
v -0.948660 0.480000 0.805000
v -0.948660 0.720000 0.805000
v -0.940000 0.480000 0.810000
v -0.940000 0.720000 0.810000
v -0.931340 0.480000 0.805000
v -0.931340 0.720000 0.805000
v -0.931340 0.480000 0.795000
v -0.931340 0.720000 0.795000
v -0.940000 0.480000 -0.810000
v -0.940000 0.720000 -0.810000
v -0.948660 0.480000 -0.805000
v -0.948660 0.720000 -0.805000
v -0.948660 0.480000 -0.795000
v -0.948660 0.720000 -0.795000
v -0.940000 0.480000 -0.790000
v -0.940000 0.720000 -0.790000
v -0.931340 0.480000 -0.795000
v -0.931340 0.720000 -0.795000
v -0.931340 0.480000 -0.805000
v -0.931340 0.720000 -0.805000
v -0.940000 0.480000 -0.610000
v -0.940000 0.720000 -0.610000
v -0.948660 0.480000 -0.605000
v -0.948660 0.720000 -0.605000
v -0.948660 0.480000 -0.595000
v -0.948660 0.720000 -0.595000
v -0.940000 0.480000 -0.590000
v -0.940000 0.720000 -0.590000
v -0.931340 0.480000 -0.595000
v -0.931340 0.720000 -0.595000
v -0.931340 0.480000 -0.605000
v -0.931340 0.720000 -0.605000
v -0.900000 0.520000 -0.140000
v -0.900000 0.540000 -0.140000
v -0.980000 0.520000 -0.140000
v -0.980000 0.540000 -0.140000
v -0.900000 0.520000 0.140000
v -0.900000 0.540000 0.140000
v -0.980000 0.540000 0.140000
v -0.980000 0.520000 0.140000
v -0.980000 0.800000 -0.120000
v -0.980000 0.880000 -0.120000
v -0.980000 0.880000 0.120000
v -0.980000 0.800000 0.120000
v -0.900000 0.540000 0.120000
v -0.900000 0.890000 0.120000
v -0.980000 0.540000 0.120000
v -0.980000 0.890000 0.120000
v -0.900000 0.540000 0.170000
v -0.900000 0.890000 0.170000
v -0.980000 0.890000 0.170000
v -0.980000 0.540000 0.170000
v -0.900000 0.540000 -0.170000
v -0.900000 0.890000 -0.170000
v -0.980000 0.540000 -0.170000
v -0.980000 0.890000 -0.170000
v -0.900000 0.540000 -0.120000
v -0.900000 0.890000 -0.120000
v -0.980000 0.890000 -0.120000
v -0.980000 0.540000 -0.120000
v -0.940000 0.600000 0.100000
v -0.740000 0.700000 0.100000
v -0.940000 0.600000 0.010000
v -0.740000 0.700000 0.010000
v -1.140000 0.700000 0.100000
v -0.940000 0.800000 0.100000
v -1.140000 0.700000 0.010000
v -0.940000 0.800000 0.010000
v -0.740000 0.700000 -0.010000
v -0.940000 0.600000 -0.010000
v -1.140000 0.720000 -0.110000
v -1.140000 0.720000 0.110000
v -1.154142 0.714142 -0.110000
v -1.154142 0.714142 0.110000
v -1.160000 0.700000 -0.110000
v -1.160000 0.700000 0.110000
v -1.154142 0.685858 -0.110000
v -1.154142 0.685858 0.110000
v -1.140000 0.680000 -0.110000
v -1.140000 0.680000 0.110000
v -1.125858 0.685858 -0.110000
v -1.125858 0.685858 0.110000
v -1.120000 0.700000 -0.110000
v -1.120000 0.700000 0.110000
v -1.125858 0.714142 -0.110000
v -1.125858 0.714142 0.110000
v -0.940000 0.600000 -0.100000
v -0.740000 0.700000 -0.100000
v -1.140000 0.700000 -0.010000
v -0.940000 0.800000 -0.010000
v -1.140000 0.700000 -0.100000
v -0.940000 0.800000 -0.100000
v -0.890000 0.540000 -0.120000
v -0.890000 0.620000 -0.120000
v -0.990000 0.540000 -0.120000
v -0.990000 0.620000 -0.120000
v -0.890000 0.540000 0.120000
v -0.890000 0.620000 0.120000
v -0.990000 0.620000 0.120000
v -0.990000 0.540000 0.120000
v -0.065000 0.790000 -0.112583
v -0.065000 1.200000 -0.112583
v -0.112583 0.790000 -0.065000
v -0.112583 1.200000 -0.065000
v -0.130000 0.790000 0.000000
v -0.130000 1.200000 0.000000
v -0.112583 0.790000 0.065000
v -0.112583 1.200000 0.065000
v -0.065000 0.790000 0.112583
v -0.065000 1.200000 0.112583
v -0.900000 0.550000 1.360000
v -0.900000 0.650000 1.360000
v -0.900000 0.550000 1.200000
v -0.900000 0.650000 1.200000
v -0.710000 0.446544 1.090476
v -0.710000 0.521769 1.113295
v -0.710000 0.600000 1.121000
v -0.710000 0.678231 1.113295
v -0.710000 0.753456 1.090476
v -0.810000 0.448839 1.084934
v -0.810000 0.522939 1.107412
v -0.810000 0.600000 1.115002
v -0.810000 0.677061 1.107412
v -0.810000 0.751161 1.084934
v -0.710000 0.446544 1.130476
v -0.810000 0.448839 1.130934
v -0.810000 0.522939 1.153412
v -0.710000 0.521769 1.153295
v -0.810000 0.600000 1.161002
v -0.710000 0.600000 1.161000
v -0.810000 0.677061 1.153412
v -0.710000 0.678231 1.153295
v -0.810000 0.751161 1.130934
v -0.710000 0.753456 1.130476
v -0.720000 0.550000 1.280000
v -0.720000 0.650000 1.280000
v -0.720000 0.500000 1.140000
v -0.720000 0.690000 1.140000
v -0.800000 0.550000 1.280000
v -0.800000 0.650000 1.280000
v -0.800000 0.500000 1.140000
v -0.800000 0.690000 1.140000
v -0.730000 0.650000 1.210000
v -0.730000 0.720000 1.210000
v -0.730000 0.650000 1.140000
v -0.730000 0.720000 1.140000
v -0.790000 0.650000 1.210000
v -0.790000 0.720000 1.210000
v -0.790000 0.650000 1.140000
v -0.790000 0.720000 1.140000
v -0.792000 1.200000 1.193000
v -0.792000 0.700000 1.193000
v -0.710000 0.700000 1.165000
v -0.810000 0.700000 1.165000
v -0.710000 0.682680 1.175000
v -0.810000 0.682680 1.175000
v -0.710000 0.682680 1.195000
v -0.810000 0.682680 1.195000
v -0.710000 0.700000 1.205000
v -0.810000 0.700000 1.205000
v -0.710000 0.717321 1.195000
v -0.810000 0.717321 1.195000
v -0.710000 0.717321 1.175000
v -0.810000 0.717321 1.175000
v -0.792000 0.700000 1.177000
v -0.792000 1.200000 1.177000
v -0.808000 0.700000 1.193000
v -0.808000 1.200000 1.193000
v -0.808000 0.700000 1.177000
v -0.808000 1.200000 1.177000
v -0.712000 1.200000 1.193000
v -0.712000 0.700000 1.193000
v -0.712000 0.700000 1.177000
v -0.712000 1.200000 1.177000
v -0.728000 0.700000 1.193000
v -0.728000 1.200000 1.193000
v -0.728000 0.700000 1.177000
v -0.728000 1.200000 1.177000
v -0.900000 0.550000 -1.360000
v -0.900000 0.650000 -1.360000
v -0.900000 0.550000 -1.200000
v -0.900000 0.650000 -1.200000
v -0.710000 0.446544 -1.090476
v -0.710000 0.521769 -1.113295
v -0.710000 0.600000 -1.121000
v -0.710000 0.678231 -1.113295
v -0.710000 0.753456 -1.090476
v -0.810000 0.448839 -1.084934
v -0.810000 0.522939 -1.107412
v -0.810000 0.600000 -1.115002
v -0.810000 0.677061 -1.107412
v -0.810000 0.751161 -1.084934
v -0.710000 0.446544 -1.130476
v -0.810000 0.448839 -1.130934
v -0.810000 0.522939 -1.153412
v -0.710000 0.521769 -1.153295
v -0.810000 0.600000 -1.161002
v -0.710000 0.600000 -1.161000
v -0.810000 0.677061 -1.153412
v -0.710000 0.678231 -1.153295
v -0.810000 0.751161 -1.130934
v -0.710000 0.753456 -1.130476
v -0.720000 0.550000 -1.280000
v -0.720000 0.650000 -1.280000
v -0.720000 0.500000 -1.140000
v -0.720000 0.690000 -1.140000
v -0.800000 0.550000 -1.280000
v -0.800000 0.650000 -1.280000
v -0.800000 0.500000 -1.140000
v -0.800000 0.690000 -1.140000
v -0.730000 0.650000 -1.210000
v -0.730000 0.720000 -1.210000
v -0.730000 0.650000 -1.140000
v -0.730000 0.720000 -1.140000
v -0.790000 0.650000 -1.210000
v -0.790000 0.720000 -1.210000
v -0.790000 0.650000 -1.140000
v -0.790000 0.720000 -1.140000
v -0.792000 1.200000 -1.193000
v -0.792000 0.700000 -1.193000
v -0.710000 0.700000 -1.165000
v -0.810000 0.700000 -1.165000
v -0.710000 0.682680 -1.175000
v -0.810000 0.682680 -1.175000
v -0.710000 0.682680 -1.195000
v -0.810000 0.682680 -1.195000
v -0.710000 0.700000 -1.205000
v -0.810000 0.700000 -1.205000
v -0.710000 0.717321 -1.195000
v -0.810000 0.717321 -1.195000
v -0.710000 0.717321 -1.175000
v -0.810000 0.717321 -1.175000
v -0.792000 0.700000 -1.177000
v -0.792000 1.200000 -1.177000
v -0.808000 0.700000 -1.193000
v -0.808000 1.200000 -1.193000
v -0.808000 0.700000 -1.177000
v -0.808000 1.200000 -1.177000
v -0.712000 1.200000 -1.193000
v -0.712000 0.700000 -1.193000
v -0.712000 0.700000 -1.177000
v -0.712000 1.200000 -1.177000
v -0.728000 0.700000 -1.193000
v -0.728000 1.200000 -1.193000
v -0.728000 0.700000 -1.177000
v -0.728000 1.200000 -1.177000
vn -1.0000 -0.0000 -0.0000
vn -0.0000 -0.0000 -1.0000
vn 1.0000 -0.0000 -0.0000
vn -0.0000 -0.0000 1.0000
vn -0.0000 -1.0000 -0.0000
vn -0.0000 1.0000 -0.0000
vn 0.9950 0.0995 -0.0000
vn -0.3827 0.9239 -0.0000
vn -0.9239 0.3827 -0.0000
vn -0.9239 -0.3827 -0.0000
vn -0.3827 -0.9239 -0.0000
vn 0.3827 -0.9239 -0.0000
vn 0.9239 -0.3827 -0.0000
vn 0.9239 0.3827 -0.0000
vn 0.3827 0.9239 -0.0000
vn 0.1135 -0.9935 -0.0000
vn -0.9950 -0.0995 -0.0000
vn -0.0767 0.9971 -0.0000
vn -0.5547 0.8320 -0.0000
vn -0.0000 1.0000 -0.0089
vn 0.9894 0.0995 -0.1062
vn -0.0000 -1.0000 -0.0089
vn -0.0558 -0.0051 0.9984
vn -0.9894 -0.0995 -0.1062
vn -0.0000 1.0000 0.0089
vn 0.9903 0.1015 -0.0953
vn -0.0000 -1.0000 0.0089
vn 0.0558 0.0051 -0.9984
vn -0.9902 -0.1015 -0.0955
vn -0.0000 0.8849 -0.4657
vn -0.0000 0.8849 0.4657
vn -0.0000 -0.8849 0.4657
vn -0.0000 -0.8849 -0.4657
vn -0.0000 -0.9302 -0.3672
vn -0.0000 0.9302 0.3672
vn -0.0000 -0.9302 0.3672
vn -0.0000 0.9302 -0.3672
vn 0.5000 -0.0000 -0.8660
vn 0.5000 -0.0000 0.8660
vn -0.5000 -0.0000 0.8660
vn -0.5000 -0.0000 -0.8660
vn -0.4472 -0.8944 -0.0000
vn 0.4472 0.8944 -0.0000
vn 0.4472 -0.8944 -0.0000
vn -0.4472 0.8944 -0.0000
vn 0.2588 -0.0000 -0.9659
vn 0.7071 -0.0000 -0.7071
vn 0.9659 -0.0000 -0.2588
vn 0.9659 -0.0000 0.2588
vn 0.7071 -0.0000 0.7071
vn 0.2588 -0.0000 0.9659
vn -0.0596 0.2898 -0.9552
vn -0.0596 0.0978 -0.9934
vn -0.0596 -0.0978 -0.9934
vn -0.0596 -0.2898 -0.9552
vn 0.0023 -0.2903 0.9569
vn -0.0000 -0.0980 0.9952
vn -0.0000 0.0980 0.9952
vn 0.0023 0.2903 0.9569
vn 0.0229 0.9997 -0.0000
vn 0.0229 -0.9997 -0.0000
vn -0.0000 -0.9417 0.3363
vn -0.0000 0.9615 0.2747
vn -0.0000 -0.5000 -0.8660
vn -0.0000 -0.5000 0.8660
vn -0.0000 0.5000 0.8660
vn -0.0000 0.5000 -0.8660
vn -0.0596 0.2898 0.9552
vn -0.0596 0.0978 0.9934
vn -0.0596 -0.0978 0.9934
vn -0.0596 -0.2898 0.9552
vn 0.0023 -0.2903 -0.9569
vn -0.0000 -0.0980 -0.9952
vn -0.0000 0.0980 -0.9952
vn 0.0023 0.2903 -0.9569
vn 0.0230 0.9997 -0.0000
vn -0.0000 -0.9417 -0.3363
vn -0.0000 0.9615 -0.2747
vn -0.9950 0.0995 -0.0000
vn -0.1135 -0.9935 -0.0000
vn 0.9950 -0.0995 -0.0000
vn 0.0767 0.9971 -0.0000
vn 0.5547 0.8320 -0.0000
vn -0.9903 0.1015 0.0953
vn -0.0558 0.0051 0.9984
vn 0.9902 -0.1015 0.0955
vn -0.9894 0.0995 0.1062
vn 0.0558 -0.0051 -0.9984
vn 0.9894 -0.0995 0.1062
vn -0.2588 -0.0000 -0.9659
vn -0.7071 -0.0000 -0.7071
vn -0.9659 -0.0000 -0.2588
vn -0.9659 -0.0000 0.2588
vn -0.7071 -0.0000 0.7071
vn -0.2588 -0.0000 0.9659
vn 0.0596 0.2898 -0.9552
vn 0.0596 0.0978 -0.9934
vn 0.0596 -0.0978 -0.9934
vn 0.0596 -0.2898 -0.9552
vn -0.0023 -0.2903 0.9569
vn -0.0023 0.2903 0.9569
vn -0.0230 0.9997 -0.0000
vn -0.0229 -0.9997 -0.0000
vn 0.0596 0.2898 0.9552
vn 0.0596 0.0978 0.9934
vn 0.0596 -0.0978 0.9934
vn 0.0596 -0.2898 0.9552
vn -0.0023 -0.2903 -0.9569
vn -0.0023 0.2903 -0.9569
vn -0.0229 0.9997 -0.0000
vn -0.5547 0.8321 -0.0000
vn -0.0565 0.9984 -0.0076
vn 0.9903 0.1015 0.0953
vn 0.0565 -0.9984 -0.0076
vn 0.0558 0.0051 0.9984
vn -0.9902 -0.1015 0.0955
vn -0.0565 0.9984 0.0076
vn 0.9894 0.0995 0.1062
vn 0.0565 -0.9984 0.0076
vn -0.0558 -0.0051 -0.9984
vn -0.9894 -0.0995 0.1062
vn 0.5547 0.8321 -0.0000
vn 0.0565 0.9984 -0.0076
vn -0.9894 0.0995 -0.1062
vn -0.0565 -0.9984 -0.0076
vn 0.0558 -0.0051 0.9984
vn 0.9894 -0.0995 -0.1062
vn 0.0565 0.9984 0.0076
vn -0.9903 0.1015 -0.0953
vn -0.0565 -0.9984 0.0076
vn -0.0558 0.0051 -0.9984
vn 0.9902 -0.1015 -0.0955
vt 0.625000 0.000000
vt 0.375000 0.250000
vt 0.375000 0.000000
vt 0.625000 0.250000
vt 0.375000 0.500000
vt 0.625000 0.500000
vt 0.375000 0.750000
vt 0.625000 0.750000
vt 0.375000 1.000000
vt 0.125000 0.750000
vt 0.125000 0.500000
vt 0.875000 0.500000
vt 0.625000 0.625000
vt 0.375000 0.625000
vt 0.864065 0.750000
vt 0.875000 0.625000
vt 0.864065 0.625000
vt 0.375000 0.989085
vt 0.625000 1.000000
vt 0.625000 0.989065
vt 0.860698 0.750000
vt 0.860698 0.625000
vt 0.375000 0.125000
vt 0.875000 0.675000
vt 1.000000 1.000000
vt 1.000000 0.675000
vt 0.750000 0.675000
vt 0.875000 1.000000
vt 0.625000 0.675000
vt 0.750000 1.000000
vt 0.500000 0.675000
vt 0.375000 0.675000
vt 0.500000 1.000000
vt 0.250000 0.675000
vt 0.250000 0.010000
vt 0.010000 0.250000
vt 0.250000 0.490000
vt 0.125000 0.675000
vt 0.250000 1.000000
vt 0.000000 0.675000
vt 0.125000 1.000000
vt 0.000000 0.000000
vt 0.000000 0.500000
vt 0.250000 0.500000
vt 0.500000 0.500000
vt 0.750000 0.500000
vt 1.000000 0.500000
vt 0.139085 0.750000
vt 0.139085 0.625000
vt 0.125000 0.625000
vt 0.135915 0.750000
vt 0.135915 0.625000
vt 0.375000 0.985915
vt 0.625000 0.985698
vt 0.490000 0.250000
vt 0.625000 0.200000
vt 0.375000 0.200000
vt 0.625000 0.700000
vt 0.375000 0.700000
vt 0.125000 0.700000
vt 0.875000 0.700000
vt 0.875000 0.550000
vt 0.625000 0.550000
vt 0.875000 0.600000
vt 0.625000 0.600000
vt 0.875000 0.650000
vt 0.625000 0.650000
vt 0.375000 0.550000
vt 0.125000 0.550000
vt 0.375000 0.600000
vt 0.125000 0.600000
vt 0.375000 0.650000
vt 0.125000 0.650000
vt 0.375000 0.050000
vt 0.625000 0.050000
vt 0.375000 0.100000
vt 0.625000 0.100000
vt 0.375000 0.150000
vt 0.875000 0.750000
vt 0.833333 0.500000
vt 0.833333 1.000000
vt 0.666667 0.500000
vt 0.666667 1.000000
vt 0.500000 0.500000
vt 0.500000 1.000000
vt 0.333333 0.500000
vt 0.042154 0.130000
vt 0.457846 0.130000
vt 0.333333 1.000000
vt 0.166667 0.500000
vt 0.166667 1.000000
vt -0.000000 0.500000
vt 0.957846 0.370000
vt 0.750000 0.010000
vt 0.542154 0.370000
vt 0.919706 0.080294
vt 0.580294 0.080294
vt 0.580294 0.419706
vt 0.916667 0.500000
vt 0.916667 1.000000
vt 0.833333 0.500000
vt 0.833333 1.000000
vt 0.750000 0.500000
vt 0.750000 1.000000
vt 0.666667 0.500000
vt 0.666667 1.000000
vt 0.583333 0.500000
vt 0.583333 1.000000
vt 0.500000 0.500000
vt 0.549308 0.151766
vt 0.520356 0.227125
vt 0.497806 0.189804
vt 0.578589 0.199528
vt 0.535570 0.268072
vt 0.597709 0.252172
vt 0.542597 0.311306
vt 0.607105 0.307408
vt 0.542048 0.355113
vt 0.605534 0.363392
vt 0.625000 0.150000
vt 0.919706 0.419706
vt 0.625000 0.125000
vt 0.419706 0.419706
vt 0.419706 0.080294
vt 0.080294 0.080294
vt 0.080294 0.419706
vt 0.000000 1.000000
vt 0.457846 0.370000
vt 0.042154 0.370000
vt -0.000000 1.000000
vt 0.750000 0.490000
vt 0.957846 0.130000
vt 0.542154 0.130000
vt 0.990000 0.250000
vt 0.510000 0.250000
vt 0.500000 1.000000
s 0
f 2086/1445/1229 2087/1446/1229 2085/1447/1229
f 2088/1448/1230 2091/1449/1230 2087/1446/1230
f 2092/1450/1231 2089/1451/1231 2091/1449/1231
f 2090/1452/1232 2085/1453/1232 2089/1451/1232
f 2091/1449/1233 2085/1454/1233 2087/1455/1233
f 2088/1456/1234 2090/1452/1234 2092/1450/1234
f 2095/1451/1229 2100/1457/1229 2099/1458/1229
f 2161/1459/1234 2098/1460/1234 2163/1461/1234
f 2160/1462/1232 2094/1463/1232 2161/1464/1232
f 2100/1457/1234 2162/1465/1234 2164/1466/1234
f 2097/1467/1235 2094/1445/1235 2093/1447/1235
f 2132/1468/1236 2102/1469/1236 2131/1470/1236
f 2133/1471/1237 2104/1472/1237 2132/1468/1237
f 2134/1473/1238 2106/1474/1238 2133/1471/1238
f 2135/1475/1239 2108/1463/1239 2134/1473/1239
f 2136/1476/1240 2110/1477/1240 2135/1475/1240
f 2137/1478/1241 2112/1453/1241 2136/1476/1241
f 2110/1479/1232 2114/1480/1232 2102/1481/1232
f 2138/1482/1242 2114/1483/1242 2137/1478/1242
f 2131/1484/1243 2116/1485/1243 2138/1482/1243
f 2119/1446/1230 2124/1450/1230 2120/1448/1230
f 2117/1453/1232 2122/1452/1232 2121/1451/1232
f 2117/1454/1244 2123/1449/1244 2119/1455/1244
f 2186/1446/1235 2194/1453/1235 2184/1453/1235
f 2125/1455/1245 2117/1454/1245 2119/1455/1245
f 2127/1455/1233 2126/1454/1233 2125/1455/1233
f 2117/1453/1232 2128/1453/1232 2118/1453/1232
f 2188/1452/1246 2186/1448/1246 2184/1463/1246
f 2127/1446/1230 2119/1446/1230 2120/1446/1230
f 2129/1450/1247 2122/1452/1247 2124/1450/1247
f 2123/1449/1230 2129/1450/1230 2124/1450/1230
f 2122/1452/1232 2130/1452/1232 2121/1451/1232
f 2137/1478/1232 2153/1482/1232 2138/1482/1232
f 2111/1486/1232 2146/1486/1232 2148/1486/1232
f 2138/1482/1232 2154/1484/1232 2131/1484/1232
f 2154/1470/1232 2132/1468/1232 2131/1470/1232
f 2113/1486/1232 2152/1486/1232 2115/1486/1232
f 2105/1486/1232 2140/1486/1232 2142/1486/1232
f 2141/1468/1232 2133/1471/1232 2132/1468/1232
f 2133/1471/1232 2145/1473/1232 2134/1473/1232
f 2139/1487/1243 2153/1482/1243 2152/1455/1243
f 2152/1455/1242 2151/1478/1242 2150/1488/1242
f 2150/1488/1241 2149/1476/1241 2148/1449/1241
f 2148/1449/1240 2147/1475/1240 2146/1489/1240
f 2146/1489/1239 2145/1473/1239 2144/1450/1239
f 2144/1450/1238 2143/1471/1238 2142/1490/1238
f 2142/1490/1237 2141/1468/1237 2140/1456/1237
f 2140/1456/1236 2154/1470/1236 2139/1491/1236
f 2105/1486/1232 2144/1486/1232 2107/1486/1232
f 2115/1486/1232 2139/1486/1232 2101/1486/1232
f 2149/1476/1232 2137/1478/1232 2136/1476/1232
f 2103/1486/1232 2139/1486/1232 2140/1486/1232
f 2147/1475/1232 2136/1476/1232 2135/1475/1232
f 2113/1486/1232 2148/1486/1232 2150/1486/1232
f 2134/1473/1232 2147/1475/1232 2135/1475/1232
f 2107/1486/1232 2146/1486/1232 2109/1486/1232
f 2158/1466/1248 2156/1459/1248 2157/1461/1248
f 2159/1492/1233 2099/1458/1233 2165/1493/1233
f 2097/1494/1233 2160/1495/1233 2166/1496/1233
f 2159/1497/1249 2155/1498/1249 2162/1498/1249
f 2163/1486/1230 2158/1486/1230 2164/1486/1230
f 2165/1486/1230 2167/1486/1230 2166/1486/1230
f 2095/1451/1232 2162/1498/1232 2096/1452/1232
f 2167/1496/1250 2169/1492/1250 2168/1493/1250
f 2156/1464/1251 2169/1497/1251 2170/1462/1251
f 2170/1495/1229 2166/1496/1229 2160/1495/1229
f 2165/1493/1231 2169/1492/1231 2159/1492/1231
f 2155/1465/1231 2164/1466/1231 2162/1465/1231
f 2163/1461/1229 2156/1459/1229 2161/1459/1229
f 2161/1464/1252 2170/1462/1252 2160/1462/1252
f 2100/1457/1229 2173/1451/1229 2099/1458/1229
f 2098/1460/1234 2217/1459/1234 2163/1461/1234
f 2216/1462/1230 2172/1463/1230 2171/1453/1230
f 2100/1457/1234 2218/1465/1234 2174/1452/1234
f 2172/1445/1235 2097/1467/1235 2171/1447/1235
f 2175/1469/1236 2198/1468/1236 2197/1470/1236
f 2176/1472/1237 2199/1471/1237 2198/1468/1237
f 2177/1474/1238 2200/1473/1238 2199/1471/1238
f 2178/1463/1239 2201/1475/1239 2200/1473/1239
f 2179/1477/1240 2202/1476/1240 2201/1475/1240
f 2180/1453/1241 2203/1478/1241 2202/1476/1241
f 2181/1480/1230 2179/1479/1230 2177/1499/1230
f 2181/1483/1242 2204/1482/1242 2203/1478/1242
f 2182/1485/1243 2197/1484/1243 2204/1482/1243
f 2185/1446/1232 2190/1450/1232 2189/1449/1232
f 2188/1452/1230 2183/1453/1230 2187/1451/1230
f 2189/1449/1244 2183/1454/1244 2185/1455/1244
f 2124/1450/1246 2118/1463/1246 2120/1448/1246
f 2183/1454/1245 2191/1455/1245 2185/1455/1245
f 2192/1454/1233 2193/1455/1233 2191/1455/1233
f 2183/1453/1230 2194/1453/1230 2192/1453/1230
f 2120/1446/1235 2128/1453/1235 2127/1446/1235
f 2185/1446/1232 2193/1446/1232 2186/1446/1232
f 2188/1452/1247 2195/1450/1247 2190/1450/1247
f 2189/1449/1232 2190/1450/1232 2195/1450/1232
f 2188/1452/1230 2187/1451/1230 2196/1452/1230
f 2203/1478/1230 2211/1482/1230 2210/1478/1230
f 2204/1482/1230 2212/1484/1230 2211/1482/1230
f 2198/1468/1230 2212/1470/1230 2197/1470/1230
f 2199/1471/1230 2205/1468/1230 2198/1468/1230
f 2199/1471/1230 2207/1473/1230 2206/1471/1230
f 2211/1482/1243 2139/1487/1243 2152/1455/1243
f 2210/1478/1242 2152/1455/1242 2150/1488/1242
f 2209/1476/1241 2150/1488/1241 2148/1449/1241
f 2208/1475/1240 2148/1449/1240 2146/1489/1240
f 2207/1473/1239 2146/1489/1239 2144/1450/1239
f 2206/1471/1238 2144/1450/1238 2142/1490/1238
f 2205/1468/1237 2142/1490/1237 2140/1456/1237
f 2212/1470/1236 2140/1456/1236 2139/1491/1236
f 2203/1478/1230 2209/1476/1230 2202/1476/1230
f 2202/1476/1230 2208/1475/1230 2201/1475/1230
f 2200/1473/1230 2208/1475/1230 2207/1473/1230
f 2214/1459/1253 2158/1466/1253 2157/1461/1253
f 2099/1458/1233 2215/1492/1233 2165/1493/1233
f 2097/1494/1233 2216/1495/1233 2171/1454/1233
f 2215/1497/1254 2213/1498/1254 2219/1497/1254
f 2173/1451/1230 2218/1498/1230 2215/1497/1230
f 2219/1492/1255 2167/1496/1255 2168/1493/1255
f 2214/1464/1256 2219/1497/1256 2213/1498/1256
f 2166/1496/1229 2220/1495/1229 2216/1495/1229
f 2165/1493/1231 2219/1492/1231 2168/1493/1231
f 2164/1466/1231 2213/1465/1231 2218/1465/1231
f 2163/1461/1229 2214/1459/1229 2157/1461/1229
f 2217/1464/1257 2220/1462/1257 2214/1464/1257
f 2223/1451/1229 2228/1457/1229 2227/1458/1229
f 2289/1459/1234 2226/1460/1234 2291/1461/1234
f 2288/1462/1232 2222/1463/1232 2289/1464/1232
f 2228/1457/1234 2290/1465/1234 2292/1466/1234
f 2225/1467/1235 2222/1445/1235 2221/1447/1235
f 2260/1468/1236 2230/1469/1236 2259/1470/1236
f 2261/1471/1237 2232/1472/1237 2260/1468/1237
f 2262/1473/1238 2234/1474/1238 2261/1471/1238
f 2263/1475/1239 2236/1463/1239 2262/1473/1239
f 2264/1476/1240 2238/1477/1240 2263/1475/1240
f 2265/1478/1241 2240/1453/1241 2264/1476/1241
f 2238/1479/1232 2242/1480/1232 2230/1481/1232
f 2266/1482/1242 2242/1483/1242 2265/1478/1242
f 2259/1484/1243 2244/1485/1243 2266/1482/1243
f 2247/1446/1230 2252/1450/1230 2248/1448/1230
f 2245/1453/1232 2250/1452/1232 2249/1451/1232
f 2245/1454/1244 2251/1449/1244 2247/1455/1244
f 2314/1446/1235 2322/1453/1235 2312/1453/1235
f 2253/1455/1245 2245/1454/1245 2247/1455/1245
f 2255/1455/1233 2254/1454/1233 2253/1455/1233
f 2245/1453/1232 2256/1453/1232 2246/1453/1232
f 2316/1452/1246 2314/1448/1246 2312/1463/1246
f 2255/1446/1230 2247/1446/1230 2248/1446/1230
f 2257/1450/1247 2250/1452/1247 2252/1450/1247
f 2251/1449/1230 2257/1450/1230 2252/1450/1230
f 2250/1452/1232 2258/1452/1232 2249/1451/1232
f 2265/1478/1232 2281/1482/1232 2266/1482/1232
f 2239/1486/1232 2274/1486/1232 2276/1486/1232
f 2266/1482/1232 2282/1484/1232 2259/1484/1232
f 2282/1470/1232 2260/1468/1232 2259/1470/1232
f 2241/1486/1232 2280/1486/1232 2243/1486/1232
f 2233/1486/1232 2268/1486/1232 2270/1486/1232
f 2269/1468/1232 2261/1471/1232 2260/1468/1232
f 2261/1471/1232 2273/1473/1232 2262/1473/1232
f 2267/1487/1243 2281/1482/1243 2280/1455/1243
f 2280/1455/1242 2279/1478/1242 2278/1488/1242
f 2278/1488/1241 2277/1476/1241 2276/1449/1241
f 2276/1449/1240 2275/1475/1240 2274/1489/1240
f 2274/1489/1239 2273/1473/1239 2272/1450/1239
f 2272/1450/1238 2271/1471/1238 2270/1490/1238
f 2270/1490/1237 2269/1468/1237 2268/1456/1237
f 2268/1456/1236 2282/1470/1236 2267/1491/1236
f 2233/1486/1232 2272/1486/1232 2235/1486/1232
f 2243/1486/1232 2267/1486/1232 2229/1486/1232
f 2277/1476/1232 2265/1478/1232 2264/1476/1232
f 2231/1486/1232 2267/1486/1232 2268/1486/1232
f 2275/1475/1232 2264/1476/1232 2263/1475/1232
f 2241/1486/1232 2276/1486/1232 2278/1486/1232
f 2262/1473/1232 2275/1475/1232 2263/1475/1232
f 2235/1486/1232 2274/1486/1232 2237/1486/1232
f 2286/1466/1248 2284/1459/1248 2285/1461/1248
f 2287/1492/1233 2227/1458/1233 2293/1493/1233
f 2225/1494/1233 2288/1495/1233 2294/1496/1233
f 2287/1497/1249 2283/1498/1249 2290/1498/1249
f 2291/1486/1230 2286/1486/1230 2292/1486/1230
f 2293/1486/1230 2295/1486/1230 2294/1486/1230
f 2223/1451/1232 2290/1498/1232 2224/1452/1232
f 2295/1496/1250 2297/1492/1250 2296/1493/1250
f 2284/1464/1251 2297/1497/1251 2298/1462/1251
f 2298/1495/1229 2294/1496/1229 2288/1495/1229
f 2293/1493/1231 2297/1492/1231 2287/1492/1231
f 2283/1465/1231 2292/1466/1231 2290/1465/1231
f 2291/1461/1229 2284/1459/1229 2289/1459/1229
f 2289/1464/1252 2298/1462/1252 2288/1462/1252
f 2228/1457/1229 2301/1451/1229 2227/1458/1229
f 2226/1460/1234 2345/1459/1234 2291/1461/1234
f 2344/1462/1230 2300/1463/1230 2299/1453/1230
f 2228/1457/1234 2346/1465/1234 2302/1452/1234
f 2300/1445/1235 2225/1467/1235 2299/1447/1235
f 2303/1469/1236 2326/1468/1236 2325/1470/1236
f 2304/1472/1237 2327/1471/1237 2326/1468/1237
f 2305/1474/1238 2328/1473/1238 2327/1471/1238
f 2306/1463/1239 2329/1475/1239 2328/1473/1239
f 2307/1477/1240 2330/1476/1240 2329/1475/1240
f 2308/1453/1241 2331/1478/1241 2330/1476/1241
f 2309/1480/1230 2307/1479/1230 2305/1499/1230
f 2309/1483/1242 2332/1482/1242 2331/1478/1242
f 2310/1485/1243 2325/1484/1243 2332/1482/1243
f 2313/1446/1232 2318/1450/1232 2317/1449/1232
f 2316/1452/1230 2311/1453/1230 2315/1451/1230
f 2317/1449/1244 2311/1454/1244 2313/1455/1244
f 2252/1450/1246 2246/1463/1246 2248/1448/1246
f 2311/1454/1245 2319/1455/1245 2313/1455/1245
f 2320/1454/1233 2321/1455/1233 2319/1455/1233
f 2311/1453/1230 2322/1453/1230 2320/1453/1230
f 2248/1446/1235 2256/1453/1235 2255/1446/1235
f 2313/1446/1232 2321/1446/1232 2314/1446/1232
f 2316/1452/1247 2323/1450/1247 2318/1450/1247
f 2317/1449/1232 2318/1450/1232 2323/1450/1232
f 2316/1452/1230 2315/1451/1230 2324/1452/1230
f 2331/1478/1230 2339/1482/1230 2338/1478/1230
f 2332/1482/1230 2340/1484/1230 2339/1482/1230
f 2326/1468/1230 2340/1470/1230 2325/1470/1230
f 2327/1471/1230 2333/1468/1230 2326/1468/1230
f 2327/1471/1230 2335/1473/1230 2334/1471/1230
f 2339/1482/1243 2267/1487/1243 2280/1455/1243
f 2338/1478/1242 2280/1455/1242 2278/1488/1242
f 2337/1476/1241 2278/1488/1241 2276/1449/1241
f 2336/1475/1240 2276/1449/1240 2274/1489/1240
f 2335/1473/1239 2274/1489/1239 2272/1450/1239
f 2334/1471/1238 2272/1450/1238 2270/1490/1238
f 2333/1468/1237 2270/1490/1237 2268/1456/1237
f 2340/1470/1236 2268/1456/1236 2267/1491/1236
f 2331/1478/1230 2337/1476/1230 2330/1476/1230
f 2330/1476/1230 2336/1475/1230 2329/1475/1230
f 2328/1473/1230 2336/1475/1230 2335/1473/1230
f 2342/1459/1253 2286/1466/1253 2285/1461/1253
f 2227/1458/1233 2343/1492/1233 2293/1493/1233
f 2225/1494/1233 2344/1495/1233 2299/1454/1233
f 2343/1497/1254 2341/1498/1254 2347/1497/1254
f 2301/1451/1230 2346/1498/1230 2343/1497/1230
f 2347/1492/1255 2295/1496/1255 2296/1493/1255
f 2342/1464/1256 2347/1497/1256 2341/1498/1256
f 2294/1496/1229 2348/1495/1229 2344/1495/1229
f 2293/1493/1231 2347/1492/1231 2296/1493/1231
f 2292/1466/1231 2341/1465/1231 2346/1465/1231
f 2291/1461/1229 2342/1459/1229 2285/1461/1229
f 2345/1464/1257 2348/1462/1257 2342/1464/1257
f 2364/1500/1229 2351/1446/1229 2357/1501/1229
f 2352/1448/1230 2355/1449/1230 2351/1446/1230
f 2372/1502/1231 2353/1451/1231 2365/1503/1231
f 2354/1452/1232 2349/1453/1232 2353/1451/1232
f 2365/1503/1233 2349/1454/1233 2360/1504/1233
f 2361/1505/1234 2354/1452/1234 2372/1502/1234
f 2356/1450/1234 2364/1506/1234 2369/1507/1234
f 2369/1507/1258 2363/1508/1258 2370/1509/1258
f 2370/1509/1234 2362/1510/1234 2371/1511/1234
f 2371/1511/1259 2361/1505/1259 2372/1502/1259
f 2351/1455/1233 2368/1512/1233 2357/1513/1233
f 2357/1513/1260 2367/1514/1260 2358/1515/1260
f 2358/1515/1233 2366/1516/1233 2359/1517/1233
f 2359/1517/1261 2365/1503/1261 2360/1504/1261
f 2356/1450/1231 2368/1512/1231 2355/1449/1231
f 2369/1507/1231 2367/1514/1231 2368/1512/1231
f 2370/1509/1231 2366/1516/1231 2367/1514/1231
f 2366/1516/1231 2372/1502/1231 2365/1503/1231
f 2350/1445/1229 2360/1518/1229 2349/1447/1229
f 2361/1519/1229 2359/1520/1229 2360/1518/1229
f 2362/1521/1229 2358/1522/1229 2359/1520/1229
f 2358/1522/1229 2364/1500/1229 2357/1501/1229
f 2374/1445/1229 2375/1446/1229 2373/1447/1229
f 2380/1450/1234 2381/1456/1234 2376/1456/1234
f 2379/1449/1231 2378/1452/1231 2377/1451/1231
f 2374/1523/1234 2387/1452/1234 2378/1452/1234
f 2379/1449/1262 2373/1454/1262 2375/1455/1262
f 2376/1456/1263 2378/1452/1263 2380/1450/1263
f 2387/1452/1232 2385/1453/1232 2388/1451/1232
f 2376/1448/1229 2382/1446/1229 2375/1446/1229
f 2379/1449/1231 2384/1450/1231 2380/1450/1231
f 2375/1455/1233 2383/1449/1233 2379/1449/1233
f 2378/1452/1231 2388/1451/1231 2377/1451/1231
f 2373/1447/1229 2386/1445/1229 2374/1445/1229
f 2377/1451/1233 2385/1454/1233 2373/1454/1233
f 2391/1446/1229 2390/1445/1229 2389/1447/1229
f 2397/1456/1234 2396/1450/1234 2392/1456/1234
f 2395/1449/1231 2394/1452/1231 2396/1450/1231
f 2403/1452/1234 2390/1523/1234 2394/1452/1234
f 2389/1454/1264 2395/1449/1264 2391/1455/1264
f 2394/1452/1265 2392/1456/1265 2396/1450/1265
f 2401/1453/1230 2403/1452/1230 2404/1451/1230
f 2398/1446/1229 2392/1448/1229 2391/1446/1229
f 2400/1450/1231 2395/1449/1231 2396/1450/1231
f 2399/1449/1233 2391/1455/1233 2395/1449/1233
f 2404/1451/1231 2394/1452/1231 2393/1451/1231
f 2402/1445/1229 2389/1447/1229 2390/1445/1229
f 2401/1454/1233 2393/1451/1233 2389/1454/1233
f 2406/1469/1266 2407/1524/1266 2405/1491/1266
f 2408/1525/1231 2409/1526/1231 2407/1524/1231
f 2410/1527/1267 2411/1528/1267 2409/1526/1267
f 2412/1529/1268 2413/1530/1268 2411/1528/1268
f 2406/1481/1234 2414/1531/1234 2410/1532/1234
f 2414/1533/1229 2415/1534/1229 2413/1530/1229
f 2416/1535/1269 2405/1536/1269 2415/1534/1269
f 2407/1537/1233 2411/1538/1233 2415/1539/1233
f 2418/1469/1266 2419/1524/1266 2417/1491/1266
f 2420/1525/1231 2421/1526/1231 2419/1524/1231
f 2422/1527/1267 2423/1528/1267 2421/1526/1267
f 2424/1529/1268 2425/1530/1268 2423/1528/1268
f 2418/1481/1234 2426/1531/1234 2422/1532/1234
f 2426/1533/1229 2427/1534/1229 2425/1530/1229
f 2428/1535/1269 2417/1536/1269 2427/1534/1269
f 2419/1537/1233 2423/1538/1233 2427/1539/1233
f 2430/1469/1266 2431/1524/1266 2429/1491/1266
f 2432/1525/1231 2433/1526/1231 2431/1524/1231
f 2434/1527/1267 2435/1528/1267 2433/1526/1267
f 2436/1529/1268 2437/1530/1268 2435/1528/1268
f 2430/1481/1234 2438/1531/1234 2434/1532/1234
f 2438/1533/1229 2439/1534/1229 2437/1530/1229
f 2440/1535/1269 2429/1536/1269 2439/1534/1269
f 2431/1537/1233 2435/1538/1233 2439/1539/1233
f 2442/1469/1266 2443/1524/1266 2441/1491/1266
f 2444/1525/1231 2445/1526/1231 2443/1524/1231
f 2446/1527/1267 2447/1528/1267 2445/1526/1267
f 2448/1529/1268 2449/1530/1268 2447/1528/1268
f 2442/1481/1234 2450/1531/1234 2446/1532/1234
f 2450/1533/1229 2451/1534/1229 2449/1530/1229
f 2452/1535/1269 2441/1536/1269 2451/1534/1269
f 2443/1537/1233 2447/1538/1233 2451/1539/1233
f 2454/1469/1266 2455/1524/1266 2453/1491/1266
f 2456/1525/1231 2457/1526/1231 2455/1524/1231
f 2458/1527/1267 2459/1528/1267 2457/1526/1267
f 2460/1529/1268 2461/1530/1268 2459/1528/1268
f 2454/1481/1234 2462/1531/1234 2458/1532/1234
f 2462/1533/1229 2463/1534/1229 2461/1530/1229
f 2464/1535/1269 2453/1536/1269 2463/1534/1269
f 2455/1537/1233 2459/1538/1233 2463/1539/1233
f 2466/1469/1266 2467/1524/1266 2465/1491/1266
f 2468/1525/1231 2469/1526/1231 2467/1524/1231
f 2470/1527/1267 2471/1528/1267 2469/1526/1267
f 2472/1529/1268 2473/1530/1268 2471/1528/1268
f 2466/1481/1234 2474/1531/1234 2470/1532/1234
f 2474/1533/1229 2475/1534/1229 2473/1530/1229
f 2476/1535/1269 2465/1536/1269 2475/1534/1269
f 2467/1537/1233 2471/1538/1233 2475/1539/1233
f 2478/1523/1234 2483/1452/1234 2480/1452/1234
f 2483/1452/1232 2481/1453/1232 2484/1451/1232
f 2480/1452/1231 2484/1451/1231 2479/1451/1231
f 2477/1447/1229 2482/1445/1229 2478/1445/1229
f 2479/1451/1233 2481/1454/1233 2477/1454/1233
f 2478/1523/1230 2479/1451/1230 2477/1454/1230
f 2486/1523/1234 2491/1452/1234 2488/1452/1234
f 2491/1452/1232 2489/1453/1232 2492/1451/1232
f 2488/1452/1231 2492/1451/1231 2487/1451/1231
f 2487/1451/1233 2489/1454/1233 2485/1454/1233
f 2486/1523/1230 2487/1451/1230 2485/1454/1230
f 2494/1523/1234 2499/1452/1234 2496/1452/1234
f 2499/1452/1232 2497/1453/1232 2500/1451/1232
f 2496/1452/1231 2500/1451/1231 2495/1451/1231
f 2493/1447/1229 2498/1445/1229 2494/1445/1229
f 2495/1451/1233 2497/1454/1233 2493/1454/1233
f 2494/1523/1230 2495/1451/1230 2493/1454/1230
f 2502/1523/1234 2507/1452/1234 2504/1452/1234
f 2507/1452/1232 2505/1453/1232 2508/1451/1232
f 2504/1452/1231 2508/1451/1231 2503/1451/1231
f 2501/1447/1229 2506/1445/1229 2502/1445/1229
f 2503/1451/1233 2505/1454/1233 2501/1454/1233
f 2502/1523/1230 2503/1451/1230 2501/1454/1230
f 2510/1445/1270 2511/1446/1270 2509/1447/1270
f 2511/1446/1230 2516/1450/1230 2515/1449/1230
f 2516/1450/1271 2513/1451/1271 2515/1449/1271
f 2514/1452/1232 2509/1453/1232 2513/1451/1232
f 2515/1449/1272 2509/1454/1272 2511/1455/1272
f 2512/1456/1273 2514/1452/1273 2516/1450/1273
f 2542/1523/1234 2547/1452/1234 2544/1452/1234
f 2520/1469/1243 2521/1456/1243 2519/1491/1243
f 2536/1456/1273 2538/1452/1273 2540/1450/1273
f 2522/1472/1242 2523/1490/1242 2521/1456/1242
f 2542/1523/1230 2543/1451/1230 2541/1454/1230
f 2539/1449/1272 2518/1454/1272 2535/1455/1272
f 2524/1474/1241 2525/1450/1241 2523/1490/1241
f 2543/1451/1233 2545/1454/1233 2541/1454/1233
f 2538/1452/1232 2518/1453/1232 2537/1451/1232
f 2526/1463/1240 2527/1489/1240 2525/1450/1240
f 2541/1447/1229 2546/1445/1229 2542/1445/1229
f 2540/1450/1271 2537/1451/1271 2539/1449/1271
f 2528/1477/1239 2529/1449/1239 2527/1489/1239
f 2544/1452/1231 2548/1451/1231 2543/1451/1231
f 2535/1446/1230 2540/1450/1230 2539/1449/1230
f 2530/1453/1238 2531/1488/1238 2529/1449/1238
f 2532/1480/1232 2528/1479/1232 2524/1499/1232
f 2517/1445/1270 2535/1446/1270 2518/1447/1270
f 2532/1483/1237 2533/1455/1237 2531/1488/1237
f 2547/1452/1232 2545/1453/1232 2548/1451/1232
f 2534/1485/1236 2519/1487/1236 2533/1455/1236
f 2525/1540/1230 2529/1541/1230 2533/1542/1230
f 2550/1469/1274 2551/1543/1274 2549/1491/1274
f 2552/1544/1275 2553/1545/1275 2551/1543/1275
f 2554/1546/1276 2555/1547/1276 2553/1545/1276
f 2556/1548/1277 2557/1549/1277 2555/1547/1277
f 2558/1550/1278 2559/1551/1278 2557/1549/1278
f 2560/1552/1279 2561/1553/1279 2559/1551/1279
f 2551/1543/1233 2555/1547/1233 2559/1551/1233
f 2566/1448/1230 2569/1449/1230 2565/1446/1230
f 2570/1450/1231 2567/1451/1231 2569/1449/1231
f 2568/1452/1232 2563/1453/1232 2567/1451/1232
f 2569/1449/1233 2563/1454/1233 2565/1455/1233
f 2566/1456/1234 2568/1452/1234 2570/1450/1234
f 2571/1554/1280 2577/1555/1280 2576/1556/1280
f 2572/1557/1281 2578/1558/1281 2577/1555/1281
f 2573/1559/1282 2579/1560/1282 2578/1558/1282
f 2574/1561/1283 2580/1562/1283 2579/1560/1283
f 2582/1556/1284 2584/1557/1284 2581/1554/1284
f 2583/1555/1285 2586/1559/1285 2584/1557/1285
f 2587/1560/1286 2586/1559/1286 2585/1558/1286
f 2589/1562/1287 2588/1561/1287 2587/1560/1287
f 2584/1557/1229 2573/1559/1229 2572/1557/1229
f 2575/1563/1288 2589/1562/1288 2580/1562/1288
f 2581/1554/1229 2572/1557/1229 2571/1554/1229
f 2589/1562/1231 2579/1560/1231 2580/1562/1231
f 2582/1556/1289 2571/1554/1289 2576/1556/1289
f 2587/1560/1231 2578/1558/1231 2579/1560/1231
f 2578/1558/1231 2583/1555/1231 2577/1555/1231
f 2574/1561/1229 2590/1563/1229 2575/1563/1229
f 2577/1555/1231 2582/1556/1231 2576/1556/1231
f 2573/1559/1229 2588/1561/1229 2574/1561/1229
f 2591/1447/1229 2594/1448/1229 2593/1446/1229
f 2606/1450/1231 2603/1451/1231 2605/1449/1231
f 2598/1450/1231 2595/1451/1231 2597/1449/1231
f 2600/1445/1229 2601/1446/1229 2599/1447/1229
f 2597/1449/1290 2591/1454/1290 2593/1455/1290
f 2594/1456/1291 2596/1452/1291 2598/1450/1291
f 2602/1456/1234 2604/1452/1234 2606/1450/1234
f 2599/1454/1232 2604/1452/1232 2600/1523/1232
f 2610/1469/1292 2611/1524/1292 2609/1491/1292
f 2624/1448/1232 2608/1449/1232 2623/1446/1232
f 2612/1525/1233 2613/1526/1233 2611/1524/1233
f 2626/1450/1231 2623/1451/1231 2625/1449/1231
f 2614/1527/1293 2615/1528/1293 2613/1526/1293
f 2622/1452/1230 2625/1453/1230 2621/1451/1230
f 2616/1529/1294 2617/1530/1294 2615/1528/1294
f 2610/1481/1231 2618/1531/1231 2614/1532/1231
f 2607/1449/1229 2621/1454/1229 2608/1455/1229
f 2618/1533/1234 2619/1534/1234 2617/1530/1234
f 2620/1535/1295 2609/1536/1295 2619/1534/1295
f 2611/1537/1229 2615/1538/1229 2619/1539/1229
f 2632/1448/1232 2628/1449/1232 2631/1446/1232
f 2634/1450/1231 2631/1451/1231 2633/1449/1231
f 2630/1452/1230 2633/1453/1230 2629/1451/1230
f 2627/1449/1229 2629/1454/1229 2628/1455/1229
f 2641/1449/1232 2638/1448/1232 2637/1446/1232
f 2639/1451/1231 2642/1450/1231 2641/1449/1231
f 2635/1453/1230 2640/1452/1230 2639/1451/1230
f 2635/1454/1233 2641/1449/1233 2637/1455/1233
f 2640/1452/1234 2638/1456/1234 2642/1450/1234
f 2649/1555/1296 2643/1554/1296 2648/1556/1296
f 2650/1558/1297 2644/1557/1297 2649/1555/1297
f 2651/1560/1298 2645/1559/1298 2650/1558/1298
f 2652/1562/1299 2646/1561/1299 2651/1560/1299
f 2654/1556/1300 2656/1557/1300 2655/1555/1300
f 2655/1555/1301 2658/1559/1301 2657/1558/1301
f 2658/1559/1302 2659/1560/1302 2657/1558/1302
f 2660/1561/1303 2661/1562/1303 2659/1560/1303
f 2645/1559/1229 2656/1557/1229 2644/1557/1229
f 2647/1563/1304 2661/1562/1304 2662/1563/1304
f 2644/1557/1229 2653/1554/1229 2643/1554/1229
f 2651/1560/1231 2661/1562/1231 2652/1562/1231
f 2643/1554/1289 2654/1556/1289 2648/1556/1289
f 2650/1558/1231 2659/1560/1231 2651/1560/1231
f 2650/1558/1231 2655/1555/1231 2657/1558/1231
f 2646/1561/1229 2662/1563/1229 2660/1561/1229
f 2649/1555/1231 2654/1556/1231 2655/1555/1231
f 2645/1559/1229 2660/1561/1229 2658/1559/1229
f 2663/1447/1229 2666/1448/1229 2664/1445/1229
f 2675/1451/1231 2678/1450/1231 2677/1449/1231
f 2667/1451/1231 2670/1450/1231 2669/1449/1231
f 2673/1446/1229 2672/1445/1229 2671/1447/1229
f 2663/1454/1305 2669/1449/1305 2665/1455/1305
f 2668/1452/1306 2666/1456/1306 2670/1450/1306
f 2676/1452/1234 2674/1456/1234 2678/1450/1234
f 2676/1452/1230 2671/1454/1230 2672/1523/1230
f 2683/1524/1293 2682/1469/1293 2681/1491/1293
f 2680/1449/1230 2696/1448/1230 2695/1446/1230
f 2685/1526/1233 2684/1525/1233 2683/1524/1233
f 2695/1451/1231 2698/1450/1231 2697/1449/1231
f 2687/1528/1292 2686/1527/1292 2685/1526/1292
f 2697/1453/1232 2694/1452/1232 2693/1451/1232
f 2689/1530/1295 2688/1529/1295 2687/1528/1295
f 2686/1532/1231 2690/1531/1231 2682/1481/1231
f 2693/1454/1229 2679/1449/1229 2680/1455/1229
f 2691/1534/1234 2690/1533/1234 2689/1530/1234
f 2681/1536/1294 2692/1535/1294 2691/1534/1294
f 2691/1539/1229 2687/1538/1229 2683/1537/1229
f 2700/1449/1230 2704/1448/1230 2703/1446/1230
f 2703/1451/1231 2706/1450/1231 2705/1449/1231
f 2705/1453/1232 2702/1452/1232 2701/1451/1232
f 2701/1454/1229 2699/1449/1229 2700/1455/1229
f 2709/1446/1231 2708/1445/1231 2707/1447/1231
f 2713/1449/1230 2710/1448/1230 2709/1446/1230
f 2711/1451/1229 2714/1450/1229 2713/1449/1229
f 2707/1453/1232 2712/1452/1232 2711/1451/1232
f 2707/1454/1233 2713/1449/1233 2709/1455/1233
f 2712/1452/1234 2710/1456/1234 2714/1450/1234
f 2722/1457/1231 2717/1451/1231 2721/1458/1231
f 2720/1460/1234 2783/1459/1234 2785/1461/1234
f 2782/1462/1232 2716/1463/1232 2715/1453/1232
f 2722/1457/1234 2784/1465/1234 2718/1452/1234
f 2716/1445/1307 2719/1467/1307 2715/1447/1307
f 2724/1469/1243 2754/1468/1243 2753/1470/1243
f 2726/1472/1242 2755/1471/1242 2754/1468/1242
f 2728/1474/1241 2756/1473/1241 2755/1471/1241
f 2730/1463/1240 2757/1475/1240 2756/1473/1240
f 2732/1477/1239 2758/1476/1239 2757/1475/1239
f 2734/1453/1238 2759/1478/1238 2758/1476/1238
f 2736/1480/1232 2732/1479/1232 2728/1499/1232
f 2736/1483/1237 2760/1482/1237 2759/1478/1237
f 2738/1485/1236 2753/1484/1236 2760/1482/1236
f 2741/1446/1230 2746/1450/1230 2745/1449/1230
f 2744/1452/1232 2739/1453/1232 2743/1451/1232
f 2745/1449/1308 2739/1454/1308 2741/1455/1308
f 2816/1453/1307 2808/1446/1307 2806/1453/1307
f 2739/1454/1309 2747/1455/1309 2741/1455/1309
f 2748/1454/1233 2749/1455/1233 2747/1455/1233
f 2739/1453/1232 2750/1453/1232 2748/1453/1232
f 2808/1448/1310 2810/1452/1310 2806/1463/1310
f 2741/1446/1230 2749/1446/1230 2742/1446/1230
f 2744/1452/1311 2751/1450/1311 2746/1450/1311
f 2745/1449/1230 2746/1450/1230 2751/1450/1230
f 2744/1452/1232 2743/1451/1232 2752/1452/1232
f 2759/1478/1232 2775/1482/1232 2773/1478/1232
f 2733/1486/1232 2768/1486/1232 2731/1486/1232
f 2760/1482/1232 2776/1484/1232 2775/1482/1232
f 2754/1468/1232 2776/1470/1232 2753/1470/1232
f 2774/1486/1232 2735/1486/1232 2737/1486/1232
f 2727/1486/1232 2762/1486/1232 2725/1486/1232
f 2755/1471/1232 2763/1468/1232 2754/1468/1232
f 2755/1471/1232 2767/1473/1232 2765/1471/1232
f 2775/1482/1236 2761/1487/1236 2774/1455/1236
f 2773/1478/1237 2774/1455/1237 2772/1488/1237
f 2771/1476/1238 2772/1488/1238 2770/1449/1238
f 2769/1475/1239 2770/1449/1239 2768/1489/1239
f 2767/1473/1240 2768/1489/1240 2766/1450/1240
f 2765/1471/1241 2766/1450/1241 2764/1490/1241
f 2763/1468/1242 2764/1490/1242 2762/1456/1242
f 2776/1470/1243 2762/1456/1243 2761/1491/1243
f 2766/1486/1232 2727/1486/1232 2729/1486/1232
f 2761/1486/1232 2737/1486/1232 2723/1486/1232
f 2759/1478/1232 2771/1476/1232 2758/1476/1232
f 2725/1486/1232 2761/1486/1232 2723/1486/1232
f 2758/1476/1232 2769/1475/1232 2757/1475/1232
f 2735/1486/1232 2770/1486/1232 2733/1486/1232
f 2756/1473/1232 2769/1475/1232 2767/1473/1232
f 2768/1486/1232 2729/1486/1232 2731/1486/1232
f 2778/1459/1248 2780/1466/1248 2779/1461/1248
f 2721/1458/1233 2781/1492/1233 2787/1493/1233
f 2719/1494/1233 2782/1495/1233 2715/1454/1233
f 2781/1497/1312 2777/1498/1312 2791/1497/1312
f 2780/1486/1230 2785/1486/1230 2786/1486/1230
f 2789/1486/1230 2787/1486/1230 2788/1486/1230
f 2717/1451/1232 2784/1498/1232 2781/1497/1232
f 2791/1492/1250 2789/1496/1250 2790/1493/1250
f 2778/1464/1313 2791/1497/1313 2777/1498/1313
f 2788/1496/1231 2792/1495/1231 2782/1495/1231
f 2787/1493/1229 2791/1492/1229 2790/1493/1229
f 2786/1466/1229 2777/1465/1229 2784/1465/1229
f 2785/1461/1231 2778/1459/1231 2779/1461/1231
f 2783/1464/1314 2792/1462/1314 2778/1464/1314
f 2795/1451/1231 2722/1457/1231 2721/1458/1231
f 2839/1459/1234 2720/1460/1234 2785/1461/1234
f 2838/1462/1230 2794/1463/1230 2839/1464/1230
f 2722/1457/1234 2840/1465/1234 2786/1466/1234
f 2719/1467/1307 2794/1445/1307 2793/1447/1307
f 2820/1468/1243 2797/1469/1243 2819/1470/1243
f 2821/1471/1242 2798/1472/1242 2820/1468/1242
f 2822/1473/1241 2799/1474/1241 2821/1471/1241
f 2823/1475/1240 2800/1463/1240 2822/1473/1240
f 2824/1476/1239 2801/1477/1239 2823/1475/1239
f 2825/1478/1238 2802/1453/1238 2824/1476/1238
f 2801/1479/1230 2803/1480/1230 2797/1481/1230
f 2826/1482/1237 2803/1483/1237 2825/1478/1237
f 2819/1484/1236 2804/1485/1236 2826/1482/1236
f 2807/1446/1232 2812/1450/1232 2808/1448/1232
f 2805/1453/1230 2810/1452/1230 2809/1451/1230
f 2805/1454/1308 2811/1449/1308 2807/1455/1308
f 2740/1463/1310 2746/1450/1310 2742/1448/1310
f 2813/1455/1309 2805/1454/1309 2807/1455/1309
f 2815/1455/1233 2814/1454/1233 2813/1455/1233
f 2805/1453/1230 2816/1453/1230 2806/1453/1230
f 2750/1453/1307 2742/1446/1307 2749/1446/1307
f 2815/1446/1232 2807/1446/1232 2808/1446/1232
f 2817/1450/1311 2810/1452/1311 2812/1450/1311
f 2811/1449/1232 2817/1450/1232 2812/1450/1232
f 2810/1452/1230 2818/1452/1230 2809/1451/1230
f 2825/1478/1230 2833/1482/1230 2826/1482/1230
f 2826/1482/1230 2834/1484/1230 2819/1484/1230
f 2834/1470/1230 2820/1468/1230 2819/1470/1230
f 2827/1468/1230 2821/1471/1230 2820/1468/1230
f 2821/1471/1230 2829/1473/1230 2822/1473/1230
f 2761/1487/1236 2833/1482/1236 2774/1455/1236
f 2774/1455/1237 2832/1478/1237 2772/1488/1237
f 2772/1488/1238 2831/1476/1238 2770/1449/1238
f 2770/1449/1239 2830/1475/1239 2768/1489/1239
f 2768/1489/1240 2829/1473/1240 2766/1450/1240
f 2766/1450/1241 2828/1471/1241 2764/1490/1241
f 2764/1490/1242 2827/1468/1242 2762/1456/1242
f 2762/1456/1243 2834/1470/1243 2761/1491/1243
f 2831/1476/1230 2825/1478/1230 2824/1476/1230
f 2830/1475/1230 2824/1476/1230 2823/1475/1230
f 2822/1473/1230 2830/1475/1230 2823/1475/1230
f 2780/1466/1253 2836/1459/1253 2779/1461/1253
f 2837/1492/1233 2721/1458/1233 2787/1493/1233
f 2719/1494/1233 2838/1495/1233 2788/1496/1233
f 2837/1497/1315 2835/1498/1315 2840/1498/1315
f 2795/1451/1230 2840/1498/1230 2796/1452/1230
f 2789/1496/1255 2841/1492/1255 2790/1493/1255
f 2836/1464/1316 2841/1497/1316 2842/1462/1316
f 2842/1495/1231 2788/1496/1231 2838/1495/1231
f 2787/1493/1229 2841/1492/1229 2837/1492/1229
f 2835/1465/1229 2786/1466/1229 2840/1465/1229
f 2785/1461/1231 2836/1459/1231 2839/1459/1231
f 2839/1464/1317 2842/1462/1317 2838/1462/1317
f 2850/1457/1231 2845/1451/1231 2849/1458/1231
f 2848/1460/1234 2911/1459/1234 2913/1461/1234
f 2910/1462/1232 2844/1463/1232 2843/1453/1232
f 2850/1457/1234 2912/1465/1234 2846/1452/1234
f 2844/1445/1307 2847/1467/1307 2843/1447/1307
f 2852/1469/1243 2882/1468/1243 2881/1470/1243
f 2854/1472/1242 2883/1471/1242 2882/1468/1242
f 2856/1474/1241 2884/1473/1241 2883/1471/1241
f 2858/1463/1240 2885/1475/1240 2884/1473/1240
f 2860/1477/1239 2886/1476/1239 2885/1475/1239
f 2862/1453/1238 2887/1478/1238 2886/1476/1238
f 2864/1480/1232 2860/1479/1232 2856/1499/1232
f 2864/1483/1237 2888/1482/1237 2887/1478/1237
f 2866/1485/1236 2881/1484/1236 2888/1482/1236
f 2869/1446/1230 2874/1450/1230 2873/1449/1230
f 2872/1452/1232 2867/1453/1232 2871/1451/1232
f 2873/1449/1308 2867/1454/1308 2869/1455/1308
f 2944/1453/1307 2936/1446/1307 2934/1453/1307
f 2867/1454/1309 2875/1455/1309 2869/1455/1309
f 2876/1454/1233 2877/1455/1233 2875/1455/1233
f 2867/1453/1232 2878/1453/1232 2876/1453/1232
f 2936/1448/1310 2938/1452/1310 2934/1463/1310
f 2869/1446/1230 2877/1446/1230 2870/1446/1230
f 2872/1452/1311 2879/1450/1311 2874/1450/1311
f 2873/1449/1230 2874/1450/1230 2879/1450/1230
f 2872/1452/1232 2871/1451/1232 2880/1452/1232
f 2887/1478/1232 2903/1482/1232 2901/1478/1232
f 2861/1486/1232 2896/1486/1232 2859/1486/1232
f 2888/1482/1232 2904/1484/1232 2903/1482/1232
f 2882/1468/1232 2904/1470/1232 2881/1470/1232
f 2902/1486/1232 2863/1486/1232 2865/1486/1232
f 2855/1486/1232 2890/1486/1232 2853/1486/1232
f 2883/1471/1232 2891/1468/1232 2882/1468/1232
f 2883/1471/1232 2895/1473/1232 2893/1471/1232
f 2903/1482/1236 2889/1487/1236 2902/1455/1236
f 2901/1478/1237 2902/1455/1237 2900/1488/1237
f 2899/1476/1238 2900/1488/1238 2898/1449/1238
f 2897/1475/1239 2898/1449/1239 2896/1489/1239
f 2895/1473/1240 2896/1489/1240 2894/1450/1240
f 2893/1471/1241 2894/1450/1241 2892/1490/1241
f 2891/1468/1242 2892/1490/1242 2890/1456/1242
f 2904/1470/1243 2890/1456/1243 2889/1491/1243
f 2894/1486/1232 2855/1486/1232 2857/1486/1232
f 2889/1486/1232 2865/1486/1232 2851/1486/1232
f 2887/1478/1232 2899/1476/1232 2886/1476/1232
f 2853/1486/1232 2889/1486/1232 2851/1486/1232
f 2886/1476/1232 2897/1475/1232 2885/1475/1232
f 2863/1486/1232 2898/1486/1232 2861/1486/1232
f 2884/1473/1232 2897/1475/1232 2895/1473/1232
f 2896/1486/1232 2857/1486/1232 2859/1486/1232
f 2906/1459/1248 2908/1466/1248 2907/1461/1248
f 2849/1458/1233 2909/1492/1233 2915/1493/1233
f 2847/1494/1233 2910/1495/1233 2843/1454/1233
f 2909/1497/1312 2905/1498/1312 2919/1497/1312
f 2908/1486/1230 2913/1486/1230 2914/1486/1230
f 2917/1486/1230 2915/1486/1230 2916/1486/1230
f 2845/1451/1232 2912/1498/1232 2909/1497/1232
f 2919/1492/1250 2917/1496/1250 2918/1493/1250
f 2906/1464/1313 2919/1497/1313 2905/1498/1313
f 2916/1496/1231 2920/1495/1231 2910/1495/1231
f 2915/1493/1229 2919/1492/1229 2918/1493/1229
f 2914/1466/1229 2905/1465/1229 2912/1465/1229
f 2913/1461/1231 2906/1459/1231 2907/1461/1231
f 2911/1464/1314 2920/1462/1314 2906/1464/1314
f 2923/1451/1231 2850/1457/1231 2849/1458/1231
f 2967/1459/1234 2848/1460/1234 2913/1461/1234
f 2966/1462/1230 2922/1463/1230 2967/1464/1230
f 2850/1457/1234 2968/1465/1234 2914/1466/1234
f 2847/1467/1307 2922/1445/1307 2921/1447/1307
f 2948/1468/1243 2925/1469/1243 2947/1470/1243
f 2949/1471/1242 2926/1472/1242 2948/1468/1242
f 2950/1473/1241 2927/1474/1241 2949/1471/1241
f 2951/1475/1240 2928/1463/1240 2950/1473/1240
f 2952/1476/1239 2929/1477/1239 2951/1475/1239
f 2953/1478/1238 2930/1453/1238 2952/1476/1238
f 2929/1479/1230 2931/1480/1230 2925/1481/1230
f 2954/1482/1237 2931/1483/1237 2953/1478/1237
f 2947/1484/1236 2932/1485/1236 2954/1482/1236
f 2935/1446/1232 2940/1450/1232 2936/1448/1232
f 2933/1453/1230 2938/1452/1230 2937/1451/1230
f 2933/1454/1308 2939/1449/1308 2935/1455/1308
f 2868/1463/1310 2874/1450/1310 2870/1448/1310
f 2941/1455/1309 2933/1454/1309 2935/1455/1309
f 2943/1455/1233 2942/1454/1233 2941/1455/1233
f 2933/1453/1230 2944/1453/1230 2934/1453/1230
f 2878/1453/1307 2870/1446/1307 2877/1446/1307
f 2943/1446/1232 2935/1446/1232 2936/1446/1232
f 2945/1450/1311 2938/1452/1311 2940/1450/1311
f 2939/1449/1232 2945/1450/1232 2940/1450/1232
f 2938/1452/1230 2946/1452/1230 2937/1451/1230
f 2953/1478/1230 2961/1482/1230 2954/1482/1230
f 2954/1482/1230 2962/1484/1230 2947/1484/1230
f 2962/1470/1230 2948/1468/1230 2947/1470/1230
f 2955/1468/1230 2949/1471/1230 2948/1468/1230
f 2949/1471/1230 2957/1473/1230 2950/1473/1230
f 2889/1487/1236 2961/1482/1236 2902/1455/1236
f 2902/1455/1237 2960/1478/1237 2900/1488/1237
f 2900/1488/1238 2959/1476/1238 2898/1449/1238
f 2898/1449/1239 2958/1475/1239 2896/1489/1239
f 2896/1489/1240 2957/1473/1240 2894/1450/1240
f 2894/1450/1241 2956/1471/1241 2892/1490/1241
f 2892/1490/1242 2955/1468/1242 2890/1456/1242
f 2890/1456/1243 2962/1470/1243 2889/1491/1243
f 2959/1476/1230 2953/1478/1230 2952/1476/1230
f 2958/1475/1230 2952/1476/1230 2951/1475/1230
f 2950/1473/1230 2958/1475/1230 2951/1475/1230
f 2908/1466/1253 2964/1459/1253 2907/1461/1253
f 2965/1492/1233 2849/1458/1233 2915/1493/1233
f 2847/1494/1233 2966/1495/1233 2916/1496/1233
f 2965/1497/1315 2963/1498/1315 2968/1498/1315
f 2923/1451/1230 2968/1498/1230 2924/1452/1230
f 2917/1496/1255 2969/1492/1255 2918/1493/1255
f 2964/1464/1316 2969/1497/1316 2970/1462/1316
f 2970/1495/1231 2916/1496/1231 2966/1495/1231
f 2915/1493/1229 2969/1492/1229 2965/1492/1229
f 2963/1465/1229 2914/1466/1229 2968/1465/1229
f 2913/1461/1231 2964/1459/1231 2967/1459/1231
f 2967/1464/1317 2970/1462/1317 2966/1462/1317
f 2973/1446/1231 2986/1500/1231 2979/1501/1231
f 2977/1449/1230 2974/1448/1230 2973/1446/1230
f 2975/1451/1229 2994/1502/1229 2987/1503/1229
f 2971/1453/1232 2976/1452/1232 2975/1451/1232
f 2971/1454/1233 2987/1503/1233 2982/1504/1233
f 2976/1452/1234 2983/1505/1234 2994/1502/1234
f 2978/1450/1234 2986/1506/1234 2974/1456/1234
f 2991/1507/1258 2985/1508/1258 2986/1506/1258
f 2992/1509/1234 2984/1510/1234 2985/1508/1234
f 2993/1511/1259 2983/1505/1259 2984/1510/1259
f 2973/1455/1233 2990/1512/1233 2977/1449/1233
f 2979/1513/1260 2989/1514/1260 2990/1512/1260
f 2980/1515/1233 2988/1516/1233 2989/1514/1233
f 2982/1504/1261 2988/1516/1261 2981/1517/1261
f 2990/1512/1229 2978/1450/1229 2977/1449/1229
f 2989/1514/1229 2991/1507/1229 2990/1512/1229
f 2988/1516/1229 2992/1509/1229 2989/1514/1229
f 2988/1516/1229 2994/1502/1229 2993/1511/1229
f 2982/1518/1231 2972/1445/1231 2971/1447/1231
f 2981/1520/1231 2983/1519/1231 2982/1518/1231
f 2980/1522/1231 2984/1521/1231 2981/1520/1231
f 2980/1522/1231 2986/1500/1231 2985/1564/1231
f 2997/1446/1231 2996/1445/1231 2995/1447/1231
f 3003/1456/1234 3002/1450/1234 2998/1456/1234
f 3001/1449/1229 3000/1452/1229 3002/1450/1229
f 3009/1452/1234 2996/1523/1234 3000/1452/1234
f 2995/1454/1262 3001/1449/1262 2997/1455/1262
f 3000/1452/1263 2998/1456/1263 3002/1450/1263
f 3007/1453/1232 3009/1452/1232 3010/1451/1232
f 3004/1446/1231 2998/1448/1231 2997/1446/1231
f 3006/1450/1229 3001/1449/1229 3002/1450/1229
f 3005/1449/1233 2997/1455/1233 3001/1449/1233
f 3010/1451/1229 3000/1452/1229 2999/1451/1229
f 3008/1445/1231 2995/1447/1231 2996/1445/1231
f 3007/1454/1233 2999/1451/1233 2995/1454/1233
f 3012/1445/1231 3013/1446/1231 3011/1447/1231
f 3018/1450/1234 3019/1456/1234 3014/1456/1234
f 3017/1449/1229 3016/1452/1229 3015/1451/1229
f 3012/1523/1234 3025/1452/1234 3016/1452/1234
f 3017/1449/1264 3011/1454/1264 3013/1455/1264
f 3014/1456/1265 3016/1452/1265 3018/1450/1265
f 3025/1452/1230 3023/1453/1230 3026/1451/1230
f 3014/1448/1231 3020/1446/1231 3013/1446/1231
f 3017/1449/1229 3022/1450/1229 3018/1450/1229
f 3013/1455/1233 3021/1449/1233 3017/1449/1233
f 3016/1452/1229 3026/1451/1229 3015/1451/1229
f 3011/1447/1231 3024/1445/1231 3012/1445/1231
f 3015/1451/1233 3023/1454/1233 3011/1454/1233
f 3029/1524/1269 3028/1469/1269 3027/1491/1269
f 3031/1526/1229 3030/1525/1229 3029/1524/1229
f 3033/1528/1268 3032/1527/1268 3031/1526/1268
f 3035/1530/1267 3034/1529/1267 3033/1528/1267
f 3032/1532/1234 3036/1531/1234 3028/1481/1234
f 3037/1534/1231 3036/1533/1231 3035/1530/1231
f 3027/1536/1266 3038/1535/1266 3037/1534/1266
f 3037/1539/1233 3033/1538/1233 3029/1537/1233
f 3041/1524/1269 3040/1469/1269 3039/1491/1269
f 3043/1526/1229 3042/1525/1229 3041/1524/1229
f 3045/1528/1268 3044/1527/1268 3043/1526/1268
f 3047/1530/1267 3046/1529/1267 3045/1528/1267
f 3044/1532/1234 3048/1531/1234 3040/1481/1234
f 3049/1534/1231 3048/1533/1231 3047/1530/1231
f 3039/1536/1266 3050/1535/1266 3049/1534/1266
f 3049/1539/1233 3045/1538/1233 3041/1537/1233
f 3053/1524/1269 3052/1469/1269 3051/1491/1269
f 3055/1526/1229 3054/1525/1229 3053/1524/1229
f 3057/1528/1268 3056/1527/1268 3055/1526/1268
f 3059/1530/1267 3058/1529/1267 3057/1528/1267
f 3056/1532/1234 3060/1531/1234 3052/1481/1234
f 3061/1534/1231 3060/1533/1231 3059/1530/1231
f 3051/1536/1266 3062/1535/1266 3061/1534/1266
f 3061/1539/1233 3057/1538/1233 3053/1537/1233
f 3065/1524/1269 3064/1469/1269 3063/1491/1269
f 3067/1526/1229 3066/1525/1229 3065/1524/1229
f 3069/1528/1268 3068/1527/1268 3067/1526/1268
f 3071/1530/1267 3070/1529/1267 3069/1528/1267
f 3068/1532/1234 3072/1531/1234 3064/1481/1234
f 3073/1534/1231 3072/1533/1231 3071/1530/1231
f 3063/1536/1266 3074/1535/1266 3073/1534/1266
f 3073/1539/1233 3069/1538/1233 3065/1537/1233
f 3077/1524/1269 3076/1469/1269 3075/1491/1269
f 3079/1526/1229 3078/1525/1229 3077/1524/1229
f 3081/1528/1268 3080/1527/1268 3079/1526/1268
f 3083/1530/1267 3082/1529/1267 3081/1528/1267
f 3080/1532/1234 3084/1531/1234 3076/1481/1234
f 3085/1534/1231 3084/1533/1231 3083/1530/1231
f 3075/1536/1266 3086/1535/1266 3085/1534/1266
f 3085/1539/1233 3081/1538/1233 3077/1537/1233
f 3089/1524/1269 3088/1469/1269 3087/1491/1269
f 3091/1526/1229 3090/1525/1229 3089/1524/1229
f 3093/1528/1268 3092/1527/1268 3091/1526/1268
f 3095/1530/1267 3094/1529/1267 3093/1528/1267
f 3092/1532/1234 3096/1531/1234 3088/1481/1234
f 3097/1534/1231 3096/1533/1231 3095/1530/1231
f 3087/1536/1266 3098/1535/1266 3097/1534/1266
f 3097/1539/1233 3093/1538/1233 3089/1537/1233
f 3105/1452/1234 3100/1523/1234 3102/1452/1234
f 3103/1453/1232 3105/1452/1232 3106/1451/1232
f 3106/1451/1229 3102/1452/1229 3101/1451/1229
f 3104/1445/1231 3099/1447/1231 3100/1445/1231
f 3103/1454/1233 3101/1451/1233 3099/1454/1233
f 3101/1451/1230 3100/1523/1230 3099/1454/1230
f 3109/1452/1234 2486/1523/1234 3108/1452/1234
f 2489/1453/1232 3109/1452/1232 3110/1451/1232
f 3110/1451/1229 3108/1452/1229 3107/1451/1229
f 2489/1454/1233 3107/1451/1233 2485/1454/1233
f 3107/1451/1230 2486/1523/1230 2485/1454/1230
f 3117/1452/1234 3112/1523/1234 3114/1452/1234
f 3115/1453/1232 3117/1452/1232 3118/1451/1232
f 3118/1451/1229 3114/1452/1229 3113/1451/1229
f 3116/1445/1231 3111/1447/1231 3112/1445/1231
f 3115/1454/1233 3113/1451/1233 3111/1454/1233
f 3113/1451/1230 3112/1523/1230 3111/1454/1230
f 3125/1452/1234 3120/1523/1234 3122/1452/1234
f 3123/1453/1232 3125/1452/1232 3126/1451/1232
f 3126/1451/1229 3122/1452/1229 3121/1451/1229
f 3124/1445/1231 3119/1447/1231 3120/1445/1231
f 3123/1454/1233 3121/1451/1233 3119/1454/1233
f 3121/1451/1230 3120/1523/1230 3119/1454/1230
f 3129/1446/1272 3128/1445/1272 3127/1447/1272
f 3129/1446/1230 3134/1450/1230 3130/1448/1230
f 3131/1451/1273 3134/1450/1273 3133/1449/1273
f 3127/1453/1232 3132/1452/1232 3131/1451/1232
f 3127/1454/1270 3133/1449/1270 3129/1455/1270
f 3132/1452/1271 3130/1456/1271 3134/1450/1271
f 3165/1452/1234 3160/1523/1234 3162/1452/1234
f 3139/1456/1236 3138/1469/1236 3137/1491/1236
f 3156/1452/1271 3154/1456/1271 3158/1450/1271
f 3141/1490/1237 3140/1472/1237 3139/1456/1237
f 3161/1451/1230 3160/1523/1230 3159/1454/1230
f 3136/1454/1270 3157/1449/1270 3153/1455/1270
f 3143/1450/1238 3142/1474/1238 3141/1490/1238
f 3163/1454/1233 3161/1451/1233 3159/1454/1233
f 3136/1453/1232 3156/1452/1232 3155/1451/1232
f 3145/1489/1239 3144/1463/1239 3143/1450/1239
f 3164/1445/1231 3159/1447/1231 3160/1445/1231
f 3155/1451/1273 3158/1450/1273 3157/1449/1273
f 3147/1449/1240 3146/1477/1240 3145/1489/1240
f 3166/1451/1229 3162/1452/1229 3161/1451/1229
f 3153/1446/1230 3158/1450/1230 3154/1448/1230
f 3149/1488/1241 3148/1453/1241 3147/1449/1241
f 3146/1479/1232 3150/1480/1232 3138/1481/1232
f 3153/1446/1272 3135/1445/1272 3136/1447/1272
f 3151/1455/1242 3150/1483/1242 3149/1488/1242
f 3163/1453/1232 3165/1452/1232 3166/1451/1232
f 3137/1487/1243 3152/1485/1243 3151/1455/1243
f 3147/1541/1230 3143/1540/1230 3139/1565/1230
f 3167/1543/1318 2550/1469/1318 2549/1491/1318
f 3169/1545/1319 3168/1544/1319 3167/1543/1319
f 3171/1547/1320 3170/1546/1320 3169/1545/1320
f 3173/1549/1321 3172/1548/1321 3171/1547/1321
f 3175/1551/1322 3174/1550/1322 3173/1549/1322
f 2561/1553/1323 3176/1552/1323 3175/1551/1323
f 2561/1553/1233 3173/1549/1233 3169/1545/1233
f 3179/1449/1230 2566/1448/1230 2565/1446/1230
f 3177/1451/1229 3180/1450/1229 3179/1449/1229
f 2563/1453/1232 3178/1452/1232 3177/1451/1232
f 2563/1454/1233 3179/1449/1233 2565/1455/1233
f 3178/1452/1234 2566/1456/1234 3180/1450/1234
f 3187/1555/1324 3181/1554/1324 3186/1556/1324
f 3188/1558/1325 3182/1557/1325 3187/1555/1325
f 3189/1560/1326 3183/1559/1326 3188/1558/1326
f 3190/1562/1327 3184/1561/1327 3189/1560/1327
f 3192/1556/1328 3194/1557/1328 3193/1555/1328
f 3193/1555/1285 3196/1559/1285 3195/1558/1285
f 3196/1559/1286 3197/1560/1286 3195/1558/1286
f 3198/1561/1329 3199/1562/1329 3197/1560/1329
f 3183/1559/1231 3194/1557/1231 3182/1557/1231
f 3185/1563/1330 3199/1562/1330 3200/1563/1330
f 3182/1557/1231 3191/1554/1231 3181/1554/1231
f 3189/1560/1229 3199/1562/1229 3190/1562/1229
f 3181/1554/1331 3192/1556/1331 3186/1556/1331
f 3188/1558/1229 3197/1560/1229 3189/1560/1229
f 3188/1558/1229 3193/1555/1229 3195/1558/1229
f 3184/1561/1231 3200/1563/1231 3198/1561/1231
f 3187/1555/1229 3192/1556/1229 3193/1555/1229
f 3183/1559/1231 3198/1561/1231 3196/1559/1231
f 3201/1447/1231 3204/1448/1231 3202/1445/1231
f 3213/1451/1229 3216/1450/1229 3215/1449/1229
f 3205/1451/1229 3208/1450/1229 3207/1449/1229
f 3211/1446/1231 3210/1445/1231 3209/1447/1231
f 3201/1454/1290 3207/1449/1290 3203/1455/1290
f 3206/1452/1291 3204/1456/1291 3208/1450/1291
f 3214/1452/1234 3212/1456/1234 3216/1450/1234
f 3214/1452/1232 3209/1454/1232 3210/1523/1232
f 3221/1524/1292 3220/1469/1292 3219/1491/1292
f 3218/1449/1232 3234/1448/1232 3233/1446/1232
f 3223/1526/1233 3222/1525/1233 3221/1524/1233
f 3233/1451/1229 3236/1450/1229 3235/1449/1229
f 3225/1528/1293 3224/1527/1293 3223/1526/1293
f 3235/1453/1230 3232/1452/1230 3231/1451/1230
f 3227/1530/1294 3226/1529/1294 3225/1528/1294
f 3224/1532/1229 3228/1531/1229 3220/1481/1229
f 3231/1454/1231 3217/1449/1231 3218/1455/1231
f 3229/1534/1234 3228/1533/1234 3227/1530/1234
f 3219/1536/1295 3230/1535/1295 3229/1534/1295
f 3229/1539/1231 3225/1538/1231 3221/1537/1231
f 3238/1449/1232 3242/1448/1232 3241/1446/1232
f 3241/1451/1229 3244/1450/1229 3243/1449/1229
f 3243/1453/1230 3240/1452/1230 3239/1451/1230
f 3239/1454/1231 3237/1449/1231 3238/1455/1231
f 2638/1448/1232 3247/1449/1232 2637/1446/1232
f 3248/1450/1229 3245/1451/1229 3247/1449/1229
f 3246/1452/1230 2635/1453/1230 3245/1451/1230
f 3247/1449/1233 2635/1454/1233 2637/1455/1233
f 2638/1456/1234 3246/1452/1234 3248/1450/1234
f 3249/1554/1332 3255/1555/1332 3254/1556/1332
f 3250/1557/1333 3256/1558/1333 3255/1555/1333
f 3251/1559/1334 3257/1560/1334 3256/1558/1334
f 3252/1561/1335 3258/1562/1335 3257/1560/1335
f 3260/1556/1336 3262/1557/1336 3259/1554/1336
f 3261/1555/1301 3264/1559/1301 3262/1557/1301
f 3265/1560/1302 3264/1559/1302 3263/1558/1302
f 3267/1562/1337 3266/1561/1337 3265/1560/1337
f 3262/1557/1231 3251/1559/1231 3250/1557/1231
f 3253/1563/1338 3267/1562/1338 3258/1562/1338
f 3259/1554/1231 3250/1557/1231 3249/1554/1231
f 3267/1562/1229 3257/1560/1229 3258/1562/1229
f 3260/1556/1331 3249/1554/1331 3254/1556/1331
f 3265/1560/1229 3256/1558/1229 3257/1560/1229
f 3256/1558/1229 3261/1555/1229 3255/1555/1229
f 3252/1561/1231 3268/1563/1231 3253/1563/1231
f 3255/1555/1229 3260/1556/1229 3254/1556/1229
f 3251/1559/1231 3266/1561/1231 3252/1561/1231
f 3269/1447/1231 3272/1448/1231 3271/1446/1231
f 3284/1450/1229 3281/1451/1229 3283/1449/1229
f 3276/1450/1229 3273/1451/1229 3275/1449/1229
f 3278/1445/1231 3279/1446/1231 3277/1447/1231
f 3275/1449/1305 3269/1454/1305 3271/1455/1305
f 3272/1456/1306 3274/1452/1306 3276/1450/1306
f 3280/1456/1234 3282/1452/1234 3284/1450/1234
f 3277/1454/1230 3282/1452/1230 3278/1523/1230
f 3288/1469/1293 3289/1524/1293 3287/1491/1293
f 3302/1448/1230 3286/1449/1230 3301/1446/1230
f 3290/1525/1233 3291/1526/1233 3289/1524/1233
f 3304/1450/1229 3301/1451/1229 3303/1449/1229
f 3292/1527/1292 3293/1528/1292 3291/1526/1292
f 3300/1452/1232 3303/1453/1232 3299/1451/1232
f 3294/1529/1295 3295/1530/1295 3293/1528/1295
f 3288/1481/1229 3296/1531/1229 3292/1532/1229
f 3285/1449/1231 3299/1454/1231 3286/1455/1231
f 3296/1533/1234 3297/1534/1234 3295/1530/1234
f 3298/1535/1294 3287/1536/1294 3297/1534/1294
f 3289/1537/1231 3293/1538/1231 3297/1539/1231
f 3310/1448/1230 3306/1449/1230 3309/1446/1230
f 3312/1450/1229 3309/1451/1229 3311/1449/1229
f 3308/1452/1232 3311/1453/1232 3307/1451/1232
f 3305/1449/1231 3307/1454/1231 3306/1455/1231
f 2086/1445/1229 2088/1448/1229 2087/1446/1229
f 2088/1448/1230 2092/1450/1230 2091/1449/1230
f 2092/1450/1231 2090/1452/1231 2089/1451/1231
f 2090/1452/1232 2086/1463/1232 2085/1453/1232
f 2091/1449/1233 2089/1451/1233 2085/1454/1233
f 2088/1456/1234 2086/1523/1234 2090/1452/1234
f 2095/1451/1229 2096/1452/1229 2100/1457/1229
f 2161/1459/1234 2094/1523/1234 2098/1460/1234
f 2160/1462/1232 2093/1453/1232 2094/1463/1232
f 2100/1457/1234 2096/1452/1234 2162/1465/1234
f 2097/1467/1235 2098/1566/1235 2094/1445/1235
f 2132/1468/1236 2104/1472/1236 2102/1469/1236
f 2133/1471/1237 2106/1474/1237 2104/1472/1237
f 2134/1473/1238 2108/1463/1238 2106/1474/1238
f 2135/1475/1239 2110/1477/1239 2108/1463/1239
f 2136/1476/1240 2112/1453/1240 2110/1477/1240
f 2137/1478/1241 2114/1483/1241 2112/1453/1241
f 2102/1481/1232 2104/1567/1232 2106/1499/1232
f 2106/1499/1232 2108/1568/1232 2110/1479/1232
f 2110/1479/1232 2112/1569/1232 2114/1480/1232
f 2114/1480/1232 2116/1570/1232 2102/1481/1232
f 2102/1481/1232 2106/1499/1232 2110/1479/1232
f 2138/1482/1242 2116/1485/1242 2114/1483/1242
f 2131/1484/1243 2102/1571/1243 2116/1485/1243
f 2119/1446/1230 2123/1449/1230 2124/1450/1230
f 2117/1453/1232 2118/1463/1232 2122/1452/1232
f 2117/1454/1244 2121/1451/1244 2123/1449/1244
f 2186/1446/1235 2193/1455/1235 2194/1453/1235
f 2125/1455/1245 2126/1454/1245 2117/1454/1245
f 2127/1455/1233 2128/1454/1233 2126/1454/1233
f 2117/1453/1232 2126/1453/1232 2128/1453/1232
f 2188/1452/1246 2190/1450/1246 2186/1448/1246
f 2127/1446/1230 2125/1446/1230 2119/1446/1230
f 2129/1450/1339 2130/1452/1339 2122/1452/1339
f 2137/1478/1232 2151/1478/1232 2153/1482/1232
f 2111/1486/1232 2109/1486/1232 2146/1486/1232
f 2138/1482/1232 2153/1482/1232 2154/1484/1232
f 2154/1470/1232 2141/1468/1232 2132/1468/1232
f 2113/1486/1232 2150/1486/1232 2152/1486/1232
f 2105/1486/1232 2103/1486/1232 2140/1486/1232
f 2141/1468/1232 2143/1471/1232 2133/1471/1232
f 2133/1471/1232 2143/1471/1232 2145/1473/1232
f 2139/1487/1243 2154/1484/1243 2153/1482/1243
f 2152/1455/1242 2153/1482/1242 2151/1478/1242
f 2150/1488/1241 2151/1478/1241 2149/1476/1241
f 2148/1449/1240 2149/1476/1240 2147/1475/1240
f 2146/1489/1239 2147/1475/1239 2145/1473/1239
f 2144/1450/1238 2145/1473/1238 2143/1471/1238
f 2142/1490/1237 2143/1471/1237 2141/1468/1237
f 2140/1456/1236 2141/1468/1236 2154/1470/1236
f 2105/1486/1232 2142/1486/1232 2144/1486/1232
f 2115/1486/1232 2152/1486/1232 2139/1486/1232
f 2149/1476/1232 2151/1478/1232 2137/1478/1232
f 2103/1486/1232 2101/1486/1232 2139/1486/1232
f 2147/1475/1232 2149/1476/1232 2136/1476/1232
f 2113/1486/1232 2111/1486/1232 2148/1486/1232
f 2134/1473/1232 2145/1473/1232 2147/1475/1232
f 2107/1486/1232 2144/1486/1232 2146/1486/1232
f 2158/1466/1340 2155/1465/1340 2156/1459/1340
f 2159/1492/1233 2095/1451/1233 2099/1458/1233
f 2097/1494/1233 2093/1454/1233 2160/1495/1233
f 2159/1497/1341 2169/1497/1341 2155/1498/1341
f 2163/1486/1230 2157/1486/1230 2158/1486/1230
f 2165/1486/1230 2168/1486/1230 2167/1486/1230
f 2095/1451/1232 2159/1497/1232 2162/1498/1232
f 2167/1496/1342 2170/1495/1342 2169/1492/1342
f 2156/1464/1343 2155/1498/1343 2169/1497/1343
f 2170/1495/1229 2167/1496/1229 2166/1496/1229
f 2165/1493/1231 2168/1493/1231 2169/1492/1231
f 2155/1465/1231 2158/1466/1231 2164/1466/1231
f 2163/1461/1229 2157/1461/1229 2156/1459/1229
f 2161/1464/1344 2156/1464/1344 2170/1462/1344
f 2100/1457/1229 2174/1452/1229 2173/1451/1229
f 2098/1460/1234 2172/1523/1234 2217/1459/1234
f 2216/1462/1230 2217/1464/1230 2172/1463/1230
f 2100/1457/1234 2164/1466/1234 2218/1465/1234
f 2172/1445/1235 2098/1566/1235 2097/1467/1235
f 2175/1469/1236 2176/1472/1236 2198/1468/1236
f 2176/1472/1237 2177/1474/1237 2199/1471/1237
f 2177/1474/1238 2178/1463/1238 2200/1473/1238
f 2178/1463/1239 2179/1477/1239 2201/1475/1239
f 2179/1477/1240 2180/1453/1240 2202/1476/1240
f 2180/1453/1241 2181/1483/1241 2203/1478/1241
f 2177/1499/1230 2176/1567/1230 2175/1481/1230
f 2175/1481/1230 2182/1570/1230 2181/1480/1230
f 2181/1480/1230 2180/1569/1230 2179/1479/1230
f 2179/1479/1230 2178/1568/1230 2177/1499/1230
f 2177/1499/1230 2175/1481/1230 2181/1480/1230
f 2181/1483/1242 2182/1485/1242 2204/1482/1242
f 2182/1485/1243 2175/1571/1243 2197/1484/1243
f 2185/1446/1232 2186/1448/1232 2190/1450/1232
f 2188/1452/1230 2184/1463/1230 2183/1453/1230
f 2189/1449/1244 2187/1451/1244 2183/1454/1244
f 2124/1450/1246 2122/1452/1246 2118/1463/1246
f 2183/1454/1245 2192/1454/1245 2191/1455/1245
f 2192/1454/1233 2194/1454/1233 2193/1455/1233
f 2183/1453/1230 2184/1453/1230 2194/1453/1230
f 2120/1446/1235 2118/1463/1235 2128/1453/1235
f 2185/1446/1232 2191/1446/1232 2193/1446/1232
f 2188/1452/1339 2196/1452/1339 2195/1450/1339
f 2203/1478/1230 2204/1482/1230 2211/1482/1230
f 2204/1482/1230 2197/1484/1230 2212/1484/1230
f 2198/1468/1230 2205/1468/1230 2212/1470/1230
f 2199/1471/1230 2206/1471/1230 2205/1468/1230
f 2199/1471/1230 2200/1473/1230 2207/1473/1230
f 2211/1482/1243 2212/1484/1243 2139/1487/1243
f 2210/1478/1242 2211/1482/1242 2152/1455/1242
f 2209/1476/1241 2210/1478/1241 2150/1488/1241
f 2208/1475/1240 2209/1476/1240 2148/1449/1240
f 2207/1473/1239 2208/1475/1239 2146/1489/1239
f 2206/1471/1238 2207/1473/1238 2144/1450/1238
f 2205/1468/1237 2206/1471/1237 2142/1490/1237
f 2212/1470/1236 2205/1468/1236 2140/1456/1236
f 2203/1478/1230 2210/1478/1230 2209/1476/1230
f 2202/1476/1230 2209/1476/1230 2208/1475/1230
f 2200/1473/1230 2201/1475/1230 2208/1475/1230
f 2214/1459/1345 2213/1465/1345 2158/1466/1345
f 2099/1458/1233 2173/1451/1233 2215/1492/1233
f 2097/1494/1233 2166/1496/1233 2216/1495/1233
f 2215/1497/1346 2218/1498/1346 2213/1498/1346
f 2173/1451/1230 2174/1452/1230 2218/1498/1230
f 2219/1492/1347 2220/1495/1347 2167/1496/1347
f 2214/1464/1348 2220/1462/1348 2219/1497/1348
f 2166/1496/1229 2167/1496/1229 2220/1495/1229
f 2165/1493/1231 2215/1492/1231 2219/1492/1231
f 2164/1466/1231 2158/1466/1231 2213/1465/1231
f 2163/1461/1229 2217/1459/1229 2214/1459/1229
f 2217/1464/1349 2216/1462/1349 2220/1462/1349
f 2223/1451/1229 2224/1452/1229 2228/1457/1229
f 2289/1459/1234 2222/1523/1234 2226/1460/1234
f 2288/1462/1232 2221/1453/1232 2222/1463/1232
f 2228/1457/1234 2224/1452/1234 2290/1465/1234
f 2225/1467/1235 2226/1566/1235 2222/1445/1235
f 2260/1468/1236 2232/1472/1236 2230/1469/1236
f 2261/1471/1237 2234/1474/1237 2232/1472/1237
f 2262/1473/1238 2236/1463/1238 2234/1474/1238
f 2263/1475/1239 2238/1477/1239 2236/1463/1239
f 2264/1476/1240 2240/1453/1240 2238/1477/1240
f 2265/1478/1241 2242/1483/1241 2240/1453/1241
f 2230/1481/1232 2232/1567/1232 2234/1499/1232
f 2234/1499/1232 2236/1568/1232 2238/1479/1232
f 2238/1479/1232 2240/1569/1232 2242/1480/1232
f 2242/1480/1232 2244/1570/1232 2230/1481/1232
f 2230/1481/1232 2234/1499/1232 2238/1479/1232
f 2266/1482/1242 2244/1485/1242 2242/1483/1242
f 2259/1484/1243 2230/1571/1243 2244/1485/1243
f 2247/1446/1230 2251/1449/1230 2252/1450/1230
f 2245/1453/1232 2246/1463/1232 2250/1452/1232
f 2245/1454/1244 2249/1451/1244 2251/1449/1244
f 2314/1446/1235 2321/1455/1235 2322/1453/1235
f 2253/1455/1245 2254/1454/1245 2245/1454/1245
f 2255/1455/1233 2256/1454/1233 2254/1454/1233
f 2245/1453/1232 2254/1453/1232 2256/1453/1232
f 2316/1452/1246 2318/1450/1246 2314/1448/1246
f 2255/1446/1230 2253/1446/1230 2247/1446/1230
f 2257/1450/1339 2258/1452/1339 2250/1452/1339
f 2265/1478/1232 2279/1478/1232 2281/1482/1232
f 2239/1486/1232 2237/1486/1232 2274/1486/1232
f 2266/1482/1232 2281/1482/1232 2282/1484/1232
f 2282/1470/1232 2269/1468/1232 2260/1468/1232
f 2241/1486/1232 2278/1486/1232 2280/1486/1232
f 2233/1486/1232 2231/1486/1232 2268/1486/1232
f 2269/1468/1232 2271/1471/1232 2261/1471/1232
f 2261/1471/1232 2271/1471/1232 2273/1473/1232
f 2267/1487/1243 2282/1484/1243 2281/1482/1243
f 2280/1455/1242 2281/1482/1242 2279/1478/1242
f 2278/1488/1241 2279/1478/1241 2277/1476/1241
f 2276/1449/1240 2277/1476/1240 2275/1475/1240
f 2274/1489/1239 2275/1475/1239 2273/1473/1239
f 2272/1450/1238 2273/1473/1238 2271/1471/1238
f 2270/1490/1237 2271/1471/1237 2269/1468/1237
f 2268/1456/1236 2269/1468/1236 2282/1470/1236
f 2233/1486/1232 2270/1486/1232 2272/1486/1232
f 2243/1486/1232 2280/1486/1232 2267/1486/1232
f 2277/1476/1232 2279/1478/1232 2265/1478/1232
f 2231/1486/1232 2229/1486/1232 2267/1486/1232
f 2275/1475/1232 2277/1476/1232 2264/1476/1232
f 2241/1486/1232 2239/1486/1232 2276/1486/1232
f 2262/1473/1232 2273/1473/1232 2275/1475/1232
f 2235/1486/1232 2272/1486/1232 2274/1486/1232
f 2286/1466/1340 2283/1465/1340 2284/1459/1340
f 2287/1492/1233 2223/1451/1233 2227/1458/1233
f 2225/1494/1233 2221/1454/1233 2288/1495/1233
f 2287/1497/1341 2297/1497/1341 2283/1498/1341
f 2291/1486/1230 2285/1486/1230 2286/1486/1230
f 2293/1486/1230 2296/1486/1230 2295/1486/1230
f 2223/1451/1232 2287/1497/1232 2290/1498/1232
f 2295/1496/1342 2298/1495/1342 2297/1492/1342
f 2284/1464/1343 2283/1498/1343 2297/1497/1343
f 2298/1495/1229 2295/1496/1229 2294/1496/1229
f 2293/1493/1231 2296/1493/1231 2297/1492/1231
f 2283/1465/1231 2286/1466/1231 2292/1466/1231
f 2291/1461/1229 2285/1461/1229 2284/1459/1229
f 2289/1464/1344 2284/1464/1344 2298/1462/1344
f 2228/1457/1229 2302/1452/1229 2301/1451/1229
f 2226/1460/1234 2300/1523/1234 2345/1459/1234
f 2344/1462/1230 2345/1464/1230 2300/1463/1230
f 2228/1457/1234 2292/1466/1234 2346/1465/1234
f 2300/1445/1235 2226/1566/1235 2225/1467/1235
f 2303/1469/1236 2304/1472/1236 2326/1468/1236
f 2304/1472/1237 2305/1474/1237 2327/1471/1237
f 2305/1474/1238 2306/1463/1238 2328/1473/1238
f 2306/1463/1239 2307/1477/1239 2329/1475/1239
f 2307/1477/1240 2308/1453/1240 2330/1476/1240
f 2308/1453/1241 2309/1483/1241 2331/1478/1241
f 2305/1499/1230 2304/1567/1230 2303/1481/1230
f 2303/1481/1230 2310/1570/1230 2309/1480/1230
f 2309/1480/1230 2308/1569/1230 2307/1479/1230
f 2307/1479/1230 2306/1568/1230 2305/1499/1230
f 2305/1499/1230 2303/1481/1230 2309/1480/1230
f 2309/1483/1242 2310/1485/1242 2332/1482/1242
f 2310/1485/1243 2303/1571/1243 2325/1484/1243
f 2313/1446/1232 2314/1448/1232 2318/1450/1232
f 2316/1452/1230 2312/1463/1230 2311/1453/1230
f 2317/1449/1244 2315/1451/1244 2311/1454/1244
f 2252/1450/1246 2250/1452/1246 2246/1463/1246
f 2311/1454/1245 2320/1454/1245 2319/1455/1245
f 2320/1454/1233 2322/1454/1233 2321/1455/1233
f 2311/1453/1230 2312/1453/1230 2322/1453/1230
f 2248/1446/1235 2246/1463/1235 2256/1453/1235
f 2313/1446/1232 2319/1446/1232 2321/1446/1232
f 2316/1452/1339 2324/1452/1339 2323/1450/1339
f 2331/1478/1230 2332/1482/1230 2339/1482/1230
f 2332/1482/1230 2325/1484/1230 2340/1484/1230
f 2326/1468/1230 2333/1468/1230 2340/1470/1230
f 2327/1471/1230 2334/1471/1230 2333/1468/1230
f 2327/1471/1230 2328/1473/1230 2335/1473/1230
f 2339/1482/1243 2340/1484/1243 2267/1487/1243
f 2338/1478/1242 2339/1482/1242 2280/1455/1242
f 2337/1476/1241 2338/1478/1241 2278/1488/1241
f 2336/1475/1240 2337/1476/1240 2276/1449/1240
f 2335/1473/1239 2336/1475/1239 2274/1489/1239
f 2334/1471/1238 2335/1473/1238 2272/1450/1238
f 2333/1468/1237 2334/1471/1237 2270/1490/1237
f 2340/1470/1236 2333/1468/1236 2268/1456/1236
f 2331/1478/1230 2338/1478/1230 2337/1476/1230
f 2330/1476/1230 2337/1476/1230 2336/1475/1230
f 2328/1473/1230 2329/1475/1230 2336/1475/1230
f 2342/1459/1345 2341/1465/1345 2286/1466/1345
f 2227/1458/1233 2301/1451/1233 2343/1492/1233
f 2225/1494/1233 2294/1496/1233 2344/1495/1233
f 2343/1497/1346 2346/1498/1346 2341/1498/1346
f 2301/1451/1230 2302/1452/1230 2346/1498/1230
f 2347/1492/1347 2348/1495/1347 2295/1496/1347
f 2342/1464/1348 2348/1462/1348 2347/1497/1348
f 2294/1496/1229 2295/1496/1229 2348/1495/1229
f 2293/1493/1231 2343/1492/1231 2347/1492/1231
f 2292/1466/1231 2286/1466/1231 2341/1465/1231
f 2291/1461/1229 2345/1459/1229 2342/1459/1229
f 2345/1464/1349 2344/1462/1349 2348/1462/1349
f 2364/1500/1229 2352/1448/1229 2351/1446/1229
f 2352/1448/1230 2356/1450/1230 2355/1449/1230
f 2372/1502/1231 2354/1452/1231 2353/1451/1231
f 2354/1452/1232 2350/1463/1232 2349/1453/1232
f 2365/1503/1233 2353/1451/1233 2349/1454/1233
f 2361/1505/1234 2350/1523/1234 2354/1452/1234
f 2356/1450/1234 2352/1456/1234 2364/1506/1234
f 2369/1507/1258 2364/1506/1258 2363/1508/1258
f 2370/1509/1234 2363/1508/1234 2362/1510/1234
f 2371/1511/1259 2362/1510/1259 2361/1505/1259
f 2351/1455/1233 2355/1449/1233 2368/1512/1233
f 2357/1513/1260 2368/1512/1260 2367/1514/1260
f 2358/1515/1233 2367/1514/1233 2366/1516/1233
f 2359/1517/1261 2366/1516/1261 2365/1503/1261
f 2356/1450/1231 2369/1507/1231 2368/1512/1231
f 2369/1507/1231 2370/1509/1231 2367/1514/1231
f 2370/1509/1231 2371/1511/1231 2366/1516/1231
f 2366/1516/1231 2371/1511/1231 2372/1502/1231
f 2350/1445/1229 2361/1519/1229 2360/1518/1229
f 2361/1519/1229 2362/1521/1229 2359/1520/1229
f 2362/1521/1229 2363/1564/1229 2358/1522/1229
f 2358/1522/1229 2363/1564/1229 2364/1500/1229
f 2374/1445/1229 2376/1448/1229 2375/1446/1229
f 2380/1450/1234 2384/1450/1234 2381/1456/1234
f 2379/1449/1231 2380/1450/1231 2378/1452/1231
f 2374/1523/1234 2386/1523/1234 2387/1452/1234
f 2379/1449/1262 2377/1451/1262 2373/1454/1262
f 2376/1456/1263 2374/1523/1263 2378/1452/1263
f 2387/1452/1232 2386/1463/1232 2385/1453/1232
f 2376/1448/1229 2381/1448/1229 2382/1446/1229
f 2379/1449/1231 2383/1449/1231 2384/1450/1231
f 2375/1455/1233 2382/1455/1233 2383/1449/1233
f 2378/1452/1231 2387/1452/1231 2388/1451/1231
f 2373/1447/1229 2385/1447/1229 2386/1445/1229
f 2377/1451/1233 2388/1451/1233 2385/1454/1233
f 2391/1446/1229 2392/1448/1229 2390/1445/1229
f 2397/1456/1234 2400/1450/1234 2396/1450/1234
f 2395/1449/1231 2393/1451/1231 2394/1452/1231
f 2403/1452/1234 2402/1523/1234 2390/1523/1234
f 2389/1454/1264 2393/1451/1264 2395/1449/1264
f 2394/1452/1265 2390/1523/1265 2392/1456/1265
f 2401/1453/1230 2402/1463/1230 2403/1452/1230
f 2398/1446/1229 2397/1448/1229 2392/1448/1229
f 2400/1450/1231 2399/1449/1231 2395/1449/1231
f 2399/1449/1233 2398/1455/1233 2391/1455/1233
f 2404/1451/1231 2403/1452/1231 2394/1452/1231
f 2402/1445/1229 2401/1447/1229 2389/1447/1229
f 2401/1454/1233 2404/1451/1233 2393/1451/1233
f 2406/1469/1266 2408/1525/1266 2407/1524/1266
f 2408/1525/1231 2410/1527/1231 2409/1526/1231
f 2410/1527/1267 2412/1529/1267 2411/1528/1267
f 2412/1529/1268 2414/1533/1268 2413/1530/1268
f 2410/1532/1234 2408/1572/1234 2406/1481/1234
f 2406/1481/1234 2416/1573/1234 2414/1531/1234
f 2414/1531/1234 2412/1479/1234 2410/1532/1234
f 2414/1533/1229 2416/1535/1229 2415/1534/1229
f 2416/1535/1269 2406/1574/1269 2405/1536/1269
f 2415/1539/1233 2405/1575/1233 2407/1537/1233
f 2407/1537/1233 2409/1576/1233 2411/1538/1233
f 2411/1538/1233 2413/1577/1233 2415/1539/1233
f 2418/1469/1266 2420/1525/1266 2419/1524/1266
f 2420/1525/1231 2422/1527/1231 2421/1526/1231
f 2422/1527/1267 2424/1529/1267 2423/1528/1267
f 2424/1529/1268 2426/1533/1268 2425/1530/1268
f 2422/1532/1234 2420/1572/1234 2418/1481/1234
f 2418/1481/1234 2428/1573/1234 2426/1531/1234
f 2426/1531/1234 2424/1479/1234 2422/1532/1234
f 2426/1533/1229 2428/1535/1229 2427/1534/1229
f 2428/1535/1269 2418/1574/1269 2417/1536/1269
f 2427/1539/1233 2417/1575/1233 2419/1537/1233
f 2419/1537/1233 2421/1576/1233 2423/1538/1233
f 2423/1538/1233 2425/1577/1233 2427/1539/1233
f 2430/1469/1266 2432/1525/1266 2431/1524/1266
f 2432/1525/1231 2434/1527/1231 2433/1526/1231
f 2434/1527/1267 2436/1529/1267 2435/1528/1267
f 2436/1529/1268 2438/1533/1268 2437/1530/1268
f 2434/1532/1234 2432/1572/1234 2430/1481/1234
f 2430/1481/1234 2440/1573/1234 2438/1531/1234
f 2438/1531/1234 2436/1479/1234 2434/1532/1234
f 2438/1533/1229 2440/1535/1229 2439/1534/1229
f 2440/1535/1269 2430/1574/1269 2429/1536/1269
f 2439/1539/1233 2429/1575/1233 2431/1537/1233
f 2431/1537/1233 2433/1576/1233 2435/1538/1233
f 2435/1538/1233 2437/1577/1233 2439/1539/1233
f 2442/1469/1266 2444/1525/1266 2443/1524/1266
f 2444/1525/1231 2446/1527/1231 2445/1526/1231
f 2446/1527/1267 2448/1529/1267 2447/1528/1267
f 2448/1529/1268 2450/1533/1268 2449/1530/1268
f 2446/1532/1234 2444/1572/1234 2442/1481/1234
f 2442/1481/1234 2452/1573/1234 2450/1531/1234
f 2450/1531/1234 2448/1479/1234 2446/1532/1234
f 2450/1533/1229 2452/1535/1229 2451/1534/1229
f 2452/1535/1269 2442/1574/1269 2441/1536/1269
f 2451/1539/1233 2441/1575/1233 2443/1537/1233
f 2443/1537/1233 2445/1576/1233 2447/1538/1233
f 2447/1538/1233 2449/1577/1233 2451/1539/1233
f 2454/1469/1266 2456/1525/1266 2455/1524/1266
f 2456/1525/1231 2458/1527/1231 2457/1526/1231
f 2458/1527/1267 2460/1529/1267 2459/1528/1267
f 2460/1529/1268 2462/1533/1268 2461/1530/1268
f 2458/1532/1234 2456/1572/1234 2454/1481/1234
f 2454/1481/1234 2464/1573/1234 2462/1531/1234
f 2462/1531/1234 2460/1479/1234 2458/1532/1234
f 2462/1533/1229 2464/1535/1229 2463/1534/1229
f 2464/1535/1269 2454/1574/1269 2453/1536/1269
f 2463/1539/1233 2453/1575/1233 2455/1537/1233
f 2455/1537/1233 2457/1576/1233 2459/1538/1233
f 2459/1538/1233 2461/1577/1233 2463/1539/1233
f 2466/1469/1266 2468/1525/1266 2467/1524/1266
f 2468/1525/1231 2470/1527/1231 2469/1526/1231
f 2470/1527/1267 2472/1529/1267 2471/1528/1267
f 2472/1529/1268 2474/1533/1268 2473/1530/1268
f 2470/1532/1234 2468/1572/1234 2466/1481/1234
f 2466/1481/1234 2476/1573/1234 2474/1531/1234
f 2474/1531/1234 2472/1479/1234 2470/1532/1234
f 2474/1533/1229 2476/1535/1229 2475/1534/1229
f 2476/1535/1269 2466/1574/1269 2465/1536/1269
f 2475/1539/1233 2465/1575/1233 2467/1537/1233
f 2467/1537/1233 2469/1576/1233 2471/1538/1233
f 2471/1538/1233 2473/1577/1233 2475/1539/1233
f 2478/1523/1234 2482/1523/1234 2483/1452/1234
f 2483/1452/1232 2482/1463/1232 2481/1453/1232
f 2480/1452/1231 2483/1452/1231 2484/1451/1231
f 2477/1447/1229 2481/1447/1229 2482/1445/1229
f 2479/1451/1233 2484/1451/1233 2481/1454/1233
f 2478/1523/1230 2480/1452/1230 2479/1451/1230
f 2486/1523/1234 2490/1523/1234 2491/1452/1234
f 2491/1452/1232 2490/1463/1232 2489/1453/1232
f 2488/1452/1231 2491/1452/1231 2492/1451/1231
f 2487/1451/1233 2492/1451/1233 2489/1454/1233
f 2486/1523/1230 2488/1452/1230 2487/1451/1230
f 2494/1523/1234 2498/1523/1234 2499/1452/1234
f 2499/1452/1232 2498/1463/1232 2497/1453/1232
f 2496/1452/1231 2499/1452/1231 2500/1451/1231
f 2493/1447/1229 2497/1447/1229 2498/1445/1229
f 2495/1451/1233 2500/1451/1233 2497/1454/1233
f 2494/1523/1230 2496/1452/1230 2495/1451/1230
f 2502/1523/1234 2506/1523/1234 2507/1452/1234
f 2507/1452/1232 2506/1463/1232 2505/1453/1232
f 2504/1452/1231 2507/1452/1231 2508/1451/1231
f 2501/1447/1229 2505/1447/1229 2506/1445/1229
f 2503/1451/1233 2508/1451/1233 2505/1454/1233
f 2502/1523/1230 2504/1452/1230 2503/1451/1230
f 2510/1445/1270 2512/1448/1270 2511/1446/1270
f 2511/1446/1230 2512/1448/1230 2516/1450/1230
f 2516/1450/1271 2514/1452/1271 2513/1451/1271
f 2514/1452/1232 2510/1463/1232 2509/1453/1232
f 2515/1449/1272 2513/1451/1272 2509/1454/1272
f 2512/1456/1273 2510/1523/1273 2514/1452/1273
f 2542/1523/1234 2546/1523/1234 2547/1452/1234
f 2520/1469/1243 2522/1472/1243 2521/1456/1243
f 2536/1456/1273 2517/1523/1273 2538/1452/1273
f 2522/1472/1242 2524/1474/1242 2523/1490/1242
f 2542/1523/1230 2544/1452/1230 2543/1451/1230
f 2539/1449/1272 2537/1451/1272 2518/1454/1272
f 2524/1474/1241 2526/1463/1241 2525/1450/1241
f 2543/1451/1233 2548/1451/1233 2545/1454/1233
f 2538/1452/1232 2517/1463/1232 2518/1453/1232
f 2526/1463/1240 2528/1477/1240 2527/1489/1240
f 2541/1447/1229 2545/1447/1229 2546/1445/1229
f 2540/1450/1271 2538/1452/1271 2537/1451/1271
f 2528/1477/1239 2530/1453/1239 2529/1449/1239
f 2544/1452/1231 2547/1452/1231 2548/1451/1231
f 2535/1446/1230 2536/1448/1230 2540/1450/1230
f 2530/1453/1238 2532/1483/1238 2531/1488/1238
f 2524/1499/1232 2522/1567/1232 2520/1481/1232
f 2520/1481/1232 2534/1570/1232 2532/1480/1232
f 2532/1480/1232 2530/1569/1232 2528/1479/1232
f 2528/1479/1232 2526/1568/1232 2524/1499/1232
f 2524/1499/1232 2520/1481/1232 2532/1480/1232
f 2517/1445/1270 2536/1448/1270 2535/1446/1270
f 2532/1483/1237 2534/1485/1237 2533/1455/1237
f 2547/1452/1232 2546/1463/1232 2545/1453/1232
f 2534/1485/1236 2520/1571/1236 2519/1487/1236
f 2533/1542/1230 2519/1575/1230 2521/1565/1230
f 2521/1565/1230 2523/1578/1230 2525/1540/1230
f 2525/1540/1230 2527/1538/1230 2529/1541/1230
f 2529/1541/1230 2531/1579/1230 2533/1542/1230
f 2533/1542/1230 2521/1565/1230 2525/1540/1230
f 2550/1469/1274 2552/1544/1274 2551/1543/1274
f 2552/1544/1275 2554/1546/1275 2553/1545/1275
f 2554/1546/1276 2556/1548/1276 2555/1547/1276
f 2556/1548/1277 2558/1550/1277 2557/1549/1277
f 2558/1550/1278 2560/1552/1278 2559/1551/1278
f 2560/1552/1279 2562/1580/1279 2561/1553/1279
f 2561/1553/1233 2549/1491/1233 2551/1543/1233
f 2551/1543/1233 2553/1545/1233 2555/1547/1233
f 2555/1547/1233 2557/1549/1233 2559/1551/1233
f 2559/1551/1233 2561/1553/1233 2551/1543/1233
f 2566/1448/1230 2570/1450/1230 2569/1449/1230
f 2570/1450/1231 2568/1452/1231 2567/1451/1231
f 2568/1452/1232 2564/1463/1232 2563/1453/1232
f 2569/1449/1233 2567/1451/1233 2563/1454/1233
f 2566/1456/1234 2564/1523/1234 2568/1452/1234
f 2571/1554/1280 2572/1557/1280 2577/1555/1280
f 2572/1557/1281 2573/1559/1281 2578/1558/1281
f 2573/1559/1282 2574/1561/1282 2579/1560/1282
f 2574/1561/1283 2575/1563/1283 2580/1562/1283
f 2582/1556/1284 2583/1555/1284 2584/1557/1284
f 2583/1555/1285 2585/1558/1285 2586/1559/1285
f 2587/1560/1286 2588/1561/1286 2586/1559/1286
f 2589/1562/1287 2590/1563/1287 2588/1561/1287
f 2584/1557/1229 2586/1559/1229 2573/1559/1229
f 2575/1563/1304 2590/1563/1304 2589/1562/1304
f 2581/1554/1229 2584/1557/1229 2572/1557/1229
f 2589/1562/1231 2587/1560/1231 2579/1560/1231
f 2582/1556/1289 2581/1554/1289 2571/1554/1289
f 2587/1560/1231 2585/1558/1231 2578/1558/1231
f 2578/1558/1231 2585/1558/1231 2583/1555/1231
f 2574/1561/1229 2588/1561/1229 2590/1563/1229
f 2577/1555/1231 2583/1555/1231 2582/1556/1231
f 2573/1559/1229 2586/1559/1229 2588/1561/1229
f 2591/1447/1229 2592/1445/1229 2594/1448/1229
f 2606/1450/1231 2604/1452/1231 2603/1451/1231
f 2598/1450/1231 2596/1452/1231 2595/1451/1231
f 2600/1445/1229 2602/1448/1229 2601/1446/1229
f 2597/1449/1290 2595/1451/1290 2591/1454/1290
f 2594/1456/1291 2592/1523/1291 2596/1452/1291
f 2602/1456/1234 2600/1523/1234 2604/1452/1234
f 2599/1454/1232 2603/1451/1232 2604/1452/1232
f 2610/1469/1292 2612/1525/1292 2611/1524/1292
f 2624/1448/1232 2607/1450/1232 2608/1449/1232
f 2612/1525/1233 2614/1527/1233 2613/1526/1233
f 2626/1450/1231 2624/1452/1231 2623/1451/1231
f 2614/1527/1293 2616/1529/1293 2615/1528/1293
f 2622/1452/1230 2626/1463/1230 2625/1453/1230
f 2616/1529/1294 2618/1533/1294 2617/1530/1294
f 2614/1532/1231 2612/1572/1231 2610/1481/1231
f 2610/1481/1231 2620/1573/1231 2618/1531/1231
f 2618/1531/1231 2616/1479/1231 2614/1532/1231
f 2607/1449/1229 2622/1451/1229 2621/1454/1229
f 2618/1533/1234 2620/1535/1234 2619/1534/1234
f 2620/1535/1295 2610/1574/1295 2609/1536/1295
f 2619/1539/1229 2609/1575/1229 2611/1537/1229
f 2611/1537/1229 2613/1576/1229 2615/1538/1229
f 2615/1538/1229 2617/1577/1229 2619/1539/1229
f 2632/1448/1232 2627/1450/1232 2628/1449/1232
f 2634/1450/1231 2632/1452/1231 2631/1451/1231
f 2630/1452/1230 2634/1463/1230 2633/1453/1230
f 2627/1449/1229 2630/1451/1229 2629/1454/1229
f 2641/1449/1232 2642/1450/1232 2638/1448/1232
f 2639/1451/1231 2640/1452/1231 2642/1450/1231
f 2635/1453/1230 2636/1463/1230 2640/1452/1230
f 2635/1454/1233 2639/1451/1233 2641/1449/1233
f 2640/1452/1234 2636/1523/1234 2638/1456/1234
f 2649/1555/1296 2644/1557/1296 2643/1554/1296
f 2650/1558/1297 2645/1559/1297 2644/1557/1297
f 2651/1560/1298 2646/1561/1298 2645/1559/1298
f 2652/1562/1299 2647/1563/1299 2646/1561/1299
f 2654/1556/1300 2653/1554/1300 2656/1557/1300
f 2655/1555/1301 2656/1557/1301 2658/1559/1301
f 2658/1559/1302 2660/1561/1302 2659/1560/1302
f 2660/1561/1303 2662/1563/1303 2661/1562/1303
f 2645/1559/1229 2658/1559/1229 2656/1557/1229
f 2647/1563/1288 2652/1562/1288 2661/1562/1288
f 2644/1557/1229 2656/1557/1229 2653/1554/1229
f 2651/1560/1231 2659/1560/1231 2661/1562/1231
f 2643/1554/1289 2653/1554/1289 2654/1556/1289
f 2650/1558/1231 2657/1558/1231 2659/1560/1231
f 2650/1558/1231 2649/1555/1231 2655/1555/1231
f 2646/1561/1229 2647/1563/1229 2662/1563/1229
f 2649/1555/1231 2648/1556/1231 2654/1556/1231
f 2645/1559/1229 2646/1561/1229 2660/1561/1229
f 2663/1447/1229 2665/1446/1229 2666/1448/1229
f 2675/1451/1231 2676/1452/1231 2678/1450/1231
f 2667/1451/1231 2668/1452/1231 2670/1450/1231
f 2673/1446/1229 2674/1448/1229 2672/1445/1229
f 2663/1454/1305 2667/1451/1305 2669/1449/1305
f 2668/1452/1306 2664/1523/1306 2666/1456/1306
f 2676/1452/1234 2672/1523/1234 2674/1456/1234
f 2676/1452/1230 2675/1451/1230 2671/1454/1230
f 2683/1524/1293 2684/1525/1293 2682/1469/1293
f 2680/1449/1230 2679/1450/1230 2696/1448/1230
f 2685/1526/1233 2686/1527/1233 2684/1525/1233
f 2695/1451/1231 2696/1452/1231 2698/1450/1231
f 2687/1528/1292 2688/1529/1292 2686/1527/1292
f 2697/1453/1232 2698/1463/1232 2694/1452/1232
f 2689/1530/1295 2690/1533/1295 2688/1529/1295
f 2682/1481/1231 2684/1572/1231 2686/1532/1231
f 2686/1532/1231 2688/1479/1231 2690/1531/1231
f 2690/1531/1231 2692/1573/1231 2682/1481/1231
f 2693/1454/1229 2694/1451/1229 2679/1449/1229
f 2691/1534/1234 2692/1535/1234 2690/1533/1234
f 2681/1536/1294 2682/1574/1294 2692/1535/1294
f 2683/1537/1229 2681/1575/1229 2691/1539/1229
f 2691/1539/1229 2689/1577/1229 2687/1538/1229
f 2687/1538/1229 2685/1576/1229 2683/1537/1229
f 2700/1449/1230 2699/1450/1230 2704/1448/1230
f 2703/1451/1231 2704/1452/1231 2706/1450/1231
f 2705/1453/1232 2706/1463/1232 2702/1452/1232
f 2701/1454/1229 2702/1451/1229 2699/1449/1229
f 2709/1446/1231 2710/1448/1231 2708/1445/1231
f 2713/1449/1230 2714/1450/1230 2710/1448/1230
f 2711/1451/1229 2712/1452/1229 2714/1450/1229
f 2707/1453/1232 2708/1463/1232 2712/1452/1232
f 2707/1454/1233 2711/1451/1233 2713/1449/1233
f 2712/1452/1234 2708/1523/1234 2710/1456/1234
f 2722/1457/1231 2718/1452/1231 2717/1451/1231
f 2720/1460/1234 2716/1523/1234 2783/1459/1234
f 2782/1462/1232 2783/1464/1232 2716/1463/1232
f 2722/1457/1234 2786/1466/1234 2784/1465/1234
f 2716/1445/1307 2720/1566/1307 2719/1467/1307
f 2724/1469/1243 2726/1472/1243 2754/1468/1243
f 2726/1472/1242 2728/1474/1242 2755/1471/1242
f 2728/1474/1241 2730/1463/1241 2756/1473/1241
f 2730/1463/1240 2732/1477/1240 2757/1475/1240
f 2732/1477/1239 2734/1453/1239 2758/1476/1239
f 2734/1453/1238 2736/1483/1238 2759/1478/1238
f 2728/1499/1232 2726/1567/1232 2724/1481/1232
f 2724/1481/1232 2738/1570/1232 2736/1480/1232
f 2736/1480/1232 2734/1569/1232 2732/1479/1232
f 2732/1479/1232 2730/1568/1232 2728/1499/1232
f 2728/1499/1232 2724/1481/1232 2736/1480/1232
f 2736/1483/1237 2738/1485/1237 2760/1482/1237
f 2738/1485/1236 2724/1571/1236 2753/1484/1236
f 2741/1446/1230 2742/1448/1230 2746/1450/1230
f 2744/1452/1232 2740/1463/1232 2739/1453/1232
f 2745/1449/1308 2743/1451/1308 2739/1454/1308
f 2816/1453/1307 2815/1455/1307 2808/1446/1307
f 2739/1454/1309 2748/1454/1309 2747/1455/1309
f 2748/1454/1233 2750/1454/1233 2749/1455/1233
f 2739/1453/1232 2740/1453/1232 2750/1453/1232
f 2808/1448/1310 2812/1450/1310 2810/1452/1310
f 2741/1446/1230 2747/1446/1230 2749/1446/1230
f 2744/1452/1350 2752/1452/1350 2751/1450/1350
f 2759/1478/1232 2760/1482/1232 2775/1482/1232
f 2733/1486/1232 2770/1486/1232 2768/1486/1232
f 2760/1482/1232 2753/1484/1232 2776/1484/1232
f 2754/1468/1232 2763/1468/1232 2776/1470/1232
f 2774/1486/1232 2772/1486/1232 2735/1486/1232
f 2727/1486/1232 2764/1486/1232 2762/1486/1232
f 2755/1471/1232 2765/1471/1232 2763/1468/1232
f 2755/1471/1232 2756/1473/1232 2767/1473/1232
f 2775/1482/1236 2776/1484/1236 2761/1487/1236
f 2773/1478/1237 2775/1482/1237 2774/1455/1237
f 2771/1476/1238 2773/1478/1238 2772/1488/1238
f 2769/1475/1239 2771/1476/1239 2770/1449/1239
f 2767/1473/1240 2769/1475/1240 2768/1489/1240
f 2765/1471/1241 2767/1473/1241 2766/1450/1241
f 2763/1468/1242 2765/1471/1242 2764/1490/1242
f 2776/1470/1243 2763/1468/1243 2762/1456/1243
f 2766/1486/1232 2764/1486/1232 2727/1486/1232
f 2761/1486/1232 2774/1486/1232 2737/1486/1232
f 2759/1478/1232 2773/1478/1232 2771/1476/1232
f 2725/1486/1232 2762/1486/1232 2761/1486/1232
f 2758/1476/1232 2771/1476/1232 2769/1475/1232
f 2735/1486/1232 2772/1486/1232 2770/1486/1232
f 2756/1473/1232 2757/1475/1232 2769/1475/1232
f 2768/1486/1232 2766/1486/1232 2729/1486/1232
f 2778/1459/1351 2777/1465/1351 2780/1466/1351
f 2721/1458/1233 2717/1451/1233 2781/1492/1233
f 2719/1494/1233 2788/1496/1233 2782/1495/1233
f 2781/1497/1352 2784/1498/1352 2777/1498/1352
f 2780/1486/1230 2779/1486/1230 2785/1486/1230
f 2789/1486/1230 2790/1486/1230 2787/1486/1230
f 2717/1451/1232 2718/1452/1232 2784/1498/1232
f 2791/1492/1353 2792/1495/1353 2789/1496/1353
f 2778/1464/1354 2792/1462/1354 2791/1497/1354
f 2788/1496/1231 2789/1496/1231 2792/1495/1231
f 2787/1493/1229 2781/1492/1229 2791/1492/1229
f 2786/1466/1229 2780/1466/1229 2777/1465/1229
f 2785/1461/1231 2783/1459/1231 2778/1459/1231
f 2783/1464/1355 2782/1462/1355 2792/1462/1355
f 2795/1451/1231 2796/1452/1231 2722/1457/1231
f 2839/1459/1234 2794/1523/1234 2720/1460/1234
f 2838/1462/1230 2793/1453/1230 2794/1463/1230
f 2722/1457/1234 2796/1452/1234 2840/1465/1234
f 2719/1467/1307 2720/1566/1307 2794/1445/1307
f 2820/1468/1243 2798/1472/1243 2797/1469/1243
f 2821/1471/1242 2799/1474/1242 2798/1472/1242
f 2822/1473/1241 2800/1463/1241 2799/1474/1241
f 2823/1475/1240 2801/1477/1240 2800/1463/1240
f 2824/1476/1239 2802/1453/1239 2801/1477/1239
f 2825/1478/1238 2803/1483/1238 2802/1453/1238
f 2797/1481/1230 2798/1567/1230 2799/1499/1230
f 2799/1499/1230 2800/1568/1230 2801/1479/1230
f 2801/1479/1230 2802/1569/1230 2803/1480/1230
f 2803/1480/1230 2804/1570/1230 2797/1481/1230
f 2797/1481/1230 2799/1499/1230 2801/1479/1230
f 2826/1482/1237 2804/1485/1237 2803/1483/1237
f 2819/1484/1236 2797/1571/1236 2804/1485/1236
f 2807/1446/1232 2811/1449/1232 2812/1450/1232
f 2805/1453/1230 2806/1463/1230 2810/1452/1230
f 2805/1454/1308 2809/1451/1308 2811/1449/1308
f 2740/1463/1310 2744/1452/1310 2746/1450/1310
f 2813/1455/1309 2814/1454/1309 2805/1454/1309
f 2815/1455/1233 2816/1454/1233 2814/1454/1233
f 2805/1453/1230 2814/1453/1230 2816/1453/1230
f 2750/1453/1307 2740/1463/1307 2742/1446/1307
f 2815/1446/1232 2813/1446/1232 2807/1446/1232
f 2817/1450/1350 2818/1452/1350 2810/1452/1350
f 2825/1478/1230 2832/1478/1230 2833/1482/1230
f 2826/1482/1230 2833/1482/1230 2834/1484/1230
f 2834/1470/1230 2827/1468/1230 2820/1468/1230
f 2827/1468/1230 2828/1471/1230 2821/1471/1230
f 2821/1471/1230 2828/1471/1230 2829/1473/1230
f 2761/1487/1236 2834/1484/1236 2833/1482/1236
f 2774/1455/1237 2833/1482/1237 2832/1478/1237
f 2772/1488/1238 2832/1478/1238 2831/1476/1238
f 2770/1449/1239 2831/1476/1239 2830/1475/1239
f 2768/1489/1240 2830/1475/1240 2829/1473/1240
f 2766/1450/1241 2829/1473/1241 2828/1471/1241
f 2764/1490/1242 2828/1471/1242 2827/1468/1242
f 2762/1456/1243 2827/1468/1243 2834/1470/1243
f 2831/1476/1230 2832/1478/1230 2825/1478/1230
f 2830/1475/1230 2831/1476/1230 2824/1476/1230
f 2822/1473/1230 2829/1473/1230 2830/1475/1230
f 2780/1466/1356 2835/1465/1356 2836/1459/1356
f 2837/1492/1233 2795/1451/1233 2721/1458/1233
f 2719/1494/1233 2793/1454/1233 2838/1495/1233
f 2837/1497/1357 2841/1497/1357 2835/1498/1357
f 2795/1451/1230 2837/1497/1230 2840/1498/1230
f 2789/1496/1358 2842/1495/1358 2841/1492/1358
f 2836/1464/1359 2835/1498/1359 2841/1497/1359
f 2842/1495/1231 2789/1496/1231 2788/1496/1231
f 2787/1493/1229 2790/1493/1229 2841/1492/1229
f 2835/1465/1229 2780/1466/1229 2786/1466/1229
f 2785/1461/1231 2779/1461/1231 2836/1459/1231
f 2839/1464/1360 2836/1464/1360 2842/1462/1360
f 2850/1457/1231 2846/1452/1231 2845/1451/1231
f 2848/1460/1234 2844/1523/1234 2911/1459/1234
f 2910/1462/1232 2911/1464/1232 2844/1463/1232
f 2850/1457/1234 2914/1466/1234 2912/1465/1234
f 2844/1445/1307 2848/1566/1307 2847/1467/1307
f 2852/1469/1243 2854/1472/1243 2882/1468/1243
f 2854/1472/1242 2856/1474/1242 2883/1471/1242
f 2856/1474/1241 2858/1463/1241 2884/1473/1241
f 2858/1463/1240 2860/1477/1240 2885/1475/1240
f 2860/1477/1239 2862/1453/1239 2886/1476/1239
f 2862/1453/1238 2864/1483/1238 2887/1478/1238
f 2856/1499/1232 2854/1567/1232 2852/1481/1232
f 2852/1481/1232 2866/1570/1232 2864/1480/1232
f 2864/1480/1232 2862/1569/1232 2860/1479/1232
f 2860/1479/1232 2858/1568/1232 2856/1499/1232
f 2856/1499/1232 2852/1481/1232 2864/1480/1232
f 2864/1483/1237 2866/1485/1237 2888/1482/1237
f 2866/1485/1236 2852/1571/1236 2881/1484/1236
f 2869/1446/1230 2870/1448/1230 2874/1450/1230
f 2872/1452/1232 2868/1463/1232 2867/1453/1232
f 2873/1449/1308 2871/1451/1308 2867/1454/1308
f 2944/1453/1307 2943/1455/1307 2936/1446/1307
f 2867/1454/1309 2876/1454/1309 2875/1455/1309
f 2876/1454/1233 2878/1454/1233 2877/1455/1233
f 2867/1453/1232 2868/1453/1232 2878/1453/1232
f 2936/1448/1310 2940/1450/1310 2938/1452/1310
f 2869/1446/1230 2875/1446/1230 2877/1446/1230
f 2872/1452/1350 2880/1452/1350 2879/1450/1350
f 2887/1478/1232 2888/1482/1232 2903/1482/1232
f 2861/1486/1232 2898/1486/1232 2896/1486/1232
f 2888/1482/1232 2881/1484/1232 2904/1484/1232
f 2882/1468/1232 2891/1468/1232 2904/1470/1232
f 2902/1486/1232 2900/1486/1232 2863/1486/1232
f 2855/1486/1232 2892/1486/1232 2890/1486/1232
f 2883/1471/1232 2893/1471/1232 2891/1468/1232
f 2883/1471/1232 2884/1473/1232 2895/1473/1232
f 2903/1482/1236 2904/1484/1236 2889/1487/1236
f 2901/1478/1237 2903/1482/1237 2902/1455/1237
f 2899/1476/1238 2901/1478/1238 2900/1488/1238
f 2897/1475/1239 2899/1476/1239 2898/1449/1239
f 2895/1473/1240 2897/1475/1240 2896/1489/1240
f 2893/1471/1241 2895/1473/1241 2894/1450/1241
f 2891/1468/1242 2893/1471/1242 2892/1490/1242
f 2904/1470/1243 2891/1468/1243 2890/1456/1243
f 2894/1486/1232 2892/1486/1232 2855/1486/1232
f 2889/1486/1232 2902/1486/1232 2865/1486/1232
f 2887/1478/1232 2901/1478/1232 2899/1476/1232
f 2853/1486/1232 2890/1486/1232 2889/1486/1232
f 2886/1476/1232 2899/1476/1232 2897/1475/1232
f 2863/1486/1232 2900/1486/1232 2898/1486/1232
f 2884/1473/1232 2885/1475/1232 2897/1475/1232
f 2896/1486/1232 2894/1486/1232 2857/1486/1232
f 2906/1459/1351 2905/1465/1351 2908/1466/1351
f 2849/1458/1233 2845/1451/1233 2909/1492/1233
f 2847/1494/1233 2916/1496/1233 2910/1495/1233
f 2909/1497/1352 2912/1498/1352 2905/1498/1352
f 2908/1486/1230 2907/1486/1230 2913/1486/1230
f 2917/1486/1230 2918/1486/1230 2915/1486/1230
f 2845/1451/1232 2846/1452/1232 2912/1498/1232
f 2919/1492/1353 2920/1495/1353 2917/1496/1353
f 2906/1464/1354 2920/1462/1354 2919/1497/1354
f 2916/1496/1231 2917/1496/1231 2920/1495/1231
f 2915/1493/1229 2909/1492/1229 2919/1492/1229
f 2914/1466/1229 2908/1466/1229 2905/1465/1229
f 2913/1461/1231 2911/1459/1231 2906/1459/1231
f 2911/1464/1355 2910/1462/1355 2920/1462/1355
f 2923/1451/1231 2924/1452/1231 2850/1457/1231
f 2967/1459/1234 2922/1523/1234 2848/1460/1234
f 2966/1462/1230 2921/1453/1230 2922/1463/1230
f 2850/1457/1234 2924/1452/1234 2968/1465/1234
f 2847/1467/1307 2848/1566/1307 2922/1445/1307
f 2948/1468/1243 2926/1472/1243 2925/1469/1243
f 2949/1471/1242 2927/1474/1242 2926/1472/1242
f 2950/1473/1241 2928/1463/1241 2927/1474/1241
f 2951/1475/1240 2929/1477/1240 2928/1463/1240
f 2952/1476/1239 2930/1453/1239 2929/1477/1239
f 2953/1478/1238 2931/1483/1238 2930/1453/1238
f 2925/1481/1230 2926/1567/1230 2927/1499/1230
f 2927/1499/1230 2928/1568/1230 2929/1479/1230
f 2929/1479/1230 2930/1569/1230 2931/1480/1230
f 2931/1480/1230 2932/1570/1230 2925/1481/1230
f 2925/1481/1230 2927/1499/1230 2929/1479/1230
f 2954/1482/1237 2932/1485/1237 2931/1483/1237
f 2947/1484/1236 2925/1571/1236 2932/1485/1236
f 2935/1446/1232 2939/1449/1232 2940/1450/1232
f 2933/1453/1230 2934/1463/1230 2938/1452/1230
f 2933/1454/1308 2937/1451/1308 2939/1449/1308
f 2868/1463/1310 2872/1452/1310 2874/1450/1310
f 2941/1455/1309 2942/1454/1309 2933/1454/1309
f 2943/1455/1233 2944/1454/1233 2942/1454/1233
f 2933/1453/1230 2942/1453/1230 2944/1453/1230
f 2878/1453/1307 2868/1463/1307 2870/1446/1307
f 2943/1446/1232 2941/1446/1232 2935/1446/1232
f 2945/1450/1350 2946/1452/1350 2938/1452/1350
f 2953/1478/1230 2960/1478/1230 2961/1482/1230
f 2954/1482/1230 2961/1482/1230 2962/1484/1230
f 2962/1470/1230 2955/1468/1230 2948/1468/1230
f 2955/1468/1230 2956/1471/1230 2949/1471/1230
f 2949/1471/1230 2956/1471/1230 2957/1473/1230
f 2889/1487/1236 2962/1484/1236 2961/1482/1236
f 2902/1455/1237 2961/1482/1237 2960/1478/1237
f 2900/1488/1238 2960/1478/1238 2959/1476/1238
f 2898/1449/1239 2959/1476/1239 2958/1475/1239
f 2896/1489/1240 2958/1475/1240 2957/1473/1240
f 2894/1450/1241 2957/1473/1241 2956/1471/1241
f 2892/1490/1242 2956/1471/1242 2955/1468/1242
f 2890/1456/1243 2955/1468/1243 2962/1470/1243
f 2959/1476/1230 2960/1478/1230 2953/1478/1230
f 2958/1475/1230 2959/1476/1230 2952/1476/1230
f 2950/1473/1230 2957/1473/1230 2958/1475/1230
f 2908/1466/1356 2963/1465/1356 2964/1459/1356
f 2965/1492/1233 2923/1451/1233 2849/1458/1233
f 2847/1494/1233 2921/1454/1233 2966/1495/1233
f 2965/1497/1357 2969/1497/1357 2963/1498/1357
f 2923/1451/1230 2965/1497/1230 2968/1498/1230
f 2917/1496/1358 2970/1495/1358 2969/1492/1358
f 2964/1464/1359 2963/1498/1359 2969/1497/1359
f 2970/1495/1231 2917/1496/1231 2916/1496/1231
f 2915/1493/1229 2918/1493/1229 2969/1492/1229
f 2963/1465/1229 2908/1466/1229 2914/1466/1229
f 2913/1461/1231 2907/1461/1231 2964/1459/1231
f 2967/1464/1360 2964/1464/1360 2970/1462/1360
f 2973/1446/1231 2974/1448/1231 2986/1500/1231
f 2977/1449/1230 2978/1450/1230 2974/1448/1230
f 2975/1451/1229 2976/1452/1229 2994/1502/1229
f 2971/1453/1232 2972/1463/1232 2976/1452/1232
f 2971/1454/1233 2975/1451/1233 2987/1503/1233
f 2976/1452/1234 2972/1523/1234 2983/1505/1234
f 2978/1450/1234 2991/1507/1234 2986/1506/1234
f 2991/1507/1258 2992/1509/1258 2985/1508/1258
f 2992/1509/1234 2993/1511/1234 2984/1510/1234
f 2993/1511/1259 2994/1502/1259 2983/1505/1259
f 2973/1455/1233 2979/1513/1233 2990/1512/1233
f 2979/1513/1260 2980/1515/1260 2989/1514/1260
f 2980/1515/1233 2981/1517/1233 2988/1516/1233
f 2982/1504/1261 2987/1503/1261 2988/1516/1261
f 2990/1512/1229 2991/1507/1229 2978/1450/1229
f 2989/1514/1229 2992/1509/1229 2991/1507/1229
f 2988/1516/1229 2993/1511/1229 2992/1509/1229
f 2988/1516/1229 2987/1503/1229 2994/1502/1229
f 2982/1518/1231 2983/1519/1231 2972/1445/1231
f 2981/1520/1231 2984/1521/1231 2983/1519/1231
f 2980/1522/1231 2985/1564/1231 2984/1521/1231
f 2980/1522/1231 2979/1501/1231 2986/1500/1231
f 2997/1446/1231 2998/1448/1231 2996/1445/1231
f 3003/1456/1234 3006/1450/1234 3002/1450/1234
f 3001/1449/1229 2999/1451/1229 3000/1452/1229
f 3009/1452/1234 3008/1523/1234 2996/1523/1234
f 2995/1454/1262 2999/1451/1262 3001/1449/1262
f 3000/1452/1263 2996/1523/1263 2998/1456/1263
f 3007/1453/1232 3008/1463/1232 3009/1452/1232
f 3004/1446/1231 3003/1448/1231 2998/1448/1231
f 3006/1450/1229 3005/1449/1229 3001/1449/1229
f 3005/1449/1233 3004/1455/1233 2997/1455/1233
f 3010/1451/1229 3009/1452/1229 3000/1452/1229
f 3008/1445/1231 3007/1447/1231 2995/1447/1231
f 3007/1454/1233 3010/1451/1233 2999/1451/1233
f 3012/1445/1231 3014/1448/1231 3013/1446/1231
f 3018/1450/1234 3022/1450/1234 3019/1456/1234
f 3017/1449/1229 3018/1450/1229 3016/1452/1229
f 3012/1523/1234 3024/1523/1234 3025/1452/1234
f 3017/1449/1264 3015/1451/1264 3011/1454/1264
f 3014/1456/1265 3012/1523/1265 3016/1452/1265
f 3025/1452/1230 3024/1463/1230 3023/1453/1230
f 3014/1448/1231 3019/1448/1231 3020/1446/1231
f 3017/1449/1229 3021/1449/1229 3022/1450/1229
f 3013/1455/1233 3020/1455/1233 3021/1449/1233
f 3016/1452/1229 3025/1452/1229 3026/1451/1229
f 3011/1447/1231 3023/1447/1231 3024/1445/1231
f 3015/1451/1233 3026/1451/1233 3023/1454/1233
f 3029/1524/1269 3030/1525/1269 3028/1469/1269
f 3031/1526/1229 3032/1527/1229 3030/1525/1229
f 3033/1528/1268 3034/1529/1268 3032/1527/1268
f 3035/1530/1267 3036/1533/1267 3034/1529/1267
f 3028/1481/1234 3030/1572/1234 3032/1532/1234
f 3032/1532/1234 3034/1479/1234 3036/1531/1234
f 3036/1531/1234 3038/1573/1234 3028/1481/1234
f 3037/1534/1231 3038/1535/1231 3036/1533/1231
f 3027/1536/1266 3028/1574/1266 3038/1535/1266
f 3029/1537/1233 3027/1575/1233 3037/1539/1233
f 3037/1539/1233 3035/1577/1233 3033/1538/1233
f 3033/1538/1233 3031/1576/1233 3029/1537/1233
f 3041/1524/1269 3042/1525/1269 3040/1469/1269
f 3043/1526/1229 3044/1527/1229 3042/1525/1229
f 3045/1528/1268 3046/1529/1268 3044/1527/1268
f 3047/1530/1267 3048/1533/1267 3046/1529/1267
f 3040/1481/1234 3042/1572/1234 3044/1532/1234
f 3044/1532/1234 3046/1479/1234 3048/1531/1234
f 3048/1531/1234 3050/1573/1234 3040/1481/1234
f 3049/1534/1231 3050/1535/1231 3048/1533/1231
f 3039/1536/1266 3040/1574/1266 3050/1535/1266
f 3041/1537/1233 3039/1575/1233 3049/1539/1233
f 3049/1539/1233 3047/1577/1233 3045/1538/1233
f 3045/1538/1233 3043/1576/1233 3041/1537/1233
f 3053/1524/1269 3054/1525/1269 3052/1469/1269
f 3055/1526/1229 3056/1527/1229 3054/1525/1229
f 3057/1528/1268 3058/1529/1268 3056/1527/1268
f 3059/1530/1267 3060/1533/1267 3058/1529/1267
f 3052/1481/1234 3054/1572/1234 3056/1532/1234
f 3056/1532/1234 3058/1479/1234 3060/1531/1234
f 3060/1531/1234 3062/1573/1234 3052/1481/1234
f 3061/1534/1231 3062/1535/1231 3060/1533/1231
f 3051/1536/1266 3052/1574/1266 3062/1535/1266
f 3053/1537/1233 3051/1575/1233 3061/1539/1233
f 3061/1539/1233 3059/1577/1233 3057/1538/1233
f 3057/1538/1233 3055/1576/1233 3053/1537/1233
f 3065/1524/1269 3066/1525/1269 3064/1469/1269
f 3067/1526/1229 3068/1527/1229 3066/1525/1229
f 3069/1528/1268 3070/1529/1268 3068/1527/1268
f 3071/1530/1267 3072/1533/1267 3070/1529/1267
f 3064/1481/1234 3066/1572/1234 3068/1532/1234
f 3068/1532/1234 3070/1479/1234 3072/1531/1234
f 3072/1531/1234 3074/1573/1234 3064/1481/1234
f 3073/1534/1231 3074/1535/1231 3072/1533/1231
f 3063/1536/1266 3064/1574/1266 3074/1535/1266
f 3065/1537/1233 3063/1575/1233 3073/1539/1233
f 3073/1539/1233 3071/1577/1233 3069/1538/1233
f 3069/1538/1233 3067/1576/1233 3065/1537/1233
f 3077/1524/1269 3078/1525/1269 3076/1469/1269
f 3079/1526/1229 3080/1527/1229 3078/1525/1229
f 3081/1528/1268 3082/1529/1268 3080/1527/1268
f 3083/1530/1267 3084/1533/1267 3082/1529/1267
f 3076/1481/1234 3078/1572/1234 3080/1532/1234
f 3080/1532/1234 3082/1479/1234 3084/1531/1234
f 3084/1531/1234 3086/1573/1234 3076/1481/1234
f 3085/1534/1231 3086/1535/1231 3084/1533/1231
f 3075/1536/1266 3076/1574/1266 3086/1535/1266
f 3077/1537/1233 3075/1575/1233 3085/1539/1233
f 3085/1539/1233 3083/1577/1233 3081/1538/1233
f 3081/1538/1233 3079/1576/1233 3077/1537/1233
f 3089/1524/1269 3090/1525/1269 3088/1469/1269
f 3091/1526/1229 3092/1527/1229 3090/1525/1229
f 3093/1528/1268 3094/1529/1268 3092/1527/1268
f 3095/1530/1267 3096/1533/1267 3094/1529/1267
f 3088/1481/1234 3090/1572/1234 3092/1532/1234
f 3092/1532/1234 3094/1479/1234 3096/1531/1234
f 3096/1531/1234 3098/1573/1234 3088/1481/1234
f 3097/1534/1231 3098/1535/1231 3096/1533/1231
f 3087/1536/1266 3088/1574/1266 3098/1535/1266
f 3089/1537/1233 3087/1575/1233 3097/1539/1233
f 3097/1539/1233 3095/1577/1233 3093/1538/1233
f 3093/1538/1233 3091/1576/1233 3089/1537/1233
f 3105/1452/1234 3104/1523/1234 3100/1523/1234
f 3103/1453/1232 3104/1463/1232 3105/1452/1232
f 3106/1451/1229 3105/1452/1229 3102/1452/1229
f 3104/1445/1231 3103/1447/1231 3099/1447/1231
f 3103/1454/1233 3106/1451/1233 3101/1451/1233
f 3101/1451/1230 3102/1452/1230 3100/1523/1230
f 3109/1452/1234 2490/1523/1234 2486/1523/1234
f 2489/1453/1232 2490/1463/1232 3109/1452/1232
f 3110/1451/1229 3109/1452/1229 3108/1452/1229
f 2489/1454/1233 3110/1451/1233 3107/1451/1233
f 3107/1451/1230 3108/1452/1230 2486/1523/1230
f 3117/1452/1234 3116/1523/1234 3112/1523/1234
f 3115/1453/1232 3116/1463/1232 3117/1452/1232
f 3118/1451/1229 3117/1452/1229 3114/1452/1229
f 3116/1445/1231 3115/1447/1231 3111/1447/1231
f 3115/1454/1233 3118/1451/1233 3113/1451/1233
f 3113/1451/1230 3114/1452/1230 3112/1523/1230
f 3125/1452/1234 3124/1523/1234 3120/1523/1234
f 3123/1453/1232 3124/1463/1232 3125/1452/1232
f 3126/1451/1229 3125/1452/1229 3122/1452/1229
f 3124/1445/1231 3123/1447/1231 3119/1447/1231
f 3123/1454/1233 3126/1451/1233 3121/1451/1233
f 3121/1451/1230 3122/1452/1230 3120/1523/1230
f 3129/1446/1272 3130/1448/1272 3128/1445/1272
f 3129/1446/1230 3133/1449/1230 3134/1450/1230
f 3131/1451/1273 3132/1452/1273 3134/1450/1273
f 3127/1453/1232 3128/1463/1232 3132/1452/1232
f 3127/1454/1270 3131/1451/1270 3133/1449/1270
f 3132/1452/1271 3128/1523/1271 3130/1456/1271
f 3165/1452/1234 3164/1523/1234 3160/1523/1234
f 3139/1456/1236 3140/1472/1236 3138/1469/1236
f 3156/1452/1271 3135/1523/1271 3154/1456/1271
f 3141/1490/1237 3142/1474/1237 3140/1472/1237
f 3161/1451/1230 3162/1452/1230 3160/1523/1230
f 3136/1454/1270 3155/1451/1270 3157/1449/1270
f 3143/1450/1238 3144/1463/1238 3142/1474/1238
f 3163/1454/1233 3166/1451/1233 3161/1451/1233
f 3136/1453/1232 3135/1463/1232 3156/1452/1232
f 3145/1489/1239 3146/1477/1239 3144/1463/1239
f 3164/1445/1231 3163/1447/1231 3159/1447/1231
f 3155/1451/1273 3156/1452/1273 3158/1450/1273
f 3147/1449/1240 3148/1453/1240 3146/1477/1240
f 3166/1451/1229 3165/1452/1229 3162/1452/1229
f 3153/1446/1230 3157/1449/1230 3158/1450/1230
f 3149/1488/1241 3150/1483/1241 3148/1453/1241
f 3138/1481/1232 3140/1567/1232 3142/1499/1232
f 3142/1499/1232 3144/1568/1232 3146/1479/1232
f 3146/1479/1232 3148/1569/1232 3150/1480/1232
f 3150/1480/1232 3152/1570/1232 3138/1481/1232
f 3138/1481/1232 3142/1499/1232 3146/1479/1232
f 3153/1446/1272 3154/1448/1272 3135/1445/1272
f 3151/1455/1242 3152/1485/1242 3150/1483/1242
f 3163/1453/1232 3164/1463/1232 3165/1452/1232
f 3137/1487/1243 3138/1571/1243 3152/1485/1243
f 3139/1565/1230 3137/1575/1230 3151/1542/1230
f 3151/1542/1230 3149/1579/1230 3147/1541/1230
f 3147/1541/1230 3145/1538/1230 3143/1540/1230
f 3143/1540/1230 3141/1578/1230 3139/1565/1230
f 3139/1565/1230 3151/1542/1230 3147/1541/1230
f 3167/1543/1318 3168/1544/1318 2550/1469/1318
f 3169/1545/1319 3170/1546/1319 3168/1544/1319
f 3171/1547/1320 3172/1548/1320 3170/1546/1320
f 3173/1549/1321 3174/1550/1321 3172/1548/1321
f 3175/1551/1322 3176/1552/1322 3174/1550/1322
f 2561/1553/1323 2562/1580/1323 3176/1552/1323
f 3167/1543/1233 2549/1491/1233 2561/1553/1233
f 2561/1553/1233 3175/1551/1233 3173/1549/1233
f 3173/1549/1233 3171/1547/1233 3169/1545/1233
f 3169/1545/1233 3167/1543/1233 2561/1553/1233
f 3179/1449/1230 3180/1450/1230 2566/1448/1230
f 3177/1451/1229 3178/1452/1229 3180/1450/1229
f 2563/1453/1232 2564/1463/1232 3178/1452/1232
f 2563/1454/1233 3177/1451/1233 3179/1449/1233
f 3178/1452/1234 2564/1523/1234 2566/1456/1234
f 3187/1555/1324 3182/1557/1324 3181/1554/1324
f 3188/1558/1325 3183/1559/1325 3182/1557/1325
f 3189/1560/1326 3184/1561/1326 3183/1559/1326
f 3190/1562/1327 3185/1563/1327 3184/1561/1327
f 3192/1556/1328 3191/1554/1328 3194/1557/1328
f 3193/1555/1285 3194/1557/1285 3196/1559/1285
f 3196/1559/1286 3198/1561/1286 3197/1560/1286
f 3198/1561/1329 3200/1563/1329 3199/1562/1329
f 3183/1559/1231 3196/1559/1231 3194/1557/1231
f 3185/1563/1338 3190/1562/1338 3199/1562/1338
f 3182/1557/1231 3194/1557/1231 3191/1554/1231
f 3189/1560/1229 3197/1560/1229 3199/1562/1229
f 3181/1554/1331 3191/1554/1331 3192/1556/1331
f 3188/1558/1229 3195/1558/1229 3197/1560/1229
f 3188/1558/1229 3187/1555/1229 3193/1555/1229
f 3184/1561/1231 3185/1563/1231 3200/1563/1231
f 3187/1555/1229 3186/1556/1229 3192/1556/1229
f 3183/1559/1231 3184/1561/1231 3198/1561/1231
f 3201/1447/1231 3203/1446/1231 3204/1448/1231
f 3213/1451/1229 3214/1452/1229 3216/1450/1229
f 3205/1451/1229 3206/1452/1229 3208/1450/1229
f 3211/1446/1231 3212/1448/1231 3210/1445/1231
f 3201/1454/1290 3205/1451/1290 3207/1449/1290
f 3206/1452/1291 3202/1523/1291 3204/1456/1291
f 3214/1452/1234 3210/1523/1234 3212/1456/1234
f 3214/1452/1232 3213/1451/1232 3209/1454/1232
f 3221/1524/1292 3222/1525/1292 3220/1469/1292
f 3218/1449/1232 3217/1450/1232 3234/1448/1232
f 3223/1526/1233 3224/1527/1233 3222/1525/1233
f 3233/1451/1229 3234/1452/1229 3236/1450/1229
f 3225/1528/1293 3226/1529/1293 3224/1527/1293
f 3235/1453/1230 3236/1463/1230 3232/1452/1230
f 3227/1530/1294 3228/1533/1294 3226/1529/1294
f 3220/1481/1229 3222/1572/1229 3224/1532/1229
f 3224/1532/1229 3226/1479/1229 3228/1531/1229
f 3228/1531/1229 3230/1573/1229 3220/1481/1229
f 3231/1454/1231 3232/1451/1231 3217/1449/1231
f 3229/1534/1234 3230/1535/1234 3228/1533/1234
f 3219/1536/1295 3220/1574/1295 3230/1535/1295
f 3221/1537/1231 3219/1575/1231 3229/1539/1231
f 3229/1539/1231 3227/1577/1231 3225/1538/1231
f 3225/1538/1231 3223/1576/1231 3221/1537/1231
f 3238/1449/1232 3237/1450/1232 3242/1448/1232
f 3241/1451/1229 3242/1452/1229 3244/1450/1229
f 3243/1453/1230 3244/1463/1230 3240/1452/1230
f 3239/1454/1231 3240/1451/1231 3237/1449/1231
f 2638/1448/1232 3248/1450/1232 3247/1449/1232
f 3248/1450/1229 3246/1452/1229 3245/1451/1229
f 3246/1452/1230 2636/1463/1230 2635/1453/1230
f 3247/1449/1233 3245/1451/1233 2635/1454/1233
f 2638/1456/1234 2636/1523/1234 3246/1452/1234
f 3249/1554/1332 3250/1557/1332 3255/1555/1332
f 3250/1557/1333 3251/1559/1333 3256/1558/1333
f 3251/1559/1334 3252/1561/1334 3257/1560/1334
f 3252/1561/1335 3253/1563/1335 3258/1562/1335
f 3260/1556/1336 3261/1555/1336 3262/1557/1336
f 3261/1555/1301 3263/1558/1301 3264/1559/1301
f 3265/1560/1302 3266/1561/1302 3264/1559/1302
f 3267/1562/1337 3268/1563/1337 3266/1561/1337
f 3262/1557/1231 3264/1559/1231 3251/1559/1231
f 3253/1563/1330 3268/1563/1330 3267/1562/1330
f 3259/1554/1231 3262/1557/1231 3250/1557/1231
f 3267/1562/1229 3265/1560/1229 3257/1560/1229
f 3260/1556/1331 3259/1554/1331 3249/1554/1331
f 3265/1560/1229 3263/1558/1229 3256/1558/1229
f 3256/1558/1229 3263/1558/1229 3261/1555/1229
f 3252/1561/1231 3266/1561/1231 3268/1563/1231
f 3255/1555/1229 3261/1555/1229 3260/1556/1229
f 3251/1559/1231 3264/1559/1231 3266/1561/1231
f 3269/1447/1231 3270/1445/1231 3272/1448/1231
f 3284/1450/1229 3282/1452/1229 3281/1451/1229
f 3276/1450/1229 3274/1452/1229 3273/1451/1229
f 3278/1445/1231 3280/1448/1231 3279/1446/1231
f 3275/1449/1305 3273/1451/1305 3269/1454/1305
f 3272/1456/1306 3270/1523/1306 3274/1452/1306
f 3280/1456/1234 3278/1523/1234 3282/1452/1234
f 3277/1454/1230 3281/1451/1230 3282/1452/1230
f 3288/1469/1293 3290/1525/1293 3289/1524/1293
f 3302/1448/1230 3285/1450/1230 3286/1449/1230
f 3290/1525/1233 3292/1527/1233 3291/1526/1233
f 3304/1450/1229 3302/1452/1229 3301/1451/1229
f 3292/1527/1292 3294/1529/1292 3293/1528/1292
f 3300/1452/1232 3304/1463/1232 3303/1453/1232
f 3294/1529/1295 3296/1533/1295 3295/1530/1295
f 3292/1532/1229 3290/1572/1229 3288/1481/1229
f 3288/1481/1229 3298/1573/1229 3296/1531/1229
f 3296/1531/1229 3294/1479/1229 3292/1532/1229
f 3285/1449/1231 3300/1451/1231 3299/1454/1231
f 3296/1533/1234 3298/1535/1234 3297/1534/1234
f 3298/1535/1294 3288/1574/1294 3287/1536/1294
f 3297/1539/1231 3287/1575/1231 3289/1537/1231
f 3289/1537/1231 3291/1576/1231 3293/1538/1231
f 3293/1538/1231 3295/1577/1231 3297/1539/1231
f 3310/1448/1230 3305/1450/1230 3306/1449/1230
f 3312/1450/1229 3310/1452/1229 3309/1451/1229
f 3308/1452/1232 3312/1463/1232 3311/1453/1232
f 3305/1449/1231 3308/1451/1231 3307/1454/1231
