# Blender 4.3.2
# www.blender.org
mtllib TraillingTruck.mtl
g TraillingTruck_Mesh
v -1.073000 0.510000 0.090000
v -1.050000 0.740000 0.090000
v -0.910000 0.510000 0.090000
v -0.910000 0.740000 0.090000
v -1.073000 0.510000 0.000000
v -1.050000 0.740000 0.000000
v -0.910000 0.510000 0.000000
v -0.910000 0.740000 0.000000
v -1.030000 0.770000 0.000000
v -1.030000 0.770000 0.070000
v -1.019394 0.765607 0.000000
v -1.019394 0.765607 0.070000
v -1.015000 0.755000 0.000000
v -1.015000 0.755000 0.070000
v -1.019394 0.744393 0.000000
v -1.019394 0.744393 0.070000
v -1.030000 0.740000 0.000000
v -1.030000 0.740000 0.070000
v -1.040607 0.744393 0.000000
v -1.040607 0.744393 0.070000
v -1.045000 0.755000 0.000000
v -1.045000 0.755000 0.070000
v -1.040607 0.765607 0.000000
v -1.040607 0.765607 0.070000
v -1.049000 0.750000 0.050000
v -1.049000 0.750000 0.030000
v -1.031500 0.748000 0.050000
v -1.030500 0.773000 0.050000
v -1.031500 0.748000 0.030000
v -1.030500 0.773000 0.030000
v -1.057000 0.670000 0.030000
v -1.057000 0.670000 0.050000
v -1.067000 0.670000 0.030000
v -1.067000 0.670000 0.050000
v -1.020000 0.766000 0.030000
v -1.020000 0.766000 0.050000
v -1.030000 0.770000 0.028000
v -1.019394 0.765607 0.028000
v -1.015000 0.755000 0.028000
v -1.019394 0.744393 0.028000
v -1.030000 0.740000 0.028000
v -1.040607 0.744393 0.028000
v -1.045000 0.755000 0.028000
v -1.040607 0.765607 0.028000
v -1.030000 0.776580 0.000000
v -1.014741 0.770259 0.000000
v -1.014741 0.770259 0.028000
v -1.008420 0.755000 0.000000
v -1.008420 0.755000 0.028000
v -1.014741 0.739741 0.000000
v -1.014741 0.739741 0.028000
v -1.030000 0.733420 0.000000
v -1.030000 0.733420 0.028000
v -1.045259 0.739741 0.000000
v -1.045259 0.739741 0.028000
v -1.051580 0.755000 0.000000
v -1.051580 0.755000 0.028000
v -1.045259 0.770259 0.000000
v -1.045259 0.770259 0.028000
v -1.030000 0.776580 0.028000
v -0.900000 0.750000 0.090000
v -0.900000 0.500000 0.090000
v -0.900000 0.750000 0.130000
v -0.900000 0.500000 0.130000
v -0.910000 0.750000 0.090000
v -0.910000 0.500000 0.090000
v -0.910000 0.750000 0.130000
v -0.910000 0.500000 0.130000
v -0.912000 0.720000 0.125000
v -0.912000 0.730000 0.125000
v -0.930000 0.720000 0.090000
v -0.930000 0.730000 0.090000
v -0.910000 0.720000 0.125000
v -0.910000 0.730000 0.125000
v -0.910000 0.720000 0.090000
v -0.910000 0.730000 0.090000
v -0.912000 0.520000 0.125000
v -0.912000 0.530000 0.125000
v -0.930000 0.520000 0.090000
v -0.930000 0.530000 0.090000
v -0.910000 0.520000 0.125000
v -0.910000 0.530000 0.125000
v -0.910000 0.520000 0.090000
v -0.910000 0.530000 0.090000
v -0.912000 0.620000 0.125000
v -0.912000 0.630000 0.125000
v -0.930000 0.620000 0.090000
v -0.930000 0.630000 0.090000
v -0.910000 0.620000 0.125000
v -0.910000 0.630000 0.125000
v -0.910000 0.620000 0.090000
v -0.910000 0.630000 0.090000
v -1.040998 0.738175 0.088291
v -1.043002 0.738288 0.088178
v -1.043002 0.737500 0.000000
v -1.040998 0.737500 0.000000
v -1.064098 0.510000 0.090000
v -1.066102 0.510000 0.090000
v -1.043002 0.740000 0.090000
v -1.040998 0.740000 0.090000
v -1.043002 0.740000 0.000000
v -1.040998 0.740000 0.000000
v -1.064098 0.510000 0.000000
v -1.066102 0.510000 0.000000
v -1.066102 0.512500 0.000000
v -1.064098 0.512500 0.000000
v -1.064098 0.511712 0.088178
v -1.066102 0.511825 0.088291
v -0.900000 0.900000 0.700000
v -0.900000 1.000000 0.700000
v -0.850000 0.900000 0.700000
v -0.850000 1.000000 0.700000
v -0.850000 1.000000 0.250000
v -0.850000 0.900000 0.250000
v -0.850000 1.000000 0.850000
v -0.850000 0.900000 0.850000
v -0.900000 1.000000 0.250000
v -0.900000 0.900000 0.250000
v -0.900000 1.000000 0.850000
v -0.900000 0.900000 0.850000
v -0.850000 0.600000 0.700000
v -0.900000 0.600000 0.700000
v -0.850000 0.600000 0.850000
v -0.900000 0.600000 0.850000
v -0.850000 1.000000 0.900000
v -0.900000 1.000000 0.900000
v -0.900000 0.900000 0.900000
v -0.850000 0.900000 0.900000
v -0.900000 0.600000 0.900000
v -0.850000 0.600000 0.900000
v -0.900000 1.000000 0.800000
v -0.850000 0.900000 0.800000
v -0.850000 1.000000 0.800000
v -0.900000 0.900000 0.800000
v -0.850000 0.600000 0.800000
v -0.900000 0.600000 0.800000
v -0.900000 0.500000 0.200000
v -0.850000 0.500000 0.200000
v -0.850000 0.450000 0.200000
v -0.900000 0.450000 0.200000
v -0.850000 1.000000 0.000000
v -0.900000 0.900000 0.150000
v -0.900000 1.000000 0.000000
v -0.900000 0.700000 0.150000
v -0.900000 1.050000 0.230000
v -0.850000 1.050000 0.230000
v -0.900000 1.050000 0.000000
v -0.850000 1.050000 0.000000
v -0.900000 0.450000 0.200000
v -0.900000 0.900000 0.200000
v -0.900000 0.450000 0.150000
v -0.900000 0.900000 0.150000
v -0.850000 0.450000 0.200000
v -0.850000 0.900000 0.200000
v -0.850000 0.450000 0.150000
v -0.850000 0.900000 0.150000
v -0.900000 0.400000 0.000000
v -0.900000 0.400000 0.200000
v -0.900000 0.450000 0.000000
v -0.900000 0.450000 0.200000
v -0.850000 0.400000 0.000000
v -0.850000 0.400000 0.200000
v -0.850000 0.450000 0.000000
v -0.850000 0.450000 0.200000
v -0.850000 0.550000 0.700000
v -0.900000 0.550000 0.700000
v -0.910000 0.440000 0.190000
v -0.910000 1.010000 0.190000
v -0.910000 0.440000 0.140000
v -0.910000 1.010000 0.140000
v -0.840000 0.440000 0.190000
v -0.840000 1.010000 0.190000
v -0.840000 0.440000 0.140000
v -0.840000 1.010000 0.140000
v 0.000000 0.600000 0.850000
v 0.000000 0.600000 0.900000
v 0.000000 1.000000 0.850000
v 0.000000 0.900000 0.850000
v 0.000000 1.000000 0.900000
v 0.000000 0.900000 0.900000
v -0.850000 1.000000 0.170000
v -0.900000 1.000000 0.170000
v -0.900000 0.900000 0.170000
v -0.850000 0.900000 0.170000
v -0.850000 1.050000 0.170000
v -0.900000 1.050000 0.170000
v -0.900000 0.700000 0.000000
v -0.900000 0.900000 0.000000
v -0.850000 0.700000 0.150000
v -0.850000 0.900000 0.150000
v -0.850000 0.700000 0.000000
v -0.850000 0.900000 0.000000
v -0.900000 0.700000 0.100000
v -0.900000 0.900000 0.100000
v -0.850000 0.700000 0.100000
v -0.850000 0.900000 0.100000
v -0.900000 0.520000 0.100000
v -0.900000 0.520000 0.150000
v -0.850000 0.520000 0.150000
v -0.850000 0.520000 0.100000
v -0.950000 0.843202 0.000000
v -0.950000 0.956798 0.000000
v -0.920000 0.843202 0.000000
v -0.920000 0.956798 0.000000
v -0.950000 0.843149 0.084840
v -0.950000 0.953044 0.089638
v -0.920000 0.843149 0.084840
v -0.920000 0.953044 0.089638
v -0.950000 0.842580 0.169954
v -0.950000 0.942199 0.178669
v -0.920000 0.842580 0.169954
v -0.920000 0.942199 0.178669
v -0.950000 0.838275 0.255179
v -0.950000 0.927505 0.266926
v -0.920000 0.838275 0.255179
v -0.920000 0.927505 0.266926
v -0.950000 0.830223 0.340350
v -0.950000 0.909008 0.354242
v -0.920000 0.830223 0.340350
v -0.920000 0.909008 0.354242
v -0.950000 0.818422 0.425304
v -0.950000 0.886762 0.440455
v -0.920000 0.818422 0.425304
v -0.920000 0.886762 0.440455
v -0.950000 0.802874 0.509873
v -0.950000 0.860829 0.525403
v -0.920000 0.802874 0.509873
v -0.920000 0.860829 0.525403
v -0.990000 0.915000 0.000000
v -0.990000 0.910607 0.010606
v -0.990000 0.900000 0.015000
v -0.990000 0.889393 0.010606
v -0.990000 0.885000 0.000000
v -0.968000 0.915000 0.000000
v -0.968000 0.910607 0.010606
v -0.968000 0.900000 0.015000
v -0.968000 0.889393 0.010606
v -0.968000 0.885000 0.000000
v -0.950000 0.921580 0.000000
v -0.950000 0.915259 0.015259
v -0.968000 0.915259 0.015259
v -0.950000 0.900000 0.021580
v -0.968000 0.900000 0.021580
v -0.950000 0.884741 0.015259
v -0.968000 0.884741 0.015259
v -0.950000 0.878420 0.000000
v -0.968000 0.878420 0.000000
v -0.968000 0.921580 0.000000
v -0.850000 0.900000 0.470000
v -0.850000 0.850000 0.470000
v -0.970000 0.840000 0.460000
v -0.840000 0.840000 0.460000
v -0.970000 0.825858 0.465858
v -0.840000 0.825858 0.465858
v -0.970000 0.820000 0.480000
v -0.840000 0.820000 0.480000
v -0.970000 0.825858 0.494142
v -0.840000 0.825858 0.494142
v -0.970000 0.840000 0.500000
v -0.840000 0.840000 0.500000
v -0.970000 0.854142 0.494142
v -0.840000 0.854142 0.494142
v -0.970000 0.860000 0.480000
v -0.840000 0.860000 0.480000
v -0.970000 0.854142 0.465858
v -0.840000 0.854142 0.465858
v -0.850000 0.900000 0.490000
v -0.850000 0.850000 0.490000
v -0.900000 0.900000 0.470000
v -0.900000 0.850000 0.470000
v -0.900000 0.900000 0.490000
v -0.900000 0.850000 0.490000
v -0.900000 0.460000 0.100000
v -0.900000 0.460000 0.150000
v -0.850000 0.460000 0.150000
v -0.850000 0.460000 0.100000
v -0.850000 0.520000 0.000000
v -0.900000 0.520000 0.000000
v -0.850000 0.460000 0.000000
v -0.900000 0.460000 0.000000
v -0.910000 0.950000 0.855000
v -0.900000 0.950000 0.855000
v -0.910000 0.935858 0.860858
v -0.900000 0.935858 0.860858
v -0.910000 0.930000 0.875000
v -0.900000 0.930000 0.875000
v -0.910000 0.935858 0.889142
v -0.900000 0.935858 0.889142
v -0.910000 0.950000 0.895000
v -0.900000 0.950000 0.895000
v -0.910000 0.964142 0.889142
v -0.900000 0.964142 0.889142
v -0.910000 0.970000 0.875000
v -0.900000 0.970000 0.875000
v -0.910000 0.964142 0.860858
v -0.900000 0.964142 0.860858
v -0.910000 0.950000 0.805000
v -0.900000 0.950000 0.805000
v -0.910000 0.935858 0.810858
v -0.900000 0.935858 0.810858
v -0.910000 0.930000 0.825000
v -0.900000 0.930000 0.825000
v -0.910000 0.935858 0.839142
v -0.900000 0.935858 0.839142
v -0.910000 0.950000 0.845000
v -0.900000 0.950000 0.845000
v -0.910000 0.964142 0.839142
v -0.900000 0.964142 0.839142
v -0.910000 0.970000 0.825000
v -0.900000 0.970000 0.825000
v -0.910000 0.964142 0.810858
v -0.900000 0.964142 0.810858
v -0.910000 0.630000 0.855000
v -0.900000 0.630000 0.855000
v -0.910000 0.615858 0.860858
v -0.900000 0.615858 0.860858
v -0.910000 0.610000 0.875000
v -0.900000 0.610000 0.875000
v -0.910000 0.615858 0.889142
v -0.900000 0.615858 0.889142
v -0.910000 0.630000 0.895000
v -0.900000 0.630000 0.895000
v -0.910000 0.644142 0.889142
v -0.900000 0.644142 0.889142
v -0.910000 0.650000 0.875000
v -0.900000 0.650000 0.875000
v -0.910000 0.644142 0.860858
v -0.900000 0.644142 0.860858
v -0.910000 0.630000 0.805000
v -0.900000 0.630000 0.805000
v -0.910000 0.615858 0.810858
v -0.900000 0.615858 0.810858
v -0.910000 0.610000 0.825000
v -0.900000 0.610000 0.825000
v -0.910000 0.615858 0.839142
v -0.900000 0.615858 0.839142
v -0.910000 0.630000 0.845000
v -0.900000 0.630000 0.845000
v -0.910000 0.644142 0.839142
v -0.900000 0.644142 0.839142
v -0.910000 0.650000 0.825000
v -0.900000 0.650000 0.825000
v -0.910000 0.644142 0.810858
v -0.900000 0.644142 0.810858
v -0.910000 0.920000 0.755000
v -0.900000 0.920000 0.755000
v -0.910000 0.905858 0.760858
v -0.900000 0.905858 0.760858
v -0.910000 0.900000 0.775000
v -0.900000 0.900000 0.775000
v -0.910000 0.905858 0.789142
v -0.900000 0.905858 0.789142
v -0.910000 0.920000 0.795000
v -0.900000 0.920000 0.795000
v -0.910000 0.934142 0.789142
v -0.900000 0.934142 0.789142
v -0.910000 0.940000 0.775000
v -0.900000 0.940000 0.775000
v -0.910000 0.934142 0.760858
v -0.900000 0.934142 0.760858
v -0.910000 0.660000 0.755000
v -0.900000 0.660000 0.755000
v -0.910000 0.645858 0.760858
v -0.900000 0.645858 0.760858
v -0.910000 0.640000 0.775000
v -0.900000 0.640000 0.775000
v -0.910000 0.645858 0.789142
v -0.900000 0.645858 0.789142
v -0.910000 0.660000 0.795000
v -0.900000 0.660000 0.795000
v -0.910000 0.674142 0.789142
v -0.900000 0.674142 0.789142
v -0.910000 0.680000 0.775000
v -0.900000 0.680000 0.775000
v -0.910000 0.674142 0.760858
v -0.900000 0.674142 0.760858
v -1.073000 0.510000 -0.090000
v -1.050000 0.740000 -0.090000
v -0.910000 0.510000 -0.090000
v -0.910000 0.740000 -0.090000
v -1.030000 0.770000 -0.070000
v -1.019394 0.765607 -0.070000
v -1.015000 0.755000 -0.070000
v -1.019394 0.744393 -0.070000
v -1.030000 0.740000 -0.070000
v -1.040607 0.744393 -0.070000
v -1.045000 0.755000 -0.070000
v -1.040607 0.765607 -0.070000
v -1.049000 0.750000 -0.050000
v -1.049000 0.750000 -0.030000
v -1.031500 0.748000 -0.050000
v -1.030500 0.773000 -0.050000
v -1.031500 0.748000 -0.030000
v -1.030500 0.773000 -0.030000
v -1.057000 0.670000 -0.030000
v -1.057000 0.670000 -0.050000
v -1.067000 0.670000 -0.030000
v -1.067000 0.670000 -0.050000
v -1.020000 0.766000 -0.030000
v -1.020000 0.766000 -0.050000
v -1.030000 0.770000 -0.028000
v -1.019394 0.765607 -0.028000
v -1.015000 0.755000 -0.028000
v -1.019394 0.744393 -0.028000
v -1.030000 0.740000 -0.028000
v -1.040607 0.744393 -0.028000
v -1.045000 0.755000 -0.028000
v -1.040607 0.765607 -0.028000
v -1.014741 0.770259 -0.028000
v -1.008420 0.755000 -0.028000
v -1.014741 0.739741 -0.028000
v -1.030000 0.733420 -0.028000
v -1.045259 0.739741 -0.028000
v -1.051580 0.755000 -0.028000
v -1.045259 0.770259 -0.028000
v -1.030000 0.776580 -0.028000
v -0.900000 0.750000 -0.090000
v -0.900000 0.500000 -0.090000
v -0.900000 0.750000 -0.130000
v -0.900000 0.500000 -0.130000
v -0.910000 0.750000 -0.090000
v -0.910000 0.500000 -0.090000
v -0.910000 0.750000 -0.130000
v -0.910000 0.500000 -0.130000
v -0.912000 0.720000 -0.125000
v -0.912000 0.730000 -0.125000
v -0.930000 0.720000 -0.090000
v -0.930000 0.730000 -0.090000
v -0.910000 0.720000 -0.125000
v -0.910000 0.730000 -0.125000
v -0.910000 0.720000 -0.090000
v -0.910000 0.730000 -0.090000
v -0.912000 0.520000 -0.125000
v -0.912000 0.530000 -0.125000
v -0.930000 0.520000 -0.090000
v -0.930000 0.530000 -0.090000
v -0.910000 0.520000 -0.125000
v -0.910000 0.530000 -0.125000
v -0.910000 0.520000 -0.090000
v -0.910000 0.530000 -0.090000
v -0.912000 0.620000 -0.125000
v -0.912000 0.630000 -0.125000
v -0.930000 0.620000 -0.090000
v -0.930000 0.630000 -0.090000
v -0.910000 0.620000 -0.125000
v -0.910000 0.630000 -0.125000
v -0.910000 0.620000 -0.090000
v -0.910000 0.630000 -0.090000
v -1.040998 0.738175 -0.088291
v -1.043002 0.738288 -0.088178
v -1.064098 0.510000 -0.090000
v -1.066102 0.510000 -0.090000
v -1.043002 0.740000 -0.090000
v -1.040998 0.740000 -0.090000
v -1.064098 0.511712 -0.088178
v -1.066102 0.511825 -0.088291
v -0.900000 0.900000 -0.900000
v -0.900000 1.000000 -0.900000
v -0.850000 0.900000 -0.900000
v -0.850000 1.000000 -0.900000
v -0.850000 1.000000 -0.250000
v -0.850000 0.900000 -0.250000
v -0.850000 1.000000 -1.050000
v -0.850000 0.900000 -1.050000
v -0.900000 1.000000 -0.250000
v -0.900000 0.900000 -0.250000
v -0.900000 1.000000 -1.050000
v -0.900000 0.900000 -1.050000
v -0.850000 0.600000 -0.900000
v -0.900000 0.600000 -0.900000
v -0.850000 0.600000 -1.050000
v -0.900000 0.600000 -1.050000
v -0.850000 1.000000 -1.100000
v -0.900000 1.000000 -1.100000
v -0.900000 0.900000 -1.100000
v -0.850000 0.900000 -1.100000
v -0.900000 0.600000 -1.100000
v -0.850000 0.600000 -1.100000
v -0.900000 1.000000 -1.000000
v -0.850000 0.900000 -1.000000
v -0.850000 1.000000 -1.000000
v -0.900000 0.900000 -1.000000
v -0.850000 0.600000 -1.000000
v -0.900000 0.600000 -1.000000
v -0.900000 0.500000 -0.200000
v -0.850000 0.500000 -0.200000
v -0.850000 0.450000 -0.200000
v -0.900000 0.450000 -0.200000
v -0.900000 0.900000 -0.150000
v -0.900000 0.700000 -0.150000
v -0.900000 1.050000 -0.230000
v -0.850000 1.050000 -0.230000
v -0.900000 0.450000 -0.200000
v -0.900000 0.900000 -0.200000
v -0.900000 0.450000 -0.150000
v -0.900000 0.900000 -0.150000
v -0.850000 0.450000 -0.200000
v -0.850000 0.900000 -0.200000
v -0.850000 0.450000 -0.150000
v -0.850000 0.900000 -0.150000
v -0.900000 0.400000 -0.200000
v -0.900000 0.450000 -0.200000
v -0.850000 0.400000 -0.200000
v -0.850000 0.450000 -0.200000
v -0.850000 0.550000 -0.900000
v -0.900000 0.550000 -0.900000
v -0.910000 0.440000 -0.190000
v -0.910000 1.010000 -0.190000
v -0.910000 0.440000 -0.140000
v -0.910000 1.010000 -0.140000
v -0.840000 0.440000 -0.190000
v -0.840000 1.010000 -0.190000
v -0.840000 0.440000 -0.140000
v -0.840000 1.010000 -0.140000
v 0.000000 0.600000 -1.050000
v 0.000000 0.600000 -1.100000
v 0.000000 1.000000 -1.050000
v 0.000000 0.900000 -1.050000
v 0.000000 1.000000 -1.100000
v 0.000000 0.900000 -1.100000
v -0.850000 1.000000 -0.170000
v -0.900000 1.000000 -0.170000
v -0.900000 0.900000 -0.170000
v -0.850000 0.900000 -0.170000
v -0.850000 1.050000 -0.170000
v -0.900000 1.050000 -0.170000
v -0.850000 0.700000 -0.150000
v -0.850000 0.900000 -0.150000
v -0.900000 0.700000 -0.100000
v -0.900000 0.900000 -0.100000
v -0.850000 0.700000 -0.100000
v -0.850000 0.900000 -0.100000
v -0.900000 0.520000 -0.100000
v -0.900000 0.520000 -0.150000
v -0.850000 0.520000 -0.150000
v -0.850000 0.520000 -0.100000
v -0.950000 0.843149 -0.084840
v -0.950000 0.953044 -0.089638
v -0.920000 0.843149 -0.084840
v -0.920000 0.953044 -0.089638
v -0.950000 0.842580 -0.169954
v -0.950000 0.942199 -0.178669
v -0.920000 0.842580 -0.169954
v -0.920000 0.942199 -0.178669
v -0.950000 0.838275 -0.255179
v -0.950000 0.927505 -0.266926
v -0.920000 0.838275 -0.255179
v -0.920000 0.927505 -0.266926
v -0.950000 0.830223 -0.340350
v -0.950000 0.909008 -0.354242
v -0.920000 0.830223 -0.340350
v -0.920000 0.909008 -0.354242
v -0.950000 0.818422 -0.425304
v -0.950000 0.886762 -0.440455
v -0.920000 0.818422 -0.425304
v -0.920000 0.886762 -0.440455
v -0.950000 0.802874 -0.509873
v -0.950000 0.860829 -0.525403
v -0.920000 0.802874 -0.509873
v -0.920000 0.860829 -0.525403
v -0.990000 0.910607 -0.010606
v -0.990000 0.900000 -0.015000
v -0.990000 0.889393 -0.010606
v -0.968000 0.910607 -0.010606
v -0.968000 0.900000 -0.015000
v -0.968000 0.889393 -0.010606
v -0.950000 0.915259 -0.015259
v -0.968000 0.915259 -0.015259
v -0.950000 0.900000 -0.021580
v -0.968000 0.900000 -0.021580
v -0.950000 0.884741 -0.015259
v -0.968000 0.884741 -0.015259
v -0.850000 0.900000 -0.470000
v -0.850000 0.850000 -0.470000
v -0.970000 0.840000 -0.460000
v -0.840000 0.840000 -0.460000
v -0.970000 0.825858 -0.465858
v -0.840000 0.825858 -0.465858
v -0.970000 0.820000 -0.480000
v -0.840000 0.820000 -0.480000
v -0.970000 0.825858 -0.494142
v -0.840000 0.825858 -0.494142
v -0.970000 0.840000 -0.500000
v -0.840000 0.840000 -0.500000
v -0.970000 0.854142 -0.494142
v -0.840000 0.854142 -0.494142
v -0.970000 0.860000 -0.480000
v -0.840000 0.860000 -0.480000
v -0.970000 0.854142 -0.465858
v -0.840000 0.854142 -0.465858
v -0.850000 0.900000 -0.490000
v -0.850000 0.850000 -0.490000
v -0.900000 0.900000 -0.470000
v -0.900000 0.850000 -0.470000
v -0.900000 0.900000 -0.490000
v -0.900000 0.850000 -0.490000
v -0.900000 0.460000 -0.100000
v -0.900000 0.460000 -0.150000
v -0.850000 0.460000 -0.150000
v -0.850000 0.460000 -0.100000
v -0.910000 0.950000 -1.055000
v -0.900000 0.950000 -1.055000
v -0.910000 0.935858 -1.060858
v -0.900000 0.935858 -1.060858
v -0.910000 0.930000 -1.075000
v -0.900000 0.930000 -1.075000
v -0.910000 0.935858 -1.089142
v -0.900000 0.935858 -1.089142
v -0.910000 0.950000 -1.095000
v -0.900000 0.950000 -1.095000
v -0.910000 0.964142 -1.089142
v -0.900000 0.964142 -1.089142
v -0.910000 0.970000 -1.075000
v -0.900000 0.970000 -1.075000
v -0.910000 0.964142 -1.060858
v -0.900000 0.964142 -1.060858
v -0.910000 0.950000 -1.005000
v -0.900000 0.950000 -1.005000
v -0.910000 0.935858 -1.010858
v -0.900000 0.935858 -1.010858
v -0.910000 0.930000 -1.025000
v -0.900000 0.930000 -1.025000
v -0.910000 0.935858 -1.039142
v -0.900000 0.935858 -1.039142
v -0.910000 0.950000 -1.045000
v -0.900000 0.950000 -1.045000
v -0.910000 0.964142 -1.039142
v -0.900000 0.964142 -1.039142
v -0.910000 0.970000 -1.025000
v -0.900000 0.970000 -1.025000
v -0.910000 0.964142 -1.010858
v -0.900000 0.964142 -1.010858
v -0.910000 0.630000 -1.055000
v -0.900000 0.630000 -1.055000
v -0.910000 0.615858 -1.060858
v -0.900000 0.615858 -1.060858
v -0.910000 0.610000 -1.075000
v -0.900000 0.610000 -1.075000
v -0.910000 0.615858 -1.089142
v -0.900000 0.615858 -1.089142
v -0.910000 0.630000 -1.095000
v -0.900000 0.630000 -1.095000
v -0.910000 0.644142 -1.089142
v -0.900000 0.644142 -1.089142
v -0.910000 0.650000 -1.075000
v -0.900000 0.650000 -1.075000
v -0.910000 0.644142 -1.060858
v -0.900000 0.644142 -1.060858
v -0.910000 0.630000 -1.005000
v -0.900000 0.630000 -1.005000
v -0.910000 0.615858 -1.010858
v -0.900000 0.615858 -1.010858
v -0.910000 0.610000 -1.025000
v -0.900000 0.610000 -1.025000
v -0.910000 0.615858 -1.039142
v -0.900000 0.615858 -1.039142
v -0.910000 0.630000 -1.045000
v -0.900000 0.630000 -1.045000
v -0.910000 0.644142 -1.039142
v -0.900000 0.644142 -1.039142
v -0.910000 0.650000 -1.025000
v -0.900000 0.650000 -1.025000
v -0.910000 0.644142 -1.010858
v -0.900000 0.644142 -1.010858
v -0.910000 0.920000 -0.955000
v -0.900000 0.920000 -0.955000
v -0.910000 0.905858 -0.960858
v -0.900000 0.905858 -0.960858
v -0.910000 0.900000 -0.975000
v -0.900000 0.900000 -0.975000
v -0.910000 0.905858 -0.989142
v -0.900000 0.905858 -0.989142
v -0.910000 0.920000 -0.995000
v -0.900000 0.920000 -0.995000
v -0.910000 0.934142 -0.989142
v -0.900000 0.934142 -0.989142
v -0.910000 0.940000 -0.975000
v -0.900000 0.940000 -0.975000
v -0.910000 0.934142 -0.960858
v -0.900000 0.934142 -0.960858
v -0.910000 0.660000 -0.955000
v -0.900000 0.660000 -0.955000
v -0.910000 0.645858 -0.960858
v -0.900000 0.645858 -0.960858
v -0.910000 0.640000 -0.975000
v -0.900000 0.640000 -0.975000
v -0.910000 0.645858 -0.989142
v -0.900000 0.645858 -0.989142
v -0.910000 0.660000 -0.995000
v -0.900000 0.660000 -0.995000
v -0.910000 0.674142 -0.989142
v -0.900000 0.674142 -0.989142
v -0.910000 0.680000 -0.975000
v -0.900000 0.680000 -0.975000
v -0.910000 0.674142 -0.960858
v -0.900000 0.674142 -0.960858
v -1.041544 0.773850 0.050000
v -1.057993 0.760074 0.050000
v -1.052190 0.760633 0.050000
v -1.052557 0.770291 0.050000
v -1.057993 0.760074 0.030000
v -1.041544 0.773850 0.030000
v -1.052190 0.760633 0.030000
v -1.052557 0.770291 0.030000
v -1.057993 0.760074 -0.050000
v -1.041544 0.773850 -0.050000
v -1.052190 0.760633 -0.050000
v -1.052557 0.770291 -0.050000
v -1.041544 0.773850 -0.030000
v -1.057993 0.760074 -0.030000
v -1.052190 0.760633 -0.030000
v -1.052557 0.770291 -0.030000
v 1.073000 0.510000 0.090000
v 1.050000 0.740000 0.090000
v 0.910000 0.510000 0.090000
v 0.910000 0.740000 0.090000
v 1.073000 0.510000 0.000000
v 1.050000 0.740000 0.000000
v 0.910000 0.510000 0.000000
v 0.910000 0.740000 0.000000
v 1.030000 0.770000 0.000000
v 1.030000 0.770000 0.070000
v 1.019394 0.765607 0.000000
v 1.019394 0.765607 0.070000
v 1.015000 0.755000 0.000000
v 1.015000 0.755000 0.070000
v 1.019394 0.744393 0.000000
v 1.019394 0.744393 0.070000
v 1.030000 0.740000 0.000000
v 1.030000 0.740000 0.070000
v 1.040607 0.744393 0.000000
v 1.040607 0.744393 0.070000
v 1.045000 0.755000 0.000000
v 1.045000 0.755000 0.070000
v 1.040607 0.765607 0.000000
v 1.040607 0.765607 0.070000
v 1.049000 0.750000 0.050000
v 1.049000 0.750000 0.030000
v 1.031500 0.748000 0.050000
v 1.030500 0.773000 0.050000
v 1.031500 0.748000 0.030000
v 1.030500 0.773000 0.030000
v 1.057000 0.670000 0.030000
v 1.057000 0.670000 0.050000
v 1.067000 0.670000 0.030000
v 1.067000 0.670000 0.050000
v 1.020000 0.766000 0.030000
v 1.020000 0.766000 0.050000
v 1.030000 0.770000 0.028000
v 1.019394 0.765607 0.028000
v 1.015000 0.755000 0.028000
v 1.019394 0.744393 0.028000
v 1.030000 0.740000 0.028000
v 1.040607 0.744393 0.028000
v 1.045000 0.755000 0.028000
v 1.040607 0.765607 0.028000
v 1.030000 0.776580 0.000000
v 1.014741 0.770259 0.000000
v 1.014741 0.770259 0.028000
v 1.008420 0.755000 0.000000
v 1.008420 0.755000 0.028000
v 1.014741 0.739741 0.000000
v 1.014741 0.739741 0.028000
v 1.030000 0.733420 0.000000
v 1.030000 0.733420 0.028000
v 1.045259 0.739741 0.000000
v 1.045259 0.739741 0.028000
v 1.051580 0.755000 0.000000
v 1.051580 0.755000 0.028000
v 1.045259 0.770259 0.000000
v 1.045259 0.770259 0.028000
v 1.030000 0.776580 0.028000
v 0.900000 0.750000 0.090000
v 0.900000 0.500000 0.090000
v 0.900000 0.750000 0.130000
v 0.900000 0.500000 0.130000
v 0.910000 0.750000 0.090000
v 0.910000 0.500000 0.090000
v 0.910000 0.750000 0.130000
v 0.910000 0.500000 0.130000
v 0.912000 0.720000 0.125000
v 0.912000 0.730000 0.125000
v 0.930000 0.720000 0.090000
v 0.930000 0.730000 0.090000
v 0.910000 0.720000 0.125000
v 0.910000 0.730000 0.125000
v 0.910000 0.720000 0.090000
v 0.910000 0.730000 0.090000
v 0.912000 0.520000 0.125000
v 0.912000 0.530000 0.125000
v 0.930000 0.520000 0.090000
v 0.930000 0.530000 0.090000
v 0.910000 0.520000 0.125000
v 0.910000 0.530000 0.125000
v 0.910000 0.520000 0.090000
v 0.910000 0.530000 0.090000
v 0.912000 0.620000 0.125000
v 0.912000 0.630000 0.125000
v 0.930000 0.620000 0.090000
v 0.930000 0.630000 0.090000
v 0.910000 0.620000 0.125000
v 0.910000 0.630000 0.125000
v 0.910000 0.620000 0.090000
v 0.910000 0.630000 0.090000
v 1.040998 0.738175 0.088291
v 1.043002 0.738288 0.088178
v 1.043002 0.737500 0.000000
v 1.040998 0.737500 0.000000
v 1.064098 0.510000 0.090000
v 1.066102 0.510000 0.090000
v 1.043002 0.740000 0.090000
v 1.040998 0.740000 0.090000
v 1.043002 0.740000 0.000000
v 1.040998 0.740000 0.000000
v 1.064098 0.510000 0.000000
v 1.066102 0.510000 0.000000
v 1.066102 0.512500 0.000000
v 1.064098 0.512500 0.000000
v 1.064098 0.511712 0.088178
v 1.066102 0.511825 0.088291
v 0.900000 0.900000 0.700000
v 0.900000 1.000000 0.700000
v 0.850000 0.900000 0.700000
v 0.850000 1.000000 0.700000
v 0.850000 1.000000 0.250000
v 0.850000 0.900000 0.250000
v 0.850000 1.000000 0.850000
v 0.850000 0.900000 0.850000
v 0.900000 1.000000 0.250000
v 0.900000 0.900000 0.250000
v 0.900000 1.000000 0.850000
v 0.900000 0.900000 0.850000
v 0.850000 0.600000 0.700000
v 0.900000 0.600000 0.700000
v 0.850000 0.600000 0.850000
v 0.900000 0.600000 0.850000
v 0.850000 1.000000 0.900000
v 0.900000 1.000000 0.900000
v 0.900000 0.900000 0.900000
v 0.850000 0.900000 0.900000
v 0.900000 0.600000 0.900000
v 0.850000 0.600000 0.900000
v 0.900000 1.000000 0.800000
v 0.850000 0.900000 0.800000
v 0.850000 1.000000 0.800000
v 0.900000 0.900000 0.800000
v 0.850000 0.600000 0.800000
v 0.900000 0.600000 0.800000
v 0.900000 0.500000 0.200000
v 0.850000 0.500000 0.200000
v 0.850000 0.450000 0.200000
v 0.900000 0.450000 0.200000
v 0.850000 1.000000 0.000000
v 0.900000 0.900000 0.150000
v 0.900000 1.000000 0.000000
v 0.900000 0.700000 0.150000
v 0.900000 1.050000 0.230000
v 0.850000 1.050000 0.230000
v 0.900000 1.050000 0.000000
v 0.850000 1.050000 0.000000
v 0.900000 0.450000 0.200000
v 0.900000 0.900000 0.200000
v 0.900000 0.450000 0.150000
v 0.900000 0.900000 0.150000
v 0.850000 0.450000 0.200000
v 0.850000 0.900000 0.200000
v 0.850000 0.450000 0.150000
v 0.850000 0.900000 0.150000
v 0.900000 0.400000 0.000000
v 0.900000 0.400000 0.200000
v 0.900000 0.450000 0.000000
v 0.900000 0.450000 0.200000
v 0.850000 0.400000 0.000000
v 0.850000 0.400000 0.200000
v 0.850000 0.450000 0.000000
v 0.850000 0.450000 0.200000
v 0.850000 0.550000 0.700000
v 0.900000 0.550000 0.700000
v 0.910000 0.440000 0.190000
v 0.910000 1.010000 0.190000
v 0.910000 0.440000 0.140000
v 0.910000 1.010000 0.140000
v 0.840000 0.440000 0.190000
v 0.840000 1.010000 0.190000
v 0.840000 0.440000 0.140000
v 0.840000 1.010000 0.140000
v 0.850000 1.000000 0.170000
v 0.900000 1.000000 0.170000
v 0.900000 0.900000 0.170000
v 0.850000 0.900000 0.170000
v 0.850000 1.050000 0.170000
v 0.900000 1.050000 0.170000
v 0.900000 0.700000 0.000000
v 0.900000 0.900000 0.000000
v 0.850000 0.700000 0.150000
v 0.850000 0.900000 0.150000
v 0.850000 0.700000 0.000000
v 0.850000 0.900000 0.000000
v 0.900000 0.700000 0.100000
v 0.900000 0.900000 0.100000
v 0.850000 0.700000 0.100000
v 0.850000 0.900000 0.100000
v 0.900000 0.520000 0.100000
v 0.900000 0.520000 0.150000
v 0.850000 0.520000 0.150000
v 0.850000 0.520000 0.100000
v 0.950000 0.843202 0.000000
v 0.950000 0.956798 0.000000
v 0.920000 0.843202 0.000000
v 0.920000 0.956798 0.000000
v 0.950000 0.843149 0.084840
v 0.950000 0.953044 0.089638
v 0.920000 0.843149 0.084840
v 0.920000 0.953044 0.089638
v 0.950000 0.842580 0.169954
v 0.950000 0.942199 0.178669
v 0.920000 0.842580 0.169954
v 0.920000 0.942199 0.178669
v 0.950000 0.838275 0.255179
v 0.950000 0.927505 0.266926
v 0.920000 0.838275 0.255179
v 0.920000 0.927505 0.266926
v 0.950000 0.830223 0.340350
v 0.950000 0.909008 0.354242
v 0.920000 0.830223 0.340350
v 0.920000 0.909008 0.354242
v 0.950000 0.818422 0.425304
v 0.950000 0.886762 0.440455
v 0.920000 0.818422 0.425304
v 0.920000 0.886762 0.440455
v 0.950000 0.802874 0.509873
v 0.950000 0.860829 0.525403
v 0.920000 0.802874 0.509873
v 0.920000 0.860829 0.525403
v 0.990000 0.915000 0.000000
v 0.990000 0.910607 0.010606
v 0.990000 0.900000 0.015000
v 0.990000 0.889393 0.010606
v 0.990000 0.885000 0.000000
v 0.968000 0.915000 0.000000
v 0.968000 0.910607 0.010606
v 0.968000 0.900000 0.015000
v 0.968000 0.889393 0.010606
v 0.968000 0.885000 0.000000
v 0.950000 0.921580 0.000000
v 0.950000 0.915259 0.015259
v 0.968000 0.915259 0.015259
v 0.950000 0.900000 0.021580
v 0.968000 0.900000 0.021580
v 0.950000 0.884741 0.015259
v 0.968000 0.884741 0.015259
v 0.950000 0.878420 0.000000
v 0.968000 0.878420 0.000000
v 0.968000 0.921580 0.000000
v 0.850000 0.900000 0.470000
v 0.850000 0.850000 0.470000
v 0.970000 0.840000 0.460000
v 0.840000 0.840000 0.460000
v 0.970000 0.825858 0.465858
v 0.840000 0.825858 0.465858
v 0.970000 0.820000 0.480000
v 0.840000 0.820000 0.480000
v 0.970000 0.825858 0.494142
v 0.840000 0.825858 0.494142
v 0.970000 0.840000 0.500000
v 0.840000 0.840000 0.500000
v 0.970000 0.854142 0.494142
v 0.840000 0.854142 0.494142
v 0.970000 0.860000 0.480000
v 0.840000 0.860000 0.480000
v 0.970000 0.854142 0.465858
v 0.840000 0.854142 0.465858
v 0.850000 0.900000 0.490000
v 0.850000 0.850000 0.490000
v 0.900000 0.900000 0.470000
v 0.900000 0.850000 0.470000
v 0.900000 0.900000 0.490000
v 0.900000 0.850000 0.490000
v 0.900000 0.460000 0.100000
v 0.900000 0.460000 0.150000
v 0.850000 0.460000 0.150000
v 0.850000 0.460000 0.100000
v 0.850000 0.520000 0.000000
v 0.900000 0.520000 0.000000
v 0.850000 0.460000 0.000000
v 0.900000 0.460000 0.000000
v 0.910000 0.950000 0.855000
v 0.900000 0.950000 0.855000
v 0.910000 0.935858 0.860858
v 0.900000 0.935858 0.860858
v 0.910000 0.930000 0.875000
v 0.900000 0.930000 0.875000
v 0.910000 0.935858 0.889142
v 0.900000 0.935858 0.889142
v 0.910000 0.950000 0.895000
v 0.900000 0.950000 0.895000
v 0.910000 0.964142 0.889142
v 0.900000 0.964142 0.889142
v 0.910000 0.970000 0.875000
v 0.900000 0.970000 0.875000
v 0.910000 0.964142 0.860858
v 0.900000 0.964142 0.860858
v 0.910000 0.950000 0.805000
v 0.900000 0.950000 0.805000
v 0.910000 0.935858 0.810858
v 0.900000 0.935858 0.810858
v 0.910000 0.930000 0.825000
v 0.900000 0.930000 0.825000
v 0.910000 0.935858 0.839142
v 0.900000 0.935858 0.839142
v 0.910000 0.950000 0.845000
v 0.900000 0.950000 0.845000
v 0.910000 0.964142 0.839142
v 0.900000 0.964142 0.839142
v 0.910000 0.970000 0.825000
v 0.900000 0.970000 0.825000
v 0.910000 0.964142 0.810858
v 0.900000 0.964142 0.810858
v 0.910000 0.630000 0.855000
v 0.900000 0.630000 0.855000
v 0.910000 0.615858 0.860858
v 0.900000 0.615858 0.860858
v 0.910000 0.610000 0.875000
v 0.900000 0.610000 0.875000
v 0.910000 0.615858 0.889142
v 0.900000 0.615858 0.889142
v 0.910000 0.630000 0.895000
v 0.900000 0.630000 0.895000
v 0.910000 0.644142 0.889142
v 0.900000 0.644142 0.889142
v 0.910000 0.650000 0.875000
v 0.900000 0.650000 0.875000
v 0.910000 0.644142 0.860858
v 0.900000 0.644142 0.860858
v 0.910000 0.630000 0.805000
v 0.900000 0.630000 0.805000
v 0.910000 0.615858 0.810858
v 0.900000 0.615858 0.810858
v 0.910000 0.610000 0.825000
v 0.900000 0.610000 0.825000
v 0.910000 0.615858 0.839142
v 0.900000 0.615858 0.839142
v 0.910000 0.630000 0.845000
v 0.900000 0.630000 0.845000
v 0.910000 0.644142 0.839142
v 0.900000 0.644142 0.839142
v 0.910000 0.650000 0.825000
v 0.900000 0.650000 0.825000
v 0.910000 0.644142 0.810858
v 0.900000 0.644142 0.810858
v 0.910000 0.920000 0.755000
v 0.900000 0.920000 0.755000
v 0.910000 0.905858 0.760858
v 0.900000 0.905858 0.760858
v 0.910000 0.900000 0.775000
v 0.900000 0.900000 0.775000
v 0.910000 0.905858 0.789142
v 0.900000 0.905858 0.789142
v 0.910000 0.920000 0.795000
v 0.900000 0.920000 0.795000
v 0.910000 0.934142 0.789142
v 0.900000 0.934142 0.789142
v 0.910000 0.940000 0.775000
v 0.900000 0.940000 0.775000
v 0.910000 0.934142 0.760858
v 0.900000 0.934142 0.760858
v 0.910000 0.660000 0.755000
v 0.900000 0.660000 0.755000
v 0.910000 0.645858 0.760858
v 0.900000 0.645858 0.760858
v 0.910000 0.640000 0.775000
v 0.900000 0.640000 0.775000
v 0.910000 0.645858 0.789142
v 0.900000 0.645858 0.789142
v 0.910000 0.660000 0.795000
v 0.900000 0.660000 0.795000
v 0.910000 0.674142 0.789142
v 0.900000 0.674142 0.789142
v 0.910000 0.680000 0.775000
v 0.900000 0.680000 0.775000
v 0.910000 0.674142 0.760858
v 0.900000 0.674142 0.760858
v 1.073000 0.510000 -0.090000
v 1.050000 0.740000 -0.090000
v 0.910000 0.510000 -0.090000
v 0.910000 0.740000 -0.090000
v 1.030000 0.770000 -0.070000
v 1.019394 0.765607 -0.070000
v 1.015000 0.755000 -0.070000
v 1.019394 0.744393 -0.070000
v 1.030000 0.740000 -0.070000
v 1.040607 0.744393 -0.070000
v 1.045000 0.755000 -0.070000
v 1.040607 0.765607 -0.070000
v 1.049000 0.750000 -0.050000
v 1.049000 0.750000 -0.030000
v 1.031500 0.748000 -0.050000
v 1.030500 0.773000 -0.050000
v 1.031500 0.748000 -0.030000
v 1.030500 0.773000 -0.030000
v 1.057000 0.670000 -0.030000
v 1.057000 0.670000 -0.050000
v 1.067000 0.670000 -0.030000
v 1.067000 0.670000 -0.050000
v 1.020000 0.766000 -0.030000
v 1.020000 0.766000 -0.050000
v 1.030000 0.770000 -0.028000
v 1.019394 0.765607 -0.028000
v 1.015000 0.755000 -0.028000
v 1.019394 0.744393 -0.028000
v 1.030000 0.740000 -0.028000
v 1.040607 0.744393 -0.028000
v 1.045000 0.755000 -0.028000
v 1.040607 0.765607 -0.028000
v 1.014741 0.770259 -0.028000
v 1.008420 0.755000 -0.028000
v 1.014741 0.739741 -0.028000
v 1.030000 0.733420 -0.028000
v 1.045259 0.739741 -0.028000
v 1.051580 0.755000 -0.028000
v 1.045259 0.770259 -0.028000
v 1.030000 0.776580 -0.028000
v 0.900000 0.750000 -0.090000
v 0.900000 0.500000 -0.090000
v 0.900000 0.750000 -0.130000
v 0.900000 0.500000 -0.130000
v 0.910000 0.750000 -0.090000
v 0.910000 0.500000 -0.090000
v 0.910000 0.750000 -0.130000
v 0.910000 0.500000 -0.130000
v 0.912000 0.720000 -0.125000
v 0.912000 0.730000 -0.125000
v 0.930000 0.720000 -0.090000
v 0.930000 0.730000 -0.090000
v 0.910000 0.720000 -0.125000
v 0.910000 0.730000 -0.125000
v 0.910000 0.720000 -0.090000
v 0.910000 0.730000 -0.090000
v 0.912000 0.520000 -0.125000
v 0.912000 0.530000 -0.125000
v 0.930000 0.520000 -0.090000
v 0.930000 0.530000 -0.090000
v 0.910000 0.520000 -0.125000
v 0.910000 0.530000 -0.125000
v 0.910000 0.520000 -0.090000
v 0.910000 0.530000 -0.090000
v 0.912000 0.620000 -0.125000
v 0.912000 0.630000 -0.125000
v 0.930000 0.620000 -0.090000
v 0.930000 0.630000 -0.090000
v 0.910000 0.620000 -0.125000
v 0.910000 0.630000 -0.125000
v 0.910000 0.620000 -0.090000
v 0.910000 0.630000 -0.090000
v 1.040998 0.738175 -0.088291
v 1.043002 0.738288 -0.088178
v 1.064098 0.510000 -0.090000
v 1.066102 0.510000 -0.090000
v 1.043002 0.740000 -0.090000
v 1.040998 0.740000 -0.090000
v 1.064098 0.511712 -0.088178
v 1.066102 0.511825 -0.088291
v 0.900000 0.900000 -0.900000
v 0.900000 1.000000 -0.900000
v 0.850000 0.900000 -0.900000
v 0.850000 1.000000 -0.900000
v 0.850000 1.000000 -0.250000
v 0.850000 0.900000 -0.250000
v 0.850000 1.000000 -1.050000
v 0.850000 0.900000 -1.050000
v 0.900000 1.000000 -0.250000
v 0.900000 0.900000 -0.250000
v 0.900000 1.000000 -1.050000
v 0.900000 0.900000 -1.050000
v 0.850000 0.600000 -0.900000
v 0.900000 0.600000 -0.900000
v 0.850000 0.600000 -1.050000
v 0.900000 0.600000 -1.050000
v 0.850000 1.000000 -1.100000
v 0.900000 1.000000 -1.100000
v 0.900000 0.900000 -1.100000
v 0.850000 0.900000 -1.100000
v 0.900000 0.600000 -1.100000
v 0.850000 0.600000 -1.100000
v 0.900000 1.000000 -1.000000
v 0.850000 0.900000 -1.000000
v 0.850000 1.000000 -1.000000
v 0.900000 0.900000 -1.000000
v 0.850000 0.600000 -1.000000
v 0.900000 0.600000 -1.000000
v 0.900000 0.500000 -0.200000
v 0.850000 0.500000 -0.200000
v 0.850000 0.450000 -0.200000
v 0.900000 0.450000 -0.200000
v 0.900000 0.900000 -0.150000
v 0.900000 0.700000 -0.150000
v 0.900000 1.050000 -0.230000
v 0.850000 1.050000 -0.230000
v 0.900000 0.450000 -0.200000
v 0.900000 0.900000 -0.200000
v 0.900000 0.450000 -0.150000
v 0.900000 0.900000 -0.150000
v 0.850000 0.450000 -0.200000
v 0.850000 0.900000 -0.200000
v 0.850000 0.450000 -0.150000
v 0.850000 0.900000 -0.150000
v 0.900000 0.400000 -0.200000
v 0.900000 0.450000 -0.200000
v 0.850000 0.400000 -0.200000
v 0.850000 0.450000 -0.200000
v 0.850000 0.550000 -0.900000
v 0.900000 0.550000 -0.900000
v 0.910000 0.440000 -0.190000
v 0.910000 1.010000 -0.190000
v 0.910000 0.440000 -0.140000
v 0.910000 1.010000 -0.140000
v 0.840000 0.440000 -0.190000
v 0.840000 1.010000 -0.190000
v 0.840000 0.440000 -0.140000
v 0.840000 1.010000 -0.140000
v 0.850000 1.000000 -0.170000
v 0.900000 1.000000 -0.170000
v 0.900000 0.900000 -0.170000
v 0.850000 0.900000 -0.170000
v 0.850000 1.050000 -0.170000
v 0.900000 1.050000 -0.170000
v 0.850000 0.700000 -0.150000
v 0.850000 0.900000 -0.150000
v 0.900000 0.700000 -0.100000
v 0.900000 0.900000 -0.100000
v 0.850000 0.700000 -0.100000
v 0.850000 0.900000 -0.100000
v 0.900000 0.520000 -0.100000
v 0.900000 0.520000 -0.150000
v 0.850000 0.520000 -0.150000
v 0.850000 0.520000 -0.100000
v 0.950000 0.843149 -0.084840
v 0.950000 0.953044 -0.089638
v 0.920000 0.843149 -0.084840
v 0.920000 0.953044 -0.089638
v 0.950000 0.842580 -0.169954
v 0.950000 0.942199 -0.178669
v 0.920000 0.842580 -0.169954
v 0.920000 0.942199 -0.178669
v 0.950000 0.838275 -0.255179
v 0.950000 0.927505 -0.266926
v 0.920000 0.838275 -0.255179
v 0.920000 0.927505 -0.266926
v 0.950000 0.830223 -0.340350
v 0.950000 0.909008 -0.354242
v 0.920000 0.830223 -0.340350
v 0.920000 0.909008 -0.354242
v 0.950000 0.818422 -0.425304
v 0.950000 0.886762 -0.440455
v 0.920000 0.818422 -0.425304
v 0.920000 0.886762 -0.440455
v 0.950000 0.802874 -0.509873
v 0.950000 0.860829 -0.525403
v 0.920000 0.802874 -0.509873
v 0.920000 0.860829 -0.525403
v 0.990000 0.910607 -0.010606
v 0.990000 0.900000 -0.015000
v 0.990000 0.889393 -0.010606
v 0.968000 0.910607 -0.010606
v 0.968000 0.900000 -0.015000
v 0.968000 0.889393 -0.010606
v 0.950000 0.915259 -0.015259
v 0.968000 0.915259 -0.015259
v 0.950000 0.900000 -0.021580
v 0.968000 0.900000 -0.021580
v 0.950000 0.884741 -0.015259
v 0.968000 0.884741 -0.015259
v 0.850000 0.900000 -0.470000
v 0.850000 0.850000 -0.470000
v 0.970000 0.840000 -0.460000
v 0.840000 0.840000 -0.460000
v 0.970000 0.825858 -0.465858
v 0.840000 0.825858 -0.465858
v 0.970000 0.820000 -0.480000
v 0.840000 0.820000 -0.480000
v 0.970000 0.825858 -0.494142
v 0.840000 0.825858 -0.494142
v 0.970000 0.840000 -0.500000
v 0.840000 0.840000 -0.500000
v 0.970000 0.854142 -0.494142
v 0.840000 0.854142 -0.494142
v 0.970000 0.860000 -0.480000
v 0.840000 0.860000 -0.480000
v 0.970000 0.854142 -0.465858
v 0.840000 0.854142 -0.465858
v 0.850000 0.900000 -0.490000
v 0.850000 0.850000 -0.490000
v 0.900000 0.900000 -0.470000
v 0.900000 0.850000 -0.470000
v 0.900000 0.900000 -0.490000
v 0.900000 0.850000 -0.490000
v 0.900000 0.460000 -0.100000
v 0.900000 0.460000 -0.150000
v 0.850000 0.460000 -0.150000
v 0.850000 0.460000 -0.100000
v 0.910000 0.950000 -1.055000
v 0.900000 0.950000 -1.055000
v 0.910000 0.935858 -1.060858
v 0.900000 0.935858 -1.060858
v 0.910000 0.930000 -1.075000
v 0.900000 0.930000 -1.075000
v 0.910000 0.935858 -1.089142
v 0.900000 0.935858 -1.089142
v 0.910000 0.950000 -1.095000
v 0.900000 0.950000 -1.095000
v 0.910000 0.964142 -1.089142
v 0.900000 0.964142 -1.089142
v 0.910000 0.970000 -1.075000
v 0.900000 0.970000 -1.075000
v 0.910000 0.964142 -1.060858
v 0.900000 0.964142 -1.060858
v 0.910000 0.950000 -1.005000
v 0.900000 0.950000 -1.005000
v 0.910000 0.935858 -1.010858
v 0.900000 0.935858 -1.010858
v 0.910000 0.930000 -1.025000
v 0.900000 0.930000 -1.025000
v 0.910000 0.935858 -1.039142
v 0.900000 0.935858 -1.039142
v 0.910000 0.950000 -1.045000
v 0.900000 0.950000 -1.045000
v 0.910000 0.964142 -1.039142
v 0.900000 0.964142 -1.039142
v 0.910000 0.970000 -1.025000
v 0.900000 0.970000 -1.025000
v 0.910000 0.964142 -1.010858
v 0.900000 0.964142 -1.010858
v 0.910000 0.630000 -1.055000
v 0.900000 0.630000 -1.055000
v 0.910000 0.615858 -1.060858
v 0.900000 0.615858 -1.060858
v 0.910000 0.610000 -1.075000
v 0.900000 0.610000 -1.075000
v 0.910000 0.615858 -1.089142
v 0.900000 0.615858 -1.089142
v 0.910000 0.630000 -1.095000
v 0.900000 0.630000 -1.095000
v 0.910000 0.644142 -1.089142
v 0.900000 0.644142 -1.089142
v 0.910000 0.650000 -1.075000
v 0.900000 0.650000 -1.075000
v 0.910000 0.644142 -1.060858
v 0.900000 0.644142 -1.060858
v 0.910000 0.630000 -1.005000
v 0.900000 0.630000 -1.005000
v 0.910000 0.615858 -1.010858
v 0.900000 0.615858 -1.010858
v 0.910000 0.610000 -1.025000
v 0.900000 0.610000 -1.025000
v 0.910000 0.615858 -1.039142
v 0.900000 0.615858 -1.039142
v 0.910000 0.630000 -1.045000
v 0.900000 0.630000 -1.045000
v 0.910000 0.644142 -1.039142
v 0.900000 0.644142 -1.039142
v 0.910000 0.650000 -1.025000
v 0.900000 0.650000 -1.025000
v 0.910000 0.644142 -1.010858
v 0.900000 0.644142 -1.010858
v 0.910000 0.920000 -0.955000
v 0.900000 0.920000 -0.955000
v 0.910000 0.905858 -0.960858
v 0.900000 0.905858 -0.960858
v 0.910000 0.900000 -0.975000
v 0.900000 0.900000 -0.975000
v 0.910000 0.905858 -0.989142
v 0.900000 0.905858 -0.989142
v 0.910000 0.920000 -0.995000
v 0.900000 0.920000 -0.995000
v 0.910000 0.934142 -0.989142
v 0.900000 0.934142 -0.989142
v 0.910000 0.940000 -0.975000
v 0.900000 0.940000 -0.975000
v 0.910000 0.934142 -0.960858
v 0.900000 0.934142 -0.960858
v 0.910000 0.660000 -0.955000
v 0.900000 0.660000 -0.955000
v 0.910000 0.645858 -0.960858
v 0.900000 0.645858 -0.960858
v 0.910000 0.640000 -0.975000
v 0.900000 0.640000 -0.975000
v 0.910000 0.645858 -0.989142
v 0.900000 0.645858 -0.989142
v 0.910000 0.660000 -0.995000
v 0.900000 0.660000 -0.995000
v 0.910000 0.674142 -0.989142
v 0.900000 0.674142 -0.989142
v 0.910000 0.680000 -0.975000
v 0.900000 0.680000 -0.975000
v 0.910000 0.674142 -0.960858
v 0.900000 0.674142 -0.960858
v 1.041544 0.773850 0.050000
v 1.057993 0.760074 0.050000
v 1.052190 0.760633 0.050000
v 1.052557 0.770291 0.050000
v 1.057993 0.760074 0.030000
v 1.041544 0.773850 0.030000
v 1.052190 0.760633 0.030000
v 1.052557 0.770291 0.030000
v 1.057993 0.760074 -0.050000
v 1.041544 0.773850 -0.050000
v 1.052190 0.760633 -0.050000
v 1.052557 0.770291 -0.050000
v 1.041544 0.773850 -0.030000
v 1.057993 0.760074 -0.030000
v 1.052190 0.760633 -0.030000
v 1.052557 0.770291 -0.030000
vn 1.0000 -0.0000 -0.0000
vn -0.0000 1.0000 -0.0000
vn -0.0000 -0.0000 1.0000
vn -0.9950 0.0995 -0.0000
vn 0.3827 0.9239 -0.0000
vn 0.9239 0.3827 -0.0000
vn 0.9239 -0.3827 -0.0000
vn 0.3827 -0.9239 -0.0000
vn -0.3827 -0.9239 -0.0000
vn -0.9239 -0.3827 -0.0000
vn -0.9239 0.3827 -0.0000
vn -0.3827 0.9239 -0.0000
vn -0.0000 -0.0000 -1.0000
vn -0.1135 -0.9935 -0.0000
vn 0.9950 -0.0995 -0.0000
vn -0.0000 -1.0000 -0.0000
vn 0.0767 0.9971 -0.0000
vn 0.5547 0.8321 -0.0000
vn -1.0000 -0.0000 -0.0000
vn -0.8893 -0.0000 0.4573
vn -0.8893 -0.0000 0.4574
vn -0.0000 1.0000 -0.0089
vn -0.9903 0.1010 0.0950
vn -0.0000 -1.0000 -0.0089
vn -0.0560 0.0052 0.9984
vn 0.9904 -0.1010 0.0949
vn -0.0000 0.3714 0.9285
vn -0.0000 0.9806 -0.1961
vn -0.0000 -0.9806 0.1961
vn -0.0000 -0.8944 0.4472
vn -0.0000 0.9991 0.0418
vn -0.0000 -1.0000 -0.0006
vn -0.0000 0.9927 0.1209
vn -0.0000 -1.0000 -0.0067
vn -0.0000 -0.9987 -0.0504
vn -0.0000 0.9864 0.1642
vn -0.0000 0.9783 0.2072
vn -0.0000 -0.9956 -0.0941
vn -0.0000 -0.9905 -0.1376
vn -0.0000 0.9683 0.2498
vn -0.0000 -0.9835 -0.1808
vn -0.0000 0.9564 0.2920
vn -0.0000 -0.2588 0.9659
vn -0.0000 0.9239 0.3827
vn -0.0000 0.3827 0.9239
vn -0.0000 -0.3827 0.9239
vn -0.0000 -0.9239 0.3827
vn -0.0000 -0.3827 -0.9239
vn -0.0000 -0.9239 -0.3827
vn -0.0000 0.9239 -0.3827
vn -0.0000 0.3827 -0.9239
vn -0.8893 -0.0000 -0.4573
vn -0.8893 -0.0000 -0.4574
vn -0.0000 1.0000 0.0089
vn -0.9894 0.0994 0.1062
vn -0.0000 -1.0000 0.0089
vn 0.0560 -0.0052 -0.9984
vn 0.9894 -0.0994 0.1061
vn -0.0000 0.3714 -0.9285
vn -0.0000 0.9899 0.1414
vn -0.0000 -0.9899 -0.1414
vn -0.0000 -0.8944 -0.4472
vn -0.0000 0.9991 -0.0418
vn -0.0000 -1.0000 0.0006
vn -0.0000 0.9927 -0.1209
vn -0.0000 -1.0000 0.0067
vn -0.0000 -0.9987 0.0504
vn -0.0000 0.9864 -0.1642
vn -0.0000 0.9783 -0.2072
vn -0.0000 -0.9956 0.0941
vn -0.0000 -0.9905 0.1376
vn -0.0000 0.9683 -0.2498
vn -0.0000 -0.9835 0.1808
vn -0.0000 0.9564 -0.2920
vn -0.0000 -0.2588 -0.9659
vn -0.3074 0.9516 -0.0000
vn -0.8828 0.4697 -0.0000
vn 0.9950 0.0995 -0.0000
vn 0.1135 -0.9935 -0.0000
vn -0.9950 -0.0995 -0.0000
vn -0.0767 0.9971 -0.0000
vn -0.5547 0.8321 -0.0000
vn 0.8893 -0.0000 0.4573
vn 0.8893 -0.0000 0.4574
vn 0.9894 0.0994 -0.1062
vn -0.0560 -0.0052 0.9984
vn -0.9894 -0.0994 -0.1061
vn 0.8893 -0.0000 -0.4573
vn 0.8893 -0.0000 -0.4574
vn 0.9903 0.1010 -0.0950
vn 0.0560 0.0052 -0.9984
vn -0.9904 -0.1010 -0.0949
vn 0.3074 0.9516 -0.0000
vn 0.8828 0.4697 -0.0000
vn 0.5547 0.8320 -0.0000
vn 0.0566 0.9984 -0.0076
vn -0.9894 0.0994 -0.1062
vn -0.0565 -0.9984 -0.0076
vn 0.0560 -0.0052 0.9984
vn 0.9894 -0.0994 -0.1061
vn 0.0566 0.9984 0.0076
vn -0.9903 0.1010 -0.0950
vn -0.0565 -0.9984 0.0076
vn -0.0560 0.0052 -0.9984
vn 0.9904 -0.1010 -0.0949
vn -0.5547 0.8320 -0.0000
vn -0.0566 0.9984 -0.0076
vn 0.9903 0.1010 0.0950
vn 0.0565 -0.9984 -0.0076
vn 0.0560 0.0052 0.9984
vn -0.9904 -0.1010 0.0949
vn -0.0566 0.9984 0.0076
vn 0.9894 0.0994 0.1062
vn 0.0565 -0.9984 0.0076
vn -0.0560 -0.0052 -0.9984
vn -0.9894 -0.0994 0.1061
vt 0.625000 0.625000
vt 0.375000 0.750000
vt 0.375000 0.625000
vt 0.875000 0.625000
vt 0.864065 0.750000
vt 0.864065 0.625000
vt 0.375000 0.989085
vt 0.625000 1.000000
vt 0.375000 1.000000
vt 0.860698 0.750000
vt 0.625000 0.750000
vt 0.625000 0.000000
vt 0.375000 0.125000
vt 0.375000 0.000000
vt 1.000000 1.000000
vt 0.875000 0.675000
vt 1.000000 0.675000
vt 0.875000 1.000000
vt 0.750000 0.675000
vt 0.750000 1.000000
vt 0.625000 0.675000
vt 0.500000 0.675000
vt 0.500000 1.000000
vt 0.375000 0.675000
vt 0.250000 0.675000
vt 0.010000 0.250000
vt 0.250000 0.010000
vt 0.490000 0.250000
vt 0.250000 1.000000
vt 0.125000 0.675000
vt 0.000000 1.000000
vt 0.000000 0.675000
vt 0.375000 0.250000
vt 0.375000 0.500000
vt 0.125000 0.750000
vt 0.125000 0.500000
vt 0.481326 1.000000
vt 0.731194 0.500000
vt 0.625000 0.500000
vt 0.481326 0.250000
vt 0.000000 0.000000
vt 0.000000 0.500000
vt 0.250000 0.500000
vt 0.500000 0.500000
vt 0.750000 0.500000
vt 0.875000 0.500000
vt 1.000000 0.500000
vt 0.625000 0.250000
vt 0.875000 0.750000
vt 0.860698 0.625000
vt 0.139085 0.750000
vt 0.139085 0.625000
vt 0.125000 0.625000
vt 0.135915 0.750000
vt 0.375000 0.985915
vt 0.625000 0.985698
vt 0.135915 0.625000
vt 0.625000 0.989065
vt 0.375000 0.212500
vt 0.375000 0.962500
vt 0.875000 0.518750
vt 0.625000 0.537500
vt 0.625000 0.518750
vt 0.625000 0.231250
vt 0.375000 0.231250
vt 0.625000 0.981250
vt 0.375000 0.981250
vt 0.875000 0.537500
vt 0.625000 0.481250
vt 0.375000 0.481250
vt 0.625000 0.462500
vt 0.375000 0.462500
vt 0.625000 0.962500
vt 0.625000 0.212500
vt 0.625000 0.125000
vt 0.010000 0.250000
vt 0.125000 1.000000
vt 0.919706 0.080294
vt 0.580294 0.080294
vt 0.580294 0.419706
vt 0.250000 0.490000
vt 0.625000 0.856194
vt 0.731194 0.500000
vt 0.625000 0.393806
vt 0.481326 0.250000
vt 0.919706 0.419706
vt 0.731194 0.750000
vt 0.731194 0.750000
vt 0.481326 1.000000
vt 0.419706 0.419706
vt 0.080294 0.419706
vt 0.080294 0.080294
vt 0.419706 0.080294
vt 0.750000 0.490000
vt 0.990000 0.250000
vt 0.750000 0.010000
vt 0.510000 0.250000
s 0
f 8/1/1 3/2/1 7/3/1
f 6/4/2 99/5/2 101/6/2
f 98/7/3 2/8/3 1/9/3
f 8/1/2 100/10/2 4/11/2
f 2/12/4 5/13/4 1/14/4
f 10/15/5 38/16/5 37/17/5
f 12/18/6 39/19/6 38/16/6
f 14/20/7 40/21/7 39/19/7
f 16/8/8 41/22/8 40/21/8
f 18/23/9 42/24/9 41/22/9
f 20/9/10 43/25/10 42/24/10
f 22/26/3 18/27/3 14/28/3
f 22/29/11 44/30/11 43/25/11
f 44/30/12 10/31/12 37/32/12
f 396/9/13 705/9/13 707/9/13
f 701/33/4 34/14/4 698/14/4
f 29/34/14 25/35/14 26/36/14
f 703/33/13 31/33/13 33/33/13
f 25/35/15 31/36/15 26/36/15
f 32/35/16 33/36/16 31/36/16
f 28/11/3 699/37/3 25/9/3
f 702/38/17 28/11/17 30/39/17
f 703/40/13 30/39/13 29/34/13
f 28/11/18 35/39/18 30/39/18
f 29/34/13 30/39/13 35/39/13
f 28/11/3 27/2/3 36/11/3
f 43/25/3 59/30/3 57/25/3
f 19/41/13 52/41/13 54/41/13
f 44/30/3 60/32/3 59/30/3
f 38/16/3 60/17/3 37/17/3
f 21/41/13 58/41/13 23/41/13
f 13/41/13 46/41/13 48/41/13
f 39/19/3 47/16/3 38/16/3
f 39/19/3 51/21/3 49/19/3
f 59/30/12 45/42/12 58/36/12
f 57/25/11 58/36/11 56/43/11
f 55/24/10 56/43/10 54/34/10
f 53/22/9 54/34/9 52/44/9
f 51/21/8 52/44/8 50/39/8
f 49/19/7 50/39/7 48/45/7
f 47/16/6 48/45/6 46/46/6
f 60/17/5 46/46/5 45/47/5
f 13/41/13 50/41/13 15/41/13
f 23/41/13 45/41/13 9/41/13
f 43/25/3 55/24/3 42/24/3
f 11/41/13 45/41/13 46/41/13
f 42/24/3 53/22/3 41/22/3
f 21/41/13 54/41/13 56/41/13
f 40/21/3 53/22/3 51/21/3
f 15/41/13 52/41/13 17/41/13
f 65/12/2 63/33/2 61/14/2
f 62/48/16 68/34/16 66/33/16
f 63/39/3 68/2/3 64/34/3
f 61/11/1 64/9/1 62/2/1
f 65/34/13 62/35/13 66/36/13
f 67/46/19 66/11/19 68/39/19
f 70/12/20 71/33/20 69/14/20
f 82/11/3 77/9/3 81/2/3
f 78/12/21 79/33/21 77/14/21
f 74/11/3 69/9/3 73/2/3
f 75/34/16 69/35/16 71/36/16
f 76/39/2 70/49/2 74/11/2
f 83/34/16 77/35/16 79/36/16
f 84/39/2 78/49/2 82/11/2
f 90/11/3 85/9/3 89/2/3
f 86/12/21 87/33/21 85/14/21
f 91/34/16 85/35/16 87/36/16
f 92/39/2 86/49/2 90/11/2
f 94/5/22 96/50/22 95/6/22
f 7/3/16 97/51/16 103/52/16
f 5/53/16 98/54/16 1/35/16
f 97/55/23 93/56/23 107/55/23
f 101/41/3 96/41/3 102/41/3
f 103/41/3 105/41/3 104/41/3
f 3/2/3 100/56/3 97/55/3
f 107/51/24 105/57/24 106/52/24
f 94/58/25 107/55/25 93/56/25
f 104/57/1 108/54/1 98/54/1
f 103/52/19 107/51/19 106/52/19
f 102/50/19 93/10/19 100/10/19
f 101/6/1 94/5/1 95/6/1
f 99/58/26 108/7/26 94/58/26
f 117/12/2 112/59/2 113/14/2
f 113/11/1 111/60/1 114/2/1
f 131/61/19 109/62/19 134/63/19
f 131/64/2 115/33/2 133/65/2
f 120/39/19 126/46/19 119/46/19
f 133/66/1 116/9/1 132/67/1
f 113/14/27 145/12/27 117/12/27
f 110/68/19 118/11/19 109/62/19
f 135/69/16 124/34/16 136/70/16
f 111/71/13 122/72/13 109/72/13
f 109/62/19 136/63/19 134/63/19
f 116/9/1 135/67/1 132/67/1
f 127/2/3 130/34/3 128/34/3
f 125/39/3 127/2/3 128/34/3
f 115/8/13 178/9/13 116/9/13
f 130/34/3 180/34/3 128/34/3
f 119/48/2 125/33/2 115/33/2
f 124/39/19 127/39/19 120/39/19
f 132/67/1 121/60/1 111/60/1
f 134/63/19 124/39/19 120/39/19
f 121/71/28 137/72/28 122/72/28
f 112/73/1 132/67/1 111/60/1
f 110/74/2 133/65/2 112/59/2
f 119/46/19 134/63/19 120/39/19
f 138/71/13 140/70/13 137/72/13
f 166/63/19 137/62/19 140/63/19
f 165/67/1 138/60/1 121/60/1
f 165/69/29 140/70/29 139/69/29
f 130/34/16 124/34/16 123/39/16
f 194/75/19 187/33/19 193/13/19
f 190/48/3 144/34/3 189/33/3
f 196/1/1 189/2/1 195/3/1
f 185/14/2 147/12/2 186/12/2
f 141/11/16 182/49/16 143/49/16
f 141/11/1 185/11/1 181/11/1
f 182/49/19 145/49/19 186/49/19
f 150/12/19 151/33/19 149/14/19
f 152/48/13 155/34/13 151/33/13
f 156/39/1 153/2/1 155/34/1
f 154/11/3 149/9/3 153/2/3
f 155/34/16 149/35/16 151/36/16
f 152/46/2 154/11/2 156/39/2
f 158/12/19 159/33/19 157/14/19
f 160/48/2 163/34/2 159/33/2
f 164/39/1 161/2/1 163/34/1
f 162/11/16 157/9/16 161/2/16
f 160/46/3 162/11/3 164/39/3
f 121/60/1 135/67/1 165/67/1
f 136/63/19 122/62/19 166/63/19
f 135/69/30 166/70/30 165/69/30
f 168/12/19 169/33/19 167/14/19
f 170/48/13 173/34/13 169/33/13
f 174/39/1 171/2/1 173/34/1
f 172/11/3 167/9/3 171/2/3
f 173/34/16 167/35/16 169/36/16
f 170/46/2 172/11/2 174/39/2
f 181/11/1 146/11/1 113/11/1
f 182/49/19 147/49/19 143/49/19
f 128/34/3 179/39/3 125/39/3
f 125/33/2 177/33/2 115/33/2
f 123/39/16 176/34/16 130/34/16
f 116/9/13 175/9/13 123/9/13
f 146/14/2 186/12/2 145/12/2
f 117/49/19 183/11/19 118/11/19
f 114/2/1 181/11/1 113/11/1
f 118/33/16 184/48/16 114/48/16
f 189/2/1 200/3/1 195/3/1
f 194/4/2 190/11/2 196/1/2
f 188/46/2 196/1/2 192/39/2
f 191/34/16 193/53/16 187/36/16
f 192/39/1 195/3/1 191/34/1
f 142/12/19 193/13/19 144/14/19
f 200/3/2 278/53/2 197/53/2
f 144/34/3 199/33/3 189/33/3
f 195/3/13 197/53/13 193/53/13
f 193/13/19 198/14/19 144/14/19
f 206/41/31 204/41/31 202/41/31
f 202/41/19 205/41/19 206/41/19
f 204/41/1 207/41/1 203/41/1
f 207/41/32 201/41/32 203/41/32
f 210/41/33 208/41/33 206/41/33
f 206/41/19 209/41/19 210/41/19
f 208/41/1 211/41/1 207/41/1
f 211/41/34 205/41/34 207/41/34
f 212/41/1 215/41/1 211/41/1
f 215/41/35 209/41/35 211/41/35
f 214/41/36 212/41/36 210/41/36
f 210/41/19 213/41/19 214/41/19
f 218/41/37 216/41/37 214/41/37
f 214/41/19 217/41/19 218/41/19
f 216/41/1 219/41/1 215/41/1
f 219/41/38 213/41/38 215/41/38
f 218/41/19 221/41/19 222/41/19
f 220/41/1 223/41/1 219/41/1
f 223/41/39 217/41/39 219/41/39
f 222/41/40 220/41/40 218/41/40
f 224/41/1 227/41/1 223/41/1
f 227/41/41 221/41/41 223/41/41
f 226/41/42 224/41/42 222/41/42
f 222/41/19 225/41/19 226/41/19
f 227/41/43 226/41/43 225/41/43
f 229/15/44 235/16/44 234/17/44
f 230/18/45 236/19/45 235/16/45
f 231/20/46 237/21/46 236/19/46
f 232/8/47 238/22/47 237/21/47
f 235/16/19 248/17/19 234/17/19
f 236/19/19 241/16/19 235/16/19
f 236/19/19 245/21/19 243/19/19
f 245/21/47 246/44/47 244/39/47
f 243/19/46 244/39/46 242/45/46
f 241/16/45 242/45/45 240/46/45
f 248/17/44 240/46/44 239/47/44
f 237/21/19 247/22/19 245/21/19
f 229/15/19 232/8/19 231/20/19
f 252/15/48 253/46/48 251/47/48
f 254/18/49 255/45/49 253/46/49
f 118/11/16 111/60/16 109/62/16
f 256/20/47 257/39/47 255/45/47
f 267/39/3 272/2/3 268/34/3
f 258/8/46 259/44/46 257/39/46
f 249/11/1 268/9/1 250/2/1
f 260/23/45 261/34/45 259/44/45
f 269/34/13 250/35/13 270/36/13
f 262/9/44 263/43/44 261/34/44
f 264/76/1 260/27/1 256/28/1
f 271/46/19 270/11/19 272/39/19
f 264/29/50 265/36/50 263/43/50
f 266/77/51 251/42/51 265/36/51
f 257/78/19 261/79/19 265/80/19
f 276/3/16 274/35/16 273/53/16
f 198/34/3 275/33/3 199/33/3
f 199/2/1 276/3/1 200/3/1
f 197/13/19 274/14/19 198/14/19
f 197/13/19 280/13/19 273/13/19
f 273/53/16 279/3/16 276/3/16
f 276/3/1 277/3/1 200/3/1
f 282/15/48 283/46/48 281/47/48
f 284/18/49 285/45/49 283/46/49
f 286/20/47 287/39/47 285/45/47
f 288/8/46 289/44/46 287/39/46
f 290/23/45 291/34/45 289/44/45
f 292/9/44 293/43/44 291/34/44
f 298/15/48 299/46/48 297/47/48
f 294/29/50 295/36/50 293/43/50
f 296/77/51 281/42/51 295/36/51
f 287/78/19 291/79/19 295/80/19
f 300/18/49 301/45/49 299/46/49
f 302/20/47 303/39/47 301/45/47
f 304/8/46 305/44/46 303/39/46
f 306/23/45 307/34/45 305/44/45
f 308/9/44 309/43/44 307/34/44
f 310/29/50 311/36/50 309/43/50
f 312/77/51 297/42/51 311/36/51
f 303/78/19 307/79/19 311/80/19
f 314/15/48 315/46/48 313/47/48
f 316/18/49 317/45/49 315/46/49
f 318/20/47 319/39/47 317/45/47
f 320/8/46 321/44/46 319/39/46
f 322/23/45 323/34/45 321/44/45
f 324/9/44 325/43/44 323/34/44
f 330/15/48 331/46/48 329/47/48
f 326/29/50 327/36/50 325/43/50
f 328/77/51 313/42/51 327/36/51
f 319/78/19 323/79/19 327/80/19
f 332/18/49 333/45/49 331/46/49
f 334/20/47 335/39/47 333/45/47
f 336/8/46 337/44/46 335/39/46
f 338/23/45 339/34/45 337/44/45
f 340/9/44 341/43/44 339/34/44
f 342/29/50 343/36/50 341/43/50
f 344/77/51 329/42/51 343/36/51
f 335/78/19 339/79/19 343/80/19
f 346/15/48 347/46/48 345/47/48
f 348/18/49 349/45/49 347/46/49
f 350/20/47 351/39/47 349/45/47
f 352/8/46 353/44/46 351/39/46
f 354/23/45 355/34/45 353/44/45
f 356/9/44 357/43/44 355/34/44
f 358/29/50 359/36/50 357/43/50
f 360/77/51 345/42/51 359/36/51
f 351/78/19 355/79/19 359/80/19
f 362/15/48 363/46/48 361/47/48
f 364/18/49 365/45/49 363/46/49
f 366/20/47 367/39/47 365/45/47
f 368/8/46 369/44/46 367/39/46
f 370/23/45 371/34/45 369/44/45
f 372/9/44 373/43/44 371/34/44
f 374/29/50 375/36/50 373/43/50
f 376/77/51 361/42/51 375/36/51
f 367/78/19 371/79/19 375/80/19
f 379/2/1 8/1/1 7/3/1
f 453/5/2 6/4/2 101/6/2
f 452/7/13 378/8/13 453/58/13
f 8/1/2 454/10/2 102/50/2
f 5/13/4 378/12/4 377/14/4
f 402/16/5 381/15/5 401/17/5
f 403/19/6 382/18/6 402/16/6
f 404/21/7 383/20/7 403/19/7
f 405/22/8 384/8/8 404/21/8
f 406/24/9 385/23/9 405/22/9
f 407/25/10 386/9/10 406/24/10
f 385/27/13 387/26/13 381/81/13
f 408/30/11 387/29/11 407/25/11
f 408/30/12 381/31/12 388/77/12
f 398/14/4 710/33/4 705/14/4
f 389/35/14 393/34/14 390/36/14
f 389/9/13 706/82/13 392/11/13
f 395/36/15 389/35/15 390/36/15
f 397/36/16 396/35/16 395/36/16
f 392/11/17 709/83/17 394/39/17
f 710/33/3 395/33/3 390/33/3
f 393/34/3 709/84/3 711/85/3
f 399/39/18 392/11/18 394/39/18
f 393/34/3 399/39/3 394/39/3
f 392/11/13 400/11/13 391/2/13
f 407/25/13 415/30/13 408/30/13
f 408/30/13 416/32/13 401/32/13
f 416/17/13 402/16/13 401/17/13
f 409/16/13 403/19/13 402/16/13
f 403/19/13 411/21/13 404/21/13
f 45/42/12 415/30/12 58/36/12
f 58/36/11 414/25/11 56/43/11
f 56/43/10 413/24/10 54/34/10
f 54/34/9 412/22/9 52/44/9
f 52/44/8 411/21/8 50/39/8
f 50/39/7 410/19/7 48/45/7
f 48/45/6 409/16/6 46/46/6
f 46/46/5 416/17/5 45/47/5
f 413/24/13 407/25/13 406/24/13
f 412/22/13 406/24/13 405/22/13
f 404/21/13 412/22/13 405/22/13
f 419/33/2 421/12/2 417/14/2
f 424/34/16 418/48/16 422/33/16
f 424/2/13 419/39/13 420/34/13
f 420/9/1 417/11/1 418/2/1
f 418/35/3 421/34/3 422/36/3
f 422/11/19 423/46/19 424/39/19
f 427/33/52 426/12/52 425/14/52
f 433/9/13 438/11/13 437/2/13
f 435/33/53 434/12/53 433/14/53
f 425/9/13 430/11/13 429/2/13
f 425/35/16 431/34/16 427/36/16
f 432/39/2 426/49/2 428/46/2
f 433/35/16 439/34/16 435/36/16
f 440/39/2 434/49/2 436/46/2
f 441/9/13 446/11/13 445/2/13
f 443/33/53 442/12/53 441/14/53
f 441/35/16 447/34/16 443/36/16
f 448/39/2 442/49/2 444/46/2
f 96/50/54 450/5/54 95/6/54
f 451/51/16 7/3/16 103/52/16
f 5/53/16 452/54/16 104/57/16
f 451/55/55 449/56/55 454/56/55
f 379/2/13 454/56/13 380/11/13
f 105/57/56 455/51/56 106/52/56
f 450/58/57 455/55/57 456/7/57
f 456/54/1 104/57/1 452/54/1
f 103/52/19 455/51/19 451/51/19
f 449/10/19 102/50/19 454/10/19
f 101/6/1 450/5/1 453/5/1
f 453/58/58 456/7/58 452/7/58
f 460/59/2 465/12/2 461/14/2
f 459/60/1 461/11/1 462/2/1
f 457/62/19 479/61/19 482/63/19
f 463/33/2 479/64/2 481/65/2
f 474/46/19 468/39/19 467/46/19
f 464/9/1 481/66/1 480/67/1
f 491/12/59 461/14/59 465/12/59
f 466/11/19 458/68/19 457/62/19
f 472/34/16 483/69/16 484/70/16
f 470/72/3 459/71/3 457/72/3
f 484/63/19 457/62/19 482/63/19
f 483/67/1 464/9/1 480/67/1
f 478/34/13 475/2/13 476/34/13
f 475/2/13 473/39/13 476/34/13
f 518/9/3 463/8/3 464/9/3
f 520/34/13 478/34/13 476/34/13
f 473/33/2 467/48/2 463/33/2
f 475/39/19 472/39/19 468/39/19
f 469/60/1 480/67/1 459/60/1
f 472/39/19 482/63/19 468/39/19
f 485/72/60 469/71/60 470/72/60
f 480/67/1 460/73/1 459/60/1
f 481/65/2 458/74/2 460/59/2
f 482/63/19 467/46/19 468/39/19
f 488/70/3 486/71/3 485/72/3
f 506/63/19 485/62/19 470/62/19
f 486/60/1 505/67/1 469/60/1
f 487/69/61 506/70/61 505/69/61
f 472/34/16 478/34/16 471/39/16
f 187/33/19 530/75/19 529/13/19
f 490/34/13 528/48/13 527/33/13
f 527/2/1 532/1/1 531/3/1
f 147/12/2 525/14/2 526/12/2
f 522/49/16 141/11/16 143/49/16
f 525/11/1 141/11/1 521/11/1
f 522/49/19 491/49/19 465/49/19
f 495/33/19 494/12/19 493/14/19
f 499/34/3 496/48/3 495/33/3
f 497/2/1 500/39/1 499/34/1
f 493/9/13 498/11/13 497/2/13
f 493/35/16 499/34/16 495/36/16
f 498/11/2 496/46/2 500/39/2
f 159/33/19 501/12/19 157/14/19
f 163/34/2 502/48/2 159/33/2
f 161/2/1 504/39/1 163/34/1
f 157/9/16 503/11/16 161/2/16
f 503/11/13 502/46/13 504/39/13
f 469/60/1 505/67/1 483/67/1
f 484/63/19 506/63/19 470/62/19
f 505/69/62 484/70/62 483/69/62
f 509/33/19 508/12/19 507/14/19
f 513/34/3 510/48/3 509/33/3
f 511/2/1 514/39/1 513/34/1
f 507/9/13 512/11/13 511/2/13
f 507/35/16 513/34/16 509/36/16
f 512/11/2 510/46/2 514/39/2
f 492/11/1 521/11/1 461/11/1
f 147/49/19 522/49/19 143/49/19
f 519/39/13 476/34/13 473/39/13
f 517/33/2 473/33/2 463/33/2
f 516/34/16 471/39/16 478/34/16
f 515/9/3 464/9/3 471/9/3
f 526/12/2 492/14/2 491/12/2
f 523/11/19 465/49/19 466/11/19
f 521/11/1 462/2/1 461/11/1
f 524/48/16 466/33/16 462/48/16
f 536/3/1 527/2/1 531/3/1
f 528/11/2 530/4/2 532/1/2
f 532/1/2 188/46/2 192/39/2
f 529/53/16 191/34/16 187/36/16
f 531/3/1 192/39/1 191/34/1
f 529/13/19 489/12/19 490/14/19
f 278/53/2 536/3/2 533/53/2
f 535/33/13 490/34/13 527/33/13
f 533/53/3 531/3/3 529/53/3
f 534/14/19 529/13/19 490/14/19
f 204/41/63 538/41/63 202/41/63
f 202/41/19 537/41/19 201/41/19
f 204/41/1 539/41/1 540/41/1
f 201/41/64 539/41/64 203/41/64
f 540/41/65 542/41/65 538/41/65
f 538/41/19 541/41/19 537/41/19
f 540/41/1 543/41/1 544/41/1
f 537/41/66 543/41/66 539/41/66
f 544/41/1 547/41/1 548/41/1
f 541/41/67 547/41/67 543/41/67
f 544/41/68 546/41/68 542/41/68
f 542/41/19 545/41/19 541/41/19
f 548/41/69 550/41/69 546/41/69
f 546/41/19 549/41/19 545/41/19
f 548/41/1 551/41/1 552/41/1
f 545/41/70 551/41/70 547/41/70
f 550/41/19 553/41/19 549/41/19
f 552/41/1 555/41/1 556/41/1
f 549/41/71 555/41/71 551/41/71
f 552/41/72 554/41/72 550/41/72
f 556/41/1 559/41/1 560/41/1
f 553/41/73 559/41/73 555/41/73
f 556/41/74 558/41/74 554/41/74
f 554/41/19 557/41/19 553/41/19
f 558/41/75 559/41/75 557/41/75
f 564/16/50 229/15/50 234/17/50
f 565/19/51 561/18/51 564/16/51
f 566/21/48 562/20/48 565/19/48
f 238/22/49 563/8/49 566/21/49
f 248/17/19 564/16/19 234/17/19
f 568/16/19 565/19/19 564/16/19
f 565/19/19 572/21/19 566/21/19
f 246/44/49 572/21/49 571/39/49
f 571/39/48 570/19/48 569/45/48
f 569/45/51 568/16/51 567/46/51
f 567/46/50 248/17/50 239/47/50
f 566/21/19 247/22/19 238/22/19
f 562/20/19 233/23/19 229/15/19
f 577/46/46 576/15/46 575/47/46
f 579/45/47 578/18/47 577/46/47
f 459/60/16 466/11/16 457/62/16
f 581/39/49 580/20/49 579/45/49
f 596/2/13 591/39/13 592/34/13
f 583/44/48 582/8/48 581/39/48
f 592/9/1 573/11/1 574/2/1
f 585/34/51 584/23/51 583/44/51
f 574/35/3 593/34/3 594/36/3
f 587/43/50 586/9/50 585/34/50
f 584/27/1 588/76/1 576/81/1
f 594/11/19 595/46/19 596/39/19
f 589/36/44 588/29/44 587/43/44
f 575/42/45 590/77/45 589/36/45
f 585/79/19 581/78/19 577/86/19
f 598/35/16 600/3/16 597/53/16
f 599/33/13 534/34/13 535/33/13
f 600/3/1 535/2/1 536/3/1
f 598/14/19 533/13/19 534/14/19
f 280/13/19 533/13/19 597/13/19
f 279/3/16 597/53/16 600/3/16
f 277/3/1 600/3/1 536/3/1
f 603/46/46 602/15/46 601/47/46
f 605/45/47 604/18/47 603/46/47
f 607/39/49 606/20/49 605/45/49
f 609/44/48 608/8/48 607/39/48
f 611/34/51 610/23/51 609/44/51
f 613/43/50 612/9/50 611/34/50
f 619/46/46 618/15/46 617/47/46
f 615/36/44 614/29/44 613/43/44
f 601/42/45 616/77/45 615/36/45
f 611/79/19 607/78/19 603/86/19
f 621/45/47 620/18/47 619/46/47
f 623/39/49 622/20/49 621/45/49
f 625/44/48 624/8/48 623/39/48
f 627/34/51 626/23/51 625/44/51
f 629/43/50 628/9/50 627/34/50
f 631/36/44 630/29/44 629/43/44
f 617/42/45 632/77/45 631/36/45
f 627/79/19 623/78/19 619/86/19
f 635/46/46 634/15/46 633/47/46
f 637/45/47 636/18/47 635/46/47
f 639/39/49 638/20/49 637/45/49
f 641/44/48 640/8/48 639/39/48
f 643/34/51 642/23/51 641/44/51
f 645/43/50 644/9/50 643/34/50
f 651/46/46 650/15/46 649/47/46
f 647/36/44 646/29/44 645/43/44
f 633/42/45 648/77/45 647/36/45
f 643/79/19 639/78/19 635/86/19
f 653/45/47 652/18/47 651/46/47
f 655/39/49 654/20/49 653/45/49
f 657/44/48 656/8/48 655/39/48
f 659/34/51 658/23/51 657/44/51
f 661/43/50 660/9/50 659/34/50
f 663/36/44 662/29/44 661/43/44
f 649/42/45 664/77/45 663/36/45
f 659/79/19 655/78/19 651/86/19
f 667/46/46 666/15/46 665/47/46
f 669/45/47 668/18/47 667/46/47
f 671/39/49 670/20/49 669/45/49
f 673/44/48 672/8/48 671/39/48
f 675/34/51 674/23/51 673/44/51
f 677/43/50 676/9/50 675/34/50
f 679/36/44 678/29/44 677/43/44
f 665/42/45 680/77/45 679/36/45
f 675/79/19 671/78/19 667/86/19
f 683/46/46 682/15/46 681/47/46
f 685/45/47 684/18/47 683/46/47
f 687/39/49 686/20/49 685/45/49
f 689/44/48 688/8/48 687/39/48
f 691/34/51 690/23/51 689/44/51
f 693/43/50 692/9/50 691/34/50
f 695/36/44 694/29/44 693/43/44
f 681/42/45 696/77/45 695/36/45
f 691/79/19 687/78/19 683/86/19
f 697/14/3 700/14/3 699/14/3
f 700/14/3 698/14/3 699/14/3
f 701/33/13 704/33/13 703/33/13
f 704/33/13 702/33/13 703/33/13
f 705/14/13 708/14/13 707/14/13
f 708/14/13 706/14/13 707/14/13
f 709/33/3 712/33/3 711/33/3
f 712/33/3 710/33/3 711/33/3
f 702/38/76 700/49/76 697/87/76
f 704/33/77 698/14/77 700/14/77
f 710/33/77 708/14/77 705/14/77
f 712/46/76 706/88/76 708/49/76
f 699/9/3 34/9/3 32/9/3
f 715/2/19 720/1/19 719/3/19
f 811/5/2 718/4/2 813/6/2
f 810/7/3 714/8/3 811/58/3
f 720/1/2 812/10/2 814/50/2
f 717/13/78 714/12/78 713/14/78
f 750/16/12 722/15/12 749/17/12
f 751/19/11 724/18/11 750/16/11
f 752/21/10 726/20/10 751/19/10
f 753/22/9 728/8/9 752/21/9
f 754/24/8 730/23/8 753/22/8
f 755/25/7 732/9/7 754/24/7
f 730/27/3 734/26/3 722/81/3
f 756/30/6 734/29/6 755/25/6
f 756/30/5 722/31/5 736/77/5
f 1407/9/13 1104/9/13 1102/9/13
f 746/14/78 1401/33/78 1398/14/78
f 737/35/79 741/34/79 738/36/79
f 745/33/13 738/33/13 1403/33/13
f 743/36/80 737/35/80 738/36/80
f 745/36/16 744/35/16 743/36/16
f 737/9/3 1397/82/3 740/11/3
f 740/11/81 1402/38/81 742/39/81
f 741/34/13 1402/84/13 1403/40/13
f 747/39/82 740/11/82 742/39/82
f 741/34/13 747/39/13 742/39/13
f 740/11/3 748/11/3 739/2/3
f 755/25/3 771/30/3 756/30/3
f 731/41/13 764/41/13 729/41/13
f 756/30/3 772/32/3 749/32/3
f 772/17/3 750/16/3 749/17/3
f 770/41/13 733/41/13 735/41/13
f 725/41/13 758/41/13 723/41/13
f 759/16/3 751/19/3 750/16/3
f 751/19/3 763/21/3 752/21/3
f 757/42/5 771/30/5 770/36/5
f 770/36/6 769/25/6 768/43/6
f 768/43/7 767/24/7 766/34/7
f 766/34/8 765/22/8 764/44/8
f 764/44/9 763/21/9 762/39/9
f 762/39/10 761/19/10 760/45/10
f 760/45/11 759/16/11 758/46/11
f 758/46/12 772/17/12 757/47/12
f 762/41/13 725/41/13 727/41/13
f 757/41/13 735/41/13 721/41/13
f 767/24/3 755/25/3 754/24/3
f 723/41/13 757/41/13 721/41/13
f 765/22/3 754/24/3 753/22/3
f 733/41/13 766/41/13 731/41/13
f 752/21/3 765/22/3 753/22/3
f 764/41/13 727/41/13 729/41/13
f 775/33/2 777/12/2 773/14/2
f 780/34/16 774/48/16 778/33/16
f 780/2/3 775/39/3 776/34/3
f 776/9/19 773/11/19 774/2/19
f 774/35/13 777/34/13 778/36/13
f 778/11/1 779/46/1 780/39/1
f 783/33/83 782/12/83 781/14/83
f 789/9/3 794/11/3 793/2/3
f 791/33/84 790/12/84 789/14/84
f 781/9/3 786/11/3 785/2/3
f 781/35/16 787/34/16 783/36/16
f 788/39/2 782/49/2 784/46/2
f 789/35/16 795/34/16 791/36/16
f 796/39/2 790/49/2 792/46/2
f 797/9/3 802/11/3 801/2/3
f 799/33/84 798/12/84 797/14/84
f 797/35/16 803/34/16 799/36/16
f 804/39/2 798/49/2 800/46/2
f 808/50/22 806/5/22 807/6/22
f 809/51/16 719/3/16 815/52/16
f 717/53/16 810/54/16 816/57/16
f 809/55/85 805/56/85 812/56/85
f 808/41/3 813/41/3 814/41/3
f 817/41/3 815/41/3 816/41/3
f 715/2/3 812/56/3 716/11/3
f 817/57/24 819/51/24 818/52/24
f 806/58/86 819/55/86 820/7/86
f 820/54/19 816/57/19 810/54/19
f 815/52/1 819/51/1 809/51/1
f 805/10/1 814/50/1 812/10/1
f 813/6/19 806/5/19 811/5/19
f 811/58/87 820/7/87 810/7/87
f 824/59/2 829/12/2 825/14/2
f 823/60/19 825/11/19 826/2/19
f 821/62/1 843/61/1 846/63/1
f 827/33/2 843/64/2 845/65/2
f 838/46/1 832/39/1 831/46/1
f 828/9/19 845/66/19 844/67/19
f 857/12/27 825/14/27 829/12/27
f 830/11/1 822/68/1 821/62/1
f 836/34/16 847/69/16 848/70/16
f 834/72/13 823/71/13 821/72/13
f 848/63/1 821/62/1 846/63/1
f 847/67/19 828/9/19 844/67/19
f 842/34/3 839/2/3 840/34/3
f 839/2/3 837/39/3 840/34/3
f 178/9/13 827/8/13 828/9/13
f 180/34/3 842/34/3 840/34/3
f 837/33/2 831/48/2 827/33/2
f 839/39/1 836/39/1 832/39/1
f 833/60/19 844/67/19 823/60/19
f 836/39/1 846/63/1 832/39/1
f 849/72/28 833/71/28 834/72/28
f 844/67/19 824/73/19 823/60/19
f 845/65/2 822/74/2 824/59/2
f 846/63/1 831/46/1 832/39/1
f 852/70/13 850/71/13 849/72/13
f 878/63/1 849/62/1 834/62/1
f 850/60/19 877/67/19 833/60/19
f 877/69/29 852/70/29 878/70/29
f 836/34/16 842/34/16 835/39/16
f 893/33/1 900/75/1 899/13/1
f 856/34/3 896/48/3 895/33/3
f 895/2/19 902/1/19 901/3/19
f 859/12/2 891/14/2 892/12/2
f 888/49/16 853/11/16 855/49/16
f 891/11/19 853/11/19 887/11/19
f 888/49/1 857/49/1 829/49/1
f 863/33/1 862/12/1 861/14/1
f 867/34/13 864/48/13 863/33/13
f 865/2/19 868/39/19 867/34/19
f 861/9/3 866/11/3 865/2/3
f 861/35/16 867/34/16 863/36/16
f 866/11/2 864/46/2 868/39/2
f 871/33/1 870/12/1 869/14/1
f 875/34/2 872/48/2 871/33/2
f 873/2/19 876/39/19 875/34/19
f 869/9/16 874/11/16 873/2/16
f 874/11/3 872/46/3 876/39/3
f 833/60/19 877/67/19 847/67/19
f 848/63/1 878/63/1 834/62/1
f 847/69/30 878/70/30 848/70/30
f 881/33/1 880/12/1 879/14/1
f 885/34/13 882/48/13 881/33/13
f 883/2/19 886/39/19 885/34/19
f 879/9/3 884/11/3 883/2/3
f 879/35/16 885/34/16 881/36/16
f 884/11/2 882/46/2 886/39/2
f 858/11/19 887/11/19 825/11/19
f 859/49/1 888/49/1 855/49/1
f 179/39/3 840/34/3 837/39/3
f 177/33/2 837/33/2 827/33/2
f 176/34/16 835/39/16 842/34/16
f 175/9/13 828/9/13 835/9/13
f 892/12/2 858/14/2 857/12/2
f 889/11/1 829/49/1 830/11/1
f 887/11/19 826/2/19 825/11/19
f 890/48/16 830/33/16 826/48/16
f 906/3/19 895/2/19 901/3/19
f 896/11/2 900/4/2 902/1/2
f 902/1/2 894/46/2 898/39/2
f 899/53/16 897/34/16 893/36/16
f 901/3/19 898/39/19 897/34/19
f 899/13/1 854/12/1 856/14/1
f 984/53/2 906/3/2 903/53/2
f 905/33/3 856/34/3 895/33/3
f 903/53/13 901/3/13 899/53/13
f 904/14/1 899/13/1 856/14/1
f 910/41/31 912/41/31 908/41/31
f 908/41/1 911/41/1 907/41/1
f 910/41/19 913/41/19 914/41/19
f 907/41/32 913/41/32 909/41/32
f 914/41/33 916/41/33 912/41/33
f 912/41/1 915/41/1 911/41/1
f 914/41/19 917/41/19 918/41/19
f 911/41/34 917/41/34 913/41/34
f 918/41/19 921/41/19 922/41/19
f 915/41/35 921/41/35 917/41/35
f 918/41/36 920/41/36 916/41/36
f 916/41/1 919/41/1 915/41/1
f 922/41/37 924/41/37 920/41/37
f 920/41/1 923/41/1 919/41/1
f 922/41/19 925/41/19 926/41/19
f 919/41/38 925/41/38 921/41/38
f 924/41/1 927/41/1 923/41/1
f 926/41/19 929/41/19 930/41/19
f 923/41/39 929/41/39 925/41/39
f 926/41/40 928/41/40 924/41/40
f 930/41/19 933/41/19 934/41/19
f 927/41/41 933/41/41 929/41/41
f 930/41/42 932/41/42 928/41/42
f 928/41/1 931/41/1 927/41/1
f 932/41/43 933/41/43 931/41/43
f 941/16/44 935/15/44 940/17/44
f 942/19/45 936/18/45 941/16/45
f 943/21/46 937/20/46 942/19/46
f 944/22/47 938/8/47 943/21/47
f 954/17/1 941/16/1 940/17/1
f 947/16/1 942/19/1 941/16/1
f 942/19/1 951/21/1 943/21/1
f 952/44/47 951/21/47 950/39/47
f 950/39/46 949/19/46 948/45/46
f 948/45/45 947/16/45 946/46/45
f 946/46/44 954/17/44 945/47/44
f 943/21/1 953/22/1 944/22/1
f 937/20/1 939/23/1 935/15/1
f 959/46/48 958/15/48 957/47/48
f 961/45/49 960/18/49 959/46/49
f 823/60/16 830/11/16 821/62/16
f 963/39/47 962/20/47 961/45/47
f 978/2/3 973/39/3 974/34/3
f 965/44/46 964/8/46 963/39/46
f 974/9/19 955/11/19 956/2/19
f 967/34/45 966/23/45 965/44/45
f 956/35/13 975/34/13 976/36/13
f 969/43/44 968/9/44 967/34/44
f 966/27/19 970/76/19 958/81/19
f 976/11/1 977/46/1 978/39/1
f 971/36/50 970/29/50 969/43/50
f 957/42/51 972/77/51 971/36/51
f 967/79/1 963/78/1 959/86/1
f 980/35/16 982/3/16 979/53/16
f 981/33/3 904/34/3 905/33/3
f 982/3/19 905/2/19 906/3/19
f 980/14/1 903/13/1 904/14/1
f 986/13/1 903/13/1 979/13/1
f 985/3/16 979/53/16 982/3/16
f 983/3/19 982/3/19 906/3/19
f 989/46/48 988/15/48 987/47/48
f 991/45/49 990/18/49 989/46/49
f 993/39/47 992/20/47 991/45/47
f 995/44/46 994/8/46 993/39/46
f 997/34/45 996/23/45 995/44/45
f 999/43/44 998/9/44 997/34/44
f 1005/46/48 1004/15/48 1003/47/48
f 1001/36/50 1000/29/50 999/43/50
f 987/42/51 1002/77/51 1001/36/51
f 997/79/1 993/78/1 989/86/1
f 1007/45/49 1006/18/49 1005/46/49
f 1009/39/47 1008/20/47 1007/45/47
f 1011/44/46 1010/8/46 1009/39/46
f 1013/34/45 1012/23/45 1011/44/45
f 1015/43/44 1014/9/44 1013/34/44
f 1017/36/50 1016/29/50 1015/43/50
f 1003/42/51 1018/77/51 1017/36/51
f 1013/79/1 1009/78/1 1005/86/1
f 1021/46/48 1020/15/48 1019/47/48
f 1023/45/49 1022/18/49 1021/46/49
f 1025/39/47 1024/20/47 1023/45/47
f 1027/44/46 1026/8/46 1025/39/46
f 1029/34/45 1028/23/45 1027/44/45
f 1031/43/44 1030/9/44 1029/34/44
f 1037/46/48 1036/15/48 1035/47/48
f 1033/36/50 1032/29/50 1031/43/50
f 1019/42/51 1034/77/51 1033/36/51
f 1029/79/1 1025/78/1 1021/86/1
f 1039/45/49 1038/18/49 1037/46/49
f 1041/39/47 1040/20/47 1039/45/47
f 1043/44/46 1042/8/46 1041/39/46
f 1045/34/45 1044/23/45 1043/44/45
f 1047/43/44 1046/9/44 1045/34/44
f 1049/36/50 1048/29/50 1047/43/50
f 1035/42/51 1050/77/51 1049/36/51
f 1045/79/1 1041/78/1 1037/86/1
f 1053/46/48 1052/15/48 1051/47/48
f 1055/45/49 1054/18/49 1053/46/49
f 1057/39/47 1056/20/47 1055/45/47
f 1059/44/46 1058/8/46 1057/39/46
f 1061/34/45 1060/23/45 1059/44/45
f 1063/43/44 1062/9/44 1061/34/44
f 1065/36/50 1064/29/50 1063/43/50
f 1051/42/51 1066/77/51 1065/36/51
f 1061/79/1 1057/78/1 1053/86/1
f 1069/46/48 1068/15/48 1067/47/48
f 1071/45/49 1070/18/49 1069/46/49
f 1073/39/47 1072/20/47 1071/45/47
f 1075/44/46 1074/8/46 1073/39/46
f 1077/34/45 1076/23/45 1075/44/45
f 1079/43/44 1078/9/44 1077/34/44
f 1081/36/50 1080/29/50 1079/43/50
f 1067/42/51 1082/77/51 1081/36/51
f 1077/79/1 1073/78/1 1069/86/1
f 720/1/19 1085/2/19 719/3/19
f 718/4/2 1159/5/2 813/6/2
f 1158/7/13 1084/8/13 1083/9/13
f 720/1/2 1160/10/2 1086/11/2
f 1084/12/78 717/13/78 1083/14/78
f 1087/15/12 1108/16/12 1107/17/12
f 1088/18/11 1109/19/11 1108/16/11
f 1089/20/10 1110/21/10 1109/19/10
f 1090/8/9 1111/22/9 1110/21/9
f 1091/23/8 1112/24/8 1111/22/8
f 1092/9/7 1113/25/7 1112/24/7
f 1093/26/13 1091/27/13 1089/28/13
f 1093/29/6 1114/30/6 1113/25/6
f 1114/30/5 1087/31/5 1107/32/5
f 1410/33/78 1104/14/78 1405/14/78
f 1099/34/79 1095/35/79 1096/36/79
f 1098/11/13 1407/89/13 1095/9/13
f 1095/35/80 1101/36/80 1096/36/80
f 1102/35/16 1103/36/16 1101/36/16
f 1409/83/81 1098/11/81 1100/39/81
f 1096/33/3 1103/33/3 1410/33/3
f 1411/85/3 1100/39/3 1099/34/3
f 1098/11/82 1105/39/82 1100/39/82
f 1099/34/3 1100/39/3 1105/39/3
f 1098/11/13 1097/2/13 1106/11/13
f 1113/25/13 1121/30/13 1120/25/13
f 1114/30/13 1122/32/13 1121/30/13
f 1108/16/13 1122/17/13 1107/17/13
f 1109/19/13 1115/16/13 1108/16/13
f 1109/19/13 1117/21/13 1116/19/13
f 1121/30/5 757/42/5 770/36/5
f 1120/25/6 770/36/6 768/43/6
f 1119/24/7 768/43/7 766/34/7
f 1118/22/8 766/34/8 764/44/8
f 1117/21/9 764/44/9 762/39/9
f 1116/19/10 762/39/10 760/45/10
f 1115/16/11 760/45/11 758/46/11
f 1122/17/12 758/46/12 757/47/12
f 1113/25/13 1119/24/13 1112/24/13
f 1112/24/13 1118/22/13 1111/22/13
f 1110/21/13 1118/22/13 1117/21/13
f 1127/12/2 1125/33/2 1123/14/2
f 1124/48/16 1130/34/16 1128/33/16
f 1125/39/13 1130/2/13 1126/34/13
f 1123/11/19 1126/9/19 1124/2/19
f 1127/34/3 1124/35/3 1128/36/3
f 1129/46/1 1128/11/1 1130/39/1
f 1132/12/88 1133/33/88 1131/14/88
f 1144/11/13 1139/9/13 1143/2/13
f 1140/12/89 1141/33/89 1139/14/89
f 1136/11/13 1131/9/13 1135/2/13
f 1137/34/16 1131/35/16 1133/36/16
f 1138/39/2 1132/49/2 1136/11/2
f 1145/34/16 1139/35/16 1141/36/16
f 1146/39/2 1140/49/2 1144/11/2
f 1152/11/13 1147/9/13 1151/2/13
f 1148/12/89 1149/33/89 1147/14/89
f 1153/34/16 1147/35/16 1149/36/16
f 1154/39/2 1148/49/2 1152/11/2
f 1156/5/54 808/50/54 807/6/54
f 719/3/16 1157/51/16 815/52/16
f 717/53/16 1158/54/16 1083/35/16
f 1157/55/90 1155/56/90 1161/55/90
f 1085/2/13 1160/56/13 1157/55/13
f 1161/51/56 817/57/56 818/52/56
f 1156/58/91 1161/55/91 1155/56/91
f 816/57/19 1162/54/19 1158/54/19
f 815/52/1 1161/51/1 818/52/1
f 814/50/1 1155/10/1 1160/10/1
f 813/6/19 1156/5/19 807/6/19
f 1159/58/92 1162/7/92 1156/58/92
f 1171/12/2 1166/59/2 1167/14/2
f 1167/11/19 1165/60/19 1168/2/19
f 1185/61/1 1163/62/1 1188/63/1
f 1185/64/2 1169/33/2 1187/65/2
f 1174/39/1 1180/46/1 1173/46/1
f 1187/66/19 1170/9/19 1186/67/19
f 1167/14/59 1197/12/59 1171/12/59
f 1164/68/1 1172/11/1 1163/62/1
f 1189/69/16 1178/34/16 1190/70/16
f 1165/71/3 1176/72/3 1163/72/3
f 1163/62/1 1190/63/1 1188/63/1
f 1170/9/19 1189/67/19 1186/67/19
f 1181/2/13 1184/34/13 1182/34/13
f 1179/39/13 1181/2/13 1182/34/13
f 1169/8/3 518/9/3 1170/9/3
f 1184/34/13 520/34/13 1182/34/13
f 1173/48/2 1179/33/2 1169/33/2
f 1178/39/1 1181/39/1 1174/39/1
f 1186/67/19 1175/60/19 1165/60/19
f 1188/63/1 1178/39/1 1174/39/1
f 1175/71/60 1191/72/60 1176/72/60
f 1166/73/19 1186/67/19 1165/60/19
f 1164/74/2 1187/65/2 1166/59/2
f 1173/46/1 1188/63/1 1174/39/1
f 1192/71/3 1194/70/3 1191/72/3
f 1212/63/1 1191/62/1 1194/63/1
f 1211/67/19 1192/60/19 1175/60/19
f 1212/70/61 1193/69/61 1211/69/61
f 1184/34/16 1178/34/16 1177/39/16
f 1230/75/1 893/33/1 1229/13/1
f 1228/48/13 1196/34/13 1227/33/13
f 1232/1/19 1227/2/19 1231/3/19
f 1225/14/2 859/12/2 1226/12/2
f 853/11/16 1222/49/16 855/49/16
f 853/11/19 1225/11/19 1221/11/19
f 1222/49/1 1197/49/1 1226/49/1
f 1200/12/1 1201/33/1 1199/14/1
f 1202/48/3 1205/34/3 1201/33/3
f 1206/39/19 1203/2/19 1205/34/19
f 1204/11/13 1199/9/13 1203/2/13
f 1205/34/16 1199/35/16 1201/36/16
f 1202/46/2 1204/11/2 1206/39/2
f 1207/12/1 871/33/1 869/14/1
f 1208/48/2 875/34/2 871/33/2
f 1210/39/19 873/2/19 875/34/19
f 1209/11/16 869/9/16 873/2/16
f 1208/46/13 1209/11/13 1210/39/13
f 1175/60/19 1189/67/19 1211/67/19
f 1190/63/1 1176/62/1 1212/63/1
f 1189/69/62 1212/70/62 1211/69/62
f 1214/12/1 1215/33/1 1213/14/1
f 1216/48/3 1219/34/3 1215/33/3
f 1220/39/19 1217/2/19 1219/34/19
f 1218/11/13 1213/9/13 1217/2/13
f 1219/34/16 1213/35/16 1215/36/16
f 1216/46/2 1218/11/2 1220/39/2
f 1221/11/19 1198/11/19 1167/11/19
f 1222/49/1 859/49/1 855/49/1
f 1182/34/13 519/39/13 1179/39/13
f 1179/33/2 517/33/2 1169/33/2
f 1177/39/16 516/34/16 1184/34/16
f 1170/9/3 515/9/3 1177/9/3
f 1198/14/2 1226/12/2 1197/12/2
f 1171/49/1 1223/11/1 1172/11/1
f 1168/2/19 1221/11/19 1167/11/19
f 1172/33/16 1224/48/16 1168/48/16
f 1227/2/19 1236/3/19 1231/3/19
f 1230/4/2 1228/11/2 1232/1/2
f 894/46/2 1232/1/2 898/39/2
f 897/34/16 1229/53/16 893/36/16
f 898/39/19 1231/3/19 897/34/19
f 1195/12/1 1229/13/1 1196/14/1
f 1236/3/2 984/53/2 1233/53/2
f 1196/34/13 1235/33/13 1227/33/13
f 1231/3/3 1233/53/3 1229/53/3
f 1229/13/1 1234/14/1 1196/14/1
f 1238/41/63 910/41/63 908/41/63
f 908/41/1 1237/41/1 1238/41/1
f 910/41/19 1239/41/19 909/41/19
f 1239/41/64 907/41/64 909/41/64
f 1242/41/65 1240/41/65 1238/41/65
f 1238/41/1 1241/41/1 1242/41/1
f 1240/41/19 1243/41/19 1239/41/19
f 1243/41/66 1237/41/66 1239/41/66
f 1244/41/19 1247/41/19 1243/41/19
f 1247/41/67 1241/41/67 1243/41/67
f 1246/41/68 1244/41/68 1242/41/68
f 1242/41/1 1245/41/1 1246/41/1
f 1250/41/69 1248/41/69 1246/41/69
f 1246/41/1 1249/41/1 1250/41/1
f 1248/41/19 1251/41/19 1247/41/19
f 1251/41/70 1245/41/70 1247/41/70
f 1250/41/1 1253/41/1 1254/41/1
f 1252/41/19 1255/41/19 1251/41/19
f 1255/41/71 1249/41/71 1251/41/71
f 1254/41/72 1252/41/72 1250/41/72
f 1256/41/19 1259/41/19 1255/41/19
f 1259/41/73 1253/41/73 1255/41/73
f 1258/41/74 1256/41/74 1254/41/74
f 1254/41/1 1257/41/1 1258/41/1
f 1259/41/75 1258/41/75 1257/41/75
f 935/15/50 1264/16/50 940/17/50
f 1261/18/51 1265/19/51 1264/16/51
f 1262/20/48 1266/21/48 1265/19/48
f 1263/8/49 944/22/49 1266/21/49
f 1264/16/1 954/17/1 940/17/1
f 1265/19/1 1268/16/1 1264/16/1
f 1265/19/1 1272/21/1 1270/19/1
f 1272/21/49 952/44/49 1271/39/49
f 1270/19/48 1271/39/48 1269/45/48
f 1268/16/51 1269/45/51 1267/46/51
f 954/17/50 1267/46/50 945/47/50
f 1266/21/1 953/22/1 1272/21/1
f 935/15/1 1263/8/1 1262/20/1
f 1276/15/46 1277/46/46 1275/47/46
f 1278/18/47 1279/45/47 1277/46/47
f 1172/11/16 1165/60/16 1163/62/16
f 1280/20/49 1281/39/49 1279/45/49
f 1291/39/13 1296/2/13 1292/34/13
f 1282/8/48 1283/44/48 1281/39/48
f 1273/11/19 1292/9/19 1274/2/19
f 1284/23/51 1285/34/51 1283/44/51
f 1293/34/3 1274/35/3 1294/36/3
f 1286/9/50 1287/43/50 1285/34/50
f 1288/76/19 1284/27/19 1280/28/19
f 1295/46/1 1294/11/1 1296/39/1
f 1288/29/44 1289/36/44 1287/43/44
f 1290/77/45 1275/42/45 1289/36/45
f 1281/78/1 1285/79/1 1289/80/1
f 1300/3/16 1298/35/16 1297/53/16
f 1234/34/13 1299/33/13 1235/33/13
f 1235/2/19 1300/3/19 1236/3/19
f 1233/13/1 1298/14/1 1234/14/1
f 1233/13/1 986/13/1 1297/13/1
f 1297/53/16 985/3/16 1300/3/16
f 1300/3/19 983/3/19 1236/3/19
f 1302/15/46 1303/46/46 1301/47/46
f 1304/18/47 1305/45/47 1303/46/47
f 1306/20/49 1307/39/49 1305/45/49
f 1308/8/48 1309/44/48 1307/39/48
f 1310/23/51 1311/34/51 1309/44/51
f 1312/9/50 1313/43/50 1311/34/50
f 1318/15/46 1319/46/46 1317/47/46
f 1314/29/44 1315/36/44 1313/43/44
f 1316/77/45 1301/42/45 1315/36/45
f 1307/78/1 1311/79/1 1315/80/1
f 1320/18/47 1321/45/47 1319/46/47
f 1322/20/49 1323/39/49 1321/45/49
f 1324/8/48 1325/44/48 1323/39/48
f 1326/23/51 1327/34/51 1325/44/51
f 1328/9/50 1329/43/50 1327/34/50
f 1330/29/44 1331/36/44 1329/43/44
f 1332/77/45 1317/42/45 1331/36/45
f 1323/78/1 1327/79/1 1331/80/1
f 1334/15/46 1335/46/46 1333/47/46
f 1336/18/47 1337/45/47 1335/46/47
f 1338/20/49 1339/39/49 1337/45/49
f 1340/8/48 1341/44/48 1339/39/48
f 1342/23/51 1343/34/51 1341/44/51
f 1344/9/50 1345/43/50 1343/34/50
f 1350/15/46 1351/46/46 1349/47/46
f 1346/29/44 1347/36/44 1345/43/44
f 1348/77/45 1333/42/45 1347/36/45
f 1339/78/1 1343/79/1 1347/80/1
f 1352/18/47 1353/45/47 1351/46/47
f 1354/20/49 1355/39/49 1353/45/49
f 1356/8/48 1357/44/48 1355/39/48
f 1358/23/51 1359/34/51 1357/44/51
f 1360/9/50 1361/43/50 1359/34/50
f 1362/29/44 1363/36/44 1361/43/44
f 1364/77/45 1349/42/45 1363/36/45
f 1355/78/1 1359/79/1 1363/80/1
f 1366/15/46 1367/46/46 1365/47/46
f 1368/18/47 1369/45/47 1367/46/47
f 1370/20/49 1371/39/49 1369/45/49
f 1372/8/48 1373/44/48 1371/39/48
f 1374/23/51 1375/34/51 1373/44/51
f 1376/9/50 1377/43/50 1375/34/50
f 1378/29/44 1379/36/44 1377/43/44
f 1380/77/45 1365/42/45 1379/36/45
f 1371/78/1 1375/79/1 1379/80/1
f 1382/15/46 1383/46/46 1381/47/46
f 1384/18/47 1385/45/47 1383/46/47
f 1386/20/49 1387/39/49 1385/45/49
f 1388/8/48 1389/44/48 1387/39/48
f 1390/23/51 1391/34/51 1389/44/51
f 1392/9/50 1393/43/50 1391/34/50
f 1394/29/44 1395/36/44 1393/43/44
f 1396/77/45 1381/42/45 1395/36/45
f 1387/78/1 1391/79/1 1395/80/1
f 1397/14/3 1399/14/3 1400/14/3
f 1400/14/3 1399/14/3 1398/14/3
f 1401/33/13 1403/33/13 1404/33/13
f 1404/33/13 1403/33/13 1402/33/13
f 1405/14/13 1407/14/13 1408/14/13
f 1408/14/13 1407/14/13 1406/14/13
f 1409/33/3 1411/33/3 1412/33/3
f 1412/33/3 1411/33/3 1410/33/3
f 1400/49/93 1402/38/93 1397/87/93
f 1398/14/94 1404/33/94 1400/14/94
f 1408/14/94 1410/33/94 1405/14/94
f 1406/88/93 1412/46/93 1408/49/93
f 744/9/3 1398/9/3 1399/9/3
f 8/1/1 4/11/1 3/2/1
f 6/4/2 2/49/2 99/5/2
f 98/7/3 99/58/3 2/8/3
f 8/1/2 102/50/2 100/10/2
f 2/12/4 6/75/4 5/13/4
f 10/15/5 12/18/5 38/16/5
f 12/18/6 14/20/6 39/19/6
f 14/20/7 16/8/7 40/21/7
f 16/8/8 18/23/8 41/22/8
f 18/23/9 20/9/9 42/24/9
f 20/9/10 22/29/10 43/25/10
f 14/28/3 12/90/3 10/81/3
f 10/81/3 24/91/3 22/26/3
f 22/26/3 20/92/3 18/27/3
f 18/27/3 16/93/3 14/28/3
f 14/28/3 10/81/3 22/26/3
f 22/29/11 24/77/11 44/30/11
f 44/30/12 24/77/12 10/31/12
f 707/9/13 389/9/13 396/9/13
f 396/9/13 398/9/13 705/9/13
f 701/33/4 33/33/4 34/14/4
f 29/34/14 27/2/14 25/35/14
f 33/33/13 701/33/13 703/33/13
f 703/33/13 26/33/13 31/33/13
f 25/35/15 32/35/15 31/36/15
f 32/35/16 34/35/16 33/36/16
f 25/9/3 27/2/3 28/11/3
f 28/11/3 697/82/3 699/37/3
f 702/38/17 697/87/17 28/11/17
f 29/34/13 26/33/13 703/40/13
f 703/40/13 702/84/13 30/39/13
f 28/11/95 36/11/95 35/39/95
f 43/25/3 44/30/3 59/30/3
f 19/41/13 17/41/13 52/41/13
f 44/30/3 37/32/3 60/32/3
f 38/16/3 47/16/3 60/17/3
f 21/41/13 56/41/13 58/41/13
f 13/41/13 11/41/13 46/41/13
f 39/19/3 49/19/3 47/16/3
f 39/19/3 40/21/3 51/21/3
f 59/30/12 60/32/12 45/42/12
f 57/25/11 59/30/11 58/36/11
f 55/24/10 57/25/10 56/43/10
f 53/22/9 55/24/9 54/34/9
f 51/21/8 53/22/8 52/44/8
f 49/19/7 51/21/7 50/39/7
f 47/16/6 49/19/6 48/45/6
f 60/17/5 47/16/5 46/46/5
f 13/41/13 48/41/13 50/41/13
f 23/41/13 58/41/13 45/41/13
f 43/25/3 57/25/3 55/24/3
f 11/41/13 9/41/13 45/41/13
f 42/24/3 55/24/3 53/22/3
f 21/41/13 19/41/13 54/41/13
f 40/21/3 41/22/3 53/22/3
f 15/41/13 50/41/13 52/41/13
f 65/12/2 67/48/2 63/33/2
f 62/48/16 64/39/16 68/34/16
f 63/39/3 67/11/3 68/2/3
f 61/11/1 63/8/1 64/9/1
f 65/34/13 61/2/13 62/35/13
f 67/46/19 65/49/19 66/11/19
f 70/12/21 72/48/21 71/33/21
f 82/11/3 78/8/3 77/9/3
f 78/12/20 80/48/20 79/33/20
f 74/11/3 70/8/3 69/9/3
f 75/34/16 73/2/16 69/35/16
f 76/39/2 72/46/2 70/49/2
f 83/34/16 81/2/16 77/35/16
f 84/39/2 80/46/2 78/49/2
f 90/11/3 86/8/3 85/9/3
f 86/12/21 88/48/21 87/33/21
f 91/34/16 89/2/16 85/35/16
f 92/39/2 88/46/2 86/49/2
f 94/5/96 93/10/96 96/50/96
f 7/3/16 3/2/16 97/51/16
f 5/53/16 104/57/16 98/54/16
f 97/55/97 100/56/97 93/56/97
f 101/41/3 95/41/3 96/41/3
f 103/41/3 106/41/3 105/41/3
f 3/2/3 4/11/3 100/56/3
f 107/51/98 108/54/98 105/57/98
f 94/58/99 108/7/99 107/55/99
f 104/57/1 105/57/1 108/54/1
f 103/52/19 97/51/19 107/51/19
f 102/50/19 96/50/19 93/10/19
f 101/6/1 99/5/1 94/5/1
f 99/58/100 98/7/100 108/7/100
f 117/12/2 110/74/2 112/59/2
f 113/11/1 112/73/1 111/60/1
f 131/61/19 110/68/19 109/62/19
f 131/64/2 119/48/2 115/33/2
f 120/39/19 127/39/19 126/46/19
f 133/66/1 115/8/1 116/9/1
f 113/14/27 146/14/27 145/12/27
f 110/68/19 117/49/19 118/11/19
f 135/69/16 123/39/16 124/34/16
f 111/71/13 121/71/13 122/72/13
f 109/62/19 122/62/19 136/63/19
f 116/9/1 123/9/1 135/67/1
f 127/2/3 129/2/3 130/34/3
f 125/39/3 126/11/3 127/2/3
f 115/8/13 177/8/13 178/9/13
f 130/34/3 176/34/3 180/34/3
f 119/48/2 126/48/2 125/33/2
f 124/39/19 129/39/19 127/39/19
f 132/67/1 135/67/1 121/60/1
f 134/63/19 136/63/19 124/39/19
f 121/71/28 138/71/28 137/72/28
f 112/73/1 133/66/1 132/67/1
f 110/74/2 131/64/2 133/65/2
f 119/46/19 131/61/19 134/63/19
f 138/71/13 139/69/13 140/70/13
f 166/63/19 122/62/19 137/62/19
f 165/67/1 139/67/1 138/60/1
f 165/69/29 166/70/29 140/70/29
f 130/34/16 129/39/16 124/34/16
f 194/75/19 188/48/19 187/33/19
f 190/48/3 142/39/3 144/34/3
f 196/1/1 190/11/1 189/2/1
f 185/14/2 148/14/2 147/12/2
f 141/11/16 181/11/16 182/49/16
f 141/11/1 148/11/1 185/11/1
f 182/49/19 117/49/19 145/49/19
f 150/12/19 152/48/19 151/33/19
f 152/48/13 156/39/13 155/34/13
f 156/39/1 154/11/1 153/2/1
f 154/11/3 150/8/3 149/9/3
f 155/34/16 153/2/16 149/35/16
f 152/46/2 150/49/2 154/11/2
f 158/12/19 160/48/19 159/33/19
f 160/48/2 164/39/2 163/34/2
f 164/39/1 162/11/1 161/2/1
f 162/11/16 158/8/16 157/9/16
f 160/46/3 158/49/3 162/11/3
f 135/69/30 136/70/30 166/70/30
f 168/12/19 170/48/19 169/33/19
f 170/48/13 174/39/13 173/34/13
f 174/39/1 172/11/1 171/2/1
f 172/11/3 168/8/3 167/9/3
f 173/34/16 171/2/16 167/35/16
f 170/46/2 168/49/2 172/11/2
f 181/11/1 185/11/1 146/11/1
f 182/49/19 186/49/19 147/49/19
f 128/34/3 180/34/3 179/39/3
f 125/33/2 179/33/2 177/33/2
f 123/39/16 175/39/16 176/34/16
f 116/9/13 178/9/13 175/9/13
f 146/14/2 185/14/2 186/12/2
f 117/49/19 182/49/19 183/11/19
f 114/2/1 184/2/1 181/11/1
f 118/33/16 183/33/16 184/48/16
f 189/2/1 199/2/1 200/3/1
f 194/4/2 142/49/2 190/11/2
f 188/46/2 194/4/2 196/1/2
f 191/34/16 195/3/16 193/53/16
f 192/39/1 196/1/1 195/3/1
f 142/12/19 194/75/19 193/13/19
f 200/3/2 277/3/2 278/53/2
f 144/34/3 198/34/3 199/33/3
f 195/3/13 200/3/13 197/53/13
f 193/13/19 197/13/19 198/14/19
f 206/41/31 208/41/31 204/41/31
f 202/41/19 201/41/19 205/41/19
f 204/41/1 208/41/1 207/41/1
f 207/41/32 205/41/32 201/41/32
f 210/41/33 212/41/33 208/41/33
f 206/41/19 205/41/19 209/41/19
f 208/41/1 212/41/1 211/41/1
f 211/41/34 209/41/34 205/41/34
f 212/41/1 216/41/1 215/41/1
f 215/41/35 213/41/35 209/41/35
f 214/41/36 216/41/36 212/41/36
f 210/41/19 209/41/19 213/41/19
f 218/41/37 220/41/37 216/41/37
f 214/41/19 213/41/19 217/41/19
f 216/41/1 220/41/1 219/41/1
f 219/41/38 217/41/38 213/41/38
f 218/41/19 217/41/19 221/41/19
f 220/41/1 224/41/1 223/41/1
f 223/41/39 221/41/39 217/41/39
f 222/41/40 224/41/40 220/41/40
f 224/41/1 228/41/1 227/41/1
f 227/41/41 225/41/41 221/41/41
f 226/41/42 228/41/42 224/41/42
f 222/41/19 221/41/19 225/41/19
f 227/41/43 228/41/43 226/41/43
f 229/15/44 230/18/44 235/16/44
f 230/18/45 231/20/45 236/19/45
f 231/20/46 232/8/46 237/21/46
f 232/8/47 233/23/47 238/22/47
f 235/16/19 241/16/19 248/17/19
f 236/19/19 243/19/19 241/16/19
f 236/19/19 237/21/19 245/21/19
f 245/21/47 247/22/47 246/44/47
f 243/19/46 245/21/46 244/39/46
f 241/16/45 243/19/45 242/45/45
f 248/17/44 241/16/44 240/46/44
f 237/21/19 238/22/19 247/22/19
f 231/20/19 230/18/19 229/15/19
f 229/15/19 233/23/19 232/8/19
f 252/15/48 254/18/48 253/46/48
f 254/18/49 256/20/49 255/45/49
f 118/11/16 114/48/16 111/60/16
f 256/20/47 258/8/47 257/39/47
f 267/39/3 271/11/3 272/2/3
f 258/8/46 260/23/46 259/44/46
f 249/11/1 267/8/1 268/9/1
f 260/23/45 262/9/45 261/34/45
f 269/34/13 249/2/13 250/35/13
f 262/9/44 264/29/44 263/43/44
f 256/28/1 254/90/1 252/81/1
f 252/81/1 266/91/1 264/76/1
f 264/76/1 262/92/1 260/27/1
f 260/27/1 258/93/1 256/28/1
f 256/28/1 252/81/1 264/76/1
f 271/46/19 269/49/19 270/11/19
f 264/29/50 266/77/50 265/36/50
f 266/77/51 252/31/51 251/42/51
f 265/80/19 251/94/19 253/86/19
f 253/86/19 255/95/19 257/78/19
f 257/78/19 259/96/19 261/79/19
f 261/79/19 263/97/19 265/80/19
f 265/80/19 253/86/19 257/78/19
f 276/3/16 275/2/16 274/35/16
f 198/34/3 274/34/3 275/33/3
f 199/2/1 275/2/1 276/3/1
f 197/13/19 273/13/19 274/14/19
f 197/13/19 278/13/19 280/13/19
f 273/53/16 280/53/16 279/3/16
f 276/3/1 279/3/1 277/3/1
f 282/15/48 284/18/48 283/46/48
f 284/18/49 286/20/49 285/45/49
f 286/20/47 288/8/47 287/39/47
f 288/8/46 290/23/46 289/44/46
f 290/23/45 292/9/45 291/34/45
f 292/9/44 294/29/44 293/43/44
f 298/15/48 300/18/48 299/46/48
f 294/29/50 296/77/50 295/36/50
f 296/77/51 282/31/51 281/42/51
f 295/80/19 281/94/19 283/86/19
f 283/86/19 285/95/19 287/78/19
f 287/78/19 289/96/19 291/79/19
f 291/79/19 293/97/19 295/80/19
f 295/80/19 283/86/19 287/78/19
f 300/18/49 302/20/49 301/45/49
f 302/20/47 304/8/47 303/39/47
f 304/8/46 306/23/46 305/44/46
f 306/23/45 308/9/45 307/34/45
f 308/9/44 310/29/44 309/43/44
f 310/29/50 312/77/50 311/36/50
f 312/77/51 298/31/51 297/42/51
f 311/80/19 297/94/19 299/86/19
f 299/86/19 301/95/19 303/78/19
f 303/78/19 305/96/19 307/79/19
f 307/79/19 309/97/19 311/80/19
f 311/80/19 299/86/19 303/78/19
f 314/15/48 316/18/48 315/46/48
f 316/18/49 318/20/49 317/45/49
f 318/20/47 320/8/47 319/39/47
f 320/8/46 322/23/46 321/44/46
f 322/23/45 324/9/45 323/34/45
f 324/9/44 326/29/44 325/43/44
f 330/15/48 332/18/48 331/46/48
f 326/29/50 328/77/50 327/36/50
f 328/77/51 314/31/51 313/42/51
f 327/80/19 313/94/19 315/86/19
f 315/86/19 317/95/19 319/78/19
f 319/78/19 321/96/19 323/79/19
f 323/79/19 325/97/19 327/80/19
f 327/80/19 315/86/19 319/78/19
f 332/18/49 334/20/49 333/45/49
f 334/20/47 336/8/47 335/39/47
f 336/8/46 338/23/46 337/44/46
f 338/23/45 340/9/45 339/34/45
f 340/9/44 342/29/44 341/43/44
f 342/29/50 344/77/50 343/36/50
f 344/77/51 330/31/51 329/42/51
f 343/80/19 329/94/19 331/86/19
f 331/86/19 333/95/19 335/78/19
f 335/78/19 337/96/19 339/79/19
f 339/79/19 341/97/19 343/80/19
f 343/80/19 331/86/19 335/78/19
f 346/15/48 348/18/48 347/46/48
f 348/18/49 350/20/49 349/45/49
f 350/20/47 352/8/47 351/39/47
f 352/8/46 354/23/46 353/44/46
f 354/23/45 356/9/45 355/34/45
f 356/9/44 358/29/44 357/43/44
f 358/29/50 360/77/50 359/36/50
f 360/77/51 346/31/51 345/42/51
f 359/80/19 345/94/19 347/86/19
f 347/86/19 349/95/19 351/78/19
f 351/78/19 353/96/19 355/79/19
f 355/79/19 357/97/19 359/80/19
f 359/80/19 347/86/19 351/78/19
f 362/15/48 364/18/48 363/46/48
f 364/18/49 366/20/49 365/45/49
f 366/20/47 368/8/47 367/39/47
f 368/8/46 370/23/46 369/44/46
f 370/23/45 372/9/45 371/34/45
f 372/9/44 374/29/44 373/43/44
f 374/29/50 376/77/50 375/36/50
f 376/77/51 362/31/51 361/42/51
f 375/80/19 361/94/19 363/86/19
f 363/86/19 365/95/19 367/78/19
f 367/78/19 369/96/19 371/79/19
f 371/79/19 373/97/19 375/80/19
f 375/80/19 363/86/19 367/78/19
f 379/2/1 380/11/1 8/1/1
f 453/5/2 378/49/2 6/4/2
f 452/7/13 377/9/13 378/8/13
f 8/1/2 380/11/2 454/10/2
f 5/13/4 6/75/4 378/12/4
f 402/16/5 382/18/5 381/15/5
f 403/19/6 383/20/6 382/18/6
f 404/21/7 384/8/7 383/20/7
f 405/22/8 385/23/8 384/8/8
f 406/24/9 386/9/9 385/23/9
f 407/25/10 387/29/10 386/9/10
f 381/81/13 382/90/13 383/28/13
f 383/28/13 384/93/13 385/27/13
f 385/27/13 386/92/13 387/26/13
f 387/26/13 388/91/13 381/81/13
f 381/81/13 383/28/13 385/27/13
f 408/30/11 388/77/11 387/29/11
f 408/30/12 401/32/12 381/31/12
f 398/14/4 397/33/4 710/33/4
f 389/35/14 391/2/14 393/34/14
f 392/11/13 391/2/13 389/9/13
f 389/9/13 707/89/13 706/82/13
f 395/36/15 396/35/15 389/35/15
f 397/36/16 398/35/16 396/35/16
f 392/11/17 706/88/17 709/83/17
f 390/33/3 711/33/3 710/33/3
f 710/33/3 397/33/3 395/33/3
f 711/85/3 390/33/3 393/34/3
f 393/34/3 394/39/3 709/84/3
f 399/39/95 400/11/95 392/11/95
f 407/25/13 414/25/13 415/30/13
f 408/30/13 415/30/13 416/32/13
f 416/17/13 409/16/13 402/16/13
f 409/16/13 410/19/13 403/19/13
f 403/19/13 410/19/13 411/21/13
f 45/42/12 416/32/12 415/30/12
f 58/36/11 415/30/11 414/25/11
f 56/43/10 414/25/10 413/24/10
f 54/34/9 413/24/9 412/22/9
f 52/44/8 412/22/8 411/21/8
f 50/39/7 411/21/7 410/19/7
f 48/45/6 410/19/6 409/16/6
f 46/46/5 409/16/5 416/17/5
f 413/24/13 414/25/13 407/25/13
f 412/22/13 413/24/13 406/24/13
f 404/21/13 411/21/13 412/22/13
f 419/33/2 423/48/2 421/12/2
f 424/34/16 420/39/16 418/48/16
f 424/2/13 423/11/13 419/39/13
f 420/9/1 419/8/1 417/11/1
f 418/35/3 417/2/3 421/34/3
f 422/11/19 421/49/19 423/46/19
f 427/33/53 428/48/53 426/12/53
f 433/9/13 434/8/13 438/11/13
f 435/33/52 436/48/52 434/12/52
f 425/9/13 426/8/13 430/11/13
f 425/35/16 429/2/16 431/34/16
f 432/39/2 430/11/2 426/49/2
f 433/35/16 437/2/16 439/34/16
f 440/39/2 438/11/2 434/49/2
f 441/9/13 442/8/13 446/11/13
f 443/33/53 444/48/53 442/12/53
f 441/35/16 445/2/16 447/34/16
f 448/39/2 446/11/2 442/49/2
f 96/50/101 449/10/101 450/5/101
f 451/51/16 379/2/16 7/3/16
f 5/53/16 377/35/16 452/54/16
f 451/55/102 455/55/102 449/56/102
f 379/2/13 451/55/13 454/56/13
f 105/57/103 456/54/103 455/51/103
f 450/58/104 449/56/104 455/55/104
f 456/54/1 105/57/1 104/57/1
f 103/52/19 106/52/19 455/51/19
f 449/10/19 96/50/19 102/50/19
f 101/6/1 95/6/1 450/5/1
f 453/58/105 450/58/105 456/7/105
f 460/59/2 458/74/2 465/12/2
f 459/60/1 460/73/1 461/11/1
f 457/62/19 458/68/19 479/61/19
f 463/33/2 467/48/2 479/64/2
f 474/46/19 475/39/19 468/39/19
f 464/9/1 463/8/1 481/66/1
f 491/12/59 492/14/59 461/14/59
f 466/11/19 465/49/19 458/68/19
f 472/34/16 471/39/16 483/69/16
f 470/72/3 469/71/3 459/71/3
f 484/63/19 470/62/19 457/62/19
f 483/67/1 471/9/1 464/9/1
f 478/34/13 477/2/13 475/2/13
f 475/2/13 474/11/13 473/39/13
f 518/9/3 517/8/3 463/8/3
f 520/34/13 516/34/13 478/34/13
f 473/33/2 474/48/2 467/48/2
f 475/39/19 477/39/19 472/39/19
f 469/60/1 483/67/1 480/67/1
f 472/39/19 484/63/19 482/63/19
f 485/72/60 486/71/60 469/71/60
f 480/67/1 481/66/1 460/73/1
f 481/65/2 479/64/2 458/74/2
f 482/63/19 479/61/19 467/46/19
f 488/70/3 487/69/3 486/71/3
f 506/63/19 488/63/19 485/62/19
f 486/60/1 487/67/1 505/67/1
f 487/69/61 488/70/61 506/70/61
f 472/34/16 477/39/16 478/34/16
f 187/33/19 188/48/19 530/75/19
f 490/34/13 489/39/13 528/48/13
f 527/2/1 528/11/1 532/1/1
f 147/12/2 148/14/2 525/14/2
f 522/49/16 521/11/16 141/11/16
f 525/11/1 148/11/1 141/11/1
f 522/49/19 526/49/19 491/49/19
f 495/33/19 496/48/19 494/12/19
f 499/34/3 500/39/3 496/48/3
f 497/2/1 498/11/1 500/39/1
f 493/9/13 494/8/13 498/11/13
f 493/35/16 497/2/16 499/34/16
f 498/11/2 494/49/2 496/46/2
f 159/33/19 502/48/19 501/12/19
f 163/34/2 504/39/2 502/48/2
f 161/2/1 503/11/1 504/39/1
f 157/9/16 501/8/16 503/11/16
f 503/11/13 501/49/13 502/46/13
f 505/69/62 506/70/62 484/70/62
f 509/33/19 510/48/19 508/12/19
f 513/34/3 514/39/3 510/48/3
f 511/2/1 512/11/1 514/39/1
f 507/9/13 508/8/13 512/11/13
f 507/35/16 511/2/16 513/34/16
f 512/11/2 508/49/2 510/46/2
f 492/11/1 525/11/1 521/11/1
f 147/49/19 526/49/19 522/49/19
f 519/39/13 520/34/13 476/34/13
f 517/33/2 519/33/2 473/33/2
f 516/34/16 515/39/16 471/39/16
f 515/9/3 518/9/3 464/9/3
f 526/12/2 525/14/2 492/14/2
f 523/11/19 522/49/19 465/49/19
f 521/11/1 524/2/1 462/2/1
f 524/48/16 523/33/16 466/33/16
f 536/3/1 535/2/1 527/2/1
f 528/11/2 489/49/2 530/4/2
f 532/1/2 530/4/2 188/46/2
f 529/53/16 531/3/16 191/34/16
f 531/3/1 532/1/1 192/39/1
f 529/13/19 530/75/19 489/12/19
f 278/53/2 277/3/2 536/3/2
f 535/33/13 534/34/13 490/34/13
f 533/53/3 536/3/3 531/3/3
f 534/14/19 533/13/19 529/13/19
f 204/41/63 540/41/63 538/41/63
f 202/41/19 538/41/19 537/41/19
f 204/41/1 203/41/1 539/41/1
f 201/41/64 537/41/64 539/41/64
f 540/41/65 544/41/65 542/41/65
f 538/41/19 542/41/19 541/41/19
f 540/41/1 539/41/1 543/41/1
f 537/41/66 541/41/66 543/41/66
f 544/41/1 543/41/1 547/41/1
f 541/41/67 545/41/67 547/41/67
f 544/41/68 548/41/68 546/41/68
f 542/41/19 546/41/19 545/41/19
f 548/41/69 552/41/69 550/41/69
f 546/41/19 550/41/19 549/41/19
f 548/41/1 547/41/1 551/41/1
f 545/41/70 549/41/70 551/41/70
f 550/41/19 554/41/19 553/41/19
f 552/41/1 551/41/1 555/41/1
f 549/41/71 553/41/71 555/41/71
f 552/41/72 556/41/72 554/41/72
f 556/41/1 555/41/1 559/41/1
f 553/41/73 557/41/73 559/41/73
f 556/41/74 560/41/74 558/41/74
f 554/41/19 558/41/19 557/41/19
f 558/41/75 560/41/75 559/41/75
f 564/16/50 561/18/50 229/15/50
f 565/19/51 562/20/51 561/18/51
f 566/21/48 563/8/48 562/20/48
f 238/22/49 233/23/49 563/8/49
f 248/17/19 568/16/19 564/16/19
f 568/16/19 570/19/19 565/19/19
f 565/19/19 570/19/19 572/21/19
f 246/44/49 247/22/49 572/21/49
f 571/39/48 572/21/48 570/19/48
f 569/45/51 570/19/51 568/16/51
f 567/46/50 568/16/50 248/17/50
f 566/21/19 572/21/19 247/22/19
f 229/15/19 561/18/19 562/20/19
f 562/20/19 563/8/19 233/23/19
f 577/46/46 578/18/46 576/15/46
f 579/45/47 580/20/47 578/18/47
f 459/60/16 462/48/16 466/11/16
f 581/39/49 582/8/49 580/20/49
f 596/2/13 595/11/13 591/39/13
f 583/44/48 584/23/48 582/8/48
f 592/9/1 591/8/1 573/11/1
f 585/34/51 586/9/51 584/23/51
f 574/35/3 573/2/3 593/34/3
f 587/43/50 588/29/50 586/9/50
f 576/81/1 578/90/1 580/28/1
f 580/28/1 582/93/1 584/27/1
f 584/27/1 586/92/1 588/76/1
f 588/76/1 590/91/1 576/81/1
f 576/81/1 580/28/1 584/27/1
f 594/11/19 593/49/19 595/46/19
f 589/36/44 590/77/44 588/29/44
f 575/42/45 576/31/45 590/77/45
f 577/86/19 575/94/19 589/80/19
f 589/80/19 587/97/19 585/79/19
f 585/79/19 583/96/19 581/78/19
f 581/78/19 579/95/19 577/86/19
f 577/86/19 589/80/19 585/79/19
f 598/35/16 599/2/16 600/3/16
f 599/33/13 598/34/13 534/34/13
f 600/3/1 599/2/1 535/2/1
f 598/14/19 597/13/19 533/13/19
f 280/13/19 278/13/19 533/13/19
f 279/3/16 280/53/16 597/53/16
f 277/3/1 279/3/1 600/3/1
f 603/46/46 604/18/46 602/15/46
f 605/45/47 606/20/47 604/18/47
f 607/39/49 608/8/49 606/20/49
f 609/44/48 610/23/48 608/8/48
f 611/34/51 612/9/51 610/23/51
f 613/43/50 614/29/50 612/9/50
f 619/46/46 620/18/46 618/15/46
f 615/36/44 616/77/44 614/29/44
f 601/42/45 602/31/45 616/77/45
f 603/86/19 601/94/19 615/80/19
f 615/80/19 613/97/19 611/79/19
f 611/79/19 609/96/19 607/78/19
f 607/78/19 605/95/19 603/86/19
f 603/86/19 615/80/19 611/79/19
f 621/45/47 622/20/47 620/18/47
f 623/39/49 624/8/49 622/20/49
f 625/44/48 626/23/48 624/8/48
f 627/34/51 628/9/51 626/23/51
f 629/43/50 630/29/50 628/9/50
f 631/36/44 632/77/44 630/29/44
f 617/42/45 618/31/45 632/77/45
f 619/86/19 617/94/19 631/80/19
f 631/80/19 629/97/19 627/79/19
f 627/79/19 625/96/19 623/78/19
f 623/78/19 621/95/19 619/86/19
f 619/86/19 631/80/19 627/79/19
f 635/46/46 636/18/46 634/15/46
f 637/45/47 638/20/47 636/18/47
f 639/39/49 640/8/49 638/20/49
f 641/44/48 642/23/48 640/8/48
f 643/34/51 644/9/51 642/23/51
f 645/43/50 646/29/50 644/9/50
f 651/46/46 652/18/46 650/15/46
f 647/36/44 648/77/44 646/29/44
f 633/42/45 634/31/45 648/77/45
f 635/86/19 633/94/19 647/80/19
f 647/80/19 645/97/19 643/79/19
f 643/79/19 641/96/19 639/78/19
f 639/78/19 637/95/19 635/86/19
f 635/86/19 647/80/19 643/79/19
f 653/45/47 654/20/47 652/18/47
f 655/39/49 656/8/49 654/20/49
f 657/44/48 658/23/48 656/8/48
f 659/34/51 660/9/51 658/23/51
f 661/43/50 662/29/50 660/9/50
f 663/36/44 664/77/44 662/29/44
f 649/42/45 650/31/45 664/77/45
f 651/86/19 649/94/19 663/80/19
f 663/80/19 661/97/19 659/79/19
f 659/79/19 657/96/19 655/78/19
f 655/78/19 653/95/19 651/86/19
f 651/86/19 663/80/19 659/79/19
f 667/46/46 668/18/46 666/15/46
f 669/45/47 670/20/47 668/18/47
f 671/39/49 672/8/49 670/20/49
f 673/44/48 674/23/48 672/8/48
f 675/34/51 676/9/51 674/23/51
f 677/43/50 678/29/50 676/9/50
f 679/36/44 680/77/44 678/29/44
f 665/42/45 666/31/45 680/77/45
f 667/86/19 665/94/19 679/80/19
f 679/80/19 677/97/19 675/79/19
f 675/79/19 673/96/19 671/78/19
f 671/78/19 669/95/19 667/86/19
f 667/86/19 679/80/19 675/79/19
f 683/46/46 684/18/46 682/15/46
f 685/45/47 686/20/47 684/18/47
f 687/39/49 688/8/49 686/20/49
f 689/44/48 690/23/48 688/8/48
f 691/34/51 692/9/51 690/23/51
f 693/43/50 694/29/50 692/9/50
f 695/36/44 696/77/44 694/29/44
f 681/42/45 682/31/45 696/77/45
f 683/86/19 681/94/19 695/80/19
f 695/80/19 693/97/19 691/79/19
f 691/79/19 689/96/19 687/78/19
f 687/78/19 685/95/19 683/86/19
f 683/86/19 695/80/19 691/79/19
f 702/38/76 704/46/76 700/49/76
f 704/33/77 701/33/77 698/14/77
f 710/33/77 712/33/77 708/14/77
f 712/46/76 709/83/76 706/88/76
f 32/9/3 25/9/3 699/9/3
f 699/9/3 698/9/3 34/9/3
f 715/2/19 716/11/19 720/1/19
f 811/5/2 714/49/2 718/4/2
f 810/7/3 713/9/3 714/8/3
f 720/1/2 716/11/2 812/10/2
f 717/13/78 718/75/78 714/12/78
f 750/16/12 724/18/12 722/15/12
f 751/19/11 726/20/11 724/18/11
f 752/21/10 728/8/10 726/20/10
f 753/22/9 730/23/9 728/8/9
f 754/24/8 732/9/8 730/23/8
f 755/25/7 734/29/7 732/9/7
f 722/81/3 724/90/3 726/28/3
f 726/28/3 728/93/3 730/27/3
f 730/27/3 732/92/3 734/26/3
f 734/26/3 736/91/3 722/81/3
f 722/81/3 726/28/3 730/27/3
f 756/30/6 736/77/6 734/29/6
f 756/30/5 749/32/5 722/31/5
f 1102/9/13 1095/9/13 1407/9/13
f 1407/9/13 1405/9/13 1104/9/13
f 746/14/78 745/33/78 1401/33/78
f 737/35/79 739/2/79 741/34/79
f 1403/33/13 1401/33/13 745/33/13
f 745/33/13 743/33/13 738/33/13
f 743/36/80 744/35/80 737/35/80
f 745/36/16 746/35/16 744/35/16
f 740/11/3 739/2/3 737/9/3
f 737/9/3 1399/37/3 1397/82/3
f 740/11/81 1397/87/81 1402/38/81
f 1403/40/13 738/33/13 741/34/13
f 741/34/13 742/39/13 1402/84/13
f 747/39/106 748/11/106 740/11/106
f 755/25/3 769/25/3 771/30/3
f 731/41/13 766/41/13 764/41/13
f 756/30/3 771/30/3 772/32/3
f 772/17/3 759/16/3 750/16/3
f 770/41/13 768/41/13 733/41/13
f 725/41/13 760/41/13 758/41/13
f 759/16/3 761/19/3 751/19/3
f 751/19/3 761/19/3 763/21/3
f 757/42/5 772/32/5 771/30/5
f 770/36/6 771/30/6 769/25/6
f 768/43/7 769/25/7 767/24/7
f 766/34/8 767/24/8 765/22/8
f 764/44/9 765/22/9 763/21/9
f 762/39/10 763/21/10 761/19/10
f 760/45/11 761/19/11 759/16/11
f 758/46/12 759/16/12 772/17/12
f 762/41/13 760/41/13 725/41/13
f 757/41/13 770/41/13 735/41/13
f 767/24/3 769/25/3 755/25/3
f 723/41/13 758/41/13 757/41/13
f 765/22/3 767/24/3 754/24/3
f 733/41/13 768/41/13 766/41/13
f 752/21/3 763/21/3 765/22/3
f 764/41/13 762/41/13 727/41/13
f 775/33/2 779/48/2 777/12/2
f 780/34/16 776/39/16 774/48/16
f 780/2/3 779/11/3 775/39/3
f 776/9/19 775/8/19 773/11/19
f 774/35/13 773/2/13 777/34/13
f 778/11/1 777/49/1 779/46/1
f 783/33/84 784/48/84 782/12/84
f 789/9/3 790/8/3 794/11/3
f 791/33/83 792/48/83 790/12/83
f 781/9/3 782/8/3 786/11/3
f 781/35/16 785/2/16 787/34/16
f 788/39/2 786/11/2 782/49/2
f 789/35/16 793/2/16 795/34/16
f 796/39/2 794/11/2 790/49/2
f 797/9/3 798/8/3 802/11/3
f 799/33/84 800/48/84 798/12/84
f 797/35/16 801/2/16 803/34/16
f 804/39/2 802/11/2 798/49/2
f 808/50/107 805/10/107 806/5/107
f 809/51/16 715/2/16 719/3/16
f 717/53/16 713/35/16 810/54/16
f 809/55/108 819/55/108 805/56/108
f 808/41/3 807/41/3 813/41/3
f 817/41/3 818/41/3 815/41/3
f 715/2/3 809/55/3 812/56/3
f 817/57/109 820/54/109 819/51/109
f 806/58/110 805/56/110 819/55/110
f 820/54/19 817/57/19 816/57/19
f 815/52/1 818/52/1 819/51/1
f 805/10/1 808/50/1 814/50/1
f 813/6/19 807/6/19 806/5/19
f 811/58/111 806/58/111 820/7/111
f 824/59/2 822/74/2 829/12/2
f 823/60/19 824/73/19 825/11/19
f 821/62/1 822/68/1 843/61/1
f 827/33/2 831/48/2 843/64/2
f 838/46/1 839/39/1 832/39/1
f 828/9/19 827/8/19 845/66/19
f 857/12/27 858/14/27 825/14/27
f 830/11/1 829/49/1 822/68/1
f 836/34/16 835/39/16 847/69/16
f 834/72/13 833/71/13 823/71/13
f 848/63/1 834/62/1 821/62/1
f 847/67/19 835/9/19 828/9/19
f 842/34/3 841/2/3 839/2/3
f 839/2/3 838/11/3 837/39/3
f 178/9/13 177/8/13 827/8/13
f 180/34/3 176/34/3 842/34/3
f 837/33/2 838/48/2 831/48/2
f 839/39/1 841/39/1 836/39/1
f 833/60/19 847/67/19 844/67/19
f 836/39/1 848/63/1 846/63/1
f 849/72/28 850/71/28 833/71/28
f 844/67/19 845/66/19 824/73/19
f 845/65/2 843/64/2 822/74/2
f 846/63/1 843/61/1 831/46/1
f 852/70/13 851/69/13 850/71/13
f 878/63/1 852/63/1 849/62/1
f 850/60/19 851/67/19 877/67/19
f 877/69/29 851/69/29 852/70/29
f 836/34/16 841/39/16 842/34/16
f 893/33/1 894/48/1 900/75/1
f 856/34/3 854/39/3 896/48/3
f 895/2/19 896/11/19 902/1/19
f 859/12/2 860/14/2 891/14/2
f 888/49/16 887/11/16 853/11/16
f 891/11/19 860/11/19 853/11/19
f 888/49/1 892/49/1 857/49/1
f 863/33/1 864/48/1 862/12/1
f 867/34/13 868/39/13 864/48/13
f 865/2/19 866/11/19 868/39/19
f 861/9/3 862/8/3 866/11/3
f 861/35/16 865/2/16 867/34/16
f 866/11/2 862/49/2 864/46/2
f 871/33/1 872/48/1 870/12/1
f 875/34/2 876/39/2 872/48/2
f 873/2/19 874/11/19 876/39/19
f 869/9/16 870/8/16 874/11/16
f 874/11/3 870/49/3 872/46/3
f 847/69/30 877/69/30 878/70/30
f 881/33/1 882/48/1 880/12/1
f 885/34/13 886/39/13 882/48/13
f 883/2/19 884/11/19 886/39/19
f 879/9/3 880/8/3 884/11/3
f 879/35/16 883/2/16 885/34/16
f 884/11/2 880/49/2 882/46/2
f 858/11/19 891/11/19 887/11/19
f 859/49/1 892/49/1 888/49/1
f 179/39/3 180/34/3 840/34/3
f 177/33/2 179/33/2 837/33/2
f 176/34/16 175/39/16 835/39/16
f 175/9/13 178/9/13 828/9/13
f 892/12/2 891/14/2 858/14/2
f 889/11/1 888/49/1 829/49/1
f 887/11/19 890/2/19 826/2/19
f 890/48/16 889/33/16 830/33/16
f 906/3/19 905/2/19 895/2/19
f 896/11/2 854/49/2 900/4/2
f 902/1/2 900/4/2 894/46/2
f 899/53/16 901/3/16 897/34/16
f 901/3/19 902/1/19 898/39/19
f 899/13/1 900/75/1 854/12/1
f 984/53/2 983/3/2 906/3/2
f 905/33/3 904/34/3 856/34/3
f 903/53/13 906/3/13 901/3/13
f 904/14/1 903/13/1 899/13/1
f 910/41/31 914/41/31 912/41/31
f 908/41/1 912/41/1 911/41/1
f 910/41/19 909/41/19 913/41/19
f 907/41/32 911/41/32 913/41/32
f 914/41/33 918/41/33 916/41/33
f 912/41/1 916/41/1 915/41/1
f 914/41/19 913/41/19 917/41/19
f 911/41/34 915/41/34 917/41/34
f 918/41/19 917/41/19 921/41/19
f 915/41/35 919/41/35 921/41/35
f 918/41/36 922/41/36 920/41/36
f 916/41/1 920/41/1 919/41/1
f 922/41/37 926/41/37 924/41/37
f 920/41/1 924/41/1 923/41/1
f 922/41/19 921/41/19 925/41/19
f 919/41/38 923/41/38 925/41/38
f 924/41/1 928/41/1 927/41/1
f 926/41/19 925/41/19 929/41/19
f 923/41/39 927/41/39 929/41/39
f 926/41/40 930/41/40 928/41/40
f 930/41/19 929/41/19 933/41/19
f 927/41/41 931/41/41 933/41/41
f 930/41/42 934/41/42 932/41/42
f 928/41/1 932/41/1 931/41/1
f 932/41/43 934/41/43 933/41/43
f 941/16/44 936/18/44 935/15/44
f 942/19/45 937/20/45 936/18/45
f 943/21/46 938/8/46 937/20/46
f 944/22/47 939/23/47 938/8/47
f 954/17/1 947/16/1 941/16/1
f 947/16/1 949/19/1 942/19/1
f 942/19/1 949/19/1 951/21/1
f 952/44/47 953/22/47 951/21/47
f 950/39/46 951/21/46 949/19/46
f 948/45/45 949/19/45 947/16/45
f 946/46/44 947/16/44 954/17/44
f 943/21/1 951/21/1 953/22/1
f 935/15/1 936/18/1 937/20/1
f 937/20/1 938/8/1 939/23/1
f 959/46/48 960/18/48 958/15/48
f 961/45/49 962/20/49 960/18/49
f 823/60/16 826/48/16 830/11/16
f 963/39/47 964/8/47 962/20/47
f 978/2/3 977/11/3 973/39/3
f 965/44/46 966/23/46 964/8/46
f 974/9/19 973/8/19 955/11/19
f 967/34/45 968/9/45 966/23/45
f 956/35/13 955/2/13 975/34/13
f 969/43/44 970/29/44 968/9/44
f 958/81/19 960/90/19 962/28/19
f 962/28/19 964/93/19 966/27/19
f 966/27/19 968/92/19 970/76/19
f 970/76/19 972/91/19 958/81/19
f 958/81/19 962/28/19 966/27/19
f 976/11/1 975/49/1 977/46/1
f 971/36/50 972/77/50 970/29/50
f 957/42/51 958/31/51 972/77/51
f 959/86/1 957/94/1 971/80/1
f 971/80/1 969/97/1 967/79/1
f 967/79/1 965/96/1 963/78/1
f 963/78/1 961/95/1 959/86/1
f 959/86/1 971/80/1 967/79/1
f 980/35/16 981/2/16 982/3/16
f 981/33/3 980/34/3 904/34/3
f 982/3/19 981/2/19 905/2/19
f 980/14/1 979/13/1 903/13/1
f 986/13/1 984/13/1 903/13/1
f 985/3/16 986/53/16 979/53/16
f 983/3/19 985/3/19 982/3/19
f 989/46/48 990/18/48 988/15/48
f 991/45/49 992/20/49 990/18/49
f 993/39/47 994/8/47 992/20/47
f 995/44/46 996/23/46 994/8/46
f 997/34/45 998/9/45 996/23/45
f 999/43/44 1000/29/44 998/9/44
f 1005/46/48 1006/18/48 1004/15/48
f 1001/36/50 1002/77/50 1000/29/50
f 987/42/51 988/31/51 1002/77/51
f 989/86/1 987/94/1 1001/80/1
f 1001/80/1 999/97/1 997/79/1
f 997/79/1 995/96/1 993/78/1
f 993/78/1 991/95/1 989/86/1
f 989/86/1 1001/80/1 997/79/1
f 1007/45/49 1008/20/49 1006/18/49
f 1009/39/47 1010/8/47 1008/20/47
f 1011/44/46 1012/23/46 1010/8/46
f 1013/34/45 1014/9/45 1012/23/45
f 1015/43/44 1016/29/44 1014/9/44
f 1017/36/50 1018/77/50 1016/29/50
f 1003/42/51 1004/31/51 1018/77/51
f 1005/86/1 1003/94/1 1017/80/1
f 1017/80/1 1015/97/1 1013/79/1
f 1013/79/1 1011/96/1 1009/78/1
f 1009/78/1 1007/95/1 1005/86/1
f 1005/86/1 1017/80/1 1013/79/1
f 1021/46/48 1022/18/48 1020/15/48
f 1023/45/49 1024/20/49 1022/18/49
f 1025/39/47 1026/8/47 1024/20/47
f 1027/44/46 1028/23/46 1026/8/46
f 1029/34/45 1030/9/45 1028/23/45
f 1031/43/44 1032/29/44 1030/9/44
f 1037/46/48 1038/18/48 1036/15/48
f 1033/36/50 1034/77/50 1032/29/50
f 1019/42/51 1020/31/51 1034/77/51
f 1021/86/1 1019/94/1 1033/80/1
f 1033/80/1 1031/97/1 1029/79/1
f 1029/79/1 1027/96/1 1025/78/1
f 1025/78/1 1023/95/1 1021/86/1
f 1021/86/1 1033/80/1 1029/79/1
f 1039/45/49 1040/20/49 1038/18/49
f 1041/39/47 1042/8/47 1040/20/47
f 1043/44/46 1044/23/46 1042/8/46
f 1045/34/45 1046/9/45 1044/23/45
f 1047/43/44 1048/29/44 1046/9/44
f 1049/36/50 1050/77/50 1048/29/50
f 1035/42/51 1036/31/51 1050/77/51
f 1037/86/1 1035/94/1 1049/80/1
f 1049/80/1 1047/97/1 1045/79/1
f 1045/79/1 1043/96/1 1041/78/1
f 1041/78/1 1039/95/1 1037/86/1
f 1037/86/1 1049/80/1 1045/79/1
f 1053/46/48 1054/18/48 1052/15/48
f 1055/45/49 1056/20/49 1054/18/49
f 1057/39/47 1058/8/47 1056/20/47
f 1059/44/46 1060/23/46 1058/8/46
f 1061/34/45 1062/9/45 1060/23/45
f 1063/43/44 1064/29/44 1062/9/44
f 1065/36/50 1066/77/50 1064/29/50
f 1051/42/51 1052/31/51 1066/77/51
f 1053/86/1 1051/94/1 1065/80/1
f 1065/80/1 1063/97/1 1061/79/1
f 1061/79/1 1059/96/1 1057/78/1
f 1057/78/1 1055/95/1 1053/86/1
f 1053/86/1 1065/80/1 1061/79/1
f 1069/46/48 1070/18/48 1068/15/48
f 1071/45/49 1072/20/49 1070/18/49
f 1073/39/47 1074/8/47 1072/20/47
f 1075/44/46 1076/23/46 1074/8/46
f 1077/34/45 1078/9/45 1076/23/45
f 1079/43/44 1080/29/44 1078/9/44
f 1081/36/50 1082/77/50 1080/29/50
f 1067/42/51 1068/31/51 1082/77/51
f 1069/86/1 1067/94/1 1081/80/1
f 1081/80/1 1079/97/1 1077/79/1
f 1077/79/1 1075/96/1 1073/78/1
f 1073/78/1 1071/95/1 1069/86/1
f 1069/86/1 1081/80/1 1077/79/1
f 720/1/19 1086/11/19 1085/2/19
f 718/4/2 1084/49/2 1159/5/2
f 1158/7/13 1159/58/13 1084/8/13
f 720/1/2 814/50/2 1160/10/2
f 1084/12/78 718/75/78 717/13/78
f 1087/15/12 1088/18/12 1108/16/12
f 1088/18/11 1089/20/11 1109/19/11
f 1089/20/10 1090/8/10 1110/21/10
f 1090/8/9 1091/23/9 1111/22/9
f 1091/23/8 1092/9/8 1112/24/8
f 1092/9/7 1093/29/7 1113/25/7
f 1089/28/13 1088/90/13 1087/81/13
f 1087/81/13 1094/91/13 1093/26/13
f 1093/26/13 1092/92/13 1091/27/13
f 1091/27/13 1090/93/13 1089/28/13
f 1089/28/13 1087/81/13 1093/26/13
f 1093/29/6 1094/77/6 1114/30/6
f 1114/30/5 1094/77/5 1087/31/5
f 1410/33/78 1103/33/78 1104/14/78
f 1099/34/79 1097/2/79 1095/35/79
f 1095/9/13 1097/2/13 1098/11/13
f 1098/11/13 1406/82/13 1407/89/13
f 1095/35/80 1102/35/80 1101/36/80
f 1102/35/16 1104/35/16 1103/36/16
f 1409/83/81 1406/88/81 1098/11/81
f 1410/33/3 1411/33/3 1096/33/3
f 1096/33/3 1101/33/3 1103/33/3
f 1099/34/3 1096/33/3 1411/85/3
f 1411/85/3 1409/84/3 1100/39/3
f 1098/11/106 1106/11/106 1105/39/106
f 1113/25/13 1114/30/13 1121/30/13
f 1114/30/13 1107/32/13 1122/32/13
f 1108/16/13 1115/16/13 1122/17/13
f 1109/19/13 1116/19/13 1115/16/13
f 1109/19/13 1110/21/13 1117/21/13
f 1121/30/5 1122/32/5 757/42/5
f 1120/25/6 1121/30/6 770/36/6
f 1119/24/7 1120/25/7 768/43/7
f 1118/22/8 1119/24/8 766/34/8
f 1117/21/9 1118/22/9 764/44/9
f 1116/19/10 1117/21/10 762/39/10
f 1115/16/11 1116/19/11 760/45/11
f 1122/17/12 1115/16/12 758/46/12
f 1113/25/13 1120/25/13 1119/24/13
f 1112/24/13 1119/24/13 1118/22/13
f 1110/21/13 1111/22/13 1118/22/13
f 1127/12/2 1129/48/2 1125/33/2
f 1124/48/16 1126/39/16 1130/34/16
f 1125/39/13 1129/11/13 1130/2/13
f 1123/11/19 1125/8/19 1126/9/19
f 1127/34/3 1123/2/3 1124/35/3
f 1129/46/1 1127/49/1 1128/11/1
f 1132/12/89 1134/48/89 1133/33/89
f 1144/11/13 1140/8/13 1139/9/13
f 1140/12/88 1142/48/88 1141/33/88
f 1136/11/13 1132/8/13 1131/9/13
f 1137/34/16 1135/2/16 1131/35/16
f 1138/39/2 1134/46/2 1132/49/2
f 1145/34/16 1143/2/16 1139/35/16
f 1146/39/2 1142/46/2 1140/49/2
f 1152/11/13 1148/8/13 1147/9/13
f 1148/12/89 1150/48/89 1149/33/89
f 1153/34/16 1151/2/16 1147/35/16
f 1154/39/2 1150/46/2 1148/49/2
f 1156/5/112 1155/10/112 808/50/112
f 719/3/16 1085/2/16 1157/51/16
f 717/53/16 816/57/16 1158/54/16
f 1157/55/113 1160/56/113 1155/56/113
f 1085/2/13 1086/11/13 1160/56/13
f 1161/51/114 1162/54/114 817/57/114
f 1156/58/115 1162/7/115 1161/55/115
f 816/57/19 817/57/19 1162/54/19
f 815/52/1 1157/51/1 1161/51/1
f 814/50/1 808/50/1 1155/10/1
f 813/6/19 1159/5/19 1156/5/19
f 1159/58/116 1158/7/116 1162/7/116
f 1171/12/2 1164/74/2 1166/59/2
f 1167/11/19 1166/73/19 1165/60/19
f 1185/61/1 1164/68/1 1163/62/1
f 1185/64/2 1173/48/2 1169/33/2
f 1174/39/1 1181/39/1 1180/46/1
f 1187/66/19 1169/8/19 1170/9/19
f 1167/14/59 1198/14/59 1197/12/59
f 1164/68/1 1171/49/1 1172/11/1
f 1189/69/16 1177/39/16 1178/34/16
f 1165/71/3 1175/71/3 1176/72/3
f 1163/62/1 1176/62/1 1190/63/1
f 1170/9/19 1177/9/19 1189/67/19
f 1181/2/13 1183/2/13 1184/34/13
f 1179/39/13 1180/11/13 1181/2/13
f 1169/8/3 517/8/3 518/9/3
f 1184/34/13 516/34/13 520/34/13
f 1173/48/2 1180/48/2 1179/33/2
f 1178/39/1 1183/39/1 1181/39/1
f 1186/67/19 1189/67/19 1175/60/19
f 1188/63/1 1190/63/1 1178/39/1
f 1175/71/60 1192/71/60 1191/72/60
f 1166/73/19 1187/66/19 1186/67/19
f 1164/74/2 1185/64/2 1187/65/2
f 1173/46/1 1185/61/1 1188/63/1
f 1192/71/3 1193/69/3 1194/70/3
f 1212/63/1 1176/62/1 1191/62/1
f 1211/67/19 1193/67/19 1192/60/19
f 1212/70/61 1194/70/61 1193/69/61
f 1184/34/16 1183/39/16 1178/34/16
f 1230/75/1 894/48/1 893/33/1
f 1228/48/13 1195/39/13 1196/34/13
f 1232/1/19 1228/11/19 1227/2/19
f 1225/14/2 860/14/2 859/12/2
f 853/11/16 1221/11/16 1222/49/16
f 853/11/19 860/11/19 1225/11/19
f 1222/49/1 1171/49/1 1197/49/1
f 1200/12/1 1202/48/1 1201/33/1
f 1202/48/3 1206/39/3 1205/34/3
f 1206/39/19 1204/11/19 1203/2/19
f 1204/11/13 1200/8/13 1199/9/13
f 1205/34/16 1203/2/16 1199/35/16
f 1202/46/2 1200/49/2 1204/11/2
f 1207/12/1 1208/48/1 871/33/1
f 1208/48/2 1210/39/2 875/34/2
f 1210/39/19 1209/11/19 873/2/19
f 1209/11/16 1207/8/16 869/9/16
f 1208/46/13 1207/49/13 1209/11/13
f 1189/69/62 1190/70/62 1212/70/62
f 1214/12/1 1216/48/1 1215/33/1
f 1216/48/3 1220/39/3 1219/34/3
f 1220/39/19 1218/11/19 1217/2/19
f 1218/11/13 1214/8/13 1213/9/13
f 1219/34/16 1217/2/16 1213/35/16
f 1216/46/2 1214/49/2 1218/11/2
f 1221/11/19 1225/11/19 1198/11/19
f 1222/49/1 1226/49/1 859/49/1
f 1182/34/13 520/34/13 519/39/13
f 1179/33/2 519/33/2 517/33/2
f 1177/39/16 515/39/16 516/34/16
f 1170/9/3 518/9/3 515/9/3
f 1198/14/2 1225/14/2 1226/12/2
f 1171/49/1 1222/49/1 1223/11/1
f 1168/2/19 1224/2/19 1221/11/19
f 1172/33/16 1223/33/16 1224/48/16
f 1227/2/19 1235/2/19 1236/3/19
f 1230/4/2 1195/49/2 1228/11/2
f 894/46/2 1230/4/2 1232/1/2
f 897/34/16 1231/3/16 1229/53/16
f 898/39/19 1232/1/19 1231/3/19
f 1195/12/1 1230/75/1 1229/13/1
f 1236/3/2 983/3/2 984/53/2
f 1196/34/13 1234/34/13 1235/33/13
f 1231/3/3 1236/3/3 1233/53/3
f 1229/13/1 1233/13/1 1234/14/1
f 1238/41/63 1240/41/63 910/41/63
f 908/41/1 907/41/1 1237/41/1
f 910/41/19 1240/41/19 1239/41/19
f 1239/41/64 1237/41/64 907/41/64
f 1242/41/65 1244/41/65 1240/41/65
f 1238/41/1 1237/41/1 1241/41/1
f 1240/41/19 1244/41/19 1243/41/19
f 1243/41/66 1241/41/66 1237/41/66
f 1244/41/19 1248/41/19 1247/41/19
f 1247/41/67 1245/41/67 1241/41/67
f 1246/41/68 1248/41/68 1244/41/68
f 1242/41/1 1241/41/1 1245/41/1
f 1250/41/69 1252/41/69 1248/41/69
f 1246/41/1 1245/41/1 1249/41/1
f 1248/41/19 1252/41/19 1251/41/19
f 1251/41/70 1249/41/70 1245/41/70
f 1250/41/1 1249/41/1 1253/41/1
f 1252/41/19 1256/41/19 1255/41/19
f 1255/41/71 1253/41/71 1249/41/71
f 1254/41/72 1256/41/72 1252/41/72
f 1256/41/19 1260/41/19 1259/41/19
f 1259/41/73 1257/41/73 1253/41/73
f 1258/41/74 1260/41/74 1256/41/74
f 1254/41/1 1253/41/1 1257/41/1
f 1259/41/75 1260/41/75 1258/41/75
f 935/15/50 1261/18/50 1264/16/50
f 1261/18/51 1262/20/51 1265/19/51
f 1262/20/48 1263/8/48 1266/21/48
f 1263/8/49 939/23/49 944/22/49
f 1264/16/1 1268/16/1 954/17/1
f 1265/19/1 1270/19/1 1268/16/1
f 1265/19/1 1266/21/1 1272/21/1
f 1272/21/49 953/22/49 952/44/49
f 1270/19/48 1272/21/48 1271/39/48
f 1268/16/51 1270/19/51 1269/45/51
f 954/17/50 1268/16/50 1267/46/50
f 1266/21/1 944/22/1 953/22/1
f 1262/20/1 1261/18/1 935/15/1
f 935/15/1 939/23/1 1263/8/1
f 1276/15/46 1278/18/46 1277/46/46
f 1278/18/47 1280/20/47 1279/45/47
f 1172/11/16 1168/48/16 1165/60/16
f 1280/20/49 1282/8/49 1281/39/49
f 1291/39/13 1295/11/13 1296/2/13
f 1282/8/48 1284/23/48 1283/44/48
f 1273/11/19 1291/8/19 1292/9/19
f 1284/23/51 1286/9/51 1285/34/51
f 1293/34/3 1273/2/3 1274/35/3
f 1286/9/50 1288/29/50 1287/43/50
f 1280/28/19 1278/90/19 1276/81/19
f 1276/81/19 1290/91/19 1288/76/19
f 1288/76/19 1286/92/19 1284/27/19
f 1284/27/19 1282/93/19 1280/28/19
f 1280/28/19 1276/81/19 1288/76/19
f 1295/46/1 1293/49/1 1294/11/1
f 1288/29/44 1290/77/44 1289/36/44
f 1290/77/45 1276/31/45 1275/42/45
f 1289/80/1 1275/94/1 1277/86/1
f 1277/86/1 1279/95/1 1281/78/1
f 1281/78/1 1283/96/1 1285/79/1
f 1285/79/1 1287/97/1 1289/80/1
f 1289/80/1 1277/86/1 1281/78/1
f 1300/3/16 1299/2/16 1298/35/16
f 1234/34/13 1298/34/13 1299/33/13
f 1235/2/19 1299/2/19 1300/3/19
f 1233/13/1 1297/13/1 1298/14/1
f 1233/13/1 984/13/1 986/13/1
f 1297/53/16 986/53/16 985/3/16
f 1300/3/19 985/3/19 983/3/19
f 1302/15/46 1304/18/46 1303/46/46
f 1304/18/47 1306/20/47 1305/45/47
f 1306/20/49 1308/8/49 1307/39/49
f 1308/8/48 1310/23/48 1309/44/48
f 1310/23/51 1312/9/51 1311/34/51
f 1312/9/50 1314/29/50 1313/43/50
f 1318/15/46 1320/18/46 1319/46/46
f 1314/29/44 1316/77/44 1315/36/44
f 1316/77/45 1302/31/45 1301/42/45
f 1315/80/1 1301/94/1 1303/86/1
f 1303/86/1 1305/95/1 1307/78/1
f 1307/78/1 1309/96/1 1311/79/1
f 1311/79/1 1313/97/1 1315/80/1
f 1315/80/1 1303/86/1 1307/78/1
f 1320/18/47 1322/20/47 1321/45/47
f 1322/20/49 1324/8/49 1323/39/49
f 1324/8/48 1326/23/48 1325/44/48
f 1326/23/51 1328/9/51 1327/34/51
f 1328/9/50 1330/29/50 1329/43/50
f 1330/29/44 1332/77/44 1331/36/44
f 1332/77/45 1318/31/45 1317/42/45
f 1331/80/1 1317/94/1 1319/86/1
f 1319/86/1 1321/95/1 1323/78/1
f 1323/78/1 1325/96/1 1327/79/1
f 1327/79/1 1329/97/1 1331/80/1
f 1331/80/1 1319/86/1 1323/78/1
f 1334/15/46 1336/18/46 1335/46/46
f 1336/18/47 1338/20/47 1337/45/47
f 1338/20/49 1340/8/49 1339/39/49
f 1340/8/48 1342/23/48 1341/44/48
f 1342/23/51 1344/9/51 1343/34/51
f 1344/9/50 1346/29/50 1345/43/50
f 1350/15/46 1352/18/46 1351/46/46
f 1346/29/44 1348/77/44 1347/36/44
f 1348/77/45 1334/31/45 1333/42/45
f 1347/80/1 1333/94/1 1335/86/1
f 1335/86/1 1337/95/1 1339/78/1
f 1339/78/1 1341/96/1 1343/79/1
f 1343/79/1 1345/97/1 1347/80/1
f 1347/80/1 1335/86/1 1339/78/1
f 1352/18/47 1354/20/47 1353/45/47
f 1354/20/49 1356/8/49 1355/39/49
f 1356/8/48 1358/23/48 1357/44/48
f 1358/23/51 1360/9/51 1359/34/51
f 1360/9/50 1362/29/50 1361/43/50
f 1362/29/44 1364/77/44 1363/36/44
f 1364/77/45 1350/31/45 1349/42/45
f 1363/80/1 1349/94/1 1351/86/1
f 1351/86/1 1353/95/1 1355/78/1
f 1355/78/1 1357/96/1 1359/79/1
f 1359/79/1 1361/97/1 1363/80/1
f 1363/80/1 1351/86/1 1355/78/1
f 1366/15/46 1368/18/46 1367/46/46
f 1368/18/47 1370/20/47 1369/45/47
f 1370/20/49 1372/8/49 1371/39/49
f 1372/8/48 1374/23/48 1373/44/48
f 1374/23/51 1376/9/51 1375/34/51
f 1376/9/50 1378/29/50 1377/43/50
f 1378/29/44 1380/77/44 1379/36/44
f 1380/77/45 1366/31/45 1365/42/45
f 1379/80/1 1365/94/1 1367/86/1
f 1367/86/1 1369/95/1 1371/78/1
f 1371/78/1 1373/96/1 1375/79/1
f 1375/79/1 1377/97/1 1379/80/1
f 1379/80/1 1367/86/1 1371/78/1
f 1382/15/46 1384/18/46 1383/46/46
f 1384/18/47 1386/20/47 1385/45/47
f 1386/20/49 1388/8/49 1387/39/49
f 1388/8/48 1390/23/48 1389/44/48
f 1390/23/51 1392/9/51 1391/34/51
f 1392/9/50 1394/29/50 1393/43/50
f 1394/29/44 1396/77/44 1395/36/44
f 1396/77/45 1382/31/45 1381/42/45
f 1395/80/1 1381/94/1 1383/86/1
f 1383/86/1 1385/95/1 1387/78/1
f 1387/78/1 1389/96/1 1391/79/1
f 1391/79/1 1393/97/1 1395/80/1
f 1395/80/1 1383/86/1 1387/78/1
f 1400/49/93 1404/46/93 1402/38/93
f 1398/14/94 1401/33/94 1404/33/94
f 1408/14/94 1412/33/94 1410/33/94
f 1406/88/93 1409/83/93 1412/46/93
f 1399/9/3 737/9/3 744/9/3
f 744/9/3 746/9/3 1398/9/3
