# Blender 4.4.0
# www.blender.org
mtllib WheelPair.mtl
g WheelPair.011_Mesh
v -0.710000 0.000000 -0.401000
v -0.710000 -0.078231 -0.393295
v -0.710000 -0.153456 -0.370476
v -0.710000 -0.222784 -0.333419
v -0.710000 -0.283550 -0.283550
v -0.710000 -0.333419 -0.222784
v -0.710000 -0.370476 -0.153456
v -0.710000 -0.393295 -0.078231
v -0.710000 -0.401000 -0.000000
v -0.710000 -0.393295 0.078231
v -0.710000 -0.370476 0.153456
v -0.710000 -0.333419 0.222784
v -0.710000 -0.283550 0.283550
v -0.710000 -0.222784 0.333419
v -0.710000 -0.153456 0.370476
v -0.710000 -0.078231 0.393295
v -0.710000 0.000000 0.401000
v -0.710000 0.078231 0.393295
v -0.710000 0.153456 0.370476
v -0.710000 0.222784 0.333419
v -0.710000 0.283550 0.283550
v -0.710000 0.333419 0.222784
v -0.710000 0.370476 0.153456
v -0.710000 0.393295 0.078231
v -0.710000 0.401000 -0.000000
v -0.710000 0.393295 -0.078231
v -0.710000 0.370476 -0.153456
v -0.710000 0.333419 -0.222784
v -0.710000 0.283550 -0.283550
v -0.710000 0.222784 -0.333419
v -0.710000 0.153456 -0.370476
v -0.710000 0.078231 -0.393295
v -0.685000 -0.068608 -0.344914
v -0.685000 0.000000 -0.351671
v -0.685000 -0.134579 -0.324902
v -0.685000 -0.195378 -0.292404
v -0.685000 -0.248669 -0.248669
v -0.685000 -0.292404 -0.195378
v -0.685000 -0.324901 -0.134579
v -0.685000 -0.344914 -0.068608
v -0.685000 -0.351671 -0.000000
v -0.685000 -0.344914 0.068608
v -0.685000 -0.324901 0.134579
v -0.685000 -0.292404 0.195378
v -0.685000 -0.248669 0.248669
v -0.685000 -0.195378 0.292404
v -0.685000 -0.134579 0.324901
v -0.685000 -0.068608 0.344914
v -0.685000 0.000000 0.351671
v -0.685000 0.068608 0.344914
v -0.685000 0.134579 0.324901
v -0.685000 0.195378 0.292404
v -0.685000 0.248669 0.248669
v -0.685000 0.292404 0.195378
v -0.685000 0.324902 0.134579
v -0.685000 0.344914 0.068608
v -0.685000 0.351671 -0.000000
v -0.685000 0.344914 -0.068608
v -0.685000 0.324902 -0.134579
v -0.685000 0.292404 -0.195378
v -0.685000 0.248669 -0.248669
v -0.685000 0.195378 -0.292404
v -0.685000 0.134579 -0.324902
v -0.685000 0.068608 -0.344914
v -0.810000 -0.000000 -0.395002
v -0.810000 -0.077061 -0.387412
v -0.810000 -0.151161 -0.364934
v -0.810000 -0.219451 -0.328432
v -0.810000 -0.279308 -0.279309
v -0.810000 -0.328432 -0.219451
v -0.810000 -0.364934 -0.151161
v -0.810000 -0.387412 -0.077061
v -0.810000 -0.395002 -0.000000
v -0.810000 -0.387412 0.077061
v -0.810000 -0.364934 0.151161
v -0.810000 -0.328432 0.219451
v -0.810000 -0.279308 0.279308
v -0.810000 -0.219451 0.328432
v -0.810000 -0.151161 0.364934
v -0.810000 -0.077061 0.387412
v -0.810000 -0.000000 0.395002
v -0.810000 0.077061 0.387412
v -0.810000 0.151161 0.364934
v -0.810000 0.219451 0.328432
v -0.810000 0.279308 0.279308
v -0.810000 0.328432 0.219451
v -0.810000 0.364934 0.151161
v -0.810000 0.387412 0.077061
v -0.810000 0.395002 -0.000000
v -0.810000 0.387412 -0.077061
v -0.810000 0.364934 -0.151161
v -0.810000 0.328432 -0.219451
v -0.810000 0.279308 -0.279309
v -0.810000 0.219451 -0.328432
v -0.810000 0.151161 -0.364934
v -0.810000 0.077061 -0.387412
v -0.780000 -0.000000 -0.340011
v -0.780000 -0.066333 -0.333477
v -0.780000 -0.130116 -0.314129
v -0.780000 -0.188900 -0.282708
v -0.780000 -0.240424 -0.240424
v -0.780000 -0.282708 -0.188900
v -0.780000 -0.314129 -0.130116
v -0.780000 -0.333477 -0.066333
v -0.780000 -0.340010 -0.000000
v -0.780000 -0.333477 0.066333
v -0.780000 -0.314129 0.130116
v -0.780000 -0.282708 0.188900
v -0.780000 -0.240424 0.240424
v -0.780000 -0.188900 0.282708
v -0.780000 -0.130116 0.314129
v -0.780000 -0.066333 0.333477
v -0.780000 -0.000000 0.340010
v -0.780000 0.066333 0.333477
v -0.780000 0.130116 0.314129
v -0.780000 0.188900 0.282708
v -0.780000 0.240424 0.240424
v -0.780000 0.282708 0.188900
v -0.780000 0.314129 0.130116
v -0.780000 0.333477 0.066333
v -0.780000 0.340010 -0.000000
v -0.780000 0.333477 -0.066333
v -0.780000 0.314129 -0.130116
v -0.780000 0.282708 -0.188900
v -0.780000 0.240424 -0.240424
v -0.780000 0.188900 -0.282708
v -0.780000 0.130116 -0.314129
v -0.780000 0.066333 -0.333477
v -0.770000 0.051976 -0.125482
v -0.770000 0.096040 -0.096040
v -0.770000 0.125482 -0.051976
v -0.770000 0.135821 0.000000
v -0.770000 0.125482 0.051976
v -0.770000 0.096040 0.096040
v -0.770000 0.051976 0.125482
v -0.770000 0.000000 0.135821
v -0.770000 -0.051976 0.125482
v -0.770000 -0.096040 0.096040
v -0.770000 -0.125482 0.051976
v -0.770000 -0.135820 -0.000000
v -0.770000 -0.125482 -0.051976
v -0.770000 -0.096040 -0.096040
v -0.770000 -0.051976 -0.125482
v -0.770000 0.000000 -0.135821
v -0.680000 0.000000 -0.075000
v -0.680000 -0.028701 -0.069291
v -0.680000 -0.053033 -0.053033
v -0.680000 -0.069291 -0.028701
v -0.680000 -0.075000 0.000000
v -0.680000 -0.069291 0.028701
v -0.680000 -0.053033 0.053033
v -0.680000 -0.028701 0.069291
v -0.680000 0.000000 0.075000
v -0.680000 0.028701 0.069291
v -0.680000 0.053033 0.053033
v -0.680000 0.069291 0.028701
v -0.680000 0.075000 0.000000
v -0.680000 0.069291 -0.028701
v -0.680000 0.053033 -0.053033
v -0.680000 0.028701 -0.069291
v -0.685000 -0.081938 -0.411930
v -0.685000 0.000000 -0.420000
v -0.685000 -0.160727 -0.388029
v -0.685000 -0.233339 -0.349217
v -0.685000 -0.296985 -0.296985
v -0.685000 -0.349217 -0.233340
v -0.685000 -0.388029 -0.160727
v -0.685000 -0.411930 -0.081938
v -0.685000 -0.420000 -0.000000
v -0.685000 -0.411930 0.081938
v -0.685000 -0.388029 0.160727
v -0.685000 -0.349217 0.233339
v -0.685000 -0.296985 0.296985
v -0.685000 -0.233339 0.349217
v -0.685000 -0.160727 0.388029
v -0.685000 -0.081938 0.411930
v -0.685000 0.000000 0.420000
v -0.685000 0.081938 0.411930
v -0.685000 0.160727 0.388029
v -0.685000 0.233340 0.349217
v -0.685000 0.296985 0.296985
v -0.685000 0.349217 0.233339
v -0.685000 0.388029 0.160727
v -0.685000 0.411930 0.081938
v -0.685000 0.420000 -0.000000
v -0.685000 0.411930 -0.081938
v -0.685000 0.388029 -0.160727
v -0.685000 0.349217 -0.233340
v -0.685000 0.296985 -0.296985
v -0.685000 0.233340 -0.349217
v -0.685000 0.160727 -0.388029
v -0.685000 0.081938 -0.411930
v -0.676500 -0.025962 -0.130522
v -0.676500 0.000000 -0.133079
v -0.676500 -0.050927 -0.122949
v -0.676500 -0.073934 -0.110651
v -0.676500 -0.094101 -0.094101
v -0.676500 -0.110651 -0.073935
v -0.676500 -0.122948 -0.050927
v -0.676500 -0.130521 -0.025962
v -0.676500 -0.133078 -0.000000
v -0.676500 -0.130521 0.025962
v -0.676500 -0.122948 0.050927
v -0.676500 -0.110651 0.073934
v -0.676500 -0.094101 0.094101
v -0.676500 -0.073934 0.110651
v -0.676500 -0.050927 0.122948
v -0.676500 -0.025962 0.130521
v -0.676500 0.000000 0.133078
v -0.676500 0.025962 0.130521
v -0.676500 0.050927 0.122948
v -0.676500 0.073935 0.110651
v -0.676500 0.094101 0.094101
v -0.676500 0.110651 0.073934
v -0.676500 0.122949 0.050927
v -0.676500 0.130521 0.025962
v -0.676500 0.133079 -0.000000
v -0.676500 0.130521 -0.025963
v -0.676500 0.122949 -0.050927
v -0.676500 0.110651 -0.073935
v -0.676500 0.094101 -0.094101
v -0.676500 0.073935 -0.110651
v -0.676500 0.050927 -0.122949
v -0.676500 0.025962 -0.130522
v -0.700000 -0.066321 -0.333417
v -0.700000 0.000000 -0.339949
v -0.700000 -0.130093 -0.314072
v -0.700000 -0.188865 -0.282657
v -0.700000 -0.240380 -0.240380
v -0.700000 -0.282657 -0.188865
v -0.700000 -0.314071 -0.130093
v -0.700000 -0.333416 -0.066321
v -0.700000 -0.339948 -0.000000
v -0.700000 -0.333416 0.066321
v -0.700000 -0.314071 0.130093
v -0.700000 -0.282657 0.188865
v -0.700000 -0.240380 0.240380
v -0.700000 -0.188865 0.282657
v -0.700000 -0.130093 0.314071
v -0.700000 -0.066321 0.333416
v -0.700000 0.000000 0.339948
v -0.700000 0.066321 0.333416
v -0.700000 0.130093 0.314071
v -0.700000 0.188865 0.282657
v -0.700000 0.240380 0.240380
v -0.700000 0.282657 0.188865
v -0.700000 0.314072 0.130093
v -0.700000 0.333417 0.066321
v -0.700000 0.339949 -0.000000
v -0.700000 0.333417 -0.066321
v -0.700000 0.314072 -0.130093
v -0.700000 0.282657 -0.188865
v -0.700000 0.240380 -0.240380
v -0.700000 0.188865 -0.282657
v -0.700000 0.130093 -0.314072
v -0.700000 0.066321 -0.333417
v -0.703500 -0.026346 -0.132450
v -0.703500 0.000000 -0.135045
v -0.703500 -0.051679 -0.124765
v -0.703500 -0.075027 -0.112286
v -0.703500 -0.095491 -0.095491
v -0.703500 -0.112286 -0.075027
v -0.703500 -0.124765 -0.051680
v -0.703500 -0.132450 -0.026346
v -0.703500 -0.135045 -0.000000
v -0.703500 -0.132450 0.026346
v -0.703500 -0.124765 0.051679
v -0.703500 -0.112286 0.075027
v -0.703500 -0.095491 0.095491
v -0.703500 -0.075027 0.112286
v -0.703500 -0.051679 0.124765
v -0.703500 -0.026346 0.132450
v -0.703500 0.000000 0.135045
v -0.703500 0.026346 0.132450
v -0.703500 0.051680 0.124765
v -0.703500 0.075027 0.112286
v -0.703500 0.095491 0.095491
v -0.703500 0.112286 0.075027
v -0.703500 0.124765 0.051679
v -0.703500 0.132450 0.026346
v -0.703500 0.135045 -0.000000
v -0.703500 0.132450 -0.026346
v -0.703500 0.124765 -0.051680
v -0.703500 0.112286 -0.075027
v -0.703500 0.095491 -0.095491
v -0.703500 0.075027 -0.112286
v -0.703500 0.051680 -0.124765
v -0.703500 0.026346 -0.132450
v -0.810000 0.000000 -0.110423
v -0.810000 -0.042257 -0.102018
v -0.810000 -0.078081 -0.078081
v -0.810000 -0.102018 -0.042257
v -0.810000 -0.110423 -0.000000
v -0.810000 -0.102018 0.042257
v -0.810000 -0.078081 0.078081
v -0.810000 -0.042257 0.102018
v -0.810000 0.000000 0.110423
v -0.810000 0.042257 0.102018
v -0.810000 0.078081 0.078081
v -0.810000 0.102018 0.042257
v -0.810000 0.110423 0.000000
v -0.810000 0.102018 -0.042257
v -0.810000 0.078081 -0.078081
v -0.810000 0.042257 -0.102018
v -0.810000 0.025449 -0.061438
v -0.810000 0.047023 -0.047023
v -0.810000 0.061438 -0.025448
v -0.810000 0.066500 0.000000
v -0.810000 0.061438 0.025448
v -0.810000 0.047023 0.047023
v -0.810000 0.025449 0.061438
v -0.810000 0.000000 0.066500
v -0.810000 -0.025448 0.061438
v -0.810000 -0.047022 0.047023
v -0.810000 -0.061438 0.025448
v -0.810000 -0.066500 -0.000000
v -0.810000 -0.061438 -0.025448
v -0.810000 -0.047022 -0.047023
v -0.810000 -0.025448 -0.061438
v -0.810000 0.000000 -0.066500
v -1.000000 0.000000 -0.050000
v -0.830000 0.000000 -0.050000
v -1.000000 -0.019134 -0.046194
v -0.830000 -0.019134 -0.046194
v -1.000000 -0.035355 -0.035355
v -0.830000 -0.035355 -0.035355
v -1.000000 -0.046194 -0.019134
v -0.830000 -0.046194 -0.019134
v -1.000000 -0.050000 0.000000
v -0.830000 -0.050000 -0.000000
v -1.000000 -0.046194 0.019134
v -0.830000 -0.046194 0.019134
v -1.000000 -0.035355 0.035355
v -0.830000 -0.035355 0.035355
v -1.000000 -0.019134 0.046194
v -0.830000 -0.019134 0.046194
v -1.000000 0.000000 0.050000
v -0.830000 0.000000 0.050000
v -1.000000 0.019134 0.046194
v -0.830000 0.019134 0.046194
v -1.000000 0.035355 0.035355
v -0.830000 0.035355 0.035355
v -1.000000 0.046194 0.019134
v -0.830000 0.046194 0.019134
v -1.000000 0.050000 0.000000
v -0.830000 0.050000 0.000000
v -1.000000 0.046194 -0.019134
v -0.830000 0.046194 -0.019134
v -1.000000 0.035355 -0.035355
v -0.830000 0.035355 -0.035355
v -1.000000 0.019134 -0.046194
v -0.830000 0.019134 -0.046194
v 0.680000 0.000000 -0.075000
v 0.680000 -0.028701 -0.069291
v 0.680000 -0.053033 -0.053033
v 0.680000 -0.069291 -0.028701
v 0.680000 -0.075000 0.000000
v 0.680000 -0.069291 0.028701
v 0.680000 -0.053033 0.053033
v 0.680000 -0.028701 0.069291
v 0.680000 0.000000 0.075000
v 0.680000 0.028702 0.069291
v 0.680000 0.053033 0.053033
v 0.680000 0.069291 0.028701
v 0.680000 0.075000 0.000000
v 0.680000 0.069291 -0.028701
v 0.680000 0.053033 -0.053033
v 0.680000 0.028702 -0.069291
v 0.710000 0.000000 -0.401000
v 0.710000 -0.078231 -0.393295
v 0.710000 -0.153456 -0.370476
v 0.710000 -0.222784 -0.333419
v 0.710000 -0.283550 -0.283550
v 0.710000 -0.333419 -0.222784
v 0.710000 -0.370476 -0.153456
v 0.710000 -0.393295 -0.078231
v 0.710000 -0.401000 -0.000000
v 0.710000 -0.393295 0.078231
v 0.710000 -0.370476 0.153456
v 0.710000 -0.333419 0.222784
v 0.710000 -0.283550 0.283550
v 0.710000 -0.222784 0.333419
v 0.710000 -0.153456 0.370476
v 0.710000 -0.078231 0.393295
v 0.710000 0.000000 0.401000
v 0.710000 0.078231 0.393295
v 0.710000 0.153456 0.370476
v 0.710000 0.222784 0.333419
v 0.710000 0.283550 0.283550
v 0.710000 0.333419 0.222784
v 0.710000 0.370476 0.153456
v 0.710000 0.393295 0.078231
v 0.710000 0.401000 -0.000000
v 0.710000 0.393295 -0.078231
v 0.710000 0.370476 -0.153456
v 0.710000 0.333419 -0.222784
v 0.710000 0.283550 -0.283550
v 0.710000 0.222784 -0.333419
v 0.710000 0.153456 -0.370476
v 0.710000 0.078231 -0.393295
v 0.685000 -0.068608 -0.344914
v 0.685000 0.000000 -0.351671
v 0.685000 -0.134579 -0.324902
v 0.685000 -0.195378 -0.292404
v 0.685000 -0.248669 -0.248669
v 0.685000 -0.292404 -0.195378
v 0.685000 -0.324901 -0.134579
v 0.685000 -0.344914 -0.068608
v 0.685000 -0.351671 -0.000000
v 0.685000 -0.344914 0.068608
v 0.685000 -0.324901 0.134579
v 0.685000 -0.292404 0.195378
v 0.685000 -0.248669 0.248669
v 0.685000 -0.195378 0.292404
v 0.685000 -0.134579 0.324901
v 0.685000 -0.068608 0.344914
v 0.685000 0.000000 0.351671
v 0.685000 0.068608 0.344914
v 0.685000 0.134579 0.324901
v 0.685000 0.195378 0.292404
v 0.685000 0.248669 0.248669
v 0.685000 0.292404 0.195378
v 0.685000 0.324902 0.134579
v 0.685000 0.344914 0.068608
v 0.685000 0.351671 -0.000000
v 0.685000 0.344914 -0.068608
v 0.685000 0.324902 -0.134579
v 0.685000 0.292404 -0.195378
v 0.685000 0.248669 -0.248669
v 0.685000 0.195378 -0.292404
v 0.685000 0.134579 -0.324902
v 0.685000 0.068608 -0.344914
v 0.810000 -0.000000 -0.395002
v 0.810000 -0.077061 -0.387412
v 0.810000 -0.151161 -0.364934
v 0.810000 -0.219451 -0.328432
v 0.810000 -0.279308 -0.279309
v 0.810000 -0.328432 -0.219451
v 0.810000 -0.364934 -0.151161
v 0.810000 -0.387412 -0.077061
v 0.810000 -0.395002 -0.000000
v 0.810000 -0.387412 0.077061
v 0.810000 -0.364934 0.151161
v 0.810000 -0.328432 0.219451
v 0.810000 -0.279308 0.279308
v 0.810000 -0.219451 0.328432
v 0.810000 -0.151161 0.364934
v 0.810000 -0.077061 0.387412
v 0.810000 -0.000000 0.395002
v 0.810000 0.077061 0.387412
v 0.810000 0.151161 0.364934
v 0.810000 0.219451 0.328432
v 0.810000 0.279308 0.279308
v 0.810000 0.328432 0.219451
v 0.810000 0.364934 0.151161
v 0.810000 0.387412 0.077061
v 0.810000 0.395002 -0.000000
v 0.810000 0.387412 -0.077061
v 0.810000 0.364934 -0.151161
v 0.810000 0.328432 -0.219451
v 0.810000 0.279308 -0.279309
v 0.810000 0.219451 -0.328432
v 0.810000 0.151161 -0.364934
v 0.810000 0.077061 -0.387412
v 0.780000 -0.000000 -0.340011
v 0.780000 -0.066333 -0.333477
v 0.780000 -0.130116 -0.314129
v 0.780000 -0.188900 -0.282708
v 0.780000 -0.240424 -0.240424
v 0.780000 -0.282708 -0.188900
v 0.780000 -0.314129 -0.130116
v 0.780000 -0.333477 -0.066333
v 0.780000 -0.340010 -0.000000
v 0.780000 -0.333477 0.066333
v 0.780000 -0.314129 0.130116
v 0.780000 -0.282708 0.188900
v 0.780000 -0.240424 0.240424
v 0.780000 -0.188900 0.282708
v 0.780000 -0.130116 0.314129
v 0.780000 -0.066333 0.333477
v 0.780000 -0.000000 0.340010
v 0.780000 0.066333 0.333477
v 0.780000 0.130116 0.314129
v 0.780000 0.188900 0.282708
v 0.780000 0.240424 0.240424
v 0.780000 0.282708 0.188900
v 0.780000 0.314129 0.130116
v 0.780000 0.333477 0.066333
v 0.780000 0.340010 -0.000000
v 0.780000 0.333477 -0.066333
v 0.780000 0.314129 -0.130116
v 0.780000 0.282708 -0.188900
v 0.780000 0.240424 -0.240424
v 0.780000 0.188900 -0.282708
v 0.780000 0.130116 -0.314129
v 0.780000 0.066333 -0.333477
v 0.770000 0.051976 -0.125482
v 0.770000 0.096040 -0.096040
v 0.770000 0.125482 -0.051976
v 0.770000 0.135821 0.000000
v 0.770000 0.125482 0.051976
v 0.770000 0.096040 0.096040
v 0.770000 0.051976 0.125482
v 0.770000 0.000000 0.135821
v 0.770000 -0.051976 0.125482
v 0.770000 -0.096040 0.096040
v 0.770000 -0.125482 0.051976
v 0.770000 -0.135820 -0.000000
v 0.770000 -0.125482 -0.051976
v 0.770000 -0.096040 -0.096040
v 0.770000 -0.051976 -0.125482
v 0.770000 0.000000 -0.135821
v 0.685000 -0.081938 -0.411930
v 0.685000 0.000000 -0.420000
v 0.685000 -0.160727 -0.388029
v 0.685000 -0.233339 -0.349217
v 0.685000 -0.296985 -0.296985
v 0.685000 -0.349217 -0.233340
v 0.685000 -0.388029 -0.160727
v 0.685000 -0.411930 -0.081938
v 0.685000 -0.420000 -0.000000
v 0.685000 -0.411930 0.081938
v 0.685000 -0.388029 0.160727
v 0.685000 -0.349217 0.233339
v 0.685000 -0.296985 0.296985
v 0.685000 -0.233339 0.349217
v 0.685000 -0.160727 0.388029
v 0.685000 -0.081938 0.411930
v 0.685000 0.000000 0.420000
v 0.685000 0.081938 0.411930
v 0.685000 0.160727 0.388029
v 0.685000 0.233340 0.349217
v 0.685000 0.296985 0.296985
v 0.685000 0.349217 0.233339
v 0.685000 0.388029 0.160727
v 0.685000 0.411930 0.081938
v 0.685000 0.420000 -0.000000
v 0.685000 0.411930 -0.081938
v 0.685000 0.388029 -0.160727
v 0.685000 0.349217 -0.233340
v 0.685000 0.296985 -0.296985
v 0.685000 0.233340 -0.349217
v 0.685000 0.160727 -0.388029
v 0.685000 0.081938 -0.411930
v 0.676500 -0.025962 -0.130522
v 0.676500 0.000000 -0.133079
v 0.676500 -0.050927 -0.122949
v 0.676500 -0.073934 -0.110651
v 0.676500 -0.094101 -0.094101
v 0.676500 -0.110651 -0.073935
v 0.676500 -0.122948 -0.050927
v 0.676500 -0.130521 -0.025962
v 0.676500 -0.133078 -0.000000
v 0.676500 -0.130521 0.025962
v 0.676500 -0.122948 0.050927
v 0.676500 -0.110651 0.073934
v 0.676500 -0.094101 0.094101
v 0.676500 -0.073934 0.110651
v 0.676500 -0.050927 0.122948
v 0.676500 -0.025962 0.130521
v 0.676500 0.000000 0.133078
v 0.676500 0.025962 0.130521
v 0.676500 0.050927 0.122948
v 0.676500 0.073935 0.110651
v 0.676500 0.094101 0.094101
v 0.676500 0.110651 0.073934
v 0.676500 0.122949 0.050927
v 0.676500 0.130521 0.025962
v 0.676500 0.133079 -0.000000
v 0.676500 0.130521 -0.025963
v 0.676500 0.122949 -0.050927
v 0.676500 0.110651 -0.073935
v 0.676500 0.094101 -0.094101
v 0.676500 0.073935 -0.110651
v 0.676500 0.050927 -0.122949
v 0.676500 0.025962 -0.130522
v 0.700000 -0.066321 -0.333417
v 0.700000 0.000000 -0.339949
v 0.700000 -0.130093 -0.314072
v 0.700000 -0.188865 -0.282657
v 0.700000 -0.240380 -0.240380
v 0.700000 -0.282657 -0.188865
v 0.700000 -0.314071 -0.130093
v 0.700000 -0.333416 -0.066321
v 0.700000 -0.339948 -0.000000
v 0.700000 -0.333416 0.066321
v 0.700000 -0.314071 0.130093
v 0.700000 -0.282657 0.188865
v 0.700000 -0.240380 0.240380
v 0.700000 -0.188865 0.282657
v 0.700000 -0.130093 0.314071
v 0.700000 -0.066321 0.333416
v 0.700000 0.000000 0.339948
v 0.700000 0.066321 0.333416
v 0.700000 0.130093 0.314071
v 0.700000 0.188865 0.282657
v 0.700000 0.240380 0.240380
v 0.700000 0.282657 0.188865
v 0.700000 0.314072 0.130093
v 0.700000 0.333417 0.066321
v 0.700000 0.339949 -0.000000
v 0.700000 0.333417 -0.066321
v 0.700000 0.314072 -0.130093
v 0.700000 0.282657 -0.188865
v 0.700000 0.240380 -0.240380
v 0.700000 0.188865 -0.282657
v 0.700000 0.130093 -0.314072
v 0.700000 0.066321 -0.333417
v 0.703500 -0.026346 -0.132450
v 0.703500 0.000000 -0.135045
v 0.703500 -0.051679 -0.124765
v 0.703500 -0.075027 -0.112286
v 0.703500 -0.095491 -0.095491
v 0.703500 -0.112286 -0.075027
v 0.703500 -0.124765 -0.051680
v 0.703500 -0.132450 -0.026346
v 0.703500 -0.135045 -0.000000
v 0.703500 -0.132450 0.026346
v 0.703500 -0.124765 0.051679
v 0.703500 -0.112286 0.075027
v 0.703500 -0.095491 0.095491
v 0.703500 -0.075027 0.112286
v 0.703500 -0.051679 0.124765
v 0.703500 -0.026346 0.132450
v 0.703500 0.000000 0.135045
v 0.703500 0.026346 0.132450
v 0.703500 0.051680 0.124765
v 0.703500 0.075027 0.112286
v 0.703500 0.095491 0.095491
v 0.703500 0.112286 0.075027
v 0.703500 0.124765 0.051679
v 0.703500 0.132450 0.026346
v 0.703500 0.135045 -0.000000
v 0.703500 0.132450 -0.026346
v 0.703500 0.124765 -0.051680
v 0.703500 0.112286 -0.075027
v 0.703500 0.095491 -0.095491
v 0.703500 0.075027 -0.112286
v 0.703500 0.051680 -0.124765
v 0.703500 0.026346 -0.132450
v 0.810000 0.000000 -0.110423
v 0.810000 -0.042257 -0.102018
v 0.810000 -0.078081 -0.078081
v 0.810000 -0.102018 -0.042257
v 0.810000 -0.110423 -0.000000
v 0.810000 -0.102018 0.042257
v 0.810000 -0.078081 0.078081
v 0.810000 -0.042257 0.102018
v 0.810000 0.000000 0.110423
v 0.810000 0.042257 0.102018
v 0.810000 0.078081 0.078081
v 0.810000 0.102018 0.042257
v 0.810000 0.110423 0.000000
v 0.810000 0.102018 -0.042257
v 0.810000 0.078081 -0.078081
v 0.810000 0.042257 -0.102018
v 0.810000 0.025449 -0.061438
v 0.810000 0.047023 -0.047023
v 0.810000 0.061438 -0.025448
v 0.810000 0.066500 0.000000
v 0.810000 0.061438 0.025448
v 0.810000 0.047023 0.047023
v 0.810000 0.025449 0.061438
v 0.810000 0.000000 0.066500
v 0.810000 -0.025448 0.061438
v 0.810000 -0.047022 0.047023
v 0.810000 -0.061438 0.025448
v 0.810000 -0.066500 -0.000000
v 0.810000 -0.061438 -0.025448
v 0.810000 -0.047022 -0.047023
v 0.810000 -0.025448 -0.061438
v 0.810000 0.000000 -0.066500
v 1.000000 0.000000 -0.050000
v 0.830000 0.000000 -0.050000
v 1.000000 -0.019134 -0.046194
v 0.830000 -0.019134 -0.046194
v 1.000000 -0.035355 -0.035355
v 0.830000 -0.035355 -0.035355
v 1.000000 -0.046194 -0.019134
v 0.830000 -0.046194 -0.019134
v 1.000000 -0.050000 0.000000
v 0.830000 -0.050000 -0.000000
v 1.000000 -0.046194 0.019134
v 0.830000 -0.046194 0.019134
v 1.000000 -0.035355 0.035355
v 0.830000 -0.035355 0.035355
v 1.000000 -0.019134 0.046194
v 0.830000 -0.019134 0.046194
v 1.000000 0.000000 0.050000
v 0.830000 0.000000 0.050000
v 1.000000 0.019134 0.046194
v 0.830000 0.019134 0.046194
v 1.000000 0.035355 0.035355
v 0.830000 0.035355 0.035355
v 1.000000 0.046194 0.019134
v 0.830000 0.046194 0.019134
v 1.000000 0.050000 0.000000
v 0.830000 0.050000 0.000000
v 1.000000 0.046194 -0.019134
v 0.830000 0.046194 -0.019134
v 1.000000 0.035355 -0.035355
v 0.830000 0.035355 -0.035355
v 1.000000 0.019134 -0.046194
v 0.830000 0.019134 -0.046194
v -0.808576 -0.000000 -0.349512
v -0.810000 -0.000000 -0.351492
v -0.810000 -0.068573 -0.344739
v -0.808576 -0.068186 -0.342796
v -0.810000 -0.134510 -0.324737
v -0.808576 -0.133752 -0.322907
v -0.810000 -0.195279 -0.292255
v -0.808576 -0.194178 -0.290608
v -0.810000 -0.248543 -0.248543
v -0.808576 -0.247142 -0.247142
v -0.810000 -0.292255 -0.195279
v -0.808576 -0.290608 -0.194178
v -0.810000 -0.324737 -0.134510
v -0.808576 -0.322907 -0.133752
v -0.810000 -0.344738 -0.068573
v -0.808576 -0.342796 -0.068186
v -0.810000 -0.351492 -0.000000
v -0.808576 -0.349512 -0.000000
v -0.810000 -0.344738 0.068573
v -0.808576 -0.342796 0.068186
v -0.810000 -0.324737 0.134510
v -0.808576 -0.322907 0.133752
v -0.810000 -0.292255 0.195279
v -0.808576 -0.290608 0.194178
v -0.810000 -0.248543 0.248542
v -0.808576 -0.247142 0.247142
v -0.810000 -0.195279 0.292255
v -0.808576 -0.194178 0.290608
v -0.810000 -0.134510 0.324736
v -0.808576 -0.133752 0.322906
v -0.810000 -0.068573 0.344738
v -0.808576 -0.068186 0.342796
v -0.810000 -0.000000 0.351492
v -0.808576 -0.000000 0.349511
v -0.810000 0.068573 0.344738
v -0.808576 0.068186 0.342796
v -0.810000 0.134510 0.324736
v -0.808576 0.133752 0.322906
v -0.810000 0.195279 0.292255
v -0.808576 0.194178 0.290608
v -0.810000 0.248542 0.248542
v -0.808576 0.247142 0.247142
v -0.810000 0.292255 0.195278
v -0.808576 0.290608 0.194178
v -0.810000 0.324736 0.134510
v -0.808576 0.322906 0.133752
v -0.810000 0.344738 0.068573
v -0.808576 0.342796 0.068186
v -0.810000 0.351492 -0.000000
v -0.808576 0.349511 -0.000000
v -0.810000 0.344738 -0.068573
v -0.808576 0.342796 -0.068186
v -0.810000 0.324736 -0.134510
v -0.808576 0.322906 -0.133752
v -0.810000 0.292255 -0.195279
v -0.808576 0.290608 -0.194178
v -0.810000 0.248542 -0.248543
v -0.808576 0.247142 -0.247142
v -0.810000 0.195279 -0.292255
v -0.808576 0.194178 -0.290608
v -0.810000 0.134510 -0.324737
v -0.808576 0.133752 -0.322907
v -0.810000 0.068573 -0.344739
v -0.808576 0.068186 -0.342796
v -0.698500 -0.081938 -0.411930
v -0.700701 -0.081678 -0.410623
v -0.700701 0.000000 -0.418668
v -0.698500 0.000000 -0.420000
v -0.698500 -0.160727 -0.388029
v -0.700701 -0.160217 -0.386798
v -0.698500 -0.233339 -0.349217
v -0.700701 -0.232599 -0.348109
v -0.698500 -0.296985 -0.296985
v -0.700701 -0.296043 -0.296043
v -0.698500 -0.349217 -0.233340
v -0.700701 -0.348109 -0.232599
v -0.698500 -0.388029 -0.160727
v -0.700701 -0.386798 -0.160217
v -0.698500 -0.411930 -0.081938
v -0.700701 -0.410623 -0.081678
v -0.698500 -0.420000 -0.000000
v -0.700701 -0.418667 -0.000000
v -0.698500 -0.411930 0.081938
v -0.700701 -0.410623 0.081678
v -0.698500 -0.388029 0.160727
v -0.700701 -0.386798 0.160217
v -0.698500 -0.349217 0.233339
v -0.700701 -0.348109 0.232599
v -0.698500 -0.296985 0.296985
v -0.700701 -0.296043 0.296043
v -0.698500 -0.233339 0.349217
v -0.700701 -0.232599 0.348109
v -0.698500 -0.160727 0.388029
v -0.700701 -0.160217 0.386798
v -0.698500 -0.081938 0.411930
v -0.700701 -0.081678 0.410623
v -0.698500 0.000000 0.420000
v -0.700701 0.000000 0.418667
v -0.698500 0.081938 0.411930
v -0.700701 0.081678 0.410623
v -0.698500 0.160727 0.388029
v -0.700701 0.160217 0.386798
v -0.698500 0.233340 0.349217
v -0.700701 0.232599 0.348109
v -0.698500 0.296985 0.296985
v -0.700701 0.296043 0.296043
v -0.698500 0.349217 0.233339
v -0.700701 0.348109 0.232599
v -0.698500 0.388029 0.160727
v -0.700701 0.386798 0.160217
v -0.698500 0.411930 0.081938
v -0.700701 0.410623 0.081678
v -0.698500 0.420000 -0.000000
v -0.700701 0.418668 -0.000000
v -0.698500 0.411930 -0.081938
v -0.700701 0.410623 -0.081678
v -0.698500 0.388029 -0.160727
v -0.700701 0.386798 -0.160217
v -0.698500 0.349217 -0.233340
v -0.700701 0.348109 -0.232599
v -0.698500 0.296985 -0.296985
v -0.700701 0.296043 -0.296043
v -0.698500 0.233340 -0.349217
v -0.700701 0.232599 -0.348109
v -0.698500 0.160727 -0.388029
v -0.700701 0.160217 -0.386798
v -0.698500 0.081938 -0.411930
v -0.700701 0.081678 -0.410623
v 0.810000 -0.000000 -0.351492
v 0.808576 -0.000000 -0.349512
v 0.808576 -0.068186 -0.342796
v 0.810000 -0.068573 -0.344739
v 0.808576 -0.133752 -0.322907
v 0.810000 -0.134510 -0.324737
v 0.808576 -0.194178 -0.290608
v 0.810000 -0.195279 -0.292255
v 0.808576 -0.247142 -0.247142
v 0.810000 -0.248543 -0.248543
v 0.808576 -0.290608 -0.194178
v 0.810000 -0.292255 -0.195279
v 0.808576 -0.322907 -0.133752
v 0.810000 -0.324737 -0.134510
v 0.808576 -0.342796 -0.068186
v 0.810000 -0.344738 -0.068573
v 0.808576 -0.349512 -0.000000
v 0.810000 -0.351492 -0.000000
v 0.808576 -0.342796 0.068186
v 0.810000 -0.344738 0.068573
v 0.808576 -0.322907 0.133752
v 0.810000 -0.324737 0.134510
v 0.808576 -0.290608 0.194178
v 0.810000 -0.292255 0.195279
v 0.808576 -0.247142 0.247142
v 0.810000 -0.248543 0.248542
v 0.808576 -0.194178 0.290608
v 0.810000 -0.195279 0.292255
v 0.808576 -0.133752 0.322906
v 0.810000 -0.134510 0.324736
v 0.808576 -0.068186 0.342796
v 0.810000 -0.068573 0.344738
v 0.808576 -0.000000 0.349511
v 0.810000 -0.000000 0.351492
v 0.808576 0.068186 0.342796
v 0.810000 0.068573 0.344738
v 0.808576 0.133752 0.322906
v 0.810000 0.134510 0.324736
v 0.808576 0.194178 0.290608
v 0.810000 0.195279 0.292255
v 0.808576 0.247142 0.247142
v 0.810000 0.248542 0.248542
v 0.808576 0.290608 0.194178
v 0.810000 0.292255 0.195278
v 0.808576 0.322906 0.133752
v 0.810000 0.324736 0.134510
v 0.808576 0.342796 0.068186
v 0.810000 0.344738 0.068573
v 0.808576 0.349511 -0.000000
v 0.810000 0.351492 -0.000000
v 0.808576 0.342796 -0.068186
v 0.810000 0.344738 -0.068573
v 0.808576 0.322906 -0.133752
v 0.810000 0.324736 -0.134510
v 0.808576 0.290608 -0.194178
v 0.810000 0.292255 -0.195279
v 0.808576 0.247142 -0.247142
v 0.810000 0.248542 -0.248543
v 0.808576 0.194178 -0.290608
v 0.810000 0.195279 -0.292255
v 0.808576 0.133752 -0.322907
v 0.810000 0.134510 -0.324737
v 0.808576 0.068186 -0.342796
v 0.810000 0.068573 -0.344739
v 0.700701 -0.081678 -0.410623
v 0.698500 -0.081938 -0.411930
v 0.698500 0.000000 -0.420000
v 0.700701 0.000000 -0.418668
v 0.700701 -0.160217 -0.386798
v 0.698500 -0.160727 -0.388029
v 0.700701 -0.232599 -0.348109
v 0.698500 -0.233339 -0.349217
v 0.700701 -0.296043 -0.296043
v 0.698500 -0.296985 -0.296985
v 0.700701 -0.348109 -0.232599
v 0.698500 -0.349217 -0.233340
v 0.700701 -0.386798 -0.160217
v 0.698500 -0.388029 -0.160727
v 0.700701 -0.410623 -0.081678
v 0.698500 -0.411930 -0.081938
v 0.700701 -0.418667 -0.000000
v 0.698500 -0.420000 -0.000000
v 0.700701 -0.410623 0.081678
v 0.698500 -0.411930 0.081938
v 0.700701 -0.386798 0.160217
v 0.698500 -0.388029 0.160727
v 0.700701 -0.348109 0.232599
v 0.698500 -0.349217 0.233339
v 0.700701 -0.296043 0.296043
v 0.698500 -0.296985 0.296985
v 0.700701 -0.232599 0.348109
v 0.698500 -0.233339 0.349217
v 0.700701 -0.160217 0.386798
v 0.698500 -0.160727 0.388029
v 0.700701 -0.081678 0.410623
v 0.698500 -0.081938 0.411930
v 0.700701 0.000000 0.418667
v 0.698500 0.000000 0.420000
v 0.700701 0.081678 0.410623
v 0.698500 0.081938 0.411930
v 0.700701 0.160217 0.386798
v 0.698500 0.160727 0.388029
v 0.700701 0.232599 0.348109
v 0.698500 0.233340 0.349217
v 0.700701 0.296043 0.296043
v 0.698500 0.296985 0.296985
v 0.700701 0.348109 0.232599
v 0.698500 0.349217 0.233339
v 0.700701 0.386799 0.160217
v 0.698500 0.388029 0.160727
v 0.700701 0.410623 0.081678
v 0.698500 0.411930 0.081938
v 0.700701 0.418668 -0.000000
v 0.698500 0.420000 -0.000000
v 0.700701 0.410623 -0.081678
v 0.698500 0.411930 -0.081938
v 0.700701 0.386799 -0.160217
v 0.698500 0.388029 -0.160727
v 0.700701 0.348109 -0.232599
v 0.698500 0.349217 -0.233340
v 0.700701 0.296043 -0.296043
v 0.698500 0.296985 -0.296985
v 0.700701 0.232599 -0.348109
v 0.698500 0.233340 -0.349217
v 0.700701 0.160217 -0.386798
v 0.698500 0.160727 -0.388029
v 0.700701 0.081678 -0.410623
v 0.698500 0.081938 -0.411930
vn -0.0599 -0.0000 -0.9982
vn -0.0599 -0.1947 -0.9790
vn -0.0599 -0.3820 -0.9222
vn -0.0599 -0.5546 -0.8300
vn -0.0599 -0.7058 -0.7058
vn -0.0599 -0.8300 -0.5546
vn -0.0599 -0.9222 -0.3820
vn -0.0599 -0.9790 -0.1947
vn -0.0599 -0.9982 -0.0000
vn -0.0599 -0.9790 0.1947
vn -0.0599 -0.9222 0.3820
vn -0.0599 -0.8300 0.5546
vn -0.0599 -0.7058 0.7058
vn -0.0599 -0.5546 0.8300
vn -0.0599 -0.3820 0.9222
vn -0.0599 -0.1947 0.9790
vn -0.0599 -0.0000 0.9982
vn -0.0599 0.1947 0.9790
vn -0.0599 0.3820 0.9222
vn -0.0599 0.5546 0.8300
vn -0.0599 0.7058 0.7058
vn -0.0599 0.8300 0.5546
vn -0.0599 0.9222 0.3820
vn -0.0599 0.9790 0.1947
vn -0.0599 0.9982 -0.0000
vn -0.0599 0.9790 -0.1947
vn -0.0599 0.9222 -0.3820
vn -0.0599 0.8300 -0.5546
vn -0.0599 0.7058 -0.7058
vn -0.0599 0.5546 -0.8300
vn -0.0599 0.3820 -0.9222
vn -0.0000 -0.9808 -0.1951
vn -0.0000 -1.0000 -0.0000
vn -0.0599 0.1947 -0.9790
vn -0.3155 -0.8767 -0.3631
vn -0.3155 -0.7890 -0.5272
vn -0.0000 -0.8315 -0.5556
vn -0.0000 -0.9239 -0.3827
vn -0.0000 -0.0000 1.0000
vn -0.0000 0.1951 0.9808
vn -0.0000 0.9808 -0.1951
vn -0.0000 0.9239 -0.3827
vn -0.0000 -0.5556 -0.8315
vn -0.0000 -0.7071 -0.7071
vn -0.0000 -0.7071 0.7071
vn -0.0000 -0.5556 0.8315
vn -0.0000 0.8315 0.5556
vn -0.0000 0.9239 0.3827
vn -0.0000 0.3827 -0.9239
vn -0.0000 0.1951 -0.9808
vn -0.0000 -0.9808 0.1951
vn -0.0000 0.3827 0.9239
vn -0.0000 0.8315 -0.5556
vn -0.8849 -0.3873 -0.2588
vn -0.8849 -0.3293 -0.3293
vn -0.8849 -0.3872 -0.2588
vn -0.0000 -0.3827 0.9239
vn -0.0000 0.9808 0.1951
vn 0.3155 -0.0000 0.9489
vn 0.3155 0.1851 0.9307
vn -0.0000 -0.9239 0.3827
vn -0.0000 0.5556 0.8315
vn -0.0000 0.7071 -0.7071
vn -0.0000 -0.1951 0.9808
vn -0.0000 1.0000 -0.0000
vn -0.0000 -0.1951 -0.9808
vn -0.0000 -0.3827 -0.9239
vn -0.0000 -0.8315 0.5556
vn -0.0000 0.7071 0.7071
vn -0.0000 0.5556 -0.8315
vn -0.8849 -0.0000 -0.4657
vn -0.8849 -0.0909 -0.4568
vn 0.6158 -0.7280 -0.3015
vn 0.6158 -0.6551 -0.4378
vn -0.8849 0.0909 -0.4568
vn -0.8849 0.2588 0.3873
vn -0.8849 0.1782 0.4303
vn -0.8849 -0.4303 -0.1782
vn -0.8849 0.3293 0.3293
vn -0.8849 -0.4568 -0.0909
vn -0.8849 0.3873 0.2588
vn -0.8849 -0.4657 -0.0000
vn -0.8849 0.4303 0.1782
vn -0.8849 -0.4568 0.0909
vn -0.8849 0.4568 0.0909
vn -0.8849 -0.4303 0.1782
vn -0.8849 0.4657 -0.0000
vn -0.8849 -0.3873 0.2588
vn -0.8849 0.4568 -0.0909
vn -0.8849 -0.3293 0.3293
vn -0.8849 0.4303 -0.1782
vn -0.8849 -0.2588 0.3873
vn -0.8849 0.3872 -0.2588
vn -0.8849 0.3873 -0.2588
vn -0.8849 -0.1782 0.4303
vn -0.8849 -0.1782 -0.4303
vn -0.8849 0.3293 -0.3293
vn -0.8849 -0.0909 0.4568
vn -0.0000 -0.0000 -1.0000
vn -0.8849 0.2588 -0.3873
vn -0.8849 -0.0000 0.4657
vn -0.8849 -0.2588 -0.3873
vn -0.8849 0.1782 -0.4303
vn -0.8849 0.0909 0.4568
vn -0.3155 -0.1851 0.9307
vn -0.3155 -0.0000 0.9489
vn -0.3155 0.3631 0.8767
vn -0.3155 0.5272 0.7890
vn -0.3155 0.6710 0.6710
vn -0.3155 0.7890 0.5272
vn -0.3155 0.8767 0.3631
vn -0.3155 0.9307 0.1851
vn -0.3155 0.9489 -0.0000
vn -0.3155 0.9307 -0.1851
vn -0.3155 0.8767 -0.3631
vn -0.3155 0.7890 -0.5272
vn -0.3155 0.6710 -0.6710
vn -0.3155 0.5272 -0.7890
vn -0.3155 0.3631 -0.8767
vn -0.3155 0.1851 -0.9307
vn -0.3155 -0.0000 -0.9489
vn -0.3155 -0.1851 -0.9307
vn -0.3155 -0.3631 -0.8767
vn -0.3155 -0.5272 -0.7890
vn -0.3155 -0.6710 -0.6710
vn -1.0000 -0.0000 -0.0000
vn -0.3155 -0.9307 -0.1851
vn -0.3155 -0.9489 -0.0000
vn -0.3155 -0.9307 0.1851
vn -0.3155 -0.8767 0.3631
vn -0.3155 -0.7890 0.5272
vn -0.3155 -0.6710 0.6710
vn -0.3155 -0.5272 0.7890
vn -0.3155 -0.3631 0.8767
vn -0.3155 0.1851 0.9307
vn -0.5360 0.5969 -0.5969
vn -0.5360 0.3231 -0.7799
vn -0.5360 -0.5969 0.5969
vn -0.5360 -0.3231 0.7799
vn -0.5360 0.7799 -0.3231
vn -0.5360 -0.7799 0.3231
vn -0.5360 0.8442 -0.0000
vn -0.5360 -0.8442 -0.0000
vn -0.5360 0.7799 0.3231
vn -0.5360 -0.7799 -0.3231
vn -0.5360 0.5969 0.5969
vn -0.5360 -0.5969 -0.5969
vn -0.5360 0.3231 0.7799
vn -0.5360 -0.3231 -0.7799
vn -0.5360 -0.0000 0.8442
vn -0.5360 -0.0000 -0.8442
vn 1.0000 -0.0000 -0.0000
vn 0.6158 0.7728 -0.1537
vn 0.6158 0.7879 -0.0000
vn 0.6158 -0.7728 -0.1537
vn 0.6158 0.7280 -0.3015
vn 0.6158 -0.7879 -0.0000
vn 0.6158 0.6551 -0.4378
vn 0.6158 0.6551 -0.4377
vn 0.6158 -0.7728 0.1537
vn 0.6158 0.5572 -0.5572
vn 0.6158 -0.7280 0.3015
vn 0.6158 0.4378 -0.6551
vn 0.6158 -0.6551 0.4378
vn 0.6158 0.3015 -0.7280
vn 0.6158 -0.0000 0.7879
vn 0.6158 0.1537 0.7728
vn 0.6158 -0.5572 0.5572
vn 0.6158 0.1537 -0.7728
vn 0.6158 0.3015 0.7280
vn 0.6158 -0.4378 0.6551
vn 0.6158 -0.0000 -0.7879
vn 0.6158 0.4378 0.6551
vn 0.6158 -0.3015 0.7280
vn 0.6158 -0.1537 -0.7728
vn 0.6158 0.5572 0.5572
vn 0.6158 -0.1537 0.7728
vn 0.6158 -0.3015 -0.7280
vn 0.6158 0.6551 0.4378
vn 0.6158 -0.4378 -0.6551
vn 0.6158 0.7280 0.3015
vn 0.6158 -0.5572 -0.5572
vn 0.6158 -0.5571 -0.5572
vn 0.6158 0.7728 0.1537
vn 0.9999 0.0033 0.0168
vn 0.9999 -0.0000 0.0171
vn 0.9999 0.0065 0.0158
vn 0.9999 0.0095 0.0142
vn 0.9999 0.0121 0.0121
vn 0.9999 0.0142 0.0095
vn 0.9999 0.0158 0.0065
vn 0.9999 0.0168 0.0033
vn 0.9999 0.0171 -0.0000
vn 0.9999 0.0168 -0.0033
vn 0.9999 0.0158 -0.0065
vn 0.9999 0.0142 -0.0095
vn 0.9999 0.0121 -0.0121
vn 0.9999 0.0095 -0.0142
vn 0.9999 0.0065 -0.0158
vn 0.9999 0.0033 -0.0168
vn 0.9999 -0.0000 -0.0171
vn 0.9999 -0.0033 -0.0168
vn 0.9999 -0.0065 -0.0158
vn 0.9999 -0.0095 -0.0142
vn 0.9999 -0.0121 -0.0121
vn 0.9999 -0.0142 -0.0095
vn 0.9999 -0.0158 -0.0065
vn 0.9999 -0.0167 -0.0033
vn 0.9999 -0.0171 -0.0000
vn 0.9999 -0.0168 -0.0033
vn 0.9999 -0.0168 0.0033
vn 0.9999 -0.0158 0.0065
vn 0.9999 -0.0142 0.0095
vn 0.9999 -0.0121 0.0121
vn 0.9999 -0.0095 0.0142
vn 0.9999 -0.0065 0.0158
vn 0.9999 -0.0033 0.0168
vn 0.0726 -0.0000 -0.9974
vn 0.0726 -0.1946 -0.9782
vn 0.0726 -0.3817 -0.9214
vn 0.0726 -0.5541 -0.8293
vn 0.0726 -0.7052 -0.7052
vn 0.0726 -0.8293 -0.5541
vn 0.0726 -0.9214 -0.3817
vn 0.0726 -0.9782 -0.1946
vn 0.0726 -0.9974 -0.0000
vn 0.0726 -0.9782 0.1946
vn 0.0726 -0.9214 0.3817
vn 0.0726 -0.8293 0.5541
vn 0.0726 -0.7052 0.7052
vn 0.0726 -0.5541 0.8293
vn 0.0726 -0.3817 0.9214
vn 0.0726 -0.1946 0.9782
vn 0.0726 -0.0000 0.9974
vn 0.0726 0.1946 0.9782
vn 0.0726 0.3817 0.9214
vn 0.0726 0.5541 0.8293
vn 0.0726 0.7052 0.7052
vn 0.0726 0.8293 0.5541
vn 0.0726 0.9214 0.3817
vn 0.0726 0.9782 0.1946
vn 0.0726 0.9974 -0.0000
vn 0.0726 0.9782 -0.1946
vn 0.0726 0.9214 -0.3817
vn 0.0726 0.8293 -0.5541
vn 0.0726 0.7052 -0.7052
vn 0.0726 0.5541 -0.8293
vn 0.0726 0.3817 -0.9214
vn 0.0726 0.1946 -0.9782
vn -0.6364 -0.0000 0.7714
vn -0.6364 0.2952 0.7127
vn -0.6364 -0.7127 -0.2952
vn -0.6364 -0.7714 -0.0000
vn -0.6364 0.2952 -0.7127
vn -0.6364 -0.0000 -0.7714
vn -0.6364 0.5454 0.5454
vn -0.6364 0.7127 0.2952
vn -0.6364 -0.7127 0.2952
vn -0.6364 -0.5454 0.5454
vn -0.6364 0.7714 -0.0000
vn -0.6364 0.7127 -0.2952
vn -0.6364 -0.2952 -0.7127
vn -0.6364 -0.2952 0.7127
vn -0.6364 -0.5454 -0.5454
vn -0.6364 0.5454 -0.5454
vn -0.9991 0.0082 -0.0414
vn -0.9991 -0.0413 -0.0082
vn -0.9991 -0.0082 0.0414
vn -0.0014 -0.0083 -1.0000
vn -0.1083 -0.3868 -0.9158
vn -0.1914 -0.6778 -0.7099
vn -0.1247 -0.9183 -0.3757
vn 0.0831 -0.9964 -0.0166
vn 0.1736 -0.9100 0.3765
vn 0.0767 -0.7399 0.6683
vn -0.0022 -0.3923 0.9198
vn -0.0011 -0.0083 1.0000
vn 0.0920 0.3684 0.9251
vn 0.2684 0.6904 0.6718
vn 0.3505 0.8637 0.3621
vn 0.3541 0.9350 -0.0179
vn 0.1501 0.8980 -0.4137
vn -0.0555 0.6837 -0.7276
vn -0.0406 0.3717 -0.9275
vn 0.0599 -0.0000 -0.9982
vn 0.0599 -0.1947 -0.9790
vn 0.0599 -0.3820 -0.9222
vn 0.0599 -0.5546 -0.8300
vn 0.0599 -0.7058 -0.7058
vn 0.0599 -0.8300 -0.5546
vn 0.0599 -0.9222 -0.3820
vn 0.0599 -0.9790 -0.1947
vn 0.0599 -0.9982 -0.0000
vn 0.0599 -0.9790 0.1947
vn 0.0599 -0.9222 0.3820
vn 0.0599 -0.8300 0.5546
vn 0.0599 -0.7058 0.7058
vn 0.0599 -0.5546 0.8300
vn 0.0599 -0.3820 0.9222
vn 0.0599 -0.1947 0.9790
vn 0.0599 -0.0000 0.9982
vn 0.0599 0.1947 0.9790
vn 0.0599 0.3820 0.9222
vn 0.0599 0.5546 0.8300
vn 0.0599 0.7058 0.7058
vn 0.0599 0.8300 0.5546
vn 0.0599 0.9222 0.3820
vn 0.0599 0.9790 0.1947
vn 0.0599 0.9982 -0.0000
vn 0.0599 0.9790 -0.1947
vn 0.0599 0.9222 -0.3820
vn 0.0599 0.8300 -0.5546
vn 0.0599 0.7058 -0.7058
vn 0.0599 0.5546 -0.8300
vn 0.0599 0.3820 -0.9222
vn 0.0599 0.1947 -0.9790
vn 0.3155 -0.7890 -0.5272
vn 0.3155 -0.8767 -0.3631
vn 0.8849 -0.3873 -0.2588
vn 0.8849 -0.3293 -0.3293
vn -0.6158 -0.7280 -0.3015
vn -0.6158 -0.6551 -0.4378
vn -0.6158 -0.6551 -0.4377
vn 0.8849 -0.0000 -0.4657
vn 0.8849 0.0909 -0.4568
vn 0.8849 0.2588 0.3873
vn 0.8849 0.1782 0.4303
vn 0.8849 -0.4303 -0.1782
vn 0.8849 0.3293 0.3293
vn 0.8849 -0.4568 -0.0909
vn 0.8849 0.3873 0.2588
vn 0.8849 -0.4657 -0.0000
vn 0.8849 0.4303 0.1782
vn 0.8849 -0.4568 0.0909
vn 0.8849 0.4568 0.0909
vn 0.8849 -0.4303 0.1782
vn 0.8849 0.4657 -0.0000
vn 0.8849 -0.3873 0.2588
vn 0.8849 0.4568 -0.0909
vn 0.8849 -0.3293 0.3293
vn 0.8849 0.4303 -0.1782
vn 0.8849 -0.2588 0.3873
vn 0.8849 0.3873 -0.2588
vn 0.8849 -0.1782 0.4303
vn 0.8849 -0.0909 -0.4568
vn 0.8849 0.3293 -0.3293
vn 0.8849 -0.0909 0.4568
vn 0.8849 -0.1782 -0.4303
vn 0.8849 0.2588 -0.3873
vn 0.8849 -0.0000 0.4657
vn 0.8849 -0.2588 -0.3873
vn 0.8849 0.1782 -0.4303
vn 0.8849 0.0909 0.4568
vn 0.3155 -0.1851 0.9307
vn 0.3155 0.3631 0.8767
vn 0.3155 0.5272 0.7890
vn 0.3155 0.6710 0.6710
vn 0.3155 0.7890 0.5272
vn 0.3155 0.8767 0.3631
vn 0.3155 0.9307 0.1851
vn 0.3155 0.9489 -0.0000
vn 0.3155 0.9307 -0.1851
vn 0.3155 0.8767 -0.3631
vn 0.3155 0.7890 -0.5272
vn 0.3155 0.6710 -0.6710
vn 0.3155 0.5272 -0.7890
vn 0.3155 0.3631 -0.8767
vn 0.3155 0.1851 -0.9307
vn 0.3155 -0.0000 -0.9489
vn 0.3155 -0.1851 -0.9307
vn 0.3155 -0.3631 -0.8767
vn 0.3155 -0.5272 -0.7890
vn 0.3155 -0.6710 -0.6710
vn 0.3155 -0.9307 -0.1851
vn 0.3155 -0.9489 -0.0000
vn 0.3155 -0.9307 0.1851
vn 0.3155 -0.8767 0.3631
vn 0.3155 -0.7890 0.5272
vn 0.3155 -0.6710 0.6710
vn 0.3155 -0.5272 0.7890
vn 0.3155 -0.3631 0.8767
vn 0.5360 0.3231 -0.7799
vn 0.5360 0.5969 -0.5969
vn 0.5360 -0.3231 0.7799
vn 0.5360 -0.5969 0.5969
vn 0.5360 0.7799 -0.3231
vn 0.5360 -0.7799 0.3231
vn 0.5360 0.8442 -0.0000
vn 0.5360 -0.8442 -0.0000
vn 0.5360 0.7799 0.3231
vn 0.5360 -0.7799 -0.3231
vn 0.5360 0.5969 0.5969
vn 0.5360 -0.5969 -0.5969
vn 0.5360 0.3231 0.7799
vn 0.5360 -0.3231 -0.7799
vn 0.5360 -0.0000 0.8442
vn 0.5360 -0.0000 -0.8442
vn -0.6158 0.7728 -0.1537
vn -0.6158 0.7879 -0.0000
vn -0.6158 -0.7728 -0.1537
vn -0.6158 0.7280 -0.3015
vn -0.6158 -0.7879 -0.0000
vn -0.6158 0.6551 -0.4378
vn -0.6158 -0.7728 0.1537
vn -0.6158 0.5572 -0.5572
vn -0.6158 -0.7280 0.3015
vn -0.6158 0.4378 -0.6551
vn -0.6158 -0.6551 0.4378
vn -0.6158 0.3015 -0.7280
vn -0.6158 0.1537 0.7728
vn -0.6158 -0.0000 0.7879
vn -0.6158 -0.5572 0.5572
vn -0.6158 0.1537 -0.7728
vn -0.6158 0.3015 0.7280
vn -0.6158 -0.4377 0.6551
vn -0.6158 -0.0000 -0.7879
vn -0.6158 0.4378 0.6551
vn -0.6158 -0.3015 0.7280
vn -0.6158 -0.4378 0.6551
vn -0.6158 -0.1537 -0.7728
vn -0.6158 0.5572 0.5572
vn -0.6158 0.5571 0.5572
vn -0.6158 -0.1537 0.7728
vn -0.6158 -0.3015 -0.7280
vn -0.6158 0.6551 0.4378
vn -0.6158 -0.4378 -0.6551
vn -0.6158 -0.4377 -0.6551
vn -0.6158 0.7280 0.3015
vn -0.6158 -0.5572 -0.5572
vn -0.6158 0.7728 0.1537
vn -0.9999 -0.0000 0.0171
vn -0.9999 0.0033 0.0168
vn -0.9999 0.0065 0.0158
vn -0.9999 0.0095 0.0142
vn -0.9999 0.0121 0.0121
vn -0.9999 0.0142 0.0095
vn -0.9999 0.0158 0.0065
vn -0.9999 0.0168 0.0033
vn -0.9999 0.0171 -0.0000
vn -0.9999 0.0168 -0.0033
vn -0.9999 0.0158 -0.0065
vn -0.9999 0.0142 -0.0095
vn -0.9999 0.0121 -0.0121
vn -0.9999 0.0095 -0.0142
vn -0.9999 0.0065 -0.0158
vn -0.9999 0.0033 -0.0168
vn -0.9999 -0.0000 -0.0171
vn -0.9999 -0.0033 -0.0168
vn -0.9999 -0.0065 -0.0158
vn -0.9999 -0.0095 -0.0142
vn -0.9999 -0.0121 -0.0121
vn -0.9999 -0.0142 -0.0095
vn -0.9999 -0.0158 -0.0065
vn -0.9999 -0.0168 -0.0033
vn -0.9999 -0.0171 -0.0000
vn -0.9999 -0.0168 0.0033
vn -0.9999 -0.0158 0.0065
vn -0.9999 -0.0142 0.0095
vn -0.9999 -0.0121 0.0121
vn -0.9999 -0.0095 0.0142
vn -0.9999 -0.0065 0.0158
vn -0.9999 -0.0033 0.0168
vn -0.0726 -0.0000 -0.9974
vn -0.0726 -0.1946 -0.9782
vn -0.0726 -0.3817 -0.9214
vn -0.0726 -0.5541 -0.8293
vn -0.0726 -0.7052 -0.7052
vn -0.0726 -0.8293 -0.5541
vn -0.0726 -0.9214 -0.3817
vn -0.0726 -0.9782 -0.1946
vn -0.0726 -0.9974 -0.0000
vn -0.0726 -0.9782 0.1946
vn -0.0726 -0.9214 0.3817
vn -0.0726 -0.8293 0.5541
vn -0.0726 -0.7052 0.7052
vn -0.0726 -0.5541 0.8293
vn -0.0726 -0.3817 0.9214
vn -0.0726 -0.1946 0.9782
vn -0.0726 -0.0000 0.9974
vn -0.0726 0.1946 0.9782
vn -0.0726 0.3817 0.9214
vn -0.0726 0.5541 0.8293
vn -0.0726 0.7052 0.7052
vn -0.0726 0.8293 0.5541
vn -0.0726 0.9214 0.3817
vn -0.0726 0.9782 0.1946
vn -0.0726 0.9974 -0.0000
vn -0.0726 0.9782 -0.1946
vn -0.0726 0.9214 -0.3817
vn -0.0726 0.8293 -0.5541
vn -0.0726 0.7052 -0.7052
vn -0.0726 0.5541 -0.8293
vn -0.0726 0.3817 -0.9214
vn -0.0726 0.1946 -0.9782
vn 0.6364 0.2952 0.7127
vn 0.6364 -0.0000 0.7714
vn 0.6364 -0.7714 -0.0000
vn 0.6364 -0.7127 -0.2952
vn 0.6364 -0.0000 -0.7714
vn 0.6364 0.2952 -0.7127
vn 0.6364 0.7127 0.2952
vn 0.6364 0.5454 0.5454
vn 0.6364 -0.5454 0.5454
vn 0.6364 -0.7127 0.2952
vn 0.6364 0.7127 -0.2952
vn 0.6364 0.7714 -0.0000
vn 0.6364 -0.2952 -0.7127
vn 0.6364 -0.2952 0.7127
vn 0.6364 -0.5454 -0.5454
vn 0.6364 0.5454 -0.5454
vn 0.9991 -0.0082 -0.0414
vn 0.9991 0.0414 -0.0082
vn 0.9991 0.0082 0.0414
vn -0.5178 -0.1669 -0.8391
vn -0.5178 -0.0000 -0.8555
vn -0.5178 -0.3274 -0.7904
vn -0.5178 -0.4753 -0.7113
vn -0.5178 -0.6049 -0.6049
vn -0.5178 -0.7113 -0.4753
vn -0.5178 -0.7904 -0.3274
vn -0.5178 -0.8391 -0.1669
vn -0.5178 -0.8555 -0.0000
vn -0.5178 -0.8391 0.1669
vn -0.5178 -0.7904 0.3274
vn -0.5178 -0.7113 0.4753
vn -0.5178 -0.6049 0.6049
vn -0.5178 -0.4753 0.7113
vn -0.5178 -0.3274 0.7904
vn -0.5178 -0.1669 0.8391
vn -0.5178 -0.0000 0.8555
vn -0.5178 0.1669 0.8391
vn -0.5178 0.3274 0.7904
vn -0.5178 0.4753 0.7113
vn -0.5178 0.6049 0.6049
vn -0.5178 0.7113 0.4753
vn -0.5178 0.7904 0.3274
vn -0.5178 0.8391 0.1669
vn -0.5178 0.8555 -0.0000
vn -0.5178 0.8391 -0.1669
vn -0.5178 0.7904 -0.3274
vn -0.5178 0.7113 -0.4753
vn -0.5178 0.6049 -0.6049
vn -0.5178 0.4753 -0.7113
vn -0.5178 0.3274 -0.7904
vn -0.5178 0.1669 -0.8391
vn -0.8119 0.1139 0.5725
vn -0.8119 -0.0000 0.5837
vn -0.8120 0.2234 0.5393
vn -0.8119 0.3243 0.4854
vn -0.8119 0.4128 0.4128
vn -0.8119 0.4854 0.3243
vn -0.8119 0.5393 0.2234
vn -0.8119 0.5725 0.1139
vn -0.8120 0.5837 -0.0000
vn -0.8119 0.5725 -0.1139
vn -0.8119 0.5393 -0.2234
vn -0.8119 0.4854 -0.3243
vn -0.8119 0.4128 -0.4128
vn -0.8119 0.3243 -0.4854
vn -0.8120 0.2234 -0.5393
vn -0.8119 0.1139 -0.5725
vn -0.8119 -0.0000 -0.5837
vn -0.8119 -0.1139 -0.5725
vn -0.8119 -0.2234 -0.5393
vn -0.8119 -0.3243 -0.4854
vn -0.8119 -0.4128 -0.4128
vn -0.8120 -0.4853 -0.3243
vn -0.8119 -0.5393 -0.2234
vn -0.8119 -0.5725 -0.1139
vn -0.8119 -0.5837 -0.0000
vn -0.8119 -0.5725 0.1139
vn -0.8120 -0.5393 0.2234
vn -0.8119 -0.4854 0.3243
vn -0.8119 -0.4128 0.4128
vn -0.8119 -0.3243 0.4854
vn -0.8119 -0.2234 0.5393
vn -0.8119 -0.1139 0.5725
vn 0.5178 -0.0000 -0.8555
vn 0.5178 -0.1669 -0.8391
vn 0.5178 -0.3274 -0.7904
vn 0.5178 -0.4753 -0.7113
vn 0.5178 -0.6049 -0.6049
vn 0.5178 -0.7113 -0.4753
vn 0.5178 -0.7904 -0.3274
vn 0.5178 -0.8390 -0.1669
vn 0.5178 -0.8555 -0.0000
vn 0.5178 -0.8390 0.1669
vn 0.5178 -0.7904 0.3274
vn 0.5178 -0.7113 0.4753
vn 0.5178 -0.6049 0.6049
vn 0.5178 -0.4753 0.7113
vn 0.5178 -0.3274 0.7904
vn 0.5178 -0.1669 0.8391
vn 0.5178 -0.0000 0.8555
vn 0.5178 0.1669 0.8391
vn 0.5178 0.3274 0.7904
vn 0.5178 0.4753 0.7113
vn 0.5178 0.6049 0.6049
vn 0.5178 0.7113 0.4753
vn 0.5178 0.7904 0.3274
vn 0.5178 0.8391 0.1669
vn 0.5178 0.8555 -0.0000
vn 0.5178 0.8391 -0.1669
vn 0.5178 0.7904 -0.3274
vn 0.5178 0.7113 -0.4753
vn 0.5178 0.6049 -0.6049
vn 0.5178 0.4753 -0.7113
vn 0.5178 0.3274 -0.7904
vn 0.5178 0.1669 -0.8391
vn 0.8119 -0.0000 0.5837
vn 0.8119 0.1139 0.5725
vn 0.8119 0.2234 0.5393
vn 0.8119 0.3243 0.4854
vn 0.8119 0.4128 0.4128
vn 0.8119 0.4854 0.3243
vn 0.8119 0.5393 0.2234
vn 0.8119 0.5725 0.1139
vn 0.8119 0.5837 -0.0000
vn 0.8119 0.5725 -0.1139
vn 0.8120 0.5837 -0.0000
vn 0.8119 0.5393 -0.2234
vn 0.8119 0.4854 -0.3243
vn 0.8119 0.4128 -0.4128
vn 0.8119 0.3243 -0.4854
vn 0.8119 0.2234 -0.5393
vn 0.8119 0.1139 -0.5725
vn 0.8119 -0.0000 -0.5837
vn 0.8119 -0.1139 -0.5725
vn 0.8119 -0.2234 -0.5393
vn 0.8119 -0.3243 -0.4854
vn 0.8119 -0.4128 -0.4128
vn 0.8120 -0.4853 -0.3243
vn 0.8120 -0.5393 -0.2234
vn 0.8119 -0.5726 -0.1139
vn 0.8119 -0.5837 -0.0000
vn 0.8120 -0.5725 0.1139
vn 0.8119 -0.5393 0.2234
vn 0.8119 -0.4854 0.3243
vn 0.8119 -0.4128 0.4128
vn 0.8119 -0.3243 0.4853
vn 0.8119 -0.2234 0.5393
vn 0.8119 -0.1139 0.5725
vn 1.0000 0.0001 -0.0000
vn -0.9991 -0.0000 0.0422
vn -0.9991 0.0082 0.0414
vn -0.9991 0.0161 0.0390
vn -0.9991 0.0234 0.0351
vn -0.9991 0.0298 0.0298
vn -0.9991 0.0351 0.0234
vn -0.9991 0.0389 0.0162
vn -0.9991 0.0414 0.0082
vn -0.9991 0.0422 -0.0000
vn -0.9991 0.0414 -0.0082
vn -0.9991 0.0390 -0.0161
vn -0.9991 0.0351 -0.0234
vn -0.9991 0.0298 -0.0298
vn -0.9991 0.0234 -0.0351
vn -0.9991 0.0162 -0.0390
vn -0.9991 -0.0000 -0.0422
vn -0.9991 -0.0082 -0.0414
vn -0.9991 -0.0161 -0.0390
vn -0.9991 -0.0234 -0.0351
vn -0.9991 -0.0298 -0.0298
vn -0.9991 -0.0351 -0.0234
vn -0.9991 -0.0389 -0.0162
vn -0.9991 -0.0422 -0.0000
vn -0.9991 -0.0414 0.0082
vn -0.9991 -0.0390 0.0161
vn -0.9991 -0.0351 0.0234
vn -0.9991 -0.0298 0.0298
vn -0.9991 -0.0234 0.0351
vn -0.9991 -0.0162 0.0390
vn -1.0000 0.0001 -0.0000
vn 0.9991 -0.0000 0.0422
vn 0.9991 -0.0082 0.0414
vn 0.9991 -0.0161 0.0390
vn 0.9991 -0.0234 0.0351
vn 0.9991 -0.0298 0.0298
vn 0.9991 -0.0351 0.0234
vn 0.9991 -0.0390 0.0162
vn 0.9991 -0.0414 0.0082
vn 0.9991 -0.0422 -0.0000
vn 0.9991 -0.0413 -0.0082
vn 0.9991 -0.0390 -0.0161
vn 0.9991 -0.0351 -0.0234
vn 0.9991 -0.0298 -0.0298
vn 0.9991 -0.0234 -0.0351
vn 0.9991 -0.0162 -0.0389
vn 0.9991 -0.0000 -0.0422
vn 0.9991 0.0082 -0.0414
vn 0.9991 0.0161 -0.0390
vn 0.9991 0.0234 -0.0351
vn 0.9991 0.0298 -0.0298
vn 0.9991 0.0351 -0.0234
vn 0.9991 0.0390 -0.0162
vn 0.9991 0.0422 -0.0000
vn 0.9991 0.0414 0.0082
vn 0.9991 0.0390 0.0161
vn 0.9991 0.0351 0.0234
vn 0.9991 0.0298 0.0298
vn 0.9991 0.0234 0.0351
vn 0.9991 0.0162 0.0390
vt 0.053786 0.257065
vt 0.014298 0.225927
vt 0.053786 0.226405
vt 0.014298 0.194824
vt 0.053786 0.195805
vt 0.014298 0.163542
vt 0.053786 0.165291
vt 0.014298 0.131962
vt 0.053786 0.134958
vt 0.014298 0.100077
vt 0.053786 0.104844
vt 0.014298 0.067996
vt 0.053786 0.075093
vt 0.014298 0.036241
vt 0.053786 0.045647
vt 0.053786 0.016256
vt 0.014298 0.998209
vt 0.053786 0.963256
vt 0.053786 0.994125
vt 0.014298 0.966608
vt 0.053786 0.932733
vt 0.014298 0.935242
vt 0.053786 0.902124
vt 0.014298 0.904215
vt 0.053786 0.871431
vt 0.014298 0.873334
vt 0.053786 0.840796
vt 0.014298 0.842488
vt 0.053786 0.810118
vt 0.014298 0.811673
vt 0.053786 0.779340
vt 0.014298 0.780890
vt 0.053786 0.748663
vt 0.014298 0.750063
vt 0.053786 0.717909
vt 0.014298 0.719286
vt 0.053786 0.687221
vt 0.014298 0.688460
vt 0.053786 0.656462
vt 0.014298 0.657682
vt 0.053786 0.625765
vt 0.014298 0.626852
vt 0.053786 0.595008
vt 0.014298 0.596067
vt 0.053786 0.564321
vt 0.014298 0.565232
vt 0.053786 0.533613
vt 0.014298 0.534401
vt 0.053786 0.502826
vt 0.014298 0.472809
vt 0.053786 0.472102
vt 0.014298 0.441957
vt 0.053786 0.441409
vt 0.014298 0.411136
vt 0.053786 0.410635
vt 0.014298 0.380335
vt 0.053786 0.379904
vt 0.014298 0.349483
vt 0.053786 0.349222
vt 0.014298 0.318653
vt 0.053786 0.318484
vt 0.005455 0.033697
vt 0.000151 -0.000015
vt 0.005455 0.001811
vt 0.014298 0.287796
vt 0.053786 0.287762
vt 0.014298 0.256898
vt 0.463494 0.553512
vt 0.421844 0.562779
vt 0.423557 0.545512
vt 0.005455 0.099175
vt 0.000151 0.065623
vt 0.005455 0.066476
vt 0.005455 0.750400
vt 0.000151 0.719762
vt 0.005455 0.719587
vt 0.005455 0.472968
vt 0.000151 0.442160
vt 0.005455 0.442098
vt 0.005455 0.163274
vt 0.000151 0.131197
vt 0.005455 0.131450
vt 0.005455 0.873747
vt 0.000151 0.843129
vt 0.005455 0.842880
vt 0.005455 0.596305
vt 0.000151 0.565583
vt 0.005455 0.565448
vt 0.005455 0.318699
vt 0.000151 0.287837
vt 0.005455 0.287820
vt 0.005455 0.999683
vt 0.000151 0.967493
vt 0.005455 0.967222
vt 0.000151 0.688934
vt 0.005455 0.688753
vt 0.000151 0.411337
vt 0.005455 0.411269
vt 0.006623 0.131512
vt 0.006623 0.099286
vt 0.000151 0.812234
vt 0.005455 0.812029
vt 0.000151 0.534709
vt 0.005455 0.534598
vt 0.563731 0.884415
vt 0.523790 0.899746
vt 0.534796 0.913228
vt 0.000151 0.935928
vt 0.005455 0.935700
vt 0.000151 0.658110
vt 0.005455 0.657939
vt 0.000151 0.380501
vt 0.005455 0.380443
vt 0.000151 0.098713
vt 0.000151 0.781430
vt 0.005455 0.781227
vt 0.000151 0.503892
vt 0.005455 0.503785
vt 0.005455 0.225862
vt 0.000151 0.194635
vt 0.005455 0.194698
vt 0.000151 0.163156
vt 0.000151 0.904852
vt 0.005455 0.904629
vt 0.000151 0.627270
vt 0.005455 0.627117
vt 0.000151 0.349599
vt 0.005455 0.349563
vt 0.000151 0.032218
vt 0.000151 0.750595
vt 0.000151 0.473064
vt 0.006623 0.225869
vt 0.000151 0.873996
vt 0.000151 0.596431
vt 0.000151 0.318717
vt 0.716487 0.333055
vt 0.749904 0.329321
vt 0.720701 0.341124
vt 0.006623 0.256886
vt 0.006623 0.688714
vt 0.006623 0.657904
vt 0.006623 0.099286
vt 0.006623 0.066670
vt 0.006623 0.627083
vt 0.006623 0.066670
vt 0.006623 0.034029
vt 0.006623 0.596275
vt 0.006623 0.002254
vt 0.014298 0.005447
vt 0.006623 0.596275
vt 0.006623 0.565419
vt 0.006623 0.967151
vt 0.006623 0.534572
vt 0.006623 0.967151
vt 0.006623 0.935645
vt 0.006623 0.503762
vt 0.014298 0.503607
vt 0.006623 0.904577
vt 0.006623 0.503762
vt 0.006623 0.472946
vt 0.006623 0.873692
vt 0.006623 0.442082
vt 0.006623 0.842827
vt 0.006623 0.411253
vt 0.006623 0.811983
vt 0.006623 0.225869
vt 0.006623 0.194714
vt 0.006623 0.380430
vt 0.006623 0.781182
vt 0.000151 0.256903
vt 0.005455 0.256887
vt 0.006623 0.349554
vt 0.006623 0.750356
vt 0.006623 0.194714
vt 0.006623 0.163305
vt 0.006623 0.318694
vt 0.006623 0.719548
vt 0.006623 0.131512
vt 0.006623 0.287816
vt 0.006623 0.688714
vt 0.586352 0.850424
vt 0.550248 0.873345
vt 0.570976 0.842234
vt 0.500824 0.935755
vt 0.458154 0.934596
vt 0.492675 0.920414
vt 0.423185 0.959079
vt 0.463144 0.951220
vt 0.423185 0.959079
vt 0.384191 0.941730
vt 0.421521 0.941804
vt 0.342525 0.951010
vt 0.382462 0.958998
vt 0.304920 0.935405
vt 0.347591 0.934412
vt 0.342525 0.951010
vt 0.271097 0.912743
vt 0.313111 0.920115
vt 0.304920 0.935405
vt 0.271097 0.912743
vt 0.255742 0.872914
vt 0.282109 0.899331
vt 0.242331 0.883922
vt 0.235040 0.841860
vt 0.204175 0.812417
vt 0.219738 0.850044
vt 0.196247 0.772478
vt 0.220773 0.807373
vt 0.204175 0.812417
vt 0.196219 0.731760
vt 0.213515 0.770772
vt 0.196247 0.772478
vt 0.204134 0.691809
vt 0.213493 0.733444
vt 0.196219 0.731760
vt 0.219665 0.654109
vt 0.220767 0.696829
vt 0.204134 0.691809
vt 0.219665 0.654109
vt 0.255769 0.631196
vt 0.235039 0.662294
vt 0.271256 0.591331
vt 0.242297 0.620122
vt 0.271256 0.591331
vt 0.313360 0.584139
vt 0.282250 0.604832
vt 0.342889 0.553299
vt 0.305227 0.568786
vt 0.382839 0.545448
vt 0.347883 0.569922
vt 0.342889 0.553299
vt 0.382669 0.543694
vt 0.426310 0.517959
vt 0.423731 0.543758
vt 0.423557 0.545512
vt 0.384519 0.562722
vt 0.382839 0.545449
vt 0.501115 0.569126
vt 0.458439 0.570114
vt 0.534955 0.591794
vt 0.492909 0.584411
vt 0.563729 0.620625
vt 0.523918 0.605190
vt 0.534955 0.591794
vt 0.586334 0.654508
vt 0.550291 0.631613
vt 0.586334 0.654508
vt 0.585302 0.697149
vt 0.571016 0.662667
vt 0.609820 0.732068
vt 0.601904 0.692135
vt 0.609820 0.732068
vt 0.592542 0.771073
vt 0.592551 0.733748
vt 0.601895 0.812735
vt 0.609814 0.772783
vt 0.586352 0.850424
vt 0.585266 0.807698
vt 0.601895 0.812735
vt 0.000151 0.225833
vt 0.565102 0.885541
vt 0.552341 0.934765
vt 0.535914 0.914598
vt 0.269978 0.914105
vt 0.291845 0.959810
vt 0.253507 0.934131
vt 0.464008 0.551825
vt 0.471562 0.527013
vt 0.220910 0.901470
vt 0.240968 0.885039
vt 0.464008 0.551825
vt 0.514196 0.544711
vt 0.501948 0.567572
vt 0.195308 0.863081
vt 0.218183 0.850875
vt 0.552551 0.570399
vt 0.536076 0.590432
vt 0.202489 0.812929
vt 0.177678 0.820444
vt 0.565094 0.619508
vt 0.585158 0.603072
vt 0.168693 0.775197
vt 0.194493 0.772651
vt 0.610769 0.641468
vt 0.587890 0.653678
vt 0.168661 0.729075
vt 0.194465 0.731589
vt 0.587890 0.653678
vt 0.628403 0.684113
vt 0.603591 0.691625
vt 0.177590 0.683815
vt 0.202444 0.691299
vt 0.587914 0.851255
vt 0.585287 0.902122
vt 0.565102 0.885541
vt 0.637372 0.729362
vt 0.611574 0.731896
vt 0.202444 0.691299
vt 0.195128 0.641071
vt 0.218103 0.653278
vt 0.535914 0.914598
vt 0.513797 0.960251
vt 0.501651 0.937314
vt 0.637372 0.775480
vt 0.611569 0.772955
vt 0.240926 0.618996
vt 0.220749 0.602414
vt 0.471103 0.977749
vt 0.463651 0.952909
vt 0.628432 0.820733
vt 0.603584 0.813246
vt 0.253710 0.569785
vt 0.270139 0.589960
vt 0.463651 0.952909
vt 0.425839 0.986639
vt 0.423354 0.960834
vt 0.603584 0.813246
vt 0.610888 0.863461
vt 0.270139 0.589960
vt 0.292246 0.544296
vt 0.304400 0.567227
vt 0.382287 0.960752
vt 0.379705 0.986554
vt 0.500824 0.935755
vt 0.534796 0.913228
vt 0.304400 0.567227
vt 0.334925 0.526782
vt 0.342382 0.551611
vt 0.334460 0.977502
vt 0.342011 0.952697
vt 0.342382 0.551611
vt 0.380179 0.517889
vt 0.342011 0.952697
vt 0.304087 0.936959
vt 0.863015 0.074290
vt 0.903727 0.037796
vt 0.894997 0.075179
vt 0.891770 0.236221
vt 0.850982 0.272629
vt 0.859788 0.235331
vt 0.812151 0.051902
vt 0.856904 0.036150
vt 0.921850 0.224849
vt 0.897734 0.274343
vt 0.809124 0.107696
vt 0.832744 0.085335
vt 0.945245 0.202703
vt 0.942242 0.258169
vt 0.796685 0.137481
vt 0.776400 0.084619
vt 0.958023 0.173130
vt 0.977867 0.225519
vt 0.796333 0.169632
vt 0.758381 0.129597
vt 0.996244 0.133503
vt 0.996316 0.180857
vt 0.808188 0.199520
vt 0.758381 0.177023
vt 0.958371 0.140980
vt 0.978607 0.090147
vt 0.830561 0.222472
vt 0.775934 0.220443
vt 0.924351 0.088047
vt 0.946323 0.056608
vt 0.946525 0.111201
vt 0.808464 0.253737
vt 0.828849 0.144378
vt 0.836467 0.126654
vt 0.918221 0.183770
vt 0.904191 0.197016
vt 0.850413 0.113320
vt 0.886131 0.203968
vt 0.868503 0.106560
vt 0.866846 0.203524
vt 0.887889 0.107057
vt 0.849179 0.195717
vt 0.905608 0.114858
vt 0.919025 0.128817
vt 0.835734 0.181781
vt 0.926141 0.146792
vt 0.828629 0.163747
vt 0.925877 0.166117
vt 0.714998 0.632172
vt 0.666570 0.638891
vt 0.687532 0.613604
vt 0.745555 0.645060
vt 0.699339 0.661050
vt 0.778051 0.651771
vt 0.735792 0.676440
vt 0.811258 0.652043
vt 0.774561 0.684473
vt 0.843918 0.645845
vt 0.814188 0.684834
vt 0.874783 0.633386
vt 0.853182 0.677487
vt 0.902666 0.615098
vt 0.890072 0.662674
vt 0.926445 0.591654
vt 0.923459 0.640893
vt 0.945065 0.563948
vt 0.952032 0.612872
vt 0.957857 0.533162
vt 0.974268 0.579601
vt 0.964375 0.500523
vt 0.989476 0.542754
vt 0.964410 0.467285
vt 0.997189 0.503757
vt 0.957986 0.434708
vt 0.997175 0.464081
vt 0.945369 0.404022
vt 0.989472 0.425213
vt 0.952512 0.355648
vt 0.974392 0.388611
vt 0.903706 0.352844
vt 0.927044 0.376388
vt 0.891902 0.305403
vt 0.924666 0.327559
vt 0.845693 0.321391
vt 0.876244 0.334275
vt 0.813202 0.314678
vt 0.855455 0.290015
vt 0.777074 0.281620
vt 0.816692 0.281983
vt 0.747348 0.320601
vt 0.780001 0.314405
vt 0.701203 0.303767
vt 0.738088 0.288963
vt 0.688606 0.351337
vt 0.639237 0.353550
vt 0.667817 0.325543
vt 0.646205 0.402478
vt 0.664827 0.374768
vt 0.601785 0.423664
vt 0.617005 0.386823
vt 0.626873 0.465899
vt 0.633400 0.433264
vt 0.594061 0.502334
vt 0.594061 0.462656
vt 0.633247 0.531719
vt 0.626829 0.499139
vt 0.616836 0.577823
vt 0.601755 0.541209
vt 0.664195 0.590054
vt 0.645866 0.562412
vt 0.638719 0.610797
vt 0.810962 0.433508
vt 0.845349 0.498577
vt 0.780288 0.532923
vt 0.919392 0.585809
vt 0.937028 0.559623
vt 0.694340 0.358443
vt 0.949148 0.530505
vt 0.671870 0.380615
vt 0.955333 0.499618
vt 0.654247 0.406803
vt 0.955378 0.468156
vt 0.642111 0.435917
vt 0.949306 0.437320
vt 0.635915 0.466805
vt 0.937367 0.408272
vt 0.719320 0.624211
vt 0.635861 0.498270
vt 0.920022 0.382105
vt 0.748249 0.636411
vt 0.641932 0.529111
vt 0.897927 0.359815
vt 0.779014 0.642756
vt 0.653869 0.558166
vt 0.871928 0.342235
vt 0.810445 0.643005
vt 0.671217 0.584334
vt 0.843000 0.330041
vt 0.841358 0.637123
vt 0.693313 0.606632
vt 0.812243 0.323691
vt 0.870566 0.625317
vt 0.780813 0.323445
vt 0.896928 0.607996
vt 0.765395 0.539121
vt 0.755067 0.532140
vt 0.776884 0.543948
vt 0.789098 0.546446
vt 0.813803 0.544148
vt 0.801561 0.546508
vt 0.825337 0.539439
vt 0.835736 0.532570
vt 0.851557 0.513475
vt 0.844589 0.523804
vt 0.856376 0.501988
vt 0.858920 0.477320
vt 0.858862 0.489780
vt 0.856546 0.465085
vt 0.851834 0.453546
vt 0.844953 0.443152
vt 0.836185 0.434293
vt 0.814364 0.422483
vt 0.825854 0.427320
vt 0.802156 0.419989
vt 0.789690 0.419921
vt 0.777456 0.422292
vt 0.755519 0.433865
vt 0.765920 0.426998
vt 0.746667 0.442627
vt 0.739694 0.452948
vt 0.734871 0.464440
vt 0.732331 0.489117
vt 0.732384 0.476653
vt 0.734702 0.501348
vt 0.739427 0.512883
vt 0.746299 0.523281
vt 0.762429 0.523253
vt 0.770883 0.528967
vt 0.790290 0.534964
vt 0.800491 0.535017
vt 0.819952 0.529229
vt 0.810509 0.533085
vt 0.828463 0.523608
vt 0.835707 0.516434
vt 0.841408 0.507982
vt 0.847385 0.488586
vt 0.847430 0.478387
vt 0.845485 0.468373
vt 0.841626 0.458928
vt 0.835995 0.450423
vt 0.828816 0.443174
vt 0.820362 0.437466
vt 0.790763 0.431412
vt 0.800966 0.431465
vt 0.780752 0.433351
vt 0.771313 0.437201
vt 0.762801 0.442818
vt 0.755555 0.449988
vt 0.749849 0.458436
vt 0.745902 0.467843
vt 0.743865 0.477833
vt 0.743819 0.488033
vt 0.749627 0.507491
vt 0.745762 0.498048
vt 0.755253 0.516001
vt 0.859342 0.180971
vt 0.850762 0.172030
vt 0.908367 0.162146
vt 0.903512 0.173433
vt 0.883877 0.124502
vt 0.895232 0.129454
vt 0.846253 0.160562
vt 0.846347 0.148294
vt 0.894574 0.181845
vt 0.883096 0.186295
vt 0.851164 0.137030
vt 0.860009 0.128510
vt 0.903861 0.138342
vt 0.870697 0.186027
vt 0.908475 0.149822
vt 0.871531 0.124229
vt 0.584810 0.375000
vt 0.312500 0.406250
vt 0.312500 0.375000
vt 0.584810 0.406250
vt 0.312500 0.437500
vt 0.584810 0.437500
vt 0.312500 0.468750
vt 0.584810 0.468750
vt 0.312500 0.500000
vt 0.312500 0.000000
vt 0.584810 0.031250
vt 0.312500 0.031250
vt 0.312500 0.062500
vt 0.584810 0.062500
vt 0.312500 0.093750
vt 0.584810 0.125000
vt 0.312500 0.125000
vt 0.312500 0.156250
vt 0.584810 0.156250
vt 0.312500 0.187500
vt 0.584810 0.187500
vt 0.312500 0.218750
vt 0.584810 0.218750
vt 0.312500 0.250000
vt 0.584810 0.250000
vt 0.312500 0.281250
vt 0.584810 0.281250
vt 0.312500 0.312500
vt 0.584810 0.312500
vt 0.312500 0.343750
vt 0.584810 0.343750
vt 0.755375 0.119200
vt 0.663137 0.180832
vt 0.601506 0.088594
vt 0.157276 0.500000
vt 0.168035 0.000000
vt 0.168035 0.500000
vt 0.146517 0.500000
vt 0.157276 0.000000
vt 0.135759 0.500000
vt 0.146517 0.000000
vt 0.125000 0.500000
vt 0.135759 0.000000
vt 0.286380 0.500000
vt 0.297139 0.000000
vt 0.297139 0.500000
vt 0.275621 0.500000
vt 0.286380 0.000000
vt 0.264863 0.500000
vt 0.275621 0.000000
vt 0.254104 0.500000
vt 0.264863 0.000000
vt 0.243345 0.500000
vt 0.254104 0.000000
vt 0.232587 0.500000
vt 0.243345 0.000000
vt 0.221828 0.500000
vt 0.232587 0.000000
vt 0.211069 0.500000
vt 0.221828 0.000000
vt 0.200311 0.500000
vt 0.211069 0.000000
vt 0.189552 0.500000
vt 0.200311 0.000000
vt 0.178793 0.500000
vt 0.189552 0.000000
vt 0.178793 0.000000
vt 0.006623 0.131512
vt 0.006623 0.287816
vt 0.006623 0.657904
vt 0.006623 0.627083
vt 0.006623 0.066670
vt 0.006623 0.627083
vt 0.006623 0.002254
vt 0.006623 0.565419
vt 0.006623 0.967151
vt 0.006623 0.565419
vt 0.006623 0.967151
vt 0.006623 0.503762
vt 0.006623 0.935645
vt 0.006623 0.873692
vt 0.006623 0.442082
vt 0.006623 0.411253
vt 0.006623 0.842827
vt 0.006623 0.256886
vt 0.006623 0.380430
vt 0.006623 0.781182
vt 0.006623 0.194714
vt 0.006623 0.349554
vt 0.006623 0.750356
vt 0.006623 0.163305
vt 0.006623 0.318694
vt 0.006623 0.719548
vt 0.006623 0.163305
vt 0.006623 0.287816
vt 0.006623 0.688714
vt 0.563731 0.884415
vt 0.463144 0.951220
vt 0.463144 0.951220
vt 0.242331 0.883921
vt 0.271097 0.912743
vt 0.196219 0.731760
vt 0.204134 0.691809
vt 0.242297 0.620122
vt 0.271256 0.591331
vt 0.305227 0.568786
vt 0.382839 0.545448
vt 0.382839 0.545449
vt 0.534955 0.591794
vt 0.501115 0.569126
vt 0.563729 0.620625
vt 0.586334 0.654508
vt 0.601904 0.692135
vt 0.586334 0.654508
vt 0.609820 0.732068
vt 0.609814 0.772783
vt 0.601895 0.812735
vt 0.218103 0.653278
vt 0.584810 0.500000
vt 0.584810 0.000000
vt 0.584810 0.093750
vt 0.722020 0.169119
vt 0.743662 0.060317
vt 0.634861 0.038675
vt 0.006623 0.034029
vt 0.006623 0.935645
vt 0.006623 0.873692
vt 0.006623 0.842827
vt 0.006623 0.750356
vt 0.006623 0.719548
vt 0.006623 0.657904
vt 0.006623 0.565419
vt 0.006623 0.534572
vt 0.006623 0.472946
vt 0.006623 0.442082
vt 0.006623 0.380430
vt 0.006623 0.287816
vt 0.219738 0.850044
vt 0.609814 0.772783
vt 0.006623 0.225869
vt 0.006623 0.225869
vt 0.006623 0.131512
vt 0.006623 0.099286
vt 0.006623 0.034029
vt 0.006623 0.935645
vt 0.006623 0.904577
vt 0.006623 0.904577
vt 0.006623 0.842827
vt 0.006623 0.811983
vt 0.006623 0.781182
vt 0.006623 0.750356
vt 0.006623 0.719548
vt 0.006623 0.596275
vt 0.006623 0.534572
vt 0.006623 0.472946
vt 0.006623 0.442082
vt 0.006623 0.256886
vt 0.000151 0.999983
vt 0.006623 0.256886
vt 0.006623 0.999549
vt 0.006623 0.904577
vt 0.006623 0.411253
vt 0.006623 0.811983
vt 0.006623 0.781182
vt 0.006623 0.163305
vt 0.006623 0.318694
vt 0.601904 0.692135
vt 0.613219 0.060317
vt 0.663137 0.026963
vt 0.693744 0.026963
vt 0.722020 0.038675
vt 0.755375 0.088594
vt 0.743662 0.147477
vt 0.693744 0.180832
vt 0.634861 0.169119
vt 0.613219 0.147477
vt 0.601506 0.119200
vt 0.125000 0.000000
vt 0.006623 0.688714
vt 0.006623 0.099286
vt 0.006623 0.657904
vt 0.006623 0.034029
vt 0.006623 0.596275
vt 0.006623 0.999549
vt 0.006623 0.534572
vt 0.006623 0.472946
vt 0.006623 0.411253
vt 0.006623 0.811983
vt 0.006623 0.194714
vt 0.006623 0.349554
vt 0.006623 0.318694
s 1
usemtl WheelPair
f 65/1/1 2/2/2 66/3/2
f 66/3/2 3/4/3 67/5/3
f 67/5/3 4/6/4 68/7/4
f 68/7/4 5/8/5 69/9/5
f 69/9/5 6/10/6 70/11/6
f 70/11/6 7/12/7 71/13/7
f 71/13/7 8/14/8 72/15/8
f 8/14/8 73/16/9 72/15/8
f 9/17/9 74/18/10 73/19/9
f 10/20/10 75/21/11 74/18/10
f 11/22/11 76/23/12 75/21/11
f 12/24/12 77/25/13 76/23/12
f 13/26/13 78/27/14 77/25/13
f 14/28/14 79/29/15 78/27/14
f 15/30/15 80/31/16 79/29/15
f 16/32/16 81/33/17 80/31/16
f 17/34/17 82/35/18 81/33/17
f 18/36/18 83/37/19 82/35/18
f 19/38/19 84/39/20 83/37/19
f 20/40/20 85/41/21 84/39/20
f 21/42/21 86/43/22 85/41/21
f 22/44/22 87/45/23 86/43/22
f 23/46/23 88/47/24 87/45/23
f 24/48/24 89/49/25 88/47/24
f 89/49/25 26/50/26 90/51/26
f 90/51/26 27/52/27 91/53/27
f 91/53/27 28/54/28 92/55/28
f 92/55/28 29/56/29 93/57/29
f 93/57/29 30/58/30 94/59/30
f 94/59/30 31/60/31 95/61/31
f 783/62/32 169/63/33 785/64/33
f 95/61/31 32/65/34 96/66/34
f 96/66/34 1/67/1 65/1/1
f 750/68/35 118/69/36 748/70/36
f 779/71/37 167/72/38 781/73/38
f 801/74/39 178/75/40 803/76/40
f 819/77/41 187/78/42 821/79/42
f 775/80/43 165/81/44 777/82/44
f 793/83/45 174/84/46 795/85/46
f 811/86/47 183/87/48 813/88/48
f 829/89/49 192/90/50 831/91/50
f 785/92/33 170/93/51 787/94/51
f 803/76/40 179/95/52 805/96/52
f 821/79/42 188/97/53 823/98/53
f 6/10/54 778/99/55 780/100/56
f 795/85/46 175/101/57 797/102/57
f 813/88/48 184/103/58 815/104/58
f 834/105/59 466/106/60 835/107/60
f 787/94/51 171/108/61 789/109/61
f 805/96/52 180/110/62 807/111/62
f 823/98/53 189/112/63 825/113/63
f 777/82/44 166/114/37 779/71/37
f 797/102/57 176/115/64 799/116/64
f 815/104/58 185/117/65 817/118/65
f 769/119/66 163/120/67 773/121/67
f 773/121/67 164/122/43 775/80/43
f 789/109/61 172/123/68 791/124/68
f 807/111/62 181/125/69 809/126/69
f 825/113/63 190/127/70 827/128/70
f 781/73/38 168/129/32 783/62/32
f 799/116/64 177/130/39 801/74/39
f 817/118/65 186/131/41 819/77/41
f 1/67/71 770/132/72 2/2/72
f 791/124/68 173/133/45 793/83/45
f 809/126/69 182/134/47 811/86/47
f 827/128/70 191/135/49 829/89/49
f 55/136/73 246/137/74 247/138/73
f 32/65/75 771/139/71 1/67/71
f 20/40/76 806/140/77 808/141/76
f 7/12/78 780/142/56 782/143/78
f 20/40/76 810/144/79 21/42/79
f 8/14/80 782/145/78 784/146/80
f 21/42/79 812/147/81 22/44/81
f 8/14/80 786/148/82 9/149/82
f 23/46/83 812/150/81 814/151/83
f 9/17/82 788/152/84 10/20/84
f 23/46/83 816/153/85 24/48/85
f 11/22/86 788/154/84 790/155/86
f 24/48/85 818/156/87 25/157/87
f 11/22/86 792/158/88 12/24/88
f 26/50/89 818/159/87 820/160/89
f 12/24/88 794/161/90 13/26/90
f 26/50/89 822/162/91 27/52/91
f 13/26/90 796/163/92 14/28/92
f 27/52/91 824/164/93 28/54/94
f 14/28/92 798/165/95 15/30/95
f 3/4/96 770/166/72 774/167/96
f 28/54/94 826/168/97 29/56/97
f 15/30/95 800/169/98 16/32/98
f 831/91/50 162/170/99 772/171/99
f 29/56/97 828/172/100 30/58/100
f 16/32/98 802/173/101 17/34/101
f 4/6/102 774/174/96 776/175/102
f 30/58/100 830/176/103 31/60/103
f 17/34/101 804/177/104 18/36/104
f 4/6/102 778/178/55 5/8/55
f 31/60/103 832/179/75 32/65/75
f 18/36/104 806/180/77 19/38/77
f 768/181/105 97/182/106 128/183/105
f 710/184/107 100/185/108 99/186/107
f 714/187/109 100/185/108 712/188/108
f 714/189/109 102/190/110 101/191/109
f 718/192/111 102/190/110 716/193/110
f 720/194/112 103/195/111 718/196/111
f 722/197/113 104/198/112 720/199/112
f 722/200/113 106/201/114 105/202/113
f 724/203/114 107/204/115 106/201/114
f 728/205/116 107/204/115 726/206/115
f 730/207/117 108/208/116 728/209/116
f 732/210/118 109/211/117 730/212/117
f 734/213/119 110/214/118 732/215/118
f 736/216/120 111/217/119 734/218/119
f 736/219/120 113/220/121 112/221/120
f 740/222/122 113/220/121 738/223/121
f 740/224/122 115/225/123 114/226/122
f 744/227/124 115/225/123 742/228/123
f 746/229/125 116/230/124 744/231/124
f 745/232/126 86/233/126 747/234/126
f 748/235/36 117/236/125 746/237/125
f 752/238/127 119/239/35 750/68/35
f 754/240/128 120/241/127 752/238/127
f 756/242/129 121/243/128 754/244/128
f 758/245/130 122/246/129 756/242/129
f 758/247/130 124/248/131 123/249/130
f 762/250/132 124/248/131 760/251/131
f 762/252/132 126/253/133 125/254/132
f 766/255/134 126/253/133 764/256/133
f 768/257/105 127/258/134 766/259/134
f 772/171/99 161/260/66 769/119/66
f 706/261/126 66/262/126 707/263/126
f 721/264/126 72/265/126 73/266/126
f 749/267/126 86/233/126 87/268/126
f 721/264/126 74/269/126 723/270/126
f 749/271/126 88/272/126 751/273/126
f 723/270/126 75/274/126 725/275/126
f 751/273/126 89/276/126 753/277/126
f 727/278/126 75/274/126 76/279/126
f 755/280/126 89/276/126 90/281/126
f 727/278/126 77/282/126 729/283/126
f 755/280/126 91/284/126 757/285/126
f 729/283/126 78/286/126 731/287/126
f 757/288/126 92/289/126 759/290/126
f 731/287/126 79/291/126 733/292/126
f 767/293/126 65/294/126 706/295/126
f 759/290/126 93/296/126 761/297/126
f 733/298/126 80/299/126 735/300/126
f 707/301/126 67/302/126 709/303/126
f 761/297/126 94/304/126 763/305/126
f 737/306/126 80/299/126 81/307/126
f 709/303/126 68/308/126 711/309/126
f 763/305/126 95/310/126 765/311/126
f 737/306/126 82/312/126 739/313/126
f 711/314/126 69/315/126 713/316/126
f 765/317/126 96/318/126 767/293/126
f 739/319/126 83/320/126 741/321/126
f 715/322/126 69/315/126 70/323/126
f 710/324/107 98/106/135 708/325/135
f 741/326/126 84/327/126 743/328/126
f 715/322/126 71/329/126 717/330/126
f 743/331/126 85/332/126 745/232/126
f 717/333/126 72/265/126 719/334/126
f 303/335/136 129/336/137 304/337/137
f 295/338/138 137/339/139 296/340/139
f 303/335/136 131/341/140 130/342/136
f 294/343/141 138/344/138 295/338/138
f 301/345/142 131/341/140 302/346/140
f 293/347/143 139/348/141 294/343/141
f 300/349/144 132/350/142 301/345/142
f 292/351/145 140/352/143 293/347/143
f 299/353/146 133/354/144 300/349/144
f 292/351/145 142/355/147 141/356/145
f 298/357/148 134/358/146 299/353/146
f 291/359/147 143/360/149 142/355/147
f 297/361/150 135/362/148 298/357/148
f 289/363/151 129/336/137 144/364/151
f 289/363/151 143/360/149 290/365/149
f 296/340/139 136/366/150 297/361/150
f 309/367/126 301/345/126 308/368/126
f 316/369/126 294/343/126 315/370/126
f 308/368/126 302/346/126 307/371/126
f 315/370/126 295/338/126 314/372/126
f 306/373/126 302/346/126 303/335/126
f 313/374/126 295/338/126 296/340/126
f 306/373/126 304/337/126 305/375/126
f 313/374/126 297/361/126 312/376/126
f 320/377/126 290/365/126 319/378/126
f 305/375/126 289/363/126 320/377/126
f 311/379/126 297/361/126 298/357/126
f 319/378/126 291/359/126 318/380/126
f 311/379/126 299/353/126 310/381/126
f 317/382/126 291/359/126 292/351/126
f 310/381/126 300/349/126 309/367/126
f 33/383/152 162/384/152 34/385/152
f 35/386/152 161/387/152 33/383/152
f 36/388/152 163/389/152 35/386/152
f 37/390/152 164/391/152 36/388/152
f 38/392/152 165/393/152 37/390/152
f 39/394/152 166/395/152 38/392/152
f 40/396/152 167/397/152 39/394/152
f 41/398/152 168/399/152 40/396/152
f 42/400/152 169/401/152 41/398/152
f 43/402/152 170/403/152 42/400/152
f 44/404/152 171/405/152 43/402/152
f 45/406/152 172/407/152 44/404/152
f 46/408/152 173/409/152 45/406/152
f 47/410/152 174/411/152 46/408/152
f 47/410/152 176/412/152 175/413/152
f 49/414/152 176/412/152 48/415/152
f 49/414/152 178/416/152 177/417/152
f 51/418/152 178/416/152 50/419/152
f 52/420/152 179/421/152 51/418/152
f 52/420/152 181/422/152 180/423/152
f 54/424/152 181/422/152 53/425/152
f 54/424/152 183/426/152 182/427/152
f 56/428/152 183/426/152 55/136/152
f 56/428/152 185/429/152 184/430/152
f 58/431/152 185/429/152 57/432/152
f 58/431/152 187/433/152 186/434/152
f 60/435/152 187/433/152 59/436/152
f 60/435/152 189/437/152 188/438/152
f 62/439/152 189/437/152 61/440/152
f 62/439/152 191/441/152 190/442/152
f 64/443/152 191/441/152 63/444/152
f 34/385/152 192/445/152 64/443/152
f 211/446/152 203/447/152 195/448/152
f 42/400/153 233/449/154 234/450/153
f 55/136/73 248/451/155 56/428/155
f 42/400/153 235/452/156 43/402/156
f 56/428/155 249/453/157 57/432/157
f 43/402/156 236/454/158 44/404/159
f 57/432/157 250/455/160 58/431/160
f 44/404/159 237/456/161 45/406/161
f 58/431/160 251/457/162 59/436/162
f 46/408/163 237/456/161 238/458/163
f 60/435/164 251/457/162 252/459/164
f 47/410/165 238/458/163 239/460/165
f 34/385/166 225/461/167 33/383/167
f 61/440/168 252/459/164 253/462/168
f 48/415/169 239/460/165 240/463/169
f 33/383/167 227/464/170 35/386/170
f 61/440/168 254/465/171 62/439/171
f 48/415/169 241/466/172 49/414/172
f 35/386/170 228/467/173 36/388/173
f 63/444/174 254/465/171 255/468/174
f 50/419/175 241/466/172 242/469/175
f 36/388/173 229/470/176 37/390/176
f 63/444/174 256/471/177 64/443/177
f 50/419/175 243/472/178 51/418/178
f 37/390/176 230/473/179 38/392/179
f 64/443/177 226/474/166 34/385/166
f 51/418/178 244/475/180 52/420/180
f 38/392/179 231/476/181 39/394/181
f 52/420/180 245/477/182 53/425/183
f 39/394/181 232/478/184 40/396/184
f 53/425/183 246/137/74 54/424/74
f 40/396/184 233/449/154 41/398/154
f 257/479/185 226/474/186 258/480/186
f 259/481/187 225/461/185 257/479/185
f 260/482/188 227/464/187 259/481/187
f 260/482/188 229/470/189 228/467/188
f 262/483/190 229/470/189 261/484/189
f 263/485/191 230/473/190 262/483/190
f 264/486/192 231/476/191 263/485/191
f 264/486/192 233/449/193 232/478/192
f 266/487/194 233/449/193 265/488/193
f 267/489/195 234/450/194 266/487/194
f 267/489/195 236/454/196 235/452/195
f 269/490/197 236/454/196 268/491/196
f 270/492/198 237/456/197 269/490/197
f 271/493/199 238/458/198 270/492/198
f 272/494/200 239/460/199 271/493/199
f 273/495/201 240/463/200 272/494/200
f 273/495/201 242/469/202 241/466/201
f 275/496/203 242/469/202 274/497/202
f 276/498/204 243/472/203 275/496/203
f 277/499/205 244/475/204 276/498/204
f 278/500/206 245/477/205 277/499/205
f 278/500/206 247/138/207 246/137/206
f 280/501/208 247/138/207 279/502/207
f 281/503/209 248/451/210 280/501/208
f 282/504/211 249/453/209 281/503/209
f 283/505/212 250/455/211 282/504/211
f 283/505/212 252/459/213 251/457/212
f 285/506/214 252/459/213 284/507/213
f 286/508/215 253/462/214 285/506/214
f 287/509/216 254/465/215 286/508/215
f 287/509/216 256/471/217 255/468/216
f 258/480/186 256/471/217 288/510/217
f 194/511/218 257/479/219 258/480/218
f 193/512/219 259/481/220 257/479/219
f 196/513/221 259/481/220 195/448/220
f 197/514/222 260/482/221 196/513/221
f 197/514/222 262/483/223 261/484/222
f 199/515/224 262/483/223 198/516/223
f 200/517/225 263/485/224 199/515/224
f 201/518/226 264/486/225 200/517/225
f 202/519/227 265/488/226 201/518/226
f 203/447/228 266/487/227 202/519/227
f 204/520/229 267/489/228 203/447/228
f 205/521/230 268/491/229 204/520/229
f 206/522/231 269/490/230 205/521/230
f 207/523/232 270/492/231 206/522/231
f 208/524/233 271/493/232 207/523/232
f 209/525/234 272/494/233 208/524/233
f 210/526/235 273/495/234 209/525/234
f 211/446/236 274/497/235 210/526/235
f 211/446/236 276/498/237 275/496/236
f 213/527/238 276/498/237 212/528/237
f 214/529/239 277/499/238 213/527/238
f 215/530/240 278/500/239 214/529/239
f 216/531/241 279/502/240 215/530/240
f 216/531/241 281/503/242 280/501/241
f 217/532/242 282/504/243 281/503/242
f 218/533/243 283/505/244 282/504/243
f 219/534/244 284/507/245 283/505/244
f 220/535/245 285/506/246 284/507/245
f 221/536/246 286/508/247 285/506/246
f 223/537/248 286/508/247 222/538/247
f 224/539/249 287/509/248 223/537/248
f 224/539/249 258/480/218 288/510/249
f 317/382/126 293/347/126 316/369/126
f 338/540/250 311/379/251 340/541/251
f 328/542/252 316/369/253 330/543/253
f 352/544/254 320/377/255 322/545/255
f 342/546/256 309/367/257 344/547/257
f 332/548/258 314/372/259 334/549/259
f 346/550/260 307/371/261 348/551/261
f 324/552/262 320/377/255 319/378/262
f 336/553/263 312/376/250 338/540/250
f 328/542/252 318/380/264 317/382/252
f 352/544/254 306/373/265 305/375/254
f 340/541/251 310/381/256 342/546/256
f 330/543/253 315/370/258 332/548/258
f 344/547/257 308/368/260 346/550/260
f 334/549/259 313/374/263 336/553/263
f 324/552/262 318/380/264 326/554/264
f 350/555/265 307/371/261 306/373/265
f 322/556/99 323/557/67 321/558/99
f 324/559/67 325/560/44 323/557/67
f 326/561/44 327/562/38 325/560/44
f 328/563/38 329/564/33 327/562/38
f 329/565/33 332/566/61 331/567/61
f 332/566/61 333/568/45 331/567/61
f 334/569/45 335/570/57 333/568/45
f 335/570/57 338/571/39 337/572/39
f 338/571/39 339/573/52 337/572/39
f 340/574/52 341/575/69 339/573/52
f 342/576/69 343/577/48 341/575/69
f 344/578/48 345/579/65 343/577/48
f 346/580/65 347/581/42 345/579/65
f 348/582/42 349/583/63 347/581/42
f 350/584/63 351/585/49 349/583/63
f 352/586/49 321/558/99 351/585/49
f 335/587/126 343/588/126 351/589/126
f 112/221/266 120/241/267 128/183/268
f 354/590/67 145/591/269 353/592/99
f 355/593/44 146/594/270 354/590/67
f 356/595/38 147/596/271 355/593/44
f 357/597/33 148/598/272 356/595/38
f 358/599/61 149/600/273 357/601/33
f 359/602/45 150/603/274 358/599/61
f 360/604/57 151/605/275 359/602/45
f 361/606/39 152/607/276 360/604/57
f 362/608/52 153/609/277 361/606/39
f 363/610/69 154/611/278 362/608/52
f 364/612/48 155/613/279 363/610/69
f 365/614/65 156/615/280 364/612/48
f 366/616/42 157/617/281 365/614/65
f 367/618/63 158/619/282 366/616/42
f 368/620/49 159/621/283 367/618/63
f 353/592/99 160/622/284 368/620/49
f 433/1/285 370/2/286 369/67/285
f 434/3/286 371/4/287 370/2/286
f 435/5/287 372/6/288 371/4/287
f 436/7/288 373/8/289 372/6/288
f 437/9/289 374/10/290 373/8/289
f 438/11/290 375/12/291 374/10/290
f 440/15/292 375/12/291 439/13/291
f 441/16/293 376/14/292 440/15/292
f 442/18/294 377/17/293 441/19/293
f 442/18/294 379/22/295 378/20/294
f 444/23/296 379/22/295 443/21/295
f 445/25/297 380/24/296 444/23/296
f 446/27/298 381/26/297 445/25/297
f 447/29/299 382/28/298 446/27/298
f 448/31/300 383/30/299 447/29/299
f 449/33/301 384/32/300 448/31/300
f 450/35/302 385/34/301 449/33/301
f 451/37/303 386/36/302 450/35/302
f 452/39/304 387/38/303 451/37/303
f 453/41/305 388/40/304 452/39/304
f 454/43/306 389/42/305 453/41/305
f 455/45/307 390/44/306 454/43/306
f 455/45/307 392/48/308 391/46/307
f 457/49/309 392/48/308 456/47/308
f 457/49/309 394/50/310 393/157/309
f 459/53/311 394/50/310 458/51/310
f 459/53/311 396/54/312 395/52/311
f 460/55/312 397/56/313 396/54/312
f 461/57/313 398/58/314 397/56/313
f 462/59/314 399/60/315 398/58/314
f 521/63/33 912/62/32 914/64/33
f 463/61/315 400/65/316 399/60/315
f 464/66/316 369/67/285 400/65/316
f 875/235/317 487/239/318 877/68/318
f 519/72/38 908/71/37 910/73/38
f 530/75/40 930/74/39 932/76/40
f 539/78/42 948/77/41 950/79/42
f 517/81/44 904/80/43 906/82/44
f 526/84/46 922/83/45 924/85/46
f 535/87/48 940/86/47 942/88/48
f 544/90/50 958/89/49 960/91/50
f 522/93/51 914/92/33 916/94/51
f 934/96/52 530/75/40 932/76/40
f 540/97/53 950/79/42 952/98/53
f 374/10/319 905/623/320 373/8/320
f 926/102/57 526/84/46 924/85/46
f 536/103/58 942/88/48 944/104/58
f 523/108/61 916/94/51 918/109/61
f 936/111/62 531/95/52 934/96/52
f 541/112/63 952/98/53 954/113/63
f 518/114/37 906/82/44 908/71/37
f 928/116/64 527/101/57 926/102/57
f 537/117/65 944/104/58 946/118/65
f 515/120/67 898/119/66 902/121/67
f 516/122/43 902/121/67 904/80/43
f 524/123/68 918/109/61 920/124/68
f 533/125/69 936/111/62 938/126/69
f 542/127/70 954/113/63 956/128/70
f 520/129/32 910/73/38 912/62/32
f 529/130/39 928/116/64 930/74/39
f 538/131/41 946/118/65 948/77/41
f 514/170/99 960/91/50 899/171/99
f 525/133/45 920/124/68 922/83/45
f 534/134/47 938/126/69 940/86/47
f 543/135/49 956/128/70 958/89/49
f 423/136/321 598/137/322 422/424/323
f 369/67/324 959/624/325 400/65/325
f 935/625/326 387/38/327 388/40/326
f 909/145/328 374/10/319 375/12/328
f 937/626/329 388/40/326 389/42/329
f 376/14/330 909/627/328 375/12/328
f 390/44/331 937/628/329 389/42/329
f 913/629/332 376/14/330 377/149/332
f 941/630/333 390/44/331 391/46/333
f 915/631/334 377/17/332 378/20/334
f 392/48/335 941/632/333 391/46/333
f 379/22/336 915/633/334 378/20/334
f 945/634/337 392/48/335 393/157/337
f 380/24/338 917/635/336 379/22/336
f 394/50/339 945/634/337 393/157/337
f 921/636/340 380/24/338 381/26/340
f 949/637/341 394/50/339 395/52/341
f 382/28/342 921/636/340 381/26/340
f 951/638/343 395/52/341 396/54/343
f 383/30/344 923/639/342 382/28/342
f 370/2/345 900/640/324 369/67/324
f 953/641/346 396/54/343 397/56/346
f 927/642/347 383/30/344 384/32/347
f 901/643/348 370/2/345 371/4/348
f 955/644/349 397/56/346 398/58/349
f 929/645/350 384/32/347 385/34/350
f 903/646/351 371/4/348 372/6/351
f 957/647/352 398/58/349 399/60/352
f 931/648/353 385/34/350 386/36/353
f 373/8/320 903/649/351 372/6/351
f 959/650/325 399/60/352 400/65/325
f 933/651/327 386/36/353 387/38/327
f 895/257/354 465/182/59 834/652/59
f 467/186/355 839/653/356 837/184/355
f 468/185/356 841/187/357 839/654/356
f 841/187/357 470/190/358 843/193/358
f 470/190/358 845/192/359 843/193/358
f 471/195/359 847/199/360 845/192/359
f 472/198/360 849/197/361 847/199/360
f 473/202/361 851/655/362 849/656/361
f 851/203/362 475/204/363 853/206/363
f 853/206/363 476/208/364 855/209/364
f 476/208/364 857/212/365 855/205/364
f 477/211/365 859/657/366 857/207/365
f 859/210/366 479/217/367 861/218/367
f 479/217/367 863/219/368 861/658/367
f 480/221/368 865/659/369 863/216/368
f 481/220/369 867/660/370 865/223/369
f 482/226/370 869/228/371 867/222/370
f 869/661/371 484/230/372 871/227/372
f 484/230/372 873/662/373 871/231/372
f 454/233/152 874/232/152 876/234/152
f 485/236/373 875/70/317 873/663/373
f 487/239/318 879/238/374 877/68/318
f 488/241/374 881/664/375 879/665/374
f 489/243/375 883/666/376 881/664/375
f 883/666/376 491/249/377 885/667/377
f 491/249/377 887/668/378 885/669/377
f 887/251/378 493/254/379 889/670/379
f 493/254/379 891/671/380 889/250/379
f 891/671/380 495/258/381 893/259/381
f 893/672/381 496/183/354 895/181/354
f 898/119/66 514/170/99 899/171/99
f 835/107/60 467/186/355 837/184/355
f 850/264/152 440/265/152 848/334/152
f 455/268/152 876/234/152 878/271/152
f 442/269/152 850/264/152 852/270/152
f 456/272/152 878/267/152 880/273/152
f 443/274/152 852/270/152 854/275/152
f 457/276/152 880/273/152 882/277/152
f 444/279/152 854/275/152 856/278/152
f 884/280/152 457/276/152 882/277/152
f 445/282/152 856/278/152 858/283/152
f 459/284/152 884/280/152 886/288/152
f 446/286/152 858/283/152 860/287/152
f 888/290/152 459/284/152 886/285/152
f 447/291/152 860/287/152 862/298/152
f 434/262/152 833/295/152 836/301/152
f 461/296/152 888/290/152 890/297/152
f 448/299/152 862/292/152 864/673/152
f 435/302/152 836/263/152 838/303/152
f 892/305/152 461/296/152 890/297/152
f 866/306/152 448/299/152 864/300/152
f 436/308/152 838/303/152 840/314/152
f 463/310/152 892/305/152 894/317/152
f 450/312/152 866/306/152 868/319/152
f 437/315/152 840/309/152 842/316/152
f 464/318/152 894/311/152 896/293/152
f 451/320/152 868/313/152 870/326/152
f 844/322/152 437/315/152 842/316/152
f 433/294/152 896/293/152 833/261/152
f 872/331/152 451/320/152 870/321/152
f 439/329/152 844/322/152 846/333/152
f 453/332/152 872/328/152 874/232/152
f 848/334/152 439/329/152 846/330/152
f 656/337/382 498/342/383 655/335/383
f 505/339/384 647/338/385 648/340/384
f 498/342/383 654/346/386 655/335/383
f 506/344/385 646/343/387 647/338/385
f 499/341/386 653/345/388 654/346/386
f 507/348/387 645/347/389 646/343/387
f 500/350/388 652/349/390 653/345/388
f 508/352/389 644/351/391 645/347/389
f 652/349/390 502/358/392 651/353/392
f 509/356/391 643/359/393 644/351/391
f 502/358/392 650/357/394 651/353/392
f 510/355/393 642/365/395 643/359/393
f 503/362/394 649/361/396 650/357/394
f 641/363/397 497/336/382 656/337/382
f 511/360/395 641/363/397 642/365/395
f 504/366/396 648/340/384 649/361/396
f 653/345/152 661/367/152 660/368/152
f 646/343/152 668/369/152 667/370/152
f 659/371/152 653/345/152 660/368/152
f 647/338/152 667/370/152 666/372/152
f 658/373/152 654/346/152 659/371/152
f 665/374/152 647/338/152 666/372/152
f 656/337/152 658/373/152 657/375/152
f 649/361/152 665/374/152 664/376/152
f 671/378/152 641/363/152 672/377/152
f 641/363/152 657/375/152 672/377/152
f 663/379/152 649/361/152 664/376/152
f 643/359/152 671/378/152 670/380/152
f 651/353/152 663/379/152 662/381/152
f 669/382/152 643/359/152 670/380/152
f 661/367/152 651/353/152 662/381/152
f 514/384/126 401/383/126 402/385/126
f 513/387/126 403/386/126 401/383/126
f 515/389/126 404/388/126 403/386/126
f 516/391/126 405/390/126 404/388/126
f 517/393/126 406/392/126 405/390/126
f 518/395/126 407/394/126 406/392/126
f 519/397/126 408/396/126 407/394/126
f 520/399/126 409/398/126 408/396/126
f 409/398/126 522/403/126 410/400/126
f 410/400/126 523/405/126 411/402/126
f 523/405/126 412/404/126 411/402/126
f 524/407/126 413/406/126 412/404/126
f 413/406/126 526/411/126 414/408/126
f 526/411/126 415/410/126 414/408/126
f 415/410/126 528/412/126 416/415/126
f 528/412/126 417/414/126 416/415/126
f 417/414/126 530/416/126 418/419/126
f 530/416/126 419/418/126 418/419/126
f 531/421/126 420/420/126 419/418/126
f 420/420/126 533/422/126 421/425/126
f 533/422/126 422/424/126 421/425/126
f 422/424/126 535/426/126 423/136/126
f 535/426/126 424/428/126 423/136/126
f 424/428/126 537/429/126 425/432/126
f 537/429/126 426/431/126 425/432/126
f 426/431/126 539/433/126 427/436/126
f 539/433/126 428/435/126 427/436/126
f 428/435/126 541/437/126 429/440/126
f 541/437/126 430/439/126 429/440/126
f 430/439/126 543/441/126 431/444/126
f 431/444/126 544/445/126 432/443/126
f 544/445/126 402/385/126 432/443/126
f 561/525/126 569/532/126 546/511/126
f 586/450/398 409/398/399 410/400/398
f 600/451/400 423/136/321 424/428/400
f 587/452/401 410/400/398 411/402/401
f 425/432/402 600/451/400 424/428/400
f 588/454/403 411/402/401 412/404/403
f 602/455/404 425/432/402 426/431/404
f 413/406/405 588/454/403 412/404/403
f 603/457/406 426/431/404 427/436/406
f 590/458/407 413/406/405 414/408/407
f 428/435/408 603/457/406 427/436/406
f 591/460/409 414/408/407 415/410/409
f 577/461/410 402/385/411 401/383/410
f 605/462/412 428/435/408 429/440/412
f 592/463/413 415/410/409 416/415/413
f 403/386/414 577/461/410 401/383/410
f 430/439/415 605/462/412 429/440/412
f 417/414/416 592/463/413 416/415/413
f 404/388/417 579/464/414 403/386/414
f 431/444/418 606/465/419 430/439/415
f 418/419/420 593/466/416 417/414/416
f 581/470/421 404/388/417 405/390/422
f 608/471/423 431/444/418 432/443/423
f 595/472/424 418/419/420 419/418/424
f 582/473/425 405/390/422 406/392/425
f 578/474/411 432/443/423 402/385/411
f 596/475/426 419/418/424 420/420/427
f 583/476/428 406/392/425 407/394/428
f 597/477/429 420/420/427 421/425/429
f 584/478/430 407/394/428 408/396/430
f 422/424/323 597/477/429 421/425/429
f 409/398/399 584/478/430 408/396/430
f 578/474/431 609/479/432 610/480/431
f 577/461/432 611/481/433 609/479/432
f 579/464/433 612/482/434 611/481/433
f 612/482/434 581/470/435 613/484/435
f 581/470/435 614/483/436 613/484/435
f 582/473/436 615/485/437 614/483/436
f 583/476/437 616/486/438 615/485/437
f 584/478/438 617/488/439 616/486/438
f 617/488/439 586/450/440 618/487/440
f 586/450/440 619/489/441 618/487/440
f 619/489/441 588/454/442 620/491/442
f 588/454/442 621/490/443 620/491/442
f 589/456/443 622/492/444 621/490/443
f 622/492/444 591/460/445 623/493/445
f 591/460/445 624/494/446 623/493/445
f 592/463/446 625/495/447 624/494/446
f 625/495/447 594/469/448 626/497/448
f 594/469/448 627/496/449 626/497/448
f 627/496/449 596/475/450 628/498/450
f 596/475/450 629/499/451 628/498/450
f 597/477/451 630/500/452 629/499/451
f 630/500/452 599/138/453 631/502/453
f 599/138/453 632/501/454 631/502/453
f 632/501/454 601/453/455 633/503/455
f 601/453/455 634/504/456 633/503/455
f 602/455/456 635/505/457 634/504/456
f 635/505/457 604/459/458 636/507/458
f 604/459/458 637/506/459 636/507/458
f 605/462/459 638/508/460 637/506/459
f 606/465/460 639/509/461 638/508/460
f 607/468/461 640/510/462 639/509/461
f 608/471/462 610/480/431 640/510/462
f 546/511/463 609/479/464 545/512/464
f 545/512/464 611/481/465 547/448/465
f 547/448/465 612/482/466 548/513/466
f 612/482/466 549/514/467 548/513/466
f 613/484/467 550/516/468 549/514/467
f 614/483/468 551/515/469 550/516/468
f 615/485/469 552/517/470 551/515/469
f 616/486/470 553/518/471 552/517/470
f 617/488/471 554/519/472 553/518/471
f 618/487/472 555/447/473 554/519/472
f 619/489/473 556/520/474 555/447/473
f 620/491/474 557/521/475 556/520/474
f 621/490/475 558/522/476 557/521/475
f 622/492/476 559/523/477 558/522/476
f 623/493/477 560/524/478 559/523/477
f 560/524/478 625/495/479 561/525/479
f 625/495/479 562/526/480 561/525/479
f 562/526/480 627/496/481 563/446/481
f 627/496/481 564/528/482 563/446/481
f 564/528/482 629/499/483 565/527/483
f 565/527/483 630/500/484 566/529/484
f 630/500/484 567/530/485 566/529/484
f 567/530/485 632/501/486 568/531/486
f 568/531/486 633/503/487 569/532/487
f 569/532/487 634/504/488 570/533/488
f 570/533/488 635/505/489 571/534/489
f 571/534/489 636/507/490 572/535/490
f 572/535/490 637/506/491 573/536/491
f 573/536/491 638/508/492 574/538/492
f 574/538/492 639/509/493 575/537/493
f 639/509/493 576/539/494 575/537/493
f 576/539/494 610/480/463 546/511/463
f 645/347/152 669/382/152 668/369/152
f 692/541/495 664/376/496 690/540/496
f 668/369/497 680/542/498 682/543/497
f 672/377/499 704/544/500 674/545/499
f 661/367/501 694/546/502 696/547/501
f 666/372/503 684/548/504 686/549/503
f 659/371/505 698/550/506 700/551/505
f 671/378/507 674/545/499 676/552/507
f 690/540/496 665/374/508 688/553/508
f 680/542/498 670/380/509 678/554/509
f 657/375/500 702/555/510 704/544/500
f 694/546/502 663/379/495 692/541/495
f 667/370/504 682/543/497 684/548/504
f 660/368/506 696/547/501 698/550/506
f 688/553/508 666/372/503 686/549/503
f 670/380/509 676/552/507 678/554/509
f 702/555/510 659/371/505 700/551/505
f 675/557/67 674/556/99 673/558/99
f 677/560/44 676/559/67 675/557/67
f 677/560/44 680/563/38 678/561/44
f 679/562/38 682/674/33 680/563/38
f 683/567/61 682/675/33 681/565/33
f 685/568/45 684/566/61 683/567/61
f 687/570/57 686/569/45 685/568/45
f 689/572/39 688/676/57 687/570/57
f 691/573/52 690/571/39 689/572/39
f 693/575/69 692/574/52 691/573/52
f 695/577/48 694/576/69 693/575/69
f 697/579/65 696/578/48 695/577/48
f 699/581/42 698/580/65 697/579/65
f 699/581/42 702/584/63 700/582/42
f 703/585/49 702/584/63 701/583/63
f 703/585/49 674/556/99 704/586/49
f 691/677/152 683/678/152 675/679/152
f 482/226/511 474/201/512 466/106/513
f 770/132/514 772/171/515 769/119/514
f 770/166/514 773/121/516 774/167/516
f 774/174/516 775/80/517 776/175/517
f 778/178/518 775/80/517 777/82/518
f 778/99/518 779/71/519 780/100/519
f 780/142/519 781/73/520 782/143/520
f 782/145/520 783/62/521 784/146/521
f 784/680/521 785/64/522 786/148/522
f 788/152/523 785/92/522 787/94/523
f 788/154/523 789/109/524 790/155/524
f 790/681/524 791/124/525 792/158/525
f 794/161/526 791/124/525 793/83/526
f 794/682/526 795/85/527 796/163/527
f 796/683/527 797/102/528 798/165/528
f 800/169/529 797/102/528 799/116/529
f 802/173/530 799/116/529 801/74/530
f 802/684/530 803/76/531 804/177/531
f 804/685/531 805/96/532 806/180/532
f 806/140/532 807/111/533 808/141/533
f 808/686/533 809/126/534 810/144/534
f 810/144/534 811/86/535 812/147/535
f 814/151/536 811/86/535 813/88/536
f 814/687/536 815/104/537 816/153/537
f 816/688/537 817/118/538 818/156/538
f 820/160/539 817/118/538 819/77/539
f 820/689/539 821/79/540 822/162/540
f 822/690/540 823/98/541 824/164/541
f 826/168/542 823/98/541 825/113/542
f 826/691/542 827/128/543 828/172/543
f 830/176/544 827/128/543 829/89/544
f 832/179/545 829/89/544 831/91/545
f 832/692/545 772/171/515 771/139/515
f 707/263/546 705/652/547 706/261/547
f 709/303/548 708/325/546 707/301/546
f 709/303/548 712/188/549 710/184/548
f 713/316/550 712/188/549 711/314/549
f 713/316/550 716/193/551 714/189/550
f 717/330/552 716/193/551 715/322/551
f 719/334/553 718/196/552 717/333/552
f 719/334/553 722/197/554 720/199/553
f 723/270/555 722/200/554 721/264/554
f 723/270/555 726/693/556 724/203/555
f 727/278/557 726/206/556 725/275/556
f 729/283/558 728/209/557 727/278/557
f 731/287/559 730/212/558 729/283/558
f 733/292/560 732/215/559 731/287/559
f 733/298/560 736/216/561 734/218/560
f 737/306/562 736/219/561 735/673/561
f 737/306/562 740/222/563 738/223/562
f 741/321/564 740/224/563 739/319/563
f 743/328/565 742/228/564 741/326/564
f 743/331/565 746/229/566 744/231/565
f 747/234/567 746/237/566 745/232/566
f 749/267/568 748/70/567 747/234/567
f 751/273/569 750/68/568 749/271/568
f 753/277/570 752/238/569 751/273/569
f 755/280/571 754/244/570 753/277/570
f 757/285/572 756/242/571 755/280/571
f 759/290/573 758/247/572 757/288/572
f 761/297/574 760/251/573 759/290/573
f 761/297/574 764/694/575 762/252/574
f 763/305/575 766/255/576 764/256/575
f 767/293/577 766/259/576 765/317/576
f 706/295/547 768/181/577 767/293/577
f 899/171/578 897/695/579 898/119/579
f 902/121/580 897/696/579 901/643/580
f 902/121/580 903/646/581 904/80/581
f 904/80/581 905/697/582 906/82/582
f 906/82/582 907/698/583 908/71/583
f 908/71/583 909/145/584 910/73/584
f 910/73/584 911/699/585 912/62/585
f 912/62/585 913/629/586 914/64/586
f 914/92/586 915/631/587 916/94/587
f 918/109/588 915/633/587 917/700/588
f 920/124/589 917/635/588 919/701/589
f 922/83/590 919/702/589 921/636/590
f 922/83/590 923/703/591 924/85/591
f 924/85/591 925/704/592 926/102/592
f 926/102/592 927/642/593 928/116/593
f 930/74/594 927/705/593 929/645/594
f 932/76/595 929/706/594 931/648/595
f 934/96/596 931/707/595 933/651/596
f 934/96/596 935/625/597 936/111/597
f 936/111/597 937/626/598 938/126/598
f 940/86/599 937/628/598 939/708/599
f 940/86/599 941/630/600 942/88/600
f 942/88/600 943/709/601 944/104/601
f 944/104/601 945/634/602 946/118/602
f 946/118/602 947/710/603 948/77/603
f 948/77/603 949/637/604 950/79/604
f 952/98/605 949/711/604 951/638/605
f 952/98/605 953/641/606 954/113/606
f 956/128/607 953/691/606 955/644/607
f 956/128/607 957/647/608 958/89/608
f 958/89/608 959/650/609 960/91/609
f 899/171/578 959/624/609 900/712/578
f 834/105/610 836/301/611 833/295/610
f 837/184/612 836/263/611 835/107/611
f 839/653/613 838/303/612 837/184/612
f 841/187/614 840/309/613 839/654/613
f 843/193/615 842/316/614 841/187/614
f 845/192/616 844/322/615 843/193/615
f 845/192/616 848/334/617 846/330/616
f 849/197/618 848/334/617 847/199/617
f 849/656/618 852/270/619 850/264/620
f 853/206/621 852/270/619 851/203/619
f 853/206/621 856/278/622 854/275/621
f 857/212/623 856/278/622 855/205/622
f 857/207/623 860/287/624 858/283/623
f 861/218/625 860/287/624 859/210/624
f 863/219/626 862/292/625 861/658/625
f 865/659/627 864/300/626 863/216/626
f 867/660/628 866/306/627 865/223/627
f 869/228/629 868/313/628 867/222/628
f 871/227/630 870/321/629 869/661/629
f 873/662/631 872/328/630 871/231/630
f 875/70/632 874/232/631 873/663/631
f 877/68/633 876/234/632 875/235/632
f 879/238/634 878/267/633 877/68/633
f 881/664/635 880/273/634 879/665/634
f 883/666/636 882/277/635 881/664/635
f 885/667/637 884/280/636 883/666/636
f 885/669/637 888/290/638 886/285/637
f 887/251/638 890/297/639 888/290/638
f 891/671/640 890/297/639 889/250/639
f 893/259/641 892/305/640 891/671/640
f 895/181/642 894/311/641 893/672/641
f 834/652/610 896/293/642 895/257/642
f 708/107/135 97/182/106 705/652/106
f 65/1/1 1/67/1 2/2/2
f 66/3/2 2/2/2 3/4/3
f 67/5/3 3/4/3 4/6/4
f 68/7/4 4/6/4 5/8/5
f 69/9/5 5/8/5 6/10/6
f 70/11/6 6/10/6 7/12/7
f 71/13/7 7/12/7 8/14/8
f 8/14/8 9/149/9 73/16/9
f 9/17/9 10/20/10 74/18/10
f 10/20/10 11/22/11 75/21/11
f 11/22/11 12/24/12 76/23/12
f 12/24/12 13/26/13 77/25/13
f 13/26/13 14/28/14 78/27/14
f 14/28/14 15/30/15 79/29/15
f 15/30/15 16/32/16 80/31/16
f 16/32/16 17/34/17 81/33/17
f 17/34/17 18/36/18 82/35/18
f 18/36/18 19/38/19 83/37/19
f 19/38/19 20/40/20 84/39/20
f 20/40/20 21/42/21 85/41/21
f 21/42/21 22/44/22 86/43/22
f 22/44/22 23/46/23 87/45/23
f 23/46/23 24/48/24 88/47/24
f 24/48/24 25/157/25 89/49/25
f 89/49/25 25/157/25 26/50/26
f 90/51/26 26/50/26 27/52/27
f 91/53/27 27/52/27 28/54/28
f 92/55/28 28/54/28 29/56/29
f 93/57/29 29/56/29 30/58/30
f 94/59/30 30/58/30 31/60/31
f 783/62/32 168/129/32 169/63/33
f 95/61/31 31/60/31 32/65/34
f 96/66/34 32/65/34 1/67/1
f 750/68/35 119/239/35 118/69/36
f 779/71/37 166/114/37 167/72/38
f 801/74/39 177/130/39 178/75/40
f 819/77/41 186/131/41 187/78/42
f 775/80/43 164/122/43 165/81/44
f 793/83/45 173/133/45 174/84/46
f 811/86/47 182/134/47 183/87/48
f 829/89/49 191/135/49 192/90/50
f 785/92/33 169/713/33 170/93/51
f 803/76/40 178/75/40 179/95/52
f 821/79/42 187/78/42 188/97/53
f 6/10/54 5/8/55 778/99/55
f 795/85/46 174/84/46 175/101/57
f 813/88/48 183/87/48 184/103/58
f 834/105/59 465/182/59 466/106/60
f 787/94/51 170/93/51 171/108/61
f 805/96/52 179/95/52 180/110/62
f 823/98/53 188/97/53 189/112/63
f 777/82/44 165/81/44 166/114/37
f 797/102/57 175/101/57 176/115/64
f 815/104/58 184/103/58 185/117/65
f 769/119/66 161/260/66 163/120/67
f 773/121/67 163/120/67 164/122/43
f 789/109/61 171/108/61 172/123/68
f 807/111/62 180/110/62 181/125/69
f 825/113/63 189/112/63 190/127/70
f 781/73/38 167/72/38 168/129/32
f 799/116/64 176/115/64 177/130/39
f 817/118/65 185/117/65 186/131/41
f 1/67/71 771/714/71 770/132/72
f 791/124/68 172/123/68 173/133/45
f 809/126/69 181/125/69 182/134/47
f 827/128/70 190/127/70 191/135/49
f 55/136/73 54/424/74 246/137/74
f 32/65/75 832/692/75 771/139/71
f 20/40/76 19/38/77 806/140/77
f 7/12/78 6/10/54 780/142/56
f 20/40/76 808/686/76 810/144/79
f 8/14/80 7/12/78 782/145/78
f 21/42/79 810/144/79 812/147/81
f 8/14/80 784/680/80 786/148/82
f 23/46/83 22/44/81 812/150/81
f 9/17/82 786/715/82 788/152/84
f 23/46/83 814/687/83 816/153/85
f 11/22/86 10/20/84 788/154/84
f 24/48/85 816/688/85 818/156/87
f 11/22/86 790/681/86 792/158/88
f 26/50/89 25/157/87 818/159/87
f 12/24/88 792/716/88 794/161/90
f 26/50/89 820/689/89 822/162/91
f 13/26/90 794/682/90 796/163/92
f 27/52/91 822/690/91 824/164/93
f 14/28/92 796/683/92 798/165/95
f 3/4/96 2/2/72 770/166/72
f 28/54/94 824/717/93 826/168/97
f 15/30/95 798/718/95 800/169/98
f 831/91/50 192/90/50 162/170/99
f 29/56/97 826/691/97 828/172/100
f 16/32/98 800/719/98 802/173/101
f 4/6/102 3/4/96 774/174/96
f 30/58/100 828/644/100 830/176/103
f 17/34/101 802/684/101 804/177/104
f 4/6/102 776/720/102 778/178/55
f 31/60/103 830/721/103 832/179/75
f 18/36/104 804/685/104 806/180/77
f 768/181/105 705/105/106 97/182/106
f 710/184/107 712/188/108 100/185/108
f 714/187/109 101/191/109 100/185/108
f 714/189/109 716/193/110 102/190/110
f 718/192/111 103/195/111 102/190/110
f 720/194/112 104/198/112 103/195/111
f 722/197/113 105/202/113 104/198/112
f 722/200/113 724/203/114 106/201/114
f 724/203/114 726/693/115 107/204/115
f 728/205/116 108/208/116 107/204/115
f 730/207/117 109/211/117 108/208/116
f 732/210/118 110/214/118 109/211/117
f 734/213/119 111/217/119 110/214/118
f 736/216/120 112/221/120 111/217/119
f 736/219/120 738/223/121 113/220/121
f 740/222/122 114/226/122 113/220/121
f 740/224/122 742/661/123 115/225/123
f 744/227/124 116/230/124 115/225/123
f 746/229/125 117/236/125 116/230/124
f 745/232/126 85/332/126 86/233/126
f 748/235/36 118/69/36 117/236/125
f 752/238/127 120/241/127 119/239/35
f 754/240/128 121/243/128 120/241/127
f 756/242/129 122/246/129 121/243/128
f 758/245/130 123/249/130 122/246/129
f 758/247/130 760/722/131 124/248/131
f 762/250/132 125/254/132 124/248/131
f 762/252/132 764/694/133 126/253/133
f 766/255/134 127/258/134 126/253/133
f 768/257/105 128/183/105 127/258/134
f 772/171/99 162/170/99 161/260/66
f 706/261/126 65/294/126 66/262/126
f 721/264/126 719/334/126 72/265/126
f 749/267/126 747/234/126 86/233/126
f 721/264/126 73/266/126 74/269/126
f 749/271/126 87/268/126 88/272/126
f 723/270/126 74/269/126 75/274/126
f 751/273/126 88/272/126 89/276/126
f 727/278/126 725/275/126 75/274/126
f 755/280/126 753/277/126 89/276/126
f 727/278/126 76/279/126 77/282/126
f 755/280/126 90/281/126 91/284/126
f 729/283/126 77/282/126 78/286/126
f 757/288/126 91/284/126 92/289/126
f 731/287/126 78/286/126 79/291/126
f 767/293/126 96/318/126 65/294/126
f 759/290/126 92/289/126 93/296/126
f 733/298/126 79/291/126 80/299/126
f 707/301/126 66/262/126 67/302/126
f 761/297/126 93/296/126 94/304/126
f 737/306/126 735/673/126 80/299/126
f 709/303/126 67/302/126 68/308/126
f 763/305/126 94/304/126 95/310/126
f 737/306/126 81/307/126 82/312/126
f 711/314/126 68/308/126 69/315/126
f 765/317/126 95/310/126 96/318/126
f 739/319/126 82/312/126 83/320/126
f 715/322/126 713/316/126 69/315/126
f 710/324/107 99/186/107 98/106/135
f 741/326/126 83/320/126 84/327/126
f 715/322/126 70/323/126 71/329/126
f 743/331/126 84/327/126 85/332/126
f 717/333/126 71/329/126 72/265/126
f 303/335/136 130/342/136 129/336/137
f 295/338/138 138/344/138 137/339/139
f 303/335/136 302/346/140 131/341/140
f 294/343/141 139/348/141 138/344/138
f 301/345/142 132/350/142 131/341/140
f 293/347/143 140/352/143 139/348/141
f 300/349/144 133/354/144 132/350/142
f 292/351/145 141/356/145 140/352/143
f 299/353/146 134/358/146 133/354/144
f 292/351/145 291/359/147 142/355/147
f 298/357/148 135/362/148 134/358/146
f 291/359/147 290/365/149 143/360/149
f 297/361/150 136/366/150 135/362/148
f 289/363/151 304/337/137 129/336/137
f 289/363/151 144/364/151 143/360/149
f 296/340/139 137/339/139 136/366/150
f 309/367/126 300/349/126 301/345/126
f 316/369/126 293/347/126 294/343/126
f 308/368/126 301/345/126 302/346/126
f 315/370/126 294/343/126 295/338/126
f 306/373/126 307/371/126 302/346/126
f 313/374/126 314/372/126 295/338/126
f 306/373/126 303/335/126 304/337/126
f 313/374/126 296/340/126 297/361/126
f 320/377/126 289/363/126 290/365/126
f 305/375/126 304/337/126 289/363/126
f 311/379/126 312/376/126 297/361/126
f 319/378/126 290/365/126 291/359/126
f 311/379/126 298/357/126 299/353/126
f 317/382/126 318/380/126 291/359/126
f 310/381/126 299/353/126 300/349/126
f 33/383/152 161/387/152 162/384/152
f 35/386/152 163/389/152 161/387/152
f 36/388/152 164/391/152 163/389/152
f 37/390/152 165/393/152 164/391/152
f 38/392/152 166/395/152 165/393/152
f 39/394/152 167/397/152 166/395/152
f 40/396/152 168/399/152 167/397/152
f 41/398/152 169/401/152 168/399/152
f 42/400/152 170/403/152 169/401/152
f 43/402/152 171/405/152 170/403/152
f 44/404/152 172/407/152 171/405/152
f 45/406/152 173/409/152 172/407/152
f 46/408/152 174/411/152 173/409/152
f 47/410/152 175/413/152 174/411/152
f 47/410/152 48/415/152 176/412/152
f 49/414/152 177/417/152 176/412/152
f 49/414/152 50/419/152 178/416/152
f 51/418/152 179/421/152 178/416/152
f 52/420/152 180/423/152 179/421/152
f 52/420/152 53/425/152 181/422/152
f 54/424/152 182/427/152 181/422/152
f 54/424/152 55/136/152 183/426/152
f 56/428/152 184/430/152 183/426/152
f 56/428/152 57/432/152 185/429/152
f 58/431/152 186/434/152 185/429/152
f 58/431/152 59/436/152 187/433/152
f 60/435/152 188/438/152 187/433/152
f 60/435/152 61/440/152 189/437/152
f 62/439/152 190/442/152 189/437/152
f 62/439/152 63/444/152 191/441/152
f 64/443/152 192/445/152 191/441/152
f 34/385/152 162/384/152 192/445/152
f 195/448/152 193/512/152 194/511/152
f 194/511/152 224/539/152 223/537/152
f 223/537/152 222/538/152 221/536/152
f 221/536/152 220/535/152 219/534/152
f 219/534/152 218/533/643 217/532/152
f 217/532/152 216/531/152 215/530/152
f 215/530/152 214/529/152 213/527/152
f 213/527/152 212/528/152 211/446/152
f 211/446/152 210/526/152 209/525/152
f 209/525/152 208/524/152 207/523/152
f 207/523/152 206/522/152 205/521/152
f 205/521/152 204/520/152 203/447/152
f 203/447/152 202/519/152 201/518/152
f 201/518/152 200/517/152 199/515/152
f 199/515/152 198/516/152 197/514/152
f 197/514/152 196/513/152 195/448/152
f 195/448/152 194/511/152 223/537/152
f 223/537/152 221/536/152 219/534/152
f 219/534/152 217/532/152 215/530/152
f 215/530/152 213/527/152 211/446/152
f 211/446/152 209/525/152 207/523/152
f 207/523/152 205/521/152 203/447/152
f 203/447/152 201/518/152 199/515/152
f 199/515/152 197/514/152 195/448/152
f 195/448/152 223/537/152 219/534/152
f 219/534/152 215/530/152 211/446/152
f 211/446/152 207/523/152 203/447/152
f 203/447/152 199/515/152 195/448/152
f 195/448/152 219/534/152 211/446/152
f 42/400/153 41/398/154 233/449/154
f 55/136/73 247/138/73 248/451/155
f 42/400/153 234/450/153 235/452/156
f 56/428/155 248/451/155 249/453/157
f 43/402/156 235/452/156 236/454/158
f 57/432/157 249/453/157 250/455/160
f 44/404/159 236/454/158 237/456/161
f 58/431/160 250/455/160 251/457/162
f 46/408/163 45/406/161 237/456/161
f 60/435/164 59/436/162 251/457/162
f 47/410/165 46/408/163 238/458/163
f 34/385/166 226/474/166 225/461/167
f 61/440/168 60/435/164 252/459/164
f 48/415/169 47/410/165 239/460/165
f 33/383/167 225/461/167 227/464/170
f 61/440/168 253/462/168 254/465/171
f 48/415/169 240/463/169 241/466/172
f 35/386/170 227/464/170 228/467/173
f 63/444/174 62/439/171 254/465/171
f 50/419/175 49/414/172 241/466/172
f 36/388/173 228/467/173 229/470/176
f 63/444/174 255/468/174 256/471/177
f 50/419/175 242/469/175 243/472/178
f 37/390/176 229/470/176 230/473/179
f 64/443/177 256/471/177 226/474/166
f 51/418/178 243/472/178 244/475/180
f 38/392/179 230/473/179 231/476/181
f 52/420/180 244/475/180 245/477/182
f 39/394/181 231/476/181 232/478/184
f 53/425/183 245/477/182 246/137/74
f 40/396/184 232/478/184 233/449/154
f 257/479/185 225/461/185 226/474/186
f 259/481/187 227/464/187 225/461/185
f 260/482/188 228/467/188 227/464/187
f 260/482/188 261/484/189 229/470/189
f 262/483/190 230/473/190 229/470/189
f 263/485/191 231/476/191 230/473/190
f 264/486/192 232/478/192 231/476/191
f 264/486/192 265/488/193 233/449/193
f 266/487/194 234/450/194 233/449/193
f 267/489/195 235/452/195 234/450/194
f 267/489/195 268/491/196 236/454/196
f 269/490/197 237/456/197 236/454/196
f 270/492/198 238/458/198 237/456/197
f 271/493/199 239/460/199 238/458/198
f 272/494/200 240/463/200 239/460/199
f 273/495/201 241/466/201 240/463/200
f 273/495/201 274/497/202 242/469/202
f 275/496/203 243/472/203 242/469/202
f 276/498/204 244/475/204 243/472/203
f 277/499/205 245/477/205 244/475/204
f 278/500/206 246/137/206 245/477/205
f 278/500/206 279/502/207 247/138/207
f 280/501/208 248/451/210 247/138/207
f 281/503/209 249/453/209 248/451/210
f 282/504/211 250/455/211 249/453/209
f 283/505/212 251/457/212 250/455/211
f 283/505/212 284/507/213 252/459/213
f 285/506/214 253/462/214 252/459/213
f 286/508/215 254/465/215 253/462/214
f 287/509/216 255/468/216 254/465/215
f 287/509/216 288/510/217 256/471/217
f 258/480/186 226/474/186 256/471/217
f 194/511/218 193/512/219 257/479/219
f 193/512/219 195/448/220 259/481/220
f 196/513/221 260/482/221 259/481/220
f 197/514/222 261/484/222 260/482/221
f 197/514/222 198/516/223 262/483/223
f 199/515/224 263/485/224 262/483/223
f 200/517/225 264/486/225 263/485/224
f 201/518/226 265/488/226 264/486/225
f 202/519/227 266/487/227 265/488/226
f 203/447/228 267/489/228 266/487/227
f 204/520/229 268/491/229 267/489/228
f 205/521/230 269/490/230 268/491/229
f 206/522/231 270/492/231 269/490/230
f 207/523/232 271/493/232 270/492/231
f 208/524/233 272/494/233 271/493/232
f 209/525/234 273/495/234 272/494/233
f 210/526/235 274/497/235 273/495/234
f 211/446/236 275/496/236 274/497/235
f 211/446/236 212/528/237 276/498/237
f 213/527/238 277/499/238 276/498/237
f 214/529/239 278/500/239 277/499/238
f 215/530/240 279/502/240 278/500/239
f 216/531/241 280/501/241 279/502/240
f 216/531/241 217/532/242 281/503/242
f 217/532/242 218/533/243 282/504/243
f 218/533/243 219/534/244 283/505/244
f 219/534/244 220/535/245 284/507/245
f 220/535/245 221/536/246 285/506/246
f 221/536/246 222/538/247 286/508/247
f 223/537/248 287/509/248 286/508/247
f 224/539/249 288/510/249 287/509/248
f 224/539/249 194/511/218 258/480/218
f 317/382/126 292/351/126 293/347/126
f 338/540/250 312/376/250 311/379/251
f 328/542/252 317/382/252 316/369/253
f 352/544/254 305/375/254 320/377/255
f 342/546/256 310/381/256 309/367/257
f 332/548/258 315/370/258 314/372/259
f 346/550/260 308/368/260 307/371/261
f 324/552/262 322/545/255 320/377/255
f 336/553/263 313/374/263 312/376/250
f 328/542/252 326/554/264 318/380/264
f 352/544/254 350/555/265 306/373/265
f 340/541/251 311/379/251 310/381/256
f 330/543/253 316/369/253 315/370/258
f 344/547/257 309/367/257 308/368/260
f 334/549/259 314/372/259 313/374/263
f 324/552/262 319/378/262 318/380/264
f 350/555/265 348/551/261 307/371/261
f 322/556/99 324/559/67 323/557/67
f 324/559/67 326/561/44 325/560/44
f 326/561/44 328/563/38 327/562/38
f 328/563/38 330/674/33 329/564/33
f 329/565/33 330/675/33 332/566/61
f 332/566/61 334/569/45 333/568/45
f 334/569/45 336/676/57 335/570/57
f 335/570/57 336/676/57 338/571/39
f 338/571/39 340/574/52 339/573/52
f 340/574/52 342/576/69 341/575/69
f 342/576/69 344/578/48 343/577/48
f 344/578/48 346/580/65 345/579/65
f 346/580/65 348/582/42 347/581/42
f 348/582/42 350/584/63 349/583/63
f 350/584/63 352/586/49 351/585/49
f 352/586/49 322/556/99 321/558/99
f 351/589/126 321/723/126 323/679/126
f 323/679/126 325/724/126 327/725/126
f 327/725/126 329/726/126 331/678/126
f 331/678/126 333/727/126 335/587/126
f 335/587/126 337/728/126 339/677/126
f 339/677/126 341/729/126 343/588/126
f 343/588/126 345/730/126 347/731/126
f 347/731/126 349/732/126 351/589/126
f 351/589/126 323/679/126 327/725/126
f 327/725/126 331/678/126 335/587/126
f 335/587/126 339/677/126 343/588/126
f 343/588/126 347/731/126 351/589/126
f 351/589/126 327/725/126 335/587/126
f 128/183/268 97/182/644 98/106/645
f 98/106/645 99/186/646 100/185/647
f 100/185/647 101/191/648 102/190/649
f 102/190/649 103/195/650 104/198/651
f 104/198/651 105/202/652 106/201/653
f 106/201/653 107/204/654 108/208/655
f 108/208/655 109/211/656 110/214/657
f 110/214/657 111/217/658 112/221/266
f 112/221/266 113/220/659 114/226/660
f 114/226/660 115/225/661 116/230/662
f 116/230/662 117/236/663 118/69/664
f 118/69/664 119/239/665 120/241/267
f 120/241/267 121/243/666 122/246/667
f 122/246/667 123/249/668 124/248/669
f 124/248/669 125/254/670 126/253/671
f 126/253/671 127/258/672 128/183/268
f 128/183/268 98/106/645 100/185/647
f 100/185/647 102/190/649 104/198/651
f 104/198/651 106/201/653 108/208/655
f 108/208/655 110/214/657 112/221/266
f 112/221/266 114/226/660 116/230/662
f 116/230/662 118/69/664 120/241/267
f 120/241/267 122/246/667 124/248/669
f 124/248/669 126/253/671 128/183/268
f 128/183/268 100/185/647 104/198/651
f 104/198/651 108/208/655 112/221/266
f 112/221/266 116/230/662 120/241/267
f 120/241/267 124/248/669 128/183/268
f 128/183/268 104/198/651 112/221/266
f 354/590/67 146/594/270 145/591/269
f 355/593/44 147/596/271 146/594/270
f 356/595/38 148/598/272 147/596/271
f 357/597/33 149/733/273 148/598/272
f 358/599/61 150/603/274 149/600/273
f 359/602/45 151/605/275 150/603/274
f 360/604/57 152/607/276 151/605/275
f 361/606/39 153/609/277 152/607/276
f 362/608/52 154/611/278 153/609/277
f 363/610/69 155/613/279 154/611/278
f 364/612/48 156/615/280 155/613/279
f 365/614/65 157/617/281 156/615/280
f 366/616/42 158/619/282 157/617/281
f 367/618/63 159/621/283 158/619/282
f 368/620/49 160/622/284 159/621/283
f 353/592/99 145/591/269 160/622/284
f 433/1/285 434/3/286 370/2/286
f 434/3/286 435/5/287 371/4/287
f 435/5/287 436/7/288 372/6/288
f 436/7/288 437/9/289 373/8/289
f 437/9/289 438/11/290 374/10/290
f 438/11/290 439/13/291 375/12/291
f 440/15/292 376/14/292 375/12/291
f 441/16/293 377/149/293 376/14/292
f 442/18/294 378/20/294 377/17/293
f 442/18/294 443/21/295 379/22/295
f 444/23/296 380/24/296 379/22/295
f 445/25/297 381/26/297 380/24/296
f 446/27/298 382/28/298 381/26/297
f 447/29/299 383/30/299 382/28/298
f 448/31/300 384/32/300 383/30/299
f 449/33/301 385/34/301 384/32/300
f 450/35/302 386/36/302 385/34/301
f 451/37/303 387/38/303 386/36/302
f 452/39/304 388/40/304 387/38/303
f 453/41/305 389/42/305 388/40/304
f 454/43/306 390/44/306 389/42/305
f 455/45/307 391/46/307 390/44/306
f 455/45/307 456/47/308 392/48/308
f 457/49/309 393/157/309 392/48/308
f 457/49/309 458/51/310 394/50/310
f 459/53/311 395/52/311 394/50/310
f 459/53/311 460/55/312 396/54/312
f 460/55/312 461/57/313 397/56/313
f 461/57/313 462/59/314 398/58/314
f 462/59/314 463/61/315 399/60/315
f 521/63/33 520/129/32 912/62/32
f 463/61/315 464/66/316 400/65/316
f 464/66/316 433/1/285 369/67/285
f 875/235/317 486/69/317 487/239/318
f 519/72/38 518/114/37 908/71/37
f 530/75/40 529/130/39 930/74/39
f 539/78/42 538/131/41 948/77/41
f 517/81/44 516/122/43 904/80/43
f 526/84/46 525/133/45 922/83/45
f 535/87/48 534/134/47 940/86/47
f 544/90/50 543/135/49 958/89/49
f 522/93/51 521/713/33 914/92/33
f 934/96/52 531/95/52 530/75/40
f 540/97/53 539/78/42 950/79/42
f 374/10/319 907/698/319 905/623/320
f 926/102/57 527/101/57 526/84/46
f 536/103/58 535/87/48 942/88/48
f 523/108/61 522/93/51 916/94/51
f 936/111/62 532/110/62 531/95/52
f 541/112/63 540/97/53 952/98/53
f 518/114/37 517/81/44 906/82/44
f 928/116/64 528/115/64 527/101/57
f 537/117/65 536/103/58 944/104/58
f 515/120/67 513/260/66 898/119/66
f 516/122/43 515/120/67 902/121/67
f 524/123/68 523/108/61 918/109/61
f 533/125/69 532/110/62 936/111/62
f 542/127/70 541/112/63 954/113/63
f 520/129/32 519/72/38 910/73/38
f 529/130/39 528/115/64 928/116/64
f 538/131/41 537/117/65 946/118/65
f 514/170/99 544/90/50 960/91/50
f 525/133/45 524/123/68 920/124/68
f 534/134/47 533/125/69 938/126/69
f 543/135/49 542/127/70 956/128/70
f 423/136/321 599/138/321 598/137/322
f 369/67/324 900/712/324 959/624/325
f 935/625/326 933/734/327 387/38/327
f 909/145/328 907/735/319 374/10/319
f 937/626/329 935/736/326 388/40/326
f 376/14/330 911/699/330 909/627/328
f 390/44/331 939/708/331 937/628/329
f 913/629/332 911/737/330 376/14/330
f 941/630/333 939/738/331 390/44/331
f 915/631/334 913/739/332 377/17/332
f 392/48/335 943/709/335 941/632/333
f 379/22/336 917/700/336 915/633/334
f 945/634/337 943/740/335 392/48/335
f 380/24/338 919/701/338 917/635/336
f 394/50/339 947/710/339 945/634/337
f 921/636/340 919/702/338 380/24/338
f 949/637/341 947/741/339 394/50/339
f 382/28/342 923/703/342 921/636/340
f 951/638/343 949/711/341 395/52/341
f 383/30/344 925/704/344 923/639/342
f 370/2/345 897/695/345 900/640/324
f 953/641/346 951/742/343 396/54/343
f 927/642/347 925/743/344 383/30/344
f 901/643/348 897/696/345 370/2/345
f 955/644/349 953/691/346 397/56/346
f 929/645/350 927/705/347 384/32/347
f 903/646/351 901/744/348 371/4/348
f 957/647/352 955/745/349 398/58/349
f 931/648/353 929/706/350 385/34/350
f 373/8/320 905/697/320 903/649/351
f 959/650/325 957/746/352 399/60/352
f 933/651/327 931/707/353 386/36/353
f 895/257/354 496/183/354 465/182/59
f 467/186/355 468/185/356 839/653/356
f 468/185/356 469/191/357 841/187/357
f 841/187/357 469/191/357 470/190/358
f 470/190/358 471/195/359 845/192/359
f 471/195/359 472/198/360 847/199/360
f 472/198/360 473/202/361 849/197/361
f 473/202/361 474/201/362 851/655/362
f 851/203/362 474/201/362 475/204/363
f 853/206/363 475/204/363 476/208/364
f 476/208/364 477/211/365 857/212/365
f 477/211/365 478/214/366 859/657/366
f 859/210/366 478/214/366 479/217/367
f 479/217/367 480/221/368 863/219/368
f 480/221/368 481/220/369 865/659/369
f 481/220/369 482/226/370 867/660/370
f 482/226/370 483/225/371 869/228/371
f 869/661/371 483/225/371 484/230/372
f 484/230/372 485/236/373 873/662/373
f 454/233/152 453/332/152 874/232/152
f 485/236/373 486/69/317 875/70/317
f 487/239/318 488/241/374 879/238/374
f 488/241/374 489/243/375 881/664/375
f 489/243/375 490/246/376 883/666/376
f 883/666/376 490/246/376 491/249/377
f 491/249/377 492/248/378 887/668/378
f 887/251/378 492/248/378 493/254/379
f 493/254/379 494/253/380 891/671/380
f 891/671/380 494/253/380 495/258/381
f 893/672/381 495/258/381 496/183/354
f 898/119/66 513/260/66 514/170/99
f 835/107/60 466/106/60 467/186/355
f 850/264/152 441/266/152 440/265/152
f 455/268/152 454/233/152 876/234/152
f 442/269/152 441/266/152 850/264/152
f 456/272/152 455/268/152 878/267/152
f 443/274/152 442/269/152 852/270/152
f 457/276/152 456/272/152 880/273/152
f 444/279/152 443/274/152 854/275/152
f 884/280/152 458/281/152 457/276/152
f 445/282/152 444/279/152 856/278/152
f 459/284/152 458/281/152 884/280/152
f 446/286/152 445/282/152 858/283/152
f 888/290/152 460/289/152 459/284/152
f 447/291/152 446/286/152 860/287/152
f 434/262/152 433/294/152 833/295/152
f 461/296/152 460/289/152 888/290/152
f 448/299/152 447/291/152 862/292/152
f 435/302/152 434/262/152 836/263/152
f 892/305/152 462/304/152 461/296/152
f 866/306/152 449/307/152 448/299/152
f 436/308/152 435/302/152 838/303/152
f 463/310/152 462/304/152 892/305/152
f 450/312/152 449/307/152 866/306/152
f 437/315/152 436/308/152 840/309/152
f 464/318/152 463/310/152 894/311/152
f 451/320/152 450/312/152 868/313/152
f 844/322/152 438/323/152 437/315/152
f 433/294/152 464/318/152 896/293/152
f 872/331/152 452/327/152 451/320/152
f 439/329/152 438/323/152 844/322/152
f 453/332/152 452/327/152 872/328/152
f 848/334/152 440/265/152 439/329/152
f 656/337/382 497/336/382 498/342/383
f 505/339/384 506/344/385 647/338/385
f 498/342/383 499/341/386 654/346/386
f 506/344/385 507/348/387 646/343/387
f 499/341/386 500/350/388 653/345/388
f 507/348/387 508/352/389 645/347/389
f 500/350/388 501/354/390 652/349/390
f 508/352/389 509/356/391 644/351/391
f 652/349/390 501/354/390 502/358/392
f 509/356/391 510/355/393 643/359/393
f 502/358/392 503/362/394 650/357/394
f 510/355/393 511/360/395 642/365/395
f 503/362/394 504/366/396 649/361/396
f 641/363/397 512/364/397 497/336/382
f 511/360/395 512/364/397 641/363/397
f 504/366/396 505/339/384 648/340/384
f 653/345/152 652/349/152 661/367/152
f 646/343/152 645/347/152 668/369/152
f 659/371/152 654/346/152 653/345/152
f 647/338/152 646/343/152 667/370/152
f 658/373/152 655/335/152 654/346/152
f 665/374/152 648/340/152 647/338/152
f 656/337/152 655/335/152 658/373/152
f 649/361/152 648/340/152 665/374/152
f 671/378/152 642/365/152 641/363/152
f 641/363/152 656/337/152 657/375/152
f 663/379/152 650/357/152 649/361/152
f 643/359/152 642/365/152 671/378/152
f 651/353/152 650/357/152 663/379/152
f 669/382/152 644/351/152 643/359/152
f 661/367/152 652/349/152 651/353/152
f 514/384/126 513/387/126 401/383/126
f 513/387/126 515/389/126 403/386/126
f 515/389/126 516/391/126 404/388/126
f 516/391/126 517/393/126 405/390/126
f 517/393/126 518/395/126 406/392/126
f 518/395/126 519/397/126 407/394/126
f 519/397/126 520/399/126 408/396/126
f 520/399/126 521/401/126 409/398/126
f 409/398/126 521/401/126 522/403/126
f 410/400/126 522/403/126 523/405/126
f 523/405/126 524/407/126 412/404/126
f 524/407/126 525/409/126 413/406/126
f 413/406/126 525/409/126 526/411/126
f 526/411/126 527/413/126 415/410/126
f 415/410/126 527/413/126 528/412/126
f 528/412/126 529/417/126 417/414/126
f 417/414/126 529/417/126 530/416/126
f 530/416/126 531/421/126 419/418/126
f 531/421/126 532/423/126 420/420/126
f 420/420/126 532/423/126 533/422/126
f 533/422/126 534/427/126 422/424/126
f 422/424/126 534/427/126 535/426/126
f 535/426/126 536/430/126 424/428/126
f 424/428/126 536/430/126 537/429/126
f 537/429/126 538/434/126 426/431/126
f 426/431/126 538/434/126 539/433/126
f 539/433/126 540/438/126 428/435/126
f 428/435/126 540/438/126 541/437/126
f 541/437/126 542/442/126 430/439/126
f 430/439/126 542/442/126 543/441/126
f 431/444/126 543/441/126 544/445/126
f 544/445/126 514/384/126 402/385/126
f 546/511/126 545/512/126 547/448/126
f 547/448/126 548/513/126 549/514/126
f 549/514/126 550/516/126 551/515/126
f 551/515/126 552/517/126 553/518/126
f 553/518/126 554/519/126 555/447/126
f 555/447/126 556/520/126 557/521/126
f 557/521/126 558/522/126 559/523/126
f 559/523/126 560/524/126 561/525/126
f 561/525/126 562/526/126 563/446/126
f 563/446/126 564/528/126 565/527/126
f 565/527/126 566/529/126 567/530/126
f 567/530/126 568/531/126 569/532/126
f 569/532/126 570/533/673 571/534/126
f 571/534/126 572/535/126 573/536/126
f 573/536/126 574/538/126 575/537/126
f 575/537/126 576/539/126 546/511/126
f 546/511/126 547/448/126 549/514/126
f 549/514/126 551/515/126 553/518/126
f 553/518/126 555/447/126 557/521/126
f 557/521/126 559/523/126 561/525/126
f 561/525/126 563/446/126 565/527/126
f 565/527/126 567/530/126 569/532/126
f 569/532/126 571/534/126 573/536/126
f 573/536/126 575/537/126 546/511/126
f 546/511/126 549/514/126 553/518/126
f 553/518/126 557/521/126 561/525/126
f 561/525/126 565/527/126 569/532/126
f 569/532/126 573/536/126 546/511/126
f 546/511/126 553/518/126 561/525/126
f 586/450/398 585/449/399 409/398/399
f 600/451/400 599/138/321 423/136/321
f 587/452/401 586/450/398 410/400/398
f 425/432/402 601/453/402 600/451/400
f 588/454/403 587/452/401 411/402/401
f 602/455/404 601/453/402 425/432/402
f 413/406/405 589/456/405 588/454/403
f 603/457/406 602/455/404 426/431/404
f 590/458/407 589/456/405 413/406/405
f 428/435/408 604/459/408 603/457/406
f 591/460/409 590/458/407 414/408/407
f 577/461/410 578/474/411 402/385/411
f 605/462/412 604/459/408 428/435/408
f 592/463/413 591/460/409 415/410/409
f 403/386/414 579/464/414 577/461/410
f 430/439/415 606/465/419 605/462/412
f 417/414/416 593/466/416 592/463/413
f 404/388/417 580/467/417 579/464/414
f 431/444/418 607/468/418 606/465/419
f 418/419/420 594/469/420 593/466/416
f 581/470/421 580/467/417 404/388/417
f 608/471/423 607/468/418 431/444/418
f 595/472/424 594/469/420 418/419/420
f 582/473/425 581/470/421 405/390/422
f 578/474/411 608/471/423 432/443/423
f 596/475/426 595/472/424 419/418/424
f 583/476/428 582/473/425 406/392/425
f 597/477/429 596/475/426 420/420/427
f 584/478/430 583/476/428 407/394/428
f 422/424/323 598/137/322 597/477/429
f 409/398/399 585/449/399 584/478/430
f 578/474/431 577/461/432 609/479/432
f 577/461/432 579/464/433 611/481/433
f 579/464/433 580/467/434 612/482/434
f 612/482/434 580/467/434 581/470/435
f 581/470/435 582/473/436 614/483/436
f 582/473/436 583/476/437 615/485/437
f 583/476/437 584/478/438 616/486/438
f 584/478/438 585/449/439 617/488/439
f 617/488/439 585/449/439 586/450/440
f 586/450/440 587/452/441 619/489/441
f 619/489/441 587/452/441 588/454/442
f 588/454/442 589/456/443 621/490/443
f 589/456/443 590/458/444 622/492/444
f 622/492/444 590/458/444 591/460/445
f 591/460/445 592/463/446 624/494/446
f 592/463/446 593/466/447 625/495/447
f 625/495/447 593/466/447 594/469/448
f 594/469/448 595/472/449 627/496/449
f 627/496/449 595/472/449 596/475/450
f 596/475/450 597/477/451 629/499/451
f 597/477/451 598/137/452 630/500/452
f 630/500/452 598/137/452 599/138/453
f 599/138/453 600/451/454 632/501/454
f 632/501/454 600/451/454 601/453/455
f 601/453/455 602/455/456 634/504/456
f 602/455/456 603/457/457 635/505/457
f 635/505/457 603/457/457 604/459/458
f 604/459/458 605/462/459 637/506/459
f 605/462/459 606/465/460 638/508/460
f 606/465/460 607/468/461 639/509/461
f 607/468/461 608/471/462 640/510/462
f 608/471/462 578/474/431 610/480/431
f 546/511/463 610/480/463 609/479/464
f 545/512/464 609/479/464 611/481/465
f 547/448/465 611/481/465 612/482/466
f 612/482/466 613/484/467 549/514/467
f 613/484/467 614/483/468 550/516/468
f 614/483/468 615/485/469 551/515/469
f 615/485/469 616/486/470 552/517/470
f 616/486/470 617/488/471 553/518/471
f 617/488/471 618/487/472 554/519/472
f 618/487/472 619/489/473 555/447/473
f 619/489/473 620/491/474 556/520/474
f 620/491/474 621/490/475 557/521/475
f 621/490/475 622/492/476 558/522/476
f 622/492/476 623/493/477 559/523/477
f 623/493/477 624/494/478 560/524/478
f 560/524/478 624/494/478 625/495/479
f 625/495/479 626/497/480 562/526/480
f 562/526/480 626/497/480 627/496/481
f 627/496/481 628/498/482 564/528/482
f 564/528/482 628/498/482 629/499/483
f 565/527/483 629/499/483 630/500/484
f 630/500/484 631/502/485 567/530/485
f 567/530/485 631/502/485 632/501/486
f 568/531/486 632/501/486 633/503/487
f 569/532/487 633/503/487 634/504/488
f 570/533/488 634/504/488 635/505/489
f 571/534/489 635/505/489 636/507/490
f 572/535/490 636/507/490 637/506/491
f 573/536/491 637/506/491 638/508/492
f 574/538/492 638/508/492 639/509/493
f 639/509/493 640/510/494 576/539/494
f 576/539/494 640/510/494 610/480/463
f 645/347/152 644/351/152 669/382/152
f 692/541/495 663/379/495 664/376/496
f 668/369/497 669/382/498 680/542/498
f 672/377/499 657/375/500 704/544/500
f 661/367/501 662/381/502 694/546/502
f 666/372/503 667/370/504 684/548/504
f 659/371/505 660/368/506 698/550/506
f 671/378/507 672/377/499 674/545/499
f 690/540/496 664/376/496 665/374/508
f 680/542/498 669/382/498 670/380/509
f 657/375/500 658/373/510 702/555/510
f 694/546/502 662/381/502 663/379/495
f 667/370/504 668/369/497 682/543/497
f 660/368/506 661/367/501 696/547/501
f 688/553/508 665/374/508 666/372/503
f 670/380/509 671/378/507 676/552/507
f 702/555/510 658/373/510 659/371/505
f 675/557/67 676/559/67 674/556/99
f 677/560/44 678/561/44 676/559/67
f 677/560/44 679/562/38 680/563/38
f 679/562/38 681/564/33 682/674/33
f 683/567/61 684/566/61 682/675/33
f 685/568/45 686/569/45 684/566/61
f 687/570/57 688/676/57 686/569/45
f 689/572/39 690/571/39 688/676/57
f 691/573/52 692/574/52 690/571/39
f 693/575/69 694/576/69 692/574/52
f 695/577/48 696/578/48 694/576/69
f 697/579/65 698/580/65 696/578/48
f 699/581/42 700/582/42 698/580/65
f 699/581/42 701/583/63 702/584/63
f 703/585/49 704/586/49 702/584/63
f 703/585/49 673/558/99 674/556/99
f 675/679/152 673/723/152 703/589/152
f 703/589/152 701/732/152 699/731/152
f 699/731/152 697/730/152 695/588/152
f 695/588/152 693/729/152 691/677/152
f 691/677/152 689/728/152 687/587/152
f 687/587/152 685/727/152 683/678/152
f 683/678/152 681/726/152 679/725/152
f 679/725/152 677/724/152 675/679/152
f 675/679/152 703/589/152 699/731/152
f 699/731/152 695/588/152 691/677/152
f 691/677/152 687/587/152 683/678/152
f 683/678/152 679/725/152 675/679/152
f 675/679/152 699/731/152 691/677/152
f 466/106/513 465/182/674 496/183/675
f 496/183/675 495/258/676 494/253/677
f 494/253/677 493/254/678 492/248/679
f 492/248/679 491/249/680 490/246/681
f 490/246/681 489/243/682 488/241/683
f 488/241/683 487/239/684 486/69/685
f 486/69/685 485/236/686 484/230/687
f 484/230/687 483/225/688 482/226/511
f 482/226/511 481/220/689 480/221/690
f 480/221/690 479/217/691 478/214/692
f 478/214/692 477/211/693 476/208/694
f 476/208/694 475/204/695 474/201/512
f 474/201/512 473/202/696 472/198/697
f 472/198/697 471/195/698 470/190/699
f 470/190/699 469/191/700 468/185/701
f 468/185/701 467/186/702 466/106/513
f 466/106/513 496/183/675 494/253/677
f 494/253/677 492/248/679 490/246/681
f 490/246/681 488/241/683 486/69/685
f 486/69/685 484/230/687 482/226/511
f 482/226/511 480/221/690 478/214/692
f 478/214/692 476/208/694 474/201/512
f 474/201/512 472/198/697 470/190/699
f 470/190/699 468/185/701 466/106/513
f 466/106/513 494/253/677 490/246/681
f 490/246/681 486/69/685 482/226/511
f 482/226/511 478/214/692 474/201/512
f 474/201/512 470/190/699 466/106/513
f 466/106/513 490/246/681 482/226/511
f 770/132/514 771/714/515 772/171/515
f 770/166/514 769/119/514 773/121/516
f 774/174/516 773/121/516 775/80/517
f 778/178/518 776/720/517 775/80/517
f 778/99/518 777/82/518 779/71/519
f 780/142/519 779/71/519 781/73/520
f 782/145/520 781/73/520 783/62/521
f 784/680/521 783/62/521 785/64/522
f 788/152/523 786/715/522 785/92/522
f 788/154/523 787/94/523 789/109/524
f 790/681/524 789/109/524 791/124/525
f 794/161/526 792/716/525 791/124/525
f 794/682/526 793/83/526 795/85/527
f 796/683/527 795/85/527 797/102/528
f 800/169/529 798/718/528 797/102/528
f 802/173/530 800/719/529 799/116/529
f 802/684/530 801/74/530 803/76/531
f 804/685/531 803/76/531 805/96/532
f 806/140/532 805/96/532 807/111/533
f 808/686/533 807/111/533 809/126/534
f 810/144/534 809/126/534 811/86/535
f 814/151/536 812/150/535 811/86/535
f 814/687/536 813/88/536 815/104/537
f 816/688/537 815/104/537 817/118/538
f 820/160/539 818/159/538 817/118/538
f 820/689/539 819/77/539 821/79/540
f 822/690/540 821/79/540 823/98/541
f 826/168/542 824/717/541 823/98/541
f 826/691/542 825/113/542 827/128/543
f 830/176/544 828/644/543 827/128/543
f 832/179/545 830/721/544 829/89/544
f 832/692/545 831/91/545 772/171/515
f 707/263/546 708/107/546 705/652/547
f 709/303/548 710/324/548 708/325/546
f 709/303/548 711/309/549 712/188/549
f 713/316/550 714/187/550 712/188/549
f 713/316/550 715/322/551 716/193/551
f 717/330/552 718/192/552 716/193/551
f 719/334/553 720/194/553 718/196/552
f 719/334/553 721/264/554 722/197/554
f 723/270/555 724/203/555 722/200/554
f 723/270/555 725/275/556 726/693/556
f 727/278/557 728/205/557 726/206/556
f 729/283/558 730/207/558 728/209/557
f 731/287/559 732/210/559 730/212/558
f 733/292/560 734/213/560 732/215/559
f 733/298/560 735/300/561 736/216/561
f 737/306/562 738/223/562 736/219/561
f 737/306/562 739/313/563 740/222/563
f 741/321/564 742/661/564 740/224/563
f 743/328/565 744/227/565 742/228/564
f 743/331/565 745/232/566 746/229/566
f 747/234/567 748/235/567 746/237/566
f 749/267/568 750/68/568 748/70/567
f 751/273/569 752/238/569 750/68/568
f 753/277/570 754/240/570 752/238/569
f 755/280/571 756/242/571 754/244/570
f 757/285/572 758/245/572 756/242/571
f 759/290/573 760/722/573 758/247/572
f 761/297/574 762/250/574 760/251/573
f 761/297/574 763/305/575 764/694/575
f 763/305/575 765/311/576 766/255/576
f 767/293/577 768/257/577 766/259/576
f 706/295/547 705/105/547 768/181/577
f 899/171/578 900/640/578 897/695/579
f 902/121/580 898/119/579 897/696/579
f 902/121/580 901/744/580 903/646/581
f 904/80/581 903/649/581 905/697/582
f 906/82/582 905/623/582 907/698/583
f 908/71/583 907/735/583 909/145/584
f 910/73/584 909/627/584 911/699/585
f 912/62/585 911/737/585 913/629/586
f 914/92/586 913/739/586 915/631/587
f 918/109/588 916/94/587 915/633/587
f 920/124/589 918/109/588 917/635/588
f 922/83/590 920/124/589 919/702/589
f 922/83/590 921/636/590 923/703/591
f 924/85/591 923/639/591 925/704/592
f 926/102/592 925/743/592 927/642/593
f 930/74/594 928/116/593 927/705/593
f 932/76/595 930/74/594 929/706/594
f 934/96/596 932/76/595 931/707/595
f 934/96/596 933/734/596 935/625/597
f 936/111/597 935/736/597 937/626/598
f 940/86/599 938/126/598 937/628/598
f 940/86/599 939/738/599 941/630/600
f 942/88/600 941/632/600 943/709/601
f 944/104/601 943/740/601 945/634/602
f 946/118/602 945/634/602 947/710/603
f 948/77/603 947/741/603 949/637/604
f 952/98/605 950/79/604 949/711/604
f 952/98/605 951/742/605 953/641/606
f 956/128/607 954/113/606 953/691/606
f 956/128/607 955/745/607 957/647/608
f 958/89/608 957/746/608 959/650/609
f 899/171/578 960/91/609 959/624/609
f 834/105/610 835/107/611 836/301/611
f 837/184/612 838/303/612 836/263/611
f 839/653/613 840/314/613 838/303/612
f 841/187/614 842/316/614 840/309/613
f 843/193/615 844/322/615 842/316/614
f 845/192/616 846/333/616 844/322/615
f 845/192/616 847/199/617 848/334/617
f 849/197/618 850/264/620 848/334/617
f 849/656/618 851/655/619 852/270/619
f 853/206/621 854/275/621 852/270/619
f 853/206/621 855/209/622 856/278/622
f 857/212/623 858/283/623 856/278/622
f 857/207/623 859/657/624 860/287/624
f 861/218/625 862/298/625 860/287/624
f 863/219/626 864/673/626 862/292/625
f 865/659/627 866/306/627 864/300/626
f 867/660/628 868/319/628 866/306/627
f 869/228/629 870/326/629 868/313/628
f 871/227/630 872/331/630 870/321/629
f 873/662/631 874/232/631 872/328/630
f 875/70/632 876/234/632 874/232/631
f 877/68/633 878/271/633 876/234/632
f 879/238/634 880/273/634 878/267/633
f 881/664/635 882/277/635 880/273/634
f 883/666/636 884/280/636 882/277/635
f 885/667/637 886/288/637 884/280/636
f 885/669/637 887/668/638 888/290/638
f 887/251/638 889/670/639 890/297/639
f 891/671/640 892/305/640 890/297/639
f 893/259/641 894/317/641 892/305/640
f 895/181/642 896/293/642 894/311/641
f 834/652/610 833/261/610 896/293/642
f 708/107/135 98/106/135 97/182/106
