# Blender 5.0.1
# www.blender.org
mtllib Bucket.mtl
g Bucket_Mesh
v 0.000000 0.000000 -0.170000
v 0.000000 0.400000 -0.194957
v 0.043999 0.000000 -0.164207
v 0.050459 0.400000 -0.188314
v 0.085000 0.000000 -0.147224
v 0.097478 0.400000 -0.168838
v 0.120208 0.000000 -0.120208
v 0.137855 0.400000 -0.137855
v 0.147224 0.000000 -0.085000
v 0.168838 0.400000 -0.097478
v 0.164207 0.000000 -0.043999
v 0.188314 0.400000 -0.050459
v 0.170000 0.000000 0.000000
v 0.194957 0.400000 0.000000
v 0.164207 0.000000 0.043999
v 0.188314 0.400000 0.050459
v 0.147224 0.000000 0.085000
v 0.168838 0.400000 0.097478
v 0.120208 0.000000 0.120208
v 0.137855 0.400000 0.137855
v 0.085000 0.000000 0.147224
v 0.097478 0.400000 0.168838
v 0.043999 0.000000 0.164207
v 0.050459 0.400000 0.188314
v 0.000000 0.000000 0.170000
v 0.000000 0.400000 0.194957
v -0.043999 0.000000 0.164207
v -0.050459 0.400000 0.188314
v -0.085000 0.000000 0.147224
v -0.097478 0.400000 0.168838
v -0.120208 0.000000 0.120208
v -0.137855 0.400000 0.137855
v -0.147224 0.000000 0.085000
v -0.168838 0.400000 0.097478
v -0.164207 0.000000 0.043999
v -0.188314 0.400000 0.050459
v -0.170000 0.000000 0.000000
v -0.194957 0.400000 0.000000
v -0.164207 0.000000 -0.043999
v -0.188314 0.400000 -0.050459
v -0.147224 0.000000 -0.085000
v -0.168838 0.400000 -0.097478
v -0.120208 0.000000 -0.120208
v -0.137855 0.400000 -0.137855
v -0.085000 0.000000 -0.147224
v -0.097478 0.400000 -0.168838
v -0.043999 0.000000 -0.164207
v -0.050459 0.400000 -0.188314
v 0.051764 0.400000 -0.193185
v 0.000000 0.400000 -0.200000
v 0.100000 0.400000 -0.173205
v 0.141421 0.400000 -0.141421
v 0.173205 0.400000 -0.100000
v 0.193185 0.400000 -0.051764
v 0.200000 0.400000 0.000000
v 0.193185 0.400000 0.051764
v 0.173205 0.400000 0.100000
v 0.141421 0.400000 0.141421
v 0.100000 0.400000 0.173205
v 0.051764 0.400000 0.193185
v 0.000000 0.400000 0.200000
v -0.051764 0.400000 0.193185
v -0.100000 0.400000 0.173205
v -0.141421 0.400000 0.141421
v -0.173205 0.400000 0.100000
v -0.193185 0.400000 0.051764
v -0.200000 0.400000 0.000000
v -0.193185 0.400000 -0.051764
v -0.173205 0.400000 -0.100000
v -0.141421 0.400000 -0.141421
v -0.100000 0.400000 -0.173205
v -0.051764 0.400000 -0.193185
v 0.042890 0.010000 -0.160067
v -0.000000 0.010000 -0.165713
v 0.082857 0.010000 -0.143512
v 0.117177 0.010000 -0.117177
v 0.143512 0.010000 -0.082857
v 0.160067 0.010000 -0.042890
v 0.165713 0.010000 0.000000
v 0.160067 0.010000 0.042890
v 0.143512 0.010000 0.082857
v 0.117177 0.010000 0.117177
v 0.082857 0.010000 0.143512
v 0.042890 0.010000 0.160067
v -0.000000 0.010000 0.165713
v -0.042890 0.010000 0.160067
v -0.082857 0.010000 0.143512
v -0.117177 0.010000 0.117177
v -0.143512 0.010000 0.082857
v -0.160067 0.010000 0.042890
v -0.165713 0.010000 0.000000
v -0.160067 0.010000 -0.042890
v -0.143512 0.010000 -0.082857
v -0.117177 0.010000 -0.117177
v -0.082857 0.010000 -0.143512
v -0.042890 0.010000 -0.160067
v 0.205475 0.392828 0.022172
v 0.197475 0.392828 0.022172
v 0.205475 0.394000 0.025000
v 0.197475 0.394000 0.025000
v 0.205475 0.392828 0.027828
v 0.197475 0.392828 0.027828
v 0.205475 0.390000 0.029000
v 0.197475 0.390000 0.029000
v 0.205475 0.387172 0.027828
v 0.197475 0.387172 0.027828
v 0.205475 0.386000 0.025000
v 0.197475 0.386000 0.025000
v 0.205475 0.387172 0.022172
v 0.197475 0.387172 0.022172
v 0.205475 0.390000 0.021000
v 0.197475 0.390000 0.021000
v 0.205475 0.392828 -0.027828
v 0.197475 0.392828 -0.027828
v 0.205475 0.394000 -0.025000
v 0.197475 0.394000 -0.025000
v 0.205475 0.392828 -0.022172
v 0.197475 0.392828 -0.022172
v 0.205475 0.390000 -0.021000
v 0.197475 0.390000 -0.021000
v 0.205475 0.387172 -0.022172
v 0.197475 0.387172 -0.022172
v 0.205475 0.386000 -0.025000
v 0.197475 0.386000 -0.025000
v 0.205475 0.387172 -0.027828
v 0.197475 0.387172 -0.027828
v 0.205475 0.390000 -0.029000
v 0.197475 0.390000 -0.029000
v 0.211551 0.409593 0.016015
v 0.211257 0.408083 0.014342
v 0.210968 0.406817 0.014053
v 0.210028 0.405229 0.019549
v 0.211569 0.409761 0.017366
v 0.205993 0.407330 0.014053
v 0.206284 0.408610 0.014342
v 0.206580 0.410131 0.016015
v 0.206598 0.410299 0.017366
v 0.205026 0.405715 0.019549
v 0.210968 0.406817 -0.014053
v 0.211257 0.408083 -0.014342
v 0.211551 0.409593 -0.016015
v 0.211569 0.409761 -0.017366
v 0.210028 0.405229 -0.019549
v 0.206579 0.410131 -0.016015
v 0.206284 0.408610 -0.014342
v 0.205992 0.407330 -0.014053
v 0.205025 0.405715 -0.019549
v 0.206598 0.410299 -0.017366
v 0.206734 0.401366 0.025579
v 0.201584 0.401636 0.025579
v 0.201584 0.401636 -0.025579
v 0.206734 0.401366 -0.025579
v 0.215790 0.448776 -0.014142
v 0.210819 0.449314 -0.014142
v 0.216420 0.454600 -0.000000
v 0.211449 0.455138 0.000000
v 0.215790 0.448776 0.014142
v 0.210819 0.449314 0.014142
v 0.214484 0.436704 0.020000
v 0.209513 0.437242 0.020000
v 0.214484 0.436704 -0.020000
v 0.209513 0.437242 -0.020000
v 0.215410 0.445261 -0.010607
v 0.210439 0.445799 -0.010607
v 0.215883 0.449629 -0.000000
v 0.210912 0.450167 0.000000
v 0.215410 0.445261 0.010607
v 0.210439 0.445799 0.010607
v 0.214269 0.434716 0.015000
v 0.209298 0.435254 0.015000
v 0.213128 0.424171 0.010607
v 0.208157 0.424709 0.010607
v 0.212655 0.419803 -0.000000
v 0.207684 0.420341 0.000000
v 0.213128 0.424171 -0.010607
v 0.208157 0.424709 -0.010607
v 0.214269 0.434716 -0.015000
v 0.209298 0.435254 -0.015000
v 0.199438 0.391670 -0.036657
v 0.198989 0.388679 -0.037552
v 0.198920 0.385688 -0.036657
v 0.200431 0.394233 -0.034106
v 0.199161 0.383152 -0.034106
v 0.201886 0.364332 -0.004503
v 0.201834 0.363737 -0.000000
v 0.201886 0.364332 0.004503
v 0.202032 0.366026 -0.008321
v 0.202032 0.366026 0.008320
v 0.198920 0.385688 0.036657
v 0.198989 0.388679 0.037552
v 0.199438 0.391670 0.036657
v 0.199161 0.383152 0.034106
v 0.200431 0.394233 0.034106
v 0.193939 0.386118 -0.036657
v 0.194007 0.389109 -0.037552
v 0.194456 0.392100 -0.036657
v 0.194179 0.383583 -0.034106
v 0.195379 0.394647 -0.034106
v 0.196904 0.364762 0.004503
v 0.196853 0.364167 -0.000000
v 0.196904 0.364762 -0.004503
v 0.197051 0.366456 0.008320
v 0.197051 0.366456 -0.008321
v 0.194456 0.392100 0.036657
v 0.194007 0.389109 0.037552
v 0.193939 0.386118 0.036657
v 0.195379 0.394647 0.034106
v 0.194179 0.383583 0.034106
v 0.212117 0.414832 -0.000000
v 0.207146 0.415370 0.000000
v 0.168000 0.000000 0.004000
v 0.195000 0.365000 0.004000
v 0.168000 0.000000 -0.004000
v 0.195000 0.365000 -0.004000
v 0.172000 0.000000 0.004000
v 0.199000 0.365000 0.004000
v 0.172000 0.000000 -0.004000
v 0.199000 0.365000 -0.004000
v 0.051764 0.405000 -0.193185
v 0.000000 0.405000 -0.200000
v 0.100000 0.405000 -0.173205
v 0.141421 0.405000 -0.141421
v 0.173205 0.405000 -0.100000
v 0.193185 0.405000 -0.051764
v 0.200000 0.405000 0.000000
v 0.193185 0.405000 0.051764
v 0.173205 0.405000 0.100000
v 0.141421 0.405000 0.141421
v 0.100000 0.405000 0.173205
v 0.051764 0.405000 0.193185
v 0.000000 0.405000 0.200000
v -0.051764 0.405000 0.193185
v -0.100000 0.405000 0.173205
v -0.141421 0.405000 0.141421
v -0.173205 0.405000 0.100000
v -0.193185 0.405000 0.051764
v -0.200000 0.405000 0.000000
v -0.193185 0.405000 -0.051764
v -0.173205 0.405000 -0.100000
v -0.141421 0.405000 -0.141421
v -0.100000 0.405000 -0.173205
v -0.051764 0.405000 -0.193185
v 0.050459 0.405000 -0.188314
v 0.000000 0.405000 -0.194957
v 0.097478 0.405000 -0.168838
v 0.137855 0.405000 -0.137855
v 0.168838 0.405000 -0.097478
v 0.188314 0.405000 -0.050459
v 0.194957 0.405000 0.000000
v 0.188314 0.405000 0.050459
v 0.168838 0.405000 0.097478
v 0.137855 0.405000 0.137855
v 0.097478 0.405000 0.168838
v 0.050459 0.405000 0.188314
v 0.000000 0.405000 0.194957
v -0.050459 0.405000 0.188314
v -0.097478 0.405000 0.168838
v -0.137855 0.405000 0.137855
v -0.168838 0.405000 0.097478
v -0.188314 0.405000 0.050459
v -0.194957 0.405000 0.000000
v -0.188314 0.405000 -0.050459
v -0.168838 0.405000 -0.097478
v -0.137855 0.405000 -0.137855
v -0.097478 0.405000 -0.168838
v -0.050459 0.405000 -0.188314
v 0.052540 0.400000 -0.196083
v 0.000000 0.400000 -0.203000
v 0.101500 0.400000 -0.175803
v 0.143543 0.400000 -0.143543
v 0.175803 0.400000 -0.101500
v 0.196083 0.400000 -0.052540
v 0.203000 0.400000 0.000000
v 0.196083 0.400000 0.052540
v 0.175803 0.400000 0.101500
v 0.143543 0.400000 0.143543
v 0.101500 0.400000 0.175803
v 0.052540 0.400000 0.196083
v 0.000000 0.400000 0.203000
v -0.052540 0.400000 0.196083
v -0.101500 0.400000 0.175803
v -0.143543 0.400000 0.143543
v -0.175803 0.400000 0.101500
v -0.196083 0.400000 0.052540
v -0.203000 0.400000 0.000000
v -0.196083 0.400000 -0.052540
v -0.175803 0.400000 -0.101500
v -0.143543 0.400000 -0.143543
v -0.101500 0.400000 -0.175803
v -0.052540 0.400000 -0.196083
v -0.143543 0.405000 0.143543
v 0.203000 0.405000 0.000000
v -0.196083 0.405000 -0.052540
v -0.203000 0.405000 0.000000
v 0.101500 0.405000 0.175803
v 0.143543 0.405000 0.143543
v 0.052540 0.405000 -0.196083
v 0.000000 0.405000 -0.203000
v -0.052540 0.405000 -0.196083
v -0.101500 0.405000 -0.175803
v -0.101500 0.405000 0.175803
v -0.052540 0.405000 0.196083
v 0.196083 0.405000 -0.052540
v 0.175803 0.405000 -0.101500
v 0.101500 0.405000 -0.175803
v 0.143543 0.405000 -0.143543
v 0.196083 0.405000 0.052540
v 0.175803 0.405000 0.101500
v 0.052540 0.405000 0.196083
v 0.000000 0.405000 0.203000
v -0.175803 0.405000 0.101500
v -0.196083 0.405000 0.052540
v -0.175803 0.405000 -0.101500
v -0.143543 0.405000 -0.143543
v 0.050565 0.295000 -0.188711
v 0.000000 0.295000 -0.195368
v 0.097684 0.295000 -0.169194
v 0.138146 0.295000 -0.138146
v 0.169194 0.295000 -0.097684
v 0.188711 0.295000 -0.050565
v 0.195368 0.295000 0.000000
v 0.188711 0.295000 0.050565
v 0.169194 0.295000 0.097684
v 0.138146 0.295000 0.138146
v 0.097684 0.295000 0.169194
v 0.050565 0.295000 0.188711
v 0.000000 0.295000 0.195368
v -0.050565 0.295000 0.188711
v -0.097684 0.295000 0.169194
v -0.138146 0.295000 0.138146
v -0.169194 0.295000 0.097684
v -0.188711 0.295000 0.050565
v -0.195368 0.295000 0.000000
v -0.188711 0.295000 -0.050565
v -0.169194 0.295000 -0.097684
v -0.138146 0.295000 -0.138146
v -0.097684 0.295000 -0.169194
v -0.050565 0.295000 -0.188711
v 0.049290 0.295000 -0.183953
v 0.000000 0.295000 -0.190442
v 0.095221 0.295000 -0.164927
v 0.134663 0.295000 -0.134663
v 0.164927 0.295000 -0.095221
v 0.183953 0.295000 -0.049290
v 0.190442 0.295000 0.000000
v 0.183953 0.295000 0.049290
v 0.164927 0.295000 0.095221
v 0.134663 0.295000 0.134663
v 0.095221 0.295000 0.164927
v 0.049290 0.295000 0.183953
v 0.000000 0.295000 0.190442
v -0.049290 0.295000 0.183953
v -0.095221 0.295000 0.164927
v -0.134663 0.295000 0.134663
v -0.164927 0.295000 0.095221
v -0.183953 0.295000 0.049290
v -0.190442 0.295000 0.000000
v -0.183953 0.295000 -0.049290
v -0.164927 0.295000 -0.095221
v -0.134663 0.295000 -0.134663
v -0.095221 0.295000 -0.164927
v -0.049290 0.295000 -0.183953
v 0.050565 0.305000 -0.188711
v 0.000000 0.305000 -0.195368
v 0.097684 0.305000 -0.169194
v 0.138146 0.305000 -0.138146
v 0.169194 0.305000 -0.097684
v 0.188711 0.305000 -0.050565
v 0.195368 0.305000 0.000000
v 0.188711 0.305000 0.050565
v 0.169194 0.305000 0.097684
v 0.138146 0.305000 0.138146
v 0.097684 0.305000 0.169194
v 0.050565 0.305000 0.188711
v 0.000000 0.305000 0.195368
v -0.050565 0.305000 0.188711
v -0.097684 0.305000 0.169194
v -0.138146 0.305000 0.138146
v -0.169194 0.305000 0.097684
v -0.188711 0.305000 0.050565
v -0.195368 0.305000 0.000000
v -0.188711 0.305000 -0.050565
v -0.169194 0.305000 -0.097684
v -0.138146 0.305000 -0.138146
v -0.097684 0.305000 -0.169194
v -0.050565 0.305000 -0.188711
v 0.049290 0.305000 -0.183953
v 0.000000 0.305000 -0.190442
v 0.095221 0.305000 -0.164927
v 0.134663 0.305000 -0.134663
v 0.164927 0.305000 -0.095221
v 0.183953 0.305000 -0.049290
v 0.190442 0.305000 0.000000
v 0.183953 0.305000 0.049290
v 0.164927 0.305000 0.095221
v 0.134663 0.305000 0.134663
v 0.095221 0.305000 0.164927
v 0.049290 0.305000 0.183953
v 0.000000 0.305000 0.190442
v -0.049290 0.305000 0.183953
v -0.095221 0.305000 0.164927
v -0.134663 0.305000 0.134663
v -0.164927 0.305000 0.095221
v -0.183953 0.305000 0.049290
v -0.190442 0.305000 0.000000
v -0.183953 0.305000 -0.049290
v -0.164927 0.305000 -0.095221
v -0.134663 0.305000 -0.134663
v -0.095221 0.305000 -0.164927
v -0.049290 0.305000 -0.183953
v 0.044432 0.000000 -0.165821
v 0.000000 0.000000 -0.171671
v 0.085835 0.000000 -0.148671
v 0.121390 0.000000 -0.121390
v 0.148671 0.000000 -0.085835
v 0.165821 0.000000 -0.044432
v 0.171671 0.000000 0.000000
v 0.165821 0.000000 0.044432
v 0.148671 0.000000 0.085835
v 0.121390 0.000000 0.121390
v 0.085835 0.000000 0.148671
v 0.044432 0.000000 0.165821
v 0.000000 0.000000 0.171671
v -0.044432 0.000000 0.165821
v -0.085835 0.000000 0.148671
v -0.121390 0.000000 0.121390
v -0.148671 0.000000 0.085835
v -0.165821 0.000000 0.044432
v -0.171671 0.000000 0.000000
v -0.165821 0.000000 -0.044432
v -0.148671 0.000000 -0.085835
v -0.121390 0.000000 -0.121390
v -0.085835 0.000000 -0.148671
v -0.044432 0.000000 -0.165821
v 0.043311 0.000000 -0.161640
v 0.000000 0.000000 -0.167342
v 0.083671 0.000000 -0.144923
v 0.118329 0.000000 -0.118329
v 0.144923 0.000000 -0.083671
v 0.161640 0.000000 -0.043311
v 0.167342 0.000000 0.000000
v 0.161640 0.000000 0.043311
v 0.144923 0.000000 0.083671
v 0.118329 0.000000 0.118329
v 0.083671 0.000000 0.144923
v 0.043311 0.000000 0.161640
v 0.000000 0.000000 0.167342
v -0.043311 0.000000 0.161640
v -0.083671 0.000000 0.144923
v -0.118329 0.000000 0.118329
v -0.144923 0.000000 0.083671
v -0.161640 0.000000 0.043311
v -0.167342 0.000000 0.000000
v -0.161640 0.000000 -0.043311
v -0.144923 0.000000 -0.083671
v -0.118329 0.000000 -0.118329
v -0.083671 0.000000 -0.144923
v -0.043311 0.000000 -0.161640
v 0.044432 0.010000 -0.165821
v 0.000000 0.010000 -0.171671
v 0.085835 0.010000 -0.148671
v 0.121390 0.010000 -0.121390
v 0.148671 0.010000 -0.085835
v 0.165821 0.010000 -0.044432
v 0.171671 0.010000 0.000000
v 0.165821 0.010000 0.044432
v 0.148671 0.010000 0.085835
v 0.121390 0.010000 0.121390
v 0.085835 0.010000 0.148671
v 0.044432 0.010000 0.165821
v 0.000000 0.010000 0.171671
v -0.044432 0.010000 0.165821
v -0.085835 0.010000 0.148671
v -0.121390 0.010000 0.121390
v -0.148671 0.010000 0.085835
v -0.165821 0.010000 0.044432
v -0.171671 0.010000 0.000000
v -0.165821 0.010000 -0.044432
v -0.148671 0.010000 -0.085835
v -0.121390 0.010000 -0.121390
v -0.085835 0.010000 -0.148671
v -0.044432 0.010000 -0.165821
v 0.043311 0.010000 -0.161640
v 0.000000 0.010000 -0.167342
v 0.083671 0.010000 -0.144923
v 0.118329 0.010000 -0.118329
v 0.144923 0.010000 -0.083671
v 0.161640 0.010000 -0.043311
v 0.167342 0.010000 0.000000
v 0.161640 0.010000 0.043311
v 0.144923 0.010000 0.083671
v 0.118329 0.010000 0.118329
v 0.083671 0.010000 0.144923
v 0.043311 0.010000 0.161640
v 0.000000 0.010000 0.167342
v -0.043311 0.010000 0.161640
v -0.083671 0.010000 0.144923
v -0.118329 0.010000 0.118329
v -0.144923 0.010000 0.083671
v -0.161640 0.010000 0.043311
v -0.167342 0.010000 0.000000
v -0.161640 0.010000 -0.043311
v -0.144923 0.010000 -0.083671
v -0.118329 0.010000 -0.118329
v -0.083671 0.010000 -0.144923
v -0.043311 0.010000 -0.161640
v -0.207146 0.415370 0.000000
v -0.212117 0.414832 -0.000000
v -0.194179 0.383583 0.034106
v -0.195379 0.394647 0.034106
v -0.193939 0.386118 0.036657
v -0.194007 0.389109 0.037552
v -0.194456 0.392100 0.036657
v -0.197051 0.366456 -0.008321
v -0.197051 0.366456 0.008320
v -0.196904 0.364762 -0.004503
v -0.196853 0.364167 -0.000000
v -0.196904 0.364762 0.004503
v -0.195379 0.394647 -0.034106
v -0.194179 0.383583 -0.034106
v -0.194456 0.392100 -0.036657
v -0.194007 0.389109 -0.037552
v -0.193939 0.386118 -0.036657
v -0.200431 0.394233 0.034106
v -0.199161 0.383152 0.034106
v -0.199438 0.391670 0.036657
v -0.198989 0.388679 0.037552
v -0.198920 0.385688 0.036657
v -0.202032 0.366026 0.008320
v -0.202032 0.366026 -0.008321
v -0.201886 0.364332 0.004503
v -0.201834 0.363737 -0.000000
v -0.201886 0.364332 -0.004503
v -0.199161 0.383152 -0.034106
v -0.200431 0.394233 -0.034106
v -0.198920 0.385688 -0.036657
v -0.198989 0.388679 -0.037552
v -0.199438 0.391670 -0.036657
v -0.209298 0.435254 -0.015000
v -0.214269 0.434716 -0.015000
v -0.208157 0.424709 -0.010607
v -0.213128 0.424171 -0.010607
v -0.207684 0.420341 0.000000
v -0.212655 0.419803 -0.000000
v -0.208157 0.424709 0.010607
v -0.213128 0.424171 0.010607
v -0.209298 0.435254 0.015000
v -0.214269 0.434716 0.015000
v -0.210439 0.445799 0.010607
v -0.215410 0.445261 0.010607
v -0.210912 0.450167 0.000000
v -0.215883 0.449629 -0.000000
v -0.210439 0.445799 -0.010607
v -0.215410 0.445261 -0.010607
v -0.209513 0.437242 -0.020000
v -0.214484 0.436704 -0.020000
v -0.209513 0.437242 0.020000
v -0.214484 0.436704 0.020000
v -0.210819 0.449314 0.014142
v -0.215790 0.448776 0.014142
v -0.211449 0.455138 0.000000
v -0.216420 0.454600 -0.000000
v -0.210819 0.449314 -0.014142
v -0.215790 0.448776 -0.014142
v -0.206734 0.401366 -0.025579
v -0.201584 0.401636 -0.025579
v -0.201584 0.401636 0.025579
v -0.206734 0.401366 0.025579
v -0.206598 0.410299 -0.017366
v -0.205025 0.405715 -0.019549
v -0.205992 0.407330 -0.014053
v -0.206284 0.408610 -0.014342
v -0.206579 0.410131 -0.016015
v -0.210028 0.405229 -0.019549
v -0.211569 0.409761 -0.017366
v -0.211551 0.409593 -0.016015
v -0.211257 0.408083 -0.014342
v -0.210968 0.406817 -0.014053
v -0.205026 0.405715 0.019549
v -0.206598 0.410299 0.017366
v -0.206580 0.410131 0.016015
v -0.206284 0.408610 0.014342
v -0.205993 0.407330 0.014053
v -0.211569 0.409761 0.017366
v -0.210028 0.405229 0.019549
v -0.210968 0.406817 0.014053
v -0.211257 0.408083 0.014342
v -0.211551 0.409593 0.016015
v -0.197475 0.390000 -0.029000
v -0.205475 0.390000 -0.029000
v -0.197475 0.387172 -0.027828
v -0.205475 0.387172 -0.027828
v -0.197475 0.386000 -0.025000
v -0.205475 0.386000 -0.025000
v -0.197475 0.387172 -0.022172
v -0.205475 0.387172 -0.022172
v -0.197475 0.390000 -0.021000
v -0.205475 0.390000 -0.021000
v -0.197475 0.392828 -0.022172
v -0.205475 0.392828 -0.022172
v -0.197475 0.394000 -0.025000
v -0.205475 0.394000 -0.025000
v -0.197475 0.392828 -0.027828
v -0.205475 0.392828 -0.027828
v -0.197475 0.390000 0.021000
v -0.205475 0.390000 0.021000
v -0.197475 0.387172 0.022172
v -0.205475 0.387172 0.022172
v -0.197475 0.386000 0.025000
v -0.205475 0.386000 0.025000
v -0.197475 0.387172 0.027828
v -0.205475 0.387172 0.027828
v -0.197475 0.390000 0.029000
v -0.205475 0.390000 0.029000
v -0.197475 0.392828 0.027828
v -0.205475 0.392828 0.027828
v -0.197475 0.394000 0.025000
v -0.205475 0.394000 0.025000
v -0.197475 0.392828 0.022172
v -0.205475 0.392828 0.022172
v -0.168000 0.000000 0.004000
v -0.195000 0.365000 0.004000
v -0.168000 0.000000 -0.004000
v -0.195000 0.365000 -0.004000
v -0.172000 0.000000 0.004000
v -0.199000 0.365000 0.004000
v -0.172000 0.000000 -0.004000
v -0.199000 0.365000 -0.004000
vn -0.0000 -0.0748 -0.9972
vn 0.2581 -0.0748 -0.9632
vn 0.4986 -0.0748 -0.8636
vn 0.7051 -0.0748 -0.7051
vn 0.8636 -0.0748 -0.4986
vn 0.9632 -0.0748 -0.2581
vn 0.9972 -0.0748 -0.0000
vn 0.9632 -0.0748 0.2581
vn 0.8636 -0.0748 0.4986
vn 0.7051 -0.0748 0.7051
vn 0.4986 -0.0748 0.8636
vn 0.2581 -0.0748 0.9632
vn -0.0000 -0.0748 0.9972
vn -0.2581 -0.0748 0.9632
vn -0.4986 -0.0748 0.8636
vn -0.7051 -0.0748 0.7051
vn -0.8636 -0.0748 0.4986
vn -0.9632 -0.0748 0.2581
vn -0.9972 -0.0748 -0.0000
vn -0.9632 -0.0748 -0.2581
vn -0.8636 -0.0748 -0.4986
vn -0.7051 -0.0748 -0.7051
vn -0.4986 -0.0748 -0.8636
vn -0.8654 0.0373 0.4997
vn -0.7051 0.0748 0.7051
vn -0.8636 0.0748 0.4986
vn -0.2581 -0.0748 -0.9632
vn -0.0000 -1.0000 -0.0000
vn -0.0000 1.0000 -0.0000
vn 0.8654 0.0373 -0.4997
vn 0.7071 -0.0000 -0.7071
vn 0.7066 0.0373 -0.7066
vn -0.4997 0.0373 0.8654
vn -0.2588 -0.0000 0.9659
vn -0.2586 0.0373 0.9653
vn 0.5000 -0.0000 -0.8660
vn 0.4997 0.0373 -0.8654
vn -0.0000 -0.0000 1.0000
vn -0.0000 0.0373 0.9993
vn 0.2588 -0.0000 -0.9659
vn 0.2586 0.0373 -0.9653
vn -0.0000 -0.0000 -1.0000
vn -0.0000 0.0373 -0.9993
vn -0.2588 -0.0000 -0.9659
vn -0.2586 0.0373 -0.9653
vn -0.5000 -0.0000 -0.8660
vn -0.4997 0.0373 -0.8654
vn 0.2588 -0.0000 0.9659
vn 0.2586 0.0373 0.9653
vn -0.7071 -0.0000 -0.7071
vn -0.7066 0.0373 -0.7066
vn 0.5000 -0.0000 0.8660
vn 0.4997 0.0373 0.8654
vn 0.9993 0.0373 -0.0000
vn 0.9632 0.0748 0.2581
vn 0.9653 0.0373 0.2586
vn -0.0000 0.0748 -0.9972
vn -0.9632 0.0748 0.2581
vn -0.9653 0.0373 0.2586
vn 0.8636 0.0748 0.4986
vn 0.8654 0.0373 0.4997
vn 0.2581 0.0748 -0.9632
vn -0.9972 0.0748 -0.0000
vn -0.9993 0.0373 -0.0000
vn 0.7051 0.0748 0.7051
vn 0.7066 0.0373 0.7066
vn 0.4986 0.0748 -0.8636
vn -0.9632 0.0748 -0.2581
vn -0.9653 0.0373 -0.2586
vn 0.4986 0.0748 0.8636
vn 0.7051 0.0748 -0.7051
vn -0.8636 0.0748 -0.4986
vn -0.8654 0.0373 -0.4997
vn 0.2581 0.0748 0.9632
vn -0.2581 0.0748 0.9632
vn 0.8636 0.0748 -0.4986
vn -0.7051 0.0748 -0.7051
vn -0.0000 0.0748 0.9972
vn -0.4986 0.0748 0.8636
vn 0.9632 0.0748 -0.2581
vn 0.9653 0.0373 -0.2586
vn -0.4986 0.0748 -0.8636
vn -0.7066 0.0373 0.7066
vn 0.9972 0.0748 -0.0000
vn -0.2581 0.0748 -0.9632
vn -0.0000 0.7071 -0.7071
vn -0.0000 0.9239 -0.3827
vn 1.0000 -0.0000 -0.0000
vn -0.0000 0.7071 0.7071
vn -0.0000 0.9239 0.3827
vn -0.0000 -0.7071 0.7071
vn -0.0000 -0.9239 0.3827
vn -0.0000 -0.7071 -0.7071
vn -0.0000 -0.9239 -0.3827
vn 0.9942 -0.1076 -0.0000
vn 0.9770 -0.2126 0.0133
vn 0.9823 -0.1875 0.0046
vn 0.9939 -0.1101 -0.0003
vn 0.9796 -0.1991 0.0260
vn 0.9933 -0.1156 -0.0018
vn -0.9942 0.1076 -0.0000
vn -0.9817 0.1878 -0.0317
vn -0.0104 -0.0962 0.9953
vn 0.0189 0.1744 0.9845
vn 0.0496 0.7950 0.6046
vn 0.0671 0.8182 0.5711
vn 0.0436 0.7757 0.6296
vn -0.9940 0.1091 -0.0011
vn -0.9808 0.1949 -0.0019
vn -0.9877 0.1564 0.0018
vn 0.9808 -0.1949 -0.0018
vn 0.9322 -0.3610 0.0255
vn 0.9940 -0.1091 -0.0011
vn 0.9877 -0.1566 0.0018
vn 0.9818 -0.1873 -0.0309
vn 0.8289 -0.5592 0.0156
vn 0.9425 -0.3132 -0.1163
vn 0.9080 -0.4187 -0.0157
vn 0.0496 0.7950 -0.6046
vn 0.0671 0.8182 -0.5711
vn 0.0796 0.8191 -0.5682
vn 0.0189 0.1744 -0.9845
vn -0.0104 -0.0962 -0.9953
vn -0.8293 0.5585 -0.0193
vn -0.9106 0.4124 0.0260
vn -0.8655 0.5007 -0.0110
vn -0.9795 0.1996 0.0272
vn -0.9294 0.3687 -0.0168
vn -0.9939 0.1101 -0.0003
vn -0.9933 0.1156 -0.0018
vn -0.9768 0.2138 0.0135
vn -0.9821 0.1883 0.0051
vn 0.0432 0.4196 0.9067
vn 0.0430 0.4195 0.9067
vn 0.0455 0.4209 0.9060
vn 0.0430 0.4195 -0.9067
vn 0.0432 0.4196 -0.9067
vn 0.0455 0.4209 -0.9060
vn -0.7748 0.6300 -0.0529
vn 0.0569 0.7278 0.6834
vn 0.0598 0.7163 0.6952
vn 0.0569 0.7278 -0.6834
vn 0.0436 0.7757 -0.6296
vn 0.0467 0.4320 -0.9007
vn 0.0994 0.9185 -0.3827
vn 0.0994 0.9185 0.3827
vn 0.0467 0.4320 0.9007
vn 0.9994 -0.0253 0.0237
vn 0.9871 -0.0986 0.1264
vn -0.0412 -0.3805 0.9239
vn -0.0994 -0.9185 0.3827
vn -0.0994 -0.9185 -0.3827
vn -0.0412 -0.3805 -0.9239
vn 0.0412 0.3805 -0.9239
vn 0.0412 0.3805 0.9239
vn -0.0754 -0.8734 -0.4811
vn -0.0675 -0.7817 -0.6200
vn -0.0757 -0.8768 -0.4748
vn -0.0754 -0.8734 0.4811
vn -0.0675 -0.7817 0.6200
vn -0.0666 -0.7711 0.6332
vn 0.0439 0.5203 0.8529
vn 0.0420 0.4864 0.8727
vn 0.0245 0.2834 0.9587
vn -0.0433 -0.5013 0.8642
vn -0.0247 -0.2863 0.9578
vn -0.0456 -0.5275 0.8483
vn -0.0456 -0.5275 -0.8483
vn -0.0666 -0.7711 -0.6332
vn -0.0433 -0.5013 -0.8642
vn -0.0247 -0.2863 -0.9578
vn 0.0420 0.4864 -0.8727
vn 0.0245 0.2834 -0.9587
vn 0.0598 0.7163 -0.6952
vn 0.0439 0.5203 -0.8529
vn -0.0828 -0.9587 -0.2720
vn -0.0860 -0.9963 -0.0000
vn -0.0828 -0.9587 0.2720
vn 0.9973 -0.0738 -0.0000
vn -0.0757 -0.8768 0.4748
vn -0.5000 -0.0000 0.8660
vn 0.8660 -0.0000 -0.5000
vn -0.7071 -0.0000 0.7071
vn 0.9659 -0.0000 -0.2588
vn -0.8660 -0.0000 0.5000
vn -0.9659 -0.0000 0.2588
vn 0.9659 -0.0000 0.2588
vn -1.0000 -0.0000 -0.0000
vn 0.8660 -0.0000 0.5000
vn -0.9659 -0.0000 -0.2588
vn 0.7071 -0.0000 0.7071
vn -0.8660 -0.0000 -0.5000
vn 0.0828 -0.9587 0.2720
vn 0.0754 -0.8734 0.4811
vn 0.0757 -0.8768 0.4748
vn 0.0861 -0.9963 -0.0000
vn 0.0828 -0.9587 -0.2720
vn 0.0860 -0.9963 -0.0000
vn 0.0757 -0.8768 -0.4748
vn -0.0598 0.7163 -0.6952
vn -0.0439 0.5203 -0.8529
vn -0.0569 0.7278 -0.6834
vn -0.0420 0.4864 -0.8727
vn -0.0245 0.2834 -0.9587
vn 0.0433 -0.5013 -0.8642
vn 0.0247 -0.2863 -0.9578
vn 0.0666 -0.7711 -0.6332
vn 0.0456 -0.5275 -0.8483
vn 0.0666 -0.7711 0.6332
vn 0.0456 -0.5275 0.8483
vn 0.0675 -0.7817 0.6200
vn 0.0433 -0.5013 0.8642
vn 0.0247 -0.2863 0.9578
vn -0.0420 0.4864 0.8727
vn -0.0245 0.2834 0.9587
vn -0.0598 0.7163 0.6952
vn -0.0439 0.5203 0.8529
vn 0.0754 -0.8734 -0.4811
vn 0.0675 -0.7817 -0.6200
vn -0.0412 0.3805 0.9239
vn -0.0994 0.9185 0.3827
vn -0.0994 0.9185 -0.3827
vn -0.0412 0.3805 -0.9239
vn 0.0412 -0.3805 -0.9239
vn 0.0994 -0.9185 -0.3827
vn 0.0994 -0.9185 0.3827
vn 0.0412 -0.3805 0.9239
vn -0.9988 0.0482 0.0065
vn -0.9674 -0.2327 -0.0995
vn -0.9872 -0.0910 -0.1307
vn -0.0467 0.4320 0.9007
vn -0.0189 0.1744 0.9845
vn -0.0467 0.4320 -0.9007
vn -0.0189 0.1744 -0.9845
vn 0.9942 0.1076 -0.0000
vn -0.9942 -0.1076 -0.0000
vn -0.0436 0.7757 -0.6296
vn -0.0569 0.7278 0.6834
vn -0.0436 0.7757 0.6296
vn -0.0496 0.7950 0.6046
vn 0.9818 0.1887 0.0205
vn 0.9091 0.4160 0.0206
vn 0.7745 0.6304 -0.0521
vn -0.9082 -0.4183 -0.0159
vn -0.9868 -0.1616 -0.0028
vn -0.9818 -0.1877 -0.0303
vn 0.9295 0.3684 -0.0171
vn 0.9869 0.1615 -0.0028
vn 0.9817 0.1881 -0.0310
vn -0.9820 -0.1880 0.0200
vn -0.9342 -0.3565 0.0122
vn -0.8286 -0.5596 0.0164
vn -0.0430 0.4195 -0.9067
vn -0.0432 0.4196 -0.9067
vn -0.0407 0.4182 -0.9074
vn -0.0430 0.4195 0.9067
vn -0.0432 0.4196 0.9067
vn -0.0455 0.4209 0.9060
vn 0.9932 0.1168 -0.0000
vn 0.9793 0.2024 -0.0090
vn 0.9793 0.2024 0.0090
vn 0.6751 0.7273 -0.1232
vn 0.8293 0.5585 -0.0193
vn 0.0104 -0.0962 -0.9953
vn -0.0496 0.7950 -0.6046
vn -0.0671 0.8182 -0.5711
vn -0.7534 -0.6576 0.0042
vn -0.9927 -0.1209 0.0009
vn -0.9793 -0.2024 -0.0085
vn -0.0671 0.8182 0.5711
vn -0.0796 0.8191 0.5682
vn 0.0104 -0.0962 0.9953
vn -0.9973 -0.0738 -0.0000
vn 0.0796 0.8191 0.5682
vn 0.7521 -0.6591 -0.0000
vn 0.7647 -0.6421 0.0547
vn -0.8607 0.5091 -0.0054
vn 0.0407 0.4182 0.9074
vn 0.0407 0.4182 -0.9074
vn 0.9458 0.3065 -0.1068
vn 0.9963 -0.0860 -0.0000
vn 0.9545 0.2814 0.0990
vn 0.9882 -0.0516 -0.1443
vn 0.9375 -0.1848 -0.2948
vn 0.9747 -0.0843 -0.2071
vn 0.8625 -0.0257 -0.5054
vn 0.2954 0.6139 -0.7320
vn 0.9504 -0.3001 0.0813
vn 0.9455 -0.0454 0.3224
vn 0.9839 -0.0716 0.1638
vn 0.9953 -0.0223 0.0944
vn -0.9963 -0.0861 -0.0000
vn -0.9963 -0.0860 -0.0000
vn -0.9882 -0.0516 0.1443
vn -0.9820 -0.0827 0.1699
vn -0.9747 -0.0843 0.2071
vn -0.9796 -0.1491 0.1349
vn -0.2954 0.6139 0.7320
vn -0.7915 -0.6111 0.0066
vn -0.9455 -0.0454 -0.3225
vn -0.9681 -0.0999 -0.2299
vn -0.9839 -0.0716 -0.1638
vn -0.7963 0.5409 0.2706
vn -0.9932 0.1165 -0.0038
vn 0.9768 0.2138 0.0134
vn -0.7647 -0.6421 0.0547
vn -0.9770 -0.2126 0.0133
vn -0.9784 -0.2066 -0.0031
vn -0.0455 0.4209 -0.9060
vn -0.0407 0.4182 0.9074
vn 0.6712 0.7336 0.1059
vn -0.0796 0.8191 -0.5682
vt 1.000000 1.000000
vt 0.958333 0.500000
vt 1.000000 0.500000
vt 0.958333 1.000000
vt 0.916667 0.500000
vt 0.916667 1.000000
vt 0.875000 0.500000
vt 0.875000 1.000000
vt 0.833333 0.500000
vt 0.833333 1.000000
vt 0.791667 0.500000
vt 0.791667 1.000000
vt 0.750000 0.500000
vt 0.750000 1.000000
vt 0.708333 0.500000
vt 0.708333 1.000000
vt 0.666667 0.500000
vt 0.666667 1.000000
vt 0.625000 0.500000
vt 0.625000 1.000000
vt 0.583333 0.500000
vt 0.583333 1.000000
vt 0.541666 0.500000
vt 0.500000 1.000000
vt 0.500000 0.500000
vt 0.458333 0.500000
vt 0.458333 1.000000
vt 0.416666 0.500000
vt 0.416666 1.000000
vt 0.375000 0.500000
vt 0.375000 1.000000
vt 0.333333 0.500000
vt 0.333333 1.000000
vt 0.291667 0.500000
vt 0.291667 1.000000
vt 0.250000 0.500000
vt 0.250000 1.000000
vt 0.208333 0.500000
vt 0.166666 1.000000
vt 0.166666 0.500000
vt 0.125000 0.500000
vt 0.125000 1.000000
vt 0.083333 0.500000
vt 0.452605 0.366974
vt 0.415426 0.415426
vt 0.083333 1.000000
vt 0.041666 0.500000
vt -0.000000 1.000000
vt -0.000000 0.500000
vt 0.981822 0.187883
vt 0.580294 0.080294
vt 0.687883 0.481822
vt 0.312117 0.018178
vt 0.250000 0.010000
vt 0.047395 0.133026
vt 0.084574 0.084574
vt 0.366974 0.452605
vt 0.310550 0.475977
vt 0.133026 0.047395
vt 0.208333 1.000000
vt 0.541666 1.000000
vt 0.250000 0.483948
vt 0.189450 0.024023
vt 0.370000 0.042154
vt 0.250000 0.490000
vt 0.187883 0.481822
vt 0.041666 1.000000
vt 0.250000 0.016052
vt 0.310550 0.024023
vt 0.419706 0.080294
vt 0.366974 0.047395
vt 0.189450 0.475977
vt 0.130000 0.457846
vt 0.457846 0.130000
vt 0.415426 0.084574
vt 0.133026 0.452605
vt 0.016052 0.250000
vt 0.024023 0.310550
vt 0.475977 0.310550
vt 0.047395 0.366974
vt 0.483948 0.250000
vt 0.084574 0.415426
vt 0.475977 0.189450
vt 0.452605 0.133026
vt 0.024023 0.189450
vt 0.375000 0.500000
vt 0.625000 0.250000
vt 0.375000 0.250000
vt 0.125000 1.000000
vt 0.000000 0.500000
vt 0.125000 0.500000
vt 0.250000 1.000000
vt 0.250000 0.500000
vt 0.010000 0.250000
vt 0.490000 0.250000
vt 0.375000 1.000000
vt 0.500000 1.000000
vt 0.500000 0.500000
vt 0.625000 1.000000
vt 0.625000 0.500000
vt 0.750000 1.000000
vt 0.750000 0.500000
vt 0.875000 1.000000
vt 0.875000 0.500000
vt 0.611720 1.000000
vt 0.644871 1.000000
vt 0.611720 0.500000
vt 0.474272 0.750000
vt 0.509806 1.000000
vt 0.474272 1.000000
vt 0.636779 0.500000
vt 0.621029 0.500000
vt 0.863222 1.000000
vt 0.646990 1.000000
vt 0.878971 1.000000
vt 0.888280 1.000000
vt 0.509806 0.750000
vt 0.625000 0.599272
vt 0.616161 0.658353
vt 0.875000 0.634806
vt 0.625000 0.634806
vt 0.888280 0.500000
vt 0.610291 0.548792
vt 0.853010 0.636363
vt 0.875000 0.599272
vt 0.855129 0.500000
vt 0.639660 0.504384
vt 0.625000 0.953841
vt 0.875000 0.953840
vt 0.524515 0.750000
vt 0.864005 1.000000
vt 0.855130 0.637631
vt 0.867390 0.644964
vt 0.424029 0.750000
vt 0.424029 1.000000
vt 0.625000 0.549029
vt 0.000000 1.000000
vt 0.379787 0.504787
vt 0.379787 0.745213
vt 0.424029 0.250000
vt 0.575971 0.500000
vt 0.424029 0.500000
vt 0.125000 0.549029
vt 0.375000 0.700971
vt 0.125000 0.700971
vt 0.406223 0.748756
vt 0.406702 1.000000
vt 0.125000 0.718298
vt 0.125000 0.750000
vt 0.376244 0.718777
vt 0.593777 0.501244
vt 0.575971 0.250000
vt 0.593777 0.248756
vt 0.620213 0.504787
vt 0.617820 0.242820
vt 0.875000 0.531702
vt 0.875000 0.549029
vt 0.623756 0.531224
vt 0.404309 0.248756
vt 0.404309 0.501244
vt 0.125000 0.528831
vt 0.376244 0.529309
vt 0.375000 0.750000
vt 0.375000 0.549029
vt 0.312117 0.481822
vt 0.370000 0.457846
vt 0.457846 0.370000
vt 0.419706 0.419706
vt 0.481822 0.312117
vt 0.481822 0.187883
vt 0.130000 0.042154
vt 0.187883 0.018178
vt 0.042154 0.130000
vt 0.080294 0.080294
vt 0.018178 0.187883
vt 0.018178 0.312117
vt 0.042154 0.370000
vt 0.080294 0.419706
vt 0.382180 0.242820
vt 0.528934 0.745581
vt 0.853010 0.500000
vt 0.625000 0.750000
vt 0.750000 0.490000
vt 0.812117 0.481822
vt 0.870000 0.457846
vt 0.919706 0.419706
vt 0.957846 0.370000
vt 0.981822 0.312117
vt 0.990000 0.250000
vt 0.957846 0.130000
vt 0.919706 0.080294
vt 0.870000 0.042154
vt 0.812117 0.018178
vt 0.750000 0.010000
vt 0.687883 0.018178
vt 0.630000 0.042154
vt 0.542154 0.130000
vt 0.518178 0.187883
vt 0.510000 0.250000
vt 0.518178 0.312117
vt 0.542154 0.370000
vt 0.580294 0.419706
vt 0.630000 0.457846
vt 0.875000 0.649514
s 1
f 50/1/1 3/2/2 1/3/1
f 49/4/2 5/5/3 3/2/2
f 51/6/3 7/7/4 5/5/3
f 52/8/4 9/9/5 7/7/4
f 53/10/5 11/11/6 9/9/5
f 54/12/6 13/13/7 11/11/6
f 55/14/7 15/15/8 13/13/7
f 56/16/8 17/17/9 15/15/8
f 57/18/9 19/19/10 17/17/9
f 58/20/10 21/21/11 19/19/10
f 59/22/11 23/23/12 21/21/11
f 23/23/12 61/24/13 25/25/13
f 61/24/13 27/26/14 25/25/13
f 62/27/14 29/28/15 27/26/14
f 63/29/15 31/30/16 29/28/15
f 64/31/16 33/32/17 31/30/16
f 65/33/17 35/34/18 33/32/17
f 66/35/18 37/36/19 35/34/18
f 67/37/19 39/38/20 37/36/19
f 39/38/20 69/39/21 41/40/21
f 69/39/21 43/41/22 41/40/21
f 70/42/22 45/43/23 43/41/22
f 10/44/24 76/45/25 77/44/26
f 71/46/23 47/47/27 45/43/23
f 47/47/27 50/48/1 1/49/1
f 15/50/28 31/51/28 47/52/28
f 230/53/29 310/54/29 309/53/29
f 34/55/30 258/56/31 32/56/32
f 6/57/33 243/58/34 4/58/35
f 32/56/32 257/59/36 30/59/37
f 68/60/28 287/39/28 69/39/28
f 59/22/28 278/61/28 60/61/28
f 49/4/28 269/6/28 51/6/28
f 4/58/35 244/62/38 2/62/39
f 30/59/37 256/63/40 28/63/41
f 230/53/29 295/64/29 229/64/29
f 220/65/29 299/66/29 242/66/29
f 50/48/28 290/67/28 268/48/28
f 28/63/41 255/68/42 26/68/43
f 26/68/43 254/69/44 24/69/45
f 63/29/28 282/31/28 64/31/28
f 229/64/29 296/70/29 228/70/29
f 24/69/45 253/71/46 22/71/47
f 2/62/39 266/72/48 48/72/49
f 54/12/28 273/14/28 55/14/28
f 242/66/29 300/73/29 241/73/29
f 228/70/29 308/74/29 227/74/29
f 67/37/28 286/60/28 68/60/28
f 22/71/47 252/75/50 20/75/51
f 48/72/49 265/76/52 46/76/53
f 91/77/29 83/71/29 75/57/29
f 38/77/54 92/78/55 40/78/56
f 24/69/45 85/68/57 26/68/43
f 10/44/24 78/79/58 12/79/59
f 40/78/56 93/80/60 42/80/61
f 26/68/43 86/63/62 28/63/41
f 12/79/59 79/81/63 14/81/64
f 42/80/61 94/82/65 44/82/66
f 28/63/41 87/59/67 30/59/37
f 14/81/64 80/83/68 16/83/69
f 44/82/66 95/76/70 46/76/53
f 30/59/37 88/56/71 32/56/32
f 16/83/69 81/84/72 18/84/73
f 48/72/49 95/76/70 96/72/74
f 2/62/39 73/58/75 4/58/35
f 32/56/32 89/55/76 34/55/30
f 18/84/73 82/75/77 20/75/51
f 48/72/49 74/62/78 2/62/39
f 4/58/35 75/57/79 6/57/33
f 34/55/30 90/85/80 36/85/81
f 22/71/47 82/75/77 83/71/82
f 6/57/33 76/45/25 8/45/83
f 36/85/81 91/77/84 38/77/54
f 22/71/47 84/69/85 24/69/45
s 0
f 627/86/42 624/87/42 623/88/42
s 1
f 97/89/86 112/90/42 98/91/86
f 99/92/87 98/91/86 100/93/87
f 99/94/88 103/54/88 107/95/88
f 101/96/89 100/93/90 102/86/89
f 103/97/38 102/86/89 104/98/38
f 105/99/91 104/98/38 106/100/91
f 107/101/92 106/100/91 108/102/92
f 109/103/93 108/102/94 110/104/93
f 111/1/42 110/104/93 112/3/42
f 113/89/86 128/90/42 114/91/86
f 115/92/87 114/91/86 116/93/87
f 115/94/88 119/54/88 123/95/88
f 117/96/89 116/93/90 118/86/89
f 119/97/38 118/86/89 120/98/38
f 121/99/91 120/98/38 122/100/91
f 123/101/92 122/100/91 124/102/92
f 125/103/93 124/102/94 126/104/93
f 127/1/42 126/104/93 128/3/42
f 169/97/95 133/105/96 129/99/97
f 171/99/98 130/106/99 209/101/100
f 172/100/101 137/107/102 160/98/101
f 133/105/103 160/98/104 137/107/103
f 149/108/105 138/109/106 150/110/107
f 174/102/108 135/111/109 136/112/110
f 140/113/111 130/106/99 131/114/112
f 173/101/113 140/113/111 141/115/114
f 175/103/95 142/116/115 161/1/95
f 132/117/116 152/118/117 139/119/118
f 152/118/119 147/120/120 143/121/121
f 162/3/122 142/116/123 148/122/123
f 138/123/124 146/124/125 151/125/126
f 145/126/127 134/127/128 135/111/109
f 176/104/129 145/126/127 210/102/130
f 178/3/101 148/122/131 144/104/132
f 137/107/133 132/128/134 133/105/135
f 143/129/136 148/122/137 142/116/138
f 132/117/116 130/130/99 129/130/97
f 137/107/102 135/111/109 134/127/128
f 142/116/115 140/113/111 139/131/118
f 147/120/139 145/132/127 144/133/132
f 193/134/140 150/110/107 207/135/141
f 182/136/142 151/125/143 152/118/119
f 165/92/95 157/96/95 167/96/95
f 168/86/101 156/93/101 166/93/101
f 163/89/95 161/137/95 153/89/95
f 164/91/101 162/90/101 178/90/101
f 167/96/95 159/97/95 169/97/95
f 168/86/101 160/98/101 158/86/101
f 165/92/95 153/89/95 155/92/95
f 164/91/101 156/93/101 154/91/101
f 154/91/144 161/137/122 162/90/122
f 155/92/145 154/91/145 156/93/145
f 157/96/146 156/93/146 158/86/146
f 159/97/104 158/86/147 160/98/104
f 185/138/148 152/118/117 190/139/149
f 178/90/150 163/89/150 164/91/150
f 164/91/151 165/92/151 166/93/151
f 168/86/152 165/92/152 167/96/152
f 170/98/153 167/96/153 169/97/153
f 172/100/154 169/97/154 171/99/154
f 172/100/145 173/101/145 174/102/145
f 174/102/146 175/103/146 176/104/146
f 176/104/155 177/1/155 178/3/155
f 203/140/156 183/141/157 187/142/158
f 202/143/159 192/144/160 208/145/161
f 191/146/162 207/135/141 204/147/163
f 190/139/164 204/147/163 205/96/164
f 206/148/165 190/139/166 205/149/166
f 208/145/161 189/150/167 206/148/165
f 181/151/168 197/152/169 194/153/170
f 180/154/171 194/153/170 195/155/171
f 196/156/172 180/154/173 195/104/173
f 198/157/174 179/158/175 196/156/172
f 201/159/176 187/142/158 184/160/176
f 185/138/177 201/159/176 184/160/176
f 199/161/178 185/138/177 186/162/178
f 243/58/29 220/65/29 244/62/29
s 0
f 214/87/42 217/86/42 213/88/42
f 218/100/179 215/163/179 217/86/179
f 215/163/38 212/99/38 211/96/38
f 217/86/28 211/149/28 213/91/28
s 1
f 188/164/180 199/161/178 186/162/178
f 245/57/29 219/165/29 243/58/29
f 246/45/29 221/166/29 245/57/29
f 246/45/29 223/167/29 222/168/29
f 248/79/29 223/167/29 247/44/29
f 249/81/29 224/169/29 248/79/29
f 249/81/29 226/170/29 225/95/29
f 250/83/29 227/74/29 226/170/29
f 252/75/29 227/74/29 251/84/29
f 252/75/29 229/64/29 228/70/29
f 254/69/29 229/64/29 253/71/29
f 255/68/29 230/53/29 254/69/29
f 256/63/29 231/54/29 255/68/29
f 256/63/29 233/171/29 232/172/29
f 258/56/29 233/171/29 257/59/29
f 258/56/29 235/173/29 234/174/29
f 259/55/29 236/175/29 235/173/29
f 261/77/29 236/175/29 260/85/29
f 261/77/29 238/176/29 237/94/29
f 263/80/29 238/176/29 262/78/29
f 264/82/29 239/177/29 263/80/29
f 264/82/29 241/73/29 240/178/29
f 266/72/29 241/73/29 265/76/29
f 244/62/29 242/66/29 266/72/29
f 241/73/29 314/178/29 240/178/29
f 8/45/83 245/57/181 6/57/33
f 36/85/81 259/55/182 34/55/30
f 10/44/24 246/45/183 8/45/83
f 58/20/28 277/22/28 59/22/28
f 227/74/29 307/170/29 226/170/29
f 240/178/29 313/177/29 239/177/29
f 38/77/54 260/85/184 36/85/81
f 12/79/59 247/44/185 10/44/24
f 40/78/56 261/77/88 38/77/54
f 49/4/28 268/1/28 267/4/28
f 71/46/28 290/67/28 72/67/28
f 14/81/64 248/79/186 12/79/59
f 42/80/61 262/78/187 40/78/56
f 16/83/69 249/81/188 14/81/64
f 62/27/28 281/29/28 63/29/28
f 226/170/29 292/95/29 225/95/29
f 53/10/28 272/12/28 54/12/28
f 44/82/66 263/80/189 42/80/61
f 18/84/73 250/83/190 16/83/69
f 46/76/53 264/82/191 44/82/66
f 239/177/29 293/176/29 238/176/29
f 224/169/29 292/95/29 303/169/29
f 20/75/51 251/84/192 18/84/73
f 273/14/88 307/16/187 274/16/187
f 286/60/190 313/39/192 287/39/192
f 277/22/52 309/61/48 278/61/48
f 267/4/40 305/6/36 269/6/36
f 290/67/44 298/48/42 268/48/42
f 281/29/181 291/31/183 282/31/183
f 272/12/184 292/14/88 273/14/88
f 285/37/188 293/60/190 286/60/190
f 276/20/191 295/22/52 277/22/52
f 268/1/42 297/4/40 267/4/40
f 289/46/46 299/67/44 290/67/44
f 280/27/34 301/29/181 281/29/181
f 271/10/182 303/12/184 272/12/184
f 282/31/183 311/33/185 283/33/185
f 269/6/36 306/8/31 270/8/31
f 278/61/48 310/24/38 279/24/38
f 287/39/192 314/42/50 288/42/50
f 274/16/187 308/18/189 275/18/189
f 283/33/185 312/35/186 284/35/186
f 270/8/31 304/10/182 271/10/182
f 279/24/38 302/27/34 280/27/34
f 288/42/50 300/46/46 289/46/46
f 275/18/189 296/20/191 276/20/191
f 284/35/186 294/37/188 285/37/188
f 56/16/28 273/14/28 274/16/28
f 231/54/29 302/172/29 310/54/29
f 64/31/28 283/33/28 65/33/28
f 233/171/29 302/172/29 232/172/29
f 51/6/28 270/8/28 52/8/28
f 60/61/28 279/24/28 61/24/28
f 219/165/29 298/65/29 220/65/29
f 69/39/28 288/42/28 70/42/28
f 234/174/29 301/171/29 233/171/29
f 221/166/29 297/165/29 219/165/29
f 56/16/28 275/18/28 57/18/28
f 235/173/29 291/174/29 234/174/29
f 65/33/28 284/35/28 66/35/28
f 222/168/29 305/166/29 221/166/29
f 236/175/29 311/173/29 235/173/29
f 52/8/28 271/10/28 53/10/28
f 223/167/29 306/168/29 222/168/29
f 61/24/28 280/27/28 62/27/28
f 70/42/28 289/46/28 71/46/28
f 237/94/29 312/175/29 236/175/29
f 224/169/29 304/167/29 223/167/29
f 57/18/28 276/20/28 58/20/28
f 238/176/29 294/94/29 237/94/29
f 66/35/28 285/37/28 67/37/28
f 316/65/28 339/58/28 340/62/28
f 315/165/28 341/57/28 339/58/28
f 317/166/28 342/45/28 341/57/28
f 318/168/28 343/44/28 342/45/28
f 319/167/28 344/79/28 343/44/28
f 320/169/28 345/81/28 344/79/28
f 321/95/28 346/83/28 345/81/28
f 322/170/28 347/84/28 346/83/28
f 347/84/28 324/70/28 348/75/28
f 324/70/28 349/71/28 348/75/28
f 325/64/28 350/69/28 349/71/28
f 326/53/28 351/68/28 350/69/28
f 327/54/28 352/63/28 351/68/28
f 328/172/28 353/59/28 352/63/28
f 329/171/28 354/56/28 353/59/28
f 330/174/28 355/55/28 354/56/28
f 331/173/28 356/85/28 355/55/28
f 332/175/28 357/77/28 356/85/28
f 333/94/28 358/78/28 357/77/28
f 334/176/28 359/80/28 358/78/28
f 335/177/28 360/82/28 359/80/28
f 336/178/28 361/76/28 360/82/28
f 337/73/28 362/72/28 361/76/28
f 338/66/28 340/62/28 362/72/28
f 387/58/29 364/65/29 388/62/29
f 387/58/29 365/166/29 363/165/29
f 389/57/29 366/168/29 365/166/29
f 391/44/29 366/168/29 390/45/29
f 392/79/29 367/167/29 391/44/29
f 393/81/29 368/169/29 392/79/29
f 394/83/29 369/95/29 393/81/29
f 395/84/29 370/170/29 394/83/29
f 396/75/29 371/74/29 395/84/29
f 397/71/29 372/70/29 396/75/29
f 398/69/29 373/64/29 397/71/29
f 398/69/29 375/54/29 374/53/29
f 400/63/29 375/54/29 399/68/29
f 401/59/29 376/172/29 400/63/29
f 401/59/29 378/174/29 377/171/29
f 403/55/29 378/174/29 402/56/29
f 404/85/29 379/173/29 403/55/29
f 405/77/29 380/175/29 404/85/29
f 406/78/29 381/94/29 405/77/29
f 407/80/29 382/176/29 406/78/29
f 407/80/29 384/178/29 383/177/29
f 409/76/29 384/178/29 408/82/29
f 410/72/29 385/73/29 409/76/29
f 410/72/29 364/65/29 386/66/29
f 329/171/181 378/174/183 330/174/183
f 315/165/40 365/166/36 317/166/36
f 330/174/183 379/173/185 331/173/185
f 317/166/36 366/168/31 318/168/31
f 331/173/185 380/175/186 332/175/186
f 318/168/31 367/167/182 319/167/182
f 332/175/186 381/94/188 333/94/188
f 319/167/182 368/169/184 320/169/184
f 333/94/188 382/176/190 334/176/190
f 320/169/184 369/95/88 321/95/88
f 334/176/190 383/177/192 335/177/192
f 321/95/88 370/170/187 322/170/187
f 335/177/192 384/178/50 336/178/50
f 322/170/187 371/74/189 323/74/189
f 336/178/50 385/73/46 337/73/46
f 323/74/189 372/70/191 324/70/191
f 337/73/46 386/66/44 338/66/44
f 324/70/191 373/64/52 325/64/52
f 338/66/44 364/65/42 316/65/42
f 325/64/52 374/53/48 326/53/48
f 326/53/48 375/54/38 327/54/38
f 327/54/38 376/172/34 328/172/34
f 328/172/34 377/171/181 329/171/181
f 316/65/42 363/165/40 315/165/40
f 412/65/28 435/58/28 436/62/28
f 411/165/28 437/57/28 435/58/28
f 413/166/28 438/45/28 437/57/28
f 414/168/28 439/44/28 438/45/28
f 439/44/28 416/169/28 440/79/28
f 416/169/28 441/81/28 440/79/28
f 417/95/28 442/83/28 441/81/28
f 418/170/28 443/84/28 442/83/28
f 419/74/28 444/75/28 443/84/28
f 444/75/28 421/64/28 445/71/28
f 445/71/28 422/53/28 446/69/28
f 422/53/28 447/68/28 446/69/28
f 423/54/28 448/63/28 447/68/28
f 424/172/28 449/59/28 448/63/28
f 425/171/28 450/56/28 449/59/28
f 450/56/28 427/173/28 451/55/28
f 427/173/28 452/85/28 451/55/28
f 428/175/28 453/77/28 452/85/28
f 429/94/28 454/78/28 453/77/28
f 430/176/28 455/80/28 454/78/28
f 431/177/28 456/82/28 455/80/28
f 456/82/28 433/73/28 457/76/28
f 433/73/28 458/72/28 457/76/28
f 434/66/28 436/62/28 458/72/28
f 483/58/29 460/65/29 484/62/29
f 485/57/29 459/165/29 483/58/29
f 486/45/29 461/166/29 485/57/29
f 486/45/29 463/167/29 462/168/29
f 487/44/29 464/169/29 463/167/29
f 489/81/29 464/169/29 488/79/29
f 490/83/29 465/95/29 489/81/29
f 491/84/29 466/170/29 490/83/29
f 492/75/29 467/74/29 491/84/29
f 493/71/29 468/70/29 492/75/29
f 493/71/29 470/53/29 469/64/29
f 495/68/29 470/53/29 494/69/29
f 496/63/29 471/54/29 495/68/29
f 496/63/29 473/171/29 472/172/29
f 498/56/29 473/171/29 497/59/29
f 498/56/29 475/173/29 474/174/29
f 500/85/29 475/173/29 499/55/29
f 501/77/29 476/175/29 500/85/29
f 502/78/29 477/94/29 501/77/29
f 502/78/29 479/177/29 478/176/29
f 504/82/29 479/177/29 503/80/29
f 504/82/29 481/73/29 480/178/29
f 506/72/29 481/73/29 505/76/29
f 484/62/29 482/66/29 506/72/29
f 425/171/181 474/174/183 426/174/183
f 411/165/40 461/166/36 413/166/36
f 426/174/183 475/173/185 427/173/185
f 413/166/36 462/168/31 414/168/31
f 427/173/185 476/175/186 428/175/186
f 414/168/31 463/167/182 415/167/182
f 428/175/186 477/94/188 429/94/188
f 415/167/182 464/169/184 416/169/184
f 429/94/188 478/176/190 430/176/190
f 416/169/184 465/95/88 417/95/88
f 430/176/190 479/177/192 431/177/192
f 417/95/88 466/170/187 418/170/187
f 431/177/192 480/178/50 432/178/50
f 418/170/187 467/74/189 419/74/189
f 432/178/50 481/73/46 433/73/46
f 419/74/189 468/70/191 420/70/191
f 433/73/46 482/66/44 434/66/44
f 420/70/191 469/64/52 421/64/52
f 434/66/44 460/65/42 412/65/42
f 421/64/52 470/53/48 422/53/48
f 422/53/48 471/54/38 423/54/38
f 423/54/38 472/172/34 424/172/34
f 424/172/34 473/171/181 425/171/181
f 412/65/42 459/165/40 411/165/40
f 531/162/193 515/143/194 529/164/195
f 532/138/196 518/161/193 531/162/193
f 533/160/197 517/179/198 532/138/196
f 530/142/199 516/159/197 533/160/197
f 519/157/200 538/158/201 535/136/202
f 521/156/203 537/154/204 538/158/201
f 523/153/205 537/154/206 522/155/206
f 520/152/207 536/151/208 523/153/205
f 509/145/209 528/150/210 525/144/211
f 511/148/212 527/139/213 528/150/210
f 513/147/214 527/139/215 512/96/215
f 510/135/216 526/146/217 513/147/214
f 515/143/194 525/144/211 529/164/195
f 514/140/218 534/141/219 520/152/207
f 540/1/220 541/104/220 539/3/220
f 541/104/221 544/101/221 543/102/221
f 544/101/222 545/100/222 543/102/222
f 545/100/223 548/97/223 547/98/223
f 547/98/224 550/96/224 549/86/224
f 549/86/225 552/92/225 551/93/225
f 552/92/226 553/91/226 551/93/226
f 554/89/227 539/90/227 553/91/227
f 529/164/228 535/136/229 534/141/230
f 559/86/231 558/97/232 557/98/232
f 561/93/221 560/96/221 559/86/221
f 561/93/222 564/89/222 562/92/222
f 563/91/233 556/137/234 564/89/233
f 553/91/235 561/93/235 551/93/235
f 552/92/236 564/89/236 554/89/236
f 549/86/235 557/98/235 547/98/235
f 558/97/236 550/96/236 548/97/236
f 555/90/235 553/91/235 539/90/235
f 554/89/236 556/137/236 540/137/236
f 561/93/235 549/86/235 551/93/235
f 560/96/236 552/92/236 550/96/236
f 535/136/202 566/125/237 519/157/200
f 524/134/238 567/110/239 568/108/240
f 573/133/241 571/124/242 570/120/243
f 578/131/244 576/115/245 575/116/246
f 583/127/247 581/112/248 580/107/249
f 588/130/250 586/180/251 585/117/252
f 574/129/253 569/122/254 570/104/255
f 585/128/256 580/107/257 584/105/258
f 573/104/241 555/3/235 539/3/235
f 507/102/259 573/104/241 541/104/235
f 582/111/260 571/181/242 572/126/261
f 566/125/262 571/124/242 579/123/263
f 555/3/234 575/116/264 556/1/234
f 565/118/265 570/120/266 566/125/237
f 578/119/244 565/118/267 585/117/252
f 556/1/236 576/115/245 542/103/236
f 576/115/245 508/101/268 544/101/236
f 586/114/251 508/101/268 577/113/269
f 581/112/248 507/102/259 543/102/235
f 568/108/240 579/109/270 585/117/271
f 557/98/232 584/105/272 580/107/272
f 557/98/235 581/112/248 545/100/235
f 508/101/268 588/99/250 546/99/236
f 588/99/250 558/97/236 548/97/236
f 591/104/93 590/1/42 589/3/42
f 593/102/94 592/103/93 591/104/93
f 595/100/91 594/101/92 593/102/92
f 597/98/38 596/99/91 595/100/91
f 599/86/89 598/97/38 597/98/38
f 601/93/90 600/96/89 599/86/89
f 598/54/188 602/94/188 590/65/188
f 603/91/86 602/92/87 601/93/87
f 589/90/42 604/89/86 603/91/86
f 607/104/93 606/1/42 605/3/42
f 609/102/94 608/103/93 607/104/93
f 611/100/91 610/101/92 609/102/92
f 613/98/38 612/99/91 611/100/91
f 615/86/89 614/97/38 613/98/38
f 617/93/90 616/96/89 615/86/89
f 614/54/188 618/94/188 606/65/188
f 619/91/86 618/92/87 617/93/87
f 605/90/42 620/89/86 619/91/86
s 0
f 625/163/273 628/100/273 627/86/273
f 625/163/38 622/99/38 626/182/38
f 621/149/28 627/86/28 623/91/28
s 1
f 50/1/1 49/4/2 3/2/2
f 49/4/2 51/6/3 5/5/3
f 51/6/3 52/8/4 7/7/4
f 52/8/4 53/10/5 9/9/5
f 53/10/5 54/12/6 11/11/6
f 54/12/6 55/14/7 13/13/7
f 55/14/7 56/16/8 15/15/8
f 56/16/8 57/18/9 17/17/9
f 57/18/9 58/20/10 19/19/10
f 58/20/10 59/22/11 21/21/11
f 59/22/11 60/61/12 23/23/12
f 23/23/12 60/61/12 61/24/13
f 61/24/13 62/27/14 27/26/14
f 62/27/14 63/29/15 29/28/15
f 63/29/15 64/31/16 31/30/16
f 64/31/16 65/33/17 33/32/17
f 65/33/17 66/35/18 35/34/18
f 66/35/18 67/37/19 37/36/19
f 67/37/19 68/60/20 39/38/20
f 39/38/20 68/60/20 69/39/21
f 69/39/21 70/42/22 43/41/22
f 70/42/22 71/46/23 45/43/23
f 10/44/24 8/45/83 76/45/25
f 71/46/23 72/67/27 47/47/27
f 47/47/27 72/67/27 50/48/1
f 47/52/28 1/183/28 3/184/28
f 3/184/28 5/185/28 7/186/28
f 7/186/28 9/187/28 11/188/28
f 11/188/28 13/189/28 15/50/28
f 15/50/28 17/190/28 19/191/28
f 19/191/28 21/192/28 23/193/28
f 23/193/28 25/194/28 27/195/28
f 27/195/28 29/196/28 31/51/28
f 31/51/28 33/197/28 35/198/28
f 35/198/28 37/199/28 39/200/28
f 39/200/28 41/201/28 43/202/28
f 43/202/28 45/203/28 47/52/28
f 47/52/28 3/184/28 7/186/28
f 7/186/28 11/188/28 15/50/28
f 15/50/28 19/191/28 23/193/28
f 23/193/28 27/195/28 31/51/28
f 31/51/28 35/198/28 39/200/28
f 39/200/28 43/202/28 47/52/28
f 47/52/28 7/186/28 15/50/28
f 15/50/28 23/193/28 31/51/28
f 31/51/28 39/200/28 47/52/28
f 230/53/29 231/54/29 310/54/29
f 34/55/30 259/55/182 258/56/31
f 6/57/33 245/57/181 243/58/34
f 32/56/32 258/56/31 257/59/36
f 68/60/28 286/60/28 287/39/28
f 59/22/28 277/22/28 278/61/28
f 49/4/28 267/4/28 269/6/28
f 4/58/35 243/58/34 244/62/38
f 30/59/37 257/59/36 256/63/40
f 230/53/29 309/53/29 295/64/29
f 220/65/29 298/65/29 299/66/29
f 50/48/28 72/67/28 290/67/28
f 28/63/41 256/63/40 255/68/42
f 26/68/43 255/68/42 254/69/44
f 63/29/28 281/29/28 282/31/28
f 229/64/29 295/64/29 296/70/29
f 24/69/45 254/69/44 253/71/46
f 2/62/39 244/62/38 266/72/48
f 54/12/28 272/12/28 273/14/28
f 242/66/29 299/66/29 300/73/29
f 228/70/29 296/70/29 308/74/29
f 67/37/28 285/37/28 286/60/28
f 22/71/47 253/71/46 252/75/50
f 48/72/49 266/72/48 265/76/52
f 75/57/29 73/58/29 74/62/29
f 74/62/29 96/72/29 95/76/29
f 95/76/29 94/82/29 93/80/29
f 93/80/29 92/78/29 91/77/29
f 91/77/29 90/85/29 89/55/29
f 89/55/29 88/56/29 87/59/29
f 87/59/29 86/63/29 85/68/29
f 85/68/29 84/69/29 83/71/29
f 83/71/29 82/75/29 81/84/29
f 81/84/29 80/83/29 79/81/29
f 79/81/29 78/79/29 77/44/29
f 77/44/29 76/45/29 75/57/29
f 75/57/29 74/62/29 95/76/29
f 95/76/29 93/80/29 91/77/29
f 91/77/29 89/55/29 87/59/29
f 87/59/29 85/68/29 83/71/29
f 83/71/29 81/84/29 79/81/29
f 79/81/29 77/44/29 75/57/29
f 75/57/29 95/76/29 91/77/29
f 91/77/29 87/59/29 83/71/29
f 83/71/29 79/81/29 75/57/29
f 38/77/54 91/77/84 92/78/55
f 24/69/45 84/69/85 85/68/57
f 10/44/24 77/44/26 78/79/58
f 40/78/56 92/78/55 93/80/60
f 26/68/43 85/68/57 86/63/62
f 12/79/59 78/79/58 79/81/63
f 42/80/61 93/80/60 94/82/65
f 28/63/41 86/63/62 87/59/67
f 14/81/64 79/81/63 80/83/68
f 44/82/66 94/82/65 95/76/70
f 30/59/37 87/59/67 88/56/71
f 16/83/69 80/83/68 81/84/72
f 48/72/49 46/76/53 95/76/70
f 2/62/39 74/62/78 73/58/75
f 32/56/32 88/56/71 89/55/76
f 18/84/73 81/84/72 82/75/77
f 48/72/49 96/72/74 74/62/78
f 4/58/35 73/58/75 75/57/79
f 34/55/30 89/55/76 90/85/80
f 22/71/47 20/75/51 82/75/77
f 6/57/33 75/57/79 76/45/25
f 36/85/81 90/85/80 91/77/84
f 22/71/47 83/71/82 84/69/85
s 0
f 627/86/42 628/100/42 624/87/42
s 1
f 97/89/86 111/137/42 112/90/42
f 99/92/87 97/89/86 98/91/86
f 107/95/88 109/168/88 111/65/88
f 111/65/88 97/178/88 99/94/88
f 99/94/88 101/174/88 103/54/88
f 103/54/88 105/70/88 107/95/88
f 107/95/88 111/65/88 99/94/88
f 101/96/89 99/92/90 100/93/90
f 103/97/38 101/96/89 102/86/89
f 105/99/91 103/97/38 104/98/38
f 107/101/92 105/99/91 106/100/91
f 109/103/93 107/101/94 108/102/94
f 111/1/42 109/103/93 110/104/93
f 113/89/86 127/137/42 128/90/42
f 115/92/87 113/89/86 114/91/86
f 123/95/88 125/168/88 127/65/88
f 127/65/88 113/178/88 115/94/88
f 115/94/88 117/174/88 119/54/88
f 119/54/88 121/70/88 123/95/88
f 123/95/88 127/65/88 115/94/88
f 117/96/89 115/92/90 116/93/90
f 119/97/38 117/96/89 118/86/89
f 121/99/91 119/97/38 120/98/38
f 123/101/92 121/99/91 122/100/91
f 125/103/93 123/101/94 124/102/94
f 127/1/42 125/103/93 126/104/93
f 129/99/97 171/99/98 169/97/95
f 169/97/95 159/97/95 133/105/96
f 209/101/100 173/101/113 171/99/98
f 171/99/98 129/99/97 130/106/99
f 160/98/101 170/98/101 172/100/101
f 172/100/101 136/112/110 137/107/102
f 133/105/103 159/97/104 160/98/104
f 149/108/105 132/117/274 138/109/106
f 136/112/110 172/100/101 174/102/108
f 174/102/108 210/102/130 135/111/109
f 131/114/112 139/131/118 140/113/111
f 140/113/111 209/101/100 130/106/99
f 141/115/114 175/103/95 173/101/113
f 173/101/113 209/101/100 140/113/111
f 161/1/95 177/1/95 175/103/95
f 175/103/95 141/115/114 142/116/115
f 139/119/118 131/180/112 132/117/116
f 132/117/116 149/108/275 152/118/117
f 152/118/117 143/121/276 139/119/118
f 152/118/119 151/125/143 147/120/120
f 162/3/122 161/1/122 142/116/123
f 151/125/126 150/110/277 138/123/124
f 138/123/124 134/127/128 146/124/125
f 146/124/125 147/120/139 151/125/126
f 135/111/109 210/102/130 145/126/127
f 145/126/127 146/181/125 134/127/128
f 210/102/130 174/102/108 176/104/129
f 176/104/129 144/104/132 145/126/127
f 144/104/132 176/104/129 178/3/101
f 178/3/101 162/3/101 148/122/131
f 137/107/133 138/123/278 132/128/134
f 143/129/136 147/104/279 148/122/137
f 129/130/97 133/130/96 132/117/116
f 132/117/116 131/180/112 130/130/99
f 134/127/128 138/123/124 137/107/102
f 137/107/102 136/112/110 135/111/109
f 139/131/118 143/129/276 142/116/115
f 142/116/115 141/115/114 140/113/111
f 144/133/132 148/204/131 147/120/139
f 147/120/139 146/124/125 145/132/127
f 193/134/140 149/108/105 150/110/107
f 182/136/142 198/157/174 151/125/143
f 165/92/95 155/92/95 157/96/95
f 168/86/101 158/86/101 156/93/101
f 163/89/95 177/137/95 161/137/95
f 164/91/101 154/91/101 162/90/101
f 167/96/95 157/96/95 159/97/95
f 168/86/101 170/98/101 160/98/101
f 165/92/95 163/89/95 153/89/95
f 164/91/101 166/93/101 156/93/101
f 154/91/144 153/89/144 161/137/122
f 155/92/145 153/89/145 154/91/145
f 157/96/146 155/92/146 156/93/146
f 159/97/104 157/96/147 158/86/147
f 188/164/280 186/162/281 185/138/148
f 185/138/148 184/160/281 187/142/282
f 187/142/282 183/141/283 181/151/284
f 181/151/284 180/154/285 179/158/286
f 179/158/286 182/136/287 152/118/117
f 152/118/117 149/108/275 193/134/288
f 193/134/288 191/146/289 190/139/149
f 190/139/149 189/150/290 192/144/291
f 192/144/291 188/164/280 185/138/148
f 185/138/148 187/142/282 181/151/284
f 181/151/284 179/158/286 152/118/117
f 152/118/117 193/134/288 190/139/149
f 190/139/149 192/144/291 185/138/148
f 185/138/148 181/151/284 152/118/117
f 178/90/150 177/137/150 163/89/150
f 164/91/151 163/89/151 165/92/151
f 168/86/152 166/93/152 165/92/152
f 170/98/153 168/86/153 167/96/153
f 172/100/154 170/98/154 169/97/154
f 172/100/145 171/99/145 173/101/145
f 174/102/146 173/101/146 175/103/146
f 176/104/155 175/103/155 177/1/155
f 203/140/156 197/152/169 183/141/157
f 202/143/159 188/164/180 192/144/160
f 191/146/162 193/134/140 207/135/141
f 190/139/164 191/146/162 204/147/163
f 206/148/165 189/150/167 190/139/166
f 208/145/161 192/144/160 189/150/167
f 181/151/168 183/141/157 197/152/169
f 180/154/171 181/151/168 194/153/170
f 196/156/172 179/158/175 180/154/173
f 198/157/174 182/136/142 179/158/175
f 201/159/176 203/140/156 187/142/158
f 185/138/177 200/179/177 201/159/176
f 199/161/178 200/91/177 185/138/177
f 243/58/29 219/165/29 220/65/29
s 0
f 214/87/42 218/100/42 217/86/42
f 218/100/179 216/182/179 215/163/179
f 215/163/38 216/182/38 212/99/38
f 217/86/28 215/163/28 211/149/28
s 1
f 188/164/180 202/143/159 199/161/178
f 245/57/29 221/166/29 219/165/29
f 246/45/29 222/168/29 221/166/29
f 246/45/29 247/44/29 223/167/29
f 248/79/29 224/169/29 223/167/29
f 249/81/29 225/95/29 224/169/29
f 249/81/29 250/83/29 226/170/29
f 250/83/29 251/84/29 227/74/29
f 252/75/29 228/70/29 227/74/29
f 252/75/29 253/71/29 229/64/29
f 254/69/29 230/53/29 229/64/29
f 255/68/29 231/54/29 230/53/29
f 256/63/29 232/172/29 231/54/29
f 256/63/29 257/59/29 233/171/29
f 258/56/29 234/174/29 233/171/29
f 258/56/29 259/55/29 235/173/29
f 259/55/29 260/85/29 236/175/29
f 261/77/29 237/94/29 236/175/29
f 261/77/29 262/78/29 238/176/29
f 263/80/29 239/177/29 238/176/29
f 264/82/29 240/178/29 239/177/29
f 264/82/29 265/76/29 241/73/29
f 266/72/29 242/66/29 241/73/29
f 244/62/29 220/65/29 242/66/29
f 241/73/29 300/73/29 314/178/29
f 8/45/83 246/45/183 245/57/181
f 36/85/81 260/85/184 259/55/182
f 10/44/24 247/44/185 246/45/183
f 58/20/28 276/20/28 277/22/28
f 227/74/29 308/74/29 307/170/29
f 240/178/29 314/178/29 313/177/29
f 38/77/54 261/77/88 260/85/184
f 12/79/59 248/79/186 247/44/185
f 40/78/56 262/78/187 261/77/88
f 49/4/28 50/1/28 268/1/28
f 71/46/28 289/46/28 290/67/28
f 14/81/64 249/81/188 248/79/186
f 42/80/61 263/80/189 262/78/187
f 16/83/69 250/83/190 249/81/188
f 62/27/28 280/27/28 281/29/28
f 226/170/29 307/170/29 292/95/29
f 53/10/28 271/10/28 272/12/28
f 44/82/66 264/82/191 263/80/189
f 18/84/73 251/84/192 250/83/190
f 46/76/53 265/76/52 264/82/191
f 239/177/29 313/177/29 293/176/29
f 224/169/29 225/95/29 292/95/29
f 20/75/51 252/75/50 251/84/192
f 273/14/88 292/14/88 307/16/187
f 286/60/190 293/60/190 313/39/192
f 277/22/52 295/22/52 309/61/48
f 267/4/40 297/4/40 305/6/36
f 290/67/44 299/67/44 298/48/42
f 281/29/181 301/29/181 291/31/183
f 272/12/184 303/12/184 292/14/88
f 285/37/188 294/37/188 293/60/190
f 276/20/191 296/20/191 295/22/52
f 268/1/42 298/1/42 297/4/40
f 289/46/46 300/46/46 299/67/44
f 280/27/34 302/27/34 301/29/181
f 271/10/182 304/10/182 303/12/184
f 282/31/183 291/31/183 311/33/185
f 269/6/36 305/6/36 306/8/31
f 278/61/48 309/61/48 310/24/38
f 287/39/192 313/39/192 314/42/50
f 274/16/187 307/16/187 308/18/189
f 283/33/185 311/33/185 312/35/186
f 270/8/31 306/8/31 304/10/182
f 279/24/38 310/24/38 302/27/34
f 288/42/50 314/42/50 300/46/46
f 275/18/189 308/18/189 296/20/191
f 284/35/186 312/35/186 294/37/188
f 56/16/28 55/14/28 273/14/28
f 231/54/29 232/172/29 302/172/29
f 64/31/28 282/31/28 283/33/28
f 233/171/29 301/171/29 302/172/29
f 51/6/28 269/6/28 270/8/28
f 60/61/28 278/61/28 279/24/28
f 219/165/29 297/165/29 298/65/29
f 69/39/28 287/39/28 288/42/28
f 234/174/29 291/174/29 301/171/29
f 221/166/29 305/166/29 297/165/29
f 56/16/28 274/16/28 275/18/28
f 235/173/29 311/173/29 291/174/29
f 65/33/28 283/33/28 284/35/28
f 222/168/29 306/168/29 305/166/29
f 236/175/29 312/175/29 311/173/29
f 52/8/28 270/8/28 271/10/28
f 223/167/29 304/167/29 306/168/29
f 61/24/28 279/24/28 280/27/28
f 70/42/28 288/42/28 289/46/28
f 237/94/29 294/94/29 312/175/29
f 224/169/29 303/169/29 304/167/29
f 57/18/28 275/18/28 276/20/28
f 238/176/29 293/176/29 294/94/29
f 66/35/28 284/35/28 285/37/28
f 316/65/28 315/165/28 339/58/28
f 315/165/28 317/166/28 341/57/28
f 317/166/28 318/168/28 342/45/28
f 318/168/28 319/167/28 343/44/28
f 319/167/28 320/169/28 344/79/28
f 320/169/28 321/95/28 345/81/28
f 321/95/28 322/170/28 346/83/28
f 322/170/28 323/74/28 347/84/28
f 347/84/28 323/74/28 324/70/28
f 324/70/28 325/64/28 349/71/28
f 325/64/28 326/53/28 350/69/28
f 326/53/28 327/54/28 351/68/28
f 327/54/28 328/172/28 352/63/28
f 328/172/28 329/171/28 353/59/28
f 329/171/28 330/174/28 354/56/28
f 330/174/28 331/173/28 355/55/28
f 331/173/28 332/175/28 356/85/28
f 332/175/28 333/94/28 357/77/28
f 333/94/28 334/176/28 358/78/28
f 334/176/28 335/177/28 359/80/28
f 335/177/28 336/178/28 360/82/28
f 336/178/28 337/73/28 361/76/28
f 337/73/28 338/66/28 362/72/28
f 338/66/28 316/65/28 340/62/28
f 387/58/29 363/165/29 364/65/29
f 387/58/29 389/57/29 365/166/29
f 389/57/29 390/45/29 366/168/29
f 391/44/29 367/167/29 366/168/29
f 392/79/29 368/169/29 367/167/29
f 393/81/29 369/95/29 368/169/29
f 394/83/29 370/170/29 369/95/29
f 395/84/29 371/74/29 370/170/29
f 396/75/29 372/70/29 371/74/29
f 397/71/29 373/64/29 372/70/29
f 398/69/29 374/53/29 373/64/29
f 398/69/29 399/68/29 375/54/29
f 400/63/29 376/172/29 375/54/29
f 401/59/29 377/171/29 376/172/29
f 401/59/29 402/56/29 378/174/29
f 403/55/29 379/173/29 378/174/29
f 404/85/29 380/175/29 379/173/29
f 405/77/29 381/94/29 380/175/29
f 406/78/29 382/176/29 381/94/29
f 407/80/29 383/177/29 382/176/29
f 407/80/29 408/82/29 384/178/29
f 409/76/29 385/73/29 384/178/29
f 410/72/29 386/66/29 385/73/29
f 410/72/29 388/62/29 364/65/29
f 329/171/181 377/171/181 378/174/183
f 315/165/40 363/165/40 365/166/36
f 330/174/183 378/174/183 379/173/185
f 317/166/36 365/166/36 366/168/31
f 331/173/185 379/173/185 380/175/186
f 318/168/31 366/168/31 367/167/182
f 332/175/186 380/175/186 381/94/188
f 319/167/182 367/167/182 368/169/184
f 333/94/188 381/94/188 382/176/190
f 320/169/184 368/169/184 369/95/88
f 334/176/190 382/176/190 383/177/192
f 321/95/88 369/95/88 370/170/187
f 335/177/192 383/177/192 384/178/50
f 322/170/187 370/170/187 371/74/189
f 336/178/50 384/178/50 385/73/46
f 323/74/189 371/74/189 372/70/191
f 337/73/46 385/73/46 386/66/44
f 324/70/191 372/70/191 373/64/52
f 338/66/44 386/66/44 364/65/42
f 325/64/52 373/64/52 374/53/48
f 326/53/48 374/53/48 375/54/38
f 327/54/38 375/54/38 376/172/34
f 328/172/34 376/172/34 377/171/181
f 316/65/42 364/65/42 363/165/40
f 412/65/28 411/165/28 435/58/28
f 411/165/28 413/166/28 437/57/28
f 413/166/28 414/168/28 438/45/28
f 414/168/28 415/167/28 439/44/28
f 439/44/28 415/167/28 416/169/28
f 416/169/28 417/95/28 441/81/28
f 417/95/28 418/170/28 442/83/28
f 418/170/28 419/74/28 443/84/28
f 419/74/28 420/70/28 444/75/28
f 444/75/28 420/70/28 421/64/28
f 445/71/28 421/64/28 422/53/28
f 422/53/28 423/54/28 447/68/28
f 423/54/28 424/172/28 448/63/28
f 424/172/28 425/171/28 449/59/28
f 425/171/28 426/174/28 450/56/28
f 450/56/28 426/174/28 427/173/28
f 427/173/28 428/175/28 452/85/28
f 428/175/28 429/94/28 453/77/28
f 429/94/28 430/176/28 454/78/28
f 430/176/28 431/177/28 455/80/28
f 431/177/28 432/178/28 456/82/28
f 456/82/28 432/178/28 433/73/28
f 433/73/28 434/66/28 458/72/28
f 434/66/28 412/65/28 436/62/28
f 483/58/29 459/165/29 460/65/29
f 485/57/29 461/166/29 459/165/29
f 486/45/29 462/168/29 461/166/29
f 486/45/29 487/44/29 463/167/29
f 487/44/29 488/79/29 464/169/29
f 489/81/29 465/95/29 464/169/29
f 490/83/29 466/170/29 465/95/29
f 491/84/29 467/74/29 466/170/29
f 492/75/29 468/70/29 467/74/29
f 493/71/29 469/64/29 468/70/29
f 493/71/29 494/69/29 470/53/29
f 495/68/29 471/54/29 470/53/29
f 496/63/29 472/172/29 471/54/29
f 496/63/29 497/59/29 473/171/29
f 498/56/29 474/174/29 473/171/29
f 498/56/29 499/55/29 475/173/29
f 500/85/29 476/175/29 475/173/29
f 501/77/29 477/94/29 476/175/29
f 502/78/29 478/176/29 477/94/29
f 502/78/29 503/80/29 479/177/29
f 504/82/29 480/178/29 479/177/29
f 504/82/29 505/76/29 481/73/29
f 506/72/29 482/66/29 481/73/29
f 484/62/29 460/65/29 482/66/29
f 425/171/181 473/171/181 474/174/183
f 411/165/40 459/165/40 461/166/36
f 426/174/183 474/174/183 475/173/185
f 413/166/36 461/166/36 462/168/31
f 427/173/185 475/173/185 476/175/186
f 414/168/31 462/168/31 463/167/182
f 428/175/186 476/175/186 477/94/188
f 415/167/182 463/167/182 464/169/184
f 429/94/188 477/94/188 478/176/190
f 416/169/184 464/169/184 465/95/88
f 430/176/190 478/176/190 479/177/192
f 417/95/88 465/95/88 466/170/187
f 431/177/192 479/177/192 480/178/50
f 418/170/187 466/170/187 467/74/189
f 432/178/50 480/178/50 481/73/46
f 419/74/189 467/74/189 468/70/191
f 433/73/46 481/73/46 482/66/44
f 420/70/191 468/70/191 469/64/52
f 434/66/44 482/66/44 460/65/42
f 421/64/52 469/64/52 470/53/48
f 422/53/48 470/53/48 471/54/38
f 423/54/38 471/54/38 472/172/34
f 424/172/34 472/172/34 473/171/181
f 412/65/42 460/65/42 459/165/40
f 531/162/193 518/161/193 515/143/194
f 532/138/196 517/91/198 518/161/193
f 533/160/197 516/159/197 517/179/198
f 530/142/199 514/140/218 516/159/197
f 519/157/200 521/156/203 538/158/201
f 521/156/203 522/104/204 537/154/204
f 523/153/205 536/151/208 537/154/206
f 520/152/207 534/141/219 536/151/208
f 509/145/209 511/148/212 528/150/210
f 511/148/212 512/149/213 527/139/213
f 513/147/214 526/146/217 527/139/215
f 510/135/216 524/134/238 526/146/217
f 515/143/194 509/145/209 525/144/211
f 514/140/218 530/142/199 534/141/219
f 540/1/220 542/103/220 541/104/220
f 541/104/221 542/103/221 544/101/221
f 544/101/222 546/99/222 545/100/222
f 545/100/223 546/99/223 548/97/223
f 547/98/224 548/97/224 550/96/224
f 549/86/225 550/96/225 552/92/225
f 552/92/226 554/89/226 553/91/226
f 554/89/227 540/137/227 539/90/227
f 532/138/292 531/162/293 529/164/228
f 529/164/228 525/144/294 528/150/295
f 528/150/295 527/139/296 526/146/297
f 526/146/297 524/134/298 568/108/299
f 568/108/299 565/118/267 535/136/229
f 535/136/229 538/158/300 537/154/301
f 537/154/301 536/151/302 534/141/230
f 534/141/230 530/142/303 533/160/304
f 533/160/304 532/138/292 529/164/228
f 529/164/228 528/150/295 526/146/297
f 526/146/297 568/108/299 535/136/229
f 535/136/229 537/154/301 534/141/230
f 534/141/230 533/160/304 529/164/228
f 529/164/228 526/146/297 535/136/229
f 559/86/231 560/96/231 558/97/232
f 561/93/221 562/92/221 560/96/221
f 561/93/222 563/91/222 564/89/222
f 563/91/233 555/90/234 556/137/234
f 553/91/235 563/91/235 561/93/235
f 552/92/236 562/92/236 564/89/236
f 549/86/235 559/86/235 557/98/235
f 558/97/236 560/96/236 550/96/236
f 555/90/235 563/91/235 553/91/235
f 554/89/236 564/89/236 556/137/236
f 561/93/235 559/86/235 549/86/235
f 560/96/236 562/92/236 552/92/236
f 535/136/202 565/118/265 566/125/237
f 524/134/238 510/135/216 567/110/239
f 570/120/243 569/204/305 573/133/241
f 573/133/241 572/132/261 571/124/242
f 575/116/246 574/129/306 578/131/244
f 578/131/244 577/113/269 576/115/245
f 580/107/249 579/123/263 583/127/247
f 583/127/247 582/111/260 581/112/248
f 585/117/252 584/130/307 588/130/250
f 588/130/250 587/130/308 586/180/251
f 574/129/253 575/116/309 569/122/254
f 585/128/256 579/123/310 580/107/257
f 539/3/235 541/104/235 573/104/241
f 573/104/241 569/122/305 555/3/235
f 541/104/235 543/102/235 507/102/259
f 507/102/259 572/126/261 573/104/241
f 572/126/261 507/102/259 582/111/260
f 582/111/260 583/127/247 571/181/242
f 579/123/263 567/110/311 566/125/262
f 566/125/262 570/120/243 571/124/242
f 571/124/242 583/127/247 579/123/263
f 555/3/234 569/122/264 575/116/264
f 565/118/265 574/121/312 570/120/266
f 585/117/252 586/180/251 578/119/244
f 578/119/244 574/121/306 565/118/267
f 565/118/267 568/108/299 585/117/252
f 542/103/236 540/1/236 556/1/236
f 556/1/236 575/116/246 576/115/245
f 544/101/236 542/103/236 576/115/245
f 576/115/245 577/113/269 508/101/268
f 577/113/269 578/131/244 586/114/251
f 586/114/251 587/106/308 508/101/268
f 543/102/235 545/100/235 581/112/248
f 581/112/248 582/111/260 507/102/259
f 568/108/240 567/110/239 579/109/270
f 557/98/232 558/97/232 584/105/272
f 545/100/235 547/98/235 557/98/235
f 557/98/235 580/107/249 581/112/248
f 546/99/236 544/101/236 508/101/268
f 508/101/268 587/106/308 588/99/250
f 548/97/236 546/99/236 588/99/250
f 588/99/250 584/105/307 558/97/236
f 591/104/93 592/103/93 590/1/42
f 593/102/94 594/101/94 592/103/93
f 595/100/91 596/99/91 594/101/92
f 597/98/38 598/97/38 596/99/91
f 599/86/89 600/96/89 598/97/38
f 601/93/90 602/92/90 600/96/89
f 590/65/188 592/168/188 594/95/188
f 594/95/188 596/70/188 598/54/188
f 598/54/188 600/174/188 602/94/188
f 602/94/188 604/178/188 590/65/188
f 590/65/188 594/95/188 598/54/188
f 603/91/86 604/89/86 602/92/87
f 589/90/42 590/137/42 604/89/86
f 607/104/93 608/103/93 606/1/42
f 609/102/94 610/101/94 608/103/93
f 611/100/91 612/99/91 610/101/92
f 613/98/38 614/97/38 612/99/91
f 615/86/89 616/96/89 614/97/38
f 617/93/90 618/92/90 616/96/89
f 606/65/188 608/168/188 610/95/188
f 610/95/188 612/70/188 614/54/188
f 614/54/188 616/174/188 618/94/188
f 618/94/188 620/178/188 606/65/188
f 606/65/188 610/95/188 614/54/188
f 619/91/86 620/89/86 618/92/87
f 605/90/42 606/137/42 620/89/86
s 0
f 625/163/273 626/182/273 628/100/273
f 625/163/38 621/96/38 622/99/38
f 621/149/28 625/163/28 627/86/28
g BucketHandle_Mesh
v 0.000018 0.216762 -0.006833
v 0.000000 0.215000 -0.003800
v 0.000000 0.217988 -0.000000
v 0.000094 0.218933 -0.003927
v 0.000002 0.222117 -0.006559
v 0.000000 0.215000 0.003801
v -0.000018 0.216762 0.006833
v -0.000094 0.218933 0.003927
v -0.000002 0.222117 0.006559
v -0.219468 0.030021 -0.001860
v -0.201753 0.020648 -0.002216
v -0.219127 0.030625 0.001861
v -0.202112 0.020011 0.001237
v -0.217298 0.033865 0.002555
v -0.200180 0.023437 0.003123
v -0.216497 0.035283 -0.000355
v -0.217436 0.033619 -0.003306
v -0.199132 0.025294 -0.001006
v -0.200664 0.022578 -0.003134
v -0.030137 0.214436 -0.006831
v -0.030299 0.215656 0.000001
v 0.001961 0.220789 0.008645
v -0.030582 0.216569 0.003926
v -0.030517 0.217489 -0.008481
v -0.030732 0.218956 -0.008347
v -0.030303 0.219859 -0.006551
v -0.030478 0.216684 -0.004067
v -0.030064 0.218771 0.008510
v -0.060476 0.207937 -0.006908
v -0.030949 0.212581 -0.003742
v -0.057634 0.211455 -0.004581
v -0.030158 0.214432 0.006831
v -0.030309 0.219858 0.006550
v -0.060481 0.207936 0.006908
v -0.032203 0.212496 0.003906
v -0.057644 0.211452 0.004581
v -0.060674 0.209013 0.000000
v -0.058912 0.213481 -0.006027
v -0.057762 0.214023 -0.007185
v -0.058917 0.213480 0.006027
v -0.057762 0.214023 0.007185
v -0.057579 0.210392 -0.002953
v -0.061390 0.210817 -0.008473
v -0.062560 0.205189 -0.003834
v -0.061657 0.212189 -0.008357
v -0.074605 0.204574 -0.003757
v -0.057584 0.210391 0.002953
v -0.061376 0.210821 0.008473
v -0.061699 0.205456 0.003799
v -0.061660 0.212188 0.008357
v -0.074608 0.204573 0.003758
v -0.075849 0.207711 -0.006544
v -0.090580 0.195377 -0.006848
v -0.075853 0.207709 0.006544
v -0.090587 0.195374 0.006849
v -0.091851 0.197870 0.004582
v -0.090211 0.196930 0.000000
v -0.091853 0.197868 -0.004582
v -0.092382 0.197877 -0.008480
v -0.088259 0.194528 -0.003718
v -0.091783 0.199860 -0.008352
v -0.091153 0.197065 -0.002956
v -0.093548 0.199808 -0.007185
v -0.092354 0.197892 0.008480
v -0.089905 0.193775 0.003903
v -0.091787 0.199858 0.008352
v -0.091152 0.197066 0.002957
v -0.093551 0.199807 0.007185
v -0.092295 0.200230 -0.006025
v -0.115291 0.181515 0.000000
v -0.092295 0.200230 0.006025
v -0.114996 0.180237 -0.006850
v -0.117037 0.182523 -0.008480
v -0.113792 0.178922 -0.003834
v -0.117757 0.184531 -0.006031
v -0.116119 0.182100 -0.003946
v -0.118465 0.184268 -0.007185
v -0.115003 0.180232 0.006851
v -0.113489 0.179130 0.003799
v -0.117757 0.184531 0.006030
v -0.116120 0.182101 0.003947
v -0.117302 0.184164 -0.008351
v -0.114505 0.185551 0.008624
v -0.118468 0.184266 0.007185
v -0.136711 0.161490 0.006831
v -0.139175 0.165525 0.008351
v -0.138322 0.163097 0.004068
v -0.136711 0.161490 -0.006831
v -0.139690 0.164469 -0.008573
v -0.137581 0.162360 0.000000
v -0.138319 0.163099 -0.004068
v -0.140500 0.165280 -0.006559
v -0.136072 0.159671 -0.003736
v -0.135469 0.160247 0.003800
v -0.140503 0.165278 0.006558
v -0.154589 0.140777 0.006845
v -0.156527 0.141816 0.003942
v -0.154590 0.140777 -0.006845
v -0.156140 0.140747 0.000000
v -0.168899 0.127996 -0.008423
v -0.154863 0.137393 -0.003800
v -0.159037 0.143363 -0.006033
v -0.156520 0.141825 -0.003942
v -0.152986 0.139911 0.003779
v -0.147073 0.155093 0.008500
v -0.158748 0.142809 0.008351
v -0.159041 0.143358 0.006033
v -0.158453 0.144458 0.007185
v -0.158749 0.142809 -0.008351
v -0.158453 0.144459 -0.007185
v -0.168926 0.119422 -0.006888
v -0.171333 0.120863 -0.004635
v -0.169898 0.119986 0.000000
v -0.168927 0.119421 0.006888
v -0.171335 0.120860 0.004635
v -0.166917 0.119220 -0.003860
v -0.173468 0.122143 -0.007185
v -0.167548 0.118172 0.003871
v -0.172750 0.121690 0.008354
v -0.170425 0.120316 0.003053
v -0.173468 0.122143 0.007185
v -0.170424 0.120318 -0.003053
v -0.173230 0.121988 -0.006004
v -0.177836 0.098785 -0.003800
v -0.183573 0.097352 -0.004572
v -0.173232 0.121985 0.006004
v -0.181051 0.096145 0.006842
v -0.183572 0.097354 0.004573
v -0.181049 0.096149 -0.006842
v -0.181645 0.097787 0.000000
v -0.184690 0.099123 -0.008351
v -0.179065 0.108444 0.008469
v -0.184692 0.099120 0.008351
v -0.182514 0.097181 0.002934
v -0.179070 0.108437 -0.008469
v -0.182514 0.097180 -0.002933
v -0.186135 0.097780 -0.007185
v -0.185343 0.099053 -0.006035
v -0.190613 0.071490 -0.006831
v -0.188192 0.073377 -0.003819
v -0.194945 0.072902 -0.008347
v -0.192775 0.072194 -0.004067
v -0.178914 0.096574 0.003800
v -0.186136 0.097778 0.007185
v -0.185343 0.099054 0.006034
v -0.190613 0.071490 0.006831
v -0.188942 0.070945 0.003800
v -0.194945 0.072902 0.008347
v -0.195709 0.073149 0.006559
v -0.192776 0.072193 0.004067
v -0.191783 0.071871 -0.000000
v -0.195708 0.073151 -0.006559
v -0.196541 0.049607 -0.006881
v -0.199314 0.049956 -0.004591
v -0.196542 0.049604 0.006882
v -0.199318 0.049929 0.004589
v -0.197652 0.049843 0.000000
v -0.197475 0.059715 -0.008483
v -0.201286 0.048980 -0.008349
v -0.201458 0.050729 -0.006045
v -0.201675 0.050917 -0.007155
v -0.197468 0.059743 0.008483
v -0.201286 0.048981 0.008349
v -0.201467 0.050685 0.006043
v -0.198249 0.049975 0.003036
v -0.201675 0.050916 0.007155
v -0.194847 0.048864 -0.003864
v -0.198248 0.049978 -0.003036
v -0.200469 0.027282 -0.006831
v -0.198724 0.027081 -0.003800
v -0.204996 0.027804 -0.008347
v -0.201692 0.027423 -0.000000
v -0.202673 0.027788 -0.004005
v -0.194575 0.050053 0.003853
v -0.200469 0.027282 0.006831
v -0.202676 0.027774 0.004008
v -0.205666 0.027963 -0.007185
v -0.205570 0.028004 -0.006059
v -0.203877 0.021321 -0.008481
v -0.201384 0.012285 -0.006831
v -0.199635 0.012110 -0.003800
v -0.206881 0.011546 -0.006529
v -0.202608 0.012407 -0.000000
v -0.203492 0.012904 -0.003917
v -0.198724 0.027081 0.003800
v -0.204996 0.027804 0.008347
v -0.205666 0.027963 0.007185
v -0.205570 0.028004 0.006059
v -0.203876 0.021335 0.008481
v -0.201384 0.012285 0.006831
v -0.199633 0.012125 0.003788
v -0.206879 0.011547 0.006540
v -0.203496 0.012694 0.003894
v -0.202331 -0.002462 -0.003800
v -0.208408 0.001428 -0.006516
v -0.205586 -0.000375 -0.003854
v -0.207165 0.000549 0.008551
v -0.202331 -0.002462 0.003800
v -0.208409 0.001431 0.006523
v -0.205583 -0.000393 0.003817
v -0.203811 -0.001516 -0.006831
v -0.207163 0.000571 -0.008550
v -0.204848 -0.000853 -0.000000
v -0.215142 -0.007225 -0.006831
v -0.215160 -0.008982 -0.003792
v -0.215090 -0.001865 -0.006524
v -0.215120 -0.004938 -0.004084
v -0.203811 -0.001516 0.006831
v -0.215142 -0.007225 0.006831
v -0.215160 -0.008982 0.003800
v -0.215098 -0.001863 0.006542
v -0.215101 -0.003016 -0.008564
v -0.215130 -0.005995 -0.000000
v -0.227839 -0.002193 -0.003800
v -0.224534 -0.000185 -0.003851
v -0.215082 -0.003026 0.008566
v -0.215127 -0.004946 0.004076
v -0.227839 -0.002193 0.003800
v -0.221665 0.001552 0.006521
v -0.226336 -0.001281 -0.006831
v -0.222995 0.000724 -0.008610
v -0.225284 -0.000643 -0.000000
v -0.221669 0.001553 -0.006514
v -0.227287 0.011846 -0.006831
v -0.222134 0.010208 -0.006533
v -0.226105 0.011505 -0.000000
v -0.226336 -0.001281 0.006831
v -0.223026 0.000738 0.008611
v -0.224543 -0.000183 0.003832
v -0.228975 0.012334 0.003800
v -0.222129 0.010212 0.006541
v -0.223272 0.011156 -0.008600
v -0.225184 0.011296 -0.003939
v -0.216686 0.020972 -0.008621
v -0.216076 0.019830 -0.006450
v -0.218961 0.022791 -0.000000
v -0.218195 0.022216 -0.003962
v -0.228975 0.012336 -0.003792
v -0.227287 0.011846 0.006831
v -0.223299 0.011122 0.008605
v -0.225184 0.011296 0.003939
v -0.219839 0.023653 0.006831
v -0.221092 0.024885 0.003800
v -0.218195 0.022216 0.003962
v -0.219839 0.023653 -0.006831
v -0.221092 0.024886 -0.003797
v -0.206187 0.029162 -0.008554
v -0.208341 0.032596 -0.006831
v -0.209282 0.034081 -0.003799
v -0.207680 0.031559 -0.000000
v -0.207110 0.030663 -0.004095
v -0.216709 0.020954 0.008623
v -0.216029 0.019900 0.006428
v -0.206188 0.029164 0.008555
v -0.208341 0.032596 0.006831
v -0.209286 0.034078 0.003800
v -0.207107 0.030665 0.004095
v 0.219468 0.030021 -0.001860
v 0.201753 0.020648 -0.002216
v 0.219127 0.030625 0.001861
v 0.202112 0.020011 0.001237
v 0.217298 0.033865 0.002555
v 0.200180 0.023437 0.003123
v 0.216497 0.035283 -0.000355
v 0.217436 0.033619 -0.003306
v 0.199132 0.025294 -0.001006
v 0.200664 0.022578 -0.003134
v -0.001961 0.220789 -0.008645
v 0.030582 0.216569 -0.003926
v 0.030299 0.215656 -0.000001
v 0.030137 0.214436 0.006831
v 0.030064 0.218771 -0.008510
v 0.029911 0.212692 -0.003800
v 0.030309 0.219858 -0.006551
v 0.030517 0.217489 0.008481
v 0.030732 0.218956 0.008347
v 0.030478 0.216684 0.004067
v 0.030158 0.214432 -0.006831
v 0.060481 0.207936 -0.006908
v 0.057644 0.211452 -0.004581
v 0.030303 0.219859 0.006551
v 0.060476 0.207937 0.006908
v 0.031401 0.212553 0.003805
v 0.057634 0.211455 0.004581
v 0.060674 0.209013 -0.000000
v 0.057005 0.206882 -0.003822
v 0.058917 0.213480 -0.006027
v 0.057762 0.214023 -0.007185
v 0.058912 0.213481 0.006027
v 0.057762 0.214023 0.007185
v 0.057584 0.210391 -0.002954
v 0.061376 0.210822 -0.008473
v 0.073194 0.201017 -0.003799
v 0.061660 0.212188 -0.008357
v 0.074608 0.204573 -0.003758
v 0.057579 0.210392 0.002953
v 0.061390 0.210817 0.008473
v 0.061695 0.205457 0.003799
v 0.061657 0.212189 0.008357
v 0.074605 0.204574 0.003757
v 0.075853 0.207709 -0.006544
v 0.090587 0.195374 -0.006849
v 0.075849 0.207711 0.006544
v 0.090580 0.195377 0.006848
v 0.091853 0.197868 0.004582
v 0.090211 0.196930 -0.000000
v 0.091851 0.197870 -0.004582
v 0.092354 0.197892 -0.008480
v 0.088262 0.194526 -0.003717
v 0.091787 0.199858 -0.008352
v 0.091152 0.197066 -0.002957
v 0.093551 0.199807 -0.007185
v 0.092382 0.197877 0.008480
v 0.089901 0.193776 0.003903
v 0.091783 0.199860 0.008352
v 0.091153 0.197065 0.002956
v 0.093548 0.199808 0.007185
v 0.092295 0.200230 -0.006025
v 0.115291 0.181515 -0.000000
v 0.092295 0.200230 0.006025
v 0.115003 0.180233 -0.006851
v 0.114505 0.185551 -0.008624
v 0.113760 0.178950 -0.003837
v 0.117757 0.184531 -0.006030
v 0.116120 0.182101 -0.003947
v 0.118468 0.184266 -0.007185
v 0.114996 0.180237 0.006850
v 0.113547 0.179077 0.003788
v 0.117302 0.184164 0.008351
v 0.117757 0.184531 0.006031
v 0.116119 0.182100 0.003946
v 0.139175 0.165525 -0.008351
v 0.117037 0.182523 0.008480
v 0.118465 0.184268 0.007185
v 0.139690 0.164469 0.008573
v 0.136711 0.161490 0.006831
v 0.138319 0.163099 0.004068
v 0.136711 0.161490 -0.006831
v 0.137581 0.162360 0.000000
v 0.138322 0.163097 -0.004068
v 0.140503 0.165278 -0.006558
v 0.136073 0.159670 -0.003736
v 0.135469 0.160247 0.003800
v 0.140500 0.165280 0.006559
v 0.154590 0.140777 0.006845
v 0.154589 0.140777 -0.006845
v 0.156140 0.140747 -0.000000
v 0.156527 0.141816 -0.003942
v 0.147074 0.155093 -0.008500
v 0.154863 0.137393 -0.003800
v 0.159041 0.143358 -0.006033
v 0.168899 0.127996 0.008423
v 0.152986 0.139910 0.003779
v 0.158749 0.142809 0.008351
v 0.159037 0.143363 0.006033
v 0.156520 0.141825 0.003942
v 0.158453 0.144459 0.007185
v 0.158748 0.142809 -0.008351
v 0.158453 0.144458 -0.007185
v 0.168927 0.119421 -0.006888
v 0.171335 0.120860 -0.004635
v 0.169898 0.119986 -0.000000
v 0.168926 0.119422 0.006888
v 0.171333 0.120863 0.004635
v 0.167548 0.118172 -0.003871
v 0.172750 0.121690 -0.008354
v 0.173468 0.122143 -0.007185
v 0.166917 0.119220 0.003860
v 0.170424 0.120318 0.003053
v 0.173468 0.122143 0.007185
v 0.170425 0.120316 -0.003053
v 0.173232 0.121985 -0.006004
v 0.177836 0.098785 -0.003800
v 0.183572 0.097354 -0.004573
v 0.173230 0.121988 0.006004
v 0.181049 0.096149 0.006842
v 0.183572 0.097352 0.004572
v 0.181051 0.096145 -0.006842
v 0.181645 0.097787 -0.000000
v 0.184692 0.099120 -0.008351
v 0.179070 0.108437 0.008469
v 0.184690 0.099123 0.008351
v 0.182514 0.097180 0.002933
v 0.179065 0.108444 -0.008469
v 0.182514 0.097181 -0.002934
v 0.186136 0.097778 -0.007185
v 0.185343 0.099054 -0.006034
v 0.190613 0.071490 -0.006831
v 0.187977 0.073974 -0.003809
v 0.194945 0.072902 -0.008347
v 0.192776 0.072193 -0.004067
v 0.178912 0.096577 0.003800
v 0.186135 0.097780 0.007185
v 0.185343 0.099053 0.006035
v 0.190613 0.071490 0.006831
v 0.188942 0.070945 0.003800
v 0.194945 0.072902 0.008347
v 0.195708 0.073151 0.006559
v 0.192775 0.072195 0.004067
v 0.191783 0.071871 -0.000000
v 0.195709 0.073149 -0.006559
v 0.196542 0.049604 -0.006882
v 0.199318 0.049929 -0.004589
v 0.196541 0.049607 0.006881
v 0.199314 0.049956 0.004591
v 0.197652 0.049843 -0.000000
v 0.197468 0.059742 -0.008483
v 0.201286 0.048981 -0.008349
v 0.201467 0.050685 -0.006043
v 0.201675 0.050916 -0.007155
v 0.197475 0.059715 0.008483
v 0.201286 0.048980 0.008349
v 0.201458 0.050729 0.006045
v 0.198248 0.049977 0.003036
v 0.201675 0.050917 0.007155
v 0.195237 0.047004 -0.003823
v 0.198249 0.049975 -0.003036
v 0.200469 0.027282 -0.006831
v 0.198724 0.027081 -0.003800
v 0.204996 0.027804 -0.008347
v 0.201692 0.027423 -0.000000
v 0.202676 0.027774 -0.004008
v 0.194155 0.051719 0.003770
v 0.200469 0.027282 0.006831
v 0.202673 0.027788 0.004005
v 0.205666 0.027963 -0.007185
v 0.205570 0.028004 -0.006059
v 0.203876 0.021335 -0.008481
v 0.201384 0.012285 -0.006831
v 0.199635 0.012110 -0.003800
v 0.206879 0.011547 -0.006540
v 0.202608 0.012407 -0.000000
v 0.203496 0.012694 -0.003894
v 0.198724 0.027081 0.003800
v 0.204996 0.027804 0.008347
v 0.205666 0.027963 0.007185
v 0.205570 0.028004 0.006059
v 0.203877 0.021321 0.008481
v 0.201384 0.012285 0.006831
v 0.199633 0.012125 0.003788
v 0.206881 0.011546 0.006529
v 0.203492 0.012904 0.003917
v 0.202331 -0.002462 -0.003800
v 0.208409 0.001431 -0.006523
v 0.205583 -0.000393 -0.003817
v 0.207163 0.000571 0.008550
v 0.202331 -0.002462 0.003800
v 0.208408 0.001428 0.006516
v 0.205586 -0.000376 0.003853
v 0.203811 -0.001516 -0.006831
v 0.207165 0.000549 -0.008551
v 0.204848 -0.000853 -0.000000
v 0.215142 -0.007225 -0.006831
v 0.215160 -0.008982 -0.003800
v 0.215097 -0.001863 -0.006542
v 0.215127 -0.004946 -0.004076
v 0.203811 -0.001516 0.006831
v 0.215142 -0.007225 0.006831
v 0.215160 -0.008982 0.003792
v 0.215090 -0.001865 0.006524
v 0.215082 -0.003026 -0.008567
v 0.215130 -0.005995 -0.000000
v 0.227839 -0.002193 -0.003800
v 0.224543 -0.000182 -0.003833
v 0.215101 -0.003016 0.008564
v 0.215120 -0.004938 0.004084
v 0.227839 -0.002193 0.003800
v 0.221669 0.001553 0.006514
v 0.226336 -0.001281 -0.006831
v 0.223026 0.000738 -0.008611
v 0.225284 -0.000643 -0.000000
v 0.221665 0.001552 -0.006522
v 0.227287 0.011846 -0.006831
v 0.222129 0.010212 -0.006541
v 0.226105 0.011505 -0.000000
v 0.226336 -0.001281 0.006831
v 0.222995 0.000724 0.008610
v 0.224534 -0.000185 0.003851
v 0.228975 0.012336 0.003792
v 0.222134 0.010208 0.006533
v 0.228975 0.012334 -0.003800
v 0.223299 0.011122 -0.008605
v 0.225184 0.011296 -0.003939
v 0.216709 0.020954 -0.008623
v 0.216029 0.019900 -0.006428
v 0.218961 0.022791 -0.000000
v 0.218195 0.022216 -0.003962
v 0.227287 0.011846 0.006831
v 0.223272 0.011156 0.008600
v 0.225184 0.011296 0.003939
v 0.219839 0.023653 0.006831
v 0.221091 0.024886 0.003797
v 0.218195 0.022216 0.003962
v 0.219839 0.023653 -0.006831
v 0.221092 0.024885 -0.003800
v 0.206188 0.029164 -0.008555
v 0.208341 0.032596 -0.006831
v 0.209282 0.034081 -0.003799
v 0.207680 0.031559 -0.000000
v 0.207107 0.030665 -0.004096
v 0.216686 0.020972 0.008621
v 0.216076 0.019830 0.006450
v 0.206187 0.029162 0.008554
v 0.208341 0.032596 0.006831
v 0.209286 0.034078 0.003800
v 0.207110 0.030663 0.004095
vn 0.0605 0.0650 -0.9961
vn -0.8592 -0.3096 -0.4074
vn 0.1497 0.2887 -0.9457
vn -0.3671 -0.6692 -0.6461
vn -0.4262 -0.7873 0.4455
vn 0.5101 0.8271 -0.2361
vn -0.0881 0.5841 -0.8069
vn -0.0133 0.3261 -0.9452
vn 0.0284 -0.1891 -0.9816
vn -0.0000 1.0000 -0.0000
vn 0.0010 0.8435 0.5371
vn -0.1451 0.9894 0.0069
vn -0.1261 0.9667 0.2226
vn -0.1240 0.8256 0.5505
vn -0.2293 0.9485 -0.2184
vn -0.2416 0.8066 0.5395
vn -0.1803 0.6756 0.7149
vn -0.2417 0.8967 0.3709
vn 0.1464 -0.9575 -0.2485
vn 0.1872 -0.6324 -0.7517
vn 0.0984 -0.6860 -0.7209
vn -0.0439 0.3563 0.9333
vn -0.2021 0.5801 0.7891
vn 0.0534 -0.1736 0.9834
vn 0.1926 -0.6356 0.7476
vn 0.1605 -0.9536 0.2549
vn 0.0873 -0.6412 0.7624
vn 0.3142 -0.9088 -0.2744
vn 0.3043 -0.9112 0.2776
vn -0.2012 0.5797 -0.7896
vn -0.3699 0.9178 0.1441
vn -0.2417 0.8066 -0.5394
vn -0.3699 0.9178 -0.1442
vn -0.2269 0.9477 0.2243
vn -0.2416 0.8967 -0.3709
vn -0.3106 0.7719 -0.5547
vn -0.1804 0.6755 -0.7150
vn -0.3058 0.9521 -0.0000
vn -0.3313 0.6131 0.7172
vn -0.4883 0.6627 0.5679
vn -0.4334 0.8227 0.3678
vn 0.4440 -0.8538 0.2719
vn 0.5700 -0.7773 -0.2662
vn 0.4241 -0.8693 -0.2538
vn -0.4882 0.6626 -0.5680
vn -0.3312 0.6130 -0.7173
vn -0.4334 0.8226 -0.3680
vn -0.2499 0.2459 -0.9365
vn -0.3034 0.4380 -0.8462
vn 0.1132 -0.1509 -0.9821
vn -0.6013 0.7735 -0.2002
vn -0.6949 0.6953 0.1834
vn -0.4925 0.6959 0.5227
vn -0.6957 0.6796 -0.2328
vn -0.5899 0.7548 0.2869
vn -0.4925 0.6959 -0.5227
vn -0.4347 0.3175 -0.8427
vn -0.3448 0.2330 -0.9093
vn -0.7598 0.6179 -0.2021
vn -0.6924 0.5051 0.5152
vn 0.6895 -0.6774 -0.2564
vn 0.5232 -0.4158 -0.7439
vn 0.4578 -0.4690 -0.7553
vn 0.5060 -0.5184 0.6893
vn 0.0926 -0.0807 0.9924
vn 0.6124 -0.4466 0.6523
vn 0.7629 -0.5889 0.2669
vn 0.6808 -0.6841 0.2618
vn 0.7821 -0.5656 -0.2616
vn -0.6549 0.5016 0.5652
vn -0.5925 0.3540 0.7236
vn -0.7922 0.4728 0.3858
vn 0.8290 -0.4896 0.2703
vn 0.6438 -0.2704 -0.7158
vn 0.0839 -0.0407 -0.9956
vn 0.5516 -0.3156 -0.7721
vn 0.8697 -0.4227 -0.2548
vn 0.8238 -0.4983 -0.2702
vn 0.0884 -0.0457 0.9950
vn -0.4198 0.2508 0.8723
vn -0.4772 0.2320 0.8476
vn -0.9035 0.3788 -0.2005
vn -0.9238 0.3064 0.2297
vn -0.7622 0.3664 0.5337
vn -0.6456 0.2824 0.7095
vn -0.7934 0.2628 0.5491
vn -0.8487 0.3815 0.3663
vn 0.9128 -0.3181 -0.2560
vn 0.6946 -0.2302 -0.6815
vn -0.9238 0.3063 -0.2298
vn -0.9035 0.3788 0.2004
vn -0.7622 0.3664 -0.5337
vn -0.7934 0.2628 -0.5491
vn -0.6455 0.2824 -0.7096
vn -0.8487 0.3815 -0.3663
vn 0.9189 -0.2961 0.2605
vn 0.8762 -0.4036 0.2632
vn -0.9562 0.2217 -0.1913
vn -0.8042 0.1744 0.5682
vn 0.1370 -0.0359 -0.9899
vn 0.6887 -0.1424 -0.7110
vn -0.6803 0.1478 0.7179
vn -0.9017 0.2055 0.3804
vn 0.6931 -0.2388 0.6802
vn 0.1370 -0.0360 0.9899
vn 0.6896 -0.1395 0.7106
vn -0.8138 0.1002 0.5724
vn 0.9405 -0.2070 -0.2695
vn 0.9582 -0.1142 0.2623
vn 0.9583 -0.1145 -0.2619
vn -0.8136 0.1002 -0.5728
vn -0.6803 0.1476 -0.7179
vn -0.9017 0.2056 -0.3803
vn 0.9386 -0.2164 0.2687
vn -0.9673 0.1173 -0.2249
vn -0.9553 0.0939 0.2804
vn -0.8646 0.1100 0.4903
vn 0.2191 -0.0162 -0.9756
vn 0.7229 -0.0993 -0.6838
vn 0.6706 -0.0839 -0.7371
vn -0.9560 0.0939 -0.2781
vn -0.9673 0.1173 0.2248
vn -0.8646 0.1102 -0.4903
vn 0.7231 -0.0989 0.6836
vn 0.2191 -0.0162 0.9756
vn 0.6712 -0.0842 0.7365
vn -0.0571 0.0269 -0.9980
vn -0.7823 0.5975 0.1762
vn -0.7849 0.5961 -0.1688
vn -0.0544 0.0252 0.9982
vn 0.7188 -0.6636 0.2074
vn 0.9161 -0.2660 -0.3000
vn 0.5315 -0.6844 0.4991
vn 0.3671 -0.6692 -0.6461
vn 0.8591 -0.3096 -0.4074
vn 0.4262 -0.7873 0.4455
vn -0.5101 0.8271 -0.2361
vn -0.4979 0.8670 -0.0214
vn -0.1497 0.2887 -0.9457
vn -0.1349 -0.9566 -0.2583
vn 0.0007 -0.9647 0.2632
vn 0.0003 -0.9647 -0.2635
vn 0.0881 0.5841 0.8069
vn 0.0133 0.3261 0.9452
vn -0.0284 -0.1891 0.9816
vn -0.0010 0.8435 -0.5371
vn 0.1451 0.9894 -0.0069
vn 0.1261 0.9667 -0.2226
vn 0.1240 0.8256 -0.5505
vn 0.0439 0.3563 -0.9333
vn 0.2021 0.5801 -0.7891
vn -0.0534 -0.1736 -0.9834
vn 0.2293 0.9485 0.2184
vn 0.2416 0.8066 -0.5395
vn 0.1802 0.6756 -0.7149
vn 0.2417 0.8967 -0.3709
vn -0.1530 -0.9546 0.2555
vn -0.1916 -0.6357 0.7478
vn -0.0963 -0.6855 0.7217
vn -0.2450 -0.9285 -0.2790
vn -0.3091 -0.9098 0.2769
vn 0.2417 0.8066 0.5394
vn 0.3699 0.9178 0.1442
vn 0.2269 0.9477 -0.2243
vn 0.2416 0.8967 0.3709
vn 0.3106 0.7719 0.5547
vn 0.1804 0.6755 0.7150
vn 0.3058 0.9521 -0.0000
vn 0.2012 0.5797 0.7896
vn 0.3699 0.9178 -0.1441
vn 0.4882 0.6626 0.5680
vn 0.3312 0.6130 0.7173
vn 0.4334 0.8226 0.3680
vn -0.5694 -0.7776 -0.2667
vn -0.4461 -0.8531 0.2705
vn -0.4312 -0.8657 -0.2541
vn 0.3313 0.6131 -0.7172
vn 0.4883 0.6627 -0.5679
vn 0.4334 0.8227 -0.3678
vn -0.5673 -0.7804 0.2629
vn 0.6957 0.6796 0.2328
vn 0.5899 0.7548 -0.2869
vn 0.4925 0.6959 0.5227
vn 0.2499 0.2459 0.9365
vn 0.3034 0.4380 0.8462
vn -0.1132 -0.1509 0.9821
vn 0.6013 0.7735 0.2002
vn 0.6949 0.6953 -0.1834
vn 0.4925 0.6959 -0.5227
vn -0.5052 -0.5245 -0.6854
vn -0.0926 -0.0807 -0.9924
vn -0.6025 -0.4499 -0.6592
vn -0.6895 -0.6774 -0.2563
vn 0.4347 0.3175 0.8427
vn 0.3447 0.2330 0.9093
vn 0.7598 0.6179 0.2021
vn 0.6924 0.5051 -0.5152
vn -0.7626 -0.5893 0.2668
vn -0.6808 -0.6841 0.2618
vn -0.7820 -0.5661 -0.2610
vn 0.6549 0.5016 -0.5652
vn 0.5925 0.3540 -0.7236
vn 0.7922 0.4728 -0.3858
vn -0.0884 -0.0457 -0.9950
vn 0.4198 0.2508 -0.8723
vn 0.4772 0.2320 -0.8476
vn -0.6503 -0.2762 0.7077
vn -0.0839 -0.0407 0.9956
vn -0.5507 -0.3152 0.7729
vn 0.9238 0.3063 0.2298
vn 0.9035 0.3788 -0.2004
vn 0.7622 0.3664 0.5337
vn 0.7934 0.2627 0.5491
vn 0.6455 0.2824 0.7096
vn 0.8487 0.3815 0.3663
vn 0.9035 0.3788 0.2005
vn 0.9238 0.3064 -0.2297
vn 0.7622 0.3664 -0.5337
vn 0.6456 0.2824 -0.7095
vn 0.7934 0.2628 -0.5491
vn 0.8487 0.3815 -0.3663
vn -0.9123 -0.3209 -0.2543
vn -0.9184 -0.2955 0.2631
vn -0.8759 -0.4044 0.2633
vn -0.6918 -0.2274 -0.6853
vn -0.1370 -0.0360 -0.9899
vn -0.6849 -0.1471 -0.7136
vn 0.9562 0.2217 0.1913
vn 0.8042 0.1744 -0.5682
vn -0.1370 -0.0359 0.9899
vn -0.6933 -0.2396 0.6797
vn -0.6884 -0.1357 0.7125
vn 0.6803 0.1478 -0.7179
vn 0.9017 0.2055 -0.3803
vn 0.8136 0.1002 0.5727
vn 0.6803 0.1476 0.7179
vn 0.9017 0.2056 0.3803
vn 0.8138 0.1002 -0.5724
vn -0.9429 -0.1966 -0.2690
vn -0.9584 -0.1140 0.2619
vn -0.9365 -0.2277 0.2666
vn 0.9560 0.0939 0.2781
vn 0.9673 0.1173 -0.2249
vn 0.8646 0.1102 0.4903
vn -0.7233 -0.0986 -0.6835
vn -0.2191 -0.0162 -0.9756
vn -0.6706 -0.0839 -0.7371
vn 0.9673 0.1173 0.2249
vn 0.9553 0.0939 -0.2804
vn 0.8646 0.1100 -0.4903
vn -0.2191 -0.0162 0.9756
vn -0.7232 -0.0989 0.6835
vn -0.6711 -0.0842 0.7365
vn 0.7849 0.5961 0.1688
vn 0.0544 0.0252 -0.9982
vn 0.0571 0.0269 0.9980
vn 0.7823 0.5975 -0.1762
vn 0.7170 0.6498 -0.2524
vn 0.5940 0.7632 -0.2545
vn 0.7170 0.6499 0.2522
vn -0.7188 -0.6636 -0.2074
vn -0.9161 -0.2660 0.3000
vn -0.5315 -0.6844 -0.4991
vn -0.8708 0.4916 -0.0000
vn -0.8084 -0.1841 0.5591
vn 0.1672 0.2677 0.9489
vn 0.2108 0.3869 0.8977
vn 0.4979 0.8670 -0.0214
vn -0.0018 -0.6605 -0.7508
vn 0.0137 0.9894 0.1444
vn -0.1266 0.8333 -0.5382
vn -0.0137 0.9894 -0.1444
vn -0.1349 0.9740 -0.1819
vn 0.0023 -0.6602 0.7511
vn -0.3107 0.7719 0.5547
vn 0.0536 -0.1728 -0.9835
vn -0.2292 0.4941 -0.8387
vn 0.3186 -0.6066 -0.7283
vn 0.0847 -0.1653 -0.9826
vn -0.4865 0.8514 -0.1963
vn -0.3777 0.7547 0.5365
vn -0.4547 0.8907 -0.0001
vn -0.2286 0.4948 0.8384
vn 0.3069 -0.6112 0.7296
vn -0.3777 0.7547 -0.5365
vn -0.4872 0.8507 0.1974
vn 0.4057 -0.5523 -0.7283
vn -0.5850 0.8110 -0.0001
vn -0.1487 0.2409 0.9591
vn 0.0879 -0.1728 0.9810
vn 0.5664 -0.7809 0.2634
vn 0.4010 -0.5275 0.7490
vn -0.4188 0.4372 0.7959
vn -0.7072 0.7071 -0.0000
vn -0.5912 0.5912 0.5486
vn -0.5912 0.5912 -0.5487
vn -0.6550 0.5016 -0.5652
vn -0.8024 0.5968 -0.0000
vn -0.4267 0.3036 0.8519
vn -0.6925 0.5051 -0.5151
vn -0.7617 0.6162 0.2003
vn -0.8383 0.4833 -0.2526
vn -0.7004 0.4159 0.5800
vn -0.8435 0.5016 0.1920
vn -0.7004 0.4158 -0.5801
vn -0.7922 0.4728 -0.3858
vn -0.8598 0.5106 -0.0000
vn -0.5925 0.3540 -0.7236
vn 0.6070 -0.3782 0.6989
vn -0.4772 0.2321 -0.8476
vn -0.9055 0.4243 -0.0000
vn 0.6504 -0.2762 0.7076
vn -0.5477 0.1813 -0.8168
vn -0.9504 0.3109 -0.0000
vn -0.5477 0.1813 0.8168
vn -0.5136 0.0984 -0.8524
vn -0.9751 0.2219 -0.0000
vn -0.5136 0.0984 0.8524
vn -0.8044 0.1738 -0.5681
vn -0.9560 0.2223 0.1912
vn -0.5333 0.0614 -0.8437
vn -0.9934 0.1151 -0.0000
vn -0.5332 0.0615 0.8437
vn -0.8426 0.0843 0.5320
vn 0.9599 -0.1157 0.2552
vn 0.9597 -0.1158 -0.2560
vn -0.8444 0.0867 -0.5287
vn -0.9936 0.1125 0.0014
vn -0.7005 0.5152 0.4939
vn 0.5665 -0.4281 -0.7041
vn 0.7792 -0.5779 -0.2426
vn -0.7012 0.5168 -0.4911
vn -0.8062 0.5917 0.0004
vn 0.5670 -0.4280 0.7038
vn 0.7793 -0.5777 0.2427
vn -0.0069 -0.7098 -0.7044
vn 0.0052 0.1384 -0.9904
vn 0.0107 0.9999 0.0007
vn 0.0092 0.8607 0.5090
vn 0.0106 0.9710 0.2389
vn -0.0103 -0.9705 -0.2409
vn -0.0070 -0.7097 0.7045
vn 0.0100 0.8617 -0.5073
vn 0.0046 0.1350 0.9908
vn 0.0132 0.9726 -0.2321
vn -0.0103 -0.9704 0.2414
vn 0.0335 0.0163 -0.9993
vn 0.7311 0.4742 0.4905
vn 0.8178 0.5462 0.1814
vn -0.5997 -0.3941 -0.6965
vn -0.8133 -0.5292 -0.2417
vn 0.0300 0.0140 0.9995
vn 0.7322 0.4742 -0.4889
vn 0.8392 0.5439 0.0002
vn 0.8170 0.5495 -0.1747
vn -0.8134 -0.5292 0.2416
vn -0.5999 -0.3946 0.6960
vn -0.6794 0.1680 -0.7142
vn 0.1573 -0.0539 -0.9861
vn 0.9687 -0.2482 0.0001
vn 0.8322 -0.2204 0.5087
vn 0.9589 -0.2180 0.1814
vn -0.9405 0.2341 -0.2462
vn -0.6797 0.1684 0.7139
vn 0.8322 -0.2207 -0.5087
vn 0.9594 -0.2210 -0.1750
vn 0.1539 -0.0519 0.9867
vn -0.9404 0.2339 0.2467
vn -0.5072 0.4593 -0.7292
vn 0.1713 -0.1806 -0.9685
vn 0.7407 -0.6719 -0.0000
vn 0.6216 -0.5782 0.5284
vn -0.7170 0.6499 -0.2522
vn -0.5072 0.4595 0.7291
vn 0.6217 -0.5774 -0.5292
vn 0.7148 -0.6663 -0.2126
vn 0.1750 -0.1816 0.9677
vn -0.7170 0.6498 0.2524
vn -0.4136 0.5343 -0.7372
vn 0.6245 0.2157 -0.7507
vn 0.6091 -0.7931 -0.0001
vn 0.5009 -0.6483 0.5735
vn -0.5940 0.7632 -0.2545
vn -0.4136 0.5343 0.7372
vn 0.5308 -0.6852 -0.4988
vn 0.8842 -0.3469 0.3129
vn 0.5009 -0.6483 -0.5735
vn 0.5975 0.2010 0.7762
vn -0.5940 0.7631 0.2546
vn 0.8532 0.5216 -0.0007
vn 0.8438 0.5366 0.0009
vn 0.8433 0.5375 -0.0002
vn 0.8708 0.4916 -0.0000
vn 0.8084 -0.1841 0.5591
vn -0.0605 0.0650 -0.9961
vn -0.1672 0.2677 0.9489
vn -0.2108 0.3869 0.8977
vn 0.1266 0.8333 0.5382
vn 0.1349 0.9740 0.1819
vn -0.0980 -0.6380 -0.7638
vn 0.3107 0.7719 -0.5547
vn -0.2018 -0.6317 -0.7485
vn -0.3677 -0.8977 -0.2428
vn 0.2286 0.4948 -0.8384
vn -0.3163 -0.6067 -0.7293
vn 0.3777 0.7547 0.5365
vn 0.4872 0.8507 -0.1974
vn 0.4547 0.8907 0.0001
vn -0.0536 -0.1728 0.9835
vn 0.2292 0.4941 0.8387
vn -0.3110 -0.6109 0.7281
vn -0.0847 -0.1653 0.9826
vn 0.4865 0.8514 0.1963
vn 0.3777 0.7547 -0.5365
vn 0.1487 0.2409 -0.9591
vn -0.0879 -0.1728 -0.9810
vn 0.5850 0.8110 0.0001
vn -0.3995 -0.5279 -0.7495
vn -0.4071 -0.5519 0.7278
vn 0.4188 0.4372 -0.7959
vn 0.7072 0.7071 -0.0000
vn 0.5912 0.5912 0.5486
vn -0.4584 -0.4626 0.7588
vn 0.5912 0.5912 -0.5486
vn 0.6550 0.5016 0.5652
vn 0.8024 0.5968 -0.0000
vn 0.4267 0.3036 -0.8519
vn 0.6925 0.5051 0.5151
vn 0.7617 0.6162 -0.2002
vn -0.5339 -0.4130 0.7378
vn 0.8435 0.5016 -0.1920
vn 0.7004 0.4158 0.5801
vn 0.7922 0.4728 0.3858
vn 0.8598 0.5106 -0.0000
vn 0.5925 0.3540 0.7236
vn -0.6083 -0.3781 -0.6979
vn -0.8295 -0.4878 -0.2718
vn 0.8383 0.4833 0.2526
vn 0.7004 0.4159 -0.5800
vn -0.8241 -0.4986 0.2686
vn -0.6440 -0.2709 -0.7154
vn 0.9055 0.4243 -0.0000
vn -0.8692 -0.4233 -0.2554
vn 0.4772 0.2321 0.8476
vn 0.9504 0.3109 -0.0000
vn 0.5477 0.1813 -0.8168
vn 0.5477 0.1813 0.8168
vn 0.9751 0.2219 -0.0000
vn 0.5135 0.0984 -0.8524
vn 0.8044 0.1738 0.5681
vn 0.9560 0.2223 -0.1913
vn 0.5136 0.0984 0.8524
vn 0.5332 0.0615 -0.8437
vn -0.9585 -0.1128 -0.2620
vn 0.5333 0.0614 0.8437
vn 0.9934 0.1151 -0.0000
vn 0.8444 0.0867 0.5287
vn 0.9936 0.1125 -0.0014
vn -0.9599 -0.1157 0.2552
vn -0.9597 -0.1158 -0.2560
vn 0.8426 0.0843 -0.5320
vn 0.7012 0.5168 0.4911
vn 0.8062 0.5917 -0.0004
vn -0.7793 -0.5778 0.2427
vn -0.7793 -0.5778 -0.2426
vn -0.5669 -0.4281 -0.7038
vn 0.7005 0.5152 -0.4939
vn -0.5666 -0.4280 0.7041
vn 0.0070 -0.7097 -0.7045
vn -0.0107 0.9999 -0.0006
vn -0.0100 0.8617 0.5073
vn -0.0046 0.1350 -0.9908
vn -0.0132 0.9726 0.2321
vn 0.0103 -0.9705 0.2409
vn 0.0103 -0.9704 -0.2414
vn 0.0069 -0.7098 0.7044
vn -0.0052 0.1384 0.9904
vn -0.0092 0.8607 -0.5090
vn -0.0106 0.9710 -0.2389
vn -0.0300 0.0140 -0.9995
vn -0.7322 0.4742 0.4889
vn -0.8392 0.5439 -0.0002
vn -0.8170 0.5495 0.1747
vn 0.8134 -0.5292 -0.2416
vn 0.8133 -0.5292 0.2417
vn 0.5999 -0.3946 -0.6960
vn -0.0336 0.0163 0.9993
vn -0.7311 0.4742 -0.4905
vn -0.8178 0.5462 -0.1814
vn 0.5997 -0.3941 0.6965
vn 0.6797 0.1684 -0.7139
vn -0.9687 -0.2482 -0.0001
vn -0.8322 -0.2207 0.5087
vn -0.9594 -0.2210 0.1750
vn -0.1539 -0.0519 -0.9867
vn 0.9405 0.2340 0.2462
vn 0.9404 0.2339 -0.2467
vn 0.6794 0.1680 0.7142
vn -0.1573 -0.0539 0.9861
vn -0.8322 -0.2204 -0.5087
vn -0.9589 -0.2180 -0.1814
vn 0.5072 0.4595 -0.7291
vn -0.7407 -0.6719 -0.0000
vn -0.6217 -0.5774 0.5292
vn -0.7148 -0.6663 0.2126
vn -0.1750 -0.1816 -0.9677
vn 0.5072 0.4593 0.7292
vn -0.1713 -0.1806 0.9685
vn -0.6216 -0.5782 -0.5284
vn 0.4137 0.5344 -0.7371
vn -0.5308 -0.6852 0.4988
vn -0.8842 -0.3469 -0.3129
vn -0.6091 -0.7931 0.0001
vn -0.5009 -0.6483 0.5735
vn -0.5975 0.2009 -0.7763
vn 0.4135 0.5342 0.7373
vn -0.6245 0.2157 0.7507
vn -0.5009 -0.6483 -0.5735
vn 0.5940 0.7631 0.2546
vn -0.8529 0.5220 0.0009
vn -0.8441 0.5361 -0.0008
vn -0.8439 0.5365 0.0004
vn 0.8454 0.5341 0.0006
vn 0.8483 0.5295 -0.0054
vn 0.8916 0.4526 0.0103
vn 0.8473 0.5311 0.0016
vn 0.8593 0.5070 -0.0683
vn 0.8498 0.5271 -0.0101
vn -0.8428 0.5382 0.0006
vn -0.8479 0.5302 0.0033
vn -0.8916 0.4526 -0.0103
vn -0.8479 0.5302 -0.0013
vn -0.8593 0.5070 0.0683
vn -0.8498 0.5271 0.0101
vt 0.875000 0.500000
vt 1.000000 1.000000
vt 0.875000 1.000000
vt 0.798067 1.000000
vt 0.750000 0.500000
vt 0.125000 0.500000
vt 0.062490 1.000000
vt 0.000000 0.500000
vt 0.625000 0.497511
vt 0.607526 0.499997
vt 0.570767 0.497512
vt 0.625000 0.602564
vt 0.625007 0.583333
vt 0.627495 0.602564
vt 0.627484 0.583333
vt 0.627500 0.583333
vt 0.626919 0.583333
vt 0.627121 0.583333
vt 0.627014 0.583333
vt 0.627054 0.583333
vt 0.375000 0.497500
vt 0.429233 0.497889
vt 0.429233 0.497504
vt 0.615506 0.497509
vt 0.625000 0.497783
vt 0.570767 0.497934
vt 0.429233 0.497889
vt 0.375000 0.497500
vt 0.429233 0.500000
vt 0.372500 0.593750
vt 0.372500 0.593750
vt 0.375000 0.499559
vt 0.627217 0.583333
vt 0.627122 0.583333
vt 0.626919 0.583333
vt 0.627054 0.583333
vt 0.627016 0.583333
vt 0.627224 0.602564
vt 0.625510 0.583333
vt 0.625252 0.583333
vt 0.625469 0.583333
vt 0.374465 0.593750
vt 0.372500 0.593750
vt 0.625252 0.583333
vt 0.625510 0.583333
vt 0.625468 0.583333
vt 0.611786 0.500000
vt 0.625000 0.499817
vt 0.570767 0.499694
vt 0.625324 0.583333
vt 0.625207 0.583333
vt 0.625324 0.583333
vt 0.625000 0.497828
vt 0.610022 0.498534
vt 0.626931 0.583333
vt 0.627129 0.583333
vt 0.375000 0.499861
vt 0.429233 0.497976
vt 0.570767 0.499154
vt 0.429233 0.497976
vt 0.372500 0.593750
vt 0.375000 0.593750
vt 0.627044 0.583333
vt 0.626278 0.583333
vt 0.626278 0.583333
vt 0.429233 0.499379
vt 0.570767 0.499035
vt 0.429233 0.498721
vt 0.372500 0.593750
vt 0.373864 0.593750
vt 0.570767 0.499037
vt 0.625000 0.498720
vt 0.625000 0.499575
vt 0.625720 0.583333
vt 0.625479 0.583333
vt 0.625612 0.583333
vt 0.625566 0.583333
vt 0.375000 0.497923
vt 0.429233 0.497500
vt 0.627500 0.583333
vt 0.625720 0.583333
vt 0.625479 0.583333
vt 0.625612 0.583333
vt 0.625566 0.583333
vt 0.374590 0.593750
vt 0.626224 0.583333
vt 0.626246 0.583333
vt 0.570767 0.499274
vt 0.429233 0.498749
vt 0.626293 0.583333
vt 0.626252 0.583333
vt 0.570767 0.499277
vt 0.429233 0.498748
vt 0.626298 0.583333
vt 0.626253 0.583333
vt 0.373892 0.593750
vt 0.625000 0.583333
vt 0.627500 0.583333
vt 0.570767 0.498951
vt 0.627500 0.583333
vt 0.570767 0.498954
vt 0.627445 0.583333
vt 0.627447 0.583333
vt 0.798067 1.000000
vt 0.173750 0.500000
vt 0.125000 1.000000
vt 0.250000 1.000000
vt 0.372500 0.593750
vt 0.607537 0.499997
vt 0.570767 0.497512
vt 0.625007 0.583333
vt 0.627484 0.583333
vt 0.615506 0.497509
vt 0.429233 0.497889
vt 0.372500 0.593750
vt 0.374560 0.593750
vt 0.627122 0.583333
vt 0.626919 0.583333
vt 0.627224 0.602564
vt 0.627217 0.583333
vt 0.625252 0.583333
vt 0.625510 0.583333
vt 0.374465 0.593750
vt 0.374821 0.593750
vt 0.627500 0.583333
vt 0.625324 0.583333
vt 0.627500 0.583333
vt 0.375000 0.499861
vt 0.625000 0.497828
vt 0.610023 0.498534
vt 0.375000 0.497500
vt 0.627044 0.583333
vt 0.570767 0.499037
vt 0.429233 0.499379
vt 0.625720 0.583333
vt 0.627500 0.583333
vt 0.625566 0.583333
vt 0.374591 0.593750
vt 0.626246 0.583333
vt 0.570767 0.499274
vt 0.626252 0.583333
vt 0.626253 0.583333
vt 0.373372 0.593750
vt 0.570767 0.498951
vt 0.627447 0.583333
vt 0.374999 0.497525
vt 0.053264 0.354447
vt 0.354457 0.053267
vt 0.490000 0.250000
vt 0.500000 1.000000
vt 0.625000 0.500000
vt 0.625000 1.000000
vt 0.750000 1.000000
vt 0.688281 0.500000
vt 0.375000 0.500000
vt 0.375000 1.000000
vt 0.429233 0.499997
vt 0.173750 0.500000
vt 0.627489 0.583333
vt 0.627492 0.583333
vt 0.627489 0.583333
vt 0.627485 0.583333
vt 0.429233 0.499997
vt 0.625000 0.497783
vt 0.375000 0.499409
vt 0.374559 0.593750
vt 0.570767 0.497934
vt 0.625000 0.499648
vt 0.429233 0.499487
vt 0.570767 0.499414
vt 0.625609 0.583333
vt 0.625399 0.583333
vt 0.625342 0.602564
vt 0.625352 0.583333
vt 0.375000 0.499766
vt 0.625000 0.499647
vt 0.429233 0.499486
vt 0.625399 0.583333
vt 0.625609 0.583333
vt 0.625353 0.583333
vt 0.375000 0.499465
vt 0.429233 0.499741
vt 0.625174 0.602564
vt 0.625183 0.583333
vt 0.375000 0.499773
vt 0.653070 0.500155
vt 0.570767 0.499419
vt 0.375000 0.499834
vt 0.429233 0.499740
vt 0.374834 0.593750
vt 0.627322 0.583333
vt 0.627500 0.602564
vt 0.625000 0.497678
vt 0.627172 0.583333
vt 0.627046 0.583333
vt 0.627183 0.602564
vt 0.625000 0.497828
vt 0.627130 0.583333
vt 0.626932 0.583333
vt 0.627172 0.583333
vt 0.375000 0.498024
vt 0.626277 0.583333
vt 0.626280 0.583333
vt 0.626279 0.583333
vt 0.375000 0.498864
vt 0.626277 0.583333
vt 0.626279 0.583333
vt 0.626279 0.583333
vt 0.626281 0.602564
vt 0.626278 0.583333
vt 0.626280 0.583333
vt 0.429233 0.498721
vt 0.375000 0.498660
vt 0.625000 0.499575
vt 0.625416 0.602564
vt 0.625425 0.583333
vt 0.429233 0.499378
vt 0.625425 0.583333
vt 0.375000 0.499590
vt 0.625000 0.497500
vt 0.625000 0.498483
vt 0.626517 0.583333
vt 0.375000 0.498689
vt 0.626253 0.602564
vt 0.626253 0.583333
vt 0.626224 0.583333
vt 0.375000 0.498892
vt 0.602297 0.498579
vt 0.601981 0.498591
vt 0.611680 0.500000
vt 0.600220 0.500000
vt 0.599499 0.500000
vt 0.611336 0.500000
vt 0.605773 0.500000
vt 0.608563 0.500000
vt 0.605155 0.500000
vt 0.607714 0.553398
vt 0.374999 0.497525
vt 0.608421 0.500000
vt 0.334866 0.454847
vt 0.354456 0.053267
vt 0.080294 0.080294
vt 0.500000 0.500000
vt 0.688280 0.500000
vt 0.250000 0.500000
vt 0.627492 0.583333
vt 0.062490 1.000000
vt 0.627485 0.583333
vt 0.627489 0.583333
vt 0.375000 0.497876
vt 0.375000 0.499560
vt 0.429233 0.497889
vt 0.429233 0.499486
vt 0.625353 0.583333
vt 0.375000 0.499765
vt 0.625000 0.499648
vt 0.429233 0.499487
vt 0.625609 0.583333
vt 0.625352 0.583333
vt 0.375000 0.499465
vt 0.653071 0.500155
vt 0.375000 0.499780
vt 0.429233 0.499740
vt 0.429233 0.499741
vt 0.375000 0.499821
vt 0.627046 0.583333
vt 0.627183 0.602564
vt 0.627172 0.583333
vt 0.375000 0.498023
vt 0.626279 0.583333
vt 0.626280 0.583333
vt 0.626279 0.583333
vt 0.429233 0.499378
vt 0.625000 0.499575
vt 0.625425 0.583333
vt 0.375000 0.499591
vt 0.375000 0.498029
vt 0.625000 0.498483
vt 0.626253 0.583333
vt 0.626224 0.583333
vt 0.626517 0.583333
vt 0.375000 0.498372
vt 0.625000 0.498483
vt 0.375000 0.499179
vt 0.601981 0.498591
vt 0.602297 0.498579
vt 0.611680 0.500000
vt 0.599499 0.500000
vt 0.611336 0.500000
vt 0.600220 0.500000
vt 0.605773 0.500000
vt 0.608563 0.500000
vt 0.607626 0.553265
vt 0.606086 0.497500
vt 1.000000 0.500000
vt 0.334866 0.454847
vt 0.606002 0.497500
vt 0.053264 0.354448
s 1
usemtl 
f 647/205/313 638/206/314 645/207/315
f 638/208/314 639/209/316 641/205/317
f 647/210/313 645/211/315 646/212/318
f 653/213/319 896/214/320 652/215/321
f 631/216/322 632/217/323 649/218/324
f 654/219/325 655/220/326 632/217/323
f 654/219/325 667/221/327 666/222/328
f 655/220/326 659/223/329 670/224/330
f 658/225/331 657/226/332 648/227/333
f 656/228/334 678/229/335 676/230/336
f 662/231/337 663/232/338 660/233/339
f 663/234/338 672/234/340 658/235/331
f 662/231/337 677/236/341 663/232/338
f 673/237/342 680/220/343 667/221/327
f 668/238/344 682/220/345 669/239/346
f 675/240/347 679/220/348 664/241/349
f 665/242/350 679/220/348 675/240/347
f 682/220/345 678/237/335 669/239/346
f 686/243/351 704/244/352 690/245/353
f 693/246/354 702/234/355 688/247/356
f 709/248/357 684/249/358 695/250/359
f 717/251/360 710/252/361 701/253/362
f 705/254/363 720/220/364 703/255/365
f 723/220/366 712/256/367 708/255/368
f 737/257/369 717/251/360 728/258/370
f 720/220/364 738/259/371 730/260/372
f 721/261/373 726/262/374 716/233/375
f 713/233/376 733/263/377 724/264/378
f 732/234/379 721/265/373 722/266/380
f 732/234/379 729/234/381 721/265/373
f 731/267/382 740/268/383 750/269/384
f 746/247/385 729/234/381 732/234/379
f 757/270/386 763/271/387 739/272/388
f 746/247/385 752/273/389 744/274/390
f 760/275/391 747/276/392 761/277/393
f 765/278/394 780/220/395 766/279/396
f 753/280/397 770/220/398 764/281/399
f 757/270/386 768/282/400 767/283/401
f 777/284/402 772/285/403 773/286/404
f 778/220/405 756/287/406 762/288/407
f 775/234/408 768/265/400 771/289/409
f 780/220/395 789/290/410 788/291/411
f 786/292/412 767/233/401 781/293/413
f 770/220/398 782/294/414 796/295/415
f 774/233/416 790/296/417 783/297/418
f 782/294/414 801/220/419 796/295/415
f 795/234/420 813/234/421 798/234/422
f 804/220/423 784/298/424 793/299/425
f 813/234/421 795/234/420 802/300/426
f 805/301/427 810/302/428 806/301/429
f 807/303/430 797/233/431 808/283/432
f 820/304/433 815/301/434 816/301/435
f 803/233/436 817/305/437 818/283/438
f 830/306/439 823/220/440 810/302/428
f 827/220/441 825/307/442 820/304/433
f 863/220/443 805/220/444 806/220/445
f 887/209/446 886/308/447 889/205/448
f 894/309/449 892/310/450 893/311/451
f 901/312/452 634/266/453 630/266/454
f 904/213/455 650/313/456 903/314/457
f 631/216/322 636/315/458 898/218/459
f 909/316/460 905/220/461 636/315/458
f 900/317/462 922/229/463 920/230/464
f 909/316/460 918/221/465 917/222/466
f 905/220/461 912/223/467 924/224/468
f 911/225/469 910/318/470 899/227/471
f 914/319/472 926/320/473 911/273/469
f 915/321/474 929/284/475 916/322/476
f 919/240/477 923/220/478 908/241/479
f 913/323/480 923/220/478 919/240/477
f 929/284/475 922/324/463 916/322/476
f 927/237/481 931/220/482 918/221/465
f 953/325/483 935/326/484 939/250/485
f 951/265/486 942/327/487 937/247/488
f 933/243/489 959/244/490 944/245/491
f 942/327/487 951/265/486 956/328/492
f 969/329/493 954/330/494 952/255/495
f 963/251/496 957/252/497 961/253/498
f 962/254/499 972/331/500 958/255/501
f 966/233/502 977/263/503 974/264/504
f 974/264/504 970/332/505 966/233/502
f 982/333/506 963/251/496 980/334/507
f 972/331/500 985/259/508 983/260/509
f 970/234/505 981/234/510 971/266/511
f 978/265/512 981/234/510 970/234/505
f 974/264/504 978/335/512 970/332/505
f 984/336/513 992/268/514 997/269/515
f 1012/337/516 994/276/517 1008/277/518
f 1004/338/519 1009/271/520 991/272/521
f 1029/220/522 1014/285/523 1015/286/524
f 1019/220/525 1002/287/526 1013/288/527
f 1021/339/528 1026/340/529 1022/279/530
f 1005/280/531 1027/220/532 1011/341/533
f 1017/234/534 1024/234/535 1020/342/536
f 1016/233/537 1035/296/538 1030/297/539
f 1026/340/529 1043/290/540 1041/343/541
f 1039/344/542 1023/233/543 1032/293/544
f 1027/220/532 1033/294/545 1042/345/546
f 1050/220/547 1031/298/548 1045/346/549
f 1033/294/545 1053/220/550 1042/345/546
f 1044/347/551 1062/234/552 1051/234/553
f 1059/331/554 1054/301/555 1055/301/556
f 1046/233/557 1056/305/558 1057/283/559
f 1064/301/560 1069/302/561 1065/301/562
f 1066/348/563 1052/233/564 1067/283/565
f 1072/220/566 1079/349/567 1059/331/554
f 1074/306/568 1076/331/569 1069/302/561
f 1123/266/570 1126/350/571 1120/247/572
f 1130/220/573 1064/220/574 1065/220/575
f 638/351/314 642/352/576 644/353/576
f 640/354/577 643/355/578 642/356/579
f 640/357/577 638/356/314 641/358/317
f 642/311/579 646/359/318 644/360/580
f 648/227/333 896/214/320 629/361/581
f 646/362/318 645/311/315 644/310/580
f 654/219/325 896/301/320 653/363/319
f 658/235/331 634/266/453 663/234/338
f 632/217/323 633/301/582 654/219/325
f 648/227/333 630/359/454 658/225/331
f 636/315/458 649/218/324 651/364/583
f 637/301/584 656/365/334 650/301/456
f 661/366/585 636/315/458 651/364/583
f 656/228/334 635/367/586 650/313/456
f 635/367/586 663/232/338 634/359/453
f 632/217/323 655/220/326 649/218/324
f 652/215/321 673/368/342 653/213/319
f 635/367/586 660/283/339 663/232/338
f 657/226/332 652/215/321 648/227/333
f 670/224/330 649/218/324 655/220/326
f 667/221/327 653/363/319 673/237/342
f 659/223/329 654/219/325 666/222/328
f 676/230/336 660/233/339 656/228/334
f 661/366/585 668/238/344 669/239/346
f 675/240/347 649/218/324 665/242/350
f 651/364/583 675/240/347 664/241/349
f 656/365/334 669/239/346 678/237/335
f 661/366/585 664/241/349 668/238/344
f 674/220/587 666/222/328 680/220/343
f 657/226/332 658/225/331 672/369/340
f 677/370/341 672/234/340 663/234/338
f 666/222/328 667/221/327 680/220/343
f 670/224/330 659/223/329 674/220/587
f 665/242/350 670/224/330 674/220/587
f 668/238/344 679/220/348 682/220/345
f 671/371/588 689/372/589 673/368/342
f 671/371/588 681/373/590 687/374/591
f 680/220/343 691/375/592 697/376/593
f 685/377/594 674/220/587 690/245/353
f 674/220/587 686/243/351 690/245/353
f 689/378/589 680/220/343 673/237/342
f 674/220/587 697/376/593 686/243/351
f 681/373/590 672/369/340 688/379/356
f 694/380/595 676/230/336 678/229/335
f 676/230/336 683/381/596 662/231/337
f 699/382/597 696/383/598 682/220/345
f 679/220/348 685/377/594 695/250/359
f 695/250/359 684/249/358 679/220/348
f 694/384/595 682/220/345 696/383/598
f 679/220/348 699/382/597 682/220/345
f 677/370/341 688/247/356 672/234/340
f 677/236/341 683/381/596 693/385/354
f 687/374/591 710/252/361 689/372/589
f 703/255/365 691/375/592 705/254/363
f 687/374/591 700/386/599 701/253/362
f 698/387/600 690/245/353 704/244/352
f 710/388/361 691/375/592 689/378/589
f 686/243/351 703/255/365 704/244/352
f 702/389/355 681/373/590 688/379/356
f 696/383/598 708/255/368 712/256/367
f 711/390/601 692/391/602 694/380/595
f 711/390/601 683/381/596 692/391/602
f 695/250/359 698/387/600 709/248/357
f 711/220/601 696/383/598 712/256/367
f 684/249/358 708/255/368 699/382/597
f 707/392/603 683/381/596 706/393/604
f 707/394/603 702/234/355 693/246/354
f 701/253/362 716/283/375 717/251/360
f 712/256/367 714/395/605 711/301/601
f 718/396/606 704/244/352 719/220/607
f 717/220/360 705/254/363 710/388/361
f 704/244/352 720/220/364 719/220/607
f 716/283/375 702/389/355 721/261/373
f 711/390/601 713/283/376 706/393/604
f 733/263/377 711/390/601 714/397/605
f 709/248/357 718/396/606 715/220/608
f 709/248/357 723/220/366 708/255/368
f 712/256/367 723/220/366 714/395/605
f 702/234/355 722/234/380 721/265/373
f 722/335/380 706/393/604 713/283/376
f 726/262/374 717/251/360 716/233/375
f 731/267/382 718/216/606 719/220/607
f 738/259/371 717/301/360 737/398/369
f 731/267/382 720/220/364 730/260/372
f 725/399/609 718/216/606 727/400/610
f 733/263/377 714/397/605 734/401/611
f 723/220/366 735/402/612 736/403/613
f 714/395/605 736/403/613 734/404/611
f 723/220/366 725/399/609 735/402/612
f 713/233/376 732/405/379 722/359/380
f 745/406/614 730/260/372 738/259/371
f 726/262/374 721/261/373 729/335/381
f 739/272/388 728/258/370 726/262/374
f 750/269/384 727/400/610 731/267/382
f 738/259/371 728/407/370 745/406/614
f 740/268/383 730/260/372 751/408/615
f 739/272/388 729/359/381 744/409/390
f 729/234/381 746/247/385 744/274/390
f 747/276/392 733/263/377 734/401/611
f 749/410/616 735/402/612 754/411/617
f 760/275/391 724/264/378 733/263/377
f 748/412/618 727/400/610 741/413/619
f 725/399/609 748/412/618 743/414/620
f 734/404/611 749/410/616 747/415/392
f 735/402/612 743/414/620 754/411/617
f 732/405/379 742/416/621 746/417/385
f 766/279/396 745/406/614 765/278/394
f 763/271/387 759/418/622 728/258/370
f 764/281/399 740/268/383 753/280/397
f 758/419/623 750/269/384 764/281/399
f 759/420/622 745/406/614 728/407/370
f 740/268/383 766/279/396 753/280/397
f 752/335/389 739/272/388 744/409/390
f 749/410/616 773/286/404 772/285/403
f 743/414/620 762/288/407 756/287/406
f 755/421/624 742/416/621 760/275/391
f 748/412/618 758/419/623 762/288/407
f 761/422/393 749/410/616 772/285/403
f 743/414/620 773/286/404 754/411/617
f 771/423/409 742/416/621 755/421/624
f 771/289/409 752/273/389 746/247/385
f 759/418/622 786/292/412 769/424/625
f 752/359/389 768/282/400 757/270/386
f 771/289/409 768/265/400 752/273/389
f 763/271/387 767/283/401 786/292/412
f 779/396/626 764/281/399 770/220/398
f 769/220/625 765/278/394 759/420/622
f 753/280/397 780/220/395 770/220/398
f 761/277/393 790/296/417 760/275/391
f 760/275/391 774/283/416 755/421/624
f 762/288/407 779/396/626 778/220/405
f 776/220/627 772/285/403 777/284/402
f 756/287/406 777/284/402 773/286/404
f 775/335/408 755/421/624 774/283/416
f 796/295/415 779/216/626 770/220/398
f 787/425/628 769/355/625 786/292/412
f 789/290/410 769/301/625 787/426/628
f 788/291/411 770/220/398 780/220/395
f 767/233/401 795/427/420 781/293/413
f 793/299/425 779/216/626 785/428/629
f 790/296/417 776/355/627 791/425/630
f 777/284/402 792/429/631 794/430/632
f 778/220/405 793/299/425 784/298/424
f 776/301/627 794/430/632 791/426/630
f 792/429/631 778/220/405 784/298/424
f 775/266/408 795/234/420 768/265/400
f 774/233/416 802/431/426 775/359/408
f 787/425/628 807/303/430 799/424/633
f 788/291/411 805/220/427 806/220/429
f 781/293/413 807/303/430 786/292/412
f 785/428/629 801/220/419 800/396/634
f 805/220/427 787/426/628 799/220/633
f 806/220/429 782/294/414 788/291/411
f 797/283/431 795/427/420 798/335/422
f 791/425/630 817/305/437 790/296/417
f 792/429/631 815/220/434 794/430/632
f 817/305/437 783/297/418 790/296/417
f 785/428/629 804/220/423 793/299/425
f 791/426/630 815/220/434 814/220/635
f 816/220/435 784/298/424 804/220/423
f 813/335/421 783/297/418 803/283/436
f 812/220/636 800/216/634 801/220/419
f 830/432/439 799/355/633 807/303/430
f 810/302/428 799/301/633 830/306/439
f 812/220/636 806/301/429 810/302/428
f 819/234/637 798/266/422 813/234/421
f 808/283/432 798/359/422 809/335/638
f 821/220/639 800/216/634 811/396/640
f 817/305/437 814/355/635 825/433/442
f 814/301/635 820/304/433 825/307/442
f 816/301/435 821/220/639 820/304/433
f 813/359/421 818/283/438 819/335/637
f 808/233/432 830/432/439 807/303/430
f 824/220/641 811/216/640 812/220/636
f 824/220/641 810/302/428 823/220/440
f 829/283/642 809/359/638 822/335/643
f 809/266/638 819/234/637 822/234/643
f 825/433/442 818/233/438 817/305/437
f 828/304/644 811/216/640 831/396/645
f 820/304/433 828/304/644 827/220/441
f 819/359/637 836/283/646 826/335/647
f 826/234/647 822/234/643 819/234/637
f 830/432/439 832/283/648 840/434/649
f 841/396/650 824/220/641 835/220/651
f 840/220/649 823/220/440 830/306/439
f 835/220/651 823/220/440 834/220/652
f 833/335/653 829/233/642 822/359/643
f 825/433/442 837/283/654 836/233/646
f 828/304/644 841/396/650 845/220/655
f 844/220/656 827/220/441 839/329/657
f 827/220/441 845/220/655 839/329/657
f 826/266/647 833/234/653 822/234/643
f 838/335/658 836/233/646 837/283/654
f 832/233/648 849/435/659 840/434/649
f 843/220/660 841/216/650 835/220/651
f 851/220/661 840/301/649 849/220/659
f 851/220/661 835/220/651 834/220/652
f 848/283/662 833/359/653 842/335/663
f 856/436/664 837/233/654 844/437/656
f 857/220/665 841/216/650 850/396/666
f 844/301/656 847/331/667 856/220/664
f 847/331/667 845/220/655 857/220/665
f 833/234/653 846/234/668 842/319/663
f 838/359/658 855/283/669 846/335/668
f 849/435/659 852/283/670 860/438/671
f 854/396/672 843/220/660 861/331/673
f 853/340/674 849/301/659 860/220/671
f 861/331/673 851/220/661 853/340/674
f 866/335/675 848/233/662 842/359/663
f 856/436/664 867/283/676 855/233/669
f 857/220/665 854/396/672 869/329/677
f 856/301/664 859/284/678 868/220/679
f 847/331/667 869/329/677 859/284/678
f 866/234/675 846/266/668 858/234/680
f 858/335/680 855/233/669 867/283/676
f 860/438/671 873/283/681 862/439/682
f 864/396/683 861/331/673 865/220/684
f 863/220/443 860/301/671 862/220/682
f 861/331/673 863/220/443 865/220/684
f 874/335/685 852/233/670 866/359/675
f 868/440/679 870/283/686 867/233/676
f 869/329/677 864/396/683 872/220/687
f 868/301/679 881/220/688 880/220/689
f 869/329/677 881/220/688 859/284/678
f 866/234/675 871/234/690 874/234/685
f 871/335/690 867/233/676 870/283/686
f 862/439/682 876/283/691 875/441/692
f 878/396/693 865/220/684 879/220/694
f 805/220/444 862/301/682 875/441/692
f 865/220/684 806/220/445 879/220/694
f 877/442/695 873/233/681 874/359/685
f 880/443/689 883/283/696 870/233/686
f 881/220/688 816/220/697 815/220/698
f 872/220/687 878/396/693 885/220/699
f 880/301/689 815/220/698 882/220/700
f 872/220/687 816/220/697 881/220/688
f 874/234/685 884/234/701 877/442/695
f 884/335/701 870/233/686 883/283/696
f 876/283/702 884/234/703 878/396/704
f 893/444/705 890/445/705 888/446/706
f 886/206/447 895/205/707 893/207/451
f 888/354/706 891/355/708 889/447/448
f 889/448/448 886/356/447 888/357/706
f 890/311/709 894/359/449 891/449/708
f 632/217/323 898/218/459 897/450/710
f 895/210/707 894/212/449 893/451/451
f 633/301/582 900/365/462 896/301/320
f 902/452/711 632/217/323 897/450/710
f 899/227/471 650/313/456 635/367/586
f 629/361/581 901/335/452 630/359/454
f 909/316/460 650/301/456 904/453/455
f 899/227/471 634/359/453 911/225/469
f 636/315/458 637/301/584 909/316/460
f 634/266/453 901/312/452 911/273/469
f 900/317/462 629/361/581 896/214/320
f 920/230/464 906/233/712 900/317/462
f 629/361/581 906/283/712 901/335/452
f 636/315/458 905/220/461 898/218/459
f 902/452/711 915/321/474 916/322/476
f 919/240/477 898/218/459 913/323/480
f 897/450/710 919/240/477 908/241/479
f 900/365/462 916/322/476 922/324/463
f 902/452/711 908/241/479 915/321/474
f 906/233/712 914/454/472 901/335/452
f 903/314/457 927/229/481 904/213/455
f 910/318/470 903/314/457 899/227/471
f 924/224/468 898/218/459 905/220/461
f 918/221/465 904/453/455 927/237/481
f 912/223/467 909/316/460 917/222/466
f 915/321/474 923/220/478 929/284/475
f 901/312/452 914/319/472 911/273/469
f 910/318/470 911/225/469 926/455/473
f 928/220/713 917/222/466 931/220/482
f 907/456/714 921/335/715 914/454/472
f 917/222/466 918/221/465 931/220/482
f 924/224/468 912/223/467 928/220/713
f 913/323/480 924/224/468 928/220/713
f 938/380/716 920/230/464 922/229/463
f 914/319/472 921/234/715 926/320/473
f 920/230/464 930/457/717 907/456/714
f 946/382/718 940/383/719 929/284/475
f 923/220/478 934/377/720 939/250/485
f 939/250/485 935/326/484 923/220/478
f 938/458/716 929/284/475 940/383/719
f 923/220/478 946/382/718 929/284/475
f 921/359/715 930/457/717 937/459/488
f 925/371/721 943/460/722 927/229/481
f 925/371/721 932/461/723 941/374/724
f 931/220/482 945/462/725 948/376/726
f 934/377/720 928/220/713 944/245/491
f 928/220/713 933/243/489 944/245/491
f 943/463/722 931/220/482 927/237/481
f 928/220/713 948/376/726 933/243/489
f 942/327/487 921/234/715 937/247/488
f 932/461/723 926/455/473 942/464/487
f 940/383/719 952/255/495 954/330/494
f 950/465/727 936/391/728 938/380/716
f 950/465/727 930/457/717 936/391/728
f 939/250/485 947/387/729 953/325/483
f 950/220/727 940/383/719 954/330/494
f 935/326/484 952/255/495 946/382/718
f 951/466/486 930/457/717 949/467/730
f 941/374/724 957/252/497 943/460/722
f 958/255/501 945/462/725 962/254/499
f 941/374/724 955/468/731 961/253/498
f 947/387/729 944/245/491 959/244/490
f 957/388/497 945/462/725 943/463/722
f 933/243/489 958/255/501 959/244/490
f 956/469/492 932/461/723 942/464/487
f 950/465/727 966/283/502 949/467/730
f 954/330/494 960/395/732 950/301/727
f 977/263/503 950/465/727 960/397/732
f 953/325/483 967/396/733 968/220/734
f 953/325/483 969/329/493 952/255/495
f 954/330/494 969/329/493 960/395/732
f 951/466/486 966/283/502 970/332/505
f 961/253/498 964/283/735 963/251/496
f 967/396/733 959/244/490 965/220/736
f 963/220/496 962/254/499 957/388/497
f 959/244/490 972/331/500 965/220/736
f 971/234/511 951/265/486 970/234/505
f 971/335/511 955/468/731 956/469/492
f 976/470/737 967/216/733 975/471/738
f 977/263/503 960/397/732 986/401/739
f 969/329/493 979/402/740 987/403/741
f 960/395/732 987/403/741 986/404/739
f 969/329/493 976/470/737 979/402/740
f 973/262/742 963/251/496 964/233/735
f 984/336/513 967/216/733 965/220/736
f 985/259/508 963/301/496 982/472/506
f 984/336/513 972/331/500 983/260/509
f 964/233/735 981/473/510 973/262/742
f 994/276/517 977/263/503 986/401/739
f 995/410/743 979/402/740 1000/474/744
f 1012/337/516 974/264/504 977/263/503
f 999/412/745 975/471/738 990/413/746
f 976/470/737 999/412/745 989/414/747
f 986/404/739 995/410/743 994/415/517
f 979/402/740 989/414/747 1000/474/744
f 978/359/512 988/416/748 993/417/749
f 998/406/750 983/260/509 985/259/508
f 991/272/521 980/334/507 973/262/742
f 997/269/515 975/471/738 984/336/513
f 985/259/508 980/475/507 998/406/750
f 992/268/514 983/260/509 1003/476/751
f 996/274/752 978/265/512 993/234/749
f 973/262/742 996/409/752 991/272/521
f 995/410/743 1015/286/524 1014/285/523
f 989/414/747 1013/288/527 1002/287/526
f 1006/477/753 988/416/748 1012/337/516
f 999/412/745 1007/419/754 1013/288/527
f 1008/422/518 995/410/743 1014/285/523
f 989/414/747 1015/286/524 1000/474/744
f 1001/335/755 988/416/748 1006/477/753
f 1022/279/530 998/406/750 1021/339/528
f 1009/271/520 1010/478/756 980/334/507
f 1011/341/533 992/268/514 1005/280/531
f 1007/419/754 997/269/515 1011/341/533
f 1010/479/756 998/406/750 980/475/507
f 992/268/514 1022/279/530 1005/280/531
f 996/274/752 1001/319/755 1020/342/536
f 1020/480/536 991/272/521 996/409/752
f 1008/277/518 1035/296/538 1012/337/516
f 1006/477/753 1017/481/534 1001/359/755
f 1001/319/755 1017/234/534 1020/342/536
f 1012/337/516 1016/283/537 1006/477/753
f 1013/288/527 1028/396/757 1019/220/525
f 1018/220/758 1014/285/523 1029/220/522
f 1002/287/526 1029/220/522 1015/286/524
f 1010/478/756 1039/344/542 1025/424/759
f 1006/477/753 1016/283/537 1017/481/534
f 1009/271/520 1023/283/543 1039/344/542
f 1028/396/757 1011/341/533 1027/220/532
f 1025/220/759 1021/339/528 1010/479/756
f 1005/280/531 1026/340/529 1027/220/532
f 1024/335/535 1004/338/519 1020/480/536
f 1045/346/549 1028/216/757 1034/428/760
f 1035/296/538 1018/355/758 1036/482/761
f 1029/220/522 1037/483/762 1038/484/763
f 1019/220/525 1045/346/549 1031/298/548
f 1018/301/758 1038/484/763 1036/485/761
f 1037/483/762 1019/220/525 1031/298/548
f 1051/234/553 1017/234/534 1044/347/551
f 1016/233/537 1044/486/551 1017/481/534
f 1042/345/546 1028/216/757 1027/220/532
f 1040/487/764 1025/355/759 1039/344/542
f 1043/290/540 1025/301/759 1040/426/764
f 1041/343/541 1027/220/532 1026/340/529
f 1023/233/543 1051/488/553 1032/293/544
f 1036/482/761 1056/305/558 1035/296/538
f 1037/483/762 1054/220/555 1038/484/763
f 1056/305/558 1030/297/539 1035/296/538
f 1034/428/760 1050/220/547 1045/346/549
f 1036/485/761 1054/220/555 1048/220/765
f 1055/220/556 1031/298/548 1050/220/547
f 1044/486/551 1046/283/557 1047/335/766
f 1044/347/551 1047/234/766 1062/234/552
f 1040/487/764 1066/348/563 1063/424/767
f 1041/343/541 1064/220/560 1065/220/562
f 1032/293/544 1066/348/563 1039/344/542
f 1034/428/760 1053/220/550 1049/396/768
f 1064/220/560 1040/426/764 1063/220/767
f 1065/220/562 1033/294/545 1041/343/541
f 1062/335/552 1032/293/544 1051/488/553
f 1061/220/769 1049/216/768 1060/396/770
f 1056/305/558 1048/355/765 1079/489/567
f 1048/301/765 1059/331/554 1079/349/567
f 1055/301/556 1061/220/769 1059/331/554
f 1068/234/771 1047/266/766 1058/234/772
f 1047/359/766 1057/283/559 1058/335/772
f 1070/220/773 1049/216/768 1053/220/550
f 1074/490/568 1063/355/767 1066/348/563
f 1069/302/561 1063/301/767 1074/306/568
f 1070/220/773 1065/301/562 1069/302/561
f 1067/283/565 1062/359/552 1068/335/771
f 1079/489/567 1057/233/559 1056/305/558
f 1073/302/774 1060/216/770 1080/396/775
f 1059/331/554 1073/302/774 1072/220/566
f 1075/234/776 1058/266/772 1071/234/777
f 1058/359/772 1078/283/778 1071/335/777
f 1067/233/565 1074/490/568 1066/348/563
f 1077/220/779 1060/216/770 1070/220/773
f 1077/220/779 1069/302/561 1076/331/569
f 1085/283/780 1068/359/771 1075/335/776
f 1079/489/567 1081/283/781 1078/233/778
f 1073/302/774 1090/396/782 1084/220/783
f 1089/220/784 1072/220/566 1083/302/785
f 1072/220/566 1084/220/783 1083/302/785
f 1087/247/786 1071/266/777 1082/234/787
f 1082/335/787 1078/233/778 1081/283/781
f 1074/490/568 1086/283/788 1093/491/789
f 1090/396/782 1077/220/779 1094/220/790
f 1093/220/789 1076/331/569 1074/306/568
f 1094/220/790 1076/331/569 1088/220/791
f 1087/335/786 1085/233/780 1075/359/776
f 1098/492/792 1081/233/781 1089/493/784
f 1092/220/793 1090/216/782 1099/396/794
f 1089/301/784 1100/220/795 1098/220/792
f 1100/220/795 1084/220/783 1092/220/793
f 1087/247/786 1091/234/796 1095/234/797
f 1082/359/787 1097/283/798 1091/335/796
f 1086/233/788 1105/494/799 1093/491/789
f 1106/220/800 1090/216/782 1094/220/790
f 1096/220/801 1093/301/789 1105/220/799
f 1096/220/801 1094/220/790 1088/220/791
f 1104/283/802 1087/359/786 1095/335/797
f 1098/492/792 1101/283/803 1097/233/798
f 1092/220/793 1103/396/804 1111/340/805
f 1098/301/792 1102/220/806 1110/220/807
f 1100/220/795 1111/340/805 1102/220/806
f 1091/266/796 1107/234/808 1095/234/797
f 1109/335/809 1097/233/798 1101/283/803
f 1105/494/799 1116/283/810 1117/495/811
f 1103/396/804 1106/220/800 1118/220/812
f 1108/220/813 1105/301/799 1117/220/811
f 1118/220/812 1096/220/801 1108/220/813
f 1107/335/808 1104/233/802 1095/359/797
f 1110/440/807 1122/283/814 1101/233/803
f 1111/340/805 1114/396/815 1115/220/816
f 1110/301/807 1113/220/817 1112/220/818
f 1111/340/805 1113/220/817 1102/220/806
f 1107/234/808 1123/234/570 1120/247/572
f 1123/335/570 1101/233/803 1122/283/814
f 1117/495/811 1119/283/819 1129/496/820
f 1114/396/815 1118/220/812 1121/220/821
f 1130/220/573 1117/301/811 1129/220/820
f 1118/220/812 1130/220/573 1121/220/821
f 1120/335/572 1116/233/810 1107/359/808
f 1112/443/818 1125/283/822 1122/233/814
f 1113/220/817 1055/220/823 1054/220/824
f 1115/220/816 1127/396/825 1128/220/826
f 1112/301/818 1054/220/824 1124/497/827
f 1115/220/816 1055/220/823 1113/220/817
f 1126/350/571 1122/233/814 1125/283/822
f 1129/496/820 1132/283/828 1131/498/829
f 1127/396/825 1121/220/821 1134/220/830
f 1064/220/574 1129/301/820 1131/220/829
f 1121/220/821 1065/220/575 1134/220/830
f 1133/335/831 1119/233/819 1120/359/572
f 1120/247/572 1126/350/571 1133/234/831
f 1132/283/832 1126/350/833 1127/396/834
f 647/205/313 639/499/316 638/206/314
f 644/353/576 645/500/576 638/351/314
f 638/351/314 640/446/577 642/352/576
f 640/354/577 641/447/317 643/355/578
f 642/311/579 643/449/578 646/359/318
f 648/227/333 652/215/321 896/214/320
f 654/219/325 633/301/582 896/301/320
f 658/235/331 630/266/454 634/266/453
f 648/227/333 629/361/581 630/359/454
f 636/315/458 631/216/322 649/218/324
f 637/301/584 661/366/585 656/365/334
f 661/366/585 637/301/584 636/315/458
f 656/228/334 660/283/339 635/367/586
f 652/215/321 671/371/588 673/368/342
f 657/226/332 671/371/588 652/215/321
f 670/224/330 665/242/350 649/218/324
f 667/221/327 654/219/325 653/363/319
f 659/223/329 655/220/326 654/219/325
f 676/230/336 662/231/337 660/233/339
f 675/240/347 651/364/583 649/218/324
f 656/365/334 661/366/585 669/239/346
f 661/366/585 651/364/583 664/241/349
f 674/220/587 659/223/329 666/222/328
f 668/238/344 664/241/349 679/220/348
f 671/371/588 687/374/591 689/372/589
f 671/371/588 657/226/332 681/373/590
f 685/377/594 665/242/350 674/220/587
f 689/378/589 691/375/592 680/220/343
f 674/220/587 680/220/343 697/376/593
f 681/373/590 657/226/332 672/369/340
f 694/380/595 692/391/602 676/230/336
f 676/230/336 692/391/602 683/381/596
f 679/220/348 665/242/350 685/377/594
f 694/384/595 678/237/335 682/220/345
f 679/220/348 684/249/358 699/382/597
f 677/370/341 693/246/354 688/247/356
f 677/236/341 662/231/337 683/381/596
f 687/374/591 701/253/362 710/252/361
f 703/255/365 697/376/593 691/375/592
f 687/374/591 681/373/590 700/386/599
f 698/387/600 685/377/594 690/245/353
f 710/388/361 705/254/363 691/375/592
f 686/243/351 697/376/593 703/255/365
f 702/389/355 700/386/599 681/373/590
f 696/383/598 699/382/597 708/255/368
f 711/390/601 706/393/604 683/381/596
f 695/250/359 685/377/594 698/387/600
f 711/220/601 694/384/595 696/383/598
f 684/249/358 709/248/357 708/255/368
f 707/392/603 693/385/354 683/381/596
f 701/253/362 700/386/599 716/283/375
f 718/396/606 698/387/600 704/244/352
f 717/220/360 720/220/364 705/254/363
f 704/244/352 703/255/365 720/220/364
f 716/283/375 700/386/599 702/389/355
f 711/390/601 733/263/377 713/283/376
f 709/248/357 698/387/600 718/396/606
f 709/248/357 715/220/608 723/220/366
f 702/234/355 707/394/603 722/234/380
f 722/335/380 707/392/603 706/393/604
f 726/262/374 728/258/370 717/251/360
f 731/267/382 727/400/610 718/216/606
f 738/259/371 720/220/364 717/301/360
f 731/267/382 719/220/607 720/220/364
f 725/399/609 715/220/608 718/216/606
f 714/395/605 723/220/366 736/403/613
f 723/220/366 715/220/608 725/399/609
f 713/233/376 724/264/378 732/405/379
f 745/406/614 751/408/615 730/260/372
f 739/272/388 763/271/387 728/258/370
f 750/269/384 741/413/619 727/400/610
f 738/259/371 737/398/369 728/407/370
f 740/268/383 731/267/382 730/260/372
f 739/272/388 726/262/374 729/359/381
f 747/276/392 760/275/391 733/263/377
f 749/410/616 736/403/613 735/402/612
f 760/275/391 742/416/621 724/264/378
f 748/412/618 725/399/609 727/400/610
f 734/404/611 736/403/613 749/410/616
f 735/402/612 725/399/609 743/414/620
f 732/405/379 724/264/378 742/416/621
f 766/279/396 751/408/615 745/406/614
f 764/281/399 750/269/384 740/268/383
f 758/419/623 741/413/619 750/269/384
f 759/420/622 765/278/394 745/406/614
f 740/268/383 751/408/615 766/279/396
f 752/335/389 757/270/386 739/272/388
f 749/410/616 754/411/617 773/286/404
f 743/414/620 748/412/618 762/288/407
f 748/412/618 741/413/619 758/419/623
f 761/422/393 747/415/392 749/410/616
f 743/414/620 756/287/406 773/286/404
f 771/423/409 746/417/385 742/416/621
f 759/418/622 763/271/387 786/292/412
f 763/271/387 757/270/386 767/283/401
f 779/396/626 758/419/623 764/281/399
f 769/220/625 780/220/395 765/278/394
f 753/280/397 766/279/396 780/220/395
f 761/277/393 776/424/627 790/296/417
f 760/275/391 790/296/417 774/283/416
f 762/288/407 758/419/623 779/396/626
f 776/220/627 761/422/393 772/285/403
f 756/287/406 778/220/405 777/284/402
f 775/335/408 771/423/409 755/421/624
f 796/295/415 785/428/629 779/216/626
f 789/290/410 780/220/395 769/301/625
f 788/291/411 782/294/414 770/220/398
f 767/233/401 768/282/400 795/427/420
f 793/299/425 778/220/405 779/216/626
f 776/301/627 777/284/402 794/430/632
f 792/429/631 777/284/402 778/220/405
f 775/266/408 802/300/426 795/234/420
f 774/233/416 783/297/418 802/431/426
f 787/425/628 786/292/412 807/303/430
f 788/291/411 789/290/410 805/220/427
f 781/293/413 797/283/431 807/303/430
f 785/428/629 796/295/415 801/220/419
f 805/220/427 789/290/410 787/426/628
f 806/220/429 801/220/419 782/294/414
f 797/283/431 781/293/413 795/427/420
f 791/425/630 814/424/635 817/305/437
f 792/429/631 816/220/435 815/220/434
f 817/305/437 803/283/436 783/297/418
f 785/428/629 800/396/634 804/220/423
f 791/426/630 794/430/632 815/220/434
f 816/220/435 792/429/631 784/298/424
f 813/335/421 802/431/426 783/297/418
f 812/220/636 811/396/640 800/216/634
f 810/302/428 805/301/427 799/301/633
f 812/220/636 801/220/419 806/301/429
f 819/234/637 809/234/638 798/266/422
f 808/283/432 797/233/431 798/359/422
f 821/220/639 804/220/423 800/216/634
f 814/301/635 815/301/434 820/304/433
f 816/301/435 804/220/423 821/220/639
f 813/359/421 803/233/436 818/283/438
f 808/233/432 829/283/642 830/432/439
f 824/220/641 831/396/645 811/216/640
f 824/220/641 812/220/636 810/302/428
f 829/283/642 808/233/432 809/359/638
f 825/433/442 836/283/646 818/233/438
f 828/304/644 821/220/639 811/216/640
f 820/304/433 821/220/639 828/304/644
f 819/359/637 818/233/438 836/283/646
f 830/432/439 829/233/642 832/283/648
f 841/396/650 831/216/645 824/220/641
f 840/220/649 834/220/652 823/220/440
f 835/220/651 824/220/641 823/220/440
f 833/335/653 832/283/648 829/233/642
f 825/433/442 844/437/656 837/283/654
f 828/304/644 831/216/645 841/396/650
f 844/220/656 825/307/442 827/220/441
f 827/220/441 828/304/644 845/220/655
f 826/266/647 838/234/658 833/234/653
f 838/335/658 826/359/647 836/233/646
f 832/233/648 848/283/662 849/435/659
f 843/220/660 850/396/666 841/216/650
f 851/220/661 834/220/652 840/301/649
f 851/220/661 843/220/660 835/220/651
f 848/283/662 832/233/648 833/359/653
f 856/436/664 855/283/669 837/233/654
f 857/220/665 845/220/655 841/216/650
f 844/301/656 839/329/657 847/331/667
f 847/331/667 839/329/657 845/220/655
f 833/234/653 838/266/658 846/234/668
f 838/359/658 837/233/654 855/283/669
f 849/435/659 848/233/662 852/283/670
f 854/396/672 850/216/666 843/220/660
f 853/340/674 851/220/661 849/301/659
f 861/331/673 843/220/660 851/220/661
f 866/335/675 852/283/670 848/233/662
f 856/436/664 868/440/679 867/283/676
f 857/220/665 850/216/666 854/396/672
f 856/301/664 847/331/667 859/284/678
f 847/331/667 857/220/665 869/329/677
f 866/234/675 842/319/663 846/266/668
f 858/335/680 846/359/668 855/233/669
f 860/438/671 852/233/670 873/283/681
f 864/396/683 854/216/672 861/331/673
f 863/220/443 853/340/674 860/301/671
f 861/331/673 853/340/674 863/220/443
f 874/335/685 873/283/681 852/233/670
f 868/440/679 880/443/689 870/283/686
f 869/329/677 854/216/672 864/396/683
f 868/301/679 859/284/678 881/220/688
f 869/329/677 872/220/687 881/220/688
f 866/234/675 858/266/680 871/234/690
f 871/335/690 858/359/680 867/233/676
f 862/439/682 873/233/681 876/283/691
f 878/396/693 864/216/683 865/220/684
f 805/220/444 863/220/443 862/301/682
f 865/220/684 863/220/443 806/220/445
f 877/442/695 876/283/691 873/233/681
f 880/443/689 882/501/700 883/283/696
f 872/220/687 864/216/683 878/396/693
f 880/301/689 881/220/688 815/220/698
f 872/220/687 885/220/699 816/220/697
f 874/234/685 871/266/690 884/234/701
f 884/335/701 871/359/690 870/233/686
f 805/220/444 875/441/692 876/283/702
f 876/283/702 877/442/835 884/234/703
f 884/234/703 883/283/836 882/501/700
f 882/501/700 815/220/698 816/220/837
f 882/501/700 816/220/837 885/220/838
f 806/220/839 805/220/444 876/283/702
f 879/220/840 806/220/839 876/283/702
f 884/234/703 882/501/700 885/220/838
f 878/396/704 879/220/840 876/283/702
f 884/234/703 885/220/838 878/396/704
f 888/446/706 886/502/447 893/444/705
f 893/444/705 892/353/705 890/445/705
f 886/206/447 887/499/446 895/205/707
f 888/354/706 890/356/709 891/355/708
f 890/311/709 892/360/450 894/359/449
f 632/217/323 631/216/322 898/218/459
f 633/301/582 902/452/711 900/365/462
f 902/452/711 633/301/582 632/217/323
f 899/227/471 903/314/457 650/313/456
f 909/316/460 637/301/584 650/301/456
f 899/227/471 635/367/586 634/359/453
f 900/317/462 906/283/712 629/361/581
f 920/230/464 907/456/714 906/233/712
f 919/240/477 897/450/710 898/218/459
f 900/365/462 902/452/711 916/322/476
f 902/452/711 897/450/710 908/241/479
f 906/233/712 907/456/714 914/454/472
f 903/314/457 925/371/721 927/229/481
f 910/318/470 925/371/721 903/314/457
f 924/224/468 913/323/480 898/218/459
f 918/221/465 909/316/460 904/453/455
f 912/223/467 905/220/461 909/316/460
f 915/321/474 908/241/479 923/220/478
f 928/220/713 912/223/467 917/222/466
f 938/380/716 936/391/728 920/230/464
f 920/230/464 936/391/728 930/457/717
f 923/220/478 913/323/480 934/377/720
f 938/458/716 922/324/463 929/284/475
f 923/220/478 935/326/484 946/382/718
f 921/359/715 907/456/714 930/457/717
f 925/371/721 941/374/724 943/460/722
f 925/371/721 910/318/470 932/461/723
f 934/377/720 913/323/480 928/220/713
f 943/463/722 945/462/725 931/220/482
f 928/220/713 931/220/482 948/376/726
f 942/327/487 926/320/473 921/234/715
f 932/461/723 910/318/470 926/455/473
f 940/383/719 946/382/718 952/255/495
f 950/465/727 949/467/730 930/457/717
f 939/250/485 934/377/720 947/387/729
f 950/220/727 938/458/716 940/383/719
f 935/326/484 953/325/483 952/255/495
f 951/466/486 937/459/488 930/457/717
f 941/374/724 961/253/498 957/252/497
f 958/255/501 948/376/726 945/462/725
f 941/374/724 932/461/723 955/468/731
f 947/387/729 934/377/720 944/245/491
f 957/388/497 962/254/499 945/462/725
f 933/243/489 948/376/726 958/255/501
f 956/469/492 955/468/731 932/461/723
f 950/465/727 977/263/503 966/283/502
f 953/325/483 947/387/729 967/396/733
f 953/325/483 968/220/734 969/329/493
f 951/466/486 949/467/730 966/283/502
f 961/253/498 955/468/731 964/283/735
f 967/396/733 947/387/729 959/244/490
f 963/220/496 972/331/500 962/254/499
f 959/244/490 958/255/501 972/331/500
f 971/234/511 956/328/492 951/265/486
f 971/335/511 964/283/735 955/468/731
f 976/470/737 968/220/734 967/216/733
f 960/395/732 969/329/493 987/403/741
f 969/329/493 968/220/734 976/470/737
f 973/262/742 980/334/507 963/251/496
f 984/336/513 975/471/738 967/216/733
f 985/259/508 972/331/500 963/301/496
f 984/336/513 965/220/736 972/331/500
f 964/233/735 971/359/511 981/473/510
f 994/276/517 1012/337/516 977/263/503
f 995/410/743 987/403/741 979/402/740
f 1012/337/516 988/416/748 974/264/504
f 999/412/745 976/470/737 975/471/738
f 986/404/739 987/403/741 995/410/743
f 979/402/740 976/470/737 989/414/747
f 978/359/512 974/264/504 988/416/748
f 998/406/750 1003/476/751 983/260/509
f 991/272/521 1009/271/520 980/334/507
f 997/269/515 990/413/746 975/471/738
f 985/259/508 982/472/506 980/475/507
f 992/268/514 984/336/513 983/260/509
f 996/274/752 981/234/510 978/265/512
f 973/262/742 981/473/510 996/409/752
f 995/410/743 1000/474/744 1015/286/524
f 989/414/747 999/412/745 1013/288/527
f 999/412/745 990/413/746 1007/419/754
f 1008/422/518 994/415/517 995/410/743
f 989/414/747 1002/287/526 1015/286/524
f 1001/335/755 993/417/749 988/416/748
f 1022/279/530 1003/476/751 998/406/750
f 1011/341/533 997/269/515 992/268/514
f 1007/419/754 990/413/746 997/269/515
f 1010/479/756 1021/339/528 998/406/750
f 992/268/514 1003/476/751 1022/279/530
f 996/274/752 993/234/749 1001/319/755
f 1020/480/536 1004/338/519 991/272/521
f 1008/277/518 1018/424/758 1035/296/538
f 1012/337/516 1035/296/538 1016/283/537
f 1013/288/527 1007/419/754 1028/396/757
f 1018/220/758 1008/422/518 1014/285/523
f 1002/287/526 1019/220/525 1029/220/522
f 1010/478/756 1009/271/520 1039/344/542
f 1009/271/520 1004/338/519 1023/283/543
f 1028/396/757 1007/419/754 1011/341/533
f 1025/220/759 1026/340/529 1021/339/528
f 1005/280/531 1022/279/530 1026/340/529
f 1024/335/535 1023/283/543 1004/338/519
f 1045/346/549 1019/220/525 1028/216/757
f 1018/301/758 1029/220/522 1038/484/763
f 1037/483/762 1029/220/522 1019/220/525
f 1051/234/553 1024/234/535 1017/234/534
f 1016/233/537 1030/297/539 1044/486/551
f 1042/345/546 1034/428/760 1028/216/757
f 1043/290/540 1026/340/529 1025/301/759
f 1041/343/541 1033/294/545 1027/220/532
f 1023/233/543 1024/359/535 1051/488/553
f 1036/482/761 1048/424/765 1056/305/558
f 1037/483/762 1055/220/556 1054/220/555
f 1056/305/558 1046/283/557 1030/297/539
f 1034/428/760 1049/396/768 1050/220/547
f 1036/485/761 1038/484/763 1054/220/555
f 1055/220/556 1037/483/762 1031/298/548
f 1044/486/551 1030/297/539 1046/283/557
f 1040/487/764 1039/344/542 1066/348/563
f 1041/343/541 1043/290/540 1064/220/560
f 1032/293/544 1052/283/564 1066/348/563
f 1034/428/760 1042/345/546 1053/220/550
f 1064/220/560 1043/290/540 1040/426/764
f 1065/220/562 1053/220/550 1033/294/545
f 1062/335/552 1052/283/564 1032/293/544
f 1061/220/769 1050/220/547 1049/216/768
f 1048/301/765 1054/301/555 1059/331/554
f 1055/301/556 1050/220/547 1061/220/769
f 1068/234/771 1062/234/552 1047/266/766
f 1047/359/766 1046/233/557 1057/283/559
f 1070/220/773 1060/396/770 1049/216/768
f 1069/302/561 1064/301/560 1063/301/767
f 1070/220/773 1053/220/550 1065/301/562
f 1067/283/565 1052/233/564 1062/359/552
f 1079/489/567 1078/283/778 1057/233/559
f 1073/302/774 1061/220/769 1060/216/770
f 1059/331/554 1061/220/769 1073/302/774
f 1075/234/776 1068/234/771 1058/266/772
f 1058/359/772 1057/233/559 1078/283/778
f 1067/233/565 1085/283/780 1074/490/568
f 1077/220/779 1080/396/775 1060/216/770
f 1077/220/779 1070/220/773 1069/302/561
f 1085/283/780 1067/233/565 1068/359/771
f 1079/489/567 1089/493/784 1081/283/781
f 1073/302/774 1080/216/775 1090/396/782
f 1089/220/784 1079/349/567 1072/220/566
f 1072/220/566 1073/302/774 1084/220/783
f 1087/247/786 1075/234/776 1071/266/777
f 1082/335/787 1071/359/777 1078/233/778
f 1074/490/568 1085/233/780 1086/283/788
f 1090/396/782 1080/216/775 1077/220/779
f 1093/220/789 1088/220/791 1076/331/569
f 1094/220/790 1077/220/779 1076/331/569
f 1087/335/786 1086/283/788 1085/233/780
f 1098/492/792 1097/283/798 1081/233/781
f 1092/220/793 1084/220/783 1090/216/782
f 1089/301/784 1083/302/785 1100/220/795
f 1100/220/795 1083/302/785 1084/220/783
f 1087/247/786 1082/266/787 1091/234/796
f 1082/359/787 1081/233/781 1097/283/798
f 1086/233/788 1104/283/802 1105/494/799
f 1106/220/800 1099/396/794 1090/216/782
f 1096/220/801 1088/220/791 1093/301/789
f 1096/220/801 1106/220/800 1094/220/790
f 1104/283/802 1086/233/788 1087/359/786
f 1098/492/792 1110/440/807 1101/283/803
f 1092/220/793 1099/216/794 1103/396/804
f 1098/301/792 1100/220/795 1102/220/806
f 1100/220/795 1092/220/793 1111/340/805
f 1091/266/796 1109/234/809 1107/234/808
f 1109/335/809 1091/359/796 1097/233/798
f 1105/494/799 1104/233/802 1116/283/810
f 1103/396/804 1099/216/794 1106/220/800
f 1108/220/813 1096/220/801 1105/301/799
f 1118/220/812 1106/220/800 1096/220/801
f 1107/335/808 1116/283/810 1104/233/802
f 1110/440/807 1112/443/818 1122/283/814
f 1111/340/805 1103/216/804 1114/396/815
f 1110/301/807 1102/220/806 1113/220/817
f 1111/340/805 1115/220/816 1113/220/817
f 1107/234/808 1109/266/809 1123/234/570
f 1123/335/570 1109/359/809 1101/233/803
f 1117/495/811 1116/233/810 1119/283/819
f 1114/396/815 1103/216/804 1118/220/812
f 1130/220/573 1108/220/813 1117/301/811
f 1118/220/812 1108/220/813 1130/220/573
f 1120/335/572 1119/283/819 1116/233/810
f 1112/443/818 1124/497/827 1125/283/822
f 1115/220/816 1114/216/815 1127/396/825
f 1112/301/818 1113/220/817 1054/220/824
f 1115/220/816 1128/220/826 1055/220/823
f 1126/350/571 1123/359/570 1122/233/814
f 1129/496/820 1119/233/819 1132/283/828
f 1127/396/825 1114/216/815 1121/220/821
f 1064/220/574 1130/220/573 1129/301/820
f 1121/220/821 1130/220/573 1065/220/575
f 1133/335/831 1132/283/828 1119/233/819
f 1064/220/574 1131/498/829 1132/283/832
f 1132/283/832 1133/234/841 1126/350/833
f 1126/350/833 1125/283/842 1124/497/827
f 1124/497/827 1054/220/824 1055/220/843
f 1124/497/827 1055/220/843 1128/220/844
f 1065/220/845 1064/220/574 1132/283/832
f 1134/220/846 1065/220/845 1132/283/832
f 1126/350/833 1124/497/827 1128/220/844
f 1127/396/834 1134/220/846 1132/283/832
f 1126/350/833 1128/220/844 1127/396/834
g BucketFluid_Mesh
v 0.000000 0.350000 0.195000
v -0.035317 0.350000 0.189436
v -0.098124 0.350000 0.167590
v -0.165614 0.350000 0.101468
v -0.181995 0.350000 0.065000
v -0.195000 0.350000 0.000000
v 0.000000 0.350000 0.000000
v 0.000000 0.350000 0.065000
v 0.000000 0.350000 0.130000
v -0.065000 0.350000 0.000000
v -0.068870 0.350000 0.069261
v -0.065000 0.350000 0.130000
v -0.130000 0.350000 0.000000
v -0.130000 0.350000 0.065000
v -0.136413 0.350000 0.136433
v -0.165614 0.350000 -0.101468
v 0.035317 0.350000 0.189436
v 0.098124 0.350000 0.167590
v 0.165614 0.350000 0.101468
v 0.181995 0.350000 0.065000
v 0.195000 0.350000 0.000000
v -0.098124 0.350000 -0.167590
v -0.035317 0.350000 -0.189436
v 0.000000 0.350000 -0.195000
v 0.065000 0.350000 0.000000
v 0.068870 0.350000 0.069261
v 0.065000 0.350000 0.130000
v 0.130000 0.350000 0.000000
v 0.130000 0.350000 0.065000
v 0.136413 0.350000 0.136433
v -0.181995 0.350000 -0.065000
v 0.000000 0.350000 -0.065000
v 0.000000 0.350000 -0.130000
v -0.068870 0.350000 -0.069261
v -0.065000 0.350000 -0.130000
v -0.130000 0.350000 -0.065000
v -0.136413 0.350000 -0.136433
v 0.035317 0.350000 -0.189436
v 0.098124 0.350000 -0.167590
v 0.165614 0.350000 -0.101468
v 0.181995 0.350000 -0.065000
v 0.068870 0.350000 -0.069261
v 0.065000 0.350000 -0.130000
v 0.130000 0.350000 -0.065000
v 0.136413 0.350000 -0.136433
vn -0.0000 1.0000 -0.0000
vt 0.175331 0.389520
vt 0.000099 0.425298
vt 0.016520 0.334281
vt 0.120092 0.548332
vt 0.000099 0.597316
vt 0.437715 0.658812
vt 0.223664 0.762384
vt 0.265202 0.609407
vt 0.334143 0.444760
vt 0.492955 0.500000
vt 0.382476 0.817624
vt 0.179476 0.889421
vt 0.104296 0.818406
vt 0.043685 0.717345
vt 0.060127 0.252720
vt 0.230571 0.230709
vt 0.166879 0.117833
vt 0.275544 0.050762
vt 0.548195 0.341188
vt 0.444623 0.127137
vt 0.603435 0.182376
vt 0.382260 0.272870
vt 0.488810 0.000099
vt 0.658674 0.023565
vt 0.385788 0.009130
vt 0.810579 0.610480
vt 0.925783 0.747280
vt 0.755339 0.769291
vt 0.819031 0.882167
vt 0.710366 0.949238
vt 0.541287 0.872863
vt 0.603650 0.727130
vt 0.651767 0.555240
vt 0.497100 0.999901
vt 0.327236 0.976436
vt 0.600122 0.990870
vt 0.985811 0.574702
vt 0.969390 0.665719
vt 0.865818 0.451668
vt 0.985811 0.402684
vt 0.762246 0.237616
vt 0.720708 0.390593
vt 0.806434 0.110579
vt 0.881614 0.181594
vt 0.942225 0.282655
s 0
f 1143/503/847 1136/504/847 1135/505/847
f 1146/506/847 1137/507/847 1136/504/847
f 1144/508/847 1148/509/847 1145/510/847
f 1148/509/847 1146/506/847 1145/510/847
f 1144/508/847 1142/511/847 1141/512/847
f 1142/511/847 1146/506/847 1143/503/847
f 1147/513/847 1139/514/847 1148/509/847
f 1148/509/847 1138/515/847 1149/516/847
f 1143/503/847 1151/517/847 1161/518/847
f 1161/518/847 1152/519/847 1164/520/847
f 1159/521/847 1163/522/847 1162/523/847
f 1161/518/847 1163/522/847 1160/524/847
f 1142/511/847 1159/521/847 1141/512/847
f 1142/511/847 1161/518/847 1160/524/847
f 1162/523/847 1154/525/847 1155/526/847
f 1163/522/847 1153/527/847 1154/525/847
f 1167/528/847 1157/529/847 1169/530/847
f 1169/530/847 1156/531/847 1171/532/847
f 1144/508/847 1170/533/847 1147/513/847
f 1169/530/847 1170/533/847 1168/534/847
f 1166/535/847 1144/508/847 1141/512/847
f 1166/535/847 1169/530/847 1168/534/847
f 1147/513/847 1165/536/847 1140/537/847
f 1170/533/847 1150/538/847 1165/536/847
f 1167/528/847 1172/539/847 1158/540/847
f 1177/541/847 1173/542/847 1172/539/847
f 1159/521/847 1178/543/847 1176/544/847
f 1178/543/847 1177/541/847 1176/544/847
f 1159/521/847 1166/535/847 1141/512/847
f 1166/535/847 1177/541/847 1167/528/847
f 1162/523/847 1175/545/847 1178/543/847
f 1178/543/847 1174/546/847 1179/547/847
f 1143/503/847 1146/506/847 1136/504/847
f 1146/506/847 1149/516/847 1137/507/847
f 1144/508/847 1147/513/847 1148/509/847
f 1148/509/847 1149/516/847 1146/506/847
f 1144/508/847 1145/510/847 1142/511/847
f 1142/511/847 1145/510/847 1146/506/847
f 1147/513/847 1140/537/847 1139/514/847
f 1148/509/847 1139/514/847 1138/515/847
f 1143/503/847 1135/505/847 1151/517/847
f 1161/518/847 1151/517/847 1152/519/847
f 1159/521/847 1160/524/847 1163/522/847
f 1161/518/847 1164/520/847 1163/522/847
f 1142/511/847 1160/524/847 1159/521/847
f 1142/511/847 1143/503/847 1161/518/847
f 1162/523/847 1163/522/847 1154/525/847
f 1163/522/847 1164/520/847 1153/527/847
f 1167/528/847 1158/540/847 1157/529/847
f 1169/530/847 1157/529/847 1156/531/847
f 1144/508/847 1168/534/847 1170/533/847
f 1169/530/847 1171/532/847 1170/533/847
f 1166/535/847 1168/534/847 1144/508/847
f 1166/535/847 1167/528/847 1169/530/847
f 1147/513/847 1170/533/847 1165/536/847
f 1170/533/847 1171/532/847 1150/538/847
f 1167/528/847 1177/541/847 1172/539/847
f 1177/541/847 1179/547/847 1173/542/847
f 1159/521/847 1162/523/847 1178/543/847
f 1178/543/847 1179/547/847 1177/541/847
f 1159/521/847 1176/544/847 1166/535/847
f 1166/535/847 1176/544/847 1177/541/847
f 1162/523/847 1155/526/847 1175/545/847
f 1178/543/847 1175/545/847 1174/546/847
