# Blender 5.1.0
# www.blender.org
mtllib SteamDonkey.mtl
o BézierCurve.017
v -0.778787 0.540000 -1.571213
v -0.800000 0.540000 -1.580000
v -0.821213 0.540000 -1.571213
v -0.830000 0.540000 -1.550000
v -0.821213 0.540000 -1.528787
v -0.800000 0.540000 -1.520000
v -0.778787 0.540000 -1.528787
v -0.770000 0.540000 -1.550000
v -0.769106 0.689206 -1.567341
v -0.790014 0.693075 -1.576006
v -0.811009 0.695844 -1.567132
v -0.819792 0.695891 -1.545917
v -0.811218 0.693189 -1.524789
v -0.790310 0.689320 -1.516124
v -0.769315 0.686551 -1.524998
v -0.760532 0.686504 -1.546213
v -0.742670 0.792869 -1.556767
v -0.762096 0.802073 -1.564838
v -0.782029 0.808660 -1.555540
v -0.790794 0.808772 -1.534318
v -0.783256 0.802344 -1.513604
v -0.763831 0.793140 -1.505532
v -0.743897 0.786553 -1.514831
v -0.735132 0.786441 -1.536053
v -0.703386 0.860986 -1.541053
v -0.719307 0.876127 -1.547723
v -0.736732 0.886964 -1.537421
v -0.745454 0.887148 -1.516182
v -0.740364 0.876572 -1.496447
v -0.724443 0.861432 -1.489777
v -0.707018 0.850595 -1.500079
v -0.698296 0.850410 -1.521318
v -0.654286 0.904267 -1.521413
v -0.665535 0.923700 -1.526214
v -0.679616 0.937608 -1.514574
v -0.688282 0.937845 -1.493313
v -0.686455 0.924272 -1.474883
v -0.675206 0.904839 -1.470082
v -0.661125 0.890931 -1.481722
v -0.652459 0.890694 -1.502984
v -0.597582 0.932668 -1.498731
v -0.605441 0.953965 -1.502176
v -0.617096 0.969209 -1.489566
v -0.625720 0.969468 -1.468288
v -0.626261 0.954592 -1.450806
v -0.618402 0.933295 -1.447361
v -0.606747 0.918052 -1.459971
v -0.598123 0.917792 -1.481249
v -0.536008 0.955309 -1.474102
v -0.543192 0.976885 -1.477277
v -0.554364 0.992327 -1.464473
v -0.562980 0.992591 -1.443192
v -0.563992 0.977520 -1.425898
v -0.556808 0.955944 -1.422723
v -0.545636 0.940502 -1.435526
v -0.537021 0.940239 -1.456808
v -0.472991 0.981574 -1.448895
v -0.482304 1.002172 -1.452922
v -0.495000 1.016914 -1.440728
v -0.503641 1.017165 -1.419456
v -0.503167 1.002778 -1.401568
v -0.493854 0.982180 -1.397541
v -0.481158 0.967438 -1.409735
v -0.472516 0.967187 -1.431006
v -0.412429 1.021332 -1.424670
v -0.425847 1.039081 -1.430339
v -0.441480 1.051785 -1.419320
v -0.450172 1.052002 -1.398069
v -0.446830 1.039604 -1.379033
v -0.433413 1.021854 -1.373365
v -0.417780 1.009150 -1.384384
v -0.409088 1.008934 -1.405635
v -0.358802 1.084212 -1.403219
v -0.376343 1.097094 -1.410537
v -0.394929 1.106314 -1.400699
v -0.403671 1.106471 -1.379468
v -0.397448 1.097473 -1.359281
v -0.379907 1.084591 -1.351963
v -0.361322 1.075371 -1.361801
v -0.352580 1.075214 -1.383032
v -0.316424 1.178998 -1.386268
v -0.336471 1.186490 -1.394588
v -0.356849 1.191852 -1.385467
v -0.365622 1.191943 -1.364249
v -0.357650 1.186710 -1.343361
v -0.337603 1.179219 -1.335041
v -0.317225 1.173857 -1.344162
v -0.308453 1.173765 -1.365381
v -0.288728 1.314441 -1.375189
v -0.309741 1.317577 -1.383896
v -0.330811 1.319821 -1.375052
v -0.339596 1.319860 -1.353838
v -0.330948 1.317669 -1.332681
v -0.309935 1.314533 -1.323974
v -0.288865 1.312289 -1.332818
v -0.280080 1.312251 -1.354032
v -0.278791 1.499660 -1.371215
v -0.299996 1.500320 -1.379998
v -0.321203 1.500793 -1.371209
v -0.329989 1.500801 -1.349996
v -0.321209 1.500340 -1.328785
v -0.300004 1.499680 -1.320002
v -0.278797 1.499207 -1.328791
v -0.270011 1.499199 -1.350004
v -0.278787 1.570645 -1.371213
v -0.300000 1.570645 -1.380000
v -0.321213 1.570645 -1.371213
v -0.330000 1.570645 -1.350000
v -0.321213 1.570645 -1.328787
v -0.300000 1.570645 -1.320000
v -0.278787 1.570645 -1.328787
v -0.270000 1.570645 -1.350000
v -0.278787 1.633912 -1.371213
v -0.300000 1.633912 -1.380000
v -0.321213 1.633912 -1.371213
v -0.330000 1.633912 -1.350000
v -0.321213 1.633912 -1.328787
v -0.300000 1.633912 -1.320000
v -0.278787 1.633912 -1.328787
v -0.270000 1.633912 -1.350000
v -0.278787 1.691797 -1.371213
v -0.300000 1.691797 -1.380000
v -0.321213 1.691797 -1.371213
v -0.330000 1.691797 -1.350000
v -0.321213 1.691797 -1.328787
v -0.300000 1.691797 -1.320000
v -0.278787 1.691797 -1.328787
v -0.270000 1.691797 -1.350000
v -0.278787 1.746296 -1.371213
v -0.300000 1.746296 -1.380000
v -0.321213 1.746296 -1.371213
v -0.330000 1.746296 -1.350000
v -0.321213 1.746296 -1.328787
v -0.300000 1.746296 -1.320000
v -0.278787 1.746296 -1.328787
v -0.270000 1.746296 -1.350000
v -0.278787 1.799407 -1.371213
v -0.300000 1.799407 -1.380000
v -0.321213 1.799407 -1.371213
v -0.330000 1.799407 -1.350000
v -0.321213 1.799407 -1.328787
v -0.300000 1.799407 -1.320000
v -0.278787 1.799407 -1.328787
v -0.270000 1.799407 -1.350000
v -0.278787 1.853125 -1.371213
v -0.300000 1.853125 -1.380000
v -0.321213 1.853125 -1.371213
v -0.330000 1.853125 -1.350000
v -0.321213 1.853125 -1.328787
v -0.300000 1.853125 -1.320000
v -0.278787 1.853125 -1.328787
v -0.270000 1.853125 -1.350000
v -0.278787 1.909447 -1.371213
v -0.300000 1.909447 -1.380000
v -0.321213 1.909447 -1.371213
v -0.330000 1.909447 -1.350000
v -0.321213 1.909447 -1.328787
v -0.300000 1.909447 -1.320000
v -0.278787 1.909447 -1.328787
v -0.270000 1.909447 -1.350000
v -0.278787 1.970371 -1.371213
v -0.300000 1.970371 -1.380000
v -0.321213 1.970371 -1.371213
v -0.330000 1.970371 -1.350000
v -0.321213 1.970371 -1.328787
v -0.300000 1.970371 -1.320000
v -0.278787 1.970371 -1.328787
v -0.270000 1.970371 -1.350000
v -0.278787 2.037891 -1.371213
v -0.300000 2.037891 -1.380000
v -0.321213 2.037891 -1.371213
v -0.330000 2.037891 -1.350000
v -0.321213 2.037891 -1.328787
v -0.300000 2.037891 -1.320000
v -0.278787 2.037891 -1.328787
v -0.270000 2.037891 -1.350000
v -0.278787 2.114005 -1.371213
v -0.300000 2.114005 -1.380000
v -0.321213 2.114005 -1.371213
v -0.330000 2.114005 -1.350000
v -0.321213 2.114005 -1.328787
v -0.300000 2.114005 -1.320000
v -0.278787 2.114005 -1.328787
v -0.270000 2.114005 -1.350000
v -0.278787 2.200709 -1.371213
v -0.300000 2.200709 -1.380000
v -0.321213 2.200709 -1.371213
v -0.330000 2.200709 -1.350000
v -0.321213 2.200709 -1.328787
v -0.300000 2.200709 -1.320000
v -0.278787 2.200709 -1.328787
v -0.270000 2.200709 -1.350000
v -0.278787 2.300000 -1.371213
v -0.300000 2.300000 -1.380000
v -0.321213 2.300000 -1.371213
v -0.330000 2.300000 -1.350000
v -0.321213 2.300000 -1.328787
v -0.300000 2.300000 -1.320000
v -0.278787 2.300000 -1.328787
v -0.270000 2.300000 -1.350000
vn 0.6959 -0.0265 -0.7177
vn -0.0160 0.0272 -0.9995
vn -0.7105 0.0648 -0.7007
vn -0.9978 0.0655 -0.0065
vn -0.7179 0.0287 0.6955
vn -0.0156 -0.0249 0.9996
vn 0.7011 -0.0637 0.7102
vn 0.9979 -0.0644 -0.0061
vn 0.6862 -0.0627 -0.7247
vn -0.0171 0.0663 -0.9976
vn -0.7014 0.1562 -0.6955
vn -0.9875 0.1577 -0.0039
vn -0.7170 0.0701 0.6935
vn -0.0271 -0.0588 0.9979
vn 0.6883 -0.1535 0.7090
vn 0.9878 -0.1551 -0.0139
vn 0.6552 -0.1454 -0.7413
vn -0.0004 0.1610 -0.9870
vn -0.6439 0.3713 -0.6689
vn -0.9269 0.3748 0.0170
vn -0.6959 0.1698 0.6978
vn -0.0597 -0.1362 0.9889
vn 0.6260 -0.3652 0.6891
vn 0.9284 -0.3692 -0.0424
vn 0.5969 -0.2365 -0.7667
vn 0.0575 0.2664 -0.9621
vn -0.5042 0.6095 -0.6118
vn -0.7850 0.6152 0.0725
vn -0.6334 0.2807 0.7211
vn -0.1159 -0.2213 0.9683
vn 0.4841 -0.6019 0.6351
vn 0.7870 -0.6086 -0.1016
vn 0.5267 -0.3113 -0.7910
vn 0.1440 0.3356 -0.9309
vn -0.3157 0.7808 -0.5392
vn -0.5967 0.7882 0.1505
vn -0.5450 0.3542 0.7599
vn -0.1787 -0.2918 0.9396
vn 0.2999 -0.7748 0.5566
vn 0.5973 -0.7832 -0.1729
vn 0.4756 -0.3556 -0.8046
vn 0.2099 0.3550 -0.9110
vn -0.1761 0.8542 -0.4893
vn -0.4598 0.8626 0.2109
vn -0.4804 0.3757 0.7925
vn -0.2218 -0.3345 0.9159
vn 0.1691 -0.8513 0.4966
vn 0.4598 -0.8602 -0.2206
vn 0.4672 -0.3743 -0.8010
vn 0.2288 0.3455 -0.9101
vn -0.1444 0.8634 -0.4835
vn -0.4326 0.8722 0.2283
vn -0.4657 0.3668 0.8054
vn -0.2247 -0.3532 0.9082
vn 0.1468 -0.8645 0.4807
vn 0.4325 -0.8732 -0.2249
vn 0.5079 -0.3694 -0.7782
vn 0.2033 0.3165 -0.9265
vn -0.2251 0.8222 -0.5228
vn -0.5190 0.8310 0.2005
vn -0.4978 0.3371 0.7991
vn -0.1816 -0.3496 0.9191
vn 0.2361 -0.8269 0.5103
vn 0.5184 -0.8350 -0.1847
vn 0.5854 -0.3257 -0.7424
vn 0.1487 0.2636 -0.9531
vn -0.3858 0.7068 -0.5930
vn -0.6856 0.7145 0.1395
vn -0.5600 0.2815 0.7792
vn -0.1047 -0.3088 0.9453
vn 0.4028 -0.7137 0.5730
vn 0.6839 -0.7205 -0.1146
vn 0.6616 -0.2375 -0.7113
vn 0.0885 0.1903 -0.9777
vn -0.5504 0.5120 -0.6595
vn -0.8525 0.5176 0.0734
vn -0.6247 0.2033 0.7539
vn -0.0320 -0.2252 0.9738
vn 0.5683 -0.5188 0.6386
vn 0.8505 -0.5238 -0.0474
vn 0.7036 -0.1365 -0.6973
vn 0.0441 0.1129 -0.9926
vn -0.6527 0.2977 -0.6967
vn -0.9532 0.3009 0.0295
vn -0.6696 0.1204 0.7329
vn 0.0057 -0.1293 0.9916
vn 0.6675 -0.3020 0.6806
vn 0.9524 -0.3049 -0.0089
vn 0.7159 -0.0562 -0.6960
vn 0.0212 0.0483 -0.9986
vn -0.6937 0.1247 -0.7094
vn -0.9920 0.1260 0.0105
vn -0.6911 0.0514 0.7210
vn 0.0144 -0.0532 0.9985
vn 0.7043 -0.1264 0.6986
vn 0.9918 -0.1276 0.0038
vn 0.7116 -0.0116 -0.7025
vn 0.0065 0.0104 -0.9999
vn -0.7049 0.0262 -0.7088
vn -0.9996 0.0264 0.0026
vn -0.7025 0.0111 0.7116
vn 0.0065 -0.0109 0.9999
vn 0.7088 -0.0267 0.7049
vn 0.9996 -0.0270 0.0026
vn 0.7071 -0.0000 -0.7071
vn -0.0000 -0.0000 -1.0000
vn -0.7071 -0.0001 -0.7071
vn -1.0000 -0.0001 -0.0000
vn -0.7071 -0.0000 0.7071
vn -0.0000 -0.0000 1.0000
vn 0.7071 -0.0001 0.7071
vn 1.0000 -0.0001 -0.0000
vn -0.7071 -0.0000 -0.7071
vn -1.0000 -0.0000 -0.0000
vn 0.7071 -0.0000 0.7071
vn 1.0000 -0.0000 -0.0000
vt 0.000000 1.000000
vt 0.041667 1.000000
vt 0.041667 0.875000
vt 0.000000 0.875000
vt 0.000000 0.125000
vt 0.041667 0.125000
vt 0.041667 0.000000
vt 0.000000 0.000000
vt 0.000000 0.250000
vt 0.041667 0.250000
vt 0.000000 0.375000
vt 0.041667 0.375000
vt 0.000000 0.500000
vt 0.041667 0.500000
vt 0.000000 0.625000
vt 0.041667 0.625000
vt 0.000000 0.750000
vt 0.041667 0.750000
vt 0.083333 1.000000
vt 0.083333 0.875000
vt 0.083333 0.125000
vt 0.083333 0.000000
vt 0.083333 0.250000
vt 0.083333 0.375000
vt 0.083333 0.500000
vt 0.083333 0.625000
vt 0.083333 0.750000
vt 0.125000 1.000000
vt 0.125000 0.875000
vt 0.125000 0.125000
vt 0.125000 0.000000
vt 0.125000 0.250000
vt 0.125000 0.375000
vt 0.125000 0.500000
vt 0.125000 0.625000
vt 0.125000 0.750000
vt 0.166667 1.000000
vt 0.166667 0.875000
vt 0.166667 0.125000
vt 0.166667 0.000000
vt 0.166667 0.250000
vt 0.166667 0.375000
vt 0.166667 0.500000
vt 0.166667 0.625000
vt 0.166667 0.750000
vt 0.208333 1.000000
vt 0.208333 0.875000
vt 0.208333 0.125000
vt 0.208333 0.000000
vt 0.208333 0.250000
vt 0.208333 0.375000
vt 0.208333 0.500000
vt 0.208333 0.625000
vt 0.208333 0.750000
vt 0.250000 1.000000
vt 0.250000 0.875000
vt 0.250000 0.125000
vt 0.250000 0.000000
vt 0.250000 0.250000
vt 0.250000 0.375000
vt 0.250000 0.500000
vt 0.250000 0.625000
vt 0.250000 0.750000
vt 0.291667 1.000000
vt 0.291667 0.875000
vt 0.291667 0.125000
vt 0.291667 0.000000
vt 0.291667 0.250000
vt 0.291667 0.375000
vt 0.291667 0.500000
vt 0.291667 0.625000
vt 0.291667 0.750000
vt 0.333333 1.000000
vt 0.333333 0.875000
vt 0.333333 0.125000
vt 0.333333 0.000000
vt 0.333333 0.250000
vt 0.333333 0.375000
vt 0.333333 0.500000
vt 0.333333 0.625000
vt 0.333333 0.750000
vt 0.375000 1.000000
vt 0.375000 0.875000
vt 0.375000 0.125000
vt 0.375000 0.000000
vt 0.375000 0.250000
vt 0.375000 0.375000
vt 0.375000 0.500000
vt 0.375000 0.625000
vt 0.375000 0.750000
vt 0.416667 1.000000
vt 0.416667 0.875000
vt 0.416667 0.125000
vt 0.416667 0.000000
vt 0.416667 0.250000
vt 0.416667 0.375000
vt 0.416667 0.500000
vt 0.416667 0.625000
vt 0.416667 0.750000
vt 0.458333 1.000000
vt 0.458333 0.875000
vt 0.458333 0.125000
vt 0.458333 0.000000
vt 0.458333 0.250000
vt 0.458333 0.375000
vt 0.458333 0.500000
vt 0.458333 0.625000
vt 0.458333 0.750000
vt 0.500000 1.000000
vt 0.500000 0.875000
vt 0.500000 0.125000
vt 0.500000 0.000000
vt 0.500000 0.250000
vt 0.500000 0.375000
vt 0.500000 0.500000
vt 0.500000 0.625000
vt 0.500000 0.750000
vt 0.541667 1.000000
vt 0.541667 0.875000
vt 0.541667 0.125000
vt 0.541667 0.000000
vt 0.541667 0.250000
vt 0.541667 0.375000
vt 0.541667 0.500000
vt 0.541667 0.625000
vt 0.541667 0.750000
vt 0.583333 1.000000
vt 0.583333 0.875000
vt 0.583333 0.125000
vt 0.583333 0.000000
vt 0.583333 0.250000
vt 0.583333 0.375000
vt 0.583333 0.500000
vt 0.583333 0.625000
vt 0.583333 0.750000
vt 0.625000 1.000000
vt 0.625000 0.875000
vt 0.625000 0.125000
vt 0.625000 0.000000
vt 0.625000 0.250000
vt 0.625000 0.375000
vt 0.625000 0.500000
vt 0.625000 0.625000
vt 0.625000 0.750000
vt 0.666667 1.000000
vt 0.666667 0.875000
vt 0.666667 0.125000
vt 0.666667 0.000000
vt 0.666667 0.250000
vt 0.666667 0.375000
vt 0.666667 0.500000
vt 0.666667 0.625000
vt 0.666667 0.750000
vt 0.708333 1.000000
vt 0.708333 0.875000
vt 0.708333 0.125000
vt 0.708333 0.000000
vt 0.708333 0.250000
vt 0.708333 0.375000
vt 0.708333 0.500000
vt 0.708333 0.625000
vt 0.708333 0.750000
vt 0.750000 1.000000
vt 0.750000 0.875000
vt 0.750000 0.125000
vt 0.750000 0.000000
vt 0.750000 0.250000
vt 0.750000 0.375000
vt 0.750000 0.500000
vt 0.750000 0.625000
vt 0.750000 0.750000
vt 0.791667 1.000000
vt 0.791667 0.875000
vt 0.791667 0.125000
vt 0.791667 0.000000
vt 0.791667 0.250000
vt 0.791667 0.375000
vt 0.791667 0.500000
vt 0.791667 0.625000
vt 0.791667 0.750000
vt 0.833333 1.000000
vt 0.833333 0.875000
vt 0.833333 0.125000
vt 0.833333 0.000000
vt 0.833333 0.250000
vt 0.833333 0.375000
vt 0.833333 0.500000
vt 0.833333 0.625000
vt 0.833333 0.750000
vt 0.875000 1.000000
vt 0.875000 0.875000
vt 0.875000 0.125000
vt 0.875000 0.000000
vt 0.875000 0.250000
vt 0.875000 0.375000
vt 0.875000 0.500000
vt 0.875000 0.625000
vt 0.875000 0.750000
vt 0.916667 1.000000
vt 0.916667 0.875000
vt 0.916667 0.125000
vt 0.916667 0.000000
vt 0.916667 0.250000
vt 0.916667 0.375000
vt 0.916667 0.500000
vt 0.916667 0.625000
vt 0.916667 0.750000
vt 0.958333 1.000000
vt 0.958333 0.875000
vt 0.958333 0.125000
vt 0.958333 0.000000
vt 0.958333 0.250000
vt 0.958333 0.375000
vt 0.958333 0.500000
vt 0.958333 0.625000
vt 0.958333 0.750000
vt 1.000000 1.000000
vt 1.000000 0.875000
vt 1.000000 0.125000
vt 1.000000 0.000000
vt 1.000000 0.250000
vt 1.000000 0.375000
vt 1.000000 0.500000
vt 1.000000 0.625000
vt 1.000000 0.750000
s 1
f 1/1/1 9/2/9 16/3/16 8/4/8
f 2/5/2 10/6/10 9/7/9 1/8/1
f 3/9/3 11/10/11 10/6/10 2/5/2
f 4/11/4 12/12/12 11/10/11 3/9/3
f 5/13/5 13/14/13 12/12/12 4/11/4
f 6/15/6 14/16/14 13/14/13 5/13/5
f 7/17/7 15/18/15 14/16/14 6/15/6
f 8/4/8 16/3/16 15/18/15 7/17/7
f 9/2/9 17/19/17 24/20/24 16/3/16
f 10/6/10 18/21/18 17/22/17 9/7/9
f 11/10/11 19/23/19 18/21/18 10/6/10
f 12/12/12 20/24/20 19/23/19 11/10/11
f 13/14/13 21/25/21 20/24/20 12/12/12
f 14/16/14 22/26/22 21/25/21 13/14/13
f 15/18/15 23/27/23 22/26/22 14/16/14
f 16/3/16 24/20/24 23/27/23 15/18/15
f 17/19/17 25/28/25 32/29/32 24/20/24
f 18/21/18 26/30/26 25/31/25 17/22/17
f 19/23/19 27/32/27 26/30/26 18/21/18
f 20/24/20 28/33/28 27/32/27 19/23/19
f 21/25/21 29/34/29 28/33/28 20/24/20
f 22/26/22 30/35/30 29/34/29 21/25/21
f 23/27/23 31/36/31 30/35/30 22/26/22
f 24/20/24 32/29/32 31/36/31 23/27/23
f 25/28/25 33/37/33 40/38/40 32/29/32
f 26/30/26 34/39/34 33/40/33 25/31/25
f 27/32/27 35/41/35 34/39/34 26/30/26
f 28/33/28 36/42/36 35/41/35 27/32/27
f 29/34/29 37/43/37 36/42/36 28/33/28
f 30/35/30 38/44/38 37/43/37 29/34/29
f 31/36/31 39/45/39 38/44/38 30/35/30
f 32/29/32 40/38/40 39/45/39 31/36/31
f 33/37/33 41/46/41 48/47/48 40/38/40
f 34/39/34 42/48/42 41/49/41 33/40/33
f 35/41/35 43/50/43 42/48/42 34/39/34
f 36/42/36 44/51/44 43/50/43 35/41/35
f 37/43/37 45/52/45 44/51/44 36/42/36
f 38/44/38 46/53/46 45/52/45 37/43/37
f 39/45/39 47/54/47 46/53/46 38/44/38
f 40/38/40 48/47/48 47/54/47 39/45/39
f 41/46/41 49/55/49 56/56/56 48/47/48
f 42/48/42 50/57/50 49/58/49 41/49/41
f 43/50/43 51/59/51 50/57/50 42/48/42
f 44/51/44 52/60/52 51/59/51 43/50/43
f 45/52/45 53/61/53 52/60/52 44/51/44
f 46/53/46 54/62/54 53/61/53 45/52/45
f 47/54/47 55/63/55 54/62/54 46/53/46
f 48/47/48 56/56/56 55/63/55 47/54/47
f 49/55/49 57/64/57 64/65/64 56/56/56
f 50/57/50 58/66/58 57/67/57 49/58/49
f 51/59/51 59/68/59 58/66/58 50/57/50
f 52/60/52 60/69/60 59/68/59 51/59/51
f 53/61/53 61/70/61 60/69/60 52/60/52
f 54/62/54 62/71/62 61/70/61 53/61/53
f 55/63/55 63/72/63 62/71/62 54/62/54
f 56/56/56 64/65/64 63/72/63 55/63/55
f 57/64/57 65/73/65 72/74/72 64/65/64
f 58/66/58 66/75/66 65/76/65 57/67/57
f 59/68/59 67/77/67 66/75/66 58/66/58
f 60/69/60 68/78/68 67/77/67 59/68/59
f 61/70/61 69/79/69 68/78/68 60/69/60
f 62/71/62 70/80/70 69/79/69 61/70/61
f 63/72/63 71/81/71 70/80/70 62/71/62
f 64/65/64 72/74/72 71/81/71 63/72/63
f 65/73/65 73/82/73 80/83/80 72/74/72
f 66/75/66 74/84/74 73/85/73 65/76/65
f 67/77/67 75/86/75 74/84/74 66/75/66
f 68/78/68 76/87/76 75/86/75 67/77/67
f 69/79/69 77/88/77 76/87/76 68/78/68
f 70/80/70 78/89/78 77/88/77 69/79/69
f 71/81/71 79/90/79 78/89/78 70/80/70
f 72/74/72 80/83/80 79/90/79 71/81/71
f 73/82/73 81/91/81 88/92/88 80/83/80
f 74/84/74 82/93/82 81/94/81 73/85/73
f 75/86/75 83/95/83 82/93/82 74/84/74
f 76/87/76 84/96/84 83/95/83 75/86/75
f 77/88/77 85/97/85 84/96/84 76/87/76
f 78/89/78 86/98/86 85/97/85 77/88/77
f 79/90/79 87/99/87 86/98/86 78/89/78
f 80/83/80 88/92/88 87/99/87 79/90/79
f 81/91/81 89/100/89 96/101/96 88/92/88
f 82/93/82 90/102/90 89/103/89 81/94/81
f 83/95/83 91/104/91 90/102/90 82/93/82
f 84/96/84 92/105/92 91/104/91 83/95/83
f 85/97/85 93/106/93 92/105/92 84/96/84
f 86/98/86 94/107/94 93/106/93 85/97/85
f 87/99/87 95/108/95 94/107/94 86/98/86
f 88/92/88 96/101/96 95/108/95 87/99/87
f 89/100/89 97/109/97 104/110/104 96/101/96
f 90/102/90 98/111/98 97/112/97 89/103/89
f 91/104/91 99/113/99 98/111/98 90/102/90
f 92/105/92 100/114/100 99/113/99 91/104/91
f 93/106/93 101/115/101 100/114/100 92/105/92
f 94/107/94 102/116/102 101/115/101 93/106/93
f 95/108/95 103/117/103 102/116/102 94/107/94
f 96/101/96 104/110/104 103/117/103 95/108/95
f 97/109/97 105/118/105 112/119/112 104/110/104
f 98/111/98 106/120/106 105/121/105 97/112/97
f 99/113/99 107/122/107 106/120/106 98/111/98
f 100/114/100 108/123/108 107/122/107 99/113/99
f 101/115/101 109/124/109 108/123/108 100/114/100
f 102/116/102 110/125/110 109/124/109 101/115/101
f 103/117/103 111/126/111 110/125/110 102/116/102
f 104/110/104 112/119/112 111/126/111 103/117/103
f 105/118/105 113/127/105 120/128/116 112/119/112
f 106/120/106 114/129/106 113/130/105 105/121/105
f 107/122/107 115/131/113 114/129/106 106/120/106
f 108/123/108 116/132/114 115/131/113 107/122/107
f 109/124/109 117/133/109 116/132/114 108/123/108
f 110/125/110 118/134/110 117/133/109 109/124/109
f 111/126/111 119/135/115 118/134/110 110/125/110
f 112/119/112 120/128/116 119/135/115 111/126/111
f 113/127/105 121/136/105 128/137/116 120/128/116
f 114/129/106 122/138/106 121/139/105 113/130/105
f 115/131/113 123/140/113 122/138/106 114/129/106
f 116/132/114 124/141/114 123/140/113 115/131/113
f 117/133/109 125/142/109 124/141/114 116/132/114
f 118/134/110 126/143/110 125/142/109 117/133/109
f 119/135/115 127/144/115 126/143/110 118/134/110
f 120/128/116 128/137/116 127/144/115 119/135/115
f 121/136/105 129/145/105 136/146/116 128/137/116
f 122/138/106 130/147/106 129/148/105 121/139/105
f 123/140/113 131/149/113 130/147/106 122/138/106
f 124/141/114 132/150/114 131/149/113 123/140/113
f 125/142/109 133/151/109 132/150/114 124/141/114
f 126/143/110 134/152/110 133/151/109 125/142/109
f 127/144/115 135/153/115 134/152/110 126/143/110
f 128/137/116 136/146/116 135/153/115 127/144/115
f 129/145/105 137/154/105 144/155/116 136/146/116
f 130/147/106 138/156/106 137/157/105 129/148/105
f 131/149/113 139/158/113 138/156/106 130/147/106
f 132/150/114 140/159/114 139/158/113 131/149/113
f 133/151/109 141/160/109 140/159/114 132/150/114
f 134/152/110 142/161/110 141/160/109 133/151/109
f 135/153/115 143/162/115 142/161/110 134/152/110
f 136/146/116 144/155/116 143/162/115 135/153/115
f 137/154/105 145/163/105 152/164/116 144/155/116
f 138/156/106 146/165/106 145/166/105 137/157/105
f 139/158/113 147/167/113 146/165/106 138/156/106
f 140/159/114 148/168/114 147/167/113 139/158/113
f 141/160/109 149/169/109 148/168/114 140/159/114
f 142/161/110 150/170/110 149/169/109 141/160/109
f 143/162/115 151/171/115 150/170/110 142/161/110
f 144/155/116 152/164/116 151/171/115 143/162/115
f 145/163/105 153/172/105 160/173/116 152/164/116
f 146/165/106 154/174/106 153/175/105 145/166/105
f 147/167/113 155/176/113 154/174/106 146/165/106
f 148/168/114 156/177/114 155/176/113 147/167/113
f 149/169/109 157/178/109 156/177/114 148/168/114
f 150/170/110 158/179/110 157/178/109 149/169/109
f 151/171/115 159/180/115 158/179/110 150/170/110
f 152/164/116 160/173/116 159/180/115 151/171/115
f 153/172/105 161/181/105 168/182/116 160/173/116
f 154/174/106 162/183/106 161/184/105 153/175/105
f 155/176/113 163/185/113 162/183/106 154/174/106
f 156/177/114 164/186/114 163/185/113 155/176/113
f 157/178/109 165/187/109 164/186/114 156/177/114
f 158/179/110 166/188/110 165/187/109 157/178/109
f 159/180/115 167/189/115 166/188/110 158/179/110
f 160/173/116 168/182/116 167/189/115 159/180/115
f 161/181/105 169/190/105 176/191/116 168/182/116
f 162/183/106 170/192/106 169/193/105 161/184/105
f 163/185/113 171/194/113 170/192/106 162/183/106
f 164/186/114 172/195/114 171/194/113 163/185/113
f 165/187/109 173/196/109 172/195/114 164/186/114
f 166/188/110 174/197/110 173/196/109 165/187/109
f 167/189/115 175/198/115 174/197/110 166/188/110
f 168/182/116 176/191/116 175/198/115 167/189/115
f 169/190/105 177/199/105 184/200/116 176/191/116
f 170/192/106 178/201/106 177/202/105 169/193/105
f 171/194/113 179/203/113 178/201/106 170/192/106
f 172/195/114 180/204/114 179/203/113 171/194/113
f 173/196/109 181/205/109 180/204/114 172/195/114
f 174/197/110 182/206/110 181/205/109 173/196/109
f 175/198/115 183/207/115 182/206/110 174/197/110
f 176/191/116 184/200/116 183/207/115 175/198/115
f 177/199/105 185/208/105 192/209/116 184/200/116
f 178/201/106 186/210/106 185/211/105 177/202/105
f 179/203/113 187/212/113 186/210/106 178/201/106
f 180/204/114 188/213/114 187/212/113 179/203/113
f 181/205/109 189/214/109 188/213/114 180/204/114
f 182/206/110 190/215/110 189/214/109 181/205/109
f 183/207/115 191/216/115 190/215/110 182/206/110
f 184/200/116 192/209/116 191/216/115 183/207/115
f 185/208/105 193/217/105 200/218/116 192/209/116
f 186/210/106 194/219/106 193/220/105 185/211/105
f 187/212/113 195/221/113 194/219/106 186/210/106
f 188/213/114 196/222/114 195/221/113 187/212/113
f 189/214/109 197/223/109 196/222/114 188/213/114
f 190/215/110 198/224/110 197/223/109 189/214/109
f 191/216/115 199/225/115 198/224/110 190/215/110
f 192/209/116 200/218/116 199/225/115 191/216/115
o BézierCurve.017
v -0.778787 0.540000 -1.571213
v -0.800000 0.540000 -1.580000
v -0.821213 0.540000 -1.571213
v -0.830000 0.540000 -1.550000
v -0.821213 0.540000 -1.528787
v -0.800000 0.540000 -1.520000
v -0.778787 0.540000 -1.528787
v -0.770000 0.540000 -1.550000
v -0.769106 0.689206 -1.567341
v -0.790014 0.693075 -1.576006
v -0.811009 0.695844 -1.567132
v -0.819792 0.695891 -1.545917
v -0.811218 0.693189 -1.524789
v -0.790310 0.689320 -1.516124
v -0.769315 0.686551 -1.524998
v -0.760532 0.686504 -1.546213
v -0.742670 0.792869 -1.556767
v -0.762096 0.802073 -1.564838
v -0.782029 0.808660 -1.555540
v -0.790794 0.808772 -1.534318
v -0.783256 0.802344 -1.513604
v -0.763831 0.793140 -1.505532
v -0.743897 0.786553 -1.514831
v -0.735132 0.786441 -1.536053
v -0.703386 0.860986 -1.541053
v -0.719307 0.876127 -1.547723
v -0.736732 0.886964 -1.537421
v -0.745454 0.887148 -1.516182
v -0.740364 0.876572 -1.496447
v -0.724443 0.861432 -1.489777
v -0.707018 0.850595 -1.500079
v -0.698296 0.850410 -1.521318
v -0.654286 0.904267 -1.521413
v -0.665535 0.923700 -1.526214
v -0.679616 0.937608 -1.514574
v -0.688282 0.937845 -1.493313
v -0.686455 0.924272 -1.474883
v -0.675206 0.904839 -1.470082
v -0.661125 0.890931 -1.481722
v -0.652459 0.890694 -1.502984
v -0.597582 0.932668 -1.498731
v -0.605441 0.953965 -1.502176
v -0.617096 0.969209 -1.489566
v -0.625720 0.969468 -1.468288
v -0.626261 0.954592 -1.450806
v -0.618402 0.933295 -1.447361
v -0.606747 0.918052 -1.459971
v -0.598123 0.917792 -1.481249
v -0.536008 0.955309 -1.474102
v -0.543192 0.976885 -1.477277
v -0.554364 0.992327 -1.464473
v -0.562980 0.992591 -1.443192
v -0.563992 0.977520 -1.425898
v -0.556808 0.955944 -1.422723
v -0.545636 0.940502 -1.435526
v -0.537021 0.940239 -1.456808
v -0.472991 0.981574 -1.448895
v -0.482304 1.002172 -1.452922
v -0.495000 1.016914 -1.440728
v -0.503641 1.017165 -1.419456
v -0.503167 1.002778 -1.401568
v -0.493854 0.982180 -1.397541
v -0.481158 0.967438 -1.409735
v -0.472516 0.967187 -1.431006
v -0.412429 1.021332 -1.424670
v -0.425847 1.039081 -1.430339
v -0.441480 1.051785 -1.419320
v -0.450172 1.052002 -1.398069
v -0.446830 1.039604 -1.379033
v -0.433413 1.021854 -1.373365
v -0.417780 1.009150 -1.384384
v -0.409088 1.008934 -1.405635
v -0.358802 1.084212 -1.403219
v -0.376343 1.097094 -1.410537
v -0.394929 1.106314 -1.400699
v -0.403671 1.106471 -1.379468
v -0.397448 1.097473 -1.359281
v -0.379907 1.084591 -1.351963
v -0.361322 1.075371 -1.361801
v -0.352580 1.075214 -1.383032
v -0.316424 1.178998 -1.386268
v -0.336471 1.186490 -1.394588
v -0.356849 1.191852 -1.385467
v -0.365622 1.191943 -1.364249
v -0.357650 1.186710 -1.343361
v -0.337603 1.179219 -1.335041
v -0.317225 1.173857 -1.344162
v -0.308453 1.173765 -1.365381
v -0.288728 1.314441 -1.375189
v -0.309741 1.317577 -1.383896
v -0.330811 1.319821 -1.375052
v -0.339596 1.319860 -1.353838
v -0.330948 1.317669 -1.332681
v -0.309935 1.314533 -1.323974
v -0.288865 1.312289 -1.332818
v -0.280080 1.312251 -1.354032
v -0.278791 1.499660 -1.371215
v -0.299996 1.500320 -1.379998
v -0.321203 1.500793 -1.371209
v -0.329989 1.500801 -1.349996
v -0.321209 1.500340 -1.328785
v -0.300004 1.499680 -1.320002
v -0.278797 1.499207 -1.328791
v -0.270011 1.499199 -1.350004
v -0.278787 1.570645 -1.371213
v -0.300000 1.570645 -1.380000
v -0.321213 1.570645 -1.371213
v -0.330000 1.570645 -1.350000
v -0.321213 1.570645 -1.328787
v -0.300000 1.570645 -1.320000
v -0.278787 1.570645 -1.328787
v -0.270000 1.570645 -1.350000
v -0.278787 1.633912 -1.371213
v -0.300000 1.633912 -1.380000
v -0.321213 1.633912 -1.371213
v -0.330000 1.633912 -1.350000
v -0.321213 1.633912 -1.328787
v -0.300000 1.633912 -1.320000
v -0.278787 1.633912 -1.328787
v -0.270000 1.633912 -1.350000
v -0.278787 1.691797 -1.371213
v -0.300000 1.691797 -1.380000
v -0.321213 1.691797 -1.371213
v -0.330000 1.691797 -1.350000
v -0.321213 1.691797 -1.328787
v -0.300000 1.691797 -1.320000
v -0.278787 1.691797 -1.328787
v -0.270000 1.691797 -1.350000
v -0.278787 1.746296 -1.371213
v -0.300000 1.746296 -1.380000
v -0.321213 1.746296 -1.371213
v -0.330000 1.746296 -1.350000
v -0.321213 1.746296 -1.328787
v -0.300000 1.746296 -1.320000
v -0.278787 1.746296 -1.328787
v -0.270000 1.746296 -1.350000
v -0.278787 1.799407 -1.371213
v -0.300000 1.799407 -1.380000
v -0.321213 1.799407 -1.371213
v -0.330000 1.799407 -1.350000
v -0.321213 1.799407 -1.328787
v -0.300000 1.799407 -1.320000
v -0.278787 1.799407 -1.328787
v -0.270000 1.799407 -1.350000
v -0.278787 1.853125 -1.371213
v -0.300000 1.853125 -1.380000
v -0.321213 1.853125 -1.371213
v -0.330000 1.853125 -1.350000
v -0.321213 1.853125 -1.328787
v -0.300000 1.853125 -1.320000
v -0.278787 1.853125 -1.328787
v -0.270000 1.853125 -1.350000
v -0.278787 1.909447 -1.371213
v -0.300000 1.909447 -1.380000
v -0.321213 1.909447 -1.371213
v -0.330000 1.909447 -1.350000
v -0.321213 1.909447 -1.328787
v -0.300000 1.909447 -1.320000
v -0.278787 1.909447 -1.328787
v -0.270000 1.909447 -1.350000
v -0.278787 1.970371 -1.371213
v -0.300000 1.970371 -1.380000
v -0.321213 1.970371 -1.371213
v -0.330000 1.970371 -1.350000
v -0.321213 1.970371 -1.328787
v -0.300000 1.970371 -1.320000
v -0.278787 1.970371 -1.328787
v -0.270000 1.970371 -1.350000
v -0.278787 2.037891 -1.371213
v -0.300000 2.037891 -1.380000
v -0.321213 2.037891 -1.371213
v -0.330000 2.037891 -1.350000
v -0.321213 2.037891 -1.328787
v -0.300000 2.037891 -1.320000
v -0.278787 2.037891 -1.328787
v -0.270000 2.037891 -1.350000
v -0.278787 2.114005 -1.371213
v -0.300000 2.114005 -1.380000
v -0.321213 2.114005 -1.371213
v -0.330000 2.114005 -1.350000
v -0.321213 2.114005 -1.328787
v -0.300000 2.114005 -1.320000
v -0.278787 2.114005 -1.328787
v -0.270000 2.114005 -1.350000
v -0.278787 2.200709 -1.371213
v -0.300000 2.200709 -1.380000
v -0.321213 2.200709 -1.371213
v -0.330000 2.200709 -1.350000
v -0.321213 2.200709 -1.328787
v -0.300000 2.200709 -1.320000
v -0.278787 2.200709 -1.328787
v -0.270000 2.200709 -1.350000
v -0.278787 2.300000 -1.371213
v -0.300000 2.300000 -1.380000
v -0.321213 2.300000 -1.371213
v -0.330000 2.300000 -1.350000
v -0.321213 2.300000 -1.328787
v -0.300000 2.300000 -1.320000
v -0.278787 2.300000 -1.328787
v -0.270000 2.300000 -1.350000
vn 0.6957 -0.0264 -0.7179
vn -0.0157 0.0271 -0.9995
vn -0.7103 0.0648 -0.7009
vn -0.9978 0.0654 -0.0063
vn -0.7177 0.0287 0.6957
vn -0.0159 -0.0248 0.9996
vn 0.7008 -0.0637 0.7105
vn 0.9979 -0.0643 -0.0064
vn 0.6862 -0.0626 -0.7247
vn -0.0169 0.0662 -0.9977
vn -0.7013 0.1561 -0.6955
vn -0.9875 0.1577 -0.0038
vn -0.7169 0.0700 0.6936
vn -0.0272 -0.0588 0.9979
vn 0.6881 -0.1534 0.7092
vn 0.9878 -0.1550 -0.0141
vn 0.6553 -0.1455 -0.7412
vn -0.0005 0.1609 -0.9870
vn -0.6441 0.3713 -0.6688
vn -0.9269 0.3749 0.0168
vn -0.6959 0.1697 0.6978
vn -0.0595 -0.1363 0.9889
vn 0.6260 -0.3652 0.6890
vn 0.9284 -0.3691 -0.0423
vn 0.5972 -0.2368 -0.7664
vn 0.0572 0.2666 -0.9621
vn -0.5045 0.6096 -0.6115
vn -0.7850 0.6153 0.0721
vn -0.6336 0.2810 0.7208
vn -0.1154 -0.2216 0.9683
vn 0.4844 -0.6020 0.6348
vn 0.7870 -0.6087 -0.1012
vn 0.5268 -0.3115 -0.7909
vn 0.1441 0.3356 -0.9309
vn -0.3158 0.7808 -0.5391
vn -0.5967 0.7883 0.1504
vn -0.5449 0.3542 0.7600
vn -0.1786 -0.2920 0.9396
vn 0.2997 -0.7748 0.5567
vn 0.5972 -0.7832 -0.1731
vn 0.4755 -0.3555 -0.8047
vn 0.2102 0.3548 -0.9110
vn -0.1759 0.8541 -0.4894
vn -0.4598 0.8626 0.2111
vn -0.4803 0.3755 0.7927
vn -0.2219 -0.3344 0.9159
vn 0.1688 -0.8513 0.4969
vn 0.4597 -0.8601 -0.2210
vn 0.4671 -0.3741 -0.8012
vn 0.2290 0.3453 -0.9101
vn -0.1442 0.8633 -0.4837
vn -0.4326 0.8721 0.2286
vn -0.4656 0.3666 0.8055
vn -0.2249 -0.3530 0.9082
vn 0.1467 -0.8644 0.4809
vn 0.4325 -0.8731 -0.2251
vn 0.5077 -0.3693 -0.7783
vn 0.2033 0.3166 -0.9265
vn -0.2248 0.8222 -0.5229
vn -0.5189 0.8309 0.2008
vn -0.4978 0.3371 0.7991
vn -0.1818 -0.3494 0.9192
vn 0.2361 -0.8269 0.5103
vn 0.5184 -0.8350 -0.1847
vn 0.5855 -0.3259 -0.7423
vn 0.1484 0.2638 -0.9531
vn -0.3860 0.7068 -0.5928
vn -0.6856 0.7145 0.1393
vn -0.5602 0.2817 0.7790
vn -0.1045 -0.3089 0.9453
vn 0.4031 -0.7138 0.5728
vn 0.6839 -0.7205 -0.1143
vn 0.6617 -0.2376 -0.7111
vn 0.0883 0.1905 -0.9777
vn -0.5505 0.5121 -0.6593
vn -0.8524 0.5177 0.0732
vn -0.6249 0.2035 0.7537
vn -0.0318 -0.2253 0.9738
vn 0.5685 -0.5189 0.6384
vn 0.8505 -0.5238 -0.0471
vn 0.7036 -0.1364 -0.6974
vn 0.0440 0.1129 -0.9926
vn -0.6527 0.2976 -0.6967
vn -0.9532 0.3008 0.0296
vn -0.6696 0.1204 0.7329
vn 0.0056 -0.1292 0.9916
vn 0.6676 -0.3019 0.6806
vn 0.9524 -0.3048 -0.0089
vn 0.7158 -0.0561 -0.6960
vn 0.0212 0.0483 -0.9986
vn -0.6936 0.1246 -0.7095
vn -0.9920 0.1259 0.0106
vn -0.6911 0.0514 0.7210
vn 0.0144 -0.0531 0.9985
vn 0.7043 -0.1264 0.6986
vn 0.9918 -0.1276 0.0038
vn 0.7115 -0.0116 -0.7026
vn 0.0066 0.0104 -0.9999
vn -0.7048 0.0262 -0.7089
vn -0.9996 0.0264 0.0028
vn -0.7024 0.0111 0.7117
vn 0.0063 -0.0109 0.9999
vn 0.7087 -0.0267 0.7050
vn 0.9996 -0.0270 0.0025
vn 0.7071 -0.0000 -0.7071
vn -0.0000 -0.0000 -1.0000
vn -0.7071 -0.0001 -0.7071
vn -1.0000 -0.0001 -0.0000
vn -0.7071 -0.0000 0.7071
vn -0.0000 -0.0000 1.0000
vn 0.7071 -0.0001 0.7071
vn 1.0000 -0.0001 -0.0000
vn -0.7071 -0.0000 -0.7071
vn -1.0000 -0.0000 -0.0000
vn 0.7071 -0.0000 0.7071
vn 1.0000 -0.0000 -0.0000
vt 0.000000 1.000000
vt 0.041667 0.875000
vt 0.000000 0.875000
vt 0.000000 0.125000
vt 0.041667 0.000000
vt 0.000000 0.000000
vt 0.000000 0.250000
vt 0.041667 0.125000
vt 0.000000 0.375000
vt 0.041667 0.250000
vt 0.041667 0.500000
vt 0.000000 0.500000
vt 0.041667 0.625000
vt 0.000000 0.625000
vt 0.041667 0.750000
vt 0.000000 0.750000
vt 0.041667 1.000000
vt 0.083333 0.875000
vt 0.083333 0.000000
vt 0.083333 0.125000
vt 0.041667 0.375000
vt 0.083333 0.250000
vt 0.083333 0.500000
vt 0.083333 0.625000
vt 0.083333 0.750000
vt 0.083333 1.000000
vt 0.125000 0.875000
vt 0.125000 0.000000
vt 0.125000 0.125000
vt 0.083333 0.375000
vt 0.125000 0.250000
vt 0.125000 0.500000
vt 0.125000 0.625000
vt 0.125000 0.750000
vt 0.166667 1.000000
vt 0.125000 1.000000
vt 0.166667 0.125000
vt 0.166667 0.250000
vt 0.166667 0.375000
vt 0.125000 0.375000
vt 0.166667 0.500000
vt 0.166667 0.625000
vt 0.166667 0.750000
vt 0.208333 1.000000
vt 0.166667 0.875000
vt 0.208333 0.125000
vt 0.166667 0.000000
vt 0.208333 0.250000
vt 0.208333 0.375000
vt 0.208333 0.500000
vt 0.208333 0.625000
vt 0.208333 0.750000
vt 0.250000 1.000000
vt 0.208333 0.875000
vt 0.250000 0.125000
vt 0.208333 0.000000
vt 0.250000 0.250000
vt 0.250000 0.375000
vt 0.250000 0.500000
vt 0.250000 0.625000
vt 0.250000 0.750000
vt 0.291667 1.000000
vt 0.250000 0.875000
vt 0.291667 0.125000
vt 0.250000 0.000000
vt 0.291667 0.250000
vt 0.291667 0.375000
vt 0.291667 0.500000
vt 0.291667 0.625000
vt 0.291667 0.750000
vt 0.333333 1.000000
vt 0.291667 0.875000
vt 0.333333 0.125000
vt 0.291667 0.000000
vt 0.333333 0.250000
vt 0.333333 0.375000
vt 0.333333 0.500000
vt 0.333333 0.625000
vt 0.333333 0.750000
vt 0.375000 1.000000
vt 0.333333 0.875000
vt 0.375000 0.125000
vt 0.333333 0.000000
vt 0.375000 0.250000
vt 0.375000 0.375000
vt 0.375000 0.500000
vt 0.375000 0.625000
vt 0.375000 0.750000
vt 0.416667 0.875000
vt 0.375000 0.875000
vt 0.416667 0.000000
vt 0.375000 0.000000
vt 0.416667 0.125000
vt 0.416667 0.250000
vt 0.416667 0.500000
vt 0.416667 0.625000
vt 0.416667 0.750000
vt 0.416667 1.000000
vt 0.458333 0.875000
vt 0.458333 0.000000
vt 0.458333 0.125000
vt 0.416667 0.375000
vt 0.458333 0.250000
vt 0.458333 0.500000
vt 0.458333 0.625000
vt 0.458333 0.750000
vt 0.458333 1.000000
vt 0.500000 0.875000
vt 0.500000 0.000000
vt 0.500000 0.125000
vt 0.458333 0.375000
vt 0.500000 0.250000
vt 0.500000 0.500000
vt 0.500000 0.625000
vt 0.500000 0.750000
vt 0.500000 1.000000
vt 0.541667 0.875000
vt 0.541667 0.000000
vt 0.541667 0.125000
vt 0.500000 0.375000
vt 0.541667 0.250000
vt 0.541667 0.500000
vt 0.541667 0.625000
vt 0.541667 0.750000
vt 0.583333 1.000000
vt 0.541667 1.000000
vt 0.583333 0.125000
vt 0.583333 0.250000
vt 0.583333 0.375000
vt 0.541667 0.375000
vt 0.583333 0.500000
vt 0.583333 0.625000
vt 0.583333 0.750000
vt 0.583333 0.875000
vt 0.625000 1.000000
vt 0.625000 0.125000
vt 0.583333 0.000000
vt 0.625000 0.250000
vt 0.625000 0.375000
vt 0.625000 0.500000
vt 0.625000 0.625000
vt 0.625000 0.750000
vt 0.625000 0.875000
vt 0.666667 1.000000
vt 0.666667 0.125000
vt 0.625000 0.000000
vt 0.666667 0.250000
vt 0.666667 0.375000
vt 0.666667 0.500000
vt 0.666667 0.625000
vt 0.666667 0.750000
vt 0.666667 0.875000
vt 0.708333 1.000000
vt 0.708333 0.125000
vt 0.666667 0.000000
vt 0.708333 0.250000
vt 0.708333 0.375000
vt 0.708333 0.500000
vt 0.708333 0.625000
vt 0.708333 0.750000
vt 0.708333 0.875000
vt 0.750000 1.000000
vt 0.750000 0.125000
vt 0.708333 0.000000
vt 0.750000 0.250000
vt 0.750000 0.375000
vt 0.750000 0.500000
vt 0.750000 0.625000
vt 0.750000 0.750000
vt 0.750000 0.875000
vt 0.791667 1.000000
vt 0.791667 0.125000
vt 0.750000 0.000000
vt 0.791667 0.250000
vt 0.791667 0.375000
vt 0.791667 0.500000
vt 0.791667 0.625000
vt 0.791667 0.750000
vt 0.791667 0.875000
vt 0.833333 1.000000
vt 0.833333 0.125000
vt 0.791667 0.000000
vt 0.833333 0.250000
vt 0.833333 0.375000
vt 0.833333 0.500000
vt 0.833333 0.625000
vt 0.833333 0.750000
vt 0.833333 0.875000
vt 0.875000 1.000000
vt 0.875000 0.125000
vt 0.833333 0.000000
vt 0.875000 0.250000
vt 0.875000 0.375000
vt 0.875000 0.500000
vt 0.875000 0.625000
vt 0.875000 0.750000
vt 0.875000 0.875000
vt 0.916667 1.000000
vt 0.916667 0.125000
vt 0.875000 0.000000
vt 0.916667 0.250000
vt 0.916667 0.375000
vt 0.916667 0.500000
vt 0.916667 0.625000
vt 0.916667 0.750000
vt 0.916667 0.875000
vt 0.958333 1.000000
vt 0.958333 0.125000
vt 0.916667 0.000000
vt 0.958333 0.250000
vt 0.958333 0.375000
vt 0.958333 0.500000
vt 0.958333 0.625000
vt 0.958333 0.750000
vt 0.958333 0.875000
vt 1.000000 1.000000
vt 1.000000 0.125000
vt 0.958333 0.000000
vt 1.000000 0.250000
vt 1.000000 0.375000
vt 1.000000 0.500000
vt 1.000000 0.625000
vt 1.000000 0.750000
vt 1.000000 0.875000
vt 1.000000 0.000000
s 1
f 201/226/117 216/227/132 208/228/124
f 202/229/118 209/230/125 201/231/117
f 203/232/119 210/233/126 202/229/118
f 204/234/120 211/235/127 203/232/119
f 213/236/129 204/234/120 205/237/121
f 214/238/130 205/237/121 206/239/122
f 215/240/131 206/239/122 207/241/123
f 216/227/132 207/241/123 208/228/124
f 209/242/125 224/243/140 216/227/132
f 210/233/126 217/244/133 209/230/125
f 211/235/127 218/245/134 210/233/126
f 212/246/128 219/247/135 211/235/127
f 221/248/137 212/246/128 213/236/129
f 222/249/138 213/236/129 214/238/130
f 223/250/139 214/238/130 215/240/131
f 224/243/140 215/240/131 216/227/132
f 217/251/133 232/252/148 224/243/140
f 218/245/134 225/253/141 217/244/133
f 219/247/135 226/254/142 218/245/134
f 220/255/136 227/256/143 219/247/135
f 229/257/145 220/255/136 221/248/137
f 230/258/146 221/248/137 222/249/138
f 231/259/147 222/249/138 223/250/139
f 232/252/148 223/250/139 224/243/140
f 233/260/149 232/252/148 225/261/141
f 234/262/150 225/253/141 226/254/142
f 235/263/151 226/254/142 227/256/143
f 236/264/152 227/256/143 228/265/144
f 229/257/145 236/264/152 228/265/144
f 230/258/146 237/266/153 229/257/145
f 231/259/147 238/267/154 230/258/146
f 232/252/148 239/268/155 231/259/147
f 241/269/157 240/270/156 233/260/149
f 242/271/158 233/272/149 234/262/150
f 243/273/159 234/262/150 235/263/151
f 244/274/160 235/263/151 236/264/152
f 237/266/153 244/274/160 236/264/152
f 238/267/154 245/275/161 237/266/153
f 239/268/155 246/276/162 238/267/154
f 240/270/156 247/277/163 239/268/155
f 249/278/165 248/279/164 241/269/157
f 250/280/166 241/281/157 242/271/158
f 251/282/167 242/271/158 243/273/159
f 252/283/168 243/273/159 244/274/160
f 245/275/161 252/283/168 244/274/160
f 246/276/162 253/284/169 245/275/161
f 247/277/163 254/285/170 246/276/162
f 248/279/164 255/286/171 247/277/163
f 257/287/173 256/288/172 249/278/165
f 258/289/174 249/290/165 250/280/166
f 259/291/175 250/280/166 251/282/167
f 260/292/176 251/282/167 252/283/168
f 253/284/169 260/292/176 252/283/168
f 254/285/170 261/293/177 253/284/169
f 255/286/171 262/294/178 254/285/170
f 256/288/172 263/295/179 255/286/171
f 265/296/181 264/297/180 257/287/173
f 266/298/182 257/299/173 258/289/174
f 267/300/183 258/289/174 259/291/175
f 268/301/184 259/291/175 260/292/176
f 261/293/177 268/301/184 260/292/176
f 262/294/178 269/302/185 261/293/177
f 263/295/179 270/303/186 262/294/178
f 264/297/180 271/304/187 263/295/179
f 273/305/189 272/306/188 265/296/181
f 274/307/190 265/308/181 266/298/182
f 275/309/191 266/298/182 267/300/183
f 276/310/192 267/300/183 268/301/184
f 269/302/185 276/310/192 268/301/184
f 270/303/186 277/311/193 269/302/185
f 271/304/187 278/312/194 270/303/186
f 272/306/188 279/313/195 271/304/187
f 273/305/189 288/314/204 280/315/196
f 274/307/190 281/316/197 273/317/189
f 275/309/191 282/318/198 274/307/190
f 276/310/192 283/319/199 275/309/191
f 285/320/201 276/310/192 277/311/193
f 286/321/202 277/311/193 278/312/194
f 287/322/203 278/312/194 279/313/195
f 288/314/204 279/313/195 280/315/196
f 281/323/197 296/324/212 288/314/204
f 282/318/198 289/325/205 281/316/197
f 283/319/199 290/326/206 282/318/198
f 284/327/200 291/328/207 283/319/199
f 293/329/209 284/327/200 285/320/201
f 294/330/210 285/320/201 286/321/202
f 295/331/211 286/321/202 287/322/203
f 296/324/212 287/322/203 288/314/204
f 289/332/205 304/333/220 296/324/212
f 290/326/206 297/334/213 289/325/205
f 291/328/207 298/335/214 290/326/206
f 292/336/208 299/337/215 291/328/207
f 301/338/217 292/336/208 293/329/209
f 302/339/218 293/329/209 294/330/210
f 303/340/219 294/330/210 295/331/211
f 304/333/220 295/331/211 296/324/212
f 297/341/213 312/342/228 304/333/220
f 298/335/214 305/343/221 297/334/213
f 299/337/215 306/344/222 298/335/214
f 300/345/216 307/346/223 299/337/215
f 309/347/225 300/345/216 301/338/217
f 310/348/226 301/338/217 302/339/218
f 311/349/227 302/339/218 303/340/219
f 312/342/228 303/340/219 304/333/220
f 313/350/221 312/342/228 305/351/221
f 314/352/222 305/343/221 306/344/222
f 315/353/229 306/344/222 307/346/223
f 316/354/230 307/346/223 308/355/224
f 317/356/225 308/355/224 309/347/225
f 318/357/226 309/347/225 310/348/226
f 319/358/231 310/348/226 311/349/227
f 320/359/232 311/349/227 312/342/228
f 321/360/221 320/359/232 313/350/221
f 322/361/222 313/362/221 314/352/222
f 323/363/229 314/352/222 315/353/229
f 324/364/230 315/353/229 316/354/230
f 325/365/225 316/354/230 317/356/225
f 326/366/226 317/356/225 318/357/226
f 327/367/231 318/357/226 319/358/231
f 328/368/232 319/358/231 320/359/232
f 329/369/221 328/368/232 321/360/221
f 330/370/222 321/371/221 322/361/222
f 331/372/229 322/361/222 323/363/229
f 332/373/230 323/363/229 324/364/230
f 333/374/225 324/364/230 325/365/225
f 334/375/226 325/365/225 326/366/226
f 335/376/231 326/366/226 327/367/231
f 336/377/232 327/367/231 328/368/232
f 337/378/221 336/377/232 329/369/221
f 338/379/222 329/380/221 330/370/222
f 339/381/229 330/370/222 331/372/229
f 340/382/230 331/372/229 332/373/230
f 341/383/225 332/373/230 333/374/225
f 342/384/226 333/374/225 334/375/226
f 343/385/231 334/375/226 335/376/231
f 344/386/232 335/376/231 336/377/232
f 345/387/221 344/386/232 337/378/221
f 346/388/222 337/389/221 338/379/222
f 347/390/229 338/379/222 339/381/229
f 348/391/230 339/381/229 340/382/230
f 349/392/225 340/382/230 341/383/225
f 350/393/226 341/383/225 342/384/226
f 351/394/231 342/384/226 343/385/231
f 352/395/232 343/385/231 344/386/232
f 353/396/221 352/395/232 345/387/221
f 354/397/222 345/398/221 346/388/222
f 355/399/229 346/388/222 347/390/229
f 356/400/230 347/390/229 348/391/230
f 357/401/225 348/391/230 349/392/225
f 358/402/226 349/392/225 350/393/226
f 359/403/231 350/393/226 351/394/231
f 360/404/232 351/394/231 352/395/232
f 361/405/221 360/404/232 353/396/221
f 362/406/222 353/407/221 354/397/222
f 363/408/229 354/397/222 355/399/229
f 364/409/230 355/399/229 356/400/230
f 365/410/225 356/400/230 357/401/225
f 366/411/226 357/401/225 358/402/226
f 367/412/231 358/402/226 359/403/231
f 368/413/232 359/403/231 360/404/232
f 369/414/221 368/413/232 361/405/221
f 370/415/222 361/416/221 362/406/222
f 371/417/229 362/406/222 363/408/229
f 372/418/230 363/408/229 364/409/230
f 373/419/225 364/409/230 365/410/225
f 374/420/226 365/410/225 366/411/226
f 375/421/231 366/411/226 367/412/231
f 376/422/232 367/412/231 368/413/232
f 377/423/221 376/422/232 369/414/221
f 378/424/222 369/425/221 370/415/222
f 379/426/229 370/415/222 371/417/229
f 380/427/230 371/417/229 372/418/230
f 381/428/225 372/418/230 373/419/225
f 382/429/226 373/419/225 374/420/226
f 383/430/231 374/420/226 375/421/231
f 384/431/232 375/421/231 376/422/232
f 385/432/221 384/431/232 377/423/221
f 386/433/222 377/434/221 378/424/222
f 387/435/229 378/424/222 379/426/229
f 388/436/230 379/426/229 380/427/230
f 389/437/225 380/427/230 381/428/225
f 390/438/226 381/428/225 382/429/226
f 391/439/231 382/429/226 383/430/231
f 392/440/232 383/430/231 384/431/232
f 393/441/221 392/440/232 385/432/221
f 394/442/222 385/443/221 386/433/222
f 395/444/229 386/433/222 387/435/229
f 396/445/230 387/435/229 388/436/230
f 397/446/225 388/436/230 389/437/225
f 398/447/226 389/437/225 390/438/226
f 399/448/231 390/438/226 391/439/231
f 400/449/232 391/439/231 392/440/232
f 201/226/117 209/242/125 216/227/132
f 202/229/118 210/233/126 209/230/125
f 203/232/119 211/235/127 210/233/126
f 204/234/120 212/246/128 211/235/127
f 213/236/129 212/246/128 204/234/120
f 214/238/130 213/236/129 205/237/121
f 215/240/131 214/238/130 206/239/122
f 216/227/132 215/240/131 207/241/123
f 209/242/125 217/251/133 224/243/140
f 210/233/126 218/245/134 217/244/133
f 211/235/127 219/247/135 218/245/134
f 212/246/128 220/255/136 219/247/135
f 221/248/137 220/255/136 212/246/128
f 222/249/138 221/248/137 213/236/129
f 223/250/139 222/249/138 214/238/130
f 224/243/140 223/250/139 215/240/131
f 217/251/133 225/261/141 232/252/148
f 218/245/134 226/254/142 225/253/141
f 219/247/135 227/256/143 226/254/142
f 220/255/136 228/265/144 227/256/143
f 229/257/145 228/265/144 220/255/136
f 230/258/146 229/257/145 221/248/137
f 231/259/147 230/258/146 222/249/138
f 232/252/148 231/259/147 223/250/139
f 233/260/149 240/270/156 232/252/148
f 234/262/150 233/272/149 225/253/141
f 235/263/151 234/262/150 226/254/142
f 236/264/152 235/263/151 227/256/143
f 229/257/145 237/266/153 236/264/152
f 230/258/146 238/267/154 237/266/153
f 231/259/147 239/268/155 238/267/154
f 232/252/148 240/270/156 239/268/155
f 241/269/157 248/279/164 240/270/156
f 242/271/158 241/281/157 233/272/149
f 243/273/159 242/271/158 234/262/150
f 244/274/160 243/273/159 235/263/151
f 237/266/153 245/275/161 244/274/160
f 238/267/154 246/276/162 245/275/161
f 239/268/155 247/277/163 246/276/162
f 240/270/156 248/279/164 247/277/163
f 249/278/165 256/288/172 248/279/164
f 250/280/166 249/290/165 241/281/157
f 251/282/167 250/280/166 242/271/158
f 252/283/168 251/282/167 243/273/159
f 245/275/161 253/284/169 252/283/168
f 246/276/162 254/285/170 253/284/169
f 247/277/163 255/286/171 254/285/170
f 248/279/164 256/288/172 255/286/171
f 257/287/173 264/297/180 256/288/172
f 258/289/174 257/299/173 249/290/165
f 259/291/175 258/289/174 250/280/166
f 260/292/176 259/291/175 251/282/167
f 253/284/169 261/293/177 260/292/176
f 254/285/170 262/294/178 261/293/177
f 255/286/171 263/295/179 262/294/178
f 256/288/172 264/297/180 263/295/179
f 265/296/181 272/306/188 264/297/180
f 266/298/182 265/308/181 257/299/173
f 267/300/183 266/298/182 258/289/174
f 268/301/184 267/300/183 259/291/175
f 261/293/177 269/302/185 268/301/184
f 262/294/178 270/303/186 269/302/185
f 263/295/179 271/304/187 270/303/186
f 264/297/180 272/306/188 271/304/187
f 273/305/189 280/315/196 272/306/188
f 274/307/190 273/317/189 265/308/181
f 275/309/191 274/307/190 266/298/182
f 276/310/192 275/309/191 267/300/183
f 269/302/185 277/311/193 276/310/192
f 270/303/186 278/312/194 277/311/193
f 271/304/187 279/313/195 278/312/194
f 272/306/188 280/315/196 279/313/195
f 273/305/189 281/323/197 288/314/204
f 274/307/190 282/318/198 281/316/197
f 275/309/191 283/319/199 282/318/198
f 276/310/192 284/327/200 283/319/199
f 285/320/201 284/327/200 276/310/192
f 286/321/202 285/320/201 277/311/193
f 287/322/203 286/321/202 278/312/194
f 288/314/204 287/322/203 279/313/195
f 281/323/197 289/332/205 296/324/212
f 282/318/198 290/326/206 289/325/205
f 283/319/199 291/328/207 290/326/206
f 284/327/200 292/336/208 291/328/207
f 293/329/209 292/336/208 284/327/200
f 294/330/210 293/329/209 285/320/201
f 295/331/211 294/330/210 286/321/202
f 296/324/212 295/331/211 287/322/203
f 289/332/205 297/341/213 304/333/220
f 290/326/206 298/335/214 297/334/213
f 291/328/207 299/337/215 298/335/214
f 292/336/208 300/345/216 299/337/215
f 301/338/217 300/345/216 292/336/208
f 302/339/218 301/338/217 293/329/209
f 303/340/219 302/339/218 294/330/210
f 304/333/220 303/340/219 295/331/211
f 297/341/213 305/351/221 312/342/228
f 298/335/214 306/344/222 305/343/221
f 299/337/215 307/346/223 306/344/222
f 300/345/216 308/355/224 307/346/223
f 309/347/225 308/355/224 300/345/216
f 310/348/226 309/347/225 301/338/217
f 311/349/227 310/348/226 302/339/218
f 312/342/228 311/349/227 303/340/219
f 313/350/221 320/359/232 312/342/228
f 314/352/222 313/362/221 305/343/221
f 315/353/229 314/352/222 306/344/222
f 316/354/230 315/353/229 307/346/223
f 317/356/225 316/354/230 308/355/224
f 318/357/226 317/356/225 309/347/225
f 319/358/231 318/357/226 310/348/226
f 320/359/232 319/358/231 311/349/227
f 321/360/221 328/368/232 320/359/232
f 322/361/222 321/371/221 313/362/221
f 323/363/229 322/361/222 314/352/222
f 324/364/230 323/363/229 315/353/229
f 325/365/225 324/364/230 316/354/230
f 326/366/226 325/365/225 317/356/225
f 327/367/231 326/366/226 318/357/226
f 328/368/232 327/367/231 319/358/231
f 329/369/221 336/377/232 328/368/232
f 330/370/222 329/380/221 321/371/221
f 331/372/229 330/370/222 322/361/222
f 332/373/230 331/372/229 323/363/229
f 333/374/225 332/373/230 324/364/230
f 334/375/226 333/374/225 325/365/225
f 335/376/231 334/375/226 326/366/226
f 336/377/232 335/376/231 327/367/231
f 337/378/221 344/386/232 336/377/232
f 338/379/222 337/389/221 329/380/221
f 339/381/229 338/379/222 330/370/222
f 340/382/230 339/381/229 331/372/229
f 341/383/225 340/382/230 332/373/230
f 342/384/226 341/383/225 333/374/225
f 343/385/231 342/384/226 334/375/226
f 344/386/232 343/385/231 335/376/231
f 345/387/221 352/395/232 344/386/232
f 346/388/222 345/398/221 337/389/221
f 347/390/229 346/388/222 338/379/222
f 348/391/230 347/390/229 339/381/229
f 349/392/225 348/391/230 340/382/230
f 350/393/226 349/392/225 341/383/225
f 351/394/231 350/393/226 342/384/226
f 352/395/232 351/394/231 343/385/231
f 353/396/221 360/404/232 352/395/232
f 354/397/222 353/407/221 345/398/221
f 355/399/229 354/397/222 346/388/222
f 356/400/230 355/399/229 347/390/229
f 357/401/225 356/400/230 348/391/230
f 358/402/226 357/401/225 349/392/225
f 359/403/231 358/402/226 350/393/226
f 360/404/232 359/403/231 351/394/231
f 361/405/221 368/413/232 360/404/232
f 362/406/222 361/416/221 353/407/221
f 363/408/229 362/406/222 354/397/222
f 364/409/230 363/408/229 355/399/229
f 365/410/225 364/409/230 356/400/230
f 366/411/226 365/410/225 357/401/225
f 367/412/231 366/411/226 358/402/226
f 368/413/232 367/412/231 359/403/231
f 369/414/221 376/422/232 368/413/232
f 370/415/222 369/425/221 361/416/221
f 371/417/229 370/415/222 362/406/222
f 372/418/230 371/417/229 363/408/229
f 373/419/225 372/418/230 364/409/230
f 374/420/226 373/419/225 365/410/225
f 375/421/231 374/420/226 366/411/226
f 376/422/232 375/421/231 367/412/231
f 377/423/221 384/431/232 376/422/232
f 378/424/222 377/434/221 369/425/221
f 379/426/229 378/424/222 370/415/222
f 380/427/230 379/426/229 371/417/229
f 381/428/225 380/427/230 372/418/230
f 382/429/226 381/428/225 373/419/225
f 383/430/231 382/429/226 374/420/226
f 384/431/232 383/430/231 375/421/231
f 385/432/221 392/440/232 384/431/232
f 386/433/222 385/443/221 377/434/221
f 387/435/229 386/433/222 378/424/222
f 388/436/230 387/435/229 379/426/229
f 389/437/225 388/436/230 380/427/230
f 390/438/226 389/437/225 381/428/225
f 391/439/231 390/438/226 382/429/226
f 392/440/232 391/439/231 383/430/231
f 393/441/221 400/449/232 392/440/232
f 394/442/222 393/450/221 385/443/221
f 395/444/229 394/442/222 386/433/222
f 396/445/230 395/444/229 387/435/229
f 397/446/225 396/445/230 388/436/230
f 398/447/226 397/446/225 389/437/225
f 399/448/231 398/447/226 390/438/226
f 400/449/232 399/448/231 391/439/231
o BézierCurve.018
v -0.532500 -0.000000 -0.522990
v -0.547500 -0.000000 -0.522990
v -0.555000 -0.000000 -0.510000
v -0.547500 -0.000000 -0.497010
v -0.532500 -0.000000 -0.497010
v -0.525000 -0.000000 -0.510000
v -0.533669 0.114938 -0.527666
v -0.548665 0.114594 -0.527650
v -0.556177 0.115612 -0.514706
v -0.548692 0.116974 -0.501779
v -0.533696 0.117318 -0.501794
v -0.526185 0.116300 -0.514738
v -0.536884 0.204415 -0.540527
v -0.551864 0.203638 -0.540445
v -0.559424 0.205941 -0.527696
v -0.552005 0.209021 -0.515029
v -0.537025 0.209798 -0.515110
v -0.529465 0.207495 -0.527859
v -0.541703 0.272728 -0.559802
v -0.556645 0.271430 -0.559570
v -0.564317 0.275277 -0.547268
v -0.557047 0.280422 -0.535198
v -0.542105 0.281720 -0.535430
v -0.534433 0.277873 -0.547732
v -0.547696 0.324357 -0.583773
v -0.562574 0.322515 -0.583287
v -0.570434 0.327975 -0.571737
v -0.563416 0.335276 -0.560672
v -0.548537 0.337117 -0.561157
v -0.540677 0.331658 -0.572708
v -0.554483 0.363927 -0.610923
v -0.569286 0.361632 -0.610132
v -0.577372 0.368436 -0.599487
v -0.570656 0.377534 -0.589632
v -0.555854 0.379830 -0.590423
v -0.547767 0.373026 -0.601069
v -0.561743 0.396021 -0.639963
v -0.576488 0.393461 -0.638942
v -0.584745 0.401048 -0.628979
v -0.578257 0.411195 -0.620037
v -0.563512 0.413754 -0.621058
v -0.555255 0.406167 -0.631021
v -0.569153 0.425064 -0.669602
v -0.583891 0.422475 -0.668553
v -0.592168 0.430148 -0.658673
v -0.585708 0.440408 -0.649842
v -0.570971 0.442997 -0.650892
v -0.562693 0.435324 -0.660772
v -0.576322 0.455422 -0.698278
v -0.591112 0.453066 -0.697438
v -0.599235 0.460049 -0.686938
v -0.592567 0.469388 -0.677277
v -0.577777 0.471744 -0.678117
v -0.569655 0.464761 -0.688618
v -0.582758 0.491395 -0.724023
v -0.597634 0.489536 -0.723527
v -0.605501 0.495045 -0.712005
v -0.598492 0.502412 -0.700978
v -0.583616 0.504271 -0.701473
v -0.575749 0.498762 -0.712996
v -0.587911 0.536986 -0.744635
v -0.602862 0.535794 -0.744440
v -0.610507 0.539328 -0.732027
v -0.603200 0.544055 -0.719810
v -0.588249 0.545248 -0.720005
v -0.580604 0.541713 -0.732417
v -0.591291 0.595951 -0.758153
v -0.606281 0.595413 -0.758115
v -0.613810 0.597008 -0.745239
v -0.606348 0.599140 -0.732403
v -0.591358 0.599678 -0.732441
v -0.583829 0.598083 -0.745317
v -0.592500 0.672267 -0.762991
v -0.607500 0.672267 -0.762991
v -0.615000 0.672267 -0.750000
v -0.607500 0.672267 -0.737010
v -0.592500 0.672267 -0.737010
v -0.585000 0.672267 -0.750000
vn 0.5078 -0.0299 -0.8609
vn -0.5028 -0.0402 -0.8635
vn -0.9999 -0.0096 0.0130
vn -0.4918 0.0305 0.8702
vn 0.4964 0.0404 0.8671
vn 0.9999 0.0107 0.0129
vn 0.5110 -0.0671 -0.8570
vn -0.5030 -0.0906 -0.8595
vn -0.9996 -0.0214 0.0173
vn -0.4908 0.0687 0.8685
vn 0.4950 0.0910 0.8641
vn 0.9996 0.0244 0.0150
vn 0.5172 -0.1511 -0.8424
vn -0.4999 -0.2048 -0.8415
vn -0.9985 -0.0474 0.0261
vn -0.4913 0.1558 0.8569
vn 0.4896 0.2058 0.8473
vn 0.9983 0.0561 0.0149
vn 0.5273 -0.2518 -0.8115
vn -0.4911 -0.3422 -0.8011
vn -0.9962 -0.0777 0.0393
vn -0.4965 0.2608 0.8279
vn 0.4787 0.3438 0.8079
vn 0.9954 0.0952 0.0079
vn 0.5402 -0.3571 -0.7620
vn -0.4747 -0.4858 -0.7340
vn -0.9924 -0.1098 0.0553
vn -0.5087 0.3702 0.7773
vn 0.4617 0.4876 0.7410
vn 0.9907 0.1353 -0.0100
vn 0.5517 -0.4470 -0.7041
vn -0.4531 -0.6058 -0.6540
vn -0.9877 -0.1402 0.0694
vn -0.5270 0.4597 0.7149
vn 0.4428 0.6073 0.6597
vn 0.9855 0.1655 -0.0364
vn 0.5559 -0.5027 -0.6621
vn -0.4348 -0.6761 -0.5949
vn -0.9836 -0.1644 0.0749
vn -0.5449 0.5089 0.6664
vn 0.4302 0.6768 0.5974
vn 0.9823 0.1770 -0.0612
vn 0.5482 -0.5135 -0.6601
vn -0.4292 -0.6842 -0.5896
vn -0.9821 -0.1766 0.0656
vn -0.5551 0.5096 0.6573
vn 0.4320 0.6839 0.5879
vn 0.9829 0.1686 -0.0742
vn 0.5292 -0.4718 -0.7052
vn -0.4395 -0.6232 -0.6469
vn -0.9847 -0.1700 0.0396
vn -0.5542 0.4589 0.6945
vn 0.4498 0.6220 0.6410
vn 0.9869 0.1439 -0.0726
vn 0.5065 -0.3745 -0.7767
vn -0.4601 -0.4920 -0.7391
vn -0.9903 -0.1388 0.0066
vn -0.5438 0.3592 0.7585
vn 0.4753 0.4901 0.7306
vn 0.9923 0.1084 -0.0602
vn 0.4910 -0.2406 -0.8373
vn -0.4797 -0.3160 -0.8185
vn -0.9959 -0.0894 -0.0164
vn -0.5297 0.2301 0.8164
vn 0.4953 0.3141 0.8099
vn 0.9967 0.0693 -0.0433
vn 0.4863 -0.1083 -0.8670
vn -0.4913 -0.1427 -0.8592
vn -0.9990 -0.0396 -0.0226
vn -0.5182 0.1042 0.8489
vn 0.5040 0.1416 0.8520
vn 0.9991 0.0320 -0.0282
vn 0.4870 -0.0476 -0.8721
vn -0.4941 -0.0628 -0.8671
vn -0.9997 -0.0171 -0.0200
vn -0.5119 0.0460 0.8578
vn 0.5040 0.0622 0.8615
vn 0.9997 0.0144 -0.0201
vt 0.000000 1.000000
vt 0.083333 1.000000
vt 0.083333 0.833333
vt 0.000000 0.833333
vt 0.000000 0.166667
vt 0.083333 0.166667
vt 0.083333 0.000000
vt 0.000000 0.000000
vt 0.000000 0.333333
vt 0.083333 0.333333
vt 0.000000 0.500000
vt 0.083333 0.500000
vt 0.000000 0.666667
vt 0.083333 0.666667
vt 0.166667 1.000000
vt 0.166667 0.833333
vt 0.166667 0.166667
vt 0.166667 0.000000
vt 0.166667 0.333333
vt 0.166667 0.500000
vt 0.166667 0.666667
vt 0.250000 1.000000
vt 0.250000 0.833333
vt 0.250000 0.166667
vt 0.250000 0.000000
vt 0.250000 0.333333
vt 0.250000 0.500000
vt 0.250000 0.666667
vt 0.333333 1.000000
vt 0.333333 0.833333
vt 0.333333 0.166667
vt 0.333333 0.000000
vt 0.333333 0.333333
vt 0.333333 0.500000
vt 0.333333 0.666667
vt 0.416667 1.000000
vt 0.416667 0.833333
vt 0.416667 0.166667
vt 0.416667 0.000000
vt 0.416667 0.333333
vt 0.416667 0.500000
vt 0.416667 0.666667
vt 0.500000 1.000000
vt 0.500000 0.833333
vt 0.500000 0.166667
vt 0.500000 0.000000
vt 0.500000 0.333333
vt 0.500000 0.500000
vt 0.500000 0.666667
vt 0.583333 1.000000
vt 0.583333 0.833333
vt 0.583333 0.166667
vt 0.583333 0.000000
vt 0.583333 0.333333
vt 0.583333 0.500000
vt 0.583333 0.666667
vt 0.666667 1.000000
vt 0.666667 0.833333
vt 0.666667 0.166667
vt 0.666667 0.000000
vt 0.666667 0.333333
vt 0.666667 0.500000
vt 0.666667 0.666667
vt 0.750000 1.000000
vt 0.750000 0.833333
vt 0.750000 0.166667
vt 0.750000 0.000000
vt 0.750000 0.333333
vt 0.750000 0.500000
vt 0.750000 0.666667
vt 0.833333 1.000000
vt 0.833333 0.833333
vt 0.833333 0.166667
vt 0.833333 0.000000
vt 0.833333 0.333333
vt 0.833333 0.500000
vt 0.833333 0.666667
vt 0.916667 1.000000
vt 0.916667 0.833333
vt 0.916667 0.166667
vt 0.916667 0.000000
vt 0.916667 0.333333
vt 0.916667 0.500000
vt 0.916667 0.666667
vt 1.000000 1.000000
vt 1.000000 0.833333
vt 1.000000 0.166667
vt 1.000000 0.000000
vt 1.000000 0.333333
vt 1.000000 0.500000
vt 1.000000 0.666667
s 1
f 401/451/233 407/452/239 412/453/244 406/454/238
f 402/455/234 408/456/240 407/457/239 401/458/233
f 403/459/235 409/460/241 408/456/240 402/455/234
f 404/461/236 410/462/242 409/460/241 403/459/235
f 405/463/237 411/464/243 410/462/242 404/461/236
f 406/454/238 412/453/244 411/464/243 405/463/237
f 407/452/239 413/465/245 418/466/250 412/453/244
f 408/456/240 414/467/246 413/468/245 407/457/239
f 409/460/241 415/469/247 414/467/246 408/456/240
f 410/462/242 416/470/248 415/469/247 409/460/241
f 411/464/243 417/471/249 416/470/248 410/462/242
f 412/453/244 418/466/250 417/471/249 411/464/243
f 413/465/245 419/472/251 424/473/256 418/466/250
f 414/467/246 420/474/252 419/475/251 413/468/245
f 415/469/247 421/476/253 420/474/252 414/467/246
f 416/470/248 422/477/254 421/476/253 415/469/247
f 417/471/249 423/478/255 422/477/254 416/470/248
f 418/466/250 424/473/256 423/478/255 417/471/249
f 419/472/251 425/479/257 430/480/262 424/473/256
f 420/474/252 426/481/258 425/482/257 419/475/251
f 421/476/253 427/483/259 426/481/258 420/474/252
f 422/477/254 428/484/260 427/483/259 421/476/253
f 423/478/255 429/485/261 428/484/260 422/477/254
f 424/473/256 430/480/262 429/485/261 423/478/255
f 425/479/257 431/486/263 436/487/268 430/480/262
f 426/481/258 432/488/264 431/489/263 425/482/257
f 427/483/259 433/490/265 432/488/264 426/481/258
f 428/484/260 434/491/266 433/490/265 427/483/259
f 429/485/261 435/492/267 434/491/266 428/484/260
f 430/480/262 436/487/268 435/492/267 429/485/261
f 431/486/263 437/493/269 442/494/274 436/487/268
f 432/488/264 438/495/270 437/496/269 431/489/263
f 433/490/265 439/497/271 438/495/270 432/488/264
f 434/491/266 440/498/272 439/497/271 433/490/265
f 435/492/267 441/499/273 440/498/272 434/491/266
f 436/487/268 442/494/274 441/499/273 435/492/267
f 437/493/269 443/500/275 448/501/280 442/494/274
f 438/495/270 444/502/276 443/503/275 437/496/269
f 439/497/271 445/504/277 444/502/276 438/495/270
f 440/498/272 446/505/278 445/504/277 439/497/271
f 441/499/273 447/506/279 446/505/278 440/498/272
f 442/494/274 448/501/280 447/506/279 441/499/273
f 443/500/275 449/507/281 454/508/286 448/501/280
f 444/502/276 450/509/282 449/510/281 443/503/275
f 445/504/277 451/511/283 450/509/282 444/502/276
f 446/505/278 452/512/284 451/511/283 445/504/277
f 447/506/279 453/513/285 452/512/284 446/505/278
f 448/501/280 454/508/286 453/513/285 447/506/279
f 449/507/281 455/514/287 460/515/292 454/508/286
f 450/509/282 456/516/288 455/517/287 449/510/281
f 451/511/283 457/518/289 456/516/288 450/509/282
f 452/512/284 458/519/290 457/518/289 451/511/283
f 453/513/285 459/520/291 458/519/290 452/512/284
f 454/508/286 460/515/292 459/520/291 453/513/285
f 455/514/287 461/521/293 466/522/298 460/515/292
f 456/516/288 462/523/294 461/524/293 455/517/287
f 457/518/289 463/525/295 462/523/294 456/516/288
f 458/519/290 464/526/296 463/525/295 457/518/289
f 459/520/291 465/527/297 464/526/296 458/519/290
f 460/515/292 466/522/298 465/527/297 459/520/291
f 461/521/293 467/528/299 472/529/304 466/522/298
f 462/523/294 468/530/300 467/531/299 461/524/293
f 463/525/295 469/532/301 468/530/300 462/523/294
f 464/526/296 470/533/302 469/532/301 463/525/295
f 465/527/297 471/534/303 470/533/302 464/526/296
f 466/522/298 472/529/304 471/534/303 465/527/297
f 467/528/299 473/535/305 478/536/310 472/529/304
f 468/530/300 474/537/306 473/538/305 467/531/299
f 469/532/301 475/539/307 474/537/306 468/530/300
f 470/533/302 476/540/308 475/539/307 469/532/301
f 471/534/303 477/541/309 476/540/308 470/533/302
f 472/529/304 478/536/310 477/541/309 471/534/303
o BézierCurve.018
v -0.532500 -0.000000 -0.522990
v -0.547500 -0.000000 -0.522990
v -0.555000 -0.000000 -0.510000
v -0.547500 -0.000000 -0.497010
v -0.532500 -0.000000 -0.497010
v -0.525000 -0.000000 -0.510000
v -0.533669 0.114938 -0.527666
v -0.548665 0.114594 -0.527650
v -0.556177 0.115612 -0.514706
v -0.548692 0.116974 -0.501779
v -0.533696 0.117318 -0.501794
v -0.526185 0.116300 -0.514738
v -0.536884 0.204415 -0.540527
v -0.551864 0.203638 -0.540445
v -0.559424 0.205941 -0.527696
v -0.552005 0.209021 -0.515029
v -0.537025 0.209798 -0.515110
v -0.529465 0.207495 -0.527859
v -0.541703 0.272728 -0.559802
v -0.556645 0.271430 -0.559570
v -0.564317 0.275277 -0.547268
v -0.557047 0.280422 -0.535198
v -0.542105 0.281720 -0.535430
v -0.534433 0.277873 -0.547732
v -0.547696 0.324357 -0.583773
v -0.562574 0.322515 -0.583287
v -0.570434 0.327975 -0.571737
v -0.563416 0.335276 -0.560672
v -0.548537 0.337117 -0.561157
v -0.540677 0.331658 -0.572708
v -0.554483 0.363927 -0.610923
v -0.569286 0.361632 -0.610132
v -0.577372 0.368436 -0.599487
v -0.570656 0.377534 -0.589632
v -0.555854 0.379830 -0.590423
v -0.547767 0.373026 -0.601069
v -0.561743 0.396021 -0.639963
v -0.576488 0.393461 -0.638942
v -0.584745 0.401048 -0.628979
v -0.578257 0.411195 -0.620037
v -0.563512 0.413754 -0.621058
v -0.555255 0.406167 -0.631021
v -0.569153 0.425064 -0.669602
v -0.583891 0.422475 -0.668553
v -0.592168 0.430148 -0.658673
v -0.585708 0.440408 -0.649842
v -0.570971 0.442997 -0.650892
v -0.562693 0.435324 -0.660772
v -0.576322 0.455422 -0.698278
v -0.591112 0.453066 -0.697438
v -0.599235 0.460049 -0.686938
v -0.592567 0.469388 -0.677277
v -0.577777 0.471744 -0.678117
v -0.569655 0.464761 -0.688618
v -0.582758 0.491395 -0.724023
v -0.597634 0.489536 -0.723527
v -0.605501 0.495045 -0.712005
v -0.598492 0.502412 -0.700978
v -0.583616 0.504271 -0.701473
v -0.575749 0.498762 -0.712996
v -0.587911 0.536986 -0.744635
v -0.602862 0.535794 -0.744440
v -0.610507 0.539328 -0.732027
v -0.603200 0.544055 -0.719810
v -0.588249 0.545248 -0.720005
v -0.580604 0.541713 -0.732417
v -0.591291 0.595951 -0.758153
v -0.606281 0.595413 -0.758115
v -0.613810 0.597008 -0.745239
v -0.606348 0.599140 -0.732403
v -0.591358 0.599678 -0.732441
v -0.583829 0.598083 -0.745317
v -0.592500 0.672267 -0.762991
v -0.607500 0.672267 -0.762991
v -0.615000 0.672267 -0.750000
v -0.607500 0.672267 -0.737010
v -0.592500 0.672267 -0.737010
v -0.585000 0.672267 -0.750000
vn 0.5079 -0.0298 -0.8609
vn -0.5028 -0.0402 -0.8635
vn -0.9999 -0.0096 0.0130
vn -0.4918 0.0305 0.8702
vn 0.4965 0.0404 0.8671
vn 0.9999 0.0107 0.0129
vn 0.5110 -0.0670 -0.8570
vn -0.5030 -0.0906 -0.8595
vn -0.9996 -0.0214 0.0173
vn -0.4908 0.0687 0.8685
vn 0.4950 0.0910 0.8641
vn 0.9996 0.0244 0.0150
vn 0.5172 -0.1511 -0.8424
vn -0.4999 -0.2048 -0.8415
vn -0.9985 -0.0474 0.0261
vn -0.4913 0.1558 0.8570
vn 0.4896 0.2058 0.8473
vn 0.9983 0.0561 0.0149
vn 0.5273 -0.2518 -0.8115
vn -0.4911 -0.3422 -0.8011
vn -0.9962 -0.0777 0.0393
vn -0.4964 0.2609 0.8280
vn 0.4786 0.3438 0.8079
vn 0.9954 0.0952 0.0079
vn 0.5401 -0.3572 -0.7620
vn -0.4746 -0.4857 -0.7340
vn -0.9924 -0.1099 0.0553
vn -0.5087 0.3702 0.7773
vn 0.4617 0.4876 0.7410
vn 0.9907 0.1353 -0.0099
vn 0.5517 -0.4470 -0.7041
vn -0.4531 -0.6058 -0.6540
vn -0.9877 -0.1403 0.0693
vn -0.5269 0.4597 0.7149
vn 0.4427 0.6073 0.6597
vn 0.9855 0.1655 -0.0364
vn 0.5560 -0.5027 -0.6620
vn -0.4348 -0.6761 -0.5948
vn -0.9836 -0.1644 0.0749
vn -0.5450 0.5089 0.6663
vn 0.4302 0.6768 0.5974
vn 0.9823 0.1769 -0.0613
vn 0.5483 -0.5135 -0.6600
vn -0.4292 -0.6843 -0.5896
vn -0.9821 -0.1766 0.0657
vn -0.5552 0.5096 0.6573
vn 0.4321 0.6840 0.5878
vn 0.9829 0.1686 -0.0742
vn 0.5292 -0.4718 -0.7052
vn -0.4394 -0.6232 -0.6469
vn -0.9847 -0.1699 0.0397
vn -0.5542 0.4589 0.6944
vn 0.4498 0.6220 0.6409
vn 0.9869 0.1439 -0.0725
vn 0.5064 -0.3745 -0.7768
vn -0.4600 -0.4920 -0.7392
vn -0.9903 -0.1388 0.0065
vn -0.5437 0.3592 0.7585
vn 0.4753 0.4901 0.7307
vn 0.9923 0.1085 -0.0601
vn 0.4909 -0.2407 -0.8373
vn -0.4797 -0.3160 -0.8185
vn -0.9959 -0.0894 -0.0165
vn -0.5296 0.2302 0.8164
vn 0.4953 0.3142 0.8099
vn 0.9967 0.0693 -0.0432
vn 0.4863 -0.1083 -0.8670
vn -0.4913 -0.1427 -0.8592
vn -0.9990 -0.0396 -0.0226
vn -0.5182 0.1041 0.8489
vn 0.5040 0.1415 0.8520
vn 0.9991 0.0320 -0.0282
vn 0.4871 -0.0475 -0.8720
vn -0.4942 -0.0628 -0.8671
vn -0.9997 -0.0171 -0.0199
vn -0.5121 0.0459 0.8577
vn 0.5041 0.0621 0.8614
vn 0.9997 0.0144 -0.0202
vt 0.083333 1.000000
vt 0.000000 0.833333
vt 0.000000 1.000000
vt 0.083333 0.166667
vt 0.000000 0.000000
vt 0.000000 0.166667
vt 0.000000 0.333333
vt 0.000000 0.500000
vt 0.083333 0.333333
vt 0.000000 0.666667
vt 0.083333 0.500000
vt 0.083333 0.833333
vt 0.166667 1.000000
vt 0.166667 0.166667
vt 0.083333 0.000000
vt 0.166667 0.333333
vt 0.083333 0.666667
vt 0.166667 0.500000
vt 0.166667 0.833333
vt 0.250000 1.000000
vt 0.250000 0.166667
vt 0.166667 0.000000
vt 0.250000 0.333333
vt 0.166667 0.666667
vt 0.250000 0.500000
vt 0.250000 0.833333
vt 0.333333 1.000000
vt 0.333333 0.166667
vt 0.250000 0.000000
vt 0.333333 0.333333
vt 0.250000 0.666667
vt 0.333333 0.500000
vt 0.333333 0.833333
vt 0.416667 0.833333
vt 0.416667 0.000000
vt 0.333333 0.000000
vt 0.416667 0.333333
vt 0.416667 0.500000
vt 0.416667 0.666667
vt 0.333333 0.666667
vt 0.416667 1.000000
vt 0.500000 0.833333
vt 0.416667 0.166667
vt 0.500000 0.000000
vt 0.500000 0.333333
vt 0.500000 0.500000
vt 0.500000 0.666667
vt 0.500000 1.000000
vt 0.583333 0.833333
vt 0.500000 0.166667
vt 0.583333 0.000000
vt 0.583333 0.333333
vt 0.583333 0.500000
vt 0.583333 0.666667
vt 0.583333 1.000000
vt 0.666667 0.833333
vt 0.583333 0.166667
vt 0.666667 0.000000
vt 0.666667 0.333333
vt 0.666667 0.500000
vt 0.666667 0.666667
vt 0.666667 1.000000
vt 0.750000 0.833333
vt 0.666667 0.166667
vt 0.750000 0.000000
vt 0.750000 0.333333
vt 0.750000 0.500000
vt 0.750000 0.666667
vt 0.750000 1.000000
vt 0.833333 0.833333
vt 0.750000 0.166667
vt 0.833333 0.000000
vt 0.833333 0.333333
vt 0.833333 0.500000
vt 0.833333 0.666667
vt 0.916667 1.000000
vt 0.833333 1.000000
vt 0.916667 0.166667
vt 0.833333 0.166667
vt 0.916667 0.333333
vt 0.916667 0.500000
vt 0.916667 0.833333
vt 1.000000 1.000000
vt 1.000000 0.166667
vt 0.916667 0.000000
vt 1.000000 0.333333
vt 0.916667 0.666667
vt 1.000000 0.500000
vt 1.000000 0.833333
vt 1.000000 0.000000
vt 1.000000 0.666667
s 1
f 485/542/317 484/543/316 479/544/311
f 486/545/318 479/546/311 480/547/312
f 481/548/313 486/545/318 480/547/312
f 482/549/314 487/550/319 481/548/313
f 483/551/315 488/552/320 482/549/314
f 490/553/322 483/551/315 484/543/316
f 491/554/323 490/553/322 485/542/317
f 492/555/324 485/556/317 486/545/318
f 487/550/319 492/555/324 486/545/318
f 488/552/320 493/557/325 487/550/319
f 489/558/321 494/559/326 488/552/320
f 496/560/328 489/558/321 490/553/322
f 497/561/329 496/560/328 491/554/323
f 498/562/330 491/563/323 492/555/324
f 493/557/325 498/562/330 492/555/324
f 494/559/326 499/564/331 493/557/325
f 495/565/327 500/566/332 494/559/326
f 502/567/334 495/565/327 496/560/328
f 503/568/335 502/567/334 497/561/329
f 504/569/336 497/570/329 498/562/330
f 499/564/331 504/569/336 498/562/330
f 500/566/332 505/571/337 499/564/331
f 501/572/333 506/573/338 500/566/332
f 508/574/340 501/572/333 502/567/334
f 503/568/335 514/575/346 508/574/340
f 504/569/336 509/576/341 503/577/335
f 511/578/343 504/569/336 505/571/337
f 512/579/344 505/571/337 506/573/338
f 513/580/345 506/573/338 507/581/339
f 508/574/340 513/580/345 507/581/339
f 509/582/341 520/583/352 514/575/346
f 510/584/342 515/585/347 509/576/341
f 517/586/349 510/584/342 511/578/343
f 518/587/350 511/578/343 512/579/344
f 519/588/351 512/579/344 513/580/345
f 514/575/346 519/588/351 513/580/345
f 515/589/347 526/590/358 520/583/352
f 516/591/348 521/592/353 515/585/347
f 523/593/355 516/591/348 517/586/349
f 524/594/356 517/586/349 518/587/350
f 525/595/357 518/587/350 519/588/351
f 520/583/352 525/595/357 519/588/351
f 521/596/353 532/597/364 526/590/358
f 522/598/354 527/599/359 521/592/353
f 529/600/361 522/598/354 523/593/355
f 530/601/362 523/593/355 524/594/356
f 531/602/363 524/594/356 525/595/357
f 526/590/358 531/602/363 525/595/357
f 527/603/359 538/604/370 532/597/364
f 528/605/360 533/606/365 527/599/359
f 535/607/367 528/605/360 529/600/361
f 536/608/368 529/600/361 530/601/362
f 537/609/369 530/601/362 531/602/363
f 532/597/364 537/609/369 531/602/363
f 533/610/365 544/611/376 538/604/370
f 534/612/366 539/613/371 533/606/365
f 541/614/373 534/612/366 535/607/367
f 542/615/374 535/607/367 536/608/368
f 543/616/375 536/608/368 537/609/369
f 538/604/370 543/616/375 537/609/369
f 545/617/377 544/611/376 539/618/371
f 546/619/378 539/613/371 540/620/372
f 541/614/373 546/619/378 540/620/372
f 542/615/374 547/621/379 541/614/373
f 543/616/375 548/622/380 542/615/374
f 550/623/382 543/616/375 544/611/376
f 551/624/383 550/623/382 545/617/377
f 552/625/384 545/626/377 546/619/378
f 547/621/379 552/625/384 546/619/378
f 548/622/380 553/627/385 547/621/379
f 549/628/381 554/629/386 548/622/380
f 556/630/388 549/628/381 550/623/382
f 485/542/317 490/553/322 484/543/316
f 486/545/318 485/556/317 479/546/311
f 481/548/313 487/550/319 486/545/318
f 482/549/314 488/552/320 487/550/319
f 483/551/315 489/558/321 488/552/320
f 490/553/322 489/558/321 483/551/315
f 491/554/323 496/560/328 490/553/322
f 492/555/324 491/563/323 485/556/317
f 487/550/319 493/557/325 492/555/324
f 488/552/320 494/559/326 493/557/325
f 489/558/321 495/565/327 494/559/326
f 496/560/328 495/565/327 489/558/321
f 497/561/329 502/567/334 496/560/328
f 498/562/330 497/570/329 491/563/323
f 493/557/325 499/564/331 498/562/330
f 494/559/326 500/566/332 499/564/331
f 495/565/327 501/572/333 500/566/332
f 502/567/334 501/572/333 495/565/327
f 503/568/335 508/574/340 502/567/334
f 504/569/336 503/577/335 497/570/329
f 499/564/331 505/571/337 504/569/336
f 500/566/332 506/573/338 505/571/337
f 501/572/333 507/581/339 506/573/338
f 508/574/340 507/581/339 501/572/333
f 503/568/335 509/582/341 514/575/346
f 504/569/336 510/584/342 509/576/341
f 511/578/343 510/584/342 504/569/336
f 512/579/344 511/578/343 505/571/337
f 513/580/345 512/579/344 506/573/338
f 508/574/340 514/575/346 513/580/345
f 509/582/341 515/589/347 520/583/352
f 510/584/342 516/591/348 515/585/347
f 517/586/349 516/591/348 510/584/342
f 518/587/350 517/586/349 511/578/343
f 519/588/351 518/587/350 512/579/344
f 514/575/346 520/583/352 519/588/351
f 515/589/347 521/596/353 526/590/358
f 516/591/348 522/598/354 521/592/353
f 523/593/355 522/598/354 516/591/348
f 524/594/356 523/593/355 517/586/349
f 525/595/357 524/594/356 518/587/350
f 520/583/352 526/590/358 525/595/357
f 521/596/353 527/603/359 532/597/364
f 522/598/354 528/605/360 527/599/359
f 529/600/361 528/605/360 522/598/354
f 530/601/362 529/600/361 523/593/355
f 531/602/363 530/601/362 524/594/356
f 526/590/358 532/597/364 531/602/363
f 527/603/359 533/610/365 538/604/370
f 528/605/360 534/612/366 533/606/365
f 535/607/367 534/612/366 528/605/360
f 536/608/368 535/607/367 529/600/361
f 537/609/369 536/608/368 530/601/362
f 532/597/364 538/604/370 537/609/369
f 533/610/365 539/618/371 544/611/376
f 534/612/366 540/620/372 539/613/371
f 541/614/373 540/620/372 534/612/366
f 542/615/374 541/614/373 535/607/367
f 543/616/375 542/615/374 536/608/368
f 538/604/370 544/611/376 543/616/375
f 545/617/377 550/623/382 544/611/376
f 546/619/378 545/626/377 539/613/371
f 541/614/373 547/621/379 546/619/378
f 542/615/374 548/622/380 547/621/379
f 543/616/375 549/628/381 548/622/380
f 550/623/382 549/628/381 543/616/375
f 551/624/383 556/630/388 550/623/382
f 552/625/384 551/631/383 545/626/377
f 547/621/379 553/627/385 552/625/384
f 548/622/380 554/629/386 553/627/385
f 549/628/381 555/632/387 554/629/386
f 556/630/388 555/632/387 549/628/381
o BézierCurve.019
v -0.380000 0.713124 -1.190634
v -0.380000 0.713124 -1.205634
v -0.380000 0.700133 -1.213134
v -0.380000 0.687143 -1.205634
v -0.380000 0.687143 -1.190634
v -0.380000 0.700133 -1.183134
v -0.438366 0.713124 -1.188840
v -0.439513 0.713124 -1.203796
v -0.440086 0.700133 -1.211274
v -0.439513 0.687143 -1.203796
v -0.438366 0.687143 -1.188840
v -0.437793 0.700133 -1.181362
v -0.485089 0.713124 -1.183112
v -0.488035 0.713124 -1.197820
v -0.489508 0.700133 -1.205174
v -0.488035 0.687143 -1.197820
v -0.485089 0.687143 -1.183112
v -0.483616 0.700133 -1.175758
v -0.521205 0.713124 -1.173027
v -0.526891 0.713124 -1.186907
v -0.529734 0.700133 -1.193847
v -0.526891 0.687143 -1.186907
v -0.521205 0.687143 -1.173027
v -0.518362 0.700133 -1.166087
v -0.548008 0.713124 -1.158266
v -0.557147 0.713124 -1.170160
v -0.561717 0.700133 -1.176107
v -0.557147 0.687143 -1.170160
v -0.548008 0.687143 -1.158266
v -0.543438 0.700133 -1.152319
v -0.567208 0.713124 -1.138261
v -0.579452 0.713124 -1.146926
v -0.585574 0.700133 -1.151259
v -0.579452 0.687143 -1.146926
v -0.567208 0.687143 -1.138261
v -0.561086 0.700133 -1.133928
v -0.580455 0.713124 -1.111892
v -0.594519 0.713124 -1.117108
v -0.601551 0.700133 -1.119717
v -0.594519 0.687143 -1.117108
v -0.580455 0.687143 -1.111892
v -0.573423 0.700133 -1.109284
v -0.588842 0.713124 -1.078024
v -0.603615 0.713124 -1.080623
v -0.611001 0.700133 -1.081922
v -0.603615 0.687143 -1.080623
v -0.588842 0.687143 -1.078024
v -0.581455 0.700133 -1.076725
v -0.593250 0.713124 -1.035956
v -0.608217 0.713124 -1.036953
v -0.615700 0.700133 -1.037451
v -0.608217 0.687143 -1.036953
v -0.593250 0.687143 -1.035956
v -0.585766 0.700133 -1.035457
v -0.594683 0.713124 -0.985204
v -0.609682 0.713124 -0.985363
v -0.617182 0.700133 -0.985443
v -0.609682 0.687143 -0.985363
v -0.594683 0.687143 -0.985204
v -0.587184 0.700133 -0.985124
v -0.594257 0.713124 -0.925288
v -0.609257 0.713124 -0.925114
v -0.616756 0.700133 -0.925027
v -0.609257 0.687143 -0.925114
v -0.594257 0.687143 -0.925288
v -0.586758 0.700133 -0.925375
v -0.593137 0.713124 -0.855689
v -0.608135 0.713124 -0.855508
v -0.615635 0.700133 -0.855418
v -0.608135 0.687143 -0.855508
v -0.593137 0.687143 -0.855689
v -0.585637 0.700133 -0.855779
v -0.592500 0.713124 -0.775867
v -0.607500 0.713124 -0.775867
v -0.615000 0.700133 -0.775867
v -0.607500 0.687143 -0.775867
v -0.592500 0.687143 -0.775867
v -0.585000 0.700133 -0.775867
vn 0.0151 0.8701 0.4926
vn -0.0157 0.8616 -0.5073
vn -0.0309 -0.0000 -0.9995
vn -0.0157 -0.8616 -0.5073
vn 0.0151 -0.8701 0.4926
vn 0.0307 -0.0000 0.9995
vn 0.0373 0.8723 0.4876
vn -0.0392 0.8597 -0.5093
vn -0.0767 -0.0000 -0.9971
vn -0.0392 -0.8597 -0.5093
vn 0.0373 -0.8723 0.4876
vn 0.0762 -0.0000 0.9971
vn 0.0943 0.8763 0.4724
vn -0.1021 0.8556 -0.5075
vn -0.1971 -0.0000 -0.9804
vn -0.1021 -0.8556 -0.5075
vn 0.0943 -0.8763 0.4724
vn 0.1956 -0.0000 0.9807
vn 0.1781 0.8819 0.4365
vn -0.2003 0.8501 -0.4871
vn -0.3802 -0.0000 -0.9249
vn -0.2003 -0.8501 -0.4871
vn 0.1781 -0.8819 0.4365
vn 0.3777 -0.0000 0.9259
vn 0.2812 0.8869 0.3665
vn -0.3256 0.8455 -0.4231
vn -0.6099 -0.0000 -0.7925
vn -0.3256 -0.8455 -0.4231
vn 0.2812 -0.8869 0.3665
vn 0.6086 -0.0000 0.7934
vn 0.3777 0.8867 0.2668
vn -0.4353 0.8457 -0.3086
vn -0.8158 -0.0000 -0.5783
vn -0.4353 -0.8457 -0.3086
vn 0.3777 -0.8867 0.2668
vn 0.8169 -0.0000 0.5768
vn 0.4433 0.8813 0.1637
vn -0.4927 0.8506 -0.1836
vn -0.9371 -0.0000 -0.3490
vn -0.4927 -0.8506 -0.1835
vn 0.4433 -0.8813 0.1637
vn 0.9381 -0.0000 0.3462
vn 0.4760 0.8755 0.0833
vn -0.5085 0.8564 -0.0899
vn -0.9847 -0.0000 -0.1740
vn -0.5085 -0.8564 -0.0899
vn 0.4760 -0.8755 0.0833
vn 0.9850 -0.0000 0.1724
vn 0.4898 0.8712 0.0325
vn -0.5079 0.8607 -0.0340
vn -0.9978 -0.0000 -0.0667
vn -0.5079 -0.8607 -0.0340
vn 0.4898 -0.8712 0.0325
vn 0.9978 -0.0000 0.0662
vn 0.4958 0.8684 0.0052
vn -0.5042 0.8636 -0.0054
vn -0.9999 -0.0000 -0.0107
vn -0.5042 -0.8636 -0.0054
vn 0.4958 -0.8684 0.0052
vn 0.9999 -0.0000 0.0105
vn 0.4989 0.8666 -0.0058
vn -0.5010 0.8654 0.0058
vn -0.9999 -0.0000 0.0116
vn -0.5011 -0.8654 0.0058
vn 0.4989 -0.8666 -0.0058
vn 0.9999 -0.0000 -0.0116
vn 0.5009 0.8655 -0.0060
vn -0.4990 0.8666 0.0060
vn -0.9999 -0.0000 0.0120
vn -0.4990 -0.8666 0.0060
vn 0.5009 -0.8655 -0.0060
vn 0.9999 -0.0000 -0.0120
vn 0.5019 0.8649 -0.0040
vn -0.4981 0.8671 0.0040
vn -1.0000 -0.0000 0.0080
vn -0.4981 -0.8671 0.0040
vn 0.5019 -0.8649 -0.0040
vn 1.0000 -0.0000 -0.0080
vt 0.000000 1.000000
vt 0.083333 1.000000
vt 0.083333 0.833333
vt 0.000000 0.833333
vt 0.000000 0.166667
vt 0.083333 0.166667
vt 0.083333 0.000000
vt 0.000000 0.000000
vt 0.000000 0.333333
vt 0.083333 0.333333
vt 0.000000 0.500000
vt 0.083333 0.500000
vt 0.000000 0.666667
vt 0.083333 0.666667
vt 0.166667 1.000000
vt 0.166667 0.833333
vt 0.166667 0.166667
vt 0.166667 0.000000
vt 0.166667 0.333333
vt 0.166667 0.500000
vt 0.166667 0.666667
vt 0.250000 1.000000
vt 0.250000 0.833333
vt 0.250000 0.166667
vt 0.250000 0.000000
vt 0.250000 0.333333
vt 0.250000 0.500000
vt 0.250000 0.666667
vt 0.333333 1.000000
vt 0.333333 0.833333
vt 0.333333 0.166667
vt 0.333333 0.000000
vt 0.333333 0.333333
vt 0.333333 0.500000
vt 0.333333 0.666667
vt 0.416667 1.000000
vt 0.416667 0.833333
vt 0.416667 0.166667
vt 0.416667 0.000000
vt 0.416667 0.333333
vt 0.416667 0.500000
vt 0.416667 0.666667
vt 0.500000 1.000000
vt 0.500000 0.833333
vt 0.500000 0.166667
vt 0.500000 0.000000
vt 0.500000 0.333333
vt 0.500000 0.500000
vt 0.500000 0.666667
vt 0.583333 1.000000
vt 0.583333 0.833333
vt 0.583333 0.166667
vt 0.583333 0.000000
vt 0.583333 0.333333
vt 0.583333 0.500000
vt 0.583333 0.666667
vt 0.666667 1.000000
vt 0.666667 0.833333
vt 0.666667 0.166667
vt 0.666667 0.000000
vt 0.666667 0.333333
vt 0.666667 0.500000
vt 0.666667 0.666667
vt 0.750000 1.000000
vt 0.750000 0.833333
vt 0.750000 0.166667
vt 0.750000 0.000000
vt 0.750000 0.333333
vt 0.750000 0.500000
vt 0.750000 0.666667
vt 0.833333 1.000000
vt 0.833333 0.833333
vt 0.833333 0.166667
vt 0.833333 0.000000
vt 0.833333 0.333333
vt 0.833333 0.500000
vt 0.833333 0.666667
vt 0.916667 1.000000
vt 0.916667 0.833333
vt 0.916667 0.166667
vt 0.916667 0.000000
vt 0.916667 0.333333
vt 0.916667 0.500000
vt 0.916667 0.666667
vt 1.000000 1.000000
vt 1.000000 0.833333
vt 1.000000 0.166667
vt 1.000000 0.000000
vt 1.000000 0.333333
vt 1.000000 0.500000
vt 1.000000 0.666667
s 1
f 557/633/389 563/634/395 568/635/400 562/636/394
f 558/637/390 564/638/396 563/639/395 557/640/389
f 559/641/391 565/642/397 564/638/396 558/637/390
f 560/643/392 566/644/398 565/642/397 559/641/391
f 561/645/393 567/646/399 566/644/398 560/643/392
f 562/636/394 568/635/400 567/646/399 561/645/393
f 563/634/395 569/647/401 574/648/406 568/635/400
f 564/638/396 570/649/402 569/650/401 563/639/395
f 565/642/397 571/651/403 570/649/402 564/638/396
f 566/644/398 572/652/404 571/651/403 565/642/397
f 567/646/399 573/653/405 572/652/404 566/644/398
f 568/635/400 574/648/406 573/653/405 567/646/399
f 569/647/401 575/654/407 580/655/412 574/648/406
f 570/649/402 576/656/408 575/657/407 569/650/401
f 571/651/403 577/658/409 576/656/408 570/649/402
f 572/652/404 578/659/410 577/658/409 571/651/403
f 573/653/405 579/660/411 578/659/410 572/652/404
f 574/648/406 580/655/412 579/660/411 573/653/405
f 575/654/407 581/661/413 586/662/418 580/655/412
f 576/656/408 582/663/414 581/664/413 575/657/407
f 577/658/409 583/665/415 582/663/414 576/656/408
f 578/659/410 584/666/416 583/665/415 577/658/409
f 579/660/411 585/667/417 584/666/416 578/659/410
f 580/655/412 586/662/418 585/667/417 579/660/411
f 581/661/413 587/668/419 592/669/424 586/662/418
f 582/663/414 588/670/420 587/671/419 581/664/413
f 583/665/415 589/672/421 588/670/420 582/663/414
f 584/666/416 590/673/422 589/672/421 583/665/415
f 585/667/417 591/674/423 590/673/422 584/666/416
f 586/662/418 592/669/424 591/674/423 585/667/417
f 587/668/419 593/675/425 598/676/430 592/669/424
f 588/670/420 594/677/426 593/678/425 587/671/419
f 589/672/421 595/679/427 594/677/426 588/670/420
f 590/673/422 596/680/428 595/679/427 589/672/421
f 591/674/423 597/681/429 596/680/428 590/673/422
f 592/669/424 598/676/430 597/681/429 591/674/423
f 593/675/425 599/682/431 604/683/436 598/676/430
f 594/677/426 600/684/432 599/685/431 593/678/425
f 595/679/427 601/686/433 600/684/432 594/677/426
f 596/680/428 602/687/434 601/686/433 595/679/427
f 597/681/429 603/688/435 602/687/434 596/680/428
f 598/676/430 604/683/436 603/688/435 597/681/429
f 599/682/431 605/689/437 610/690/442 604/683/436
f 600/684/432 606/691/438 605/692/437 599/685/431
f 601/686/433 607/693/439 606/691/438 600/684/432
f 602/687/434 608/694/440 607/693/439 601/686/433
f 603/688/435 609/695/441 608/694/440 602/687/434
f 604/683/436 610/690/442 609/695/441 603/688/435
f 605/689/437 611/696/443 616/697/448 610/690/442
f 606/691/438 612/698/444 611/699/443 605/692/437
f 607/693/439 613/700/445 612/698/444 606/691/438
f 608/694/440 614/701/446 613/700/445 607/693/439
f 609/695/441 615/702/447 614/701/446 608/694/440
f 610/690/442 616/697/448 615/702/447 609/695/441
f 611/696/443 617/703/449 622/704/454 616/697/448
f 612/698/444 618/705/450 617/706/449 611/699/443
f 613/700/445 619/707/451 618/705/450 612/698/444
f 614/701/446 620/708/452 619/707/451 613/700/445
f 615/702/447 621/709/453 620/708/452 614/701/446
f 616/697/448 622/704/454 621/709/453 615/702/447
f 617/703/449 623/710/455 628/711/460 622/704/454
f 618/705/450 624/712/456 623/713/455 617/706/449
f 619/707/451 625/714/457 624/712/456 618/705/450
f 620/708/452 626/715/458 625/714/457 619/707/451
f 621/709/453 627/716/459 626/715/458 620/708/452
f 622/704/454 628/711/460 627/716/459 621/709/453
f 623/710/455 629/717/461 634/718/466 628/711/460
f 624/712/456 630/719/462 629/720/461 623/713/455
f 625/714/457 631/721/463 630/719/462 624/712/456
f 626/715/458 632/722/464 631/721/463 625/714/457
f 627/716/459 633/723/465 632/722/464 626/715/458
f 628/711/460 634/718/466 633/723/465 627/716/459
o BézierCurve.019
v -0.380000 0.713124 -1.190634
v -0.380000 0.713124 -1.205634
v -0.380000 0.700133 -1.213134
v -0.380000 0.687143 -1.205634
v -0.380000 0.687143 -1.190634
v -0.380000 0.700133 -1.183134
v -0.438366 0.713124 -1.188840
v -0.439513 0.713124 -1.203796
v -0.440086 0.700133 -1.211274
v -0.439513 0.687143 -1.203796
v -0.438366 0.687143 -1.188840
v -0.437793 0.700133 -1.181362
v -0.485089 0.713124 -1.183112
v -0.488035 0.713124 -1.197820
v -0.489508 0.700133 -1.205174
v -0.488035 0.687143 -1.197820
v -0.485089 0.687143 -1.183112
v -0.483616 0.700133 -1.175758
v -0.521205 0.713124 -1.173027
v -0.526891 0.713124 -1.186907
v -0.529734 0.700133 -1.193847
v -0.526891 0.687143 -1.186907
v -0.521205 0.687143 -1.173027
v -0.518362 0.700133 -1.166087
v -0.548008 0.713124 -1.158266
v -0.557147 0.713124 -1.170160
v -0.561717 0.700133 -1.176107
v -0.557147 0.687143 -1.170160
v -0.548008 0.687143 -1.158266
v -0.543438 0.700133 -1.152319
v -0.567208 0.713124 -1.138261
v -0.579452 0.713124 -1.146926
v -0.585574 0.700133 -1.151259
v -0.579452 0.687143 -1.146926
v -0.567208 0.687143 -1.138261
v -0.561086 0.700133 -1.133928
v -0.580455 0.713124 -1.111892
v -0.594519 0.713124 -1.117108
v -0.601551 0.700133 -1.119717
v -0.594519 0.687143 -1.117108
v -0.580455 0.687143 -1.111892
v -0.573423 0.700133 -1.109284
v -0.588842 0.713124 -1.078024
v -0.603615 0.713124 -1.080623
v -0.611001 0.700133 -1.081922
v -0.603615 0.687143 -1.080623
v -0.588842 0.687143 -1.078024
v -0.581455 0.700133 -1.076725
v -0.593250 0.713124 -1.035956
v -0.608217 0.713124 -1.036953
v -0.615700 0.700133 -1.037451
v -0.608217 0.687143 -1.036953
v -0.593250 0.687143 -1.035956
v -0.585766 0.700133 -1.035457
v -0.594683 0.713124 -0.985204
v -0.609682 0.713124 -0.985363
v -0.617182 0.700133 -0.985443
v -0.609682 0.687143 -0.985363
v -0.594683 0.687143 -0.985204
v -0.587184 0.700133 -0.985124
v -0.594257 0.713124 -0.925288
v -0.609257 0.713124 -0.925114
v -0.616756 0.700133 -0.925027
v -0.609257 0.687143 -0.925114
v -0.594257 0.687143 -0.925288
v -0.586758 0.700133 -0.925375
v -0.593137 0.713124 -0.855689
v -0.608135 0.713124 -0.855508
v -0.615635 0.700133 -0.855418
v -0.608135 0.687143 -0.855508
v -0.593137 0.687143 -0.855689
v -0.585637 0.700133 -0.855779
v -0.592500 0.713124 -0.775867
v -0.607500 0.713124 -0.775867
v -0.615000 0.700133 -0.775867
v -0.607500 0.687143 -0.775867
v -0.592500 0.687143 -0.775867
v -0.585000 0.700133 -0.775867
vn 0.0151 0.8702 0.4926
vn -0.0157 0.8617 -0.5072
vn -0.0309 -0.0000 -0.9995
vn -0.0157 -0.8617 -0.5072
vn 0.0151 -0.8702 0.4926
vn 0.0306 -0.0000 0.9995
vn 0.0372 0.8723 0.4876
vn -0.0392 0.8597 -0.5093
vn -0.0767 -0.0000 -0.9971
vn -0.0392 -0.8597 -0.5093
vn 0.0372 -0.8723 0.4876
vn 0.0761 -0.0000 0.9971
vn 0.0942 0.8763 0.4724
vn -0.1020 0.8556 -0.5074
vn -0.1971 -0.0000 -0.9804
vn -0.1020 -0.8556 -0.5074
vn 0.0942 -0.8763 0.4724
vn 0.1954 -0.0000 0.9807
vn 0.1782 0.8818 0.4366
vn -0.2002 0.8501 -0.4870
vn -0.3803 -0.0000 -0.9249
vn -0.2002 -0.8501 -0.4870
vn 0.1782 -0.8818 0.4366
vn 0.3775 -0.0000 0.9260
vn 0.2814 0.8868 0.3666
vn -0.3257 0.8455 -0.4232
vn -0.6100 -0.0000 -0.7924
vn -0.3257 -0.8455 -0.4232
vn 0.2814 -0.8868 0.3666
vn 0.6087 -0.0000 0.7934
vn 0.3778 0.8866 0.2670
vn -0.4353 0.8457 -0.3087
vn -0.8157 -0.0000 -0.5785
vn -0.4353 -0.8457 -0.3087
vn 0.3778 -0.8866 0.2670
vn 0.8168 -0.0000 0.5769
vn 0.4434 0.8812 0.1637
vn -0.4926 0.8507 -0.1834
vn -0.9371 -0.0000 -0.3490
vn -0.4926 -0.8507 -0.1834
vn 0.4434 -0.8813 0.1637
vn 0.9383 -0.0000 0.3459
vn 0.4760 0.8755 0.0833
vn -0.5084 0.8565 -0.0898
vn -0.9848 -0.0000 -0.1740
vn -0.5084 -0.8565 -0.0898
vn 0.4760 -0.8755 0.0833
vn 0.9851 -0.0000 0.1722
vn 0.4898 0.8713 0.0325
vn -0.5079 0.8608 -0.0339
vn -0.9978 -0.0000 -0.0667
vn -0.5079 -0.8608 -0.0339
vn 0.4898 -0.8713 0.0325
vn 0.9978 -0.0000 0.0661
vn 0.4957 0.8685 0.0052
vn -0.5042 0.8636 -0.0054
vn -0.9999 -0.0000 -0.0107
vn -0.5042 -0.8636 -0.0054
vn 0.4957 -0.8685 0.0052
vn 0.9999 -0.0000 0.0105
vn 0.4989 0.8666 -0.0058
vn -0.5010 0.8654 0.0058
vn -0.9999 -0.0000 0.0116
vn -0.5010 -0.8654 0.0058
vn 0.4989 -0.8666 -0.0058
vn 0.9999 -0.0000 -0.0116
vn 0.5009 0.8655 -0.0060
vn -0.4990 0.8666 0.0060
vn -0.9999 -0.0000 0.0120
vn -0.4990 -0.8666 0.0060
vn 0.5009 -0.8655 -0.0060
vn 0.9999 -0.0000 -0.0120
vn 0.5019 0.8649 -0.0040
vn -0.4981 0.8671 0.0040
vn -1.0000 -0.0000 0.0080
vn -0.4981 -0.8671 0.0040
vn 0.5019 -0.8649 -0.0040
vn 1.0000 -0.0000 -0.0080
vt 0.000000 1.000000
vt 0.083333 0.833333
vt 0.000000 0.833333
vt 0.000000 0.166667
vt 0.083333 0.000000
vt 0.000000 0.000000
vt 0.000000 0.333333
vt 0.083333 0.166667
vt 0.083333 0.500000
vt 0.000000 0.500000
vt 0.083333 0.666667
vt 0.000000 0.666667
vt 0.083333 1.000000
vt 0.166667 0.833333
vt 0.166667 0.000000
vt 0.083333 0.333333
vt 0.166667 0.166667
vt 0.166667 0.500000
vt 0.166667 0.666667
vt 0.166667 1.000000
vt 0.250000 0.833333
vt 0.250000 0.000000
vt 0.166667 0.333333
vt 0.250000 0.166667
vt 0.250000 0.500000
vt 0.250000 0.666667
vt 0.250000 1.000000
vt 0.333333 0.833333
vt 0.333333 0.000000
vt 0.250000 0.333333
vt 0.333333 0.166667
vt 0.333333 0.500000
vt 0.333333 0.666667
vt 0.416667 1.000000
vt 0.333333 1.000000
vt 0.416667 0.166667
vt 0.416667 0.333333
vt 0.333333 0.333333
vt 0.416667 0.500000
vt 0.416667 0.666667
vt 0.500000 1.000000
vt 0.416667 0.833333
vt 0.500000 0.166667
vt 0.416667 0.000000
vt 0.500000 0.333333
vt 0.500000 0.500000
vt 0.500000 0.666667
vt 0.583333 1.000000
vt 0.500000 0.833333
vt 0.583333 0.166667
vt 0.500000 0.000000
vt 0.583333 0.333333
vt 0.583333 0.500000
vt 0.583333 0.666667
vt 0.666667 1.000000
vt 0.583333 0.833333
vt 0.666667 0.166667
vt 0.583333 0.000000
vt 0.666667 0.333333
vt 0.666667 0.500000
vt 0.666667 0.666667
vt 0.750000 1.000000
vt 0.666667 0.833333
vt 0.750000 0.166667
vt 0.666667 0.000000
vt 0.750000 0.333333
vt 0.750000 0.500000
vt 0.750000 0.666667
vt 0.833333 1.000000
vt 0.750000 0.833333
vt 0.833333 0.166667
vt 0.750000 0.000000
vt 0.833333 0.333333
vt 0.833333 0.500000
vt 0.833333 0.666667
vt 0.916667 1.000000
vt 0.833333 0.833333
vt 0.916667 0.166667
vt 0.833333 0.000000
vt 0.916667 0.333333
vt 0.916667 0.500000
vt 0.916667 0.666667
vt 1.000000 1.000000
vt 0.916667 0.833333
vt 1.000000 0.166667
vt 0.916667 0.000000
vt 1.000000 0.333333
vt 1.000000 0.500000
vt 1.000000 0.666667
vt 1.000000 0.833333
vt 1.000000 0.000000
s 1
f 635/724/467 646/725/478 640/726/472
f 636/727/468 641/728/473 635/729/467
f 637/730/469 642/731/474 636/727/468
f 644/732/476 637/730/469 638/733/470
f 645/734/477 638/733/470 639/735/471
f 646/725/478 639/735/471 640/726/472
f 641/736/473 652/737/484 646/725/478
f 642/731/474 647/738/479 641/728/473
f 643/739/475 648/740/480 642/731/474
f 650/741/482 643/739/475 644/732/476
f 651/742/483 644/732/476 645/734/477
f 652/737/484 645/734/477 646/725/478
f 647/743/479 658/744/490 652/737/484
f 648/740/480 653/745/485 647/738/479
f 649/746/481 654/747/486 648/740/480
f 656/748/488 649/746/481 650/741/482
f 657/749/489 650/741/482 651/742/483
f 658/744/490 651/742/483 652/737/484
f 653/750/485 664/751/496 658/744/490
f 654/747/486 659/752/491 653/745/485
f 655/753/487 660/754/492 654/747/486
f 662/755/494 655/753/487 656/748/488
f 663/756/495 656/748/488 657/749/489
f 664/751/496 657/749/489 658/744/490
f 665/757/497 664/751/496 659/758/491
f 666/759/498 659/752/491 660/754/492
f 667/760/499 660/754/492 661/761/493
f 662/755/494 667/760/499 661/761/493
f 663/756/495 668/762/500 662/755/494
f 664/751/496 669/763/501 663/756/495
f 671/764/503 670/765/502 665/757/497
f 672/766/504 665/767/497 666/759/498
f 673/768/505 666/759/498 667/760/499
f 668/762/500 673/768/505 667/760/499
f 669/763/501 674/769/506 668/762/500
f 670/765/502 675/770/507 669/763/501
f 677/771/509 676/772/508 671/764/503
f 678/773/510 671/774/503 672/766/504
f 679/775/511 672/766/504 673/768/505
f 674/769/506 679/775/511 673/768/505
f 675/770/507 680/776/512 674/769/506
f 676/772/508 681/777/513 675/770/507
f 683/778/515 682/779/514 677/771/509
f 684/780/516 677/781/509 678/773/510
f 685/782/517 678/773/510 679/775/511
f 680/776/512 685/782/517 679/775/511
f 681/777/513 686/783/518 680/776/512
f 682/779/514 687/784/519 681/777/513
f 689/785/521 688/786/520 683/778/515
f 690/787/522 683/788/515 684/780/516
f 691/789/523 684/780/516 685/782/517
f 686/783/518 691/789/523 685/782/517
f 687/784/519 692/790/524 686/783/518
f 688/786/520 693/791/525 687/784/519
f 695/792/527 694/793/526 689/785/521
f 696/794/528 689/795/521 690/787/522
f 697/796/529 690/787/522 691/789/523
f 692/790/524 697/796/529 691/789/523
f 693/791/525 698/797/530 692/790/524
f 694/793/526 699/798/531 693/791/525
f 701/799/533 700/800/532 695/792/527
f 702/801/534 695/802/527 696/794/528
f 703/803/535 696/794/528 697/796/529
f 698/797/530 703/803/535 697/796/529
f 699/798/531 704/804/536 698/797/530
f 700/800/532 705/805/537 699/798/531
f 707/806/539 706/807/538 701/799/533
f 708/808/540 701/809/533 702/801/534
f 709/810/541 702/801/534 703/803/535
f 704/804/536 709/810/541 703/803/535
f 705/805/537 710/811/542 704/804/536
f 706/807/538 711/812/543 705/805/537
f 635/724/467 641/736/473 646/725/478
f 636/727/468 642/731/474 641/728/473
f 637/730/469 643/739/475 642/731/474
f 644/732/476 643/739/475 637/730/469
f 645/734/477 644/732/476 638/733/470
f 646/725/478 645/734/477 639/735/471
f 641/736/473 647/743/479 652/737/484
f 642/731/474 648/740/480 647/738/479
f 643/739/475 649/746/481 648/740/480
f 650/741/482 649/746/481 643/739/475
f 651/742/483 650/741/482 644/732/476
f 652/737/484 651/742/483 645/734/477
f 647/743/479 653/750/485 658/744/490
f 648/740/480 654/747/486 653/745/485
f 649/746/481 655/753/487 654/747/486
f 656/748/488 655/753/487 649/746/481
f 657/749/489 656/748/488 650/741/482
f 658/744/490 657/749/489 651/742/483
f 653/750/485 659/758/491 664/751/496
f 654/747/486 660/754/492 659/752/491
f 655/753/487 661/761/493 660/754/492
f 662/755/494 661/761/493 655/753/487
f 663/756/495 662/755/494 656/748/488
f 664/751/496 663/756/495 657/749/489
f 665/757/497 670/765/502 664/751/496
f 666/759/498 665/767/497 659/752/491
f 667/760/499 666/759/498 660/754/492
f 662/755/494 668/762/500 667/760/499
f 663/756/495 669/763/501 668/762/500
f 664/751/496 670/765/502 669/763/501
f 671/764/503 676/772/508 670/765/502
f 672/766/504 671/774/503 665/767/497
f 673/768/505 672/766/504 666/759/498
f 668/762/500 674/769/506 673/768/505
f 669/763/501 675/770/507 674/769/506
f 670/765/502 676/772/508 675/770/507
f 677/771/509 682/779/514 676/772/508
f 678/773/510 677/781/509 671/774/503
f 679/775/511 678/773/510 672/766/504
f 674/769/506 680/776/512 679/775/511
f 675/770/507 681/777/513 680/776/512
f 676/772/508 682/779/514 681/777/513
f 683/778/515 688/786/520 682/779/514
f 684/780/516 683/788/515 677/781/509
f 685/782/517 684/780/516 678/773/510
f 680/776/512 686/783/518 685/782/517
f 681/777/513 687/784/519 686/783/518
f 682/779/514 688/786/520 687/784/519
f 689/785/521 694/793/526 688/786/520
f 690/787/522 689/795/521 683/788/515
f 691/789/523 690/787/522 684/780/516
f 686/783/518 692/790/524 691/789/523
f 687/784/519 693/791/525 692/790/524
f 688/786/520 694/793/526 693/791/525
f 695/792/527 700/800/532 694/793/526
f 696/794/528 695/802/527 689/795/521
f 697/796/529 696/794/528 690/787/522
f 692/790/524 698/797/530 697/796/529
f 693/791/525 699/798/531 698/797/530
f 694/793/526 700/800/532 699/798/531
f 701/799/533 706/807/538 700/800/532
f 702/801/534 701/809/533 695/802/527
f 703/803/535 702/801/534 696/794/528
f 698/797/530 704/804/536 703/803/535
f 699/798/531 705/805/537 704/804/536
f 700/800/532 706/807/538 705/805/537
f 707/806/539 712/813/544 706/807/538
f 708/808/540 707/814/539 701/809/533
f 709/810/541 708/808/540 702/801/534
f 704/804/536 710/811/542 709/810/541
f 705/805/537 711/812/543 710/811/542
f 706/807/538 712/813/544 711/812/543
o Cube.047
v -0.700000 0.000000 1.300000
v -0.700000 0.200000 1.300000
v -0.700000 0.000000 -1.500000
v -0.700000 0.200000 -1.500000
v -0.600000 0.000000 1.300000
v -0.600000 0.200000 1.300000
v -0.600000 0.000000 -1.500000
v -0.600000 0.200000 -1.500000
v 0.600000 0.000000 1.300000
v 0.600000 0.200000 1.300000
v 0.600000 0.000000 -1.500000
v 0.600000 0.200000 -1.500000
v 0.700000 0.000000 1.300000
v 0.700000 0.200000 1.300000
v 0.700000 0.000000 -1.500000
v 0.700000 0.200000 -1.500000
v -0.600000 0.000000 1.300000
v -0.600000 0.200000 1.300000
v -0.600000 0.000000 1.200000
v -0.600000 0.200000 1.200000
v 0.600000 0.000000 1.300000
v 0.600000 0.200000 1.300000
v 0.600000 0.000000 1.200000
v 0.600000 0.200000 1.200000
v -0.600000 0.000000 -1.400000
v -0.600000 0.200000 -1.400000
v -0.600000 0.000000 -1.500000
v -0.600000 0.200000 -1.500000
v 0.600000 0.000000 -1.400000
v 0.600000 0.200000 -1.400000
v 0.600000 0.000000 -1.500000
v 0.600000 0.200000 -1.500000
v -0.720000 0.180000 1.300000
v -0.720000 0.200000 1.300000
v -0.720000 0.180000 -1.500000
v -0.720000 0.200000 -1.500000
v -0.700000 0.180000 1.300000
v -0.700000 0.200000 1.300000
v -0.700000 0.180000 -1.500000
v -0.700000 0.200000 -1.500000
v -0.720000 0.000000 1.300000
v -0.720000 0.020000 1.300000
v -0.720000 0.000000 -1.500000
v -0.720000 0.020000 -1.500000
v -0.700000 0.000000 1.300000
v -0.700000 0.020000 1.300000
v -0.700000 0.000000 -1.500000
v -0.700000 0.020000 -1.500000
v 0.720000 0.180000 1.300000
v 0.720000 0.200000 1.300000
v 0.720000 0.180000 -1.500000
v 0.720000 0.200000 -1.500000
v 0.700000 0.180000 1.300000
v 0.700000 0.200000 1.300000
v 0.700000 0.180000 -1.500000
v 0.700000 0.200000 -1.500000
v 0.720000 0.000000 1.300000
v 0.720000 0.020000 1.300000
v 0.720000 0.000000 -1.500000
v 0.720000 0.020000 -1.500000
v 0.700000 0.000000 1.300000
v 0.700000 0.020000 1.300000
v 0.700000 0.000000 -1.500000
v 0.700000 0.020000 -1.500000
v 0.030000 0.000000 -1.400000
v 0.030000 2.200000 -1.400000
v 0.206140 0.000000 -1.372102
v 0.206140 2.200000 -1.372102
v 0.365038 0.000000 -1.291140
v 0.365038 2.200000 -1.291140
v 0.491140 0.000000 -1.165038
v 0.491140 2.200000 -1.165038
v 0.572102 0.000000 -1.006140
v 0.572102 2.200000 -1.006140
v 0.600000 0.000000 -0.830000
v 0.600000 2.200000 -0.830000
v 0.572102 0.000000 -0.653860
v 0.572102 2.200000 -0.653860
v 0.491140 0.000000 -0.494962
v 0.491140 2.200000 -0.494962
v 0.365038 0.000000 -0.368860
v 0.365038 2.200000 -0.368860
v 0.206140 0.000000 -0.287898
v 0.206140 2.200000 -0.287898
v 0.030000 0.000000 -0.260000
v 0.030000 2.200000 -0.260000
v -0.146140 0.000000 -0.287898
v -0.146140 2.200000 -0.287898
v -0.305038 0.000000 -0.368860
v -0.305038 2.200000 -0.368860
v -0.431140 0.000000 -0.494962
v -0.431140 2.200000 -0.494962
v -0.512102 0.000000 -0.653860
v -0.512102 2.200000 -0.653860
v -0.540000 0.000000 -0.830000
v -0.540000 2.200000 -0.830000
v -0.512102 0.000000 -1.006140
v -0.512102 2.200000 -1.006140
v -0.431140 0.000000 -1.165038
v -0.431140 2.200000 -1.165038
v -0.305038 0.000000 -1.291140
v -0.305038 2.200000 -1.291140
v -0.146140 0.000000 -1.372102
v -0.146140 2.200000 -1.372102
v 0.088713 2.800000 -1.010701
v 0.030000 2.800000 -1.020000
v 0.141679 2.800000 -0.983713
v 0.183713 2.800000 -0.941679
v 0.210701 2.800000 -0.888713
v 0.220000 2.800000 -0.830000
v 0.210701 2.800000 -0.771287
v 0.183713 2.800000 -0.718321
v 0.141679 2.800000 -0.676287
v 0.088713 2.800000 -0.649299
v 0.030000 2.800000 -0.640000
v -0.028713 2.800000 -0.649299
v -0.081679 2.800000 -0.676287
v -0.123713 2.800000 -0.718321
v -0.150701 2.800000 -0.771287
v -0.160000 2.800000 -0.830000
v -0.150701 2.800000 -0.888713
v -0.123713 2.800000 -0.941679
v -0.081679 2.800000 -0.983713
v -0.028713 2.800000 -1.010701
v 0.084020 3.400000 -0.996257
v 0.030000 3.400000 -1.004813
v 0.132753 3.400000 -0.971427
v 0.171427 3.400000 -0.932752
v 0.196257 3.400000 -0.884020
v 0.204813 3.400000 -0.830000
v 0.196257 3.400000 -0.775980
v 0.171427 3.400000 -0.727247
v 0.132753 3.400000 -0.688573
v 0.084020 3.400000 -0.663743
v 0.030000 3.400000 -0.655187
v -0.024020 3.400000 -0.663743
v -0.072752 3.400000 -0.688573
v -0.111427 3.400000 -0.727247
v -0.136257 3.400000 -0.775980
v -0.144813 3.400000 -0.830000
v -0.136257 3.400000 -0.884020
v -0.111427 3.400000 -0.932752
v -0.072752 3.400000 -0.971427
v -0.024020 3.400000 -0.996257
v -0.800000 0.430000 -1.550000
v -0.800000 0.430000 -0.450000
v -0.750251 0.420104 -1.550000
v -0.750251 0.420104 -0.450000
v -0.708076 0.391924 -1.550000
v -0.708076 0.391924 -0.450000
v -0.679896 0.349749 -1.550000
v -0.679896 0.349749 -0.450000
v -0.670000 0.300000 -1.550000
v -0.670000 0.300000 -0.450000
v -0.679896 0.250251 -1.550000
v -0.679896 0.250251 -0.450000
v -0.708076 0.208076 -1.550000
v -0.708076 0.208076 -0.450000
v -0.750251 0.179896 -1.550000
v -0.750251 0.179896 -0.450000
v -0.800000 0.170000 -1.550000
v -0.800000 0.170000 -0.450000
v -0.849749 0.179896 -1.550000
v -0.849749 0.179896 -0.450000
v -0.891924 0.208076 -1.550000
v -0.891924 0.208076 -0.450000
v -0.920104 0.250251 -1.550000
v -0.920104 0.250251 -0.450000
v -0.930000 0.300000 -1.550000
v -0.930000 0.300000 -0.450000
v -0.920104 0.349749 -1.550000
v -0.920104 0.349749 -0.450000
v -0.891924 0.391924 -1.550000
v -0.891924 0.391924 -0.450000
v -0.849749 0.420104 -1.550000
v -0.849749 0.420104 -0.450000
v -0.800000 0.440000 -1.070000
v -0.800000 0.440000 -1.100000
v -0.800000 0.440000 -1.530000
v -0.800000 0.440000 -1.500000
v -0.746424 0.429343 -1.530000
v -0.746424 0.429343 -1.500000
v -0.701005 0.398995 -1.530000
v -0.701005 0.398995 -1.500000
v -0.670657 0.353576 -1.530000
v -0.670657 0.353576 -1.500000
v -0.660000 0.300000 -1.530000
v -0.660000 0.300000 -1.500000
v -0.670657 0.246424 -1.530000
v -0.670657 0.246424 -1.500000
v -0.701005 0.201005 -1.530000
v -0.701005 0.201005 -1.500000
v -0.746424 0.170657 -1.530000
v -0.746424 0.170657 -1.500000
v -0.800000 0.160000 -1.530000
v -0.800000 0.160000 -1.500000
v -0.853576 0.170657 -1.530000
v -0.853576 0.170657 -1.500000
v -0.898995 0.201005 -1.530000
v -0.898995 0.201005 -1.500000
v -0.929343 0.246424 -1.530000
v -0.929343 0.246424 -1.500000
v -0.940000 0.300000 -1.530000
v -0.940000 0.300000 -1.500000
v -0.929343 0.353576 -1.530000
v -0.929343 0.353576 -1.500000
v -0.898995 0.398995 -1.530000
v -0.898995 0.398995 -1.500000
v -0.853576 0.429343 -1.530000
v -0.853576 0.429343 -1.500000
v -0.746424 0.429343 -1.100000
v -0.746424 0.429343 -1.070000
v -0.701005 0.398995 -1.100000
v -0.701005 0.398995 -1.070000
v -0.670657 0.353576 -1.100000
v -0.670657 0.353576 -1.070000
v -0.660000 0.300000 -1.100000
v -0.660000 0.300000 -1.070000
v -0.670657 0.246424 -1.100000
v -0.670657 0.246424 -1.070000
v -0.701005 0.201005 -1.100000
v -0.701005 0.201005 -1.070000
v -0.746424 0.170657 -1.100000
v -0.746424 0.170657 -1.070000
v -0.800000 0.160000 -1.100000
v -0.800000 0.160000 -1.070000
v -0.853576 0.170657 -1.100000
v -0.853576 0.170657 -1.070000
v -0.898995 0.201005 -1.100000
v -0.898995 0.201005 -1.070000
v -0.929343 0.246424 -1.100000
v -0.929343 0.246424 -1.070000
v -0.940000 0.300000 -1.100000
v -0.940000 0.300000 -1.070000
v -0.929343 0.353576 -1.100000
v -0.929343 0.353576 -1.070000
v -0.898995 0.398995 -1.100000
v -0.898995 0.398995 -1.070000
v -0.853576 0.429343 -1.100000
v -0.853576 0.429343 -1.070000
v -0.800000 0.440000 -0.460000
v -0.800000 0.440000 -0.490000
v -0.746424 0.429343 -0.490000
v -0.746424 0.429343 -0.460000
v -0.701005 0.398995 -0.490000
v -0.701005 0.398995 -0.460000
v -0.670657 0.353576 -0.490000
v -0.670657 0.353576 -0.460000
v -0.660000 0.300000 -0.490000
v -0.660000 0.300000 -0.460000
v -0.670657 0.246424 -0.490000
v -0.670657 0.246424 -0.460000
v -0.701005 0.201005 -0.490000
v -0.701005 0.201005 -0.460000
v -0.746424 0.170657 -0.490000
v -0.746424 0.170657 -0.460000
v -0.800000 0.160000 -0.490000
v -0.800000 0.160000 -0.460000
v -0.853576 0.170657 -0.490000
v -0.853576 0.170657 -0.460000
v -0.898995 0.201005 -0.490000
v -0.898995 0.201005 -0.460000
v -0.929343 0.246424 -0.490000
v -0.929343 0.246424 -0.460000
v -0.940000 0.300000 -0.490000
v -0.940000 0.300000 -0.460000
v -0.929343 0.353576 -0.490000
v -0.929343 0.353576 -0.460000
v -0.898995 0.398995 -0.490000
v -0.898995 0.398995 -0.460000
v -0.853576 0.429343 -0.490000
v -0.853576 0.429343 -0.460000
v -0.900000 0.370000 -1.100000
v -0.900000 0.540000 -1.100000
v -0.900000 0.370000 -1.500000
v -0.900000 0.540000 -1.500000
v -0.700000 0.370000 -1.100000
v -0.700000 0.540000 -1.100000
v -0.700000 0.370000 -1.500000
v -0.700000 0.540000 -1.500000
v -0.790000 0.479608 0.300000
v -0.730000 0.479608 0.300000
v -0.790000 0.465936 0.231267
v -0.730000 0.465936 0.231267
v -0.790000 0.427002 0.172998
v -0.730000 0.427002 0.172998
v -0.790000 0.368733 0.134064
v -0.790000 0.300000 0.120392
v -0.730000 0.300000 0.120392
v -0.790000 0.231267 0.134064
v -0.790000 0.172998 0.172998
v -0.730000 0.172998 0.172998
v -0.790000 0.134064 0.231267
v -0.730000 0.134064 0.231267
v -0.790000 0.120392 0.300000
v -0.730000 0.120392 0.300000
v -0.790000 0.134064 0.368733
v -0.730000 0.134064 0.368733
v -0.790000 0.172998 0.427002
v -0.730000 0.172998 0.427002
v -0.790000 0.231267 0.465936
v -0.789982 0.264645 0.435355
v -0.730018 0.264645 0.435355
v -0.790000 0.368733 0.465936
v -0.790000 0.427002 0.427002
v -0.730000 0.427002 0.427002
v -0.790000 0.465936 0.368733
v -0.730000 0.465936 0.368733
v -0.790000 0.500000 0.300000
v -0.790000 0.484776 0.223463
v -0.730000 0.484776 0.223463
v -0.730000 0.500000 0.300000
v -0.790000 0.441421 0.158579
v -0.730000 0.441421 0.158579
v -0.790000 0.376537 0.115224
v -0.730000 0.376537 0.115224
v -0.790000 0.300000 0.100000
v -0.730000 0.300000 0.100000
v -0.790000 0.223463 0.115224
v -0.730000 0.223463 0.115224
v -0.790000 0.158579 0.158579
v -0.730000 0.158579 0.158579
v -0.790000 0.115224 0.223463
v -0.730000 0.115224 0.223463
v -0.790000 0.100000 0.300000
v -0.730000 0.100000 0.300000
v -0.790000 0.115224 0.376537
v -0.730000 0.115224 0.376537
v -0.790000 0.158579 0.441421
v -0.730000 0.158579 0.441421
v -0.790000 0.223463 0.484776
v -0.730000 0.223463 0.484776
v -0.790000 0.300000 0.500000
v -0.730000 0.300000 0.500000
v -0.790000 0.376537 0.484776
v -0.730000 0.376537 0.484776
v -0.790000 0.441421 0.441421
v -0.730000 0.441421 0.441421
v -0.790000 0.484776 0.376537
v -0.730000 0.484776 0.376537
v -0.730000 0.368733 0.134064
v -0.730000 0.231267 0.134064
v -0.730000 0.231267 0.465936
v -0.730000 0.368733 0.465936
v -0.789982 0.350000 0.300000
v -0.730018 0.350000 0.300000
v -0.789982 0.346194 0.280866
v -0.730018 0.346194 0.280866
v -0.789982 0.335355 0.264645
v -0.730018 0.335355 0.264645
v -0.789982 0.319134 0.253806
v -0.789982 0.300000 0.250000
v -0.730018 0.300000 0.250000
v -0.789982 0.280866 0.253806
v -0.789982 0.264645 0.264645
v -0.730018 0.264645 0.264645
v -0.789982 0.253806 0.280866
v -0.730018 0.253806 0.280866
v -0.789982 0.250000 0.300000
v -0.730018 0.250000 0.300000
v -0.789982 0.253806 0.319134
v -0.730018 0.253806 0.319134
v -0.789982 0.264645 0.335355
v -0.730018 0.264645 0.335355
v -0.789982 0.335355 0.335355
v -0.730018 0.335355 0.335355
v -0.789982 0.346194 0.319134
v -0.730018 0.346194 0.319134
v -0.730018 0.319134 0.253806
v -0.730018 0.280866 0.253806
v -0.789982 0.350000 0.400000
v -0.730018 0.350000 0.400000
v -0.789982 0.346194 0.380866
v -0.730018 0.346194 0.380866
v -0.789982 0.335355 0.364645
v -0.730018 0.335355 0.364645
v -0.789982 0.264645 0.364645
v -0.730018 0.264645 0.364645
v -0.789982 0.253806 0.380866
v -0.730018 0.253806 0.380866
v -0.789982 0.250000 0.400000
v -0.730018 0.250000 0.400000
v -0.789982 0.253806 0.419134
v -0.730018 0.253806 0.419134
v -0.789982 0.335355 0.435355
v -0.730018 0.335355 0.435355
v -0.789982 0.346194 0.419134
v -0.730018 0.346194 0.419134
v -0.530000 0.526286 0.495120
v -0.580000 0.518482 0.513959
v -0.530000 0.633345 0.566655
v -0.580000 0.618926 0.581074
v -0.530000 0.704880 0.673714
v -0.580000 0.686041 0.681518
v -0.530000 0.730000 0.800000
v -0.580000 0.709608 0.800000
v -0.530000 0.704880 0.926286
v -0.580000 0.686041 0.918482
v -0.530000 0.633345 1.033345
v -0.580000 0.618926 1.018926
v -0.530000 0.526286 1.104880
v -0.580000 0.518482 1.086041
v -0.530000 0.400000 1.130000
v -0.580000 0.400000 1.109608
v -0.530000 0.273714 1.104880
v -0.580000 0.281518 1.086041
v -0.530000 0.166655 1.033345
v -0.580000 0.181074 1.018926
v -0.530000 0.095120 0.926286
v -0.580000 0.113959 0.918482
v -0.530000 0.070000 0.800000
v -0.580000 0.090392 0.800000
v -0.530000 0.095120 0.673714
v -0.580000 0.113959 0.681518
v -0.530000 0.166655 0.566655
v -0.580000 0.181074 0.581074
v -0.530000 0.273714 0.495120
v -0.580000 0.281518 0.513959
v -0.530000 0.400000 0.470000
v -0.580000 0.400000 0.490392
v 0.570000 0.553097 0.430392
v 0.520000 0.553097 0.430392
v 0.570000 0.682886 0.517114
v 0.520000 0.682886 0.517114
v 0.570000 0.769608 0.646903
v 0.520000 0.769608 0.646903
v 0.570000 0.800061 0.800000
v 0.520000 0.800061 0.800000
v 0.570000 0.769608 0.953097
v 0.520000 0.769608 0.953097
v 0.570000 0.682886 1.082886
v 0.520000 0.682886 1.082886
v 0.570000 0.553097 1.169608
v 0.520000 0.553097 1.169608
v 0.570000 0.400000 1.200061
v 0.520000 0.400000 1.200061
v 0.570000 0.246903 1.169608
v 0.520000 0.246903 1.169608
v 0.570000 0.117114 1.082886
v 0.520000 0.117114 1.082886
v 0.570000 0.030392 0.953097
v 0.520000 0.030392 0.953097
v 0.570000 -0.000061 0.800000
v 0.520000 -0.000061 0.800000
v 0.570000 0.030392 0.646903
v 0.520000 0.030392 0.646903
v 0.570000 0.117114 0.517114
v 0.520000 0.117114 0.517114
v 0.570000 0.246903 0.430392
v 0.520000 0.246903 0.430392
v 0.570000 0.400000 0.399939
v 0.520000 0.400000 0.399939
v -0.510000 0.547333 0.444307
v -0.530000 0.547333 0.444307
v -0.510000 0.672236 0.527764
v -0.530000 0.672236 0.527764
v -0.510000 0.755694 0.652667
v -0.530000 0.755694 0.652667
v -0.510000 0.785000 0.800000
v -0.530000 0.785000 0.800000
v -0.510000 0.755694 0.947333
v -0.530000 0.755694 0.947333
v -0.510000 0.672236 1.072236
v -0.530000 0.672236 1.072236
v -0.510000 0.547333 1.155694
v -0.530000 0.547333 1.155694
v -0.510000 0.400000 1.185000
v -0.530000 0.400000 1.185000
v -0.510000 0.252667 1.155694
v -0.530000 0.252667 1.155694
v -0.510000 0.127764 1.072236
v -0.530000 0.127764 1.072236
v -0.510000 0.044306 0.947333
v -0.530000 0.044306 0.947333
v -0.510000 0.015000 0.800000
v -0.530000 0.015000 0.800000
v -0.510000 0.044306 0.652667
v -0.530000 0.044306 0.652667
v -0.510000 0.127764 0.527764
v -0.530000 0.127764 0.527764
v -0.510000 0.252667 0.444307
v -0.530000 0.252667 0.444307
v -0.510000 0.400000 0.415000
v -0.530000 0.400000 0.415000
v -0.580000 0.526286 0.495120
v -0.580000 0.400000 0.470000
v -0.580000 0.400000 1.130000
v -0.580000 0.526286 1.104880
v -0.580000 0.273714 1.104880
v -0.580000 0.704880 0.926286
v -0.580000 0.730000 0.800000
v -0.580000 0.633345 0.566655
v -0.580000 0.166655 1.033345
v -0.580000 0.095120 0.926286
v -0.580000 0.070000 0.800000
v -0.580000 0.633345 1.033345
v -0.580000 0.704880 0.673714
v -0.580000 0.095120 0.673714
v -0.580000 0.166655 0.566655
v -0.580000 0.273714 0.495120
v -0.540000 0.446299 0.688226
v -0.540000 0.400000 0.679016
v -0.540000 0.400000 0.920984
v -0.540000 0.446299 0.911775
v -0.540000 0.353702 0.911775
v -0.540000 0.511775 0.846299
v -0.540000 0.520984 0.800000
v -0.540000 0.485548 0.714452
v -0.540000 0.314452 0.885548
v -0.540000 0.288226 0.846298
v -0.540000 0.279016 0.800000
v -0.540000 0.485548 0.885548
v -0.540000 0.511775 0.753702
v -0.540000 0.288226 0.753702
v -0.540000 0.314452 0.714452
v -0.540000 0.353702 0.688226
v -0.540000 0.518482 0.513959
v -0.540000 0.400000 0.490392
v -0.540000 0.400000 1.109608
v -0.540000 0.518482 1.086041
v -0.540000 0.281518 1.086041
v -0.540000 0.686041 0.918482
v -0.540000 0.709608 0.800000
v -0.540000 0.618926 0.581074
v -0.540000 0.181074 1.018926
v -0.540000 0.113959 0.918482
v -0.540000 0.090392 0.800000
v -0.540000 0.618926 1.018926
v -0.540000 0.686041 0.681518
v -0.540000 0.113959 0.681518
v -0.540000 0.181074 0.581074
v -0.540000 0.281518 0.513959
v -0.570000 0.438495 0.707065
v -0.570000 0.400000 0.699408
v -0.570000 0.400000 0.900592
v -0.570000 0.438495 0.892935
v -0.570000 0.361505 0.892935
v -0.570000 0.492935 0.838495
v -0.570000 0.500592 0.800000
v -0.570000 0.471129 0.728871
v -0.570000 0.328871 0.871129
v -0.570000 0.307065 0.838495
v -0.570000 0.299408 0.800000
v -0.570000 0.471129 0.871129
v -0.570000 0.492935 0.761505
v -0.570000 0.307065 0.761505
v -0.570000 0.328871 0.728871
v -0.570000 0.361505 0.707065
v -0.570000 0.446299 0.688226
v -0.570000 0.400000 0.679016
v -0.570000 0.400000 0.920984
v -0.570000 0.446299 0.911775
v -0.570000 0.353702 0.911775
v -0.570000 0.511775 0.846299
v -0.570000 0.520984 0.800000
v -0.570000 0.485548 0.714452
v -0.570000 0.314452 0.885548
v -0.570000 0.288226 0.846298
v -0.570000 0.279016 0.800000
v -0.570000 0.485548 0.885548
v -0.570000 0.511775 0.753702
v -0.570000 0.288226 0.753702
v -0.570000 0.314452 0.714452
v -0.570000 0.353702 0.688226
v -0.540000 0.438495 0.707065
v -0.540000 0.400000 0.699408
v -0.540000 0.400000 0.900592
v -0.540000 0.438495 0.892935
v -0.540000 0.361505 0.892935
v -0.540000 0.492935 0.838495
v -0.540000 0.500592 0.800000
v -0.540000 0.471129 0.728871
v -0.540000 0.328871 0.871129
v -0.540000 0.307065 0.838495
v -0.540000 0.299408 0.800000
v -0.540000 0.471129 0.871129
v -0.540000 0.492935 0.761505
v -0.540000 0.307065 0.761505
v -0.540000 0.328871 0.728871
v -0.540000 0.361505 0.707065
v -0.565000 0.510000 0.810000
v -0.565000 0.710000 0.810000
v -0.565000 0.510000 0.790000
v -0.565000 0.710000 0.790000
v -0.540000 0.510000 0.810000
v -0.540000 0.710000 0.810000
v -0.540000 0.510000 0.790000
v -0.540000 0.710000 0.790000
v -0.565000 0.470710 0.884853
v -0.565000 0.612132 1.026274
v -0.565000 0.484853 0.870711
v -0.565000 0.626274 1.012132
v -0.540000 0.470710 0.884853
v -0.540000 0.612132 1.026274
v -0.540000 0.484853 0.870711
v -0.540000 0.626274 1.012132
v -0.565000 0.390000 0.910000
v -0.565000 0.390000 1.110000
v -0.565000 0.410000 0.910000
v -0.565000 0.410000 1.110000
v -0.540000 0.390000 0.910000
v -0.540000 0.390000 1.110000
v -0.540000 0.410000 0.910000
v -0.540000 0.410000 1.110000
v -0.565000 0.315147 0.870710
v -0.565000 0.173726 1.012132
v -0.565000 0.329289 0.884853
v -0.565000 0.187868 1.026274
v -0.540000 0.315147 0.870710
v -0.540000 0.173726 1.012132
v -0.540000 0.329289 0.884853
v -0.540000 0.187868 1.026274
v -0.565000 0.290000 0.790000
v -0.565000 0.090000 0.790000
v -0.565000 0.290000 0.810000
v -0.565000 0.090000 0.810000
v -0.540000 0.290000 0.790000
v -0.540000 0.090000 0.790000
v -0.540000 0.290000 0.810000
v -0.540000 0.090000 0.810000
v -0.565000 0.329289 0.715147
v -0.565000 0.187868 0.573726
v -0.565000 0.315147 0.729289
v -0.565000 0.173726 0.587868
v -0.540000 0.329289 0.715147
v -0.540000 0.187868 0.573726
v -0.540000 0.315147 0.729289
v -0.540000 0.173726 0.587868
v -0.565000 0.410000 0.690000
v -0.565000 0.410000 0.490000
v -0.565000 0.390000 0.690000
v -0.565000 0.390000 0.490000
v -0.540000 0.410000 0.690000
v -0.540000 0.410000 0.490000
v -0.540000 0.390000 0.690000
v -0.540000 0.390000 0.490000
v -0.565000 0.484853 0.729290
v -0.565000 0.626274 0.587868
v -0.565000 0.470711 0.715147
v -0.565000 0.612132 0.573726
v -0.540000 0.484853 0.729290
v -0.540000 0.626274 0.587868
v -0.540000 0.470711 0.715147
v -0.540000 0.612132 0.573726
v -0.510000 0.400000 0.600000
v 0.520000 0.400000 0.600000
v -0.510000 0.323463 0.615224
v 0.520000 0.323463 0.615224
v -0.510000 0.258579 0.658579
v 0.520000 0.258579 0.658579
v -0.510000 0.215224 0.723463
v 0.520000 0.215224 0.723463
v -0.510000 0.200000 0.800000
v 0.520000 0.200000 0.800000
v -0.510000 0.215224 0.876537
v 0.520000 0.215224 0.876537
v -0.510000 0.258579 0.941421
v 0.520000 0.258579 0.941421
v -0.510000 0.323463 0.984776
v 0.520000 0.323463 0.984776
v -0.510000 0.400000 1.000000
v 0.520000 0.400000 1.000000
v -0.510000 0.476537 0.984776
v 0.520000 0.476537 0.984776
v -0.510000 0.541421 0.941421
v 0.520000 0.541421 0.941421
v -0.510000 0.584776 0.876537
v 0.520000 0.584776 0.876537
v -0.510000 0.600000 0.800000
v 0.520000 0.600000 0.800000
v -0.510000 0.584776 0.723463
v 0.520000 0.584776 0.723463
v -0.510000 0.541421 0.658579
v 0.520000 0.541421 0.658579
v -0.510000 0.476537 0.615224
v 0.520000 0.476537 0.615224
v -0.710000 0.200000 1.100000
v -0.710000 0.230000 1.100000
v -0.710000 0.200000 0.500000
v -0.710000 0.230000 0.500000
v -0.610000 0.200000 1.100000
v -0.610000 0.230000 1.100000
v -0.610000 0.200000 0.500000
v -0.610000 0.230000 0.500000
v -0.710000 0.400000 0.755529
v -0.610000 0.400000 0.755529
v -0.710000 0.377765 0.761487
v -0.610000 0.377765 0.761487
v -0.710000 0.361487 0.777765
v -0.610000 0.361487 0.777765
v -0.710000 0.355529 0.800000
v -0.610000 0.355529 0.800000
v -0.710000 0.361487 0.822235
v -0.610000 0.361487 0.822235
v -0.710000 0.377765 0.838513
v -0.610000 0.377765 0.838513
v -0.710000 0.400000 0.844471
v -0.610000 0.400000 0.844471
v -0.710000 0.422235 0.838513
v -0.610000 0.422235 0.838513
v -0.710000 0.438513 0.822235
v -0.710000 0.265000 0.985000
v -0.710000 0.444471 0.800000
v -0.610000 0.444471 0.800000
v -0.710000 0.438513 0.777765
v -0.710000 0.250000 1.045000
v -0.710000 0.422235 0.761487
v -0.610000 0.422235 0.761487
v -0.710000 0.400000 0.740000
v -0.710000 0.370000 0.748038
v -0.610000 0.370000 0.748038
v -0.610000 0.400000 0.740000
v -0.710000 0.348038 0.770000
v -0.610000 0.348038 0.770000
v -0.710000 0.340000 0.800000
v -0.610000 0.340000 0.800000
v -0.710000 0.348038 0.830000
v -0.610000 0.348038 0.830000
v -0.710000 0.370000 0.851962
v -0.610000 0.370000 0.851962
v -0.710000 0.400000 0.860000
v -0.610000 0.400000 0.860000
v -0.710000 0.430000 0.851962
v -0.610000 0.430000 0.851962
v -0.710000 0.451962 0.830000
v -0.610000 0.451961 0.830000
v -0.710000 0.460000 0.800000
v -0.610000 0.460000 0.800000
v -0.710000 0.451962 0.770000
v -0.610000 0.451961 0.770000
v -0.710000 0.430000 0.748038
v -0.610000 0.430000 0.748038
v -0.610000 0.265000 0.985000
v -0.610000 0.250000 1.045000
v -0.610000 0.410000 0.850000
v -0.610000 0.380000 0.850000
v -0.610000 0.230000 1.100000
v -0.610000 0.230000 0.960000
v -0.710000 0.410000 0.850000
v -0.710000 0.380000 0.850000
v -0.610000 0.438513 0.822235
v -0.710000 0.230000 1.100000
v -0.610000 0.438513 0.777765
v -0.710000 0.230000 0.960000
v -0.710000 0.265000 0.615000
v -0.710000 0.250000 0.555000
v -0.610000 0.265000 0.615000
v -0.610000 0.250000 0.555000
v -0.610000 0.410000 0.750000
v -0.610000 0.380000 0.750000
v -0.610000 0.230000 0.500000
v -0.610000 0.230000 0.640000
v -0.710000 0.410000 0.750000
v -0.710000 0.380000 0.750000
v -0.710000 0.230000 0.500000
v -0.710000 0.230000 0.640000
v -0.760000 0.400000 0.755529
v -0.540000 0.400000 0.755529
v -0.760000 0.377765 0.761487
v -0.540000 0.377765 0.761487
v -0.760000 0.361487 0.777765
v -0.540000 0.361487 0.777765
v -0.760000 0.355529 0.800000
v -0.540000 0.355529 0.800000
v -0.760000 0.361487 0.822235
v -0.540000 0.361487 0.822235
v -0.760000 0.377765 0.838513
v -0.540000 0.377765 0.838513
v -0.760000 0.400000 0.844471
v -0.540000 0.400000 0.844471
v -0.760000 0.422235 0.838513
v -0.540000 0.422235 0.838513
v -0.760000 0.438513 0.822235
v -0.760000 0.444471 0.800000
v -0.540000 0.444471 0.800000
v -0.760000 0.438513 0.777765
v -0.760000 0.422235 0.761487
v -0.540000 0.422235 0.761487
v -0.540000 0.438513 0.822235
v -0.540000 0.438513 0.777765
v -0.635000 0.222750 1.052750
v -0.635000 0.257250 1.052750
v -0.620061 0.222750 1.061375
v -0.620061 0.257250 1.061375
v -0.620061 0.222750 1.078625
v -0.620061 0.257250 1.078625
v -0.635000 0.222750 1.087250
v -0.635000 0.257250 1.087250
v -0.649939 0.222750 1.078625
v -0.649939 0.257250 1.078625
v -0.649939 0.222750 1.061375
v -0.649939 0.257250 1.061375
v -0.685000 0.222750 1.052750
v -0.685000 0.257250 1.052750
v -0.670061 0.222750 1.061375
v -0.670061 0.257250 1.061375
v -0.670061 0.222750 1.078625
v -0.670061 0.257250 1.078625
v -0.685000 0.222750 1.087250
v -0.685000 0.257250 1.087250
v -0.699939 0.222750 1.078625
v -0.699939 0.257250 1.078625
v -0.699939 0.222750 1.061375
v -0.699939 0.257250 1.061375
v -0.635000 0.222750 0.512750
v -0.635000 0.257250 0.512750
v -0.620061 0.222750 0.521375
v -0.620061 0.257250 0.521375
v -0.620061 0.222750 0.538625
v -0.620061 0.257250 0.538625
v -0.635000 0.222750 0.547250
v -0.635000 0.257250 0.547250
v -0.649939 0.222750 0.538625
v -0.649939 0.257250 0.538625
v -0.649939 0.222750 0.521375
v -0.649939 0.257250 0.521375
v -0.685000 0.222750 0.512750
v -0.685000 0.257250 0.512750
v -0.670061 0.222750 0.521375
v -0.670061 0.257250 0.521375
v -0.670061 0.222750 0.538625
v -0.670061 0.257250 0.538625
v -0.685000 0.222750 0.547250
v -0.685000 0.257250 0.547250
v -0.699939 0.222750 0.538625
v -0.699939 0.257250 0.538625
v -0.699939 0.222750 0.521375
v -0.699939 0.257250 0.521375
v -0.420000 0.676286 -0.354880
v -0.470000 0.668482 -0.336041
v -0.420000 0.783345 -0.283345
v -0.470000 0.768926 -0.268926
v -0.420000 0.854880 -0.176286
v -0.470000 0.836041 -0.168482
v -0.420000 0.880000 -0.050000
v -0.470000 0.859608 -0.050000
v -0.420000 0.854880 0.076286
v -0.470000 0.836041 0.068482
v -0.420000 0.783345 0.183345
v -0.470000 0.768926 0.168926
v -0.420000 0.676286 0.254880
v -0.470000 0.668482 0.236041
v -0.420000 0.550000 0.280000
v -0.470000 0.550000 0.259608
v -0.420000 0.423714 0.254880
v -0.470000 0.431518 0.236041
v -0.420000 0.316655 0.183345
v -0.470000 0.331074 0.168926
v -0.420000 0.245120 0.076286
v -0.470000 0.263959 0.068482
v -0.420000 0.220000 -0.050000
v -0.470000 0.240392 -0.050000
v -0.420000 0.245120 -0.176286
v -0.470000 0.263959 -0.168482
v -0.420000 0.316655 -0.283345
v -0.470000 0.331074 -0.268926
v -0.420000 0.423714 -0.354880
v -0.470000 0.431518 -0.336040
v -0.420000 0.550000 -0.380000
v -0.470000 0.550000 -0.359608
v 0.570000 0.703097 -0.419608
v 0.520000 0.703097 -0.419608
v 0.570000 0.832886 -0.332886
v 0.520000 0.832886 -0.332886
v 0.570000 0.919608 -0.203097
v 0.520000 0.919608 -0.203097
v 0.570000 0.950061 -0.050000
v 0.520000 0.950061 -0.050000
v 0.570000 0.919608 0.103097
v 0.520000 0.919608 0.103097
v 0.570000 0.832886 0.232886
v 0.520000 0.832886 0.232886
v 0.570000 0.703097 0.319608
v 0.520000 0.703097 0.319608
v 0.570000 0.550000 0.350061
v 0.520000 0.550000 0.350061
v 0.570000 0.396903 0.319608
v 0.520000 0.396903 0.319608
v 0.570000 0.267114 0.232886
v 0.520000 0.267114 0.232886
v 0.570000 0.180392 0.103097
v 0.520000 0.180392 0.103097
v 0.570000 0.149939 -0.050000
v 0.520000 0.149939 -0.050000
v 0.570000 0.180392 -0.203097
v 0.520000 0.180392 -0.203097
v 0.570000 0.267114 -0.332886
v 0.520000 0.267114 -0.332886
v 0.570000 0.396903 -0.419608
v 0.520000 0.396903 -0.419608
v 0.570000 0.550000 -0.450061
v 0.520000 0.550000 -0.450061
v -0.400000 0.697333 -0.405693
v -0.420000 0.697333 -0.405693
v -0.400000 0.822236 -0.322236
v -0.420000 0.822236 -0.322236
v -0.400000 0.905694 -0.197333
v -0.420000 0.905694 -0.197333
v -0.400000 0.935000 -0.050000
v -0.420000 0.935000 -0.050000
v -0.400000 0.905694 0.097333
v -0.420000 0.905694 0.097333
v -0.400000 0.822236 0.222236
v -0.420000 0.822236 0.222236
v -0.400000 0.697333 0.305694
v -0.420000 0.697333 0.305694
v -0.400000 0.550000 0.335000
v -0.420000 0.550000 0.335000
v -0.400000 0.402667 0.305694
v -0.420000 0.402667 0.305694
v -0.400000 0.277764 0.222236
v -0.420000 0.277764 0.222236
v -0.400000 0.194306 0.097333
v -0.420000 0.194306 0.097333
v -0.400000 0.165000 -0.050000
v -0.420000 0.165000 -0.050000
v -0.400000 0.194306 -0.197333
v -0.420000 0.194306 -0.197333
v -0.400000 0.277764 -0.322236
v -0.420000 0.277764 -0.322236
v -0.400000 0.402667 -0.405693
v -0.420000 0.402667 -0.405693
v -0.400000 0.550000 -0.435000
v -0.420000 0.550000 -0.435000
v -0.470000 0.676286 -0.354880
v -0.470000 0.550000 -0.380000
v -0.470000 0.550000 0.280000
v -0.470000 0.676286 0.254880
v -0.470000 0.423714 0.254880
v -0.470000 0.854880 0.076286
v -0.470000 0.880000 -0.050000
v -0.470000 0.783345 -0.283345
v -0.470000 0.316655 0.183345
v -0.470000 0.245120 0.076286
v -0.470000 0.220000 -0.050000
v -0.470000 0.783345 0.183345
v -0.470000 0.854880 -0.176286
v -0.470000 0.245120 -0.176286
v -0.470000 0.316655 -0.283345
v -0.470000 0.423714 -0.354880
v -0.430000 0.596299 -0.161774
v -0.430000 0.550000 -0.170984
v -0.430000 0.550000 0.070984
v -0.430000 0.596299 0.061775
v -0.430000 0.503702 0.061775
v -0.430000 0.661775 -0.003701
v -0.430000 0.670984 -0.050000
v -0.430000 0.635548 -0.135548
v -0.430000 0.464452 0.035548
v -0.430000 0.438226 -0.003702
v -0.430000 0.429016 -0.050000
v -0.430000 0.635548 0.035548
v -0.430000 0.661775 -0.096298
v -0.430000 0.438226 -0.096298
v -0.430000 0.464451 -0.135548
v -0.430000 0.503702 -0.161774
v -0.430000 0.668482 -0.336041
v -0.430000 0.550000 -0.359608
v -0.430000 0.550000 0.259608
v -0.430000 0.668482 0.236041
v -0.430000 0.431518 0.236041
v -0.430000 0.836041 0.068482
v -0.430000 0.859608 -0.050000
v -0.430000 0.768926 -0.268926
v -0.430000 0.331074 0.168926
v -0.430000 0.263959 0.068482
v -0.430000 0.240392 -0.050000
v -0.430000 0.768926 0.168926
v -0.430000 0.836041 -0.168482
v -0.430000 0.263959 -0.168482
v -0.430000 0.331074 -0.268926
v -0.430000 0.431518 -0.336040
v -0.460000 0.588495 -0.142935
v -0.460000 0.550000 -0.150592
v -0.460000 0.550000 0.050592
v -0.460000 0.588495 0.042935
v -0.460000 0.511505 0.042935
v -0.460000 0.642935 -0.011505
v -0.460000 0.650592 -0.050000
v -0.460000 0.621129 -0.121129
v -0.460000 0.478871 0.021129
v -0.460000 0.457065 -0.011505
v -0.460000 0.449408 -0.050000
v -0.460000 0.621129 0.021129
v -0.460000 0.642935 -0.088495
v -0.460000 0.457065 -0.088495
v -0.460000 0.478871 -0.121129
v -0.460000 0.511505 -0.142935
v -0.460000 0.596299 -0.161774
v -0.460000 0.550000 -0.170984
v -0.460000 0.550000 0.070984
v -0.460000 0.596299 0.061775
v -0.460000 0.503702 0.061775
v -0.460000 0.661775 -0.003701
v -0.460000 0.670984 -0.050000
v -0.460000 0.635548 -0.135548
v -0.460000 0.464452 0.035548
v -0.460000 0.438226 -0.003702
v -0.460000 0.429016 -0.050000
v -0.460000 0.635548 0.035548
v -0.460000 0.661775 -0.096298
v -0.460000 0.438226 -0.096298
v -0.460000 0.464451 -0.135548
v -0.460000 0.503702 -0.161774
v -0.430000 0.588495 -0.142935
v -0.430000 0.550000 -0.150592
v -0.430000 0.550000 0.050592
v -0.430000 0.588495 0.042935
v -0.430000 0.511505 0.042935
v -0.430000 0.642935 -0.011505
v -0.430000 0.650592 -0.050000
v -0.430000 0.621129 -0.121129
v -0.430000 0.478871 0.021129
v -0.430000 0.457065 -0.011505
v -0.430000 0.449408 -0.050000
v -0.430000 0.621129 0.021129
v -0.430000 0.642935 -0.088495
v -0.430000 0.457065 -0.088495
v -0.430000 0.478871 -0.121129
v -0.430000 0.511505 -0.142935
v -0.455000 0.660000 -0.040000
v -0.455000 0.860000 -0.040000
v -0.455000 0.660000 -0.060000
v -0.455000 0.860000 -0.060000
v -0.430000 0.660000 -0.040000
v -0.430000 0.860000 -0.040000
v -0.430000 0.660000 -0.060000
v -0.430000 0.860000 -0.060000
v -0.455000 0.620710 0.034853
v -0.455000 0.762132 0.176274
v -0.455000 0.634853 0.020711
v -0.455000 0.776274 0.162132
v -0.430000 0.620710 0.034853
v -0.430000 0.762132 0.176274
v -0.430000 0.634853 0.020711
v -0.430000 0.776274 0.162132
v -0.455000 0.540000 0.060000
v -0.455000 0.540000 0.260000
v -0.455000 0.560000 0.060000
v -0.455000 0.560000 0.260000
v -0.430000 0.540000 0.060000
v -0.430000 0.540000 0.260000
v -0.430000 0.560000 0.060000
v -0.430000 0.560000 0.260000
v -0.455000 0.465147 0.020711
v -0.455000 0.323726 0.162132
v -0.455000 0.479289 0.034853
v -0.455000 0.337868 0.176274
v -0.430000 0.465147 0.020711
v -0.430000 0.323726 0.162132
v -0.430000 0.479289 0.034853
v -0.430000 0.337868 0.176274
v -0.455000 0.440000 -0.060000
v -0.455000 0.240000 -0.060000
v -0.455000 0.440000 -0.040000
v -0.455000 0.240000 -0.040000
v -0.430000 0.440000 -0.060000
v -0.430000 0.240000 -0.060000
v -0.430000 0.440000 -0.040000
v -0.430000 0.240000 -0.040000
v -0.455000 0.560000 -0.160000
v -0.455000 0.560000 -0.360000
v -0.455000 0.540000 -0.160000
v -0.455000 0.540000 -0.360000
v -0.430000 0.560000 -0.160000
v -0.430000 0.560000 -0.360000
v -0.430000 0.540000 -0.160000
v -0.430000 0.540000 -0.360000
v -0.455000 0.634853 -0.120710
v -0.455000 0.776274 -0.262132
v -0.455000 0.620710 -0.134853
v -0.455000 0.762132 -0.276274
v -0.430000 0.634853 -0.120710
v -0.430000 0.776274 -0.262132
v -0.430000 0.620710 -0.134853
v -0.430000 0.762132 -0.276274
v -0.400000 0.550000 -0.240000
v 0.520000 0.550000 -0.240000
v -0.400000 0.477290 -0.225537
v 0.520000 0.477290 -0.225537
v -0.400000 0.415650 -0.184350
v 0.520000 0.415650 -0.184350
v -0.400000 0.374463 -0.122710
v 0.520000 0.374463 -0.122710
v -0.400000 0.360000 -0.050000
v 0.520000 0.360000 -0.050000
v -0.400000 0.374463 0.022710
v 0.520000 0.374463 0.022710
v -0.400000 0.415650 0.084350
v 0.520000 0.415650 0.084350
v -0.400000 0.477290 0.125537
v 0.520000 0.477290 0.125537
v -0.400000 0.550000 0.140000
v 0.520000 0.550000 0.140000
v -0.400000 0.622710 0.125537
v 0.520000 0.622710 0.125537
v -0.400000 0.684350 0.084350
v 0.520000 0.684350 0.084350
v -0.400000 0.725537 0.022710
v 0.520000 0.725537 0.022710
v -0.400000 0.740000 -0.050000
v 0.520000 0.740000 -0.050000
v -0.400000 0.725537 -0.122710
v 0.520000 0.725537 -0.122710
v -0.400000 0.684350 -0.184350
v 0.520000 0.684350 -0.184350
v -0.400000 0.622710 -0.225537
v 0.520000 0.622710 -0.225537
v -0.600000 0.550000 -0.094471
v -0.500000 0.550000 -0.094471
v -0.600000 0.527765 -0.088513
v -0.500000 0.527765 -0.088513
v -0.600000 0.511487 -0.072235
v -0.500000 0.511487 -0.072235
v -0.600000 0.505529 -0.050000
v -0.500000 0.505529 -0.050000
v -0.600000 0.511487 -0.027765
v -0.500000 0.511487 -0.027765
v -0.600000 0.527765 -0.011487
v -0.500000 0.527765 -0.011487
v -0.600000 0.550000 -0.005529
v -0.500000 0.550000 -0.005529
v -0.600000 0.572235 -0.011487
v -0.500000 0.572235 -0.011487
v -0.600000 0.588513 -0.027765
v -0.600000 0.594471 -0.050000
v -0.500000 0.594471 -0.050000
v -0.600000 0.588513 -0.072235
v -0.600000 0.572235 -0.088513
v -0.500000 0.572235 -0.088513
v -0.600000 0.550000 -0.110000
v -0.600000 0.520000 -0.101962
v -0.500000 0.520000 -0.101962
v -0.500000 0.550000 -0.110000
v -0.600000 0.498038 -0.080000
v -0.500000 0.498038 -0.080000
v -0.600000 0.490000 -0.050000
v -0.500000 0.490000 -0.050000
v -0.600000 0.498038 -0.020000
v -0.500000 0.498038 -0.020000
v -0.600000 0.520000 0.001962
v -0.500000 0.520000 0.001962
v -0.600000 0.550000 0.010000
v -0.500000 0.550000 0.010000
v -0.600000 0.580000 0.001962
v -0.500000 0.580000 0.001962
v -0.600000 0.601961 -0.020000
v -0.500000 0.601961 -0.020000
v -0.600000 0.610000 -0.050000
v -0.500000 0.610000 -0.050000
v -0.600000 0.601961 -0.080000
v -0.500000 0.601961 -0.080000
v -0.600000 0.580000 -0.101962
v -0.500000 0.580000 -0.101962
v -0.500000 0.588513 -0.027765
v -0.500000 0.588513 -0.072235
v -0.740000 0.550000 -0.094471
v -0.430000 0.550000 -0.094471
v -0.740000 0.527765 -0.088513
v -0.430000 0.527765 -0.088513
v -0.740000 0.511487 -0.072235
v -0.430000 0.511487 -0.072235
v -0.740000 0.505529 -0.050000
v -0.430000 0.505529 -0.050000
v -0.740000 0.511487 -0.027765
v -0.430000 0.511487 -0.027765
v -0.740000 0.527765 -0.011487
v -0.430000 0.527765 -0.011487
v -0.740000 0.550000 -0.005529
v -0.430000 0.550000 -0.005529
v -0.740000 0.572235 -0.011487
v -0.430000 0.572235 -0.011487
v -0.740000 0.588513 -0.027765
v -0.740000 0.594471 -0.050000
v -0.430000 0.594471 -0.050000
v -0.740000 0.588513 -0.072235
v -0.740000 0.572235 -0.088513
v -0.430000 0.572235 -0.088513
v -0.430000 0.588513 -0.027765
v -0.430000 0.588513 -0.072235
v -0.595000 0.000000 -0.600000
v -0.580000 0.550000 -0.050000
v -0.580000 0.000000 -0.500000
v -0.580000 0.000000 -0.600000
v -0.595000 0.550000 -0.050000
v -0.520000 0.550000 -0.050000
v -0.520000 0.000000 -0.500000
v -0.520000 0.000000 -0.600000
v -0.580000 -0.000000 0.400000
v -0.580000 -0.000000 0.500000
v -0.520000 -0.000000 0.500000
v -0.520000 -0.000000 0.400000
v -0.580000 0.393431 -0.106569
v -0.580000 0.393431 0.006569
v -0.580000 0.530000 -0.050000
v -0.580000 0.416863 -0.050000
v -0.520000 0.393431 0.006569
v -0.520000 0.393431 -0.106569
v -0.520000 0.530000 -0.050000
v -0.520000 0.416863 -0.050000
v -0.505000 0.550000 -0.050000
v -0.505000 0.000000 -0.600000
v -0.595000 -0.000000 0.500000
v -0.505000 -0.000000 0.500000
v -0.505000 0.014142 0.514142
v -0.505000 0.570000 -0.050000
v -0.595000 0.570000 -0.050000
v -0.595000 0.014142 0.514142
v -0.505000 0.014142 -0.614142
v -0.595000 0.014142 -0.614142
v 0.720000 0.550000 -0.350000
v 0.780000 0.550000 -0.350000
v 0.720000 0.435195 -0.327164
v 0.780000 0.435195 -0.327164
v 0.720000 0.337868 -0.262132
v 0.780000 0.337868 -0.262132
v 0.720000 0.272836 -0.164805
v 0.780000 0.272836 -0.164805
v 0.720000 0.250000 -0.050000
v 0.780000 0.250000 -0.050000
v 0.720000 0.272836 0.064805
v 0.780000 0.272836 0.064805
v 0.720000 0.337868 0.162132
v 0.780000 0.337868 0.162132
v 0.720000 0.435195 0.227164
v 0.780000 0.435195 0.227164
v 0.720000 0.550000 0.250000
v 0.780000 0.550000 0.250000
v 0.720000 0.664805 0.227164
v 0.780000 0.664805 0.227164
v 0.720000 0.762132 0.162132
v 0.780000 0.762132 0.162132
v 0.720000 0.827164 0.064805
v 0.780000 0.827164 0.064805
v 0.720000 0.850000 -0.050000
v 0.780000 0.850000 -0.050000
v 0.720000 0.827164 -0.164805
v 0.780000 0.827164 -0.164805
v 0.720000 0.762132 -0.262132
v 0.780000 0.762132 -0.262132
v 0.720000 0.664805 -0.327164
v 0.780000 0.664805 -0.327164
v -0.840000 0.270000 0.350000
v -0.840000 0.330000 0.350000
v -0.840000 0.270000 -0.450000
v -0.840000 0.330000 -0.450000
v -0.800000 0.270000 0.350000
v -0.800000 0.330000 0.350000
v -0.800000 0.270000 -0.450000
v -0.800000 0.330000 -0.450000
v -0.844000 0.264000 0.450000
v -0.844000 0.336000 0.450000
v -0.844000 0.264000 0.350000
v -0.844000 0.336000 0.350000
v -0.796000 0.264000 0.450000
v -0.796000 0.336000 0.450000
v -0.796000 0.264000 0.350000
v -0.796000 0.336000 0.350000
v -0.860000 0.300000 0.370000
v -0.770000 0.300000 0.370000
v -0.860000 0.285000 0.374019
v -0.770000 0.285000 0.374019
v -0.860000 0.274019 0.385000
v -0.770000 0.274019 0.385000
v -0.860000 0.270000 0.400000
v -0.770000 0.270000 0.400000
v -0.860000 0.274019 0.415000
v -0.770000 0.274019 0.415000
v -0.860000 0.285000 0.425981
v -0.770000 0.285000 0.425981
v -0.860000 0.300000 0.430000
v -0.770000 0.300000 0.430000
v -0.860000 0.315000 0.425981
v -0.770000 0.315000 0.425981
v -0.860000 0.325981 0.415000
v -0.770000 0.325981 0.415000
v -0.860000 0.330000 0.400000
v -0.770000 0.330000 0.400000
v -0.860000 0.325981 0.385000
v -0.770000 0.325981 0.385000
v -0.860000 0.315000 0.374019
v -0.770000 0.315000 0.374019
v -0.800000 1.550000 -1.360000
v -0.800000 2.500000 -1.360000
v -0.770000 1.550000 -1.351961
v -0.770000 2.500000 -1.351961
v -0.748038 1.550000 -1.330000
v -0.748038 2.500000 -1.330000
v -0.740000 1.550000 -1.300000
v -0.740000 2.500000 -1.300000
v -0.748038 1.550000 -1.270000
v -0.748038 2.500000 -1.270000
v -0.770000 1.550000 -1.248039
v -0.770000 2.500000 -1.248039
v -0.800000 1.550000 -1.240000
v -0.800000 2.500000 -1.240000
v -0.830000 1.550000 -1.248039
v -0.830000 2.500000 -1.248039
v -0.851962 1.550000 -1.270000
v -0.851962 2.500000 -1.270000
v -0.860000 1.550000 -1.300000
v -0.860000 2.500000 -1.300000
v -0.851962 1.550000 -1.330000
v -0.851962 2.500000 -1.330000
v -0.830000 1.550000 -1.351961
v -0.830000 2.500000 -1.351961
v 0.030000 1.200000 -1.560000
v 0.030000 2.500000 -1.560000
v 0.060000 1.200000 -1.551962
v 0.060000 2.500000 -1.551962
v 0.081962 1.200000 -1.530000
v 0.081962 2.500000 -1.530000
v 0.090000 1.200000 -1.500000
v 0.090000 2.500000 -1.500000
v 0.081962 1.200000 -1.470000
v 0.081962 2.500000 -1.470000
v 0.060000 1.200000 -1.448039
v 0.060000 2.500000 -1.448039
v 0.030000 1.200000 -1.440000
v 0.030000 2.500000 -1.440000
v -0.000000 1.200000 -1.448039
v -0.000000 2.500000 -1.448039
v -0.021962 1.200000 -1.470000
v -0.021962 2.500000 -1.470000
v -0.030000 1.200000 -1.500000
v -0.030000 2.500000 -1.500000
v -0.021962 1.200000 -1.530000
v -0.021962 2.500000 -1.530000
v -0.000000 1.200000 -1.551962
v -0.000000 2.500000 -1.551962
v 0.030000 2.148000 -1.400000
v 0.030000 2.192000 -1.400000
v 0.206140 2.148000 -1.372102
v 0.206140 2.192000 -1.372102
v 0.365038 2.148000 -1.291140
v 0.365038 2.192000 -1.291140
v 0.491140 2.148000 -1.165038
v 0.491140 2.192000 -1.165038
v 0.572102 2.148000 -1.006140
v 0.572102 2.192000 -1.006140
v 0.600000 2.148000 -0.830000
v 0.600000 2.192000 -0.830000
v 0.572102 2.148000 -0.653860
v 0.572102 2.192000 -0.653860
v 0.491140 2.148000 -0.494962
v 0.491140 2.192000 -0.494962
v 0.365038 2.148000 -0.368860
v 0.365038 2.192000 -0.368860
v 0.206140 2.148000 -0.287898
v 0.206140 2.192000 -0.287898
v 0.030000 2.148000 -0.260000
v 0.030000 2.192000 -0.260000
v -0.146140 2.148000 -0.287898
v -0.146140 2.192000 -0.287898
v -0.305038 2.148000 -0.368860
v -0.305038 2.192000 -0.368860
v -0.431140 2.148000 -0.494962
v -0.431140 2.192000 -0.494962
v -0.512102 2.148000 -0.653860
v -0.512102 2.192000 -0.653860
v -0.540000 2.148000 -0.830000
v -0.540000 2.192000 -0.830000
v -0.512102 2.148000 -1.006140
v -0.512102 2.192000 -1.006140
v -0.431140 2.148000 -1.165038
v -0.431140 2.192000 -1.165038
v -0.305038 2.148000 -1.291140
v -0.305038 2.192000 -1.291140
v -0.146140 2.148000 -1.372102
v -0.146140 2.192000 -1.372102
v 0.030000 2.148000 -1.420000
v 0.212320 2.148000 -1.391123
v 0.212320 2.192000 -1.391123
v 0.030000 2.192000 -1.420000
v 0.376793 2.148000 -1.307320
v 0.376793 2.192000 -1.307320
v 0.507320 2.148000 -1.176793
v 0.507320 2.192000 -1.176793
v 0.591123 2.148000 -1.012320
v 0.591123 2.192000 -1.012320
v 0.620000 2.148000 -0.830000
v 0.620000 2.192000 -0.830000
v 0.591123 2.148000 -0.647680
v 0.591123 2.192000 -0.647680
v 0.507320 2.148000 -0.483207
v 0.507320 2.192000 -0.483207
v 0.376793 2.148000 -0.352680
v 0.376793 2.192000 -0.352680
v 0.212320 2.148000 -0.268877
v 0.212320 2.192000 -0.268877
v 0.030000 2.148000 -0.240000
v 0.030000 2.192000 -0.240000
v -0.152320 2.148000 -0.268877
v -0.152320 2.192000 -0.268877
v -0.316793 2.148000 -0.352680
v -0.316793 2.192000 -0.352680
v -0.447320 2.148000 -0.483207
v -0.447320 2.192000 -0.483207
v -0.531123 2.148000 -0.647680
v -0.531123 2.192000 -0.647680
v -0.560000 2.148000 -0.830000
v -0.560000 2.192000 -0.830000
v -0.531123 2.148000 -1.012320
v -0.531123 2.192000 -1.012320
v -0.447320 2.148000 -1.176793
v -0.447320 2.192000 -1.176793
v -0.316793 2.148000 -1.307320
v -0.316793 2.192000 -1.307320
v -0.152320 2.148000 -1.391123
v -0.152320 2.192000 -1.391123
v 0.229722 2.850000 -0.894894
v 0.229722 2.810000 -0.894894
v 0.240000 2.810000 -0.830000
v 0.240000 2.850000 -0.830000
v -0.034893 2.850000 -1.029722
v -0.034894 2.810000 -1.029722
v 0.030000 2.810000 -1.040000
v 0.030000 2.850000 -1.040000
v -0.093435 2.850000 -0.660106
v -0.093435 2.810000 -0.660106
v -0.139894 2.810000 -0.706565
v -0.139893 2.850000 -0.706565
v 0.229722 2.810000 -0.765106
v 0.229722 2.850000 -0.765106
v -0.169722 2.810000 -0.765106
v -0.169722 2.850000 -0.765106
v 0.199894 2.810000 -0.706565
v 0.199894 2.850000 -0.706565
v -0.180000 2.810000 -0.830000
v -0.180000 2.850000 -0.830000
v 0.153435 2.810000 -0.660106
v 0.153435 2.850000 -0.660106
v 0.094894 2.810000 -1.029722
v 0.094894 2.850000 -1.029722
v -0.169722 2.810000 -0.894894
v -0.169722 2.850000 -0.894894
v 0.094894 2.810000 -0.630278
v 0.094894 2.850000 -0.630278
v 0.153435 2.810000 -0.999893
v 0.153435 2.850000 -0.999893
v -0.139894 2.810000 -0.953435
v -0.139893 2.850000 -0.953435
v 0.030000 2.810000 -0.620000
v 0.030000 2.850000 -0.620000
v 0.199894 2.810000 -0.953435
v 0.199894 2.850000 -0.953435
v -0.093435 2.810000 -0.999893
v -0.093435 2.850000 -0.999893
v -0.034894 2.810000 -0.630278
v -0.034893 2.850000 -0.630278
v -0.028713 2.850000 -1.010701
v -0.081679 2.850000 -0.983713
v -0.123713 2.850000 -0.941679
v -0.150701 2.850000 -0.888713
v -0.160000 2.850000 -0.830000
v -0.150701 2.850000 -0.771287
v -0.123713 2.850000 -0.718321
v -0.081679 2.850000 -0.676287
v -0.028713 2.850000 -0.649299
v 0.030000 2.850000 -0.640000
v 0.088713 2.850000 -0.649299
v 0.141679 2.850000 -0.676287
v 0.183713 2.850000 -0.718321
v 0.210701 2.850000 -0.771287
v 0.220000 2.850000 -0.830000
v 0.210701 2.850000 -0.888713
v 0.183713 2.850000 -0.941679
v 0.141679 2.850000 -0.983713
v 0.030000 2.850000 -1.020000
v 0.088713 2.850000 -1.010701
v -0.028713 2.810000 -1.010701
v -0.081679 2.810000 -0.983713
v -0.123713 2.810000 -0.941679
v -0.150701 2.810000 -0.888713
v -0.160000 2.810000 -0.830000
v -0.150701 2.810000 -0.771287
v -0.123713 2.810000 -0.718321
v -0.081679 2.810000 -0.676287
v -0.028713 2.810000 -0.649299
v 0.030000 2.810000 -0.640000
v 0.088713 2.810000 -0.649299
v 0.141679 2.810000 -0.676287
v 0.183713 2.810000 -0.718321
v 0.210701 2.810000 -0.771287
v 0.220000 2.810000 -0.830000
v 0.210701 2.810000 -0.888713
v 0.183713 2.810000 -0.941679
v 0.141679 2.810000 -0.983713
v 0.030000 2.810000 -1.020000
v 0.088713 2.810000 -1.010701
v 0.088713 3.400000 -1.010701
v 0.030000 3.400000 -1.020000
v 0.141679 3.400000 -0.983713
v 0.183713 3.400000 -0.941679
v 0.210701 3.400000 -0.888713
v 0.220000 3.400000 -0.830000
v 0.210701 3.400000 -0.771287
v 0.183713 3.400000 -0.718321
v 0.141679 3.400000 -0.676287
v 0.088713 3.400000 -0.649299
v 0.030000 3.400000 -0.640000
v -0.028713 3.400000 -0.649299
v -0.081679 3.400000 -0.676287
v -0.123713 3.400000 -0.718321
v -0.150701 3.400000 -0.771287
v -0.160000 3.400000 -0.830000
v -0.150701 3.400000 -0.888713
v -0.123713 3.400000 -0.941679
v -0.081679 3.400000 -0.983713
v -0.028713 3.400000 -1.010701
v 0.084020 2.800000 -0.996257
v 0.030000 2.800000 -1.004813
v 0.132753 2.800000 -0.971427
v 0.171427 2.800000 -0.932752
v 0.196257 2.800000 -0.884020
v 0.204813 2.800000 -0.830000
v 0.196257 2.800000 -0.775980
v 0.171427 2.800000 -0.727247
v 0.132753 2.800000 -0.688573
v 0.084020 2.800000 -0.663743
v 0.030000 2.800000 -0.655187
v -0.024020 2.800000 -0.663743
v -0.072752 2.800000 -0.688573
v -0.111427 2.800000 -0.727247
v -0.136257 2.800000 -0.775980
v -0.144813 2.800000 -0.830000
v -0.136257 2.800000 -0.884020
v -0.111427 2.800000 -0.932752
v -0.072752 2.800000 -0.971427
v -0.024020 2.800000 -0.996257
v -0.800000 0.800000 -1.360000
v -0.770000 0.800000 -1.351961
v -0.748038 0.800000 -1.330000
v -0.740000 0.800000 -1.300000
v -0.748038 0.800000 -1.270000
v -0.770000 0.800000 -1.248039
v -0.800000 0.800000 -1.240000
v -0.830000 0.800000 -1.248039
v -0.851962 0.800000 -1.270000
v -0.860000 0.800000 -1.300000
v -0.851962 0.800000 -1.330000
v -0.830000 0.800000 -1.351961
v -0.800000 0.540000 -1.360000
v -0.770000 0.540000 -1.351961
v -0.748039 0.540000 -1.330000
v -0.740000 0.540000 -1.300000
v -0.748039 0.540000 -1.270000
v -0.770000 0.540000 -1.248039
v -0.800000 0.540000 -1.240000
v -0.830000 0.540000 -1.248039
v -0.851962 0.540000 -1.270000
v -0.860000 0.540000 -1.300000
v -0.851962 0.540000 -1.330000
v -0.830000 0.540000 -1.351961
v -0.800000 1.050000 -1.360000
v -0.770000 1.050000 -1.351961
v -0.748038 1.050000 -1.330000
v -0.740000 1.050000 -1.300000
v -0.748038 1.050000 -1.270000
v -0.770000 1.050000 -1.248039
v -0.800000 1.050000 -1.240000
v -0.830000 1.050000 -1.248039
v -0.851962 1.050000 -1.270000
v -0.860000 1.050000 -1.300000
v -0.851962 1.050000 -1.330000
v -0.830000 1.050000 -1.351961
v -0.800000 1.000000 -1.360000
v -0.770000 1.000000 -1.351961
v -0.748039 1.000000 -1.330000
v -0.740000 1.000000 -1.300000
v -0.748039 1.000000 -1.270000
v -0.770000 1.000000 -1.248039
v -0.800000 1.000000 -1.240000
v -0.830000 1.000000 -1.248039
v -0.851962 1.000000 -1.270000
v -0.860000 1.000000 -1.300000
v -0.851962 1.000000 -1.330000
v -0.830000 1.000000 -1.351961
v -0.800000 1.350000 -1.360000
v -0.770000 1.350000 -1.351961
v -0.748038 1.350000 -1.330000
v -0.740000 1.350000 -1.300000
v -0.748038 1.350000 -1.270000
v -0.770000 1.350000 -1.248039
v -0.800000 1.350000 -1.240000
v -0.830000 1.350000 -1.248039
v -0.851962 1.350000 -1.270000
v -0.860000 1.350000 -1.300000
v -0.851962 1.350000 -1.330000
v -0.830000 1.350000 -1.351961
v -0.800000 1.250000 -1.360000
v -0.770000 1.250000 -1.351961
v -0.748039 1.250000 -1.330000
v -0.740000 1.250000 -1.300000
v -0.748039 1.250000 -1.270000
v -0.770000 1.250000 -1.248039
v -0.800000 1.250000 -1.240000
v -0.830000 1.250000 -1.248039
v -0.851962 1.250000 -1.270000
v -0.860000 1.250000 -1.300000
v -0.851962 1.250000 -1.330000
v -0.830000 1.250000 -1.351961
v -0.870000 1.370000 -1.300000
v -0.860622 1.370000 -1.335000
v -0.835000 1.370000 -1.360622
v -0.800000 1.370000 -1.370000
v -0.765000 1.370000 -1.360622
v -0.739378 1.370000 -1.335000
v -0.730000 1.370000 -1.300000
v -0.739378 1.370000 -1.265000
v -0.765000 1.370000 -1.239378
v -0.800000 1.370000 -1.230000
v -0.835000 1.370000 -1.239378
v -0.860622 1.370000 -1.265000
v -0.860622 1.350000 -1.335000
v -0.870000 1.350000 -1.300000
v -0.835000 1.350000 -1.360622
v -0.800000 1.350000 -1.370000
v -0.765000 1.350000 -1.360622
v -0.739378 1.350000 -1.335000
v -0.730000 1.350000 -1.300000
v -0.739378 1.350000 -1.265000
v -0.765000 1.350000 -1.239378
v -0.800000 1.350000 -1.230000
v -0.835000 1.350000 -1.239378
v -0.860622 1.350000 -1.265000
v -0.870000 1.550000 -1.300000
v -0.860622 1.550000 -1.335000
v -0.835000 1.550000 -1.360622
v -0.800000 1.550000 -1.370000
v -0.765000 1.550000 -1.360622
v -0.739378 1.550000 -1.335000
v -0.730000 1.550000 -1.300000
v -0.739378 1.550000 -1.265000
v -0.765000 1.550000 -1.239378
v -0.800000 1.550000 -1.230000
v -0.835000 1.550000 -1.239378
v -0.860622 1.550000 -1.265000
v -0.860622 1.530000 -1.335000
v -0.870000 1.530000 -1.300000
v -0.835000 1.530000 -1.360622
v -0.800000 1.530000 -1.370000
v -0.765000 1.530000 -1.360622
v -0.739378 1.530000 -1.335000
v -0.730000 1.530000 -1.300000
v -0.739378 1.530000 -1.265000
v -0.765000 1.530000 -1.239378
v -0.800000 1.530000 -1.230000
v -0.835000 1.530000 -1.239378
v -0.860622 1.530000 -1.265000
v -0.860000 1.370000 -1.300000
v -0.860000 1.530000 -1.300000
v -0.851961 1.370000 -1.330000
v -0.851961 1.530000 -1.330000
v -0.830000 1.370000 -1.351962
v -0.830000 1.530000 -1.351962
v -0.800000 1.370000 -1.360000
v -0.800000 1.530000 -1.360000
v -0.770000 1.370000 -1.351962
v -0.770000 1.530000 -1.351962
v -0.748039 1.370000 -1.330000
v -0.748039 1.530000 -1.330000
v -0.740000 1.370000 -1.300000
v -0.740000 1.530000 -1.300000
v -0.748039 1.370000 -1.270000
v -0.748039 1.530000 -1.270000
v -0.770000 1.370000 -1.248039
v -0.770000 1.530000 -1.248039
v -0.800000 1.370000 -1.240000
v -0.800000 1.530000 -1.240000
v -0.830000 1.370000 -1.248039
v -0.830000 1.530000 -1.248039
v -0.851961 1.370000 -1.270000
v -0.851961 1.530000 -1.270000
v -0.867410 1.420040 -1.300000
v -0.867410 1.479960 -1.300000
v -0.858379 1.479960 -1.333705
v -0.858379 1.420040 -1.333705
v -0.833705 1.479960 -1.358379
v -0.833705 1.420040 -1.358379
v -0.800000 1.479960 -1.367410
v -0.800000 1.420040 -1.367410
v -0.766295 1.479960 -1.358379
v -0.766295 1.420040 -1.358379
v -0.741621 1.479960 -1.333705
v -0.741621 1.420040 -1.333705
v -0.732590 1.479960 -1.300000
v -0.732590 1.420040 -1.300000
v -0.741621 1.479960 -1.266295
v -0.741621 1.420040 -1.266295
v -0.766295 1.479960 -1.241621
v -0.766295 1.420040 -1.241621
v -0.800000 1.479960 -1.232590
v -0.800000 1.420040 -1.232590
v -0.833705 1.479960 -1.241621
v -0.833705 1.420040 -1.241621
v -0.858379 1.479960 -1.266295
v -0.858379 1.420040 -1.266295
v -0.866690 1.450000 -1.300000
v -0.866690 1.450000 -1.180000
v -0.857755 1.483345 -1.300000
v -0.857755 1.483345 -1.180000
v -0.833345 1.507755 -1.300000
v -0.833345 1.507755 -1.180000
v -0.800000 1.516690 -1.300000
v -0.800000 1.516690 -1.180000
v -0.766655 1.507755 -1.300000
v -0.766655 1.507755 -1.180000
v -0.742245 1.483345 -1.300000
v -0.742245 1.483345 -1.180000
v -0.733310 1.450000 -1.300000
v -0.733310 1.450000 -1.180000
v -0.742245 1.416655 -1.300000
v -0.742245 1.416655 -1.180000
v -0.766655 1.392245 -1.300000
v -0.766655 1.392244 -1.180000
v -0.800000 1.383310 -1.300000
v -0.800000 1.383310 -1.180000
v -0.833345 1.392245 -1.300000
v -0.833345 1.392244 -1.180000
v -0.857755 1.416655 -1.300000
v -0.857755 1.416655 -1.180000
v -0.870000 1.295000 -1.300000
v -0.860622 1.295000 -1.335000
v -0.835000 1.295000 -1.360622
v -0.800000 1.295000 -1.370000
v -0.765000 1.295000 -1.360622
v -0.739378 1.295000 -1.335000
v -0.730000 1.295000 -1.300000
v -0.739378 1.295000 -1.265000
v -0.765000 1.295000 -1.239378
v -0.800000 1.295000 -1.230000
v -0.835000 1.295000 -1.239378
v -0.860622 1.295000 -1.265000
v -0.860622 1.275000 -1.335000
v -0.870000 1.275000 -1.300000
v -0.835000 1.275000 -1.360622
v -0.800000 1.275000 -1.370000
v -0.765000 1.275000 -1.360622
v -0.739378 1.275000 -1.335000
v -0.730000 1.275000 -1.300000
v -0.739378 1.275000 -1.265000
v -0.765000 1.275000 -1.239378
v -0.800000 1.275000 -1.230000
v -0.835000 1.275000 -1.239378
v -0.860622 1.275000 -1.265000
v -0.870000 1.325000 -1.300000
v -0.860622 1.325000 -1.335000
v -0.835000 1.325000 -1.360622
v -0.800000 1.325000 -1.370000
v -0.765000 1.325000 -1.360622
v -0.739378 1.325000 -1.335000
v -0.730000 1.325000 -1.300000
v -0.739378 1.325000 -1.265000
v -0.765000 1.325000 -1.239378
v -0.800000 1.325000 -1.230000
v -0.835000 1.325000 -1.239378
v -0.860622 1.325000 -1.265000
v -0.860622 1.305000 -1.335000
v -0.870000 1.305000 -1.300000
v -0.835000 1.305000 -1.360622
v -0.800000 1.305000 -1.370000
v -0.765000 1.305000 -1.360622
v -0.739378 1.305000 -1.335000
v -0.730000 1.305000 -1.300000
v -0.739378 1.305000 -1.265000
v -0.765000 1.305000 -1.239378
v -0.800000 1.305000 -1.230000
v -0.835000 1.305000 -1.239378
v -0.860622 1.305000 -1.265000
v -0.680000 0.200000 0.110000
v -0.680000 0.200000 0.090000
v -0.620000 0.200000 0.110000
v -0.620000 0.200000 0.090000
v -0.660000 1.180000 0.110000
v -0.680000 1.160000 0.110000
v -0.674142 1.174142 0.110000
v -0.680000 1.160000 0.090000
v -0.660000 1.180000 0.090000
v -0.674142 1.174142 0.090000
v -0.620000 1.160000 0.110000
v -0.640000 1.180000 0.110000
v -0.625858 1.174142 0.110000
v -0.640000 1.180000 0.090000
v -0.620000 1.160000 0.090000
v -0.625858 1.174142 0.090000
v -0.720000 0.550000 -0.110000
v -0.640000 0.550000 -0.110000
v -0.720000 0.520000 -0.101962
v -0.640000 0.520000 -0.101962
v -0.720000 0.498038 -0.080000
v -0.640000 0.498038 -0.080000
v -0.720000 0.490000 -0.050000
v -0.640000 0.490000 -0.050000
v -0.720000 0.498038 -0.020000
v -0.640000 0.498038 -0.020000
v -0.720000 0.520000 0.001961
v -0.640000 0.520000 0.001961
v -0.720000 0.550000 0.010000
v -0.640000 0.550000 0.010000
v -0.720000 0.580000 0.001961
v -0.640000 0.580000 0.001961
v -0.720000 0.601961 -0.020000
v -0.640000 0.601961 -0.020000
v -0.720000 0.610000 -0.050000
v -0.640000 0.610000 -0.050000
v -0.720000 0.601961 -0.080000
v -0.640000 0.601961 -0.080000
v -0.720000 0.580000 -0.101962
v -0.640000 0.580000 -0.101962
v -0.500000 2.100000 -0.765000
v -0.650000 2.100000 -0.765000
v -0.600000 0.700001 -0.765000
v -0.600000 2.200000 -0.765000
v -0.589393 0.700001 -0.760607
v -0.589393 2.200000 -0.760607
v -0.585000 0.700001 -0.750000
v -0.585000 2.200000 -0.750000
v -0.589393 0.700001 -0.739393
v -0.589393 2.200000 -0.739393
v -0.600000 0.700001 -0.735000
v -0.600000 2.200000 -0.735000
v -0.610607 0.700001 -0.739393
v -0.610607 2.200000 -0.739393
v -0.615000 0.700001 -0.750000
v -0.615000 2.200000 -0.750000
v -0.610607 0.700001 -0.760607
v -0.610607 2.200000 -0.760607
v -0.650000 2.089394 -0.760606
v -0.500000 2.089394 -0.760607
v -0.650000 2.085000 -0.750000
v -0.500000 2.085000 -0.750000
v -0.650000 2.089394 -0.739393
v -0.500000 2.089394 -0.739394
v -0.650000 2.100000 -0.735000
v -0.500000 2.100000 -0.735000
v -0.650000 2.110607 -0.739393
v -0.500000 2.110607 -0.739394
v -0.650000 2.115000 -0.750000
v -0.500000 2.115000 -0.750000
v -0.650000 2.110607 -0.760606
v -0.500000 2.110607 -0.760607
v -0.650000 2.100000 -0.760000
v -0.670000 2.100000 -0.760000
v -0.670000 2.092929 -0.757071
v -0.650000 2.092929 -0.757071
v -0.670000 2.090000 -0.750000
v -0.650000 2.090000 -0.750000
v -0.670000 2.092929 -0.742929
v -0.650000 2.092929 -0.742929
v -0.670000 2.100000 -0.740000
v -0.650000 2.100000 -0.740000
v -0.670000 2.107071 -0.742929
v -0.650000 2.107071 -0.742929
v -0.670000 2.110000 -0.750000
v -0.650000 2.110000 -0.750000
v -0.670000 2.107071 -0.757071
v -0.650000 2.107071 -0.757071
v -0.670000 2.100000 -0.780000
v -0.680000 2.100000 -0.780000
v -0.680000 2.078787 -0.771213
v -0.670000 2.078787 -0.771213
v -0.680000 2.070001 -0.750000
v -0.670000 2.070001 -0.750000
v -0.680000 2.078787 -0.728787
v -0.670000 2.078787 -0.728787
v -0.680000 2.100000 -0.720000
v -0.670000 2.100000 -0.720000
v -0.680000 2.121214 -0.728787
v -0.670000 2.121214 -0.728787
v -0.680000 2.130000 -0.750000
v -0.670000 2.130000 -0.750000
v -0.680000 2.121214 -0.771213
v -0.670000 2.121214 -0.771213
v -0.574000 2.100000 -0.767000
v -0.600000 2.121574 -0.765674
v -0.600000 2.108241 -0.775362
v -0.600000 2.091760 -0.775362
v -0.600000 2.078426 -0.765674
v -0.582000 2.100000 -0.767000
v -0.588917 2.121574 -0.761083
v -0.582067 2.108241 -0.767933
v -0.582067 2.091760 -0.767933
v -0.588917 2.078426 -0.761083
v -0.584326 2.121574 -0.750000
v -0.574638 2.108241 -0.750000
v -0.574638 2.091760 -0.750000
v -0.584326 2.078426 -0.750000
v -0.588917 2.121574 -0.738917
v -0.582067 2.108241 -0.732067
v -0.582067 2.091760 -0.732067
v -0.588917 2.078426 -0.738917
v -0.600000 2.121574 -0.734326
v -0.600000 2.108241 -0.724638
v -0.600000 2.091760 -0.724638
v -0.600000 2.078426 -0.734326
v -0.611083 2.121574 -0.738917
v -0.617933 2.108241 -0.732067
v -0.617933 2.091760 -0.732067
v -0.611083 2.078426 -0.738917
v -0.615674 2.121574 -0.750000
v -0.625362 2.108241 -0.750000
v -0.625362 2.091760 -0.750000
v -0.615674 2.078426 -0.750000
v -0.611083 2.121574 -0.761083
v -0.617933 2.108241 -0.767933
v -0.617933 2.091760 -0.767933
v -0.611083 2.078426 -0.761083
v -0.612021 2.080000 -0.762021
v -0.612021 2.072000 -0.762021
v -0.617000 2.080000 -0.750000
v -0.617000 2.072000 -0.750000
v -0.612021 2.080000 -0.737979
v -0.612021 2.072000 -0.737979
v -0.600000 2.080000 -0.733000
v -0.600000 2.072000 -0.733000
v -0.587980 2.080000 -0.737979
v -0.587980 2.072000 -0.737979
v -0.583000 2.080000 -0.750000
v -0.583000 2.072000 -0.750000
v -0.587980 2.080000 -0.762021
v -0.587980 2.072000 -0.762021
v -0.600000 2.120000 -0.767000
v -0.600000 2.128000 -0.767000
v -0.626000 2.087979 -0.762021
v -0.618000 2.087979 -0.762021
v -0.626000 2.083000 -0.750000
v -0.618000 2.083000 -0.750000
v -0.626000 2.087979 -0.737979
v -0.618000 2.087979 -0.737979
v -0.626000 2.100000 -0.733000
v -0.618000 2.100000 -0.733000
v -0.626000 2.112021 -0.737979
v -0.618000 2.112021 -0.737979
v -0.626000 2.117000 -0.750000
v -0.618000 2.117000 -0.750000
v -0.626000 2.112021 -0.762021
v -0.618000 2.112021 -0.762021
v -0.626000 2.100000 -0.767000
v -0.618000 2.100000 -0.767000
v -0.574000 2.112021 -0.762021
v -0.582000 2.112021 -0.762021
v -0.574000 2.117000 -0.750000
v -0.582000 2.117000 -0.750000
v -0.574000 2.112021 -0.737979
v -0.582000 2.112021 -0.737979
v -0.574000 2.100000 -0.733000
v -0.582000 2.100000 -0.733000
v -0.574000 2.087979 -0.737979
v -0.582000 2.087979 -0.737979
v -0.574000 2.083000 -0.750000
v -0.582000 2.083000 -0.750000
v -0.574000 2.087979 -0.762021
v -0.582000 2.087979 -0.762021
v -0.587980 2.120000 -0.762021
v -0.587980 2.128000 -0.762021
v -0.583000 2.120000 -0.750000
v -0.583000 2.128000 -0.750000
v -0.587980 2.120000 -0.737979
v -0.587980 2.128000 -0.737979
v -0.600000 2.120000 -0.733000
v -0.600000 2.128000 -0.733000
v -0.612021 2.120000 -0.737979
v -0.612021 2.128000 -0.737979
v -0.617000 2.120000 -0.750000
v -0.617000 2.128000 -0.750000
v -0.612021 2.120000 -0.762021
v -0.612021 2.128000 -0.762021
v -0.600000 2.080000 -0.767000
v -0.600000 2.072000 -0.767000
v -0.600000 2.211004 -0.771557
v -0.600000 2.222337 -0.763323
v -0.600000 2.220000 -0.770000
v -0.600000 2.300000 -0.770000
v -0.590000 2.220000 -0.767321
v -0.590000 2.300000 -0.767321
v -0.582680 2.220000 -0.760000
v -0.582680 2.300000 -0.760000
v -0.580000 2.220000 -0.750000
v -0.580000 2.300000 -0.750000
v -0.582680 2.220000 -0.740000
v -0.582680 2.300000 -0.740000
v -0.590000 2.220000 -0.732680
v -0.590000 2.300000 -0.732680
v -0.600000 2.220000 -0.730000
v -0.600000 2.300000 -0.730000
v -0.610000 2.220000 -0.732680
v -0.610000 2.300000 -0.732680
v -0.617321 2.220000 -0.740000
v -0.617321 2.300000 -0.740000
v -0.620000 2.220000 -0.750000
v -0.620000 2.300000 -0.750000
v -0.617321 2.220000 -0.760000
v -0.617321 2.300000 -0.760000
v -0.610000 2.220000 -0.767321
v -0.610000 2.300000 -0.767321
v -0.600000 2.196995 -0.771557
v -0.600000 2.185662 -0.763323
v -0.590579 2.222337 -0.759421
v -0.584757 2.211004 -0.765243
v -0.584757 2.196995 -0.765243
v -0.590579 2.185662 -0.759421
v -0.586677 2.222337 -0.750000
v -0.578443 2.211004 -0.750000
v -0.578443 2.196995 -0.750000
v -0.586677 2.185662 -0.750000
v -0.590579 2.222337 -0.740579
v -0.584757 2.211004 -0.734757
v -0.584757 2.196995 -0.734757
v -0.590579 2.185662 -0.740579
v -0.600000 2.222337 -0.736677
v -0.600000 2.211004 -0.728443
v -0.600000 2.196995 -0.728443
v -0.600000 2.185662 -0.736677
v -0.609421 2.222337 -0.740579
v -0.615243 2.211004 -0.734757
v -0.615243 2.196995 -0.734757
v -0.609421 2.185662 -0.740579
v -0.613323 2.222337 -0.750000
v -0.621557 2.211004 -0.750000
v -0.621557 2.196995 -0.750000
v -0.613323 2.185662 -0.750000
v -0.609421 2.222337 -0.759421
v -0.615243 2.211004 -0.765243
v -0.615243 2.196995 -0.765243
v -0.609421 2.185662 -0.759421
v -0.600000 2.185954 -0.768324
v -0.600000 2.195587 -0.761325
v -0.600000 2.174046 -0.768324
v -0.600000 2.164413 -0.761325
v -0.591992 2.195587 -0.758008
v -0.587043 2.185954 -0.762957
v -0.587043 2.174046 -0.762957
v -0.591992 2.164413 -0.758008
v -0.588675 2.195587 -0.750000
v -0.581676 2.185954 -0.750000
v -0.581676 2.174046 -0.750000
v -0.588675 2.164413 -0.750000
v -0.591992 2.195587 -0.741992
v -0.587043 2.185954 -0.737043
v -0.587043 2.174046 -0.737043
v -0.591992 2.164413 -0.741992
v -0.600000 2.195587 -0.738675
v -0.600000 2.185954 -0.731676
v -0.600000 2.174046 -0.731676
v -0.600000 2.164413 -0.738675
v -0.608008 2.195587 -0.741992
v -0.612957 2.185954 -0.737043
v -0.612957 2.174046 -0.737043
v -0.608008 2.164413 -0.741992
v -0.611325 2.195587 -0.750000
v -0.618324 2.185954 -0.750000
v -0.618324 2.174046 -0.750000
v -0.611325 2.164413 -0.750000
v -0.608008 2.195587 -0.758008
v -0.612957 2.185954 -0.762957
v -0.612957 2.174046 -0.762957
v -0.608008 2.164413 -0.758008
v -0.600000 2.299667 -0.756667
v -0.600000 2.320333 -0.756667
v -0.596667 2.299667 -0.755774
v -0.596667 2.320333 -0.755774
v -0.594227 2.299667 -0.753334
v -0.594227 2.320333 -0.753334
v -0.593334 2.299667 -0.750000
v -0.593334 2.320333 -0.750000
v -0.594227 2.299667 -0.746667
v -0.594227 2.320333 -0.746667
v -0.596667 2.299667 -0.744227
v -0.596667 2.320333 -0.744227
v -0.600000 2.299667 -0.743334
v -0.600000 2.320333 -0.743334
v -0.603334 2.299667 -0.744227
v -0.603334 2.320333 -0.744227
v -0.605774 2.299667 -0.746667
v -0.605774 2.320333 -0.746667
v -0.606667 2.299667 -0.750000
v -0.606667 2.320333 -0.750000
v -0.605774 2.299667 -0.753334
v -0.605774 2.320333 -0.753334
v -0.603334 2.299667 -0.755774
v -0.603334 2.320333 -0.755774
v -0.630000 2.194000 -0.740000
v -0.630000 2.214000 -0.740000
v -0.630000 2.194000 -0.760000
v -0.630000 2.214000 -0.760000
v -0.610000 2.194000 -0.740000
v -0.610000 2.214000 -0.740000
v -0.610000 2.194000 -0.760000
v -0.610000 2.214000 -0.760000
v -0.636314 2.208000 -0.742000
v -0.625000 2.219314 -0.742000
v -0.636314 2.208000 -0.758000
v -0.625000 2.219314 -0.758000
v -0.625000 2.196687 -0.742000
v -0.613687 2.208000 -0.742000
v -0.625000 2.196687 -0.758000
v -0.613687 2.208000 -0.758000
v -0.640182 2.260132 -0.756400
v -0.640182 2.260132 -0.743600
v -0.631132 2.269183 -0.743600
v -0.631132 2.269183 -0.756400
v -0.652072 2.272284 -0.754800
v -0.652072 2.272284 -0.745200
v -0.645284 2.279072 -0.745200
v -0.645284 2.279072 -0.754800
v -0.574000 0.700000 -0.767000
v -0.600000 0.721574 -0.765674
v -0.600000 0.708241 -0.775362
v -0.600000 0.691760 -0.775362
v -0.600000 0.678426 -0.765674
v -0.582000 0.700000 -0.767000
v -0.588917 0.721574 -0.761083
v -0.582067 0.708241 -0.767933
v -0.582067 0.691760 -0.767933
v -0.588917 0.678426 -0.761083
v -0.584326 0.721574 -0.750000
v -0.574638 0.708241 -0.750000
v -0.574638 0.691760 -0.750000
v -0.584326 0.678426 -0.750000
v -0.588917 0.721574 -0.738917
v -0.582067 0.708241 -0.732067
v -0.582067 0.691760 -0.732067
v -0.588917 0.678426 -0.738917
v -0.600000 0.721574 -0.734326
v -0.600000 0.708241 -0.724638
v -0.600000 0.691760 -0.724638
v -0.600000 0.678426 -0.734326
v -0.611083 0.721574 -0.738917
v -0.617933 0.708241 -0.732067
v -0.617933 0.691760 -0.732067
v -0.611083 0.678426 -0.738917
v -0.615674 0.721574 -0.750000
v -0.625362 0.708241 -0.750000
v -0.625362 0.691760 -0.750000
v -0.615674 0.678426 -0.750000
v -0.611083 0.721574 -0.761083
v -0.617933 0.708241 -0.767933
v -0.617933 0.691760 -0.767933
v -0.611083 0.678426 -0.761083
v -0.612021 0.680000 -0.762021
v -0.612021 0.672000 -0.762021
v -0.617000 0.680000 -0.750000
v -0.617000 0.672000 -0.750000
v -0.612021 0.680000 -0.737979
v -0.612021 0.672000 -0.737979
v -0.600000 0.680000 -0.733000
v -0.600000 0.672000 -0.733000
v -0.587980 0.680000 -0.737979
v -0.587980 0.672000 -0.737979
v -0.583000 0.680000 -0.750000
v -0.583000 0.672000 -0.750000
v -0.587980 0.680000 -0.762021
v -0.587980 0.672000 -0.762021
v -0.600000 0.720000 -0.767000
v -0.600000 0.728000 -0.767000
v -0.587979 0.687979 -0.776000
v -0.587980 0.687979 -0.768000
v -0.600000 0.683001 -0.776000
v -0.600001 0.683001 -0.768000
v -0.612021 0.687979 -0.776000
v -0.612021 0.687979 -0.768000
v -0.617000 0.700001 -0.776000
v -0.617001 0.700001 -0.768000
v -0.612021 0.712021 -0.776000
v -0.612021 0.712021 -0.768000
v -0.600000 0.717000 -0.776000
v -0.600001 0.717000 -0.768000
v -0.587979 0.712021 -0.776000
v -0.587980 0.712021 -0.768000
v -0.583000 0.700001 -0.776000
v -0.583001 0.700001 -0.768000
v -0.574000 0.712021 -0.762021
v -0.582000 0.712021 -0.762021
v -0.574000 0.717000 -0.750000
v -0.582000 0.717000 -0.750000
v -0.574000 0.712021 -0.737979
v -0.582000 0.712021 -0.737979
v -0.574000 0.700000 -0.733000
v -0.582000 0.700000 -0.733000
v -0.574000 0.687979 -0.737979
v -0.582000 0.687979 -0.737979
v -0.574000 0.683000 -0.750000
v -0.582000 0.683000 -0.750000
v -0.574000 0.687979 -0.762021
v -0.582000 0.687979 -0.762021
v -0.587980 0.720000 -0.762021
v -0.587980 0.728000 -0.762021
v -0.583000 0.720000 -0.750000
v -0.583000 0.728000 -0.750000
v -0.587980 0.720000 -0.737979
v -0.587980 0.728000 -0.737979
v -0.600000 0.720000 -0.733000
v -0.600000 0.728000 -0.733000
v -0.612021 0.720000 -0.737979
v -0.612021 0.728000 -0.737979
v -0.617000 0.720000 -0.750000
v -0.617000 0.728000 -0.750000
v -0.612021 0.720000 -0.762021
v -0.612021 0.728000 -0.762021
v -0.600000 0.680000 -0.767000
v -0.600000 0.672000 -0.767000
v -0.500000 0.700000 -0.765000
v -0.580000 0.700000 -0.765000
v -0.580000 0.689394 -0.760606
v -0.500000 0.689394 -0.760607
v -0.580000 0.685000 -0.750000
v -0.500000 0.685000 -0.750000
v -0.580000 0.689394 -0.739393
v -0.500000 0.689394 -0.739394
v -0.580000 0.700000 -0.735000
v -0.500000 0.700000 -0.735000
v -0.580000 0.710607 -0.739393
v -0.500000 0.710607 -0.739394
v -0.580000 0.715000 -0.750000
v -0.500000 0.715000 -0.750000
v -0.580000 0.710607 -0.760606
v -0.500000 0.710607 -0.760607
v -0.300000 1.676000 -1.390000
v -0.300000 1.724000 -1.390000
v -0.280000 1.676000 -1.384641
v -0.280000 1.724000 -1.384641
v -0.265359 1.676000 -1.370000
v -0.265359 1.724000 -1.370000
v -0.260000 1.676000 -1.350000
v -0.260000 1.724000 -1.350000
v -0.265359 1.676000 -1.330000
v -0.265359 1.724000 -1.330000
v -0.280000 1.676000 -1.315359
v -0.280000 1.724000 -1.315359
v -0.300000 1.676000 -1.310000
v -0.300000 1.724000 -1.310000
v -0.320000 1.676000 -1.315359
v -0.320000 1.724000 -1.315359
v -0.334641 1.676000 -1.330000
v -0.334641 1.724000 -1.330000
v -0.340000 1.676000 -1.350000
v -0.340000 1.724000 -1.350000
v -0.334641 1.676000 -1.370000
v -0.334641 1.724000 -1.370000
v -0.320000 1.676000 -1.384641
v -0.320000 1.724000 -1.384641
v -0.300000 2.300000 -1.390000
v -0.300000 2.348000 -1.390000
v -0.280000 2.300000 -1.384641
v -0.280000 2.348000 -1.384641
v -0.265359 2.300000 -1.370000
v -0.265359 2.348000 -1.370000
v -0.260000 2.300000 -1.350000
v -0.260000 2.348000 -1.350000
v -0.265359 2.300000 -1.330000
v -0.265359 2.348000 -1.330000
v -0.280000 2.300000 -1.315359
v -0.280000 2.348000 -1.315359
v -0.300000 2.300000 -1.310000
v -0.300000 2.348000 -1.310000
v -0.320000 2.300000 -1.315359
v -0.320000 2.348000 -1.315359
v -0.334641 2.300000 -1.330000
v -0.334641 2.348000 -1.330000
v -0.340000 2.300000 -1.350000
v -0.340000 2.348000 -1.350000
v -0.334641 2.300000 -1.370000
v -0.334641 2.348000 -1.370000
v -0.320000 2.300000 -1.384641
v -0.320000 2.348000 -1.384641
v -0.870000 1.450000 -1.190000
v -0.860622 1.485000 -1.190000
v -0.835000 1.510621 -1.190000
v -0.800000 1.520000 -1.190000
v -0.765000 1.510621 -1.190000
v -0.739378 1.485000 -1.190000
v -0.730000 1.450000 -1.190000
v -0.739378 1.415000 -1.190000
v -0.765000 1.389378 -1.190000
v -0.800000 1.380000 -1.190000
v -0.835000 1.389378 -1.190000
v -0.860622 1.414999 -1.190000
v -0.860622 1.485000 -1.210000
v -0.870000 1.450000 -1.210000
v -0.835000 1.510621 -1.210000
v -0.800000 1.520000 -1.210000
v -0.765000 1.510621 -1.210000
v -0.739378 1.485000 -1.210000
v -0.730000 1.450000 -1.210000
v -0.739378 1.415000 -1.210000
v -0.765000 1.389378 -1.210000
v -0.800000 1.380000 -1.210000
v -0.835000 1.389378 -1.210000
v -0.860622 1.414999 -1.210000
v -0.870000 1.450000 -1.160000
v -0.860622 1.485000 -1.160000
v -0.835000 1.510621 -1.160000
v -0.800000 1.520000 -1.160000
v -0.765000 1.510621 -1.160000
v -0.739378 1.485000 -1.160000
v -0.730000 1.450000 -1.160000
v -0.739378 1.415000 -1.160000
v -0.765000 1.389378 -1.160000
v -0.800000 1.380000 -1.160000
v -0.835000 1.389378 -1.160000
v -0.860622 1.414999 -1.160000
v -0.860622 1.485000 -1.180000
v -0.870000 1.450000 -1.180000
v -0.835000 1.510621 -1.180000
v -0.800000 1.520000 -1.180000
v -0.765000 1.510621 -1.180000
v -0.739378 1.485000 -1.180000
v -0.730000 1.450000 -1.180000
v -0.739378 1.415000 -1.180000
v -0.765000 1.389378 -1.180000
v -0.800000 1.380000 -1.180000
v -0.835000 1.389378 -1.180000
v -0.860622 1.414999 -1.180000
v -0.816806 1.450000 -1.160000
v -0.814005 1.450000 -1.090000
v -0.814554 1.458402 -1.160000
v -0.812129 1.457002 -1.090000
v -0.808403 1.464554 -1.160000
v -0.807002 1.462128 -1.090000
v -0.800000 1.466805 -1.160000
v -0.800000 1.464005 -1.090000
v -0.791597 1.464554 -1.160000
v -0.792998 1.462128 -1.090000
v -0.785446 1.458402 -1.160000
v -0.787871 1.457002 -1.090000
v -0.783194 1.450000 -1.160000
v -0.785995 1.450000 -1.090000
v -0.785446 1.441597 -1.160000
v -0.787871 1.442997 -1.090000
v -0.791597 1.435445 -1.160000
v -0.792998 1.437871 -1.090000
v -0.800000 1.433194 -1.160000
v -0.800000 1.435995 -1.090000
v -0.808403 1.435445 -1.160000
v -0.807002 1.437871 -1.090000
v -0.814554 1.441597 -1.160000
v -0.812129 1.442997 -1.090000
v -0.809800 1.450000 -1.060000
v -0.808487 1.454900 -1.060000
v -0.804900 1.458487 -1.060000
v -0.800000 1.459800 -1.060000
v -0.795100 1.458487 -1.060000
v -0.791513 1.454900 -1.060000
v -0.790200 1.450000 -1.060000
v -0.791513 1.445100 -1.060000
v -0.795100 1.441513 -1.060000
v -0.800000 1.440200 -1.060000
v -0.804900 1.441513 -1.060000
v -0.808487 1.445100 -1.060000
v -0.808487 1.454900 -1.090000
v -0.809800 1.450000 -1.090000
v -0.804900 1.458487 -1.090000
v -0.800000 1.459800 -1.090000
v -0.795100 1.458487 -1.090000
v -0.791513 1.454900 -1.090000
v -0.790200 1.450000 -1.090000
v -0.791513 1.445100 -1.090000
v -0.795100 1.441513 -1.090000
v -0.800000 1.440200 -1.090000
v -0.804900 1.441513 -1.090000
v -0.808487 1.445100 -1.090000
v -0.800000 1.505112 -1.057325
v -0.800000 1.507613 -1.059754
v -0.800000 1.507613 -1.050247
v -0.800000 1.505112 -1.052676
v -0.777952 1.503227 -1.059754
v -0.778910 1.500916 -1.057325
v -0.778910 1.500916 -1.052676
v -0.777952 1.503227 -1.050247
v -0.759261 1.490738 -1.059754
v -0.761030 1.488970 -1.057325
v -0.761030 1.488970 -1.052676
v -0.759261 1.490738 -1.050247
v -0.746772 1.472047 -1.059754
v -0.749083 1.471090 -1.057325
v -0.749083 1.471090 -1.052676
v -0.746772 1.472047 -1.050247
v -0.742387 1.450000 -1.059754
v -0.744888 1.450000 -1.057325
v -0.744888 1.450000 -1.052676
v -0.742387 1.450000 -1.050247
v -0.746772 1.427952 -1.059754
v -0.749083 1.428909 -1.057325
v -0.749083 1.428909 -1.052676
v -0.746772 1.427952 -1.050247
v -0.759261 1.409261 -1.059754
v -0.761030 1.411029 -1.057325
v -0.761030 1.411029 -1.052676
v -0.759261 1.409261 -1.050247
v -0.777952 1.396772 -1.059754
v -0.778910 1.399083 -1.057325
v -0.778910 1.399083 -1.052676
v -0.777952 1.396772 -1.050247
v -0.800000 1.392386 -1.059754
v -0.800000 1.394888 -1.057325
v -0.800000 1.394888 -1.052676
v -0.800000 1.392386 -1.050247
v -0.822048 1.396772 -1.059754
v -0.821090 1.399083 -1.057325
v -0.821090 1.399083 -1.052676
v -0.822048 1.396772 -1.050247
v -0.840739 1.409261 -1.059754
v -0.838970 1.411029 -1.057325
v -0.838970 1.411029 -1.052676
v -0.840739 1.409261 -1.050247
v -0.853228 1.427952 -1.059754
v -0.850917 1.428909 -1.057325
v -0.850917 1.428909 -1.052676
v -0.853228 1.427952 -1.050247
v -0.857613 1.450000 -1.059754
v -0.855112 1.450000 -1.057325
v -0.855112 1.450000 -1.052676
v -0.857613 1.450000 -1.050247
v -0.853228 1.472047 -1.059754
v -0.850917 1.471090 -1.057325
v -0.850917 1.471090 -1.052676
v -0.853228 1.472047 -1.050247
v -0.840739 1.490738 -1.059754
v -0.838970 1.488970 -1.057325
v -0.838970 1.488970 -1.052676
v -0.840739 1.490738 -1.050247
v -0.822048 1.503227 -1.059754
v -0.821090 1.500916 -1.057325
v -0.821090 1.500916 -1.052676
v -0.822048 1.503227 -1.050247
v -0.800000 1.512294 -1.059727
v -0.800000 1.514742 -1.057297
v -0.775224 1.509814 -1.057297
v -0.776161 1.507552 -1.059727
v -0.776161 1.507552 -1.050273
v -0.775224 1.509814 -1.052703
v -0.800000 1.514742 -1.052703
v -0.800000 1.512294 -1.050273
v -0.754220 1.495780 -1.057297
v -0.755951 1.494048 -1.059727
v -0.755951 1.494048 -1.050273
v -0.754220 1.495780 -1.052703
v -0.740185 1.474776 -1.057297
v -0.742447 1.473839 -1.059727
v -0.742447 1.473839 -1.050273
v -0.740185 1.474776 -1.052703
v -0.735257 1.450000 -1.057297
v -0.737705 1.450000 -1.059727
v -0.737705 1.450000 -1.050273
v -0.735257 1.450000 -1.052703
v -0.740185 1.425224 -1.057297
v -0.742447 1.426161 -1.059727
v -0.742447 1.426161 -1.050273
v -0.740185 1.425224 -1.052703
v -0.754220 1.404220 -1.057297
v -0.755951 1.405951 -1.059727
v -0.755951 1.405951 -1.050273
v -0.754220 1.404220 -1.052703
v -0.775224 1.390185 -1.057297
v -0.776161 1.392447 -1.059727
v -0.776161 1.392447 -1.050273
v -0.775224 1.390185 -1.052703
v -0.800000 1.385257 -1.057297
v -0.800000 1.387705 -1.059727
v -0.800000 1.387705 -1.050273
v -0.800000 1.385257 -1.052703
v -0.824776 1.390185 -1.057297
v -0.823839 1.392447 -1.059727
v -0.823839 1.392447 -1.050273
v -0.824776 1.390185 -1.052703
v -0.845780 1.404220 -1.057297
v -0.844049 1.405951 -1.059727
v -0.844049 1.405951 -1.050273
v -0.845780 1.404220 -1.052703
v -0.859815 1.425224 -1.057297
v -0.857553 1.426161 -1.059727
v -0.857553 1.426161 -1.050273
v -0.859815 1.425224 -1.052703
v -0.864743 1.450000 -1.057297
v -0.862295 1.450000 -1.059727
v -0.862295 1.450000 -1.050273
v -0.864743 1.450000 -1.052703
v -0.859815 1.474776 -1.057297
v -0.857553 1.473839 -1.059727
v -0.857553 1.473839 -1.050273
v -0.859815 1.474776 -1.052703
v -0.845780 1.495780 -1.057297
v -0.844049 1.494048 -1.059727
v -0.844049 1.494048 -1.050273
v -0.845780 1.495780 -1.052703
v -0.824776 1.509814 -1.057297
v -0.823839 1.507552 -1.059727
v -0.823839 1.507552 -1.050273
v -0.824776 1.509814 -1.052703
v -0.800000 1.462000 -1.061000
v -0.800000 1.462000 -1.049000
v -0.791515 1.458485 -1.061000
v -0.791515 1.458485 -1.049000
v -0.788000 1.450000 -1.061000
v -0.788000 1.450000 -1.049000
v -0.791515 1.441514 -1.061000
v -0.791515 1.441514 -1.049000
v -0.800000 1.438000 -1.061000
v -0.800000 1.438000 -1.049000
v -0.808485 1.441514 -1.061000
v -0.808485 1.441514 -1.049000
v -0.812000 1.450000 -1.061000
v -0.812000 1.450000 -1.049000
v -0.808485 1.458485 -1.061000
v -0.808485 1.458485 -1.049000
v -0.803200 1.390000 -1.051800
v -0.803200 1.510000 -1.051800
v -0.803200 1.390000 -1.058200
v -0.803200 1.510000 -1.058200
v -0.796800 1.390000 -1.051800
v -0.796800 1.510000 -1.051800
v -0.796800 1.390000 -1.058200
v -0.796800 1.510000 -1.058200
v -0.749638 1.417228 -1.058200
v -0.853561 1.477228 -1.058200
v -0.749638 1.417228 -1.051800
v -0.853561 1.477228 -1.051800
v -0.746438 1.422771 -1.058200
v -0.850361 1.482771 -1.058200
v -0.746438 1.422771 -1.051800
v -0.850361 1.482771 -1.051800
v -0.746438 1.477228 -1.051800
v -0.850361 1.417228 -1.051800
v -0.746438 1.477228 -1.058200
v -0.850361 1.417228 -1.058200
v -0.749638 1.482771 -1.051800
v -0.853562 1.422771 -1.051800
v -0.749638 1.482771 -1.058200
v -0.853562 1.422771 -1.058200
v -0.810000 1.445000 -1.090000
v -0.810000 1.455000 -1.090000
v -0.830000 1.445000 -1.160000
v -0.830000 1.455000 -1.160000
v -0.790000 1.445000 -1.090000
v -0.790000 1.455000 -1.090000
v -0.770000 1.445000 -1.160000
v -0.770000 1.455000 -1.160000
v -0.805000 1.460000 -1.090000
v -0.795000 1.460000 -1.090000
v -0.805000 1.480000 -1.160000
v -0.795000 1.480000 -1.160000
v -0.805000 1.440000 -1.090000
v -0.795000 1.440000 -1.090000
v -0.805000 1.420000 -1.160000
v -0.795000 1.420000 -1.160000
v 0.700000 0.200000 1.100000
v 0.700000 0.230000 1.100000
v 0.700000 0.200000 0.500000
v 0.700000 0.230000 0.500000
v 0.600000 0.200000 1.100000
v 0.600000 0.230000 1.100000
v 0.600000 0.200000 0.500000
v 0.600000 0.230000 0.500000
v 0.700000 0.400000 0.755529
v 0.600000 0.400000 0.755529
v 0.700000 0.377765 0.761487
v 0.600000 0.377765 0.761487
v 0.700000 0.361487 0.777765
v 0.600000 0.361487 0.777765
v 0.700000 0.355529 0.800000
v 0.600000 0.355529 0.800000
v 0.700000 0.361487 0.822235
v 0.600000 0.361487 0.822235
v 0.700000 0.377765 0.838513
v 0.600000 0.377765 0.838513
v 0.700000 0.400000 0.844471
v 0.600000 0.400000 0.844471
v 0.700000 0.422235 0.838513
v 0.600000 0.422235 0.838513
v 0.700000 0.438513 0.822235
v 0.700000 0.265000 0.985000
v 0.700000 0.444471 0.800000
v 0.600000 0.444471 0.800000
v 0.700000 0.438513 0.777765
v 0.700000 0.250000 1.045000
v 0.700000 0.422235 0.761487
v 0.600000 0.422235 0.761487
v 0.700000 0.400000 0.740000
v 0.700000 0.370000 0.748038
v 0.600000 0.370000 0.748038
v 0.600000 0.400000 0.740000
v 0.700000 0.348038 0.770000
v 0.600000 0.348038 0.770000
v 0.700000 0.340000 0.800000
v 0.600000 0.340000 0.800000
v 0.700000 0.348038 0.830000
v 0.600000 0.348038 0.830000
v 0.700000 0.370000 0.851962
v 0.600000 0.370000 0.851962
v 0.700000 0.400000 0.860000
v 0.600000 0.400000 0.860000
v 0.700000 0.430000 0.851962
v 0.600000 0.430000 0.851962
v 0.700000 0.451962 0.830000
v 0.600000 0.451961 0.830000
v 0.700000 0.460000 0.800000
v 0.600000 0.460000 0.800000
v 0.700000 0.451962 0.770000
v 0.600000 0.451961 0.770000
v 0.700000 0.430000 0.748038
v 0.600000 0.430000 0.748038
v 0.600000 0.265000 0.985000
v 0.600000 0.250000 1.045000
v 0.600000 0.410000 0.850000
v 0.600000 0.380000 0.850000
v 0.600000 0.230000 1.100000
v 0.600000 0.230000 0.960000
v 0.700000 0.410000 0.850000
v 0.700000 0.380000 0.850000
v 0.600000 0.438513 0.822235
v 0.700000 0.230000 1.100000
v 0.600000 0.438513 0.777765
v 0.700000 0.230000 0.960000
v 0.700000 0.265000 0.615000
v 0.700000 0.250000 0.555000
v 0.600000 0.265000 0.615000
v 0.600000 0.250000 0.555000
v 0.600000 0.410000 0.750000
v 0.600000 0.380000 0.750000
v 0.600000 0.230000 0.500000
v 0.600000 0.230000 0.640000
v 0.700000 0.410000 0.750000
v 0.700000 0.380000 0.750000
v 0.700000 0.230000 0.500000
v 0.700000 0.230000 0.640000
v 0.750000 0.400000 0.755529
v 0.530000 0.400000 0.755529
v 0.750000 0.377765 0.761487
v 0.530000 0.377765 0.761487
v 0.750000 0.361487 0.777765
v 0.530000 0.361487 0.777765
v 0.750000 0.355529 0.800000
v 0.530000 0.355529 0.800000
v 0.750000 0.361487 0.822235
v 0.530000 0.361487 0.822235
v 0.750000 0.377765 0.838513
v 0.530000 0.377765 0.838513
v 0.750000 0.400000 0.844471
v 0.530000 0.400000 0.844471
v 0.750000 0.422235 0.838513
v 0.530000 0.422235 0.838513
v 0.750000 0.438513 0.822235
v 0.750000 0.444471 0.800000
v 0.530000 0.444471 0.800000
v 0.750000 0.438513 0.777765
v 0.750000 0.422235 0.761487
v 0.530000 0.422235 0.761487
v 0.530000 0.438513 0.822235
v 0.530000 0.438513 0.777765
v 0.625000 0.222750 1.052750
v 0.625000 0.257250 1.052750
v 0.610061 0.222750 1.061375
v 0.610061 0.257250 1.061375
v 0.610061 0.222750 1.078625
v 0.610061 0.257250 1.078625
v 0.625000 0.222750 1.087250
v 0.625000 0.257250 1.087250
v 0.639939 0.222750 1.078625
v 0.639939 0.257250 1.078625
v 0.639939 0.222750 1.061375
v 0.639939 0.257250 1.061375
v 0.675000 0.222750 1.052750
v 0.675000 0.257250 1.052750
v 0.660061 0.222750 1.061375
v 0.660061 0.257250 1.061375
v 0.660061 0.222750 1.078625
v 0.660061 0.257250 1.078625
v 0.675000 0.222750 1.087250
v 0.675000 0.257250 1.087250
v 0.689939 0.222750 1.078625
v 0.689939 0.257250 1.078625
v 0.689939 0.222750 1.061375
v 0.689939 0.257250 1.061375
v 0.625000 0.222750 0.512750
v 0.625000 0.257250 0.512750
v 0.610061 0.222750 0.521375
v 0.610061 0.257250 0.521375
v 0.610061 0.222750 0.538625
v 0.610061 0.257250 0.538625
v 0.625000 0.222750 0.547250
v 0.625000 0.257250 0.547250
v 0.639939 0.222750 0.538625
v 0.639939 0.257250 0.538625
v 0.639939 0.222750 0.521375
v 0.639939 0.257250 0.521375
v 0.675000 0.222750 0.512750
v 0.675000 0.257250 0.512750
v 0.660061 0.222750 0.521375
v 0.660061 0.257250 0.521375
v 0.660061 0.222750 0.538625
v 0.660061 0.257250 0.538625
v 0.675000 0.222750 0.547250
v 0.675000 0.257250 0.547250
v 0.689939 0.222750 0.538625
v 0.689939 0.257250 0.538625
v 0.689939 0.222750 0.521375
v 0.689939 0.257250 0.521375
v 0.600000 0.550000 -0.094471
v 0.700000 0.550000 -0.094471
v 0.600000 0.527765 -0.088513
v 0.700000 0.527765 -0.088513
v 0.600000 0.511487 -0.072235
v 0.700000 0.511487 -0.072235
v 0.600000 0.505529 -0.050000
v 0.700000 0.505529 -0.050000
v 0.600000 0.511487 -0.027765
v 0.700000 0.511487 -0.027765
v 0.600000 0.527765 -0.011487
v 0.700000 0.527765 -0.011487
v 0.600000 0.550000 -0.005529
v 0.700000 0.550000 -0.005529
v 0.600000 0.572235 -0.011487
v 0.700000 0.572235 -0.011487
v 0.600000 0.588513 -0.027765
v 0.600000 0.594471 -0.050000
v 0.700000 0.594471 -0.050000
v 0.600000 0.588513 -0.072235
v 0.600000 0.572235 -0.088513
v 0.700000 0.572235 -0.088513
v 0.600000 0.550000 -0.110000
v 0.600000 0.520000 -0.101962
v 0.700000 0.520000 -0.101962
v 0.700000 0.550000 -0.110000
v 0.600000 0.498038 -0.080000
v 0.700000 0.498038 -0.080000
v 0.600000 0.490000 -0.050000
v 0.700000 0.490000 -0.050000
v 0.600000 0.498038 -0.020000
v 0.700000 0.498038 -0.020000
v 0.600000 0.520000 0.001962
v 0.700000 0.520000 0.001962
v 0.600000 0.550000 0.010000
v 0.700000 0.550000 0.010000
v 0.600000 0.580000 0.001962
v 0.700000 0.580000 0.001962
v 0.600000 0.601961 -0.020000
v 0.700000 0.601961 -0.020000
v 0.600000 0.610000 -0.050000
v 0.700000 0.610000 -0.050000
v 0.600000 0.601961 -0.080000
v 0.700000 0.601961 -0.080000
v 0.600000 0.580000 -0.101962
v 0.700000 0.580000 -0.101962
v 0.700000 0.588513 -0.027765
v 0.700000 0.588513 -0.072235
v 0.605000 0.200000 -0.400000
v 0.620000 0.550000 -0.050000
v 0.620000 0.200000 -0.300000
v 0.620000 0.200000 -0.400000
v 0.605000 0.550000 -0.050000
v 0.680000 0.550000 -0.050000
v 0.680000 0.200000 -0.300000
v 0.680000 0.200000 -0.400000
v 0.620000 0.200000 0.200000
v 0.620000 0.200000 0.300000
v 0.680000 0.200000 0.300000
v 0.680000 0.200000 0.200000
v 0.620000 0.393431 -0.106569
v 0.620000 0.393431 0.006569
v 0.620000 0.530000 -0.050000
v 0.620000 0.416863 -0.050000
v 0.680000 0.393431 0.006569
v 0.680000 0.393431 -0.106569
v 0.680000 0.530000 -0.050000
v 0.680000 0.416863 -0.050000
v 0.695000 0.550000 -0.050000
v 0.695000 0.200000 -0.400000
v 0.605000 0.200000 0.300000
v 0.695000 0.200000 0.300000
v 0.695000 0.198142 0.327142
v 0.695000 0.570000 -0.050000
v 0.605000 0.570000 -0.050000
v 0.605000 0.198142 0.327142
v 0.695000 0.198142 -0.427142
v 0.605000 0.198142 -0.427142
v 0.600000 0.550000 -0.094471
v 0.700000 0.550000 -0.094471
v 0.600000 0.527765 -0.088513
v 0.700000 0.527765 -0.088513
v 0.600000 0.511487 -0.072235
v 0.700000 0.511487 -0.072235
v 0.600000 0.505529 -0.050000
v 0.700000 0.505529 -0.050000
v 0.600000 0.511487 -0.027765
v 0.700000 0.511487 -0.027765
v 0.600000 0.527765 -0.011487
v 0.700000 0.527765 -0.011487
v 0.600000 0.550000 -0.005529
v 0.700000 0.550000 -0.005529
v 0.600000 0.572235 -0.011487
v 0.700000 0.572235 -0.011487
v 0.600000 0.588513 -0.027765
v 0.600000 0.594471 -0.050000
v 0.700000 0.594471 -0.050000
v 0.600000 0.588513 -0.072235
v 0.600000 0.572235 -0.088513
v 0.700000 0.572235 -0.088513
v 0.600000 0.550000 -0.110000
v 0.600000 0.520000 -0.101962
v 0.700000 0.520000 -0.101962
v 0.700000 0.550000 -0.110000
v 0.600000 0.498038 -0.080000
v 0.700000 0.498038 -0.080000
v 0.600000 0.490000 -0.050000
v 0.700000 0.490000 -0.050000
v 0.600000 0.498038 -0.020000
v 0.700000 0.498038 -0.020000
v 0.600000 0.520000 0.001962
v 0.700000 0.520000 0.001962
v 0.600000 0.550000 0.010000
v 0.700000 0.550000 0.010000
v 0.600000 0.580000 0.001962
v 0.700000 0.580000 0.001962
v 0.600000 0.601961 -0.020000
v 0.700000 0.601961 -0.020000
v 0.600000 0.610000 -0.050000
v 0.700000 0.610000 -0.050000
v 0.600000 0.601961 -0.080000
v 0.700000 0.601961 -0.080000
v 0.600000 0.580000 -0.101962
v 0.700000 0.580000 -0.101962
v 0.700000 0.588513 -0.027765
v 0.700000 0.588513 -0.072235
v 0.720000 0.550000 -0.094471
v 0.570000 0.550000 -0.094471
v 0.720000 0.527765 -0.088513
v 0.570000 0.527765 -0.088513
v 0.720000 0.511487 -0.072235
v 0.570000 0.511487 -0.072235
v 0.720000 0.505529 -0.050000
v 0.570000 0.505529 -0.050000
v 0.720000 0.511487 -0.027765
v 0.570000 0.511487 -0.027765
v 0.720000 0.527765 -0.011487
v 0.570000 0.527765 -0.011487
v 0.720000 0.550000 -0.005529
v 0.570000 0.550000 -0.005529
v 0.720000 0.572235 -0.011487
v 0.570000 0.572235 -0.011487
v 0.720000 0.588513 -0.027765
v 0.720000 0.594471 -0.050000
v 0.570000 0.594471 -0.050000
v 0.720000 0.588513 -0.072235
v 0.720000 0.572235 -0.088513
v 0.570000 0.572235 -0.088513
v 0.570000 0.588513 -0.027765
v 0.570000 0.588513 -0.072235
v -0.700000 0.000000 -1.500000
v -0.700000 0.000000 -1.500000
v -0.700000 0.000000 1.300000
v -0.700000 0.000000 1.300000
v -0.700000 0.200000 1.300000
v -0.700000 0.200000 1.300000
v -0.700000 0.200000 -1.500000
v -0.700000 0.200000 -1.500000
v -0.600000 0.000000 -1.500000
v -0.600000 0.000000 -1.500000
v -0.600000 0.200000 -1.500000
v -0.600000 0.200000 -1.500000
v -0.600000 0.000000 1.300000
v -0.600000 0.000000 1.300000
v -0.600000 0.200000 1.300000
v -0.600000 0.200000 1.300000
v 0.600000 0.000000 -1.500000
v 0.600000 0.000000 -1.500000
v 0.600000 0.000000 1.300000
v 0.600000 0.000000 1.300000
v 0.600000 0.200000 1.300000
v 0.600000 0.200000 1.300000
v 0.600000 0.200000 -1.500000
v 0.600000 0.200000 -1.500000
v 0.700000 0.000000 -1.500000
v 0.700000 0.000000 -1.500000
v 0.700000 0.200000 -1.500000
v 0.700000 0.200000 -1.500000
v 0.700000 0.000000 1.300000
v 0.700000 0.000000 1.300000
v 0.700000 0.200000 1.300000
v 0.700000 0.200000 1.300000
v 0.600000 0.000000 1.200000
v -0.600000 0.000000 1.200000
v -0.600000 0.200000 1.200000
v 0.600000 0.200000 1.200000
v -0.600000 0.000000 1.300000
v 0.600000 0.000000 1.300000
v 0.600000 0.200000 1.300000
v -0.600000 0.200000 1.300000
v 0.600000 0.000000 -1.500000
v -0.600000 0.000000 -1.500000
v -0.600000 0.200000 -1.500000
v 0.600000 0.200000 -1.500000
v -0.600000 0.000000 -1.400000
v 0.600000 0.000000 -1.400000
v 0.600000 0.200000 -1.400000
v -0.600000 0.200000 -1.400000
v -0.720000 0.180000 -1.500000
v -0.720000 0.180000 -1.500000
v -0.720000 0.180000 1.300000
v -0.720000 0.180000 1.300000
v -0.720000 0.200000 1.300000
v -0.720000 0.200000 1.300000
v -0.720000 0.200000 -1.500000
v -0.720000 0.200000 -1.500000
v -0.700000 0.180000 -1.500000
v -0.700000 0.200000 -1.500000
v -0.700000 0.180000 1.300000
v -0.700000 0.200000 1.300000
v -0.720000 0.000000 -1.500000
v -0.720000 0.000000 -1.500000
v -0.720000 0.000000 1.300000
v -0.720000 0.000000 1.300000
v -0.720000 0.020000 1.300000
v -0.720000 0.020000 1.300000
v -0.720000 0.020000 -1.500000
v -0.720000 0.020000 -1.500000
v -0.700000 0.000000 -1.500000
v -0.700000 0.020000 -1.500000
v -0.700000 0.000000 1.300000
v -0.700000 0.020000 1.300000
v 0.720000 0.180000 -1.500000
v 0.720000 0.180000 -1.500000
v 0.720000 0.180000 1.300000
v 0.720000 0.180000 1.300000
v 0.720000 0.200000 1.300000
v 0.720000 0.200000 1.300000
v 0.720000 0.200000 -1.500000
v 0.720000 0.200000 -1.500000
v 0.700000 0.180000 -1.500000
v 0.700000 0.200000 -1.500000
v 0.700000 0.180000 1.300000
v 0.700000 0.200000 1.300000
v 0.720000 0.000000 -1.500000
v 0.720000 0.000000 -1.500000
v 0.720000 0.000000 1.300000
v 0.720000 0.000000 1.300000
v 0.720000 0.020000 1.300000
v 0.720000 0.020000 1.300000
v 0.720000 0.020000 -1.500000
v 0.720000 0.020000 -1.500000
v 0.700000 0.000000 -1.500000
v 0.700000 0.020000 -1.500000
v 0.700000 0.000000 1.300000
v 0.700000 0.020000 1.300000
v 0.030000 0.000000 -1.400000
v 0.206140 0.000000 -1.372102
v 0.365038 0.000000 -1.291140
v 0.491140 0.000000 -1.165038
v 0.572102 0.000000 -1.006140
v 0.600000 0.000000 -0.830000
v 0.572102 0.000000 -0.653860
v 0.491140 0.000000 -0.494962
v 0.365038 0.000000 -0.368860
v 0.206140 0.000000 -0.287898
v 0.030000 0.000000 -0.260000
v -0.146140 0.000000 -0.287898
v -0.305038 0.000000 -0.368860
v -0.431140 0.000000 -0.494962
v -0.512102 0.000000 -0.653860
v -0.540000 0.000000 -0.830000
v -0.512102 0.000000 -1.006140
v -0.431140 0.000000 -1.165038
v -0.305038 0.000000 -1.291140
v -0.146140 0.000000 -1.372102
v 0.088713 3.400000 -1.010701
v 0.030000 3.400000 -1.020000
v 0.141679 3.400000 -0.983713
v 0.183713 3.400000 -0.941679
v 0.210701 3.400000 -0.888713
v 0.220000 3.400000 -0.830000
v 0.210701 3.400000 -0.771287
v 0.183713 3.400000 -0.718321
v 0.141679 3.400000 -0.676287
v 0.088713 3.400000 -0.649299
v 0.030000 3.400000 -0.640000
v -0.028713 3.400000 -0.649299
v -0.081679 3.400000 -0.676287
v -0.123713 3.400000 -0.718321
v -0.150701 3.400000 -0.771287
v -0.160000 3.400000 -0.830000
v -0.150701 3.400000 -0.888713
v -0.123713 3.400000 -0.941679
v -0.081679 3.400000 -0.983713
v -0.028713 3.400000 -1.010701
v -0.800000 0.430000 -1.550000
v -0.750251 0.420104 -1.550000
v -0.750251 0.420104 -0.450000
v -0.800000 0.430000 -0.450000
v -0.708076 0.391924 -1.550000
v -0.708076 0.391924 -0.450000
v -0.679896 0.349749 -1.550000
v -0.679896 0.349749 -0.450000
v -0.670000 0.300000 -1.550000
v -0.670000 0.300000 -0.450000
v -0.679896 0.250251 -1.550000
v -0.679896 0.250251 -0.450000
v -0.708076 0.208076 -1.550000
v -0.708076 0.208076 -0.450000
v -0.750251 0.179896 -1.550000
v -0.750251 0.179896 -0.450000
v -0.800000 0.170000 -1.550000
v -0.800000 0.170000 -0.450000
v -0.849749 0.179896 -1.550000
v -0.849749 0.179896 -0.450000
v -0.891924 0.208076 -1.550000
v -0.891924 0.208076 -0.450000
v -0.920104 0.250251 -1.550000
v -0.920104 0.250251 -0.450000
v -0.930000 0.300000 -1.550000
v -0.930000 0.300000 -0.450000
v -0.920104 0.349749 -1.550000
v -0.920104 0.349749 -0.450000
v -0.891924 0.391924 -1.550000
v -0.891924 0.391924 -0.450000
v -0.849749 0.420104 -1.550000
v -0.849749 0.420104 -0.450000
v -0.898995 0.201005 -1.100000
v -0.929343 0.246424 -1.100000
v -0.800000 0.440000 -1.530000
v -0.746424 0.429343 -1.530000
v -0.670657 0.246424 -1.070000
v -0.660000 0.300000 -1.070000
v -0.746424 0.429343 -1.500000
v -0.800000 0.440000 -1.500000
v -0.898995 0.201005 -1.070000
v -0.853576 0.170657 -1.070000
v -0.701005 0.398995 -1.530000
v -0.660000 0.300000 -1.100000
v -0.670657 0.246424 -1.100000
v -0.701005 0.398995 -1.500000
v -0.853576 0.170657 -1.100000
v -0.670657 0.353576 -1.530000
v -0.670657 0.353576 -1.500000
v -0.660000 0.300000 -1.530000
v -0.670657 0.353576 -1.070000
v -0.660000 0.300000 -1.500000
v -0.800000 0.160000 -1.070000
v -0.670657 0.246424 -1.530000
v -0.670657 0.353576 -1.100000
v -0.670657 0.246424 -1.500000
v -0.800000 0.160000 -1.100000
v -0.701005 0.201005 -1.530000
v -0.701005 0.201005 -1.500000
v -0.746424 0.170657 -1.530000
v -0.701005 0.398995 -1.070000
v -0.746424 0.170657 -1.500000
v -0.746424 0.170657 -1.070000
v -0.800000 0.160000 -1.530000
v -0.701005 0.398995 -1.100000
v -0.800000 0.160000 -1.500000
v -0.746424 0.170657 -1.100000
v -0.853576 0.170657 -1.530000
v -0.853576 0.170657 -1.500000
v -0.898995 0.201005 -1.530000
v -0.746424 0.429343 -1.070000
v -0.898995 0.201005 -1.500000
v -0.701005 0.201005 -1.070000
v -0.929343 0.246424 -1.530000
v -0.746424 0.429343 -1.100000
v -0.929343 0.246424 -1.500000
v -0.701005 0.201005 -1.100000
v -0.940000 0.300000 -1.530000
v -0.940000 0.300000 -1.500000
v -0.929343 0.353576 -1.530000
v -0.929343 0.353576 -1.500000
v -0.898995 0.398995 -1.530000
v -0.800000 0.440000 -1.070000
v -0.898995 0.398995 -1.500000
v -0.853576 0.429343 -1.530000
v -0.800000 0.440000 -1.100000
v -0.853576 0.429343 -1.500000
v -0.929343 0.246424 -1.070000
v -0.940000 0.300000 -1.100000
v -0.940000 0.300000 -1.070000
v -0.929343 0.353576 -1.100000
v -0.929343 0.353576 -1.070000
v -0.898995 0.398995 -1.100000
v -0.898995 0.398995 -1.070000
v -0.853576 0.429343 -1.100000
v -0.853576 0.429343 -1.070000
v -0.898995 0.201005 -0.490000
v -0.929343 0.246424 -0.490000
v -0.670657 0.246424 -0.460000
v -0.660000 0.300000 -0.460000
v -0.898995 0.201005 -0.460000
v -0.853576 0.170657 -0.460000
v -0.660000 0.300000 -0.490000
v -0.670657 0.246424 -0.490000
v -0.853576 0.170657 -0.490000
v -0.670657 0.353576 -0.460000
v -0.800000 0.160000 -0.460000
v -0.670657 0.353576 -0.490000
v -0.800000 0.160000 -0.490000
v -0.701005 0.398995 -0.460000
v -0.746424 0.170657 -0.460000
v -0.701005 0.398995 -0.490000
v -0.746424 0.170657 -0.490000
v -0.746424 0.429343 -0.460000
v -0.701005 0.201005 -0.460000
v -0.746424 0.429343 -0.490000
v -0.701005 0.201005 -0.490000
v -0.800000 0.440000 -0.460000
v -0.800000 0.440000 -0.490000
v -0.929343 0.246424 -0.460000
v -0.940000 0.300000 -0.490000
v -0.940000 0.300000 -0.460000
v -0.929343 0.353576 -0.490000
v -0.929343 0.353576 -0.460000
v -0.898995 0.398995 -0.490000
v -0.898995 0.398995 -0.460000
v -0.853576 0.429343 -0.490000
v -0.853576 0.429343 -0.460000
v -0.900000 0.370000 -1.100000
v -0.900000 0.540000 -1.100000
v -0.900000 0.540000 -1.100000
v -0.900000 0.540000 -1.500000
v -0.900000 0.540000 -1.500000
v -0.900000 0.370000 -1.500000
v -0.700000 0.540000 -1.500000
v -0.700000 0.540000 -1.500000
v -0.700000 0.370000 -1.500000
v -0.700000 0.540000 -1.100000
v -0.700000 0.540000 -1.100000
v -0.700000 0.370000 -1.100000
v -0.790000 0.500000 0.300000
v -0.790000 0.484776 0.223463
v -0.730000 0.484776 0.223463
v -0.730000 0.500000 0.300000
v -0.790000 0.441421 0.158579
v -0.730000 0.441421 0.158579
v -0.790000 0.376537 0.115224
v -0.730000 0.376537 0.115224
v -0.790000 0.300000 0.100000
v -0.730000 0.300000 0.100000
v -0.790000 0.223463 0.115224
v -0.730000 0.223463 0.115224
v -0.790000 0.158579 0.158579
v -0.730000 0.158579 0.158579
v -0.790000 0.115224 0.223463
v -0.730000 0.115224 0.223463
v -0.790000 0.100000 0.300000
v -0.730000 0.100000 0.300000
v -0.790000 0.115224 0.376537
v -0.730000 0.115224 0.376537
v -0.790000 0.158579 0.441421
v -0.730000 0.158579 0.441421
v -0.790000 0.223463 0.484776
v -0.730000 0.223463 0.484776
v -0.790000 0.300000 0.500000
v -0.730000 0.300000 0.500000
v -0.790000 0.376537 0.484776
v -0.730000 0.376537 0.484776
v -0.790000 0.441421 0.441421
v -0.730000 0.441421 0.441421
v -0.790000 0.484776 0.376537
v -0.730000 0.484776 0.376537
v -0.790000 0.479608 0.300000
v -0.790000 0.465936 0.231267
v -0.790000 0.465936 0.231267
v -0.730000 0.465936 0.231267
v -0.730000 0.465936 0.231267
v -0.730000 0.479608 0.300000
v -0.790000 0.134064 0.231267
v -0.790000 0.134064 0.231267
v -0.790000 0.120392 0.300000
v -0.730000 0.120392 0.300000
v -0.730000 0.134064 0.231267
v -0.730000 0.134064 0.231267
v -0.790000 0.134064 0.368733
v -0.730000 0.134064 0.368733
v -0.790000 0.172998 0.427002
v -0.730000 0.172998 0.427002
v -0.790000 0.231267 0.465936
v -0.790000 0.231267 0.465936
v -0.789982 0.264645 0.435355
v -0.789982 0.264645 0.435355
v -0.790000 0.368733 0.465936
v -0.790000 0.368733 0.465936
v -0.790000 0.427002 0.427002
v -0.790000 0.465936 0.368733
v -0.730000 0.465936 0.368733
v -0.730000 0.427002 0.427002
v -0.730000 0.368733 0.465936
v -0.730000 0.368733 0.465936
v -0.730000 0.231267 0.465936
v -0.730000 0.231267 0.465936
v -0.730018 0.264645 0.435355
v -0.730018 0.264645 0.435355
v -0.730018 0.346194 0.280866
v -0.730018 0.346194 0.280866
v -0.730018 0.253806 0.419134
v -0.789982 0.350000 0.300000
v -0.789982 0.346194 0.280866
v -0.789982 0.346194 0.280866
v -0.730018 0.350000 0.300000
v -0.789982 0.253806 0.280866
v -0.789982 0.253806 0.280866
v -0.789982 0.250000 0.300000
v -0.730018 0.250000 0.300000
v -0.730018 0.253806 0.280866
v -0.730018 0.253806 0.280866
v -0.789982 0.253806 0.319134
v -0.730018 0.253806 0.319134
v -0.789982 0.264645 0.335355
v -0.730018 0.264645 0.335355
v -0.789982 0.335355 0.335355
v -0.789982 0.346194 0.319134
v -0.730018 0.346194 0.319134
v -0.730018 0.335355 0.335355
v -0.789982 0.350000 0.400000
v -0.789982 0.346194 0.380866
v -0.730018 0.346194 0.380866
v -0.730018 0.350000 0.400000
v -0.789982 0.335355 0.364645
v -0.730018 0.335355 0.364645
v -0.730018 0.264645 0.364645
v -0.789982 0.264645 0.364645
v -0.789982 0.253806 0.380866
v -0.730018 0.253806 0.380866
v -0.789982 0.250000 0.400000
v -0.730018 0.250000 0.400000
v -0.789982 0.253806 0.419134
v -0.789982 0.335355 0.435355
v -0.789982 0.335355 0.435355
v -0.789982 0.346194 0.419134
v -0.730018 0.346194 0.419134
v -0.730018 0.335355 0.435355
v -0.730018 0.335355 0.435355
v -0.530000 0.400000 0.470000
v -0.530000 0.526286 0.495120
v -0.580000 0.526286 0.495120
v -0.580000 0.400000 0.470000
v -0.530000 0.526286 1.104880
v -0.530000 0.400000 1.130000
v -0.580000 0.400000 1.130000
v -0.580000 0.526286 1.104880
v -0.530000 0.730000 0.800000
v -0.530000 0.704880 0.926286
v -0.530000 0.273714 1.104880
v -0.530000 0.633345 0.566655
v -0.580000 0.273714 1.104880
v -0.580000 0.704880 0.926286
v -0.580000 0.730000 0.800000
v -0.530000 0.166655 1.033345
v -0.580000 0.633345 0.566655
v -0.580000 0.166655 1.033345
v -0.530000 0.095120 0.926286
v -0.580000 0.095120 0.926286
v -0.530000 0.633345 1.033345
v -0.530000 0.070000 0.800000
v -0.530000 0.704880 0.673714
v -0.580000 0.070000 0.800000
v -0.580000 0.633345 1.033345
v -0.530000 0.095120 0.673714
v -0.580000 0.704880 0.673714
v -0.580000 0.095120 0.673714
v -0.530000 0.166655 0.566655
v -0.580000 0.166655 0.566655
v -0.530000 0.273714 0.495120
v -0.580000 0.273714 0.495120
v 0.570000 0.400000 0.399939
v 0.570000 0.553097 0.430392
v 0.520000 0.553097 0.430392
v 0.520000 0.400000 0.399939
v 0.570000 0.553097 1.169608
v 0.570000 0.400000 1.200061
v 0.520000 0.400000 1.200061
v 0.520000 0.553097 1.169608
v 0.570000 0.800061 0.800000
v 0.570000 0.769608 0.953097
v 0.570000 0.246903 1.169608
v 0.570000 0.682886 0.517114
v 0.520000 0.246903 1.169608
v 0.520000 0.769608 0.953097
v 0.520000 0.800061 0.800000
v 0.570000 0.117114 1.082886
v 0.520000 0.682886 0.517114
v 0.520000 0.117114 1.082886
v 0.570000 0.030392 0.953097
v 0.520000 0.030392 0.953097
v 0.570000 0.682886 1.082886
v 0.570000 -0.000061 0.800000
v 0.570000 0.769608 0.646903
v 0.520000 -0.000061 0.800000
v 0.520000 0.682886 1.082886
v 0.570000 0.030392 0.646903
v 0.520000 0.769608 0.646903
v 0.520000 0.030392 0.646903
v 0.570000 0.117114 0.517114
v 0.520000 0.117114 0.517114
v 0.570000 0.246903 0.430392
v 0.520000 0.246903 0.430392
v -0.510000 0.400000 0.415000
v -0.510000 0.547333 0.444307
v -0.530000 0.547333 0.444307
v -0.530000 0.400000 0.415000
v -0.510000 0.547333 1.155694
v -0.510000 0.400000 1.185000
v -0.530000 0.400000 1.185000
v -0.530000 0.547333 1.155694
v -0.510000 0.785000 0.800000
v -0.510000 0.755694 0.947333
v -0.510000 0.252667 1.155694
v -0.510000 0.672236 0.527764
v -0.530000 0.252667 1.155694
v -0.530000 0.755694 0.947333
v -0.530000 0.785000 0.800000
v -0.510000 0.127764 1.072236
v -0.530000 0.672236 0.527764
v -0.530000 0.127764 1.072236
v -0.510000 0.044306 0.947333
v -0.530000 0.044306 0.947333
v -0.510000 0.672236 1.072236
v -0.510000 0.015000 0.800000
v -0.510000 0.755694 0.652667
v -0.530000 0.015000 0.800000
v -0.530000 0.672236 1.072236
v -0.510000 0.044306 0.652667
v -0.530000 0.755694 0.652667
v -0.530000 0.044306 0.652667
v -0.510000 0.127764 0.527764
v -0.530000 0.127764 0.527764
v -0.510000 0.252667 0.444307
v -0.530000 0.252667 0.444307
v -0.580000 0.518482 0.513959
v -0.580000 0.400000 0.490392
v -0.580000 0.400000 1.109608
v -0.580000 0.518482 1.086041
v -0.580000 0.281518 1.086041
v -0.580000 0.686041 0.918482
v -0.580000 0.709608 0.800000
v -0.580000 0.618926 0.581074
v -0.580000 0.181074 1.018926
v -0.580000 0.113959 0.918482
v -0.580000 0.090392 0.800000
v -0.580000 0.618926 1.018926
v -0.580000 0.686041 0.681518
v -0.580000 0.113959 0.681518
v -0.580000 0.181074 0.581074
v -0.580000 0.281518 0.513959
v -0.540000 0.518482 0.513959
v -0.540000 0.400000 0.490392
v -0.540000 0.400000 1.109608
v -0.540000 0.518482 1.086041
v -0.540000 0.281518 1.086041
v -0.540000 0.686041 0.918482
v -0.540000 0.709608 0.800000
v -0.540000 0.618926 0.581074
v -0.540000 0.181074 1.018926
v -0.540000 0.113959 0.918482
v -0.540000 0.090392 0.800000
v -0.540000 0.618926 1.018926
v -0.540000 0.686041 0.681518
v -0.540000 0.113959 0.681518
v -0.540000 0.181074 0.581074
v -0.540000 0.281518 0.513959
v -0.540000 0.446299 0.688226
v -0.540000 0.400000 0.679016
v -0.540000 0.400000 0.920984
v -0.540000 0.446299 0.911775
v -0.540000 0.353702 0.911775
v -0.540000 0.511775 0.846299
v -0.540000 0.520984 0.800000
v -0.540000 0.485548 0.714452
v -0.540000 0.314452 0.885548
v -0.540000 0.288226 0.846298
v -0.540000 0.279016 0.800000
v -0.540000 0.485548 0.885548
v -0.540000 0.511775 0.753702
v -0.540000 0.288226 0.753702
v -0.540000 0.314452 0.714452
v -0.540000 0.353702 0.688226
v -0.570000 0.446299 0.688226
v -0.570000 0.400000 0.679016
v -0.570000 0.400000 0.920984
v -0.570000 0.446299 0.911775
v -0.570000 0.353702 0.911775
v -0.570000 0.511775 0.846299
v -0.570000 0.520984 0.800000
v -0.570000 0.485548 0.714452
v -0.570000 0.314452 0.885548
v -0.570000 0.288226 0.846298
v -0.570000 0.279016 0.800000
v -0.570000 0.485548 0.885548
v -0.570000 0.511775 0.753702
v -0.570000 0.288226 0.753702
v -0.570000 0.314452 0.714452
v -0.570000 0.353702 0.688226
v -0.570000 0.438495 0.707065
v -0.570000 0.400000 0.699408
v -0.570000 0.400000 0.900592
v -0.570000 0.438495 0.892935
v -0.570000 0.361505 0.892935
v -0.570000 0.492935 0.838495
v -0.570000 0.500592 0.800000
v -0.570000 0.471129 0.728871
v -0.570000 0.328871 0.871129
v -0.570000 0.307065 0.838495
v -0.570000 0.299408 0.800000
v -0.570000 0.471129 0.871129
v -0.570000 0.492935 0.761505
v -0.570000 0.307065 0.761505
v -0.570000 0.328871 0.728871
v -0.570000 0.361505 0.707065
v -0.540000 0.438495 0.707065
v -0.540000 0.400000 0.699408
v -0.540000 0.400000 0.900592
v -0.540000 0.438495 0.892935
v -0.540000 0.361505 0.892935
v -0.540000 0.492935 0.838495
v -0.540000 0.500592 0.800000
v -0.540000 0.471129 0.728871
v -0.540000 0.328871 0.871129
v -0.540000 0.307065 0.838495
v -0.540000 0.299408 0.800000
v -0.540000 0.471129 0.871129
v -0.540000 0.492935 0.761505
v -0.540000 0.307065 0.761505
v -0.540000 0.328871 0.728871
v -0.540000 0.361505 0.707065
v -0.565000 0.510000 0.810000
v -0.565000 0.710000 0.810000
v -0.565000 0.710000 0.790000
v -0.565000 0.510000 0.790000
v -0.565000 0.470710 0.884853
v -0.565000 0.612132 1.026274
v -0.565000 0.626274 1.012132
v -0.565000 0.484853 0.870711
v -0.565000 0.390000 0.910000
v -0.565000 0.390000 1.110000
v -0.565000 0.410000 1.110000
v -0.565000 0.410000 0.910000
v -0.565000 0.315147 0.870710
v -0.565000 0.173726 1.012132
v -0.565000 0.187868 1.026274
v -0.565000 0.329289 0.884853
v -0.565000 0.290000 0.790000
v -0.565000 0.090000 0.790000
v -0.565000 0.090000 0.810000
v -0.565000 0.290000 0.810000
v -0.565000 0.329289 0.715147
v -0.565000 0.187868 0.573726
v -0.565000 0.173726 0.587868
v -0.565000 0.315147 0.729289
v -0.565000 0.410000 0.690000
v -0.565000 0.410000 0.490000
v -0.565000 0.390000 0.490000
v -0.565000 0.390000 0.690000
v -0.565000 0.484853 0.729290
v -0.565000 0.626274 0.587868
v -0.565000 0.612132 0.573726
v -0.565000 0.470711 0.715147
v -0.710000 0.200000 0.500000
v -0.710000 0.200000 0.500000
v -0.710000 0.200000 1.100000
v -0.710000 0.200000 1.100000
v -0.710000 0.230000 1.100000
v -0.710000 0.230000 1.100000
v -0.710000 0.230000 0.500000
v -0.710000 0.230000 0.500000
v -0.610000 0.200000 0.500000
v -0.610000 0.200000 0.500000
v -0.610000 0.230000 0.500000
v -0.610000 0.230000 0.500000
v -0.610000 0.200000 1.100000
v -0.610000 0.200000 1.100000
v -0.610000 0.230000 1.100000
v -0.610000 0.230000 1.100000
v -0.710000 0.400000 0.740000
v -0.710000 0.370000 0.748038
v -0.610000 0.370000 0.748038
v -0.610000 0.400000 0.740000
v -0.710000 0.348038 0.770000
v -0.610000 0.348038 0.770000
v -0.710000 0.340000 0.800000
v -0.610000 0.340000 0.800000
v -0.710000 0.348038 0.830000
v -0.610000 0.348038 0.830000
v -0.710000 0.370000 0.851962
v -0.610000 0.370000 0.851962
v -0.710000 0.400000 0.860000
v -0.610000 0.400000 0.860000
v -0.710000 0.430000 0.851962
v -0.610000 0.430000 0.851962
v -0.710000 0.451962 0.830000
v -0.610000 0.451961 0.830000
v -0.710000 0.460000 0.800000
v -0.610000 0.460000 0.800000
v -0.710000 0.451962 0.770000
v -0.610000 0.451961 0.770000
v -0.710000 0.430000 0.748038
v -0.610000 0.430000 0.748038
v -0.710000 0.400000 0.755529
v -0.710000 0.377765 0.761487
v -0.610000 0.377765 0.761487
v -0.610000 0.400000 0.755529
v -0.710000 0.361487 0.777765
v -0.610000 0.361487 0.777765
v -0.710000 0.355529 0.800000
v -0.610000 0.355529 0.800000
v -0.710000 0.361487 0.822235
v -0.610000 0.361487 0.822235
v -0.710000 0.377765 0.838513
v -0.610000 0.377765 0.838513
v -0.710000 0.400000 0.844471
v -0.610000 0.400000 0.844471
v -0.710000 0.422235 0.838513
v -0.610000 0.422235 0.838513
v -0.710000 0.438513 0.822235
v -0.710000 0.444471 0.800000
v -0.710000 0.438513 0.777765
v -0.710000 0.422235 0.761487
v -0.610000 0.422235 0.761487
v -0.610000 0.265000 0.985000
v -0.610000 0.265000 0.985000
v -0.710000 0.265000 0.985000
v -0.710000 0.265000 0.985000
v -0.710000 0.380000 0.850000
v -0.710000 0.230000 1.100000
v -0.710000 0.250000 1.045000
v -0.610000 0.230000 0.960000
v -0.610000 0.410000 0.850000
v -0.610000 0.250000 1.045000
v -0.610000 0.230000 1.100000
v -0.610000 0.380000 0.850000
v -0.710000 0.410000 0.850000
v -0.710000 0.230000 0.960000
v -0.610000 0.438513 0.822235
v -0.610000 0.444471 0.800000
v -0.610000 0.438513 0.777765
v -0.610000 0.265000 0.615000
v -0.610000 0.265000 0.615000
v -0.710000 0.265000 0.615000
v -0.710000 0.265000 0.615000
v -0.710000 0.380000 0.750000
v -0.710000 0.230000 0.500000
v -0.710000 0.250000 0.555000
v -0.610000 0.230000 0.640000
v -0.610000 0.410000 0.750000
v -0.610000 0.250000 0.555000
v -0.610000 0.230000 0.500000
v -0.610000 0.380000 0.750000
v -0.710000 0.410000 0.750000
v -0.710000 0.230000 0.640000
v -0.760000 0.400000 0.755529
v -0.760000 0.377765 0.761487
v -0.760000 0.361487 0.777765
v -0.760000 0.355529 0.800000
v -0.760000 0.361487 0.822235
v -0.760000 0.377765 0.838513
v -0.760000 0.400000 0.844471
v -0.760000 0.422235 0.838513
v -0.760000 0.438513 0.822235
v -0.760000 0.444471 0.800000
v -0.760000 0.438513 0.777765
v -0.760000 0.422235 0.761487
v -0.620061 0.257250 1.061375
v -0.620061 0.257250 1.061375
v -0.635000 0.257250 1.052750
v -0.635000 0.257250 1.052750
v -0.635000 0.222750 1.052750
v -0.620061 0.222750 1.061375
v -0.620061 0.257250 1.078625
v -0.620061 0.257250 1.078625
v -0.620061 0.222750 1.078625
v -0.635000 0.257250 1.087250
v -0.635000 0.257250 1.087250
v -0.635000 0.222750 1.087250
v -0.649939 0.257250 1.078625
v -0.649939 0.257250 1.078625
v -0.649939 0.222750 1.078625
v -0.649939 0.257250 1.061375
v -0.649939 0.257250 1.061375
v -0.649939 0.222750 1.061375
v -0.670061 0.257250 1.061375
v -0.670061 0.257250 1.061375
v -0.685000 0.257250 1.052750
v -0.685000 0.257250 1.052750
v -0.685000 0.222750 1.052750
v -0.670061 0.222750 1.061375
v -0.670061 0.257250 1.078625
v -0.670061 0.257250 1.078625
v -0.670061 0.222750 1.078625
v -0.685000 0.257250 1.087250
v -0.685000 0.257250 1.087250
v -0.685000 0.222750 1.087250
v -0.699939 0.257250 1.078625
v -0.699939 0.257250 1.078625
v -0.699939 0.222750 1.078625
v -0.699939 0.257250 1.061375
v -0.699939 0.257250 1.061375
v -0.699939 0.222750 1.061375
v -0.620061 0.257250 0.521375
v -0.620061 0.257250 0.521375
v -0.635000 0.257250 0.512750
v -0.635000 0.257250 0.512750
v -0.635000 0.222750 0.512750
v -0.620061 0.222750 0.521375
v -0.620061 0.257250 0.538625
v -0.620061 0.257250 0.538625
v -0.620061 0.222750 0.538625
v -0.635000 0.257250 0.547250
v -0.635000 0.257250 0.547250
v -0.635000 0.222750 0.547250
v -0.649939 0.257250 0.538625
v -0.649939 0.257250 0.538625
v -0.649939 0.222750 0.538625
v -0.649939 0.257250 0.521375
v -0.649939 0.257250 0.521375
v -0.649939 0.222750 0.521375
v -0.670061 0.257250 0.521375
v -0.670061 0.257250 0.521375
v -0.685000 0.257250 0.512750
v -0.685000 0.257250 0.512750
v -0.685000 0.222750 0.512750
v -0.670061 0.222750 0.521375
v -0.670061 0.257250 0.538625
v -0.670061 0.257250 0.538625
v -0.670061 0.222750 0.538625
v -0.685000 0.257250 0.547250
v -0.685000 0.257250 0.547250
v -0.685000 0.222750 0.547250
v -0.699939 0.257250 0.538625
v -0.699939 0.257250 0.538625
v -0.699939 0.222750 0.538625
v -0.699939 0.257250 0.521375
v -0.699939 0.257250 0.521375
v -0.699939 0.222750 0.521375
v -0.420000 0.550000 -0.380000
v -0.420000 0.676286 -0.354880
v -0.470000 0.676286 -0.354880
v -0.470000 0.550000 -0.380000
v -0.420000 0.676286 0.254880
v -0.420000 0.550000 0.280000
v -0.470000 0.550000 0.280000
v -0.470000 0.676286 0.254880
v -0.420000 0.880000 -0.050000
v -0.420000 0.854880 0.076286
v -0.420000 0.423714 0.254880
v -0.420000 0.783345 -0.283345
v -0.470000 0.423714 0.254880
v -0.470000 0.854880 0.076286
v -0.470000 0.880000 -0.050000
v -0.420000 0.316655 0.183345
v -0.470000 0.783345 -0.283345
v -0.470000 0.316655 0.183345
v -0.420000 0.245120 0.076286
v -0.470000 0.245120 0.076286
v -0.420000 0.783345 0.183345
v -0.420000 0.220000 -0.050000
v -0.420000 0.854880 -0.176286
v -0.470000 0.220000 -0.050000
v -0.470000 0.783345 0.183345
v -0.420000 0.245120 -0.176286
v -0.470000 0.854880 -0.176286
v -0.470000 0.245120 -0.176286
v -0.420000 0.316655 -0.283345
v -0.470000 0.316655 -0.283345
v -0.420000 0.423714 -0.354880
v -0.470000 0.423714 -0.354880
v 0.570000 0.550000 -0.450061
v 0.570000 0.703097 -0.419608
v 0.520000 0.703097 -0.419608
v 0.520000 0.550000 -0.450061
v 0.570000 0.703097 0.319608
v 0.570000 0.550000 0.350061
v 0.520000 0.550000 0.350061
v 0.520000 0.703097 0.319608
v 0.570000 0.950061 -0.050000
v 0.570000 0.919608 0.103097
v 0.570000 0.396903 0.319608
v 0.570000 0.832886 -0.332886
v 0.520000 0.396903 0.319608
v 0.520000 0.919608 0.103097
v 0.520000 0.950061 -0.050000
v 0.570000 0.267114 0.232886
v 0.520000 0.832886 -0.332886
v 0.520000 0.267114 0.232886
v 0.570000 0.180392 0.103097
v 0.520000 0.180392 0.103097
v 0.570000 0.832886 0.232886
v 0.570000 0.149939 -0.050000
v 0.570000 0.919608 -0.203097
v 0.520000 0.149939 -0.050000
v 0.520000 0.832886 0.232886
v 0.570000 0.180392 -0.203097
v 0.520000 0.919608 -0.203097
v 0.520000 0.180392 -0.203097
v 0.570000 0.267114 -0.332886
v 0.520000 0.267114 -0.332886
v 0.570000 0.396903 -0.419608
v 0.520000 0.396903 -0.419608
v -0.400000 0.550000 -0.435000
v -0.400000 0.697333 -0.405693
v -0.420000 0.697333 -0.405693
v -0.420000 0.550000 -0.435000
v -0.400000 0.697333 0.305694
v -0.400000 0.550000 0.335000
v -0.420000 0.550000 0.335000
v -0.420000 0.697333 0.305694
v -0.400000 0.935000 -0.050000
v -0.400000 0.905694 0.097333
v -0.400000 0.402667 0.305694
v -0.400000 0.822236 -0.322236
v -0.420000 0.402667 0.305694
v -0.420000 0.905694 0.097333
v -0.420000 0.935000 -0.050000
v -0.400000 0.277764 0.222236
v -0.420000 0.822236 -0.322236
v -0.420000 0.277764 0.222236
v -0.400000 0.194306 0.097333
v -0.420000 0.194306 0.097333
v -0.400000 0.822236 0.222236
v -0.400000 0.165000 -0.050000
v -0.400000 0.905694 -0.197333
v -0.420000 0.165000 -0.050000
v -0.420000 0.822236 0.222236
v -0.400000 0.194306 -0.197333
v -0.420000 0.905694 -0.197333
v -0.420000 0.194306 -0.197333
v -0.400000 0.277764 -0.322236
v -0.420000 0.277764 -0.322236
v -0.400000 0.402667 -0.405693
v -0.420000 0.402667 -0.405693
v -0.470000 0.668482 -0.336041
v -0.470000 0.550000 -0.359608
v -0.470000 0.550000 0.259608
v -0.470000 0.668482 0.236041
v -0.470000 0.431518 0.236041
v -0.470000 0.836041 0.068482
v -0.470000 0.859608 -0.050000
v -0.470000 0.768926 -0.268926
v -0.470000 0.331074 0.168926
v -0.470000 0.263959 0.068482
v -0.470000 0.240392 -0.050000
v -0.470000 0.768926 0.168926
v -0.470000 0.836041 -0.168482
v -0.470000 0.263959 -0.168482
v -0.470000 0.331074 -0.268926
v -0.470000 0.431518 -0.336040
v -0.430000 0.668482 -0.336041
v -0.430000 0.550000 -0.359608
v -0.430000 0.550000 0.259608
v -0.430000 0.668482 0.236041
v -0.430000 0.431518 0.236041
v -0.430000 0.836041 0.068482
v -0.430000 0.859608 -0.050000
v -0.430000 0.768926 -0.268926
v -0.430000 0.331074 0.168926
v -0.430000 0.263959 0.068482
v -0.430000 0.240392 -0.050000
v -0.430000 0.768926 0.168926
v -0.430000 0.836041 -0.168482
v -0.430000 0.263959 -0.168482
v -0.430000 0.331074 -0.268926
v -0.430000 0.431518 -0.336040
v -0.430000 0.596299 -0.161774
v -0.430000 0.550000 -0.170984
v -0.430000 0.550000 0.070984
v -0.430000 0.596299 0.061775
v -0.430000 0.503702 0.061775
v -0.430000 0.661775 -0.003701
v -0.430000 0.670984 -0.050000
v -0.430000 0.635548 -0.135548
v -0.430000 0.464452 0.035548
v -0.430000 0.438226 -0.003702
v -0.430000 0.429016 -0.050000
v -0.430000 0.635548 0.035548
v -0.430000 0.661775 -0.096298
v -0.430000 0.438226 -0.096298
v -0.430000 0.464451 -0.135548
v -0.430000 0.503702 -0.161774
v -0.460000 0.596299 -0.161774
v -0.460000 0.550000 -0.170984
v -0.460000 0.550000 0.070984
v -0.460000 0.596299 0.061775
v -0.460000 0.503702 0.061775
v -0.460000 0.661775 -0.003701
v -0.460000 0.670984 -0.050000
v -0.460000 0.635548 -0.135548
v -0.460000 0.464452 0.035548
v -0.460000 0.438226 -0.003702
v -0.460000 0.429016 -0.050000
v -0.460000 0.635548 0.035548
v -0.460000 0.661775 -0.096298
v -0.460000 0.438226 -0.096298
v -0.460000 0.464451 -0.135548
v -0.460000 0.503702 -0.161774
v -0.460000 0.588495 -0.142935
v -0.460000 0.550000 -0.150592
v -0.460000 0.550000 0.050592
v -0.460000 0.588495 0.042935
v -0.460000 0.511505 0.042935
v -0.460000 0.642935 -0.011505
v -0.460000 0.650592 -0.050000
v -0.460000 0.621129 -0.121129
v -0.460000 0.478871 0.021129
v -0.460000 0.457065 -0.011505
v -0.460000 0.449408 -0.050000
v -0.460000 0.621129 0.021129
v -0.460000 0.642935 -0.088495
v -0.460000 0.457065 -0.088495
v -0.460000 0.478871 -0.121129
v -0.460000 0.511505 -0.142935
v -0.430000 0.588495 -0.142935
v -0.430000 0.550000 -0.150592
v -0.430000 0.550000 0.050592
v -0.430000 0.588495 0.042935
v -0.430000 0.511505 0.042935
v -0.430000 0.642935 -0.011505
v -0.430000 0.650592 -0.050000
v -0.430000 0.621129 -0.121129
v -0.430000 0.478871 0.021129
v -0.430000 0.457065 -0.011505
v -0.430000 0.449408 -0.050000
v -0.430000 0.621129 0.021129
v -0.430000 0.642935 -0.088495
v -0.430000 0.457065 -0.088495
v -0.430000 0.478871 -0.121129
v -0.430000 0.511505 -0.142935
v -0.455000 0.660000 -0.040000
v -0.455000 0.860000 -0.040000
v -0.455000 0.860000 -0.060000
v -0.455000 0.660000 -0.060000
v -0.455000 0.620710 0.034853
v -0.455000 0.762132 0.176274
v -0.455000 0.776274 0.162132
v -0.455000 0.634853 0.020711
v -0.455000 0.540000 0.060000
v -0.455000 0.540000 0.260000
v -0.455000 0.560000 0.260000
v -0.455000 0.560000 0.060000
v -0.455000 0.465147 0.020711
v -0.455000 0.323726 0.162132
v -0.455000 0.337868 0.176274
v -0.455000 0.479289 0.034853
v -0.455000 0.440000 -0.060000
v -0.455000 0.240000 -0.060000
v -0.455000 0.240000 -0.040000
v -0.455000 0.440000 -0.040000
v -0.455000 0.560000 -0.160000
v -0.455000 0.560000 -0.360000
v -0.455000 0.540000 -0.360000
v -0.455000 0.540000 -0.160000
v -0.455000 0.634853 -0.120710
v -0.455000 0.776274 -0.262132
v -0.455000 0.762132 -0.276274
v -0.455000 0.620710 -0.134853
v -0.600000 0.550000 -0.110000
v -0.600000 0.520000 -0.101962
v -0.500000 0.520000 -0.101962
v -0.500000 0.550000 -0.110000
v -0.600000 0.498038 -0.080000
v -0.500000 0.498038 -0.080000
v -0.600000 0.490000 -0.050000
v -0.500000 0.490000 -0.050000
v -0.600000 0.498038 -0.020000
v -0.500000 0.498038 -0.020000
v -0.600000 0.520000 0.001962
v -0.500000 0.520000 0.001962
v -0.600000 0.550000 0.010000
v -0.500000 0.550000 0.010000
v -0.600000 0.580000 0.001962
v -0.500000 0.580000 0.001962
v -0.600000 0.601961 -0.020000
v -0.500000 0.601961 -0.020000
v -0.600000 0.610000 -0.050000
v -0.500000 0.610000 -0.050000
v -0.600000 0.601961 -0.080000
v -0.500000 0.601961 -0.080000
v -0.600000 0.580000 -0.101962
v -0.500000 0.580000 -0.101962
v -0.600000 0.550000 -0.094471
v -0.600000 0.527765 -0.088513
v -0.500000 0.527765 -0.088513
v -0.500000 0.550000 -0.094471
v -0.600000 0.511487 -0.072235
v -0.500000 0.511487 -0.072235
v -0.600000 0.505529 -0.050000
v -0.500000 0.505529 -0.050000
v -0.600000 0.511487 -0.027765
v -0.500000 0.511487 -0.027765
v -0.600000 0.527765 -0.011487
v -0.500000 0.527765 -0.011487
v -0.600000 0.550000 -0.005529
v -0.500000 0.550000 -0.005529
v -0.600000 0.572235 -0.011487
v -0.500000 0.572235 -0.011487
v -0.600000 0.588513 -0.027765
v -0.600000 0.594471 -0.050000
v -0.600000 0.588513 -0.072235
v -0.600000 0.572235 -0.088513
v -0.500000 0.572235 -0.088513
v -0.500000 0.588513 -0.027765
v -0.500000 0.594471 -0.050000
v -0.500000 0.588513 -0.072235
v -0.740000 0.550000 -0.094471
v -0.740000 0.527765 -0.088513
v -0.740000 0.511487 -0.072235
v -0.740000 0.505529 -0.050000
v -0.740000 0.511487 -0.027765
v -0.740000 0.527765 -0.011487
v -0.740000 0.550000 -0.005529
v -0.740000 0.572235 -0.011487
v -0.740000 0.588513 -0.027765
v -0.740000 0.594471 -0.050000
v -0.740000 0.588513 -0.072235
v -0.740000 0.572235 -0.088513
v -0.505000 -0.000000 0.500000
v -0.505000 -0.000000 0.500000
v -0.505000 0.550000 -0.050000
v -0.505000 0.550000 -0.050000
v -0.595000 0.550000 -0.050000
v -0.595000 0.550000 -0.050000
v -0.595000 -0.000000 0.500000
v -0.595000 -0.000000 0.500000
v -0.580000 0.550000 -0.050000
v -0.580000 0.550000 -0.050000
v -0.580000 0.000000 -0.600000
v -0.580000 0.000000 -0.600000
v -0.580000 0.000000 -0.500000
v -0.520000 0.000000 -0.600000
v -0.520000 0.000000 -0.600000
v -0.520000 0.000000 -0.500000
v -0.505000 0.000000 -0.600000
v -0.505000 0.000000 -0.600000
v -0.520000 0.550000 -0.050000
v -0.520000 0.550000 -0.050000
v -0.595000 0.000000 -0.600000
v -0.595000 0.000000 -0.600000
v -0.580000 -0.000000 0.400000
v -0.580000 -0.000000 0.500000
v -0.580000 -0.000000 0.500000
v -0.520000 -0.000000 0.500000
v -0.520000 -0.000000 0.500000
v -0.520000 -0.000000 0.400000
v -0.580000 0.393431 -0.106569
v -0.580000 0.416863 -0.050000
v -0.580000 0.393431 0.006569
v -0.520000 0.393431 0.006569
v -0.520000 0.416863 -0.050000
v -0.520000 0.393431 -0.106569
v -0.505000 0.014142 0.514142
v -0.505000 0.014142 0.514142
v -0.505000 0.570000 -0.050000
v -0.505000 0.570000 -0.050000
v -0.595000 0.570000 -0.050000
v -0.595000 0.570000 -0.050000
v -0.595000 0.014142 0.514142
v -0.595000 0.014142 0.514142
v -0.505000 0.014142 -0.614142
v -0.505000 0.014142 -0.614142
v -0.595000 0.014142 -0.614142
v -0.595000 0.014142 -0.614142
v 0.720000 0.550000 -0.350000
v 0.720000 0.435195 -0.327164
v 0.780000 0.435195 -0.327164
v 0.780000 0.550000 -0.350000
v 0.720000 0.337868 -0.262132
v 0.780000 0.337868 -0.262132
v 0.720000 0.272836 -0.164805
v 0.780000 0.272836 -0.164805
v 0.720000 0.250000 -0.050000
v 0.780000 0.250000 -0.050000
v 0.720000 0.272836 0.064805
v 0.780000 0.272836 0.064805
v 0.720000 0.337868 0.162132
v 0.780000 0.337868 0.162132
v 0.720000 0.435195 0.227164
v 0.780000 0.435195 0.227164
v 0.720000 0.550000 0.250000
v 0.780000 0.550000 0.250000
v 0.720000 0.664805 0.227164
v 0.780000 0.664805 0.227164
v 0.720000 0.762132 0.162132
v 0.780000 0.762132 0.162132
v 0.720000 0.827164 0.064805
v 0.780000 0.827164 0.064805
v 0.720000 0.850000 -0.050000
v 0.780000 0.850000 -0.050000
v 0.720000 0.827164 -0.164805
v 0.780000 0.827164 -0.164805
v 0.720000 0.762132 -0.262132
v 0.780000 0.762132 -0.262132
v 0.720000 0.664805 -0.327164
v 0.780000 0.664805 -0.327164
v -0.840000 0.270000 -0.450000
v -0.840000 0.270000 0.350000
v -0.840000 0.330000 0.350000
v -0.840000 0.330000 -0.450000
v -0.800000 0.270000 0.350000
v -0.800000 0.270000 -0.450000
v -0.800000 0.330000 -0.450000
v -0.800000 0.330000 0.350000
v -0.844000 0.264000 0.350000
v -0.844000 0.264000 0.350000
v -0.844000 0.264000 0.450000
v -0.844000 0.264000 0.450000
v -0.844000 0.336000 0.450000
v -0.844000 0.336000 0.450000
v -0.844000 0.336000 0.350000
v -0.844000 0.336000 0.350000
v -0.796000 0.264000 0.350000
v -0.796000 0.264000 0.350000
v -0.796000 0.336000 0.350000
v -0.796000 0.336000 0.350000
v -0.796000 0.264000 0.450000
v -0.796000 0.264000 0.450000
v -0.796000 0.336000 0.450000
v -0.796000 0.336000 0.450000
v -0.860000 0.300000 0.370000
v -0.860000 0.285000 0.374019
v -0.860000 0.274019 0.385000
v -0.860000 0.270000 0.400000
v -0.860000 0.274019 0.415000
v -0.860000 0.285000 0.425981
v -0.860000 0.300000 0.430000
v -0.860000 0.315000 0.425981
v -0.860000 0.325981 0.415000
v -0.860000 0.330000 0.400000
v -0.860000 0.325981 0.385000
v -0.860000 0.315000 0.374019
v -0.800000 1.550000 -1.360000
v -0.770000 1.550000 -1.351961
v -0.748038 1.550000 -1.330000
v -0.740000 1.550000 -1.300000
v -0.748038 1.550000 -1.270000
v -0.770000 1.550000 -1.248039
v -0.800000 1.550000 -1.240000
v -0.830000 1.550000 -1.248039
v -0.851962 1.550000 -1.270000
v -0.860000 1.550000 -1.300000
v -0.851962 1.550000 -1.330000
v -0.830000 1.550000 -1.351961
v 0.030000 1.200000 -1.560000
v 0.060000 1.200000 -1.551962
v 0.060000 2.500000 -1.551962
v 0.030000 2.500000 -1.560000
v 0.081962 1.200000 -1.530000
v 0.081962 2.500000 -1.530000
v 0.090000 1.200000 -1.500000
v 0.090000 2.500000 -1.500000
v 0.081962 1.200000 -1.470000
v 0.081962 2.500000 -1.470000
v 0.060000 1.200000 -1.448039
v 0.060000 2.500000 -1.448039
v 0.030000 1.200000 -1.440000
v 0.030000 2.500000 -1.440000
v -0.000000 1.200000 -1.448039
v -0.000000 2.500000 -1.448039
v -0.021962 1.200000 -1.470000
v -0.021962 2.500000 -1.470000
v -0.030000 1.200000 -1.500000
v -0.030000 2.500000 -1.500000
v -0.021962 1.200000 -1.530000
v -0.021962 2.500000 -1.530000
v -0.000000 1.200000 -1.551962
v -0.000000 2.500000 -1.551962
v 0.030000 2.148000 -1.420000
v 0.212320 2.148000 -1.391123
v 0.212320 2.192000 -1.391123
v 0.030000 2.192000 -1.420000
v 0.376793 2.148000 -1.307320
v 0.376793 2.192000 -1.307320
v 0.507320 2.148000 -1.176793
v 0.507320 2.192000 -1.176793
v 0.591123 2.148000 -1.012320
v 0.591123 2.192000 -1.012320
v 0.620000 2.148000 -0.830000
v 0.620000 2.192000 -0.830000
v 0.591123 2.148000 -0.647680
v 0.591123 2.192000 -0.647680
v 0.507320 2.148000 -0.483207
v 0.507320 2.192000 -0.483207
v 0.376793 2.148000 -0.352680
v 0.376793 2.192000 -0.352680
v 0.212320 2.148000 -0.268877
v 0.212320 2.192000 -0.268877
v 0.030000 2.148000 -0.240000
v 0.030000 2.192000 -0.240000
v -0.152320 2.148000 -0.268877
v -0.152320 2.192000 -0.268877
v -0.316793 2.148000 -0.352680
v -0.316793 2.192000 -0.352680
v -0.447320 2.148000 -0.483207
v -0.447320 2.192000 -0.483207
v -0.531123 2.148000 -0.647680
v -0.531123 2.192000 -0.647680
v -0.560000 2.148000 -0.830000
v -0.560000 2.192000 -0.830000
v -0.531123 2.148000 -1.012320
v -0.531123 2.192000 -1.012320
v -0.447320 2.148000 -1.176793
v -0.447320 2.192000 -1.176793
v -0.316793 2.148000 -1.307320
v -0.316793 2.192000 -1.307320
v -0.152320 2.148000 -1.391123
v -0.152320 2.192000 -1.391123
v 0.094894 2.810000 -1.029722
v 0.030000 2.810000 -1.040000
v 0.153435 2.810000 -0.999893
v 0.199894 2.810000 -0.953435
v 0.229722 2.810000 -0.894894
v 0.240000 2.810000 -0.830000
v 0.229722 2.810000 -0.765106
v 0.199894 2.810000 -0.706565
v 0.153435 2.810000 -0.660106
v 0.094894 2.810000 -0.630278
v 0.030000 2.810000 -0.620000
v -0.034894 2.810000 -0.630278
v -0.093435 2.810000 -0.660106
v -0.139894 2.810000 -0.706565
v -0.169722 2.810000 -0.765106
v -0.180000 2.810000 -0.830000
v -0.169722 2.810000 -0.894894
v -0.139894 2.810000 -0.953435
v -0.093435 2.810000 -0.999893
v -0.034894 2.810000 -1.029722
v 0.094894 2.850000 -1.029722
v 0.030000 2.850000 -1.040000
v 0.153435 2.850000 -0.999893
v 0.199894 2.850000 -0.953435
v 0.229722 2.850000 -0.894894
v 0.240000 2.850000 -0.830000
v 0.229722 2.850000 -0.765106
v 0.199894 2.850000 -0.706565
v 0.153435 2.850000 -0.660106
v 0.094894 2.850000 -0.630278
v 0.030000 2.850000 -0.620000
v -0.034893 2.850000 -0.630278
v -0.093435 2.850000 -0.660106
v -0.139893 2.850000 -0.706565
v -0.169722 2.850000 -0.765106
v -0.180000 2.850000 -0.830000
v -0.169722 2.850000 -0.894894
v -0.139893 2.850000 -0.953435
v -0.093435 2.850000 -0.999893
v -0.034893 2.850000 -1.029722
v 0.030000 2.850000 -1.020000
v -0.028713 2.850000 -1.010701
v -0.081679 2.850000 -0.983713
v -0.123713 2.850000 -0.941679
v -0.150701 2.850000 -0.888713
v -0.160000 2.850000 -0.830000
v -0.150701 2.850000 -0.771287
v -0.123713 2.850000 -0.718321
v -0.081679 2.850000 -0.676287
v -0.028713 2.850000 -0.649299
v 0.030000 2.850000 -0.640000
v 0.088713 2.850000 -0.649299
v 0.141679 2.850000 -0.676287
v 0.183713 2.850000 -0.718321
v 0.210701 2.850000 -0.771287
v 0.220000 2.850000 -0.830000
v 0.210701 2.850000 -0.888713
v 0.183713 2.850000 -0.941679
v 0.141679 2.850000 -0.983713
v 0.088713 2.850000 -1.010701
v 0.030000 2.810000 -1.020000
v -0.028713 2.810000 -1.010701
v -0.081679 2.810000 -0.983713
v -0.123713 2.810000 -0.941679
v -0.150701 2.810000 -0.888713
v -0.160000 2.810000 -0.830000
v -0.150701 2.810000 -0.771287
v -0.123713 2.810000 -0.718321
v -0.081679 2.810000 -0.676287
v -0.028713 2.810000 -0.649299
v 0.030000 2.810000 -0.640000
v 0.088713 2.810000 -0.649299
v 0.141679 2.810000 -0.676287
v 0.183713 2.810000 -0.718321
v 0.210701 2.810000 -0.771287
v 0.220000 2.810000 -0.830000
v 0.210701 2.810000 -0.888713
v 0.183713 2.810000 -0.941679
v 0.141679 2.810000 -0.983713
v 0.088713 2.810000 -1.010701
v 0.084020 3.400000 -0.996257
v 0.030000 3.400000 -1.004813
v 0.132753 3.400000 -0.971427
v 0.171427 3.400000 -0.932752
v 0.196257 3.400000 -0.884020
v 0.204813 3.400000 -0.830000
v 0.196257 3.400000 -0.775980
v 0.171427 3.400000 -0.727247
v 0.132753 3.400000 -0.688573
v 0.084020 3.400000 -0.663743
v 0.030000 3.400000 -0.655187
v -0.024020 3.400000 -0.663743
v -0.072752 3.400000 -0.688573
v -0.111427 3.400000 -0.727247
v -0.136257 3.400000 -0.775980
v -0.144813 3.400000 -0.830000
v -0.136257 3.400000 -0.884020
v -0.111427 3.400000 -0.932752
v -0.072752 3.400000 -0.971427
v -0.024020 3.400000 -0.996257
v 0.084020 2.800000 -0.996257
v 0.030000 2.800000 -1.004813
v 0.132753 2.800000 -0.971427
v 0.171427 2.800000 -0.932752
v 0.196257 2.800000 -0.884020
v 0.204813 2.800000 -0.830000
v 0.196257 2.800000 -0.775980
v 0.171427 2.800000 -0.727247
v 0.132753 2.800000 -0.688573
v 0.084020 2.800000 -0.663743
v 0.030000 2.800000 -0.655187
v -0.024020 2.800000 -0.663743
v -0.072752 2.800000 -0.688573
v -0.111427 2.800000 -0.727247
v -0.136257 2.800000 -0.775980
v -0.144813 2.800000 -0.830000
v -0.136257 2.800000 -0.884020
v -0.111427 2.800000 -0.932752
v -0.072752 2.800000 -0.971427
v -0.024020 2.800000 -0.996257
v -0.800000 0.800000 -1.360000
v -0.770000 0.800000 -1.351961
v -0.748038 0.800000 -1.330000
v -0.740000 0.800000 -1.300000
v -0.748038 0.800000 -1.270000
v -0.770000 0.800000 -1.248039
v -0.800000 0.800000 -1.240000
v -0.830000 0.800000 -1.248039
v -0.851962 0.800000 -1.270000
v -0.860000 0.800000 -1.300000
v -0.851962 0.800000 -1.330000
v -0.830000 0.800000 -1.351961
v -0.800000 0.540000 -1.360000
v -0.770000 0.540000 -1.351961
v -0.748039 0.540000 -1.330000
v -0.740000 0.540000 -1.300000
v -0.748039 0.540000 -1.270000
v -0.770000 0.540000 -1.248039
v -0.800000 0.540000 -1.240000
v -0.830000 0.540000 -1.248039
v -0.851962 0.540000 -1.270000
v -0.860000 0.540000 -1.300000
v -0.851962 0.540000 -1.330000
v -0.830000 0.540000 -1.351961
v -0.800000 1.050000 -1.360000
v -0.770000 1.050000 -1.351961
v -0.748038 1.050000 -1.330000
v -0.740000 1.050000 -1.300000
v -0.748038 1.050000 -1.270000
v -0.770000 1.050000 -1.248039
v -0.800000 1.050000 -1.240000
v -0.830000 1.050000 -1.248039
v -0.851962 1.050000 -1.270000
v -0.860000 1.050000 -1.300000
v -0.851962 1.050000 -1.330000
v -0.830000 1.050000 -1.351961
v -0.800000 1.000000 -1.360000
v -0.770000 1.000000 -1.351961
v -0.748039 1.000000 -1.330000
v -0.740000 1.000000 -1.300000
v -0.748039 1.000000 -1.270000
v -0.770000 1.000000 -1.248039
v -0.800000 1.000000 -1.240000
v -0.830000 1.000000 -1.248039
v -0.851962 1.000000 -1.270000
v -0.860000 1.000000 -1.300000
v -0.851962 1.000000 -1.330000
v -0.830000 1.000000 -1.351961
v -0.800000 1.350000 -1.360000
v -0.770000 1.350000 -1.351961
v -0.748038 1.350000 -1.330000
v -0.740000 1.350000 -1.300000
v -0.748038 1.350000 -1.270000
v -0.770000 1.350000 -1.248039
v -0.800000 1.350000 -1.240000
v -0.830000 1.350000 -1.248039
v -0.851962 1.350000 -1.270000
v -0.860000 1.350000 -1.300000
v -0.851962 1.350000 -1.330000
v -0.830000 1.350000 -1.351961
v -0.800000 1.250000 -1.360000
v -0.770000 1.250000 -1.351961
v -0.748039 1.250000 -1.330000
v -0.740000 1.250000 -1.300000
v -0.748039 1.250000 -1.270000
v -0.770000 1.250000 -1.248039
v -0.800000 1.250000 -1.240000
v -0.830000 1.250000 -1.248039
v -0.851962 1.250000 -1.270000
v -0.860000 1.250000 -1.300000
v -0.851962 1.250000 -1.330000
v -0.830000 1.250000 -1.351961
v -0.860622 1.370000 -1.335000
v -0.870000 1.370000 -1.300000
v -0.835000 1.370000 -1.360622
v -0.800000 1.370000 -1.370000
v -0.765000 1.370000 -1.360622
v -0.739378 1.370000 -1.335000
v -0.730000 1.370000 -1.300000
v -0.739378 1.370000 -1.265000
v -0.765000 1.370000 -1.239378
v -0.800000 1.370000 -1.230000
v -0.835000 1.370000 -1.239378
v -0.860622 1.370000 -1.265000
v -0.860622 1.350000 -1.335000
v -0.870000 1.350000 -1.300000
v -0.835000 1.350000 -1.360622
v -0.800000 1.350000 -1.370000
v -0.765000 1.350000 -1.360622
v -0.739378 1.350000 -1.335000
v -0.730000 1.350000 -1.300000
v -0.739378 1.350000 -1.265000
v -0.765000 1.350000 -1.239378
v -0.800000 1.350000 -1.230000
v -0.835000 1.350000 -1.239378
v -0.860622 1.350000 -1.265000
v -0.860622 1.550000 -1.335000
v -0.870000 1.550000 -1.300000
v -0.835000 1.550000 -1.360622
v -0.800000 1.550000 -1.370000
v -0.765000 1.550000 -1.360622
v -0.739378 1.550000 -1.335000
v -0.730000 1.550000 -1.300000
v -0.739378 1.550000 -1.265000
v -0.765000 1.550000 -1.239378
v -0.800000 1.550000 -1.230000
v -0.835000 1.550000 -1.239378
v -0.860622 1.550000 -1.265000
v -0.860622 1.530000 -1.335000
v -0.870000 1.530000 -1.300000
v -0.835000 1.530000 -1.360622
v -0.800000 1.530000 -1.370000
v -0.765000 1.530000 -1.360622
v -0.739378 1.530000 -1.335000
v -0.730000 1.530000 -1.300000
v -0.739378 1.530000 -1.265000
v -0.765000 1.530000 -1.239378
v -0.800000 1.530000 -1.230000
v -0.835000 1.530000 -1.239378
v -0.860622 1.530000 -1.265000
v -0.860622 1.295000 -1.335000
v -0.870000 1.295000 -1.300000
v -0.835000 1.295000 -1.360622
v -0.800000 1.295000 -1.370000
v -0.765000 1.295000 -1.360622
v -0.739378 1.295000 -1.335000
v -0.730000 1.295000 -1.300000
v -0.739378 1.295000 -1.265000
v -0.765000 1.295000 -1.239378
v -0.800000 1.295000 -1.230000
v -0.835000 1.295000 -1.239378
v -0.860622 1.295000 -1.265000
v -0.860622 1.275000 -1.335000
v -0.870000 1.275000 -1.300000
v -0.835000 1.275000 -1.360622
v -0.800000 1.275000 -1.370000
v -0.765000 1.275000 -1.360622
v -0.739378 1.275000 -1.335000
v -0.730000 1.275000 -1.300000
v -0.739378 1.275000 -1.265000
v -0.765000 1.275000 -1.239378
v -0.800000 1.275000 -1.230000
v -0.835000 1.275000 -1.239378
v -0.860622 1.275000 -1.265000
v -0.860622 1.325000 -1.335000
v -0.870000 1.325000 -1.300000
v -0.835000 1.325000 -1.360622
v -0.800000 1.325000 -1.370000
v -0.765000 1.325000 -1.360622
v -0.739378 1.325000 -1.335000
v -0.730000 1.325000 -1.300000
v -0.739378 1.325000 -1.265000
v -0.765000 1.325000 -1.239378
v -0.800000 1.325000 -1.230000
v -0.835000 1.325000 -1.239378
v -0.860622 1.325000 -1.265000
v -0.860622 1.305000 -1.335000
v -0.870000 1.305000 -1.300000
v -0.835000 1.305000 -1.360622
v -0.800000 1.305000 -1.370000
v -0.765000 1.305000 -1.360622
v -0.739378 1.305000 -1.335000
v -0.730000 1.305000 -1.300000
v -0.739378 1.305000 -1.265000
v -0.765000 1.305000 -1.239378
v -0.800000 1.305000 -1.230000
v -0.835000 1.305000 -1.239378
v -0.860622 1.305000 -1.265000
v -0.680000 0.200000 0.090000
v -0.680000 0.200000 0.090000
v -0.680000 0.200000 0.110000
v -0.680000 0.200000 0.110000
v -0.620000 0.200000 0.090000
v -0.620000 0.200000 0.090000
v -0.620000 0.200000 0.110000
v -0.620000 0.200000 0.110000
v -0.674142 1.174142 0.110000
v -0.660000 1.180000 0.110000
v -0.660000 1.180000 0.090000
v -0.674142 1.174142 0.090000
v -0.680000 1.160000 0.110000
v -0.680000 1.160000 0.090000
v -0.625858 1.174142 0.090000
v -0.640000 1.180000 0.090000
v -0.640000 1.180000 0.110000
v -0.625858 1.174142 0.110000
v -0.620000 1.160000 0.090000
v -0.620000 1.160000 0.110000
v -0.720000 0.550000 -0.110000
v -0.720000 0.520000 -0.101962
v -0.640000 0.520000 -0.101962
v -0.640000 0.550000 -0.110000
v -0.720000 0.498038 -0.080000
v -0.640000 0.498038 -0.080000
v -0.720000 0.490000 -0.050000
v -0.640000 0.490000 -0.050000
v -0.720000 0.498038 -0.020000
v -0.640000 0.498038 -0.020000
v -0.720000 0.520000 0.001961
v -0.640000 0.520000 0.001961
v -0.720000 0.550000 0.010000
v -0.640000 0.550000 0.010000
v -0.720000 0.580000 0.001961
v -0.640000 0.580000 0.001961
v -0.720000 0.601961 -0.020000
v -0.640000 0.601961 -0.020000
v -0.720000 0.610000 -0.050000
v -0.640000 0.610000 -0.050000
v -0.720000 0.601961 -0.080000
v -0.640000 0.601961 -0.080000
v -0.720000 0.580000 -0.101962
v -0.640000 0.580000 -0.101962
v -0.600000 0.700001 -0.765000
v -0.589393 0.700001 -0.760607
v -0.650000 2.085000 -0.750000
v -0.650000 2.089394 -0.739393
v -0.589393 2.200000 -0.760607
v -0.600000 2.200000 -0.765000
v -0.650000 2.100000 -0.735000
v -0.650000 2.110607 -0.739393
v -0.585000 0.700001 -0.750000
v -0.585000 2.200000 -0.750000
v -0.589393 0.700001 -0.739393
v -0.650000 2.089394 -0.760606
v -0.589393 2.200000 -0.739393
v -0.600000 0.700001 -0.735000
v -0.600000 2.200000 -0.735000
v -0.610607 0.700001 -0.739393
v -0.610607 2.200000 -0.739393
v -0.615000 0.700001 -0.750000
v -0.615000 2.200000 -0.750000
v -0.610607 0.700001 -0.760607
v -0.650000 2.100000 -0.765000
v -0.610607 2.200000 -0.760607
v -0.650000 2.115000 -0.750000
v -0.650000 2.110607 -0.760606
v -0.670000 2.090000 -0.750000
v -0.670000 2.092929 -0.742929
v -0.670000 2.100000 -0.740000
v -0.670000 2.107071 -0.742929
v -0.670000 2.092929 -0.757071
v -0.670000 2.100000 -0.760000
v -0.670000 2.110000 -0.750000
v -0.670000 2.107071 -0.757071
v -0.670000 2.121214 -0.728787
v -0.670000 2.100000 -0.720000
v -0.680000 2.070001 -0.750000
v -0.680000 2.078787 -0.728787
v -0.680000 2.100000 -0.720000
v -0.680000 2.121214 -0.728787
v -0.670000 2.070001 -0.750000
v -0.670000 2.078787 -0.771213
v -0.680000 2.078787 -0.771213
v -0.670000 2.078787 -0.728787
v -0.670000 2.100000 -0.780000
v -0.680000 2.100000 -0.780000
v -0.680000 2.130000 -0.750000
v -0.670000 2.130000 -0.750000
v -0.680000 2.121214 -0.771213
v -0.670000 2.121214 -0.771213
v -0.574000 2.100000 -0.767000
v -0.574000 2.112021 -0.762021
v -0.574000 2.117000 -0.750000
v -0.582000 2.112021 -0.737979
v -0.582000 2.117000 -0.750000
v -0.582000 2.112021 -0.762021
v -0.582000 2.100000 -0.767000
v -0.574000 2.100000 -0.733000
v -0.574000 2.087979 -0.737979
v -0.574000 2.112021 -0.737979
v -0.582000 2.087979 -0.737979
v -0.582000 2.100000 -0.733000
v -0.600000 2.080000 -0.767000
v -0.612021 2.080000 -0.762021
v -0.612021 2.072000 -0.762021
v -0.600000 2.072000 -0.767000
v -0.617000 2.080000 -0.750000
v -0.617000 2.072000 -0.750000
v -0.612021 2.080000 -0.737979
v -0.612021 2.072000 -0.737979
v -0.600000 2.120000 -0.767000
v -0.587980 2.120000 -0.762021
v -0.583000 2.120000 -0.750000
v -0.587980 2.128000 -0.737979
v -0.583000 2.128000 -0.750000
v -0.587980 2.128000 -0.762021
v -0.600000 2.128000 -0.767000
v -0.600000 2.120000 -0.733000
v -0.612021 2.120000 -0.737979
v -0.587980 2.120000 -0.737979
v -0.612021 2.128000 -0.737979
v -0.600000 2.128000 -0.733000
v -0.626000 2.100000 -0.767000
v -0.626000 2.087979 -0.762021
v -0.618000 2.087979 -0.762021
v -0.618000 2.100000 -0.767000
v -0.626000 2.083000 -0.750000
v -0.618000 2.083000 -0.750000
v -0.626000 2.087979 -0.737979
v -0.618000 2.087979 -0.737979
v -0.626000 2.100000 -0.733000
v -0.626000 2.112021 -0.737979
v -0.618000 2.117000 -0.750000
v -0.618000 2.112021 -0.737979
v -0.618000 2.100000 -0.733000
v -0.626000 2.117000 -0.750000
v -0.626000 2.112021 -0.762021
v -0.618000 2.112021 -0.762021
v -0.574000 2.083000 -0.750000
v -0.582000 2.083000 -0.750000
v -0.574000 2.087979 -0.762021
v -0.582000 2.087979 -0.762021
v -0.617000 2.120000 -0.750000
v -0.617000 2.128000 -0.750000
v -0.612021 2.120000 -0.762021
v -0.612021 2.128000 -0.762021
v -0.600000 2.080000 -0.733000
v -0.587980 2.080000 -0.737979
v -0.583000 2.072000 -0.750000
v -0.587980 2.072000 -0.737979
v -0.600000 2.072000 -0.733000
v -0.583000 2.080000 -0.750000
v -0.587980 2.080000 -0.762021
v -0.587980 2.072000 -0.762021
v -0.600000 2.220000 -0.770000
v -0.590000 2.220000 -0.767321
v -0.590000 2.300000 -0.767321
v -0.600000 2.300000 -0.770000
v -0.582680 2.220000 -0.760000
v -0.582680 2.300000 -0.760000
v -0.580000 2.220000 -0.750000
v -0.580000 2.300000 -0.750000
v -0.582680 2.220000 -0.740000
v -0.582680 2.300000 -0.740000
v -0.590000 2.220000 -0.732680
v -0.590000 2.300000 -0.732680
v -0.600000 2.220000 -0.730000
v -0.600000 2.300000 -0.730000
v -0.610000 2.220000 -0.732680
v -0.610000 2.300000 -0.732680
v -0.617321 2.220000 -0.740000
v -0.617321 2.300000 -0.740000
v -0.620000 2.220000 -0.750000
v -0.620000 2.300000 -0.750000
v -0.617321 2.220000 -0.760000
v -0.617321 2.300000 -0.760000
v -0.610000 2.220000 -0.767321
v -0.610000 2.300000 -0.767321
v -0.596667 2.320333 -0.755774
v -0.600000 2.320333 -0.756667
v -0.594227 2.320333 -0.753334
v -0.593334 2.320333 -0.750000
v -0.594227 2.320333 -0.746667
v -0.596667 2.320333 -0.744227
v -0.600000 2.320333 -0.743334
v -0.603334 2.320333 -0.744227
v -0.605774 2.320333 -0.746667
v -0.606667 2.320333 -0.750000
v -0.605774 2.320333 -0.753334
v -0.603334 2.320333 -0.755774
v -0.630000 2.194000 -0.760000
v -0.630000 2.194000 -0.760000
v -0.630000 2.194000 -0.740000
v -0.630000 2.194000 -0.740000
v -0.630000 2.214000 -0.740000
v -0.630000 2.214000 -0.740000
v -0.630000 2.214000 -0.760000
v -0.630000 2.214000 -0.760000
v -0.610000 2.194000 -0.760000
v -0.610000 2.194000 -0.760000
v -0.610000 2.214000 -0.760000
v -0.610000 2.214000 -0.760000
v -0.610000 2.194000 -0.740000
v -0.610000 2.194000 -0.740000
v -0.610000 2.214000 -0.740000
v -0.610000 2.214000 -0.740000
v -0.625000 2.196687 -0.758000
v -0.636314 2.208000 -0.758000
v -0.625000 2.219314 -0.758000
v -0.613687 2.208000 -0.758000
v -0.636314 2.208000 -0.742000
v -0.625000 2.196687 -0.742000
v -0.613687 2.208000 -0.742000
v -0.625000 2.219314 -0.742000
v -0.631132 2.269183 -0.743600
v -0.631132 2.269183 -0.743600
v -0.631132 2.269183 -0.756400
v -0.631132 2.269183 -0.756400
v -0.640182 2.260132 -0.743600
v -0.640182 2.260132 -0.756400
v -0.652072 2.272284 -0.754800
v -0.652072 2.272284 -0.754800
v -0.652072 2.272284 -0.745200
v -0.652072 2.272284 -0.745200
v -0.645284 2.279072 -0.745200
v -0.645284 2.279072 -0.745200
v -0.645284 2.279072 -0.754800
v -0.645284 2.279072 -0.754800
v -0.574000 0.700000 -0.767000
v -0.574000 0.712021 -0.762021
v -0.574000 0.717000 -0.750000
v -0.582000 0.712021 -0.737979
v -0.582000 0.717000 -0.750000
v -0.582000 0.712021 -0.762021
v -0.582000 0.700000 -0.767000
v -0.574000 0.700000 -0.733000
v -0.574000 0.687979 -0.737979
v -0.574000 0.712021 -0.737979
v -0.582000 0.687979 -0.737979
v -0.582000 0.700000 -0.733000
v -0.600000 0.680000 -0.767000
v -0.612021 0.680000 -0.762021
v -0.612021 0.672000 -0.762021
v -0.600000 0.672000 -0.767000
v -0.617000 0.680000 -0.750000
v -0.617000 0.672000 -0.750000
v -0.612021 0.680000 -0.737979
v -0.612021 0.672000 -0.737979
v -0.600000 0.720000 -0.767000
v -0.587980 0.720000 -0.762021
v -0.583000 0.720000 -0.750000
v -0.587980 0.728000 -0.737979
v -0.583000 0.728000 -0.750000
v -0.587980 0.728000 -0.762021
v -0.600000 0.728000 -0.767000
v -0.600000 0.720000 -0.733000
v -0.612021 0.720000 -0.737979
v -0.587980 0.720000 -0.737979
v -0.612021 0.728000 -0.737979
v -0.600000 0.728000 -0.733000
v -0.583000 0.700001 -0.776000
v -0.587979 0.687979 -0.776000
v -0.587980 0.687979 -0.768000
v -0.583001 0.700001 -0.768000
v -0.600000 0.683001 -0.776000
v -0.600001 0.683001 -0.768000
v -0.612021 0.687979 -0.776000
v -0.612021 0.687979 -0.768000
v -0.617000 0.700001 -0.776000
v -0.612021 0.712021 -0.776000
v -0.600001 0.717000 -0.768000
v -0.612021 0.712021 -0.768000
v -0.617001 0.700001 -0.768000
v -0.600000 0.717000 -0.776000
v -0.587979 0.712021 -0.776000
v -0.587980 0.712021 -0.768000
v -0.574000 0.683000 -0.750000
v -0.582000 0.683000 -0.750000
v -0.574000 0.687979 -0.762021
v -0.582000 0.687979 -0.762021
v -0.617000 0.720000 -0.750000
v -0.617000 0.728000 -0.750000
v -0.612021 0.720000 -0.762021
v -0.612021 0.728000 -0.762021
v -0.600000 0.680000 -0.733000
v -0.587980 0.680000 -0.737979
v -0.583000 0.672000 -0.750000
v -0.587980 0.672000 -0.737979
v -0.600000 0.672000 -0.733000
v -0.583000 0.680000 -0.750000
v -0.587980 0.680000 -0.762021
v -0.587980 0.672000 -0.762021
v -0.580000 0.685000 -0.750000
v -0.580000 0.689394 -0.739393
v -0.580000 0.700000 -0.735000
v -0.580000 0.710607 -0.739393
v -0.580000 0.689394 -0.760606
v -0.580000 0.700000 -0.765000
v -0.580000 0.715000 -0.750000
v -0.580000 0.710607 -0.760606
v -0.300000 1.676000 -1.390000
v -0.280000 1.676000 -1.384641
v -0.280000 1.724000 -1.384641
v -0.300000 1.724000 -1.390000
v -0.265359 1.676000 -1.370000
v -0.265359 1.724000 -1.370000
v -0.260000 1.676000 -1.350000
v -0.260000 1.724000 -1.350000
v -0.265359 1.676000 -1.330000
v -0.265359 1.724000 -1.330000
v -0.280000 1.676000 -1.315359
v -0.280000 1.724000 -1.315359
v -0.300000 1.676000 -1.310000
v -0.300000 1.724000 -1.310000
v -0.320000 1.676000 -1.315359
v -0.320000 1.724000 -1.315359
v -0.334641 1.676000 -1.330000
v -0.334641 1.724000 -1.330000
v -0.340000 1.676000 -1.350000
v -0.340000 1.724000 -1.350000
v -0.334641 1.676000 -1.370000
v -0.334641 1.724000 -1.370000
v -0.320000 1.676000 -1.384641
v -0.320000 1.724000 -1.384641
v -0.300000 2.300000 -1.390000
v -0.280000 2.300000 -1.384641
v -0.280000 2.348000 -1.384641
v -0.300000 2.348000 -1.390000
v -0.265359 2.300000 -1.370000
v -0.265359 2.348000 -1.370000
v -0.260000 2.300000 -1.350000
v -0.260000 2.348000 -1.350000
v -0.265359 2.300000 -1.330000
v -0.265359 2.348000 -1.330000
v -0.280000 2.300000 -1.315359
v -0.280000 2.348000 -1.315359
v -0.300000 2.300000 -1.310000
v -0.300000 2.348000 -1.310000
v -0.320000 2.300000 -1.315359
v -0.320000 2.348000 -1.315359
v -0.334641 2.300000 -1.330000
v -0.334641 2.348000 -1.330000
v -0.340000 2.300000 -1.350000
v -0.340000 2.348000 -1.350000
v -0.334641 2.300000 -1.370000
v -0.334641 2.348000 -1.370000
v -0.320000 2.300000 -1.384641
v -0.320000 2.348000 -1.384641
v -0.860622 1.485000 -1.190000
v -0.870000 1.450000 -1.190000
v -0.835000 1.510621 -1.190000
v -0.800000 1.520000 -1.190000
v -0.765000 1.510621 -1.190000
v -0.739378 1.485000 -1.190000
v -0.730000 1.450000 -1.190000
v -0.739378 1.415000 -1.190000
v -0.765000 1.389378 -1.190000
v -0.800000 1.380000 -1.190000
v -0.835000 1.389378 -1.190000
v -0.860622 1.414999 -1.190000
v -0.860622 1.485000 -1.210000
v -0.870000 1.450000 -1.210000
v -0.835000 1.510621 -1.210000
v -0.800000 1.520000 -1.210000
v -0.765000 1.510621 -1.210000
v -0.739378 1.485000 -1.210000
v -0.730000 1.450000 -1.210000
v -0.739378 1.415000 -1.210000
v -0.765000 1.389378 -1.210000
v -0.800000 1.380000 -1.210000
v -0.835000 1.389378 -1.210000
v -0.860622 1.414999 -1.210000
v -0.860622 1.485000 -1.160000
v -0.870000 1.450000 -1.160000
v -0.835000 1.510621 -1.160000
v -0.800000 1.520000 -1.160000
v -0.765000 1.510621 -1.160000
v -0.739378 1.485000 -1.160000
v -0.730000 1.450000 -1.160000
v -0.739378 1.415000 -1.160000
v -0.765000 1.389378 -1.160000
v -0.800000 1.380000 -1.160000
v -0.835000 1.389378 -1.160000
v -0.860622 1.414999 -1.160000
v -0.860622 1.485000 -1.180000
v -0.870000 1.450000 -1.180000
v -0.835000 1.510621 -1.180000
v -0.800000 1.520000 -1.180000
v -0.765000 1.510621 -1.180000
v -0.739378 1.485000 -1.180000
v -0.730000 1.450000 -1.180000
v -0.739378 1.415000 -1.180000
v -0.765000 1.389378 -1.180000
v -0.800000 1.380000 -1.180000
v -0.835000 1.389378 -1.180000
v -0.860622 1.414999 -1.180000
v -0.812129 1.457002 -1.090000
v -0.814005 1.450000 -1.090000
v -0.807002 1.462128 -1.090000
v -0.800000 1.464005 -1.090000
v -0.792998 1.462128 -1.090000
v -0.787871 1.457002 -1.090000
v -0.785995 1.450000 -1.090000
v -0.787871 1.442997 -1.090000
v -0.792998 1.437871 -1.090000
v -0.800000 1.435995 -1.090000
v -0.807002 1.437871 -1.090000
v -0.812129 1.442997 -1.090000
v -0.808487 1.454900 -1.090000
v -0.809800 1.450000 -1.090000
v -0.804900 1.458487 -1.090000
v -0.800000 1.459800 -1.090000
v -0.795100 1.458487 -1.090000
v -0.791513 1.454900 -1.090000
v -0.790200 1.450000 -1.090000
v -0.791513 1.445100 -1.090000
v -0.795100 1.441513 -1.090000
v -0.800000 1.440200 -1.090000
v -0.804900 1.441513 -1.090000
v -0.808487 1.445100 -1.090000
v -0.800000 1.462000 -1.061000
v -0.791515 1.458485 -1.061000
v -0.791515 1.458485 -1.049000
v -0.800000 1.462000 -1.049000
v -0.788000 1.450000 -1.061000
v -0.788000 1.450000 -1.049000
v -0.791515 1.441514 -1.061000
v -0.791515 1.441514 -1.049000
v -0.800000 1.438000 -1.061000
v -0.800000 1.438000 -1.049000
v -0.808485 1.441514 -1.061000
v -0.808485 1.441514 -1.049000
v -0.812000 1.450000 -1.061000
v -0.812000 1.450000 -1.049000
v -0.808485 1.458485 -1.061000
v -0.808485 1.458485 -1.049000
v -0.803200 1.390000 -1.058200
v -0.803200 1.390000 -1.058200
v -0.803200 1.390000 -1.051800
v -0.803200 1.390000 -1.051800
v -0.803200 1.510000 -1.051800
v -0.803200 1.510000 -1.051800
v -0.803200 1.510000 -1.058200
v -0.803200 1.510000 -1.058200
v -0.796800 1.390000 -1.058200
v -0.796800 1.390000 -1.058200
v -0.796800 1.510000 -1.058200
v -0.796800 1.510000 -1.058200
v -0.796800 1.390000 -1.051800
v -0.796800 1.390000 -1.051800
v -0.796800 1.510000 -1.051800
v -0.796800 1.510000 -1.051800
v -0.749638 1.417228 -1.051800
v -0.749638 1.417228 -1.051800
v -0.746438 1.422771 -1.051800
v -0.746438 1.422771 -1.051800
v -0.850361 1.482771 -1.051800
v -0.850361 1.482771 -1.051800
v -0.853561 1.477228 -1.051800
v -0.853561 1.477228 -1.051800
v -0.749638 1.417228 -1.058200
v -0.749638 1.417228 -1.058200
v -0.853561 1.477228 -1.058200
v -0.853561 1.477228 -1.058200
v -0.746438 1.422771 -1.058200
v -0.746438 1.422771 -1.058200
v -0.850361 1.482771 -1.058200
v -0.850361 1.482771 -1.058200
v -0.746438 1.477228 -1.058200
v -0.746438 1.477228 -1.058200
v -0.746438 1.477228 -1.051800
v -0.746438 1.477228 -1.051800
v -0.850361 1.417228 -1.051800
v -0.850361 1.417228 -1.051800
v -0.850361 1.417228 -1.058200
v -0.850361 1.417228 -1.058200
v -0.749638 1.482771 -1.058200
v -0.749638 1.482771 -1.058200
v -0.853562 1.422771 -1.058200
v -0.853562 1.422771 -1.058200
v -0.749638 1.482771 -1.051800
v -0.749638 1.482771 -1.051800
v -0.853562 1.422771 -1.051800
v -0.853562 1.422771 -1.051800
v -0.830000 1.445000 -1.160000
v -0.830000 1.445000 -1.160000
v -0.810000 1.445000 -1.090000
v -0.810000 1.455000 -1.090000
v -0.830000 1.455000 -1.160000
v -0.830000 1.455000 -1.160000
v -0.770000 1.445000 -1.160000
v -0.770000 1.445000 -1.160000
v -0.770000 1.455000 -1.160000
v -0.770000 1.455000 -1.160000
v -0.790000 1.445000 -1.090000
v -0.790000 1.455000 -1.090000
v -0.805000 1.480000 -1.160000
v -0.805000 1.480000 -1.160000
v -0.805000 1.460000 -1.090000
v -0.795000 1.460000 -1.090000
v -0.795000 1.480000 -1.160000
v -0.795000 1.480000 -1.160000
v -0.805000 1.420000 -1.160000
v -0.805000 1.420000 -1.160000
v -0.795000 1.420000 -1.160000
v -0.795000 1.420000 -1.160000
v -0.805000 1.440000 -1.090000
v -0.795000 1.440000 -1.090000
v 0.700000 0.200000 0.500000
v 0.700000 0.200000 0.500000
v 0.700000 0.200000 1.100000
v 0.700000 0.200000 1.100000
v 0.700000 0.230000 1.100000
v 0.700000 0.230000 1.100000
v 0.700000 0.230000 0.500000
v 0.700000 0.230000 0.500000
v 0.600000 0.200000 0.500000
v 0.600000 0.200000 0.500000
v 0.600000 0.230000 0.500000
v 0.600000 0.230000 0.500000
v 0.600000 0.200000 1.100000
v 0.600000 0.200000 1.100000
v 0.600000 0.230000 1.100000
v 0.600000 0.230000 1.100000
v 0.700000 0.400000 0.740000
v 0.700000 0.370000 0.748038
v 0.600000 0.370000 0.748038
v 0.600000 0.400000 0.740000
v 0.700000 0.348038 0.770000
v 0.600000 0.348038 0.770000
v 0.700000 0.340000 0.800000
v 0.600000 0.340000 0.800000
v 0.700000 0.348038 0.830000
v 0.600000 0.348038 0.830000
v 0.700000 0.370000 0.851962
v 0.600000 0.370000 0.851962
v 0.700000 0.400000 0.860000
v 0.600000 0.400000 0.860000
v 0.700000 0.430000 0.851962
v 0.600000 0.430000 0.851962
v 0.700000 0.451962 0.830000
v 0.600000 0.451961 0.830000
v 0.700000 0.460000 0.800000
v 0.600000 0.460000 0.800000
v 0.700000 0.451962 0.770000
v 0.600000 0.451961 0.770000
v 0.700000 0.430000 0.748038
v 0.600000 0.430000 0.748038
v 0.700000 0.400000 0.755529
v 0.700000 0.377765 0.761487
v 0.600000 0.377765 0.761487
v 0.600000 0.400000 0.755529
v 0.700000 0.361487 0.777765
v 0.600000 0.361487 0.777765
v 0.700000 0.355529 0.800000
v 0.600000 0.355529 0.800000
v 0.700000 0.361487 0.822235
v 0.600000 0.361487 0.822235
v 0.700000 0.377765 0.838513
v 0.600000 0.377765 0.838513
v 0.700000 0.400000 0.844471
v 0.600000 0.400000 0.844471
v 0.700000 0.422235 0.838513
v 0.600000 0.422235 0.838513
v 0.700000 0.438513 0.822235
v 0.700000 0.444471 0.800000
v 0.700000 0.438513 0.777765
v 0.700000 0.422235 0.761487
v 0.600000 0.422235 0.761487
v 0.600000 0.265000 0.985000
v 0.600000 0.265000 0.985000
v 0.700000 0.265000 0.985000
v 0.700000 0.265000 0.985000
v 0.700000 0.380000 0.850000
v 0.700000 0.230000 1.100000
v 0.700000 0.250000 1.045000
v 0.600000 0.230000 0.960000
v 0.600000 0.410000 0.850000
v 0.600000 0.250000 1.045000
v 0.600000 0.230000 1.100000
v 0.600000 0.380000 0.850000
v 0.700000 0.410000 0.850000
v 0.700000 0.230000 0.960000
v 0.600000 0.438513 0.822235
v 0.600000 0.444471 0.800000
v 0.600000 0.438513 0.777765
v 0.600000 0.265000 0.615000
v 0.600000 0.265000 0.615000
v 0.700000 0.265000 0.615000
v 0.700000 0.265000 0.615000
v 0.700000 0.380000 0.750000
v 0.700000 0.230000 0.500000
v 0.700000 0.250000 0.555000
v 0.600000 0.230000 0.640000
v 0.600000 0.410000 0.750000
v 0.600000 0.250000 0.555000
v 0.600000 0.230000 0.500000
v 0.600000 0.380000 0.750000
v 0.700000 0.410000 0.750000
v 0.700000 0.230000 0.640000
v 0.750000 0.400000 0.755529
v 0.750000 0.377765 0.761487
v 0.750000 0.361487 0.777765
v 0.750000 0.355529 0.800000
v 0.750000 0.361487 0.822235
v 0.750000 0.377765 0.838513
v 0.750000 0.400000 0.844471
v 0.750000 0.422235 0.838513
v 0.750000 0.438513 0.822235
v 0.750000 0.444471 0.800000
v 0.750000 0.438513 0.777765
v 0.750000 0.422235 0.761487
v 0.610061 0.257250 1.061375
v 0.610061 0.257250 1.061375
v 0.625000 0.257250 1.052750
v 0.625000 0.257250 1.052750
v 0.625000 0.222750 1.052750
v 0.610061 0.222750 1.061375
v 0.610061 0.257250 1.078625
v 0.610061 0.257250 1.078625
v 0.610061 0.222750 1.078625
v 0.625000 0.257250 1.087250
v 0.625000 0.257250 1.087250
v 0.625000 0.222750 1.087250
v 0.639939 0.257250 1.078625
v 0.639939 0.257250 1.078625
v 0.639939 0.222750 1.078625
v 0.639939 0.257250 1.061375
v 0.639939 0.257250 1.061375
v 0.639939 0.222750 1.061375
v 0.660061 0.257250 1.061375
v 0.660061 0.257250 1.061375
v 0.675000 0.257250 1.052750
v 0.675000 0.257250 1.052750
v 0.675000 0.222750 1.052750
v 0.660061 0.222750 1.061375
v 0.660061 0.257250 1.078625
v 0.660061 0.257250 1.078625
v 0.660061 0.222750 1.078625
v 0.675000 0.257250 1.087250
v 0.675000 0.257250 1.087250
v 0.675000 0.222750 1.087250
v 0.689939 0.257250 1.078625
v 0.689939 0.257250 1.078625
v 0.689939 0.222750 1.078625
v 0.689939 0.257250 1.061375
v 0.689939 0.257250 1.061375
v 0.689939 0.222750 1.061375
v 0.610061 0.257250 0.521375
v 0.610061 0.257250 0.521375
v 0.625000 0.257250 0.512750
v 0.625000 0.257250 0.512750
v 0.625000 0.222750 0.512750
v 0.610061 0.222750 0.521375
v 0.610061 0.257250 0.538625
v 0.610061 0.257250 0.538625
v 0.610061 0.222750 0.538625
v 0.625000 0.257250 0.547250
v 0.625000 0.257250 0.547250
v 0.625000 0.222750 0.547250
v 0.639939 0.257250 0.538625
v 0.639939 0.257250 0.538625
v 0.639939 0.222750 0.538625
v 0.639939 0.257250 0.521375
v 0.639939 0.257250 0.521375
v 0.639939 0.222750 0.521375
v 0.660061 0.257250 0.521375
v 0.660061 0.257250 0.521375
v 0.675000 0.257250 0.512750
v 0.675000 0.257250 0.512750
v 0.675000 0.222750 0.512750
v 0.660061 0.222750 0.521375
v 0.660061 0.257250 0.538625
v 0.660061 0.257250 0.538625
v 0.660061 0.222750 0.538625
v 0.675000 0.257250 0.547250
v 0.675000 0.257250 0.547250
v 0.675000 0.222750 0.547250
v 0.689939 0.257250 0.538625
v 0.689939 0.257250 0.538625
v 0.689939 0.222750 0.538625
v 0.689939 0.257250 0.521375
v 0.689939 0.257250 0.521375
v 0.689939 0.222750 0.521375
v 0.600000 0.550000 -0.110000
v 0.600000 0.520000 -0.101962
v 0.700000 0.520000 -0.101962
v 0.700000 0.550000 -0.110000
v 0.600000 0.498038 -0.080000
v 0.700000 0.498038 -0.080000
v 0.600000 0.490000 -0.050000
v 0.700000 0.490000 -0.050000
v 0.600000 0.498038 -0.020000
v 0.700000 0.498038 -0.020000
v 0.600000 0.520000 0.001962
v 0.700000 0.520000 0.001962
v 0.600000 0.550000 0.010000
v 0.700000 0.550000 0.010000
v 0.600000 0.580000 0.001962
v 0.700000 0.580000 0.001962
v 0.600000 0.601961 -0.020000
v 0.700000 0.601961 -0.020000
v 0.600000 0.610000 -0.050000
v 0.700000 0.610000 -0.050000
v 0.600000 0.601961 -0.080000
v 0.700000 0.601961 -0.080000
v 0.600000 0.580000 -0.101962
v 0.700000 0.580000 -0.101962
v 0.600000 0.550000 -0.094471
v 0.600000 0.527765 -0.088513
v 0.700000 0.527765 -0.088513
v 0.700000 0.550000 -0.094471
v 0.600000 0.511487 -0.072235
v 0.700000 0.511487 -0.072235
v 0.600000 0.505529 -0.050000
v 0.700000 0.505529 -0.050000
v 0.600000 0.511487 -0.027765
v 0.700000 0.511487 -0.027765
v 0.600000 0.527765 -0.011487
v 0.700000 0.527765 -0.011487
v 0.600000 0.550000 -0.005529
v 0.700000 0.550000 -0.005529
v 0.600000 0.572235 -0.011487
v 0.700000 0.572235 -0.011487
v 0.600000 0.588513 -0.027765
v 0.600000 0.594471 -0.050000
v 0.600000 0.588513 -0.072235
v 0.600000 0.572235 -0.088513
v 0.700000 0.572235 -0.088513
v 0.700000 0.588513 -0.027765
v 0.700000 0.594471 -0.050000
v 0.700000 0.588513 -0.072235
v 0.695000 0.200000 0.300000
v 0.695000 0.550000 -0.050000
v 0.695000 0.550000 -0.050000
v 0.605000 0.550000 -0.050000
v 0.605000 0.550000 -0.050000
v 0.605000 0.200000 0.300000
v 0.620000 0.550000 -0.050000
v 0.620000 0.550000 -0.050000
v 0.620000 0.200000 -0.400000
v 0.620000 0.200000 -0.400000
v 0.620000 0.200000 -0.300000
v 0.680000 0.200000 -0.400000
v 0.680000 0.200000 -0.400000
v 0.680000 0.200000 -0.300000
v 0.695000 0.200000 -0.400000
v 0.680000 0.550000 -0.050000
v 0.680000 0.550000 -0.050000
v 0.620000 0.200000 0.200000
v 0.620000 0.200000 0.300000
v 0.620000 0.200000 0.300000
v 0.680000 0.200000 0.300000
v 0.680000 0.200000 0.300000
v 0.680000 0.200000 0.200000
v 0.605000 0.200000 -0.400000
v 0.620000 0.393431 -0.106569
v 0.620000 0.416863 -0.050000
v 0.620000 0.393431 0.006569
v 0.680000 0.393431 0.006569
v 0.680000 0.416863 -0.050000
v 0.680000 0.393431 -0.106569
v 0.695000 0.198142 0.327142
v 0.695000 0.198142 0.327142
v 0.695000 0.570000 -0.050000
v 0.695000 0.570000 -0.050000
v 0.605000 0.570000 -0.050000
v 0.605000 0.570000 -0.050000
v 0.605000 0.198142 0.327142
v 0.605000 0.198142 0.327142
v 0.695000 0.198142 -0.427142
v 0.695000 0.198142 -0.427142
v 0.605000 0.198142 -0.427142
v 0.605000 0.198142 -0.427142
v 0.600000 0.550000 -0.110000
v 0.600000 0.520000 -0.101962
v 0.700000 0.520000 -0.101962
v 0.700000 0.550000 -0.110000
v 0.600000 0.498038 -0.080000
v 0.700000 0.498038 -0.080000
v 0.600000 0.490000 -0.050000
v 0.700000 0.490000 -0.050000
v 0.600000 0.498038 -0.020000
v 0.700000 0.498038 -0.020000
v 0.600000 0.520000 0.001962
v 0.700000 0.520000 0.001962
v 0.600000 0.550000 0.010000
v 0.700000 0.550000 0.010000
v 0.600000 0.580000 0.001962
v 0.700000 0.580000 0.001962
v 0.600000 0.601961 -0.020000
v 0.700000 0.601961 -0.020000
v 0.600000 0.610000 -0.050000
v 0.700000 0.610000 -0.050000
v 0.600000 0.601961 -0.080000
v 0.700000 0.601961 -0.080000
v 0.600000 0.580000 -0.101962
v 0.700000 0.580000 -0.101962
v 0.600000 0.550000 -0.094471
v 0.600000 0.527765 -0.088513
v 0.700000 0.527765 -0.088513
v 0.700000 0.550000 -0.094471
v 0.600000 0.511487 -0.072235
v 0.700000 0.511487 -0.072235
v 0.600000 0.505529 -0.050000
v 0.700000 0.505529 -0.050000
v 0.600000 0.511487 -0.027765
v 0.700000 0.511487 -0.027765
v 0.600000 0.527765 -0.011487
v 0.700000 0.527765 -0.011487
v 0.600000 0.550000 -0.005529
v 0.700000 0.550000 -0.005529
v 0.600000 0.572235 -0.011487
v 0.700000 0.572235 -0.011487
v 0.600000 0.588513 -0.027765
v 0.600000 0.594471 -0.050000
v 0.600000 0.588513 -0.072235
v 0.600000 0.572235 -0.088513
v 0.700000 0.572235 -0.088513
v 0.700000 0.588513 -0.027765
v 0.700000 0.594471 -0.050000
v 0.700000 0.588513 -0.072235
v 0.720000 0.550000 -0.094471
v 0.720000 0.527765 -0.088513
v 0.720000 0.511487 -0.072235
v 0.720000 0.505529 -0.050000
v 0.720000 0.511487 -0.027765
v 0.720000 0.527765 -0.011487
v 0.720000 0.550000 -0.005529
v 0.720000 0.572235 -0.011487
v 0.720000 0.588513 -0.027765
v 0.720000 0.594471 -0.050000
v 0.720000 0.588513 -0.072235
v 0.720000 0.572235 -0.088513
vn -1.0000 -0.0000 -0.0000
vn -0.0000 -0.0000 -1.0000
vn 1.0000 -0.0000 -0.0000
vn -0.0000 -0.0000 1.0000
vn -0.0000 -1.0000 -0.0000
vn -0.0000 1.0000 -0.0000
vn -0.0000 0.2714 -0.9625
vn 0.3090 -0.0000 -0.9511
vn 0.2974 0.2714 -0.9154
vn 0.5878 -0.0000 -0.8090
vn 0.5657 0.2714 -0.7787
vn 0.8090 -0.0000 -0.5878
vn 0.7787 0.2714 -0.5657
vn 0.9511 -0.0000 -0.3090
vn 0.9154 0.2714 -0.2974
vn 0.9625 0.2714 -0.0000
vn 0.9511 -0.0000 0.3090
vn 0.9154 0.2714 0.2974
vn 0.8090 -0.0000 0.5878
vn 0.7787 0.2714 0.5657
vn 0.5878 -0.0000 0.8090
vn 0.5657 0.2714 0.7787
vn 0.3090 -0.0000 0.9511
vn 0.2974 0.2714 0.9154
vn -0.0000 0.2714 0.9625
vn -0.3090 -0.0000 0.9511
vn -0.2974 0.2714 0.9154
vn -0.5878 -0.0000 0.8090
vn -0.5657 0.2714 0.7787
vn -0.8090 -0.0000 0.5878
vn -0.7787 0.2714 0.5657
vn -0.9511 -0.0000 0.3090
vn -0.9154 0.2714 0.2974
vn -0.9625 0.2714 -0.0000
vn -0.9511 -0.0000 -0.3090
vn -0.9154 0.2714 -0.2974
vn -0.8090 -0.0000 -0.5878
vn -0.7787 0.2714 -0.5657
vn -0.5878 -0.0000 -0.8090
vn 0.9113 0.2863 0.2961
vn -0.5657 0.2714 -0.7787
vn -0.3090 -0.0000 -0.9511
vn -0.2974 0.2714 -0.9154
vn 0.9113 0.2863 -0.2961
vn 0.9582 0.2863 -0.0000
vn -0.2961 0.2863 0.9113
vn -0.9582 0.2863 -0.0000
vn -0.9113 0.2863 -0.2961
vn 0.2961 0.2863 0.9113
vn -0.9113 0.2863 0.2961
vn -0.2961 0.2863 -0.9113
vn 0.2961 0.2863 -0.9113
vn 0.5632 0.2863 -0.7752
vn 0.7752 0.2863 0.5632
vn -0.5632 0.2863 0.7752
vn -0.7752 0.2863 -0.5632
vn -0.0000 0.2863 0.9582
vn -0.0000 0.2863 -0.9582
vn 0.7752 0.2863 -0.5632
vn 0.5632 0.2863 0.7752
vn -0.7752 0.2863 0.5632
vn -0.5632 0.2863 -0.7752
vn 0.3827 0.9239 -0.0000
vn 0.7071 0.7071 -0.0000
vn 0.9239 0.3827 -0.0000
vn 0.9239 -0.3827 -0.0000
vn 0.7071 -0.7071 -0.0000
vn 0.3827 -0.9239 -0.0000
vn -0.3827 -0.9239 -0.0000
vn -0.7071 -0.7071 -0.0000
vn -0.9239 -0.3827 -0.0000
vn -0.9239 0.3827 -0.0000
vn -0.7071 0.7071 -0.0000
vn -0.3827 0.9239 -0.0000
vn -0.0000 0.9239 -0.3827
vn -0.0000 0.7071 -0.7071
vn -0.0000 0.3827 -0.9239
vn -0.0000 -0.3827 -0.9239
vn -0.0000 -0.7071 -0.7071
vn -0.0000 -0.9239 -0.3827
vn -0.0000 -0.9239 0.3827
vn -0.0000 -0.7071 0.7071
vn -0.0000 -0.3827 0.9239
vn -0.0000 0.3827 0.9239
vn -0.0000 0.7071 0.7071
vn -0.0000 0.9239 0.3827
vn -0.0000 -0.5556 -0.8315
vn -1.0000 -0.0000 0.0001
vn 1.0000 -0.0000 0.0001
vn -1.0000 0.0001 -0.0001
vn -1.0000 -0.0000 -0.0002
vn 1.0000 0.0001 -0.0001
vn 1.0000 -0.0000 -0.0002
vn -1.0000 -0.0000 -0.0001
vn 1.0000 -0.0000 -0.0001
vn 1.0000 -0.0001 0.0001
vn -0.0000 0.5556 -0.8315
vn -0.0000 0.9808 0.1951
vn 1.0000 -0.0000 -0.0003
vn -0.0000 -0.9808 0.1951
vn -1.0000 -0.0000 -0.0003
vn -1.0000 0.0001 0.0001
vn -0.0000 0.9569 0.2903
vn -0.0000 -0.9808 -0.1951
vn -0.0000 0.9808 -0.1951
vn -0.0000 -0.9569 0.2903
vn 1.0000 0.0001 0.0001
vn -0.0000 0.8315 0.5556
vn -0.0000 -0.8315 0.5556
vn -0.0000 -0.9569 -0.2903
vn -0.0000 0.9569 -0.2903
vn -0.0000 -0.6755 -0.7373
vn -0.0000 0.6755 -0.7373
vn -0.0000 -0.5000 -0.8660
vn -0.0000 -0.8660 -0.5000
vn -0.0000 -0.8660 0.5000
vn -0.0000 -0.5000 0.8660
vn -0.0000 0.5000 0.8660
vn -0.0000 0.8660 0.5000
vn -0.0000 0.8660 -0.5000
vn -0.0000 0.7731 0.6343
vn -0.0000 0.8688 0.4951
vn -0.0000 0.5000 -0.8660
vn -0.0000 -0.7612 -0.6485
vn -0.0000 0.5812 -0.8137
vn -0.0000 0.9398 0.3417
vn -0.0000 0.8688 -0.4951
vn -0.0000 0.7731 -0.6343
vn -0.0000 -0.7612 0.6485
vn -0.0000 0.5812 0.8137
vn -0.0000 0.9398 -0.3417
vn 0.5000 -0.0000 -0.8660
vn 0.5000 -0.0000 0.8660
vn -0.5000 -0.0000 0.8660
vn -0.5000 -0.0000 -0.8660
vn -0.0000 0.7123 -0.7019
vn -0.0000 0.7123 0.7019
vn -0.0000 -0.8315 -0.5556
vn 0.8660 -0.0000 -0.5000
vn 0.8660 -0.0000 0.5000
vn -0.8660 -0.0000 0.5000
vn -0.8660 -0.0000 -0.5000
vn -0.9892 0.1465 -0.0000
vn -0.8637 0.0726 -0.4987
vn -0.9974 0.0726 -0.0000
vn -0.4946 0.1465 -0.8567
vn -0.4987 0.0726 -0.8637
vn -0.0000 0.0726 -0.9974
vn -0.0000 0.1465 -0.9892
vn 0.4987 0.0726 -0.8637
vn 0.4946 0.1465 -0.8567
vn 0.8637 0.0726 -0.4987
vn 0.9892 0.1465 -0.0000
vn 0.9974 0.0726 -0.0000
vn 0.8637 0.0726 0.4987
vn 0.4946 0.1465 0.8567
vn 0.4987 0.0726 0.8637
vn -0.0000 0.0726 0.9974
vn -0.4946 0.1465 0.8567
vn -0.4987 0.0726 0.8637
vn -0.8637 0.0726 0.4987
vn -0.9974 -0.0726 -0.0000
vn -0.8637 -0.0726 0.4987
vn -0.9892 -0.1465 -0.0000
vn -0.8567 -0.1465 0.4946
vn -0.4987 -0.0726 0.8637
vn -0.4946 -0.1465 0.8567
vn -0.0000 -0.0726 0.9974
vn -0.0000 -0.1465 0.9892
vn 0.4946 -0.1465 0.8567
vn 0.4987 -0.0726 0.8637
vn 0.8637 -0.0726 0.4987
vn 0.8567 -0.1465 0.4946
vn 0.9892 -0.1465 -0.0000
vn 0.9974 -0.0726 -0.0000
vn 0.8637 -0.0726 -0.4987
vn 0.8567 -0.1465 -0.4946
vn 0.4987 -0.0726 -0.8637
vn 0.4946 -0.1465 -0.8567
vn -0.0000 -0.0726 -0.9974
vn -0.0000 -0.1465 -0.9892
vn -0.4946 -0.1465 -0.8567
vn -0.4987 -0.0726 -0.8637
vn -0.8637 -0.0726 -0.4987
vn -0.8567 -0.1465 -0.4946
vn -0.8660 0.5000 -0.0000
vn -0.5000 0.8660 -0.0000
vn 0.5000 0.8660 -0.0000
vn 0.8660 0.5000 -0.0000
vn 0.8660 -0.5000 -0.0000
vn 0.5000 -0.8660 -0.0000
vn -0.5000 -0.8660 -0.0000
vn -0.9992 -0.0000 0.0400
vn -0.8653 0.4996 0.0400
vn -0.8660 -0.5000 -0.0000
vn -0.1951 0.9808 -0.0000
vn -0.9808 0.1951 -0.0000
vn 0.1951 0.9808 -0.0000
vn 0.9808 0.1951 -0.0000
vn 0.7071 -0.0000 -0.7071
vn 0.7071 -0.0000 0.7071
vn -0.7071 -0.0000 0.7071
vn -0.7071 -0.0000 -0.7071
vn 0.0001 0.7071 0.7071
vn -0.0001 0.7071 -0.7071
vn -0.0000 0.2889 -0.9574
vn 0.6770 -0.2889 -0.6770
vn -0.0000 -0.2889 -0.9574
vn -0.0000 -0.5878 -0.8090
vn 0.5721 -0.5878 -0.5721
vn -0.0000 0.5878 -0.8090
vn 0.6770 0.2889 -0.6770
vn 0.8090 0.5878 -0.0000
vn 0.9574 0.2889 -0.0000
vn 0.9574 -0.2889 -0.0000
vn 0.8090 -0.5878 -0.0000
vn 0.6770 0.2889 0.6770
vn 0.6770 -0.2889 0.6770
vn 0.5721 -0.5878 0.5721
vn 0.5720 0.5878 0.5721
vn -0.0000 0.2889 0.9574
vn -0.0000 -0.2889 0.9574
vn -0.0000 -0.5878 0.8090
vn -0.0000 0.5878 0.8090
vn -0.6770 0.2889 0.6770
vn -0.6770 -0.2889 0.6770
vn -0.5721 -0.5878 0.5721
vn -0.8090 0.5878 -0.0000
vn -0.9574 0.2889 -0.0000
vn -0.9574 -0.2889 -0.0000
vn -0.8090 -0.5878 -0.0000
vn -0.6770 0.2889 -0.6770
vn -0.6770 -0.2889 -0.6770
vn -0.5721 -0.5878 -0.5721
vn 0.5721 0.5878 0.5721
vn -0.6769 -0.2889 0.6770
vn 0.6770 0.2889 -0.6769
vn 0.5721 0.5878 -0.5721
vn -0.5720 -0.5878 0.5721
vn -0.6770 0.2889 0.6769
vn -0.5721 0.5878 0.5721
vn 0.8972 0.4416 -0.0000
vn 0.9925 0.1220 -0.0000
vn -0.0168 0.0168 -0.9997
vn -0.0101 0.0101 -0.9999
vn -0.0101 0.0101 0.9999
vn -0.9075 -0.4200 -0.0000
vn -0.9075 -0.4199 -0.0000
vn -0.0439 0.0439 -0.9981
vn -0.0663 0.0662 -0.9956
vn -0.0514 0.0514 -0.9974
vn -0.9173 -0.3982 -0.0000
vn -0.0168 0.0168 0.9997
vn -0.0439 0.0439 0.9981
vn -0.0663 0.0663 0.9956
vn -0.0663 0.0662 0.9956
vn 0.5728 0.8197 -0.0000
vn -0.7148 -0.6993 -0.0000
vn -0.4996 0.8653 0.0400
vn -0.0000 0.9992 0.0400
vn 0.4996 0.8653 0.0400
vn 0.8653 0.4996 0.0400
vn 0.9992 -0.0000 0.0400
vn 0.8653 -0.4996 0.0400
vn 0.4996 -0.8653 0.0400
vn -0.0000 -0.9992 0.0400
vn -0.4996 -0.8653 0.0400
vn -0.8653 -0.4996 0.0400
vn 0.3558 0.8589 -0.3684
vn -0.0000 0.4224 -0.9064
vn -0.0000 0.9297 -0.3684
vn 0.3558 0.8589 0.3684
vn -0.0000 0.4224 0.9064
vn 0.1617 0.3903 0.9064
vn 0.6574 0.6574 -0.3684
vn 0.1617 0.3903 -0.9064
vn 0.2987 0.2987 0.9064
vn 0.6574 0.6574 0.3684
vn 0.3903 0.1617 -0.9064
vn 0.2987 0.2987 -0.9064
vn 0.3903 0.1617 0.9064
vn 0.8589 0.3558 0.3684
vn 0.8589 0.3558 -0.3684
vn 0.4224 -0.0000 -0.9064
vn 0.4224 -0.0000 0.9064
vn 0.9297 -0.0000 0.3684
vn 0.9297 -0.0000 -0.3684
vn 0.3903 -0.1617 -0.9064
vn 0.8589 -0.3558 0.3684
vn 0.3903 -0.1617 0.9064
vn 0.6574 -0.6574 -0.3684
vn 0.8589 -0.3558 -0.3684
vn 0.2987 -0.2987 0.9064
vn 0.6574 -0.6574 0.3684
vn 0.3558 -0.8589 -0.3684
vn 0.2987 -0.2987 -0.9064
vn 0.3558 -0.8589 0.3684
vn 0.1617 -0.3903 0.9064
vn -0.0000 -0.4224 -0.9064
vn 0.1617 -0.3903 -0.9064
vn -0.0000 -0.9297 0.3684
vn -0.0000 -0.4224 0.9064
vn -0.3558 -0.8589 -0.3684
vn -0.0000 -0.9297 -0.3684
vn -0.3558 -0.8589 0.3684
vn -0.1617 -0.3903 0.9064
vn -0.2987 -0.2987 -0.9064
vn -0.1617 -0.3903 -0.9064
vn -0.6574 -0.6574 0.3684
vn -0.2987 -0.2987 0.9064
vn -0.8589 -0.3558 -0.3684
vn -0.6574 -0.6574 -0.3684
vn -0.8589 -0.3558 0.3684
vn -0.3903 -0.1617 0.9064
vn -0.9297 -0.0000 -0.3684
vn -0.3903 -0.1616 -0.9064
vn -0.4224 -0.0000 0.9064
vn -0.9297 -0.0000 0.3684
vn -0.3903 0.1617 -0.9064
vn -0.4224 -0.0000 -0.9064
vn -0.8589 0.3558 0.3684
vn -0.3903 0.1617 0.9064
vn -0.6574 0.6574 -0.3684
vn -0.8589 0.3558 -0.3684
vn -0.6574 0.6574 0.3684
vn -0.2987 0.2987 0.9064
vn -0.3558 0.8589 -0.3684
vn -0.2987 0.2987 -0.9064
vn -0.1617 0.3903 0.9064
vn -0.3558 0.8589 0.3684
vn -0.1617 0.3903 -0.9064
vn -0.0000 0.9297 0.3684
vn -0.1268 -0.3060 -0.9436
vn -0.0000 -0.9130 -0.4079
vn -0.0000 -0.3312 -0.9435
vn -0.0000 -0.3312 0.9436
vn -0.3494 -0.8435 0.4080
vn -0.1268 -0.3060 0.9435
vn -0.6456 -0.6456 -0.4079
vn -0.3494 -0.8435 -0.4079
vn -0.6456 -0.6456 0.4079
vn -0.2342 -0.2342 0.9435
vn -0.3060 -0.1268 -0.9436
vn -0.2342 -0.2342 -0.9435
vn -0.3060 -0.1268 0.9436
vn -0.8435 -0.3494 0.4080
vn -0.3312 -0.0000 -0.9436
vn -0.8435 -0.3494 -0.4080
vn -0.9130 -0.0000 0.4080
vn -0.3312 -0.0000 0.9436
vn -0.8435 0.3494 -0.4080
vn -0.9130 -0.0000 -0.4080
vn -0.3060 0.1268 0.9436
vn -0.8435 0.3494 0.4080
vn -0.2342 0.2342 -0.9436
vn -0.3060 0.1268 -0.9435
vn -0.2342 0.2342 0.9436
vn -0.6456 0.6456 0.4079
vn -0.1268 0.3060 -0.9436
vn -0.6456 0.6456 -0.4079
vn -0.3494 0.8435 0.4080
vn -0.1268 0.3060 0.9435
vn -0.0000 0.9130 -0.4079
vn -0.3494 0.8435 -0.4079
vn -0.0000 0.3312 0.9436
vn -0.0000 0.9130 0.4079
vn 0.1268 0.3060 -0.9435
vn -0.0000 0.3312 -0.9435
vn 0.3494 0.8435 0.4079
vn 0.1268 0.3060 0.9435
vn 0.2342 0.2342 -0.9435
vn 0.3494 0.8435 -0.4079
vn 0.6456 0.6456 0.4079
vn 0.2342 0.2342 0.9435
vn 0.3060 0.1268 -0.9436
vn 0.6456 0.6456 -0.4079
vn 0.8435 0.3494 0.4080
vn 0.3060 0.1268 0.9436
vn 0.9130 -0.0000 -0.4080
vn 0.8435 0.3494 -0.4080
vn 0.3312 -0.0000 0.9436
vn 0.9130 -0.0000 0.4079
vn 0.3060 -0.1268 -0.9436
vn 0.3312 -0.0000 -0.9436
vn 0.8435 -0.3494 0.4080
vn 0.3060 -0.1268 0.9436
vn 0.2342 -0.2342 -0.9436
vn 0.8435 -0.3494 -0.4079
vn 0.6456 -0.6456 0.4079
vn 0.2342 -0.2342 0.9435
vn 0.3494 -0.8435 -0.4079
vn 0.6456 -0.6456 -0.4079
vn 0.3494 -0.8435 0.4080
vn 0.1268 -0.3060 0.9435
vn 0.1268 -0.3060 -0.9435
vn -0.0000 -0.9130 0.4079
vn -0.9615 -0.0000 0.2747
vn 0.9615 -0.0000 0.2747
vn -0.0000 0.9615 0.2747
vn -0.0000 -0.9615 0.2747
vn -0.0000 0.7121 -0.7021
vn -0.0000 0.7121 0.7021
vn -0.0000 -0.9103 -0.4140
vn -0.0000 -0.9977 -0.0683
vn -0.0000 -0.9103 0.4140
vn -0.0000 -0.9977 0.0683
vn -1.0000 -0.0001 0.0001
vn -0.8567 0.1465 -0.4946
vn 0.8567 0.1465 -0.4946
vn 0.8567 0.1465 0.4946
vn -0.0000 0.1465 0.9892
vn -0.8567 0.1465 0.4946
vn -0.5721 0.5878 -0.5721
vn -0.0001 1.0000 -0.0000
vn 0.0001 1.0000 -0.0000
vn -0.0514 0.0514 0.9974
vn -0.0000 -0.0001 -1.0000
vn -0.0000 0.0001 -1.0000
vt 0.625000 0.000000
vt 0.375000 0.250000
vt 0.375000 0.000000
vt 0.625000 0.250000
vt 0.375000 0.500000
vt 0.625000 0.500000
vt 0.375000 0.750000
vt 0.625000 0.750000
vt 0.375000 1.000000
vt 0.125000 0.750000
vt 0.125000 0.500000
vt 0.875000 0.500000
vt 1.000000 1.000000
vt 0.950000 0.500000
vt 1.000000 0.500000
vt 0.950000 1.000000
vt 0.900000 0.500000
vt 0.900000 1.000000
vt 0.850000 0.500000
vt 0.850000 1.000000
vt 0.800000 0.500000
vt 0.800000 1.000000
vt 0.750000 0.500000
vt 0.750000 1.000000
vt 0.700000 0.500000
vt 0.700000 1.000000
vt 0.650000 0.500000
vt 0.650000 1.000000
vt 0.600000 0.500000
vt 0.600000 1.000000
vt 0.550000 0.500000
vt 0.550000 1.000000
vt 0.500000 0.500000
vt 0.500000 1.000000
vt 0.450000 0.500000
vt 0.450000 1.000000
vt 0.400000 0.500000
vt 0.400000 1.000000
vt 0.350000 0.500000
vt 0.350000 1.000000
vt 0.300000 0.500000
vt 0.300000 1.000000
vt 0.250000 0.500000
vt 0.250000 1.000000
vt 0.200000 0.500000
vt 0.200000 1.000000
vt 0.150000 0.500000
vt 0.150000 1.000000
vt 0.100000 0.500000
vt 0.100000 1.000000
vt 0.050000 0.500000
vt 0.050000 1.000000
vt -0.000000 0.500000
vt 0.944164 0.108932
vt 0.510000 0.250000
vt 0.675836 0.478254
vt -0.000000 1.000000
vt 0.120207 0.071356
vt 0.071356 0.120207
vt 0.937500 0.500000
vt 0.937500 1.000000
vt 0.875000 1.000000
vt 0.812500 0.500000
vt 0.812500 1.000000
vt 0.750000 0.500000
vt 0.750000 1.000000
vt 0.687500 0.500000
vt 0.687500 1.000000
vt 0.625000 1.000000
vt 0.562500 0.500000
vt 0.562500 1.000000
vt 0.500000 0.500000
vt 0.500000 1.000000
vt 0.437500 0.500000
vt 0.437500 1.000000
vt 0.312500 0.500000
vt 0.312500 1.000000
vt 0.250000 0.500000
vt 0.250000 1.000000
vt 0.187500 0.500000
vt 0.187500 1.000000
vt 0.080294 0.080294
vt 0.419706 0.080294
vt 0.419706 0.419706
vt 0.125000 1.000000
vt 0.062500 0.500000
vt 0.062500 1.000000
vt 0.000000 0.500000
vt 0.841844 0.028269
vt 0.528269 0.158156
vt 0.658156 0.471731
vt 0.597597 0.402403
vt 0.550876 0.332480
vt 0.750000 0.465530
vt 0.841844 0.471731
vt 0.832480 0.449124
vt 0.332480 0.449124
vt 0.250000 0.490000
vt 0.250000 0.465530
vt 0.919706 0.419706
vt 0.902402 0.402402
vt 0.402403 0.402403
vt 0.341844 0.471731
vt 0.971731 0.341844
vt 0.949123 0.332480
vt 0.449124 0.332480
vt 0.965530 0.250000
vt 0.990000 0.250000
vt 0.465530 0.250000
vt 0.471731 0.341844
vt 0.971731 0.158156
vt 0.949124 0.167520
vt 0.471731 0.158156
vt 0.490000 0.250000
vt 0.902402 0.097597
vt 0.919706 0.080294
vt 0.449124 0.167520
vt 0.832480 0.050876
vt 0.332480 0.050876
vt 0.402403 0.097597
vt 0.750000 0.010000
vt 0.750000 0.034470
vt 0.250000 0.034470
vt 0.341844 0.028269
vt 0.658156 0.028269
vt 0.667520 0.050876
vt 0.167520 0.050876
vt 0.250000 0.010000
vt 0.580294 0.080294
vt 0.597597 0.097597
vt 0.097597 0.097597
vt 0.158156 0.028269
vt 0.550876 0.167520
vt 0.028269 0.158156
vt 0.534470 0.250000
vt 0.050876 0.167520
vt 0.010000 0.250000
vt 0.528269 0.341844
vt 0.050876 0.332480
vt 0.034470 0.250000
vt 0.580294 0.419706
vt 0.097597 0.402402
vt 0.028269 0.341844
vt 0.667520 0.449124
vt 0.158156 0.471731
vt 0.080294 0.419706
vt 0.750000 0.490000
vt 0.167520 0.449123
vt 0.000000 0.000000
vt 0.524830 0.250000
vt 0.541970 0.163831
vt 0.663831 0.458030
vt 0.750000 0.475170
vt 0.663831 0.041970
vt 0.836169 0.041970
vt 0.750000 0.024830
vt 0.590781 0.409219
vt 0.958030 0.163831
vt 0.909219 0.090781
vt 0.975170 0.250000
vt 0.541970 0.336169
vt 0.958030 0.336169
vt 0.909219 0.409219
vt 0.590781 0.090781
vt 0.836169 0.458030
vt 0.668710 0.283672
vt 0.662012 0.250000
vt 0.716328 0.331291
vt 0.750000 0.337988
vt 0.716328 0.168709
vt 0.783672 0.168709
vt 0.750000 0.162012
vt 0.668709 0.216328
vt 0.831291 0.216328
vt 0.812217 0.187783
vt 0.837988 0.250000
vt 0.687783 0.187783
vt 0.687783 0.312217
vt 0.831291 0.283672
vt 0.812217 0.312217
vt 0.783672 0.331291
vt 0.817589 0.277996
vt 0.801731 0.301730
vt 0.722004 0.317589
vt 0.750000 0.323158
vt 0.722004 0.182411
vt 0.777996 0.182411
vt 0.750000 0.176842
vt 0.682411 0.222004
vt 0.676842 0.250000
vt 0.817589 0.222004
vt 0.801730 0.198270
vt 0.823158 0.250000
vt 0.682411 0.277996
vt 0.698270 0.301730
vt 0.698270 0.198270
vt 0.777996 0.317589
vt 0.916667 0.500000
vt 0.916667 1.000000
vt 0.833333 0.500000
vt 0.833333 1.000000
vt 0.750000 0.500000
vt 0.750000 1.000000
vt 0.666667 0.500000
vt 0.583333 1.000000
vt 0.583333 0.500000
vt 0.500000 0.500000
vt 0.500000 1.000000
vt 0.416667 0.500000
vt 0.333333 1.000000
vt 0.333333 0.500000
vt 0.250000 0.500000
vt 0.250000 1.000000
vt 0.166667 0.500000
vt 0.625000 0.625000
vt 0.166667 1.000000
vt 0.083333 0.500000
vt 0.083333 1.000000
vt 0.000000 0.500000
vt 0.661058 0.095948
vt 0.750000 0.072117
vt 0.750000 0.427883
vt 0.870000 0.457846
vt 0.838942 0.404052
vt 0.250000 0.427883
vt 0.370000 0.457846
vt 0.957846 0.370000
vt 0.904051 0.338942
vt 0.338942 0.404051
vt 0.457846 0.370000
vt 0.927883 0.250000
vt 0.427883 0.250000
vt 0.404052 0.338942
vt 0.957846 0.130000
vt 0.904051 0.161058
vt 0.457846 0.130000
vt 0.838942 0.095948
vt 0.870000 0.042154
vt 0.338942 0.095948
vt 0.404052 0.161058
vt 0.250000 0.072117
vt 0.370000 0.042154
vt 0.630000 0.042154
vt 0.130000 0.042154
vt 0.542154 0.130000
vt 0.595948 0.161058
vt 0.161058 0.095948
vt 0.042154 0.130000
vt 0.572117 0.250000
vt 0.072117 0.250000
vt 0.095948 0.161058
vt 0.595948 0.338942
vt 0.542154 0.370000
vt 0.095948 0.338942
vt 0.661058 0.404052
vt 0.630000 0.457846
vt 0.161058 0.404052
vt 0.042154 0.370000
vt 0.130000 0.457846
vt 0.375000 0.375000
vt 0.375000 0.625000
vt 0.125000 0.625000
vt 0.875000 0.625000
vt 0.625000 0.375000
vt 0.833333 0.500000
vt 0.833333 1.000000
vt 0.666667 0.500000
vt 0.666667 1.000000
vt 0.500000 0.500000
vt 0.500000 1.000000
vt 0.333333 0.500000
vt 0.333333 1.000000
vt 0.166667 0.500000
vt 0.166667 1.000000
vt -0.000000 0.500000
vt 0.000000 1.000000
vt 0.416667 1.000000
vt 0.875000 0.750000
vt 0.375000 0.014142
vt 0.575000 0.000000
vt 0.375000 0.750000
vt 0.575000 0.750000
vt 0.375000 0.721716
vt 0.125000 0.721716
vt 0.666667 1.000000
vt 0.318236 0.460009
vt 0.250000 0.470816
vt 0.391068 0.444164
vt 0.324164 0.478254
vt 0.428644 0.379793
vt 0.379793 0.428644
vt 0.460009 0.318236
vt 0.444164 0.391068
vt 0.470816 0.250000
vt 0.478254 0.324164
vt 0.460009 0.181764
vt 0.444164 0.108932
vt 0.478254 0.175836
vt 0.379793 0.071356
vt 0.428644 0.120207
vt 0.318236 0.039991
vt 0.391068 0.055836
vt 0.250000 0.029184
vt 0.324164 0.021746
vt 0.175836 0.021746
vt 0.181764 0.039991
vt 0.055836 0.108932
vt 0.108932 0.055836
vt 0.039991 0.181764
vt 0.021746 0.175836
vt 0.039991 0.318236
vt 0.029184 0.250000
vt 0.055836 0.391068
vt 0.021746 0.324164
vt 0.120207 0.428644
vt 0.071356 0.379793
vt 0.181764 0.460009
vt 0.108932 0.444164
vt 0.175836 0.478254
vt 0.916667 0.833333
vt 1.000000 0.833333
vt 0.833333 0.833333
vt 0.750000 0.833333
vt 0.666667 0.833333
vt 0.583333 0.833333
vt 0.500000 0.833333
vt 0.416667 0.833333
vt 0.333333 0.833333
vt 0.250000 0.833333
vt 0.166667 0.833333
vt 0.083333 0.833333
vt 0.000000 0.666667
vt 0.083333 0.666667
vt 0.000000 1.000000
vt 0.000000 0.833333
vt 0.166667 0.666667
vt 0.250000 0.666667
vt 0.333333 0.666667
vt 0.416667 0.666667
vt 0.500000 0.666667
vt 0.583333 0.666667
vt 0.666667 0.666667
vt 0.750000 0.666667
vt 0.833333 0.666667
vt 0.916667 0.666667
vt 1.000000 0.666667
vt 0.791667 0.500000
vt 0.791667 0.750000
vt 0.624253 0.262204
vt 0.619898 0.000000
vt 0.680556 0.777778
vt 0.624502 0.491864
vt 0.680556 0.472222
vt 0.624502 0.758136
vt 0.619898 0.500000
vt 0.623506 0.975592
vt 0.625000 0.333333
vt 0.042154 0.370000
vt 0.750000 0.600000
vt 0.625000 0.400000
vt 0.750000 0.400000
vt 0.750000 0.200000
vt 0.625000 0.200000
vt 0.750000 0.800000
vt 0.625000 0.600000
vt 0.500000 0.800000
vt 0.500000 0.600000
vt 0.500000 0.400000
vt 0.500000 0.200000
vt 0.375000 0.600000
vt 0.375000 0.400000
vt 0.375000 0.200000
vt 0.375000 0.800000
vt 0.250000 0.600000
vt 0.250000 0.400000
vt 0.250000 0.200000
vt 0.250000 0.800000
vt 0.125000 0.600000
vt 0.125000 0.400000
vt 0.125000 0.200000
vt 0.000000 0.800000
vt 0.000000 0.600000
vt 0.000000 0.400000
vt 0.000000 0.200000
vt 1.000000 0.800000
vt 0.875000 0.600000
vt 1.000000 0.600000
vt 0.875000 0.400000
vt 1.000000 0.400000
vt 1.000000 0.200000
vt 0.875000 0.200000
vt 0.625000 0.800000
vt 0.042154 0.370000
vt 0.125000 0.800000
vt 0.937500 0.625003
vt 0.999004 0.500000
vt 1.000000 0.625003
vt 0.937500 0.874997
vt 0.999004 1.000000
vt 0.875000 0.625003
vt 0.875000 1.000000
vt 0.875000 0.874997
vt 0.812500 0.500000
vt 0.875000 0.500000
vt 0.812500 1.000000
vt 0.812500 0.874997
vt 0.812500 0.625003
vt 0.750000 0.500000
vt 0.750000 1.000000
vt 0.750000 0.874997
vt 0.750000 0.625003
vt 0.687500 0.500000
vt 0.687500 0.874997
vt 0.687500 1.000000
vt 0.625000 0.625003
vt 0.687500 0.625003
vt 0.625000 1.000000
vt 0.625000 0.874997
vt 0.562500 0.625003
vt 0.625000 0.500000
vt 0.562500 0.874997
vt 0.500000 0.874997
vt 0.437500 0.625003
vt 0.500000 0.625003
vt 0.437500 0.874997
vt 0.437500 1.000000
vt 0.437500 0.500000
vt 0.375000 0.874997
vt 0.312500 0.625003
vt 0.375000 0.625003
vt 0.312500 0.874997
vt 0.312500 1.000000
vt 0.250000 0.625003
vt 0.312500 0.500000
vt 0.250000 1.000000
vt 0.250000 0.874997
vt 0.187500 0.500000
vt 0.250000 0.500000
vt 0.187500 0.874997
vt 0.187500 1.000000
vt 0.125000 0.625003
vt 0.187500 0.625003
vt 0.125000 0.874997
vt 0.125000 1.000000
vt 0.062500 0.625003
vt 0.125000 0.500000
vt 0.062500 1.000000
vt 0.062500 0.874997
vt 0.000996 0.500000
vt 0.062500 0.500000
vt 0.000996 1.000000
vt 0.000000 0.874997
vt 0.330138 0.443472
vt 0.250000 0.459412
vt 0.250000 0.467059
vt 0.333065 0.450536
vt 0.398077 0.398077
vt 0.403484 0.403484
vt 0.443472 0.330138
vt 0.450536 0.333065
vt 0.459412 0.250000
vt 0.467059 0.250000
vt 0.443472 0.169862
vt 0.450537 0.166935
vt 0.398077 0.101923
vt 0.403484 0.096516
vt 0.330138 0.056528
vt 0.333065 0.049463
vt 0.250000 0.040588
vt 0.250000 0.032941
vt 0.169861 0.056528
vt 0.166935 0.049463
vt 0.101923 0.101923
vt 0.096516 0.096516
vt 0.056528 0.169862
vt 0.049464 0.166935
vt 0.040588 0.250000
vt 0.032941 0.250000
vt 0.056528 0.330138
vt 0.049464 0.333065
vt 0.101923 0.398077
vt 0.096516 0.403484
vt 0.169861 0.443472
vt 0.166935 0.450537
vt 0.750000 0.467059
vt 0.661082 0.464666
vt 0.750000 0.482353
vt 0.838918 0.464666
vt 0.833065 0.450537
vt 0.338918 0.464666
vt 0.250000 0.482353
vt 0.161082 0.464666
vt 0.903484 0.403484
vt 0.914298 0.414298
vt 0.950537 0.333065
vt 0.964666 0.338918
vt 0.414298 0.414298
vt 0.967059 0.250000
vt 0.982353 0.250000
vt 0.464666 0.338918
vt 0.964666 0.161082
vt 0.950536 0.166935
vt 0.464666 0.161082
vt 0.482353 0.250000
vt 0.914298 0.085702
vt 0.903484 0.096516
vt 0.414298 0.085702
vt 0.838918 0.035334
vt 0.833065 0.049463
vt 0.338918 0.035334
vt 0.750000 0.017647
vt 0.750000 0.032941
vt 0.661082 0.035334
vt 0.666935 0.049463
vt 0.250000 0.017647
vt 0.596516 0.096516
vt 0.585702 0.085702
vt 0.161082 0.035334
vt 0.549464 0.166935
vt 0.535334 0.161082
vt 0.085702 0.085702
vt 0.532941 0.250000
vt 0.517647 0.250000
vt 0.035334 0.161082
vt 0.535334 0.338918
vt 0.549464 0.333065
vt 0.035334 0.338918
vt 0.017647 0.250000
vt 0.585702 0.414298
vt 0.596516 0.403484
vt 0.085702 0.414298
vt 0.666935 0.450537
vt 1.000000 0.874997
vt 0.000000 0.625003
vt 0.824164 0.478254
vt 0.891068 0.444164
vt 0.944164 0.391068
vt 0.978254 0.324164
vt 0.978254 0.175836
vt 0.891068 0.055836
vt 0.824164 0.021746
vt 0.675836 0.021746
vt 0.608932 0.055836
vt 0.555836 0.108932
vt 0.521746 0.175836
vt 0.521746 0.324164
vt 0.555836 0.391068
vt 0.608932 0.444164
vt -0.000000 1.000000
vt 0.619898 0.250000
vt 0.619898 0.750000
vt 0.625000 0.916667
vt 0.619898 1.000000
vt 0.042154 0.130000
vt 0.875000 0.800000
vt 0.042154 0.130000
vt 0.542154 0.130000
vt 0.542154 0.370000
vt 0.080294 0.419706
vt 0.080294 0.080294
s 1
f 3565/815/545 3561/816/545 3563/817/545
f 3568/818/546 3569/819/546 3562/816/546
f 3572/820/547 3573/821/547 3570/819/547
f 3576/822/548 3564/823/548 3574/821/548
f 719/819/549 713/824/549 715/825/549
f 716/826/550 718/822/550 720/820/550
f 3581/815/545 3577/816/545 3579/817/545
f 3584/818/546 3585/819/546 3578/816/546
f 3588/820/547 3589/821/547 3586/819/547
f 3592/822/548 3580/823/548 3590/821/548
f 727/819/549 721/824/549 723/825/549
f 724/826/550 726/822/550 728/820/550
f 740/818/546 3601/819/546 739/816/546
f 732/818/546 3593/819/546 731/816/546
f 742/822/548 737/823/548 741/821/548
f 734/822/548 729/823/548 733/821/548
f 735/819/549 3597/824/549 3594/825/549
f 3595/826/550 3599/822/550 736/820/550
f 743/819/549 3605/824/549 3602/825/549
f 3603/826/550 3607/822/550 744/820/550
f 3613/815/545 3609/816/545 3611/817/545
f 3616/818/546 3617/819/546 3610/816/546
f 3625/815/545 3621/816/545 3623/817/545
f 750/822/548 3612/823/548 749/821/548
f 751/819/549 745/824/549 747/825/549
f 748/826/550 3620/822/550 752/820/550
f 3628/818/546 3629/819/546 3622/816/546
f 758/822/548 3624/823/548 757/821/548
f 759/819/549 753/824/549 755/825/549
f 756/826/550 3632/822/550 760/820/550
f 3633/816/547 3637/815/547 3635/817/547
f 3641/819/546 3640/818/546 3634/816/546
f 3645/816/547 3649/815/547 3647/817/547
f 3636/823/548 766/822/548 765/821/548
f 761/824/549 767/819/549 763/825/549
f 3644/822/550 764/826/550 768/820/550
f 3653/819/546 3652/818/546 3646/816/546
f 3648/823/548 774/822/548 773/821/548
f 769/824/549 775/819/549 771/825/549
f 3656/822/550 772/826/550 776/820/550
f 778/827/551 3658/828/552 3657/829/546
f 780/830/553 3659/831/554 3658/828/552
f 782/832/555 3660/833/556 3659/831/554
f 784/834/557 3661/835/558 3660/833/556
f 786/836/559 3662/837/547 3661/835/558
f 788/838/560 3663/839/561 3662/837/547
f 790/840/562 3664/841/563 3663/839/561
f 792/842/564 3665/843/565 3664/841/563
f 794/844/566 3666/845/567 3665/843/565
f 796/846/568 3667/847/548 3666/845/567
f 798/848/569 3668/849/570 3667/847/548
f 800/850/571 3669/851/572 3668/849/570
f 802/852/573 3670/853/574 3669/851/572
f 804/854/575 3671/855/576 3670/853/574
f 806/856/577 3672/857/545 3671/855/576
f 808/858/578 3673/859/579 3672/857/545
f 810/860/580 3674/861/581 3673/859/579
f 812/862/582 3675/863/583 3674/861/581
f 788/838/560 823/840/584 790/840/562
f 814/864/585 3676/865/586 3675/863/583
f 816/866/587 3657/867/546 3676/865/586
f 791/868/549 807/869/549 815/870/549
f 821/836/588 3682/838/547 822/838/589
f 798/848/569 828/850/590 800/850/571
f 810/860/580 832/858/591 833/860/592
f 784/834/557 821/836/588 786/836/559
f 794/844/566 826/846/593 796/846/568
f 804/854/575 831/856/594 806/856/577
f 814/864/585 836/866/595 816/866/587
f 782/832/555 817/830/596 819/832/597
f 790/840/562 824/842/598 792/842/564
f 800/850/571 829/852/599 802/852/573
f 810/860/580 834/862/600 812/862/582
f 786/836/559 822/838/589 788/838/560
f 796/846/568 827/848/601 798/848/569
f 806/856/577 832/858/591 808/858/578
f 816/866/587 818/871/602 778/871/551
f 782/832/555 820/834/603 784/834/557
f 792/842/564 825/844/604 794/844/566
f 780/830/553 818/827/602 817/830/596
f 804/854/575 829/852/599 830/854/605
f 812/862/582 835/864/606 814/864/585
f 849/872/554 4924/873/556 4904/873/556
f 836/866/595 3678/871/546 818/871/602
f 829/852/599 3690/854/574 830/854/605
f 822/838/589 3683/840/561 823/840/584
f 830/854/605 3691/856/576 831/856/594
f 823/840/584 3684/842/563 824/842/598
f 831/856/594 3692/858/545 832/858/591
f 824/842/598 3685/844/565 825/844/604
f 818/827/602 3677/830/552 817/830/596
f 832/858/591 3693/860/579 833/860/592
f 825/844/604 3686/846/567 826/846/593
f 817/830/596 3679/832/554 819/832/597
f 833/860/592 3694/862/581 834/862/600
f 826/846/593 3687/848/548 827/848/601
f 819/832/597 3680/834/556 820/834/603
f 834/862/600 3695/864/583 835/864/606
f 827/848/601 3688/850/570 828/850/590
f 820/834/603 3681/836/558 821/836/588
f 835/864/606 3696/866/586 836/866/595
f 828/850/590 3689/852/572 829/852/599
f 3700/827/550 3698/874/607 3697/829/550
f 3699/875/607 3701/826/608 3698/874/607
f 3702/876/608 3703/877/609 3701/826/608
f 3704/878/609 3705/879/547 3703/877/609
f 3706/880/547 3707/881/610 3705/879/547
f 3708/882/610 3709/820/611 3707/881/610
f 3710/883/611 3711/884/612 3709/820/611
f 3712/885/612 3713/886/549 3711/884/612
f 3714/887/549 3715/888/613 3713/886/549
f 3716/889/613 3717/819/614 3715/888/613
f 3718/823/614 3719/890/615 3717/819/614
f 3720/891/615 3721/892/545 3719/890/615
f 3722/893/545 3723/894/616 3721/892/545
f 3724/895/616 3725/825/617 3723/894/616
f 878/896/548 870/897/548 862/898/548
f 3726/899/617 3727/900/618 3725/825/617
f 888/901/618 3697/902/550 3727/900/618
f 871/903/546 879/904/546 887/905/546
f 3802/878/609 961/879/547 3804/877/609
f 942/896/548 3769/897/548 3757/898/548
f 3736/827/550 3732/874/607 3731/829/550
f 3809/903/546 3794/904/546 3823/905/546
f 948/895/616 3789/825/617 3787/894/616
f 3735/875/607 3739/826/608 3732/874/607
f 3795/882/610 965/820/611 3800/881/610
f 946/893/545 3787/894/616 3785/892/545
f 3742/876/608 3744/877/609 3739/826/608
f 3811/883/611 967/884/612 965/820/611
f 944/891/615 3785/892/545 3730/890/615
f 3745/878/609 3746/879/547 3744/877/609
f 3807/885/612 969/886/549 967/884/612
f 3737/823/614 3730/890/615 3729/819/614
f 3748/880/547 3750/881/610 3746/879/547
f 3803/887/549 971/888/613 969/886/549
f 940/889/613 3729/819/614 3743/888/613
f 3752/882/610 3754/820/611 3750/881/610
f 3798/889/613 973/819/614 971/888/613
f 938/887/549 3743/888/613 3753/886/549
f 3755/883/611 3756/884/612 3754/820/611
f 3797/823/614 975/890/615 973/819/614
f 936/885/612 3753/886/549 3763/884/612
f 3758/885/612 3760/886/549 3756/884/612
f 3816/891/615 977/892/545 975/890/615
f 934/883/611 3763/884/612 3773/820/611
f 3762/887/549 3764/888/613 3760/886/549
f 3818/893/545 979/894/616 977/892/545
f 3733/882/610 3773/820/611 3741/881/610
f 3765/889/613 3766/819/614 3764/888/613
f 3820/895/616 981/825/617 979/894/616
f 930/880/547 3741/881/610 3740/879/547
f 3768/823/614 3770/890/615 3766/819/614
f 974/896/548 966/897/548 3806/898/548
f 928/878/609 3740/879/547 3751/877/609
f 3772/891/615 3774/892/545 3770/890/615
f 935/903/546 943/904/546 3791/905/546
f 926/876/608 3751/877/609 925/826/608
f 3775/893/545 3776/894/616 3774/892/545
f 952/901/618 3782/902/550 951/900/618
f 924/875/607 925/826/608 923/874/607
f 3777/895/616 3778/825/617 3776/894/616
f 912/896/548 904/897/548 896/898/548
f 3779/827/550 923/874/607 3782/829/550
f 3780/899/617 3781/900/618 3778/825/617
f 962/880/547 3800/881/610 961/879/547
f 950/899/617 951/900/618 3789/825/617
f 922/901/618 3731/902/550 3781/900/618
f 905/903/546 913/904/546 921/905/546
f 958/876/608 3804/877/609 957/826/608
f 984/901/618 3815/902/550 983/900/618
f 956/875/607 957/826/608 955/874/607
f 3814/827/550 955/874/607 3815/829/550
f 3822/899/617 983/900/618 981/825/617
f 3826/815/545 3830/816/545 3825/817/545
f 3829/818/546 3833/819/546 987/816/546
f 3832/820/547 3836/821/547 991/819/547
f 3835/822/548 985/823/548 989/821/548
f 988/826/550 990/822/550 992/820/550
f 3840/827/550 3838/874/619 3837/829/550
f 3839/875/619 3841/826/620 3838/874/619
f 3842/876/620 3843/877/621 3841/826/620
f 3844/878/621 3845/879/546 3843/877/621
f 3846/880/546 3847/881/622 3845/879/546
f 3847/881/622 3850/883/623 3849/820/623
f 3850/883/623 3851/884/624 3849/820/623
f 3852/885/624 3853/886/549 3851/884/624
f 3854/887/549 3855/888/625 3853/886/549
f 3856/889/625 3857/819/626 3855/888/625
f 3857/819/626 3860/891/627 3859/890/627
f 3860/891/627 3861/892/548 3859/890/627
f 3862/893/548 3863/894/628 3861/892/548
f 3864/895/628 3865/825/629 3863/894/628
f 3866/899/629 3867/900/630 3865/825/629
f 3868/901/630 3837/902/550 3867/900/630
f 3891/906/623 3895/907/631 3890/907/631
f 3869/908/545 1022/909/545 3870/910/545
f 3872/911/547 1024/912/547 3874/913/547
f 3870/910/545 1025/914/545 997/915/545
f 998/916/547 1023/917/547 3872/911/547
f 997/915/545 1027/918/545 999/919/632
f 1053/920/633 1026/898/547 998/916/547
f 1000/921/632 1027/918/545 1029/922/545
f 1001/923/633 1028/924/547 1053/920/633
f 1000/921/632 1031/925/545 1002/926/632
f 1001/923/633 1032/927/547 1030/928/547
f 1003/929/545 1031/925/545 1033/930/545
f 1054/931/633 1034/897/547 1032/927/547
f 3875/932/545 1033/930/545 1035/903/545
f 3879/933/547 1034/897/547 1004/934/547
f 3875/932/545 1037/935/545 3877/936/545
f 3878/937/547 1036/938/547 3879/933/547
f 3877/936/545 1039/939/545 3881/940/545
f 3882/941/547 1038/942/547 3878/937/547
f 3881/940/545 1041/943/545 3883/944/545
f 3884/945/547 1040/946/547 3882/941/547
f 3885/947/634 1041/943/545 1043/904/545
f 3884/945/547 1044/948/547 1042/896/547
f 3885/947/634 1045/869/635 3887/949/635
f 3898/950/636 1046/951/637 1044/948/547
f 3889/907/638 1045/869/635 1047/952/545
f 3896/953/639 1046/951/637 3899/954/637
f 3889/907/638 1049/955/545 1017/906/545
f 3894/956/547 1048/957/547 3896/953/639
f 1017/906/545 1051/905/545 3892/958/545
f 3894/956/547 1052/959/547 1050/960/547
f 3892/958/545 1021/961/545 3869/908/545
f 3874/913/547 1052/959/547 3893/962/547
f 998/916/547 3901/910/547 1062/915/640
f 3886/947/641 1012/944/620 1011/944/620
f 1019/958/624 1018/906/623 3891/906/623
f 1007/936/550 3880/932/642 3876/932/642
f 3899/944/637 3940/906/643 3896/907/639
f 3871/910/644 994/908/549 993/908/549
f 993/908/549 1020/958/624 1019/958/624
f 1009/940/619 1008/936/550 1007/936/550
f 3889/907/638 3936/906/645 3887/944/635
f 1011/944/620 1010/940/619 1009/940/619
f 1063/919/632 997/915/545 999/919/632
f 3875/932/545 1067/929/646 1003/929/545
f 3921/906/647 3919/958/630 3918/906/647
f 1064/921/632 999/919/632 1000/921/632
f 3913/932/648 3910/936/549 3909/932/648
f 3907/908/550 3905/910/649 3904/908/550
f 3920/958/630 3904/908/550 3919/958/630
f 1067/929/646 1002/926/632 1003/929/545
f 3911/936/549 3914/940/625 3910/936/549
f 997/915/545 3906/910/545 3870/910/545
f 1066/926/632 1000/921/632 1002/926/632
f 3915/940/625 3916/944/650 3914/940/625
f 1006/932/627 1069/932/627 1005/932/627
f 3879/933/547 1068/929/651 3912/932/547
f 1082/926/633 1004/934/547 1054/931/633
f 1065/921/633 1054/931/633 1001/923/633
f 1053/920/633 1065/921/633 1001/923/633
f 998/916/547 1081/919/633 1053/920/633
f 995/910/628 1060/910/628 996/910/628
f 3939/906/652 3937/958/630 3935/906/652
f 3931/932/624 3932/936/549 3930/932/624
f 3925/908/550 3923/910/619 3922/908/550
f 3938/958/630 3922/908/550 3937/958/630
f 3933/936/549 3934/940/625 3932/936/549
f 3903/940/625 3888/944/653 3934/940/625
f 3917/944/650 3929/963/654 3916/944/650
f 3918/906/647 3927/963/655 3921/906/647
f 3928/963/654 3930/932/624 3929/963/654
f 3924/910/619 3926/963/655 3923/910/619
f 1089/963/545 3936/906/645 1087/963/545
f 1090/963/547 1076/944/547 1081/919/633
f 1013/947/656 1015/944/656 1055/947/656
f 1098/906/657 1016/907/657 1056/907/657
f 3942/827/621 3944/874/546 3943/829/621
f 3965/874/629 1109/876/630 3954/826/630
f 3960/826/625 1119/878/626 3958/877/626
f 3962/928/547 1131/912/547 1107/951/547
f 1103/878/620 3943/879/621 3957/877/620
f 3948/879/628 3961/882/629 3965/881/629
f 3964/881/549 3959/883/625 3960/820/625
f 4043/964/549 4058/965/624 4042/965/624
f 1105/883/619 3957/884/620 3967/820/619
f 3947/884/548 3945/887/628 3948/886/628
f 1125/887/624 3964/888/549 3968/886/624
f 3949/889/550 3967/819/619 3955/888/550
f 3953/819/627 1115/891/548 3947/890/548
f 1127/891/623 3968/892/624 3970/890/623
f 3954/892/630 3949/895/550 3955/894/550
f 1119/895/626 3953/825/627 3958/894/626
f 1129/899/622 3970/900/623 3972/825/622
f 3941/901/546 3972/902/622 3944/900/546
f 3974/827/621 3976/874/546 3975/829/621
f 3997/874/629 1141/876/630 1142/826/630
f 3992/826/625 1151/878/626 1152/877/626
f 3994/928/547 1163/912/547 1139/951/547
f 1135/878/620 3975/879/621 3989/877/620
f 3977/880/628 3997/881/629 3980/879/628
f 3996/881/549 3991/883/625 3992/820/625
f 3990/930/545 1144/943/545 1136/955/545
f 1137/883/619 3989/884/620 1138/820/619
f 1147/885/548 3980/886/628 1148/884/548
f 1157/887/624 3996/888/549 1158/886/624
f 3981/889/550 1138/819/619 3987/888/550
f 1150/819/627 1147/891/548 1148/890/548
f 1159/891/623 1158/892/624 1160/890/623
f 1141/893/630 3987/894/550 1142/892/630
f 1152/894/626 1149/899/627 1150/825/627
f 1161/899/622 1160/900/623 1162/825/622
f 3973/901/546 1162/902/622 3976/900/546
f 4006/827/621 4008/874/546 4007/829/621
f 4025/875/629 1174/826/630 4029/874/629
f 4024/826/625 1183/878/626 1184/877/626
f 4026/928/547 1195/912/547 1171/951/547
f 1167/878/620 4007/879/621 4021/877/620
f 4012/879/628 4025/882/629 4029/881/629
f 4028/881/549 4023/883/625 4024/820/625
f 4022/930/545 1176/943/545 1168/955/545
f 1169/883/619 4021/884/620 1170/820/619
f 1180/884/548 4009/887/628 4012/886/628
f 1189/887/624 4028/888/549 1190/886/624
f 4013/889/550 1170/819/619 4019/888/550
f 1182/819/627 1179/891/548 1180/890/548
f 1191/891/623 1190/892/624 1192/890/623
f 1174/892/630 4013/895/550 4019/894/550
f 1184/894/626 1181/899/627 1182/825/627
f 1193/899/622 1192/900/623 1194/825/622
f 4005/901/546 1194/902/622 4008/900/546
f 4037/966/545 1198/961/545 4038/967/545
f 4040/968/545 1199/935/545 1200/939/545
f 4041/969/545 1199/935/545 4039/970/545
f 1108/964/545 1202/904/545 1203/869/545
f 4044/971/545 1197/905/545 4037/966/545
f 4041/969/545 1205/930/545 1201/903/545
f 4046/972/545 1205/930/545 4045/973/545
f 4047/974/545 1206/925/545 4046/972/545
f 1110/965/545 1208/943/545 1202/904/545
f 4049/975/545 1204/955/545 4044/971/545
f 4050/976/545 1207/922/545 4047/974/545
f 4051/977/545 1210/918/545 4050/976/545
f 4051/977/545 1212/909/545 1211/914/545
f 4040/968/545 1208/943/545 4048/978/545
f 1108/964/545 1209/952/545 4049/975/545
f 4038/967/545 1212/909/545 4052/979/545
f 1225/980/619 4091/981/550 1219/981/550
f 1126/976/630 4067/977/629 1128/977/629
f 1104/971/626 4053/966/627 4060/971/626
f 1128/977/629 4068/979/628 1130/979/628
f 1118/969/621 4061/973/620 1120/973/620
f 1112/978/623 4056/968/622 1114/968/622
f 1120/973/620 4062/972/619 1122/972/619
f 1106/975/625 4059/964/549 4043/964/549
f 1122/972/619 4063/974/550 1124/974/550
f 1132/967/548 4053/966/627 1102/966/627
f 1130/979/628 4054/967/548 1132/967/548
f 4042/965/624 4064/978/623 1112/978/623
f 1114/968/622 4055/970/546 1116/970/546
f 1104/971/626 4065/975/625 1106/975/625
f 1116/970/546 4057/969/621 1118/969/621
f 1126/976/630 4063/974/550 4066/976/630
f 4069/982/545 1230/967/545 4070/983/545
f 4072/984/545 1231/970/545 1232/968/545
f 4073/985/545 1231/970/545 4071/986/545
f 4074/987/545 1235/964/545 4075/981/545
f 4069/982/545 1236/971/545 1229/966/545
f 4073/985/545 1237/973/545 1233/969/545
f 4078/988/545 1237/973/545 4077/989/545
f 4079/990/545 1238/972/545 4078/988/545
f 4080/991/545 1234/965/545 4074/987/545
f 4081/980/545 1236/971/545 4076/992/545
f 4082/993/545 1239/974/545 4079/990/545
f 4083/994/545 1242/976/545 4082/993/545
f 4083/994/545 1244/979/545 1243/977/545
f 4072/984/545 1240/978/545 4080/991/545
f 4081/980/545 1235/964/545 1241/975/545
f 4070/983/545 1244/979/545 4084/995/545
f 1258/996/630 4131/997/629 4115/997/629
f 1222/988/625 4095/990/549 1223/990/549
f 1214/983/546 4085/982/621 1213/982/621
f 1228/995/622 4086/983/546 1214/983/546
f 1218/987/630 4096/991/629 1224/991/629
f 1216/984/628 4087/986/548 1215/986/548
f 1220/992/620 4097/980/619 1225/980/619
f 1215/986/548 4089/985/627 1217/985/627
f 1223/990/549 4098/993/624 1226/993/624
f 1219/981/550 4090/987/630 1218/987/630
f 1226/993/624 4099/994/623 1227/994/623
f 1213/982/621 4092/992/620 1220/992/620
f 1227/994/623 4100/995/622 1228/995/622
f 1217/985/627 4093/989/626 1221/989/626
f 1216/984/628 4096/991/629 4088/984/628
f 1221/989/626 4094/988/625 1222/988/625
f 4101/998/545 1262/983/545 4102/999/545
f 4104/1000/545 1263/986/545 1264/984/545
f 4105/1001/545 1263/986/545 4103/1002/545
f 4106/1003/545 1267/981/545 4107/1004/545
f 4101/998/545 1268/992/545 1261/982/545
f 4105/1001/545 1269/989/545 1265/985/545
f 4110/1005/545 1269/989/545 4109/1006/545
f 4111/1007/545 1270/988/545 4110/1005/545
f 4106/1003/545 1272/991/545 1266/987/545
f 4113/1008/545 1268/992/545 4108/1009/545
f 4111/1007/545 1274/993/545 1271/990/545
f 1259/997/545 1274/993/545 4114/996/545
f 1259/997/545 1276/995/545 1275/994/545
f 4104/1000/545 1272/991/545 4112/1010/545
f 4113/1008/545 1267/981/545 1273/980/545
f 4102/999/545 1276/995/545 4116/1011/545
f 4125/1006/545 4128/1010/545 4124/1009/545
f 1252/1009/626 1277/998/627 1284/1009/626
f 4115/997/629 1292/1011/628 1260/1011/628
f 1249/1001/621 1285/1006/620 1253/1006/620
f 1256/1010/623 1280/1000/622 1248/1000/622
f 1253/1006/620 1286/1005/619 1254/1005/619
f 1257/1008/625 1283/1004/549 1251/1004/549
f 1254/1005/619 1287/1007/550 1255/1007/550
f 1246/999/548 1277/998/627 1245/998/627
f 1260/1011/628 1278/999/548 1246/999/548
f 1250/1003/624 1288/1010/623 1256/1010/623
f 1248/1000/622 1279/1002/546 1247/1002/546
f 1252/1009/626 1289/1008/625 1257/1008/625
f 1247/1002/546 1281/1001/621 1249/1001/621
f 1255/1007/550 1290/996/630 1258/996/630
f 1251/1004/549 1282/1003/624 1250/1003/624
f 4134/815/545 4136/816/545 4133/817/545
f 1296/818/546 1299/819/546 1295/816/546
f 1306/822/626 1301/823/626 1305/821/626
f 1298/822/548 1293/823/548 1297/821/548
f 4137/817/545 4139/818/545 4140/816/545
f 1304/818/620 1307/819/620 1303/816/620
f 1314/822/549 1309/823/549 1313/821/549
f 4141/817/545 4143/818/545 4144/816/545
f 1312/818/550 1315/819/550 1311/816/550
f 1322/822/623 1317/823/623 1321/821/623
f 4145/817/545 4147/818/545 4148/816/545
f 1320/818/629 1323/819/629 1319/816/629
f 1330/822/546 1325/823/546 1329/821/546
f 4149/817/545 4151/818/545 4152/816/545
f 1328/818/548 1331/819/548 1327/816/548
f 1338/822/620 1333/823/620 1337/821/620
f 4153/817/545 4155/818/545 4156/816/545
f 1336/818/626 1339/819/626 1335/816/626
f 1346/822/550 1341/823/550 1345/821/550
f 4157/817/545 4159/818/545 4160/816/545
f 1344/818/549 1347/819/549 1343/816/549
f 1354/822/629 1349/823/629 1353/821/629
f 4161/817/545 4163/818/545 4164/816/545
f 1352/818/623 1355/819/623 1351/816/623
f 1358/827/546 1359/874/622 1357/829/546
f 1360/875/622 1361/826/623 1359/874/622
f 1362/876/623 1363/877/624 1361/826/623
f 1364/878/624 1365/879/549 1363/877/624
f 1366/880/549 1367/881/625 1365/879/549
f 1368/882/625 1369/820/626 1367/881/625
f 1370/883/626 1371/884/627 1369/820/626
f 1372/885/627 1373/886/548 1371/884/627
f 1373/886/548 1376/889/628 1375/888/628
f 1376/889/628 1377/819/629 1375/888/628
f 1378/823/629 1379/890/630 1377/819/629
f 1380/891/630 1381/892/550 1379/890/630
f 1382/893/550 1383/894/619 1381/892/550
f 1383/894/619 1386/899/620 1385/825/620
f 4172/815/546 4173/816/546 4166/817/546
f 1385/825/620 1388/901/621 1387/900/621
f 1388/901/621 1357/902/546 1387/900/621
f 4169/818/545 4165/819/545 4167/816/545
f 4176/820/547 4177/821/547 4174/819/547
f 4180/822/548 4168/823/548 4178/821/548
f 1395/819/549 1389/824/549 1391/825/549
f 1392/826/550 1394/822/550 1396/820/550
f 4184/827/546 4182/1012/658 4181/829/546
f 4183/1013/658 4185/1014/659 4182/1012/658
f 4186/1015/659 4187/1016/549 4185/1014/659
f 4188/1017/549 4189/1018/660 4187/1016/549
f 4189/1018/660 4192/1019/661 4191/1020/661
f 4192/1019/661 4193/1021/548 4191/1020/661
f 4194/1022/548 4195/1023/662 4193/1021/548
f 4195/1023/662 4198/1024/663 4197/1025/663
f 4198/1024/663 4199/1026/550 4197/1025/663
f 4200/1027/550 4201/1028/664 4199/1026/550
f 4238/826/665 1446/1029/666 4234/820/665
f 4202/1030/664 4203/1031/667 4201/1028/664
f 4204/1032/667 4181/1033/546 4203/1031/667
f 4219/1034/658 1410/1035/546 1409/1035/546
f 4205/1036/545 1422/1037/545 4206/1038/545
f 4208/1039/547 1423/1040/547 1424/912/547
f 4206/1038/545 1425/1041/545 4209/1042/545
f 4207/1043/547 1426/1044/547 1423/1040/547
f 4209/1042/545 1427/922/545 4211/1045/545
f 4212/1046/547 1426/1044/547 4210/1047/547
f 4211/1045/545 1429/1048/545 4213/1049/545
f 4212/1046/547 1430/1050/547 1428/928/547
f 4215/1051/545 1429/1048/545 1431/1052/545
f 4216/1053/547 1430/1050/547 4214/1054/547
f 4217/1035/545 1431/1052/545 1433/935/545
f 4218/1055/547 1432/1056/547 4216/1053/547
f 4217/1035/545 1435/1057/545 1411/1034/545
f 4218/1055/547 1436/1058/547 1434/942/547
f 1411/1034/545 1437/1059/545 4221/1060/545
f 1412/1061/547 1438/1062/547 1436/1058/547
f 4221/1060/545 1439/869/545 4222/1063/545
f 4241/1064/547 1438/1062/547 1453/1065/547
f 4223/1066/545 1439/869/545 1441/1067/545
f 1455/1068/547 1440/951/547 4241/1064/547
f 4224/1069/545 1441/1067/545 1443/1070/545
f 4225/1071/547 1442/1072/547 1455/1068/547
f 4205/1036/545 1443/1070/545 1421/961/545
f 4208/1039/547 1444/1073/547 4225/1071/547
f 4228/1074/545 1451/820/545 4230/819/545
f 1401/1042/663 1400/1038/662 1399/1038/662
f 1415/1063/549 4240/1060/659 1413/1060/659
f 1405/1049/664 1404/1045/550 1403/1045/550
f 1419/1069/661 4242/1066/660 1417/1066/660
f 1409/1035/546 1408/1051/667 1407/1051/667
f 1399/1038/662 1398/1036/548 1397/1036/548
f 1413/1060/659 4220/1034/658 4219/1034/658
f 1403/1045/550 1402/1042/663 1401/1042/663
f 1415/1063/549 4242/1066/660 1416/1063/549
f 1407/1051/667 1406/1049/664 1405/1049/664
f 1397/1036/548 1420/1069/661 1419/1069/661
f 4235/1029/547 4233/821/547 4226/1075/547
f 4237/819/668 4229/1076/668 1452/825/668
f 1445/1075/669 4239/824/669 1414/1076/669
f 1418/1077/666 4236/822/670 1446/1029/666
f 1447/820/547 4226/1075/547 1448/819/547
f 1456/816/545 4232/1078/545 4228/1074/545
f 1460/1029/671 4255/826/672 4251/820/672
f 4245/1074/545 1465/820/545 4249/1078/545
f 4250/821/547 4252/1029/547 4243/1075/547
f 4246/1076/673 4254/819/673 1466/825/673
f 4256/824/674 1459/1075/674 1457/1076/674
f 4253/822/675 1458/1077/671 1460/1029/671
f 4243/1075/547 1461/820/547 1462/819/547
f 1468/816/545 4249/1078/545 1467/818/545
f 1482/1035/548 4264/1034/662 4263/1035/548
f 1472/1038/658 4259/1042/659 4258/1038/658
f 1491/1060/663 4266/1063/550 4265/1060/663
f 1476/1045/549 4261/1049/660 4260/1045/549
f 1492/1066/664 4268/1069/667 4267/1066/664
f 1480/1051/661 4263/1035/548 4262/1051/661
f 1470/1036/546 4258/1038/658 4257/1036/546
f 1484/1034/662 4265/1060/663 4264/1034/662
f 1474/1042/659 4260/1045/549 4259/1042/659
f 1487/1063/550 4267/1066/664 4266/1063/550
f 1478/1049/660 4262/1051/661 4261/1049/660
f 1490/1069/667 4257/1036/546 4268/1069/667
f 1475/1045/545 1483/1034/545 1489/1069/545
f 4271/827/676 4274/1079/676 4273/829/676
f 4270/1080/547 4277/1081/547 1495/1079/547
f 4276/1082/677 4280/1083/677 1497/1081/677
f 4279/1084/678 4283/1085/678 1499/1083/678
f 4272/912/550 4282/1062/550 1498/1050/550
f 1502/1086/545 4286/1087/545 1501/1085/545
f 1504/1088/679 1493/1089/679 1503/1087/679
f 4306/1080/547 4313/1081/547 1519/1079/547
f 4289/827/676 4292/1079/676 4291/829/676
f 4288/1080/547 4295/1081/547 1507/1079/547
f 4294/1082/677 4298/1083/677 1509/1081/677
f 4297/1084/678 4301/1085/678 1511/1083/678
f 4290/912/550 4300/1062/550 1510/1050/550
f 1514/1086/545 4304/1087/545 1513/1085/545
f 1516/1088/679 1505/1089/679 1515/1087/679
f 4307/827/676 4310/1079/676 4309/829/676
f 4312/1082/677 4316/1083/677 1521/1081/677
f 4315/1084/678 4319/1085/678 1523/1083/678
f 4308/912/550 4318/1062/550 1522/1050/550
f 1526/1086/545 4322/1087/545 1525/1085/545
f 1528/1088/679 1517/1089/679 1527/1087/679
f 4325/827/676 4328/1079/676 4327/829/676
f 4324/1080/547 4331/1081/547 1531/1079/547
f 4330/1082/677 4334/1083/677 1533/1081/677
f 4333/1084/678 4337/1085/678 1535/1083/678
f 4326/912/550 4336/1062/550 1534/1050/550
f 1538/1086/545 4340/1087/545 1537/1085/545
f 1540/1088/679 1529/1089/679 1539/1087/679
f 4342/827/621 4344/874/546 4343/829/621
f 4365/874/629 1549/876/630 4354/826/630
f 4360/826/625 1559/878/626 4358/877/626
f 4362/928/547 1571/912/547 1547/951/547
f 1543/878/620 4343/879/621 4357/877/620
f 4348/879/628 4361/882/629 4365/881/629
f 4364/881/549 4359/883/625 4360/820/625
f 4443/964/549 4458/965/624 4442/965/624
f 1545/883/619 4357/884/620 4367/820/619
f 4347/884/548 4345/887/628 4348/886/628
f 1565/887/624 4364/888/549 4368/886/624
f 4349/889/550 4367/819/619 4355/888/550
f 1557/823/627 4347/890/548 4353/819/627
f 1567/891/623 4368/892/624 4370/890/623
f 1549/893/630 4355/894/550 4354/892/630
f 1559/895/626 4353/825/627 4358/894/626
f 4372/825/622 1567/901/623 4370/900/623
f 4344/900/546 1569/1090/622 4372/902/622
f 4374/827/621 4376/874/546 4375/829/621
f 4397/874/629 1581/876/630 1582/826/630
f 4392/826/625 1591/878/626 1592/877/626
f 4394/928/547 1603/912/547 1579/951/547
f 4389/877/620 4374/880/621 4375/879/621
f 4380/879/628 4393/882/629 4397/881/629
f 1595/882/549 4392/820/625 4396/881/549
f 4390/930/545 1584/943/545 1576/955/545
f 1577/883/619 4389/884/620 1578/820/619
f 1587/885/548 4380/886/628 1588/884/548
f 1597/887/624 4396/888/549 1598/886/624
f 4381/889/550 1578/819/619 4387/888/550
f 1590/819/627 1587/891/548 1588/890/548
f 1599/891/623 1598/892/624 1600/890/623
f 1582/892/630 4381/895/550 4387/894/550
f 1592/894/626 1589/899/627 1590/825/627
f 1601/899/622 1600/900/623 1602/825/622
f 4373/901/546 1602/902/622 4376/900/546
f 4406/827/621 4408/874/546 4407/829/621
f 4429/874/629 1613/876/630 1614/826/630
f 4424/826/625 1623/878/626 1624/877/626
f 4426/928/547 1635/912/547 1611/951/547
f 1607/878/620 4407/879/621 4421/877/620
f 4412/879/628 4425/882/629 4429/881/629
f 1627/882/549 4424/820/625 4428/881/549
f 4422/930/545 1616/943/545 1608/955/545
f 1609/883/619 4421/884/620 1610/820/619
f 1619/885/548 4412/886/628 1620/884/548
f 1630/886/624 1627/889/549 4428/888/549
f 4413/889/550 1610/819/619 4419/888/550
f 1622/819/627 1619/891/548 1620/890/548
f 1631/891/623 1630/892/624 1632/890/623
f 1614/892/630 4413/895/550 4419/894/550
f 1624/894/626 1621/899/627 1622/825/627
f 1633/899/622 1632/900/623 1634/825/622
f 4405/901/546 1634/902/622 4408/900/546
f 4437/966/545 1638/961/545 4438/967/545
f 4440/968/545 1639/935/545 1640/939/545
f 4441/969/545 1639/935/545 4439/970/545
f 1548/964/545 1642/904/545 1643/869/545
f 4444/971/545 1637/905/545 4437/966/545
f 4441/969/545 1645/930/545 1641/903/545
f 4446/972/545 1645/930/545 4445/973/545
f 4447/974/545 1646/925/545 4446/972/545
f 1550/965/545 1648/943/545 1642/904/545
f 4449/975/545 1644/955/545 4444/971/545
f 4450/976/545 1647/922/545 4447/974/545
f 4450/976/545 1651/914/545 1650/918/545
f 4451/977/545 1652/909/545 1651/914/545
f 4440/968/545 1648/943/545 4448/978/545
f 4449/975/545 1643/869/545 1649/952/545
f 4438/967/545 1652/909/545 4452/979/545
f 1665/980/619 4491/981/550 1659/981/550
f 1566/976/630 4467/977/629 1568/977/629
f 1544/971/626 4453/966/627 4460/971/626
f 1568/977/629 4468/979/628 1570/979/628
f 1558/969/621 4461/973/620 1560/973/620
f 1552/978/623 4456/968/622 1554/968/622
f 1560/973/620 4462/972/619 1562/972/619
f 1546/975/625 4459/964/549 4443/964/549
f 1562/972/619 4463/974/550 1564/974/550
f 1572/967/548 4453/966/627 1542/966/627
f 1570/979/628 4454/967/548 1572/967/548
f 4442/965/624 4464/978/623 1552/978/623
f 1554/968/622 4455/970/546 1556/970/546
f 1544/971/626 4465/975/625 1546/975/625
f 1556/970/546 4457/969/621 1558/969/621
f 1564/974/550 4466/976/630 1566/976/630
f 4469/982/545 1670/967/545 4470/983/545
f 4472/984/545 1671/970/545 1672/968/545
f 4473/985/545 1671/970/545 4471/986/545
f 4474/987/545 1675/964/545 4475/981/545
f 4469/982/545 1676/971/545 1669/966/545
f 4473/985/545 1677/973/545 1673/969/545
f 4478/988/545 1677/973/545 4477/989/545
f 4479/990/545 1678/972/545 4478/988/545
f 4474/987/545 1680/978/545 1674/965/545
f 4481/980/545 1676/971/545 4476/992/545
f 4482/993/545 1679/974/545 4479/990/545
f 4483/994/545 1682/976/545 4482/993/545
f 4483/994/545 1684/979/545 1683/977/545
f 4472/984/545 1680/978/545 4480/991/545
f 4481/980/545 1675/964/545 1681/975/545
f 4470/983/545 1684/979/545 4484/995/545
f 1698/996/630 4531/997/629 4515/997/629
f 1662/988/625 4495/990/549 1663/990/549
f 1654/983/546 4485/982/621 1653/982/621
f 1668/995/622 4486/983/546 1654/983/546
f 1658/987/630 4496/991/629 1664/991/629
f 1656/984/628 4487/986/548 1655/986/548
f 1660/992/620 4497/980/619 1665/980/619
f 1655/986/548 4489/985/627 1657/985/627
f 1663/990/549 4498/993/624 1666/993/624
f 1659/981/550 4490/987/630 1658/987/630
f 1666/993/624 4499/994/623 1667/994/623
f 1653/982/621 4492/992/620 1660/992/620
f 1667/994/623 4500/995/622 1668/995/622
f 1657/985/627 4493/989/626 1661/989/626
f 1656/984/628 4496/991/629 4488/984/628
f 1661/989/626 4494/988/625 1662/988/625
f 4501/998/545 1702/983/545 4502/999/545
f 4504/1000/545 1703/986/545 1704/984/545
f 4505/1001/545 1703/986/545 4503/1002/545
f 4506/1003/545 1707/981/545 4507/1004/545
f 4501/998/545 1708/992/545 1701/982/545
f 4505/1001/545 1709/989/545 1705/985/545
f 4510/1005/545 1709/989/545 4509/1006/545
f 4511/1007/545 1710/988/545 4510/1005/545
f 4506/1003/545 1712/991/545 1706/987/545
f 4513/1008/545 1708/992/545 4508/1009/545
f 4511/1007/545 1714/993/545 1711/990/545
f 1699/997/545 1714/993/545 4514/996/545
f 1699/997/545 1716/995/545 1715/994/545
f 4504/1000/545 1712/991/545 4512/1010/545
f 4513/1008/545 1707/981/545 1713/980/545
f 4502/999/545 1716/995/545 4516/1011/545
f 4525/1006/545 4528/1010/545 4524/1009/545
f 1692/1009/626 1717/998/627 1724/1009/626
f 4515/997/629 1732/1011/628 1700/1011/628
f 1689/1001/621 1725/1006/620 1693/1006/620
f 1696/1010/623 1720/1000/622 1688/1000/622
f 1693/1006/620 1726/1005/619 1694/1005/619
f 1697/1008/625 1723/1004/549 1691/1004/549
f 1694/1005/619 1727/1007/550 1695/1007/550
f 1686/999/548 1717/998/627 1685/998/627
f 1700/1011/628 1718/999/548 1686/999/548
f 1690/1003/624 1728/1010/623 1696/1010/623
f 1688/1000/622 1719/1002/546 1687/1002/546
f 1692/1009/626 1729/1008/625 1697/1008/625
f 1687/1002/546 1721/1001/621 1689/1001/621
f 1695/1007/550 1730/996/630 1698/996/630
f 1691/1004/549 1722/1003/624 1690/1003/624
f 4534/815/545 4536/816/545 4533/817/545
f 1736/818/546 1739/819/546 1735/816/546
f 1746/822/626 1741/823/626 1745/821/626
f 1738/822/548 1733/823/548 1737/821/548
f 4537/817/545 4539/818/545 4540/816/545
f 1744/818/620 1747/819/620 1743/816/620
f 1754/822/549 1749/823/549 1753/821/549
f 4541/817/545 4543/818/545 4544/816/545
f 1752/818/550 1755/819/550 1751/816/550
f 1762/822/623 1757/823/623 1761/821/623
f 4545/817/545 4547/818/545 4548/816/545
f 1760/818/629 1763/819/629 1759/816/629
f 1770/822/546 1765/823/546 1769/821/546
f 4549/817/545 4551/818/545 4552/816/545
f 1768/818/548 1771/819/548 1767/816/548
f 1778/822/550 1773/823/550 1777/821/550
f 4553/817/545 4555/818/545 4556/816/545
f 1776/818/549 1779/819/549 1775/816/549
f 1786/822/629 1781/823/629 1785/821/629
f 4557/817/545 4559/818/545 4560/816/545
f 1784/818/623 1787/819/623 1783/816/623
f 1790/827/546 1791/874/622 1789/829/546
f 1792/875/622 1793/826/623 1791/874/622
f 1794/876/623 1795/877/624 1793/826/623
f 1796/878/624 1797/879/549 1795/877/624
f 1797/879/549 1800/882/625 1799/881/625
f 1800/882/625 1801/820/626 1799/881/625
f 1802/883/626 1803/884/627 1801/820/626
f 1804/885/627 1805/886/548 1803/884/627
f 1806/887/548 1807/888/628 1805/886/548
f 1808/889/628 1809/819/629 1807/888/628
f 1810/823/629 1811/890/630 1809/819/629
f 1811/890/630 1814/893/550 1813/892/550
f 1814/893/550 1815/894/619 1813/892/550
f 1816/895/619 1817/825/620 1815/894/619
f 1818/899/620 1819/900/621 1817/825/620
f 1820/901/621 1789/902/546 1819/900/621
f 4564/827/546 4562/1012/658 4561/829/546
f 4562/1012/658 4566/1015/659 4565/1014/659
f 4566/1015/659 4567/1016/549 4565/1014/659
f 4568/1017/549 4569/1018/660 4567/1016/549
f 4569/1018/660 4572/1019/661 4571/1020/661
f 4572/1019/661 4573/1021/548 4571/1020/661
f 4574/1022/548 4575/1023/662 4573/1021/548
f 4576/1091/662 4577/1025/663 4575/1023/662
f 4578/1024/663 4579/1026/550 4577/1025/663
f 4580/1027/550 4581/1028/664 4579/1026/550
f 4582/1030/664 4583/1031/667 4581/1028/664
f 4584/1032/667 4561/1033/546 4583/1031/667
f 4599/1034/658 1834/1035/546 1833/1035/546
f 4585/1036/545 1844/1037/545 4586/1038/545
f 4588/1039/547 1845/1040/547 1846/912/547
f 4586/1038/545 1847/1041/545 4589/1042/545
f 4590/1047/547 1845/1040/547 4587/1043/547
f 4591/1045/545 1847/1041/545 1849/922/545
f 4592/1046/547 1848/1044/547 4590/1047/547
f 4591/1045/545 1851/1048/545 4593/1049/545
f 4592/1046/547 1852/1050/547 1850/928/547
f 4595/1051/545 1851/1048/545 1853/1052/545
f 4594/1054/547 1854/1056/547 1852/1050/547
f 4597/1035/545 1853/1052/545 1855/935/545
f 4598/1055/547 1854/1056/547 4596/1053/547
f 1835/1034/545 1855/935/545 1857/1057/545
f 1836/1061/547 1856/942/547 4598/1055/547
f 1835/1034/545 1859/1059/545 4601/1060/545
f 1836/1061/547 1860/1062/547 1858/1058/547
f 4601/1060/545 1861/869/545 4602/1063/545
f 4607/1064/547 1860/1062/547 1867/1065/547
f 4603/1066/545 1861/869/545 1863/1067/545
f 4607/1064/547 1864/1072/547 1862/951/547
f 4604/1069/545 1863/1067/545 1865/1070/545
f 4605/1071/547 1864/1072/547 1868/1068/547
f 4604/1069/545 1843/961/545 4585/1036/545
f 4605/1071/547 1846/912/547 1866/1073/547
f 1825/1042/663 1824/1038/662 1823/1038/662
f 1837/1060/659 1839/1063/549 4606/1060/659
f 1829/1049/664 1828/1045/550 1827/1045/550
f 1841/1069/661 4608/1066/660 1840/1066/660
f 1833/1035/546 1832/1051/667 1831/1051/667
f 1823/1038/662 1822/1036/548 1821/1036/548
f 1837/1060/659 4600/1034/658 4599/1034/658
f 1827/1045/550 1826/1042/663 1825/1042/663
f 1840/1066/660 1839/1063/549 1838/1063/549
f 1831/1051/667 1830/1049/664 1829/1049/664
f 1821/1036/548 1842/1069/661 1841/1069/661
f 1882/1035/548 4616/1034/662 4615/1035/548
f 1872/1038/658 4611/1042/659 4610/1038/658
f 1891/1060/663 4618/1063/550 4617/1060/663
f 1876/1045/549 4613/1049/660 4612/1045/549
f 1892/1066/664 4620/1069/667 4619/1066/664
f 1880/1051/661 4615/1035/548 4614/1051/661
f 1870/1036/546 4610/1038/658 4609/1036/546
f 1884/1034/662 4617/1060/663 4616/1034/662
f 1874/1042/659 4612/1045/549 4611/1042/659
f 4618/1063/550 1892/1066/664 4619/1066/664
f 1878/1049/660 4614/1051/661 4613/1049/660
f 1890/1069/667 4609/1036/546 4620/1069/667
f 1875/1045/545 1883/1034/545 1889/1069/545
f 4665/826/680 4658/822/680 4663/820/680
f 4632/818/549 4636/819/625 4633/816/625
f 4659/1092/681 4655/822/681 4657/822/681
f 4621/822/623 4625/1092/623 4623/822/623
f 4622/822/626 4662/1092/626 4628/1092/626
f 4631/826/620 4639/822/620 4635/820/620
f 4646/822/549 4643/823/624 4648/821/624
f 4630/1092/629 4647/822/629 4640/822/629
f 4624/822/626 4641/826/626 4637/820/626
f 1897/1092/545 1920/1092/545 1919/1092/545
f 4649/1093/545 4650/817/545 1907/1094/545
f 4650/817/545 4651/817/545 1907/1094/545
f 4652/821/547 4653/1095/547 1911/1096/547
f 4653/1095/547 4654/821/547 1911/1096/547
f 1910/1097/653 1908/824/549 1905/1098/653
f 1908/824/549 1909/821/682 1906/824/682
f 4636/819/625 1905/1098/653 4633/825/625
f 1907/1094/545 1896/818/545 1895/816/545
f 1909/821/682 4643/824/624 1906/824/682
f 1907/1094/545 1901/817/545 1902/815/545
f 1900/820/547 1911/1096/547 4654/1097/547
f 1911/1096/547 1903/822/547 1904/821/547
f 1913/822/547 1917/822/547 1916/822/547
f 4642/826/623 4664/820/623 4638/820/623
f 1913/822/547 1921/820/547 1918/822/547
f 1897/1092/545 1922/826/545 1893/826/545
f 4667/829/546 4669/875/622 4668/874/622
f 4669/875/622 4671/826/623 4668/874/622
f 4672/876/623 4673/877/624 4671/826/623
f 4673/877/624 4676/880/549 4675/879/549
f 4675/879/549 4678/882/625 4677/881/625
f 4677/881/625 4680/883/626 4679/820/626
f 4680/883/626 4681/884/627 4679/820/626
f 4681/884/627 4684/887/548 4683/886/548
f 4683/886/548 4686/889/628 4685/888/628
f 4686/889/628 4687/819/629 4685/888/628
f 4688/823/629 4689/890/630 4687/819/629
f 4690/891/630 4691/892/550 4689/890/630
f 4692/893/550 4693/894/619 4691/892/550
f 4694/895/619 4695/825/620 4693/894/619
f 4696/899/620 4697/900/621 4695/825/620
f 4698/901/621 4667/902/546 4697/900/621
f 1944/823/547 1936/883/547 1928/876/547
f 1937/884/545 1945/890/545 1953/900/545
f 4701/815/545 4699/816/545 4700/817/545
f 4711/815/545 4707/816/545 4709/817/545
f 1962/820/547 4703/821/547 1961/819/547
f 4714/826/546 4715/819/546 4708/825/546
f 4704/819/549 1955/824/549 1957/825/549
f 1958/826/550 1960/822/550 4705/820/550
f 4718/820/547 4719/821/547 4716/819/547
f 4722/822/548 4710/823/548 4720/821/548
f 1969/819/549 1963/824/549 1965/825/549
f 1966/826/550 1968/822/550 1970/820/550
f 1972/827/546 4724/1012/658 4723/829/546
f 4724/1012/658 1976/1015/659 4725/1014/659
f 1976/1015/659 4726/1016/549 4725/1014/659
f 1978/1017/549 4727/1018/660 4726/1016/549
f 1980/1099/660 4728/1020/661 4727/1018/660
f 1982/1019/661 4729/1021/548 4728/1020/661
f 1984/1022/548 4730/1023/662 4729/1021/548
f 1986/1091/662 4731/1025/663 4730/1023/662
f 1988/1024/663 4732/1026/550 4731/1025/663
f 1990/1027/550 4733/1028/664 4732/1026/550
f 4733/1028/664 1994/1032/667 4734/1031/667
f 1994/1032/667 4723/1033/546 4734/1031/667
f 1977/922/545 1985/1057/545 1993/1070/545
f 1996/827/546 4736/1012/676 4735/829/546
f 1998/1013/676 4737/1014/683 4736/1012/676
f 2000/1015/683 4738/1016/547 4737/1014/683
f 2002/1017/547 4739/1018/684 4738/1016/547
f 2004/1099/684 4740/1020/677 4739/1018/684
f 2006/1019/677 4741/1021/548 4740/1020/677
f 2008/1022/548 4742/1023/678 4741/1021/548
f 2010/1091/678 4743/1025/685 4742/1023/678
f 2012/1024/685 4744/1026/545 4743/1025/685
f 2014/1027/545 4745/1028/686 4744/1026/545
f 2016/1030/686 4746/1031/679 4745/1028/686
f 2018/1032/679 4735/1033/546 4746/1031/679
f 2001/922/549 2009/1057/549 2017/1070/549
f 4750/827/546 4748/1012/676 4747/829/546
f 4749/1013/676 4751/1014/683 4748/1012/676
f 4752/1015/683 4753/1016/547 4751/1014/683
f 4754/1017/547 4755/1018/684 4753/1016/547
f 4756/1099/684 4757/1020/677 4755/1018/684
f 4758/1019/677 4759/1021/548 4757/1020/677
f 4760/1022/548 4761/1023/678 4759/1021/548
f 4762/1091/678 4763/1025/685 4761/1023/678
f 4764/1024/685 4765/1026/545 4763/1025/685
f 4766/1027/545 4767/1028/686 4765/1026/545
f 2040/1072/550 2032/942/550 2024/1044/550
f 4768/1030/686 4769/1031/679 4767/1028/686
f 2042/1032/679 4747/1033/546 4769/1031/679
f 2025/922/549 2033/1057/549 2041/1070/549
f 4774/827/546 4772/828/552 4771/829/546
f 4773/830/552 4775/831/554 4772/828/552
f 4776/832/554 4777/833/556 4775/831/554
f 4778/834/556 4779/835/558 4777/833/556
f 4780/836/558 4781/837/547 4779/835/558
f 4782/838/547 4783/839/561 4781/837/547
f 4784/840/561 4785/841/563 4783/839/561
f 4786/842/563 4787/843/565 4785/841/563
f 4788/844/565 4789/845/567 4787/843/565
f 4790/846/567 4791/847/548 4789/845/567
f 4792/848/548 4793/849/570 4791/847/548
f 4794/850/570 4795/851/572 4793/849/570
f 4796/852/572 4797/853/574 4795/851/572
f 4798/854/574 4799/855/576 4797/853/574
f 4800/856/576 4801/857/545 4799/855/576
f 4802/858/545 4803/859/579 4801/857/545
f 4804/860/579 4805/861/581 4803/859/579
f 4806/862/581 4807/863/583 4805/861/581
f 4808/864/583 4809/865/586 4807/863/583
f 4810/866/586 4771/867/546 4809/865/586
f 2069/853/549 2107/851/549 2109/853/549
f 2052/836/550 2090/834/550 2050/834/550
f 2070/854/550 2108/852/550 2068/852/550
f 2059/843/549 2101/845/549 2061/845/549
f 2077/861/549 2119/863/549 2079/863/549
f 2060/844/550 2102/846/550 2100/844/550
f 2078/862/550 2120/864/550 2118/862/550
f 2053/837/549 2091/835/549 2093/837/549
f 2069/853/549 2111/855/549 2071/855/549
f 2043/829/549 2084/828/549 2045/828/549
f 2054/838/550 2092/836/550 2052/836/550
f 2070/854/550 2112/856/550 2110/854/550
f 2046/830/550 2086/827/550 2044/827/550
f 2061/845/549 2103/847/549 2063/847/549
f 2081/865/549 2119/863/549 2121/865/549
f 2064/848/550 2102/846/550 2062/846/550
f 2082/866/550 2120/864/550 2080/864/550
f 2055/839/549 2093/837/549 2095/839/549
f 2071/855/549 2113/857/549 2073/857/549
f 2056/840/550 2094/838/550 2054/838/550
f 2072/856/550 2114/858/550 2112/856/550
f 2045/828/549 2087/831/549 2047/831/549
f 2063/847/549 2105/849/549 2065/849/549
f 2081/865/549 2083/867/549 2043/867/549
f 2046/830/550 2088/832/550 2085/830/550
f 2066/850/550 2104/848/550 2064/848/550
f 2044/871/550 2122/866/550 2082/866/550
f 2057/841/549 2095/839/549 2097/841/549
f 2073/857/549 2115/859/549 2075/859/549
f 2058/842/550 2096/840/550 2056/840/550
f 2074/858/550 2116/860/550 2114/858/550
f 2049/833/549 2087/831/549 2089/833/549
f 2067/851/549 2105/849/549 2107/851/549
f 2050/834/550 2088/832/550 2048/832/550
f 2068/852/550 2106/850/550 2066/850/550
f 2057/841/549 2099/843/549 2059/843/549
f 2075/859/549 2117/861/549 2077/861/549
f 2058/842/550 2100/844/550 2098/842/550
f 2076/860/550 2118/862/550 2116/860/550
f 2051/835/549 2089/833/549 2091/835/549
f 2188/856/549 4826/858/549 2187/858/549
f 2202/830/549 4813/832/549 4889/832/549
f 2174/844/550 4840/846/550 2144/844/550
f 4875/860/549 4826/858/549 4827/860/549
f 4889/832/549 4814/834/549 4888/834/549
f 4861/848/550 4840/846/550 4862/846/550
f 4875/860/549 4828/862/549 4874/862/549
f 4888/834/549 4815/836/549 4887/836/549
f 4861/848/550 4842/850/550 4841/848/550
f 4874/862/549 4829/864/549 4873/864/549
f 4887/836/549 4816/838/549 4886/838/549
f 4859/852/550 4842/850/550 4860/850/550
f 4873/864/549 4830/866/549 4872/866/549
f 4885/840/549 4816/838/549 4817/840/549
f 4858/854/550 4843/852/550 4859/852/550
f 4872/866/549 4812/871/549 4871/871/549
f 4885/840/549 4818/842/549 4884/842/549
f 4857/856/550 4844/854/550 4858/854/550
f 4870/830/550 4832/827/550 4851/827/550
f 4884/842/549 4819/844/549 4883/844/549
f 2125/838/547 4835/836/558 4836/838/547
f 2129/871/546 4850/866/586 2130/871/546
f 4823/852/572 2134/854/574 4824/854/574
f 2125/838/547 4837/840/561 2135/840/561
f 4824/854/574 2138/856/576 4825/856/576
f 2135/840/561 4838/842/563 2139/842/563
f 4825/856/576 4846/858/545 2141/858/545
f 2139/842/563 4839/844/565 2143/844/565
f 4811/830/552 2130/827/546 2146/830/552
f 2147/860/579 4846/858/545 4847/860/579
f 2143/844/565 2150/846/567 4820/846/567
f 2151/832/554 2146/830/552 4833/832/554
f 2153/862/581 4847/860/579 4848/862/581
f 4820/846/567 2156/848/548 4821/848/548
f 2157/834/556 4833/832/554 4834/834/556
f 2159/864/583 4848/862/581 4849/864/583
f 4821/848/548 2162/850/570 4822/850/570
f 2124/836/558 4834/834/556 4835/836/558
f 2128/866/586 4849/864/583 4850/866/586
f 4822/850/570 2131/852/572 4823/852/572
f 2170/852/554 4880/850/552 4879/852/554
f 2183/866/567 4853/864/565 2184/864/565
f 2198/836/576 4868/834/574 2199/834/574
f 2171/850/552 4881/848/546 4880/850/552
f 2184/864/565 4854/862/563 2185/862/563
f 2199/834/574 4869/832/572 2200/832/572
f 2172/848/546 4882/846/586 4881/848/546
f 2185/862/563 4855/860/561 2186/860/561
f 2200/832/572 2182/830/570 4890/830/570
f 2173/846/586 2194/844/583 4882/846/586
f 4855/860/561 4876/858/547 2186/860/561
f 4890/830/570 2181/827/548 2201/827/548
f 4863/844/583 2195/842/581 2194/844/583
f 4856/858/547 4877/856/558 4876/858/547
f 4864/842/581 2196/840/579 2195/842/581
f 2168/856/558 4878/854/556 4877/856/558
f 4865/840/579 2197/838/545 2196/840/579
f 2169/854/556 4879/852/554 4878/854/556
f 2201/871/548 4852/866/567 2183/866/567
f 4866/838/545 2198/836/576 2197/838/545
f 2174/844/550 2140/842/550 2175/842/550
f 4871/827/549 2145/830/549 2202/830/549
f 2189/854/549 2137/856/549 2188/856/549
f 2175/842/550 2136/840/550 2176/840/550
f 4851/871/550 2127/866/550 2163/866/550
f 2190/852/549 2133/854/549 2189/854/549
f 2176/840/550 2126/838/550 2177/838/550
f 2163/866/550 2160/864/550 2164/864/550
f 2190/852/549 2161/850/549 2132/852/549
f 2178/836/550 2126/838/550 2123/836/550
f 2164/864/550 2154/862/550 2165/862/550
f 2192/848/549 2161/850/549 2191/850/549
f 2178/836/550 2158/834/550 2179/834/550
f 2166/860/550 2154/862/550 2148/860/550
f 2192/848/549 2149/846/549 2155/848/549
f 2179/834/550 2152/832/550 2180/832/550
f 2166/860/550 2142/858/550 2167/858/550
f 2193/846/549 4819/844/549 2149/846/549
f 4870/830/550 2152/832/550 4831/830/550
f 4857/856/550 2142/858/550 4845/856/550
f 4891/1100/550 2204/912/550 4892/1101/550
f 4891/1100/550 2205/1102/550 2203/1103/550
f 4894/1104/550 2205/1102/550 4893/1105/550
f 4895/1106/550 2206/1107/550 4894/1104/550
f 4896/1108/550 2207/1109/550 4895/1106/550
f 4897/1110/550 2208/928/550 4896/1108/550
f 4897/1110/550 2210/1111/550 2209/1112/550
f 4899/1113/550 2210/1111/550 4898/1114/550
f 4900/1115/550 2211/1116/550 4899/1113/550
f 4901/1117/550 2212/1118/550 4900/1115/550
f 4901/1117/550 2214/1119/550 2213/942/550
f 4903/872/550 2214/1119/550 4902/1120/550
f 4903/872/550 2216/1121/550 2215/1122/550
f 4905/1123/550 2216/1121/550 850/873/550
f 4905/1123/550 2218/951/550 2217/1124/550
f 4907/1125/550 2218/951/550 4906/1126/550
f 4907/1125/550 2220/1127/550 2219/1128/550
f 4909/1129/550 2220/1127/550 4908/1130/550
f 4910/1131/550 2221/1132/550 4909/1129/550
f 4892/1101/550 2222/1133/550 4910/1131/550
f 4925/1123/550 4917/1110/550 4913/1105/550
f 842/1108/545 2229/1110/579 843/1110/579
f 4904/873/556 2237/1123/558 851/1123/558
f 843/1110/579 2230/1114/581 844/1114/581
f 851/1123/558 2238/1126/547 852/1126/547
f 844/1114/581 2231/1113/583 845/1113/583
f 838/1101/548 2223/1100/570 837/1100/570
f 852/1126/547 2239/1125/561 853/1125/561
f 845/1113/583 2232/1115/586 846/1115/586
f 837/1100/570 2225/1105/572 839/1105/572
f 853/1125/561 2240/1130/563 854/1130/563
f 846/1115/586 2233/1117/546 847/1117/546
f 839/1105/572 2226/1104/574 840/1104/574
f 854/1130/563 2241/1129/565 855/1129/565
f 847/1117/546 2234/1120/552 848/1120/552
f 840/1104/574 2227/1106/576 841/1106/576
f 855/1129/565 2242/1131/567 856/1131/567
f 848/1120/552 2235/872/554 849/872/554
f 841/1106/576 2228/1108/545 842/1108/545
f 856/1131/567 2224/1101/548 838/1101/548
f 4940/869/550 4936/1052/550 4932/1037/550
f 4946/922/549 4950/1057/549 4954/1070/549
f 2249/935/548 2260/1052/677 2248/1052/677
f 2246/922/547 2257/1041/683 2245/1041/683
f 2253/1067/686 2264/869/545 2252/869/545
f 2250/1057/678 2261/935/548 2249/935/548
f 2247/1048/684 2258/922/547 2246/922/547
f 2254/1070/679 2265/1067/686 2253/1067/686
f 2244/1037/676 2255/961/546 2243/961/546
f 2251/1059/685 2262/1057/678 2250/1057/678
f 2248/1052/677 2259/1048/684 2247/1048/684
f 2254/1070/679 2255/961/546 2266/1070/679
f 2245/1041/683 2256/1037/676 2244/1037/676
f 2252/869/545 2263/1059/685 2251/1059/685
f 4964/869/550 4960/1052/550 4956/1037/550
f 4970/922/549 4974/1057/549 4978/1070/549
f 2273/935/548 2284/1052/677 2272/1052/677
f 2270/922/547 2281/1041/683 2269/1041/683
f 2277/1067/686 2288/869/545 2276/869/545
f 2274/1057/678 2285/935/548 2273/935/548
f 2271/1048/684 2282/922/547 2270/922/547
f 2277/1067/686 2290/1070/679 2289/1067/686
f 2267/961/546 2280/1037/676 2279/961/546
f 2275/1059/685 2286/1057/678 2274/1057/678
f 2272/1052/677 2283/1048/684 2271/1048/684
f 2278/1070/679 2279/961/546 2290/1070/679
f 2269/1041/683 2280/1037/676 2268/1037/676
f 2276/869/545 2287/1059/685 2275/1059/685
f 4988/869/550 4984/1052/550 4980/1037/550
f 4994/922/549 4998/1057/549 5002/1070/549
f 2297/935/548 2308/1052/677 2296/1052/677
f 2294/922/547 2305/1041/683 2293/1041/683
f 2301/1067/686 2312/869/545 2300/869/545
f 2298/1057/678 2309/935/548 2297/935/548
f 2295/1048/684 2306/922/547 2294/922/547
f 2301/1067/686 2314/1070/679 2313/1067/686
f 2291/961/546 2304/1037/676 2303/961/546
f 2299/1059/685 2310/1057/678 2298/1057/678
f 2296/1052/677 2307/1048/684 2295/1048/684
f 2302/1070/679 2303/961/546 2314/1070/679
f 2293/1041/683 2304/1037/676 2292/1037/676
f 2300/869/545 2311/1059/685 2299/1059/685
f 5013/1072/550 5009/942/550 5005/1044/550
f 5019/1050/549 5023/1062/549 5016/912/549
f 2336/951/548 2323/1062/677 2324/951/548
f 2333/942/547 2320/1056/683 2321/942/547
f 2330/928/546 2317/1044/679 2318/928/546
f 2337/1072/678 2324/951/548 2325/1072/678
f 2334/1058/684 2321/942/547 2322/1058/684
f 2331/1050/676 2318/928/546 2319/1050/676
f 2338/1073/685 2325/1072/678 2326/1073/685
f 2327/1040/686 2315/912/545 2316/1040/686
f 2335/1062/677 2322/1058/684 2323/1062/677
f 2332/1056/683 2319/1050/676 2320/1056/683
f 2328/912/545 2326/1073/685 2315/912/545
f 2329/1044/679 2316/1040/686 2317/1044/679
f 5037/1072/550 5033/942/550 5029/1044/550
f 5043/1050/549 5047/1062/549 5040/912/549
f 2360/951/548 2347/1062/677 2348/951/548
f 2357/942/547 2344/1056/683 2345/942/547
f 2354/928/546 2341/1044/679 2342/928/546
f 2361/1072/678 2348/951/548 2349/1072/678
f 2358/1058/684 2345/942/547 2346/1058/684
f 2355/1050/676 2342/928/546 2343/1050/676
f 2362/1073/685 2349/1072/678 2350/1073/685
f 2351/1040/686 2339/912/545 2340/1040/686
f 2359/1062/677 2346/1058/684 2347/1062/677
f 2356/1056/683 2343/1050/676 2344/1056/683
f 2352/912/545 2350/1073/685 2339/912/545
f 2353/1044/679 2340/1040/686 2341/1044/679
f 2364/827/687 2389/1134/688 2388/1135/689
f 2389/1134/688 2368/1015/690 2391/1136/691
f 2368/1015/690 2393/1137/692 2391/1136/691
f 2370/1017/693 2395/1138/694 2393/1137/692
f 2372/1099/695 2397/1139/696 2395/1138/694
f 2397/1139/696 2376/1022/697 2399/1140/698
f 2376/1022/697 2401/1141/699 2399/1140/698
f 2401/1141/699 2380/1024/700 2403/1142/701
f 2380/1024/700 2405/1143/702 2403/1142/701
f 2405/1143/702 2384/1030/703 2407/1144/704
f 2409/1145/705 2387/1146/706 2410/1147/707
f 2384/1030/703 2409/1145/705 2407/1144/704
f 2409/1145/705 2364/1148/687 2388/1149/689
f 2410/1147/707 2363/1033/708 2385/1031/709
f 2408/1150/710 2385/1031/709 2383/1028/711
f 2407/1144/704 2410/1147/707 2408/1150/710
f 2406/1151/712 2383/1028/711 2381/1026/713
f 2405/1143/702 2408/1150/710 2406/1151/712
f 2379/1025/714 2406/1151/712 2381/1026/713
f 2403/1142/701 2406/1151/712 2404/1152/715
f 2402/1153/716 2379/1025/714 2377/1023/717
f 2401/1141/699 2404/1152/715 2402/1153/716
f 2375/1021/718 2402/1153/716 2377/1023/717
f 2399/1140/698 2402/1153/716 2400/1154/719
f 2398/1155/720 2375/1021/718 2373/1020/721
f 2397/1139/696 2400/1154/719 2398/1155/720
f 2396/1156/722 2373/1020/721 2371/1018/723
f 2395/1138/694 2398/1155/720 2396/1156/722
f 2394/1157/724 2371/1018/723 2369/1016/725
f 2393/1137/692 2396/1156/722 2394/1157/724
f 2367/1014/726 2394/1157/724 2369/1016/725
f 2391/1136/691 2394/1157/724 2392/1158/727
f 2390/1159/728 2367/1014/726 2365/1012/729
f 2389/1134/688 2392/1158/727 2390/1159/728
f 2363/829/708 2390/1159/728 2365/1012/729
f 2388/1135/689 2390/1159/728 2387/1160/706
f 2412/827/545 2413/1012/730 2411/829/545
f 2413/1012/730 2416/1015/731 2415/1014/731
f 2415/1014/731 2418/1017/550 2417/1016/550
f 2418/1017/550 2419/1018/732 2417/1016/550
f 2420/1099/732 2421/1020/733 2419/1018/732
f 2422/1019/733 2423/1021/547 2421/1020/733
f 2424/1022/547 2425/1023/734 2423/1021/547
f 2426/1091/734 2427/1025/735 2425/1023/734
f 2428/1024/735 2429/1026/549 2427/1025/735
f 2430/1027/549 2431/1028/736 2429/1026/549
f 3027/829/737 5497/1013/738 3029/1012/738
f 2431/1028/736 2434/1032/739 2433/1031/739
f 2434/1032/739 2411/1033/545 2433/1031/739
f 5061/1072/550 5057/942/550 5053/1044/550
f 5067/1050/549 5071/1062/549 5064/912/549
f 2456/951/548 2443/1062/677 2444/951/548
f 2453/942/547 2440/1056/683 2441/942/547
f 2450/928/546 2437/1044/679 2438/928/546
f 2457/1072/678 2444/951/548 2445/1072/678
f 2454/1058/684 2441/942/547 2442/1058/684
f 2451/1050/676 2438/928/546 2439/1050/676
f 2458/1073/685 2445/1072/678 2446/1073/685
f 2447/1040/686 2435/912/545 2436/1040/686
f 2455/1062/677 2442/1058/684 2443/1062/677
f 2452/1056/683 2439/1050/676 2440/1056/683
f 2448/912/545 2446/1073/685 2435/912/545
f 2449/1044/679 2436/1040/686 2437/1044/679
f 5085/1072/550 5081/942/550 5077/1044/550
f 5091/1050/549 5095/1062/549 5088/912/549
f 2480/951/548 2467/1062/677 2468/951/548
f 2477/942/547 2464/1056/683 2465/942/547
f 2474/928/546 2461/1044/679 2462/928/546
f 2481/1072/678 2468/951/548 2469/1072/678
f 2478/1058/684 2465/942/547 2466/1058/684
f 2475/1050/676 2462/928/546 2463/1050/676
f 2482/1073/685 2469/1072/678 2470/1073/685
f 2471/1040/686 2459/912/545 2460/1040/686
f 2479/1062/677 2466/1058/684 2467/1062/677
f 2476/1056/683 2463/1050/676 2464/1056/683
f 2472/912/545 2470/1073/685 2459/912/545
f 2473/1044/679 2460/1040/686 2461/1044/679
f 5103/819/549 5101/824/549 5099/825/549
f 5109/1161/740 5107/1092/617 5108/1162/740
f 5110/1163/617 5111/1164/741 5107/815/617
f 5115/1165/742 5113/1166/608 5114/1167/742
f 5116/1168/608 5117/1169/743 5113/1166/608
f 2494/1165/548 2489/1170/548 5102/823/548
f 5111/1164/741 5100/816/545 2483/817/545
f 5109/1161/740 5115/1165/742 5114/1167/742
f 2491/1171/546 2498/1166/546 5104/819/546
f 5117/1169/743 2485/821/547 2486/819/547
f 5122/827/546 5120/1012/658 5119/829/546
f 5121/1013/658 5123/1014/659 5120/1012/658
f 5124/1015/659 5125/1016/549 5123/1014/659
f 5126/1017/549 5127/1018/660 5125/1016/549
f 5128/1099/660 5129/1020/661 5127/1018/660
f 5130/1019/661 5131/1021/548 5129/1020/661
f 5132/1022/548 5133/1023/662 5131/1021/548
f 5133/1023/662 5136/1024/663 5135/1025/663
f 5136/1024/663 5137/1026/550 5135/1025/663
f 5138/1027/550 5139/1028/664 5137/1026/550
f 2520/1172/547 2512/942/547 2504/1044/547
f 5139/1028/664 2522/1032/667 5141/1031/667
f 2522/1032/667 5119/1033/546 5141/1031/667
f 2505/922/545 2513/1057/545 2521/1070/545
f 5167/879/549 2562/883/626 5168/820/626
f 2566/823/629 5173/892/550 5170/819/629
f 5148/827/546 5144/826/744 5143/829/546
f 2570/899/620 5172/902/546 2569/825/620
f 2550/823/629 5165/892/550 5150/819/629
f 5147/876/744 5151/879/547 5144/826/744
f 2562/883/626 5169/886/548 5168/820/626
f 2548/887/548 5150/819/629 5149/886/548
f 5152/880/547 5153/820/745 5151/879/547
f 2564/887/548 5170/819/629 5169/886/548
f 2546/883/626 5149/886/548 2545/820/626
f 5155/883/745 5156/886/548 5153/820/745
f 5146/930/545 2549/943/545 5166/955/545
f 2543/879/549 2546/883/626 2545/820/626
f 5157/887/548 5158/819/746 5156/886/548
f 2554/899/620 5163/902/546 2553/825/620
f 2541/826/623 2544/880/549 2543/879/549
f 5159/823/746 5160/892/545 5158/819/746
f 2538/951/550 2534/942/550 2530/928/550
f 2523/827/546 2541/826/623 5163/829/546
f 5161/893/545 5162/825/747 5160/892/545
f 2561/930/545 2565/943/545 5174/955/545
f 2552/893/550 2553/825/620 5165/892/550
f 2540/899/747 5143/902/546 5162/825/747
f 2531/930/549 2535/943/549 2539/955/549
f 2557/826/623 2560/880/549 5167/879/549
f 2555/827/546 2557/826/623 5172/829/546
f 2568/893/550 2569/825/620 5173/892/550
f 5177/879/549 5184/883/626 5178/820/626
f 5175/823/629 5187/892/550 5180/819/748
f 5190/899/749 5186/902/546 2585/825/620
f 5178/820/626 5176/887/548 5179/886/548
f 5176/887/548 5180/819/748 5179/886/548
f 2577/930/545 2581/943/545 5189/955/545
f 2573/826/623 5181/880/549 5177/879/549
f 5186/829/546 5182/876/623 2573/826/623
f 5188/893/550 2585/825/620 5187/892/550
f 5191/829/546 5196/876/620 5192/826/620
f 2589/1173/750 2595/1174/751 2590/1175/752
f 5207/893/545 5205/825/747 5208/892/545
f 2591/1176/753 2595/1174/751 2596/1177/754
f 2588/1178/755 2594/1179/756 2589/1173/750
f 2594/1179/756 2597/1180/757 2598/1181/758
f 5192/826/620 2656/880/550 5193/879/550
f 2594/1179/756 2599/1182/759 2595/1174/751
f 5249/879/547 2629/883/745 5250/820/745
f 2596/1177/754 2599/1182/759 2600/1183/760
f 2597/1180/757 2602/1184/761 2598/1181/758
f 2657/930/547 5199/943/547 5241/955/547
f 2598/1181/758 2603/1185/762 2599/1182/759
f 2631/880/550 5203/1090/550 2623/893/550
f 2599/1182/759 2604/1186/763 2600/1183/760
f 2601/1187/764 2606/1188/765 2602/1184/761
f 5202/887/548 2661/819/626 5198/886/548
f 2602/1184/761 2607/1189/766 2603/1185/762
f 2625/823/746 5208/892/545 5210/819/746
f 2603/1185/762 2608/1190/767 2604/1186/763
f 2605/1191/768 2610/1192/769 2606/1188/765
f 5200/820/629 5202/887/548 5198/886/548
f 2606/1188/765 2611/1193/770 2607/1189/766
f 2621/899/747 5206/902/546 5205/825/747
f 2607/1189/766 2612/1194/771 2608/1190/767
f 2610/1192/769 2613/1195/772 2614/1196/773
f 2666/899/623 5191/902/546 2665/825/623
f 2610/1192/769 2615/1197/774 2611/1193/770
f 5250/820/745 2627/887/548 5251/886/548
f 2611/1193/770 2616/1198/775 2612/1194/771
f 2613/1199/772 2618/1200/776 2614/1201/773
f 5201/823/626 2663/892/549 2661/819/626
f 2614/1201/773 2619/1202/777 2615/1203/774
f 5195/880/545 2592/1090/545 2664/893/545
f 2616/1204/775 2619/1202/777 2620/1205/778
f 2618/1200/776 2588/1178/755 2589/1173/750
f 5193/879/550 2658/883/629 5200/820/629
f 2618/1200/776 2590/1175/752 2619/1202/777
f 5240/893/549 2665/825/623 2663/892/549
f 2619/1202/777 2591/1176/753 2620/1205/778
f 2576/880/547 2571/1090/547 2584/893/547
f 5211/829/546 5216/876/744 5212/826/744
f 5212/826/744 2670/880/547 5213/879/547
f 2671/930/549 5219/943/549 5245/955/549
f 5222/887/548 2675/819/746 5218/886/548
f 5220/820/745 5222/887/548 5218/886/548
f 2680/899/747 5211/902/546 2679/825/747
f 5221/823/746 2677/892/545 2675/819/746
f 5215/880/550 2636/1090/550 2678/893/550
f 5213/879/547 2672/883/745 5220/820/745
f 5244/893/545 2679/825/747 2677/892/545
f 5227/893/549 5225/825/623 5228/892/549
f 5233/879/550 2645/883/629 5234/820/629
f 2647/880/545 5223/1090/545 2639/893/545
f 2641/823/626 5228/892/549 5230/819/626
f 2637/899/623 5226/902/546 5225/825/623
f 5234/820/629 2643/887/548 5235/886/548
f 2643/887/548 5230/819/626 5235/886/548
f 2646/930/547 2642/943/547 2638/955/547
f 5238/826/620 5236/880/550 5233/879/550
f 5226/829/546 5237/876/620 5238/826/620
f 2627/887/548 5210/819/746 5251/886/548
f 2630/930/549 2626/943/549 2622/955/549
f 5254/826/744 5252/880/547 5249/879/547
f 5206/829/546 5253/876/744 5254/826/744
f 2736/1200/776 2684/1178/755 2683/1173/750
f 2720/1184/761 2725/1189/766 2721/1185/762
f 5258/827/546 5256/1012/676 5255/829/546
f 2736/1200/776 2709/1175/752 2737/1202/777
f 2719/1187/779 2724/1188/765 2720/1184/761
f 5257/1013/676 5259/1014/683 5256/1012/676
f 2732/1201/773 2737/1202/777 2733/1203/774
f 2717/1182/759 2722/1186/763 2718/1183/760
f 5260/1015/683 5261/1016/547 5259/1014/683
f 2731/1199/772 2736/1200/776 2732/1201/773
f 2716/1181/758 2721/1185/762 2717/1182/759
f 5262/1017/547 5263/1018/684 5261/1016/547
f 2730/1194/771 2733/1197/774 2734/1198/775
f 2715/1180/757 2720/1184/761 2716/1181/758
f 5264/1099/684 5265/1020/677 5263/1018/684
f 2728/1192/769 2733/1197/774 2729/1193/780
f 2713/1174/751 2718/1183/760 2714/1177/754
f 5266/1019/677 5267/1021/548 5265/1020/677
f 2728/1192/769 2731/1195/772 2732/1196/773
f 2712/1179/781 2717/1182/759 2713/1174/751
f 5268/1022/548 5269/1023/678 5267/1021/548
f 2726/1190/767 2729/1193/780 2730/1194/771
f 2712/1179/781 2715/1180/757 2716/1181/758
f 5270/1091/678 5271/1025/685 5269/1023/678
f 2724/1188/765 2729/1193/780 2725/1189/766
f 2683/1173/750 2711/1206/782 2712/1179/781
f 5272/1024/685 5273/1026/545 5271/1025/685
f 2723/1191/768 2728/1192/769 2724/1188/765
f 2710/1176/753 2713/1174/751 2714/1177/754
f 5274/1027/545 5275/1028/686 5273/1026/545
f 2706/1207/550 2698/942/550 2690/1044/550
f 2683/1173/750 2713/1174/751 2709/1175/752
f 5276/1030/686 5277/1031/679 5275/1028/686
f 2734/1204/775 2737/1202/777 2738/1205/778
f 2721/1185/762 2726/1190/767 2722/1186/763
f 2708/1032/679 5255/1033/546 5277/1031/679
f 2691/922/549 2699/1057/549 2707/1070/549
f 2737/1202/777 2710/1176/753 2738/1205/778
f 2768/1200/776 2740/1178/755 2739/1173/750
f 2752/1184/761 2757/1189/766 2753/1185/762
f 2768/1200/776 2741/1175/752 2769/1202/777
f 2751/1187/779 2756/1188/765 2752/1184/761
f 2764/1201/773 2769/1202/777 2765/1203/774
f 2749/1182/759 2754/1186/763 2750/1183/760
f 2763/1199/772 2768/1200/776 2764/1201/773
f 2748/1181/758 2753/1185/762 2749/1182/759
f 2761/1193/770 2766/1198/775 2762/1194/783
f 2747/1180/757 2752/1184/761 2748/1181/758
f 2760/1192/784 2765/1197/774 2761/1193/770
f 2746/1177/754 2749/1182/759 2750/1183/760
f 2759/1208/785 2764/1196/773 2760/1192/784
f 2744/1179/756 2749/1182/759 2745/1174/751
f 2758/1190/767 2761/1193/770 2762/1194/783
f 2744/1179/756 2747/1180/757 2748/1181/758
f 2756/1188/765 2761/1193/770 2757/1189/766
f 2740/1178/755 2744/1179/756 2739/1173/750
f 2756/1188/765 2759/1208/785 2760/1192/784
f 2742/1176/753 2745/1174/751 2746/1177/754
f 2739/1173/750 2745/1174/751 2741/1175/752
f 2765/1203/774 2770/1205/778 2766/1204/775
f 2753/1185/762 2758/1190/767 2754/1186/763
f 2769/1202/777 2742/1176/753 2770/1205/778
f 5280/827/546 2773/1012/676 2771/829/546
f 5279/1013/676 2775/1014/683 2773/1012/676
f 5281/1015/683 2777/1016/547 2775/1014/683
f 5282/1017/547 2779/1018/684 2777/1016/547
f 5283/1099/684 2781/1020/677 2779/1018/684
f 5284/1019/677 2783/1021/548 2781/1020/677
f 5285/1022/548 2785/1023/678 2783/1021/548
f 5286/1091/678 2787/1025/685 2785/1023/678
f 5287/1024/685 2789/1026/545 2787/1025/685
f 5288/1027/545 2791/1028/686 2789/1026/545
f 2792/1207/550 2784/942/550 2776/1044/550
f 5289/1030/686 2793/1031/679 2791/1028/686
f 2794/1032/679 2771/1033/546 2793/1031/679
f 5295/815/545 5291/816/545 5293/817/545
f 5298/818/546 5299/819/546 5292/816/546
f 5302/820/547 5303/821/547 5300/819/547
f 5306/822/548 5294/823/548 5304/821/548
f 2801/819/549 2795/824/549 2797/825/549
f 2798/826/550 2800/822/550 2802/820/550
f 5309/826/786 5316/1092/787 2804/1092/786
f 2806/818/788 5307/819/546 2805/816/789
f 2808/822/548 2803/823/790 2807/821/548
f 2809/819/614 5311/824/791 5308/825/792
f 5309/826/786 5313/822/608 2810/820/608
f 2811/816/793 5328/818/794 5318/818/795
f 5311/824/791 5320/825/796 5308/825/792
f 2806/818/788 2811/816/793 5318/818/795
f 5314/883/797 2812/823/798 2803/823/790
f 5325/815/617 5321/816/617 5323/817/617
f 2812/823/798 5326/883/799 5324/823/800
f 2814/826/801 2817/1092/801 2813/1092/801
f 5319/824/796 2815/825/802 5320/825/796
f 5329/829/546 5334/876/620 5330/826/620
f 2821/1173/750 2827/1174/751 2822/1175/752
f 5345/893/545 5343/825/747 5346/892/545
f 2823/1176/753 2827/1174/751 2828/1177/754
f 2820/1178/755 2826/1179/756 2821/1173/750
f 2825/1206/782 2830/1181/758 2826/1179/756
f 5330/826/620 2888/880/550 5331/879/550
f 2826/1179/756 2831/1182/759 2827/1174/751
f 5387/879/547 2861/883/745 5388/820/745
f 2827/1174/751 2832/1183/760 2828/1177/754
f 2829/1180/757 2834/1184/761 2830/1181/758
f 2889/930/547 5337/943/547 5379/955/547
f 2830/1181/758 2835/1185/762 2831/1182/759
f 2863/880/550 5341/1090/550 2855/893/550
f 2832/1183/760 2835/1185/762 2836/1186/763
f 2834/1184/761 2837/1191/768 2838/1188/765
f 5340/887/548 2893/819/626 5336/886/548
f 2834/1184/761 2839/1189/766 2835/1185/762
f 2857/823/746 5346/892/545 5348/819/746
f 2835/1185/762 2840/1190/767 2836/1186/763
f 2837/1191/768 2842/1192/769 2838/1188/765
f 5338/820/629 5340/887/548 5336/886/548
f 2838/1188/765 2843/1193/770 2839/1189/766
f 2853/899/747 5344/902/546 5343/825/747
f 2840/1190/767 2843/1193/770 2844/1194/771
f 2842/1192/769 2845/1195/772 2846/1196/773
f 2898/899/623 5329/902/546 2897/825/623
f 2842/1192/769 2847/1197/774 2843/1193/770
f 5388/820/745 2859/887/548 5389/886/548
f 2843/1193/770 2848/1198/775 2844/1194/771
f 2845/1199/772 2850/1200/776 2846/1201/773
f 5339/823/626 2895/892/549 2893/819/626
f 2846/1201/773 2851/1202/777 2847/1203/774
f 5333/880/545 2824/1090/545 2896/893/545
f 2848/1204/775 2851/1202/777 2852/1205/778
f 2850/1200/776 2820/1178/755 2821/1173/750
f 5331/879/550 2890/883/629 5338/820/629
f 2850/1200/776 2822/1175/752 2851/1202/777
f 5378/893/549 2897/825/623 2895/892/549
f 2851/1202/777 2823/1176/753 2852/1205/778
f 5349/829/546 5354/876/744 5350/826/744
f 5350/826/744 2902/880/547 5351/879/547
f 2903/930/549 5357/943/549 5383/955/549
f 5360/887/548 2907/819/746 5356/886/548
f 5358/820/745 5360/887/548 5356/886/548
f 2912/899/747 5349/902/546 2911/825/747
f 5359/823/746 2909/892/545 2907/819/746
f 5353/880/550 2868/1090/550 2910/893/550
f 5351/879/547 2904/883/745 5358/820/745
f 5382/893/545 2911/825/747 2909/892/545
f 5365/893/549 5363/825/611 5366/892/549
f 5371/879/550 2877/883/617 5372/820/617
f 2879/880/546 5361/1090/546 2871/893/546
f 2873/823/614 5366/892/549 5368/819/614
f 2869/899/611 5364/902/547 5363/825/611
f 5372/820/617 2875/887/545 5373/886/545
f 2875/887/545 5368/819/614 5373/886/545
f 2878/930/548 2874/943/548 2870/955/548
f 5376/826/608 5374/880/550 5371/879/550
f 5364/829/547 5375/876/608 5376/826/608
f 2859/887/548 5348/819/746 5389/886/548
f 2862/930/549 2858/943/549 2854/955/549
f 5392/826/744 5390/880/547 5387/879/547
f 5344/829/546 5391/876/744 5392/826/744
f 2926/823/629 5399/892/550 5396/819/629
f 2924/887/548 5396/819/629 5395/886/548
f 2922/883/626 5395/886/548 2921/820/626
f 5394/930/545 2925/943/545 5400/955/545
f 2919/879/549 2922/883/626 2921/820/626
f 2930/899/620 5398/902/546 2929/825/620
f 2917/826/623 2920/880/549 2919/879/549
f 5398/829/546 2918/876/623 2917/826/623
f 2928/893/550 2929/825/620 5399/892/550
f 5404/827/546 5402/1012/676 5401/829/546
f 5403/1013/676 5405/1014/683 5402/1012/676
f 5406/1015/683 5407/1016/547 5405/1014/683
f 5408/1017/547 5409/1018/684 5407/1016/547
f 5410/1099/684 5411/1020/677 5409/1018/684
f 5412/1019/677 5413/1021/548 5411/1020/677
f 5414/1022/548 5415/1023/678 5413/1021/548
f 5416/1091/678 5417/1025/685 5415/1023/678
f 5418/1024/685 5419/1026/545 5417/1025/685
f 5420/1027/545 5421/1028/686 5419/1026/545
f 2952/1072/550 2944/942/550 2936/1044/550
f 5422/1030/686 5423/1031/679 5421/1028/686
f 2954/1032/679 5401/1033/546 5423/1031/679
f 2937/922/549 2945/1057/549 2953/1070/549
f 5428/827/546 5426/1012/676 5425/829/546
f 5427/1013/676 5429/1014/683 5426/1012/676
f 5430/1015/683 5431/1016/547 5429/1014/683
f 5432/1017/547 5433/1018/684 5431/1016/547
f 5434/1099/684 5435/1020/677 5433/1018/684
f 5436/1019/677 5437/1021/548 5435/1020/677
f 5438/1022/548 5439/1023/678 5437/1021/548
f 5440/1091/678 5441/1025/685 5439/1023/678
f 5442/1024/685 5443/1026/545 5441/1025/685
f 5444/1027/545 5445/1028/686 5443/1026/545
f 2976/1072/550 2968/942/550 2960/1044/550
f 5446/1030/686 5447/1031/679 5445/1028/686
f 2978/1032/679 5425/1033/546 5447/1031/679
f 2961/922/549 2969/1057/549 2977/1070/549
f 5459/1072/548 5455/942/548 5451/1044/548
f 5465/1050/546 5469/1062/546 5462/912/546
f 3000/951/549 2987/1062/735 2988/951/549
f 2997/942/547 2984/1056/733 2985/942/547
f 2994/928/550 2981/1044/731 2982/928/550
f 3001/1072/736 2988/951/549 2989/1072/736
f 2998/1058/734 2985/942/547 2986/1058/734
f 2995/1050/732 2982/928/550 2983/1050/732
f 3002/1073/739 2989/1072/736 2990/1073/739
f 2991/1040/730 2979/912/545 2980/1040/730
f 2999/1062/735 2986/1058/734 2987/1062/735
f 2996/1056/733 2983/1050/732 2984/1056/733
f 2992/912/545 2990/1073/739 2979/912/545
f 2993/1044/731 2980/1040/730 2981/1044/731
f 5483/1072/548 5479/942/548 5475/1044/548
f 5489/1050/546 5493/1062/546 5486/912/546
f 3024/951/549 3011/1062/735 3012/951/549
f 3021/942/547 3008/1056/733 3009/942/547
f 3018/928/550 3005/1044/731 3006/928/550
f 3025/1072/736 3012/951/549 3013/1072/736
f 3022/1058/734 3009/942/547 3010/1058/734
f 3019/1050/732 3006/928/550 3007/1050/732
f 3026/1073/739 3013/1072/736 3014/1073/739
f 3015/1040/730 3003/912/545 3004/1040/730
f 3023/1062/735 3010/1058/734 3011/1062/735
f 3020/1056/733 3007/1050/732 3008/1056/733
f 3016/912/545 3014/1073/739 3003/912/545
f 3017/1044/731 3004/1040/730 3005/1044/731
f 5497/1013/738 3031/1014/803 3029/1012/738
f 5499/1015/803 3033/1016/804 3031/1014/803
f 3033/1016/804 5501/1099/805 3035/1018/805
f 5501/1099/805 3037/1020/806 3035/1018/805
f 3037/1020/806 5503/1022/807 3039/1021/807
f 5503/1022/807 3041/1023/808 3039/1021/807
f 3041/1023/808 5505/1024/809 3043/1025/809
f 5505/1024/809 3045/1026/810 3043/1025/809
f 3045/1026/810 5507/1030/811 3047/1028/811
f 3047/1028/811 5508/1032/812 3049/1031/812
f 5508/1032/812 3027/1033/737 3049/1031/812
f 5513/1050/546 5517/1062/546 5510/912/546
f 3072/951/549 3059/1062/735 3060/951/549
f 3069/942/547 3056/1056/733 3057/942/547
f 3066/928/550 3053/1044/731 3054/928/550
f 3073/1072/736 3060/951/549 3061/1072/736
f 3070/1058/734 3057/942/547 3058/1058/734
f 3067/1050/732 3054/928/550 3055/1050/732
f 3074/1073/739 3061/1072/736 3062/1073/739
f 3063/1040/730 3051/912/545 3052/1040/730
f 3071/1062/735 3058/1058/734 3059/1062/735
f 3068/1056/733 3055/1050/732 3056/1056/733
f 3064/912/545 3062/1073/739 3051/912/545
f 3065/1044/731 3052/1040/730 3053/1044/731
f 3048/1030/548 3040/1022/548 3032/1015/548
f 3141/1209/813 3139/1210/814 3140/1211/815
f 3144/1212/816 3146/1213/817 3143/875/818
f 3147/1214/819 3142/874/820 3141/1209/813
f 3144/1212/816 3149/1215/821 3150/1216/822
f 3147/1214/819 3152/1217/823 3148/1218/824
f 3150/1216/822 3153/1219/825 3154/1220/826
f 3151/1221/827 3156/1222/828 3152/1217/823
f 3154/1220/826 3157/1223/829 3158/1224/830
f 3155/1225/831 3160/1226/832 3156/1222/828
f 3162/1227/833 3157/1223/829 3161/1228/834
f 3163/1229/835 3160/1226/832 3159/1230/836
f 3162/1227/833 3165/1231/837 3166/1232/838
f 3167/1233/839 3164/1234/840 3163/1229/835
f 3170/1235/841 3165/1231/837 3169/885/842
f 3167/1233/839 3172/886/843 3168/884/844
f 3174/1236/845 3169/885/842 3173/887/846
f 3175/1237/847 3172/886/843 3171/1238/848
f 3178/1239/849 3173/887/846 3177/1240/850
f 3175/1237/847 3180/819/851 3176/1241/852
f 3182/1242/853 3177/1240/850 3181/823/854
f 3183/1243/855 3180/819/851 3179/1244/856
f 3186/1245/857 3181/823/854 3185/1246/858
f 3187/1247/859 3184/1248/860 3183/1243/855
f 3186/1245/857 3189/1249/861 3190/1250/862
f 3187/1247/859 3192/1251/863 3188/1252/864
f 3194/1253/865 3189/1249/861 3193/1254/866
f 3195/1255/867 3192/1251/863 3191/1256/868
f 3198/1257/869 3193/1254/866 3197/1258/870
f 3199/1259/871 3196/1260/872 3195/1255/867
f 3198/1257/869 3201/1261/873 3202/1262/874
f 3199/1259/871 3139/1263/814 3200/1264/875
f 3202/1262/874 3146/1265/817 3145/1266/876
f 3079/1267/877 3075/1268/878 3076/1268/879
f 3077/1269/880 3081/1267/881 3082/1270/882
f 3079/1267/877 3084/1271/883 3080/1267/884
f 3082/1270/882 3085/1271/885 3086/1272/886
f 3087/1273/887 3084/1271/883 3083/1271/888
f 3090/1274/889 3085/1271/885 3089/1273/890
f 3091/1275/891 3088/1273/892 3087/1273/887
f 3090/1274/889 3093/1275/893 3094/1276/894
f 3091/1275/891 3096/1277/895 3092/1275/896
f 3098/1278/897 3093/1275/893 3097/1277/898
f 3099/1279/899 3096/1277/895 3095/1277/900
f 3102/1280/901 3097/1277/898 3101/1279/902
f 3103/1281/903 3100/1279/904 3099/1279/899
f 3102/1280/901 3105/1281/905 3106/1282/906
f 3103/1281/903 3108/1283/907 3104/1281/908
f 3110/1284/909 3105/1281/905 3109/1283/910
f 3111/1285/911 3108/1283/907 3107/1283/912
f 3110/1284/909 3113/1285/913 3114/1286/914
f 3115/1287/915 3112/1285/916 3111/1285/911
f 3114/1286/914 3117/1287/917 3118/1288/918
f 3119/1289/919 3116/1287/920 3115/1287/915
f 3118/1288/918 3121/1289/921 3122/1290/922
f 3119/1289/919 3124/1291/923 3120/1289/924
f 3126/1292/925 3121/1289/921 3125/1291/926
f 3127/1293/927 3124/1291/923 3123/1291/928
f 3126/1292/925 3129/1293/929 3130/1294/930
f 3131/1295/931 3128/1293/932 3127/1293/927
f 3130/1294/930 3133/1295/933 3134/1296/934
f 3131/1295/931 3136/1297/935 3132/1295/936
f 3134/1296/934 3137/1297/937 3138/1298/938
f 3076/1268/879 3136/1297/935 3135/1297/939
f 3077/1269/880 3137/1297/937 3078/1268/940
f 3078/1268/940 3080/1267/884 3081/1267/881
f 3076/1299/879 3200/1300/875 3139/1301/814
f 3076/1299/879 3142/1302/820 3079/1303/877
f 3137/1297/937 3075/1268/878 3078/1268/940
f 3077/1269/880 3143/1304/818 3146/1305/817
f 3077/1269/880 3201/1306/873 3138/1298/938
f 3081/1267/881 3084/1271/883 3085/1271/885
f 3083/1307/888 3142/1302/820 3148/1308/824
f 3086/1272/886 3143/1304/818 3082/1270/882
f 3085/1271/885 3088/1273/892 3089/1273/890
f 3087/1309/887 3148/1308/824 3152/1310/823
f 3090/1274/889 3149/1311/821 3086/1272/886
f 3089/1273/890 3092/1275/896 3093/1275/893
f 3091/1312/891 3152/1310/823 3156/1313/828
f 3094/1276/894 3153/1314/825 3090/1274/889
f 3093/1275/893 3096/1277/895 3097/1277/898
f 3091/1312/891 3160/1315/832 3095/1316/900
f 3094/1276/894 3161/1317/834 3157/1318/829
f 3097/1277/898 3100/1279/904 3101/1279/902
f 3095/1316/900 3164/1319/840 3099/1320/899
f 3098/1278/897 3165/1321/837 3161/1317/834
f 3101/1279/902 3104/1281/908 3105/1281/905
f 3099/1320/899 3168/1322/844 3103/1323/903
f 3102/1280/901 3169/1324/842 3165/1321/837
f 3105/1281/905 3108/1283/907 3109/1283/910
f 3103/1323/903 3172/1325/843 3107/1326/912
f 3110/1284/909 3169/1324/842 3106/1282/906
f 3109/1283/910 3112/1285/916 3113/1285/913
f 3107/1326/912 3176/1327/852 3111/1328/911
f 3114/1286/914 3173/1329/846 3110/1284/909
f 3113/1285/913 3116/1287/920 3117/1287/917
f 3115/1330/915 3176/1327/852 3180/1331/851
f 3118/1288/918 3177/1332/850 3114/1286/914
f 3117/1287/917 3120/1289/924 3121/1289/921
f 3119/1333/919 3180/1331/851 3184/1334/860
f 3122/1290/922 3181/1335/854 3118/1288/918
f 3121/1289/921 3124/1291/923 3125/1291/926
f 3123/1336/928 3184/1334/860 3188/1337/864
f 3126/1292/925 3185/1338/858 3122/1290/922
f 3125/1291/926 3128/1293/932 3129/1293/929
f 3123/1336/928 3192/1339/863 3127/1340/927
f 3126/1292/925 3193/1341/866 3189/1342/861
f 3129/1293/929 3132/1295/936 3133/1295/933
f 3127/1340/927 3196/1343/872 3131/1344/931
f 3130/1294/930 3197/1345/870 3193/1341/866
f 3133/1295/933 3136/1297/935 3137/1297/937
f 3131/1344/931 3200/1300/875 3135/1346/939
f 3134/1296/934 3201/1306/873 3197/1345/870
f 3145/1347/876 3141/1209/813 3140/1211/815
f 3202/1262/874 3140/1348/815 3199/1259/871
f 3144/1212/816 3147/1214/819 3141/1209/813
f 3150/1216/822 3151/1221/827 3147/1214/819
f 3154/1220/826 3155/1225/831 3151/1221/827
f 3158/1224/830 3159/1230/836 3155/1225/831
f 3162/1227/833 3163/1229/835 3159/1230/836
f 3166/1232/838 3167/1233/839 3163/1229/835
f 3170/1235/841 3171/1238/848 3167/1233/839
f 3174/1236/845 3175/1237/847 3171/1238/848
f 3178/1239/849 3179/1244/856 3175/1237/847
f 3182/1242/853 3183/1243/855 3179/1244/856
f 3186/1245/857 3187/1247/859 3183/1243/855
f 3190/1250/862 3191/1256/868 3187/1247/859
f 3194/1253/865 3195/1255/867 3191/1256/868
f 3198/1257/869 3199/1259/871 3195/1255/867
f 5524/827/550 5522/826/608 5521/829/550
f 5523/876/608 5525/879/547 5522/826/608
f 5526/880/547 5527/820/611 5525/879/547
f 5528/883/611 5529/886/549 5527/820/611
f 5530/887/549 5531/819/614 5529/886/549
f 5532/823/614 5533/892/545 5531/819/614
f 3216/951/548 3212/942/548 3208/928/548
f 5534/893/545 5535/825/617 5533/892/545
f 3218/899/617 5521/902/550 5535/825/617
f 3209/930/546 3213/943/546 3217/955/546
f 5541/815/545 5537/816/545 5539/817/545
f 5544/818/546 5545/819/546 5538/816/546
f 5548/820/547 5549/821/547 5546/819/547
f 5552/822/548 5540/823/548 5550/821/548
f 3225/819/549 3219/824/549 3221/825/549
f 3222/826/550 3224/822/550 3226/820/550
f 5561/820/734 5555/1092/734 5553/822/734
f 5563/819/730 5557/824/730 5567/825/730
f 5560/821/548 5556/883/548 5558/823/548
f 5562/820/736 3230/821/736 5564/819/736
f 5566/818/546 3228/819/546 5568/816/546
f 3234/817/732 3231/818/732 3232/816/732
f 5573/815/735 5569/816/735 5571/817/735
f 5576/818/546 5577/819/546 5570/816/546
f 5578/819/731 5583/822/731 5581/821/731
f 5582/821/548 5574/883/548 5572/823/548
f 3237/825/733 3239/821/733 3235/824/733
f 3238/826/739 3240/822/739 3242/820/739
s 0
f 5588/815/941 5585/816/941 5587/817/941
f 5590/818/546 5591/819/546 5586/816/546
f 5594/820/942 5595/821/942 5592/819/942
f 5600/815/943 5597/816/943 5599/817/943
f 3249/819/549 3243/824/549 3245/825/549
f 3246/826/550 3248/822/550 3250/820/550
f 5602/818/546 5603/819/546 5598/816/546
f 5606/820/944 5607/821/944 5604/819/944
f 3257/819/545 3251/824/545 3253/825/545
f 3254/826/547 3256/822/547 3258/820/547
s 1
f 5617/816/546 5616/815/546 5610/817/546
f 5609/819/547 5613/818/547 5611/816/547
f 5621/821/545 5620/820/545 5618/819/545
f 5612/823/548 5624/822/548 5622/821/548
f 3259/824/549 3265/819/549 3261/825/549
f 3264/822/550 3262/826/550 3266/820/550
f 5626/1012/658 5628/827/546 5625/829/546
f 5629/1014/659 5627/1013/658 5626/1012/658
f 5631/1016/549 5630/1015/659 5629/1014/659
f 5633/1018/660 5632/1017/549 5631/1016/549
f 5633/1018/660 5636/1019/661 5634/1099/660
f 5637/1021/548 5636/1019/661 5635/1020/661
f 5639/1023/662 5638/1022/548 5637/1021/548
f 5639/1023/662 5642/1024/663 5640/1091/662
f 5643/1026/550 5642/1024/663 5641/1025/663
f 5645/1028/664 5644/1027/550 5643/1026/550
f 3316/1029/666 5682/826/665 5678/820/665
f 5647/1031/667 5646/1030/664 5645/1028/664
f 5625/1033/546 5648/1032/667 5647/1031/667
f 3280/1035/546 5663/1034/658 3279/1035/546
f 3292/1037/547 5649/1036/547 5650/1038/547
f 5652/1039/545 3293/1040/545 5651/1043/545
f 3295/1041/547 5650/1038/547 5653/1042/547
f 5651/1043/545 3296/1044/545 5654/1047/545
f 5655/1045/547 3295/1041/547 5653/1042/547
f 3296/1044/545 5656/1046/545 5654/1047/545
f 3299/1048/547 5655/1045/547 5657/1049/547
f 5656/1046/545 3300/1050/545 5658/1054/545
f 5659/1051/547 3299/1048/547 5657/1049/547
f 3300/1050/545 5660/1053/545 5658/1054/545
f 5661/1035/547 3301/1052/547 5659/1051/547
f 3302/1056/545 5662/1055/545 5660/1053/545
f 3305/1057/547 5661/1035/547 3281/1034/547
f 5662/1055/545 3306/1058/545 3282/1061/545
f 3307/1059/547 3281/1034/547 5665/1060/547
f 3282/1061/545 3308/1062/545 3323/1065/545
f 3309/869/547 5665/1060/547 5666/1063/547
f 3308/1062/545 5685/1064/545 3323/1065/545
f 5667/1066/547 3309/869/547 5666/1063/547
f 5685/1064/545 3312/1072/545 3325/1068/545
f 5668/1069/547 3311/1067/547 5667/1066/547
f 3312/1072/545 5669/1071/545 3325/1068/545
f 5649/1036/547 3313/1070/547 5668/1069/547
f 3314/1073/545 5652/1039/545 5669/1071/545
f 5672/1074/547 3321/820/547 5676/1078/547
f 3270/1038/662 3271/1042/663 3269/1038/662
f 5684/1060/659 3285/1063/549 3283/1060/659
f 3274/1045/550 3275/1049/664 3273/1045/550
f 5686/1066/660 3289/1069/661 3287/1066/660
f 3278/1051/667 3279/1035/546 3277/1051/667
f 3268/1036/548 3269/1038/662 3267/1036/548
f 5664/1034/658 3283/1060/659 5663/1034/658
f 3272/1042/663 3273/1045/550 3271/1042/663
f 3286/1063/549 3287/1066/660 3285/1063/549
f 3276/1049/664 3277/1051/667 3275/1049/664
f 3290/1069/661 3267/1036/548 3289/1069/661
f 5677/821/545 5679/1029/545 5670/1075/545
f 5673/1076/668 5681/819/668 3322/825/668
f 5683/824/669 3315/1075/669 3284/1076/669
f 5680/822/670 3288/1077/666 3316/1029/666
f 5670/1075/545 3317/820/545 3318/819/545
f 3326/816/547 5676/1078/547 3324/818/547
f 5699/826/672 3330/1029/671 5695/820/672
f 5689/1074/547 3335/820/547 5691/819/547
f 5696/1029/545 5694/821/545 5687/1075/545
f 5698/819/673 5690/1076/673 3336/825/673
f 3329/1075/674 5700/824/674 3327/1076/674
f 3328/1077/671 5697/822/675 3330/1029/671
f 3331/820/545 5687/1075/545 3332/819/545
f 3338/816/547 5693/1078/547 5689/1074/547
f 5708/1034/662 3352/1035/548 5707/1035/548
f 5703/1042/659 3342/1038/658 5702/1038/658
f 5710/1063/550 3361/1060/663 5709/1060/663
f 5705/1049/660 3346/1045/549 5704/1045/549
f 5712/1069/667 3362/1066/664 5711/1066/664
f 5707/1035/548 3350/1051/661 5706/1051/661
f 5702/1038/658 3340/1036/546 5701/1036/546
f 5709/1060/663 3354/1034/662 5708/1034/662
f 5704/1045/549 3344/1042/659 5703/1042/659
f 5711/1066/664 3357/1063/550 5710/1063/550
f 5706/1051/661 3348/1049/660 5705/1049/660
f 5701/1036/546 3360/1069/667 5712/1069/667
f 3356/1063/547 3349/1051/547 3341/1038/547
f 5718/1079/679 5715/827/679 5717/829/679
f 5721/1081/545 5714/1080/545 3365/1079/545
f 5724/1083/678 5720/1082/678 3367/1081/678
f 5727/1085/677 5723/1084/677 3369/1083/677
f 3368/1050/550 5726/1062/550 5716/912/550
f 5730/1087/547 3372/1086/547 3371/1085/547
f 3363/1089/676 3374/1088/676 3373/1087/676
f 5757/1081/545 5750/1080/545 3389/1079/545
f 5736/1079/679 5733/827/679 5735/829/679
f 5739/1081/545 5732/1080/545 3377/1079/545
f 5742/1083/678 5738/1082/678 3379/1081/678
f 5745/1085/677 5741/1084/677 3381/1083/677
f 3380/1050/550 5744/1062/550 5734/912/550
f 5748/1087/547 3384/1086/547 3383/1085/547
f 3375/1089/676 3386/1088/676 3385/1087/676
f 5754/1079/679 5751/827/679 5753/829/679
f 5760/1083/678 5756/1082/678 3391/1081/678
f 5763/1085/677 5759/1084/677 3393/1083/677
f 3392/1050/550 5762/1062/550 5752/912/550
f 5766/1087/547 3396/1086/547 3395/1085/547
f 3387/1089/676 3398/1088/676 3397/1087/676
f 5772/1079/679 5769/827/679 5771/829/679
f 5775/1081/545 5768/1080/545 3401/1079/545
f 5778/1083/678 5774/1082/678 3403/1081/678
f 5781/1085/677 5777/1084/677 3405/1083/677
f 3404/1050/550 5780/1062/550 5770/912/550
f 5784/1087/547 3408/1086/547 3407/1085/547
f 3399/1089/676 3410/1088/676 3409/1087/676
f 5788/827/546 5786/1012/658 5785/829/546
f 5786/1012/658 5790/1015/659 5789/1014/659
f 5790/1015/659 5791/1016/549 5789/1014/659
f 5792/1017/549 5793/1018/660 5791/1016/549
f 5793/1018/660 5796/1019/661 5795/1020/661
f 5796/1019/661 5797/1021/548 5795/1020/661
f 5798/1022/548 5799/1023/662 5797/1021/548
f 5800/1091/662 5801/1025/663 5799/1023/662
f 5802/1024/663 5803/1026/550 5801/1025/663
f 5804/1027/550 5805/1028/664 5803/1026/550
f 5806/1030/664 5807/1031/667 5805/1028/664
f 5808/1032/667 5785/1033/546 5807/1031/667
f 5823/1034/658 3424/1035/546 3423/1035/546
f 5809/1036/545 3434/1037/545 5810/1038/545
f 5812/1039/547 3435/1040/547 3436/912/547
f 5810/1038/545 3437/1041/545 5813/1042/545
f 5814/1047/547 3435/1040/547 5811/1043/547
f 5815/1045/545 3437/1041/545 3439/922/545
f 5816/1046/547 3438/1044/547 5814/1047/547
f 5815/1045/545 3441/1048/545 5817/1049/545
f 5816/1046/547 3442/1050/547 3440/928/547
f 5819/1051/545 3441/1048/545 3443/1052/545
f 5818/1054/547 3444/1056/547 3442/1050/547
f 5821/1035/545 3443/1052/545 3445/935/545
f 5822/1055/547 3444/1056/547 5820/1053/547
f 3425/1034/545 3445/935/545 3447/1057/545
f 3426/1061/547 3446/942/547 5822/1055/547
f 3425/1034/545 3449/1059/545 5825/1060/545
f 3426/1061/547 3450/1062/547 3448/1058/547
f 5825/1060/545 3451/869/545 5826/1063/545
f 5831/1064/547 3450/1062/547 3457/1065/547
f 5827/1066/545 3451/869/545 3453/1067/545
f 5831/1064/547 3454/1072/547 3452/951/547
f 5828/1069/545 3453/1067/545 3455/1070/545
f 5829/1071/547 3454/1072/547 3458/1068/547
f 5828/1069/545 3433/961/545 5809/1036/545
f 5829/1071/547 3436/912/547 3456/1073/547
f 3415/1042/663 3414/1038/662 3413/1038/662
f 3427/1060/659 3429/1063/549 5830/1060/659
f 3419/1049/664 3418/1045/550 3417/1045/550
f 3431/1069/661 5832/1066/660 3430/1066/660
f 3423/1035/546 3422/1051/667 3421/1051/667
f 3413/1038/662 3412/1036/548 3411/1036/548
f 3427/1060/659 5824/1034/658 5823/1034/658
f 3417/1045/550 3416/1042/663 3415/1042/663
f 3430/1066/660 3429/1063/549 3428/1063/549
f 3421/1051/667 3420/1049/664 3419/1049/664
f 3411/1036/548 3432/1069/661 3431/1069/661
f 5873/826/945 5866/822/945 5871/820/945
f 5842/818/549 5846/819/625 5843/816/625
f 5867/1092/946 5863/822/946 5865/822/946
f 5833/822/947 5836/1092/623 5834/822/623
f 5833/822/947 5870/1092/948 5838/1092/947
f 5841/826/620 5848/822/620 5845/820/620
f 5853/822/549 5850/823/624 5855/821/624
f 5840/1092/629 5854/822/629 5849/822/629
f 5835/822/626 5856/826/949 5847/820/949
f 3481/1092/545 3485/1092/545 3463/1092/545
f 5857/1093/545 5858/817/545 3473/1094/545
f 5858/817/545 5859/817/545 3473/1094/545
f 5860/821/547 5861/1095/547 3477/1096/547
f 5861/1095/547 5862/821/547 3477/1096/547
f 3476/1097/653 3474/824/549 3471/1098/653
f 3478/821/549 3472/824/682 3474/824/549
f 5846/819/625 3471/1098/653 5843/825/625
f 3473/1094/545 3462/818/545 3461/816/545
f 3475/821/682 5850/824/624 3472/824/682
f 3473/1094/545 3467/817/545 3468/815/545
f 3466/820/547 3477/1096/547 5862/1097/547
f 3477/1096/547 3469/822/547 3470/821/547
f 3482/822/547 3484/822/547 3483/822/547
f 5856/826/949 5872/820/950 5847/820/949
f 3480/820/547 3484/822/547 3479/822/547
f 3459/826/545 3485/1092/545 3488/826/545
f 5878/827/546 5876/1012/658 5875/829/546
f 5876/1012/658 5880/1015/659 5879/1014/659
f 5880/1015/659 5881/1016/549 5879/1014/659
f 5882/1017/549 5883/1018/660 5881/1016/549
f 5883/1018/660 5886/1019/661 5885/1020/661
f 5886/1019/661 5887/1021/548 5885/1020/661
f 5888/1022/548 5889/1023/662 5887/1021/548
f 5890/1091/662 5891/1025/663 5889/1023/662
f 5892/1024/663 5893/1026/550 5891/1025/663
f 5894/1027/550 5895/1028/664 5893/1026/550
f 5896/1030/664 5897/1031/667 5895/1028/664
f 5898/1032/667 5875/1033/546 5897/1031/667
f 5913/1034/658 3502/1035/546 3501/1035/546
f 5899/1036/545 3512/1037/545 5900/1038/545
f 5902/1039/547 3513/1040/547 3514/912/547
f 5900/1038/545 3515/1041/545 5903/1042/545
f 5904/1047/547 3513/1040/547 5901/1043/547
f 5905/1045/545 3515/1041/545 3517/922/545
f 5906/1046/547 3516/1044/547 5904/1047/547
f 5905/1045/545 3519/1048/545 5907/1049/545
f 5906/1046/547 3520/1050/547 3518/928/547
f 5909/1051/545 3519/1048/545 3521/1052/545
f 5908/1054/547 3522/1056/547 3520/1050/547
f 5911/1035/545 3521/1052/545 3523/935/545
f 5912/1055/547 3522/1056/547 5910/1053/547
f 3503/1034/545 3523/935/545 3525/1057/545
f 3504/1061/547 3524/942/547 5912/1055/547
f 3503/1034/545 3527/1059/545 5915/1060/545
f 3504/1061/547 3528/1062/547 3526/1058/547
f 5915/1060/545 3529/869/545 5916/1063/545
f 5921/1064/547 3528/1062/547 3535/1065/547
f 5917/1066/545 3529/869/545 3531/1067/545
f 5921/1064/547 3532/1072/547 3530/951/547
f 5918/1069/545 3531/1067/545 3533/1070/545
f 5919/1071/547 3532/1072/547 3536/1068/547
f 5918/1069/545 3511/961/545 5899/1036/545
f 5919/1071/547 3514/912/547 3534/1073/547
f 3493/1042/663 3492/1038/662 3491/1038/662
f 3505/1060/659 3507/1063/549 5920/1060/659
f 3497/1049/664 3496/1045/550 3495/1045/550
f 3509/1069/661 5922/1066/660 3508/1066/660
f 3501/1035/546 3500/1051/667 3499/1051/667
f 3491/1038/662 3490/1036/548 3489/1036/548
f 3505/1060/659 5914/1034/658 5913/1034/658
f 3495/1045/550 3494/1042/663 3493/1042/663
f 3508/1066/660 3507/1063/549 3506/1063/549
f 3499/1051/667 3498/1049/664 3497/1049/664
f 3489/1036/548 3510/1069/661 3509/1069/661
f 5930/1034/662 3550/1035/548 5929/1035/548
f 5925/1042/659 3540/1038/658 5924/1038/658
f 5932/1063/550 3559/1060/663 5931/1060/663
f 5927/1049/660 3544/1045/549 5926/1045/549
f 5934/1069/667 3560/1066/664 5933/1066/664
f 5929/1035/548 3548/1051/661 5928/1051/661
f 5924/1038/658 3538/1036/546 5923/1036/546
f 5931/1060/663 3552/1034/662 5930/1034/662
f 5926/1045/549 3542/1042/659 5925/1042/659
f 5933/1066/664 3555/1063/550 5932/1063/550
f 5928/1051/661 3546/1049/660 5927/1049/660
f 5923/1036/546 3558/1069/667 5934/1069/667
f 3554/1063/547 3547/1051/547 3539/1038/547
f 3565/815/545 3567/818/545 3561/816/545
f 3568/818/546 3571/820/546 3569/819/546
f 3572/820/547 3575/822/547 3573/821/547
f 3576/822/548 3566/883/548 3564/823/548
f 719/819/549 717/821/549 713/824/549
f 716/826/550 714/1092/550 718/822/550
f 3581/815/545 3583/818/545 3577/816/545
f 3584/818/546 3587/820/546 3585/819/546
f 3588/820/547 3591/822/547 3589/821/547
f 3592/822/548 3582/883/548 3580/823/548
f 727/819/549 725/821/549 721/824/549
f 724/826/550 722/1092/550 726/822/550
f 740/818/546 3604/820/546 3601/819/546
f 732/818/546 3596/820/546 3593/819/546
f 742/822/548 3608/883/548 737/823/548
f 734/822/548 3600/883/548 729/823/548
f 735/819/549 3598/821/549 3597/824/549
f 3595/826/550 730/1092/550 3599/822/550
f 743/819/549 3606/821/549 3605/824/549
f 3603/826/550 738/1092/550 3607/822/550
f 3613/815/545 3615/818/545 3609/816/545
f 3616/818/546 3618/820/546 3617/819/546
f 3625/815/545 3627/818/545 3621/816/545
f 750/822/548 3614/883/548 3612/823/548
f 751/819/549 3619/821/549 745/824/549
f 748/826/550 746/1092/550 3620/822/550
f 3628/818/546 3630/820/546 3629/819/546
f 758/822/548 3626/883/548 3624/823/548
f 759/819/549 3631/821/549 753/824/549
f 756/826/550 754/1092/550 3632/822/550
f 3633/816/547 3639/818/547 3637/815/547
f 3641/819/546 3642/820/546 3640/818/546
f 3645/816/547 3651/818/547 3649/815/547
f 3636/823/548 3638/883/548 766/822/548
f 761/824/549 3643/821/549 767/819/549
f 3644/822/550 762/1092/550 764/826/550
f 3653/819/546 3654/820/546 3652/818/546
f 3648/823/548 3650/883/548 774/822/548
f 769/824/549 3655/821/549 775/819/549
f 3656/822/550 770/1092/550 772/826/550
f 778/827/551 780/830/553 3658/828/552
f 780/830/553 782/832/555 3659/831/554
f 782/832/555 784/834/557 3660/833/556
f 784/834/557 786/836/559 3661/835/558
f 786/836/559 788/838/560 3662/837/547
f 788/838/560 790/840/562 3663/839/561
f 790/840/562 792/842/564 3664/841/563
f 792/842/564 794/844/566 3665/843/565
f 794/844/566 796/846/568 3666/845/567
f 796/846/568 798/848/569 3667/847/548
f 798/848/569 800/850/571 3668/849/570
f 800/850/571 802/852/573 3669/851/572
f 802/852/573 804/854/575 3670/853/574
f 804/854/575 806/856/577 3671/855/576
f 806/856/577 808/858/578 3672/857/545
f 808/858/578 810/860/580 3673/859/579
f 810/860/580 812/862/582 3674/861/581
f 812/862/582 814/864/585 3675/863/583
f 788/838/560 822/838/589 823/840/584
f 814/864/585 816/866/587 3676/865/586
f 816/866/587 778/871/551 3657/867/546
f 815/870/549 777/961/549 779/1349/549
f 779/1349/549 781/1350/549 783/1351/549
f 783/1351/549 785/1352/549 787/922/549
f 787/922/549 789/1353/549 791/868/549
f 791/868/549 793/1354/549 795/1355/549
f 795/1355/549 797/935/549 799/1356/549
f 799/1356/549 801/1357/549 803/1358/549
f 803/1358/549 805/1359/549 807/869/549
f 807/869/549 809/1360/549 811/1361/549
f 811/1361/549 813/1362/549 815/870/549
f 815/870/549 779/1349/549 783/1351/549
f 783/1351/549 787/922/549 791/868/549
f 791/868/549 795/1355/549 799/1356/549
f 799/1356/549 803/1358/549 807/869/549
f 807/869/549 811/1361/549 815/870/549
f 815/870/549 783/1351/549 791/868/549
f 791/868/549 799/1356/549 807/869/549
f 821/836/588 3681/836/558 3682/838/547
f 798/848/569 827/848/601 828/850/590
f 810/860/580 808/858/578 832/858/591
f 784/834/557 820/834/603 821/836/588
f 794/844/566 825/844/604 826/846/593
f 804/854/575 830/854/605 831/856/594
f 814/864/585 835/864/606 836/866/595
f 782/832/555 780/830/553 817/830/596
f 790/840/562 823/840/584 824/842/598
f 800/850/571 828/850/590 829/852/599
f 810/860/580 833/860/592 834/862/600
f 786/836/559 821/836/588 822/838/589
f 796/846/568 826/846/593 827/848/601
f 806/856/577 831/856/594 832/858/591
f 816/866/587 836/866/595 818/871/602
f 782/832/555 819/832/597 820/834/603
f 792/842/564 824/842/598 825/844/604
f 780/830/553 778/827/551 818/827/602
f 804/854/575 802/852/573 829/852/599
f 812/862/582 834/862/600 835/864/606
f 849/872/554 2235/872/554 4924/873/556
f 836/866/595 3696/866/586 3678/871/546
f 829/852/599 3689/852/572 3690/854/574
f 822/838/589 3682/838/547 3683/840/561
f 830/854/605 3690/854/574 3691/856/576
f 823/840/584 3683/840/561 3684/842/563
f 831/856/594 3691/856/576 3692/858/545
f 824/842/598 3684/842/563 3685/844/565
f 818/827/602 3678/827/546 3677/830/552
f 832/858/591 3692/858/545 3693/860/579
f 825/844/604 3685/844/565 3686/846/567
f 817/830/596 3677/830/552 3679/832/554
f 833/860/592 3693/860/579 3694/862/581
f 826/846/593 3686/846/567 3687/848/548
f 819/832/597 3679/832/554 3680/834/556
f 834/862/600 3694/862/581 3695/864/583
f 827/848/601 3687/848/548 3688/850/570
f 820/834/603 3680/834/556 3681/836/558
f 835/864/606 3695/864/583 3696/866/586
f 828/850/590 3688/850/570 3689/852/572
f 3700/827/550 3699/875/607 3698/874/607
f 3699/875/607 3702/876/608 3701/826/608
f 3702/876/608 3704/878/609 3703/877/609
f 3704/878/609 3706/880/547 3705/879/547
f 3706/880/547 3708/882/610 3707/881/610
f 3708/882/610 3710/883/611 3709/820/611
f 3710/883/611 3712/885/612 3711/884/612
f 3712/885/612 3714/887/549 3713/886/549
f 3714/887/549 3716/889/613 3715/888/613
f 3716/889/613 3718/823/614 3717/819/614
f 3718/823/614 3720/891/615 3719/890/615
f 3720/891/615 3722/893/545 3721/892/545
f 3722/893/545 3724/895/616 3723/894/616
f 3724/895/616 3726/899/617 3725/825/617
f 862/898/548 860/917/548 858/912/548
f 858/912/548 3728/959/548 886/960/548
f 886/960/548 884/957/548 882/951/548
f 882/951/548 880/948/548 878/896/548
f 878/896/548 876/946/548 874/942/548
f 874/942/548 872/938/548 870/897/548
f 870/897/548 868/927/548 866/928/548
f 866/928/548 864/924/548 862/898/548
f 862/898/548 858/912/548 886/960/548
f 886/960/548 882/951/548 878/896/548
f 878/896/548 874/942/548 870/897/548
f 870/897/548 866/928/548 862/898/548
f 862/898/548 886/960/548 878/896/548
f 3726/899/617 888/901/618 3727/900/618
f 888/901/618 3700/1090/550 3697/902/550
f 887/905/546 857/961/546 859/909/546
f 859/909/546 861/914/546 863/918/546
f 863/918/546 865/922/546 867/925/546
f 867/925/546 869/930/546 871/903/546
f 871/903/546 873/935/546 875/939/546
f 875/939/546 877/943/546 879/904/546
f 879/904/546 881/869/546 883/952/546
f 883/952/546 885/955/546 887/905/546
f 887/905/546 859/909/546 863/918/546
f 863/918/546 867/925/546 871/903/546
f 871/903/546 875/939/546 879/904/546
f 879/904/546 883/952/546 887/905/546
f 887/905/546 863/918/546 871/903/546
f 3802/878/609 962/880/547 961/879/547
f 3757/898/548 3767/917/548 889/912/548
f 889/912/548 3792/959/548 3790/960/548
f 3790/960/548 3788/957/548 3786/951/548
f 3786/951/548 3784/948/548 942/896/548
f 942/896/548 3738/946/548 3749/942/548
f 3749/942/548 3759/938/548 3769/897/548
f 3769/897/548 932/927/548 3734/928/548
f 3734/928/548 3747/924/548 3757/898/548
f 3757/898/548 889/912/548 3790/960/548
f 3790/960/548 3786/951/548 942/896/548
f 942/896/548 3749/942/548 3769/897/548
f 3769/897/548 3734/928/548 3757/898/548
f 3757/898/548 3790/960/548 942/896/548
f 3736/827/550 3735/875/607 3732/874/607
f 3823/905/546 954/961/546 3812/909/546
f 3812/909/546 3808/914/546 959/918/546
f 959/918/546 3799/922/546 963/925/546
f 963/925/546 3813/930/546 3809/903/546
f 3809/903/546 3805/935/546 3801/939/546
f 3801/939/546 3793/943/546 3794/904/546
f 3794/904/546 3817/869/546 3819/952/546
f 3819/952/546 3821/955/546 3823/905/546
f 3823/905/546 3812/909/546 959/918/546
f 959/918/546 963/925/546 3809/903/546
f 3809/903/546 3801/939/546 3794/904/546
f 3794/904/546 3819/952/546 3823/905/546
f 3823/905/546 959/918/546 3809/903/546
f 948/895/616 950/899/617 3789/825/617
f 3735/875/607 3742/876/608 3739/826/608
f 3795/882/610 3811/883/611 965/820/611
f 946/893/545 948/895/616 3787/894/616
f 3742/876/608 3745/878/609 3744/877/609
f 3811/883/611 3807/885/612 967/884/612
f 944/891/615 946/893/545 3785/892/545
f 3745/878/609 3748/880/547 3746/879/547
f 3807/885/612 3803/887/549 969/886/549
f 3737/823/614 944/891/615 3730/890/615
f 3748/880/547 3752/882/610 3750/881/610
f 3803/887/549 3798/889/613 971/888/613
f 940/889/613 3737/823/614 3729/819/614
f 3752/882/610 3755/883/611 3754/820/611
f 3798/889/613 3797/823/614 973/819/614
f 938/887/549 940/889/613 3743/888/613
f 3755/883/611 3758/885/612 3756/884/612
f 3797/823/614 3816/891/615 975/890/615
f 936/885/612 938/887/549 3753/886/549
f 3758/885/612 3762/887/549 3760/886/549
f 3816/891/615 3818/893/545 977/892/545
f 934/883/611 936/885/612 3763/884/612
f 3762/887/549 3765/889/613 3764/888/613
f 3818/893/545 3820/895/616 979/894/616
f 3733/882/610 934/883/611 3773/820/611
f 3765/889/613 3768/823/614 3766/819/614
f 3820/895/616 3822/899/617 981/825/617
f 930/880/547 3733/882/610 3741/881/610
f 3768/823/614 3772/891/615 3770/890/615
f 3806/898/548 3810/917/548 953/912/548
f 953/912/548 3824/959/548 982/960/548
f 982/960/548 980/957/548 978/951/548
f 978/951/548 976/948/548 974/896/548
f 974/896/548 972/946/548 970/942/548
f 970/942/548 968/938/548 966/897/548
f 966/897/548 964/927/548 3796/928/548
f 3796/928/548 960/924/548 3806/898/548
f 3806/898/548 953/912/548 982/960/548
f 982/960/548 978/951/548 974/896/548
f 974/896/548 970/942/548 966/897/548
f 966/897/548 3796/928/548 3806/898/548
f 3806/898/548 982/960/548 974/896/548
f 928/878/609 930/880/547 3740/879/547
f 3772/891/615 3775/893/545 3774/892/545
f 3791/905/546 890/961/546 3771/909/546
f 3771/909/546 3761/914/546 927/918/546
f 927/918/546 929/922/546 931/925/546
f 931/925/546 933/930/546 935/903/546
f 935/903/546 937/935/546 939/939/546
f 939/939/546 941/943/546 943/904/546
f 943/904/546 945/869/546 947/952/546
f 947/952/546 949/955/546 3791/905/546
f 3791/905/546 3771/909/546 927/918/546
f 927/918/546 931/925/546 935/903/546
f 935/903/546 939/939/546 943/904/546
f 943/904/546 947/952/546 3791/905/546
f 3791/905/546 927/918/546 935/903/546
f 926/876/608 928/878/609 3751/877/609
f 3775/893/545 3777/895/616 3776/894/616
f 952/901/618 3779/1090/550 3782/902/550
f 924/875/607 926/876/608 925/826/608
f 3777/895/616 3780/899/617 3778/825/617
f 896/898/548 894/917/548 892/912/548
f 892/912/548 3783/959/548 920/960/548
f 920/960/548 918/957/548 916/951/548
f 916/951/548 914/948/548 912/896/548
f 912/896/548 910/946/548 908/942/548
f 908/942/548 906/938/548 904/897/548
f 904/897/548 902/927/548 900/928/548
f 900/928/548 898/924/548 896/898/548
f 896/898/548 892/912/548 920/960/548
f 920/960/548 916/951/548 912/896/548
f 912/896/548 908/942/548 904/897/548
f 904/897/548 900/928/548 896/898/548
f 896/898/548 920/960/548 912/896/548
f 3779/827/550 924/875/607 923/874/607
f 3780/899/617 922/901/618 3781/900/618
f 962/880/547 3795/882/610 3800/881/610
f 950/899/617 952/901/618 951/900/618
f 922/901/618 3736/1090/550 3731/902/550
f 921/905/546 891/961/546 893/909/546
f 893/909/546 895/914/546 897/918/546
f 897/918/546 899/922/546 901/925/546
f 901/925/546 903/930/546 905/903/546
f 905/903/546 907/935/546 909/939/546
f 909/939/546 911/943/546 913/904/546
f 913/904/546 915/869/546 917/952/546
f 917/952/546 919/955/546 921/905/546
f 921/905/546 893/909/546 897/918/546
f 897/918/546 901/925/546 905/903/546
f 905/903/546 909/939/546 913/904/546
f 913/904/546 917/952/546 921/905/546
f 921/905/546 897/918/546 905/903/546
f 958/876/608 3802/878/609 3804/877/609
f 984/901/618 3814/1090/550 3815/902/550
f 956/875/607 958/876/608 957/826/608
f 3814/827/550 956/875/607 955/874/607
f 3822/899/617 984/901/618 983/900/618
f 3826/815/545 3828/818/545 3830/816/545
f 3829/818/546 3831/820/546 3833/819/546
f 3832/820/547 3834/822/547 3836/821/547
f 3835/822/548 3827/883/548 985/823/548
f 988/826/550 986/1092/550 990/822/550
f 3840/827/550 3839/875/619 3838/874/619
f 3839/875/619 3842/876/620 3841/826/620
f 3842/876/620 3844/878/621 3843/877/621
f 3844/878/621 3846/880/546 3845/879/546
f 3846/880/546 3848/882/622 3847/881/622
f 3847/881/622 3848/882/622 3850/883/623
f 3850/883/623 3852/885/624 3851/884/624
f 3852/885/624 3854/887/549 3853/886/549
f 3854/887/549 3856/889/625 3855/888/625
f 3856/889/625 3858/823/626 3857/819/626
f 3857/819/626 3858/823/626 3860/891/627
f 3860/891/627 3862/893/548 3861/892/548
f 3862/893/548 3864/895/628 3863/894/628
f 3864/895/628 3866/899/629 3865/825/629
f 3866/899/629 3868/901/630 3867/900/630
f 3868/901/630 3840/1090/550 3837/902/550
f 3891/906/623 1018/906/623 3895/907/631
f 3869/908/545 1021/961/545 1022/909/545
f 3872/911/547 1023/917/547 1024/912/547
f 3870/910/545 1022/909/545 1025/914/545
f 998/916/547 1026/898/547 1023/917/547
f 997/915/545 1025/914/545 1027/918/545
f 1053/920/633 1028/924/547 1026/898/547
f 1000/921/632 999/919/632 1027/918/545
f 1001/923/633 1030/928/547 1028/924/547
f 1000/921/632 1029/922/545 1031/925/545
f 1001/923/633 1054/931/633 1032/927/547
f 1003/929/545 1002/926/632 1031/925/545
f 1054/931/633 1004/934/547 1034/897/547
f 3875/932/545 1003/929/545 1033/930/545
f 3879/933/547 1036/938/547 1034/897/547
f 3875/932/545 1035/903/545 1037/935/545
f 3878/937/547 1038/942/547 1036/938/547
f 3877/936/545 1037/935/545 1039/939/545
f 3882/941/547 1040/946/547 1038/942/547
f 3881/940/545 1039/939/545 1041/943/545
f 3884/945/547 1042/896/547 1040/946/547
f 3885/947/634 3883/944/545 1041/943/545
f 3884/945/547 3898/950/636 1044/948/547
f 3885/947/634 1043/904/545 1045/869/635
f 3898/950/636 3899/954/637 1046/951/637
f 3889/907/638 3887/949/635 1045/869/635
f 3896/953/639 1048/957/547 1046/951/637
f 3889/907/638 1047/952/545 1049/955/545
f 3894/956/547 1050/960/547 1048/957/547
f 1017/906/545 1049/955/545 1051/905/545
f 3894/956/547 3893/962/547 1052/959/547
f 3892/958/545 1051/905/545 1021/961/545
f 3874/913/547 1024/912/547 1052/959/547
f 998/916/547 3872/911/547 3901/910/547
f 3886/947/641 3897/947/641 1012/944/620
f 1019/958/624 1020/958/624 1018/906/623
f 1007/936/550 1008/936/550 3880/932/642
f 3871/910/644 3873/910/644 994/908/549
f 993/908/549 994/908/549 1020/958/624
f 1009/940/619 1010/940/619 1008/936/550
f 1011/944/620 1012/944/620 1010/940/619
f 1063/919/632 1061/915/951 997/915/545
f 3875/932/545 3908/932/545 1067/929/646
f 3921/906/647 3920/958/630 3919/958/630
f 1064/921/632 1063/919/632 999/919/632
f 3913/932/648 3911/936/549 3910/936/549
f 3907/908/550 3902/910/649 3905/910/649
f 3920/958/630 3907/908/550 3904/908/550
f 1067/929/646 1066/926/632 1002/926/632
f 3911/936/549 3915/940/625 3914/940/625
f 997/915/545 1061/915/951 3906/910/545
f 1066/926/632 1064/921/632 1000/921/632
f 3915/940/625 3917/944/650 3916/944/650
f 1006/932/627 1070/932/627 1069/932/627
f 3879/933/547 1004/934/547 1068/929/651
f 1082/926/633 1068/929/651 1004/934/547
f 1065/921/633 1082/926/633 1054/931/633
f 1053/920/633 1081/919/633 1065/921/633
f 998/916/547 1062/915/640 1081/919/633
f 995/910/628 1059/910/628 1060/910/628
f 3939/906/652 3938/958/630 3937/958/630
f 3931/932/624 3933/936/549 3932/936/549
f 3925/908/550 3924/910/619 3923/910/619
f 3938/958/630 3925/908/550 3922/908/550
f 3933/936/549 3903/940/625 3934/940/625
f 3903/940/625 3900/944/653 3888/944/653
f 3917/944/650 3928/963/654 3929/963/654
f 3918/906/647 3926/963/655 3927/963/655
f 3928/963/654 3931/932/624 3930/932/624
f 3924/910/619 3927/963/655 3926/963/655
f 1079/958/545 1057/908/545 3906/910/545
f 3906/910/545 1061/915/951 1063/919/632
f 1063/919/632 1064/921/632 1066/926/632
f 1066/926/632 1067/929/646 3908/932/545
f 3908/932/545 1071/936/545 1073/940/545
f 3908/932/545 1073/940/545 1075/944/545
f 1063/919/632 1066/926/632 3908/932/545
f 1079/958/545 3906/910/545 1063/919/632
f 1077/906/545 1079/958/545 1063/919/632
f 1063/919/632 3908/932/545 1075/944/545
f 1089/963/545 1091/932/545 1093/936/545
f 1063/919/632 1075/944/545 1089/963/545
f 1087/963/545 1077/906/545 1063/919/632
f 1083/908/545 1085/910/545 1087/963/545
f 3936/906/645 1099/958/545 1083/908/545
f 1095/940/545 3887/944/635 3936/906/645
f 1089/963/545 1093/936/545 1095/940/545
f 1087/963/545 1063/919/632 1089/963/545
f 3936/906/645 1083/908/545 1087/963/545
f 1089/963/545 1095/940/545 3936/906/645
f 1062/915/640 3901/910/547 1058/908/547
f 1058/908/547 1080/958/547 1078/906/547
f 1088/963/547 1086/910/547 1084/908/547
f 1062/915/640 1058/908/547 1078/906/547
f 1088/963/547 1084/908/547 1100/958/547
f 1081/919/633 1062/915/640 1078/906/547
f 1088/963/547 1100/958/547 3940/906/643
f 1081/919/633 1078/906/547 1088/963/547
f 1082/926/633 1065/921/633 1081/919/633
f 3912/932/547 1068/929/651 1082/926/633
f 1074/940/547 1072/936/547 3912/932/547
f 1076/944/547 1074/940/547 3912/932/547
f 3912/932/547 1082/926/633 1081/919/633
f 1081/919/633 1088/963/547 3940/906/643
f 3940/906/643 3899/944/637 1096/940/547
f 1096/940/547 1094/936/547 1092/932/547
f 1096/940/547 1092/932/547 1090/963/547
f 1081/919/633 3940/906/643 1096/940/547
f 1076/944/547 3912/932/547 1081/919/633
f 1081/919/633 1096/940/547 1090/963/547
f 1013/947/656 1014/944/656 1015/944/656
f 1098/906/657 1097/906/657 1016/907/657
f 3942/827/621 3941/875/546 3944/874/546
f 3965/874/629 3961/875/629 1109/876/630
f 3960/826/625 3959/876/625 1119/878/626
f 1107/951/547 3950/948/547 1111/896/547
f 1111/896/547 1113/946/547 3946/942/547
f 3946/942/547 3951/938/547 3956/897/547
f 3956/897/547 1121/927/547 3962/928/547
f 3962/928/547 3966/924/547 3969/898/547
f 3969/898/547 3971/917/547 1131/912/547
f 1131/912/547 1101/959/547 3952/960/547
f 3952/960/547 3963/957/547 1107/951/547
f 1107/951/547 1111/896/547 3946/942/547
f 3946/942/547 3956/897/547 3962/928/547
f 3962/928/547 3969/898/547 1131/912/547
f 1131/912/547 3952/960/547 1107/951/547
f 1107/951/547 3946/942/547 3962/928/547
f 1103/878/620 3942/880/621 3943/879/621
f 3948/879/628 3945/880/628 3961/882/629
f 3964/881/549 1123/882/549 3959/883/625
f 4043/964/549 4059/964/549 4058/965/624
f 1105/883/619 1103/885/620 3957/884/620
f 3947/884/548 1115/885/548 3945/887/628
f 1125/887/624 1123/889/549 3964/888/549
f 3949/889/550 1105/823/619 3967/819/619
f 3953/819/627 1117/823/627 1115/891/548
f 1127/891/623 1125/893/624 3968/892/624
f 3954/892/630 1109/893/630 3949/895/550
f 1119/895/626 1117/899/627 3953/825/627
f 1129/899/622 1127/901/623 3970/900/623
f 3941/901/546 1129/1090/622 3972/902/622
f 3974/827/621 3973/875/546 3976/874/546
f 3997/874/629 3993/875/629 1141/876/630
f 3992/826/625 3991/876/625 1151/878/626
f 1139/951/547 3982/948/547 1143/896/547
f 1143/896/547 1145/946/547 3978/942/547
f 3978/942/547 3983/938/547 3988/897/547
f 3988/897/547 1153/927/547 3994/928/547
f 3994/928/547 3998/924/547 4001/898/547
f 4001/898/547 4003/917/547 1163/912/547
f 1163/912/547 1133/959/547 3984/960/547
f 3984/960/547 3995/957/547 1139/951/547
f 1139/951/547 1143/896/547 3978/942/547
f 3978/942/547 3988/897/547 3994/928/547
f 3994/928/547 4001/898/547 1163/912/547
f 1163/912/547 3984/960/547 1139/951/547
f 1139/951/547 3978/942/547 3994/928/547
f 1135/878/620 3974/880/621 3975/879/621
f 3977/880/628 3993/882/629 3997/881/629
f 3996/881/549 1155/882/549 3991/883/625
f 1136/955/545 1134/905/545 1164/961/545
f 1164/961/545 4004/909/545 4002/914/545
f 4002/914/545 4000/918/545 1156/922/545
f 1156/922/545 1154/925/545 3990/930/545
f 3990/930/545 3985/903/545 3979/935/545
f 3979/935/545 1146/939/545 1144/943/545
f 1144/943/545 3986/904/545 1140/869/545
f 1140/869/545 3999/952/545 1136/955/545
f 1136/955/545 1164/961/545 4002/914/545
f 4002/914/545 1156/922/545 3990/930/545
f 3990/930/545 3979/935/545 1144/943/545
f 1144/943/545 1140/869/545 1136/955/545
f 1136/955/545 4002/914/545 3990/930/545
f 1137/883/619 1135/885/620 3989/884/620
f 1147/885/548 3977/887/628 3980/886/628
f 1157/887/624 1155/889/549 3996/888/549
f 3981/889/550 1137/823/619 1138/819/619
f 1150/819/627 1149/823/627 1147/891/548
f 1159/891/623 1157/893/624 1158/892/624
f 1141/893/630 3981/895/550 3987/894/550
f 1152/894/626 1151/895/626 1149/899/627
f 1161/899/622 1159/901/623 1160/900/623
f 3973/901/546 1161/1090/622 1162/902/622
f 4006/827/621 4005/875/546 4008/874/546
f 4025/875/629 1173/876/630 1174/826/630
f 4024/826/625 4023/876/625 1183/878/626
f 1171/951/547 4014/948/547 1175/896/547
f 1175/896/547 1177/946/547 4010/942/547
f 4010/942/547 4015/938/547 4020/897/547
f 4020/897/547 1185/927/547 4026/928/547
f 4026/928/547 4030/924/547 4033/898/547
f 4033/898/547 4035/917/547 1195/912/547
f 1195/912/547 1165/959/547 4016/960/547
f 4016/960/547 4027/957/547 1171/951/547
f 1171/951/547 1175/896/547 4010/942/547
f 4010/942/547 4020/897/547 4026/928/547
f 4026/928/547 4033/898/547 1195/912/547
f 1195/912/547 4016/960/547 1171/951/547
f 1171/951/547 4010/942/547 4026/928/547
f 1167/878/620 4006/880/621 4007/879/621
f 4012/879/628 4009/880/628 4025/882/629
f 4028/881/549 1187/882/549 4023/883/625
f 1168/955/545 1166/905/545 1196/961/545
f 1196/961/545 4036/909/545 4034/914/545
f 4034/914/545 4032/918/545 1188/922/545
f 1188/922/545 1186/925/545 4022/930/545
f 4022/930/545 4017/903/545 4011/935/545
f 4011/935/545 1178/939/545 1176/943/545
f 1176/943/545 4018/904/545 1172/869/545
f 1172/869/545 4031/952/545 1168/955/545
f 1168/955/545 1196/961/545 4034/914/545
f 4034/914/545 1188/922/545 4022/930/545
f 4022/930/545 4011/935/545 1176/943/545
f 1176/943/545 1172/869/545 1168/955/545
f 1168/955/545 4034/914/545 4022/930/545
f 1169/883/619 1167/885/620 4021/884/620
f 1180/884/548 1179/885/548 4009/887/628
f 1189/887/624 1187/889/549 4028/888/549
f 4013/889/550 1169/823/619 1170/819/619
f 1182/819/627 1181/823/627 1179/891/548
f 1191/891/623 1189/893/624 1190/892/624
f 1174/892/630 1173/893/630 4013/895/550
f 1184/894/626 1183/895/626 1181/899/627
f 1193/899/622 1191/901/623 1192/900/623
f 4005/901/546 1193/1090/622 1194/902/622
f 4037/966/545 1197/905/545 1198/961/545
f 4040/968/545 4039/970/545 1199/935/545
f 4041/969/545 1201/903/545 1199/935/545
f 1108/964/545 1110/965/545 1202/904/545
f 4044/971/545 1204/955/545 1197/905/545
f 4041/969/545 4045/973/545 1205/930/545
f 4046/972/545 1206/925/545 1205/930/545
f 4047/974/545 1207/922/545 1206/925/545
f 1110/965/545 4048/978/545 1208/943/545
f 4049/975/545 1209/952/545 1204/955/545
f 4050/976/545 1210/918/545 1207/922/545
f 4051/977/545 1211/914/545 1210/918/545
f 4051/977/545 4052/979/545 1212/909/545
f 4040/968/545 1200/939/545 1208/943/545
f 1108/964/545 1203/869/545 1209/952/545
f 4038/967/545 1198/961/545 1212/909/545
f 1225/980/619 4097/980/619 4091/981/550
f 1126/976/630 4066/976/630 4067/977/629
f 1104/971/626 1102/966/627 4053/966/627
f 1128/977/629 4067/977/629 4068/979/628
f 1118/969/621 4057/969/621 4061/973/620
f 1112/978/623 4064/978/623 4056/968/622
f 1120/973/620 4061/973/620 4062/972/619
f 1106/975/625 4065/975/625 4059/964/549
f 1122/972/619 4062/972/619 4063/974/550
f 1132/967/548 4054/967/548 4053/966/627
f 1130/979/628 4068/979/628 4054/967/548
f 4042/965/624 4058/965/624 4064/978/623
f 1114/968/622 4056/968/622 4055/970/546
f 1104/971/626 4060/971/626 4065/975/625
f 1116/970/546 4055/970/546 4057/969/621
f 1126/976/630 1124/974/550 4063/974/550
f 4069/982/545 1229/966/545 1230/967/545
f 4072/984/545 4071/986/545 1231/970/545
f 4073/985/545 1233/969/545 1231/970/545
f 4074/987/545 1234/965/545 1235/964/545
f 4069/982/545 4076/992/545 1236/971/545
f 4073/985/545 4077/989/545 1237/973/545
f 4078/988/545 1238/972/545 1237/973/545
f 4079/990/545 1239/974/545 1238/972/545
f 4080/991/545 1240/978/545 1234/965/545
f 4081/980/545 1241/975/545 1236/971/545
f 4082/993/545 1242/976/545 1239/974/545
f 4083/994/545 1243/977/545 1242/976/545
f 4083/994/545 4084/995/545 1244/979/545
f 4072/984/545 1232/968/545 1240/978/545
f 4081/980/545 4075/981/545 1235/964/545
f 4070/983/545 1230/967/545 1244/979/545
f 1258/996/630 1290/996/630 4131/997/629
f 1222/988/625 4094/988/625 4095/990/549
f 1214/983/546 4086/983/546 4085/982/621
f 1228/995/622 4100/995/622 4086/983/546
f 1218/987/630 4090/987/630 4096/991/629
f 1216/984/628 4088/984/628 4087/986/548
f 1220/992/620 4092/992/620 4097/980/619
f 1215/986/548 4087/986/548 4089/985/627
f 1223/990/549 4095/990/549 4098/993/624
f 1219/981/550 4091/981/550 4090/987/630
f 1226/993/624 4098/993/624 4099/994/623
f 1213/982/621 4085/982/621 4092/992/620
f 1227/994/623 4099/994/623 4100/995/622
f 1217/985/627 4089/985/627 4093/989/626
f 1216/984/628 1224/991/629 4096/991/629
f 1221/989/626 4093/989/626 4094/988/625
f 4101/998/545 1261/982/545 1262/983/545
f 4104/1000/545 4103/1002/545 1263/986/545
f 4105/1001/545 1265/985/545 1263/986/545
f 4106/1003/545 1266/987/545 1267/981/545
f 4101/998/545 4108/1009/545 1268/992/545
f 4105/1001/545 4109/1006/545 1269/989/545
f 4110/1005/545 1270/988/545 1269/989/545
f 4111/1007/545 1271/990/545 1270/988/545
f 4106/1003/545 4112/1010/545 1272/991/545
f 4113/1008/545 1273/980/545 1268/992/545
f 4111/1007/545 4114/996/545 1274/993/545
f 1259/997/545 1275/994/545 1274/993/545
f 1259/997/545 4116/1011/545 1276/995/545
f 4104/1000/545 1264/984/545 1272/991/545
f 4113/1008/545 4107/1004/545 1267/981/545
f 4102/999/545 1262/983/545 1276/995/545
f 4124/1009/545 4117/998/545 4118/999/545
f 4118/999/545 4132/1011/545 1291/997/545
f 1291/997/545 4130/996/545 4127/1007/545
f 4127/1007/545 4126/1005/545 4125/1006/545
f 4125/1006/545 4121/1001/545 4119/1002/545
f 4119/1002/545 4120/1000/545 4128/1010/545
f 4128/1010/545 4122/1003/545 4123/1004/545
f 4123/1004/545 4129/1008/545 4124/1009/545
f 4124/1009/545 4118/999/545 1291/997/545
f 1291/997/545 4127/1007/545 4125/1006/545
f 4125/1006/545 4119/1002/545 4128/1010/545
f 4128/1010/545 4123/1004/545 4124/1009/545
f 4124/1009/545 1291/997/545 4125/1006/545
f 1252/1009/626 1245/998/627 1277/998/627
f 4115/997/629 4131/997/629 1292/1011/628
f 1249/1001/621 1281/1001/621 1285/1006/620
f 1256/1010/623 1288/1010/623 1280/1000/622
f 1253/1006/620 1285/1006/620 1286/1005/619
f 1257/1008/625 1289/1008/625 1283/1004/549
f 1254/1005/619 1286/1005/619 1287/1007/550
f 1246/999/548 1278/999/548 1277/998/627
f 1260/1011/628 1292/1011/628 1278/999/548
f 1250/1003/624 1282/1003/624 1288/1010/623
f 1248/1000/622 1280/1000/622 1279/1002/546
f 1252/1009/626 1284/1009/626 1289/1008/625
f 1247/1002/546 1279/1002/546 1281/1001/621
f 1255/1007/550 1287/1007/550 1290/996/630
f 1251/1004/549 1283/1004/549 1282/1003/624
f 4134/815/545 4135/818/545 4136/816/545
f 1296/818/546 1300/820/546 1299/819/546
f 1306/822/626 4138/883/626 1301/823/626
f 1298/822/548 1294/883/548 1293/823/548
f 4137/817/545 1302/815/545 4139/818/545
f 1304/818/620 1308/820/620 1307/819/620
f 1314/822/549 4142/883/549 1309/823/549
f 4141/817/545 1310/815/545 4143/818/545
f 1312/818/550 1316/820/550 1315/819/550
f 1322/822/623 4146/883/623 1317/823/623
f 4145/817/545 1318/815/545 4147/818/545
f 1320/818/629 1324/820/629 1323/819/629
f 1330/822/546 4150/883/546 1325/823/546
f 4149/817/545 1326/815/545 4151/818/545
f 1328/818/548 1332/820/548 1331/819/548
f 1338/822/620 4154/883/620 1333/823/620
f 4153/817/545 1334/815/545 4155/818/545
f 1336/818/626 1340/820/626 1339/819/626
f 1346/822/550 4158/883/550 1341/823/550
f 4157/817/545 1342/815/545 4159/818/545
f 1344/818/549 1348/820/549 1347/819/549
f 1354/822/629 4162/883/629 1349/823/629
f 4161/817/545 1350/815/545 4163/818/545
f 1352/818/623 1356/820/623 1355/819/623
f 1358/827/546 1360/875/622 1359/874/622
f 1360/875/622 1362/876/623 1361/826/623
f 1362/876/623 1364/878/624 1363/877/624
f 1364/878/624 1366/880/549 1365/879/549
f 1366/880/549 1368/882/625 1367/881/625
f 1368/882/625 1370/883/626 1369/820/626
f 1370/883/626 1372/885/627 1371/884/627
f 1372/885/627 1374/887/548 1373/886/548
f 1373/886/548 1374/887/548 1376/889/628
f 1376/889/628 1378/823/629 1377/819/629
f 1378/823/629 1380/891/630 1379/890/630
f 1380/891/630 1382/893/550 1381/892/550
f 1382/893/550 1384/895/619 1383/894/619
f 1383/894/619 1384/895/619 1386/899/620
f 4172/815/546 4175/818/546 4173/816/546
f 1385/825/620 1386/899/620 1388/901/621
f 1388/901/621 1358/1090/546 1357/902/546
f 4169/818/545 4171/820/545 4165/819/545
f 4176/820/547 4179/822/547 4177/821/547
f 4180/822/548 4170/883/548 4168/823/548
f 1395/819/549 1393/821/549 1389/824/549
f 1392/826/550 1390/1092/550 1394/822/550
f 4184/827/546 4183/1013/658 4182/1012/658
f 4183/1013/658 4186/1015/659 4185/1014/659
f 4186/1015/659 4188/1017/549 4187/1016/549
f 4188/1017/549 4190/1099/660 4189/1018/660
f 4189/1018/660 4190/1099/660 4192/1019/661
f 4192/1019/661 4194/1022/548 4193/1021/548
f 4194/1022/548 4196/1091/662 4195/1023/662
f 4195/1023/662 4196/1091/662 4198/1024/663
f 4198/1024/663 4200/1027/550 4199/1026/550
f 4200/1027/550 4202/1030/664 4201/1028/664
f 4238/826/665 1418/1077/666 1446/1029/666
f 4202/1030/664 4204/1032/667 4203/1031/667
f 4204/1032/667 4184/1148/546 4181/1033/546
f 4219/1034/658 4220/1034/658 1410/1035/546
f 4205/1036/545 1421/961/545 1422/1037/545
f 4208/1039/547 4207/1043/547 1423/1040/547
f 4206/1038/545 1422/1037/545 1425/1041/545
f 4207/1043/547 4210/1047/547 1426/1044/547
f 4209/1042/545 1425/1041/545 1427/922/545
f 4212/1046/547 1428/928/547 1426/1044/547
f 4211/1045/545 1427/922/545 1429/1048/545
f 4212/1046/547 4214/1054/547 1430/1050/547
f 4215/1051/545 4213/1049/545 1429/1048/545
f 4216/1053/547 1432/1056/547 1430/1050/547
f 4217/1035/545 4215/1051/545 1431/1052/545
f 4218/1055/547 1434/942/547 1432/1056/547
f 4217/1035/545 1433/935/545 1435/1057/545
f 4218/1055/547 1412/1061/547 1436/1058/547
f 1411/1034/545 1435/1057/545 1437/1059/545
f 1412/1061/547 1453/1065/547 1438/1062/547
f 4221/1060/545 1437/1059/545 1439/869/545
f 4241/1064/547 1440/951/547 1438/1062/547
f 4223/1066/545 4222/1063/545 1439/869/545
f 1455/1068/547 1442/1072/547 1440/951/547
f 4224/1069/545 4223/1066/545 1441/1067/545
f 4225/1071/547 1444/1073/547 1442/1072/547
f 4205/1036/545 4224/1069/545 1443/1070/545
f 4208/1039/547 1424/912/547 1444/1073/547
f 4228/1074/545 4232/1078/545 1451/820/545
f 1401/1042/663 1402/1042/663 1400/1038/662
f 1415/1063/549 1416/1063/549 4240/1060/659
f 1405/1049/664 1406/1049/664 1404/1045/550
f 1419/1069/661 1420/1069/661 4242/1066/660
f 1409/1035/546 1410/1035/546 1408/1051/667
f 1399/1038/662 1400/1038/662 1398/1036/548
f 1413/1060/659 4240/1060/659 4220/1034/658
f 1403/1045/550 1404/1045/550 1402/1042/663
f 1415/1063/549 1417/1066/660 4242/1066/660
f 1407/1051/667 1408/1051/667 1406/1049/664
f 1397/1036/548 1398/1036/548 1420/1069/661
f 4235/1029/547 1449/822/547 4233/821/547
f 4237/819/668 4227/1075/668 4229/1076/668
f 1445/1075/669 1450/821/669 4239/824/669
f 1418/1077/666 4231/1092/670 4236/822/670
f 1447/820/547 4235/1029/547 4226/1075/547
f 1456/816/545 1454/818/545 4232/1078/545
f 1460/1029/671 1458/1077/671 4255/826/672
f 4245/1074/545 4247/819/545 1465/820/545
f 4250/821/547 1463/822/547 4252/1029/547
f 4246/1076/673 4244/1075/673 4254/819/673
f 4256/824/674 1464/821/674 1459/1075/674
f 4253/822/675 4248/1092/675 1458/1077/671
f 4243/1075/547 4252/1029/547 1461/820/547
f 1468/816/545 4245/1074/545 4249/1078/545
f 1482/1035/548 1484/1034/662 4264/1034/662
f 1472/1038/658 1474/1042/659 4259/1042/659
f 1491/1060/663 1487/1063/550 4266/1063/550
f 1476/1045/549 1478/1049/660 4261/1049/660
f 1492/1066/664 1490/1069/667 4268/1069/667
f 1480/1051/661 1482/1035/548 4263/1035/548
f 1470/1036/546 1472/1038/658 4258/1038/658
f 1484/1034/662 1491/1060/663 4265/1060/663
f 1474/1042/659 1476/1045/549 4260/1045/549
f 1487/1063/550 1492/1066/664 4267/1066/664
f 1478/1049/660 1480/1051/661 4262/1051/661
f 1490/1069/667 1470/1036/546 4257/1036/546
f 1489/1069/545 1469/1036/545 1471/1038/545
f 1471/1038/545 1473/1042/545 1475/1045/545
f 1475/1045/545 1477/1049/545 1479/1051/545
f 1479/1051/545 1481/1035/545 1483/1034/545
f 1483/1034/545 1485/1060/545 1486/1063/545
f 1486/1063/545 1488/1066/545 1489/1069/545
f 1489/1069/545 1471/1038/545 1475/1045/545
f 1475/1045/545 1479/1051/545 1483/1034/545
f 1483/1034/545 1486/1063/545 1489/1069/545
f 4271/827/676 4269/1080/676 4274/1079/676
f 4270/1080/547 4275/1082/547 4277/1081/547
f 4276/1082/677 4278/1084/677 4280/1083/677
f 4279/1084/678 4281/1086/678 4283/1085/678
f 1498/1050/550 1496/1044/550 4272/912/550
f 4272/912/550 4284/1072/550 4282/1062/550
f 4282/1062/550 1500/942/550 1498/1050/550
f 1502/1086/545 4285/1088/545 4286/1087/545
f 1504/1088/679 1494/1363/679 1493/1089/679
f 4306/1080/547 4311/1082/547 4313/1081/547
f 4289/827/676 4287/1080/676 4292/1079/676
f 4288/1080/547 4293/1082/547 4295/1081/547
f 4294/1082/677 4296/1084/677 4298/1083/677
f 4297/1084/678 4299/1086/678 4301/1085/678
f 1510/1050/550 1508/1044/550 4290/912/550
f 4290/912/550 4302/1072/550 4300/1062/550
f 4300/1062/550 1512/942/550 1510/1050/550
f 1514/1086/545 4303/1088/545 4304/1087/545
f 1516/1088/679 1506/1363/679 1505/1089/679
f 4307/827/676 4305/1080/676 4310/1079/676
f 4312/1082/677 4314/1084/677 4316/1083/677
f 4315/1084/678 4317/1086/678 4319/1085/678
f 1522/1050/550 1520/1044/550 4308/912/550
f 4308/912/550 4320/1072/550 4318/1062/550
f 4318/1062/550 1524/942/550 1522/1050/550
f 1526/1086/545 4321/1088/545 4322/1087/545
f 1528/1088/679 1518/1363/679 1517/1089/679
f 4325/827/676 4323/1080/676 4328/1079/676
f 4324/1080/547 4329/1082/547 4331/1081/547
f 4330/1082/677 4332/1084/677 4334/1083/677
f 4333/1084/678 4335/1086/678 4337/1085/678
f 1534/1050/550 1532/1044/550 4326/912/550
f 4326/912/550 4338/1072/550 4336/1062/550
f 4336/1062/550 1536/942/550 1534/1050/550
f 1538/1086/545 4339/1088/545 4340/1087/545
f 1540/1088/679 1530/1363/679 1529/1089/679
f 4342/827/621 4341/875/546 4344/874/546
f 4365/874/629 4361/875/629 1549/876/630
f 4360/826/625 4359/876/625 1559/878/626
f 1547/951/547 4350/948/547 1551/896/547
f 1551/896/547 1553/946/547 4346/942/547
f 4346/942/547 4351/938/547 4356/897/547
f 4356/897/547 1561/927/547 4362/928/547
f 4362/928/547 4366/924/547 4369/898/547
f 4369/898/547 4371/917/547 1571/912/547
f 1571/912/547 1541/959/547 4352/960/547
f 4352/960/547 4363/957/547 1547/951/547
f 1547/951/547 1551/896/547 4346/942/547
f 4346/942/547 4356/897/547 4362/928/547
f 4362/928/547 4369/898/547 1571/912/547
f 1571/912/547 4352/960/547 1547/951/547
f 1547/951/547 4346/942/547 4362/928/547
f 1543/878/620 4342/880/621 4343/879/621
f 4348/879/628 4345/880/628 4361/882/629
f 4364/881/549 1563/882/549 4359/883/625
f 4443/964/549 4459/964/549 4458/965/624
f 1545/883/619 1543/885/620 4357/884/620
f 4347/884/548 1555/885/548 4345/887/628
f 1565/887/624 1563/889/549 4364/888/549
f 4349/889/550 1545/823/619 4367/819/619
f 1557/823/627 1555/891/548 4347/890/548
f 1567/891/623 1565/893/624 4368/892/624
f 1549/893/630 4349/895/550 4355/894/550
f 1559/895/626 1557/899/627 4353/825/627
f 4372/825/622 1569/899/622 1567/901/623
f 4344/900/546 4341/901/546 1569/1090/622
f 4374/827/621 4373/875/546 4376/874/546
f 4397/874/629 4393/875/629 1581/876/630
f 4392/826/625 4391/876/625 1591/878/626
f 1579/951/547 4382/948/547 1583/896/547
f 1583/896/547 1585/946/547 4378/942/547
f 4378/942/547 4383/938/547 4388/897/547
f 4388/897/547 1593/927/547 4394/928/547
f 4394/928/547 4398/924/547 4401/898/547
f 4401/898/547 4403/917/547 1603/912/547
f 1603/912/547 1573/959/547 4384/960/547
f 4384/960/547 4395/957/547 1579/951/547
f 1579/951/547 1583/896/547 4378/942/547
f 4378/942/547 4388/897/547 4394/928/547
f 4394/928/547 4401/898/547 1603/912/547
f 1603/912/547 4384/960/547 1579/951/547
f 1579/951/547 4378/942/547 4394/928/547
f 4389/877/620 1575/878/620 4374/880/621
f 4380/879/628 4377/880/628 4393/882/629
f 1595/882/549 4391/883/625 4392/820/625
f 1576/955/545 1574/905/545 1604/961/545
f 1604/961/545 4404/909/545 4402/914/545
f 4402/914/545 4400/918/545 1596/922/545
f 1596/922/545 1594/925/545 4390/930/545
f 4390/930/545 4385/903/545 4379/935/545
f 4379/935/545 1586/939/545 1584/943/545
f 1584/943/545 4386/904/545 1580/869/545
f 1580/869/545 4399/952/545 1576/955/545
f 1576/955/545 1604/961/545 4402/914/545
f 4402/914/545 1596/922/545 4390/930/545
f 4390/930/545 4379/935/545 1584/943/545
f 1584/943/545 1580/869/545 1576/955/545
f 1576/955/545 4402/914/545 4390/930/545
f 1577/883/619 1575/885/620 4389/884/620
f 1587/885/548 4377/887/628 4380/886/628
f 1597/887/624 1595/889/549 4396/888/549
f 4381/889/550 1577/823/619 1578/819/619
f 1590/819/627 1589/823/627 1587/891/548
f 1599/891/623 1597/893/624 1598/892/624
f 1582/892/630 1581/893/630 4381/895/550
f 1592/894/626 1591/895/626 1589/899/627
f 1601/899/622 1599/901/623 1600/900/623
f 4373/901/546 1601/1090/622 1602/902/622
f 4406/827/621 4405/875/546 4408/874/546
f 4429/874/629 4425/875/629 1613/876/630
f 4424/826/625 4423/876/625 1623/878/626
f 1611/951/547 4414/948/547 1615/896/547
f 1615/896/547 1617/946/547 4410/942/547
f 4410/942/547 4415/938/547 4420/897/547
f 4420/897/547 1625/927/547 4426/928/547
f 4426/928/547 4430/924/547 4433/898/547
f 4433/898/547 4435/917/547 1635/912/547
f 1635/912/547 1605/959/547 4416/960/547
f 4416/960/547 4427/957/547 1611/951/547
f 1611/951/547 1615/896/547 4410/942/547
f 4410/942/547 4420/897/547 4426/928/547
f 4426/928/547 4433/898/547 1635/912/547
f 1635/912/547 4416/960/547 1611/951/547
f 1611/951/547 4410/942/547 4426/928/547
f 1607/878/620 4406/880/621 4407/879/621
f 4412/879/628 4409/880/628 4425/882/629
f 1627/882/549 4423/883/625 4424/820/625
f 1608/955/545 1606/905/545 1636/961/545
f 1636/961/545 4436/909/545 4434/914/545
f 4434/914/545 4432/918/545 1628/922/545
f 1628/922/545 1626/925/545 4422/930/545
f 4422/930/545 4417/903/545 4411/935/545
f 4411/935/545 1618/939/545 1616/943/545
f 1616/943/545 4418/904/545 1612/869/545
f 1612/869/545 4431/952/545 1608/955/545
f 1608/955/545 1636/961/545 4434/914/545
f 4434/914/545 1628/922/545 4422/930/545
f 4422/930/545 4411/935/545 1616/943/545
f 1616/943/545 1612/869/545 1608/955/545
f 1608/955/545 4434/914/545 4422/930/545
f 1609/883/619 1607/885/620 4421/884/620
f 1619/885/548 4409/887/628 4412/886/628
f 1630/886/624 1629/887/624 1627/889/549
f 4413/889/550 1609/823/619 1610/819/619
f 1622/819/627 1621/823/627 1619/891/548
f 1631/891/623 1629/893/624 1630/892/624
f 1614/892/630 1613/893/630 4413/895/550
f 1624/894/626 1623/895/626 1621/899/627
f 1633/899/622 1631/901/623 1632/900/623
f 4405/901/546 1633/1090/622 1634/902/622
f 4437/966/545 1637/905/545 1638/961/545
f 4440/968/545 4439/970/545 1639/935/545
f 4441/969/545 1641/903/545 1639/935/545
f 1548/964/545 1550/965/545 1642/904/545
f 4444/971/545 1644/955/545 1637/905/545
f 4441/969/545 4445/973/545 1645/930/545
f 4446/972/545 1646/925/545 1645/930/545
f 4447/974/545 1647/922/545 1646/925/545
f 1550/965/545 4448/978/545 1648/943/545
f 4449/975/545 1649/952/545 1644/955/545
f 4450/976/545 1650/918/545 1647/922/545
f 4450/976/545 4451/977/545 1651/914/545
f 4451/977/545 4452/979/545 1652/909/545
f 4440/968/545 1640/939/545 1648/943/545
f 4449/975/545 1548/964/545 1643/869/545
f 4438/967/545 1638/961/545 1652/909/545
f 1665/980/619 4497/980/619 4491/981/550
f 1566/976/630 4466/976/630 4467/977/629
f 1544/971/626 1542/966/627 4453/966/627
f 1568/977/629 4467/977/629 4468/979/628
f 1558/969/621 4457/969/621 4461/973/620
f 1552/978/623 4464/978/623 4456/968/622
f 1560/973/620 4461/973/620 4462/972/619
f 1546/975/625 4465/975/625 4459/964/549
f 1562/972/619 4462/972/619 4463/974/550
f 1572/967/548 4454/967/548 4453/966/627
f 1570/979/628 4468/979/628 4454/967/548
f 4442/965/624 4458/965/624 4464/978/623
f 1554/968/622 4456/968/622 4455/970/546
f 1544/971/626 4460/971/626 4465/975/625
f 1556/970/546 4455/970/546 4457/969/621
f 1564/974/550 4463/974/550 4466/976/630
f 4469/982/545 1669/966/545 1670/967/545
f 4472/984/545 4471/986/545 1671/970/545
f 4473/985/545 1673/969/545 1671/970/545
f 4474/987/545 1674/965/545 1675/964/545
f 4469/982/545 4476/992/545 1676/971/545
f 4473/985/545 4477/989/545 1677/973/545
f 4478/988/545 1678/972/545 1677/973/545
f 4479/990/545 1679/974/545 1678/972/545
f 4474/987/545 4480/991/545 1680/978/545
f 4481/980/545 1681/975/545 1676/971/545
f 4482/993/545 1682/976/545 1679/974/545
f 4483/994/545 1683/977/545 1682/976/545
f 4483/994/545 4484/995/545 1684/979/545
f 4472/984/545 1672/968/545 1680/978/545
f 4481/980/545 4475/981/545 1675/964/545
f 4470/983/545 1670/967/545 1684/979/545
f 1698/996/630 1730/996/630 4531/997/629
f 1662/988/625 4494/988/625 4495/990/549
f 1654/983/546 4486/983/546 4485/982/621
f 1668/995/622 4500/995/622 4486/983/546
f 1658/987/630 4490/987/630 4496/991/629
f 1656/984/628 4488/984/628 4487/986/548
f 1660/992/620 4492/992/620 4497/980/619
f 1655/986/548 4487/986/548 4489/985/627
f 1663/990/549 4495/990/549 4498/993/624
f 1659/981/550 4491/981/550 4490/987/630
f 1666/993/624 4498/993/624 4499/994/623
f 1653/982/621 4485/982/621 4492/992/620
f 1667/994/623 4499/994/623 4500/995/622
f 1657/985/627 4489/985/627 4493/989/626
f 1656/984/628 1664/991/629 4496/991/629
f 1661/989/626 4493/989/626 4494/988/625
f 4501/998/545 1701/982/545 1702/983/545
f 4504/1000/545 4503/1002/545 1703/986/545
f 4505/1001/545 1705/985/545 1703/986/545
f 4506/1003/545 1706/987/545 1707/981/545
f 4501/998/545 4508/1009/545 1708/992/545
f 4505/1001/545 4509/1006/545 1709/989/545
f 4510/1005/545 1710/988/545 1709/989/545
f 4511/1007/545 1711/990/545 1710/988/545
f 4506/1003/545 4512/1010/545 1712/991/545
f 4513/1008/545 1713/980/545 1708/992/545
f 4511/1007/545 4514/996/545 1714/993/545
f 1699/997/545 1715/994/545 1714/993/545
f 1699/997/545 4516/1011/545 1716/995/545
f 4504/1000/545 1704/984/545 1712/991/545
f 4513/1008/545 4507/1004/545 1707/981/545
f 4502/999/545 1702/983/545 1716/995/545
f 4524/1009/545 4517/998/545 4518/999/545
f 4518/999/545 4532/1011/545 1731/997/545
f 1731/997/545 4530/996/545 4527/1007/545
f 4527/1007/545 4526/1005/545 4525/1006/545
f 4525/1006/545 4521/1001/545 4519/1002/545
f 4519/1002/545 4520/1000/545 4528/1010/545
f 4528/1010/545 4522/1003/545 4523/1004/545
f 4523/1004/545 4529/1008/545 4524/1009/545
f 4524/1009/545 4518/999/545 1731/997/545
f 1731/997/545 4527/1007/545 4525/1006/545
f 4525/1006/545 4519/1002/545 4528/1010/545
f 4528/1010/545 4523/1004/545 4524/1009/545
f 4524/1009/545 1731/997/545 4525/1006/545
f 1692/1009/626 1685/998/627 1717/998/627
f 4515/997/629 4531/997/629 1732/1011/628
f 1689/1001/621 1721/1001/621 1725/1006/620
f 1696/1010/623 1728/1010/623 1720/1000/622
f 1693/1006/620 1725/1006/620 1726/1005/619
f 1697/1008/625 1729/1008/625 1723/1004/549
f 1694/1005/619 1726/1005/619 1727/1007/550
f 1686/999/548 1718/999/548 1717/998/627
f 1700/1011/628 1732/1011/628 1718/999/548
f 1690/1003/624 1722/1003/624 1728/1010/623
f 1688/1000/622 1720/1000/622 1719/1002/546
f 1692/1009/626 1724/1009/626 1729/1008/625
f 1687/1002/546 1719/1002/546 1721/1001/621
f 1695/1007/550 1727/1007/550 1730/996/630
f 1691/1004/549 1723/1004/549 1722/1003/624
f 4534/815/545 4535/818/545 4536/816/545
f 1736/818/546 1740/820/546 1739/819/546
f 1746/822/626 4538/883/626 1741/823/626
f 1738/822/548 1734/883/548 1733/823/548
f 4537/817/545 1742/815/545 4539/818/545
f 1744/818/620 1748/820/620 1747/819/620
f 1754/822/549 4542/883/549 1749/823/549
f 4541/817/545 1750/815/545 4543/818/545
f 1752/818/550 1756/820/550 1755/819/550
f 1762/822/623 4546/883/623 1757/823/623
f 4545/817/545 1758/815/545 4547/818/545
f 1760/818/629 1764/820/629 1763/819/629
f 1770/822/546 4550/883/546 1765/823/546
f 4549/817/545 1766/815/545 4551/818/545
f 1768/818/548 1772/820/548 1771/819/548
f 1778/822/550 4554/883/550 1773/823/550
f 4553/817/545 1774/815/545 4555/818/545
f 1776/818/549 1780/820/549 1779/819/549
f 1786/822/629 4558/883/629 1781/823/629
f 4557/817/545 1782/815/545 4559/818/545
f 1784/818/623 1788/820/623 1787/819/623
f 1790/827/546 1792/875/622 1791/874/622
f 1792/875/622 1794/876/623 1793/826/623
f 1794/876/623 1796/878/624 1795/877/624
f 1796/878/624 1798/880/549 1797/879/549
f 1797/879/549 1798/880/549 1800/882/625
f 1800/882/625 1802/883/626 1801/820/626
f 1802/883/626 1804/885/627 1803/884/627
f 1804/885/627 1806/887/548 1805/886/548
f 1806/887/548 1808/889/628 1807/888/628
f 1808/889/628 1810/823/629 1809/819/629
f 1810/823/629 1812/891/630 1811/890/630
f 1811/890/630 1812/891/630 1814/893/550
f 1814/893/550 1816/895/619 1815/894/619
f 1816/895/619 1818/899/620 1817/825/620
f 1818/899/620 1820/901/621 1819/900/621
f 1820/901/621 1790/1090/546 1789/902/546
f 4564/827/546 4563/1013/658 4562/1012/658
f 4562/1012/658 4563/1013/658 4566/1015/659
f 4566/1015/659 4568/1017/549 4567/1016/549
f 4568/1017/549 4570/1099/660 4569/1018/660
f 4569/1018/660 4570/1099/660 4572/1019/661
f 4572/1019/661 4574/1022/548 4573/1021/548
f 4574/1022/548 4576/1091/662 4575/1023/662
f 4576/1091/662 4578/1024/663 4577/1025/663
f 4578/1024/663 4580/1027/550 4579/1026/550
f 4580/1027/550 4582/1030/664 4581/1028/664
f 4582/1030/664 4584/1032/667 4583/1031/667
f 4584/1032/667 4564/1148/546 4561/1033/546
f 4599/1034/658 4600/1034/658 1834/1035/546
f 4585/1036/545 1843/961/545 1844/1037/545
f 4588/1039/547 4587/1043/547 1845/1040/547
f 4586/1038/545 1844/1037/545 1847/1041/545
f 4590/1047/547 1848/1044/547 1845/1040/547
f 4591/1045/545 4589/1042/545 1847/1041/545
f 4592/1046/547 1850/928/547 1848/1044/547
f 4591/1045/545 1849/922/545 1851/1048/545
f 4592/1046/547 4594/1054/547 1852/1050/547
f 4595/1051/545 4593/1049/545 1851/1048/545
f 4594/1054/547 4596/1053/547 1854/1056/547
f 4597/1035/545 4595/1051/545 1853/1052/545
f 4598/1055/547 1856/942/547 1854/1056/547
f 1835/1034/545 4597/1035/545 1855/935/545
f 1836/1061/547 1858/1058/547 1856/942/547
f 1835/1034/545 1857/1057/545 1859/1059/545
f 1836/1061/547 1867/1065/547 1860/1062/547
f 4601/1060/545 1859/1059/545 1861/869/545
f 4607/1064/547 1862/951/547 1860/1062/547
f 4603/1066/545 4602/1063/545 1861/869/545
f 4607/1064/547 1868/1068/547 1864/1072/547
f 4604/1069/545 4603/1066/545 1863/1067/545
f 4605/1071/547 1866/1073/547 1864/1072/547
f 4604/1069/545 1865/1070/545 1843/961/545
f 4605/1071/547 4588/1039/547 1846/912/547
f 1825/1042/663 1826/1042/663 1824/1038/662
f 1837/1060/659 1838/1063/549 1839/1063/549
f 1829/1049/664 1830/1049/664 1828/1045/550
f 1841/1069/661 1842/1069/661 4608/1066/660
f 1833/1035/546 1834/1035/546 1832/1051/667
f 1823/1038/662 1824/1038/662 1822/1036/548
f 1837/1060/659 4606/1060/659 4600/1034/658
f 1827/1045/550 1828/1045/550 1826/1042/663
f 1840/1066/660 4608/1066/660 1839/1063/549
f 1831/1051/667 1832/1051/667 1830/1049/664
f 1821/1036/548 1822/1036/548 1842/1069/661
f 1882/1035/548 1884/1034/662 4616/1034/662
f 1872/1038/658 1874/1042/659 4611/1042/659
f 1891/1060/663 1887/1063/550 4618/1063/550
f 1876/1045/549 1878/1049/660 4613/1049/660
f 1892/1066/664 1890/1069/667 4620/1069/667
f 1880/1051/661 1882/1035/548 4615/1035/548
f 1870/1036/546 1872/1038/658 4610/1038/658
f 1884/1034/662 1891/1060/663 4617/1060/663
f 1874/1042/659 1876/1045/549 4612/1045/549
f 4618/1063/550 1887/1063/550 1892/1066/664
f 1878/1049/660 1880/1051/661 4614/1051/661
f 1890/1069/667 1870/1036/546 4609/1036/546
f 1889/1069/545 1869/1036/545 1871/1038/545
f 1871/1038/545 1873/1042/545 1875/1045/545
f 1875/1045/545 1877/1049/545 1879/1051/545
f 1879/1051/545 1881/1035/545 1883/1034/545
f 1883/1034/545 1885/1060/545 1886/1063/545
f 1886/1063/545 1888/1066/545 1889/1069/545
f 1889/1069/545 1871/1038/545 1875/1045/545
f 1875/1045/545 1879/1051/545 1883/1034/545
f 1883/1034/545 1886/1063/545 1889/1069/545
f 4665/826/680 4660/1092/680 4658/822/680
f 4632/818/549 4634/820/549 4636/819/625
f 4659/1092/681 4661/1092/681 4655/822/681
f 4621/822/623 4627/1092/623 4625/1092/623
f 4622/822/626 4656/822/626 4662/1092/626
f 4631/826/620 4629/1092/620 4639/822/620
f 4646/822/549 4644/883/549 4643/823/624
f 4630/1092/629 4645/1092/629 4647/822/629
f 4624/822/626 4626/1092/626 4641/826/626
f 1897/1092/545 1915/1092/545 1920/1092/545
f 1910/1097/653 1912/821/549 1908/824/549
f 1908/824/549 1912/821/549 1909/821/682
f 4636/819/625 1910/1097/653 1905/1098/653
f 1895/816/545 4649/1093/545 1907/1094/545
f 1907/1094/545 1894/815/545 1896/818/545
f 1909/821/682 4648/821/624 4643/824/624
f 1902/815/545 1894/815/545 1907/1094/545
f 1907/1094/545 4651/817/545 1901/817/545
f 4654/1097/547 1899/819/547 1900/820/547
f 1900/820/547 1898/822/547 1911/1096/547
f 1904/821/547 4652/821/547 1911/1096/547
f 1911/1096/547 1898/822/547 1903/822/547
f 1913/822/547 1918/822/547 1917/822/547
f 4642/826/623 4666/826/623 4664/820/623
f 1913/822/547 1914/820/547 1921/820/547
f 1897/1092/545 1919/1092/545 1922/826/545
f 4667/829/546 4670/827/546 4669/875/622
f 4669/875/622 4672/876/623 4671/826/623
f 4672/876/623 4674/878/624 4673/877/624
f 4673/877/624 4674/878/624 4676/880/549
f 4675/879/549 4676/880/549 4678/882/625
f 4677/881/625 4678/882/625 4680/883/626
f 4680/883/626 4682/885/627 4681/884/627
f 4681/884/627 4682/885/627 4684/887/548
f 4683/886/548 4684/887/548 4686/889/628
f 4686/889/628 4688/823/629 4687/819/629
f 4688/823/629 4690/891/630 4689/890/630
f 4690/891/630 4692/893/550 4691/892/550
f 4692/893/550 4694/895/619 4693/894/619
f 4694/895/619 4696/899/620 4695/825/620
f 4696/899/620 4698/901/621 4697/900/621
f 4698/901/621 4670/1090/546 4667/902/546
f 1928/876/547 1926/875/547 1924/1090/547
f 1924/1090/547 1954/901/547 1952/899/547
f 1952/899/547 1950/895/547 1948/893/547
f 1948/893/547 1946/891/547 1944/823/547
f 1944/823/547 1942/889/547 1940/887/547
f 1940/887/547 1938/885/547 1936/883/547
f 1936/883/547 1934/882/547 1932/880/547
f 1932/880/547 1930/878/547 1928/876/547
f 1928/876/547 1924/1090/547 1952/899/547
f 1952/899/547 1948/893/547 1944/823/547
f 1944/823/547 1940/887/547 1936/883/547
f 1936/883/547 1932/880/547 1928/876/547
f 1928/876/547 1952/899/547 1944/823/547
f 1953/900/545 1923/902/545 1925/874/545
f 1925/874/545 1927/826/545 1929/877/545
f 1929/877/545 1931/879/545 1933/881/545
f 1933/881/545 1935/820/545 1937/884/545
f 1937/884/545 1939/886/545 1941/888/545
f 1941/888/545 1943/819/545 1945/890/545
f 1945/890/545 1947/892/545 1949/894/545
f 1949/894/545 1951/825/545 1953/900/545
f 1953/900/545 1925/874/545 1929/877/545
f 1929/877/545 1933/881/545 1937/884/545
f 1937/884/545 1941/888/545 1945/890/545
f 1945/890/545 1949/894/545 1953/900/545
f 1953/900/545 1929/877/545 1937/884/545
f 4701/815/545 4702/818/545 4699/816/545
f 4711/815/545 4713/818/545 4707/816/545
f 1962/820/547 4706/822/547 4703/821/547
f 4714/826/546 4717/820/546 4715/819/546
f 4704/819/549 1959/821/549 1955/824/549
f 1958/826/550 1956/1092/550 1960/822/550
f 4718/820/547 4721/822/547 4719/821/547
f 4722/822/548 4712/883/548 4710/823/548
f 1969/819/549 1967/821/549 1963/824/549
f 1966/826/550 1964/1092/550 1968/822/550
f 1972/827/546 1974/1013/658 4724/1012/658
f 4724/1012/658 1974/1013/658 1976/1015/659
f 1976/1015/659 1978/1017/549 4726/1016/549
f 1978/1017/549 1980/1099/660 4727/1018/660
f 1980/1099/660 1982/1019/661 4728/1020/661
f 1982/1019/661 1984/1022/548 4729/1021/548
f 1984/1022/548 1986/1091/662 4730/1023/662
f 1986/1091/662 1988/1024/663 4731/1025/663
f 1988/1024/663 1990/1027/550 4732/1026/550
f 1990/1027/550 1992/1030/664 4733/1028/664
f 4733/1028/664 1992/1030/664 1994/1032/667
f 1994/1032/667 1972/1148/546 4723/1033/546
f 1993/1070/545 1971/961/545 1973/1037/545
f 1973/1037/545 1975/1041/545 1977/922/545
f 1977/922/545 1979/1048/545 1981/1052/545
f 1981/1052/545 1983/935/545 1985/1057/545
f 1985/1057/545 1987/1059/545 1989/869/545
f 1989/869/545 1991/1067/545 1993/1070/545
f 1993/1070/545 1973/1037/545 1977/922/545
f 1977/922/545 1981/1052/545 1985/1057/545
f 1985/1057/545 1989/869/545 1993/1070/545
f 1996/827/546 1998/1013/676 4736/1012/676
f 1998/1013/676 2000/1015/683 4737/1014/683
f 2000/1015/683 2002/1017/547 4738/1016/547
f 2002/1017/547 2004/1099/684 4739/1018/684
f 2004/1099/684 2006/1019/677 4740/1020/677
f 2006/1019/677 2008/1022/548 4741/1021/548
f 2008/1022/548 2010/1091/678 4742/1023/678
f 2010/1091/678 2012/1024/685 4743/1025/685
f 2012/1024/685 2014/1027/545 4744/1026/545
f 2014/1027/545 2016/1030/686 4745/1028/686
f 2016/1030/686 2018/1032/679 4746/1031/679
f 2018/1032/679 1996/1148/546 4735/1033/546
f 2017/1070/549 1995/961/549 1997/1037/549
f 1997/1037/549 1999/1041/549 2001/922/549
f 2001/922/549 2003/1048/549 2005/1052/549
f 2005/1052/549 2007/935/549 2009/1057/549
f 2009/1057/549 2011/1059/549 2013/869/549
f 2013/869/549 2015/1067/549 2017/1070/549
f 2017/1070/549 1997/1037/549 2001/922/549
f 2001/922/549 2005/1052/549 2009/1057/549
f 2009/1057/549 2013/869/549 2017/1070/549
f 4750/827/546 4749/1013/676 4748/1012/676
f 4749/1013/676 4752/1015/683 4751/1014/683
f 4752/1015/683 4754/1017/547 4753/1016/547
f 4754/1017/547 4756/1099/684 4755/1018/684
f 4756/1099/684 4758/1019/677 4757/1020/677
f 4758/1019/677 4760/1022/548 4759/1021/548
f 4760/1022/548 4762/1091/678 4761/1023/678
f 4762/1091/678 4764/1024/685 4763/1025/685
f 4764/1024/685 4766/1027/545 4765/1026/545
f 4766/1027/545 4768/1030/686 4767/1028/686
f 2024/1044/550 2022/1040/550 2020/912/550
f 2020/912/550 4770/1073/550 2040/1072/550
f 2040/1072/550 2038/951/550 2036/1062/550
f 2036/1062/550 2034/1058/550 2032/942/550
f 2032/942/550 2030/1056/550 2028/1050/550
f 2028/1050/550 2026/928/550 2024/1044/550
f 2024/1044/550 2020/912/550 2040/1072/550
f 2040/1072/550 2036/1062/550 2032/942/550
f 2032/942/550 2028/1050/550 2024/1044/550
f 4768/1030/686 2042/1032/679 4769/1031/679
f 2042/1032/679 4750/1148/546 4747/1033/546
f 2041/1070/549 2019/961/549 2021/1037/549
f 2021/1037/549 2023/1041/549 2025/922/549
f 2025/922/549 2027/1048/549 2029/1052/549
f 2029/1052/549 2031/935/549 2033/1057/549
f 2033/1057/549 2035/1059/549 2037/869/549
f 2037/869/549 2039/1067/549 2041/1070/549
f 2041/1070/549 2021/1037/549 2025/922/549
f 2025/922/549 2029/1052/549 2033/1057/549
f 2033/1057/549 2037/869/549 2041/1070/549
f 4774/827/546 4773/830/552 4772/828/552
f 4773/830/552 4776/832/554 4775/831/554
f 4776/832/554 4778/834/556 4777/833/556
f 4778/834/556 4780/836/558 4779/835/558
f 4780/836/558 4782/838/547 4781/837/547
f 4782/838/547 4784/840/561 4783/839/561
f 4784/840/561 4786/842/563 4785/841/563
f 4786/842/563 4788/844/565 4787/843/565
f 4788/844/565 4790/846/567 4789/845/567
f 4790/846/567 4792/848/548 4791/847/548
f 4792/848/548 4794/850/570 4793/849/570
f 4794/850/570 4796/852/572 4795/851/572
f 4796/852/572 4798/854/574 4797/853/574
f 4798/854/574 4800/856/576 4799/855/576
f 4800/856/576 4802/858/545 4801/857/545
f 4802/858/545 4804/860/579 4803/859/579
f 4804/860/579 4806/862/581 4805/861/581
f 4806/862/581 4808/864/583 4807/863/583
f 4808/864/583 4810/866/586 4809/865/586
f 4810/866/586 4774/871/546 4771/867/546
f 2069/853/549 2067/851/549 2107/851/549
f 2052/836/550 2092/836/550 2090/834/550
f 2070/854/550 2110/854/550 2108/852/550
f 2059/843/549 2099/843/549 2101/845/549
f 2077/861/549 2117/861/549 2119/863/549
f 2060/844/550 2062/846/550 2102/846/550
f 2078/862/550 2080/864/550 2120/864/550
f 2053/837/549 2051/835/549 2091/835/549
f 2069/853/549 2109/853/549 2111/855/549
f 2043/829/549 2083/829/549 2084/828/549
f 2054/838/550 2094/838/550 2092/836/550
f 2070/854/550 2072/856/550 2112/856/550
f 2046/830/550 2085/830/550 2086/827/550
f 2061/845/549 2101/845/549 2103/847/549
f 2081/865/549 2079/863/549 2119/863/549
f 2064/848/550 2104/848/550 2102/846/550
f 2082/866/550 2122/866/550 2120/864/550
f 2055/839/549 2053/837/549 2093/837/549
f 2071/855/549 2111/855/549 2113/857/549
f 2056/840/550 2096/840/550 2094/838/550
f 2072/856/550 2074/858/550 2114/858/550
f 2045/828/549 2084/828/549 2087/831/549
f 2063/847/549 2103/847/549 2105/849/549
f 2081/865/549 2121/865/549 2083/867/549
f 2046/830/550 2048/832/550 2088/832/550
f 2066/850/550 2106/850/550 2104/848/550
f 2044/871/550 2086/871/550 2122/866/550
f 2057/841/549 2055/839/549 2095/839/549
f 2073/857/549 2113/857/549 2115/859/549
f 2058/842/550 2098/842/550 2096/840/550
f 2074/858/550 2076/860/550 2116/860/550
f 2049/833/549 2047/831/549 2087/831/549
f 2067/851/549 2065/849/549 2105/849/549
f 2050/834/550 2090/834/550 2088/832/550
f 2068/852/550 2108/852/550 2106/850/550
f 2057/841/549 2097/841/549 2099/843/549
f 2075/859/549 2115/859/549 2117/861/549
f 2058/842/550 2060/844/550 2100/844/550
f 2076/860/550 2078/862/550 2118/862/550
f 2051/835/549 2049/833/549 2089/833/549
f 2188/856/549 2137/856/549 4826/858/549
f 2202/830/549 2145/830/549 4813/832/549
f 2174/844/550 4862/846/550 4840/846/550
f 4875/860/549 2187/858/549 4826/858/549
f 4889/832/549 4813/832/549 4814/834/549
f 4861/848/550 4841/848/550 4840/846/550
f 4875/860/549 4827/860/549 4828/862/549
f 4888/834/549 4814/834/549 4815/836/549
f 4861/848/550 4860/850/550 4842/850/550
f 4874/862/549 4828/862/549 4829/864/549
f 4887/836/549 4815/836/549 4816/838/549
f 4859/852/550 4843/852/550 4842/850/550
f 4873/864/549 4829/864/549 4830/866/549
f 4885/840/549 4886/838/549 4816/838/549
f 4858/854/550 4844/854/550 4843/852/550
f 4872/866/549 4830/866/549 4812/871/549
f 4885/840/549 4817/840/549 4818/842/549
f 4857/856/550 4845/856/550 4844/854/550
f 4870/830/550 4831/830/550 4832/827/550
f 4884/842/549 4818/842/549 4819/844/549
f 2125/838/547 2124/836/558 4835/836/558
f 2129/871/546 2128/866/586 4850/866/586
f 4823/852/572 2131/852/572 2134/854/574
f 2125/838/547 4836/838/547 4837/840/561
f 4824/854/574 2134/854/574 2138/856/576
f 2135/840/561 4837/840/561 4838/842/563
f 4825/856/576 2138/856/576 4846/858/545
f 2139/842/563 4838/842/563 4839/844/565
f 4811/830/552 2129/827/546 2130/827/546
f 2147/860/579 2141/858/545 4846/858/545
f 2143/844/565 4839/844/565 2150/846/567
f 2151/832/554 4811/830/552 2146/830/552
f 2153/862/581 2147/860/579 4847/860/579
f 4820/846/567 2150/846/567 2156/848/548
f 2157/834/556 2151/832/554 4833/832/554
f 2159/864/583 2153/862/581 4848/862/581
f 4821/848/548 2156/848/548 2162/850/570
f 2124/836/558 2157/834/556 4834/834/556
f 2128/866/586 2159/864/583 4849/864/583
f 4822/850/570 2162/850/570 2131/852/572
f 2170/852/554 2171/850/552 4880/850/552
f 2183/866/567 4852/866/567 4853/864/565
f 2198/836/576 4867/836/576 4868/834/574
f 2171/850/552 2172/848/546 4881/848/546
f 2184/864/565 4853/864/565 4854/862/563
f 2199/834/574 4868/834/574 4869/832/572
f 2172/848/546 2173/846/586 4882/846/586
f 2185/862/563 4854/862/563 4855/860/561
f 2200/832/572 4869/832/572 2182/830/570
f 2173/846/586 4863/844/583 2194/844/583
f 4855/860/561 4856/858/547 4876/858/547
f 4890/830/570 2182/830/570 2181/827/548
f 4863/844/583 4864/842/581 2195/842/581
f 4856/858/547 2168/856/558 4877/856/558
f 4864/842/581 4865/840/579 2196/840/579
f 2168/856/558 2169/854/556 4878/854/556
f 4865/840/579 4866/838/545 2197/838/545
f 2169/854/556 2170/852/554 4879/852/554
f 2201/871/548 2181/871/548 4852/866/567
f 4866/838/545 4867/836/576 2198/836/576
f 2174/844/550 2144/844/550 2140/842/550
f 4871/827/549 4812/827/549 2145/830/549
f 2189/854/549 2133/854/549 2137/856/549
f 2175/842/550 2140/842/550 2136/840/550
f 4851/871/550 4832/871/550 2127/866/550
f 2190/852/549 2132/852/549 2133/854/549
f 2176/840/550 2136/840/550 2126/838/550
f 2163/866/550 2127/866/550 2160/864/550
f 2190/852/549 2191/850/549 2161/850/549
f 2178/836/550 2177/838/550 2126/838/550
f 2164/864/550 2160/864/550 2154/862/550
f 2192/848/549 2155/848/549 2161/850/549
f 2178/836/550 2123/836/550 2158/834/550
f 2166/860/550 2165/862/550 2154/862/550
f 2192/848/549 2193/846/549 2149/846/549
f 2179/834/550 2158/834/550 2152/832/550
f 2166/860/550 2148/860/550 2142/858/550
f 2193/846/549 4883/844/549 4819/844/549
f 4870/830/550 2180/832/550 2152/832/550
f 4857/856/550 2167/858/550 2142/858/550
f 4891/1100/550 2203/1103/550 2204/912/550
f 4891/1100/550 4893/1105/550 2205/1102/550
f 4894/1104/550 2206/1107/550 2205/1102/550
f 4895/1106/550 2207/1109/550 2206/1107/550
f 4896/1108/550 2208/928/550 2207/1109/550
f 4897/1110/550 2209/1112/550 2208/928/550
f 4897/1110/550 4898/1114/550 2210/1111/550
f 4899/1113/550 2211/1116/550 2210/1111/550
f 4900/1115/550 2212/1118/550 2211/1116/550
f 4901/1117/550 2213/942/550 2212/1118/550
f 4901/1117/550 4902/1120/550 2214/1119/550
f 4903/872/550 2215/1122/550 2214/1119/550
f 4903/872/550 850/873/550 2216/1121/550
f 4905/1123/550 2217/1124/550 2216/1121/550
f 4905/1123/550 4906/1126/550 2218/951/550
f 4907/1125/550 2219/1128/550 2218/951/550
f 4907/1125/550 4908/1130/550 2220/1127/550
f 4909/1129/550 2221/1132/550 2220/1127/550
f 4910/1131/550 2222/1133/550 2221/1132/550
f 4892/1101/550 2204/912/550 2222/1133/550
f 4913/1105/550 4911/1100/550 4912/1101/550
f 4912/1101/550 4930/1131/550 4929/1129/550
f 4929/1129/550 4928/1130/550 4927/1125/550
f 4927/1125/550 4926/1126/550 4925/1123/550
f 4925/1123/550 2236/873/550 4923/872/550
f 4923/872/550 4922/1120/550 4921/1117/550
f 4921/1117/550 4920/1115/550 4919/1113/550
f 4919/1113/550 4918/1114/550 4917/1110/550
f 4917/1110/550 4916/1108/550 4915/1106/550
f 4915/1106/550 4914/1104/550 4913/1105/550
f 4913/1105/550 4912/1101/550 4929/1129/550
f 4929/1129/550 4927/1125/550 4925/1123/550
f 4925/1123/550 4923/872/550 4921/1117/550
f 4921/1117/550 4919/1113/550 4917/1110/550
f 4917/1110/550 4915/1106/550 4913/1105/550
f 4913/1105/550 4929/1129/550 4925/1123/550
f 4925/1123/550 4921/1117/550 4917/1110/550
f 842/1108/545 2228/1108/545 2229/1110/579
f 4904/873/556 4924/873/556 2237/1123/558
f 843/1110/579 2229/1110/579 2230/1114/581
f 851/1123/558 2237/1123/558 2238/1126/547
f 844/1114/581 2230/1114/581 2231/1113/583
f 838/1101/548 2224/1101/548 2223/1100/570
f 852/1126/547 2238/1126/547 2239/1125/561
f 845/1113/583 2231/1113/583 2232/1115/586
f 837/1100/570 2223/1100/570 2225/1105/572
f 853/1125/561 2239/1125/561 2240/1130/563
f 846/1115/586 2232/1115/586 2233/1117/546
f 839/1105/572 2225/1105/572 2226/1104/574
f 854/1130/563 2240/1130/563 2241/1129/565
f 847/1117/546 2233/1117/546 2234/1120/552
f 840/1104/574 2226/1104/574 2227/1106/576
f 855/1129/565 2241/1129/565 2242/1131/567
f 848/1120/552 2234/1120/552 2235/872/554
f 841/1106/576 2227/1106/576 2228/1108/545
f 856/1131/567 2242/1131/567 2224/1101/548
f 4932/1037/550 4931/961/550 4942/1070/550
f 4942/1070/550 4941/1067/550 4940/869/550
f 4940/869/550 4939/1059/550 4938/1057/550
f 4938/1057/550 4937/935/550 4936/1052/550
f 4936/1052/550 4935/1048/550 4934/922/550
f 4934/922/550 4933/1041/550 4932/1037/550
f 4932/1037/550 4942/1070/550 4940/869/550
f 4940/869/550 4938/1057/550 4936/1052/550
f 4936/1052/550 4934/922/550 4932/1037/550
f 4954/1070/549 4943/961/549 4944/1037/549
f 4944/1037/549 4945/1041/549 4946/922/549
f 4946/922/549 4947/1048/549 4948/1052/549
f 4948/1052/549 4949/935/549 4950/1057/549
f 4950/1057/549 4951/1059/549 4952/869/549
f 4952/869/549 4953/1067/549 4954/1070/549
f 4954/1070/549 4944/1037/549 4946/922/549
f 4946/922/549 4948/1052/549 4950/1057/549
f 4950/1057/549 4952/869/549 4954/1070/549
f 2249/935/548 2261/935/548 2260/1052/677
f 2246/922/547 2258/922/547 2257/1041/683
f 2253/1067/686 2265/1067/686 2264/869/545
f 2250/1057/678 2262/1057/678 2261/935/548
f 2247/1048/684 2259/1048/684 2258/922/547
f 2254/1070/679 2266/1070/679 2265/1067/686
f 2244/1037/676 2256/1037/676 2255/961/546
f 2251/1059/685 2263/1059/685 2262/1057/678
f 2248/1052/677 2260/1052/677 2259/1048/684
f 2254/1070/679 2243/961/546 2255/961/546
f 2245/1041/683 2257/1041/683 2256/1037/676
f 2252/869/545 2264/869/545 2263/1059/685
f 4956/1037/550 4955/961/550 4966/1070/550
f 4966/1070/550 4965/1067/550 4964/869/550
f 4964/869/550 4963/1059/550 4962/1057/550
f 4962/1057/550 4961/935/550 4960/1052/550
f 4960/1052/550 4959/1048/550 4958/922/550
f 4958/922/550 4957/1041/550 4956/1037/550
f 4956/1037/550 4966/1070/550 4964/869/550
f 4964/869/550 4962/1057/550 4960/1052/550
f 4960/1052/550 4958/922/550 4956/1037/550
f 4978/1070/549 4967/961/549 4968/1037/549
f 4968/1037/549 4969/1041/549 4970/922/549
f 4970/922/549 4971/1048/549 4972/1052/549
f 4972/1052/549 4973/935/549 4974/1057/549
f 4974/1057/549 4975/1059/549 4976/869/549
f 4976/869/549 4977/1067/549 4978/1070/549
f 4978/1070/549 4968/1037/549 4970/922/549
f 4970/922/549 4972/1052/549 4974/1057/549
f 4974/1057/549 4976/869/549 4978/1070/549
f 2273/935/548 2285/935/548 2284/1052/677
f 2270/922/547 2282/922/547 2281/1041/683
f 2277/1067/686 2289/1067/686 2288/869/545
f 2274/1057/678 2286/1057/678 2285/935/548
f 2271/1048/684 2283/1048/684 2282/922/547
f 2277/1067/686 2278/1070/679 2290/1070/679
f 2267/961/546 2268/1037/676 2280/1037/676
f 2275/1059/685 2287/1059/685 2286/1057/678
f 2272/1052/677 2284/1052/677 2283/1048/684
f 2278/1070/679 2267/961/546 2279/961/546
f 2269/1041/683 2281/1041/683 2280/1037/676
f 2276/869/545 2288/869/545 2287/1059/685
f 4980/1037/550 4979/961/550 4990/1070/550
f 4990/1070/550 4989/1067/550 4988/869/550
f 4988/869/550 4987/1059/550 4986/1057/550
f 4986/1057/550 4985/935/550 4984/1052/550
f 4984/1052/550 4983/1048/550 4982/922/550
f 4982/922/550 4981/1041/550 4980/1037/550
f 4980/1037/550 4990/1070/550 4988/869/550
f 4988/869/550 4986/1057/550 4984/1052/550
f 4984/1052/550 4982/922/550 4980/1037/550
f 5002/1070/549 4991/961/549 4992/1037/549
f 4992/1037/549 4993/1041/549 4994/922/549
f 4994/922/549 4995/1048/549 4996/1052/549
f 4996/1052/549 4997/935/549 4998/1057/549
f 4998/1057/549 4999/1059/549 5000/869/549
f 5000/869/549 5001/1067/549 5002/1070/549
f 5002/1070/549 4992/1037/549 4994/922/549
f 4994/922/549 4996/1052/549 4998/1057/549
f 4998/1057/549 5000/869/549 5002/1070/549
f 2297/935/548 2309/935/548 2308/1052/677
f 2294/922/547 2306/922/547 2305/1041/683
f 2301/1067/686 2313/1067/686 2312/869/545
f 2298/1057/678 2310/1057/678 2309/935/548
f 2295/1048/684 2307/1048/684 2306/922/547
f 2301/1067/686 2302/1070/679 2314/1070/679
f 2291/961/546 2292/1037/676 2304/1037/676
f 2299/1059/685 2311/1059/685 2310/1057/678
f 2296/1052/677 2308/1052/677 2307/1048/684
f 2302/1070/679 2291/961/546 2303/961/546
f 2293/1041/683 2305/1041/683 2304/1037/676
f 2300/869/545 2312/869/545 2311/1059/685
f 5005/1044/550 5003/1040/550 5004/912/550
f 5004/912/550 5014/1073/550 5013/1072/550
f 5013/1072/550 5012/951/550 5011/1062/550
f 5011/1062/550 5010/1058/550 5009/942/550
f 5009/942/550 5008/1056/550 5007/1050/550
f 5007/1050/550 5006/928/550 5005/1044/550
f 5005/1044/550 5004/912/550 5013/1072/550
f 5013/1072/550 5011/1062/550 5009/942/550
f 5009/942/550 5007/1050/550 5005/1044/550
f 5016/912/549 5015/1040/549 5017/1044/549
f 5017/1044/549 5018/928/549 5019/1050/549
f 5019/1050/549 5020/1056/549 5021/942/549
f 5021/942/549 5022/1058/549 5023/1062/549
f 5023/1062/549 5024/951/549 5025/1072/549
f 5025/1072/549 5026/1073/549 5016/912/549
f 5016/912/549 5017/1044/549 5019/1050/549
f 5019/1050/549 5021/942/549 5023/1062/549
f 5023/1062/549 5025/1072/549 5016/912/549
f 2336/951/548 2335/1062/677 2323/1062/677
f 2333/942/547 2332/1056/683 2320/1056/683
f 2330/928/546 2329/1044/679 2317/1044/679
f 2337/1072/678 2336/951/548 2324/951/548
f 2334/1058/684 2333/942/547 2321/942/547
f 2331/1050/676 2330/928/546 2318/928/546
f 2338/1073/685 2337/1072/678 2325/1072/678
f 2327/1040/686 2328/912/545 2315/912/545
f 2335/1062/677 2334/1058/684 2322/1058/684
f 2332/1056/683 2331/1050/676 2319/1050/676
f 2328/912/545 2338/1073/685 2326/1073/685
f 2329/1044/679 2327/1040/686 2316/1040/686
f 5029/1044/550 5027/1040/550 5028/912/550
f 5028/912/550 5038/1073/550 5037/1072/550
f 5037/1072/550 5036/951/550 5035/1062/550
f 5035/1062/550 5034/1058/550 5033/942/550
f 5033/942/550 5032/1056/550 5031/1050/550
f 5031/1050/550 5030/928/550 5029/1044/550
f 5029/1044/550 5028/912/550 5037/1072/550
f 5037/1072/550 5035/1062/550 5033/942/550
f 5033/942/550 5031/1050/550 5029/1044/550
f 5040/912/549 5039/1040/549 5041/1044/549
f 5041/1044/549 5042/928/549 5043/1050/549
f 5043/1050/549 5044/1056/549 5045/942/549
f 5045/942/549 5046/1058/549 5047/1062/549
f 5047/1062/549 5048/951/549 5049/1072/549
f 5049/1072/549 5050/1073/549 5040/912/549
f 5040/912/549 5041/1044/549 5043/1050/549
f 5043/1050/549 5045/942/549 5047/1062/549
f 5047/1062/549 5049/1072/549 5040/912/549
f 2360/951/548 2359/1062/677 2347/1062/677
f 2357/942/547 2356/1056/683 2344/1056/683
f 2354/928/546 2353/1044/679 2341/1044/679
f 2361/1072/678 2360/951/548 2348/951/548
f 2358/1058/684 2357/942/547 2345/942/547
f 2355/1050/676 2354/928/546 2342/928/546
f 2362/1073/685 2361/1072/678 2349/1072/678
f 2351/1040/686 2352/912/545 2339/912/545
f 2359/1062/677 2358/1058/684 2346/1058/684
f 2356/1056/683 2355/1050/676 2343/1050/676
f 2352/912/545 2362/1073/685 2350/1073/685
f 2353/1044/679 2351/1040/686 2340/1040/686
f 2364/827/687 2366/1013/952 2389/1134/688
f 2389/1134/688 2366/1013/952 2368/1015/690
f 2368/1015/690 2370/1017/693 2393/1137/692
f 2370/1017/693 2372/1099/695 2395/1138/694
f 2372/1099/695 2374/1019/953 2397/1139/696
f 2397/1139/696 2374/1019/953 2376/1022/697
f 2376/1022/697 2378/1091/954 2401/1141/699
f 2401/1141/699 2378/1091/954 2380/1024/700
f 2380/1024/700 2382/1027/955 2405/1143/702
f 2405/1143/702 2382/1027/955 2384/1030/703
f 2409/1145/705 2388/1149/689 2387/1146/706
f 2384/1030/703 2386/1032/956 2409/1145/705
f 2409/1145/705 2386/1032/956 2364/1148/687
f 2410/1147/707 2387/1146/706 2363/1033/708
f 2408/1150/710 2410/1147/707 2385/1031/709
f 2407/1144/704 2409/1145/705 2410/1147/707
f 2406/1151/712 2408/1150/710 2383/1028/711
f 2405/1143/702 2407/1144/704 2408/1150/710
f 2379/1025/714 2404/1152/715 2406/1151/712
f 2403/1142/701 2405/1143/702 2406/1151/712
f 2402/1153/716 2404/1152/715 2379/1025/714
f 2401/1141/699 2403/1142/701 2404/1152/715
f 2375/1021/718 2400/1154/719 2402/1153/716
f 2399/1140/698 2401/1141/699 2402/1153/716
f 2398/1155/720 2400/1154/719 2375/1021/718
f 2397/1139/696 2399/1140/698 2400/1154/719
f 2396/1156/722 2398/1155/720 2373/1020/721
f 2395/1138/694 2397/1139/696 2398/1155/720
f 2394/1157/724 2396/1156/722 2371/1018/723
f 2393/1137/692 2395/1138/694 2396/1156/722
f 2367/1014/726 2392/1158/727 2394/1157/724
f 2391/1136/691 2393/1137/692 2394/1157/724
f 2390/1159/728 2392/1158/727 2367/1014/726
f 2389/1134/688 2391/1136/691 2392/1158/727
f 2363/829/708 2387/1160/706 2390/1159/728
f 2388/1135/689 2389/1134/688 2390/1159/728
f 2412/827/545 2414/1013/730 2413/1012/730
f 2413/1012/730 2414/1013/730 2416/1015/731
f 2415/1014/731 2416/1015/731 2418/1017/550
f 2418/1017/550 2420/1099/732 2419/1018/732
f 2420/1099/732 2422/1019/733 2421/1020/733
f 2422/1019/733 2424/1022/547 2423/1021/547
f 2424/1022/547 2426/1091/734 2425/1023/734
f 2426/1091/734 2428/1024/735 2427/1025/735
f 2428/1024/735 2430/1027/549 2429/1026/549
f 2430/1027/549 2432/1030/736 2431/1028/736
f 3027/829/737 5498/827/737 5497/1013/738
f 2431/1028/736 2432/1030/736 2434/1032/739
f 2434/1032/739 2412/1148/545 2411/1033/545
f 5053/1044/550 5051/1040/550 5052/912/550
f 5052/912/550 5062/1073/550 5061/1072/550
f 5061/1072/550 5060/951/550 5059/1062/550
f 5059/1062/550 5058/1058/550 5057/942/550
f 5057/942/550 5056/1056/550 5055/1050/550
f 5055/1050/550 5054/928/550 5053/1044/550
f 5053/1044/550 5052/912/550 5061/1072/550
f 5061/1072/550 5059/1062/550 5057/942/550
f 5057/942/550 5055/1050/550 5053/1044/550
f 5064/912/549 5063/1040/549 5065/1044/549
f 5065/1044/549 5066/928/549 5067/1050/549
f 5067/1050/549 5068/1056/549 5069/942/549
f 5069/942/549 5070/1058/549 5071/1062/549
f 5071/1062/549 5072/951/549 5073/1072/549
f 5073/1072/549 5074/1073/549 5064/912/549
f 5064/912/549 5065/1044/549 5067/1050/549
f 5067/1050/549 5069/942/549 5071/1062/549
f 5071/1062/549 5073/1072/549 5064/912/549
f 2456/951/548 2455/1062/677 2443/1062/677
f 2453/942/547 2452/1056/683 2440/1056/683
f 2450/928/546 2449/1044/679 2437/1044/679
f 2457/1072/678 2456/951/548 2444/951/548
f 2454/1058/684 2453/942/547 2441/942/547
f 2451/1050/676 2450/928/546 2438/928/546
f 2458/1073/685 2457/1072/678 2445/1072/678
f 2447/1040/686 2448/912/545 2435/912/545
f 2455/1062/677 2454/1058/684 2442/1058/684
f 2452/1056/683 2451/1050/676 2439/1050/676
f 2448/912/545 2458/1073/685 2446/1073/685
f 2449/1044/679 2447/1040/686 2436/1040/686
f 5077/1044/550 5075/1040/550 5076/912/550
f 5076/912/550 5086/1073/550 5085/1072/550
f 5085/1072/550 5084/951/550 5083/1062/550
f 5083/1062/550 5082/1058/550 5081/942/550
f 5081/942/550 5080/1056/550 5079/1050/550
f 5079/1050/550 5078/928/550 5077/1044/550
f 5077/1044/550 5076/912/550 5085/1072/550
f 5085/1072/550 5083/1062/550 5081/942/550
f 5081/942/550 5079/1050/550 5077/1044/550
f 5088/912/549 5087/1040/549 5089/1044/549
f 5089/1044/549 5090/928/549 5091/1050/549
f 5091/1050/549 5092/1056/549 5093/942/549
f 5093/942/549 5094/1058/549 5095/1062/549
f 5095/1062/549 5096/951/549 5097/1072/549
f 5097/1072/549 5098/1073/549 5088/912/549
f 5088/912/549 5089/1044/549 5091/1050/549
f 5091/1050/549 5093/942/549 5095/1062/549
f 5095/1062/549 5097/1072/549 5088/912/549
f 2480/951/548 2479/1062/677 2467/1062/677
f 2477/942/547 2476/1056/683 2464/1056/683
f 2474/928/546 2473/1044/679 2461/1044/679
f 2481/1072/678 2480/951/548 2468/951/548
f 2478/1058/684 2477/942/547 2465/942/547
f 2475/1050/676 2474/928/546 2462/928/546
f 2482/1073/685 2481/1072/678 2469/1072/678
f 2471/1040/686 2472/912/545 2459/912/545
f 2479/1062/677 2478/1058/684 2466/1058/684
f 2476/1056/683 2475/1050/676 2463/1050/676
f 2472/912/545 2482/1073/685 2470/1073/685
f 2473/1044/679 2471/1040/686 2460/1040/686
f 5103/819/549 5105/821/549 5101/824/549
f 5109/1161/740 5110/826/617 5107/1092/617
f 5110/1163/617 5112/1364/741 5111/1164/741
f 5115/1165/742 5116/1168/608 5113/1166/608
f 5116/1168/608 5118/1365/743 5117/1169/743
f 5102/823/548 5106/821/548 2493/1365/548
f 2493/1365/548 2495/1168/548 2494/1165/548
f 2494/1165/548 2487/1366/548 2489/1170/548
f 2489/1170/548 2488/1367/548 5102/823/548
f 5102/823/548 2493/1365/548 2494/1165/548
f 5111/1164/741 5112/1364/741 5100/816/545
f 5109/1161/740 5108/1162/740 5115/1165/742
f 5104/819/546 2484/816/546 2490/1364/546
f 2490/1364/546 2492/1163/546 2491/1171/546
f 2491/1171/546 2496/1167/546 2498/1166/546
f 2498/1166/546 2497/1169/546 5104/819/546
f 5104/819/546 2490/1364/546 2491/1171/546
f 5117/1169/743 5118/1365/743 2485/821/547
f 5122/827/546 5121/1013/658 5120/1012/658
f 5121/1013/658 5124/1015/659 5123/1014/659
f 5124/1015/659 5126/1017/549 5125/1016/549
f 5126/1017/549 5128/1099/660 5127/1018/660
f 5128/1099/660 5130/1019/661 5129/1020/661
f 5130/1019/661 5132/1022/548 5131/1021/548
f 5132/1022/548 5134/1091/662 5133/1023/662
f 5133/1023/662 5134/1091/662 5136/1024/663
f 5136/1024/663 5138/1027/550 5137/1026/550
f 5138/1027/550 5140/1030/664 5139/1028/664
f 2504/1044/547 2502/1040/547 2500/912/547
f 2500/912/547 5142/1073/547 2520/1172/547
f 2520/1172/547 2518/951/547 2516/1368/547
f 2516/1368/547 2514/1058/547 2512/942/547
f 2512/942/547 2510/1056/547 2508/1050/547
f 2508/1050/547 2506/928/547 2504/1044/547
f 2504/1044/547 2500/912/547 2520/1172/547
f 2520/1172/547 2516/1368/547 2512/942/547
f 2512/942/547 2508/1050/547 2504/1044/547
f 5139/1028/664 5140/1030/664 2522/1032/667
f 2522/1032/667 5122/1148/546 5119/1033/546
f 2521/1070/545 2499/961/545 2501/1037/545
f 2501/1037/545 2503/1041/545 2505/922/545
f 2505/922/545 2507/1048/545 2509/1052/545
f 2509/1052/545 2511/935/545 2513/1057/545
f 2513/1057/545 2515/1059/545 2517/869/545
f 2517/869/545 2519/1067/545 2521/1070/545
f 2521/1070/545 2501/1037/545 2505/922/545
f 2505/922/545 2509/1052/545 2513/1057/545
f 2513/1057/545 2517/869/545 2521/1070/545
f 5167/879/549 2560/880/549 2562/883/626
f 2566/823/629 2568/893/550 5173/892/550
f 5148/827/546 5147/876/744 5144/826/744
f 2570/899/620 2555/1090/546 5172/902/546
f 2550/823/629 2552/893/550 5165/892/550
f 5147/876/744 5152/880/547 5151/879/547
f 2562/883/626 2564/887/548 5169/886/548
f 2548/887/548 2550/823/629 5150/819/629
f 5152/880/547 5155/883/745 5153/820/745
f 2564/887/548 2566/823/629 5170/819/629
f 2546/883/626 2548/887/548 5149/886/548
f 5155/883/745 5157/887/548 5156/886/548
f 5166/955/545 2524/961/545 5154/914/545
f 5154/914/545 5145/922/545 5146/930/545
f 5146/930/545 2547/935/545 2549/943/545
f 2549/943/545 2551/869/545 5166/955/545
f 5166/955/545 5154/914/545 5146/930/545
f 2543/879/549 2544/880/549 2546/883/626
f 5157/887/548 5159/823/746 5158/819/746
f 2554/899/620 2523/1090/546 5163/902/546
f 2541/826/623 2542/876/623 2544/880/549
f 5159/823/746 5161/893/545 5160/892/545
f 2530/928/550 2528/898/550 2526/912/550
f 2526/912/550 5164/960/550 2538/951/550
f 2538/951/550 2536/896/550 2534/942/550
f 2534/942/550 2532/897/550 2530/928/550
f 2530/928/550 2526/912/550 2538/951/550
f 2523/827/546 2542/876/623 2541/826/623
f 5161/893/545 2540/899/747 5162/825/747
f 5174/955/545 2556/961/545 5171/914/545
f 5171/914/545 2559/922/545 2561/930/545
f 2561/930/545 2563/935/545 2565/943/545
f 2565/943/545 2567/869/545 5174/955/545
f 5174/955/545 5171/914/545 2561/930/545
f 2552/893/550 2554/899/620 2553/825/620
f 2540/899/747 5148/1090/546 5143/902/546
f 2539/955/549 2525/961/549 2527/914/549
f 2527/914/549 2529/922/549 2531/930/549
f 2531/930/549 2533/935/549 2535/943/549
f 2535/943/549 2537/869/549 2539/955/549
f 2539/955/549 2527/914/549 2531/930/549
f 2557/826/623 2558/876/623 2560/880/549
f 2555/827/546 2558/876/623 2557/826/623
f 2568/893/550 2570/899/620 2569/825/620
f 5177/879/549 5181/880/549 5184/883/626
f 5175/823/629 5188/893/550 5187/892/550
f 5190/899/749 5185/1090/546 5186/902/546
f 5178/820/626 5184/883/626 5176/887/548
f 5176/887/548 5175/823/629 5180/819/748
f 5189/955/545 2572/961/545 5183/914/545
f 5183/914/545 2575/922/545 2577/930/545
f 2577/930/545 2579/935/545 2581/943/545
f 2581/943/545 2583/869/545 5189/955/545
f 5189/955/545 5183/914/545 2577/930/545
f 2573/826/623 5182/876/623 5181/880/549
f 5186/829/546 5185/827/546 5182/876/623
f 5188/893/550 5190/899/749 2585/825/620
f 5191/829/546 5197/827/546 5196/876/620
f 2589/1173/750 2594/1179/756 2595/1174/751
f 5207/893/545 2621/899/747 5205/825/747
f 2591/1176/753 2590/1175/752 2595/1174/751
f 2588/1178/755 2593/1206/782 2594/1179/756
f 2594/1179/756 2593/1206/782 2597/1180/757
f 5192/826/620 5196/876/620 2656/880/550
f 2594/1179/756 2598/1181/758 2599/1182/759
f 5249/879/547 5252/880/547 2629/883/745
f 2596/1177/754 2595/1174/751 2599/1182/759
f 2597/1180/757 2601/1187/764 2602/1184/761
f 5241/955/547 2587/961/547 2653/914/547
f 2653/914/547 2655/922/547 2657/930/547
f 2657/930/547 2659/935/547 5199/943/547
f 5199/943/547 5239/869/547 5241/955/547
f 5241/955/547 2653/914/547 2657/930/547
f 2598/1181/758 2602/1184/761 2603/1185/762
f 2623/893/550 5209/823/550 5247/887/550
f 5247/887/550 5248/883/550 2631/880/550
f 2631/880/550 2633/876/550 5203/1090/550
f 5203/1090/550 5204/899/550 2623/893/550
f 2623/893/550 5247/887/550 2631/880/550
f 2599/1182/759 2603/1185/762 2604/1186/763
f 2601/1187/764 2605/1191/768 2606/1188/765
f 5202/887/548 5201/823/626 2661/819/626
f 2602/1184/761 2606/1188/765 2607/1189/766
f 2625/823/746 5207/893/545 5208/892/545
f 2603/1185/762 2607/1189/766 2608/1190/767
f 2605/1191/768 2609/1208/785 2610/1192/769
f 5200/820/629 2658/883/629 5202/887/548
f 2606/1188/765 2610/1192/769 2611/1193/770
f 2621/899/747 2681/1090/546 5206/902/546
f 2607/1189/766 2611/1193/770 2612/1194/771
f 2610/1192/769 2609/1208/785 2613/1195/772
f 2666/899/623 5197/1090/546 5191/902/546
f 2610/1192/769 2614/1196/773 2615/1197/774
f 5250/820/745 2629/883/745 2627/887/548
f 2611/1193/770 2615/1197/774 2616/1198/775
f 2613/1199/772 2617/1369/957 2618/1200/776
f 5201/823/626 5240/893/549 2663/892/549
f 2614/1201/773 2618/1200/776 2619/1202/777
f 2664/893/545 2662/823/545 2660/887/545
f 2660/887/545 5194/883/545 5195/880/545
f 5195/880/545 2654/876/545 2592/1090/545
f 2592/1090/545 5242/899/545 2664/893/545
f 2664/893/545 2660/887/545 5195/880/545
f 2616/1204/775 2615/1203/774 2619/1202/777
f 2618/1200/776 2617/1369/957 2588/1178/755
f 5193/879/550 2656/880/550 2658/883/629
f 2618/1200/776 2589/1173/750 2590/1175/752
f 5240/893/549 2666/899/623 2665/825/623
f 2619/1202/777 2590/1175/752 2591/1176/753
f 2584/893/547 2582/823/547 2580/887/547
f 2580/887/547 2578/883/547 2576/880/547
f 2576/880/547 2574/876/547 2571/1090/547
f 2571/1090/547 2586/899/547 2584/893/547
f 2584/893/547 2580/887/547 2576/880/547
f 5211/829/546 5217/827/546 5216/876/744
f 5212/826/744 5216/876/744 2670/880/547
f 5245/955/549 2635/961/549 2667/914/549
f 2667/914/549 2669/922/549 2671/930/549
f 2671/930/549 2673/935/549 5219/943/549
f 5219/943/549 5243/869/549 5245/955/549
f 5245/955/549 2667/914/549 2671/930/549
f 5222/887/548 5221/823/746 2675/819/746
f 5220/820/745 2672/883/745 5222/887/548
f 2680/899/747 5217/1090/546 5211/902/546
f 5221/823/746 5244/893/545 2677/892/545
f 2678/893/550 2676/823/550 2674/887/550
f 2674/887/550 5214/883/550 5215/880/550
f 5215/880/550 2668/876/550 2636/1090/550
f 2636/1090/550 5246/899/550 2678/893/550
f 2678/893/550 2674/887/550 5215/880/550
f 5213/879/547 2670/880/547 2672/883/745
f 5244/893/545 2680/899/747 2679/825/747
f 5227/893/549 2637/899/623 5225/825/623
f 5233/879/550 5236/880/550 2645/883/629
f 2639/893/545 5229/823/545 5231/887/545
f 5231/887/545 5232/883/545 2647/880/545
f 2647/880/545 2649/876/545 5223/1090/545
f 5223/1090/545 5224/899/545 2639/893/545
f 2639/893/545 5231/887/545 2647/880/545
f 2641/823/626 5227/893/549 5228/892/549
f 2637/899/623 2651/1090/546 5226/902/546
f 5234/820/629 2645/883/629 2643/887/548
f 2643/887/548 2641/823/626 5230/819/626
f 2638/955/547 2652/961/547 2650/914/547
f 2650/914/547 2648/922/547 2646/930/547
f 2646/930/547 2644/935/547 2642/943/547
f 2642/943/547 2640/869/547 2638/955/547
f 2638/955/547 2650/914/547 2646/930/547
f 5238/826/620 5237/876/620 5236/880/550
f 5226/829/546 2651/827/546 5237/876/620
f 2627/887/548 2625/823/746 5210/819/746
f 2622/955/549 2682/961/549 2634/914/549
f 2634/914/549 2632/922/549 2630/930/549
f 2630/930/549 2628/935/549 2626/943/549
f 2626/943/549 2624/869/549 2622/955/549
f 2622/955/549 2634/914/549 2630/930/549
f 5254/826/744 5253/876/744 5252/880/547
f 5206/829/546 2681/827/546 5253/876/744
f 2736/1200/776 2735/1369/957 2684/1178/755
f 2720/1184/761 2724/1188/765 2725/1189/766
f 5258/827/546 5257/1013/676 5256/1012/676
f 2736/1200/776 2683/1173/750 2709/1175/752
f 2719/1187/779 2723/1191/768 2724/1188/765
f 5257/1013/676 5260/1015/683 5259/1014/683
f 2732/1201/773 2736/1200/776 2737/1202/777
f 2717/1182/759 2721/1185/762 2722/1186/763
f 5260/1015/683 5262/1017/547 5261/1016/547
f 2731/1199/772 2735/1369/957 2736/1200/776
f 2716/1181/758 2720/1184/761 2721/1185/762
f 5262/1017/547 5264/1099/684 5263/1018/684
f 2730/1194/771 2729/1193/780 2733/1197/774
f 2715/1180/757 2719/1187/779 2720/1184/761
f 5264/1099/684 5266/1019/677 5265/1020/677
f 2728/1192/769 2732/1196/773 2733/1197/774
f 2713/1174/751 2717/1182/759 2718/1183/760
f 5266/1019/677 5268/1022/548 5267/1021/548
f 2728/1192/769 2727/1208/785 2731/1195/772
f 2712/1179/781 2716/1181/758 2717/1182/759
f 5268/1022/548 5270/1091/678 5269/1023/678
f 2726/1190/767 2725/1189/766 2729/1193/780
f 2712/1179/781 2711/1206/782 2715/1180/757
f 5270/1091/678 5272/1024/685 5271/1025/685
f 2724/1188/765 2728/1192/769 2729/1193/780
f 2683/1173/750 2684/1178/755 2711/1206/782
f 5272/1024/685 5274/1027/545 5273/1026/545
f 2723/1191/768 2727/1208/785 2728/1192/769
f 2710/1176/753 2709/1175/752 2713/1174/751
f 5274/1027/545 5276/1030/686 5275/1028/686
f 2690/1044/550 2688/1040/958 2686/912/550
f 2686/912/550 5278/1073/959 2706/1207/550
f 2706/1207/550 2704/951/550 2702/1370/550
f 2702/1370/550 2700/1058/959 2698/942/550
f 2698/942/550 2696/1056/958 2694/1050/550
f 2694/1050/550 2692/928/550 2690/1044/550
f 2690/1044/550 2686/912/550 2706/1207/550
f 2706/1207/550 2702/1370/550 2698/942/550
f 2698/942/550 2694/1050/550 2690/1044/550
f 2683/1173/750 2712/1179/781 2713/1174/751
f 5276/1030/686 2708/1032/679 5277/1031/679
f 2734/1204/775 2733/1203/774 2737/1202/777
f 2721/1185/762 2725/1189/766 2726/1190/767
f 2708/1032/679 5258/1148/546 5255/1033/546
f 2707/1070/549 2685/961/549 2687/1037/549
f 2687/1037/549 2689/1041/549 2691/922/549
f 2691/922/549 2693/1048/549 2695/1052/549
f 2695/1052/549 2697/935/549 2699/1057/549
f 2699/1057/549 2701/1371/549 2703/869/549
f 2703/869/549 2705/1372/549 2707/1070/549
f 2707/1070/549 2687/1037/549 2691/922/549
f 2691/922/549 2695/1052/549 2699/1057/549
f 2699/1057/549 2703/869/549 2707/1070/549
f 2737/1202/777 2709/1175/752 2710/1176/753
f 2768/1200/776 2767/1369/957 2740/1178/755
f 2752/1184/761 2756/1188/765 2757/1189/766
f 2768/1200/776 2739/1173/750 2741/1175/752
f 2751/1187/779 2755/1191/768 2756/1188/765
f 2764/1201/773 2768/1200/776 2769/1202/777
f 2749/1182/759 2753/1185/762 2754/1186/763
f 2763/1199/772 2767/1369/957 2768/1200/776
f 2748/1181/758 2752/1184/761 2753/1185/762
f 2761/1193/770 2765/1197/774 2766/1198/775
f 2747/1180/757 2751/1187/779 2752/1184/761
f 2760/1192/784 2764/1196/773 2765/1197/774
f 2746/1177/754 2745/1174/751 2749/1182/759
f 2759/1208/785 2763/1195/772 2764/1196/773
f 2744/1179/756 2748/1181/758 2749/1182/759
f 2758/1190/767 2757/1189/766 2761/1193/770
f 2744/1179/756 2743/1206/782 2747/1180/757
f 2756/1188/765 2760/1192/784 2761/1193/770
f 2740/1178/755 2743/1206/782 2744/1179/756
f 2756/1188/765 2755/1191/768 2759/1208/785
f 2742/1176/753 2741/1175/752 2745/1174/751
f 2739/1173/750 2744/1179/756 2745/1174/751
f 2765/1203/774 2769/1202/777 2770/1205/778
f 2753/1185/762 2757/1189/766 2758/1190/767
f 2769/1202/777 2741/1175/752 2742/1176/753
f 5280/827/546 5279/1013/676 2773/1012/676
f 5279/1013/676 5281/1015/683 2775/1014/683
f 5281/1015/683 5282/1017/547 2777/1016/547
f 5282/1017/547 5283/1099/684 2779/1018/684
f 5283/1099/684 5284/1019/677 2781/1020/677
f 5284/1019/677 5285/1022/548 2783/1021/548
f 5285/1022/548 5286/1091/678 2785/1023/678
f 5286/1091/678 5287/1024/685 2787/1025/685
f 5287/1024/685 5288/1027/545 2789/1026/545
f 5288/1027/545 5289/1030/686 2791/1028/686
f 2776/1044/550 2774/1040/550 2772/912/550
f 2772/912/550 5290/1073/550 2792/1207/550
f 2792/1207/550 2790/951/550 2788/1370/550
f 2788/1370/550 2786/1058/550 2784/942/550
f 2784/942/550 2782/1056/550 2780/1050/550
f 2780/1050/550 2778/928/550 2776/1044/550
f 2776/1044/550 2772/912/550 2792/1207/550
f 2792/1207/550 2788/1370/550 2784/942/550
f 2784/942/550 2780/1050/550 2776/1044/550
f 5289/1030/686 2794/1032/679 2793/1031/679
f 2794/1032/679 5280/1148/546 2771/1033/546
f 5295/815/545 5297/818/545 5291/816/545
f 5298/818/546 5301/820/546 5299/819/546
f 5302/820/547 5305/822/547 5303/821/547
f 5306/822/548 5296/883/548 5294/823/548
f 2801/819/549 2799/821/549 2795/824/549
f 2798/826/550 2796/1092/550 2800/822/550
f 5309/826/786 5317/826/787 5316/1092/787
f 2806/818/788 5310/820/546 5307/819/546
f 2808/822/548 5314/883/797 2803/823/790
f 2809/819/614 5312/821/614 5311/824/791
f 5309/826/786 2804/1092/786 5313/822/608
f 2811/816/793 5322/816/794 5328/818/794
f 5311/824/791 5319/824/796 5320/825/796
f 2806/818/788 2805/816/789 2811/816/793
f 5314/883/797 5315/883/960 2812/823/798
f 5325/815/617 5327/818/617 5321/816/617
f 2812/823/798 5315/883/960 5326/883/799
f 2814/826/801 2818/826/801 2817/1092/801
f 5319/824/796 2816/824/802 2815/825/802
f 5329/829/546 5335/827/546 5334/876/620
f 2821/1173/750 2826/1179/756 2827/1174/751
f 5345/893/545 2853/899/747 5343/825/747
f 2823/1176/753 2822/1175/752 2827/1174/751
f 2820/1178/755 2825/1206/782 2826/1179/756
f 2825/1206/782 2829/1180/757 2830/1181/758
f 5330/826/620 5334/876/620 2888/880/550
f 2826/1179/756 2830/1181/758 2831/1182/759
f 5387/879/547 5390/880/547 2861/883/745
f 2827/1174/751 2831/1182/759 2832/1183/760
f 2829/1180/757 2833/1187/779 2834/1184/761
f 5379/955/547 2819/961/547 2885/914/547
f 2885/914/547 2887/922/547 2889/930/547
f 2889/930/547 2891/935/547 5337/943/547
f 5337/943/547 5377/869/547 5379/955/547
f 5379/955/547 2885/914/547 2889/930/547
f 2830/1181/758 2834/1184/761 2835/1185/762
f 2855/893/550 5347/823/550 5385/887/550
f 5385/887/550 5386/883/550 2863/880/550
f 2863/880/550 2865/876/550 5341/1090/550
f 5341/1090/550 5342/899/550 2855/893/550
f 2855/893/550 5385/887/550 2863/880/550
f 2832/1183/760 2831/1182/759 2835/1185/762
f 2834/1184/761 2833/1187/779 2837/1191/768
f 5340/887/548 5339/823/626 2893/819/626
f 2834/1184/761 2838/1188/765 2839/1189/766
f 2857/823/746 5345/893/545 5346/892/545
f 2835/1185/762 2839/1189/766 2840/1190/767
f 2837/1191/768 2841/1208/785 2842/1192/769
f 5338/820/629 2890/883/629 5340/887/548
f 2838/1188/765 2842/1192/769 2843/1193/770
f 2853/899/747 2913/1090/546 5344/902/546
f 2840/1190/767 2839/1189/766 2843/1193/770
f 2842/1192/769 2841/1208/785 2845/1195/772
f 2898/899/623 5335/1090/546 5329/902/546
f 2842/1192/769 2846/1196/773 2847/1197/774
f 5388/820/745 2861/883/745 2859/887/548
f 2843/1193/770 2847/1197/774 2848/1198/775
f 2845/1199/772 2849/1369/957 2850/1200/776
f 5339/823/626 5378/893/549 2895/892/549
f 2846/1201/773 2850/1200/776 2851/1202/777
f 2896/893/545 2894/823/545 2892/887/545
f 2892/887/545 5332/883/545 5333/880/545
f 5333/880/545 2886/876/545 2824/1090/545
f 2824/1090/545 5380/899/545 2896/893/545
f 2896/893/545 2892/887/545 5333/880/545
f 2848/1204/775 2847/1203/774 2851/1202/777
f 2850/1200/776 2849/1369/957 2820/1178/755
f 5331/879/550 2888/880/550 2890/883/629
f 2850/1200/776 2821/1173/750 2822/1175/752
f 5378/893/549 2898/899/623 2897/825/623
f 2851/1202/777 2822/1175/752 2823/1176/753
f 5349/829/546 5355/827/546 5354/876/744
f 5350/826/744 5354/876/744 2902/880/547
f 5383/955/549 2867/961/549 2899/914/549
f 2899/914/549 2901/922/549 2903/930/549
f 2903/930/549 2905/935/549 5357/943/549
f 5357/943/549 5381/869/549 5383/955/549
f 5383/955/549 2899/914/549 2903/930/549
f 5360/887/548 5359/823/746 2907/819/746
f 5358/820/745 2904/883/745 5360/887/548
f 2912/899/747 5355/1090/546 5349/902/546
f 5359/823/746 5382/893/545 2909/892/545
f 2910/893/550 2908/823/550 2906/887/550
f 2906/887/550 5352/883/550 5353/880/550
f 5353/880/550 2900/876/550 2868/1090/550
f 2868/1090/550 5384/899/550 2910/893/550
f 2910/893/550 2906/887/550 5353/880/550
f 5351/879/547 2902/880/547 2904/883/745
f 5382/893/545 2912/899/747 2911/825/747
f 5365/893/549 2869/899/611 5363/825/611
f 5371/879/550 5374/880/550 2877/883/617
f 2871/893/546 5367/823/546 5369/887/546
f 5369/887/546 5370/883/546 2879/880/546
f 2879/880/546 2881/876/546 5361/1090/546
f 5361/1090/546 5362/899/546 2871/893/546
f 2871/893/546 5369/887/546 2879/880/546
f 2873/823/614 5365/893/549 5366/892/549
f 2869/899/611 2883/1090/547 5364/902/547
f 5372/820/617 2877/883/617 2875/887/545
f 2875/887/545 2873/823/614 5368/819/614
f 2870/955/548 2884/961/548 2882/914/548
f 2882/914/548 2880/922/548 2878/930/548
f 2878/930/548 2876/935/548 2874/943/548
f 2874/943/548 2872/869/548 2870/955/548
f 2870/955/548 2882/914/548 2878/930/548
f 5376/826/608 5375/876/608 5374/880/550
f 5364/829/547 2883/827/547 5375/876/608
f 2859/887/548 2857/823/746 5348/819/746
f 2854/955/549 2914/961/549 2866/914/549
f 2866/914/549 2864/922/549 2862/930/549
f 2862/930/549 2860/935/549 2858/943/549
f 2858/943/549 2856/869/549 2854/955/549
f 2854/955/549 2866/914/549 2862/930/549
f 5392/826/744 5391/876/744 5390/880/547
f 5344/829/546 2913/827/546 5391/876/744
f 2926/823/629 2928/893/550 5399/892/550
f 2924/887/548 2926/823/629 5396/819/629
f 2922/883/626 2924/887/548 5395/886/548
f 5400/955/545 2916/961/545 5397/914/545
f 5397/914/545 5393/922/545 5394/930/545
f 5394/930/545 2923/935/545 2925/943/545
f 2925/943/545 2927/869/545 5400/955/545
f 5400/955/545 5397/914/545 5394/930/545
f 2919/879/549 2920/880/549 2922/883/626
f 2930/899/620 2915/1090/546 5398/902/546
f 2917/826/623 2918/876/623 2920/880/549
f 5398/829/546 2915/827/546 2918/876/623
f 2928/893/550 2930/899/620 2929/825/620
f 5404/827/546 5403/1013/676 5402/1012/676
f 5403/1013/676 5406/1015/683 5405/1014/683
f 5406/1015/683 5408/1017/547 5407/1016/547
f 5408/1017/547 5410/1099/684 5409/1018/684
f 5410/1099/684 5412/1019/677 5411/1020/677
f 5412/1019/677 5414/1022/548 5413/1021/548
f 5414/1022/548 5416/1091/678 5415/1023/678
f 5416/1091/678 5418/1024/685 5417/1025/685
f 5418/1024/685 5420/1027/545 5419/1026/545
f 5420/1027/545 5422/1030/686 5421/1028/686
f 2936/1044/550 2934/1040/550 2932/912/550
f 2932/912/550 5424/1073/550 2952/1072/550
f 2952/1072/550 2950/951/550 2948/1062/550
f 2948/1062/550 2946/1058/550 2944/942/550
f 2944/942/550 2942/1056/550 2940/1050/550
f 2940/1050/550 2938/928/550 2936/1044/550
f 2936/1044/550 2932/912/550 2952/1072/550
f 2952/1072/550 2948/1062/550 2944/942/550
f 2944/942/550 2940/1050/550 2936/1044/550
f 5422/1030/686 2954/1032/679 5423/1031/679
f 2954/1032/679 5404/1148/546 5401/1033/546
f 2953/1070/549 2931/961/549 2933/1037/549
f 2933/1037/549 2935/1041/549 2937/922/549
f 2937/922/549 2939/1048/549 2941/1052/549
f 2941/1052/549 2943/935/549 2945/1057/549
f 2945/1057/549 2947/1059/549 2949/869/549
f 2949/869/549 2951/1067/549 2953/1070/549
f 2953/1070/549 2933/1037/549 2937/922/549
f 2937/922/549 2941/1052/549 2945/1057/549
f 2945/1057/549 2949/869/549 2953/1070/549
f 5428/827/546 5427/1013/676 5426/1012/676
f 5427/1013/676 5430/1015/683 5429/1014/683
f 5430/1015/683 5432/1017/547 5431/1016/547
f 5432/1017/547 5434/1099/684 5433/1018/684
f 5434/1099/684 5436/1019/677 5435/1020/677
f 5436/1019/677 5438/1022/548 5437/1021/548
f 5438/1022/548 5440/1091/678 5439/1023/678
f 5440/1091/678 5442/1024/685 5441/1025/685
f 5442/1024/685 5444/1027/545 5443/1026/545
f 5444/1027/545 5446/1030/686 5445/1028/686
f 2960/1044/550 2958/1040/550 2956/912/550
f 2956/912/550 5448/1073/550 2976/1072/550
f 2976/1072/550 2974/951/550 2972/1062/550
f 2972/1062/550 2970/1058/550 2968/942/550
f 2968/942/550 2966/1056/550 2964/1050/550
f 2964/1050/550 2962/928/550 2960/1044/550
f 2960/1044/550 2956/912/550 2976/1072/550
f 2976/1072/550 2972/1062/550 2968/942/550
f 2968/942/550 2964/1050/550 2960/1044/550
f 5446/1030/686 2978/1032/679 5447/1031/679
f 2978/1032/679 5428/1148/546 5425/1033/546
f 2977/1070/549 2955/961/549 2957/1037/549
f 2957/1037/549 2959/1041/549 2961/922/549
f 2961/922/549 2963/1048/549 2965/1052/549
f 2965/1052/549 2967/935/549 2969/1057/549
f 2969/1057/549 2971/1059/549 2973/869/549
f 2973/869/549 2975/1067/549 2977/1070/549
f 2977/1070/549 2957/1037/549 2961/922/549
f 2961/922/549 2965/1052/549 2969/1057/549
f 2969/1057/549 2973/869/549 2977/1070/549
f 5451/1044/548 5449/1040/548 5450/912/548
f 5450/912/548 5460/1073/548 5459/1072/548
f 5459/1072/548 5458/951/548 5457/1062/548
f 5457/1062/548 5456/1058/548 5455/942/548
f 5455/942/548 5454/1056/548 5453/1050/548
f 5453/1050/548 5452/928/548 5451/1044/548
f 5451/1044/548 5450/912/548 5459/1072/548
f 5459/1072/548 5457/1062/548 5455/942/548
f 5455/942/548 5453/1050/548 5451/1044/548
f 5462/912/546 5461/1040/546 5463/1044/546
f 5463/1044/546 5464/928/546 5465/1050/546
f 5465/1050/546 5466/1056/546 5467/942/546
f 5467/942/546 5468/1058/546 5469/1062/546
f 5469/1062/546 5470/951/546 5471/1072/546
f 5471/1072/546 5472/1073/546 5462/912/546
f 5462/912/546 5463/1044/546 5465/1050/546
f 5465/1050/546 5467/942/546 5469/1062/546
f 5469/1062/546 5471/1072/546 5462/912/546
f 3000/951/549 2999/1062/735 2987/1062/735
f 2997/942/547 2996/1056/733 2984/1056/733
f 2994/928/550 2993/1044/731 2981/1044/731
f 3001/1072/736 3000/951/549 2988/951/549
f 2998/1058/734 2997/942/547 2985/942/547
f 2995/1050/732 2994/928/550 2982/928/550
f 3002/1073/739 3001/1072/736 2989/1072/736
f 2991/1040/730 2992/912/545 2979/912/545
f 2999/1062/735 2998/1058/734 2986/1058/734
f 2996/1056/733 2995/1050/732 2983/1050/732
f 2992/912/545 3002/1073/739 2990/1073/739
f 2993/1044/731 2991/1040/730 2980/1040/730
f 5475/1044/548 5473/1040/548 5474/912/548
f 5474/912/548 5484/1073/548 5483/1072/548
f 5483/1072/548 5482/951/548 5481/1062/548
f 5481/1062/548 5480/1058/548 5479/942/548
f 5479/942/548 5478/1056/548 5477/1050/548
f 5477/1050/548 5476/928/548 5475/1044/548
f 5475/1044/548 5474/912/548 5483/1072/548
f 5483/1072/548 5481/1062/548 5479/942/548
f 5479/942/548 5477/1050/548 5475/1044/548
f 5486/912/546 5485/1040/546 5487/1044/546
f 5487/1044/546 5488/928/546 5489/1050/546
f 5489/1050/546 5490/1056/546 5491/942/546
f 5491/942/546 5492/1058/546 5493/1062/546
f 5493/1062/546 5494/951/546 5495/1072/546
f 5495/1072/546 5496/1073/546 5486/912/546
f 5486/912/546 5487/1044/546 5489/1050/546
f 5489/1050/546 5491/942/546 5493/1062/546
f 5493/1062/546 5495/1072/546 5486/912/546
f 3024/951/549 3023/1062/735 3011/1062/735
f 3021/942/547 3020/1056/733 3008/1056/733
f 3018/928/550 3017/1044/731 3005/1044/731
f 3025/1072/736 3024/951/549 3012/951/549
f 3022/1058/734 3021/942/547 3009/942/547
f 3019/1050/732 3018/928/550 3006/928/550
f 3026/1073/739 3025/1072/736 3013/1072/736
f 3015/1040/730 3016/912/545 3003/912/545
f 3023/1062/735 3022/1058/734 3010/1058/734
f 3020/1056/733 3019/1050/732 3007/1050/732
f 3016/912/545 3026/1073/739 3014/1073/739
f 3017/1044/731 3015/1040/730 3004/1040/730
f 5497/1013/738 5499/1015/803 3031/1014/803
f 5499/1015/803 5500/1017/804 3033/1016/804
f 3033/1016/804 5500/1017/804 5501/1099/805
f 5501/1099/805 5502/1019/806 3037/1020/806
f 3037/1020/806 5502/1019/806 5503/1022/807
f 5503/1022/807 5504/1091/808 3041/1023/808
f 3041/1023/808 5504/1091/808 5505/1024/809
f 5505/1024/809 5506/1027/810 3045/1026/810
f 3045/1026/810 5506/1027/810 5507/1030/811
f 3047/1028/811 5507/1030/811 5508/1032/812
f 5508/1032/812 5498/1148/737 3027/1033/737
f 5510/912/546 5509/1040/961 5511/1044/546
f 5511/1044/546 5512/928/546 5513/1050/546
f 5513/1050/546 5514/1056/546 5515/942/546
f 5515/942/546 5516/1058/962 5517/1062/546
f 5517/1062/546 5518/951/546 5519/1072/546
f 5519/1072/546 5520/1073/546 5510/912/546
f 5510/912/546 5511/1044/546 5513/1050/546
f 5513/1050/546 5515/942/546 5517/1062/546
f 5517/1062/546 5519/1072/546 5510/912/546
f 3072/951/549 3071/1062/735 3059/1062/735
f 3069/942/547 3068/1056/733 3056/1056/733
f 3066/928/550 3065/1044/731 3053/1044/731
f 3073/1072/736 3072/951/549 3060/951/549
f 3070/1058/734 3069/942/547 3057/942/547
f 3067/1050/732 3066/928/550 3054/928/550
f 3074/1073/739 3073/1072/736 3061/1072/736
f 3063/1040/730 3064/912/545 3051/912/545
f 3071/1062/735 3070/1058/734 3058/1058/734
f 3068/1056/733 3067/1050/732 3055/1050/732
f 3064/912/545 3074/1073/739 3062/1073/739
f 3065/1044/731 3063/1040/730 3052/1040/730
f 3032/1015/548 3030/1013/548 3028/1148/548
f 3028/1148/548 3050/1032/548 3048/1030/548
f 3048/1030/548 3046/1027/548 3044/1024/548
f 3044/1024/548 3042/1091/548 3040/1022/548
f 3040/1022/548 3038/1019/548 3036/1099/548
f 3036/1099/548 3034/1017/548 3032/1015/548
f 3032/1015/548 3028/1148/548 3048/1030/548
f 3048/1030/548 3044/1024/548 3040/1022/548
f 3040/1022/548 3036/1099/548 3032/1015/548
f 3141/1209/813 3142/874/820 3139/1210/814
f 3144/1212/816 3145/1347/876 3146/1213/817
f 3147/1214/819 3148/1218/824 3142/874/820
f 3144/1212/816 3143/875/818 3149/1215/821
f 3147/1214/819 3151/1221/827 3152/1217/823
f 3150/1216/822 3149/1215/821 3153/1219/825
f 3151/1221/827 3155/1225/831 3156/1222/828
f 3154/1220/826 3153/1219/825 3157/1223/829
f 3155/1225/831 3159/1230/836 3160/1226/832
f 3162/1227/833 3158/1224/830 3157/1223/829
f 3163/1229/835 3164/1234/840 3160/1226/832
f 3162/1227/833 3161/1228/834 3165/1231/837
f 3167/1233/839 3168/884/844 3164/1234/840
f 3170/1235/841 3166/1232/838 3165/1231/837
f 3167/1233/839 3171/1238/848 3172/886/843
f 3174/1236/845 3170/1235/841 3169/885/842
f 3175/1237/847 3176/1241/852 3172/886/843
f 3178/1239/849 3174/1236/845 3173/887/846
f 3175/1237/847 3179/1244/856 3180/819/851
f 3182/1242/853 3178/1239/849 3177/1240/850
f 3183/1243/855 3184/1248/860 3180/819/851
f 3186/1245/857 3182/1242/853 3181/823/854
f 3187/1247/859 3188/1252/864 3184/1248/860
f 3186/1245/857 3185/1246/858 3189/1249/861
f 3187/1247/859 3191/1256/868 3192/1251/863
f 3194/1253/865 3190/1250/862 3189/1249/861
f 3195/1255/867 3196/1260/872 3192/1251/863
f 3198/1257/869 3194/1253/865 3193/1254/866
f 3199/1259/871 3200/1264/875 3196/1260/872
f 3198/1257/869 3197/1258/870 3201/1261/873
f 3199/1259/871 3140/1348/815 3139/1263/814
f 3202/1262/874 3201/1261/873 3146/1265/817
f 3079/1267/877 3080/1267/884 3075/1268/878
f 3077/1269/880 3078/1268/940 3081/1267/881
f 3079/1267/877 3083/1271/888 3084/1271/883
f 3082/1270/882 3081/1267/881 3085/1271/885
f 3087/1273/887 3088/1273/892 3084/1271/883
f 3090/1274/889 3086/1272/886 3085/1271/885
f 3091/1275/891 3092/1275/896 3088/1273/892
f 3090/1274/889 3089/1273/890 3093/1275/893
f 3091/1275/891 3095/1277/900 3096/1277/895
f 3098/1278/897 3094/1276/894 3093/1275/893
f 3099/1279/899 3100/1279/904 3096/1277/895
f 3102/1280/901 3098/1278/897 3097/1277/898
f 3103/1281/903 3104/1281/908 3100/1279/904
f 3102/1280/901 3101/1279/902 3105/1281/905
f 3103/1281/903 3107/1283/912 3108/1283/907
f 3110/1284/909 3106/1282/906 3105/1281/905
f 3111/1285/911 3112/1285/916 3108/1283/907
f 3110/1284/909 3109/1283/910 3113/1285/913
f 3115/1287/915 3116/1287/920 3112/1285/916
f 3114/1286/914 3113/1285/913 3117/1287/917
f 3119/1289/919 3120/1289/924 3116/1287/920
f 3118/1288/918 3117/1287/917 3121/1289/921
f 3119/1289/919 3123/1291/928 3124/1291/923
f 3126/1292/925 3122/1290/922 3121/1289/921
f 3127/1293/927 3128/1293/932 3124/1291/923
f 3126/1292/925 3125/1291/926 3129/1293/929
f 3131/1295/931 3132/1295/936 3128/1293/932
f 3130/1294/930 3129/1293/929 3133/1295/933
f 3131/1295/931 3135/1297/939 3136/1297/935
f 3134/1296/934 3133/1295/933 3137/1297/937
f 3076/1268/879 3075/1268/878 3136/1297/935
f 3077/1269/880 3138/1298/938 3137/1297/937
f 3078/1268/940 3075/1268/878 3080/1267/884
f 3076/1299/879 3135/1346/939 3200/1300/875
f 3076/1299/879 3139/1301/814 3142/1302/820
f 3137/1297/937 3136/1297/935 3075/1268/878
f 3077/1269/880 3082/1270/882 3143/1304/818
f 3077/1269/880 3146/1305/817 3201/1306/873
f 3081/1267/881 3080/1267/884 3084/1271/883
f 3083/1307/888 3079/1303/877 3142/1302/820
f 3086/1272/886 3149/1311/821 3143/1304/818
f 3085/1271/885 3084/1271/883 3088/1273/892
f 3087/1309/887 3083/1307/888 3148/1308/824
f 3090/1274/889 3153/1314/825 3149/1311/821
f 3089/1273/890 3088/1273/892 3092/1275/896
f 3091/1312/891 3087/1309/887 3152/1310/823
f 3094/1276/894 3157/1318/829 3153/1314/825
f 3093/1275/893 3092/1275/896 3096/1277/895
f 3091/1312/891 3156/1313/828 3160/1315/832
f 3094/1276/894 3098/1278/897 3161/1317/834
f 3097/1277/898 3096/1277/895 3100/1279/904
f 3095/1316/900 3160/1315/832 3164/1319/840
f 3098/1278/897 3102/1280/901 3165/1321/837
f 3101/1279/902 3100/1279/904 3104/1281/908
f 3099/1320/899 3164/1319/840 3168/1322/844
f 3102/1280/901 3106/1282/906 3169/1324/842
f 3105/1281/905 3104/1281/908 3108/1283/907
f 3103/1323/903 3168/1322/844 3172/1325/843
f 3110/1284/909 3173/1329/846 3169/1324/842
f 3109/1283/910 3108/1283/907 3112/1285/916
f 3107/1326/912 3172/1325/843 3176/1327/852
f 3114/1286/914 3177/1332/850 3173/1329/846
f 3113/1285/913 3112/1285/916 3116/1287/920
f 3115/1330/915 3111/1328/911 3176/1327/852
f 3118/1288/918 3181/1335/854 3177/1332/850
f 3117/1287/917 3116/1287/920 3120/1289/924
f 3119/1333/919 3115/1330/915 3180/1331/851
f 3122/1290/922 3185/1338/858 3181/1335/854
f 3121/1289/921 3120/1289/924 3124/1291/923
f 3123/1336/928 3119/1333/919 3184/1334/860
f 3126/1292/925 3189/1342/861 3185/1338/858
f 3125/1291/926 3124/1291/923 3128/1293/932
f 3123/1336/928 3188/1337/864 3192/1339/863
f 3126/1292/925 3130/1294/930 3193/1341/866
f 3129/1293/929 3128/1293/932 3132/1295/936
f 3127/1340/927 3192/1339/863 3196/1343/872
f 3130/1294/930 3134/1296/934 3197/1345/870
f 3133/1295/933 3132/1295/936 3136/1297/935
f 3131/1344/931 3196/1343/872 3200/1300/875
f 3134/1296/934 3138/1298/938 3201/1306/873
f 3145/1347/876 3144/1212/816 3141/1209/813
f 3202/1262/874 3145/1266/876 3140/1348/815
f 3144/1212/816 3150/1216/822 3147/1214/819
f 3150/1216/822 3154/1220/826 3151/1221/827
f 3154/1220/826 3158/1224/830 3155/1225/831
f 3158/1224/830 3162/1227/833 3159/1230/836
f 3162/1227/833 3166/1232/838 3163/1229/835
f 3166/1232/838 3170/1235/841 3167/1233/839
f 3170/1235/841 3174/1236/845 3171/1238/848
f 3174/1236/845 3178/1239/849 3175/1237/847
f 3178/1239/849 3182/1242/853 3179/1244/856
f 3182/1242/853 3186/1245/857 3183/1243/855
f 3186/1245/857 3190/1250/862 3187/1247/859
f 3190/1250/862 3194/1253/865 3191/1256/868
f 3194/1253/865 3198/1257/869 3195/1255/867
f 3198/1257/869 3202/1262/874 3199/1259/871
f 5524/827/550 5523/876/608 5522/826/608
f 5523/876/608 5526/880/547 5525/879/547
f 5526/880/547 5528/883/611 5527/820/611
f 5528/883/611 5530/887/549 5529/886/549
f 5530/887/549 5532/823/614 5531/819/614
f 5532/823/614 5534/893/545 5533/892/545
f 3208/928/548 3206/898/548 3204/912/548
f 3204/912/548 5536/1373/548 3216/951/548
f 3216/951/548 3214/1374/548 3212/942/548
f 3212/942/548 3210/897/548 3208/928/548
f 3208/928/548 3204/912/548 3216/951/548
f 5534/893/545 3218/899/617 5535/825/617
f 3218/899/617 5524/1090/550 5521/902/550
f 3217/955/546 3203/961/546 3205/914/546
f 3205/914/546 3207/922/546 3209/930/546
f 3209/930/546 3211/935/546 3213/943/546
f 3213/943/546 3215/869/546 3217/955/546
f 3217/955/546 3205/914/546 3209/930/546
f 5541/815/545 5543/818/545 5537/816/545
f 5544/818/546 5547/820/546 5545/819/546
f 5548/820/547 5551/822/547 5549/821/547
f 5552/822/548 5542/883/548 5540/823/548
f 3225/819/549 3223/821/549 3219/824/549
f 3222/826/550 3220/1092/550 3224/822/550
f 5561/820/734 5565/826/734 5555/1092/734
f 5563/819/730 5559/821/730 5557/824/730
f 5560/821/548 5554/822/548 5556/883/548
f 5562/820/736 3229/822/736 3230/821/736
f 5566/818/546 3227/820/546 3228/819/546
f 3234/817/732 3233/815/732 3231/818/732
f 5573/815/735 5575/818/735 5569/816/735
f 5576/818/546 5579/820/546 5577/819/546
f 5578/819/731 5580/820/731 5583/822/731
f 5582/821/548 5584/822/548 5574/883/548
f 3237/825/733 3241/819/733 3239/821/733
f 3238/826/739 3236/1092/739 3240/822/739
s 0
f 5588/815/941 5589/818/941 5585/816/941
f 5590/818/546 5593/820/546 5591/819/546
f 5594/820/942 5596/822/942 5595/821/942
f 5600/815/943 5601/818/943 5597/816/943
f 3249/819/549 3247/821/549 3243/824/549
f 3246/826/550 3244/1092/550 3248/822/550
f 5602/818/546 5605/820/546 5603/819/546
f 5606/820/944 5608/822/944 5607/821/944
f 3257/819/545 3255/821/545 3251/824/545
f 3254/826/547 3252/1092/547 3256/822/547
s 1
f 5617/816/546 5619/818/546 5616/815/546
f 5609/819/547 5615/820/547 5613/818/547
f 5621/821/545 5623/822/545 5620/820/545
f 5612/823/548 5614/883/548 5624/822/548
f 3259/824/549 3263/821/549 3265/819/549
f 3264/822/550 3260/1092/550 3262/826/550
f 5626/1012/658 5627/1013/658 5628/827/546
f 5629/1014/659 5630/1015/659 5627/1013/658
f 5631/1016/549 5632/1017/549 5630/1015/659
f 5633/1018/660 5634/1099/660 5632/1017/549
f 5633/1018/660 5635/1020/661 5636/1019/661
f 5637/1021/548 5638/1022/548 5636/1019/661
f 5639/1023/662 5640/1091/662 5638/1022/548
f 5639/1023/662 5641/1025/663 5642/1024/663
f 5643/1026/550 5644/1027/550 5642/1024/663
f 5645/1028/664 5646/1030/664 5644/1027/550
f 3316/1029/666 3288/1077/666 5682/826/665
f 5647/1031/667 5648/1032/667 5646/1030/664
f 5625/1033/546 5628/1148/546 5648/1032/667
f 3280/1035/546 5664/1034/658 5663/1034/658
f 3292/1037/547 3291/961/547 5649/1036/547
f 5652/1039/545 3294/912/545 3293/1040/545
f 3295/1041/547 3292/1037/547 5650/1038/547
f 5651/1043/545 3293/1040/545 3296/1044/545
f 5655/1045/547 3297/922/547 3295/1041/547
f 3296/1044/545 3298/928/545 5656/1046/545
f 3299/1048/547 3297/922/547 5655/1045/547
f 5656/1046/545 3298/928/545 3300/1050/545
f 5659/1051/547 3301/1052/547 3299/1048/547
f 3300/1050/545 3302/1056/545 5660/1053/545
f 5661/1035/547 3303/935/547 3301/1052/547
f 3302/1056/545 3304/942/545 5662/1055/545
f 3305/1057/547 3303/935/547 5661/1035/547
f 5662/1055/545 3304/942/545 3306/1058/545
f 3307/1059/547 3305/1057/547 3281/1034/547
f 3282/1061/545 3306/1058/545 3308/1062/545
f 3309/869/547 3307/1059/547 5665/1060/547
f 3308/1062/545 3310/951/545 5685/1064/545
f 5667/1066/547 3311/1067/547 3309/869/547
f 5685/1064/545 3310/951/545 3312/1072/545
f 5668/1069/547 3313/1070/547 3311/1067/547
f 3312/1072/545 3314/1073/545 5669/1071/545
f 5649/1036/547 3291/961/547 3313/1070/547
f 3314/1073/545 3294/912/545 5652/1039/545
f 5672/1074/547 5674/819/547 3321/820/547
f 3270/1038/662 3272/1042/663 3271/1042/663
f 5684/1060/659 3286/1063/549 3285/1063/549
f 3274/1045/550 3276/1049/664 3275/1049/664
f 5686/1066/660 3290/1069/661 3289/1069/661
f 3278/1051/667 3280/1035/546 3279/1035/546
f 3268/1036/548 3270/1038/662 3269/1038/662
f 5664/1034/658 5684/1060/659 3283/1060/659
f 3272/1042/663 3274/1045/550 3273/1045/550
f 3286/1063/549 5686/1066/660 3287/1066/660
f 3276/1049/664 3278/1051/667 3277/1051/667
f 3290/1069/661 3268/1036/548 3267/1036/548
f 5677/821/545 3319/822/545 5679/1029/545
f 5673/1076/668 5671/1075/668 5681/819/668
f 5683/824/669 3320/821/669 3315/1075/669
f 5680/822/670 5675/1092/670 3288/1077/666
f 5670/1075/545 5679/1029/545 3317/820/545
f 3326/816/547 5672/1074/547 5676/1078/547
f 5699/826/672 3328/1077/671 3330/1029/671
f 5689/1074/547 5693/1078/547 3335/820/547
f 5696/1029/545 3333/822/545 5694/821/545
f 5698/819/673 5688/1075/673 5690/1076/673
f 3329/1075/674 3334/821/674 5700/824/674
f 3328/1077/671 5692/1092/675 5697/822/675
f 3331/820/545 5696/1029/545 5687/1075/545
f 3338/816/547 3337/818/547 5693/1078/547
f 5708/1034/662 3354/1034/662 3352/1035/548
f 5703/1042/659 3344/1042/659 3342/1038/658
f 5710/1063/550 3357/1063/550 3361/1060/663
f 5705/1049/660 3348/1049/660 3346/1045/549
f 5712/1069/667 3360/1069/667 3362/1066/664
f 5707/1035/548 3352/1035/548 3350/1051/661
f 5702/1038/658 3342/1038/658 3340/1036/546
f 5709/1060/663 3361/1060/663 3354/1034/662
f 5704/1045/549 3346/1045/549 3344/1042/659
f 5711/1066/664 3362/1066/664 3357/1063/550
f 5706/1051/661 3350/1051/661 3348/1049/660
f 5701/1036/546 3340/1036/546 3360/1069/667
f 3341/1038/547 3339/1036/547 3359/1069/547
f 3359/1069/547 3358/1066/547 3356/1063/547
f 3356/1063/547 3355/1060/547 3353/1034/547
f 3353/1034/547 3351/1035/547 3349/1051/547
f 3349/1051/547 3347/1049/547 3345/1045/547
f 3345/1045/547 3343/1042/547 3341/1038/547
f 3341/1038/547 3359/1069/547 3356/1063/547
f 3356/1063/547 3353/1034/547 3349/1051/547
f 3349/1051/547 3345/1045/547 3341/1038/547
f 5718/1079/679 5713/1080/679 5715/827/679
f 5721/1081/545 5719/1082/545 5714/1080/545
f 5724/1083/678 5722/1084/678 5720/1082/678
f 5727/1085/677 5725/1086/677 5723/1084/677
f 5716/912/550 3366/1044/550 3368/1050/550
f 3368/1050/550 3370/942/550 5726/1062/550
f 5726/1062/550 5728/1072/550 5716/912/550
f 5730/1087/547 5729/1088/547 3372/1086/547
f 3363/1089/676 3364/1363/676 3374/1088/676
f 5757/1081/545 5755/1082/545 5750/1080/545
f 5736/1079/679 5731/1080/679 5733/827/679
f 5739/1081/545 5737/1082/545 5732/1080/545
f 5742/1083/678 5740/1084/678 5738/1082/678
f 5745/1085/677 5743/1086/677 5741/1084/677
f 5734/912/550 3378/1044/550 3380/1050/550
f 3380/1050/550 3382/942/550 5744/1062/550
f 5744/1062/550 5746/1072/550 5734/912/550
f 5748/1087/547 5747/1088/547 3384/1086/547
f 3375/1089/676 3376/1363/676 3386/1088/676
f 5754/1079/679 5749/1080/679 5751/827/679
f 5760/1083/678 5758/1084/678 5756/1082/678
f 5763/1085/677 5761/1086/677 5759/1084/677
f 5752/912/550 3390/1044/550 3392/1050/550
f 3392/1050/550 3394/942/550 5762/1062/550
f 5762/1062/550 5764/1072/550 5752/912/550
f 5766/1087/547 5765/1088/547 3396/1086/547
f 3387/1089/676 3388/1363/676 3398/1088/676
f 5772/1079/679 5767/1080/679 5769/827/679
f 5775/1081/545 5773/1082/545 5768/1080/545
f 5778/1083/678 5776/1084/678 5774/1082/678
f 5781/1085/677 5779/1086/677 5777/1084/677
f 5770/912/550 3402/1044/550 3404/1050/550
f 3404/1050/550 3406/942/550 5780/1062/550
f 5780/1062/550 5782/1072/550 5770/912/550
f 5784/1087/547 5783/1088/547 3408/1086/547
f 3399/1089/676 3400/1363/676 3410/1088/676
f 5788/827/546 5787/1013/658 5786/1012/658
f 5786/1012/658 5787/1013/658 5790/1015/659
f 5790/1015/659 5792/1017/549 5791/1016/549
f 5792/1017/549 5794/1099/660 5793/1018/660
f 5793/1018/660 5794/1099/660 5796/1019/661
f 5796/1019/661 5798/1022/548 5797/1021/548
f 5798/1022/548 5800/1091/662 5799/1023/662
f 5800/1091/662 5802/1024/663 5801/1025/663
f 5802/1024/663 5804/1027/550 5803/1026/550
f 5804/1027/550 5806/1030/664 5805/1028/664
f 5806/1030/664 5808/1032/667 5807/1031/667
f 5808/1032/667 5788/1148/546 5785/1033/546
f 5823/1034/658 5824/1034/658 3424/1035/546
f 5809/1036/545 3433/961/545 3434/1037/545
f 5812/1039/547 5811/1043/547 3435/1040/547
f 5810/1038/545 3434/1037/545 3437/1041/545
f 5814/1047/547 3438/1044/547 3435/1040/547
f 5815/1045/545 5813/1042/545 3437/1041/545
f 5816/1046/547 3440/928/547 3438/1044/547
f 5815/1045/545 3439/922/545 3441/1048/545
f 5816/1046/547 5818/1054/547 3442/1050/547
f 5819/1051/545 5817/1049/545 3441/1048/545
f 5818/1054/547 5820/1053/547 3444/1056/547
f 5821/1035/545 5819/1051/545 3443/1052/545
f 5822/1055/547 3446/942/547 3444/1056/547
f 3425/1034/545 5821/1035/545 3445/935/545
f 3426/1061/547 3448/1058/547 3446/942/547
f 3425/1034/545 3447/1057/545 3449/1059/545
f 3426/1061/547 3457/1065/547 3450/1062/547
f 5825/1060/545 3449/1059/545 3451/869/545
f 5831/1064/547 3452/951/547 3450/1062/547
f 5827/1066/545 5826/1063/545 3451/869/545
f 5831/1064/547 3458/1068/547 3454/1072/547
f 5828/1069/545 5827/1066/545 3453/1067/545
f 5829/1071/547 3456/1073/547 3454/1072/547
f 5828/1069/545 3455/1070/545 3433/961/545
f 5829/1071/547 5812/1039/547 3436/912/547
f 3415/1042/663 3416/1042/663 3414/1038/662
f 3427/1060/659 3428/1063/549 3429/1063/549
f 3419/1049/664 3420/1049/664 3418/1045/550
f 3431/1069/661 3432/1069/661 5832/1066/660
f 3423/1035/546 3424/1035/546 3422/1051/667
f 3413/1038/662 3414/1038/662 3412/1036/548
f 3427/1060/659 5830/1060/659 5824/1034/658
f 3417/1045/550 3418/1045/550 3416/1042/663
f 3430/1066/660 5832/1066/660 3429/1063/549
f 3421/1051/667 3422/1051/667 3420/1049/664
f 3411/1036/548 3412/1036/548 3432/1069/661
f 5873/826/945 5868/1092/945 5866/822/945
f 5842/818/549 5844/820/549 5846/819/625
f 5867/1092/946 5869/1092/946 5863/822/946
f 5833/822/947 5838/1092/947 5836/1092/623
f 5833/822/947 5864/822/948 5870/1092/948
f 5841/826/620 5839/1092/620 5848/822/620
f 5853/822/549 5851/883/549 5850/823/624
f 5840/1092/629 5852/1092/629 5854/822/629
f 5835/822/626 5837/1092/626 5856/826/949
f 3481/1092/545 3486/1092/545 3485/1092/545
f 3476/1097/653 3478/821/549 3474/824/549
f 3478/821/549 3475/821/682 3472/824/682
f 5846/819/625 3476/1097/653 3471/1098/653
f 3461/816/545 5857/1093/545 3473/1094/545
f 3473/1094/545 3460/815/545 3462/818/545
f 3475/821/682 5855/821/624 5850/824/624
f 3468/815/545 3460/815/545 3473/1094/545
f 3473/1094/545 5859/817/545 3467/817/545
f 5862/1097/547 3465/819/547 3466/820/547
f 3466/820/547 3464/822/547 3477/1096/547
f 3470/821/547 5860/821/547 3477/1096/547
f 3477/1096/547 3464/822/547 3469/822/547
f 3482/822/547 3479/822/547 3484/822/547
f 5856/826/949 5874/826/950 5872/820/950
f 3480/820/547 3487/820/547 3484/822/547
f 3459/826/545 3463/1092/545 3485/1092/545
f 5878/827/546 5877/1013/658 5876/1012/658
f 5876/1012/658 5877/1013/658 5880/1015/659
f 5880/1015/659 5882/1017/549 5881/1016/549
f 5882/1017/549 5884/1099/660 5883/1018/660
f 5883/1018/660 5884/1099/660 5886/1019/661
f 5886/1019/661 5888/1022/548 5887/1021/548
f 5888/1022/548 5890/1091/662 5889/1023/662
f 5890/1091/662 5892/1024/663 5891/1025/663
f 5892/1024/663 5894/1027/550 5893/1026/550
f 5894/1027/550 5896/1030/664 5895/1028/664
f 5896/1030/664 5898/1032/667 5897/1031/667
f 5898/1032/667 5878/1148/546 5875/1033/546
f 5913/1034/658 5914/1034/658 3502/1035/546
f 5899/1036/545 3511/961/545 3512/1037/545
f 5902/1039/547 5901/1043/547 3513/1040/547
f 5900/1038/545 3512/1037/545 3515/1041/545
f 5904/1047/547 3516/1044/547 3513/1040/547
f 5905/1045/545 5903/1042/545 3515/1041/545
f 5906/1046/547 3518/928/547 3516/1044/547
f 5905/1045/545 3517/922/545 3519/1048/545
f 5906/1046/547 5908/1054/547 3520/1050/547
f 5909/1051/545 5907/1049/545 3519/1048/545
f 5908/1054/547 5910/1053/547 3522/1056/547
f 5911/1035/545 5909/1051/545 3521/1052/545
f 5912/1055/547 3524/942/547 3522/1056/547
f 3503/1034/545 5911/1035/545 3523/935/545
f 3504/1061/547 3526/1058/547 3524/942/547
f 3503/1034/545 3525/1057/545 3527/1059/545
f 3504/1061/547 3535/1065/547 3528/1062/547
f 5915/1060/545 3527/1059/545 3529/869/545
f 5921/1064/547 3530/951/547 3528/1062/547
f 5917/1066/545 5916/1063/545 3529/869/545
f 5921/1064/547 3536/1068/547 3532/1072/547
f 5918/1069/545 5917/1066/545 3531/1067/545
f 5919/1071/547 3534/1073/547 3532/1072/547
f 5918/1069/545 3533/1070/545 3511/961/545
f 5919/1071/547 5902/1039/547 3514/912/547
f 3493/1042/663 3494/1042/663 3492/1038/662
f 3505/1060/659 3506/1063/549 3507/1063/549
f 3497/1049/664 3498/1049/664 3496/1045/550
f 3509/1069/661 3510/1069/661 5922/1066/660
f 3501/1035/546 3502/1035/546 3500/1051/667
f 3491/1038/662 3492/1038/662 3490/1036/548
f 3505/1060/659 5920/1060/659 5914/1034/658
f 3495/1045/550 3496/1045/550 3494/1042/663
f 3508/1066/660 5922/1066/660 3507/1063/549
f 3499/1051/667 3500/1051/667 3498/1049/664
f 3489/1036/548 3490/1036/548 3510/1069/661
f 5930/1034/662 3552/1034/662 3550/1035/548
f 5925/1042/659 3542/1042/659 3540/1038/658
f 5932/1063/550 3555/1063/550 3559/1060/663
f 5927/1049/660 3546/1049/660 3544/1045/549
f 5934/1069/667 3558/1069/667 3560/1066/664
f 5929/1035/548 3550/1035/548 3548/1051/661
f 5924/1038/658 3540/1038/658 3538/1036/546
f 5931/1060/663 3559/1060/663 3552/1034/662
f 5926/1045/549 3544/1045/549 3542/1042/659
f 5933/1066/664 3560/1066/664 3555/1063/550
f 5928/1051/661 3548/1051/661 3546/1049/660
f 5923/1036/546 3538/1036/546 3558/1069/667
f 3539/1038/547 3537/1036/547 3557/1069/547
f 3557/1069/547 3556/1066/547 3554/1063/547
f 3554/1063/547 3553/1060/547 3551/1034/547
f 3551/1034/547 3549/1035/547 3547/1051/547
f 3547/1051/547 3545/1049/547 3543/1045/547
f 3543/1045/547 3541/1042/547 3539/1038/547
f 3539/1038/547 3557/1069/547 3554/1063/547
f 3554/1063/547 3551/1034/547 3547/1051/547
f 3547/1051/547 3543/1045/547 3539/1038/547
o Cube.048
v -0.816334 2.520000 -1.368068
v -0.780112 2.520000 -1.367115
v -0.749219 2.520000 -1.348179
v -0.731932 2.520000 -1.316334
v -0.732885 2.520000 -1.280112
v -0.751821 2.520000 -1.249219
v -0.783666 2.520000 -1.231932
v -0.819888 2.520000 -1.232885
v -0.850781 2.520000 -1.251821
v -0.868068 2.520000 -1.283666
v -0.867115 2.520000 -1.319888
v -0.848179 2.520000 -1.350781
v -0.780112 2.500000 -1.367115
v -0.816334 2.500000 -1.368068
v -0.749219 2.500000 -1.348179
v -0.731932 2.500000 -1.316334
v -0.732885 2.500000 -1.280112
v -0.751821 2.500000 -1.249219
v -0.783666 2.500000 -1.231932
v -0.819888 2.500000 -1.232885
v -0.850781 2.500000 -1.251821
v -0.868068 2.500000 -1.283666
v -0.867115 2.500000 -1.319888
v -0.848179 2.500000 -1.350781
v -0.738542 2.600000 -1.386735
v -0.736354 2.635000 -1.377616
v -0.730375 2.660621 -1.352701
v -0.722208 2.670000 -1.318667
v -0.714041 2.660621 -1.284634
v -0.708063 2.635000 -1.259719
v -0.705874 2.600000 -1.250600
v -0.708063 2.565000 -1.259719
v -0.714041 2.539378 -1.284634
v -0.722208 2.530000 -1.318667
v -0.730375 2.539378 -1.352701
v -0.736354 2.565000 -1.377616
v -0.716906 2.635000 -1.382282
v -0.719094 2.600000 -1.391402
v -0.710927 2.660621 -1.357368
v -0.702761 2.670000 -1.323334
v -0.694594 2.660621 -1.289300
v -0.688615 2.635000 -1.264386
v -0.686427 2.600000 -1.255267
v -0.688615 2.565000 -1.264386
v -0.694594 2.539378 -1.289300
v -0.702761 2.530000 -1.323334
v -0.710927 2.539378 -1.357368
v -0.716906 2.565000 -1.382282
v -0.814001 2.520000 -1.358344
v -0.782953 2.520000 -1.357527
v -0.756473 2.520000 -1.341297
v -0.741656 2.520000 -1.314001
v -0.742473 2.520000 -1.282953
v -0.758703 2.520000 -1.256473
v -0.785999 2.520000 -1.241656
v -0.817047 2.520000 -1.242473
v -0.843527 2.520000 -1.258703
v -0.858344 2.520000 -1.286000
v -0.857527 2.520000 -1.317047
v -0.841297 2.520000 -1.343527
v -0.803578 2.560000 -1.360845
v -0.776439 2.545000 -1.359090
v -0.752820 2.534019 -1.342173
v -0.739051 2.529999 -1.314626
v -0.738820 2.534019 -1.283830
v -0.752190 2.545000 -1.258036
v -0.775577 2.560000 -1.244157
v -0.802717 2.575000 -1.245912
v -0.826335 2.585980 -1.262829
v -0.840105 2.590000 -1.290376
v -0.840336 2.585980 -1.321172
v -0.826966 2.575000 -1.346966
v -0.775105 2.589282 -1.367677
v -0.758643 2.563301 -1.363361
v -0.742841 2.544281 -1.344568
v -0.731933 2.537320 -1.316334
v -0.728841 2.544281 -1.286224
v -0.734394 2.563301 -1.262307
v -0.747104 2.589282 -1.250990
v -0.763566 2.615262 -1.255307
v -0.779368 2.634281 -1.274099
v -0.790276 2.641243 -1.302333
v -0.793368 2.634281 -1.332443
v -0.787815 2.615262 -1.356361
v -0.736209 2.600000 -1.377011
v -0.734333 2.570000 -1.369194
v -0.729209 2.548038 -1.347839
v -0.722209 2.539999 -1.318667
v -0.715209 2.548038 -1.289495
v -0.710084 2.570000 -1.268140
v -0.708208 2.600000 -1.260324
v -0.710084 2.629999 -1.268140
v -0.715209 2.651961 -1.289495
v -0.722209 2.660000 -1.318667
v -0.729209 2.651961 -1.347839
v -0.734334 2.629999 -1.369194
v -0.714885 2.570000 -1.373861
v 0.024135 2.570000 -1.551201
v -0.709761 2.548038 -1.352506
v 0.029259 2.548038 -1.529846
v -0.702760 2.540000 -1.323334
v 0.036259 2.540000 -1.500674
v -0.695760 2.548038 -1.294163
v 0.043260 2.548038 -1.471502
v -0.690636 2.570000 -1.272807
v 0.048384 2.570000 -1.450147
v -0.688760 2.600000 -1.264991
v 0.050260 2.600000 -1.442330
v -0.690636 2.630000 -1.272807
v 0.048384 2.630000 -1.450147
v -0.695760 2.651962 -1.294163
v 0.043260 2.651962 -1.471502
v -0.702760 2.660000 -1.323334
v 0.036259 2.660000 -1.500674
v -0.709761 2.651962 -1.352506
v 0.029259 2.651962 -1.529846
v -0.714885 2.630000 -1.373861
v 0.024135 2.630000 -1.551201
v -0.716761 2.600000 -1.381678
v 0.022259 2.600000 -1.559018
v -0.780112 2.520000 -1.367115
v -0.816334 2.520000 -1.368068
v -0.749219 2.520000 -1.348179
v -0.731932 2.520000 -1.316334
v -0.732885 2.520000 -1.280112
v -0.751821 2.520000 -1.249219
v -0.783666 2.520000 -1.231932
v -0.819888 2.520000 -1.232885
v -0.850781 2.520000 -1.251821
v -0.868068 2.520000 -1.283666
v -0.867115 2.520000 -1.319888
v -0.848179 2.520000 -1.350781
v -0.780112 2.500000 -1.367115
v -0.816334 2.500000 -1.368068
v -0.749219 2.500000 -1.348179
v -0.731932 2.500000 -1.316334
v -0.732885 2.500000 -1.280112
v -0.751821 2.500000 -1.249219
v -0.783666 2.500000 -1.231932
v -0.819888 2.500000 -1.232885
v -0.850781 2.500000 -1.251821
v -0.868068 2.500000 -1.283666
v -0.867115 2.500000 -1.319888
v -0.848179 2.500000 -1.350781
v -0.736354 2.635000 -1.377616
v -0.738542 2.600000 -1.386735
v -0.730375 2.660621 -1.352701
v -0.722208 2.670000 -1.318667
v -0.714041 2.660621 -1.284634
v -0.708063 2.635000 -1.259719
v -0.705874 2.600000 -1.250600
v -0.708063 2.565000 -1.259719
v -0.714041 2.539378 -1.284634
v -0.722208 2.530000 -1.318667
v -0.730375 2.539378 -1.352701
v -0.736354 2.565000 -1.377616
v -0.716906 2.635000 -1.382282
v -0.719094 2.600000 -1.391402
v -0.710927 2.660621 -1.357368
v -0.702761 2.670000 -1.323334
v -0.694594 2.660621 -1.289300
v -0.688615 2.635000 -1.264386
v -0.686427 2.600000 -1.255267
v -0.688615 2.565000 -1.264386
v -0.694594 2.539378 -1.289300
v -0.702761 2.530000 -1.323334
v -0.710927 2.539378 -1.357368
v -0.716906 2.565000 -1.382282
vn -0.2333 -0.0000 -0.9724
vn 0.2841 -0.0000 -0.9588
vn 0.7254 -0.0000 -0.6883
vn 0.9724 -0.0000 -0.2333
vn 0.9588 -0.0000 0.2841
vn 0.6883 -0.0000 0.7254
vn 0.2333 -0.0000 0.9724
vn -0.2841 -0.0000 0.9588
vn -0.7254 -0.0000 0.6883
vn -0.9724 -0.0000 0.2333
vn -0.9588 -0.0000 -0.2841
vn -0.6883 -0.0000 -0.7254
vn -0.2021 0.5000 -0.8421
vn -0.1167 0.8660 -0.4862
vn -0.0000 1.0000 -0.0000
vn 0.1167 0.8660 0.4862
vn 0.2021 0.5000 0.8421
vn 0.2021 -0.5000 0.8421
vn 0.1167 -0.8660 0.4862
vn -0.0000 -1.0000 -0.0000
vn -0.1167 -0.8660 -0.4862
vn -0.2021 -0.5000 -0.8421
vn -0.2750 0.0115 -0.9614
vn 0.2452 -0.1240 -0.9615
vn 0.6918 -0.2232 -0.6867
vn 0.9393 -0.2588 -0.2254
vn 0.9281 -0.2232 0.2980
vn 0.6548 -0.1240 0.7456
vn 0.1912 0.0115 0.9815
vn -0.3153 0.1408 0.9385
vn -0.7197 0.2285 0.6556
vn -0.9393 0.2588 0.2254
vn -0.9388 0.2285 -0.2576
vn -0.7069 0.1408 -0.6932
vn -0.2694 0.0215 -0.9628
vn 0.1863 -0.2332 -0.9544
vn 0.5984 -0.4272 -0.6778
vn 0.8421 -0.5000 -0.2021
vn 0.8408 -0.4272 0.3324
vn 0.5991 -0.2332 0.7659
vn 0.1969 0.0215 0.9802
vn -0.2493 0.2654 0.9313
vn -0.6251 0.4380 0.6461
vn -0.8421 0.5000 0.2021
vn -0.8502 0.4380 -0.2920
vn -0.6448 0.2654 -0.7168
vn -0.2541 0.0373 -0.9665
vn 0.0203 -0.4039 -0.9146
vn 0.2942 -0.7400 -0.6048
vn 0.4862 -0.8660 -0.1167
vn 0.5367 -0.7400 0.4054
vn 0.4332 -0.4039 0.8058
vn 0.2122 0.0373 0.9765
vn -0.0604 0.4598 0.8860
vn -0.3133 0.7586 0.5712
vn -0.4862 0.8660 0.1167
vn -0.5385 0.7586 -0.3668
vn -0.4559 0.4598 -0.7621
vn -0.2443 0.0431 -0.9687
vn -0.0842 -0.4628 -0.8825
vn 0.0989 -0.8329 -0.5445
vn 0.2517 -0.9659 -0.0604
vn 0.3352 -0.8329 0.4403
vn 0.3254 -0.4628 0.8246
vn 0.2219 0.0431 0.9741
vn 0.0588 0.5256 0.8487
vn -0.1126 0.8528 0.5099
vn -0.2517 0.9659 0.0604
vn -0.3318 0.8528 -0.4033
vn -0.3327 0.5256 -0.7830
vt 0.042154 0.370000
vt 0.250000 0.010000
vt 0.457846 0.370000
vt 0.457846 0.130000
vt 0.042154 0.130000
vt 0.250000 0.490000
vt 0.010000 0.250000
vt 0.370000 0.042154
vt 0.490000 0.250000
vt 0.130000 0.042154
vt 0.130000 0.457846
vt 0.370000 0.457846
vt 0.083333 1.000000
vt 0.000000 0.500000
vt 0.083333 0.500000
vt 0.166667 1.000000
vt 0.166667 0.500000
vt 0.250000 0.500000
vt 0.333333 1.000000
vt 0.333333 0.500000
vt 0.416667 0.500000
vt 0.500000 1.000000
vt 0.500000 0.500000
vt 0.583333 0.500000
vt 0.666667 1.000000
vt 0.666667 0.500000
vt 0.750000 0.500000
vt 0.833333 1.000000
vt 0.833333 0.500000
vt 0.916667 1.000000
vt 0.916667 0.500000
vt 1.000000 1.000000
vt 1.000000 0.500000
vt 0.000000 1.000000
vt 0.250000 1.000000
vt 0.416667 1.000000
vt 0.583333 1.000000
vt 0.750000 1.000000
s 1
f 6065/1375/977 6061/1376/977 6057/1377/977
f 6071/1378/982 6075/1379/982 6068/1380/982
f 5956/1381/972 5943/1379/971 5944/1381/972
f 5953/1376/969 5940/1382/968 5941/1376/969
f 5950/1383/966 5937/1377/965 5938/1383/966
f 5957/1375/973 5944/1381/972 5945/1375/973
f 5954/1384/970 5941/1376/969 5942/1384/970
f 5951/1378/967 5938/1383/966 5939/1378/967
f 5958/1385/974 5945/1375/973 5946/1385/974
f 5947/1386/964 5935/1380/963 5936/1386/964
f 5955/1379/971 5942/1384/970 5943/1379/971
f 5952/1382/968 5939/1378/967 5940/1382/968
f 5948/1380/963 5946/1385/974 5935/1380/963
f 5949/1377/965 5936/1386/964 5937/1377/965
f 6089/1375/972 6085/1376/972 6081/1377/972
f 6095/1378/966 6099/1379/966 6092/1380/966
f 5980/1381/982 5967/1379/981 5968/1381/982
f 5977/1376/969 5964/1382/979 5965/1376/969
f 5974/1383/977 5961/1377/976 5962/1383/977
f 5981/1375/983 5968/1381/982 5969/1375/983
f 5978/1384/980 5965/1376/969 5966/1384/980
f 5975/1378/978 5962/1383/977 5963/1378/978
f 5982/1385/984 5969/1375/983 5970/1385/984
f 5971/1386/975 5959/1380/963 5960/1386/975
f 5979/1379/981 5966/1384/980 5967/1379/981
f 5976/1382/979 5963/1378/978 5964/1382/979
f 5972/1380/963 5970/1385/984 5959/1380/963
f 5973/1377/976 5960/1386/975 5961/1377/976
f 6001/1376/1003 6014/1384/1016 6002/1384/1004
f 5983/1380/985 6006/1385/1008 5995/1380/997
f 5984/1386/986 5997/1377/999 5985/1377/987
f 5992/1381/994 6003/1379/1005 6004/1381/1006
f 5989/1376/991 6000/1382/1002 6001/1376/1003
f 5986/1383/988 5997/1377/999 5998/1383/1000
f 5992/1381/994 6005/1375/1007 5993/1375/995
f 5989/1376/991 6002/1384/1004 5990/1384/992
f 5986/1383/988 5999/1378/1001 5987/1378/989
f 5993/1375/995 6006/1385/1008 5994/1385/996
f 5983/1380/985 5996/1386/998 5984/1386/986
f 5991/1379/993 6002/1384/1004 6003/1379/1005
f 5988/1382/990 5999/1378/1001 6000/1382/1002
f 6016/1381/1018 6029/1375/1031 6017/1375/1019
f 5999/1378/1001 6010/1383/1012 6011/1378/1013
f 6005/1375/1007 6018/1385/1020 6006/1385/1008
f 5995/1380/997 6008/1386/1010 5996/1386/998
f 6002/1384/1004 6015/1379/1017 6003/1379/1005
f 6000/1382/1002 6011/1378/1013 6012/1382/1014
f 5995/1380/997 6018/1385/1020 6007/1380/1009
f 5996/1386/998 6009/1377/1011 5997/1377/999
f 6004/1381/1006 6015/1379/1017 6016/1381/1018
f 6001/1376/1003 6012/1382/1014 6013/1376/1015
f 5997/1377/999 6010/1383/1012 5998/1383/1000
f 6004/1381/1006 6017/1375/1019 6005/1375/1007
f 6013/1376/1015 6026/1384/1028 6014/1384/1016
f 6010/1383/1012 6023/1378/1025 6011/1378/1013
f 6017/1375/1019 6030/1385/1032 6018/1385/1020
f 6007/1380/1009 6020/1386/1022 6008/1386/1010
f 6015/1379/1017 6026/1384/1028 6027/1379/1029
f 6012/1382/1014 6023/1378/1025 6024/1382/1026
f 6007/1380/1009 6030/1385/1032 6019/1380/1021
f 6008/1386/1010 6021/1377/1023 6009/1377/1011
f 6016/1381/1018 6027/1379/1029 6028/1381/1030
f 6013/1376/1015 6024/1382/1026 6025/1376/1027
f 6010/1383/1012 6021/1377/1023 6022/1383/1024
f 6031/1387/984 6054/1388/963 6032/1389/984
f 6033/1390/983 6032/1389/984 6034/1391/983
f 6036/1392/982 6033/1390/983 6034/1391/983
f 6037/1393/981 6036/1392/982 6038/1394/981
f 6040/1395/980 6037/1393/981 6038/1394/981
f 6041/1396/969 6040/1395/980 6042/1397/969
f 6044/1398/979 6041/1396/969 6042/1397/969
f 6045/1399/978 6044/1398/979 6046/1400/978
f 6048/1401/977 6045/1399/978 6046/1400/978
f 6049/1402/976 6048/1401/977 6050/1403/976
f 6051/1404/975 6050/1403/976 6052/1405/975
f 6053/1406/963 6052/1405/975 6054/1407/963
f 6057/1377/977 6055/1386/977 6056/1380/977
f 6056/1380/977 6066/1385/977 6065/1375/977
f 6065/1375/977 6064/1381/977 6063/1379/977
f 6063/1379/977 6062/1384/977 6061/1376/977
f 6061/1376/977 6060/1382/977 6059/1378/977
f 6059/1378/977 6058/1383/977 6057/1377/977
f 6057/1377/977 6056/1380/977 6065/1375/977
f 6065/1375/977 6063/1379/977 6061/1376/977
f 6061/1376/977 6059/1378/977 6057/1377/977
f 6068/1380/982 6067/1386/982 6069/1377/982
f 6069/1377/982 6070/1383/982 6071/1378/982
f 6071/1378/982 6072/1382/982 6073/1376/982
f 6073/1376/982 6074/1384/982 6075/1379/982
f 6075/1379/982 6076/1381/982 6077/1375/982
f 6077/1375/982 6078/1385/982 6068/1380/982
f 6068/1380/982 6069/1377/982 6071/1378/982
f 6071/1378/982 6073/1376/982 6075/1379/982
f 6075/1379/982 6077/1375/982 6068/1380/982
f 5956/1381/972 5955/1379/971 5943/1379/971
f 5953/1376/969 5952/1382/968 5940/1382/968
f 5950/1383/966 5949/1377/965 5937/1377/965
f 5957/1375/973 5956/1381/972 5944/1381/972
f 5954/1384/970 5953/1376/969 5941/1376/969
f 5951/1378/967 5950/1383/966 5938/1383/966
f 5958/1385/974 5957/1375/973 5945/1375/973
f 5947/1386/964 5948/1380/963 5935/1380/963
f 5955/1379/971 5954/1384/970 5942/1384/970
f 5952/1382/968 5951/1378/967 5939/1378/967
f 5948/1380/963 5958/1385/974 5946/1385/974
f 5949/1377/965 5947/1386/964 5936/1386/964
f 6081/1377/972 6079/1386/972 6080/1380/972
f 6080/1380/972 6090/1385/972 6089/1375/972
f 6089/1375/972 6088/1381/972 6087/1379/972
f 6087/1379/972 6086/1384/972 6085/1376/972
f 6085/1376/972 6084/1382/972 6083/1378/972
f 6083/1378/972 6082/1383/972 6081/1377/972
f 6081/1377/972 6080/1380/972 6089/1375/972
f 6089/1375/972 6087/1379/972 6085/1376/972
f 6085/1376/972 6083/1378/972 6081/1377/972
f 6092/1380/966 6091/1386/966 6093/1377/966
f 6093/1377/966 6094/1383/966 6095/1378/966
f 6095/1378/966 6096/1382/966 6097/1376/966
f 6097/1376/966 6098/1384/966 6099/1379/966
f 6099/1379/966 6100/1381/966 6101/1375/966
f 6101/1375/966 6102/1385/966 6092/1380/966
f 6092/1380/966 6093/1377/966 6095/1378/966
f 6095/1378/966 6097/1376/966 6099/1379/966
f 6099/1379/966 6101/1375/966 6092/1380/966
f 5980/1381/982 5979/1379/981 5967/1379/981
f 5977/1376/969 5976/1382/979 5964/1382/979
f 5974/1383/977 5973/1377/976 5961/1377/976
f 5981/1375/983 5980/1381/982 5968/1381/982
f 5978/1384/980 5977/1376/969 5965/1376/969
f 5975/1378/978 5974/1383/977 5962/1383/977
f 5982/1385/984 5981/1375/983 5969/1375/983
f 5971/1386/975 5972/1380/963 5959/1380/963
f 5979/1379/981 5978/1384/980 5966/1384/980
f 5976/1382/979 5975/1378/978 5963/1378/978
f 5972/1380/963 5982/1385/984 5970/1385/984
f 5973/1377/976 5971/1386/975 5960/1386/975
f 6001/1376/1003 6013/1376/1015 6014/1384/1016
f 5983/1380/985 5994/1385/996 6006/1385/1008
f 5984/1386/986 5996/1386/998 5997/1377/999
f 5992/1381/994 5991/1379/993 6003/1379/1005
f 5989/1376/991 5988/1382/990 6000/1382/1002
f 5986/1383/988 5985/1377/987 5997/1377/999
f 5992/1381/994 6004/1381/1006 6005/1375/1007
f 5989/1376/991 6001/1376/1003 6002/1384/1004
f 5986/1383/988 5998/1383/1000 5999/1378/1001
f 5993/1375/995 6005/1375/1007 6006/1385/1008
f 5983/1380/985 5995/1380/997 5996/1386/998
f 5991/1379/993 5990/1384/992 6002/1384/1004
f 5988/1382/990 5987/1378/989 5999/1378/1001
f 6016/1381/1018 6028/1381/1030 6029/1375/1031
f 5999/1378/1001 5998/1383/1000 6010/1383/1012
f 6005/1375/1007 6017/1375/1019 6018/1385/1020
f 5995/1380/997 6007/1380/1009 6008/1386/1010
f 6002/1384/1004 6014/1384/1016 6015/1379/1017
f 6000/1382/1002 5999/1378/1001 6011/1378/1013
f 5995/1380/997 6006/1385/1008 6018/1385/1020
f 5996/1386/998 6008/1386/1010 6009/1377/1011
f 6004/1381/1006 6003/1379/1005 6015/1379/1017
f 6001/1376/1003 6000/1382/1002 6012/1382/1014
f 5997/1377/999 6009/1377/1011 6010/1383/1012
f 6004/1381/1006 6016/1381/1018 6017/1375/1019
f 6013/1376/1015 6025/1376/1027 6026/1384/1028
f 6010/1383/1012 6022/1383/1024 6023/1378/1025
f 6017/1375/1019 6029/1375/1031 6030/1385/1032
f 6007/1380/1009 6019/1380/1021 6020/1386/1022
f 6015/1379/1017 6014/1384/1016 6026/1384/1028
f 6012/1382/1014 6011/1378/1013 6023/1378/1025
f 6007/1380/1009 6018/1385/1020 6030/1385/1032
f 6008/1386/1010 6020/1386/1022 6021/1377/1023
f 6016/1381/1018 6015/1379/1017 6027/1379/1029
f 6013/1376/1015 6012/1382/1014 6024/1382/1026
f 6010/1383/1012 6009/1377/1011 6021/1377/1023
f 6031/1387/984 6053/1408/963 6054/1388/963
f 6033/1390/983 6031/1387/984 6032/1389/984
f 6036/1392/982 6035/1409/982 6033/1390/983
f 6037/1393/981 6035/1409/982 6036/1392/982
f 6040/1395/980 6039/1410/980 6037/1393/981
f 6041/1396/969 6039/1410/980 6040/1395/980
f 6044/1398/979 6043/1411/979 6041/1396/969
f 6045/1399/978 6043/1411/979 6044/1398/979
f 6048/1401/977 6047/1412/977 6045/1399/978
f 6049/1402/976 6047/1412/977 6048/1401/977
f 6051/1404/975 6049/1402/976 6050/1403/976
f 6053/1406/963 6051/1404/975 6052/1405/975
o Cube.049
v 0.012989 2.520000 -1.567902
v 0.049219 2.520000 -1.567310
v 0.080299 2.520000 -1.548683
v 0.097902 2.520000 -1.517011
v 0.097310 2.520000 -1.480781
v 0.078683 2.520000 -1.449701
v 0.047011 2.520000 -1.432098
v 0.010781 2.520000 -1.432690
v -0.020299 2.520000 -1.451318
v -0.037902 2.520000 -1.482989
v -0.037310 2.520000 -1.519219
v -0.018683 2.520000 -1.550299
v 0.049219 2.500000 -1.567310
v 0.012989 2.500000 -1.567902
v 0.080299 2.500000 -1.548683
v 0.097902 2.500000 -1.517011
v 0.097310 2.500000 -1.480781
v 0.078683 2.500000 -1.449701
v 0.047011 2.500000 -1.432098
v 0.010781 2.500000 -1.432690
v -0.020299 2.500000 -1.451318
v -0.037902 2.500000 -1.482989
v -0.037310 2.500000 -1.519219
v -0.018683 2.500000 -1.550299
v 0.012989 2.700000 -1.567902
v 0.049219 2.700000 -1.567310
v 0.080299 2.700000 -1.548683
v 0.097902 2.700000 -1.517011
v 0.097310 2.700000 -1.480781
v 0.078683 2.700000 -1.449701
v 0.047011 2.700000 -1.432098
v 0.010781 2.700000 -1.432690
v -0.020299 2.700000 -1.451318
v -0.037902 2.700000 -1.482989
v -0.037310 2.700000 -1.519219
v -0.018683 2.700000 -1.550299
v 0.049219 2.680000 -1.567310
v 0.012989 2.680000 -1.567902
v 0.080299 2.680000 -1.548683
v 0.097902 2.680000 -1.517011
v 0.097310 2.680000 -1.480781
v 0.078683 2.680000 -1.449701
v 0.047011 2.680000 -1.432098
v 0.010781 2.680000 -1.432690
v -0.020299 2.680000 -1.451318
v -0.037902 2.680000 -1.482989
v -0.037310 2.680000 -1.519219
v -0.018683 2.680000 -1.550299
v 0.015419 2.520000 -1.558202
v 0.015419 2.680000 -1.558202
v 0.046474 2.520000 -1.557694
v 0.046474 2.680000 -1.557694
v 0.073114 2.520000 -1.541728
v 0.073114 2.680000 -1.541728
v 0.088201 2.520000 -1.514581
v 0.088201 2.680000 -1.514581
v 0.087694 2.520000 -1.483527
v 0.087694 2.680000 -1.483527
v 0.071728 2.520000 -1.456887
v 0.071728 2.680000 -1.456887
v 0.044581 2.520000 -1.441799
v 0.044581 2.680000 -1.441799
v 0.013526 2.520000 -1.442306
v 0.013526 2.680000 -1.442306
v -0.013114 2.520000 -1.458272
v -0.013114 2.680000 -1.458272
v -0.028201 2.520000 -1.485420
v -0.028201 2.680000 -1.485420
v -0.027694 2.520000 -1.516474
v -0.027694 2.680000 -1.516474
v -0.011728 2.520000 -1.543114
v -0.011728 2.680000 -1.543114
v 0.013619 2.570040 -1.565390
v 0.013619 2.629960 -1.565390
v 0.048508 2.629960 -1.564819
v 0.048508 2.570040 -1.564819
v 0.078438 2.629960 -1.546881
v 0.078438 2.570040 -1.546881
v 0.095389 2.629960 -1.516382
v 0.095389 2.570040 -1.516382
v 0.094819 2.629960 -1.481492
v 0.094819 2.570040 -1.481492
v 0.076881 2.629960 -1.451562
v 0.076881 2.570040 -1.451562
v 0.046381 2.629960 -1.434611
v 0.046381 2.570040 -1.434611
v 0.011492 2.629960 -1.435181
v 0.011492 2.570040 -1.435181
v -0.018438 2.629960 -1.453119
v -0.018438 2.570040 -1.453119
v -0.035389 2.629960 -1.483619
v -0.035389 2.570040 -1.483619
v -0.034819 2.629960 -1.518508
v -0.034819 2.570040 -1.518508
v -0.016881 2.629960 -1.548438
v -0.016881 2.570040 -1.548438
v 0.013793 2.600000 -1.564691
v -0.073509 2.600000 -1.542820
v 0.015965 2.633345 -1.556024
v -0.071337 2.633345 -1.534153
v 0.021897 2.657755 -1.532345
v -0.065405 2.657755 -1.510475
v 0.030000 2.666690 -1.500000
v -0.057302 2.666690 -1.478129
v 0.038103 2.657755 -1.467655
v -0.049199 2.657755 -1.445784
v 0.044035 2.633345 -1.443976
v -0.043267 2.633345 -1.422105
v 0.046206 2.600000 -1.435309
v -0.041096 2.600000 -1.413438
v 0.044035 2.566655 -1.443976
v -0.043267 2.566655 -1.422105
v 0.038103 2.542245 -1.467655
v -0.049199 2.542244 -1.445784
v 0.030000 2.533310 -1.500000
v -0.057302 2.533310 -1.478129
v 0.021897 2.542245 -1.532345
v -0.065405 2.542244 -1.510475
v 0.015965 2.566655 -1.556024
v -0.071337 2.566655 -1.534153
v 0.049219 2.520000 -1.567310
v 0.012989 2.520000 -1.567902
v 0.080299 2.520000 -1.548683
v 0.097902 2.520000 -1.517011
v 0.097310 2.520000 -1.480781
v 0.078683 2.520000 -1.449701
v 0.047011 2.520000 -1.432098
v 0.010781 2.520000 -1.432690
v -0.020299 2.520000 -1.451318
v -0.037902 2.520000 -1.482989
v -0.037310 2.520000 -1.519219
v -0.018683 2.520000 -1.550299
v 0.049219 2.500000 -1.567310
v 0.012989 2.500000 -1.567902
v 0.080299 2.500000 -1.548683
v 0.097902 2.500000 -1.517011
v 0.097310 2.500000 -1.480781
v 0.078683 2.500000 -1.449701
v 0.047011 2.500000 -1.432098
v 0.010781 2.500000 -1.432690
v -0.020299 2.500000 -1.451318
v -0.037902 2.500000 -1.482989
v -0.037310 2.500000 -1.519219
v -0.018683 2.500000 -1.550299
v 0.049219 2.700000 -1.567310
v 0.012989 2.700000 -1.567902
v 0.080299 2.700000 -1.548683
v 0.097902 2.700000 -1.517011
v 0.097310 2.700000 -1.480781
v 0.078683 2.700000 -1.449701
v 0.047011 2.700000 -1.432098
v 0.010781 2.700000 -1.432690
v -0.020299 2.700000 -1.451318
v -0.037902 2.700000 -1.482989
v -0.037310 2.700000 -1.519219
v -0.018683 2.700000 -1.550299
v 0.049219 2.680000 -1.567310
v 0.012989 2.680000 -1.567902
v 0.080299 2.680000 -1.548683
v 0.097902 2.680000 -1.517011
v 0.097310 2.680000 -1.480781
v 0.078683 2.680000 -1.449701
v 0.047011 2.680000 -1.432098
v 0.010781 2.680000 -1.432690
v -0.020299 2.680000 -1.451318
v -0.037902 2.680000 -1.482989
v -0.037310 2.680000 -1.519219
v -0.018683 2.680000 -1.550299
v -0.071337 2.633345 -1.534153
v -0.073509 2.600000 -1.542820
v -0.065405 2.657755 -1.510475
v -0.057302 2.666690 -1.478129
v -0.049199 2.657755 -1.445784
v -0.043267 2.633345 -1.422105
v -0.041096 2.600000 -1.413438
v -0.043267 2.566655 -1.422105
v -0.049199 2.542244 -1.445784
v -0.057302 2.533310 -1.478129
v -0.065405 2.542244 -1.510475
v -0.071337 2.566655 -1.534153
vn -0.2430 -0.0000 -0.9700
vn 0.2746 -0.0000 -0.9616
vn 0.7186 -0.0000 -0.6955
vn 0.9700 -0.0000 -0.2430
vn 0.9616 -0.0000 0.2746
vn 0.6955 -0.0000 0.7186
vn 0.2430 -0.0000 0.9700
vn -0.2746 -0.0000 0.9616
vn -0.7186 -0.0000 0.6955
vn -0.9700 -0.0000 0.2430
vn -0.9616 -0.0000 -0.2746
vn -0.6955 -0.0000 -0.7186
vn -0.2404 -0.1465 -0.9596
vn -0.2404 0.1465 -0.9596
vn 0.2716 -0.1465 -0.9512
vn 0.2716 0.1465 -0.9512
vn 0.7108 -0.1465 -0.6880
vn 0.7108 0.1465 -0.6880
vn 0.9596 -0.1465 -0.2404
vn 0.9596 0.1465 -0.2404
vn 0.9512 -0.1465 0.2716
vn 0.9512 0.1465 0.2716
vn 0.6880 -0.1465 0.7108
vn 0.6880 0.1465 0.7108
vn 0.2404 -0.1465 0.9596
vn 0.2404 0.1465 0.9596
vn -0.2716 -0.1465 0.9512
vn -0.2716 0.1465 0.9512
vn -0.7108 -0.1465 0.6880
vn -0.7108 0.1465 0.6880
vn -0.9596 -0.1465 0.2404
vn -0.9596 0.1465 0.2404
vn -0.9512 -0.1465 -0.2716
vn -0.9512 0.1465 -0.2716
vn -0.6880 -0.1465 -0.7108
vn -0.6880 0.1465 -0.7108
vn -0.2424 -0.0726 -0.9675
vn -0.2424 0.0726 -0.9675
vn 0.2738 0.0726 -0.9590
vn 0.2738 -0.0726 -0.9590
vn 0.7167 0.0726 -0.6936
vn 0.7167 -0.0726 -0.6936
vn 0.9675 0.0726 -0.2424
vn 0.9675 -0.0726 -0.2424
vn 0.9590 0.0726 0.2738
vn 0.9590 -0.0726 0.2738
vn 0.6936 0.0726 0.7167
vn 0.6936 -0.0726 0.7167
vn 0.2424 0.0726 0.9675
vn 0.2424 -0.0726 0.9675
vn -0.2738 0.0726 0.9590
vn -0.2738 -0.0726 0.9590
vn -0.7167 0.0726 0.6936
vn -0.7167 -0.0726 0.6936
vn -0.9675 0.0726 0.2424
vn -0.9675 -0.0726 0.2424
vn -0.9590 0.0726 -0.2738
vn -0.9590 -0.0726 -0.2738
vn -0.6936 0.0726 -0.7167
vn -0.6936 -0.0726 -0.7167
vn -0.2105 0.5000 -0.8401
vn -0.1215 0.8660 -0.4850
vn -0.0000 1.0000 -0.0000
vn 0.1215 0.8660 0.4850
vn 0.2105 0.5000 0.8401
vn 0.2104 -0.5000 0.8401
vn 0.1215 -0.8660 0.4850
vn -0.0000 -1.0000 -0.0000
vn -0.1215 -0.8660 -0.4850
vn -0.2105 -0.5000 -0.8401
vn -0.2104 0.5000 -0.8401
vn 0.2105 -0.5000 0.8401
vt 0.042154 0.370000
vt 0.250000 0.010000
vt 0.457846 0.370000
vt 0.457846 0.130000
vt 0.042154 0.130000
vt 0.250000 0.490000
vt 0.010000 0.250000
vt 0.370000 0.042154
vt 0.490000 0.250000
vt 0.130000 0.042154
vt 0.130000 0.457846
vt 0.370000 0.457846
vt 1.000000 1.000000
vt 0.916667 0.833333
vt 1.000000 0.833333
vt 0.833333 1.000000
vt 0.833333 0.833333
vt 0.750000 0.833333
vt 0.666667 1.000000
vt 0.666667 0.833333
vt 0.583333 0.833333
vt 0.500000 1.000000
vt 0.500000 0.833333
vt 0.416667 0.833333
vt 0.333333 1.000000
vt 0.333333 0.833333
vt 0.250000 0.833333
vt 0.166667 1.000000
vt 0.166667 0.833333
vt 0.083333 0.833333
vt 0.000000 0.666667
vt 0.083333 0.666667
vt 0.000000 1.000000
vt 0.000000 0.833333
vt 0.000000 0.500000
vt 0.083333 0.500000
vt 0.166667 0.500000
vt 0.166667 0.666667
vt 0.250000 0.666667
vt 0.250000 0.500000
vt 0.333333 0.500000
vt 0.333333 0.666667
vt 0.416667 0.666667
vt 0.416667 0.500000
vt 0.500000 0.500000
vt 0.500000 0.666667
vt 0.583333 0.666667
vt 0.583333 0.500000
vt 0.666667 0.500000
vt 0.666667 0.666667
vt 0.750000 0.666667
vt 0.750000 0.500000
vt 0.833333 0.500000
vt 0.833333 0.666667
vt 0.916667 0.666667
vt 0.916667 0.500000
vt 1.000000 0.500000
vt 1.000000 0.666667
vt 0.916667 1.000000
vt 0.750000 1.000000
vt 0.583333 1.000000
vt 0.416667 1.000000
vt 0.250000 1.000000
vt 0.083333 1.000000
s 1
f 6233/1413/1095 6229/1414/1095 6225/1415/1095
f 6239/1416/1100 6243/1417/1100 6236/1418/1100
f 6124/1419/1042 6111/1417/1041 6112/1419/1042
f 6121/1414/1039 6108/1420/1038 6109/1414/1039
f 6118/1421/1036 6105/1415/1035 6106/1421/1036
f 6125/1413/1043 6112/1419/1042 6113/1413/1043
f 6122/1422/1040 6109/1414/1039 6110/1422/1040
f 6119/1416/1037 6106/1421/1036 6107/1416/1037
f 6126/1423/1044 6113/1413/1043 6114/1423/1044
f 6115/1424/1034 6103/1418/1033 6104/1424/1034
f 6123/1417/1041 6110/1422/1040 6111/1417/1041
f 6120/1420/1038 6107/1416/1037 6108/1420/1038
f 6116/1418/1033 6114/1423/1044 6103/1418/1033
f 6117/1415/1035 6104/1424/1034 6105/1415/1035
f 6257/1413/1095 6253/1414/1095 6249/1415/1095
f 6263/1416/1100 6267/1417/1100 6260/1418/1100
f 6148/1419/1042 6135/1417/1041 6136/1419/1042
f 6145/1414/1039 6132/1420/1038 6133/1414/1039
f 6142/1421/1036 6129/1415/1035 6130/1421/1036
f 6149/1413/1043 6136/1419/1042 6137/1413/1043
f 6146/1422/1040 6133/1414/1039 6134/1422/1040
f 6143/1416/1037 6130/1421/1036 6131/1416/1037
f 6150/1423/1044 6137/1413/1043 6138/1423/1044
f 6139/1424/1034 6127/1418/1033 6128/1424/1034
f 6147/1417/1041 6134/1422/1040 6135/1417/1041
f 6144/1420/1038 6131/1416/1037 6132/1420/1038
f 6140/1418/1033 6138/1423/1044 6127/1418/1033
f 6141/1415/1035 6128/1424/1034 6129/1415/1035
f 6152/1425/1046 6177/1426/1071 6176/1427/1070
f 6177/1426/1071 6156/1428/1050 6179/1429/1073
f 6156/1428/1050 6181/1430/1075 6179/1429/1073
f 6181/1430/1075 6160/1431/1054 6183/1432/1077
f 6160/1431/1054 6185/1433/1079 6183/1432/1077
f 6185/1433/1079 6164/1434/1058 6187/1435/1081
f 6164/1434/1058 6189/1436/1083 6187/1435/1081
f 6189/1436/1083 6168/1437/1062 6191/1438/1085
f 6168/1437/1062 6193/1439/1087 6191/1438/1085
f 6193/1439/1087 6172/1440/1066 6195/1441/1089
f 6197/1442/1091 6175/1443/1069 6198/1444/1092
f 6172/1440/1066 6197/1442/1091 6195/1441/1089
f 6197/1442/1091 6152/1445/1046 6176/1446/1070
f 6198/1444/1092 6151/1447/1045 6173/1448/1067
f 6171/1449/1065 6198/1444/1092 6173/1448/1067
f 6195/1441/1089 6198/1444/1092 6196/1450/1090
f 6194/1451/1088 6171/1449/1065 6169/1452/1063
f 6193/1439/1087 6196/1450/1090 6194/1451/1088
f 6167/1453/1061 6194/1451/1088 6169/1452/1063
f 6191/1438/1085 6194/1451/1088 6192/1454/1086
f 6190/1455/1084 6167/1453/1061 6165/1456/1059
f 6189/1436/1083 6192/1454/1086 6190/1455/1084
f 6163/1457/1057 6190/1455/1084 6165/1456/1059
f 6187/1435/1081 6190/1455/1084 6188/1458/1082
f 6186/1459/1080 6163/1457/1057 6161/1460/1055
f 6185/1433/1079 6188/1458/1082 6186/1459/1080
f 6159/1461/1053 6186/1459/1080 6161/1460/1055
f 6183/1432/1077 6186/1459/1080 6184/1462/1078
f 6182/1463/1076 6159/1461/1053 6157/1464/1051
f 6181/1430/1075 6184/1462/1078 6182/1463/1076
f 6155/1465/1049 6182/1463/1076 6157/1464/1051
f 6179/1429/1073 6182/1463/1076 6180/1466/1074
f 6178/1467/1072 6155/1465/1049 6153/1468/1047
f 6177/1426/1071 6180/1466/1074 6178/1467/1072
f 6151/1469/1045 6178/1467/1072 6153/1468/1047
f 6176/1427/1070 6178/1467/1072 6175/1470/1069
f 6199/1469/1033 6271/1471/1103 6201/1468/1093
f 6201/1468/1093 6273/1428/1094 6203/1465/1094
f 6203/1465/1094 6274/1472/1095 6205/1464/1095
f 6205/1464/1095 6275/1431/1096 6207/1461/1096
f 6207/1461/1096 6276/1473/1097 6209/1460/1097
f 6209/1460/1097 6277/1434/1039 6211/1457/1039
f 6277/1434/1039 6213/1456/1098 6211/1457/1039
f 6278/1474/1104 6215/1453/1099 6213/1456/1098
f 6279/1437/1099 6217/1452/1100 6215/1453/1099
f 6280/1475/1100 6219/1449/1101 6217/1452/1100
f 6220/1440/1042 6212/1434/1042 6204/1428/1042
f 6281/1440/1101 6221/1448/1102 6219/1449/1101
f 6222/1476/1102 6199/1447/1033 6221/1448/1102
f 6225/1415/1095 6223/1424/1095 6224/1418/1095
f 6224/1418/1095 6234/1423/1095 6233/1413/1095
f 6233/1413/1095 6232/1419/1095 6231/1417/1095
f 6231/1417/1095 6230/1422/1095 6229/1414/1095
f 6229/1414/1095 6228/1420/1095 6227/1416/1095
f 6227/1416/1095 6226/1421/1095 6225/1415/1095
f 6225/1415/1095 6224/1418/1095 6233/1413/1095
f 6233/1413/1095 6231/1417/1095 6229/1414/1095
f 6229/1414/1095 6227/1416/1095 6225/1415/1095
f 6236/1418/1100 6235/1424/1100 6237/1415/1100
f 6237/1415/1100 6238/1421/1100 6239/1416/1100
f 6239/1416/1100 6240/1420/1100 6241/1414/1100
f 6241/1414/1100 6242/1422/1100 6243/1417/1100
f 6243/1417/1100 6244/1419/1100 6245/1413/1100
f 6245/1413/1100 6246/1423/1100 6236/1418/1100
f 6236/1418/1100 6237/1415/1100 6239/1416/1100
f 6239/1416/1100 6241/1414/1100 6243/1417/1100
f 6243/1417/1100 6245/1413/1100 6236/1418/1100
f 6124/1419/1042 6123/1417/1041 6111/1417/1041
f 6121/1414/1039 6120/1420/1038 6108/1420/1038
f 6118/1421/1036 6117/1415/1035 6105/1415/1035
f 6125/1413/1043 6124/1419/1042 6112/1419/1042
f 6122/1422/1040 6121/1414/1039 6109/1414/1039
f 6119/1416/1037 6118/1421/1036 6106/1421/1036
f 6126/1423/1044 6125/1413/1043 6113/1413/1043
f 6115/1424/1034 6116/1418/1033 6103/1418/1033
f 6123/1417/1041 6122/1422/1040 6110/1422/1040
f 6120/1420/1038 6119/1416/1037 6107/1416/1037
f 6116/1418/1033 6126/1423/1044 6114/1423/1044
f 6117/1415/1035 6115/1424/1034 6104/1424/1034
f 6249/1415/1095 6247/1424/1095 6248/1418/1095
f 6248/1418/1095 6258/1423/1095 6257/1413/1095
f 6257/1413/1095 6256/1419/1095 6255/1417/1095
f 6255/1417/1095 6254/1422/1095 6253/1414/1095
f 6253/1414/1095 6252/1420/1095 6251/1416/1095
f 6251/1416/1095 6250/1421/1095 6249/1415/1095
f 6249/1415/1095 6248/1418/1095 6257/1413/1095
f 6257/1413/1095 6255/1417/1095 6253/1414/1095
f 6253/1414/1095 6251/1416/1095 6249/1415/1095
f 6260/1418/1100 6259/1424/1100 6261/1415/1100
f 6261/1415/1100 6262/1421/1100 6263/1416/1100
f 6263/1416/1100 6264/1420/1100 6265/1414/1100
f 6265/1414/1100 6266/1422/1100 6267/1417/1100
f 6267/1417/1100 6268/1419/1100 6269/1413/1100
f 6269/1413/1100 6270/1423/1100 6260/1418/1100
f 6260/1418/1100 6261/1415/1100 6263/1416/1100
f 6263/1416/1100 6265/1414/1100 6267/1417/1100
f 6267/1417/1100 6269/1413/1100 6260/1418/1100
f 6148/1419/1042 6147/1417/1041 6135/1417/1041
f 6145/1414/1039 6144/1420/1038 6132/1420/1038
f 6142/1421/1036 6141/1415/1035 6129/1415/1035
f 6149/1413/1043 6148/1419/1042 6136/1419/1042
f 6146/1422/1040 6145/1414/1039 6133/1414/1039
f 6143/1416/1037 6142/1421/1036 6130/1421/1036
f 6150/1423/1044 6149/1413/1043 6137/1413/1043
f 6139/1424/1034 6140/1418/1033 6127/1418/1033
f 6147/1417/1041 6146/1422/1040 6134/1422/1040
f 6144/1420/1038 6143/1416/1037 6131/1416/1037
f 6140/1418/1033 6150/1423/1044 6138/1423/1044
f 6141/1415/1035 6139/1424/1034 6128/1424/1034
f 6152/1425/1046 6154/1471/1048 6177/1426/1071
f 6177/1426/1071 6154/1471/1048 6156/1428/1050
f 6156/1428/1050 6158/1472/1052 6181/1430/1075
f 6181/1430/1075 6158/1472/1052 6160/1431/1054
f 6160/1431/1054 6162/1473/1056 6185/1433/1079
f 6185/1433/1079 6162/1473/1056 6164/1434/1058
f 6164/1434/1058 6166/1474/1060 6189/1436/1083
f 6189/1436/1083 6166/1474/1060 6168/1437/1062
f 6168/1437/1062 6170/1475/1064 6193/1439/1087
f 6193/1439/1087 6170/1475/1064 6172/1440/1066
f 6197/1442/1091 6176/1446/1070 6175/1443/1069
f 6172/1440/1066 6174/1476/1068 6197/1442/1091
f 6197/1442/1091 6174/1476/1068 6152/1445/1046
f 6198/1444/1092 6175/1443/1069 6151/1447/1045
f 6171/1449/1065 6196/1450/1090 6198/1444/1092
f 6195/1441/1089 6197/1442/1091 6198/1444/1092
f 6194/1451/1088 6196/1450/1090 6171/1449/1065
f 6193/1439/1087 6195/1441/1089 6196/1450/1090
f 6167/1453/1061 6192/1454/1086 6194/1451/1088
f 6191/1438/1085 6193/1439/1087 6194/1451/1088
f 6190/1455/1084 6192/1454/1086 6167/1453/1061
f 6189/1436/1083 6191/1438/1085 6192/1454/1086
f 6163/1457/1057 6188/1458/1082 6190/1455/1084
f 6187/1435/1081 6189/1436/1083 6190/1455/1084
f 6186/1459/1080 6188/1458/1082 6163/1457/1057
f 6185/1433/1079 6187/1435/1081 6188/1458/1082
f 6159/1461/1053 6184/1462/1078 6186/1459/1080
f 6183/1432/1077 6185/1433/1079 6186/1459/1080
f 6182/1463/1076 6184/1462/1078 6159/1461/1053
f 6181/1430/1075 6183/1432/1077 6184/1462/1078
f 6155/1465/1049 6180/1466/1074 6182/1463/1076
f 6179/1429/1073 6181/1430/1075 6182/1463/1076
f 6178/1467/1072 6180/1466/1074 6155/1465/1049
f 6177/1426/1071 6179/1429/1073 6180/1466/1074
f 6151/1469/1045 6175/1470/1069 6178/1467/1072
f 6176/1427/1070 6177/1426/1071 6178/1467/1072
f 6199/1469/1033 6272/1425/1033 6271/1471/1103
f 6201/1468/1093 6271/1471/1103 6273/1428/1094
f 6203/1465/1094 6273/1428/1094 6274/1472/1095
f 6205/1464/1095 6274/1472/1095 6275/1431/1096
f 6207/1461/1096 6275/1431/1096 6276/1473/1097
f 6209/1460/1097 6276/1473/1097 6277/1434/1039
f 6277/1434/1039 6278/1474/1104 6213/1456/1098
f 6278/1474/1104 6279/1437/1099 6215/1453/1099
f 6279/1437/1099 6280/1475/1100 6217/1452/1100
f 6280/1475/1100 6281/1440/1101 6219/1449/1101
f 6204/1428/1042 6202/1471/1042 6200/1425/1042
f 6200/1425/1042 6282/1476/1042 6220/1440/1042
f 6220/1440/1042 6218/1475/1042 6216/1437/1042
f 6216/1437/1042 6214/1474/1042 6212/1434/1042
f 6212/1434/1042 6210/1473/1042 6208/1431/1042
f 6208/1431/1042 6206/1472/1042 6204/1428/1042
f 6204/1428/1042 6200/1425/1042 6220/1440/1042
f 6220/1440/1042 6216/1437/1042 6212/1434/1042
f 6212/1434/1042 6208/1431/1042 6204/1428/1042
f 6281/1440/1101 6222/1476/1102 6221/1448/1102
f 6222/1476/1102 6272/1445/1033 6199/1447/1033
o Cube.050
v -0.040000 1.180000 -1.500000
v -0.030622 1.180000 -1.465000
v -0.005000 1.180000 -1.439378
v 0.030000 1.180000 -1.430000
v 0.065000 1.180000 -1.439378
v 0.090622 1.180000 -1.465000
v 0.100000 1.180000 -1.500000
v 0.090622 1.180000 -1.535000
v 0.065000 1.180000 -1.560622
v 0.030000 1.180000 -1.570000
v -0.005000 1.180000 -1.560622
v -0.030622 1.180000 -1.535000
v -0.030622 1.200000 -1.465000
v -0.040000 1.200000 -1.500000
v -0.005000 1.200000 -1.439378
v 0.030000 1.200000 -1.430000
v 0.065000 1.200000 -1.439378
v 0.090622 1.200000 -1.465000
v 0.100000 1.200000 -1.500000
v 0.090622 1.200000 -1.535000
v 0.065000 1.200000 -1.560622
v 0.030000 1.200000 -1.570000
v -0.005000 1.200000 -1.560622
v -0.030622 1.200000 -1.535000
v -0.040000 1.100000 -1.420000
v -0.030622 1.065000 -1.420000
v -0.005000 1.039378 -1.420000
v 0.030000 1.030000 -1.420000
v 0.065000 1.039378 -1.420000
v 0.090622 1.065000 -1.420000
v 0.100000 1.100000 -1.420000
v 0.090622 1.135000 -1.420000
v 0.065000 1.160621 -1.420000
v 0.030000 1.170000 -1.420000
v -0.005000 1.160621 -1.420000
v -0.030622 1.135000 -1.420000
v -0.030622 1.065000 -1.400000
v -0.040000 1.100000 -1.400000
v -0.005000 1.039378 -1.400000
v 0.030000 1.030000 -1.400000
v 0.065000 1.039378 -1.400000
v 0.090622 1.065000 -1.400000
v 0.100000 1.100000 -1.400000
v 0.090622 1.135000 -1.400000
v 0.065000 1.160621 -1.400000
v 0.030000 1.170000 -1.400000
v -0.005000 1.160621 -1.400000
v -0.030622 1.135000 -1.400000
v -0.030000 1.180000 -1.500000
v -0.021961 1.180000 -1.470000
v 0.000000 1.180000 -1.448039
v 0.030000 1.180000 -1.440000
v 0.060000 1.180000 -1.448039
v 0.081961 1.180000 -1.470000
v 0.090000 1.180000 -1.500000
v 0.081961 1.180000 -1.530000
v 0.060000 1.180000 -1.551962
v 0.030000 1.180000 -1.560000
v 0.000000 1.180000 -1.551962
v -0.021961 1.180000 -1.530000
v -0.030000 1.140000 -1.489282
v -0.021961 1.155000 -1.463301
v 0.000000 1.165981 -1.444282
v 0.030000 1.170000 -1.437321
v 0.060000 1.165981 -1.444282
v 0.081961 1.155000 -1.463301
v 0.090000 1.140000 -1.489282
v 0.081961 1.125000 -1.515263
v 0.060000 1.114019 -1.534282
v 0.030000 1.110000 -1.541244
v 0.000000 1.114019 -1.534282
v -0.021961 1.125000 -1.515263
v -0.030000 1.110718 -1.460000
v -0.021961 1.136698 -1.445000
v 0.000000 1.155718 -1.434020
v 0.030000 1.162679 -1.430000
v 0.060000 1.155718 -1.434020
v 0.081961 1.136698 -1.445000
v 0.090000 1.110718 -1.460000
v 0.081961 1.084737 -1.475000
v 0.060000 1.065718 -1.485981
v 0.030000 1.058756 -1.490000
v 0.000000 1.065718 -1.485981
v -0.021961 1.084737 -1.475000
v -0.030000 1.100000 -1.420000
v -0.021961 1.130000 -1.420000
v 0.000000 1.151962 -1.420001
v 0.030000 1.160000 -1.420001
v 0.060000 1.151962 -1.420001
v 0.081961 1.130000 -1.420000
v 0.090000 1.100000 -1.420000
v 0.081961 1.070000 -1.420001
v 0.060000 1.048038 -1.420001
v 0.030000 1.040000 -1.420000
v 0.000000 1.048038 -1.420001
v -0.021961 1.070000 -1.420001
v -0.021962 1.129999 -1.400000
v -0.021961 1.129999 -1.200000
v -0.000000 1.151961 -1.400000
v 0.000000 1.151961 -1.200000
v 0.030000 1.159999 -1.400000
v 0.030000 1.159999 -1.200000
v 0.060000 1.151961 -1.400000
v 0.060000 1.151961 -1.200000
v 0.081961 1.129999 -1.400000
v 0.081961 1.129999 -1.200000
v 0.090000 1.099999 -1.400000
v 0.090000 1.099999 -1.200000
v 0.081961 1.069999 -1.400000
v 0.081962 1.069999 -1.200000
v 0.060000 1.048038 -1.400000
v 0.060000 1.048038 -1.200000
v 0.030000 1.039999 -1.400000
v 0.030000 1.039999 -1.200000
v -0.000000 1.048038 -1.400000
v 0.000000 1.048038 -1.200000
v -0.021961 1.069999 -1.400000
v -0.021961 1.069999 -1.200000
v -0.030000 1.099999 -1.400000
v -0.030000 1.099999 -1.200000
v -0.030622 1.180000 -1.465000
v -0.040000 1.180000 -1.500000
v -0.005000 1.180000 -1.439378
v 0.030000 1.180000 -1.430000
v 0.065000 1.180000 -1.439378
v 0.090622 1.180000 -1.465000
v 0.100000 1.180000 -1.500000
v 0.090622 1.180000 -1.535000
v 0.065000 1.180000 -1.560622
v 0.030000 1.180000 -1.570000
v -0.005000 1.180000 -1.560622
v -0.030622 1.180000 -1.535000
v -0.030622 1.200000 -1.465000
v -0.040000 1.200000 -1.500000
v -0.005000 1.200000 -1.439378
v 0.030000 1.200000 -1.430000
v 0.065000 1.200000 -1.439378
v 0.090622 1.200000 -1.465000
v 0.100000 1.200000 -1.500000
v 0.090622 1.200000 -1.535000
v 0.065000 1.200000 -1.560622
v 0.030000 1.200000 -1.570000
v -0.005000 1.200000 -1.560622
v -0.030622 1.200000 -1.535000
v -0.030622 1.065000 -1.420000
v -0.040000 1.100000 -1.420000
v -0.005000 1.039378 -1.420000
v 0.030000 1.030000 -1.420000
v 0.065000 1.039378 -1.420000
v 0.090622 1.065000 -1.420000
v 0.100000 1.100000 -1.420000
v 0.090622 1.135000 -1.420000
v 0.065000 1.160621 -1.420000
v 0.030000 1.170000 -1.420000
v -0.005000 1.160621 -1.420000
v -0.030622 1.135000 -1.420000
v -0.030622 1.065000 -1.400000
v -0.040000 1.100000 -1.400000
v -0.005000 1.039378 -1.400000
v 0.030000 1.030000 -1.400000
v 0.065000 1.039378 -1.400000
v 0.090622 1.065000 -1.400000
v 0.100000 1.100000 -1.400000
v 0.090622 1.135000 -1.400000
v 0.065000 1.160621 -1.400000
v 0.030000 1.170000 -1.400000
v -0.005000 1.160621 -1.400000
v -0.030622 1.135000 -1.400000
vn -1.0000 -0.0000 -0.0000
vn -0.8660 -0.0000 0.5000
vn -0.5000 -0.0000 0.8660
vn -0.0000 -0.0000 1.0000
vn 0.5000 -0.0000 0.8660
vn 0.8660 -0.0000 0.5000
vn 1.0000 -0.0000 -0.0000
vn 0.8660 -0.0000 -0.5000
vn 0.5000 -0.0000 -0.8660
vn -0.0000 -0.0000 -1.0000
vn -0.5000 -0.0000 -0.8660
vn -0.8660 -0.0000 -0.5000
vn -0.8660 -0.5000 -0.0000
vn -0.5000 -0.8660 -0.0000
vn -0.0000 -1.0000 -0.0000
vn 0.5000 -0.8660 -0.0000
vn 0.8660 -0.5000 -0.0000
vn 0.8660 0.5000 -0.0000
vn 0.5000 0.8660 -0.0000
vn -0.0000 1.0000 -0.0000
vn -0.5000 0.8660 -0.0000
vn -0.8660 0.5000 -0.0000
vn -0.9990 -0.0115 -0.0431
vn -0.8778 0.1240 0.4628
vn -0.5063 0.2232 0.8329
vn -0.0000 0.2588 0.9659
vn 0.5063 0.2232 0.8329
vn 0.8778 0.1240 0.4628
vn 0.9990 -0.0115 -0.0431
vn 0.8390 -0.1408 -0.5256
vn 0.4696 -0.2285 -0.8528
vn -0.0000 -0.2588 -0.9659
vn -0.4696 -0.2285 -0.8528
vn -0.8390 -0.1408 -0.5256
vn -0.9991 -0.0215 -0.0373
vn -0.8846 0.2332 0.4039
vn -0.5195 0.4272 0.7400
vn -0.0000 0.5000 0.8660
vn 0.5195 0.4272 0.7400
vn 0.8846 0.2332 0.4039
vn 0.9991 -0.0215 -0.0373
vn 0.8474 -0.2654 -0.4598
vn 0.4823 -0.4380 -0.7586
vn -0.0000 -0.5000 -0.8660
vn -0.4823 -0.4380 -0.7586
vn -0.8474 -0.2654 -0.4598
vn -0.9991 -0.0373 -0.0215
vn -0.8846 0.4039 0.2332
vn -0.5195 0.7400 0.4273
vn -0.0000 0.8660 0.5000
vn 0.5195 0.7400 0.4273
vn 0.8846 0.4039 0.2332
vn 0.9991 -0.0373 -0.0215
vn 0.8474 -0.4598 -0.2655
vn 0.4823 -0.7586 -0.4380
vn -0.0000 -0.8660 -0.5000
vn -0.4823 -0.7586 -0.4380
vn -0.8474 -0.4598 -0.2654
vn -0.9990 -0.0431 -0.0115
vn -0.8778 0.4628 0.1240
vn -0.5064 0.8329 0.2232
vn -0.0000 0.9659 0.2588
vn 0.5064 0.8329 0.2232
vn 0.8778 0.4628 0.1240
vn 0.9990 -0.0431 -0.0115
vn 0.8390 -0.5256 -0.1408
vn 0.4696 -0.8528 -0.2285
vn -0.0000 -0.9659 -0.2588
vn -0.4696 -0.8528 -0.2285
vn -0.8390 -0.5256 -0.1408
vt 0.042154 0.370000
vt 0.250000 0.010000
vt 0.457846 0.370000
vt 0.457846 0.130000
vt 0.042154 0.130000
vt 0.250000 0.490000
vt 0.010000 0.250000
vt 0.370000 0.042154
vt 0.490000 0.250000
vt 0.130000 0.042154
vt 0.130000 0.457846
vt 0.370000 0.457846
vt 0.083333 1.000000
vt 0.000000 0.500000
vt 0.083333 0.500000
vt 0.166667 1.000000
vt 0.166667 0.500000
vt 0.250000 1.000000
vt 0.250000 0.500000
vt 0.333333 1.000000
vt 0.333333 0.500000
vt 0.416667 1.000000
vt 0.416667 0.500000
vt 0.500000 1.000000
vt 0.500000 0.500000
vt 0.583333 0.500000
vt 0.666667 1.000000
vt 0.666667 0.500000
vt 0.750000 0.500000
vt 0.833333 1.000000
vt 0.833333 0.500000
vt 0.916667 0.500000
vt 1.000000 1.000000
vt 1.000000 0.500000
vt 0.000000 1.000000
vt 0.583333 1.000000
vt 0.750000 1.000000
vt 0.916667 1.000000
s 1
f 6413/1477/1119 6409/1478/1119 6405/1479/1119
f 6419/1480/1124 6423/1481/1124 6416/1482/1124
f 6304/1483/1114 6291/1481/1113 6292/1483/1114
f 6301/1478/1111 6288/1484/1110 6289/1478/1111
f 6298/1485/1108 6285/1479/1107 6286/1485/1108
f 6305/1477/1115 6292/1483/1114 6293/1477/1115
f 6302/1486/1112 6289/1478/1111 6290/1486/1112
f 6299/1480/1109 6286/1485/1108 6287/1480/1109
f 6306/1487/1116 6293/1477/1115 6294/1487/1116
f 6295/1488/1106 6283/1482/1105 6284/1488/1106
f 6303/1481/1113 6290/1486/1112 6291/1481/1113
f 6300/1484/1110 6287/1480/1109 6288/1484/1110
f 6296/1482/1105 6294/1487/1116 6283/1482/1105
f 6297/1479/1107 6284/1488/1106 6285/1479/1107
f 6437/1477/1114 6433/1478/1114 6429/1479/1114
f 6443/1480/1108 6447/1481/1108 6440/1482/1108
f 6328/1483/1124 6315/1481/1123 6316/1483/1124
f 6325/1478/1111 6312/1484/1121 6313/1478/1111
f 6322/1485/1119 6309/1479/1118 6310/1485/1119
f 6329/1477/1125 6316/1483/1124 6317/1477/1125
f 6326/1486/1122 6313/1478/1111 6314/1486/1122
f 6323/1480/1120 6310/1485/1119 6311/1480/1120
f 6330/1487/1126 6317/1477/1125 6318/1487/1126
f 6319/1488/1117 6307/1482/1105 6308/1488/1117
f 6327/1481/1123 6314/1486/1122 6315/1481/1123
f 6324/1484/1121 6311/1480/1120 6312/1484/1121
f 6320/1482/1105 6318/1487/1126 6307/1482/1105
f 6321/1479/1118 6308/1488/1117 6309/1479/1118
f 6349/1478/1145 6362/1486/1158 6350/1486/1146
f 6331/1482/1127 6354/1487/1150 6343/1482/1139
f 6332/1488/1128 6345/1479/1141 6333/1479/1129
f 6340/1483/1136 6351/1481/1147 6352/1483/1148
f 6337/1478/1133 6348/1484/1144 6349/1478/1145
f 6334/1485/1130 6345/1479/1141 6346/1485/1142
f 6340/1483/1136 6353/1477/1149 6341/1477/1137
f 6337/1478/1133 6350/1486/1146 6338/1486/1134
f 6334/1485/1130 6347/1480/1143 6335/1480/1131
f 6341/1477/1137 6354/1487/1150 6342/1487/1138
f 6331/1482/1127 6344/1488/1140 6332/1488/1128
f 6339/1481/1135 6350/1486/1146 6351/1481/1147
f 6336/1484/1132 6347/1480/1143 6348/1484/1144
f 6364/1483/1160 6377/1477/1173 6365/1477/1161
f 6347/1480/1143 6358/1485/1154 6359/1480/1155
f 6353/1477/1149 6366/1487/1162 6354/1487/1150
f 6343/1482/1139 6356/1488/1152 6344/1488/1140
f 6350/1486/1146 6363/1481/1159 6351/1481/1147
f 6348/1484/1144 6359/1480/1155 6360/1484/1156
f 6343/1482/1139 6366/1487/1162 6355/1482/1151
f 6344/1488/1140 6357/1479/1153 6345/1479/1141
f 6352/1483/1148 6363/1481/1159 6364/1483/1160
f 6349/1478/1145 6360/1484/1156 6361/1478/1157
f 6345/1479/1141 6358/1485/1154 6346/1485/1142
f 6352/1483/1148 6365/1477/1161 6353/1477/1149
f 6361/1478/1157 6374/1486/1170 6362/1486/1158
f 6358/1485/1154 6371/1480/1167 6359/1480/1155
f 6365/1477/1161 6378/1487/1174 6366/1487/1162
f 6355/1482/1151 6368/1488/1164 6356/1488/1152
f 6363/1481/1159 6374/1486/1170 6375/1481/1171
f 6360/1484/1156 6371/1480/1167 6372/1484/1168
f 6355/1482/1151 6378/1487/1174 6367/1482/1163
f 6356/1488/1152 6369/1479/1165 6357/1479/1153
f 6364/1483/1160 6375/1481/1171 6376/1483/1172
f 6361/1478/1157 6372/1484/1168 6373/1478/1169
f 6358/1485/1154 6369/1479/1165 6370/1485/1166
f 6379/1489/1126 6402/1490/1105 6380/1491/1126
f 6381/1492/1125 6380/1491/1126 6382/1493/1125
f 6383/1494/1124 6382/1493/1125 6384/1495/1124
f 6385/1496/1123 6384/1495/1124 6386/1497/1123
f 6387/1498/1122 6386/1497/1123 6388/1499/1122
f 6389/1500/1111 6388/1499/1122 6390/1501/1111
f 6392/1502/1121 6389/1500/1111 6390/1501/1111
f 6393/1503/1120 6392/1502/1121 6394/1504/1120
f 6396/1505/1119 6393/1503/1120 6394/1504/1120
f 6397/1506/1118 6396/1505/1119 6398/1507/1118
f 6400/1508/1117 6397/1506/1118 6398/1507/1118
f 6401/1509/1105 6400/1508/1117 6402/1510/1105
f 6405/1479/1119 6403/1488/1119 6404/1482/1119
f 6404/1482/1119 6414/1487/1119 6413/1477/1119
f 6413/1477/1119 6412/1483/1119 6411/1481/1119
f 6411/1481/1119 6410/1486/1119 6409/1478/1119
f 6409/1478/1119 6408/1484/1119 6407/1480/1119
f 6407/1480/1119 6406/1485/1119 6405/1479/1119
f 6405/1479/1119 6404/1482/1119 6413/1477/1119
f 6413/1477/1119 6411/1481/1119 6409/1478/1119
f 6409/1478/1119 6407/1480/1119 6405/1479/1119
f 6416/1482/1124 6415/1488/1124 6417/1479/1124
f 6417/1479/1124 6418/1485/1124 6419/1480/1124
f 6419/1480/1124 6420/1484/1124 6421/1478/1124
f 6421/1478/1124 6422/1486/1124 6423/1481/1124
f 6423/1481/1124 6424/1483/1124 6425/1477/1124
f 6425/1477/1124 6426/1487/1124 6416/1482/1124
f 6416/1482/1124 6417/1479/1124 6419/1480/1124
f 6419/1480/1124 6421/1478/1124 6423/1481/1124
f 6423/1481/1124 6425/1477/1124 6416/1482/1124
f 6304/1483/1114 6303/1481/1113 6291/1481/1113
f 6301/1478/1111 6300/1484/1110 6288/1484/1110
f 6298/1485/1108 6297/1479/1107 6285/1479/1107
f 6305/1477/1115 6304/1483/1114 6292/1483/1114
f 6302/1486/1112 6301/1478/1111 6289/1478/1111
f 6299/1480/1109 6298/1485/1108 6286/1485/1108
f 6306/1487/1116 6305/1477/1115 6293/1477/1115
f 6295/1488/1106 6296/1482/1105 6283/1482/1105
f 6303/1481/1113 6302/1486/1112 6290/1486/1112
f 6300/1484/1110 6299/1480/1109 6287/1480/1109
f 6296/1482/1105 6306/1487/1116 6294/1487/1116
f 6297/1479/1107 6295/1488/1106 6284/1488/1106
f 6429/1479/1114 6427/1488/1114 6428/1482/1114
f 6428/1482/1114 6438/1487/1114 6437/1477/1114
f 6437/1477/1114 6436/1483/1114 6435/1481/1114
f 6435/1481/1114 6434/1486/1114 6433/1478/1114
f 6433/1478/1114 6432/1484/1114 6431/1480/1114
f 6431/1480/1114 6430/1485/1114 6429/1479/1114
f 6429/1479/1114 6428/1482/1114 6437/1477/1114
f 6437/1477/1114 6435/1481/1114 6433/1478/1114
f 6433/1478/1114 6431/1480/1114 6429/1479/1114
f 6440/1482/1108 6439/1488/1108 6441/1479/1108
f 6441/1479/1108 6442/1485/1108 6443/1480/1108
f 6443/1480/1108 6444/1484/1108 6445/1478/1108
f 6445/1478/1108 6446/1486/1108 6447/1481/1108
f 6447/1481/1108 6448/1483/1108 6449/1477/1108
f 6449/1477/1108 6450/1487/1108 6440/1482/1108
f 6440/1482/1108 6441/1479/1108 6443/1480/1108
f 6443/1480/1108 6445/1478/1108 6447/1481/1108
f 6447/1481/1108 6449/1477/1108 6440/1482/1108
f 6328/1483/1124 6327/1481/1123 6315/1481/1123
f 6325/1478/1111 6324/1484/1121 6312/1484/1121
f 6322/1485/1119 6321/1479/1118 6309/1479/1118
f 6329/1477/1125 6328/1483/1124 6316/1483/1124
f 6326/1486/1122 6325/1478/1111 6313/1478/1111
f 6323/1480/1120 6322/1485/1119 6310/1485/1119
f 6330/1487/1126 6329/1477/1125 6317/1477/1125
f 6319/1488/1117 6320/1482/1105 6307/1482/1105
f 6327/1481/1123 6326/1486/1122 6314/1486/1122
f 6324/1484/1121 6323/1480/1120 6311/1480/1120
f 6320/1482/1105 6330/1487/1126 6318/1487/1126
f 6321/1479/1118 6319/1488/1117 6308/1488/1117
f 6349/1478/1145 6361/1478/1157 6362/1486/1158
f 6331/1482/1127 6342/1487/1138 6354/1487/1150
f 6332/1488/1128 6344/1488/1140 6345/1479/1141
f 6340/1483/1136 6339/1481/1135 6351/1481/1147
f 6337/1478/1133 6336/1484/1132 6348/1484/1144
f 6334/1485/1130 6333/1479/1129 6345/1479/1141
f 6340/1483/1136 6352/1483/1148 6353/1477/1149
f 6337/1478/1133 6349/1478/1145 6350/1486/1146
f 6334/1485/1130 6346/1485/1142 6347/1480/1143
f 6341/1477/1137 6353/1477/1149 6354/1487/1150
f 6331/1482/1127 6343/1482/1139 6344/1488/1140
f 6339/1481/1135 6338/1486/1134 6350/1486/1146
f 6336/1484/1132 6335/1480/1131 6347/1480/1143
f 6364/1483/1160 6376/1483/1172 6377/1477/1173
f 6347/1480/1143 6346/1485/1142 6358/1485/1154
f 6353/1477/1149 6365/1477/1161 6366/1487/1162
f 6343/1482/1139 6355/1482/1151 6356/1488/1152
f 6350/1486/1146 6362/1486/1158 6363/1481/1159
f 6348/1484/1144 6347/1480/1143 6359/1480/1155
f 6343/1482/1139 6354/1487/1150 6366/1487/1162
f 6344/1488/1140 6356/1488/1152 6357/1479/1153
f 6352/1483/1148 6351/1481/1147 6363/1481/1159
f 6349/1478/1145 6348/1484/1144 6360/1484/1156
f 6345/1479/1141 6357/1479/1153 6358/1485/1154
f 6352/1483/1148 6364/1483/1160 6365/1477/1161
f 6361/1478/1157 6373/1478/1169 6374/1486/1170
f 6358/1485/1154 6370/1485/1166 6371/1480/1167
f 6365/1477/1161 6377/1477/1173 6378/1487/1174
f 6355/1482/1151 6367/1482/1163 6368/1488/1164
f 6363/1481/1159 6362/1486/1158 6374/1486/1170
f 6360/1484/1156 6359/1480/1155 6371/1480/1167
f 6355/1482/1151 6366/1487/1162 6378/1487/1174
f 6356/1488/1152 6368/1488/1164 6369/1479/1165
f 6364/1483/1160 6363/1481/1159 6375/1481/1171
f 6361/1478/1157 6360/1484/1156 6372/1484/1168
f 6358/1485/1154 6357/1479/1153 6369/1479/1165
f 6379/1489/1126 6401/1511/1105 6402/1490/1105
f 6381/1492/1125 6379/1489/1126 6380/1491/1126
f 6383/1494/1124 6381/1492/1125 6382/1493/1125
f 6385/1496/1123 6383/1494/1124 6384/1495/1124
f 6387/1498/1122 6385/1496/1123 6386/1497/1123
f 6389/1500/1111 6387/1498/1122 6388/1499/1122
f 6392/1502/1121 6391/1512/1121 6389/1500/1111
f 6393/1503/1120 6391/1512/1121 6392/1502/1121
f 6396/1505/1119 6395/1513/1119 6393/1503/1120
f 6397/1506/1118 6395/1513/1119 6396/1505/1119
f 6400/1508/1117 6399/1514/1117 6397/1506/1118
f 6401/1509/1105 6399/1514/1117 6400/1508/1117
o Cube.051
v -0.781883 0.820000 -1.232385
v -0.818117 0.820000 -1.232386
v -0.849497 0.820000 -1.250503
v -0.867615 0.820000 -1.281883
v -0.867615 0.820000 -1.318117
v -0.849497 0.820000 -1.349497
v -0.818117 0.820000 -1.367615
v -0.781883 0.820000 -1.367615
v -0.750502 0.820000 -1.349498
v -0.732385 0.820000 -1.318117
v -0.732385 0.820000 -1.281883
v -0.750502 0.820000 -1.250503
v -0.818117 0.800000 -1.232386
v -0.781883 0.800000 -1.232385
v -0.849497 0.800000 -1.250503
v -0.867615 0.800000 -1.281883
v -0.867615 0.800000 -1.318117
v -0.849497 0.800000 -1.349497
v -0.818117 0.800000 -1.367615
v -0.781883 0.800000 -1.367615
v -0.750502 0.800000 -1.349498
v -0.732385 0.800000 -1.318117
v -0.732385 0.800000 -1.281883
v -0.750502 0.800000 -1.250503
v -0.781883 1.000000 -1.232385
v -0.818117 1.000000 -1.232386
v -0.849497 1.000000 -1.250503
v -0.867615 1.000000 -1.281883
v -0.867615 1.000000 -1.318117
v -0.849497 1.000000 -1.349497
v -0.818117 1.000000 -1.367615
v -0.781883 1.000000 -1.367615
v -0.750502 1.000000 -1.349498
v -0.732385 1.000000 -1.318117
v -0.732385 1.000000 -1.281883
v -0.750502 1.000000 -1.250503
v -0.818117 0.980000 -1.232386
v -0.781883 0.980000 -1.232385
v -0.849497 0.980000 -1.250503
v -0.867615 0.980000 -1.281883
v -0.867615 0.980000 -1.318117
v -0.849497 0.980000 -1.349497
v -0.818117 0.980000 -1.367615
v -0.781883 0.980000 -1.367615
v -0.750502 0.980000 -1.349498
v -0.732385 0.980000 -1.318117
v -0.732385 0.980000 -1.281883
v -0.750502 0.980000 -1.250503
v -0.784471 0.820000 -1.242045
v -0.784471 0.980000 -1.242045
v -0.815529 0.820000 -1.242045
v -0.815529 0.980000 -1.242045
v -0.842426 0.820000 -1.257574
v -0.842426 0.980000 -1.257574
v -0.857956 0.820000 -1.284471
v -0.857956 0.980000 -1.284471
v -0.857956 0.820000 -1.315529
v -0.857956 0.980000 -1.315529
v -0.842426 0.820000 -1.342427
v -0.842426 0.980000 -1.342427
v -0.815529 0.820000 -1.357956
v -0.815529 0.980000 -1.357956
v -0.784471 0.820000 -1.357956
v -0.784471 0.980000 -1.357956
v -0.757574 0.820000 -1.342427
v -0.757574 0.980000 -1.342427
v -0.742044 0.820000 -1.315529
v -0.742044 0.980000 -1.315529
v -0.742044 0.820000 -1.284471
v -0.742044 0.980000 -1.284471
v -0.757574 0.820000 -1.257574
v -0.757574 0.980000 -1.257574
v -0.782553 0.870040 -1.234887
v -0.782553 0.929960 -1.234887
v -0.817447 0.929960 -1.234887
v -0.817447 0.870040 -1.234887
v -0.847666 0.929960 -1.252334
v -0.847666 0.870040 -1.252334
v -0.865113 0.929960 -1.282553
v -0.865113 0.870040 -1.282553
v -0.865113 0.929960 -1.317447
v -0.865113 0.870040 -1.317447
v -0.847666 0.929960 -1.347666
v -0.847666 0.870040 -1.347666
v -0.817447 0.929960 -1.365113
v -0.817447 0.870040 -1.365113
v -0.782553 0.929960 -1.365113
v -0.782553 0.870040 -1.365113
v -0.752334 0.929960 -1.347666
v -0.752334 0.870040 -1.347666
v -0.734887 0.929960 -1.317447
v -0.734887 0.870040 -1.317447
v -0.734887 0.929960 -1.282553
v -0.734887 0.870040 -1.282553
v -0.752334 0.929960 -1.252334
v -0.752334 0.870040 -1.252334
v -0.782739 0.900000 -1.235583
v -0.695806 0.900000 -1.258876
v -0.785052 0.933345 -1.244213
v -0.698118 0.933345 -1.267507
v -0.791369 0.957755 -1.267792
v -0.704436 0.957755 -1.291085
v -0.800000 0.966690 -1.300000
v -0.713066 0.966690 -1.323294
v -0.808630 0.957755 -1.332209
v -0.721697 0.957755 -1.355503
v -0.814948 0.933345 -1.355788
v -0.728015 0.933345 -1.379081
v -0.817260 0.900000 -1.364418
v -0.730327 0.900000 -1.387712
v -0.814948 0.866655 -1.355788
v -0.728015 0.866655 -1.379081
v -0.808630 0.842245 -1.332209
v -0.721697 0.842244 -1.355503
v -0.800000 0.833310 -1.300000
v -0.713066 0.833310 -1.323294
v -0.791369 0.842245 -1.267792
v -0.704436 0.842244 -1.291085
v -0.785052 0.866655 -1.244213
v -0.698118 0.866655 -1.267507
v -0.818117 0.820000 -1.232386
v -0.781883 0.820000 -1.232385
v -0.849497 0.820000 -1.250503
v -0.867615 0.820000 -1.281883
v -0.867615 0.820000 -1.318117
v -0.849497 0.820000 -1.349497
v -0.818117 0.820000 -1.367615
v -0.781883 0.820000 -1.367615
v -0.750502 0.820000 -1.349498
v -0.732385 0.820000 -1.318117
v -0.732385 0.820000 -1.281883
v -0.750502 0.820000 -1.250503
v -0.818117 0.800000 -1.232386
v -0.781883 0.800000 -1.232385
v -0.849497 0.800000 -1.250503
v -0.867615 0.800000 -1.281883
v -0.867615 0.800000 -1.318117
v -0.849497 0.800000 -1.349497
v -0.818117 0.800000 -1.367615
v -0.781883 0.800000 -1.367615
v -0.750502 0.800000 -1.349498
v -0.732385 0.800000 -1.318117
v -0.732385 0.800000 -1.281883
v -0.750502 0.800000 -1.250503
v -0.818117 1.000000 -1.232386
v -0.781883 1.000000 -1.232385
v -0.849497 1.000000 -1.250503
v -0.867615 1.000000 -1.281883
v -0.867615 1.000000 -1.318117
v -0.849497 1.000000 -1.349497
v -0.818117 1.000000 -1.367615
v -0.781883 1.000000 -1.367615
v -0.750502 1.000000 -1.349498
v -0.732385 1.000000 -1.318117
v -0.732385 1.000000 -1.281883
v -0.750502 1.000000 -1.250503
v -0.818117 0.980000 -1.232386
v -0.781883 0.980000 -1.232385
v -0.849497 0.980000 -1.250503
v -0.867615 0.980000 -1.281883
v -0.867615 0.980000 -1.318117
v -0.849497 0.980000 -1.349497
v -0.818117 0.980000 -1.367615
v -0.781883 0.980000 -1.367615
v -0.750502 0.980000 -1.349498
v -0.732385 0.980000 -1.318117
v -0.732385 0.980000 -1.281883
v -0.750502 0.980000 -1.250503
v -0.698118 0.933345 -1.267507
v -0.695806 0.900000 -1.258876
v -0.704436 0.957755 -1.291085
v -0.713066 0.966690 -1.323294
v -0.721697 0.957755 -1.355503
v -0.728015 0.933345 -1.379081
v -0.730327 0.900000 -1.387712
v -0.728015 0.866655 -1.379081
v -0.721697 0.842244 -1.355503
v -0.713066 0.833310 -1.323294
v -0.704436 0.842244 -1.291085
v -0.698118 0.866655 -1.267507
vn 0.2588 -0.0000 0.9659
vn -0.2588 -0.0000 0.9659
vn -0.7071 -0.0000 0.7071
vn -0.9659 -0.0000 0.2588
vn -0.9659 -0.0000 -0.2588
vn -0.7071 -0.0000 -0.7071
vn -0.2588 -0.0000 -0.9659
vn 0.2588 -0.0000 -0.9659
vn 0.7071 -0.0000 -0.7071
vn 0.9659 -0.0000 -0.2588
vn 0.9659 -0.0000 0.2588
vn 0.7071 -0.0000 0.7071
vn 0.2560 -0.1465 0.9555
vn 0.2560 0.1465 0.9555
vn -0.2560 -0.1465 0.9555
vn -0.2560 0.1465 0.9555
vn -0.6995 -0.1465 0.6995
vn -0.6995 0.1465 0.6995
vn -0.9555 -0.1465 0.2560
vn -0.9555 0.1465 0.2560
vn -0.9555 -0.1465 -0.2560
vn -0.9555 0.1465 -0.2560
vn -0.6995 -0.1465 -0.6995
vn -0.6995 0.1465 -0.6995
vn -0.2560 -0.1465 -0.9555
vn -0.2560 0.1465 -0.9555
vn 0.2560 -0.1465 -0.9555
vn 0.2560 0.1465 -0.9555
vn 0.6995 -0.1465 -0.6995
vn 0.6995 0.1465 -0.6995
vn 0.9555 -0.1465 -0.2560
vn 0.9555 0.1465 -0.2560
vn 0.9555 -0.1465 0.2560
vn 0.9555 0.1465 0.2560
vn 0.6995 -0.1465 0.6995
vn 0.6995 0.1465 0.6995
vn 0.2581 -0.0726 0.9634
vn 0.2581 0.0726 0.9634
vn -0.2581 0.0726 0.9634
vn -0.2581 -0.0726 0.9634
vn -0.7052 0.0726 0.7052
vn -0.7052 -0.0726 0.7052
vn -0.9634 0.0726 0.2581
vn -0.9634 -0.0726 0.2581
vn -0.9634 0.0726 -0.2581
vn -0.9634 -0.0726 -0.2581
vn -0.7052 0.0726 -0.7052
vn -0.7052 -0.0726 -0.7052
vn -0.2581 0.0726 -0.9634
vn -0.2581 -0.0726 -0.9634
vn 0.2581 0.0726 -0.9634
vn 0.2581 -0.0726 -0.9634
vn 0.7052 0.0726 -0.7052
vn 0.7052 -0.0726 -0.7052
vn 0.9634 0.0726 -0.2581
vn 0.9634 -0.0726 -0.2581
vn 0.9634 0.0726 0.2581
vn 0.9634 -0.0726 0.2581
vn 0.7052 0.0726 0.7052
vn 0.7052 -0.0726 0.7052
vn 0.2241 0.5000 0.8365
vn 0.1294 0.8660 0.4830
vn -0.0000 1.0000 -0.0000
vn -0.1294 0.8660 -0.4830
vn -0.2241 0.5000 -0.8365
vn -0.2241 -0.5000 -0.8365
vn -0.1294 -0.8660 -0.4830
vn -0.0000 -1.0000 -0.0000
vn 0.1294 -0.8660 0.4830
vn 0.2241 -0.5000 0.8365
vt 0.042154 0.370000
vt 0.250000 0.010000
vt 0.457846 0.370000
vt 0.457846 0.130000
vt 0.042154 0.130000
vt 0.250000 0.490000
vt 0.010000 0.250000
vt 0.370000 0.042154
vt 0.490000 0.250000
vt 0.130000 0.042154
vt 0.130000 0.457846
vt 0.370000 0.457846
vt 1.000000 1.000000
vt 0.916667 0.833333
vt 1.000000 0.833333
vt 0.833333 1.000000
vt 0.833333 0.833333
vt 0.750000 0.833333
vt 0.666667 1.000000
vt 0.666667 0.833333
vt 0.583333 0.833333
vt 0.500000 1.000000
vt 0.500000 0.833333
vt 0.416667 0.833333
vt 0.333333 1.000000
vt 0.333333 0.833333
vt 0.250000 0.833333
vt 0.166667 1.000000
vt 0.166667 0.833333
vt 0.083333 0.833333
vt 0.000000 0.666667
vt 0.083333 0.666667
vt 0.000000 1.000000
vt 0.000000 0.833333
vt 0.000000 0.500000
vt 0.083333 0.500000
vt 0.166667 0.500000
vt 0.166667 0.666667
vt 0.250000 0.666667
vt 0.250000 0.500000
vt 0.333333 0.500000
vt 0.333333 0.666667
vt 0.416667 0.666667
vt 0.416667 0.500000
vt 0.500000 0.500000
vt 0.500000 0.666667
vt 0.583333 0.666667
vt 0.583333 0.500000
vt 0.666667 0.500000
vt 0.666667 0.666667
vt 0.750000 0.666667
vt 0.750000 0.500000
vt 0.833333 0.500000
vt 0.833333 0.666667
vt 0.916667 0.666667
vt 0.916667 0.500000
vt 1.000000 0.500000
vt 1.000000 0.666667
vt 0.916667 1.000000
vt 0.750000 1.000000
vt 0.583333 1.000000
vt 0.416667 1.000000
vt 0.250000 1.000000
vt 0.083333 1.000000
s 1
f 6581/1515/1237 6577/1516/1237 6573/1517/1237
f 6587/1518/1242 6591/1519/1242 6584/1520/1242
f 6472/1521/1184 6459/1519/1183 6460/1521/1184
f 6469/1516/1181 6456/1522/1180 6457/1516/1181
f 6466/1523/1178 6453/1517/1177 6454/1523/1178
f 6473/1515/1185 6460/1521/1184 6461/1515/1185
f 6470/1524/1182 6457/1516/1181 6458/1524/1182
f 6467/1518/1179 6454/1523/1178 6455/1518/1179
f 6474/1525/1186 6461/1515/1185 6462/1525/1186
f 6463/1526/1176 6451/1520/1175 6452/1526/1176
f 6471/1519/1183 6458/1524/1182 6459/1519/1183
f 6468/1522/1180 6455/1518/1179 6456/1522/1180
f 6464/1520/1175 6462/1525/1186 6451/1520/1175
f 6465/1517/1177 6452/1526/1176 6453/1517/1177
f 6605/1515/1237 6601/1516/1237 6597/1517/1237
f 6611/1518/1242 6615/1519/1242 6608/1520/1242
f 6496/1521/1184 6483/1519/1183 6484/1521/1184
f 6493/1516/1181 6480/1522/1180 6481/1516/1181
f 6490/1523/1178 6477/1517/1177 6478/1523/1178
f 6497/1515/1185 6484/1521/1184 6485/1515/1185
f 6494/1524/1182 6481/1516/1181 6482/1524/1182
f 6491/1518/1179 6478/1523/1178 6479/1518/1179
f 6498/1525/1186 6485/1515/1185 6486/1525/1186
f 6487/1526/1176 6475/1520/1175 6476/1526/1176
f 6495/1519/1183 6482/1524/1182 6483/1519/1183
f 6492/1522/1180 6479/1518/1179 6480/1522/1180
f 6488/1520/1175 6486/1525/1186 6475/1520/1175
f 6489/1517/1177 6476/1526/1176 6477/1517/1177
f 6500/1527/1188 6525/1528/1213 6524/1529/1212
f 6525/1528/1213 6504/1530/1192 6527/1531/1215
f 6504/1530/1192 6529/1532/1217 6527/1531/1215
f 6529/1532/1217 6508/1533/1196 6531/1534/1219
f 6508/1533/1196 6533/1535/1221 6531/1534/1219
f 6533/1535/1221 6512/1536/1200 6535/1537/1223
f 6512/1536/1200 6537/1538/1225 6535/1537/1223
f 6537/1538/1225 6516/1539/1204 6539/1540/1227
f 6516/1539/1204 6541/1541/1229 6539/1540/1227
f 6541/1541/1229 6520/1542/1208 6543/1543/1231
f 6545/1544/1233 6523/1545/1211 6546/1546/1234
f 6520/1542/1208 6545/1544/1233 6543/1543/1231
f 6545/1544/1233 6500/1547/1188 6524/1548/1212
f 6546/1546/1234 6499/1549/1187 6521/1550/1209
f 6519/1551/1207 6546/1546/1234 6521/1550/1209
f 6543/1543/1231 6546/1546/1234 6544/1552/1232
f 6542/1553/1230 6519/1551/1207 6517/1554/1205
f 6541/1541/1229 6544/1552/1232 6542/1553/1230
f 6515/1555/1203 6542/1553/1230 6517/1554/1205
f 6539/1540/1227 6542/1553/1230 6540/1556/1228
f 6538/1557/1226 6515/1555/1203 6513/1558/1201
f 6537/1538/1225 6540/1556/1228 6538/1557/1226
f 6511/1559/1199 6538/1557/1226 6513/1558/1201
f 6535/1537/1223 6538/1557/1226 6536/1560/1224
f 6534/1561/1222 6511/1559/1199 6509/1562/1197
f 6533/1535/1221 6536/1560/1224 6534/1561/1222
f 6507/1563/1195 6534/1561/1222 6509/1562/1197
f 6531/1534/1219 6534/1561/1222 6532/1564/1220
f 6530/1565/1218 6507/1563/1195 6505/1566/1193
f 6529/1532/1217 6532/1564/1220 6530/1565/1218
f 6503/1567/1191 6530/1565/1218 6505/1566/1193
f 6527/1531/1215 6530/1565/1218 6528/1568/1216
f 6526/1569/1214 6503/1567/1191 6501/1570/1189
f 6525/1528/1213 6528/1568/1216 6526/1569/1214
f 6499/1571/1187 6526/1569/1214 6501/1570/1189
f 6524/1529/1212 6526/1569/1214 6523/1572/1211
f 6547/1571/1175 6619/1573/1235 6549/1570/1235
f 6549/1570/1235 6621/1530/1236 6551/1567/1236
f 6551/1567/1236 6622/1574/1237 6553/1566/1237
f 6553/1566/1237 6623/1533/1238 6555/1563/1238
f 6555/1563/1238 6624/1575/1239 6557/1562/1239
f 6557/1562/1239 6625/1536/1181 6559/1559/1181
f 6625/1536/1181 6561/1558/1240 6559/1559/1181
f 6626/1576/1240 6563/1555/1241 6561/1558/1240
f 6627/1539/1241 6565/1554/1242 6563/1555/1241
f 6628/1577/1242 6567/1551/1243 6565/1554/1242
f 6568/1542/1184 6560/1536/1184 6552/1530/1184
f 6629/1542/1243 6569/1550/1244 6567/1551/1243
f 6570/1578/1244 6547/1549/1175 6569/1550/1244
f 6573/1517/1237 6571/1526/1237 6572/1520/1237
f 6572/1520/1237 6582/1525/1237 6581/1515/1237
f 6581/1515/1237 6580/1521/1237 6579/1519/1237
f 6579/1519/1237 6578/1524/1237 6577/1516/1237
f 6577/1516/1237 6576/1522/1237 6575/1518/1237
f 6575/1518/1237 6574/1523/1237 6573/1517/1237
f 6573/1517/1237 6572/1520/1237 6581/1515/1237
f 6581/1515/1237 6579/1519/1237 6577/1516/1237
f 6577/1516/1237 6575/1518/1237 6573/1517/1237
f 6584/1520/1242 6583/1526/1242 6585/1517/1242
f 6585/1517/1242 6586/1523/1242 6587/1518/1242
f 6587/1518/1242 6588/1522/1242 6589/1516/1242
f 6589/1516/1242 6590/1524/1242 6591/1519/1242
f 6591/1519/1242 6592/1521/1242 6593/1515/1242
f 6593/1515/1242 6594/1525/1242 6584/1520/1242
f 6584/1520/1242 6585/1517/1242 6587/1518/1242
f 6587/1518/1242 6589/1516/1242 6591/1519/1242
f 6591/1519/1242 6593/1515/1242 6584/1520/1242
f 6472/1521/1184 6471/1519/1183 6459/1519/1183
f 6469/1516/1181 6468/1522/1180 6456/1522/1180
f 6466/1523/1178 6465/1517/1177 6453/1517/1177
f 6473/1515/1185 6472/1521/1184 6460/1521/1184
f 6470/1524/1182 6469/1516/1181 6457/1516/1181
f 6467/1518/1179 6466/1523/1178 6454/1523/1178
f 6474/1525/1186 6473/1515/1185 6461/1515/1185
f 6463/1526/1176 6464/1520/1175 6451/1520/1175
f 6471/1519/1183 6470/1524/1182 6458/1524/1182
f 6468/1522/1180 6467/1518/1179 6455/1518/1179
f 6464/1520/1175 6474/1525/1186 6462/1525/1186
f 6465/1517/1177 6463/1526/1176 6452/1526/1176
f 6597/1517/1237 6595/1526/1237 6596/1520/1237
f 6596/1520/1237 6606/1525/1237 6605/1515/1237
f 6605/1515/1237 6604/1521/1237 6603/1519/1237
f 6603/1519/1237 6602/1524/1237 6601/1516/1237
f 6601/1516/1237 6600/1522/1237 6599/1518/1237
f 6599/1518/1237 6598/1523/1237 6597/1517/1237
f 6597/1517/1237 6596/1520/1237 6605/1515/1237
f 6605/1515/1237 6603/1519/1237 6601/1516/1237
f 6601/1516/1237 6599/1518/1237 6597/1517/1237
f 6608/1520/1242 6607/1526/1242 6609/1517/1242
f 6609/1517/1242 6610/1523/1242 6611/1518/1242
f 6611/1518/1242 6612/1522/1242 6613/1516/1242
f 6613/1516/1242 6614/1524/1242 6615/1519/1242
f 6615/1519/1242 6616/1521/1242 6617/1515/1242
f 6617/1515/1242 6618/1525/1242 6608/1520/1242
f 6608/1520/1242 6609/1517/1242 6611/1518/1242
f 6611/1518/1242 6613/1516/1242 6615/1519/1242
f 6615/1519/1242 6617/1515/1242 6608/1520/1242
f 6496/1521/1184 6495/1519/1183 6483/1519/1183
f 6493/1516/1181 6492/1522/1180 6480/1522/1180
f 6490/1523/1178 6489/1517/1177 6477/1517/1177
f 6497/1515/1185 6496/1521/1184 6484/1521/1184
f 6494/1524/1182 6493/1516/1181 6481/1516/1181
f 6491/1518/1179 6490/1523/1178 6478/1523/1178
f 6498/1525/1186 6497/1515/1185 6485/1515/1185
f 6487/1526/1176 6488/1520/1175 6475/1520/1175
f 6495/1519/1183 6494/1524/1182 6482/1524/1182
f 6492/1522/1180 6491/1518/1179 6479/1518/1179
f 6488/1520/1175 6498/1525/1186 6486/1525/1186
f 6489/1517/1177 6487/1526/1176 6476/1526/1176
f 6500/1527/1188 6502/1573/1190 6525/1528/1213
f 6525/1528/1213 6502/1573/1190 6504/1530/1192
f 6504/1530/1192 6506/1574/1194 6529/1532/1217
f 6529/1532/1217 6506/1574/1194 6508/1533/1196
f 6508/1533/1196 6510/1575/1198 6533/1535/1221
f 6533/1535/1221 6510/1575/1198 6512/1536/1200
f 6512/1536/1200 6514/1576/1202 6537/1538/1225
f 6537/1538/1225 6514/1576/1202 6516/1539/1204
f 6516/1539/1204 6518/1577/1206 6541/1541/1229
f 6541/1541/1229 6518/1577/1206 6520/1542/1208
f 6545/1544/1233 6524/1548/1212 6523/1545/1211
f 6520/1542/1208 6522/1578/1210 6545/1544/1233
f 6545/1544/1233 6522/1578/1210 6500/1547/1188
f 6546/1546/1234 6523/1545/1211 6499/1549/1187
f 6519/1551/1207 6544/1552/1232 6546/1546/1234
f 6543/1543/1231 6545/1544/1233 6546/1546/1234
f 6542/1553/1230 6544/1552/1232 6519/1551/1207
f 6541/1541/1229 6543/1543/1231 6544/1552/1232
f 6515/1555/1203 6540/1556/1228 6542/1553/1230
f 6539/1540/1227 6541/1541/1229 6542/1553/1230
f 6538/1557/1226 6540/1556/1228 6515/1555/1203
f 6537/1538/1225 6539/1540/1227 6540/1556/1228
f 6511/1559/1199 6536/1560/1224 6538/1557/1226
f 6535/1537/1223 6537/1538/1225 6538/1557/1226
f 6534/1561/1222 6536/1560/1224 6511/1559/1199
f 6533/1535/1221 6535/1537/1223 6536/1560/1224
f 6507/1563/1195 6532/1564/1220 6534/1561/1222
f 6531/1534/1219 6533/1535/1221 6534/1561/1222
f 6530/1565/1218 6532/1564/1220 6507/1563/1195
f 6529/1532/1217 6531/1534/1219 6532/1564/1220
f 6503/1567/1191 6528/1568/1216 6530/1565/1218
f 6527/1531/1215 6529/1532/1217 6530/1565/1218
f 6526/1569/1214 6528/1568/1216 6503/1567/1191
f 6525/1528/1213 6527/1531/1215 6528/1568/1216
f 6499/1571/1187 6523/1572/1211 6526/1569/1214
f 6524/1529/1212 6525/1528/1213 6526/1569/1214
f 6547/1571/1175 6620/1527/1175 6619/1573/1235
f 6549/1570/1235 6619/1573/1235 6621/1530/1236
f 6551/1567/1236 6621/1530/1236 6622/1574/1237
f 6553/1566/1237 6622/1574/1237 6623/1533/1238
f 6555/1563/1238 6623/1533/1238 6624/1575/1239
f 6557/1562/1239 6624/1575/1239 6625/1536/1181
f 6625/1536/1181 6626/1576/1240 6561/1558/1240
f 6626/1576/1240 6627/1539/1241 6563/1555/1241
f 6627/1539/1241 6628/1577/1242 6565/1554/1242
f 6628/1577/1242 6629/1542/1243 6567/1551/1243
f 6552/1530/1184 6550/1573/1184 6548/1527/1184
f 6548/1527/1184 6630/1578/1184 6568/1542/1184
f 6568/1542/1184 6566/1577/1184 6564/1539/1184
f 6564/1539/1184 6562/1576/1184 6560/1536/1184
f 6560/1536/1184 6558/1575/1184 6556/1533/1184
f 6556/1533/1184 6554/1574/1184 6552/1530/1184
f 6552/1530/1184 6548/1527/1184 6568/1542/1184
f 6568/1542/1184 6564/1539/1184 6560/1536/1184
f 6560/1536/1184 6556/1533/1184 6552/1530/1184
f 6629/1542/1243 6570/1578/1244 6569/1550/1244
f 6570/1578/1244 6620/1547/1175 6547/1549/1175
o Cube.052
v 0.048333 0.970000 -1.421448
v 0.014299 0.960621 -1.413281
v -0.010615 0.935000 -1.407302
v -0.019734 0.900000 -1.405114
v -0.010615 0.865000 -1.407302
v 0.014299 0.839378 -1.413281
v 0.048333 0.830000 -1.421448
v 0.082367 0.839378 -1.429615
v 0.107281 0.865000 -1.435594
v 0.116401 0.900000 -1.437782
v 0.107281 0.935000 -1.435594
v 0.082367 0.960621 -1.429615
v 0.018966 0.960621 -1.393833
v 0.053000 0.970000 -1.402000
v -0.005948 0.935000 -1.387855
v -0.015068 0.900000 -1.385666
v -0.005948 0.865000 -1.387855
v 0.018966 0.839378 -1.393833
v 0.053000 0.830000 -1.402000
v 0.087034 0.839378 -1.410167
v 0.111948 0.865000 -1.416146
v 0.121068 0.900000 -1.418334
v 0.111948 0.935000 -1.416146
v 0.087034 0.960621 -1.410167
v -0.048126 0.970000 -1.480572
v -0.056293 0.960621 -1.514606
v -0.062271 0.934999 -1.539521
v -0.064460 0.899999 -1.548640
v -0.062271 0.865000 -1.539521
v -0.056293 0.839378 -1.514606
v -0.048126 0.830000 -1.480572
v -0.039959 0.839378 -1.446538
v -0.033980 0.865000 -1.421624
v -0.031792 0.900000 -1.412505
v -0.033980 0.935000 -1.421624
v -0.039959 0.960621 -1.446538
v -0.075741 0.960621 -1.509939
v -0.067574 0.970000 -1.475905
v -0.081719 0.934999 -1.534854
v -0.083908 0.899999 -1.543973
v -0.081719 0.865000 -1.534854
v -0.075741 0.839378 -1.509939
v -0.067574 0.830000 -1.475905
v -0.059407 0.839378 -1.441871
v -0.053428 0.865000 -1.416957
v -0.051240 0.900000 -1.407838
v -0.053428 0.935000 -1.416957
v -0.059407 0.960621 -1.441872
v 0.048333 0.960000 -1.421448
v 0.019161 0.951961 -1.414448
v -0.002194 0.930000 -1.409323
v -0.010011 0.900000 -1.407448
v -0.002194 0.870000 -1.409323
v 0.019161 0.848038 -1.414448
v 0.048333 0.840000 -1.421448
v 0.077505 0.848038 -1.428448
v 0.098860 0.870000 -1.433573
v 0.106677 0.900000 -1.435449
v 0.098860 0.930000 -1.433573
v 0.077505 0.951961 -1.428448
v 0.028577 0.960000 -1.457843
v 0.006814 0.951961 -1.437194
v -0.009118 0.930000 -1.422079
v -0.014949 0.900000 -1.416546
v -0.009118 0.870000 -1.422079
v 0.006814 0.848038 -1.437194
v 0.028577 0.839999 -1.457843
v 0.050341 0.848038 -1.478491
v 0.066273 0.870000 -1.493607
v 0.072104 0.900000 -1.499140
v 0.066273 0.930000 -1.493607
v 0.050341 0.951961 -1.478491
v -0.006729 0.960000 -1.479484
v -0.015252 0.951961 -1.450720
v -0.021492 0.930000 -1.429664
v -0.023776 0.900000 -1.421956
v -0.021492 0.870000 -1.429663
v -0.015252 0.848038 -1.450720
v -0.006729 0.839999 -1.479484
v 0.001795 0.848038 -1.508247
v 0.008034 0.870000 -1.529304
v 0.010318 0.899999 -1.537011
v 0.008034 0.929999 -1.529304
v 0.001795 0.951961 -1.508247
v -0.048126 0.960000 -1.480572
v -0.041125 0.951961 -1.451401
v -0.036000 0.930000 -1.430045
v -0.034125 0.900000 -1.422228
v -0.036000 0.870000 -1.430045
v -0.041125 0.848038 -1.451400
v -0.048126 0.839999 -1.480572
v -0.055126 0.848038 -1.509744
v -0.060250 0.870000 -1.531099
v -0.062126 0.899999 -1.538916
v -0.060250 0.929999 -1.531099
v -0.055126 0.951961 -1.509744
v -0.060574 0.951961 -1.446734
v -0.741250 0.951961 -1.283395
v -0.055449 0.930000 -1.425378
v -0.736125 0.930000 -1.262039
v -0.053573 0.900000 -1.417562
v -0.734249 0.900000 -1.254223
v -0.055449 0.870000 -1.425378
v -0.736125 0.870000 -1.262039
v -0.060574 0.848038 -1.446734
v -0.741250 0.848038 -1.283395
v -0.067574 0.840000 -1.475906
v -0.748250 0.840000 -1.312566
v -0.074574 0.848038 -1.505077
v -0.755250 0.848038 -1.341738
v -0.079699 0.870000 -1.526433
v -0.760375 0.870000 -1.363094
v -0.081574 0.900000 -1.534249
v -0.762250 0.900000 -1.370910
v -0.079699 0.930000 -1.526433
v -0.760375 0.930000 -1.363094
v -0.074574 0.951961 -1.505077
v -0.755250 0.951961 -1.341738
v -0.067574 0.960000 -1.475906
v -0.748250 0.960000 -1.312566
v 0.023828 0.951961 -1.395000
v 0.002473 0.930000 -1.389876
v -0.005344 0.900000 -1.388000
v 0.002473 0.870000 -1.389876
v 0.023828 0.848038 -1.395000
v 0.053000 0.840000 -1.402000
v 0.082172 0.848038 -1.409001
v 0.103527 0.870000 -1.414125
v 0.111344 0.900000 -1.416001
v 0.103527 0.930000 -1.414125
v 0.082172 0.951961 -1.409001
v 0.053000 0.960000 -1.402000
v 0.054163 0.951961 -1.268589
v 0.032808 0.930000 -1.263464
v 0.024991 0.900000 -1.261589
v 0.032807 0.870000 -1.263464
v 0.054163 0.848038 -1.268589
v 0.083334 0.840000 -1.275589
v 0.112506 0.848038 -1.282589
v 0.133862 0.870000 -1.287714
v 0.141678 0.900000 -1.289590
v 0.133862 0.930000 -1.287714
v 0.112507 0.951961 -1.282589
v 0.083335 0.960000 -1.275589
v 0.014299 0.960621 -1.413281
v 0.048333 0.970000 -1.421448
v -0.010615 0.935000 -1.407302
v -0.019734 0.900000 -1.405114
v -0.010615 0.865000 -1.407302
v 0.014299 0.839378 -1.413281
v 0.048333 0.830000 -1.421448
v 0.082367 0.839378 -1.429615
v 0.107281 0.865000 -1.435594
v 0.116401 0.900000 -1.437782
v 0.107281 0.935000 -1.435594
v 0.082367 0.960621 -1.429615
v 0.018966 0.960621 -1.393833
v 0.053000 0.970000 -1.402000
v -0.005948 0.935000 -1.387855
v -0.015068 0.900000 -1.385666
v -0.005948 0.865000 -1.387855
v 0.018966 0.839378 -1.393833
v 0.053000 0.830000 -1.402000
v 0.087034 0.839378 -1.410167
v 0.111948 0.865000 -1.416146
v 0.121068 0.900000 -1.418334
v 0.111948 0.935000 -1.416146
v 0.087034 0.960621 -1.410167
v -0.056293 0.960621 -1.514606
v -0.048126 0.970000 -1.480572
v -0.062271 0.934999 -1.539521
v -0.064460 0.899999 -1.548640
v -0.062271 0.865000 -1.539521
v -0.056293 0.839378 -1.514606
v -0.048126 0.830000 -1.480572
v -0.039959 0.839378 -1.446538
v -0.033980 0.865000 -1.421624
v -0.031792 0.900000 -1.412505
v -0.033980 0.935000 -1.421624
v -0.039959 0.960621 -1.446538
v -0.075741 0.960621 -1.509939
v -0.067574 0.970000 -1.475905
v -0.081719 0.934999 -1.534854
v -0.083908 0.899999 -1.543973
v -0.081719 0.865000 -1.534854
v -0.075741 0.839378 -1.509939
v -0.067574 0.830000 -1.475905
v -0.059407 0.839378 -1.441871
v -0.053428 0.865000 -1.416957
v -0.051240 0.900000 -1.407838
v -0.053428 0.935000 -1.416957
v -0.059407 0.960621 -1.441872
vn -0.0000 1.0000 -0.0000
vn -0.4862 0.8660 0.1167
vn -0.8421 0.5000 0.2021
vn -0.9724 -0.0000 0.2333
vn -0.8421 -0.5000 0.2021
vn -0.4862 -0.8660 0.1167
vn -0.0000 -1.0000 -0.0000
vn 0.4862 -0.8660 -0.1167
vn 0.8421 -0.5000 -0.2021
vn 0.9724 -0.0000 -0.2333
vn 0.8421 0.5000 -0.2021
vn 0.4862 0.8660 -0.1167
vn -0.1167 0.8660 -0.4862
vn -0.2021 0.5000 -0.8421
vn -0.2333 -0.0000 -0.9724
vn -0.2021 -0.5000 -0.8421
vn -0.1167 -0.8660 -0.4862
vn 0.1167 -0.8660 0.4862
vn 0.2021 -0.5000 0.8421
vn 0.2333 -0.0000 0.9724
vn 0.2021 0.5000 0.8421
vn 0.1167 0.8660 0.4862
vn 0.0392 0.9990 -0.0213
vn -0.4210 0.8778 0.2285
vn -0.7579 0.5063 0.4114
vn -0.8789 -0.0000 0.4771
vn -0.7579 -0.5063 0.4114
vn -0.4210 -0.8778 0.2286
vn 0.0392 -0.9990 -0.0213
vn 0.4782 -0.8390 -0.2596
vn 0.7759 -0.4696 -0.4212
vn 0.8789 -0.0000 -0.4771
vn 0.7759 0.4696 -0.4212
vn 0.4782 0.8390 -0.2596
vn 0.0312 0.9991 -0.0296
vn -0.3383 0.8846 0.3210
vn -0.6199 0.5195 0.5881
vn -0.7254 -0.0000 0.6883
vn -0.6199 -0.5195 0.5881
vn -0.3383 -0.8846 0.3210
vn 0.0312 -0.9991 -0.0296
vn 0.3851 -0.8474 -0.3654
vn 0.6355 -0.4823 -0.6029
vn 0.7255 -0.0000 -0.6883
vn 0.6355 0.4823 -0.6029
vn 0.3851 0.8474 -0.3654
vn 0.0122 0.9991 -0.0413
vn -0.1325 0.8846 0.4471
vn -0.2428 0.5195 0.8193
vn -0.2841 -0.0000 0.9588
vn -0.2428 -0.5195 0.8193
vn -0.1325 -0.8846 0.4471
vn 0.0122 -0.9991 -0.0413
vn 0.1508 -0.8474 -0.5090
vn 0.2489 -0.4824 -0.8399
vn 0.2841 -0.0000 -0.9588
vn 0.2489 0.4823 -0.8399
vn 0.1508 0.8474 -0.5090
vn 0.0012 0.9990 -0.0446
vn -0.0126 0.8778 0.4789
vn -0.0227 0.5064 0.8620
vn -0.0263 -0.0000 0.9997
vn -0.0227 -0.5064 0.8620
vn -0.0126 -0.8778 0.4789
vn 0.0012 -0.9990 -0.0446
vn 0.0143 -0.8390 -0.5440
vn 0.0232 -0.4696 -0.8826
vn 0.0263 -0.0000 -0.9997
vn 0.0232 0.4696 -0.8826
vn 0.0143 0.8390 -0.5440
vt 0.042154 0.370000
vt 0.250000 0.010000
vt 0.457846 0.370000
vt 0.457846 0.130000
vt 0.042154 0.130000
vt 0.250000 0.490000
vt 0.010000 0.250000
vt 0.370000 0.042154
vt 0.490000 0.250000
vt 0.130000 0.042154
vt 0.130000 0.457846
vt 0.370000 0.457846
vt 0.083333 1.000000
vt 0.000000 0.500000
vt 0.083333 0.500000
vt 0.166667 1.000000
vt 0.166667 0.500000
vt 0.250000 1.000000
vt 0.250000 0.500000
vt 0.333333 1.000000
vt 0.333333 0.500000
vt 0.416667 1.000000
vt 0.416667 0.500000
vt 0.500000 1.000000
vt 0.500000 0.500000
vt 0.583333 0.500000
vt 0.666667 1.000000
vt 0.666667 0.500000
vt 0.750000 1.000000
vt 0.750000 0.500000
vt 0.833333 1.000000
vt 0.833333 0.500000
vt 0.916667 0.500000
vt 1.000000 1.000000
vt 1.000000 0.500000
vt 0.000000 0.000000
vt 0.000000 1.000000
vt 0.583333 1.000000
vt 0.916667 1.000000
s 1
f 6785/1579/1259 6781/1580/1259 6777/1581/1259
f 6791/1582/1264 6795/1583/1264 6788/1584/1264
f 6652/1585/1254 6639/1583/1253 6640/1585/1254
f 6649/1580/1251 6636/1586/1250 6637/1580/1251
f 6646/1587/1248 6633/1581/1247 6634/1587/1248
f 6653/1579/1255 6640/1585/1254 6641/1579/1255
f 6650/1588/1252 6637/1580/1251 6638/1588/1252
f 6647/1582/1249 6634/1587/1248 6635/1582/1249
f 6654/1589/1256 6641/1579/1255 6642/1589/1256
f 6643/1590/1246 6631/1584/1245 6632/1590/1246
f 6651/1583/1253 6638/1588/1252 6639/1583/1253
f 6648/1586/1250 6635/1582/1249 6636/1586/1250
f 6644/1584/1245 6642/1589/1256 6631/1584/1245
f 6645/1581/1247 6632/1590/1246 6633/1581/1247
f 6809/1579/1254 6805/1580/1254 6801/1581/1254
f 6815/1582/1248 6819/1583/1248 6812/1584/1248
f 6676/1585/1264 6663/1583/1263 6664/1585/1264
f 6673/1580/1251 6660/1586/1261 6661/1580/1251
f 6670/1587/1259 6657/1581/1258 6658/1587/1259
f 6677/1579/1265 6664/1585/1264 6665/1579/1265
f 6674/1588/1262 6661/1580/1251 6662/1588/1262
f 6671/1582/1260 6658/1587/1259 6659/1582/1260
f 6678/1589/1266 6665/1579/1265 6666/1589/1266
f 6667/1590/1257 6655/1584/1245 6656/1590/1257
f 6675/1583/1263 6662/1588/1262 6663/1583/1263
f 6672/1586/1261 6659/1582/1260 6660/1586/1261
f 6668/1584/1245 6666/1589/1266 6655/1584/1245
f 6669/1581/1258 6656/1590/1257 6657/1581/1258
f 6697/1580/1285 6710/1588/1298 6698/1588/1286
f 6679/1584/1267 6702/1589/1290 6691/1584/1279
f 6680/1590/1268 6693/1581/1281 6681/1581/1269
f 6688/1585/1276 6699/1583/1287 6700/1585/1288
f 6685/1580/1273 6696/1586/1284 6697/1580/1285
f 6682/1587/1270 6693/1581/1281 6694/1587/1282
f 6688/1585/1276 6701/1579/1289 6689/1579/1277
f 6685/1580/1273 6698/1588/1286 6686/1588/1274
f 6682/1587/1270 6695/1582/1283 6683/1582/1271
f 6689/1579/1277 6702/1589/1290 6690/1589/1278
f 6679/1584/1267 6692/1590/1280 6680/1590/1268
f 6687/1583/1275 6698/1588/1286 6699/1583/1287
f 6684/1586/1272 6695/1582/1283 6696/1586/1284
f 6712/1585/1300 6725/1579/1313 6713/1579/1301
f 6695/1582/1283 6706/1587/1294 6707/1582/1295
f 6701/1579/1289 6714/1589/1302 6702/1589/1290
f 6691/1584/1279 6704/1590/1292 6692/1590/1280
f 6698/1588/1286 6711/1583/1299 6699/1583/1287
f 6696/1586/1284 6707/1582/1295 6708/1586/1296
f 6691/1584/1279 6714/1589/1302 6703/1584/1291
f 6692/1590/1280 6705/1581/1293 6693/1581/1281
f 6700/1585/1288 6711/1583/1299 6712/1585/1300
f 6697/1580/1285 6708/1586/1296 6709/1580/1297
f 6693/1581/1281 6706/1587/1294 6694/1587/1282
f 6700/1585/1288 6713/1579/1301 6701/1579/1289
f 6709/1580/1297 6722/1588/1310 6710/1588/1298
f 6706/1587/1294 6719/1582/1307 6707/1582/1295
f 6713/1579/1301 6726/1589/1314 6714/1589/1302
f 6703/1584/1291 6716/1590/1304 6704/1590/1292
f 6711/1583/1299 6722/1588/1310 6723/1583/1311
f 6708/1586/1296 6719/1582/1307 6720/1586/1308
f 6703/1584/1291 6726/1589/1314 6715/1584/1303
f 6704/1590/1292 6717/1581/1305 6705/1581/1293
f 6712/1585/1300 6723/1583/1311 6724/1585/1312
f 6709/1580/1297 6720/1586/1308 6721/1580/1309
f 6706/1587/1294 6717/1581/1305 6718/1587/1306
f 6727/1591/1266 6750/1592/1245 6728/1593/1266
f 6729/1594/1265 6728/1593/1266 6730/1595/1265
f 6731/1596/1264 6730/1595/1265 6732/1597/1264
f 6733/1598/1263 6732/1597/1264 6734/1599/1263
f 6735/1600/1262 6734/1599/1263 6736/1601/1262
f 6737/1602/1251 6736/1601/1262 6738/1603/1251
f 6740/1604/1261 6737/1602/1251 6738/1603/1251
f 6741/1605/1260 6740/1604/1261 6742/1606/1260
f 6743/1607/1259 6742/1606/1260 6744/1608/1259
f 6745/1609/1258 6744/1608/1259 6746/1610/1258
f 6748/1611/1257 6745/1609/1258 6746/1610/1258
f 6749/1612/1245 6748/1611/1257 6750/1613/1245
f 6774/1614/1245 6761/1614/1256 6762/1614/1245
f 6764/1614/1247 6751/1614/1246 6752/1614/1247
f 6759/1614/1254 6770/1614/1253 6758/1614/1253
f 6768/1614/1251 6755/1614/1250 6756/1614/1251
f 6753/1614/1248 6764/1614/1247 6752/1614/1247
f 6772/1614/1255 6759/1614/1254 6760/1614/1255
f 6757/1614/1252 6768/1614/1251 6756/1614/1251
f 6766/1614/1249 6753/1614/1248 6754/1614/1249
f 6761/1614/1256 6772/1614/1255 6760/1614/1255
f 6763/1614/1246 6762/1614/1245 6751/1614/1246
f 6770/1614/1253 6757/1614/1252 6758/1614/1253
f 6767/1614/1250 6754/1614/1249 6755/1614/1250
f 6777/1581/1259 6775/1590/1259 6776/1584/1259
f 6776/1584/1259 6786/1589/1259 6785/1579/1259
f 6785/1579/1259 6784/1585/1259 6783/1583/1259
f 6783/1583/1259 6782/1588/1259 6781/1580/1259
f 6781/1580/1259 6780/1586/1259 6779/1582/1259
f 6779/1582/1259 6778/1587/1259 6777/1581/1259
f 6777/1581/1259 6776/1584/1259 6785/1579/1259
f 6785/1579/1259 6783/1583/1259 6781/1580/1259
f 6781/1580/1259 6779/1582/1259 6777/1581/1259
f 6788/1584/1264 6787/1590/1264 6789/1581/1264
f 6789/1581/1264 6790/1587/1264 6791/1582/1264
f 6791/1582/1264 6792/1586/1264 6793/1580/1264
f 6793/1580/1264 6794/1588/1264 6795/1583/1264
f 6795/1583/1264 6796/1585/1264 6797/1579/1264
f 6797/1579/1264 6798/1589/1264 6788/1584/1264
f 6788/1584/1264 6789/1581/1264 6791/1582/1264
f 6791/1582/1264 6793/1580/1264 6795/1583/1264
f 6795/1583/1264 6797/1579/1264 6788/1584/1264
f 6652/1585/1254 6651/1583/1253 6639/1583/1253
f 6649/1580/1251 6648/1586/1250 6636/1586/1250
f 6646/1587/1248 6645/1581/1247 6633/1581/1247
f 6653/1579/1255 6652/1585/1254 6640/1585/1254
f 6650/1588/1252 6649/1580/1251 6637/1580/1251
f 6647/1582/1249 6646/1587/1248 6634/1587/1248
f 6654/1589/1256 6653/1579/1255 6641/1579/1255
f 6643/1590/1246 6644/1584/1245 6631/1584/1245
f 6651/1583/1253 6650/1588/1252 6638/1588/1252
f 6648/1586/1250 6647/1582/1249 6635/1582/1249
f 6644/1584/1245 6654/1589/1256 6642/1589/1256
f 6645/1581/1247 6643/1590/1246 6632/1590/1246
f 6801/1581/1254 6799/1590/1254 6800/1584/1254
f 6800/1584/1254 6810/1589/1254 6809/1579/1254
f 6809/1579/1254 6808/1585/1254 6807/1583/1254
f 6807/1583/1254 6806/1588/1254 6805/1580/1254
f 6805/1580/1254 6804/1586/1254 6803/1582/1254
f 6803/1582/1254 6802/1587/1254 6801/1581/1254
f 6801/1581/1254 6800/1584/1254 6809/1579/1254
f 6809/1579/1254 6807/1583/1254 6805/1580/1254
f 6805/1580/1254 6803/1582/1254 6801/1581/1254
f 6812/1584/1248 6811/1590/1248 6813/1581/1248
f 6813/1581/1248 6814/1587/1248 6815/1582/1248
f 6815/1582/1248 6816/1586/1248 6817/1580/1248
f 6817/1580/1248 6818/1588/1248 6819/1583/1248
f 6819/1583/1248 6820/1585/1248 6821/1579/1248
f 6821/1579/1248 6822/1589/1248 6812/1584/1248
f 6812/1584/1248 6813/1581/1248 6815/1582/1248
f 6815/1582/1248 6817/1580/1248 6819/1583/1248
f 6819/1583/1248 6821/1579/1248 6812/1584/1248
f 6676/1585/1264 6675/1583/1263 6663/1583/1263
f 6673/1580/1251 6672/1586/1261 6660/1586/1261
f 6670/1587/1259 6669/1581/1258 6657/1581/1258
f 6677/1579/1265 6676/1585/1264 6664/1585/1264
f 6674/1588/1262 6673/1580/1251 6661/1580/1251
f 6671/1582/1260 6670/1587/1259 6658/1587/1259
f 6678/1589/1266 6677/1579/1265 6665/1579/1265
f 6667/1590/1257 6668/1584/1245 6655/1584/1245
f 6675/1583/1263 6674/1588/1262 6662/1588/1262
f 6672/1586/1261 6671/1582/1260 6659/1582/1260
f 6668/1584/1245 6678/1589/1266 6666/1589/1266
f 6669/1581/1258 6667/1590/1257 6656/1590/1257
f 6697/1580/1285 6709/1580/1297 6710/1588/1298
f 6679/1584/1267 6690/1589/1278 6702/1589/1290
f 6680/1590/1268 6692/1590/1280 6693/1581/1281
f 6688/1585/1276 6687/1583/1275 6699/1583/1287
f 6685/1580/1273 6684/1586/1272 6696/1586/1284
f 6682/1587/1270 6681/1581/1269 6693/1581/1281
f 6688/1585/1276 6700/1585/1288 6701/1579/1289
f 6685/1580/1273 6697/1580/1285 6698/1588/1286
f 6682/1587/1270 6694/1587/1282 6695/1582/1283
f 6689/1579/1277 6701/1579/1289 6702/1589/1290
f 6679/1584/1267 6691/1584/1279 6692/1590/1280
f 6687/1583/1275 6686/1588/1274 6698/1588/1286
f 6684/1586/1272 6683/1582/1271 6695/1582/1283
f 6712/1585/1300 6724/1585/1312 6725/1579/1313
f 6695/1582/1283 6694/1587/1282 6706/1587/1294
f 6701/1579/1289 6713/1579/1301 6714/1589/1302
f 6691/1584/1279 6703/1584/1291 6704/1590/1292
f 6698/1588/1286 6710/1588/1298 6711/1583/1299
f 6696/1586/1284 6695/1582/1283 6707/1582/1295
f 6691/1584/1279 6702/1589/1290 6714/1589/1302
f 6692/1590/1280 6704/1590/1292 6705/1581/1293
f 6700/1585/1288 6699/1583/1287 6711/1583/1299
f 6697/1580/1285 6696/1586/1284 6708/1586/1296
f 6693/1581/1281 6705/1581/1293 6706/1587/1294
f 6700/1585/1288 6712/1585/1300 6713/1579/1301
f 6709/1580/1297 6721/1580/1309 6722/1588/1310
f 6706/1587/1294 6718/1587/1306 6719/1582/1307
f 6713/1579/1301 6725/1579/1313 6726/1589/1314
f 6703/1584/1291 6715/1584/1303 6716/1590/1304
f 6711/1583/1299 6710/1588/1298 6722/1588/1310
f 6708/1586/1296 6707/1582/1295 6719/1582/1307
f 6703/1584/1291 6714/1589/1302 6726/1589/1314
f 6704/1590/1292 6716/1590/1304 6717/1581/1305
f 6712/1585/1300 6711/1583/1299 6723/1583/1311
f 6709/1580/1297 6708/1586/1296 6720/1586/1308
f 6706/1587/1294 6705/1581/1293 6717/1581/1305
f 6727/1591/1266 6749/1615/1245 6750/1592/1245
f 6729/1594/1265 6727/1591/1266 6728/1593/1266
f 6731/1596/1264 6729/1594/1265 6730/1595/1265
f 6733/1598/1263 6731/1596/1264 6732/1597/1264
f 6735/1600/1262 6733/1598/1263 6734/1599/1263
f 6737/1602/1251 6735/1600/1262 6736/1601/1262
f 6740/1604/1261 6739/1616/1261 6737/1602/1251
f 6741/1605/1260 6739/1616/1261 6740/1604/1261
f 6743/1607/1259 6741/1605/1260 6742/1606/1260
f 6745/1609/1258 6743/1607/1259 6744/1608/1259
f 6748/1611/1257 6747/1617/1257 6745/1609/1258
f 6749/1612/1245 6747/1617/1257 6748/1611/1257
f 6774/1614/1245 6773/1614/1256 6761/1614/1256
f 6764/1614/1247 6763/1614/1246 6751/1614/1246
f 6759/1614/1254 6771/1614/1254 6770/1614/1253
f 6768/1614/1251 6767/1614/1250 6755/1614/1250
f 6753/1614/1248 6765/1614/1248 6764/1614/1247
f 6772/1614/1255 6771/1614/1254 6759/1614/1254
f 6757/1614/1252 6769/1614/1252 6768/1614/1251
f 6766/1614/1249 6765/1614/1248 6753/1614/1248
f 6761/1614/1256 6773/1614/1256 6772/1614/1255
f 6763/1614/1246 6774/1614/1245 6762/1614/1245
f 6770/1614/1253 6769/1614/1252 6757/1614/1252
f 6767/1614/1250 6766/1614/1249 6754/1614/1249
o Cube.053
v -0.869617 1.070000 -1.292683
v -0.863948 1.070000 -1.328472
v -0.841145 1.070000 -1.356631
v -0.807317 1.070000 -1.369617
v -0.771528 1.070000 -1.363948
v -0.743369 1.070000 -1.341145
v -0.730383 1.070000 -1.307317
v -0.736052 1.070000 -1.271529
v -0.758855 1.070000 -1.243369
v -0.792683 1.070000 -1.230384
v -0.828471 1.070000 -1.236052
v -0.856631 1.070000 -1.258855
v -0.863948 1.050000 -1.328472
v -0.869617 1.050000 -1.292683
v -0.841145 1.050000 -1.356631
v -0.807317 1.050000 -1.369617
v -0.771528 1.050000 -1.363948
v -0.743369 1.050000 -1.341145
v -0.730383 1.050000 -1.307317
v -0.736052 1.050000 -1.271529
v -0.758855 1.050000 -1.243369
v -0.792683 1.050000 -1.230384
v -0.828471 1.050000 -1.236052
v -0.856631 1.050000 -1.258855
v -0.869617 1.250000 -1.292683
v -0.863948 1.250000 -1.328472
v -0.841145 1.250000 -1.356631
v -0.807317 1.250000 -1.369617
v -0.771528 1.250000 -1.363948
v -0.743369 1.250000 -1.341145
v -0.730383 1.250000 -1.307317
v -0.736052 1.250000 -1.271529
v -0.758855 1.250000 -1.243369
v -0.792683 1.250000 -1.230384
v -0.828471 1.250000 -1.236052
v -0.856631 1.250000 -1.258855
v -0.863948 1.230000 -1.328472
v -0.869617 1.230000 -1.292683
v -0.841145 1.230000 -1.356631
v -0.807317 1.230000 -1.369617
v -0.771528 1.230000 -1.363948
v -0.743369 1.230000 -1.341145
v -0.730383 1.230000 -1.307317
v -0.736052 1.230000 -1.271529
v -0.758855 1.230000 -1.243369
v -0.792683 1.230000 -1.230384
v -0.828471 1.230000 -1.236052
v -0.856631 1.230000 -1.258855
v -0.859671 1.070000 -1.293728
v -0.859671 1.230000 -1.293728
v -0.854813 1.070000 -1.324404
v -0.854813 1.230000 -1.324404
v -0.835267 1.070000 -1.348541
v -0.835267 1.230000 -1.348541
v -0.806272 1.070000 -1.359671
v -0.806272 1.230000 -1.359671
v -0.775596 1.070000 -1.354813
v -0.775596 1.230000 -1.354813
v -0.751459 1.070000 -1.335267
v -0.751459 1.230000 -1.335267
v -0.740329 1.070000 -1.306272
v -0.740329 1.230000 -1.306272
v -0.745187 1.070000 -1.275596
v -0.745187 1.230000 -1.275596
v -0.764733 1.070000 -1.251459
v -0.764733 1.230000 -1.251459
v -0.793728 1.070000 -1.240329
v -0.793728 1.230000 -1.240329
v -0.824404 1.070000 -1.245187
v -0.824404 1.230000 -1.245187
v -0.848541 1.070000 -1.264733
v -0.848541 1.230000 -1.264733
v -0.867041 1.120040 -1.292954
v -0.867041 1.179960 -1.292954
v -0.861582 1.179960 -1.327418
v -0.861582 1.120040 -1.327418
v -0.839623 1.179960 -1.354536
v -0.839623 1.120040 -1.354536
v -0.807046 1.179960 -1.367041
v -0.807046 1.120040 -1.367041
v -0.772582 1.179960 -1.361582
v -0.772582 1.120040 -1.361582
v -0.745464 1.179960 -1.339623
v -0.745464 1.120040 -1.339623
v -0.732959 1.179960 -1.307046
v -0.732959 1.120040 -1.307046
v -0.738418 1.179960 -1.272582
v -0.738418 1.120040 -1.272582
v -0.760377 1.179960 -1.245464
v -0.760377 1.120040 -1.245464
v -0.792954 1.179960 -1.232960
v -0.792954 1.120040 -1.232960
v -0.827418 1.179960 -1.238418
v -0.827418 1.120040 -1.238418
v -0.854536 1.179960 -1.260378
v -0.854536 1.120040 -1.260378
v -0.866325 1.150000 -1.293029
v -0.853781 1.150000 -1.173686
v -0.857439 1.183345 -1.293963
v -0.844895 1.183345 -1.174620
v -0.833162 1.207755 -1.296515
v -0.820619 1.207755 -1.177172
v -0.800000 1.216690 -1.300000
v -0.787457 1.216690 -1.180657
v -0.766837 1.207755 -1.303486
v -0.754294 1.207755 -1.184143
v -0.742561 1.183345 -1.306037
v -0.730018 1.183345 -1.186695
v -0.733675 1.150000 -1.306971
v -0.721132 1.150000 -1.187628
v -0.742561 1.116655 -1.306037
v -0.730018 1.116655 -1.186695
v -0.766837 1.092245 -1.303486
v -0.754294 1.092244 -1.184143
v -0.800000 1.083310 -1.300000
v -0.787457 1.083310 -1.180657
v -0.833162 1.092245 -1.296515
v -0.820619 1.092244 -1.177172
v -0.857439 1.116655 -1.293963
v -0.844895 1.116655 -1.174620
v -0.859164 1.150000 -1.193231
v -0.849837 1.185000 -1.194211
v -0.824355 1.210621 -1.196889
v -0.789547 1.220000 -1.200548
v -0.754739 1.210621 -1.204206
v -0.729258 1.185000 -1.206884
v -0.719930 1.150000 -1.207865
v -0.729258 1.115000 -1.206884
v -0.754739 1.089378 -1.204206
v -0.789547 1.080000 -1.200548
v -0.824355 1.089378 -1.196889
v -0.849837 1.115000 -1.194211
v -0.851927 1.185000 -1.214101
v -0.861254 1.150000 -1.213121
v -0.826446 1.210621 -1.216780
v -0.791638 1.220000 -1.220438
v -0.756829 1.210621 -1.224097
v -0.731348 1.185000 -1.226775
v -0.722021 1.150000 -1.227755
v -0.731348 1.115000 -1.226775
v -0.756829 1.089378 -1.224097
v -0.791638 1.080000 -1.220438
v -0.826446 1.089378 -1.216780
v -0.851927 1.115000 -1.214101
v -0.856028 1.150000 -1.163395
v -0.846701 1.185000 -1.164375
v -0.821219 1.210621 -1.167054
v -0.786411 1.220000 -1.170712
v -0.751603 1.210621 -1.174371
v -0.726122 1.185000 -1.177049
v -0.716795 1.150000 -1.178029
v -0.726122 1.115000 -1.177049
v -0.751603 1.089378 -1.174371
v -0.786411 1.080000 -1.170712
v -0.821219 1.089378 -1.167054
v -0.846701 1.115000 -1.164375
v -0.848791 1.185000 -1.184266
v -0.858118 1.150000 -1.183285
v -0.823310 1.210621 -1.186944
v -0.788502 1.220000 -1.190603
v -0.753694 1.210621 -1.194261
v -0.728212 1.185000 -1.196939
v -0.718885 1.150000 -1.197919
v -0.728212 1.115000 -1.196939
v -0.753694 1.089378 -1.194261
v -0.788502 1.080000 -1.190603
v -0.823310 1.089378 -1.186944
v -0.848791 1.115000 -1.184266
v -0.813903 1.150000 -1.097437
v -0.809239 1.167500 -1.097927
v -0.796498 1.180310 -1.099266
v -0.779094 1.185000 -1.101096
v -0.761690 1.180310 -1.102925
v -0.748949 1.167500 -1.104264
v -0.744286 1.150000 -1.104754
v -0.748949 1.132500 -1.104264
v -0.761690 1.119689 -1.102925
v -0.779094 1.115000 -1.101096
v -0.796498 1.119689 -1.099266
v -0.809239 1.132500 -1.097927
v -0.816556 1.167500 -1.167544
v -0.821220 1.150000 -1.167054
v -0.803815 1.180310 -1.168883
v -0.786411 1.185000 -1.170712
v -0.769007 1.180310 -1.172541
v -0.756266 1.167500 -1.173880
v -0.751603 1.150000 -1.174371
v -0.756266 1.132500 -1.173880
v -0.769007 1.119689 -1.172541
v -0.786411 1.115000 -1.170712
v -0.803815 1.119689 -1.168883
v -0.816556 1.132500 -1.167544
v -0.835833 1.150000 -1.105187
v -0.828371 1.178000 -1.105971
v -0.807986 1.198497 -1.108114
v -0.780140 1.206000 -1.111041
v -0.752293 1.198497 -1.113968
v -0.731908 1.178000 -1.116110
v -0.724446 1.150000 -1.116894
v -0.731908 1.122000 -1.116110
v -0.752293 1.101502 -1.113968
v -0.780140 1.094000 -1.111041
v -0.807986 1.101502 -1.108114
v -0.828371 1.122000 -1.105971
v -0.830462 1.178000 -1.125862
v -0.837923 1.150000 -1.125078
v -0.810077 1.198497 -1.128004
v -0.782230 1.206000 -1.130931
v -0.754384 1.198497 -1.133858
v -0.733998 1.178000 -1.136001
v -0.726537 1.150000 -1.136785
v -0.733998 1.122000 -1.136001
v -0.754384 1.101502 -1.133858
v -0.782230 1.094000 -1.130931
v -0.810077 1.101502 -1.128004
v -0.830462 1.122000 -1.125862
v -0.832697 1.150000 -1.075351
v -0.825235 1.178000 -1.076136
v -0.804850 1.198497 -1.078278
v -0.777004 1.206000 -1.081205
v -0.749157 1.198497 -1.084132
v -0.728772 1.178000 -1.086274
v -0.721310 1.150000 -1.087059
v -0.728772 1.122000 -1.086274
v -0.749157 1.101502 -1.084132
v -0.777004 1.094000 -1.081205
v -0.804850 1.101502 -1.078278
v -0.825235 1.122000 -1.076136
v -0.827326 1.178000 -1.096026
v -0.834787 1.150000 -1.095242
v -0.806941 1.198497 -1.098169
v -0.779094 1.206000 -1.101096
v -0.751248 1.198497 -1.104022
v -0.730863 1.178000 -1.106165
v -0.723401 1.150000 -1.106949
v -0.730863 1.122000 -1.106165
v -0.751248 1.101502 -1.104022
v -0.779094 1.094000 -1.101096
v -0.806941 1.101502 -1.098169
v -0.827326 1.122000 -1.096026
v -0.797686 1.120000 -1.038811
v -0.797686 1.180000 -1.038811
v -0.801867 1.120000 -1.078592
v -0.801867 1.180000 -1.078592
v -0.747960 1.120000 -1.044038
v -0.747960 1.180000 -1.044038
v -0.752141 1.120000 -1.083818
v -0.752141 1.180000 -1.083818
v -0.795072 1.175000 -1.013948
v -0.795072 1.125000 -1.013948
v -0.772823 1.166000 -1.041424
v -0.628573 1.166000 0.331016
v -0.761571 1.161314 -1.042607
v -0.617322 1.161314 0.329833
v -0.756910 1.150000 -1.043097
v -0.612661 1.150000 0.329343
v -0.761571 1.138686 -1.042607
v -0.617322 1.138686 0.329833
v -0.772823 1.134000 -1.041424
v -0.628573 1.134000 0.331016
v -0.784074 1.138686 -1.040242
v -0.639825 1.138686 0.332199
v -0.788735 1.150000 -1.039752
v -0.644486 1.150000 0.332688
v -0.784074 1.161314 -1.040242
v -0.639825 1.161314 0.332199
v -0.745346 1.175000 -1.019175
v -0.745346 1.125000 -1.019175
v -0.633795 1.170000 0.281334
v -0.631714 1.170000 0.301136
v -0.619730 1.164142 0.279856
v -0.617649 1.164142 0.299658
v -0.613905 1.150000 0.279244
v -0.611823 1.150000 0.299046
v -0.619730 1.135858 0.279856
v -0.617649 1.135858 0.299658
v -0.633795 1.130000 0.281334
v -0.631714 1.130000 0.301136
v -0.647860 1.135858 0.282812
v -0.645779 1.135858 0.302614
v -0.653686 1.150000 0.283425
v -0.651604 1.150000 0.303227
v -0.647860 1.164142 0.282812
v -0.645779 1.164142 0.302614
v -0.633795 1.170000 0.281334
v -0.619730 1.164142 0.279856
v -0.617649 1.164142 0.299658
v -0.631714 1.170000 0.301136
v -0.613905 1.150000 0.279244
v -0.611823 1.150000 0.299046
v -0.619730 1.135858 0.279856
v -0.617649 1.135858 0.299658
v -0.633795 1.130000 0.281334
v -0.631714 1.130000 0.301136
v -0.647860 1.135858 0.282812
v -0.645779 1.135858 0.302614
v -0.653686 1.150000 0.283425
v -0.651604 1.150000 0.303227
v -0.647860 1.164142 0.282812
v -0.645779 1.164142 0.302614
v -0.617649 1.109929 0.299658
v -0.619730 1.109929 0.279856
v -0.633795 1.109929 0.281334
v -0.631714 1.109929 0.301136
v -0.647860 1.109929 0.282812
v -0.645779 1.109929 0.302614
v -0.645737 1.060000 0.301649
v -0.645737 1.110000 0.301649
v -0.647618 1.060000 0.283748
v -0.647618 1.110000 0.283748
v -0.618885 1.060000 0.298827
v -0.618885 1.110000 0.298827
v -0.620766 1.060000 0.280925
v -0.620766 1.110000 0.280925
v -0.644933 0.850000 0.283465
v -0.643052 0.850000 0.301367
v -0.623452 0.850000 0.281207
v -0.621570 0.850000 0.299109
v -0.621303 1.018000 0.280982
v -0.647081 1.018000 0.283691
v -0.645200 1.018000 0.301592
v -0.619422 1.018000 0.298883
v -0.570157 1.034676 0.293705
v -0.572039 1.034676 0.275804
v -0.571581 1.016038 0.275756
v -0.569700 1.016038 0.293657
v -0.599883 1.035338 0.278730
v -0.598002 1.035338 0.296632
v -0.612314 1.042669 0.280037
v -0.610433 1.042669 0.297938
v -0.863948 1.070000 -1.328472
v -0.869617 1.070000 -1.292683
v -0.841145 1.070000 -1.356631
v -0.807317 1.070000 -1.369617
v -0.771528 1.070000 -1.363948
v -0.743369 1.070000 -1.341145
v -0.730383 1.070000 -1.307317
v -0.736052 1.070000 -1.271529
v -0.758855 1.070000 -1.243369
v -0.792683 1.070000 -1.230384
v -0.828471 1.070000 -1.236052
v -0.856631 1.070000 -1.258855
v -0.863948 1.050000 -1.328472
v -0.869617 1.050000 -1.292683
v -0.841145 1.050000 -1.356631
v -0.807317 1.050000 -1.369617
v -0.771528 1.050000 -1.363948
v -0.743369 1.050000 -1.341145
v -0.730383 1.050000 -1.307317
v -0.736052 1.050000 -1.271529
v -0.758855 1.050000 -1.243369
v -0.792683 1.050000 -1.230384
v -0.828471 1.050000 -1.236052
v -0.856631 1.050000 -1.258855
v -0.863948 1.250000 -1.328472
v -0.869617 1.250000 -1.292683
v -0.841145 1.250000 -1.356631
v -0.807317 1.250000 -1.369617
v -0.771528 1.250000 -1.363948
v -0.743369 1.250000 -1.341145
v -0.730383 1.250000 -1.307317
v -0.736052 1.250000 -1.271529
v -0.758855 1.250000 -1.243369
v -0.792683 1.250000 -1.230384
v -0.828471 1.250000 -1.236052
v -0.856631 1.250000 -1.258855
v -0.863948 1.230000 -1.328472
v -0.869617 1.230000 -1.292683
v -0.841145 1.230000 -1.356631
v -0.807317 1.230000 -1.369617
v -0.771528 1.230000 -1.363948
v -0.743369 1.230000 -1.341145
v -0.730383 1.230000 -1.307317
v -0.736052 1.230000 -1.271529
v -0.758855 1.230000 -1.243369
v -0.792683 1.230000 -1.230384
v -0.828471 1.230000 -1.236052
v -0.856631 1.230000 -1.258855
v -0.849837 1.185000 -1.194211
v -0.859164 1.150000 -1.193231
v -0.824355 1.210621 -1.196889
v -0.789547 1.220000 -1.200548
v -0.754739 1.210621 -1.204206
v -0.729258 1.185000 -1.206884
v -0.719930 1.150000 -1.207865
v -0.729258 1.115000 -1.206884
v -0.754739 1.089378 -1.204206
v -0.789547 1.080000 -1.200548
v -0.824355 1.089378 -1.196889
v -0.849837 1.115000 -1.194211
v -0.851927 1.185000 -1.214101
v -0.861254 1.150000 -1.213121
v -0.826446 1.210621 -1.216780
v -0.791638 1.220000 -1.220438
v -0.756829 1.210621 -1.224097
v -0.731348 1.185000 -1.226775
v -0.722021 1.150000 -1.227755
v -0.731348 1.115000 -1.226775
v -0.756829 1.089378 -1.224097
v -0.791638 1.080000 -1.220438
v -0.826446 1.089378 -1.216780
v -0.851927 1.115000 -1.214101
v -0.846701 1.185000 -1.164375
v -0.856028 1.150000 -1.163395
v -0.821219 1.210621 -1.167054
v -0.786411 1.220000 -1.170712
v -0.751603 1.210621 -1.174371
v -0.726122 1.185000 -1.177049
v -0.716795 1.150000 -1.178029
v -0.726122 1.115000 -1.177049
v -0.751603 1.089378 -1.174371
v -0.786411 1.080000 -1.170712
v -0.821219 1.089378 -1.167054
v -0.846701 1.115000 -1.164375
v -0.848791 1.185000 -1.184266
v -0.858118 1.150000 -1.183285
v -0.823310 1.210621 -1.186944
v -0.788502 1.220000 -1.190603
v -0.753694 1.210621 -1.194261
v -0.728212 1.185000 -1.196939
v -0.718885 1.150000 -1.197919
v -0.728212 1.115000 -1.196939
v -0.753694 1.089378 -1.194261
v -0.788502 1.080000 -1.190603
v -0.823310 1.089378 -1.186944
v -0.848791 1.115000 -1.184266
v -0.816556 1.167500 -1.167544
v -0.821220 1.150000 -1.167054
v -0.803815 1.180310 -1.168883
v -0.786411 1.185000 -1.170712
v -0.769007 1.180310 -1.172541
v -0.756266 1.167500 -1.173880
v -0.751603 1.150000 -1.174371
v -0.756266 1.132500 -1.173880
v -0.769007 1.119689 -1.172541
v -0.786411 1.115000 -1.170712
v -0.803815 1.119689 -1.168883
v -0.816556 1.132500 -1.167544
v -0.828371 1.178000 -1.105971
v -0.835833 1.150000 -1.105187
v -0.807986 1.198497 -1.108114
v -0.780140 1.206000 -1.111041
v -0.752293 1.198497 -1.113968
v -0.731908 1.178000 -1.116110
v -0.724446 1.150000 -1.116894
v -0.731908 1.122000 -1.116110
v -0.752293 1.101502 -1.113968
v -0.780140 1.094000 -1.111041
v -0.807986 1.101502 -1.108114
v -0.828371 1.122000 -1.105971
v -0.830462 1.178000 -1.125862
v -0.837923 1.150000 -1.125078
v -0.810077 1.198497 -1.128004
v -0.782230 1.206000 -1.130931
v -0.754384 1.198497 -1.133858
v -0.733998 1.178000 -1.136001
v -0.726537 1.150000 -1.136785
v -0.733998 1.122000 -1.136001
v -0.754384 1.101502 -1.133858
v -0.782230 1.094000 -1.130931
v -0.810077 1.101502 -1.128004
v -0.830462 1.122000 -1.125862
v -0.825235 1.178000 -1.076136
v -0.832697 1.150000 -1.075351
v -0.804850 1.198497 -1.078278
v -0.777004 1.206000 -1.081205
v -0.749157 1.198497 -1.084132
v -0.728772 1.178000 -1.086274
v -0.721310 1.150000 -1.087059
v -0.728772 1.122000 -1.086274
v -0.749157 1.101502 -1.084132
v -0.777004 1.094000 -1.081205
v -0.804850 1.101502 -1.078278
v -0.825235 1.122000 -1.076136
v -0.827326 1.178000 -1.096026
v -0.834787 1.150000 -1.095242
v -0.806941 1.198497 -1.098169
v -0.779094 1.206000 -1.101096
v -0.751248 1.198497 -1.104022
v -0.730863 1.178000 -1.106165
v -0.723401 1.150000 -1.106949
v -0.730863 1.122000 -1.106165
v -0.751248 1.101502 -1.104022
v -0.779094 1.094000 -1.101096
v -0.806941 1.101502 -1.098169
v -0.827326 1.122000 -1.096026
v -0.801867 1.120000 -1.078592
v -0.801867 1.120000 -1.078592
v -0.797686 1.120000 -1.038811
v -0.797686 1.180000 -1.038811
v -0.801867 1.180000 -1.078592
v -0.801867 1.180000 -1.078592
v -0.752141 1.120000 -1.083818
v -0.752141 1.120000 -1.083818
v -0.752141 1.180000 -1.083818
v -0.752141 1.180000 -1.083818
v -0.747960 1.120000 -1.044038
v -0.747960 1.180000 -1.044038
v -0.772823 1.166000 -1.041424
v -0.761571 1.161314 -1.042607
v -0.745346 1.175000 -1.019175
v -0.745346 1.175000 -1.019175
v -0.745346 1.125000 -1.019175
v -0.745346 1.125000 -1.019175
v -0.617322 1.161314 0.329833
v -0.628573 1.166000 0.331016
v -0.756910 1.150000 -1.043097
v -0.795072 1.175000 -1.013948
v -0.795072 1.175000 -1.013948
v -0.612661 1.150000 0.329343
v -0.761571 1.138686 -1.042607
v -0.795072 1.125000 -1.013948
v -0.795072 1.125000 -1.013948
v -0.617322 1.138686 0.329833
v -0.772823 1.134000 -1.041424
v -0.628573 1.134000 0.331016
v -0.784074 1.138686 -1.040242
v -0.639825 1.138686 0.332199
v -0.788735 1.150000 -1.039752
v -0.644486 1.150000 0.332688
v -0.784074 1.161314 -1.040242
v -0.639825 1.161314 0.332199
v -0.633795 1.170000 0.281334
v -0.619730 1.164142 0.279856
v -0.617649 1.164142 0.299658
v -0.631714 1.170000 0.301136
v -0.613905 1.150000 0.279244
v -0.611823 1.150000 0.299046
v -0.619730 1.135858 0.279856
v -0.617649 1.135858 0.299658
v -0.619730 1.109929 0.279856
v -0.619730 1.109929 0.279856
v -0.647860 1.135858 0.282812
v -0.653686 1.150000 0.283425
v -0.651604 1.150000 0.303227
v -0.645779 1.135858 0.302614
v -0.647860 1.164142 0.282812
v -0.645779 1.164142 0.302614
v -0.633795 1.170000 0.281334
v -0.619730 1.164142 0.279856
v -0.617649 1.164142 0.299658
v -0.631714 1.170000 0.301136
v -0.613905 1.150000 0.279244
v -0.611823 1.150000 0.299046
v -0.619730 1.135858 0.279856
v -0.617649 1.135858 0.299658
v -0.633795 1.130000 0.281334
v -0.631714 1.130000 0.301136
v -0.647860 1.135858 0.282812
v -0.645779 1.135858 0.302614
v -0.653686 1.150000 0.283425
v -0.651604 1.150000 0.303227
v -0.647860 1.164142 0.282812
v -0.645779 1.164142 0.302614
v -0.617649 1.109929 0.299658
v -0.617649 1.109929 0.299658
v -0.633795 1.109929 0.281334
v -0.631714 1.109929 0.301136
v -0.647860 1.109929 0.282812
v -0.647860 1.109929 0.282812
v -0.645779 1.109929 0.302614
v -0.645779 1.109929 0.302614
v -0.645737 1.060000 0.301649
v -0.645737 1.110000 0.301649
v -0.645737 1.110000 0.301649
v -0.647618 1.110000 0.283748
v -0.647618 1.110000 0.283748
v -0.647618 1.060000 0.283748
v -0.620766 1.110000 0.280925
v -0.620766 1.110000 0.280925
v -0.620766 1.060000 0.280925
v -0.618885 1.110000 0.298827
v -0.618885 1.110000 0.298827
v -0.618885 1.060000 0.298827
v -0.644933 0.850000 0.283465
v -0.644933 0.850000 0.283465
v -0.643052 0.850000 0.301367
v -0.643052 0.850000 0.301367
v -0.623452 0.850000 0.281207
v -0.623452 0.850000 0.281207
v -0.621570 0.850000 0.299109
v -0.621570 0.850000 0.299109
v -0.621303 1.018000 0.280982
v -0.621303 1.018000 0.280982
v -0.647081 1.018000 0.283691
v -0.645200 1.018000 0.301592
v -0.619422 1.018000 0.298883
v -0.619422 1.018000 0.298883
v -0.570157 1.034676 0.293705
v -0.570157 1.034676 0.293705
v -0.572039 1.034676 0.275804
v -0.572039 1.034676 0.275804
v -0.571581 1.016038 0.275756
v -0.571581 1.016038 0.275756
v -0.569700 1.016038 0.293657
v -0.569700 1.016038 0.293657
v -0.599883 1.035338 0.278730
v -0.598002 1.035338 0.296632
v -0.612314 1.042669 0.280037
v -0.610433 1.042669 0.297938
vn -0.9945 -0.0000 0.1045
vn -0.9135 -0.0000 -0.4067
vn -0.5878 -0.0000 -0.8090
vn -0.1045 -0.0000 -0.9945
vn 0.4067 -0.0000 -0.9135
vn 0.8090 -0.0000 -0.5878
vn 0.9945 -0.0000 -0.1045
vn 0.9135 -0.0000 0.4067
vn 0.5878 -0.0000 0.8090
vn 0.1045 -0.0000 0.9945
vn -0.4067 -0.0000 0.9135
vn -0.8090 -0.0000 0.5878
vn -0.9838 -0.1465 0.1034
vn -0.9838 0.1465 0.1034
vn -0.9037 -0.1465 -0.4024
vn -0.9037 0.1465 -0.4024
vn -0.5814 -0.1465 -0.8003
vn -0.5814 0.1465 -0.8003
vn -0.1034 -0.1465 -0.9838
vn -0.1034 0.1465 -0.9838
vn 0.4023 -0.1465 -0.9037
vn 0.4023 0.1465 -0.9037
vn 0.8003 -0.1465 -0.5814
vn 0.8003 0.1465 -0.5814
vn 0.9838 -0.1465 -0.1034
vn 0.9838 0.1465 -0.1034
vn 0.9037 -0.1465 0.4024
vn 0.9037 0.1465 0.4024
vn 0.5814 -0.1465 0.8003
vn 0.5814 0.1465 0.8003
vn 0.1034 -0.1465 0.9838
vn 0.1034 0.1465 0.9838
vn -0.4023 -0.1465 0.9037
vn -0.4023 0.1465 0.9037
vn -0.8003 -0.1465 0.5814
vn -0.8003 0.1465 0.5814
vn -0.9919 -0.0726 0.1043
vn -0.9919 0.0726 0.1043
vn -0.9111 0.0726 -0.4057
vn -0.9111 -0.0726 -0.4057
vn -0.5862 0.0726 -0.8069
vn -0.5862 -0.0726 -0.8069
vn -0.1043 0.0726 -0.9919
vn -0.1043 -0.0726 -0.9919
vn 0.4057 0.0726 -0.9111
vn 0.4057 -0.0726 -0.9111
vn 0.8069 0.0726 -0.5862
vn 0.8069 -0.0726 -0.5862
vn 0.9919 0.0726 -0.1043
vn 0.9919 -0.0726 -0.1043
vn 0.9111 0.0726 0.4057
vn 0.9111 -0.0726 0.4057
vn 0.5862 0.0726 0.8069
vn 0.5862 -0.0726 0.8069
vn 0.1043 0.0726 0.9919
vn 0.1043 -0.0726 0.9919
vn -0.4057 0.0726 0.9111
vn -0.4057 -0.0726 0.9111
vn -0.8069 0.0726 0.5862
vn -0.8069 -0.0726 0.5862
vn -0.8613 0.5000 0.0905
vn -0.4973 0.8660 0.0523
vn -0.0000 1.0000 -0.0000
vn 0.4973 0.8660 -0.0523
vn 0.8613 0.5000 -0.0905
vn 0.8613 -0.5000 -0.0905
vn 0.4973 -0.8660 -0.0523
vn -0.0000 -1.0000 -0.0000
vn -0.4973 -0.8660 0.0523
vn -0.8613 -0.5000 0.0905
vn 0.0103 -0.9951 0.0980
vn 0.0103 0.9951 0.0980
vn -0.7032 0.7071 0.0739
vn -0.9754 -0.1951 0.1025
vn 0.9688 0.2260 -0.1018
vn -0.9944 -0.0129 0.1045
vn 0.9944 -0.0129 -0.1045
vn -0.0390 -0.9992 0.0041
vn 0.0235 0.9997 -0.0025
vn 0.2720 0.9619 -0.0286
vn 0.7289 0.6803 -0.0766
vn 0.7032 0.7071 -0.0739
vn 0.0205 0.9806 0.1950
vn 0.0205 -0.9806 0.1950
vn 0.7032 -0.7071 -0.0739
vn -0.7032 -0.7071 0.0739
vn 0.9754 -0.1951 -0.1025
vn -0.9945 -0.0064 0.1045
vn 0.9942 0.0247 -0.1045
vt 0.042154 0.370000
vt 0.250000 0.010000
vt 0.457846 0.370000
vt 0.457846 0.130000
vt 0.042154 0.130000
vt 0.250000 0.490000
vt 0.010000 0.250000
vt 0.370000 0.042154
vt 0.490000 0.250000
vt 0.130000 0.042154
vt 0.130000 0.457846
vt 0.370000 0.457846
vt 1.000000 1.000000
vt 0.916667 0.833333
vt 1.000000 0.833333
vt 0.833333 1.000000
vt 0.833333 0.833333
vt 0.750000 0.833333
vt 0.666667 1.000000
vt 0.666667 0.833333
vt 0.583333 0.833333
vt 0.500000 1.000000
vt 0.500000 0.833333
vt 0.416667 0.833333
vt 0.333333 1.000000
vt 0.333333 0.833333
vt 0.250000 0.833333
vt 0.166667 1.000000
vt 0.166667 0.833333
vt 0.083333 0.833333
vt 0.000000 0.666667
vt 0.083333 0.666667
vt 0.000000 1.000000
vt 0.000000 0.833333
vt 0.000000 0.500000
vt 0.083333 0.500000
vt 0.166667 0.500000
vt 0.166667 0.666667
vt 0.250000 0.666667
vt 0.250000 0.500000
vt 0.333333 0.500000
vt 0.333333 0.666667
vt 0.416667 0.666667
vt 0.416667 0.500000
vt 0.500000 0.500000
vt 0.500000 0.666667
vt 0.583333 0.666667
vt 0.583333 0.500000
vt 0.666667 0.500000
vt 0.666667 0.666667
vt 0.750000 0.666667
vt 0.750000 0.500000
vt 0.833333 0.500000
vt 0.833333 0.666667
vt 0.916667 0.666667
vt 0.916667 0.500000
vt 1.000000 0.500000
vt 1.000000 0.666667
vt 0.916667 1.000000
vt 0.750000 1.000000
vt 0.583333 1.000000
vt 0.416667 1.000000
vt 0.250000 1.000000
vt 0.083333 1.000000
vt 0.625000 0.000000
vt 0.375000 0.250000
vt 0.375000 0.000000
vt 0.625000 0.250000
vt 0.375000 0.500000
vt 0.625000 0.500000
vt 0.375000 0.750000
vt 0.125000 0.750000
vt 0.125000 0.500000
vt 0.875000 0.500000
vt 0.625000 0.750000
vt 0.875000 1.000000
vt 0.750000 0.500000
vt 0.750000 1.000000
vt 0.625000 1.000000
vt 0.500000 0.500000
vt 0.875000 0.750000
vt 0.500000 1.000000
vt 0.375000 1.000000
vt 0.250000 0.500000
vt 0.250000 1.000000
vt 0.125000 1.000000
vt 0.000000 0.500000
vt 0.919706 0.080294
vt 0.580294 0.080294
vt 0.580294 0.419706
vt 0.080294 0.080294
vt 0.750000 0.010000
vt 0.419706 0.080294
vt 0.375000 0.750000
vt 0.419706 0.419706
vt 0.080294 0.419706
vt 0.000000 1.000000
vt 0.750000 0.490000
vt 0.919706 0.419706
vt 0.990000 0.250000
vt 0.510000 0.250000
s 1
f 7163/1618/1377 7159/1619/1377 7155/1620/1377
f 7169/1621/1382 7173/1622/1382 7166/1623/1382
f 6844/1624/1324 6831/1622/1323 6832/1624/1324
f 6841/1619/1321 6828/1625/1320 6829/1619/1321
f 6838/1626/1318 6825/1620/1317 6826/1626/1318
f 6845/1618/1325 6832/1624/1324 6833/1618/1325
f 6842/1627/1322 6829/1619/1321 6830/1627/1322
f 6839/1621/1319 6826/1626/1318 6827/1621/1319
f 6846/1628/1326 6833/1618/1325 6834/1628/1326
f 6835/1629/1316 6823/1623/1315 6824/1629/1316
f 6843/1622/1323 6830/1627/1322 6831/1622/1323
f 6840/1625/1320 6827/1621/1319 6828/1625/1320
f 6836/1623/1315 6834/1628/1326 6823/1623/1315
f 6837/1620/1317 6824/1629/1316 6825/1620/1317
f 7187/1618/1377 7183/1619/1377 7179/1620/1377
f 7193/1621/1382 7197/1622/1382 7190/1623/1382
f 6868/1624/1324 6855/1622/1323 6856/1624/1324
f 6865/1619/1321 6852/1625/1320 6853/1619/1321
f 6862/1626/1318 6849/1620/1317 6850/1626/1318
f 6869/1618/1325 6856/1624/1324 6857/1618/1325
f 6866/1627/1322 6853/1619/1321 6854/1627/1322
f 6863/1621/1319 6850/1626/1318 6851/1621/1319
f 6870/1628/1326 6857/1618/1325 6858/1628/1326
f 6859/1629/1316 6847/1623/1315 6848/1629/1316
f 6867/1622/1323 6854/1627/1322 6855/1622/1323
f 6864/1625/1320 6851/1621/1319 6852/1625/1320
f 6860/1623/1315 6858/1628/1326 6847/1623/1315
f 6861/1620/1317 6848/1629/1316 6849/1620/1317
f 6872/1630/1328 6897/1631/1353 6896/1632/1352
f 6897/1631/1353 6876/1633/1332 6899/1634/1355
f 6876/1633/1332 6901/1635/1357 6899/1634/1355
f 6901/1635/1357 6880/1636/1336 6903/1637/1359
f 6880/1636/1336 6905/1638/1361 6903/1637/1359
f 6905/1638/1361 6884/1639/1340 6907/1640/1363
f 6884/1639/1340 6909/1641/1365 6907/1640/1363
f 6909/1641/1365 6888/1642/1344 6911/1643/1367
f 6888/1642/1344 6913/1644/1369 6911/1643/1367
f 6913/1644/1369 6892/1645/1348 6915/1646/1371
f 6917/1647/1373 6895/1648/1351 6918/1649/1374
f 6892/1645/1348 6917/1647/1373 6915/1646/1371
f 6917/1647/1373 6872/1650/1328 6896/1651/1352
f 6918/1649/1374 6871/1652/1327 6893/1653/1349
f 6891/1654/1347 6918/1649/1374 6893/1653/1349
f 6915/1646/1371 6918/1649/1374 6916/1655/1372
f 6914/1656/1370 6891/1654/1347 6889/1657/1345
f 6913/1644/1369 6916/1655/1372 6914/1656/1370
f 6887/1658/1343 6914/1656/1370 6889/1657/1345
f 6911/1643/1367 6914/1656/1370 6912/1659/1368
f 6910/1660/1366 6887/1658/1343 6885/1661/1341
f 6909/1641/1365 6912/1659/1368 6910/1660/1366
f 6883/1662/1339 6910/1660/1366 6885/1661/1341
f 6907/1640/1363 6910/1660/1366 6908/1663/1364
f 6906/1664/1362 6883/1662/1339 6881/1665/1337
f 6905/1638/1361 6908/1663/1364 6906/1664/1362
f 6879/1666/1335 6906/1664/1362 6881/1665/1337
f 6903/1637/1359 6906/1664/1362 6904/1667/1360
f 6902/1668/1358 6879/1666/1335 6877/1669/1333
f 6901/1635/1357 6904/1667/1360 6902/1668/1358
f 6875/1670/1331 6902/1668/1358 6877/1669/1333
f 6899/1634/1355 6902/1668/1358 6900/1671/1356
f 6898/1672/1354 6875/1670/1331 6873/1673/1329
f 6897/1631/1353 6900/1671/1356 6898/1672/1354
f 6871/1674/1327 6898/1672/1354 6873/1673/1329
f 6896/1632/1352 6898/1672/1354 6895/1675/1351
f 6919/1674/1315 6922/1676/1375 6921/1673/1375
f 6921/1673/1375 6924/1633/1376 6923/1670/1376
f 6923/1670/1376 6926/1677/1377 6925/1669/1377
f 6925/1669/1377 6928/1636/1378 6927/1666/1378
f 6927/1666/1378 6930/1678/1379 6929/1665/1379
f 6929/1665/1379 6932/1639/1321 6931/1662/1321
f 6932/1639/1321 6933/1661/1380 6931/1662/1321
f 6934/1679/1380 6935/1658/1381 6933/1661/1380
f 6936/1642/1381 6937/1657/1382 6935/1658/1381
f 6938/1680/1382 6939/1654/1383 6937/1657/1382
f 7271/1618/1324 7267/1619/1324 7263/1620/1324
f 6940/1645/1383 6941/1653/1384 6939/1654/1383
f 6942/1681/1384 6919/1652/1315 6941/1653/1384
f 7211/1618/1324 7207/1619/1324 7203/1620/1324
f 7217/1621/1318 7221/1622/1318 7214/1623/1318
f 6964/1624/1382 6951/1622/1381 6952/1624/1382
f 6961/1619/1321 6948/1625/1379 6949/1619/1321
f 6958/1626/1377 6945/1620/1376 6946/1626/1377
f 6965/1618/1383 6952/1624/1382 6953/1618/1383
f 6962/1627/1380 6949/1619/1321 6950/1627/1380
f 6959/1621/1378 6946/1626/1377 6947/1621/1378
f 6966/1628/1384 6953/1618/1383 6954/1628/1384
f 6955/1629/1375 6943/1623/1315 6944/1629/1375
f 6963/1622/1381 6950/1627/1380 6951/1622/1381
f 6960/1625/1379 6947/1621/1378 6948/1625/1379
f 6956/1623/1315 6954/1628/1384 6943/1623/1315
f 6957/1620/1376 6944/1629/1375 6945/1620/1376
f 7235/1618/1324 7231/1619/1324 7227/1620/1324
f 7241/1621/1318 7245/1622/1318 7238/1623/1318
f 6988/1624/1382 6975/1622/1381 6976/1624/1382
f 6985/1619/1321 6972/1625/1379 6973/1619/1321
f 6982/1626/1377 6969/1620/1376 6970/1626/1377
f 6989/1618/1383 6976/1624/1382 6977/1618/1383
f 6986/1627/1380 6973/1619/1321 6974/1627/1380
f 6983/1621/1378 6970/1626/1377 6971/1621/1378
f 6990/1628/1384 6977/1618/1383 6978/1628/1384
f 6979/1629/1375 6967/1623/1315 6968/1629/1375
f 6987/1622/1381 6974/1627/1380 6975/1622/1381
f 6984/1625/1379 6971/1621/1378 6972/1625/1379
f 6980/1623/1315 6978/1628/1384 6967/1623/1315
f 6981/1620/1376 6968/1629/1375 6969/1620/1376
f 7253/1621/1318 7257/1622/1318 7250/1623/1318
f 7012/1624/1382 6999/1622/1381 7000/1624/1382
f 7009/1619/1321 6996/1625/1379 6997/1619/1321
f 7006/1626/1377 6993/1620/1376 6994/1626/1377
f 7013/1618/1383 7000/1624/1382 7001/1618/1383
f 7010/1627/1380 6997/1619/1321 6998/1627/1380
f 7007/1621/1378 6994/1626/1377 6995/1621/1378
f 7014/1628/1384 7001/1618/1383 7002/1628/1384
f 7003/1629/1375 6991/1623/1315 6992/1629/1375
f 7011/1622/1381 6998/1627/1380 6999/1622/1381
f 7008/1625/1379 6995/1621/1378 6996/1625/1379
f 7004/1623/1315 7002/1628/1384 6991/1623/1315
f 7005/1620/1376 6992/1629/1375 6993/1620/1376
f 7277/1621/1318 7281/1622/1318 7274/1623/1318
f 7036/1624/1382 7023/1622/1381 7024/1624/1382
f 7033/1619/1321 7020/1625/1379 7021/1619/1321
f 7030/1626/1377 7017/1620/1376 7018/1626/1377
f 7037/1618/1383 7024/1624/1382 7025/1618/1383
f 7034/1627/1380 7021/1619/1321 7022/1627/1380
f 7031/1621/1378 7018/1626/1377 7019/1621/1378
f 7038/1628/1384 7025/1618/1383 7026/1628/1384
f 7027/1629/1375 7015/1623/1315 7016/1629/1375
f 7035/1622/1381 7022/1627/1380 7023/1622/1381
f 7032/1625/1379 7019/1621/1378 7020/1625/1379
f 7028/1623/1315 7026/1628/1384 7015/1623/1315
f 7029/1620/1376 7016/1629/1375 7017/1620/1376
f 7295/1618/1324 7291/1619/1324 7287/1620/1324
f 7301/1621/1318 7305/1622/1318 7298/1623/1318
f 7060/1624/1382 7047/1622/1381 7048/1624/1382
f 7057/1619/1321 7044/1625/1379 7045/1619/1321
f 7054/1626/1377 7041/1620/1376 7042/1626/1377
f 7061/1618/1383 7048/1624/1382 7049/1618/1383
f 7058/1627/1380 7045/1619/1321 7046/1627/1380
f 7055/1621/1378 7042/1626/1377 7043/1621/1378
f 7062/1628/1384 7049/1618/1383 7050/1628/1384
f 7051/1629/1375 7039/1623/1315 7040/1629/1375
f 7059/1622/1381 7046/1627/1380 7047/1622/1381
f 7056/1625/1379 7043/1621/1378 7044/1625/1379
f 7052/1623/1315 7050/1628/1384 7039/1623/1315
f 7053/1620/1376 7040/1629/1375 7041/1620/1376
f 7312/1682/1315 7309/1683/1315 7311/1684/1315
f 7314/1685/1318 7315/1686/1318 7310/1683/1318
f 7318/1687/1321 7319/1688/1321 7316/1686/1321
f 7311/1684/1315 7330/1682/1315 7312/1682/1315
f 7069/1686/1382 7063/1689/1385 7065/1690/1382
f 7066/1691/1377 7068/1692/1386 7070/1687/1377
f 7328/1630/1377 7322/1691/1396 7321/1674/1377
f 7327/1693/1396 7329/1694/1321 7322/1691/1396
f 7332/1695/1321 7333/1687/1399 7329/1694/1321
f 7320/1692/1321 7325/1688/1321 7319/1688/1321
f 7336/1696/1399 7337/1697/1382 7333/1687/1399
f 7064/1698/1386 7324/1692/1397 7068/1692/1386
f 7338/1699/1382 7339/1686/1400 7337/1697/1382
f 7067/1688/1385 7335/1689/1398 7063/1689/1385
f 7340/1700/1400 7341/1701/1315 7339/1686/1400
f 7086/1624/1324 7082/1619/1324 7078/1626/1324
f 7089/1692/1324 7072/1700/1324 7090/1688/1324
f 7342/1702/1315 7343/1690/1387 7341/1701/1315
f 7088/1703/1387 7321/1704/1377 7343/1690/1387
f 7079/1705/1318 7083/1706/1318 7087/1707/1318
f 7348/1630/1377 7346/1691/1396 7345/1674/1377
f 7347/1693/1396 7349/1694/1321 7346/1691/1396
f 7350/1695/1321 7351/1687/1401 7349/1694/1321
f 7383/1708/1324 7100/1619/1324 7358/1708/1324
f 7377/1696/1321 7351/1687/1401 7352/1696/1401
f 7102/1700/1388 7356/1701/1315 7101/1686/1388
f 7104/1624/1324 7100/1619/1324 7096/1626/1324
f 7357/1702/1315 7359/1690/1387 7356/1701/1315
f 7106/1703/1387 7345/1704/1377 7359/1690/1387
f 7097/1705/1318 7355/1706/1318 7105/1707/1318
f 7364/1630/1377 7362/1691/1396 7361/1674/1377
f 7363/1693/1396 7365/1694/1321 7362/1691/1396
f 7366/1695/1321 7367/1687/1399 7365/1694/1321
f 7368/1696/1399 7369/1697/1382 7367/1687/1399
f 7370/1699/1382 7371/1686/1400 7369/1697/1382
f 7372/1700/1400 7373/1701/1315 7371/1686/1400
f 7120/1624/1324 7116/1619/1324 7112/1626/1324
f 7374/1702/1315 7375/1690/1387 7373/1701/1315
f 7122/1703/1387 7361/1704/1377 7375/1690/1387
f 7113/1705/1318 7117/1706/1318 7121/1707/1318
f 7378/1696/1382 7379/1697/1382 7354/1687/1382
f 7380/1699/1382 7381/1686/1382 7379/1697/1382
f 7124/1705/1318 7099/1709/1318 7097/1705/1318
f 7382/1686/1315 7102/1700/1388 7101/1686/1388
f 7099/1709/1318 7127/1706/1318 7355/1706/1318
f 7100/1619/1324 7123/1710/1324 7098/1710/1324
f 7386/1682/1315 7390/1683/1402 7385/1684/1402
f 7389/1685/1318 7393/1686/1318 7131/1683/1318
f 7392/1687/1321 7396/1688/1389 7135/1686/1389
f 7395/1692/1324 7129/1700/1324 7133/1688/1324
f 7405/1686/1318 7398/1683/1318 7142/1683/1318
f 7132/1691/1377 7134/1692/1377 7136/1687/1377
f 7402/1686/1382 7399/1689/1382 7397/1690/1382
f 7407/1683/1390 7400/1684/1390 7143/1684/1390
f 7409/1711/1391 7139/1686/1391 7406/1686/1391
f 7408/1700/1324 7140/1688/1324 7410/1711/1324
f 7129/1700/1324 7410/1711/1324 7133/1688/1324
f 7419/1686/1318 7415/1686/1318 7405/1686/1318
f 7390/1683/1402 7143/1684/1390 7385/1684/1402
f 7393/1686/1318 7142/1683/1318 7131/1683/1318
f 7411/1688/1403 7416/1686/1403 7413/1686/1403
f 7420/1688/1394 7146/1686/1393 7149/1686/1394
f 7141/1686/1392 7418/1711/1392 7144/1711/1392
f 7150/1688/1324 7148/1711/1324 7145/1688/1324
f 7422/1688/1324 7410/1711/1324 7150/1688/1324
f 7152/1688/1395 7149/1686/1394 7421/1686/1395
f 7405/1686/1318 7151/1686/1318 7419/1686/1318
f 7405/1686/1318 7393/1686/1318 7151/1686/1318
f 7396/1688/1389 7421/1686/1395 7135/1686/1389
f 7133/1688/1324 7410/1711/1324 7422/1688/1324
f 7155/1620/1377 7153/1629/1377 7154/1623/1377
f 7154/1623/1377 7164/1628/1377 7163/1618/1377
f 7163/1618/1377 7162/1624/1377 7161/1622/1377
f 7161/1622/1377 7160/1627/1377 7159/1619/1377
f 7159/1619/1377 7158/1625/1377 7157/1621/1377
f 7157/1621/1377 7156/1626/1377 7155/1620/1377
f 7155/1620/1377 7154/1623/1377 7163/1618/1377
f 7163/1618/1377 7161/1622/1377 7159/1619/1377
f 7159/1619/1377 7157/1621/1377 7155/1620/1377
f 7166/1623/1382 7165/1629/1382 7167/1620/1382
f 7167/1620/1382 7168/1626/1382 7169/1621/1382
f 7169/1621/1382 7170/1625/1382 7171/1619/1382
f 7171/1619/1382 7172/1627/1382 7173/1622/1382
f 7173/1622/1382 7174/1624/1382 7175/1618/1382
f 7175/1618/1382 7176/1628/1382 7166/1623/1382
f 7166/1623/1382 7167/1620/1382 7169/1621/1382
f 7169/1621/1382 7171/1619/1382 7173/1622/1382
f 7173/1622/1382 7175/1618/1382 7166/1623/1382
f 6844/1624/1324 6843/1622/1323 6831/1622/1323
f 6841/1619/1321 6840/1625/1320 6828/1625/1320
f 6838/1626/1318 6837/1620/1317 6825/1620/1317
f 6845/1618/1325 6844/1624/1324 6832/1624/1324
f 6842/1627/1322 6841/1619/1321 6829/1619/1321
f 6839/1621/1319 6838/1626/1318 6826/1626/1318
f 6846/1628/1326 6845/1618/1325 6833/1618/1325
f 6835/1629/1316 6836/1623/1315 6823/1623/1315
f 6843/1622/1323 6842/1627/1322 6830/1627/1322
f 6840/1625/1320 6839/1621/1319 6827/1621/1319
f 6836/1623/1315 6846/1628/1326 6834/1628/1326
f 6837/1620/1317 6835/1629/1316 6824/1629/1316
f 7179/1620/1377 7177/1629/1377 7178/1623/1377
f 7178/1623/1377 7188/1628/1377 7187/1618/1377
f 7187/1618/1377 7186/1624/1377 7185/1622/1377
f 7185/1622/1377 7184/1627/1377 7183/1619/1377
f 7183/1619/1377 7182/1625/1377 7181/1621/1377
f 7181/1621/1377 7180/1626/1377 7179/1620/1377
f 7179/1620/1377 7178/1623/1377 7187/1618/1377
f 7187/1618/1377 7185/1622/1377 7183/1619/1377
f 7183/1619/1377 7181/1621/1377 7179/1620/1377
f 7190/1623/1382 7189/1629/1382 7191/1620/1382
f 7191/1620/1382 7192/1626/1382 7193/1621/1382
f 7193/1621/1382 7194/1625/1382 7195/1619/1382
f 7195/1619/1382 7196/1627/1382 7197/1622/1382
f 7197/1622/1382 7198/1624/1382 7199/1618/1382
f 7199/1618/1382 7200/1628/1382 7190/1623/1382
f 7190/1623/1382 7191/1620/1382 7193/1621/1382
f 7193/1621/1382 7195/1619/1382 7197/1622/1382
f 7197/1622/1382 7199/1618/1382 7190/1623/1382
f 6868/1624/1324 6867/1622/1323 6855/1622/1323
f 6865/1619/1321 6864/1625/1320 6852/1625/1320
f 6862/1626/1318 6861/1620/1317 6849/1620/1317
f 6869/1618/1325 6868/1624/1324 6856/1624/1324
f 6866/1627/1322 6865/1619/1321 6853/1619/1321
f 6863/1621/1319 6862/1626/1318 6850/1626/1318
f 6870/1628/1326 6869/1618/1325 6857/1618/1325
f 6859/1629/1316 6860/1623/1315 6847/1623/1315
f 6867/1622/1323 6866/1627/1322 6854/1627/1322
f 6864/1625/1320 6863/1621/1319 6851/1621/1319
f 6860/1623/1315 6870/1628/1326 6858/1628/1326
f 6861/1620/1317 6859/1629/1316 6848/1629/1316
f 6872/1630/1328 6874/1676/1330 6897/1631/1353
f 6897/1631/1353 6874/1676/1330 6876/1633/1332
f 6876/1633/1332 6878/1677/1334 6901/1635/1357
f 6901/1635/1357 6878/1677/1334 6880/1636/1336
f 6880/1636/1336 6882/1678/1338 6905/1638/1361
f 6905/1638/1361 6882/1678/1338 6884/1639/1340
f 6884/1639/1340 6886/1679/1342 6909/1641/1365
f 6909/1641/1365 6886/1679/1342 6888/1642/1344
f 6888/1642/1344 6890/1680/1346 6913/1644/1369
f 6913/1644/1369 6890/1680/1346 6892/1645/1348
f 6917/1647/1373 6896/1651/1352 6895/1648/1351
f 6892/1645/1348 6894/1681/1350 6917/1647/1373
f 6917/1647/1373 6894/1681/1350 6872/1650/1328
f 6918/1649/1374 6895/1648/1351 6871/1652/1327
f 6891/1654/1347 6916/1655/1372 6918/1649/1374
f 6915/1646/1371 6917/1647/1373 6918/1649/1374
f 6914/1656/1370 6916/1655/1372 6891/1654/1347
f 6913/1644/1369 6915/1646/1371 6916/1655/1372
f 6887/1658/1343 6912/1659/1368 6914/1656/1370
f 6911/1643/1367 6913/1644/1369 6914/1656/1370
f 6910/1660/1366 6912/1659/1368 6887/1658/1343
f 6909/1641/1365 6911/1643/1367 6912/1659/1368
f 6883/1662/1339 6908/1663/1364 6910/1660/1366
f 6907/1640/1363 6909/1641/1365 6910/1660/1366
f 6906/1664/1362 6908/1663/1364 6883/1662/1339
f 6905/1638/1361 6907/1640/1363 6908/1663/1364
f 6879/1666/1335 6904/1667/1360 6906/1664/1362
f 6903/1637/1359 6905/1638/1361 6906/1664/1362
f 6902/1668/1358 6904/1667/1360 6879/1666/1335
f 6901/1635/1357 6903/1637/1359 6904/1667/1360
f 6875/1670/1331 6900/1671/1356 6902/1668/1358
f 6899/1634/1355 6901/1635/1357 6902/1668/1358
f 6898/1672/1354 6900/1671/1356 6875/1670/1331
f 6897/1631/1353 6899/1634/1355 6900/1671/1356
f 6871/1674/1327 6895/1675/1351 6898/1672/1354
f 6896/1632/1352 6897/1631/1353 6898/1672/1354
f 6919/1674/1315 6920/1630/1315 6922/1676/1375
f 6921/1673/1375 6922/1676/1375 6924/1633/1376
f 6923/1670/1376 6924/1633/1376 6926/1677/1377
f 6925/1669/1377 6926/1677/1377 6928/1636/1378
f 6927/1666/1378 6928/1636/1378 6930/1678/1379
f 6929/1665/1379 6930/1678/1379 6932/1639/1321
f 6932/1639/1321 6934/1679/1380 6933/1661/1380
f 6934/1679/1380 6936/1642/1381 6935/1658/1381
f 6936/1642/1381 6938/1680/1382 6937/1657/1382
f 6938/1680/1382 6940/1645/1383 6939/1654/1383
f 7263/1620/1324 7261/1629/1324 7262/1623/1324
f 7262/1623/1324 7272/1628/1324 7271/1618/1324
f 7271/1618/1324 7270/1624/1324 7269/1622/1324
f 7269/1622/1324 7268/1627/1324 7267/1619/1324
f 7267/1619/1324 7266/1625/1324 7265/1621/1324
f 7265/1621/1324 7264/1626/1324 7263/1620/1324
f 7263/1620/1324 7262/1623/1324 7271/1618/1324
f 7271/1618/1324 7269/1622/1324 7267/1619/1324
f 7267/1619/1324 7265/1621/1324 7263/1620/1324
f 6940/1645/1383 6942/1681/1384 6941/1653/1384
f 6942/1681/1384 6920/1650/1315 6919/1652/1315
f 7203/1620/1324 7201/1629/1324 7202/1623/1324
f 7202/1623/1324 7212/1628/1324 7211/1618/1324
f 7211/1618/1324 7210/1624/1324 7209/1622/1324
f 7209/1622/1324 7208/1627/1324 7207/1619/1324
f 7207/1619/1324 7206/1625/1324 7205/1621/1324
f 7205/1621/1324 7204/1626/1324 7203/1620/1324
f 7203/1620/1324 7202/1623/1324 7211/1618/1324
f 7211/1618/1324 7209/1622/1324 7207/1619/1324
f 7207/1619/1324 7205/1621/1324 7203/1620/1324
f 7214/1623/1318 7213/1629/1318 7215/1620/1318
f 7215/1620/1318 7216/1626/1318 7217/1621/1318
f 7217/1621/1318 7218/1625/1318 7219/1619/1318
f 7219/1619/1318 7220/1627/1318 7221/1622/1318
f 7221/1622/1318 7222/1624/1318 7223/1618/1318
f 7223/1618/1318 7224/1628/1318 7214/1623/1318
f 7214/1623/1318 7215/1620/1318 7217/1621/1318
f 7217/1621/1318 7219/1619/1318 7221/1622/1318
f 7221/1622/1318 7223/1618/1318 7214/1623/1318
f 6964/1624/1382 6963/1622/1381 6951/1622/1381
f 6961/1619/1321 6960/1625/1379 6948/1625/1379
f 6958/1626/1377 6957/1620/1376 6945/1620/1376
f 6965/1618/1383 6964/1624/1382 6952/1624/1382
f 6962/1627/1380 6961/1619/1321 6949/1619/1321
f 6959/1621/1378 6958/1626/1377 6946/1626/1377
f 6966/1628/1384 6965/1618/1383 6953/1618/1383
f 6955/1629/1375 6956/1623/1315 6943/1623/1315
f 6963/1622/1381 6962/1627/1380 6950/1627/1380
f 6960/1625/1379 6959/1621/1378 6947/1621/1378
f 6956/1623/1315 6966/1628/1384 6954/1628/1384
f 6957/1620/1376 6955/1629/1375 6944/1629/1375
f 7227/1620/1324 7225/1629/1324 7226/1623/1324
f 7226/1623/1324 7236/1628/1324 7235/1618/1324
f 7235/1618/1324 7234/1624/1324 7233/1622/1324
f 7233/1622/1324 7232/1627/1324 7231/1619/1324
f 7231/1619/1324 7230/1625/1324 7229/1621/1324
f 7229/1621/1324 7228/1626/1324 7227/1620/1324
f 7227/1620/1324 7226/1623/1324 7235/1618/1324
f 7235/1618/1324 7233/1622/1324 7231/1619/1324
f 7231/1619/1324 7229/1621/1324 7227/1620/1324
f 7238/1623/1318 7237/1629/1318 7239/1620/1318
f 7239/1620/1318 7240/1626/1318 7241/1621/1318
f 7241/1621/1318 7242/1625/1318 7243/1619/1318
f 7243/1619/1318 7244/1627/1318 7245/1622/1318
f 7245/1622/1318 7246/1624/1318 7247/1618/1318
f 7247/1618/1318 7248/1628/1318 7238/1623/1318
f 7238/1623/1318 7239/1620/1318 7241/1621/1318
f 7241/1621/1318 7243/1619/1318 7245/1622/1318
f 7245/1622/1318 7247/1618/1318 7238/1623/1318
f 6988/1624/1382 6987/1622/1381 6975/1622/1381
f 6985/1619/1321 6984/1625/1379 6972/1625/1379
f 6982/1626/1377 6981/1620/1376 6969/1620/1376
f 6989/1618/1383 6988/1624/1382 6976/1624/1382
f 6986/1627/1380 6985/1619/1321 6973/1619/1321
f 6983/1621/1378 6982/1626/1377 6970/1626/1377
f 6990/1628/1384 6989/1618/1383 6977/1618/1383
f 6979/1629/1375 6980/1623/1315 6967/1623/1315
f 6987/1622/1381 6986/1627/1380 6974/1627/1380
f 6984/1625/1379 6983/1621/1378 6971/1621/1378
f 6980/1623/1315 6990/1628/1384 6978/1628/1384
f 6981/1620/1376 6979/1629/1375 6968/1629/1375
f 7250/1623/1318 7249/1629/1318 7251/1620/1318
f 7251/1620/1318 7252/1626/1318 7253/1621/1318
f 7253/1621/1318 7254/1625/1318 7255/1619/1318
f 7255/1619/1318 7256/1627/1318 7257/1622/1318
f 7257/1622/1318 7258/1624/1318 7259/1618/1318
f 7259/1618/1318 7260/1628/1318 7250/1623/1318
f 7250/1623/1318 7251/1620/1318 7253/1621/1318
f 7253/1621/1318 7255/1619/1318 7257/1622/1318
f 7257/1622/1318 7259/1618/1318 7250/1623/1318
f 7012/1624/1382 7011/1622/1381 6999/1622/1381
f 7009/1619/1321 7008/1625/1379 6996/1625/1379
f 7006/1626/1377 7005/1620/1376 6993/1620/1376
f 7013/1618/1383 7012/1624/1382 7000/1624/1382
f 7010/1627/1380 7009/1619/1321 6997/1619/1321
f 7007/1621/1378 7006/1626/1377 6994/1626/1377
f 7014/1628/1384 7013/1618/1383 7001/1618/1383
f 7003/1629/1375 7004/1623/1315 6991/1623/1315
f 7011/1622/1381 7010/1627/1380 6998/1627/1380
f 7008/1625/1379 7007/1621/1378 6995/1621/1378
f 7004/1623/1315 7014/1628/1384 7002/1628/1384
f 7005/1620/1376 7003/1629/1375 6992/1629/1375
f 7274/1623/1318 7273/1629/1318 7275/1620/1318
f 7275/1620/1318 7276/1626/1318 7277/1621/1318
f 7277/1621/1318 7278/1625/1318 7279/1619/1318
f 7279/1619/1318 7280/1627/1318 7281/1622/1318
f 7281/1622/1318 7282/1624/1318 7283/1618/1318
f 7283/1618/1318 7284/1628/1318 7274/1623/1318
f 7274/1623/1318 7275/1620/1318 7277/1621/1318
f 7277/1621/1318 7279/1619/1318 7281/1622/1318
f 7281/1622/1318 7283/1618/1318 7274/1623/1318
f 7036/1624/1382 7035/1622/1381 7023/1622/1381
f 7033/1619/1321 7032/1625/1379 7020/1625/1379
f 7030/1626/1377 7029/1620/1376 7017/1620/1376
f 7037/1618/1383 7036/1624/1382 7024/1624/1382
f 7034/1627/1380 7033/1619/1321 7021/1619/1321
f 7031/1621/1378 7030/1626/1377 7018/1626/1377
f 7038/1628/1384 7037/1618/1383 7025/1618/1383
f 7027/1629/1375 7028/1623/1315 7015/1623/1315
f 7035/1622/1381 7034/1627/1380 7022/1627/1380
f 7032/1625/1379 7031/1621/1378 7019/1621/1378
f 7028/1623/1315 7038/1628/1384 7026/1628/1384
f 7029/1620/1376 7027/1629/1375 7016/1629/1375
f 7287/1620/1324 7285/1629/1324 7286/1623/1324
f 7286/1623/1324 7296/1628/1324 7295/1618/1324
f 7295/1618/1324 7294/1624/1324 7293/1622/1324
f 7293/1622/1324 7292/1627/1324 7291/1619/1324
f 7291/1619/1324 7290/1625/1324 7289/1621/1324
f 7289/1621/1324 7288/1626/1324 7287/1620/1324
f 7287/1620/1324 7286/1623/1324 7295/1618/1324
f 7295/1618/1324 7293/1622/1324 7291/1619/1324
f 7291/1619/1324 7289/1621/1324 7287/1620/1324
f 7298/1623/1318 7297/1629/1318 7299/1620/1318
f 7299/1620/1318 7300/1626/1318 7301/1621/1318
f 7301/1621/1318 7302/1625/1318 7303/1619/1318
f 7303/1619/1318 7304/1627/1318 7305/1622/1318
f 7305/1622/1318 7306/1624/1318 7307/1618/1318
f 7307/1618/1318 7308/1628/1318 7298/1623/1318
f 7298/1623/1318 7299/1620/1318 7301/1621/1318
f 7301/1621/1318 7303/1619/1318 7305/1622/1318
f 7305/1622/1318 7307/1618/1318 7298/1623/1318
f 7060/1624/1382 7059/1622/1381 7047/1622/1381
f 7057/1619/1321 7056/1625/1379 7044/1625/1379
f 7054/1626/1377 7053/1620/1376 7041/1620/1376
f 7061/1618/1383 7060/1624/1382 7048/1624/1382
f 7058/1627/1380 7057/1619/1321 7045/1619/1321
f 7055/1621/1378 7054/1626/1377 7042/1626/1377
f 7062/1628/1384 7061/1618/1383 7049/1618/1383
f 7051/1629/1375 7052/1623/1315 7039/1623/1315
f 7059/1622/1381 7058/1627/1380 7046/1627/1380
f 7056/1625/1379 7055/1621/1378 7043/1621/1378
f 7052/1623/1315 7062/1628/1384 7050/1628/1384
f 7053/1620/1376 7051/1629/1375 7040/1629/1375
f 7312/1682/1315 7313/1685/1315 7309/1683/1315
f 7314/1685/1318 7317/1687/1318 7315/1686/1318
f 7318/1687/1321 7320/1692/1321 7319/1688/1321
f 7311/1684/1315 7334/1684/1315 7330/1682/1315
f 7069/1686/1382 7067/1688/1385 7063/1689/1385
f 7066/1691/1377 7064/1698/1386 7068/1692/1386
f 7328/1630/1377 7327/1693/1396 7322/1691/1396
f 7327/1693/1396 7332/1695/1321 7329/1694/1321
f 7332/1695/1321 7336/1696/1399 7333/1687/1399
f 7320/1692/1321 7323/1692/1321 7325/1688/1321
f 7336/1696/1399 7338/1699/1382 7337/1697/1382
f 7064/1698/1386 7331/1698/1397 7324/1692/1397
f 7338/1699/1382 7340/1700/1400 7339/1686/1400
f 7067/1688/1385 7326/1688/1398 7335/1689/1398
f 7340/1700/1400 7342/1702/1315 7341/1701/1315
f 7078/1626/1324 7076/1712/1324 7074/1623/1324
f 7074/1623/1324 7344/1713/1324 7086/1624/1324
f 7086/1624/1324 7084/1708/1324 7082/1619/1324
f 7082/1619/1324 7080/1710/1324 7078/1626/1324
f 7078/1626/1324 7074/1623/1324 7086/1624/1324
f 7089/1692/1324 7071/1696/1324 7072/1700/1324
f 7342/1702/1315 7088/1703/1387 7343/1690/1387
f 7088/1703/1387 7328/1714/1377 7321/1704/1377
f 7087/1707/1318 7073/1715/1318 7075/1716/1318
f 7075/1716/1318 7077/1717/1318 7079/1705/1318
f 7079/1705/1318 7081/1709/1318 7083/1706/1318
f 7083/1706/1318 7085/1718/1318 7087/1707/1318
f 7087/1707/1318 7075/1716/1318 7079/1705/1318
f 7348/1630/1377 7347/1693/1396 7346/1691/1396
f 7347/1693/1396 7350/1695/1321 7349/1694/1321
f 7350/1695/1321 7352/1696/1401 7351/1687/1401
f 7383/1708/1324 7126/1619/1324 7100/1619/1324
f 7377/1696/1321 7353/1687/1321 7351/1687/1401
f 7102/1700/1388 7357/1702/1315 7356/1701/1315
f 7096/1626/1324 7094/1712/1324 7092/1623/1324
f 7092/1623/1324 7360/1713/1324 7104/1624/1324
f 7104/1624/1324 7358/1708/1324 7100/1619/1324
f 7100/1619/1324 7098/1710/1324 7096/1626/1324
f 7096/1626/1324 7092/1623/1324 7104/1624/1324
f 7357/1702/1315 7106/1703/1387 7359/1690/1387
f 7106/1703/1387 7348/1714/1377 7345/1704/1377
f 7105/1707/1318 7091/1715/1318 7093/1716/1318
f 7093/1716/1318 7095/1717/1318 7097/1705/1318
f 7097/1705/1318 7099/1709/1318 7355/1706/1318
f 7355/1706/1318 7103/1718/1318 7105/1707/1318
f 7105/1707/1318 7093/1716/1318 7097/1705/1318
f 7364/1630/1377 7363/1693/1396 7362/1691/1396
f 7363/1693/1396 7366/1695/1321 7365/1694/1321
f 7366/1695/1321 7368/1696/1399 7367/1687/1399
f 7368/1696/1399 7370/1699/1382 7369/1697/1382
f 7370/1699/1382 7372/1700/1400 7371/1686/1400
f 7372/1700/1400 7374/1702/1315 7373/1701/1315
f 7112/1626/1324 7109/1712/1324 7110/1623/1324
f 7110/1623/1324 7376/1713/1324 7120/1624/1324
f 7120/1624/1324 7118/1708/1324 7116/1619/1324
f 7116/1619/1324 7114/1710/1324 7112/1626/1324
f 7112/1626/1324 7110/1623/1324 7120/1624/1324
f 7374/1702/1315 7122/1703/1387 7375/1690/1387
f 7122/1703/1387 7364/1714/1377 7361/1704/1377
f 7121/1707/1318 7107/1715/1318 7108/1716/1318
f 7108/1716/1318 7111/1717/1318 7113/1705/1318
f 7113/1705/1318 7115/1709/1318 7117/1706/1318
f 7117/1706/1318 7119/1718/1318 7121/1707/1318
f 7121/1707/1318 7108/1716/1318 7113/1705/1318
f 7378/1696/1382 7380/1699/1382 7379/1697/1382
f 7380/1699/1382 7384/1700/1382 7381/1686/1382
f 7124/1705/1318 7125/1709/1318 7099/1709/1318
f 7382/1686/1315 7128/1700/1315 7102/1700/1388
f 7099/1709/1318 7125/1709/1318 7127/1706/1318
f 7100/1619/1324 7126/1619/1324 7123/1710/1324
f 7386/1682/1315 7388/1685/1315 7390/1683/1402
f 7389/1685/1318 7391/1687/1318 7393/1686/1318
f 7392/1687/1321 7394/1692/1321 7396/1688/1389
f 7395/1692/1324 7387/1696/1324 7129/1700/1324
f 7405/1686/1318 7401/1686/1318 7398/1683/1318
f 7132/1691/1377 7130/1698/1377 7134/1692/1377
f 7402/1686/1382 7403/1688/1382 7399/1689/1382
f 7407/1683/1390 7137/1683/1390 7400/1684/1390
f 7409/1711/1391 7404/1688/1391 7139/1686/1391
f 7408/1700/1324 7138/1700/1324 7140/1688/1324
f 7129/1700/1324 7408/1700/1324 7410/1711/1324
f 7419/1686/1318 7414/1686/1318 7415/1686/1318
f 7390/1683/1402 7407/1683/1390 7143/1684/1390
f 7393/1686/1318 7405/1686/1318 7142/1683/1318
f 7411/1688/1403 7417/1711/1403 7416/1686/1403
f 7420/1688/1394 7412/1688/1393 7146/1686/1393
f 7141/1686/1392 7147/1686/1392 7418/1711/1392
f 7150/1688/1324 7410/1711/1324 7148/1711/1324
f 7152/1688/1395 7420/1688/1394 7149/1686/1394
f 7396/1688/1389 7152/1688/1395 7421/1686/1395
o Cube.054
v -0.835000 0.529999 -1.550000
v -0.830311 0.529999 -1.532500
v -0.817500 0.529999 -1.519689
v -0.800000 0.529999 -1.515000
v -0.782500 0.529999 -1.519689
v -0.769689 0.529999 -1.532500
v -0.765000 0.529999 -1.550000
v -0.769689 0.529999 -1.567500
v -0.782500 0.529999 -1.580311
v -0.800000 0.529999 -1.585000
v -0.817500 0.529999 -1.580311
v -0.830311 0.529999 -1.567500
v -0.830311 0.539999 -1.532500
v -0.835000 0.539999 -1.550000
v -0.817500 0.539999 -1.519689
v -0.800000 0.539999 -1.515000
v -0.782500 0.539999 -1.519689
v -0.769689 0.539999 -1.532500
v -0.765000 0.539999 -1.550000
v -0.769689 0.539999 -1.567500
v -0.782500 0.539999 -1.580311
v -0.800000 0.539999 -1.585000
v -0.817500 0.539999 -1.580311
v -0.830311 0.539999 -1.567500
v -0.835000 0.490000 -1.510000
v -0.830311 0.472499 -1.510000
v -0.817500 0.459689 -1.510000
v -0.800000 0.455000 -1.510000
v -0.782500 0.459689 -1.510000
v -0.769689 0.472499 -1.510000
v -0.765000 0.490000 -1.510000
v -0.769689 0.507500 -1.510000
v -0.782500 0.520310 -1.510000
v -0.800000 0.524999 -1.510000
v -0.817500 0.520310 -1.510000
v -0.830311 0.507500 -1.510000
v -0.830311 0.472499 -1.500000
v -0.835000 0.490000 -1.500000
v -0.817500 0.459689 -1.500000
v -0.800000 0.455000 -1.500000
v -0.782500 0.459689 -1.500000
v -0.769689 0.472499 -1.500000
v -0.765000 0.490000 -1.500000
v -0.769689 0.507500 -1.500000
v -0.782500 0.520310 -1.500000
v -0.800000 0.524999 -1.500000
v -0.817500 0.520310 -1.500000
v -0.830311 0.507500 -1.500000
v -0.830000 0.529999 -1.550000
v -0.825981 0.529999 -1.535000
v -0.815000 0.529999 -1.524019
v -0.800000 0.529999 -1.520000
v -0.785000 0.529999 -1.524019
v -0.774019 0.529999 -1.535000
v -0.770000 0.529999 -1.550000
v -0.774019 0.529999 -1.565000
v -0.785000 0.529999 -1.575981
v -0.800000 0.529999 -1.580000
v -0.815000 0.529999 -1.575981
v -0.825981 0.529999 -1.565000
v -0.830000 0.510000 -1.544641
v -0.825981 0.517500 -1.531651
v -0.815000 0.522990 -1.522141
v -0.800000 0.525000 -1.518660
v -0.785000 0.522990 -1.522141
v -0.774019 0.517500 -1.531651
v -0.770000 0.510000 -1.544641
v -0.774019 0.502500 -1.557632
v -0.785000 0.497009 -1.567141
v -0.800000 0.495000 -1.570622
v -0.815000 0.497009 -1.567141
v -0.825981 0.502500 -1.557632
v -0.830000 0.495358 -1.530000
v -0.825981 0.508349 -1.522500
v -0.815000 0.517859 -1.517010
v -0.800000 0.521339 -1.515000
v -0.785000 0.517859 -1.517010
v -0.774019 0.508349 -1.522500
v -0.770000 0.495358 -1.530000
v -0.774019 0.482368 -1.537500
v -0.785000 0.472859 -1.542991
v -0.800000 0.469378 -1.545000
v -0.815000 0.472859 -1.542991
v -0.825981 0.482368 -1.537500
v -0.830000 0.490000 -1.510000
v -0.825981 0.505000 -1.510000
v -0.815000 0.515980 -1.510000
v -0.800000 0.520000 -1.510000
v -0.785000 0.515980 -1.510000
v -0.774019 0.505000 -1.510000
v -0.770000 0.490000 -1.510000
v -0.774019 0.475000 -1.510000
v -0.785000 0.464019 -1.510000
v -0.800000 0.460000 -1.510000
v -0.815000 0.464019 -1.510000
v -0.825981 0.475000 -1.510000
v -0.825981 0.504999 -1.500000
v -0.825981 0.504999 -1.400000
v -0.815000 0.515980 -1.500000
v -0.815000 0.515980 -1.400000
v -0.800000 0.519999 -1.500000
v -0.800000 0.519999 -1.400000
v -0.785000 0.515980 -1.500000
v -0.785000 0.515980 -1.400000
v -0.774019 0.504999 -1.500000
v -0.774019 0.504999 -1.400000
v -0.770000 0.489999 -1.500000
v -0.770000 0.489999 -1.400000
v -0.774019 0.474999 -1.500000
v -0.774019 0.474999 -1.400000
v -0.785000 0.464019 -1.500000
v -0.785000 0.464019 -1.400000
v -0.800000 0.459999 -1.500000
v -0.800000 0.459999 -1.400000
v -0.815000 0.464019 -1.500000
v -0.815000 0.464019 -1.400000
v -0.825981 0.474999 -1.500000
v -0.825981 0.474999 -1.400000
v -0.830000 0.489999 -1.500000
v -0.830000 0.489999 -1.400000
v -0.830311 0.529999 -1.532500
v -0.835000 0.529999 -1.550000
v -0.817500 0.529999 -1.519689
v -0.800000 0.529999 -1.515000
v -0.782500 0.529999 -1.519689
v -0.769689 0.529999 -1.532500
v -0.765000 0.529999 -1.550000
v -0.769689 0.529999 -1.567500
v -0.782500 0.529999 -1.580311
v -0.800000 0.529999 -1.585000
v -0.817500 0.529999 -1.580311
v -0.830311 0.529999 -1.567500
v -0.830311 0.539999 -1.532500
v -0.835000 0.539999 -1.550000
v -0.817500 0.539999 -1.519689
v -0.800000 0.539999 -1.515000
v -0.782500 0.539999 -1.519689
v -0.769689 0.539999 -1.532500
v -0.765000 0.539999 -1.550000
v -0.769689 0.539999 -1.567500
v -0.782500 0.539999 -1.580311
v -0.800000 0.539999 -1.585000
v -0.817500 0.539999 -1.580311
v -0.830311 0.539999 -1.567500
v -0.830311 0.472499 -1.510000
v -0.835000 0.490000 -1.510000
v -0.817500 0.459689 -1.510000
v -0.800000 0.455000 -1.510000
v -0.782500 0.459689 -1.510000
v -0.769689 0.472499 -1.510000
v -0.765000 0.490000 -1.510000
v -0.769689 0.507500 -1.510000
v -0.782500 0.520310 -1.510000
v -0.800000 0.524999 -1.510000
v -0.817500 0.520310 -1.510000
v -0.830311 0.507500 -1.510000
v -0.830311 0.472499 -1.500000
v -0.835000 0.490000 -1.500000
v -0.817500 0.459689 -1.500000
v -0.800000 0.455000 -1.500000
v -0.782500 0.459689 -1.500000
v -0.769689 0.472499 -1.500000
v -0.765000 0.490000 -1.500000
v -0.769689 0.507500 -1.500000
v -0.782500 0.520310 -1.500000
v -0.800000 0.524999 -1.500000
v -0.817500 0.520310 -1.500000
v -0.830311 0.507500 -1.500000
vn -1.0000 -0.0000 -0.0000
vn -0.8660 -0.0000 0.5000
vn -0.5000 -0.0000 0.8660
vn -0.0000 -0.0000 1.0000
vn 0.5000 -0.0000 0.8660
vn 0.8660 -0.0000 0.5000
vn 1.0000 -0.0000 -0.0000
vn 0.8660 -0.0000 -0.5000
vn 0.5000 -0.0000 -0.8660
vn -0.0000 -0.0000 -1.0000
vn -0.5000 -0.0000 -0.8660
vn -0.8660 -0.0000 -0.5000
vn -0.8660 -0.5000 -0.0000
vn -0.5000 -0.8660 -0.0000
vn -0.0000 -1.0000 -0.0000
vn 0.5000 -0.8660 -0.0000
vn 0.8660 -0.5000 -0.0000
vn 0.8660 0.5000 -0.0000
vn 0.5000 0.8660 -0.0000
vn -0.0000 1.0000 -0.0000
vn -0.5000 0.8660 -0.0000
vn -0.8660 0.5000 -0.0000
vn -0.9990 -0.0115 -0.0431
vn -0.8778 0.1240 0.4628
vn -0.5063 0.2232 0.8329
vn -0.0000 0.2588 0.9659
vn 0.5063 0.2232 0.8329
vn 0.8778 0.1240 0.4628
vn 0.9990 -0.0115 -0.0431
vn 0.8390 -0.1408 -0.5256
vn 0.4696 -0.2285 -0.8528
vn -0.0000 -0.2588 -0.9659
vn -0.4696 -0.2285 -0.8528
vn -0.8390 -0.1408 -0.5256
vn -0.9991 -0.0215 -0.0373
vn -0.8846 0.2332 0.4039
vn -0.5195 0.4272 0.7400
vn -0.0000 0.5000 0.8660
vn 0.5195 0.4272 0.7400
vn 0.8846 0.2332 0.4039
vn 0.9991 -0.0215 -0.0373
vn 0.8474 -0.2654 -0.4598
vn 0.4823 -0.4380 -0.7586
vn -0.0000 -0.5000 -0.8660
vn -0.4823 -0.4380 -0.7586
vn -0.8474 -0.2654 -0.4598
vn -0.9991 -0.0373 -0.0215
vn -0.8846 0.4039 0.2332
vn -0.5195 0.7400 0.4273
vn -0.0000 0.8660 0.5000
vn 0.5195 0.7400 0.4273
vn 0.8846 0.4039 0.2332
vn 0.9991 -0.0373 -0.0215
vn 0.8474 -0.4598 -0.2655
vn 0.4823 -0.7586 -0.4380
vn -0.0000 -0.8660 -0.5000
vn -0.4823 -0.7586 -0.4380
vn -0.8474 -0.4598 -0.2654
vn -0.9990 -0.0431 -0.0115
vn -0.8778 0.4628 0.1240
vn -0.5064 0.8329 0.2232
vn -0.0000 0.9659 0.2588
vn 0.5064 0.8329 0.2232
vn 0.8778 0.4628 0.1240
vn 0.9990 -0.0431 -0.0115
vn 0.8390 -0.5256 -0.1408
vn 0.4696 -0.8528 -0.2285
vn -0.0000 -0.9659 -0.2588
vn -0.4696 -0.8528 -0.2285
vn -0.8390 -0.5256 -0.1408
vt 0.042154 0.370000
vt 0.250000 0.010000
vt 0.457846 0.370000
vt 0.457846 0.130000
vt 0.042154 0.130000
vt 0.250000 0.490000
vt 0.010000 0.250000
vt 0.370000 0.042154
vt 0.490000 0.250000
vt 0.130000 0.042154
vt 0.130000 0.457846
vt 0.370000 0.457846
vt 0.083333 1.000000
vt 0.000000 0.500000
vt 0.083333 0.500000
vt 0.166667 1.000000
vt 0.166667 0.500000
vt 0.250000 1.000000
vt 0.250000 0.500000
vt 0.333333 1.000000
vt 0.333333 0.500000
vt 0.416667 1.000000
vt 0.416667 0.500000
vt 0.500000 1.000000
vt 0.500000 0.500000
vt 0.583333 0.500000
vt 0.666667 1.000000
vt 0.666667 0.500000
vt 0.750000 0.500000
vt 0.833333 1.000000
vt 0.833333 0.500000
vt 0.916667 0.500000
vt 1.000000 1.000000
vt 1.000000 0.500000
vt 0.000000 1.000000
vt 0.583333 1.000000
vt 0.750000 1.000000
vt 0.916667 1.000000
s 1
f 7553/1719/1418 7549/1720/1418 7545/1721/1418
f 7559/1722/1423 7563/1723/1423 7556/1724/1423
f 7444/1725/1413 7431/1723/1412 7432/1725/1413
f 7441/1720/1410 7428/1726/1409 7429/1720/1410
f 7438/1727/1407 7425/1721/1406 7426/1727/1407
f 7445/1719/1414 7432/1725/1413 7433/1719/1414
f 7442/1728/1411 7429/1720/1410 7430/1728/1411
f 7439/1722/1408 7426/1727/1407 7427/1722/1408
f 7446/1729/1415 7433/1719/1414 7434/1729/1415
f 7435/1730/1405 7423/1724/1404 7424/1730/1405
f 7443/1723/1412 7430/1728/1411 7431/1723/1412
f 7440/1726/1409 7427/1722/1408 7428/1726/1409
f 7436/1724/1404 7434/1729/1415 7423/1724/1404
f 7437/1721/1406 7424/1730/1405 7425/1721/1406
f 7577/1719/1413 7573/1720/1413 7569/1721/1413
f 7583/1722/1407 7587/1723/1407 7580/1724/1407
f 7468/1725/1423 7455/1723/1422 7456/1725/1423
f 7465/1720/1410 7452/1726/1420 7453/1720/1410
f 7462/1727/1418 7449/1721/1417 7450/1727/1418
f 7469/1719/1424 7456/1725/1423 7457/1719/1424
f 7466/1728/1421 7453/1720/1410 7454/1728/1421
f 7463/1722/1419 7450/1727/1418 7451/1722/1419
f 7470/1729/1425 7457/1719/1424 7458/1729/1425
f 7459/1730/1416 7447/1724/1404 7448/1730/1416
f 7467/1723/1422 7454/1728/1421 7455/1723/1422
f 7464/1726/1420 7451/1722/1419 7452/1726/1420
f 7460/1724/1404 7458/1729/1425 7447/1724/1404
f 7461/1721/1417 7448/1730/1416 7449/1721/1417
f 7489/1720/1444 7502/1728/1457 7490/1728/1445
f 7471/1724/1426 7494/1729/1449 7483/1724/1438
f 7472/1730/1427 7485/1721/1440 7473/1721/1428
f 7480/1725/1435 7491/1723/1446 7492/1725/1447
f 7477/1720/1432 7488/1726/1443 7489/1720/1444
f 7474/1727/1429 7485/1721/1440 7486/1727/1441
f 7480/1725/1435 7493/1719/1448 7481/1719/1436
f 7477/1720/1432 7490/1728/1445 7478/1728/1433
f 7474/1727/1429 7487/1722/1442 7475/1722/1430
f 7481/1719/1436 7494/1729/1449 7482/1729/1437
f 7471/1724/1426 7484/1730/1439 7472/1730/1427
f 7479/1723/1434 7490/1728/1445 7491/1723/1446
f 7476/1726/1431 7487/1722/1442 7488/1726/1443
f 7504/1725/1459 7517/1719/1472 7505/1719/1460
f 7487/1722/1442 7498/1727/1453 7499/1722/1454
f 7493/1719/1448 7506/1729/1461 7494/1729/1449
f 7483/1724/1438 7496/1730/1451 7484/1730/1439
f 7490/1728/1445 7503/1723/1458 7491/1723/1446
f 7488/1726/1443 7499/1722/1454 7500/1726/1455
f 7483/1724/1438 7506/1729/1461 7495/1724/1450
f 7484/1730/1439 7497/1721/1452 7485/1721/1440
f 7492/1725/1447 7503/1723/1458 7504/1725/1459
f 7489/1720/1444 7500/1726/1455 7501/1720/1456
f 7485/1721/1440 7498/1727/1453 7486/1727/1441
f 7492/1725/1447 7505/1719/1460 7493/1719/1448
f 7501/1720/1456 7514/1728/1469 7502/1728/1457
f 7498/1727/1453 7511/1722/1466 7499/1722/1454
f 7505/1719/1460 7518/1729/1473 7506/1729/1461
f 7495/1724/1450 7508/1730/1463 7496/1730/1451
f 7503/1723/1458 7514/1728/1469 7515/1723/1470
f 7500/1726/1455 7511/1722/1466 7512/1726/1467
f 7495/1724/1450 7518/1729/1473 7507/1724/1462
f 7496/1730/1451 7509/1721/1464 7497/1721/1452
f 7504/1725/1459 7515/1723/1470 7516/1725/1471
f 7501/1720/1456 7512/1726/1467 7513/1720/1468
f 7498/1727/1453 7509/1721/1464 7510/1727/1465
f 7519/1731/1425 7542/1732/1404 7520/1733/1425
f 7521/1734/1424 7520/1733/1425 7522/1735/1424
f 7523/1736/1423 7522/1735/1424 7524/1737/1423
f 7525/1738/1422 7524/1737/1423 7526/1739/1422
f 7527/1740/1421 7526/1739/1422 7528/1741/1421
f 7529/1742/1410 7528/1741/1421 7530/1743/1410
f 7532/1744/1420 7529/1742/1410 7530/1743/1410
f 7533/1745/1419 7532/1744/1420 7534/1746/1419
f 7536/1747/1418 7533/1745/1419 7534/1746/1419
f 7537/1748/1417 7536/1747/1418 7538/1749/1417
f 7540/1750/1416 7537/1748/1417 7538/1749/1417
f 7541/1751/1404 7540/1750/1416 7542/1752/1404
f 7545/1721/1418 7543/1730/1418 7544/1724/1418
f 7544/1724/1418 7554/1729/1418 7553/1719/1418
f 7553/1719/1418 7552/1725/1418 7551/1723/1418
f 7551/1723/1418 7550/1728/1418 7549/1720/1418
f 7549/1720/1418 7548/1726/1418 7547/1722/1418
f 7547/1722/1418 7546/1727/1418 7545/1721/1418
f 7545/1721/1418 7544/1724/1418 7553/1719/1418
f 7553/1719/1418 7551/1723/1418 7549/1720/1418
f 7549/1720/1418 7547/1722/1418 7545/1721/1418
f 7556/1724/1423 7555/1730/1423 7557/1721/1423
f 7557/1721/1423 7558/1727/1423 7559/1722/1423
f 7559/1722/1423 7560/1726/1423 7561/1720/1423
f 7561/1720/1423 7562/1728/1423 7563/1723/1423
f 7563/1723/1423 7564/1725/1423 7565/1719/1423
f 7565/1719/1423 7566/1729/1423 7556/1724/1423
f 7556/1724/1423 7557/1721/1423 7559/1722/1423
f 7559/1722/1423 7561/1720/1423 7563/1723/1423
f 7563/1723/1423 7565/1719/1423 7556/1724/1423
f 7444/1725/1413 7443/1723/1412 7431/1723/1412
f 7441/1720/1410 7440/1726/1409 7428/1726/1409
f 7438/1727/1407 7437/1721/1406 7425/1721/1406
f 7445/1719/1414 7444/1725/1413 7432/1725/1413
f 7442/1728/1411 7441/1720/1410 7429/1720/1410
f 7439/1722/1408 7438/1727/1407 7426/1727/1407
f 7446/1729/1415 7445/1719/1414 7433/1719/1414
f 7435/1730/1405 7436/1724/1404 7423/1724/1404
f 7443/1723/1412 7442/1728/1411 7430/1728/1411
f 7440/1726/1409 7439/1722/1408 7427/1722/1408
f 7436/1724/1404 7446/1729/1415 7434/1729/1415
f 7437/1721/1406 7435/1730/1405 7424/1730/1405
f 7569/1721/1413 7567/1730/1413 7568/1724/1413
f 7568/1724/1413 7578/1729/1413 7577/1719/1413
f 7577/1719/1413 7576/1725/1413 7575/1723/1413
f 7575/1723/1413 7574/1728/1413 7573/1720/1413
f 7573/1720/1413 7572/1726/1413 7571/1722/1413
f 7571/1722/1413 7570/1727/1413 7569/1721/1413
f 7569/1721/1413 7568/1724/1413 7577/1719/1413
f 7577/1719/1413 7575/1723/1413 7573/1720/1413
f 7573/1720/1413 7571/1722/1413 7569/1721/1413
f 7580/1724/1407 7579/1730/1407 7581/1721/1407
f 7581/1721/1407 7582/1727/1407 7583/1722/1407
f 7583/1722/1407 7584/1726/1407 7585/1720/1407
f 7585/1720/1407 7586/1728/1407 7587/1723/1407
f 7587/1723/1407 7588/1725/1407 7589/1719/1407
f 7589/1719/1407 7590/1729/1407 7580/1724/1407
f 7580/1724/1407 7581/1721/1407 7583/1722/1407
f 7583/1722/1407 7585/1720/1407 7587/1723/1407
f 7587/1723/1407 7589/1719/1407 7580/1724/1407
f 7468/1725/1423 7467/1723/1422 7455/1723/1422
f 7465/1720/1410 7464/1726/1420 7452/1726/1420
f 7462/1727/1418 7461/1721/1417 7449/1721/1417
f 7469/1719/1424 7468/1725/1423 7456/1725/1423
f 7466/1728/1421 7465/1720/1410 7453/1720/1410
f 7463/1722/1419 7462/1727/1418 7450/1727/1418
f 7470/1729/1425 7469/1719/1424 7457/1719/1424
f 7459/1730/1416 7460/1724/1404 7447/1724/1404
f 7467/1723/1422 7466/1728/1421 7454/1728/1421
f 7464/1726/1420 7463/1722/1419 7451/1722/1419
f 7460/1724/1404 7470/1729/1425 7458/1729/1425
f 7461/1721/1417 7459/1730/1416 7448/1730/1416
f 7489/1720/1444 7501/1720/1456 7502/1728/1457
f 7471/1724/1426 7482/1729/1437 7494/1729/1449
f 7472/1730/1427 7484/1730/1439 7485/1721/1440
f 7480/1725/1435 7479/1723/1434 7491/1723/1446
f 7477/1720/1432 7476/1726/1431 7488/1726/1443
f 7474/1727/1429 7473/1721/1428 7485/1721/1440
f 7480/1725/1435 7492/1725/1447 7493/1719/1448
f 7477/1720/1432 7489/1720/1444 7490/1728/1445
f 7474/1727/1429 7486/1727/1441 7487/1722/1442
f 7481/1719/1436 7493/1719/1448 7494/1729/1449
f 7471/1724/1426 7483/1724/1438 7484/1730/1439
f 7479/1723/1434 7478/1728/1433 7490/1728/1445
f 7476/1726/1431 7475/1722/1430 7487/1722/1442
f 7504/1725/1459 7516/1725/1471 7517/1719/1472
f 7487/1722/1442 7486/1727/1441 7498/1727/1453
f 7493/1719/1448 7505/1719/1460 7506/1729/1461
f 7483/1724/1438 7495/1724/1450 7496/1730/1451
f 7490/1728/1445 7502/1728/1457 7503/1723/1458
f 7488/1726/1443 7487/1722/1442 7499/1722/1454
f 7483/1724/1438 7494/1729/1449 7506/1729/1461
f 7484/1730/1439 7496/1730/1451 7497/1721/1452
f 7492/1725/1447 7491/1723/1446 7503/1723/1458
f 7489/1720/1444 7488/1726/1443 7500/1726/1455
f 7485/1721/1440 7497/1721/1452 7498/1727/1453
f 7492/1725/1447 7504/1725/1459 7505/1719/1460
f 7501/1720/1456 7513/1720/1468 7514/1728/1469
f 7498/1727/1453 7510/1727/1465 7511/1722/1466
f 7505/1719/1460 7517/1719/1472 7518/1729/1473
f 7495/1724/1450 7507/1724/1462 7508/1730/1463
f 7503/1723/1458 7502/1728/1457 7514/1728/1469
f 7500/1726/1455 7499/1722/1454 7511/1722/1466
f 7495/1724/1450 7506/1729/1461 7518/1729/1473
f 7496/1730/1451 7508/1730/1463 7509/1721/1464
f 7504/1725/1459 7503/1723/1458 7515/1723/1470
f 7501/1720/1456 7500/1726/1455 7512/1726/1467
f 7498/1727/1453 7497/1721/1452 7509/1721/1464
f 7519/1731/1425 7541/1753/1404 7542/1732/1404
f 7521/1734/1424 7519/1731/1425 7520/1733/1425
f 7523/1736/1423 7521/1734/1424 7522/1735/1424
f 7525/1738/1422 7523/1736/1423 7524/1737/1423
f 7527/1740/1421 7525/1738/1422 7526/1739/1422
f 7529/1742/1410 7527/1740/1421 7528/1741/1421
f 7532/1744/1420 7531/1754/1420 7529/1742/1410
f 7533/1745/1419 7531/1754/1420 7532/1744/1420
f 7536/1747/1418 7535/1755/1418 7533/1745/1419
f 7537/1748/1417 7535/1755/1418 7536/1747/1418
f 7540/1750/1416 7539/1756/1416 7537/1748/1417
f 7541/1751/1404 7539/1756/1416 7540/1750/1416
o Cylinder.018
o Cylinder.019
v -0.760000 0.532899 -0.096985
v -0.740000 0.532899 -0.096985
v -0.760000 0.511698 -0.082139
v -0.740000 0.511698 -0.082139
v -0.760000 0.500760 -0.058682
v -0.740000 0.500760 -0.058682
v -0.760000 0.503015 -0.032899
v -0.740000 0.503015 -0.032899
v -0.760000 0.517861 -0.011698
v -0.740000 0.517861 -0.011698
v -0.760000 0.541318 -0.000760
v -0.740000 0.541318 -0.000760
v -0.760000 0.567101 -0.003015
v -0.740000 0.567101 -0.003015
v -0.760000 0.588302 -0.017861
v -0.740000 0.588302 -0.017861
v -0.760000 0.599240 -0.041318
v -0.740000 0.599240 -0.041318
v -0.760000 0.596985 -0.067101
v -0.740000 0.596985 -0.067101
v -0.760000 0.582139 -0.088302
v -0.740000 0.582139 -0.088302
v -0.760000 0.558682 -0.099240
v -0.740000 0.558682 -0.099240
v -0.758000 0.588451 -0.032070
v -0.758000 0.673024 -0.062852
v -0.758000 0.567930 -0.088451
v -0.758000 0.652502 -0.119233
v -0.742000 0.588451 -0.032070
v -0.742000 0.673024 -0.062852
v -0.742000 0.567930 -0.088451
v -0.742000 0.652502 -0.119233
v -0.756000 0.671998 -0.065671
v -0.756000 1.259900 -0.292420
v -0.756000 0.653529 -0.116414
v -0.756000 1.249639 -0.320610
v -0.744000 0.671998 -0.065671
v -0.744000 1.259900 -0.292420
v -0.744000 0.653529 -0.116414
v -0.744000 1.249639 -0.320610
v -0.759215 1.271176 -0.296524
v -0.759215 1.260916 -0.324715
v -0.748823 1.276814 -0.298576
v -0.748823 1.266554 -0.326767
v -0.768000 1.279431 -0.299528
v -0.768000 1.269170 -0.327719
v -0.762000 1.289197 -0.303083
v -0.762000 1.278936 -0.331274
v -0.780000 1.282452 -0.300628
v -0.780000 1.272192 -0.328819
v -0.780000 1.293729 -0.304733
v -0.780000 1.283468 -0.332923
v -0.840000 1.281426 -0.303447
v -0.840000 1.273218 -0.326000
v -0.840000 1.292703 -0.307552
v -0.840000 1.284494 -0.330104
v -0.735000 0.649946 -0.097019
v -0.735000 0.631152 -0.090179
v -0.735000 0.656786 -0.078225
v -0.735000 0.637993 -0.071385
v -0.765000 0.649946 -0.097019
v -0.765000 0.631152 -0.090179
v -0.765000 0.656786 -0.078225
v -0.765000 0.637993 -0.071385
v -0.735000 0.621755 -0.086759
v -0.735000 0.602961 -0.079918
v -0.735000 0.628596 -0.067965
v -0.735000 0.609802 -0.061124
v -0.765000 0.621755 -0.086759
v -0.765000 0.602961 -0.079918
v -0.765000 0.628596 -0.067965
v -0.765000 0.609802 -0.061124
v -0.760000 0.532899 -0.096985
v -0.760000 0.511698 -0.082139
v -0.740000 0.511698 -0.082139
v -0.740000 0.532899 -0.096985
v -0.760000 0.500760 -0.058682
v -0.740000 0.500760 -0.058682
v -0.760000 0.503015 -0.032899
v -0.740000 0.503015 -0.032899
v -0.760000 0.517861 -0.011698
v -0.740000 0.517861 -0.011698
v -0.760000 0.541318 -0.000760
v -0.740000 0.541318 -0.000760
v -0.760000 0.567101 -0.003015
v -0.740000 0.567101 -0.003015
v -0.760000 0.588302 -0.017861
v -0.740000 0.588302 -0.017861
v -0.760000 0.599240 -0.041318
v -0.740000 0.599240 -0.041318
v -0.760000 0.596985 -0.067101
v -0.740000 0.596985 -0.067101
v -0.760000 0.582139 -0.088302
v -0.740000 0.582139 -0.088302
v -0.760000 0.558682 -0.099240
v -0.740000 0.558682 -0.099240
v -0.758000 0.588451 -0.032070
v -0.758000 0.673024 -0.062852
v -0.758000 0.673024 -0.062852
v -0.758000 0.652502 -0.119233
v -0.758000 0.652502 -0.119233
v -0.758000 0.567930 -0.088451
v -0.742000 0.652502 -0.119233
v -0.742000 0.652502 -0.119233
v -0.742000 0.567930 -0.088451
v -0.742000 0.673024 -0.062852
v -0.742000 0.673024 -0.062852
v -0.742000 0.588451 -0.032070
v -0.756000 0.671998 -0.065671
v -0.756000 1.259900 -0.292420
v -0.756000 1.249639 -0.320610
v -0.756000 0.653529 -0.116414
v -0.744000 1.249639 -0.320610
v -0.744000 0.653529 -0.116414
v -0.744000 1.259900 -0.292420
v -0.744000 0.671998 -0.065671
v -0.759215 1.271176 -0.296524
v -0.759215 1.260916 -0.324715
v -0.748823 1.276814 -0.298576
v -0.748823 1.266554 -0.326767
v -0.762000 1.289197 -0.303083
v -0.768000 1.279431 -0.299528
v -0.768000 1.269170 -0.327719
v -0.762000 1.278936 -0.331274
v -0.780000 1.283468 -0.332923
v -0.780000 1.293729 -0.304733
v -0.780000 1.282452 -0.300628
v -0.780000 1.272192 -0.328819
v -0.840000 1.281426 -0.303447
v -0.840000 1.281426 -0.303447
v -0.840000 1.273218 -0.326000
v -0.840000 1.273218 -0.326000
v -0.840000 1.284494 -0.330104
v -0.840000 1.284494 -0.330104
v -0.840000 1.292703 -0.307552
v -0.840000 1.292703 -0.307552
v -0.735000 0.656786 -0.078225
v -0.735000 0.656786 -0.078225
v -0.765000 0.656786 -0.078225
v -0.765000 0.656786 -0.078225
v -0.765000 0.637993 -0.071385
v -0.765000 0.637993 -0.071385
v -0.735000 0.637993 -0.071385
v -0.735000 0.637993 -0.071385
v -0.735000 0.649946 -0.097019
v -0.735000 0.649946 -0.097019
v -0.735000 0.631152 -0.090179
v -0.735000 0.631152 -0.090179
v -0.765000 0.649946 -0.097019
v -0.765000 0.649946 -0.097019
v -0.765000 0.631152 -0.090179
v -0.765000 0.631152 -0.090179
v -0.735000 0.628596 -0.067965
v -0.735000 0.628596 -0.067965
v -0.765000 0.628596 -0.067965
v -0.765000 0.628596 -0.067965
v -0.765000 0.609802 -0.061124
v -0.765000 0.609802 -0.061124
v -0.735000 0.609802 -0.061124
v -0.735000 0.609802 -0.061124
v -0.735000 0.621755 -0.086759
v -0.735000 0.621755 -0.086759
v -0.735000 0.602961 -0.079918
v -0.735000 0.602961 -0.079918
v -0.765000 0.621755 -0.086759
v -0.765000 0.621755 -0.086759
v -0.765000 0.602961 -0.079918
v -0.765000 0.602961 -0.079918
vn -1.0000 -0.0000 -0.0000
vn 1.0000 -0.0000 -0.0000
vn -0.0000 0.1736 -0.9848
vn -0.0000 0.3420 0.9397
vn -0.0000 0.9397 -0.3420
vn -0.0000 -0.3420 -0.9397
vn -0.0000 0.3599 0.9330
vn -0.0000 0.3503 0.9366
vn -0.0000 -0.3241 -0.9460
vn -0.0000 -0.3337 -0.9427
vn -0.0000 0.3518 0.9361
vn 0.9915 0.1219 -0.0444
vn 0.8660 0.4698 -0.1710
vn 0.5000 0.8138 -0.2962
vn -0.0231 0.3419 0.9394
vn -0.0231 -0.3419 -0.9394
vn -0.0272 0.3419 0.9393
vn 0.1326 0.9314 -0.3390
vn -0.0499 0.3416 0.9385
vn -0.0499 -0.3416 -0.9385
vn -0.0000 -0.7660 -0.6428
vn -0.0000 -0.9848 -0.1737
vn -0.0000 -0.9848 -0.1736
vn -0.0000 -0.9397 0.3420
vn -0.0000 -0.6428 0.7660
vn -0.0000 -0.1736 0.9848
vn -0.0000 0.7660 0.6428
vn -0.0000 0.9848 0.1737
vn -0.0000 0.9848 0.1736
vn -0.0000 0.6428 -0.7660
vn -0.0000 0.1737 -0.9848
vn -0.9915 -0.1219 0.0444
vn -0.0000 -0.3322 -0.9432
vn -0.8660 -0.4698 0.1710
vn -0.8660 -0.4699 0.1710
vn -0.5000 -0.8138 0.2962
vn -0.0272 -0.3419 -0.9393
vn -0.1326 -0.9314 0.3390
vt 1.000000 1.000000
vt 0.916667 0.500000
vt 1.000000 0.500000
vt 0.916667 1.000000
vt 0.833333 0.500000
vt 0.833333 1.000000
vt 0.750000 0.500000
vt 0.750000 1.000000
vt 0.666667 0.500000
vt 0.666667 1.000000
vt 0.583333 0.500000
vt 0.500000 1.000000
vt 0.500000 0.500000
vt 0.416667 1.000000
vt 0.416667 0.500000
vt 0.333333 0.500000
vt 0.333333 1.000000
vt 0.250000 0.500000
vt 0.250000 1.000000
vt 0.166667 0.500000
vt 0.042154 0.370000
vt 0.250000 0.010000
vt 0.457846 0.370000
vt 0.166667 1.000000
vt 0.083333 0.500000
vt 0.083333 1.000000
vt 0.000000 0.500000
vt 0.990000 0.250000
vt 0.630000 0.042154
vt 0.630000 0.457846
vt 0.625000 0.000000
vt 0.375000 0.250000
vt 0.375000 0.000000
vt 0.625000 0.250000
vt 0.375000 0.500000
vt 0.625000 0.500000
vt 0.375000 0.750000
vt 0.625000 0.750000
vt 0.375000 1.000000
vt 0.875000 0.500000
vt 0.625000 1.000000
vt 0.125000 0.750000
vt 0.125000 0.500000
vt 0.583333 1.000000
vt 0.370000 0.457846
vt 0.250000 0.490000
vt 0.130000 0.457846
vt 0.010000 0.250000
vt 0.042154 0.130000
vt 0.130000 0.042154
vt 0.370000 0.042154
vt 0.457846 0.130000
vt 0.490000 0.250000
vt 0.000000 1.000000
vt 0.750000 0.490000
vt 0.870000 0.457846
vt 0.957846 0.370000
vt 0.957846 0.130000
vt 0.870000 0.042154
vt 0.750000 0.010000
vt 0.542154 0.130000
vt 0.510000 0.250000
vt 0.542154 0.370000
vt 0.875000 0.750000
s 1
f 7666/1757/1479 7664/1758/1494 7663/1759/1479
f 7665/1760/1494 7667/1761/1495 7664/1758/1494
f 7668/1762/1496 7669/1763/1497 7667/1761/1495
f 7670/1764/1497 7671/1765/1498 7669/1763/1497
f 7672/1766/1498 7673/1767/1499 7671/1765/1498
f 7673/1767/1499 7676/1768/1477 7675/1769/1477
f 7675/1769/1477 7678/1770/1500 7677/1771/1500
f 7678/1770/1500 7679/1772/1501 7677/1771/1500
f 7680/1773/1502 7681/1774/1478 7679/1772/1501
f 7682/1775/1478 7683/1776/1503 7681/1774/1478
f 7612/1777/1475 7604/1778/1475 7596/1779/1475
f 7684/1780/1503 7685/1781/1504 7683/1776/1503
f 7614/1782/1476 7663/1783/1479 7685/1781/1504
f 7597/1784/1474 7605/1785/1474 7613/1786/1474
f 7688/1787/1474 7692/1788/1474 7687/1789/1474
f 7691/1790/1479 7695/1791/1479 7617/1788/1479
f 7694/1792/1475 7698/1793/1475 7621/1791/1475
f 7697/1794/1477 7615/1795/1477 7619/1793/1477
f 7618/1796/1478 7620/1794/1478 7622/1792/1478
f 7699/1789/1474 7701/1790/1505 7702/1788/1474
f 7626/1790/1483 7704/1791/1482 7625/1788/1482
f 7629/1791/1475 7705/1794/1485 7706/1793/1475
f 7628/1794/1484 7623/1795/1480 7627/1793/1480
f 7700/1787/1505 7708/1790/1508 7701/1790/1505
f 7633/1794/1477 7635/1797/1477 7631/1797/1477
f 7628/1794/1484 7631/1797/1477 7624/1797/1481
f 7703/1792/1506 7632/1790/1479 7710/1792/1479
f 7630/1792/1485 7709/1794/1486 7705/1794/1485
f 7638/1792/1487 7716/1794/1491 7711/1794/1487
f 7710/1792/1479 7636/1790/1479 7714/1792/1479
f 7634/1792/1486 7711/1794/1487 7709/1794/1486
f 7707/1787/1507 7713/1790/1509 7708/1790/1508
f 7717/1787/1511 7721/1790/1497 7718/1790/1511
f 7712/1787/1509 7718/1790/1511 7713/1790/1509
f 7637/1794/1477 7639/1797/1488 7635/1797/1477
f 7714/1792/1479 7640/1790/1489 7715/1792/1510
f 7722/1796/1474 7725/1794/1474 7723/1792/1474
f 7641/1794/1490 7643/1797/1492 7639/1797/1488
f 7715/1792/1510 7644/1790/1493 7724/1792/1493
f 7642/1792/1491 7645/1794/1478 7716/1794/1491
f 7739/1787/1478 7727/1788/1478 7735/1789/1478
f 7737/1790/1497 7731/1791/1497 7741/1788/1497
f 7728/1792/1477 7732/1793/1477 7734/1791/1477
f 7736/1794/1475 7650/1795/1475 7738/1793/1475
f 7740/1791/1479 7648/1798/1479 7742/1799/1479
f 7653/1796/1474 7652/1794/1474 7654/1792/1474
f 7755/1787/1478 7743/1788/1478 7751/1789/1478
f 7753/1790/1497 7747/1791/1497 7757/1788/1497
f 7744/1792/1477 7748/1793/1477 7750/1791/1477
f 7752/1794/1475 7658/1795/1475 7754/1793/1475
f 7756/1791/1479 7656/1798/1479 7758/1799/1479
f 7661/1796/1474 7660/1794/1474 7662/1792/1474
f 7666/1757/1479 7665/1760/1494 7664/1758/1494
f 7665/1760/1494 7668/1762/1496 7667/1761/1495
f 7668/1762/1496 7670/1764/1497 7669/1763/1497
f 7670/1764/1497 7672/1766/1498 7671/1765/1498
f 7672/1766/1498 7674/1800/1499 7673/1767/1499
f 7673/1767/1499 7674/1800/1499 7676/1768/1477
f 7675/1769/1477 7676/1768/1477 7678/1770/1500
f 7678/1770/1500 7680/1773/1502 7679/1772/1501
f 7680/1773/1502 7682/1775/1478 7681/1774/1478
f 7682/1775/1478 7684/1780/1503 7683/1776/1503
f 7596/1779/1475 7594/1801/1475 7592/1802/1475
f 7592/1802/1475 7686/1803/1475 7612/1777/1475
f 7612/1777/1475 7610/1804/1475 7608/1805/1475
f 7608/1805/1475 7606/1806/1475 7604/1778/1475
f 7604/1778/1475 7602/1807/1475 7600/1808/1475
f 7600/1808/1475 7598/1809/1475 7596/1779/1475
f 7596/1779/1475 7592/1802/1475 7612/1777/1475
f 7612/1777/1475 7608/1805/1475 7604/1778/1475
f 7604/1778/1475 7600/1808/1475 7596/1779/1475
f 7684/1780/1503 7614/1782/1476 7685/1781/1504
f 7614/1782/1476 7666/1810/1479 7663/1783/1479
f 7613/1786/1474 7591/1811/1474 7593/1812/1474
f 7593/1812/1474 7595/1813/1474 7597/1784/1474
f 7597/1784/1474 7599/1814/1474 7601/1815/1474
f 7601/1815/1474 7603/1816/1474 7605/1785/1474
f 7605/1785/1474 7607/1817/1474 7609/1818/1474
f 7609/1818/1474 7611/1819/1474 7613/1786/1474
f 7613/1786/1474 7593/1812/1474 7597/1784/1474
f 7597/1784/1474 7601/1815/1474 7605/1785/1474
f 7605/1785/1474 7609/1818/1474 7613/1786/1474
f 7688/1787/1474 7690/1790/1474 7692/1788/1474
f 7691/1790/1479 7693/1792/1479 7695/1791/1479
f 7694/1792/1475 7696/1794/1475 7698/1793/1475
f 7697/1794/1477 7689/1797/1477 7615/1795/1477
f 7618/1796/1478 7616/1820/1478 7620/1794/1478
f 7699/1789/1474 7700/1787/1505 7701/1790/1505
f 7626/1790/1483 7703/1792/1506 7704/1791/1482
f 7629/1791/1475 7630/1792/1485 7705/1794/1485
f 7628/1794/1484 7624/1797/1481 7623/1795/1480
f 7700/1787/1505 7707/1787/1507 7708/1790/1508
f 7633/1794/1477 7637/1794/1477 7635/1797/1477
f 7628/1794/1484 7633/1794/1477 7631/1797/1477
f 7703/1792/1506 7626/1790/1483 7632/1790/1479
f 7630/1792/1485 7634/1792/1486 7709/1794/1486
f 7638/1792/1487 7642/1792/1491 7716/1794/1491
f 7710/1792/1479 7632/1790/1479 7636/1790/1479
f 7634/1792/1486 7638/1792/1487 7711/1794/1487
f 7707/1787/1507 7712/1787/1509 7713/1790/1509
f 7717/1787/1511 7719/1787/1497 7721/1790/1497
f 7712/1787/1509 7717/1787/1511 7718/1790/1511
f 7637/1794/1477 7641/1794/1490 7639/1797/1488
f 7714/1792/1479 7636/1790/1479 7640/1790/1489
f 7722/1796/1474 7720/1820/1474 7725/1794/1474
f 7641/1794/1490 7726/1794/1492 7643/1797/1492
f 7715/1792/1510 7640/1790/1489 7644/1790/1493
f 7642/1792/1491 7646/1792/1478 7645/1794/1478
f 7739/1787/1478 7729/1790/1478 7727/1788/1478
f 7737/1790/1497 7733/1792/1497 7731/1791/1497
f 7728/1792/1477 7730/1794/1477 7732/1793/1477
f 7736/1794/1475 7649/1797/1475 7650/1795/1475
f 7740/1791/1479 7647/1793/1479 7648/1798/1479
f 7653/1796/1474 7651/1820/1474 7652/1794/1474
f 7755/1787/1478 7745/1790/1478 7743/1788/1478
f 7753/1790/1497 7749/1792/1497 7747/1791/1497
f 7744/1792/1477 7746/1794/1477 7748/1793/1477
f 7752/1794/1475 7657/1797/1475 7658/1795/1475
f 7756/1791/1479 7655/1793/1479 7656/1798/1479
f 7661/1796/1474 7659/1820/1474 7660/1794/1474
o Cylinder.020
v -0.771800 0.427721 0.789910
v -0.760000 0.427721 0.789910
v -0.771800 0.418962 0.777402
v -0.760000 0.418962 0.777402
v -0.771800 0.405122 0.770948
v -0.760000 0.405122 0.770948
v -0.771800 0.389910 0.772279
v -0.760000 0.389910 0.772279
v -0.771800 0.377402 0.781038
v -0.760000 0.377402 0.781038
v -0.771800 0.370948 0.794877
v -0.760000 0.370948 0.794877
v -0.771800 0.372279 0.810090
v -0.760000 0.372279 0.810090
v -0.771800 0.381038 0.822598
v -0.760000 0.381038 0.822598
v -0.771800 0.394877 0.829052
v -0.760000 0.394877 0.829052
v -0.771800 0.410089 0.827721
v -0.760000 0.410089 0.827721
v -0.771800 0.422598 0.818962
v -0.760000 0.422598 0.818962
v -0.771800 0.429052 0.805123
v -0.760000 0.429052 0.805123
v -0.770620 0.389421 0.822686
v -0.770620 0.407582 0.872584
v -0.770620 0.422686 0.810579
v -0.770620 0.440847 0.860476
v -0.761180 0.389421 0.822686
v -0.761180 0.407582 0.872584
v -0.761180 0.422686 0.810579
v -0.761180 0.440847 0.860476
v -0.769440 0.409246 0.871979
v -0.769440 0.543027 1.218841
v -0.769440 0.439184 0.861082
v -0.769440 0.559660 1.212787
v -0.762360 0.409246 0.871979
v -0.762360 0.543027 1.218841
v -0.762360 0.439184 0.861082
v -0.762360 0.559660 1.212787
v -0.771337 0.545449 1.225494
v -0.771337 0.562081 1.219440
v -0.765206 0.546660 1.228821
v -0.765206 0.563292 1.222767
v -0.776520 0.547222 1.230364
v -0.776520 0.563854 1.224311
v -0.772980 0.549319 1.236126
v -0.772980 0.565951 1.230072
v -0.783600 0.547870 1.232147
v -0.783600 0.564503 1.226093
v -0.783600 0.550292 1.238800
v -0.783600 0.566925 1.232746
v -0.819000 0.549534 1.231542
v -0.819000 0.562840 1.226699
v -0.819000 0.551955 1.238195
v -0.819000 0.565261 1.233352
v -0.757050 0.427741 0.858968
v -0.757050 0.423705 0.847880
v -0.757050 0.416653 0.863004
v -0.757050 0.412617 0.851916
v -0.774750 0.427741 0.858968
v -0.774750 0.423705 0.847880
v -0.774750 0.416653 0.863004
v -0.774750 0.412617 0.851916
v -0.757050 0.421687 0.842336
v -0.757050 0.417652 0.831247
v -0.757050 0.410599 0.846371
v -0.757050 0.406563 0.835283
v -0.774750 0.421687 0.842336
v -0.774750 0.417652 0.831247
v -0.774750 0.410599 0.846371
v -0.774750 0.406563 0.835283
v -0.771800 0.427721 0.789910
v -0.771800 0.418962 0.777402
v -0.760000 0.418962 0.777402
v -0.760000 0.427721 0.789910
v -0.771800 0.405122 0.770948
v -0.760000 0.405122 0.770948
v -0.771800 0.389910 0.772279
v -0.760000 0.389910 0.772279
v -0.771800 0.377402 0.781038
v -0.760000 0.377402 0.781038
v -0.771800 0.370948 0.794877
v -0.760000 0.370948 0.794877
v -0.771800 0.372279 0.810090
v -0.760000 0.372279 0.810090
v -0.771800 0.381038 0.822598
v -0.760000 0.381038 0.822598
v -0.771800 0.394877 0.829052
v -0.760000 0.394877 0.829052
v -0.771800 0.410089 0.827721
v -0.760000 0.410089 0.827721
v -0.771800 0.422598 0.818962
v -0.760000 0.422598 0.818962
v -0.771800 0.429052 0.805123
v -0.760000 0.429052 0.805123
v -0.770620 0.389421 0.822686
v -0.770620 0.407582 0.872584
v -0.770620 0.407582 0.872584
v -0.770620 0.440847 0.860476
v -0.770620 0.440847 0.860476
v -0.770620 0.422686 0.810579
v -0.761180 0.440847 0.860476
v -0.761180 0.440847 0.860476
v -0.761180 0.422686 0.810579
v -0.761180 0.407582 0.872584
v -0.761180 0.407582 0.872584
v -0.761180 0.389421 0.822686
v -0.769440 0.409246 0.871979
v -0.769440 0.543027 1.218841
v -0.769440 0.559660 1.212787
v -0.769440 0.439184 0.861082
v -0.762360 0.559660 1.212787
v -0.762360 0.439184 0.861082
v -0.762360 0.543027 1.218841
v -0.762360 0.409246 0.871979
v -0.771337 0.545449 1.225494
v -0.771337 0.562081 1.219440
v -0.765206 0.546660 1.228821
v -0.765206 0.563292 1.222767
v -0.772980 0.549319 1.236126
v -0.776520 0.547222 1.230364
v -0.776520 0.563854 1.224311
v -0.772980 0.565951 1.230072
v -0.783600 0.566925 1.232746
v -0.783600 0.550292 1.238800
v -0.783600 0.547870 1.232147
v -0.783600 0.564503 1.226093
v -0.819000 0.549534 1.231542
v -0.819000 0.549534 1.231542
v -0.819000 0.562840 1.226699
v -0.819000 0.562840 1.226699
v -0.819000 0.565261 1.233352
v -0.819000 0.565261 1.233352
v -0.819000 0.551955 1.238195
v -0.819000 0.551955 1.238195
v -0.757050 0.416653 0.863004
v -0.757050 0.416653 0.863004
v -0.774750 0.416653 0.863004
v -0.774750 0.416653 0.863004
v -0.774750 0.412617 0.851916
v -0.774750 0.412617 0.851916
v -0.757050 0.412617 0.851916
v -0.757050 0.412617 0.851916
v -0.757050 0.427741 0.858968
v -0.757050 0.427741 0.858968
v -0.757050 0.423705 0.847880
v -0.757050 0.423705 0.847880
v -0.774750 0.427741 0.858968
v -0.774750 0.427741 0.858968
v -0.774750 0.423705 0.847880
v -0.774750 0.423705 0.847880
v -0.757050 0.410599 0.846371
v -0.757050 0.410599 0.846371
v -0.774750 0.410599 0.846371
v -0.774750 0.410599 0.846371
v -0.774750 0.406563 0.835283
v -0.774750 0.406563 0.835283
v -0.757050 0.406563 0.835283
v -0.757050 0.406563 0.835283
v -0.757050 0.421687 0.842336
v -0.757050 0.421687 0.842336
v -0.757050 0.417652 0.831247
v -0.757050 0.417652 0.831247
v -0.774750 0.421687 0.842336
v -0.774750 0.421687 0.842336
v -0.774750 0.417652 0.831247
v -0.774750 0.417652 0.831247
vn -1.0000 -0.0000 -0.0000
vn 1.0000 -0.0000 -0.0000
vn -0.0000 0.9848 0.1736
vn -0.0000 -0.9397 0.3420
vn -0.0000 0.3420 0.9397
vn -0.0000 0.9397 -0.3420
vn -0.0000 -0.9330 0.3599
vn -0.0000 -0.9367 0.3503
vn -0.0000 0.9460 -0.3241
vn -0.0000 0.9427 -0.3337
vn -0.0000 -0.9361 0.3518
vn 0.9915 0.0444 0.1219
vn 0.8660 0.1710 0.4698
vn 0.5000 0.2962 0.8138
vn -0.0231 -0.9394 0.3419
vn -0.0231 0.9394 -0.3419
vn -0.0272 -0.9393 0.3419
vn 0.1326 0.3390 0.9314
vn -0.0499 -0.9385 0.3416
vn -0.0499 0.9385 -0.3416
vn -0.0000 0.6428 -0.7660
vn -0.0000 0.1737 -0.9848
vn -0.0000 0.1736 -0.9848
vn -0.0000 -0.3420 -0.9397
vn -0.0000 -0.7660 -0.6428
vn -0.0000 -0.9848 -0.1736
vn -0.0000 -0.6428 0.7660
vn -0.0000 -0.1737 0.9848
vn -0.0000 -0.1736 0.9848
vn -0.0000 0.7660 0.6428
vn -0.0000 0.9848 0.1737
vn -0.9915 -0.0444 -0.1219
vn -0.0000 0.9432 -0.3322
vn -0.8660 -0.1710 -0.4698
vn -0.8660 -0.1710 -0.4699
vn -0.5000 -0.2962 -0.8138
vn -0.0272 0.9393 -0.3419
vn -0.1326 -0.3390 -0.9314
vt 1.000000 1.000000
vt 0.916667 0.500000
vt 1.000000 0.500000
vt 0.916667 1.000000
vt 0.833333 0.500000
vt 0.833333 1.000000
vt 0.750000 0.500000
vt 0.750000 1.000000
vt 0.666667 0.500000
vt 0.666667 1.000000
vt 0.583333 0.500000
vt 0.500000 1.000000
vt 0.500000 0.500000
vt 0.416667 1.000000
vt 0.416667 0.500000
vt 0.333333 0.500000
vt 0.333333 1.000000
vt 0.250000 0.500000
vt 0.250000 1.000000
vt 0.166667 0.500000
vt 0.042154 0.370000
vt 0.250000 0.010000
vt 0.457846 0.370000
vt 0.166667 1.000000
vt 0.083333 0.500000
vt 0.083333 1.000000
vt 0.000000 0.500000
vt 0.990000 0.250000
vt 0.630000 0.042154
vt 0.630000 0.457846
vt 0.625000 0.000000
vt 0.375000 0.250000
vt 0.375000 0.000000
vt 0.625000 0.250000
vt 0.375000 0.500000
vt 0.625000 0.500000
vt 0.375000 0.750000
vt 0.625000 0.750000
vt 0.375000 1.000000
vt 0.875000 0.500000
vt 0.625000 1.000000
vt 0.125000 0.750000
vt 0.125000 0.500000
vt 0.583333 1.000000
vt 0.370000 0.457846
vt 0.250000 0.490000
vt 0.130000 0.457846
vt 0.010000 0.250000
vt 0.042154 0.130000
vt 0.130000 0.042154
vt 0.370000 0.042154
vt 0.457846 0.130000
vt 0.490000 0.250000
vt 0.000000 1.000000
vt 0.750000 0.490000
vt 0.870000 0.457846
vt 0.957846 0.370000
vt 0.957846 0.130000
vt 0.870000 0.042154
vt 0.750000 0.010000
vt 0.542154 0.130000
vt 0.510000 0.250000
vt 0.542154 0.370000
vt 0.875000 0.750000
s 1
f 7834/1821/1517 7832/1822/1532 7831/1823/1517
f 7833/1824/1532 7835/1825/1533 7832/1822/1532
f 7836/1826/1534 7837/1827/1535 7835/1825/1533
f 7838/1828/1535 7839/1829/1536 7837/1827/1535
f 7840/1830/1536 7841/1831/1537 7839/1829/1536
f 7841/1831/1537 7844/1832/1515 7843/1833/1515
f 7843/1833/1515 7846/1834/1538 7845/1835/1538
f 7846/1834/1538 7847/1836/1539 7845/1835/1538
f 7848/1837/1540 7849/1838/1516 7847/1836/1539
f 7850/1839/1516 7851/1840/1541 7849/1838/1516
f 7780/1841/1513 7772/1842/1513 7764/1843/1513
f 7852/1844/1541 7853/1845/1542 7851/1840/1541
f 7782/1846/1514 7831/1847/1517 7853/1845/1542
f 7765/1848/1512 7773/1849/1512 7781/1850/1512
f 7856/1851/1512 7860/1852/1512 7855/1853/1512
f 7859/1854/1517 7863/1855/1517 7785/1852/1517
f 7862/1856/1513 7866/1857/1513 7789/1855/1513
f 7865/1858/1515 7783/1859/1515 7787/1857/1515
f 7786/1860/1516 7788/1858/1516 7790/1856/1516
f 7867/1853/1512 7869/1854/1543 7870/1852/1512
f 7794/1854/1521 7872/1855/1520 7793/1852/1520
f 7797/1855/1513 7873/1858/1523 7874/1857/1513
f 7796/1858/1522 7791/1859/1518 7795/1857/1518
f 7868/1851/1543 7876/1854/1546 7869/1854/1543
f 7801/1858/1515 7803/1861/1515 7799/1861/1515
f 7796/1858/1522 7799/1861/1515 7792/1861/1519
f 7871/1856/1544 7800/1854/1517 7878/1856/1517
f 7798/1856/1523 7877/1858/1524 7873/1858/1523
f 7806/1856/1525 7884/1858/1529 7879/1858/1525
f 7878/1856/1517 7804/1854/1517 7882/1856/1517
f 7802/1856/1524 7879/1858/1525 7877/1858/1524
f 7875/1851/1545 7881/1854/1547 7876/1854/1546
f 7885/1851/1549 7889/1854/1535 7886/1854/1549
f 7880/1851/1547 7886/1854/1549 7881/1854/1547
f 7805/1858/1515 7807/1861/1526 7803/1861/1515
f 7882/1856/1517 7808/1854/1527 7883/1856/1548
f 7890/1860/1512 7893/1858/1512 7891/1856/1512
f 7809/1858/1528 7811/1861/1530 7807/1861/1526
f 7883/1856/1548 7812/1854/1531 7892/1856/1531
f 7810/1856/1529 7813/1858/1516 7884/1858/1529
f 7907/1851/1516 7895/1852/1516 7903/1853/1516
f 7905/1854/1535 7899/1855/1535 7909/1852/1535
f 7896/1856/1515 7900/1857/1515 7902/1855/1515
f 7904/1858/1513 7818/1859/1513 7906/1857/1513
f 7908/1855/1517 7816/1862/1517 7910/1863/1517
f 7821/1860/1512 7820/1858/1512 7822/1856/1512
f 7923/1851/1516 7911/1852/1516 7919/1853/1516
f 7921/1854/1535 7915/1855/1535 7925/1852/1535
f 7912/1856/1515 7916/1857/1515 7918/1855/1515
f 7920/1858/1513 7826/1859/1513 7922/1857/1513
f 7924/1855/1517 7824/1862/1517 7926/1863/1517
f 7829/1860/1512 7828/1858/1512 7830/1856/1512
f 7834/1821/1517 7833/1824/1532 7832/1822/1532
f 7833/1824/1532 7836/1826/1534 7835/1825/1533
f 7836/1826/1534 7838/1828/1535 7837/1827/1535
f 7838/1828/1535 7840/1830/1536 7839/1829/1536
f 7840/1830/1536 7842/1864/1537 7841/1831/1537
f 7841/1831/1537 7842/1864/1537 7844/1832/1515
f 7843/1833/1515 7844/1832/1515 7846/1834/1538
f 7846/1834/1538 7848/1837/1540 7847/1836/1539
f 7848/1837/1540 7850/1839/1516 7849/1838/1516
f 7850/1839/1516 7852/1844/1541 7851/1840/1541
f 7764/1843/1513 7762/1865/1513 7760/1866/1513
f 7760/1866/1513 7854/1867/1513 7780/1841/1513
f 7780/1841/1513 7778/1868/1513 7776/1869/1513
f 7776/1869/1513 7774/1870/1513 7772/1842/1513
f 7772/1842/1513 7770/1871/1513 7768/1872/1513
f 7768/1872/1513 7766/1873/1513 7764/1843/1513
f 7764/1843/1513 7760/1866/1513 7780/1841/1513
f 7780/1841/1513 7776/1869/1513 7772/1842/1513
f 7772/1842/1513 7768/1872/1513 7764/1843/1513
f 7852/1844/1541 7782/1846/1514 7853/1845/1542
f 7782/1846/1514 7834/1874/1517 7831/1847/1517
f 7781/1850/1512 7759/1875/1512 7761/1876/1512
f 7761/1876/1512 7763/1877/1512 7765/1848/1512
f 7765/1848/1512 7767/1878/1512 7769/1879/1512
f 7769/1879/1512 7771/1880/1512 7773/1849/1512
f 7773/1849/1512 7775/1881/1512 7777/1882/1512
f 7777/1882/1512 7779/1883/1512 7781/1850/1512
f 7781/1850/1512 7761/1876/1512 7765/1848/1512
f 7765/1848/1512 7769/1879/1512 7773/1849/1512
f 7773/1849/1512 7777/1882/1512 7781/1850/1512
f 7856/1851/1512 7858/1854/1512 7860/1852/1512
f 7859/1854/1517 7861/1856/1517 7863/1855/1517
f 7862/1856/1513 7864/1858/1513 7866/1857/1513
f 7865/1858/1515 7857/1861/1515 7783/1859/1515
f 7786/1860/1516 7784/1884/1516 7788/1858/1516
f 7867/1853/1512 7868/1851/1543 7869/1854/1543
f 7794/1854/1521 7871/1856/1544 7872/1855/1520
f 7797/1855/1513 7798/1856/1523 7873/1858/1523
f 7796/1858/1522 7792/1861/1519 7791/1859/1518
f 7868/1851/1543 7875/1851/1545 7876/1854/1546
f 7801/1858/1515 7805/1858/1515 7803/1861/1515
f 7796/1858/1522 7801/1858/1515 7799/1861/1515
f 7871/1856/1544 7794/1854/1521 7800/1854/1517
f 7798/1856/1523 7802/1856/1524 7877/1858/1524
f 7806/1856/1525 7810/1856/1529 7884/1858/1529
f 7878/1856/1517 7800/1854/1517 7804/1854/1517
f 7802/1856/1524 7806/1856/1525 7879/1858/1525
f 7875/1851/1545 7880/1851/1547 7881/1854/1547
f 7885/1851/1549 7887/1851/1535 7889/1854/1535
f 7880/1851/1547 7885/1851/1549 7886/1854/1549
f 7805/1858/1515 7809/1858/1528 7807/1861/1526
f 7882/1856/1517 7804/1854/1517 7808/1854/1527
f 7890/1860/1512 7888/1884/1512 7893/1858/1512
f 7809/1858/1528 7894/1858/1530 7811/1861/1530
f 7883/1856/1548 7808/1854/1527 7812/1854/1531
f 7810/1856/1529 7814/1856/1516 7813/1858/1516
f 7907/1851/1516 7897/1854/1516 7895/1852/1516
f 7905/1854/1535 7901/1856/1535 7899/1855/1535
f 7896/1856/1515 7898/1858/1515 7900/1857/1515
f 7904/1858/1513 7817/1861/1513 7818/1859/1513
f 7908/1855/1517 7815/1857/1517 7816/1862/1517
f 7821/1860/1512 7819/1884/1512 7820/1858/1512
f 7923/1851/1516 7913/1854/1516 7911/1852/1516
f 7921/1854/1535 7917/1856/1535 7915/1855/1535
f 7912/1856/1515 7914/1858/1515 7916/1857/1515
f 7920/1858/1513 7825/1861/1513 7826/1859/1513
f 7924/1855/1517 7823/1857/1517 7824/1862/1517
f 7829/1860/1512 7827/1884/1512 7828/1858/1512
