# Blender 5.0.1
# www.blender.org
mtllib woodPile1.mtl
o Cube.023
v -0.052128 0.288017 -2.799681
v -0.052128 0.288017 2.768220
v 0.019193 0.268906 -2.799681
v 0.019193 0.268906 2.768220
v 0.071404 0.216696 -2.799681
v 0.071404 0.216696 2.768220
v 0.090515 0.145374 -2.799681
v 0.090515 0.145374 2.768220
v 0.071404 0.074052 -2.799681
v 0.071404 0.074052 2.768220
v 0.019193 0.021842 -2.799681
v 0.019193 0.021841 2.768220
v -0.052128 0.002731 -2.799681
v -0.052128 0.002731 2.768220
v -0.123450 0.021842 -2.799681
v -0.123450 0.021841 2.768220
v -0.175661 0.074052 -2.799681
v -0.175661 0.074052 2.768220
v -0.194771 0.145374 -2.799681
v -0.194771 0.145374 2.768220
v -0.175661 0.216696 -2.799681
v -0.175661 0.216696 2.768220
v -0.123450 0.268906 -2.799681
v -0.123450 0.268906 2.768220
v -0.515133 0.301074 -2.943825
v -0.507407 0.301074 2.899467
v -0.437329 0.302727 -2.944307
v -0.429603 0.302727 2.898986
v -0.369122 0.265258 -2.944728
v -0.361396 0.265258 2.898566
v -0.328788 0.198704 -2.944978
v -0.321062 0.198704 2.898316
v -0.327134 0.120900 -2.944987
v -0.319409 0.120900 2.898306
v -0.364604 0.052693 -2.944756
v -0.356879 0.052693 2.898537
v -0.431158 0.012359 -2.944344
v -0.423432 0.012359 2.898948
v -0.508962 0.010705 -2.943864
v -0.501236 0.010705 2.899429
v -0.577168 0.048175 -2.943443
v -0.569443 0.048175 2.899850
v -0.617502 0.114728 -2.943194
v -0.609777 0.114728 2.900099
v -0.619156 0.192533 -2.943184
v -0.611430 0.192533 2.900109
v -0.581686 0.260740 -2.943415
v -0.573960 0.260740 2.899878
v 0.283374 0.321102 -3.048445
v 0.268877 0.321102 2.569448
v 0.364705 0.299309 -3.048322
v 0.350208 0.299309 2.569570
v 0.424243 0.239771 -3.048233
v 0.409746 0.239771 2.569659
v 0.446035 0.158440 -3.048200
v 0.431538 0.158440 2.569692
v 0.424243 0.077109 -3.048233
v 0.409746 0.077109 2.569659
v 0.364705 0.017571 -3.048322
v 0.350208 0.017571 2.569570
v 0.283374 -0.004221 -3.048445
v 0.268877 -0.004221 2.569448
v 0.202043 0.017571 -3.048567
v 0.187546 0.017571 2.569326
v 0.142505 0.077109 -3.048656
v 0.128008 0.077109 2.569237
v 0.120712 0.158440 -3.048689
v 0.106215 0.158440 2.569204
v 0.142505 0.239771 -3.048656
v 0.128008 0.239771 2.569237
v 0.202043 0.299309 -3.048567
v 0.187546 0.299309 2.569326
v 0.603970 0.275519 -2.634663
v 0.591789 0.275519 2.603201
v 0.672309 0.257208 -2.634553
v 0.660128 0.257208 2.603312
v 0.722337 0.207180 -2.634472
v 0.710155 0.207180 2.603392
v 0.740648 0.138841 -2.634443
v 0.728467 0.138841 2.603421
v 0.722337 0.070502 -2.634472
v 0.710155 0.070502 2.603392
v 0.672309 0.020475 -2.634553
v 0.660128 0.020474 2.603312
v 0.603970 0.002163 -2.634663
v 0.591789 0.002163 2.603201
v 0.535631 0.020475 -2.634773
v 0.523450 0.020474 2.603091
v 0.485604 0.070502 -2.634854
v 0.473423 0.070502 2.603010
v 0.467292 0.138841 -2.634883
v 0.455111 0.138841 2.602981
v 0.485604 0.207180 -2.634854
v 0.473423 0.207180 2.603010
v 0.535631 0.257208 -2.634773
v 0.523450 0.257208 2.603091
v 0.942833 0.322562 -2.804863
v 0.927663 0.322562 2.773401
v 1.027938 0.299758 -2.804748
v 1.012768 0.299758 2.773516
v 1.090239 0.237457 -2.804664
v 1.075069 0.237457 2.773601
v 1.113043 0.152351 -2.804634
v 1.097873 0.152351 2.773632
v 1.090239 0.067246 -2.804664
v 1.075069 0.067246 2.773601
v 1.027938 0.004945 -2.804748
v 1.012768 0.004945 2.773516
v 0.942833 -0.017859 -2.804863
v 0.927663 -0.017859 2.773401
v 0.857728 0.004945 -2.804978
v 0.842558 0.004945 2.773287
v 0.795427 0.067246 -2.805063
v 0.780257 0.067246 2.773202
v 0.772623 0.152351 -2.805093
v 0.757453 0.152351 2.773171
v 0.795427 0.237457 -2.805063
v 0.780257 0.237457 2.773202
v 0.857728 0.299758 -2.804978
v 0.842558 0.299758 2.773287
v -0.807338 0.339626 -3.120335
v -0.791560 0.339626 2.853483
v -0.724436 0.317413 -3.120488
v -0.708659 0.317413 2.853330
v -0.663748 0.256725 -3.120600
v -0.647971 0.256725 2.853218
v -0.641535 0.173823 -3.120641
v -0.625757 0.173823 2.853177
v -0.663748 0.090921 -3.120600
v -0.647971 0.090921 2.853218
v -0.724436 0.030233 -3.120488
v -0.708659 0.030233 2.853330
v -0.807338 0.008019 -3.120335
v -0.791560 0.008019 2.853483
v -0.890239 0.030233 -3.120182
v -0.874462 0.030233 2.853637
v -0.950927 0.090921 -3.120069
v -0.935150 0.090921 2.853749
v -0.973141 0.173823 -3.120028
v -0.957364 0.173823 2.853790
v -0.950927 0.256725 -3.120069
v -0.935150 0.256725 2.853749
v -0.890239 0.317413 -3.120182
v -0.874462 0.317413 2.853637
v 0.975032 0.681272 -2.922420
v 0.975032 0.681272 2.513046
v 1.049503 0.661318 -2.922420
v 1.049503 0.661318 2.513046
v 1.104019 0.606802 -2.922420
v 1.104019 0.606802 2.513046
v 1.123973 0.532331 -2.922420
v 1.123973 0.532331 2.513046
v 1.104019 0.457860 -2.922420
v 1.104019 0.457860 2.513046
v 1.049503 0.403344 -2.922420
v 1.049503 0.403344 2.513046
v 0.975032 0.383390 -2.922420
v 0.975032 0.383390 2.513046
v 0.900562 0.403344 -2.922420
v 0.900562 0.403344 2.513046
v 0.846046 0.457860 -2.922420
v 0.846046 0.457860 2.513046
v 0.826091 0.532331 -2.922420
v 0.826091 0.532331 2.513046
v 0.846046 0.606802 -2.922420
v 0.846046 0.606802 2.513046
v 0.900562 0.661318 -2.922420
v 0.900562 0.661318 2.513046
v -0.947707 1.024362 -2.633097
v -0.947707 1.024362 2.777674
v -0.876884 1.005385 -2.633097
v -0.876884 1.005385 2.777674
v -0.825037 0.953539 -2.633097
v -0.825037 0.953539 2.777674
v -0.806060 0.882715 -2.633097
v -0.806060 0.882715 2.777674
v -0.825037 0.811892 -2.633097
v -0.825037 0.811892 2.777674
v -0.876884 0.760046 -2.633097
v -0.876884 0.760046 2.777674
v -0.947707 0.741068 -2.633097
v -0.947707 0.741068 2.777674
v -1.018530 0.760046 -2.633097
v -1.018530 0.760046 2.777674
v -1.070377 0.811892 -2.633097
v -1.070377 0.811892 2.777674
v -1.089355 0.882715 2.777674
v -1.028987 1.004392 -2.642197
v -1.070377 0.953539 2.777674
v -1.018530 1.005385 2.777674
v -0.780447 1.399731 -2.725610
v -0.780447 1.399731 3.071542
v -0.706005 1.379785 -2.725610
v -0.706005 1.379785 3.071542
v -0.651510 1.325289 -2.725610
v -0.631563 1.250847 -2.725610
v -0.651510 1.176405 -2.725610
v -0.651510 1.176405 3.071542
v -0.706005 1.121910 -2.725610
v -0.706005 1.121910 3.071542
v -0.780447 1.101963 -2.725610
v -0.780447 1.101963 3.071542
v -0.854890 1.121910 -2.725610
v -0.854890 1.121910 3.071542
v -0.909385 1.176405 -2.725610
v -0.909385 1.176405 3.071542
v -0.929331 1.250847 -2.725610
v -0.929331 1.250847 3.071542
v -0.909385 1.325289 -2.725610
v -0.909385 1.325289 3.071542
v -0.854890 1.379785 -2.725610
v -0.854890 1.379785 3.071542
v -0.986147 1.251233 -2.795821
v -0.986147 1.251233 2.795821
v -0.948561 1.241162 -2.795821
v -0.948561 1.241162 2.795821
v -0.921047 1.213648 -2.795821
v -0.921047 1.213648 2.795821
v -0.910976 1.176063 -2.795821
v -0.910976 1.176063 2.795821
v -0.921047 1.138478 -2.795821
v -0.921047 1.138478 2.795821
v -0.948561 1.110963 -2.795821
v -0.948561 1.110963 2.795821
v -0.986147 1.100892 -2.795821
v -0.986147 1.100892 2.795821
v -1.023732 1.110963 -2.795821
v -1.023732 1.110963 2.795821
v -1.051246 1.138478 -2.795821
v -1.051246 1.138478 2.795821
v -1.061317 1.176063 -2.795821
v -1.061317 1.176063 2.795821
v -1.051246 1.213648 -2.795821
v -1.051246 1.213648 2.795821
v -1.023732 1.241162 -2.795821
v -1.023732 1.241162 2.795821
v -0.931839 1.790579 -2.829830
v -0.931839 1.790579 2.829830
v -0.859612 1.771225 -2.829830
v -0.859612 1.771225 2.829830
v -0.806738 1.718351 -2.829830
v -0.806738 1.718351 2.829830
v -0.787384 1.646123 -2.829830
v -0.787384 1.646123 2.829830
v -0.806738 1.573896 -2.829830
v -0.806738 1.573896 2.829830
v -0.859612 1.521022 -2.829830
v -0.859612 1.521022 2.829830
v -0.931839 1.501668 -2.829830
v -0.931839 1.501668 2.829830
v -1.004067 1.521022 -2.829830
v -1.004067 1.521022 2.829830
v -1.056941 1.573896 -2.829830
v -1.056941 1.573896 2.829830
v -1.076295 1.646123 -2.829830
v -1.076295 1.646123 2.829830
v -1.056941 1.718351 -2.829830
v -1.056941 1.718351 2.829830
v -1.004067 1.771225 -2.829830
v -1.004067 1.771225 2.829830
v -0.931839 1.790579 -1.842134
v -0.931839 1.765448 -0.943277
v -0.931839 1.756030 0.000000
v -0.931839 1.761335 0.943277
v -0.931839 1.790579 1.743423
v -0.859612 1.771225 1.743423
v -0.859833 1.741981 0.933663
v -0.859612 1.736676 0.000000
v -0.860135 1.746094 -0.928457
v -0.859612 1.771225 -1.842134
v -0.806738 1.718351 1.743423
v -0.807121 1.689107 0.926626
v -0.806738 1.683802 0.000000
v -0.807644 1.693220 -0.917608
v -0.806738 1.718351 -1.842134
v -0.787384 1.646123 1.743423
v -0.787827 1.616879 0.924050
v -0.787384 1.611575 0.000000
v -0.788431 1.620992 -0.913637
v -0.787384 1.646123 -1.842134
v -0.806738 1.573896 1.743423
v -0.807121 1.544652 0.926626
v -0.806738 1.539347 0.000000
v -0.807644 1.548765 -0.917608
v -0.806738 1.573896 -1.842134
v -0.859612 1.521022 1.743423
v -0.859833 1.491778 0.933663
v -0.859612 1.486473 0.000000
v -0.860135 1.495891 -0.928457
v -0.859612 1.521022 -1.842134
v -0.931839 1.501668 1.743423
v -0.931839 1.472424 0.943277
v -0.931839 1.467120 0.000000
v -0.931839 1.476537 -0.943277
v -0.931839 1.501668 -1.842134
v -1.004067 1.521022 1.743423
v -1.003846 1.491778 0.952890
v -1.004067 1.486473 0.000000
v -1.003544 1.495891 -0.958097
v -1.004067 1.521022 -1.842134
v -1.056941 1.573896 1.743423
v -1.056558 1.544652 0.959927
v -1.056941 1.539347 0.000000
v -1.056035 1.548765 -0.968946
v -1.056941 1.573896 -1.842134
v -1.076295 1.646123 1.743423
v -1.075852 1.616879 0.962503
v -1.076295 1.611575 0.000000
v -1.075248 1.620992 -0.972917
v -1.076295 1.646123 -1.842134
v -1.056941 1.718351 1.743423
v -1.056558 1.689107 0.959927
v -1.056941 1.683802 0.000000
v -1.056035 1.693220 -0.968946
v -1.056941 1.718351 -1.842134
v -1.004067 1.771225 1.743423
v -1.003846 1.741981 0.952890
v -1.004067 1.736676 0.000000
v -1.003544 1.746094 -0.958097
v -1.004067 1.771225 -1.842134
v -0.986147 1.251233 -1.863881
v -0.986147 1.242485 -0.931940
v -0.986147 1.240716 0.000000
v -0.986147 1.242485 0.931941
v -0.986147 1.251233 1.863881
v -0.948561 1.241162 1.863881
v -0.948561 1.232414 0.931940
v -0.948561 1.230646 -0.000000
v -0.948561 1.232414 -0.931941
v -0.948561 1.241162 -1.863881
v -0.921047 1.213648 1.863881
v -0.921047 1.204899 0.931940
v -0.921047 1.203131 -0.000000
v -0.921047 1.204899 -0.931941
v -0.921047 1.213648 -1.863881
v -0.910976 1.176063 1.863881
v -0.910976 1.167314 0.931940
v -0.910976 1.165546 -0.000000
v -0.910976 1.167314 -0.931941
v -0.910976 1.176063 -1.863881
v -0.921047 1.138478 1.863881
v -0.921047 1.129729 0.931940
v -0.921047 1.127961 -0.000000
v -0.921047 1.129729 -0.931941
v -0.921047 1.138478 -1.863881
v -0.948561 1.110963 1.863881
v -0.948561 1.102215 0.931940
v -0.948561 1.100446 -0.000000
v -0.948561 1.102215 -0.931941
v -0.948561 1.110963 -1.863881
v -0.986147 1.100892 1.863881
v -0.986147 1.092144 0.931940
v -0.986147 1.090376 -0.000000
v -0.986147 1.092144 -0.931941
v -0.986147 1.100892 -1.863881
v -1.023732 1.110963 1.863881
v -1.023732 1.102215 0.931940
v -1.023732 1.100446 -0.000000
v -1.023732 1.102215 -0.931941
v -1.023732 1.110963 -1.863881
v -1.051246 1.138478 1.863881
v -1.051246 1.129729 0.931940
v -1.051246 1.127961 -0.000000
v -1.051246 1.129729 -0.931941
v -1.051246 1.138478 -1.863881
v -1.061317 1.176063 1.863881
v -1.061317 1.167314 0.931940
v -1.061317 1.165546 -0.000000
v -1.061317 1.167314 -0.931941
v -1.061317 1.176063 -1.863881
v -1.051246 1.213648 1.863881
v -1.051246 1.204899 0.931940
v -1.051246 1.203131 -0.000000
v -1.051246 1.204899 -0.931941
v -1.051246 1.213648 -1.863881
v -1.023732 1.241162 1.863881
v -1.023732 1.232414 0.931940
v -1.023732 1.230646 -0.000000
v -1.023732 1.232414 -0.931941
v -1.023732 1.241162 -1.863881
v -0.947707 1.024362 -2.046544
v -1.025297 1.036012 -0.679973
v -0.947707 1.047937 0.682182
v -0.870118 1.036012 2.044336
v -0.799409 1.017035 2.040308
v -0.877353 1.028960 0.653373
v -0.954588 1.017035 -0.684001
v -0.876884 1.005385 -2.046544
v -0.747647 0.965189 2.037359
v -0.825850 0.977113 0.632283
v -0.902825 0.965189 -0.686949
v -0.825037 0.953539 -2.046544
v -0.728700 0.894365 2.036280
v -0.806998 0.906290 0.624564
v -0.883879 0.894365 -0.688029
v -0.806060 0.882715 -2.046544
v -0.747647 0.823542 2.037359
v -0.825850 0.835466 0.632283
v -0.902825 0.823542 -0.686949
v -0.825037 0.811892 -2.046544
v -0.799409 0.771696 2.040308
v -0.877353 0.783620 0.653373
v -0.954588 0.771696 -0.684001
v -0.876884 0.760046 -2.046544
v -0.870118 0.752719 2.044336
v -0.947707 0.764643 0.682181
v -1.025297 0.752719 -0.679973
v -0.947707 0.741068 -2.046544
v -0.940827 0.771696 2.048363
v -1.018062 0.783620 0.710989
v -1.096005 0.771696 -0.675946
v -1.018530 0.760046 -2.046544
v -0.992589 0.823542 2.051311
v -1.069565 0.835466 0.732079
v -1.147768 0.823542 -0.672997
v -1.070377 0.811892 -2.046544
v -1.011536 0.894365 2.052391
v -1.166714 0.894365 -0.671918
v -1.089355 0.882715 -2.046544
v -0.992589 0.965189 2.051311
v -1.103318 0.971967 0.125642
v -1.147768 0.965189 -0.672997
v -1.070377 0.953539 -2.046544
v -0.940827 1.017035 2.048363
v -1.018062 1.028960 0.710989
v -1.096005 1.017035 -0.675946
v -1.018530 1.005385 -2.046544
v 0.946239 2.001467 -2.527288
v 0.946239 2.001467 2.527288
v 1.082489 1.389585 -2.851188
v 1.132457 1.389585 2.441814
v 1.106284 1.284354 -2.851188
v 1.156251 1.284354 2.441814
v 1.080783 1.179829 -2.851188
v 1.130750 1.179829 2.441814
v 1.012820 1.104017 -2.851188
v 1.062787 1.104017 2.441814
v 0.920605 1.077232 -2.851188
v 0.970572 1.077232 2.441814
v 0.828848 1.106652 -2.851188
v 0.878815 1.106652 2.441814
v 0.762134 1.184392 -2.851188
v 0.812101 1.184392 2.441814
v 0.738340 1.289623 -2.851188
v 0.788307 1.289623 2.441814
v 0.763840 1.394148 -2.851188
v 0.813807 1.394148 2.441814
v 0.982243 2.030485 -2.527288
v 0.982243 2.030485 2.527288
v 1.027932 2.037614 -2.527288
v 1.027932 2.037614 2.527288
v 0.929567 1.958334 2.527288
v 0.929567 1.958334 -2.527288
v 0.936696 1.912645 2.527288
v 0.936696 1.912645 -2.527288
v 0.965714 1.876641 2.527288
v 0.965714 1.876641 -2.527288
v 1.008847 1.859969 2.527288
v 1.008847 1.859969 -2.527288
v 1.054536 1.867098 2.527288
v 1.054536 1.867098 -2.527288
v 1.090541 1.896116 2.527288
v 1.090541 1.896116 -2.527288
v 1.107212 1.939248 2.527288
v 1.107212 1.939248 -2.527288
v 1.100083 1.984938 2.527288
v 1.100083 1.984938 -2.527288
v 1.071065 2.020942 2.527288
v 1.071065 2.020942 -2.527288
v 1.027932 2.037614 1.645188
v 1.026272 2.022161 0.842429
v 1.025650 2.016370 -0.000000
v 1.026000 2.019632 -0.842430
v 1.027932 2.037614 -1.557031
v 0.982243 2.030485 -1.557031
v 0.980447 2.012489 -0.833844
v 0.979960 2.009242 -0.000000
v 0.980904 2.014998 0.829193
v 0.982243 2.030485 1.645188
v 0.946239 2.001467 -1.557031
v 0.944542 1.983460 -0.827559
v 0.943956 1.980224 -0.000000
v 0.945136 1.985954 0.819504
v 0.946239 2.001467 1.645188
v 0.929567 1.958334 -1.557031
v 0.927908 1.940323 -0.825259
v 0.927285 1.937091 -0.000000
v 0.928551 1.942812 0.815958
v 0.929567 1.958334 1.645188
v 0.936696 1.912645 -1.557031
v 0.935000 1.894638 -0.827559
v 0.934413 1.891401 -0.000000
v 0.935593 1.897132 0.819504
v 0.936696 1.912645 1.645188
v 0.965714 1.876641 -1.557031
v 0.963918 1.858644 -0.833844
v 0.963432 1.855397 -0.000000
v 0.964375 1.861153 0.829193
v 0.965714 1.876641 1.645188
v 1.008847 1.859969 -1.557031
v 1.006915 1.841987 -0.842430
v 1.006564 1.838726 -0.000000
v 1.007186 1.844517 0.842429
v 1.008847 1.859969 1.645188
v 1.054536 1.867098 -1.557031
v 1.052468 1.849131 -0.851015
v 1.052254 1.845854 -0.000000
v 1.052554 1.851680 0.855665
v 1.054536 1.867098 1.645188
v 1.090541 1.896116 -1.557031
v 1.088373 1.878160 -0.857300
v 1.088258 1.874873 -0.000000
v 1.088323 1.880723 0.865354
v 1.090541 1.896116 1.645188
v 1.107212 1.939248 -1.557031
v 1.105008 1.921296 -0.859601
v 1.104930 1.918005 -0.000000
v 1.104908 1.923865 0.868900
v 1.107212 1.939248 1.645188
v 1.100083 1.984938 -1.557031
v 1.097916 1.966982 -0.857300
v 1.097801 1.963695 -0.000000
v 1.097866 1.969545 0.865354
v 1.100083 1.984938 1.645188
v 1.071065 2.020942 -1.557031
v 1.068997 2.002975 -0.851015
v 1.068783 1.999699 -0.000000
v 1.069083 2.005524 0.855665
v 1.071065 2.020942 1.645188
v 0.977866 1.033099 2.530994
v 1.040416 1.004554 -2.531579
v 1.049739 1.013841 2.530994
v 1.102354 0.961226 -2.530994
v 1.102354 0.961226 2.530994
v 1.121613 0.889353 -2.530994
v 1.121613 0.889353 2.530994
v 1.102354 0.817480 -2.530994
v 1.102354 0.817480 2.530994
v 1.049739 0.764865 -2.530994
v 1.049739 0.764865 2.530994
v 0.977866 0.745607 -2.530994
v 0.977866 0.745607 2.530994
v 0.905993 0.764865 -2.530994
v 0.905993 0.764865 2.530994
v 0.853378 0.817480 -2.530994
v 0.853378 0.817480 2.530994
v 0.834120 0.889353 -2.530994
v 0.834120 0.889353 2.530994
v 0.853378 0.961226 -2.530994
v 0.853378 0.961226 2.530994
v 0.960514 1.005959 -2.526399
v 0.905993 1.013841 2.530994
v 0.977866 1.033099 -1.687330
v 0.977866 1.016370 -0.843665
v 0.977866 1.012988 0.000000
v 0.977866 1.016370 0.843665
v 0.977866 1.033099 1.687330
v 1.049739 1.013841 1.687330
v 1.049739 0.997111 0.843665
v 1.049739 0.997111 -0.843665
v 1.049739 1.013841 -1.687330
v 1.102354 0.961226 1.687330
v 1.102354 0.944496 0.843665
v 1.102354 0.944496 -0.843665
v 1.102354 0.961226 -1.687330
v 1.121613 0.889353 1.687330
v 1.121613 0.872623 0.843665
v 1.121613 0.889353 -1.687330
v 1.102354 0.817480 1.687330
v 1.102354 0.800750 0.843665
v 1.102354 0.799036 -0.415863
v 1.102354 0.800750 -0.843665
v 1.102354 0.817480 -1.687330
v 1.049739 0.764865 1.687330
v 1.049739 0.748136 0.843665
v 1.049739 0.744754 -0.000000
v 1.049739 0.748136 -0.843665
v 1.049739 0.764865 -1.687330
v 0.977866 0.745607 1.687330
v 0.977866 0.728877 0.843665
v 0.977866 0.725496 -0.000000
v 0.977866 0.728877 -0.843665
v 0.977866 0.745607 -1.687330
v 0.905993 0.764865 1.687330
v 0.905993 0.748136 0.843665
v 0.905993 0.744754 -0.000000
v 0.905993 0.748136 -0.843665
v 0.905993 0.764865 -1.687330
v 0.853378 0.817480 1.687330
v 0.853378 0.800750 0.843665
v 0.853378 0.797369 -0.000000
v 0.853378 0.800750 -0.843665
v 0.853378 0.817480 -1.687330
v 0.834120 0.889353 1.687330
v 0.834120 0.872623 0.843665
v 0.834120 0.869242 -0.000000
v 0.834120 0.872623 -0.843665
v 0.834120 0.889353 -1.687330
v 0.853378 0.961226 1.687330
v 0.853378 0.944496 0.843665
v 0.853378 0.941115 -0.000000
v 0.853378 0.944496 -0.843665
v 0.853378 0.961226 -1.687330
v 0.905993 1.013841 1.687330
v 0.905993 0.997111 0.843665
v 0.905993 0.993730 -0.000000
v 0.905993 0.997111 -0.843665
v 0.905993 1.013841 -1.687330
v 0.573484 0.648624 -2.870674
v 0.750215 0.583662 2.870495
v 0.686002 0.583662 -2.870852
v 0.702659 0.631218 2.870570
v 0.638447 0.631218 -2.870777
v 0.637697 0.648624 2.870673
v 0.703408 0.518700 -2.870880
v 0.767621 0.518700 2.870467
v 0.686002 0.453738 -2.870852
v 0.750215 0.453738 2.870495
v 0.638447 0.406182 -2.870777
v 0.702659 0.406182 2.870570
v 0.573484 0.388776 -2.870674
v 0.637697 0.388776 2.870673
v 0.508522 0.406182 -2.870571
v 0.572735 0.406182 2.870777
v 0.460967 0.453738 -2.870495
v 0.525180 0.453738 2.870852
v 0.443560 0.518700 -2.870467
v 0.507773 0.518700 2.870880
v 0.460967 0.583662 -2.870495
v 0.525180 0.583662 2.870852
v 0.508522 0.631218 -2.870571
v 0.572735 0.631218 2.870777
v 0.336083 0.594284 -2.265491
v 0.434637 0.543017 2.265349
v 0.424880 0.543017 -2.265631
v 0.397107 0.580547 2.265409
v 0.387350 0.580547 -2.265572
v 0.345840 0.594284 2.265490
v 0.438617 0.491750 -2.265654
v 0.448374 0.491750 2.265327
v 0.424880 0.440482 -2.265631
v 0.434637 0.440482 2.265349
v 0.387350 0.402952 -2.265572
v 0.397107 0.402952 2.265409
v 0.336083 0.389215 -2.265491
v 0.345840 0.389215 2.265490
v 0.284816 0.402952 -2.265409
v 0.294573 0.402952 2.265572
v 0.247286 0.440482 -2.265349
v 0.257043 0.440482 2.265631
v 0.233549 0.491750 -2.265328
v 0.243306 0.491750 2.265653
v 0.247286 0.543017 -2.265349
v 0.257043 0.543017 2.265631
v 0.284816 0.580547 -2.265409
v 0.294573 0.580547 2.265572
v 0.074614 0.651542 -2.750968
v 0.224527 0.591216 3.191472
v 0.196880 0.580951 -2.751191
v 0.172851 0.642892 3.191566
v 0.142217 0.630121 -2.751097
v 0.102261 0.661807 3.191694
v 0.228034 0.520625 -2.751226
v 0.243442 0.520625 3.191437
v 0.209119 0.450034 -2.751191
v 0.224527 0.450034 3.191472
v 0.157443 0.398358 -2.751097
v 0.172851 0.398358 3.191566
v 0.086853 0.379443 -2.750968
v 0.102261 0.379443 3.191694
v 0.016262 0.398358 -2.750840
v 0.031670 0.398358 3.191823
v -0.035414 0.450034 -2.750745
v -0.020006 0.450034 3.191918
v -0.054329 0.520625 -2.750711
v -0.038921 0.520625 3.191952
v -0.035414 0.591216 -2.750745
v -0.020006 0.591216 3.191918
v 0.016262 0.642892 -2.750840
v 0.031670 0.642892 3.191823
v -0.219182 0.665133 -2.750968
v -0.081508 0.594543 2.883792
v -0.096916 0.594543 -2.751191
v -0.133183 0.646219 2.883885
v -0.148591 0.646219 -2.751097
v -0.203774 0.665133 2.884014
v -0.078001 0.523952 -2.751226
v -0.062593 0.523952 2.883757
v -0.096916 0.453361 -2.751191
v -0.081508 0.453361 2.883792
v -0.148591 0.401685 -2.751097
v -0.133183 0.401685 2.883885
v -0.219182 0.382770 -2.750968
v -0.203774 0.382770 2.884014
v -0.289773 0.401685 -2.750840
v -0.274365 0.401685 2.884143
v -0.341449 0.453361 -2.750745
v -0.326041 0.453361 2.884237
v -0.360363 0.523952 -2.750711
v -0.344955 0.523952 2.884271
v -0.341449 0.594543 -2.750745
v -0.326041 0.594543 2.884237
v -0.289773 0.646219 -2.750840
v -0.274365 0.646219 2.884143
v 0.714920 2.038591 -2.773058
v 0.714920 2.038591 2.773058
v 0.761323 2.075991 -2.773058
v 0.761323 2.075991 2.773058
v 0.820208 2.085178 -2.773058
v 0.820208 2.085178 2.773058
v 0.693434 1.983001 2.773058
v 0.693433 1.983001 -2.773058
v 0.702621 1.924116 2.773058
v 0.702621 1.924116 -2.773058
v 0.740020 1.877713 2.773058
v 0.740020 1.877713 -2.773058
v 0.795610 1.856227 2.773058
v 0.795610 1.856227 -2.773058
v 0.854496 1.865414 2.773058
v 0.854495 1.865414 -2.773058
v 0.900899 1.902813 2.773058
v 0.900899 1.902813 -2.773058
v 0.922385 1.958403 2.773058
v 0.922385 1.958403 -2.773058
v 0.913198 2.017289 2.773058
v 0.913198 2.017289 -2.773058
v 0.875798 2.063691 2.773058
v 0.875798 2.063691 -2.773058
v 0.820208 2.085178 1.805177
v 0.818069 2.065263 0.924352
v 0.817267 2.057799 -0.000001
v 0.817718 2.062003 -0.924353
v 0.820208 2.085178 -1.708447
v 0.761323 2.075991 -1.708447
v 0.759008 2.052797 -0.914933
v 0.758381 2.048612 -0.000000
v 0.759598 2.056030 0.909829
v 0.761323 2.075991 1.805177
v 0.714920 2.038591 -1.708447
v 0.712734 2.015384 -0.908037
v 0.711978 2.011213 -0.000000
v 0.713498 2.018599 0.899198
v 0.714920 2.038591 1.805177
v 0.693434 1.983001 -1.708447
v 0.691295 1.959789 -0.905512
v 0.690492 1.955623 -0.000000
v 0.692124 1.962997 0.895307
v 0.693434 1.983001 1.805177
v 0.702621 1.924116 -1.708447
v 0.700435 1.900908 -0.908037
v 0.699679 1.896737 -0.000000
v 0.701200 1.904123 0.899198
v 0.702621 1.924116 1.805177
v 0.740020 1.877713 -1.708447
v 0.737705 1.854519 -0.914933
v 0.737079 1.850334 -0.000000
v 0.738295 1.857753 0.909829
v 0.740020 1.877713 1.805177
v 0.795610 1.856227 -1.708447
v 0.793120 1.833052 -0.924353
v 0.792669 1.828848 -0.000001
v 0.793471 1.836311 0.924352
v 0.795610 1.856227 1.805177
v 0.854496 1.865414 -1.708447
v 0.851830 1.842258 -0.933773
v 0.851554 1.838035 -0.000001
v 0.851942 1.845543 0.938875
v 0.854496 1.865414 1.805177
v 0.900899 1.902813 -1.708447
v 0.898105 1.879671 -0.940670
v 0.897957 1.875435 -0.000001
v 0.898041 1.882975 0.949506
v 0.900899 1.902813 1.805177
v 0.922385 1.958403 -1.708447
v 0.919544 1.935266 -0.943194
v 0.919444 1.931024 -0.000001
v 0.919416 1.938577 0.953398
v 0.922385 1.958403 1.805177
v 0.913198 2.017289 -1.708447
v 0.910404 1.994146 -0.940670
v 0.910256 1.989910 -0.000001
v 0.910340 1.997450 0.949506
v 0.913198 2.017289 1.805177
v 0.875798 2.063691 -1.708447
v 0.873133 2.040535 -0.933773
v 0.872857 2.036313 -0.000001
v 0.873244 2.043821 0.938875
v 0.875798 2.063691 1.805177
v 1.003505 2.165726 -2.593472
v 1.003505 2.165726 2.432142
v 1.029600 2.133350 -2.593472
v 1.029600 2.133349 2.432142
v 1.036010 2.092264 -2.593472
v 1.036010 2.092264 2.432142
v 0.964719 2.180717 2.432142
v 0.964719 2.180718 -2.593472
v 0.923633 2.174307 2.432142
v 0.923633 2.174308 -2.593472
v 0.891257 2.148213 2.432142
v 0.891257 2.148213 -2.593472
v 0.876265 2.109426 2.432142
v 0.876265 2.109427 -2.593472
v 0.882675 2.068341 2.432142
v 0.882675 2.068341 -2.593472
v 0.908770 2.035964 2.432142
v 0.908770 2.035964 -2.593472
v 0.947556 2.020972 2.432142
v 0.947556 2.020973 -2.593472
v 0.988642 2.027383 2.432142
v 0.988642 2.027383 -2.593472
v 1.021018 2.053477 2.432142
v 1.021018 2.053478 -2.593472
v 1.036010 2.092264 1.555096
v 1.022115 2.093757 0.756937
v 1.016907 2.094316 -0.080666
v 1.019840 2.094001 -0.918268
v 1.036010 2.092264 -1.628774
v 1.029600 2.133350 -1.628774
v 1.013417 2.134964 -0.909732
v 1.010497 2.135402 -0.080666
v 1.015673 2.134553 0.743777
v 1.029600 2.133349 1.555096
v 1.003505 2.165726 -1.628774
v 0.987313 2.167252 -0.903483
v 0.984403 2.167778 -0.080666
v 0.989556 2.166718 0.734143
v 1.003505 2.165726 1.555096
v 0.964719 2.180718 -1.628774
v 0.948523 2.182210 -0.901195
v 0.945616 2.182770 -0.080666
v 0.950761 2.181632 0.730617
v 0.964719 2.180718 1.555096
v 0.923633 2.174307 -1.628774
v 0.907441 2.175833 -0.903483
v 0.904530 2.176360 -0.080666
v 0.909684 2.175299 0.734143
v 0.923633 2.174307 1.555096
v 0.891257 2.148213 -1.628774
v 0.875074 2.149828 -0.909732
v 0.872154 2.150266 -0.080666
v 0.877330 2.149417 0.743777
v 0.891257 2.148213 1.555096
v 0.876265 2.109427 -1.628774
v 0.860095 2.111164 -0.918268
v 0.857162 2.111479 -0.080666
v 0.862370 2.110920 0.756937
v 0.876265 2.109426 1.555096
v 0.882675 2.068341 -1.628774
v 0.866519 2.070200 -0.926804
v 0.863573 2.070393 -0.080666
v 0.868811 2.070123 0.770096
v 0.882675 2.068341 1.555096
v 0.908770 2.035964 -1.628774
v 0.892623 2.037914 -0.933053
v 0.889667 2.038017 -0.080666
v 0.894928 2.037958 0.779730
v 0.908770 2.035964 1.555096
v 0.947556 2.020973 -1.628774
v 0.931413 2.022955 -0.935341
v 0.928453 2.023025 -0.080666
v 0.933723 2.023044 0.783256
v 0.947556 2.020973 1.555096
v 0.988642 2.027383 -1.628774
v 0.972495 2.029332 -0.933053
v 0.969539 2.029435 -0.080666
v 0.974800 2.029377 0.779730
v 0.988642 2.027383 1.555096
v 1.021018 2.053478 -1.628774
v 1.004862 2.055337 -0.926804
v 1.001916 2.055530 -0.080666
v 1.007154 2.055259 0.770096
v 1.021018 2.053477 1.555096
v -0.917330 2.056093 1.829562
v -0.919919 2.035953 0.951558
v -0.920312 2.028344 -0.000001
v -0.920032 2.032624 -0.946388
v -0.917331 2.056093 -1.731526
v -0.879426 2.009063 1.829562
v -0.882322 1.988957 0.962333
v -0.882407 1.981315 -0.000001
v -0.882258 1.985608 -0.953377
v -0.879426 2.009063 -1.731526
v -0.870114 1.949382 1.829562
v -0.873124 1.929288 0.966277
v -0.873096 1.921633 -0.000001
v -0.872994 1.925932 -0.955935
v -0.870115 1.949382 -1.731526
v -0.891891 1.893041 1.829562
v -0.894788 1.872935 0.962333
v -0.894872 1.865293 -0.000001
v -0.894723 1.869586 -0.953377
v -0.891891 1.893041 -1.731526
v -0.938921 1.855137 1.829562
v -0.941510 1.834997 0.951558
v -0.941902 1.827388 -0.000001
v -0.941622 1.831668 -0.946388
v -0.938921 1.855137 -1.731526
v -0.998602 1.845825 1.829562
v -1.000770 1.825641 0.936839
v -1.001583 1.818077 -0.000001
v -1.001125 1.822337 -0.936840
v -0.998602 1.845825 -1.731526
v -1.054943 1.867602 1.829562
v -1.056692 1.847372 0.922120
v -1.057924 1.839853 -0.000001
v -1.057289 1.844095 -0.927292
v -1.054943 1.867602 -1.731526
v -1.092847 1.914631 1.829562
v -1.094288 1.894369 0.911345
v -1.095829 1.886883 -0.000001
v -1.095063 1.891111 -0.920303
v -1.092847 1.914631 -1.731526
v -1.102159 1.974312 1.829562
v -1.103486 1.954038 0.907401
v -1.105140 1.946564 -0.000001
v -1.104326 1.950786 -0.917745
v -1.102159 1.974312 -1.731526
v -1.080382 2.030653 1.829562
v -1.081823 2.010391 0.911345
v -1.083363 2.002905 -0.000001
v -1.082598 2.007133 -0.920303
v -1.080382 2.030653 -1.731526
v -1.033352 2.068558 1.829562
v -1.035101 2.048328 0.922120
v -1.036334 2.040809 -0.000001
v -1.035698 2.045051 -0.927292
v -1.033353 2.068558 -1.731526
v -0.973672 2.077869 -1.731526
v -0.976195 2.054381 -0.936840
v -0.976653 2.050121 -0.000001
v -0.975840 2.057685 0.936839
v -0.973671 2.077869 1.829562
v -0.917331 2.056093 -2.810519
v -0.917330 2.056093 2.810519
v -0.879426 2.009063 -2.810519
v -0.879426 2.009063 2.810519
v -0.870115 1.949382 -2.810519
v -0.870114 1.949382 2.810519
v -0.891891 1.893041 -2.810519
v -0.891891 1.893041 2.810519
v -0.938921 1.855137 -2.810519
v -0.938921 1.855137 2.810519
v -0.998602 1.845825 -2.810519
v -0.998602 1.845825 2.810519
v -1.054943 1.867602 -2.810519
v -1.054943 1.867602 2.810519
v -1.092847 1.914631 -2.810519
v -1.092847 1.914631 2.810519
v -1.102159 1.974312 -2.810519
v -1.102159 1.974312 2.810519
v -0.973671 2.077869 2.810519
v -0.973672 2.077869 -2.810519
v -1.033352 2.068558 2.810519
v -1.033353 2.068558 -2.810519
v -1.080382 2.030653 2.810519
v -1.080382 2.030653 -2.810519
v 1.103860 1.561296 -2.635307
v 1.103861 1.561295 2.635307
v 1.047632 1.502541 -2.635307
v 1.047633 1.502540 2.635307
v 0.969560 1.479771 -2.635307
v 0.969561 1.479769 2.635307
v 0.890562 1.499088 -2.635307
v 0.890563 1.499086 2.635307
v 0.831807 1.555315 -2.635307
v 0.831808 1.555314 2.635307
v 0.809037 1.633388 -2.635307
v 0.809038 1.633386 2.635307
v 0.828353 1.712385 -2.635307
v 0.828354 1.712384 2.635307
v 0.884581 1.771141 -2.635307
v 0.884582 1.771139 2.635307
v 0.962654 1.793911 -2.635307
v 0.962654 1.793909 2.635307
v 1.041651 1.774594 -2.635307
v 1.041652 1.774593 2.635307
v 1.100407 1.718366 -2.635307
v 1.100408 1.718365 2.635307
v 1.123176 1.640294 -2.635307
v 1.123177 1.640292 2.635307
v 1.103860 1.535609 -2.047869
v 1.156571 1.554652 -0.680414
v 1.126787 1.548722 0.682624
v 1.073810 1.535113 2.045660
v 1.017643 1.476469 2.041629
v 1.070809 1.490423 0.653796
v 1.100404 1.496008 -0.684444
v 1.047633 1.476854 -2.047869
v 0.939616 1.453781 2.038679
v 0.992920 1.467987 0.632693
v 1.022377 1.473320 -0.687394
v 0.969560 1.454084 -2.047869
v 0.860635 1.473127 2.037599
v 0.913990 1.487426 0.624969
v 0.943395 1.492666 -0.688474
v 0.890562 1.473401 -2.047869
v 0.801863 1.529325 2.038679
v 0.855167 1.543532 0.632693
v 0.884624 1.548864 -0.687394
v 0.831807 1.529629 -2.047869
v 0.779048 1.607316 2.041629
v 0.832214 1.621270 0.653796
v 0.861809 1.626855 -0.684444
v 0.809037 1.607701 -2.047869
v 0.798304 1.686202 2.045660
v 0.851280 1.699811 0.682623
v 0.881065 1.705741 -0.680414
v 0.828354 1.686698 -2.047869
v 0.854470 1.744846 2.049690
v 0.907258 1.758111 0.711450
v 0.937231 1.764385 -0.676384
v 0.884582 1.745454 -2.047869
v 0.932498 1.767534 2.052640
v 0.985148 1.780547 0.732553
v 1.015259 1.787073 -0.673433
v 0.962654 1.768224 -2.047869
v 1.011479 1.748188 2.053720
v 1.094240 1.767726 -0.672354
v 1.041651 1.748907 -2.047869
v 1.070251 1.691990 2.052640
v 1.135897 1.740572 0.125723
v 1.153012 1.711528 -0.673433
v 1.100407 1.692680 -2.047869
v 1.093066 1.613999 2.049690
v 1.145853 1.627264 0.711450
v 1.175826 1.633538 -0.676384
v 1.123177 1.614607 -2.047869
v -0.673023 0.613338 2.634249
v -0.686035 0.613338 -2.634032
v -0.716660 0.569701 2.634329
v -0.729672 0.569701 -2.633953
v -0.732633 0.510091 2.634358
v -0.745644 0.510091 -2.633924
v -0.716660 0.450482 2.634329
v -0.729672 0.450482 -2.633953
v -0.673023 0.406844 2.634249
v -0.686035 0.406844 -2.634032
v -0.613414 0.390872 2.634140
v -0.626425 0.390872 -2.634141
v -0.553804 0.406844 2.634032
v -0.566815 0.406844 -2.634250
v -0.510168 0.450482 2.633953
v -0.523179 0.450482 -2.634329
v -0.494195 0.510091 2.633923
v -0.507206 0.510091 -2.634358
v -0.613414 0.629310 2.634140
v -0.566815 0.613338 -2.634250
v -0.553804 0.613338 2.634032
v -0.523179 0.569701 -2.634329
v -0.510168 0.569701 2.633953
v -0.626425 0.629310 -2.634141
v -0.993859 0.644988 2.852735
v -1.009112 0.644988 -2.719434
v -1.045015 0.593832 2.852829
v -1.060268 0.593832 -2.719341
v -1.063739 0.523952 2.852862
v -1.078992 0.523952 -2.719307
v -1.045015 0.454071 2.852829
v -1.060268 0.454071 -2.719341
v -0.993859 0.402916 2.852735
v -1.009112 0.402916 -2.719434
v -0.923979 0.384191 2.852607
v -0.939232 0.384191 -2.719562
v -0.854099 0.402916 2.852480
v -0.869352 0.402916 -2.719690
v -0.802944 0.454071 2.852387
v -0.818197 0.454071 -2.719782
v -0.784219 0.523952 2.852353
v -0.799472 0.523952 -2.719817
v -0.923979 0.663712 2.852607
v -0.869352 0.644988 -2.719690
v -0.854099 0.644988 2.852480
v -0.818197 0.593832 -2.719782
v -0.802944 0.593832 2.852387
v -0.939232 0.663712 -2.719562
v -0.680271 0.950712 3.094820
v -0.674006 0.950712 -2.887532
v -0.721342 0.909641 3.094777
v -0.715078 0.909641 -2.887577
v -0.736376 0.853536 3.094760
v -0.730111 0.853536 -2.887593
v -0.721342 0.797431 3.094777
v -0.715078 0.797431 -2.887577
v -0.680271 0.756359 3.094820
v -0.674006 0.756359 -2.887532
v -0.624166 0.741326 3.094881
v -0.617901 0.741326 -2.887471
v -0.568061 0.756359 3.094942
v -0.561796 0.756359 -2.887411
v -0.526989 0.797431 3.094987
v -0.520724 0.797431 -2.887366
v -0.511956 0.853536 3.095003
v -0.505691 0.853536 -2.887350
v -0.624166 0.965746 3.094881
v -0.561796 0.950712 -2.887411
v -0.568061 0.950712 3.094942
v -0.520724 0.909641 -2.887366
v -0.526989 0.909641 3.094987
v -0.617901 0.965746 -2.887471
v -0.399492 0.986989 3.266018
v -0.395708 0.986989 -2.723765
v -0.448512 0.937183 3.309652
v -0.445514 0.937183 -2.723799
v -0.466455 0.869146 3.325622
v -0.463744 0.869146 -2.723812
v -0.448512 0.801110 3.309652
v -0.445514 0.801110 -2.723799
v -0.399492 0.751304 3.266018
v -0.395708 0.751304 -2.723765
v -0.332529 0.733074 3.206412
v -0.327672 0.733074 -2.723717
v -0.265566 0.751304 3.146811
v -0.259635 0.751304 -2.723671
v -0.216546 0.801110 3.103177
v -0.209830 0.801110 -2.723636
v -0.198603 0.869146 3.087206
v -0.191599 0.869146 -2.723624
v -0.259635 0.986989 -2.723671
v -0.209830 0.937183 -2.723636
v -0.216546 0.937183 3.103177
v -0.327672 1.005219 -2.723717
v -0.060045 0.995125 3.266352
v -0.055006 0.995125 -2.855771
v -0.111729 0.943441 3.266317
v -0.106689 0.943441 -2.855807
v -0.130647 0.872840 3.266303
v -0.125607 0.872840 -2.855820
v -0.111729 0.802239 3.266317
v -0.106689 0.802239 -2.855807
v -0.060045 0.750555 3.266352
v -0.055006 0.750555 -2.855771
v 0.010556 0.731637 3.266401
v 0.015596 0.731637 -2.855722
v 0.081157 0.750555 3.266450
v 0.086197 0.750555 -2.855673
v 0.132840 0.802239 3.266486
v 0.137880 0.802239 -2.855637
v 0.151758 0.872840 3.266499
v 0.156798 0.872840 -2.855624
v 0.010556 1.014042 3.266401
v 0.086197 0.995125 -2.855673
v 0.081157 0.995125 3.266450
v 0.137880 0.943441 -2.855637
v 0.132840 0.943441 3.266486
v 0.015596 1.014042 -2.855722
v -0.429938 1.367971 2.592152
v -0.429938 1.367971 -2.736292
v -0.485164 1.312745 2.592152
v -0.485164 1.312745 -2.736292
v -0.505378 1.237306 2.592152
v -0.505378 1.237306 -2.736292
v -0.485164 1.161866 2.592152
v -0.485164 1.161866 -2.736292
v -0.429938 1.106641 2.592152
v -0.429938 1.106641 -2.736292
v -0.354499 1.086427 2.592152
v -0.354499 1.086427 -2.736292
v -0.279059 1.106641 2.592152
v -0.279059 1.106641 -2.736292
v -0.223834 1.161866 2.592152
v -0.223834 1.161866 -2.736292
v -0.203620 1.237306 2.592152
v -0.203620 1.237306 -2.736292
v -0.223834 1.312745 2.592152
v -0.223834 1.312745 -2.736292
v -0.253244 1.370859 2.588258
v -0.279059 1.367971 -2.736292
v -0.354499 1.388185 2.592152
v -0.354499 1.388185 -2.736292
v 0.288940 1.004239 2.703042
v 0.257611 1.004239 -2.796865
v 0.238089 0.953386 2.703323
v 0.208642 0.953386 -2.796584
v 0.219475 0.883920 2.703425
v 0.188146 0.883920 -2.796482
v 0.238089 0.814454 2.703323
v 0.198695 0.814454 -2.796584
v 0.288940 0.763601 2.703042
v 0.249547 0.763601 -2.796865
v 0.358405 0.744988 2.702659
v 0.319012 0.744988 -2.797247
v 0.427870 0.763601 2.702276
v 0.388477 0.763601 -2.797630
v 0.478722 0.814454 2.701996
v 0.439328 0.814454 -2.797909
v 0.497335 0.883920 2.701894
v 0.457941 0.883920 -2.798013
v 0.358405 1.022852 2.702659
v 0.388477 1.004239 -2.797630
v 0.427870 1.004239 2.702276
v 0.439328 0.953386 -2.797909
v 0.478722 0.953386 2.701996
v 0.319012 1.022852 -2.797247
v 0.600706 1.009779 2.595025
v 0.605664 1.009779 -2.797349
v 0.549853 0.958926 2.594990
v 0.554812 0.958926 -2.797384
v 0.531240 0.889460 2.594977
v 0.536199 0.889460 -2.797397
v 0.549853 0.819994 2.594990
v 0.554812 0.819994 -2.797384
v 0.600706 0.769141 2.595025
v 0.605664 0.769141 -2.797349
v 0.670172 0.750528 2.595072
v 0.675131 0.750528 -2.797300
v 0.739638 0.769141 2.595121
v 0.744597 0.769141 -2.797253
v 0.790490 0.819994 2.595156
v 0.795449 0.819994 -2.797216
v 0.809104 0.889460 2.595169
v 0.814063 0.889460 -2.797204
v 0.670172 1.028392 2.595072
v 0.744597 1.009779 -2.797253
v 0.739638 1.009779 2.595121
v 0.795449 0.958926 -2.797216
v 0.790490 0.958926 2.595156
v 0.675131 1.028392 -2.797300
v -0.109871 1.358783 3.068100
v -0.109871 1.358783 -2.736292
v -0.165096 1.303558 3.068100
v -0.165096 1.303558 -2.736292
v -0.185310 1.228118 3.068100
v -0.185310 1.228118 -2.736292
v -0.165096 1.152679 3.068100
v -0.165096 1.152679 -2.736292
v -0.109871 1.097453 3.068100
v -0.109871 1.097453 -2.736292
v -0.034431 1.077239 3.068100
v -0.034431 1.077239 -2.736292
v 0.041009 1.097453 3.068100
v 0.041009 1.097453 -2.736292
v 0.096234 1.152679 3.068100
v 0.096234 1.152679 -2.736292
v 0.116448 1.228118 3.068100
v 0.116448 1.228118 -2.736292
v 0.096234 1.303558 3.068100
v 0.096234 1.303558 -2.736292
v 0.041009 1.358783 3.068100
v 0.041009 1.358783 -2.736292
v -0.034431 1.378997 3.068100
v -0.034431 1.378997 -2.736292
v 0.232368 1.367971 2.774750
v 0.232368 1.367971 -2.736292
v 0.177142 1.312745 2.774750
v 0.177142 1.312745 -2.736292
v 0.156929 1.237306 2.774750
v 0.156929 1.237306 -2.736292
v 0.177142 1.161866 2.774750
v 0.177142 1.161866 -2.736292
v 0.232368 1.106641 2.774750
v 0.232368 1.106641 -2.736292
v 0.307808 1.086427 2.774750
v 0.307808 1.086427 -2.736292
v 0.383247 1.106641 2.774750
v 0.383247 1.106641 -2.736292
v 0.438473 1.161866 2.774750
v 0.438473 1.161866 -2.736292
v 0.458686 1.237306 2.774750
v 0.458686 1.237306 -2.736292
v 0.438473 1.312745 2.774750
v 0.438473 1.312745 -2.736292
v 0.383247 1.367971 2.774750
v 0.383247 1.367971 -2.736292
v 0.307808 1.388185 2.774750
v 0.307808 1.388185 -2.736292
v 0.553489 1.358489 2.657385
v 0.553489 1.358489 -2.891239
v 0.501300 1.306300 2.657385
v 0.501300 1.306300 -2.891239
v 0.482198 1.235009 2.657385
v 0.482198 1.235009 -2.891239
v 0.501300 1.163718 2.657385
v 0.501300 1.163718 -2.891239
v 0.553489 1.111529 2.657385
v 0.553489 1.111529 -2.891239
v 0.624780 1.092426 2.657385
v 0.624780 1.092426 -2.891239
v 0.696072 1.111529 2.657385
v 0.696072 1.111529 -2.891239
v 0.748261 1.163718 2.657385
v 0.748261 1.163718 -2.891239
v 0.767363 1.235009 2.657385
v 0.767363 1.235009 -2.891239
v 0.748261 1.306300 2.657385
v 0.748261 1.306300 -2.891239
v 0.696072 1.358489 2.657385
v 0.696072 1.358489 -2.891239
v 0.624780 1.377591 2.657385
v 0.624780 1.377591 -2.891239
v 0.546968 1.761819 -2.590226
v 0.546968 1.761819 2.696903
v 0.619570 1.742366 -2.590226
v 0.619570 1.742366 2.696903
v 0.672717 1.689218 -2.590226
v 0.672717 1.689218 2.696903
v 0.692171 1.616617 -2.590226
v 0.692171 1.616617 2.696903
v 0.672717 1.544015 -2.590226
v 0.672717 1.544015 2.696903
v 0.619570 1.490868 -2.590226
v 0.619570 1.490868 2.696903
v 0.546968 1.471414 -2.590226
v 0.546968 1.471414 2.696903
v 0.474367 1.490868 -2.590226
v 0.474367 1.490868 2.696903
v 0.421219 1.544015 -2.590226
v 0.421219 1.544015 2.696903
v 0.401766 1.616617 -2.590226
v 0.401766 1.616617 2.696903
v 0.421219 1.689218 -2.590226
v 0.421219 1.689218 2.696903
v 0.474367 1.742366 -2.590226
v 0.474367 1.742366 2.696903
v 0.116620 1.756512 -3.067493
v 0.116620 1.756512 2.790306
v 0.195910 1.735266 -3.067493
v 0.195910 1.735266 2.790306
v 0.253953 1.677222 -3.067493
v 0.253953 1.677222 2.790306
v 0.275199 1.597933 -3.067493
v 0.275199 1.597933 2.790306
v 0.253953 1.518643 -3.067493
v 0.253953 1.518643 2.790306
v 0.195910 1.460599 -3.067493
v 0.195910 1.460599 2.790306
v 0.116620 1.439353 -3.067493
v 0.116620 1.439353 2.790306
v 0.037330 1.460599 -3.067493
v 0.037330 1.460599 2.790306
v -0.020714 1.518643 -3.067493
v -0.020714 1.518643 2.790306
v -0.041960 1.597933 -3.067493
v -0.041960 1.597933 2.790306
v -0.020714 1.677222 -3.067493
v -0.020714 1.677222 2.790306
v 0.037330 1.735266 -3.067493
v 0.037330 1.735266 2.790306
v -0.212388 1.769825 -3.067493
v -0.212388 1.769825 2.790306
v -0.133098 1.748579 -3.067493
v -0.133098 1.748579 2.790306
v -0.075055 1.690535 -3.067493
v -0.075055 1.690535 2.790306
v -0.053809 1.611245 -3.067493
v -0.053809 1.611245 2.790306
v -0.075055 1.531955 -3.067493
v -0.075055 1.531955 2.790306
v -0.133098 1.473911 -3.067493
v -0.133098 1.473911 2.790306
v -0.212388 1.452666 -3.067493
v -0.212388 1.452666 2.790306
v -0.291678 1.473911 -3.067493
v -0.349722 1.531955 -3.067493
v -0.349722 1.531955 2.790306
v -0.370968 1.611245 -3.067493
v -0.370968 1.611245 2.790306
v -0.349722 1.690535 -3.067493
v -0.349722 1.690535 2.790306
v -0.291678 1.748579 -3.067493
v -0.291678 1.748579 2.790306
v -0.555025 1.735798 -3.049706
v -0.554944 1.712333 2.922509
v -0.483240 1.716563 -3.049706
v -0.430690 1.664013 -3.049706
v -0.430690 1.664013 2.916659
v -0.411455 1.592227 -3.049706
v -0.411455 1.592227 2.916659
v -0.430690 1.520442 -3.049706
v -0.430690 1.520442 2.916659
v -0.483240 1.467892 -3.049706
v -0.483240 1.467892 2.916659
v -0.555025 1.448657 -3.049706
v -0.555025 1.448657 2.916659
v -0.626811 1.467892 -3.049706
v -0.626811 1.467892 2.916659
v -0.679361 1.520442 -3.049706
v -0.679361 1.520442 2.916659
v -0.698596 1.592227 -3.049706
v -0.698596 1.592227 2.916659
v -0.679361 1.664013 -3.049706
v -0.679361 1.664013 2.916659
v -0.626811 1.716563 -3.049706
v -0.057525 0.940215 0.205291
v -0.109209 0.883340 0.205255
v -0.128127 0.791481 0.205241
v -0.109209 0.720880 0.205255
v -0.057525 0.669196 0.205291
v 0.013076 0.650279 0.205339
v 0.083677 0.669196 0.205388
v 0.135360 0.720880 0.205425
v 0.154278 0.791481 0.205437
v 0.135360 0.862082 0.205425
v 0.013076 0.953941 0.205339
v 0.083677 0.913766 0.205388
v -0.109871 1.287711 -0.393457
v -0.165096 1.232486 -0.393457
v -0.185310 1.157046 -0.393457
v -0.165096 1.081607 -0.393457
v -0.109871 1.026381 -0.393457
v -0.034431 1.006167 -0.393457
v 0.041009 1.026381 -0.393457
v 0.096234 1.081607 -0.393457
v 0.116448 1.157046 -0.393457
v 0.096234 1.232486 -0.393457
v 0.041009 1.287711 -0.393457
v -0.034431 1.307925 -0.393457
vn -0.0000 1.0000 -0.0000
vn 0.5000 0.8660 -0.0000
vn 0.8660 0.5000 -0.0000
vn 1.0000 -0.0000 -0.0000
vn 0.8660 -0.5000 -0.0000
vn 0.5000 -0.8660 -0.0000
vn -0.0000 -1.0000 -0.0000
vn -0.5000 -0.8660 -0.0000
vn -0.8660 -0.5000 -0.0000
vn -1.0000 -0.0000 -0.0000
vn -0.8660 0.5000 -0.0000
vn -0.0000 -0.0000 1.0000
vn -0.5000 0.8660 -0.0000
vn -0.0000 -0.0000 -1.0000
vn -0.2785 0.9604 0.0004
vn 0.2375 0.9714 -0.0003
vn 0.2390 0.9710 -0.0003
vn 0.6915 0.7224 -0.0009
vn 0.6923 0.7216 -0.0009
vn 0.9601 0.2795 -0.0013
vn 0.9603 0.2791 -0.0013
vn 0.9712 -0.2384 -0.0013
vn 0.9713 -0.2381 -0.0013
vn 0.7224 -0.6915 -0.0010
vn 0.7216 -0.6923 -0.0010
vn 0.2800 -0.9600 -0.0004
vn 0.2785 -0.9604 -0.0004
vn -0.2375 -0.9714 0.0003
vn -0.2390 -0.9710 0.0003
vn -0.6915 -0.7224 0.0009
vn -0.6923 -0.7216 0.0009
vn -0.9601 -0.2795 0.0013
vn -0.9603 -0.2791 0.0013
vn -0.9712 0.2384 0.0013
vn 0.0062 -0.0000 1.0000
vn -0.7224 0.6915 0.0010
vn -0.7216 0.6923 0.0010
vn -0.2800 0.9600 0.0004
vn -0.0062 -0.0000 -1.0000
vn 0.0002 1.0000 -0.0000
vn 0.4999 0.8661 0.0013
vn 0.5001 0.8659 0.0013
vn 0.8660 0.5001 0.0022
vn 0.8661 0.4999 0.0022
vn 1.0000 -0.0000 0.0026
vn 0.8661 -0.4999 0.0022
vn 0.8660 -0.5001 0.0022
vn 0.5001 -0.8659 0.0013
vn 0.4999 -0.8661 0.0013
vn 0.0002 -1.0000 -0.0000
vn -0.0002 -1.0000 -0.0000
vn -0.4999 -0.8661 -0.0013
vn -0.5001 -0.8659 -0.0013
vn -0.8660 -0.5001 -0.0022
vn -0.8661 -0.4999 -0.0022
vn -1.0000 -0.0000 -0.0026
vn -0.8661 0.4999 -0.0022
vn -0.8660 0.5001 -0.0022
vn -0.0015 -0.0000 1.0000
vn -0.5001 0.8659 -0.0013
vn -0.4999 0.8661 -0.0013
vn -0.0002 1.0000 -0.0000
vn 0.0015 -0.0000 -1.0000
vn 0.0001 1.0000 -0.0000
vn 0.4999 0.8661 0.0012
vn 0.5001 0.8660 0.0012
vn 0.8660 0.5001 0.0020
vn 0.8661 0.4999 0.0020
vn 1.0000 -0.0000 0.0023
vn 0.8661 -0.4999 0.0020
vn 0.8660 -0.5001 0.0020
vn 0.5001 -0.8660 0.0012
vn 0.4999 -0.8661 0.0012
vn 0.0001 -1.0000 -0.0000
vn -0.0001 -1.0000 -0.0000
vn -0.4999 -0.8661 -0.0012
vn -0.5001 -0.8660 -0.0012
vn -0.8660 -0.5001 -0.0020
vn -0.8661 -0.4999 -0.0020
vn -1.0000 -0.0000 -0.0023
vn -0.8661 0.4999 -0.0020
vn -0.8660 0.5001 -0.0020
vn -0.0016 -0.0000 1.0000
vn -0.5001 0.8660 -0.0012
vn -0.4999 0.8661 -0.0012
vn -0.0001 1.0000 -0.0000
vn 0.0016 -0.0000 -1.0000
vn 0.4998 0.8661 0.0014
vn 0.5002 0.8659 0.0014
vn 0.8660 0.5001 0.0024
vn 0.8661 0.4999 0.0024
vn 1.0000 -0.0000 0.0027
vn 0.8661 -0.4999 0.0024
vn 0.8660 -0.5001 0.0024
vn 0.5002 -0.8659 0.0014
vn 0.4998 -0.8661 0.0014
vn -0.4998 -0.8661 -0.0014
vn -0.5002 -0.8659 -0.0014
vn -0.8660 -0.5001 -0.0024
vn -0.8661 -0.4999 -0.0024
vn -1.0000 -0.0000 -0.0027
vn -0.8661 0.4999 -0.0024
vn -0.8660 0.5001 -0.0024
vn -0.0014 -0.0000 1.0000
vn -0.5002 0.8659 -0.0014
vn -0.4998 0.8661 -0.0014
vn 0.0014 -0.0000 -1.0000
vn 0.4999 0.8661 -0.0013
vn 0.5001 0.8660 -0.0013
vn 0.8660 0.5001 -0.0023
vn 0.8661 0.4999 -0.0023
vn 1.0000 -0.0000 -0.0026
vn 0.8661 -0.4999 -0.0023
vn 0.8660 -0.5001 -0.0023
vn 0.5001 -0.8660 -0.0013
vn 0.4999 -0.8661 -0.0013
vn -0.4999 -0.8661 0.0013
vn -0.5001 -0.8660 0.0013
vn -0.8660 -0.5001 0.0023
vn -0.8661 -0.4999 0.0023
vn -1.0000 -0.0000 0.0026
vn -0.8661 0.4999 0.0023
vn 0.0019 -0.0000 1.0000
vn 0.0018 -0.0000 1.0000
vn -0.8660 0.5001 0.0023
vn -0.5001 0.8660 0.0013
vn -0.4999 0.8661 0.0013
vn -0.0018 -0.0000 -1.0000
vn 0.0141 0.9998 0.0138
vn 0.4870 0.8710 0.0651
vn 0.5107 0.8594 0.0233
vn 0.8587 0.5031 0.0979
vn 0.8693 0.4936 0.0263
vn 0.9946 -0.0026 0.1039
vn 0.9997 0.0005 0.0232
vn 0.8698 -0.4932 0.0148
vn 0.8576 -0.5077 0.0818
vn 0.5105 -0.8599 0.0026
vn 0.4854 -0.8735 0.0373
vn 0.0128 -0.9999 -0.0109
vn -0.0174 -0.9997 -0.0179
vn -0.4912 -0.8708 -0.0224
vn -0.5106 -0.8571 -0.0683
vn -0.8631 -0.5042 -0.0279
vn -0.8648 -0.4919 -0.1006
vn -0.9997 0.0010 -0.0259
vn -0.8682 0.4888 -0.0852
vn -0.8628 0.5053 -0.0157
vn -0.5137 0.8570 -0.0412
vn -0.4900 0.8717 -0.0004
vn -0.0175 0.9997 0.0140
vn 0.0207 -0.0070 -0.9998
vn -0.0023 -0.0262 -0.9997
vn 0.0274 0.0103 -0.9996
vn 0.7056 0.7086 0.0038
vn 0.8671 0.4982 0.0035
vn 0.9654 -0.2609 0.0038
vn 1.0000 0.0021 0.0035
vn 0.4997 0.8662 -0.0041
vn -0.0000 1.0000 -0.0047
vn 0.8657 0.5006 -0.0024
vn 1.0000 0.0008 -0.0000
vn 0.8664 -0.4994 0.0023
vn 0.5003 -0.8658 0.0041
vn -0.0000 -1.0000 0.0047
vn -0.5003 -0.8658 0.0041
vn -0.8664 -0.4994 0.0023
vn -1.0000 0.0008 -0.0000
vn -0.8657 0.5006 -0.0024
vn -0.4997 0.8662 -0.0041
vn 0.4986 0.8667 -0.0158
vn -0.0001 0.9998 -0.0183
vn 0.8647 0.5022 -0.0092
vn 1.0000 0.0029 -0.0004
vn 0.8673 -0.4977 0.0087
vn 0.5013 -0.8651 0.0157
vn 0.0001 -0.9998 0.0184
vn -0.5013 -0.8651 0.0160
vn -0.8673 -0.4976 0.0090
vn -1.0000 0.0031 -0.0004
vn -0.8647 0.5022 -0.0096
vn -0.4987 0.8666 -0.0162
vn -0.4991 0.8665 0.0126
vn -0.5052 0.8628 0.0165
vn -0.0001 0.9999 0.0141
vn -0.5006 0.8656 0.0018
vn -0.0035 0.9998 0.0188
vn -0.0026 0.9998 -0.0210
vn -0.0000 1.0000 0.0022
vn -0.5037 0.8637 -0.0185
vn -0.8650 0.5017 0.0077
vn -0.8685 0.4956 0.0097
vn -0.8666 0.4989 0.0009
vn -0.8680 0.4964 -0.0109
vn -1.0000 0.0024 0.0006
vn -1.0000 -0.0013 -0.0003
vn -1.0000 -0.0019 -0.0000
vn -1.0000 -0.0028 0.0001
vn -0.8671 -0.4981 -0.0067
vn -0.8660 -0.4999 -0.0099
vn -0.8650 -0.5017 0.0110
vn -0.8655 -0.5009 -0.0013
vn -0.5010 -0.8653 -0.0121
vn -0.4991 -0.8664 -0.0168
vn -0.4980 -0.8670 0.0186
vn -0.4995 -0.8663 -0.0019
vn -0.0000 -0.9999 -0.0141
vn 0.0035 -0.9998 -0.0188
vn 0.0025 -0.9998 0.0209
vn 0.0001 -1.0000 -0.0022
vn 0.5011 -0.8653 -0.0119
vn 0.5038 -0.8637 -0.0158
vn 0.5014 -0.8650 0.0176
vn 0.4996 -0.8663 -0.0021
vn 0.8670 -0.4982 -0.0065
vn 0.8672 -0.4979 -0.0090
vn 0.8658 -0.5002 0.0101
vn 0.8655 -0.5009 -0.0014
vn 1.0000 0.0022 0.0006
vn 1.0000 -0.0011 -0.0000
vn 1.0000 -0.0023 0.0001
vn 1.0000 -0.0013 -0.0003
vn 0.8651 0.5016 0.0072
vn 0.8674 0.4976 0.0091
vn 0.8666 0.4989 0.0009
vn 0.8672 0.4978 -0.0101
vn 0.4990 0.8665 0.0121
vn 0.5005 0.8656 0.0161
vn 0.5007 0.8656 0.0018
vn 0.5003 0.8657 -0.0178
vn -0.4997 0.8662 0.0041
vn -0.0000 1.0000 0.0056
vn -0.0000 1.0000 0.0047
vn -0.5003 0.8659 0.0049
vn -0.5003 0.8659 -0.0049
vn -0.5001 0.8659 -0.0000
vn -0.0000 1.0000 -0.0056
vn -0.8657 0.5006 0.0024
vn -0.8663 0.4995 0.0028
vn -0.8663 0.4995 -0.0028
vn -0.8662 0.4998 -0.0000
vn -1.0000 -0.0006 -0.0000
vn -1.0000 -0.0003 -0.0000
vn -0.8664 -0.4994 -0.0023
vn -0.8658 -0.5005 -0.0028
vn -0.8658 -0.5005 0.0028
vn -0.8659 -0.5002 -0.0000
vn -0.5003 -0.8658 -0.0041
vn -0.4997 -0.8662 -0.0049
vn -0.4997 -0.8662 0.0049
vn -0.4999 -0.8661 -0.0000
vn -0.0000 -1.0000 -0.0047
vn -0.0000 -1.0000 -0.0056
vn -0.0000 -1.0000 0.0056
vn 0.5003 -0.8658 -0.0041
vn 0.4997 -0.8662 -0.0049
vn 0.4999 -0.8661 -0.0000
vn 0.4997 -0.8662 0.0049
vn 0.8664 -0.4994 -0.0023
vn 0.8658 -0.5005 -0.0028
vn 0.8659 -0.5002 -0.0000
vn 0.8658 -0.5005 0.0028
vn 1.0000 -0.0006 -0.0000
vn 1.0000 -0.0003 -0.0000
vn 0.8657 0.5006 0.0024
vn 0.8663 0.4995 0.0028
vn 0.8662 0.4998 -0.0000
vn 0.8663 0.4995 -0.0028
vn 0.4997 0.8662 0.0041
vn 0.5003 0.8659 0.0049
vn 0.5001 0.8659 -0.0000
vn 0.5003 0.8659 -0.0049
vn -0.4952 0.8687 -0.0148
vn 0.0009 1.0000 0.0013
vn -0.7131 0.7005 -0.0291
vn -0.0099 0.9999 -0.0092
vn 0.0047 1.0000 -0.0040
vn -0.5076 0.8615 -0.0077
vn -0.5242 0.8510 0.0320
vn -0.8690 0.4935 -0.0363
vn -0.8725 0.4864 0.0464
vn -0.8686 0.4954 -0.0042
vn -0.9991 0.0063 -0.0414
vn -1.0000 -0.0000 0.0003
vn -0.9554 -0.2937 -0.0302
vn -0.8685 -0.4957 0.0042
vn -0.8643 -0.5024 -0.0223
vn -0.8583 -0.5109 0.0483
vn -0.4962 -0.8682 -0.0102
vn -0.5071 -0.8619 0.0070
vn -0.4954 -0.8682 0.0275
vn 0.0047 -1.0000 0.0045
vn -0.0089 -0.9999 0.0081
vn 0.5031 -0.8640 0.0181
vn 0.4936 -0.8697 0.0072
vn 0.4954 -0.8682 -0.0275
vn 0.8666 -0.4983 0.0268
vn 0.8639 -0.5036 0.0042
vn 0.8627 -0.5034 -0.0485
vn 0.9996 -0.0007 0.0285
vn 1.0000 -0.0000 -0.0001
vn 0.9984 0.0015 -0.0569
vn 0.8673 0.4973 0.0227
vn 0.8638 0.5038 -0.0048
vn 0.8612 0.5058 -0.0495
vn 0.5038 0.8638 0.0108
vn 0.4930 0.8700 -0.0082
vn 0.4938 0.8691 -0.0285
vn -0.8077 0.5896 -0.0000
vn -0.9941 0.1089 0.0002
vn -0.8066 0.5911 0.0064
vn 0.8853 0.4650 -0.0086
vn 0.9999 -0.0085 -0.0094
vn 0.8853 0.4650 -0.0085
vn 0.8849 -0.4657 -0.0084
vn 0.8843 -0.4669 -0.0083
vn 0.5335 -0.8458 -0.0050
vn 0.5311 -0.8473 -0.0050
vn -0.0120 -0.9999 0.0001
vn -0.0155 -0.9999 0.0001
vn -0.5518 -0.8339 0.0052
vn -0.5541 -0.8324 0.0052
vn -0.8931 -0.4497 0.0084
vn -0.8937 -0.4485 0.0084
vn -0.9999 0.0085 0.0094
vn -0.9999 0.0084 0.0094
vn -0.8773 0.4799 0.0085
vn -0.4046 0.9145 -0.0000
vn -0.4036 0.9148 0.0109
vn 0.1068 0.9943 -0.0000
vn 0.1069 0.9942 0.0127
vn 0.0130 0.9660 -0.2584
vn 0.0147 0.9660 0.2581
vn 0.0145 0.9660 0.2581
vn 0.2556 0.0368 0.9661
vn -0.9943 0.1068 -0.0000
vn -0.9152 -0.4029 -0.0061
vn -0.5897 -0.8077 -0.0000
vn -0.5905 -0.8070 -0.0109
vn -0.1068 -0.9942 -0.0127
vn -0.1068 -0.9943 -0.0000
vn 0.4056 -0.9140 -0.0111
vn 0.4046 -0.9145 -0.0000
vn 0.8087 -0.5881 -0.0063
vn 0.8077 -0.5897 -0.0000
vn 0.9945 -0.1047 0.0002
vn 0.9943 -0.1068 -0.0000
vn 0.9137 0.4063 0.0066
vn 0.9145 0.4046 -0.0000
vn 0.5888 0.8082 0.0112
vn 0.5896 0.8077 -0.0000
vn 0.5891 0.8080 -0.0087
vn 0.5897 0.8077 -0.0000
vn 0.5944 0.8041 -0.0115
vn 0.1069 0.9942 -0.0098
vn 0.5901 0.8074 -0.0013
vn 0.1104 0.9938 -0.0130
vn 0.1094 0.9939 0.0145
vn 0.1068 0.9943 -0.0015
vn 0.5929 0.8052 0.0129
vn 0.9139 0.4059 -0.0053
vn 0.9164 0.4003 -0.0068
vn 0.9148 0.4039 -0.0006
vn 0.9159 0.4014 0.0076
vn 0.9945 -0.1052 -0.0004
vn 0.9941 -0.1082 -0.0000
vn 0.9942 -0.1077 0.0002
vn 0.9941 -0.1088 -0.0000
vn 0.8085 -0.5885 0.0046
vn 0.8080 -0.5892 0.0069
vn 0.8069 -0.5907 -0.0077
vn 0.8073 -0.5902 0.0009
vn 0.4054 -0.9141 0.0084
vn 0.4039 -0.9147 0.0117
vn 0.4029 -0.9151 -0.0130
vn 0.4043 -0.9146 0.0013
vn -0.1068 -0.9942 0.0097
vn -0.1103 -0.9938 0.0130
vn -0.1093 -0.9939 -0.0145
vn -0.1069 -0.9943 0.0015
vn -0.5903 -0.8071 0.0083
vn -0.5934 -0.8048 0.0108
vn -0.5913 -0.8063 -0.0121
vn -0.5894 -0.8079 0.0014
vn -0.9150 -0.4033 0.0045
vn -0.9145 -0.4046 -0.0000
vn -0.9156 -0.4021 0.0061
vn -0.9146 -0.4043 -0.0069
vn -0.9142 -0.4053 0.0010
vn -0.9941 0.1084 -0.0004
vn -0.9944 0.1061 -0.0000
vn -0.9944 0.1053 -0.0000
vn -0.9944 0.1059 0.0002
vn -0.8069 0.5907 -0.0050
vn -0.8077 0.5897 -0.0000
vn -0.8091 0.5877 -0.0063
vn -0.8082 0.5890 -0.0006
vn -0.8087 0.5881 0.0069
vn -0.4039 0.9148 -0.0084
vn -0.4050 0.9142 -0.0111
vn -0.4051 0.9143 -0.0013
vn -0.4047 0.9144 0.0123
vn 0.4993 0.8664 -0.0086
vn -0.0000 1.0000 -0.0099
vn 0.8653 0.5012 -0.0050
vn 1.0000 0.0016 -0.0000
vn 0.8667 -0.4988 0.0049
vn 0.5007 -0.8656 0.0086
vn -0.0000 -1.0000 0.0099
vn -0.5007 -0.8656 0.0086
vn -0.8667 -0.4988 0.0049
vn -1.0000 0.0016 -0.0000
vn -0.8653 0.5012 -0.0050
vn -0.4993 0.8664 -0.0086
vn -0.0083 -0.0007 -1.0000
vn -0.0000 0.0182 -0.9998
vn -0.1863 0.9819 -0.0336
vn -0.0020 1.0000 -0.0005
vn 0.3186 0.9476 -0.0244
vn -0.4957 0.8685 0.0014
vn -0.0000 0.9999 0.0119
vn -0.5005 0.8657 0.0103
vn -0.0210 0.9998 -0.0000
vn -0.5005 0.8657 -0.0103
vn -0.5003 0.8659 -0.0000
vn -0.0000 0.9999 -0.0119
vn -0.7634 0.6457 -0.0174
vn -0.8653 0.5012 0.0050
vn -0.8666 0.4990 0.0059
vn -0.8666 0.4990 -0.0059
vn -0.8663 0.4995 -0.0000
vn -1.0000 -0.0013 -0.0000
vn -1.0000 -0.0007 -0.0000
vn -0.8667 -0.4988 -0.0049
vn -0.8654 -0.5010 -0.0060
vn -0.8654 -0.5010 0.0060
vn -0.8657 -0.5005 -0.0000
vn -0.5007 -0.8656 -0.0086
vn -0.4994 -0.8663 -0.0103
vn -0.4994 -0.8663 0.0103
vn -0.4997 -0.8662 -0.0000
vn -0.0000 -1.0000 -0.0099
vn -0.0000 -0.9999 -0.0119
vn -0.0000 -0.9999 0.0119
vn 0.5007 -0.8656 -0.0086
vn 0.4994 -0.8663 -0.0103
vn 0.5079 -0.8614 0.0004
vn 0.4994 -0.8663 0.0103
vn 0.8667 -0.4988 -0.0049
vn 0.9218 -0.3877 0.0011
vn 0.9163 -0.4004 -0.0075
vn 0.8655 -0.5009 0.0058
vn 1.0000 0.0016 0.0007
vn 0.9233 0.3840 0.0091
vn 1.0000 -0.0016 -0.0001
vn 0.8653 0.5012 0.0050
vn 0.8213 0.5704 -0.0077
vn 0.8667 0.4988 -0.0049
vn 0.4974 0.8675 0.0049
vn 0.5002 0.8659 0.0095
vn 0.5002 0.8659 -0.0095
vn 0.0016 1.0000 -0.0000
vn 0.4988 0.8667 -0.0056
vn -0.0016 1.0000 -0.0000
vn 0.5012 0.8653 -0.0056
vn 0.8656 0.5007 -0.0097
vn 0.8664 0.4993 -0.0097
vn 0.9999 -0.0000 -0.0112
vn 0.8664 -0.4993 -0.0097
vn 0.8656 -0.5007 -0.0097
vn 0.5012 -0.8653 -0.0056
vn 0.4988 -0.8667 -0.0056
vn 0.0016 -1.0000 -0.0000
vn -0.0016 -1.0000 -0.0000
vn -0.4988 -0.8667 0.0056
vn -0.5012 -0.8653 0.0056
vn -0.8656 -0.5007 0.0097
vn -0.8664 -0.4993 0.0097
vn -0.9999 -0.0000 0.0112
vn -0.8664 0.4993 0.0097
vn 0.0016 -0.0000 1.0000
vn -0.8656 0.5007 0.0097
vn -0.5012 0.8653 0.0056
vn -0.4988 0.8667 0.0056
vn -0.0016 -0.0000 -1.0000
vn 0.4999 0.8661 -0.0011
vn 0.5001 0.8660 -0.0011
vn 0.8660 0.5000 -0.0019
vn 1.0000 -0.0000 -0.0022
vn 0.8660 -0.5000 -0.0019
vn 0.5001 -0.8660 -0.0011
vn 0.4999 -0.8661 -0.0011
vn -0.4999 -0.8661 0.0011
vn -0.5001 -0.8660 0.0011
vn -0.8660 -0.5000 0.0019
vn -1.0000 -0.0000 0.0022
vn -0.8660 0.5000 0.0019
vn -0.5001 0.8660 0.0011
vn -0.4999 0.8661 0.0011
vn 0.0006 1.0000 -0.0020
vn 0.4962 0.8682 -0.0041
vn 0.0790 0.9969 -0.0014
vn 0.5001 0.8660 -0.0041
vn 0.7916 0.6110 -0.0051
vn 0.8656 0.5007 -0.0036
vn 0.9943 0.1065 -0.0040
vn 0.8661 -0.4999 -0.0022
vn 0.8660 -0.5001 -0.0022
vn -0.8660 -0.5001 0.0022
vn -0.8661 -0.4999 0.0022
vn -0.8661 0.4999 0.0022
vn -0.8660 0.5001 0.0022
vn -0.4497 0.8932 0.0012
vn -0.4996 0.8663 0.0007
vn -0.0019 -0.0001 -1.0000
vn 0.4999 0.8661 -0.0014
vn 0.5001 0.8660 -0.0014
vn 0.8660 0.5001 -0.0024
vn 0.8661 0.4999 -0.0024
vn 1.0000 -0.0000 -0.0027
vn 0.8661 -0.4999 -0.0024
vn 0.8660 -0.5001 -0.0024
vn 0.5001 -0.8660 -0.0014
vn 0.4999 -0.8661 -0.0014
vn -0.4999 -0.8661 0.0014
vn -0.5001 -0.8660 0.0014
vn -0.8660 -0.5001 0.0024
vn -0.8661 -0.4999 0.0024
vn -1.0000 -0.0000 0.0027
vn -0.8661 0.4999 0.0024
vn -0.8660 0.5001 0.0024
vn -0.5001 0.8660 0.0014
vn -0.4999 0.8661 0.0014
vn -0.9940 0.1092 0.0003
vn -0.8064 0.5913 0.0075
vn -0.4035 0.9149 0.0128
vn 0.1069 0.9942 0.0149
vn -0.9153 -0.4026 -0.0071
vn -0.5906 -0.8068 -0.0128
vn -0.1069 -0.9942 -0.0150
vn 0.4057 -0.9139 -0.0130
vn 0.8089 -0.5879 -0.0074
vn 0.9945 -0.1043 0.0003
vn 0.9136 0.4066 0.0078
vn 0.5887 0.8083 0.0131
vn 0.5889 0.8081 -0.0102
vn 0.5945 0.8040 -0.0135
vn 0.1069 0.9942 -0.0115
vn 0.5901 0.8073 -0.0015
vn 0.1103 0.9938 -0.0153
vn 0.1094 0.9939 0.0171
vn 0.1068 0.9943 -0.0018
vn 0.5930 0.8051 0.0151
vn 0.9138 0.4061 -0.0063
vn 0.9164 0.4002 -0.0079
vn 0.9149 0.4037 -0.0007
vn 0.9160 0.4012 0.0089
vn 0.9945 -0.1049 -0.0005
vn 0.9941 -0.1084 -0.0000
vn 0.9942 -0.1078 0.0002
vn 0.9940 -0.1091 -0.0000
vn 0.8087 -0.5882 0.0054
vn 0.8078 -0.5893 0.0081
vn 0.8067 -0.5909 -0.0090
vn 0.8072 -0.5903 0.0010
vn 0.4055 -0.9140 0.0099
vn 0.4038 -0.9147 0.0137
vn 0.4028 -0.9152 -0.0152
vn 0.4042 -0.9147 0.0016
vn -0.1069 -0.9942 0.0114
vn -0.1103 -0.9938 0.0153
vn -0.1093 -0.9939 -0.0170
vn -0.1069 -0.9943 0.0018
vn -0.5905 -0.8070 0.0097
vn -0.5933 -0.8049 0.0128
vn -0.5912 -0.8064 -0.0143
vn -0.5893 -0.8079 0.0017
vn -0.9151 -0.4031 0.0053
vn -0.9155 -0.4022 0.0072
vn -0.9145 -0.4045 -0.0081
vn -0.9141 -0.4054 0.0011
vn -0.9941 0.1086 -0.0004
vn -0.9944 0.1060 -0.0000
vn -0.9945 0.1050 -0.0000
vn -0.9944 0.1058 0.0003
vn -0.8067 0.5909 -0.0059
vn -0.8091 0.5876 -0.0074
vn -0.8082 0.5888 -0.0007
vn -0.8089 0.5879 0.0082
vn -0.4038 0.9148 -0.0099
vn -0.4051 0.9142 -0.0130
vn -0.4052 0.9142 -0.0015
vn -0.4048 0.9143 0.0144
vn 0.1087 0.9941 0.0002
vn 0.5909 0.8067 0.0058
vn 0.9148 0.4037 0.0099
vn 0.9942 -0.1069 0.0115
vn -0.4031 0.9151 -0.0055
vn -0.8070 0.5904 -0.0098
vn -0.9942 0.1069 -0.0115
vn -0.9140 -0.4055 -0.0100
vn -0.5883 -0.8086 -0.0057
vn -0.1049 -0.9945 0.0002
vn 0.4061 -0.9138 0.0060
vn 0.8081 -0.5889 0.0101
vn 0.8077 -0.5896 -0.0000
vn 0.8080 -0.5891 -0.0079
vn 0.8041 -0.5944 -0.0104
vn 0.9942 -0.1069 -0.0088
vn 0.8074 -0.5900 -0.0011
vn 0.9938 -0.1104 -0.0118
vn 0.9939 -0.1094 0.0131
vn 0.9943 -0.1068 -0.0014
vn 0.8052 -0.5928 0.0117
vn 0.4057 -0.9140 -0.0048
vn 0.4004 -0.9163 -0.0062
vn 0.4039 -0.9148 -0.0005
vn 0.4015 -0.9158 0.0069
vn -0.1081 -0.9941 -0.0000
vn -0.1053 -0.9944 -0.0004
vn -0.1076 -0.9942 0.0002
vn -0.1086 -0.9941 -0.0000
vn -0.5886 -0.8084 0.0042
vn -0.5891 -0.8080 0.0063
vn -0.5906 -0.8070 -0.0070
vn -0.5902 -0.8073 0.0008
vn -0.9141 -0.4053 0.0076
vn -0.9147 -0.4040 0.0106
vn -0.9151 -0.4030 -0.0118
vn -0.9146 -0.4043 0.0012
vn -0.9942 0.1068 0.0088
vn -0.9938 0.1103 0.0118
vn -0.9939 0.1093 -0.0131
vn -0.9943 0.1069 0.0014
vn -0.8072 0.5903 0.0075
vn -0.8048 0.5935 0.0098
vn -0.8063 0.5914 -0.0109
vn -0.8078 0.5894 0.0013
vn -0.4034 0.9150 0.0041
vn -0.4020 0.9156 0.0055
vn -0.4042 0.9147 -0.0062
vn -0.4052 0.9142 0.0009
vn 0.1082 0.9941 -0.0003
vn 0.1062 0.9943 -0.0000
vn 0.1055 0.9944 -0.0000
vn 0.1060 0.9944 0.0002
vn 0.5906 0.8070 -0.0045
vn 0.5877 0.8090 -0.0056
vn 0.5890 0.8081 -0.0005
vn 0.5882 0.8087 0.0062
vn 0.9147 0.4040 -0.0076
vn 0.9143 0.4050 -0.0100
vn 0.9143 0.4051 -0.0011
vn 0.9144 0.4046 0.0111
vn -0.5907 -0.8068 -0.0128
vn -0.5896 -0.8077 -0.0000
vn 0.8730 -0.4877 0.0037
vn 0.5282 -0.8491 0.0106
vn 0.5106 -0.8597 0.0120
vn 0.0304 -0.9987 0.0421
vn 0.0137 -0.9998 0.0166
vn -0.4765 -0.8770 0.0621
vn -0.4844 -0.8747 0.0170
vn -0.8543 -0.5195 0.0133
vn -0.8539 -0.5163 0.0655
vn -0.9996 -0.0269 0.0064
vn -0.9986 -0.0149 0.0513
vn -0.8802 0.4745 -0.0025
vn -0.8715 0.4899 0.0227
vn -0.5254 0.8508 -0.0113
vn -0.5093 0.8605 -0.0126
vn -0.0287 0.9994 -0.0175
vn -0.0133 0.9989 -0.0446
vn 0.4759 0.8793 -0.0173
vn 0.8518 0.5194 -0.0677
vn 0.8549 0.5186 -0.0129
vn 0.9982 0.0292 -0.0528
vn 0.9998 0.0184 -0.0062
vn 0.8815 -0.4715 -0.0242
vn 0.9997 0.0173 -0.0191
vn 0.8796 -0.4752 -0.0208
vn 0.9996 0.0292 0.0013
vn 0.8786 -0.4774 -0.0052
vn 0.8738 -0.4857 -0.0241
vn 0.9997 0.0225 -0.0110
vn 0.8734 -0.4864 0.0224
vn 0.9992 0.0206 0.0352
vn 0.8560 0.5169 -0.0087
vn 0.8514 0.5240 0.0229
vn 0.7457 0.6659 0.0220
vn 0.8563 0.5161 -0.0197
vn 0.4804 0.8770 0.0040
vn 0.4775 0.8778 0.0384
vn 0.4797 0.8773 -0.0152
vn -0.0252 0.9996 0.0156
vn -0.0218 0.9988 0.0437
vn -0.0163 0.9999 -0.0045
vn 0.0258 0.9996 0.0080
vn -0.5154 0.8561 0.0374
vn -0.5141 0.8577 -0.0000
vn -0.5232 0.8519 0.0229
vn -0.5127 0.8585 -0.0097
vn -0.8736 0.4862 0.0213
vn -0.8751 0.4840 0.0047
vn -0.8793 0.4757 0.0240
vn -0.8722 0.4885 -0.0231
vn -0.9999 -0.0148 -0.0006
vn -0.9997 -0.0215 0.0084
vn -0.9995 -0.0267 0.0188
vn -0.9994 -0.0153 -0.0301
vn -0.8578 -0.5135 -0.0225
vn -0.8537 -0.5207 0.0099
vn -0.8535 -0.5209 0.0088
vn -0.8557 -0.5167 -0.0289
vn -0.4836 -0.8745 -0.0382
vn -0.4813 -0.8766 -0.0036
vn -0.4804 -0.8768 -0.0203
vn -0.4775 -0.8786 0.0086
vn 0.0221 -0.9988 -0.0437
vn 0.0187 -0.9997 -0.0150
vn 0.0264 -0.9996 0.0047
vn 0.0213 -0.9998 -0.0065
vn 0.5143 -0.8573 -0.0226
vn 0.5218 -0.8523 -0.0373
vn 0.5227 -0.8525 -0.0004
vn 0.5154 -0.8569 0.0089
vn -0.4999 0.8661 0.0012
vn -0.5001 0.8660 0.0012
vn -0.8660 0.5000 0.0021
vn -0.8661 0.5000 0.0021
vn -1.0000 -0.0000 0.0025
vn -0.8661 -0.5000 0.0021
vn -0.5001 -0.8660 0.0012
vn -0.8660 -0.5000 0.0021
vn -0.4999 -0.8661 0.0012
vn 0.4999 -0.8661 -0.0012
vn 0.8660 -0.5000 -0.0021
vn 0.5001 -0.8660 -0.0012
vn 1.0000 -0.0000 -0.0025
vn 0.8661 -0.5000 -0.0021
vn 0.8661 0.5000 -0.0021
vn 0.8660 0.5000 -0.0021
vn 0.5001 0.8660 -0.0012
vn 0.4999 0.8661 -0.0012
vn 0.0011 -0.0000 -1.0000
vn -0.5000 0.8660 -0.0005
vn -0.8660 0.5000 -0.0009
vn -0.0011 -0.0000 1.0000
vn -1.0000 -0.0000 -0.0010
vn -0.8660 -0.5000 -0.0009
vn -0.5000 -0.8660 -0.0005
vn 0.5000 -0.8660 0.0005
vn 0.8660 -0.5000 0.0009
vn 1.0000 -0.0000 0.0010
vn 0.8660 0.5000 0.0009
vn 0.5000 0.8660 0.0005
vn 0.0007 -0.0000 -1.0000
vn -0.5000 0.8660 -0.0003
vn -0.4862 0.8738 0.0017
vn 0.0020 1.0000 0.0032
vn -0.8660 0.5000 -0.0005
vn 0.6649 -0.0000 0.7470
vn -1.0000 -0.0000 -0.0005
vn -0.9032 0.4292 -0.0004
vn -0.9032 -0.4292 -0.0004
vn -0.8660 -0.5000 -0.0005
vn -0.6003 -0.7998 -0.0003
vn -0.5000 -0.8660 -0.0003
vn -0.1222 -0.9925 -0.0001
vn 0.4133 -0.9106 0.0004
vn 0.5001 -0.8660 0.0006
vn 0.8381 -0.5456 0.0009
vn 0.8661 -0.5000 0.0010
vn 1.0000 -0.0000 0.0012
vn 0.8661 0.5000 0.0010
vn 0.4984 0.8669 0.0037
vn 0.6029 0.7978 0.0049
vn -0.4982 0.8669 -0.0168
vn 0.1602 0.9871 0.0001
vn -0.4917 0.8708 -0.0004
vn -0.8648 0.5021 -0.0100
vn -0.8925 0.4510 -0.0007
vn -0.0007 -0.0000 1.0000
vn -1.0000 0.0038 -0.0000
vn -0.9994 -0.0332 -0.0008
vn -0.8679 -0.4967 0.0125
vn -0.8641 -0.5033 -0.0007
vn -0.5018 -0.8647 0.0226
vn -0.4981 -0.8671 -0.0004
vn -0.0000 -0.9996 0.0266
vn 0.4981 -0.8671 0.0004
vn 0.8641 -0.5033 0.0007
vn 0.5017 -0.8647 0.0234
vn 1.0000 -0.0044 0.0008
vn 0.8678 -0.4967 0.0139
vn 0.8679 0.4967 0.0007
vn 1.0000 0.0044 0.0007
vn 0.6074 0.7944 0.0005
vn 0.8641 0.5032 -0.0127
vn 0.4999 0.8659 -0.0192
vn -0.0006 1.0000 -0.0009
vn 0.0108 0.0186 0.9998
vn 0.9348 0.3552 -0.0000
vn 0.8666 0.4989 -0.0020
vn 0.5966 0.8025 -0.0000
vn 0.4994 0.8663 -0.0029
vn -0.0056 -0.0000 -1.0000
vn -0.0055 0.0002 -1.0000
vn -0.0058 -0.0000 -1.0000
vn -0.5001 0.8659 0.0029
vn -0.0164 0.9999 -0.0001
vn -0.5220 0.8529 0.0030
vn -0.8645 0.5027 0.0049
vn 0.0055 -0.0000 1.0000
vn -1.0000 0.0001 0.0055
vn -0.9977 0.0675 0.0064
vn -0.8662 -0.4997 0.0055
vn -0.8925 -0.4511 0.0064
vn -0.5002 -0.8659 0.0036
vn -0.0003 -1.0000 -0.0000
vn -0.4998 -0.8661 0.0036
vn 0.4998 -0.8661 -0.0036
vn 0.0003 -1.0000 -0.0000
vn 0.8659 -0.5001 -0.0062
vn 0.5002 -0.8659 -0.0036
vn 1.0000 -0.0000 -0.0072
vn 0.8661 -0.4999 -0.0062
vn 0.8661 0.4999 -0.0062
vn 0.8659 0.5001 -0.0062
vn 0.5002 0.8659 -0.0036
vn 0.4998 0.8661 -0.0036
vn 0.0003 1.0000 -0.0000
vn -0.8660 0.5000 -0.0008
vn -1.0000 -0.0000 -0.0009
vn -0.8660 -0.5000 -0.0008
vn 0.8660 -0.5000 0.0008
vn 1.0000 -0.0000 0.0009
vn 0.8660 0.5000 0.0008
vn -0.4985 0.8667 -0.0178
vn -0.0000 1.0000 0.0049
vn -0.5018 0.8650 0.0042
vn -0.8645 0.5025 -0.0103
vn -0.8678 0.4968 0.0024
vn -1.0000 0.0034 -0.0001
vn -1.0000 -0.0042 -0.0000
vn -0.8674 -0.4974 0.0102
vn -0.8642 -0.5031 -0.0025
vn -0.5014 -0.8650 0.0178
vn -0.4982 -0.8671 -0.0042
vn -0.0000 -0.9998 0.0205
vn -0.0000 -1.0000 -0.0049
vn 0.4982 -0.8671 -0.0042
vn 0.8642 -0.5031 -0.0025
vn 0.5014 -0.8650 0.0178
vn 1.0000 -0.0042 -0.0000
vn 0.8674 -0.4974 0.0102
vn 0.8678 0.4968 0.0024
vn 1.0000 0.0034 -0.0001
vn 0.5018 0.8650 0.0042
vn 0.8645 0.5025 -0.0103
vn 0.4985 0.8667 -0.0178
vn -0.1294 -0.9916 0.0019
vn -0.7941 -0.6078 0.0019
vn -0.0008 1.0000 0.0052
vn -0.0002 1.0000 0.0047
vn 0.4990 0.8666 0.0020
vn 0.7411 0.6714 0.0028
vn -0.0000 -0.0204 0.9998
vn -0.7406 0.6719 0.0021
vn -0.4983 0.8670 0.0032
vn 0.4999 0.8659 0.0200
vn -0.0000 0.9998 0.0196
vn 0.8640 0.5032 0.0141
vn 1.0000 0.0044 0.0009
vn 0.8679 -0.4967 -0.0125
vn 0.5018 -0.8647 -0.0226
vn -0.0000 -0.9996 -0.0266
vn -0.5017 -0.8647 -0.0234
vn -0.8678 -0.4967 -0.0139
vn -1.0000 0.0038 -0.0016
vn -0.8648 0.5021 0.0085
vn -0.4982 0.8669 0.0160
vn 0.4977 0.8670 0.0263
vn -0.0000 0.9995 0.0303
vn 0.8638 0.5037 0.0153
vn 1.0000 0.0050 0.0002
vn 0.8681 -0.4962 -0.0151
vn 0.5020 -0.8645 -0.0262
vn -0.0000 -0.9995 -0.0303
vn -0.5020 -0.8645 -0.0262
vn -0.8681 -0.4962 -0.0151
vn -1.0000 0.0050 0.0002
vn -0.8638 0.5037 0.0153
vn -0.4977 0.8670 0.0263
vn -0.9713 0.2381 0.0013
vn -0.0061 -0.0000 -1.0000
vn -0.0013 -0.0000 1.0000
vn 0.0013 -0.0000 -1.0000
vn -0.0019 -0.0000 -1.0000
vn -0.9943 -0.0025 -0.1067
vn 0.0570 0.2126 -0.9755
vn 0.0534 0.0497 -0.9973
vn -0.0388 -0.0388 -0.9985
vn 0.9999 -0.0084 -0.0094
vn -0.2548 0.0422 -0.9661
vn 0.2556 0.0369 -0.9661
vn -0.2548 0.0422 0.9661
vn -0.0070 0.0800 -0.9968
vn -0.0662 -0.1080 -0.9919
vn -0.0021 -0.0006 -1.0000
vn -0.0021 -0.0005 -1.0000
vn -0.0022 -0.0005 -1.0000
vn 0.4832 0.8731 -0.0647
vn -0.0010 -0.0000 1.0000
vn 0.6649 -0.0000 0.7469
vn 0.6649 -0.0001 0.7470
vn -1.0000 -0.0000 -0.0004
vn -0.0000 0.9998 -0.0196
vn -0.0488 0.9988 -0.0000
vn 0.0543 0.0941 0.9941
vn 0.0071 0.0124 0.9999
vn -0.0058 -0.0012 -1.0000
vn -0.0058 -0.0003 -1.0000
vn -0.0055 -0.0000 -1.0000
vn -0.0048 0.0007 -1.0000
vn -0.0057 0.0003 -1.0000
vn -0.0061 0.0003 -1.0000
vn -0.8660 0.5000 0.0046
vn -0.0000 0.9998 -0.0205
vn -0.0000 -0.1202 0.9928
vn -0.0000 -0.0203 0.9998
vt 1.000000 1.000000
vt 0.916667 0.500000
vt 1.000000 0.500000
vt 0.916667 1.000000
vt 0.833333 0.500000
vt 0.833333 1.000000
vt 0.750000 0.500000
vt 0.750000 1.000000
vt 0.666667 0.500000
vt 0.666667 1.000000
vt 0.583333 0.500000
vt 0.583333 1.000000
vt 0.500000 0.500000
vt 0.500000 1.000000
vt 0.416667 0.500000
vt 0.416667 1.000000
vt 0.333333 0.500000
vt 0.333333 1.000000
vt 0.250000 0.500000
vt 0.250000 1.000000
vt 0.166667 0.500000
vt 0.042154 0.370000
vt 0.250000 0.010000
vt 0.457846 0.370000
vt 0.166667 1.000000
vt 0.083333 0.500000
vt 0.083333 1.000000
vt 0.000000 0.500000
vt 0.990000 0.250000
vt 0.630000 0.042154
vt 0.630000 0.457846
vt 0.916667 0.500000
vt 0.833333 0.500000
vt 0.750000 1.000000
vt 0.750000 0.500000
vt 0.583333 0.500000
vt 0.583333 1.000000
vt 0.416667 0.500000
vt 0.416667 1.000000
vt 0.083333 1.000000
vt 0.083333 0.500000
vt 0.000000 1.000000
vt 0.630000 0.042154
vt 0.916667 0.500000
vt 0.833333 1.000000
vt 0.833333 0.500000
vt 0.750000 1.000000
vt 0.750000 0.500000
vt 0.583333 1.000000
vt 0.416667 0.500000
vt 0.416667 1.000000
vt 0.250000 0.500000
vt 0.250000 0.010000
vt 0.083333 0.500000
vt 0.990000 0.250000
vt 0.916667 1.000000
vt 0.583333 0.500000
vt 0.583333 1.000000
vt 0.500000 1.000000
vt 0.416667 1.000000
vt 0.166667 1.000000
vt 0.457846 0.370000
vt 0.083333 1.000000
vt 0.083333 0.500000
vt 0.916667 0.500000
vt 0.416667 1.000000
vt 0.000000 1.000000
vt 0.916667 1.000000
vt 0.833333 1.000000
vt 0.750000 0.500000
vt 0.416667 0.500000
vt 0.333333 0.500000
vt 0.250000 1.000000
vt 0.166667 0.500000
vt 0.083333 0.500000
vt 0.750000 0.500000
vt 0.042154 0.370000
vt 1.000000 0.900000
vt 0.916667 0.900000
vt 0.833334 0.900000
vt 0.750000 1.000000
vt 0.750000 0.900000
vt 0.666667 0.900000
vt 0.583333 0.900000
vt 0.500000 0.900000
vt 0.416667 0.900000
vt 0.333333 0.900000
vt 0.333333 1.000000
vt 0.250000 0.900000
vt 0.166667 0.900000
vt 0.083333 1.000000
vt 0.083333 0.900000
vt 0.000000 0.900000
vt 0.542154 0.370000
vt 0.457846 0.130000
vt 1.000000 1.000000
vt 0.916667 0.916667
vt 1.000000 0.916667
vt 0.833333 0.916667
vt 0.750000 0.916667
vt 0.666667 0.916667
vt 0.583333 0.916667
vt 0.500000 0.916667
vt 0.416667 0.916667
vt 0.333333 0.916667
vt 0.250000 0.916667
vt 0.166667 0.916667
vt 0.083333 0.916667
vt 0.000000 0.916667
vt 0.916667 0.916666
vt 1.000000 0.916667
vt 0.833333 0.916667
vt 0.750000 0.916667
vt 0.750000 1.000000
vt 0.666667 0.916667
vt 0.583333 0.916667
vt 0.500000 0.916667
vt 0.416667 0.916667
vt 0.333333 0.916667
vt 0.166667 0.916667
vt 0.000000 0.916667
vt 0.083333 0.583333
vt 0.083333 0.666667
vt 0.000000 0.583333
vt 0.083333 0.750000
vt 0.000000 0.666667
vt 0.000000 0.833333
vt 0.000000 0.750000
vt 0.083333 0.833333
vt 0.166667 0.583333
vt 0.166667 0.666667
vt 0.166667 0.750000
vt 0.166667 0.833333
vt 0.250000 0.583333
vt 0.250000 0.750000
vt 0.250000 0.666667
vt 0.250000 0.833333
vt 0.333333 0.583333
vt 0.333333 0.666667
vt 0.333333 0.833333
vt 0.333333 0.750000
vt 0.416667 0.583333
vt 0.416667 0.666667
vt 0.416667 0.833333
vt 0.416667 0.750000
vt 0.500000 0.583333
vt 0.500000 0.666667
vt 0.500000 0.833333
vt 0.500000 0.750000
vt 0.583333 0.583333
vt 0.583333 0.666667
vt 0.583333 0.833333
vt 0.583333 0.750000
vt 0.666667 0.583333
vt 0.666667 0.666667
vt 0.666667 0.833333
vt 0.666667 0.750000
vt 0.750000 0.583333
vt 0.750000 0.500000
vt 0.750000 0.666667
vt 0.750000 0.833333
vt 0.750000 0.750000
vt 0.833333 0.583333
vt 0.833333 0.666667
vt 0.833333 0.750000
vt 0.833333 0.833333
vt 0.916667 0.583333
vt 0.916667 0.666667
vt 0.916667 0.750000
vt 0.916667 0.833333
vt 1.000000 0.583333
vt 1.000000 0.666667
vt 1.000000 0.750000
vt 1.000000 0.833333
vt 0.083333 0.583333
vt 0.000000 0.666667
vt 0.000000 0.583333
vt 0.000000 0.750000
vt 0.083333 0.833333
vt 0.083333 0.750000
vt 0.166667 0.583333
vt 0.166667 0.666667
vt 0.166667 0.833333
vt 0.166667 0.750000
vt 0.250000 0.583333
vt 0.250000 0.666667
vt 0.250000 0.833333
vt 0.250000 0.750000
vt 0.333333 0.583333
vt 0.333333 0.666667
vt 0.333333 0.750000
vt 0.416667 0.583333
vt 0.416667 0.666667
vt 0.416667 0.750000
vt 0.500000 0.833333
vt 0.500000 0.750000
vt 0.583334 0.750000
vt 0.583333 0.833333
vt 0.666667 0.583333
vt 0.666667 0.750000
vt 0.666667 0.833333
vt 0.750000 0.666666
vt 0.750000 0.833333
vt 0.833333 0.583333
vt 0.833333 0.666667
vt 0.833333 0.833333
vt 0.916667 0.583333
vt 0.916667 0.666667
vt 0.916667 0.750000
vt 0.916667 0.833333
vt 1.000000 0.583333
vt 1.000000 0.500000
vt 1.000000 0.666667
vt 1.000000 0.750000
vt 1.000000 0.833333
vt 0.083333 0.600000
vt 0.166667 0.500000
vt 0.000000 0.700000
vt 0.000000 0.600000
vt 0.083333 0.700000
vt 0.000000 0.800000
vt 0.083333 0.800000
vt 0.166667 0.600000
vt 0.166667 0.756839
vt 0.166667 0.700000
vt 0.250000 0.600000
vt 0.250000 0.700000
vt 0.333333 0.700000
vt 0.333333 0.600000
vt 0.333333 0.800000
vt 0.416667 0.600000
vt 0.416667 0.700000
vt 0.416667 0.800000
vt 0.500000 0.600000
vt 0.500000 0.700000
vt 0.500000 0.800000
vt 0.583333 0.600000
vt 0.583333 0.700000
vt 0.583333 0.800000
vt 0.666667 0.600000
vt 0.666667 0.700000
vt 0.666667 0.800000
vt 0.750000 0.600000
vt 0.750000 0.700000
vt 0.750000 0.800000
vt 0.833333 0.600000
vt 0.833333 0.700000
vt 0.833333 0.800000
vt 0.916667 0.600000
vt 0.916667 0.700000
vt 0.916667 0.800000
vt 1.000000 0.600000
vt 1.000000 0.700000
vt 1.000000 0.800000
vt 0.833333 0.916667
vt 0.416667 0.500000
vt 0.916667 1.000000
vt 0.916667 0.916667
vt 0.250000 1.000000
vt 0.583333 0.916667
vt 0.416667 1.000000
vt 0.250000 1.000000
vt 0.083333 0.916667
vt 0.083333 1.000000
vt 0.083333 0.583333
vt 0.083333 0.666667
vt 0.000000 0.666667
vt 0.000000 0.833333
vt 0.083333 0.833333
vt 0.166667 0.583333
vt 0.166667 0.750000
vt 0.166667 0.833333
vt 0.250000 0.666667
vt 0.250000 0.833333
vt 0.333333 0.583333
vt 0.416667 0.583333
vt 0.416667 0.666667
vt 0.416667 0.750000
vt 0.500000 0.583333
vt 0.500000 0.666667
vt 0.500000 0.833333
vt 0.583333 0.666667
vt 0.583333 0.833333
vt 0.583334 0.750000
vt 0.666667 0.583333
vt 0.666667 0.666667
vt 0.666667 0.833333
vt 0.750000 0.583333
vt 0.750000 0.666667
vt 0.833333 0.583333
vt 0.916667 0.583333
vt 0.916667 0.666667
vt 0.916667 0.750000
vt 0.916667 0.833333
vt 1.000000 0.583333
vt 1.000000 0.750000
vt 1.000000 0.833333
vt 0.916667 0.916667
vt 0.833333 0.916667
vt 0.750000 0.916667
vt 0.500000 0.916667
vt 0.250000 0.916667
vt 0.083333 0.916667
vt 0.957846 0.370000
vt 0.750000 0.010000
vt 0.542154 0.370000
vt 0.000000 0.583333
vt -0.072169 0.500000
vt 0.083333 0.583333
vt 0.000000 0.666667
vt 0.000000 0.750000
vt 0.083333 0.833333
vt 0.083333 0.750000
vt 0.000000 0.833333
vt 0.250000 0.666667
vt 0.250000 0.833333
vt 0.333333 0.583333
vt 0.333333 0.666667
vt 0.333333 0.833333
vt 0.416667 0.666667
vt 0.416667 0.833333
vt 0.500000 0.583333
vt 0.500000 0.666667
vt 0.583333 0.583333
vt 0.583333 0.666667
vt 0.583333 0.833333
vt 0.666667 0.708923
vt 0.666667 0.833333
vt 0.750000 0.583333
vt 0.833333 0.666667
vt 0.750000 0.833333
vt 0.833333 0.583333
vt 0.833333 0.833333
vt 0.916667 0.583333
vt 0.916667 0.666667
vt 0.916667 0.833333
vt 1.000000 0.583333
vt 1.000000 0.666667
vt 1.000000 0.833333
vt 0.916667 1.000000
vt 0.833333 1.000000
vt 0.666667 1.000000
vt 0.583334 1.000000
vt 0.916667 0.500000
vt 0.916667 1.000000
vt 0.250000 0.500000
vt 0.833333 0.500000
vt 0.750000 0.500000
vt 0.666667 1.000000
vt 0.250000 0.500000
vt 0.666667 0.500000
vt 0.500000 1.000000
vt 0.000000 0.500000
vt 0.750000 0.916667
vt 0.833333 0.916666
vt 0.916667 0.916667
vt 0.666667 0.916667
vt 0.583333 0.916667
vt 0.500000 0.916666
vt 0.416667 0.916667
vt 0.250000 0.916667
vt 0.083333 0.583333
vt 0.000000 0.583333
vt 0.000000 0.833333
vt 0.083333 0.833333
vt 0.166667 0.750000
vt 0.250000 0.583333
vt 0.250000 0.500000
vt 0.250000 0.666667
vt 0.250000 0.750000
vt 0.250000 0.833333
vt 0.416667 0.583333
vt 0.416667 0.666667
vt 0.416667 0.833333
vt 0.416667 0.750000
vt 0.500000 0.583333
vt 0.500000 0.666667
vt 0.500000 0.833333
vt 0.583333 0.583333
vt 0.583333 0.500000
vt 0.666667 0.583333
vt 0.750000 0.666667
vt 0.750000 0.833333
vt 0.833333 0.666667
vt 0.833333 0.833333
vt 0.916667 0.583333
vt 0.916667 0.666667
vt 0.916667 0.833333
vt 1.000000 0.583333
vt 1.000000 0.666667
vt 0.750000 0.916666
vt 0.833333 0.916667
vt 1.000000 0.916667
vt 0.666667 0.916667
vt 0.500000 0.916667
vt 0.416667 0.916667
vt 0.333333 0.916667
vt 0.250000 0.916667
vt 0.166667 0.916667
vt 0.083333 0.916667
vt 0.000000 0.916667
vt 0.083333 0.583333
vt 0.083333 0.750000
vt 0.000000 0.833333
vt 0.083333 0.833333
vt 0.166667 0.666667
vt 0.166667 0.833333
vt 0.250000 0.583333
vt 0.250000 0.750000
vt 0.250000 0.833333
vt 0.333333 0.583333
vt 0.416667 0.666667
vt 0.416667 0.833333
vt 0.583333 0.583333
vt 0.583333 0.833333
vt 0.583333 0.750000
vt 0.666667 0.583333
vt 0.666667 0.666667
vt 0.666667 0.833333
vt 0.666667 0.750000
vt 0.750000 0.833333
vt 0.833333 0.583333
vt 0.833333 0.750000
vt 0.916667 0.666667
vt 0.916667 0.750000
vt 0.916667 0.833333
vt 1.000000 0.833333
vt 0.916667 0.916667
vt 0.916667 0.833333
vt 0.916667 0.750000
vt 0.916667 0.583333
vt 0.833333 0.916667
vt 0.833333 0.750000
vt 0.833333 0.666667
vt 0.750000 0.916667
vt 0.750000 0.750000
vt 0.750000 0.666667
vt 0.666667 0.916667
vt 0.666667 0.833333
vt 0.583333 0.750000
vt 0.583333 0.666667
vt 0.500000 0.916667
vt 0.416667 0.833333
vt 0.416667 0.666667
vt 0.416667 0.916667
vt 0.333333 0.750000
vt 0.333333 0.916667
vt 0.250000 0.750000
vt 0.250000 0.666667
vt 0.250000 0.916667
vt 0.166667 0.833333
vt 0.083333 0.916667
vt 0.083333 0.666667
vt 0.083333 0.583333
vt 0.000000 0.666667
vt 0.833333 0.900000
vt 0.750000 0.900000
vt 0.666667 0.900000
vt 0.583333 0.900000
vt 0.416667 0.900000
vt 0.250000 0.900000
vt 0.166667 1.000000
vt 0.166667 0.900000
vt 0.083333 0.900000
vt 0.083333 0.600000
vt 0.083333 0.700000
vt 0.000000 0.800000
vt 0.083333 0.800000
vt 0.166667 0.600000
vt 0.166667 0.756840
vt 0.166667 0.700000
vt 0.250000 0.600000
vt 0.250000 0.700000
vt 0.333333 0.600000
vt 0.333333 0.700000
vt 0.333333 0.800000
vt 0.416667 0.700000
vt 0.416667 0.600000
vt 0.416667 0.800000
vt 0.500000 0.500000
vt 0.500000 0.700000
vt 0.583333 0.700000
vt 0.583333 0.600000
vt 0.583333 0.800000
vt 0.666667 0.700000
vt 0.666667 0.600000
vt 0.750000 0.600000
vt 0.750000 0.800000
vt 0.750000 0.700000
vt 0.833333 0.700000
vt 0.833333 0.800000
vt 0.916667 0.700000
vt 0.916667 0.800000
vt 1.000000 0.800000
vt 0.500000 0.500000
vt 0.500000 1.000000
vt 0.833333 1.000000
vt 0.583333 0.500000
vt 0.916667 1.000000
vt 0.583334 1.000000
vt 0.010000 0.250000
vt 0.370000 0.042154
vt 0.490000 0.250000
vt 0.333333 1.000000
vt 0.583333 1.000000
vt 0.833333 0.500000
vt 0.083333 0.750000
vt 0.166667 0.750000
vt 0.333333 1.000000
vt 0.416667 0.750000
vt 0.666667 0.750000
vt 0.833333 0.750000
vt 0.916667 0.750000
vt 1.000000 0.750000
vt 0.333333 0.500000
vt 0.630000 0.457846
vt 0.083333 0.750000
vt 0.166667 0.750000
vt 0.416667 0.750000
vt 0.500000 1.000000
vt 0.500000 0.750000
vt 0.666667 0.750000
vt 0.750000 0.750000
vt 0.833333 0.750000
vt 0.250000 0.490000
vt 0.042154 0.130000
vt 0.042154 0.130000
vt 0.916667 0.500000
vt 0.666667 0.500000
vt 0.583333 0.500000
vt 0.166667 0.500000
vt 0.333333 0.500000
vt 0.370000 0.457846
vt 0.130000 0.457846
vt 0.130000 0.042154
vt 0.370000 0.042154
vt 0.750000 0.490000
vt 0.870000 0.457846
vt 0.957846 0.130000
vt 0.870000 0.042154
vt 0.542154 0.130000
vt 0.510000 0.250000
vt 0.457846 0.130000
vt 0.490000 0.250000
vt 0.750000 0.010000
vt 0.250000 0.490000
vt 0.957846 0.370000
vt 0.370000 0.457846
vt 0.510000 0.250000
vt 0.130000 0.042154
vt 0.750000 0.490000
vt 0.542154 0.130000
vt 0.957846 0.130000
vt 0.870000 0.042154
vt 0.870000 0.457846
vt 0.833333 1.000000
vt 0.010000 0.250000
vt 0.583333 1.000000
vt 0.130000 0.457846
vt 1.071872 1.000823
s 1
f 2/1/1 3/2/2 1/3/1
f 4/4/2 5/5/3 3/2/2
f 6/6/3 7/7/4 5/5/3
f 8/8/4 9/9/5 7/7/4
f 10/10/5 11/11/6 9/9/5
f 12/12/6 13/13/7 11/11/6
f 14/14/7 15/15/8 13/13/7
f 16/16/8 17/17/9 15/15/8
f 18/18/9 19/19/10 17/17/9
f 20/20/10 21/21/11 19/19/10
f 22/22/12 14/23/12 6/24/12
f 22/25/11 23/26/13 21/21/11
f 24/27/13 1/28/1 23/26/13
f 7/29/14 15/30/14 23/31/14
f 25/3/15 28/4/16 27/32/17
f 27/32/17 30/6/18 29/33/19
f 29/33/19 32/34/20 31/35/21
f 31/35/21 34/10/22 33/9/23
f 34/10/22 35/36/24 33/9/23
f 36/37/25 37/13/26 35/36/24
f 38/14/27 39/38/28 37/13/26
f 40/39/29 41/17/30 39/38/28
f 42/18/31 43/19/32 41/17/30
f 44/20/33 45/21/34 43/19/32
f 46/22/35 38/23/35 30/24/35
f 45/21/34 48/40/36 47/41/37
f 47/41/37 26/42/38 25/28/15
f 31/29/39 39/43/39 47/31/39
f 49/3/40 52/4/41 51/44/42
f 51/44/42 54/45/43 53/46/44
f 53/46/44 56/47/45 55/48/45
f 56/47/45 57/9/46 55/48/45
f 58/10/47 59/11/48 57/9/46
f 60/49/49 61/13/50 59/11/48
f 62/14/51 63/50/52 61/13/50
f 64/51/53 65/17/54 63/50/52
f 66/18/55 67/52/56 65/17/54
f 67/52/56 70/25/57 69/21/58
f 70/22/59 62/53/59 54/24/59
f 69/21/58 72/27/60 71/54/61
f 71/54/61 50/42/62 49/28/40
f 55/55/63 63/30/63 71/31/63
f 73/3/64 76/56/65 75/32/66
f 75/32/66 78/6/67 77/5/68
f 77/5/68 80/8/69 79/7/69
f 80/8/69 81/9/70 79/7/69
f 82/10/71 83/57/72 81/9/70
f 84/58/73 85/13/74 83/57/72
f 86/59/75 87/38/76 85/13/74
f 88/60/77 89/17/78 87/38/76
f 90/18/79 91/19/80 89/17/78
f 91/19/80 94/61/81 93/21/82
f 94/22/83 86/23/83 78/62/83
f 93/21/82 96/63/84 95/64/85
f 95/64/85 74/42/86 73/28/64
f 79/55/87 87/30/87 95/31/87
f 97/3/40 100/4/88 99/65/89
f 99/65/89 102/45/90 101/5/91
f 101/5/91 104/8/92 103/7/92
f 104/8/92 105/9/93 103/7/92
f 106/10/94 107/57/95 105/9/93
f 108/12/96 109/13/50 107/57/95
f 110/14/51 111/50/97 109/13/50
f 112/66/98 113/17/99 111/50/97
f 114/18/100 115/19/101 113/17/99
f 115/19/101 118/25/102 117/21/103
f 118/22/104 110/23/104 102/24/104
f 117/21/103 120/40/105 119/54/106
f 119/54/106 98/67/62 97/28/40
f 103/29/107 111/30/107 119/31/107
f 122/1/64 123/2/108 121/3/86
f 124/68/109 125/5/110 123/2/108
f 126/69/111 127/70/112 125/5/110
f 127/70/112 130/10/113 129/9/114
f 129/9/114 132/58/115 131/11/116
f 131/11/116 134/14/74 133/13/75
f 133/13/75 136/66/117 135/71/118
f 135/71/118 138/18/119 137/72/120
f 137/72/120 140/73/121 139/19/121
f 140/73/121 141/74/122 139/19/121
f 142/22/123 134/23/123 126/62/124
f 142/25/125 143/75/126 141/74/122
f 144/63/127 121/28/86 143/75/126
f 127/29/128 135/43/128 143/31/128
f 146/1/1 147/2/2 145/3/1
f 148/4/2 149/5/3 147/2/2
f 150/6/3 151/76/4 149/5/3
f 152/47/4 153/9/5 151/76/4
f 154/10/5 155/11/6 153/9/5
f 156/12/6 157/13/7 155/11/6
f 158/14/7 159/38/8 157/13/7
f 160/66/8 161/17/9 159/38/8
f 162/18/9 163/19/10 161/17/9
f 164/20/10 165/21/11 163/19/10
f 166/77/12 158/53/12 150/24/12
f 166/25/11 167/26/13 165/21/11
f 168/27/13 145/28/1 167/26/13
f 151/29/14 159/30/14 167/31/14
f 384/78/129 172/4/130 385/79/131
f 385/79/131 174/6/132 389/80/133
f 389/80/133 176/81/134 393/82/135
f 176/81/134 397/83/136 393/82/135
f 178/10/137 401/84/138 397/83/136
f 180/58/139 405/85/140 401/84/138
f 182/14/141 409/86/142 405/85/140
f 184/60/143 413/87/144 409/86/142
f 186/88/145 417/89/146 413/87/144
f 417/89/146 189/25/147 420/90/148
f 189/22/12 182/23/12 174/24/12
f 420/90/148 190/91/149 424/92/150
f 424/92/150 170/42/151 384/93/129
f 175/29/152 183/30/153 188/94/154
f 192/1/1 193/44/2 191/3/1
f 193/44/2 194/4/155 195/5/156
f 195/5/156 198/10/157 196/7/158
f 196/7/158 198/10/157 197/9/5
f 198/10/157 199/11/6 197/9/5
f 200/12/6 201/13/7 199/11/6
f 202/14/7 203/38/8 201/13/7
f 204/66/8 205/17/9 203/38/8
f 206/18/9 207/19/10 205/17/9
f 208/20/10 209/21/11 207/19/10
f 210/22/12 202/23/12 198/95/12
f 210/25/11 211/26/13 209/21/11
f 212/27/13 191/28/1 211/26/13
f 196/29/14 203/43/14 211/31/14
f 214/96/1 326/97/159 325/98/160
f 216/68/2 331/99/161 326/97/159
f 218/6/3 336/100/162 331/99/161
f 220/8/4 341/101/163 336/100/162
f 222/10/5 346/102/164 341/101/163
f 224/12/6 351/103/165 346/102/164
f 226/14/7 356/104/166 351/103/165
f 228/66/8 361/105/167 356/104/166
f 230/18/9 366/106/168 361/105/167
f 232/20/10 371/107/169 366/106/168
f 234/22/12 226/23/12 218/24/12
f 234/25/11 376/108/170 371/107/169
f 236/40/13 325/109/160 376/108/170
f 219/29/14 227/43/14 235/31/14
f 238/1/1 266/110/171 265/111/172
f 240/4/2 271/112/173 266/110/171
f 242/6/3 276/113/174 271/112/173
f 244/114/4 281/115/175 276/113/174
f 246/10/5 286/116/176 281/115/175
f 248/12/6 291/117/177 286/116/176
f 250/14/7 296/118/178 291/117/177
f 252/66/8 301/119/179 296/118/178
f 254/18/9 306/106/180 301/119/179
f 256/20/10 311/120/181 306/106/180
f 258/22/12 250/23/12 242/24/12
f 258/25/11 316/108/182 311/120/181
f 260/27/13 265/121/172 316/108/182
f 243/29/14 251/30/14 259/31/14
f 320/122/183 237/28/1 259/26/13
f 319/123/184 261/124/185 320/122/183
f 318/125/186 262/126/187 319/123/184
f 318/125/186 264/127/188 263/128/189
f 317/129/190 265/121/172 264/127/188
f 315/130/191 259/26/13 257/21/11
f 314/131/192 320/122/183 315/130/191
f 313/132/193 319/123/184 314/131/192
f 313/132/193 317/129/190 318/125/186
f 312/133/194 316/108/182 317/129/190
f 310/134/195 257/21/11 255/19/10
f 310/134/195 314/131/192 315/130/191
f 308/135/196 314/131/192 309/136/197
f 308/135/196 312/133/194 313/132/193
f 306/106/180 312/133/194 307/137/198
f 305/138/199 255/19/10 253/17/9
f 305/138/199 309/136/197 310/134/195
f 304/139/200 308/135/196 309/136/197
f 302/140/201 308/135/196 303/141/202
f 301/119/179 307/137/198 302/140/201
f 300/142/203 253/17/9 251/38/8
f 300/142/203 304/139/200 305/138/199
f 299/143/204 303/141/202 304/139/200
f 297/144/205 303/141/202 298/145/206
f 296/118/178 302/140/201 297/144/205
f 295/146/207 251/38/8 249/13/7
f 295/146/207 299/143/204 300/142/203
f 294/147/208 298/145/206 299/143/204
f 292/148/209 298/145/206 293/149/210
f 291/117/177 297/144/205 292/148/209
f 290/150/211 249/13/7 247/11/6
f 290/150/211 294/147/208 295/146/207
f 289/151/212 293/149/210 294/147/208
f 287/152/213 293/149/210 288/153/214
f 286/116/176 292/148/209 287/152/213
f 285/154/215 247/11/6 245/9/5
f 285/154/215 289/151/212 290/150/211
f 284/155/216 288/153/214 289/151/212
f 282/156/217 288/153/214 283/157/218
f 281/115/175 287/152/213 282/156/217
f 280/158/219 245/9/5 243/159/4
f 280/158/219 284/155/216 285/154/215
f 279/160/220 283/157/218 284/155/216
f 277/161/221 283/157/218 278/162/222
f 277/161/221 281/115/175 282/156/217
f 275/163/223 243/159/4 241/5/3
f 274/164/224 280/158/219 275/163/223
f 273/165/225 279/160/220 274/164/224
f 273/165/225 277/161/221 278/162/222
f 272/166/226 276/113/174 277/161/221
f 270/167/227 241/5/3 239/2/2
f 269/168/228 275/163/223 270/167/227
f 268/169/229 274/164/224 269/168/228
f 268/169/229 272/166/226 273/165/225
f 267/170/230 271/112/173 272/166/226
f 261/171/185 239/2/2 237/3/1
f 262/172/187 270/167/227 261/171/185
f 263/173/189 269/168/228 262/172/187
f 263/173/189 267/170/230 268/169/229
f 264/174/188 266/110/171 267/170/230
f 380/175/231 213/28/1 235/54/13
f 380/175/231 322/176/232 321/177/233
f 379/123/234 323/178/1 322/176/232
f 377/179/235 323/178/1 378/180/236
f 376/108/170 324/127/237 377/179/235
f 375/181/238 235/54/13 233/21/11
f 375/181/238 379/123/234 380/175/231
f 374/182/239 378/180/236 379/123/234
f 372/183/240 378/180/236 373/184/241
f 371/107/169 377/179/235 372/183/240
f 370/185/168 233/21/11 231/19/10
f 370/185/168 374/182/239 375/181/238
f 369/186/242 373/184/241 374/182/239
f 367/187/242 373/184/241 368/188/243
f 366/106/168 372/183/240 367/187/242
f 365/189/244 231/19/10 229/17/9
f 365/189/244 369/186/242 370/185/168
f 364/190/245 368/188/243 369/186/242
f 362/140/246 368/188/243 363/191/247
f 361/105/167 367/187/242 362/140/246
f 360/192/248 229/17/9 227/38/8
f 360/192/248 364/190/245 365/189/244
f 359/193/249 363/191/247 364/190/245
f 357/144/250 363/191/247 358/194/251
f 356/104/166 362/140/246 357/144/250
f 355/146/252 227/38/8 225/13/7
f 355/146/252 359/193/249 360/192/248
f 354/147/253 358/194/251 359/193/249
f 352/195/254 358/194/251 353/196/7
f 351/103/165 357/144/250 352/195/254
f 350/150/255 225/13/7 223/11/6
f 349/151/256 355/146/252 350/150/255
f 348/197/257 354/147/253 349/151/256
f 348/197/257 352/195/254 353/196/7
f 347/198/258 351/103/165 352/195/254
f 345/199/259 223/11/6 221/9/5
f 344/155/260 350/150/255 345/199/259
f 343/200/261 349/151/256 344/155/260
f 343/200/261 347/198/258 348/197/257
f 342/201/262 346/102/164 347/198/258
f 340/158/162 221/9/5 219/7/4
f 339/202/263 345/199/259 340/158/162
f 338/162/264 344/155/260 339/202/263
f 338/162/264 342/201/262 343/200/261
f 337/203/263 341/101/163 342/201/262
f 335/204/265 219/7/4 217/5/3
f 334/205/266 340/158/162 335/204/265
f 333/165/267 339/202/263 334/205/266
f 333/165/267 337/203/263 338/162/264
f 332/206/268 336/100/162 337/203/263
f 330/207/269 217/5/3 215/44/2
f 329/208/270 335/204/265 330/207/269
f 328/209/271 334/205/266 329/208/270
f 328/209/271 332/206/268 333/165/267
f 327/210/272 331/99/161 332/206/268
f 321/211/233 215/44/2 213/212/1
f 322/213/232 330/207/269 321/211/233
f 323/214/1 329/208/270 322/213/232
f 323/214/1 327/210/272 328/209/271
f 324/215/237 326/97/159 327/210/272
f 427/216/273 169/28/274 188/217/275
f 427/216/273 382/218/276 381/219/277
f 426/220/278 383/221/1 382/218/276
f 425/222/279 384/93/129 383/221/1
f 188/217/275 423/223/280 427/216/273
f 423/223/280 426/220/278 427/216/273
f 421/224/281 426/220/278 422/225/282
f 420/90/148 425/222/279 421/224/281
f 188/21/275 419/226/283 423/223/280
f 419/226/283 422/225/282 423/223/280
f 418/227/284 421/224/281 422/225/282
f 417/89/146 421/224/281 418/227/284
f 185/17/285 419/226/283 188/21/275
f 415/228/286 419/226/283 416/229/287
f 415/228/286 414/230/288 418/227/284
f 414/230/288 417/89/146 418/227/284
f 412/231/289 185/17/285 183/38/8
f 411/232/290 416/229/287 412/231/289
f 410/233/291 415/228/286 411/232/290
f 409/86/142 414/230/288 410/233/291
f 408/234/292 183/38/8 181/13/7
f 407/235/293 412/231/289 408/234/292
f 406/236/7 411/232/290 407/235/293
f 405/85/140 410/233/291 406/236/7
f 404/237/294 181/13/7 179/11/6
f 403/238/295 408/234/292 404/237/294
f 402/239/296 407/235/293 403/238/295
f 401/84/138 406/236/7 402/239/296
f 400/240/297 179/11/6 177/9/5
f 399/241/298 404/237/294 400/240/297
f 398/242/299 403/238/295 399/241/298
f 397/83/136 402/239/296 398/242/299
f 396/243/300 177/9/5 175/7/4
f 395/244/301 400/240/297 396/243/300
f 394/245/302 399/241/298 395/244/301
f 393/82/135 398/242/299 394/245/302
f 392/246/303 175/7/4 173/5/3
f 392/246/303 395/244/301 396/243/300
f 391/247/304 394/245/302 395/244/301
f 390/248/305 393/82/135 394/245/302
f 388/249/306 173/5/3 171/2/2
f 388/249/306 391/247/304 392/246/303
f 387/250/307 390/248/305 391/247/304
f 386/251/308 389/80/133 390/248/305
f 381/252/277 171/2/2 169/3/274
f 381/252/277 387/250/307 388/249/306
f 382/253/276 386/251/308 387/250/307
f 383/254/1 385/79/131 386/251/308
f 428/6/309 485/100/310 480/255/311
f 431/4/312 432/33/313 430/44/314
f 432/33/313 435/34/315 434/7/316
f 434/7/316 437/10/317 436/9/318
f 436/9/318 439/12/319 438/11/320
f 438/11/320 441/14/321 440/13/322
f 440/13/322 443/66/323 442/256/324
f 442/256/324 445/18/325 444/17/326
f 445/18/325 446/19/327 444/17/326
f 448/257/328 480/255/311 475/258/329
f 432/33/14 440/13/14 444/17/14
f 450/1/330 475/258/329 474/111/331
f 430/44/332 447/259/333 431/4/334
f 431/4/335 441/14/12 437/10/12
f 453/8/336 490/115/337 485/100/310
f 490/115/337 457/49/338 495/260/339
f 457/49/338 500/103/340 495/260/339
f 459/14/341 505/104/342 500/103/340
f 461/261/343 510/105/344 505/104/342
f 463/18/345 515/106/346 510/105/344
f 465/262/347 520/120/348 515/106/346
f 467/22/14 459/23/14 428/24/14
f 467/25/349 525/263/350 520/120/348
f 469/264/351 474/121/331 525/263/350
f 452/29/12 460/30/12 468/31/12
f 529/265/352 451/28/330 468/54/353
f 528/266/354 470/124/355 529/265/352
f 527/125/356 471/267/357 528/266/354
f 527/125/356 473/268/358 472/128/359
f 526/269/360 474/121/331 473/268/358
f 524/270/361 468/54/353 466/21/349
f 523/182/362 529/265/352 524/270/361
f 522/271/363 528/266/354 523/182/362
f 522/271/363 526/269/360 527/125/356
f 521/272/364 525/263/350 526/269/360
f 519/134/365 466/21/349 464/19/347
f 518/273/366 524/270/361 519/134/365
f 517/188/367 523/182/362 518/273/366
f 517/188/367 521/272/364 522/271/363
f 515/106/346 521/272/364 516/274/368
f 514/275/369 464/19/347 462/17/345
f 514/275/369 518/273/366 519/134/365
f 513/190/370 517/188/367 518/273/366
f 511/140/371 517/188/367 512/191/372
f 510/105/344 516/274/368 511/140/371
f 509/276/373 462/17/345 460/38/343
f 509/276/373 513/190/370 514/275/369
f 508/277/374 512/191/372 513/190/370
f 506/144/375 512/191/372 507/278/376
f 505/104/342 511/140/371 506/144/375
f 504/279/377 460/38/343 458/13/341
f 504/279/377 508/277/374 509/276/373
f 503/280/378 507/278/376 508/277/374
f 501/281/379 507/278/376 502/149/380
f 500/103/340 506/144/375 501/281/379
f 499/150/381 458/13/341 456/11/338
f 499/150/381 503/280/378 504/279/377
f 498/282/382 502/149/380 503/280/378
f 496/283/383 502/149/380 497/284/384
f 495/260/339 501/281/379 496/283/383
f 494/285/385 456/11/338 454/9/386
f 494/285/385 498/282/382 499/150/381
f 493/286/387 497/284/384 498/282/382
f 491/287/388 497/284/384 492/200/389
f 490/115/337 496/283/383 491/287/388
f 489/288/390 454/9/386 452/70/336
f 489/288/390 493/286/387 494/285/385
f 488/289/391 492/200/389 493/286/387
f 486/203/392 492/200/389 487/162/393
f 485/100/310 491/287/388 486/203/392
f 484/290/394 452/70/336 429/5/395
f 483/205/396 489/288/390 484/290/394
f 482/165/397 488/289/391 483/205/396
f 482/165/397 486/203/392 487/162/393
f 481/166/398 485/100/310 486/203/392
f 479/291/399 429/5/395 449/32/328
f 478/292/400 484/290/394 479/291/399
f 477/293/401 483/205/396 478/292/400
f 477/293/401 481/166/398 482/165/397
f 476/294/402 480/255/311 481/166/398
f 470/295/355 449/32/328 451/3/330
f 471/172/357 479/291/399 470/295/355
f 472/296/359 478/292/400 471/172/357
f 472/296/359 476/294/402 477/293/401
f 473/297/358 475/258/329 476/294/402
f 530/1/1 558/298/403 557/111/404
f 532/4/2 562/299/405 558/298/403
f 534/6/3 566/300/406 562/299/405
f 536/8/4 569/115/407 566/300/406
f 538/10/5 574/116/408 569/115/407
f 540/12/6 579/301/409 574/116/408
f 542/14/7 584/104/410 579/301/409
f 544/66/8 589/105/411 584/104/410
f 546/18/9 594/302/412 589/105/411
f 548/20/10 599/120/413 594/302/412
f 550/77/12 542/23/12 534/24/12
f 550/25/11 604/303/414 599/120/413
f 552/27/13 557/121/404 604/303/414
f 533/304/415 541/305/14 549/306/416
f 551/26/417 553/307/418 531/308/419
f 608/309/420 554/310/421 553/307/418
f 607/123/422 555/311/423 554/310/421
f 605/312/424 555/311/423 606/313/425
f 604/303/414 556/314/426 605/312/424
f 549/21/427 608/309/420 551/26/417
f 603/181/428 607/123/422 608/309/420
f 602/182/429 606/313/425 607/123/422
f 600/133/430 606/313/425 601/132/431
f 599/120/413 605/312/424 600/133/430
f 598/134/412 549/21/427 547/19/10
f 598/134/412 602/182/429 603/181/428
f 597/315/432 601/132/431 602/182/429
f 595/316/432 601/132/431 596/135/433
f 594/302/412 600/133/430 595/316/432
f 593/317/434 547/19/10 545/17/9
f 593/317/434 597/315/432 598/134/412
f 592/318/435 596/135/433 597/315/432
f 590/319/436 596/135/433 591/191/437
f 589/105/411 595/316/432 590/319/436
f 588/192/438 545/17/9 543/38/8
f 588/192/438 592/318/435 593/317/434
f 587/320/439 591/191/437 592/318/435
f 585/321/440 591/191/437 586/194/441
f 584/104/410 590/319/436 585/321/440
f 583/322/442 543/38/8 541/13/7
f 583/322/442 587/320/439 588/192/438
f 582/323/443 586/194/441 587/320/439
f 580/148/444 586/194/441 581/149/7
f 579/301/409 585/321/440 580/148/444
f 578/324/445 541/13/7 539/11/6
f 577/325/446 583/322/442 578/324/445
f 576/197/447 582/323/443 577/325/446
f 576/197/447 580/148/444 581/149/7
f 575/326/448 579/301/409 580/148/444
f 573/199/449 539/11/6 537/9/5
f 572/155/450 578/324/445 573/199/449
f 571/327/451 577/325/446 572/155/450
f 570/328/452 576/197/447 571/327/451
f 570/328/452 574/116/408 575/326/448
f 568/329/453 537/9/5 535/7/4
f 568/329/453 572/155/450 573/199/449
f 564/330/454 571/327/451 572/155/450
f 567/331/455 571/327/451 564/330/454
f 567/331/455 569/115/407 570/328/452
f 565/332/456 535/7/4 533/5/457
f 565/332/456 564/330/454 568/329/453
f 564/330/454 563/333/458 567/331/455
f 563/333/458 566/300/406 567/331/455
f 561/334/459 533/5/457 531/65/419
f 560/335/460 565/332/456 561/334/459
f 560/335/460 559/336/461 564/330/454
f 559/336/461 563/333/458 564/330/454
f 559/336/461 562/299/405 563/333/458
f 531/65/419 553/337/418 561/334/459
f 554/338/421 561/334/459 553/337/418
f 555/296/423 560/335/460 554/338/421
f 555/296/423 556/339/426 559/336/461
f 556/339/426 558/298/403 559/336/461
f 614/1/462 613/2/463 609/3/464
f 612/340/465 611/5/466 613/2/463
f 610/341/467 615/7/468 611/5/466
f 615/7/468 618/342/469 617/9/470
f 617/9/470 620/343/471 619/11/472
f 619/11/472 622/14/473 621/13/474
f 621/13/474 624/60/475 623/50/476
f 623/50/476 626/18/477 625/17/478
f 625/17/478 628/20/479 627/19/479
f 628/20/479 629/21/480 627/19/479
f 630/22/481 622/23/481 610/24/481
f 630/25/482 631/26/483 629/21/480
f 632/63/484 609/28/464 631/26/483
f 615/29/485 623/30/485 631/31/485
f 638/1/64 637/344/486 633/212/86
f 636/345/487 635/33/488 637/344/486
f 634/6/488 639/76/489 635/33/488
f 639/76/489 642/10/490 641/9/490
f 641/9/490 644/343/491 643/36/492
f 643/36/492 646/14/74 645/13/75
f 645/13/75 648/66/493 647/71/494
f 647/71/494 650/18/495 649/17/495
f 649/17/495 652/73/496 651/346/496
f 652/73/496 653/21/497 651/346/496
f 654/22/481 646/53/481 634/24/481
f 654/25/497 655/26/498 653/21/497
f 656/63/499 633/28/86 655/26/498
f 639/29/485 647/30/485 655/31/485
f 662/1/500 661/32/501 657/3/502
f 660/68/503 659/347/504 661/32/501
f 658/45/505 663/348/506 659/347/504
f 663/348/506 666/349/507 665/9/508
f 665/9/508 668/12/115 667/57/116
f 667/57/116 670/14/74 669/13/75
f 669/13/75 672/66/117 671/50/118
f 671/50/118 674/18/509 673/17/510
f 673/17/510 676/20/121 675/350/121
f 676/20/121 677/21/511 675/350/121
f 678/77/124 670/23/124 658/24/124
f 678/25/512 679/75/513 677/21/511
f 680/27/514 657/28/502 679/75/513
f 663/29/515 671/30/128 679/31/515
f 686/1/40 685/65/516 681/3/62
f 684/68/517 683/5/518 685/65/516
f 682/6/519 687/159/520 683/5/518
f 687/159/520 690/10/521 689/351/522
f 689/351/522 692/12/523 691/11/524
f 691/11/524 694/352/50 693/13/51
f 693/13/51 696/60/525 695/256/526
f 695/256/526 698/18/527 697/17/528
f 697/17/528 700/73/529 699/19/529
f 700/73/529 701/21/530 699/19/529
f 702/22/124 694/23/124 682/24/124
f 702/25/531 703/26/532 701/21/530
f 704/40/533 681/353/62 703/26/532
f 687/55/128 695/30/128 703/31/128
f 705/6/309 744/354/534 739/355/535
f 707/4/328 739/355/535 734/356/536
f 709/1/330 734/356/536 733/111/537
f 712/8/336 749/357/538 744/354/534
f 714/10/386 754/358/539 749/357/538
f 754/358/539 718/14/341 759/359/540
f 718/14/341 764/360/541 759/359/540
f 720/60/343 769/105/542 764/360/541
f 722/18/345 774/361/543 769/105/542
f 724/20/347 779/120/544 774/361/543
f 726/22/14 718/23/14 705/24/14
f 779/120/544 728/40/353 784/108/545
f 728/40/353 733/121/537 784/108/545
f 711/29/12 719/30/12 727/31/12
f 788/362/546 710/28/330 727/26/353
f 787/123/547 729/363/548 788/362/546
f 786/313/549 730/126/550 787/123/547
f 786/313/549 732/364/551 731/128/552
f 785/365/553 733/121/537 732/364/551
f 783/181/554 727/26/353 725/21/349
f 782/182/555 788/362/546 783/181/554
f 781/366/556 787/123/547 782/182/555
f 781/366/556 785/365/553 786/313/549
f 780/133/557 784/108/545 785/365/553
f 778/367/558 725/21/349 723/368/347
f 777/369/559 783/181/554 778/367/558
f 776/370/560 782/182/555 777/369/559
f 776/370/560 780/133/557 781/366/556
f 774/361/543 780/133/557 775/371/561
f 773/189/562 723/368/347 721/17/345
f 773/189/562 777/369/559 778/367/558
f 772/190/563 776/370/560 777/369/559
f 770/319/564 776/370/560 771/191/565
f 769/105/542 775/371/561 770/319/564
f 768/372/566 721/17/345 719/38/343
f 768/372/566 772/190/563 773/189/562
f 767/373/567 771/191/565 772/190/563
f 765/374/568 771/191/565 766/375/569
f 764/360/541 770/319/564 765/374/568
f 763/376/570 719/38/343 717/13/341
f 763/376/570 767/373/567 768/372/566
f 762/377/571 766/375/569 767/373/567
f 760/378/572 766/375/569 761/149/573
f 759/359/540 765/374/568 760/378/572
f 758/379/574 717/13/341 715/380/338
f 758/379/574 762/377/571 763/376/570
f 757/151/575 761/149/573 762/377/571
f 755/283/576 761/149/573 756/153/577
f 754/358/539 760/378/572 755/283/576
f 753/381/578 715/380/338 713/9/386
f 753/381/578 757/151/575 758/379/574
f 752/155/579 756/153/577 757/151/575
f 750/328/580 756/153/577 751/200/581
f 749/357/538 755/283/576 750/328/580
f 748/158/582 713/9/386 711/70/336
f 748/158/582 752/155/579 753/381/578
f 747/382/583 751/200/581 752/155/579
f 745/383/584 751/200/581 746/162/585
f 745/383/584 749/357/538 750/328/580
f 743/332/586 711/70/336 706/5/395
f 742/384/587 748/158/582 743/332/586
f 741/165/588 747/382/583 742/384/587
f 741/165/588 745/383/584 746/162/585
f 740/385/589 744/354/534 745/383/584
f 738/386/590 706/5/395 708/32/328
f 737/387/591 743/332/586 738/386/590
f 736/169/592 742/384/587 737/387/591
f 736/169/592 740/385/589 741/165/588
f 735/388/593 739/355/535 740/385/589
f 729/389/548 708/32/328 710/3/330
f 730/390/550 738/386/590 729/389/548
f 731/296/552 737/387/591 730/390/550
f 731/296/552 735/388/593 736/169/592
f 732/215/551 734/356/536 735/388/593
f 789/6/351 828/391/594 823/392/595
f 791/4/349 823/392/595 818/356/596
f 793/1/347 818/356/596 817/393/597
f 796/8/330 833/394/598 828/391/594
f 798/10/328 838/260/599 833/394/598
f 800/49/309 843/395/600 838/260/599
f 802/14/336 848/396/601 843/395/600
f 804/66/386 853/397/602 848/396/601
f 806/18/338 858/398/603 853/397/602
f 808/20/341 863/399/604 858/398/603
f 810/22/14 802/23/14 789/24/14
f 810/25/343 868/400/605 863/399/604
f 812/40/606 817/401/597 868/400/605
f 795/55/12 803/30/12 811/31/12
f 872/402/607 794/28/347 811/54/345
f 871/123/608 813/177/609 872/402/607
f 870/403/610 814/310/611 871/123/608
f 870/403/610 816/404/612 815/128/613
f 869/405/614 817/401/597 816/404/612
f 867/181/615 811/54/345 809/21/343
f 866/406/616 872/402/607 867/181/615
f 865/132/617 871/123/608 866/406/616
f 865/132/617 869/405/614 870/403/610
f 864/407/618 868/400/605 869/405/614
f 807/368/341 867/181/615 809/21/343
f 861/369/619 867/181/615 862/408/620
f 860/409/621 866/406/616 861/369/619
f 860/409/621 864/407/618 865/132/617
f 859/410/622 863/399/604 864/407/618
f 857/411/623 807/368/341 805/17/338
f 857/411/623 861/369/619 862/408/620
f 856/190/624 860/409/621 861/369/619
f 854/319/625 860/409/621 855/191/626
f 853/397/602 859/410/622 854/319/625
f 852/372/627 805/17/338 803/38/386
f 852/372/627 856/190/624 857/411/623
f 851/412/628 855/191/626 856/190/624
f 849/413/629 855/191/626 850/194/630
f 848/396/601 854/319/625 849/413/629
f 847/376/631 803/38/386 801/13/336
f 847/376/631 851/412/628 852/372/627
f 846/323/632 850/194/630 851/412/628
f 844/148/633 850/194/630 845/149/634
f 843/395/600 849/413/629 844/148/633
f 842/414/635 801/13/336 799/380/395
f 842/414/635 846/323/632 847/376/631
f 841/151/636 845/149/634 846/323/632
f 839/415/637 845/149/634 840/416/638
f 838/260/599 844/148/633 839/415/637
f 837/417/639 799/380/395 797/9/328
f 837/417/639 841/151/636 842/414/635
f 836/418/640 840/416/638 841/151/636
f 834/419/641 840/416/638 835/420/642
f 833/394/598 839/415/637 834/419/641
f 832/158/643 797/9/328 795/159/330
f 832/158/643 836/418/640 837/417/639
f 831/160/644 835/420/642 836/418/640
f 829/421/645 835/420/642 830/162/646
f 828/391/594 834/419/641 829/421/645
f 827/422/647 795/159/330 790/5/353
f 826/164/648 832/158/643 827/422/647
f 825/423/649 831/160/644 826/164/648
f 825/423/649 829/421/645 830/162/646
f 824/166/650 828/391/594 829/421/645
f 822/207/651 790/5/353 792/2/349
f 821/424/652 827/422/647 822/207/651
f 820/425/653 826/164/648 821/424/652
f 820/425/653 824/166/650 825/423/649
f 819/426/654 823/392/595 824/166/650
f 813/389/609 792/2/349 794/3/347
f 814/338/611 822/207/651 813/389/609
f 815/296/613 821/424/652 814/338/611
f 815/296/613 819/426/654 820/425/653
f 816/174/612 818/356/596 819/426/654
f 929/427/551 927/428/536 926/429/593
f 930/296/552 926/429/593 925/430/592
f 930/296/552 924/208/591 931/172/550
f 931/172/550 923/431/590 932/295/548
f 932/295/548 953/32/328 951/3/330
f 926/429/593 922/432/535 921/385/589
f 925/430/592 921/385/589 920/433/588
f 925/430/592 919/434/587 924/208/591
f 924/208/591 918/204/586 923/431/590
f 923/431/590 955/5/395 953/32/328
f 921/385/589 917/435/534 916/421/584
f 920/433/588 916/421/584 915/436/585
f 920/433/588 914/437/583 919/434/587
f 919/434/587 913/158/582 918/204/586
f 918/204/586 950/7/336 955/5/395
f 916/421/584 912/438/538 911/439/580
f 916/421/584 910/200/581 915/436/585
f 914/437/583 910/200/581 909/418/579
f 913/158/582 909/418/579 908/199/578
f 913/158/582 948/9/386 950/7/336
f 912/438/538 906/326/576 911/439/580
f 911/439/580 905/440/577 910/200/581
f 909/418/579 905/440/577 904/441/575
f 908/199/578 904/441/575 903/150/574
f 908/199/578 946/380/338 948/9/386
f 907/358/655 901/378/572 906/326/576
f 906/326/576 900/149/573 905/440/577
f 904/441/575 900/149/573 899/323/571
f 903/150/574 899/323/571 898/146/570
f 903/150/574 944/13/341 946/380/338
f 902/442/540 896/443/568 901/378/572
f 901/378/572 895/375/569 900/149/573
f 899/323/571 895/375/569 894/444/567
f 898/146/570 894/444/567 893/192/566
f 898/146/570 942/38/343 944/13/341
f 897/445/541 891/319/564 896/443/568
f 896/443/568 890/446/565 895/375/569
f 894/444/567 890/446/565 889/190/563
f 893/192/566 889/190/563 888/189/562
f 893/192/566 940/17/345 942/38/343
f 892/447/542 886/316/561 891/319/564
f 891/319/564 885/448/560 890/446/565
f 889/190/563 885/448/560 884/449/559
f 888/189/562 884/449/559 883/408/558
f 888/189/562 938/19/347 940/17/345
f 887/450/543 881/451/557 886/316/561
f 885/448/560 881/451/557 880/132/556
f 885/448/560 879/182/555 884/449/559
f 884/449/559 878/270/554 883/408/558
f 883/408/558 936/21/349 938/19/347
f 881/451/557 877/452/545 876/269/553
f 880/132/556 876/269/553 875/125/549
f 880/132/556 874/453/547 879/182/555
f 879/182/555 873/454/546 878/270/554
f 878/270/554 934/54/353 936/21/349
f 876/269/553 928/121/537 929/127/551
f 875/125/549 929/127/551 930/128/552
f 875/125/549 931/455/550 874/453/547
f 874/453/547 932/363/548 873/454/546
f 873/454/546 951/28/330 934/54/353
f 950/29/12 942/30/12 934/31/12
f 933/40/351 928/121/537 877/452/545
f 935/25/349 877/452/545 882/120/544
f 935/77/14 943/53/14 956/24/14
f 937/20/347 882/120/544 887/450/543
f 939/18/345 887/450/543 892/447/542
f 941/60/343 892/447/542 897/445/541
f 943/14/341 897/445/541 902/442/540
f 945/12/656 902/442/540 907/358/655
f 912/438/538 945/12/656 907/358/655
f 949/8/336 912/438/538 917/435/534
f 952/1/330 927/428/536 928/111/537
f 954/4/328 922/432/535 927/428/536
f 956/6/309 917/435/534 922/432/535
f 984/78/657 960/68/658 985/79/659
f 985/79/659 962/6/660 989/456/661
f 989/456/661 964/81/662 993/457/663
f 964/81/662 997/458/664 993/457/663
f 966/10/665 1001/459/666 997/458/664
f 968/58/667 1005/85/668 1001/459/666
f 970/14/669 1009/460/670 1005/85/668
f 972/66/671 1013/87/672 1009/460/670
f 974/18/673 1017/461/674 1013/87/672
f 1017/461/674 978/462/675 1020/463/676
f 978/77/12 970/23/12 962/62/12
f 1020/463/676 980/27/677 1024/464/678
f 1024/464/678 958/42/679 984/93/657
f 963/29/14 971/30/14 979/31/14
f 1027/465/680 957/28/681 979/26/682
f 1027/465/680 982/218/683 981/219/684
f 1026/466/685 983/467/686 982/218/683
f 1025/468/687 984/93/657 983/467/686
f 1023/469/688 979/26/682 977/21/689
f 1023/469/688 1026/466/685 1027/465/680
f 1021/470/690 1026/466/685 1022/471/691
f 1020/463/676 1025/468/687 1021/470/690
f 1019/472/692 977/21/689 975/19/693
f 1018/473/694 1023/469/688 1019/472/692
f 1018/473/694 1021/470/690 1022/471/691
f 1017/461/674 1021/470/690 1018/473/694
f 1016/474/695 975/19/693 973/17/696
f 1015/475/697 1019/472/692 1016/474/695
f 1015/475/697 1014/476/698 1018/473/694
f 1014/476/698 1017/461/674 1018/473/694
f 971/38/699 1016/474/695 973/17/696
f 1011/477/700 1016/474/695 1012/478/701
f 1010/479/702 1015/475/697 1011/477/700
f 1009/460/670 1014/476/698 1010/479/702
f 969/480/703 1012/478/701 971/38/699
f 1007/481/704 1012/478/701 1008/234/705
f 1006/236/706 1011/477/700 1007/481/704
f 1005/85/668 1010/479/702 1006/236/706
f 967/57/707 1008/234/705 969/480/703
f 1003/482/708 1008/234/705 1004/483/709
f 1002/484/710 1007/481/704 1003/482/708
f 1001/459/666 1006/236/706 1002/484/710
f 965/9/711 1004/483/709 967/57/707
f 999/485/712 1004/483/709 1000/486/713
f 998/242/714 1003/482/708 999/485/712
f 997/458/664 1002/484/710 998/242/714
f 963/35/715 1000/486/713 965/9/711
f 996/487/716 999/485/712 1000/486/713
f 994/488/717 999/485/712 995/489/718
f 993/457/663 998/242/714 994/488/717
f 961/5/719 996/487/716 963/35/715
f 992/246/720 995/489/718 996/487/716
f 991/490/721 994/488/717 995/489/718
f 990/491/722 993/457/663 994/488/717
f 988/249/723 961/5/719 959/44/724
f 988/249/723 991/490/721 992/246/720
f 987/492/725 990/491/722 991/490/721
f 986/493/726 989/456/661 990/491/722
f 981/252/684 959/44/724 957/3/681
f 981/252/684 987/492/725 988/249/723
f 982/253/683 986/493/726 987/492/725
f 983/494/686 985/79/659 986/493/726
f 1045/29/128 1037/43/128 1029/31/128
f 1028/27/727 1051/28/86 1029/75/728
f 1030/25/729 1029/75/728 1031/21/730
f 1030/22/124 1038/23/124 1050/24/124
f 1032/73/731 1031/21/730 1033/19/731
f 1035/17/732 1032/73/731 1033/19/731
f 1037/71/733 1034/18/734 1035/17/732
f 1039/495/75 1036/66/735 1037/71/733
f 1041/11/736 1038/496/74 1039/495/75
f 1043/9/737 1040/58/738 1041/11/736
f 1045/7/739 1042/349/740 1043/9/737
f 1050/497/741 1045/7/739 1049/5/742
f 1048/68/743 1049/5/742 1047/44/744
f 1046/1/64 1047/44/744 1051/3/86
f 1069/55/128 1061/30/128 1053/31/128
f 1052/63/533 1075/28/62 1053/75/532
f 1054/25/531 1053/75/532 1055/21/530
f 1054/22/124 1062/23/124 1074/62/124
f 1056/73/529 1055/21/530 1057/19/529
f 1059/17/528 1056/73/529 1057/19/529
f 1061/15/526 1058/18/527 1059/17/528
f 1063/13/51 1060/39/525 1061/15/526
f 1065/498/524 1062/14/50 1063/13/51
f 1067/9/522 1064/12/523 1065/498/524
f 1069/7/520 1066/342/521 1067/9/522
f 1074/341/519 1069/7/520 1073/5/518
f 1072/499/517 1073/5/518 1071/44/516
f 1070/1/40 1071/44/516 1075/3/62
f 1093/29/745 1085/30/745 1077/31/745
f 1076/40/746 1099/28/1 1077/54/746
f 1078/25/747 1077/54/746 1079/21/747
f 1078/22/748 1086/23/748 1098/24/748
f 1080/20/749 1079/21/747 1081/19/749
f 1083/17/750 1080/20/749 1081/19/749
f 1085/15/751 1082/18/750 1083/17/750
f 1087/13/7 1084/60/751 1085/15/751
f 1089/36/752 1086/14/7 1087/13/7
f 1091/9/753 1088/500/752 1089/36/752
f 1092/114/754 1091/9/753 1093/7/754
f 1098/6/755 1093/7/754 1097/5/755
f 1096/56/756 1097/5/755 1095/344/756
f 1094/1/1 1095/344/756 1099/3/1
f 1117/55/757 1109/43/757 1101/31/757
f 1101/26/758 1100/27/759 1121/28/760
f 1103/21/761 1100/27/759 1101/26/758
f 1104/501/762 1112/502/762 1116/503/762
f 1105/19/763 1102/25/764 1103/21/761
f 1106/504/765 1105/19/763 1107/17/766
f 1108/66/767 1107/17/766 1109/38/768
f 1110/14/769 1109/38/768 1111/13/7
f 1112/505/770 1111/13/7 1113/57/771
f 1114/10/772 1113/57/771 1115/351/773
f 1116/8/774 1115/351/773 1117/7/774
f 1119/506/775 1116/8/774 1117/7/774
f 1118/2/776 1120/6/777 1119/506/775
f 1121/3/760 1120/6/777 1118/2/776
f 1139/55/757 1131/30/757 1123/31/757
f 1122/27/778 1393/128/779 1383/507/780
f 1124/25/781 1383/507/780 1384/508/782
f 1124/22/783 1132/23/783 1144/24/783
f 1126/20/784 1384/508/782 1385/188/785
f 1128/509/786 1385/188/785 1386/191/787
f 1130/66/788 1386/191/787 1387/510/789
f 1132/14/790 1387/510/789 1388/149/7
f 1389/153/791 1132/14/790 1388/149/7
f 1390/511/792 1134/12/793 1389/153/791
f 1391/162/794 1136/342/795 1390/511/792
f 1392/512/796 1138/34/797 1391/162/794
f 1394/513/798 1144/6/799 1392/512/796
f 1393/514/779 1142/257/800 1394/513/798
f 1163/55/14 1155/30/14 1147/31/14
f 1146/27/13 1169/28/801 1147/26/13
f 1148/25/11 1147/26/13 1149/21/11
f 1148/22/12 1156/23/12 1164/24/802
f 1150/20/10 1149/21/11 1151/19/10
f 1152/18/9 1151/19/10 1153/17/9
f 1154/16/8 1153/17/9 1155/15/8
f 1156/14/7 1155/15/8 1157/13/7
f 1158/12/6 1157/13/7 1159/11/6
f 1160/10/5 1159/11/6 1161/9/5
f 1162/8/4 1161/9/5 1163/7/4
f 1164/6/803 1163/7/4 1165/5/804
f 1166/4/805 1165/5/804 1167/44/806
f 1169/3/801 1166/4/805 1167/44/806
f 1187/55/807 1179/30/808 1171/31/809
f 1170/27/810 1193/28/811 1171/26/812
f 1173/21/813 1170/27/810 1171/26/812
f 1172/22/814 1180/23/814 1192/24/814
f 1174/20/815 1173/21/813 1175/19/816
f 1176/18/817 1175/19/816 1177/515/818
f 1179/15/819 1176/18/817 1177/515/818
f 1181/13/820 1178/60/821 1179/15/819
f 1183/11/822 1180/14/823 1181/13/820
f 1185/9/824 1182/12/825 1183/11/822
f 1187/76/826 1184/10/827 1185/9/824
f 1192/6/828 1187/76/826 1191/5/829
f 1190/68/830 1191/5/829 1189/2/831
f 1188/1/832 1189/2/831 1193/212/811
f 1211/29/757 1203/30/757 1195/516/757
f 1195/26/746 1212/67/1 1217/28/1
f 1197/21/833 1194/40/746 1195/26/746
f 1196/22/783 1204/23/783 1216/24/783
f 1199/19/834 1196/25/833 1197/21/833
f 1200/18/835 1199/19/834 1201/17/835
f 1202/60/751 1201/17/835 1203/50/751
f 1204/14/7 1203/50/751 1205/495/7
f 1206/12/752 1205/495/7 1207/11/752
f 1208/10/836 1207/11/752 1209/9/836
f 1210/8/837 1209/9/836 1211/348/837
f 1215/5/838 1210/8/837 1211/348/837
f 1213/44/756 1216/6/838 1215/5/838
f 1217/3/1 1214/4/756 1213/44/756
f 1235/29/14 1227/43/14 1219/31/14
f 1218/40/839 1406/128/840 1395/517/841
f 1220/25/842 1395/517/841 1396/518/843
f 1220/22/12 1228/23/12 1236/24/12
f 1222/20/844 1396/518/843 1397/188/845
f 1224/18/846 1397/188/845 1398/446/847
f 1226/60/848 1398/446/847 1399/519/849
f 1228/520/850 1399/519/849 1400/521/851
f 1401/153/852 1228/520/850 1400/521/851
f 1402/522/853 1230/12/854 1401/153/852
f 1403/523/855 1232/10/856 1402/522/853
f 1404/524/857 1234/8/858 1403/523/855
f 1405/169/859 1236/6/860 1404/524/857
f 1406/296/840 1238/257/861 1405/169/859
f 1259/29/14 1251/30/14 1243/31/14
f 1242/27/13 1265/28/1 1243/26/13
f 1244/25/11 1243/26/13 1245/21/11
f 1244/22/12 1252/23/12 1260/24/12
f 1246/20/10 1245/21/11 1247/19/10
f 1248/18/9 1247/19/10 1249/17/9
f 1250/16/8 1249/17/9 1251/15/8
f 1252/14/7 1251/15/8 1253/13/7
f 1254/12/6 1253/13/7 1255/11/6
f 1256/10/5 1255/11/6 1257/9/5
f 1258/8/4 1257/9/5 1259/7/4
f 1260/6/3 1259/7/4 1261/5/3
f 1262/4/2 1261/5/3 1263/2/2
f 1264/1/1 1263/2/2 1265/3/1
f 1283/29/14 1275/30/14 1267/31/14
f 1266/27/13 1289/353/1 1267/26/13
f 1268/25/11 1267/26/13 1269/21/11
f 1268/22/12 1276/53/12 1284/24/12
f 1270/20/10 1269/21/11 1271/19/10
f 1272/18/9 1271/19/10 1273/17/9
f 1274/66/8 1273/17/9 1275/38/8
f 1276/14/7 1275/38/8 1277/13/7
f 1278/12/6 1277/13/7 1279/11/6
f 1280/10/5 1279/11/6 1281/9/5
f 1282/8/4 1281/9/5 1283/7/4
f 1284/6/3 1283/7/4 1285/5/3
f 1286/4/2 1285/5/3 1287/2/2
f 1288/1/1 1287/2/2 1289/3/1
f 1291/1/1 1292/32/2 1290/3/1
f 1293/257/2 1294/5/3 1292/32/2
f 1295/6/3 1296/7/4 1294/5/3
f 1297/8/4 1298/9/5 1296/7/4
f 1299/10/5 1300/380/6 1298/9/5
f 1301/49/6 1302/13/7 1300/380/6
f 1303/14/7 1304/38/8 1302/13/7
f 1305/66/8 1306/17/9 1304/38/8
f 1307/18/9 1308/19/10 1306/17/9
f 1309/20/10 1310/21/11 1308/19/10
f 1311/77/12 1303/23/12 1295/62/12
f 1311/25/11 1312/26/13 1310/21/11
f 1313/27/13 1290/28/1 1312/26/13
f 1296/29/14 1304/43/14 1312/31/14
f 1315/1/1 1316/2/2 1314/3/1
f 1317/4/2 1318/5/3 1316/2/2
f 1319/6/3 1320/159/4 1318/5/3
f 1321/114/4 1322/9/5 1320/159/4
f 1323/10/5 1324/380/6 1322/9/5
f 1325/49/6 1326/13/7 1324/380/6
f 1327/14/7 1328/38/8 1326/13/7
f 1329/66/8 1330/17/9 1328/38/8
f 1331/18/9 1332/19/10 1330/17/9
f 1333/20/10 1334/21/11 1332/19/10
f 1335/22/12 1327/23/12 1319/24/12
f 1335/25/11 1336/26/13 1334/21/11
f 1337/27/13 1314/28/1 1336/26/13
f 1320/55/14 1328/30/14 1336/31/14
f 1339/1/1 1340/32/2 1338/3/1
f 1341/257/2 1342/5/3 1340/32/2
f 1343/6/3 1344/7/4 1342/5/3
f 1345/8/4 1346/9/5 1344/7/4
f 1347/10/5 1348/380/6 1346/9/5
f 1349/49/6 1350/13/7 1348/380/6
f 1351/14/862 1352/38/8 1350/13/7
f 1352/38/8 1354/18/863 1353/17/9
f 1354/18/863 1355/19/10 1353/17/9
f 1356/20/10 1357/21/11 1355/19/10
f 1339/525/12 1354/526/12 1345/503/12
f 1358/25/11 1359/26/13 1357/21/11
f 1360/27/13 1338/28/1 1359/26/13
f 1344/29/14 1352/30/14 1359/31/14
f 1361/3/864 1362/1/865 1363/32/866
f 1363/32/866 1365/6/867 1364/5/3
f 1365/6/867 1366/7/4 1364/5/3
f 1367/8/4 1368/9/5 1366/7/4
f 1369/10/5 1370/11/6 1368/9/5
f 1371/12/6 1372/13/7 1370/11/6
f 1373/14/7 1374/38/8 1372/13/7
f 1375/66/8 1376/17/9 1374/38/8
f 1377/18/9 1378/19/10 1376/17/9
f 1379/20/10 1380/21/11 1378/19/10
f 1377/527/12 1369/95/12 1365/24/868
f 1380/21/11 1381/25/869 1382/26/870
f 1381/25/869 1361/28/864 1382/26/870
f 1366/29/14 1374/30/14 1382/31/14
f 1393/514/779 1141/528/871 1145/3/872
f 1394/513/798 1143/5/873 1141/528/871
f 1392/512/796 1139/7/874 1143/5/873
f 1391/162/794 1137/529/875 1139/7/874
f 1390/511/792 1135/530/876 1137/529/875
f 1389/153/791 1133/13/877 1135/530/876
f 1133/13/877 1387/510/789 1131/38/878
f 1131/38/878 1386/191/787 1129/17/879
f 1129/17/879 1385/188/785 1127/19/880
f 1127/19/880 1384/508/782 1125/531/881
f 1125/531/881 1383/507/780 1123/75/882
f 1123/75/882 1393/128/779 1145/28/872
f 1406/296/840 1239/344/883 1241/212/884
f 1405/169/859 1237/5/885 1239/344/883
f 1404/524/857 1235/7/886 1237/5/885
f 1403/523/855 1233/9/887 1235/7/886
f 1402/522/853 1231/11/888 1233/9/887
f 1401/153/852 1229/13/889 1231/11/888
f 1229/13/889 1399/519/849 1227/15/890
f 1227/15/890 1398/446/847 1225/532/891
f 1225/532/891 1397/188/845 1223/19/892
f 1223/19/892 1396/518/843 1221/74/893
f 1221/74/893 1395/517/841 1219/75/894
f 1219/75/894 1406/128/840 1241/28/884
f 2/1/1 4/4/2 3/2/2
f 4/4/2 6/6/3 5/5/3
f 6/6/3 8/8/4 7/7/4
f 8/8/4 10/10/5 9/9/5
f 10/10/5 12/12/6 11/11/6
f 12/12/6 14/14/7 13/13/7
f 14/14/7 16/16/8 15/15/8
f 16/16/8 18/18/9 17/17/9
f 18/18/9 20/20/10 19/19/10
f 20/20/10 22/25/11 21/21/11
f 6/24/12 4/533/12 2/525/12
f 2/525/12 24/534/12 22/22/12
f 22/22/12 20/501/12 18/526/12
f 18/526/12 16/535/12 14/23/12
f 14/23/12 12/536/12 10/95/12
f 10/95/12 8/503/12 6/24/12
f 6/24/12 2/525/12 22/22/12
f 22/22/12 18/526/12 14/23/12
f 14/23/12 10/95/12 6/24/12
f 22/25/11 24/27/13 23/26/13
f 24/27/13 2/42/1 1/28/1
f 23/31/14 1/537/14 3/538/14
f 3/538/14 5/304/14 7/29/14
f 7/29/14 9/539/14 11/540/14
f 11/540/14 13/305/14 15/30/14
f 15/30/14 17/541/14 19/542/14
f 19/542/14 21/94/14 23/31/14
f 23/31/14 3/538/14 7/29/14
f 7/29/14 11/540/14 15/30/14
f 15/30/14 19/542/14 23/31/14
f 25/3/15 26/96/38 28/4/16
f 27/32/17 28/4/16 30/6/18
f 29/33/19 30/6/18 32/34/20
f 31/35/21 32/34/20 34/10/22
f 34/10/22 36/37/25 35/36/24
f 36/37/25 38/14/27 37/13/26
f 38/14/27 40/39/29 39/38/28
f 40/39/29 42/18/31 41/17/30
f 42/18/31 44/20/33 43/19/32
f 44/20/33 46/462/895 45/21/34
f 30/24/35 28/533/35 26/525/35
f 26/525/35 48/534/35 46/22/35
f 46/22/35 44/501/35 42/526/35
f 42/526/35 40/535/35 38/23/35
f 38/23/35 36/502/35 34/543/35
f 34/543/35 32/544/35 30/24/35
f 30/24/35 26/525/35 46/22/35
f 46/22/35 42/526/35 38/23/35
f 38/23/35 34/543/35 30/24/35
f 45/21/34 46/462/895 48/40/36
f 47/41/37 48/40/36 26/42/38
f 47/31/39 25/537/39 27/538/39
f 27/538/39 29/304/39 31/29/39
f 31/29/39 33/539/896 35/540/39
f 35/540/39 37/545/39 39/43/39
f 39/43/39 41/541/39 43/542/39
f 43/542/39 45/94/39 47/31/39
f 47/31/39 27/538/39 31/29/39
f 31/29/39 35/540/39 39/43/39
f 39/43/39 43/542/39 47/31/39
f 49/3/40 50/1/62 52/4/41
f 51/44/42 52/4/41 54/45/43
f 53/46/44 54/45/43 56/47/45
f 56/47/45 58/10/47 57/9/46
f 58/10/47 60/49/49 59/11/48
f 60/49/49 62/14/51 61/13/50
f 62/14/51 64/51/53 63/50/52
f 64/51/53 66/18/55 65/17/54
f 66/18/55 68/259/56 67/52/56
f 67/52/56 68/259/56 70/25/57
f 54/24/59 52/533/59 50/546/59
f 50/546/59 72/534/59 70/22/59
f 70/22/59 68/501/59 66/526/59
f 66/526/59 64/535/59 62/53/59
f 62/53/59 60/502/59 58/95/59
f 58/95/59 56/503/59 54/24/59
f 54/24/59 50/546/59 70/22/59
f 70/22/59 66/526/59 62/53/59
f 62/53/59 58/95/59 54/24/59
f 69/21/58 70/25/57 72/27/60
f 71/54/61 72/27/60 50/42/62
f 71/31/63 49/537/63 51/538/63
f 51/538/63 53/547/63 55/55/63
f 55/55/63 57/539/63 59/540/63
f 59/540/63 61/305/63 63/30/63
f 63/30/63 65/541/63 67/542/63
f 67/542/63 69/306/63 71/31/63
f 71/31/63 51/538/63 55/55/63
f 55/55/63 59/540/63 63/30/63
f 63/30/63 67/542/63 71/31/63
f 73/3/64 74/1/86 76/56/65
f 75/32/66 76/56/65 78/6/67
f 77/5/68 78/6/67 80/8/69
f 80/8/69 82/10/71 81/9/70
f 82/10/71 84/58/73 83/57/72
f 84/58/73 86/59/75 85/13/74
f 86/59/75 88/60/77 87/38/76
f 88/60/77 90/18/79 89/17/78
f 90/18/79 92/20/80 91/19/80
f 91/19/80 92/20/80 94/61/81
f 78/62/83 76/548/83 74/546/83
f 74/546/83 96/534/83 94/22/83
f 94/22/83 92/501/83 90/527/83
f 90/527/83 88/535/83 86/23/83
f 86/23/83 84/536/83 82/95/83
f 82/95/83 80/544/83 78/62/83
f 78/62/83 74/546/83 94/22/83
f 94/22/83 90/527/83 86/23/83
f 86/23/83 82/95/83 78/62/83
f 93/21/82 94/61/81 96/63/84
f 95/64/85 96/63/84 74/42/86
f 95/31/87 73/537/87 75/538/87
f 75/538/87 77/304/87 79/55/87
f 79/55/87 81/539/87 83/540/87
f 83/540/87 85/305/87 87/30/87
f 87/30/87 89/541/87 91/542/87
f 91/542/87 93/94/87 95/31/87
f 95/31/87 75/538/87 79/55/87
f 79/55/87 83/540/87 87/30/87
f 87/30/87 91/542/87 95/31/87
f 97/3/40 98/1/62 100/4/88
f 99/65/89 100/4/88 102/45/90
f 101/5/91 102/45/90 104/8/92
f 104/8/92 106/10/94 105/9/93
f 106/10/94 108/12/96 107/57/95
f 108/12/96 110/14/51 109/13/50
f 110/14/51 112/66/98 111/50/97
f 112/66/98 114/18/100 113/17/99
f 114/18/100 116/20/101 115/19/101
f 115/19/101 116/20/101 118/25/102
f 102/24/104 100/533/897 98/546/104
f 98/546/104 120/534/897 118/22/104
f 118/22/104 116/501/897 114/526/104
f 114/526/104 112/535/897 110/23/104
f 110/23/104 108/536/897 106/95/104
f 106/95/104 104/503/897 102/24/104
f 102/24/104 98/546/104 118/22/104
f 118/22/104 114/526/104 110/23/104
f 110/23/104 106/95/104 102/24/104
f 117/21/103 118/25/102 120/40/105
f 119/54/106 120/40/105 98/67/62
f 119/31/107 97/537/107 99/538/107
f 99/538/107 101/304/898 103/29/107
f 103/29/107 105/539/898 107/540/107
f 107/540/107 109/545/107 111/30/107
f 111/30/107 113/541/107 115/549/107
f 115/549/107 117/94/107 119/31/107
f 119/31/107 99/538/107 103/29/107
f 103/29/107 107/540/107 111/30/107
f 111/30/107 115/549/107 119/31/107
f 122/1/64 124/68/109 123/2/108
f 124/68/109 126/69/111 125/5/110
f 126/69/111 128/8/112 127/70/112
f 127/70/112 128/8/112 130/10/113
f 129/9/114 130/10/113 132/58/115
f 131/11/116 132/58/115 134/14/74
f 133/13/75 134/14/74 136/66/117
f 135/71/118 136/66/117 138/18/119
f 137/72/120 138/18/119 140/73/121
f 140/73/121 142/25/125 141/74/122
f 126/62/124 124/533/123 122/525/123
f 122/525/123 144/534/123 142/22/123
f 142/22/123 140/501/124 138/526/123
f 138/526/123 136/550/123 134/23/123
f 134/23/123 132/502/123 130/543/124
f 130/543/124 128/503/124 126/62/124
f 126/62/124 122/525/123 142/22/123
f 142/22/123 138/526/123 134/23/123
f 134/23/123 130/543/124 126/62/124
f 142/25/125 144/63/127 143/75/126
f 144/63/127 122/42/64 121/28/86
f 143/31/128 121/537/128 123/538/128
f 123/538/128 125/304/899 127/29/128
f 127/29/128 129/539/899 131/540/128
f 131/540/128 133/305/128 135/43/128
f 135/43/128 137/541/899 139/549/899
f 139/549/899 141/94/899 143/31/128
f 143/31/128 123/538/128 127/29/128
f 127/29/128 131/540/128 135/43/128
f 135/43/128 139/549/899 143/31/128
f 146/1/1 148/4/2 147/2/2
f 148/4/2 150/6/3 149/5/3
f 150/6/3 152/47/4 151/76/4
f 152/47/4 154/10/5 153/9/5
f 154/10/5 156/12/6 155/11/6
f 156/12/6 158/14/7 157/13/7
f 158/14/7 160/66/8 159/38/8
f 160/66/8 162/18/9 161/17/9
f 162/18/9 164/20/10 163/19/10
f 164/20/10 166/25/11 165/21/11
f 150/24/12 148/533/12 146/546/12
f 146/546/12 168/534/12 166/77/12
f 166/77/12 164/501/12 162/527/12
f 162/527/12 160/535/12 158/53/12
f 158/53/12 156/536/12 154/95/12
f 154/95/12 152/503/12 150/24/12
f 150/24/12 146/546/12 166/77/12
f 166/77/12 162/527/12 158/53/12
f 158/53/12 154/95/12 150/24/12
f 166/25/11 168/27/13 167/26/13
f 168/27/13 146/42/1 145/28/1
f 167/31/14 145/551/14 147/538/14
f 147/538/14 149/304/14 151/29/14
f 151/29/14 153/539/14 155/540/14
f 155/540/14 157/545/14 159/30/14
f 159/30/14 161/552/14 163/542/14
f 163/542/14 165/306/14 167/31/14
f 167/31/14 147/538/14 151/29/14
f 151/29/14 155/540/14 159/30/14
f 159/30/14 163/542/14 167/31/14
f 384/78/129 170/1/151 172/4/130
f 385/79/131 172/4/130 174/6/132
f 389/80/133 174/6/132 176/81/134
f 176/81/134 178/10/137 397/83/136
f 178/10/137 180/58/139 401/84/138
f 180/58/139 182/14/141 405/85/140
f 182/14/141 184/60/143 409/86/142
f 184/60/143 186/88/145 413/87/144
f 186/88/145 187/20/900 417/89/146
f 417/89/146 187/20/900 189/25/147
f 174/24/12 172/533/12 170/525/12
f 170/525/12 190/534/12 189/22/12
f 189/22/12 187/501/12 186/526/12
f 186/526/12 184/535/12 182/23/12
f 182/23/12 180/536/12 178/543/12
f 178/543/12 176/503/12 174/24/12
f 174/24/12 170/525/12 189/22/12
f 189/22/12 186/526/12 182/23/12
f 182/23/12 178/543/12 174/24/12
f 420/90/148 189/25/147 190/91/149
f 424/92/150 190/91/149 170/42/151
f 188/94/154 169/537/901 171/538/902
f 171/538/902 173/304/14 175/29/152
f 175/29/152 177/553/14 179/540/14
f 179/540/14 181/305/14 183/30/153
f 183/30/153 185/541/903 188/94/154
f 188/94/154 171/538/902 175/29/152
f 175/29/152 179/540/14 183/30/153
f 192/1/1 194/4/155 193/44/2
f 195/5/156 194/4/155 198/10/157
f 198/10/157 200/12/6 199/11/6
f 200/12/6 202/14/7 201/13/7
f 202/14/7 204/66/8 203/38/8
f 204/66/8 206/18/9 205/17/9
f 206/18/9 208/20/10 207/19/10
f 208/20/10 210/25/11 209/21/11
f 198/95/12 194/533/12 192/525/12
f 192/525/12 212/534/12 210/22/12
f 210/22/12 208/501/12 206/527/12
f 206/527/12 204/550/12 202/23/12
f 202/23/12 200/502/12 198/95/12
f 198/95/12 192/525/12 210/22/12
f 210/22/12 206/527/12 202/23/12
f 210/25/11 212/27/13 211/26/13
f 212/27/13 192/42/1 191/28/1
f 211/31/14 191/537/14 193/538/14
f 193/538/14 195/304/14 196/29/14
f 196/29/14 197/539/14 199/554/14
f 199/554/14 201/305/14 203/43/14
f 203/43/14 205/552/14 207/542/14
f 207/542/14 209/94/14 211/31/14
f 211/31/14 193/538/14 196/29/14
f 196/29/14 199/554/14 203/43/14
f 203/43/14 207/542/14 211/31/14
f 214/96/1 216/68/2 326/97/159
f 216/68/2 218/6/3 331/99/161
f 218/6/3 220/8/4 336/100/162
f 220/8/4 222/10/5 341/101/163
f 222/10/5 224/12/6 346/102/164
f 224/12/6 226/14/7 351/103/165
f 226/14/7 228/66/8 356/104/166
f 228/66/8 230/18/9 361/105/167
f 230/18/9 232/20/10 366/106/168
f 232/20/10 234/25/11 371/107/169
f 218/24/12 216/533/12 214/525/12
f 214/525/12 236/534/12 234/22/12
f 234/22/12 232/501/12 230/526/12
f 230/526/12 228/550/12 226/23/12
f 226/23/12 224/536/12 222/95/12
f 222/95/12 220/503/12 218/24/12
f 218/24/12 214/525/12 234/22/12
f 234/22/12 230/526/12 226/23/12
f 226/23/12 222/95/12 218/24/12
f 234/25/11 236/40/13 376/108/170
f 236/40/13 214/42/1 325/109/160
f 235/31/14 213/537/14 215/538/14
f 215/538/14 217/304/14 219/29/14
f 219/29/14 221/539/14 223/540/14
f 223/540/14 225/305/14 227/43/14
f 227/43/14 229/541/14 231/542/14
f 231/542/14 233/94/14 235/31/14
f 235/31/14 215/538/14 219/29/14
f 219/29/14 223/540/14 227/43/14
f 227/43/14 231/542/14 235/31/14
f 238/1/1 240/4/2 266/110/171
f 240/4/2 242/6/3 271/112/173
f 242/6/3 244/114/4 276/113/174
f 244/114/4 246/10/5 281/115/175
f 246/10/5 248/12/6 286/116/176
f 248/12/6 250/14/7 291/117/177
f 250/14/7 252/66/8 296/118/178
f 252/66/8 254/18/9 301/119/179
f 254/18/9 256/20/10 306/106/180
f 256/20/10 258/25/11 311/120/181
f 242/24/12 240/548/12 238/525/12
f 238/525/12 260/534/12 258/22/12
f 258/22/12 256/501/12 254/527/12
f 254/527/12 252/535/12 250/23/12
f 250/23/12 248/502/12 246/95/12
f 246/95/12 244/503/12 242/24/12
f 242/24/12 238/525/12 258/22/12
f 258/22/12 254/527/12 250/23/12
f 250/23/12 246/95/12 242/24/12
f 258/25/11 260/27/13 316/108/182
f 260/27/13 238/42/1 265/121/172
f 259/31/14 237/537/14 239/555/14
f 239/555/14 241/304/14 243/29/14
f 243/29/14 245/539/14 247/554/14
f 247/554/14 249/305/14 251/30/14
f 251/30/14 253/552/14 255/542/14
f 255/542/14 257/94/14 259/31/14
f 259/31/14 239/555/14 243/29/14
f 243/29/14 247/554/14 251/30/14
f 251/30/14 255/542/14 259/31/14
f 320/122/183 261/124/185 237/28/1
f 319/123/184 262/126/187 261/124/185
f 318/125/186 263/128/189 262/126/187
f 318/125/186 317/129/190 264/127/188
f 317/129/190 316/108/182 265/121/172
f 315/130/191 320/122/183 259/26/13
f 314/131/192 319/123/184 320/122/183
f 313/132/193 318/125/186 319/123/184
f 313/132/193 312/133/194 317/129/190
f 312/133/194 311/120/181 316/108/182
f 310/134/195 315/130/191 257/21/11
f 310/134/195 309/136/197 314/131/192
f 308/135/196 313/132/193 314/131/192
f 308/135/196 307/137/198 312/133/194
f 306/106/180 311/120/181 312/133/194
f 305/138/199 310/134/195 255/19/10
f 305/138/199 304/139/200 309/136/197
f 304/139/200 303/141/202 308/135/196
f 302/140/201 307/137/198 308/135/196
f 301/119/179 306/106/180 307/137/198
f 300/142/203 305/138/199 253/17/9
f 300/142/203 299/143/204 304/139/200
f 299/143/204 298/145/206 303/141/202
f 297/144/205 302/140/201 303/141/202
f 296/118/178 301/119/179 302/140/201
f 295/146/207 300/142/203 251/38/8
f 295/146/207 294/147/208 299/143/204
f 294/147/208 293/149/210 298/145/206
f 292/148/209 297/144/205 298/145/206
f 291/117/177 296/118/178 297/144/205
f 290/150/211 295/146/207 249/13/7
f 290/150/211 289/151/212 294/147/208
f 289/151/212 288/153/214 293/149/210
f 287/152/213 292/148/209 293/149/210
f 286/116/176 291/117/177 292/148/209
f 285/154/215 290/150/211 247/11/6
f 285/154/215 284/155/216 289/151/212
f 284/155/216 283/157/218 288/153/214
f 282/156/217 287/152/213 288/153/214
f 281/115/175 286/116/176 287/152/213
f 280/158/219 285/154/215 245/9/5
f 280/158/219 279/160/220 284/155/216
f 279/160/220 278/162/222 283/157/218
f 277/161/221 282/156/217 283/157/218
f 277/161/221 276/113/174 281/115/175
f 275/163/223 280/158/219 243/159/4
f 274/164/224 279/160/220 280/158/219
f 273/165/225 278/162/222 279/160/220
f 273/165/225 272/166/226 277/161/221
f 272/166/226 271/112/173 276/113/174
f 270/167/227 275/163/223 241/5/3
f 269/168/228 274/164/224 275/163/223
f 268/169/229 273/165/225 274/164/224
f 268/169/229 267/170/230 272/166/226
f 267/170/230 266/110/171 271/112/173
f 261/171/185 270/167/227 239/2/2
f 262/172/187 269/168/228 270/167/227
f 263/173/189 268/169/229 269/168/228
f 263/173/189 264/174/188 267/170/230
f 264/174/188 265/111/172 266/110/171
f 380/175/231 321/177/233 213/28/1
f 380/175/231 379/123/234 322/176/232
f 379/123/234 378/180/236 323/178/1
f 377/179/235 324/127/237 323/178/1
f 376/108/170 325/109/160 324/127/237
f 375/181/238 380/175/231 235/54/13
f 375/181/238 374/182/239 379/123/234
f 374/182/239 373/184/241 378/180/236
f 372/183/240 377/179/235 378/180/236
f 371/107/169 376/108/170 377/179/235
f 370/185/168 375/181/238 233/21/11
f 370/185/168 369/186/242 374/182/239
f 369/186/242 368/188/243 373/184/241
f 367/187/242 372/183/240 373/184/241
f 366/106/168 371/107/169 372/183/240
f 365/189/244 370/185/168 231/19/10
f 365/189/244 364/190/245 369/186/242
f 364/190/245 363/191/247 368/188/243
f 362/140/246 367/187/242 368/188/243
f 361/105/167 366/106/168 367/187/242
f 360/192/248 365/189/244 229/17/9
f 360/192/248 359/193/249 364/190/245
f 359/193/249 358/194/251 363/191/247
f 357/144/250 362/140/246 363/191/247
f 356/104/166 361/105/167 362/140/246
f 355/146/252 360/192/248 227/38/8
f 355/146/252 354/147/253 359/193/249
f 354/147/253 353/196/7 358/194/251
f 352/195/254 357/144/250 358/194/251
f 351/103/165 356/104/166 357/144/250
f 350/150/255 355/146/252 225/13/7
f 349/151/256 354/147/253 355/146/252
f 348/197/257 353/196/7 354/147/253
f 348/197/257 347/198/258 352/195/254
f 347/198/258 346/102/164 351/103/165
f 345/199/259 350/150/255 223/11/6
f 344/155/260 349/151/256 350/150/255
f 343/200/261 348/197/257 349/151/256
f 343/200/261 342/201/262 347/198/258
f 342/201/262 341/101/163 346/102/164
f 340/158/162 345/199/259 221/9/5
f 339/202/263 344/155/260 345/199/259
f 338/162/264 343/200/261 344/155/260
f 338/162/264 337/203/263 342/201/262
f 337/203/263 336/100/162 341/101/163
f 335/204/265 340/158/162 219/7/4
f 334/205/266 339/202/263 340/158/162
f 333/165/267 338/162/264 339/202/263
f 333/165/267 332/206/268 337/203/263
f 332/206/268 331/99/161 336/100/162
f 330/207/269 335/204/265 217/5/3
f 329/208/270 334/205/266 335/204/265
f 328/209/271 333/165/267 334/205/266
f 328/209/271 327/210/272 332/206/268
f 327/210/272 326/97/159 331/99/161
f 321/211/233 330/207/269 215/44/2
f 322/213/232 329/208/270 330/207/269
f 323/214/1 328/209/271 329/208/270
f 323/214/1 324/215/237 327/210/272
f 324/215/237 325/98/160 326/97/159
f 427/216/273 381/219/277 169/28/274
f 427/216/273 426/220/278 382/218/276
f 426/220/278 425/222/279 383/221/1
f 425/222/279 424/92/150 384/93/129
f 423/223/280 422/225/282 426/220/278
f 421/224/281 425/222/279 426/220/278
f 420/90/148 424/92/150 425/222/279
f 419/226/283 418/227/284 422/225/282
f 417/89/146 420/90/148 421/224/281
f 185/17/285 416/229/287 419/226/283
f 415/228/286 418/227/284 419/226/283
f 414/230/288 413/87/144 417/89/146
f 412/231/289 416/229/287 185/17/285
f 411/232/290 415/228/286 416/229/287
f 410/233/291 414/230/288 415/228/286
f 409/86/142 413/87/144 414/230/288
f 408/234/292 412/231/289 183/38/8
f 407/235/293 411/232/290 412/231/289
f 406/236/7 410/233/291 411/232/290
f 405/85/140 409/86/142 410/233/291
f 404/237/294 408/234/292 181/13/7
f 403/238/295 407/235/293 408/234/292
f 402/239/296 406/236/7 407/235/293
f 401/84/138 405/85/140 406/236/7
f 400/240/297 404/237/294 179/11/6
f 399/241/298 403/238/295 404/237/294
f 398/242/299 402/239/296 403/238/295
f 397/83/136 401/84/138 402/239/296
f 396/243/300 400/240/297 177/9/5
f 395/244/301 399/241/298 400/240/297
f 394/245/302 398/242/299 399/241/298
f 393/82/135 397/83/136 398/242/299
f 392/246/303 396/243/300 175/7/4
f 392/246/303 391/247/304 395/244/301
f 391/247/304 390/248/305 394/245/302
f 390/248/305 389/80/133 393/82/135
f 388/249/306 392/246/303 173/5/3
f 388/249/306 387/250/307 391/247/304
f 387/250/307 386/251/308 390/248/305
f 386/251/308 385/79/131 389/80/133
f 381/252/277 388/249/306 171/2/2
f 381/252/277 382/253/276 387/250/307
f 382/253/276 383/254/1 386/251/308
f 383/254/1 384/78/129 385/79/131
f 428/6/309 453/8/336 485/100/310
f 431/4/312 433/556/904 432/33/313
f 432/33/313 433/556/904 435/34/315
f 434/7/316 435/34/315 437/10/317
f 436/9/318 437/10/317 439/12/319
f 438/11/320 439/12/319 441/14/321
f 440/13/322 441/14/321 443/66/323
f 442/256/324 443/66/323 445/18/325
f 445/18/325 447/259/327 446/19/327
f 448/257/328 428/6/309 480/255/311
f 446/19/905 430/44/906 432/33/14
f 432/33/14 434/7/14 436/9/14
f 436/9/14 438/11/14 440/13/14
f 440/13/14 442/256/14 444/17/14
f 444/17/14 446/19/905 432/33/14
f 432/33/14 436/9/14 440/13/14
f 450/1/330 448/257/328 475/258/329
f 430/44/332 446/19/332 447/259/333
f 435/34/12 433/556/12 431/4/335
f 431/4/335 447/259/907 445/18/12
f 445/18/12 443/66/12 441/14/12
f 441/14/12 439/12/12 437/10/12
f 437/10/12 435/34/12 431/4/335
f 431/4/335 445/18/12 441/14/12
f 453/8/336 455/10/386 490/115/337
f 490/115/337 455/10/386 457/49/338
f 457/49/338 459/14/341 500/103/340
f 459/14/341 461/261/343 505/104/342
f 461/261/343 463/18/345 510/105/344
f 463/18/345 465/262/347 515/106/346
f 465/262/347 467/25/349 520/120/348
f 428/24/14 448/533/14 450/546/14
f 450/546/14 469/534/14 467/22/14
f 467/22/14 465/501/14 463/526/14
f 463/526/14 461/535/14 459/23/14
f 459/23/14 457/536/14 455/95/14
f 455/95/14 453/544/14 428/24/14
f 428/24/14 450/546/14 467/22/14
f 467/22/14 463/526/14 459/23/14
f 459/23/14 455/95/14 428/24/14
f 467/25/349 469/264/351 525/263/350
f 469/264/351 450/42/330 474/121/331
f 468/31/12 451/537/12 449/538/12
f 449/538/12 429/304/12 452/29/12
f 452/29/12 454/539/12 456/540/12
f 456/540/12 458/305/12 460/30/12
f 460/30/12 462/541/12 464/542/12
f 464/542/12 466/306/12 468/31/12
f 468/31/12 449/538/12 452/29/12
f 452/29/12 456/540/12 460/30/12
f 460/30/12 464/542/12 468/31/12
f 529/265/352 470/124/355 451/28/330
f 528/266/354 471/267/357 470/124/355
f 527/125/356 472/128/359 471/267/357
f 527/125/356 526/269/360 473/268/358
f 526/269/360 525/263/350 474/121/331
f 524/270/361 529/265/352 468/54/353
f 523/182/362 528/266/354 529/265/352
f 522/271/363 527/125/356 528/266/354
f 522/271/363 521/272/364 526/269/360
f 521/272/364 520/120/348 525/263/350
f 519/134/365 524/270/361 466/21/349
f 518/273/366 523/182/362 524/270/361
f 517/188/367 522/271/363 523/182/362
f 517/188/367 516/274/368 521/272/364
f 515/106/346 520/120/348 521/272/364
f 514/275/369 519/134/365 464/19/347
f 514/275/369 513/190/370 518/273/366
f 513/190/370 512/191/372 517/188/367
f 511/140/371 516/274/368 517/188/367
f 510/105/344 515/106/346 516/274/368
f 509/276/373 514/275/369 462/17/345
f 509/276/373 508/277/374 513/190/370
f 508/277/374 507/278/376 512/191/372
f 506/144/375 511/140/371 512/191/372
f 505/104/342 510/105/344 511/140/371
f 504/279/377 509/276/373 460/38/343
f 504/279/377 503/280/378 508/277/374
f 503/280/378 502/149/380 507/278/376
f 501/281/379 506/144/375 507/278/376
f 500/103/340 505/104/342 506/144/375
f 499/150/381 504/279/377 458/13/341
f 499/150/381 498/282/382 503/280/378
f 498/282/382 497/284/384 502/149/380
f 496/283/383 501/281/379 502/149/380
f 495/260/339 500/103/340 501/281/379
f 494/285/385 499/150/381 456/11/338
f 494/285/385 493/286/387 498/282/382
f 493/286/387 492/200/389 497/284/384
f 491/287/388 496/283/383 497/284/384
f 490/115/337 495/260/339 496/283/383
f 489/288/390 494/285/385 454/9/386
f 489/288/390 488/289/391 493/286/387
f 488/289/391 487/162/393 492/200/389
f 486/203/392 491/287/388 492/200/389
f 485/100/310 490/115/337 491/287/388
f 484/290/394 489/288/390 452/70/336
f 483/205/396 488/289/391 489/288/390
f 482/165/397 487/162/393 488/289/391
f 482/165/397 481/166/398 486/203/392
f 481/166/398 480/255/311 485/100/310
f 479/291/399 484/290/394 429/5/395
f 478/292/400 483/205/396 484/290/394
f 477/293/401 482/165/397 483/205/396
f 477/293/401 476/294/402 481/166/398
f 476/294/402 475/258/329 480/255/311
f 470/295/355 479/291/399 449/32/328
f 471/172/357 478/292/400 479/291/399
f 472/296/359 477/293/401 478/292/400
f 472/296/359 473/297/358 476/294/402
f 473/297/358 474/111/331 475/258/329
f 530/1/1 532/4/2 558/298/403
f 532/4/2 534/6/3 562/299/405
f 534/6/3 536/8/4 566/300/406
f 536/8/4 538/10/5 569/115/407
f 538/10/5 540/12/6 574/116/408
f 540/12/6 542/14/7 579/301/409
f 542/14/7 544/66/8 584/104/410
f 544/66/8 546/18/9 589/105/411
f 546/18/9 548/20/10 594/302/412
f 548/20/10 550/25/11 599/120/413
f 534/24/12 532/533/12 530/525/12
f 530/525/12 552/534/12 550/77/12
f 550/77/12 548/501/12 546/526/12
f 546/526/12 544/535/12 542/23/12
f 542/23/12 540/536/12 538/95/12
f 538/95/12 536/503/12 534/24/12
f 534/24/12 530/525/12 550/77/12
f 550/77/12 546/526/12 542/23/12
f 542/23/12 538/95/12 534/24/12
f 550/25/11 552/27/13 604/303/414
f 552/27/13 530/42/1 557/121/404
f 551/31/908 531/538/909 533/304/415
f 533/304/415 535/29/14 537/539/14
f 537/539/14 539/540/14 541/305/14
f 541/305/14 543/30/14 545/541/14
f 545/541/14 547/542/14 549/306/416
f 549/306/416 551/31/908 533/304/415
f 533/304/415 537/539/14 541/305/14
f 541/305/14 545/541/14 549/306/416
f 551/26/417 608/309/420 553/307/418
f 608/309/420 607/123/422 554/310/421
f 607/123/422 606/313/425 555/311/423
f 605/312/424 556/314/426 555/311/423
f 604/303/414 557/121/404 556/314/426
f 549/21/427 603/181/428 608/309/420
f 603/181/428 602/182/429 607/123/422
f 602/182/429 601/132/431 606/313/425
f 600/133/430 605/312/424 606/313/425
f 599/120/413 604/303/414 605/312/424
f 598/134/412 603/181/428 549/21/427
f 598/134/412 597/315/432 602/182/429
f 597/315/432 596/135/433 601/132/431
f 595/316/432 600/133/430 601/132/431
f 594/302/412 599/120/413 600/133/430
f 593/317/434 598/134/412 547/19/10
f 593/317/434 592/318/435 597/315/432
f 592/318/435 591/191/437 596/135/433
f 590/319/436 595/316/432 596/135/433
f 589/105/411 594/302/412 595/316/432
f 588/192/438 593/317/434 545/17/9
f 588/192/438 587/320/439 592/318/435
f 587/320/439 586/194/441 591/191/437
f 585/321/440 590/319/436 591/191/437
f 584/104/410 589/105/411 590/319/436
f 583/322/442 588/192/438 543/38/8
f 583/322/442 582/323/443 587/320/439
f 582/323/443 581/149/7 586/194/441
f 580/148/444 585/321/440 586/194/441
f 579/301/409 584/104/410 585/321/440
f 578/324/445 583/322/442 541/13/7
f 577/325/446 582/323/443 583/322/442
f 576/197/447 581/149/7 582/323/443
f 576/197/447 575/326/448 580/148/444
f 575/326/448 574/116/408 579/301/409
f 573/199/449 578/324/445 539/11/6
f 572/155/450 577/325/446 578/324/445
f 571/327/451 576/197/447 577/325/446
f 570/328/452 575/326/448 576/197/447
f 570/328/452 569/115/407 574/116/408
f 568/329/453 573/199/449 537/9/5
f 568/329/453 564/330/454 572/155/450
f 567/331/455 570/328/452 571/327/451
f 567/331/455 566/300/406 569/115/407
f 565/332/456 568/329/453 535/7/4
f 563/333/458 562/299/405 566/300/406
f 561/334/459 565/332/456 533/5/457
f 560/335/460 564/330/454 565/332/456
f 559/336/461 558/298/403 562/299/405
f 554/338/421 560/335/460 561/334/459
f 555/296/423 559/336/461 560/335/460
f 556/339/426 557/111/404 558/298/403
f 614/1/462 612/340/465 613/2/463
f 612/340/465 610/341/467 611/5/466
f 610/341/467 616/8/468 615/7/468
f 615/7/468 616/8/468 618/342/469
f 617/9/470 618/342/469 620/343/471
f 619/11/472 620/343/471 622/14/473
f 621/13/474 622/14/473 624/60/475
f 623/50/476 624/60/475 626/18/477
f 625/17/478 626/18/477 628/20/479
f 628/20/479 630/25/482 629/21/480
f 610/24/481 612/533/481 614/525/481
f 614/525/481 632/534/481 630/22/481
f 630/22/481 628/557/481 626/526/481
f 626/526/481 624/535/481 622/23/481
f 622/23/481 620/536/481 618/95/481
f 618/95/481 616/503/481 610/24/481
f 610/24/481 614/525/481 630/22/481
f 630/22/481 626/526/481 622/23/481
f 622/23/481 618/95/481 610/24/481
f 630/25/482 632/63/484 631/26/483
f 632/63/484 614/67/462 609/28/464
f 631/31/485 609/537/485 613/538/485
f 613/538/485 611/304/485 615/29/485
f 615/29/485 617/539/485 619/540/485
f 619/540/485 621/305/485 623/30/485
f 623/30/485 625/541/485 627/542/485
f 627/542/485 629/94/485 631/31/485
f 631/31/485 613/538/485 615/29/485
f 615/29/485 619/540/485 623/30/485
f 623/30/485 627/542/485 631/31/485
f 638/1/64 636/345/487 637/344/486
f 636/345/487 634/6/488 635/33/488
f 634/6/488 640/8/489 639/76/489
f 639/76/489 640/8/489 642/10/490
f 641/9/490 642/10/490 644/343/491
f 643/36/492 644/343/491 646/14/74
f 645/13/75 646/14/74 648/66/493
f 647/71/494 648/66/493 650/18/495
f 649/17/495 650/18/495 652/73/496
f 652/73/496 654/25/497 653/21/497
f 634/24/481 636/533/481 638/525/481
f 638/525/481 656/534/481 654/22/481
f 654/22/481 652/501/481 650/526/481
f 650/526/481 648/535/481 646/53/481
f 646/53/481 644/536/481 642/95/481
f 642/95/481 640/503/481 634/24/481
f 634/24/481 638/525/481 654/22/481
f 654/22/481 650/526/481 646/53/481
f 646/53/481 642/95/481 634/24/481
f 654/25/497 656/63/499 655/26/498
f 656/63/499 638/67/64 633/28/86
f 655/31/485 633/537/485 637/538/485
f 637/538/485 635/304/485 639/29/485
f 639/29/485 641/539/485 643/540/485
f 643/540/485 645/305/485 647/30/485
f 647/30/485 649/541/485 651/542/485
f 651/542/485 653/94/485 655/31/485
f 655/31/485 637/538/485 639/29/485
f 639/29/485 643/540/485 647/30/485
f 647/30/485 651/542/485 655/31/485
f 662/1/500 660/68/503 661/32/501
f 660/68/503 658/45/505 659/347/504
f 658/45/505 664/47/112 663/348/506
f 663/348/506 664/47/112 666/349/507
f 665/9/508 666/349/507 668/12/115
f 667/57/116 668/12/115 670/14/74
f 669/13/75 670/14/74 672/66/117
f 671/50/118 672/66/117 674/18/509
f 673/17/510 674/18/509 676/20/121
f 676/20/121 678/25/512 677/21/511
f 658/24/124 660/533/124 662/525/124
f 662/525/124 680/534/124 678/77/124
f 678/77/124 676/501/124 674/526/124
f 674/526/124 672/535/124 670/23/124
f 670/23/124 668/536/124 666/95/124
f 666/95/124 664/503/123 658/24/124
f 658/24/124 662/525/124 678/77/124
f 678/77/124 674/526/124 670/23/124
f 670/23/124 666/95/124 658/24/124
f 678/25/512 680/27/514 679/75/513
f 680/27/514 662/42/500 657/28/502
f 679/31/515 657/537/910 661/538/911
f 661/538/911 659/304/912 663/29/515
f 663/29/515 665/553/128 667/540/128
f 667/540/128 669/305/128 671/30/128
f 671/30/128 673/541/128 675/542/128
f 675/542/128 677/306/128 679/31/515
f 679/31/515 661/538/911 663/29/515
f 663/29/515 667/540/128 671/30/128
f 671/30/128 675/542/128 679/31/515
f 686/1/40 684/68/517 685/65/516
f 684/68/517 682/6/519 683/5/518
f 682/6/519 688/34/520 687/159/520
f 687/159/520 688/34/520 690/10/521
f 689/351/522 690/10/521 692/12/523
f 691/11/524 692/12/523 694/352/50
f 693/13/51 694/352/50 696/60/525
f 695/256/526 696/60/525 698/18/527
f 697/17/528 698/18/527 700/73/529
f 700/73/529 702/25/531 701/21/530
f 682/24/124 684/533/124 686/525/124
f 686/525/124 704/534/124 702/22/124
f 702/22/124 700/501/124 698/526/124
f 698/526/124 696/535/124 694/23/124
f 694/23/124 692/536/124 690/95/124
f 690/95/124 688/503/123 682/24/124
f 682/24/124 686/525/124 702/22/124
f 702/22/124 698/526/124 694/23/124
f 694/23/124 690/95/124 682/24/124
f 702/25/531 704/40/533 703/26/532
f 704/40/533 686/42/40 681/353/62
f 703/31/128 681/537/128 685/555/128
f 685/555/128 683/304/128 687/55/128
f 687/55/128 689/539/128 691/540/128
f 691/540/128 693/305/128 695/30/128
f 695/30/128 697/541/128 699/542/128
f 699/542/128 701/94/128 703/31/128
f 703/31/128 685/555/128 687/55/128
f 687/55/128 691/540/128 695/30/128
f 695/30/128 699/542/128 703/31/128
f 705/6/309 712/8/336 744/354/534
f 707/4/328 705/6/309 739/355/535
f 709/1/330 707/4/328 734/356/536
f 712/8/336 714/10/386 749/357/538
f 714/10/386 716/558/338 754/358/539
f 754/358/539 716/558/338 718/14/341
f 718/14/341 720/60/343 764/360/541
f 720/60/343 722/18/345 769/105/542
f 722/18/345 724/20/347 774/361/543
f 724/20/347 726/25/349 779/120/544
f 705/24/14 707/533/14 709/525/14
f 709/525/14 728/534/14 726/22/14
f 726/22/14 724/501/14 722/526/14
f 722/526/14 720/535/14 718/23/14
f 718/23/14 716/536/14 714/95/14
f 714/95/14 712/503/14 705/24/14
f 705/24/14 709/525/14 726/22/14
f 726/22/14 722/526/14 718/23/14
f 718/23/14 714/95/14 705/24/14
f 779/120/544 726/25/349 728/40/353
f 728/40/353 709/42/330 733/121/537
f 727/31/12 710/537/12 708/555/12
f 708/555/12 706/304/12 711/29/12
f 711/29/12 713/553/12 715/540/12
f 715/540/12 717/545/12 719/30/12
f 719/30/12 721/552/12 723/542/12
f 723/542/12 725/94/12 727/31/12
f 727/31/12 708/555/12 711/29/12
f 711/29/12 715/540/12 719/30/12
f 719/30/12 723/542/12 727/31/12
f 788/362/546 729/363/548 710/28/330
f 787/123/547 730/126/550 729/363/548
f 786/313/549 731/128/552 730/126/550
f 786/313/549 785/365/553 732/364/551
f 785/365/553 784/108/545 733/121/537
f 783/181/554 788/362/546 727/26/353
f 782/182/555 787/123/547 788/362/546
f 781/366/556 786/313/549 787/123/547
f 781/366/556 780/133/557 785/365/553
f 780/133/557 779/120/544 784/108/545
f 778/367/558 783/181/554 725/21/349
f 777/369/559 782/182/555 783/181/554
f 776/370/560 781/366/556 782/182/555
f 776/370/560 775/371/561 780/133/557
f 774/361/543 779/120/544 780/133/557
f 773/189/562 778/367/558 723/368/347
f 773/189/562 772/190/563 777/369/559
f 772/190/563 771/191/565 776/370/560
f 770/319/564 775/371/561 776/370/560
f 769/105/542 774/361/543 775/371/561
f 768/372/566 773/189/562 721/17/345
f 768/372/566 767/373/567 772/190/563
f 767/373/567 766/375/569 771/191/565
f 765/374/568 770/319/564 771/191/565
f 764/360/541 769/105/542 770/319/564
f 763/376/570 768/372/566 719/38/343
f 763/376/570 762/377/571 767/373/567
f 762/377/571 761/149/573 766/375/569
f 760/378/572 765/374/568 766/375/569
f 759/359/540 764/360/541 765/374/568
f 758/379/574 763/376/570 717/13/341
f 758/379/574 757/151/575 762/377/571
f 757/151/575 756/153/577 761/149/573
f 755/283/576 760/378/572 761/149/573
f 754/358/539 759/359/540 760/378/572
f 753/381/578 758/379/574 715/380/338
f 753/381/578 752/155/579 757/151/575
f 752/155/579 751/200/581 756/153/577
f 750/328/580 755/283/576 756/153/577
f 749/357/538 754/358/539 755/283/576
f 748/158/582 753/381/578 713/9/386
f 748/158/582 747/382/583 752/155/579
f 747/382/583 746/162/585 751/200/581
f 745/383/584 750/328/580 751/200/581
f 745/383/584 744/354/534 749/357/538
f 743/332/586 748/158/582 711/70/336
f 742/384/587 747/382/583 748/158/582
f 741/165/588 746/162/585 747/382/583
f 741/165/588 740/385/589 745/383/584
f 740/385/589 739/355/535 744/354/534
f 738/386/590 743/332/586 706/5/395
f 737/387/591 742/384/587 743/332/586
f 736/169/592 741/165/588 742/384/587
f 736/169/592 735/388/593 740/385/589
f 735/388/593 734/356/536 739/355/535
f 729/389/548 738/386/590 708/32/328
f 730/390/550 737/387/591 738/386/590
f 731/296/552 736/169/592 737/387/591
f 731/296/552 732/215/551 735/388/593
f 732/215/551 733/111/537 734/356/536
f 789/6/351 796/8/330 828/391/594
f 791/4/349 789/6/351 823/392/595
f 793/1/347 791/4/349 818/356/596
f 796/8/330 798/10/328 833/394/598
f 798/10/328 800/49/309 838/260/599
f 800/49/309 802/14/336 843/395/600
f 802/14/336 804/66/386 848/396/601
f 804/66/386 806/18/338 853/397/602
f 806/18/338 808/20/341 858/398/603
f 808/20/341 810/25/343 863/399/604
f 789/24/14 791/533/14 793/525/14
f 793/525/14 812/534/14 810/22/14
f 810/22/14 808/501/14 806/527/14
f 806/527/14 804/535/14 802/23/14
f 802/23/14 800/536/14 798/95/14
f 798/95/14 796/503/14 789/24/14
f 789/24/14 793/525/14 810/22/14
f 810/22/14 806/527/14 802/23/14
f 802/23/14 798/95/14 789/24/14
f 810/25/343 812/40/606 868/400/605
f 812/40/606 793/42/347 817/401/597
f 811/31/12 794/537/12 792/538/12
f 792/538/12 790/547/12 795/55/12
f 795/55/12 797/539/12 799/540/12
f 799/540/12 801/305/12 803/30/12
f 803/30/12 805/541/12 807/542/12
f 807/542/12 809/94/12 811/31/12
f 811/31/12 792/538/12 795/55/12
f 795/55/12 799/540/12 803/30/12
f 803/30/12 807/542/12 811/31/12
f 872/402/607 813/177/609 794/28/347
f 871/123/608 814/310/611 813/177/609
f 870/403/610 815/128/613 814/310/611
f 870/403/610 869/405/614 816/404/612
f 869/405/614 868/400/605 817/401/597
f 867/181/615 872/402/607 811/54/345
f 866/406/616 871/123/608 872/402/607
f 865/132/617 870/403/610 871/123/608
f 865/132/617 864/407/618 869/405/614
f 864/407/618 863/399/604 868/400/605
f 807/368/341 862/408/620 867/181/615
f 861/369/619 866/406/616 867/181/615
f 860/409/621 865/132/617 866/406/616
f 860/409/621 859/410/622 864/407/618
f 859/410/622 858/398/603 863/399/604
f 857/411/623 862/408/620 807/368/341
f 857/411/623 856/190/624 861/369/619
f 856/190/624 855/191/626 860/409/621
f 854/319/625 859/410/622 860/409/621
f 853/397/602 858/398/603 859/410/622
f 852/372/627 857/411/623 805/17/338
f 852/372/627 851/412/628 856/190/624
f 851/412/628 850/194/630 855/191/626
f 849/413/629 854/319/625 855/191/626
f 848/396/601 853/397/602 854/319/625
f 847/376/631 852/372/627 803/38/386
f 847/376/631 846/323/632 851/412/628
f 846/323/632 845/149/634 850/194/630
f 844/148/633 849/413/629 850/194/630
f 843/395/600 848/396/601 849/413/629
f 842/414/635 847/376/631 801/13/336
f 842/414/635 841/151/636 846/323/632
f 841/151/636 840/416/638 845/149/634
f 839/415/637 844/148/633 845/149/634
f 838/260/599 843/395/600 844/148/633
f 837/417/639 842/414/635 799/380/395
f 837/417/639 836/418/640 841/151/636
f 836/418/640 835/420/642 840/416/638
f 834/419/641 839/415/637 840/416/638
f 833/394/598 838/260/599 839/415/637
f 832/158/643 837/417/639 797/9/328
f 832/158/643 831/160/644 836/418/640
f 831/160/644 830/162/646 835/420/642
f 829/421/645 834/419/641 835/420/642
f 828/391/594 833/394/598 834/419/641
f 827/422/647 832/158/643 795/159/330
f 826/164/648 831/160/644 832/158/643
f 825/423/649 830/162/646 831/160/644
f 825/423/649 824/166/650 829/421/645
f 824/166/650 823/392/595 828/391/594
f 822/207/651 827/422/647 790/5/353
f 821/424/652 826/164/648 827/422/647
f 820/425/653 825/423/649 826/164/648
f 820/425/653 819/426/654 824/166/650
f 819/426/654 818/356/596 823/392/595
f 813/389/609 822/207/651 792/2/349
f 814/338/611 821/424/652 822/207/651
f 815/296/613 820/425/653 821/424/652
f 815/296/613 816/174/612 819/426/654
f 816/174/612 817/393/597 818/356/596
f 929/427/551 928/111/537 927/428/536
f 930/296/552 929/427/551 926/429/593
f 930/296/552 925/430/592 924/208/591
f 931/172/550 924/208/591 923/431/590
f 932/295/548 923/431/590 953/32/328
f 926/429/593 927/428/536 922/432/535
f 925/430/592 926/429/593 921/385/589
f 925/430/592 920/433/588 919/434/587
f 924/208/591 919/434/587 918/204/586
f 923/431/590 918/204/586 955/5/395
f 921/385/589 922/432/535 917/435/534
f 920/433/588 921/385/589 916/421/584
f 920/433/588 915/436/585 914/437/583
f 919/434/587 914/437/583 913/158/582
f 918/204/586 913/158/582 950/7/336
f 916/421/584 917/435/534 912/438/538
f 916/421/584 911/439/580 910/200/581
f 914/437/583 915/436/585 910/200/581
f 913/158/582 914/437/583 909/418/579
f 913/158/582 908/199/578 948/9/386
f 912/438/538 907/358/655 906/326/576
f 911/439/580 906/326/576 905/440/577
f 909/418/579 910/200/581 905/440/577
f 908/199/578 909/418/579 904/441/575
f 908/199/578 903/150/574 946/380/338
f 907/358/655 902/442/540 901/378/572
f 906/326/576 901/378/572 900/149/573
f 904/441/575 905/440/577 900/149/573
f 903/150/574 904/441/575 899/323/571
f 903/150/574 898/146/570 944/13/341
f 902/442/540 897/445/541 896/443/568
f 901/378/572 896/443/568 895/375/569
f 899/323/571 900/149/573 895/375/569
f 898/146/570 899/323/571 894/444/567
f 898/146/570 893/192/566 942/38/343
f 897/445/541 892/447/542 891/319/564
f 896/443/568 891/319/564 890/446/565
f 894/444/567 895/375/569 890/446/565
f 893/192/566 894/444/567 889/190/563
f 893/192/566 888/189/562 940/17/345
f 892/447/542 887/450/543 886/316/561
f 891/319/564 886/316/561 885/448/560
f 889/190/563 890/446/565 885/448/560
f 888/189/562 889/190/563 884/449/559
f 888/189/562 883/408/558 938/19/347
f 887/450/543 882/120/544 881/451/557
f 885/448/560 886/316/561 881/451/557
f 885/448/560 880/132/556 879/182/555
f 884/449/559 879/182/555 878/270/554
f 883/408/558 878/270/554 936/21/349
f 881/451/557 882/120/544 877/452/545
f 880/132/556 881/451/557 876/269/553
f 880/132/556 875/125/549 874/453/547
f 879/182/555 874/453/547 873/454/546
f 878/270/554 873/454/546 934/54/353
f 876/269/553 877/452/545 928/121/537
f 875/125/549 876/269/553 929/127/551
f 875/125/549 930/128/552 931/455/550
f 874/453/547 931/455/550 932/363/548
f 873/454/546 932/363/548 951/28/330
f 934/31/12 951/537/12 953/538/12
f 953/538/12 955/547/12 950/29/12
f 950/29/12 948/539/12 946/540/12
f 946/540/12 944/305/12 942/30/12
f 942/30/12 940/541/12 938/542/12
f 938/542/12 936/94/12 934/31/12
f 934/31/12 953/538/12 950/29/12
f 950/29/12 946/540/12 942/30/12
f 942/30/12 938/542/12 934/31/12
f 933/40/351 952/42/330 928/121/537
f 935/25/349 933/40/351 877/452/545
f 956/24/14 954/533/14 952/525/14
f 952/525/14 933/559/14 935/77/14
f 935/77/14 937/501/14 939/527/14
f 939/527/14 941/550/14 943/53/14
f 943/53/14 945/536/14 947/95/14
f 947/95/14 949/503/14 956/24/14
f 956/24/14 952/525/14 935/77/14
f 935/77/14 939/527/14 943/53/14
f 943/53/14 947/95/14 956/24/14
f 937/20/347 935/25/349 882/120/544
f 939/18/345 937/20/347 887/450/543
f 941/60/343 939/18/345 892/447/542
f 943/14/341 941/60/343 897/445/541
f 945/12/656 943/14/341 902/442/540
f 912/438/538 947/10/386 945/12/656
f 949/8/336 947/10/386 912/438/538
f 952/1/330 954/4/328 927/428/536
f 954/4/328 956/6/309 922/432/535
f 956/6/309 949/8/336 917/435/534
f 984/78/657 958/1/679 960/68/658
f 985/79/659 960/68/658 962/6/660
f 989/456/661 962/6/660 964/81/662
f 964/81/662 966/10/665 997/458/664
f 966/10/665 968/58/667 1001/459/666
f 968/58/667 970/14/669 1005/85/668
f 970/14/669 972/66/671 1009/460/670
f 972/66/671 974/18/673 1013/87/672
f 974/18/673 976/20/913 1017/461/674
f 1017/461/674 976/20/913 978/462/675
f 962/62/12 960/533/12 958/525/12
f 958/525/12 980/534/12 978/77/12
f 978/77/12 976/501/12 974/526/12
f 974/526/12 972/535/12 970/23/12
f 970/23/12 968/536/12 966/543/12
f 966/543/12 964/503/12 962/62/12
f 962/62/12 958/525/12 978/77/12
f 978/77/12 974/526/12 970/23/12
f 970/23/12 966/543/12 962/62/12
f 1020/463/676 978/462/675 980/27/677
f 1024/464/678 980/27/677 958/42/679
f 979/31/14 957/537/14 959/538/14
f 959/538/14 961/304/14 963/29/14
f 963/29/14 965/539/14 967/540/14
f 967/540/14 969/305/14 971/30/14
f 971/30/14 973/541/14 975/542/14
f 975/542/14 977/94/14 979/31/14
f 979/31/14 959/538/14 963/29/14
f 963/29/14 967/540/14 971/30/14
f 971/30/14 975/542/14 979/31/14
f 1027/465/680 981/219/684 957/28/681
f 1027/465/680 1026/466/685 982/218/683
f 1026/466/685 1025/468/687 983/467/686
f 1025/468/687 1024/464/678 984/93/657
f 1023/469/688 1027/465/680 979/26/682
f 1023/469/688 1022/471/691 1026/466/685
f 1021/470/690 1025/468/687 1026/466/685
f 1020/463/676 1024/464/678 1025/468/687
f 1019/472/692 1023/469/688 977/21/689
f 1018/473/694 1022/471/691 1023/469/688
f 1017/461/674 1020/463/676 1021/470/690
f 1016/474/695 1019/472/692 975/19/693
f 1015/475/697 1018/473/694 1019/472/692
f 1014/476/698 1013/87/672 1017/461/674
f 971/38/699 1012/478/701 1016/474/695
f 1011/477/700 1015/475/697 1016/474/695
f 1010/479/702 1014/476/698 1015/475/697
f 1009/460/670 1013/87/672 1014/476/698
f 969/480/703 1008/234/705 1012/478/701
f 1007/481/704 1011/477/700 1012/478/701
f 1006/236/706 1010/479/702 1011/477/700
f 1005/85/668 1009/460/670 1010/479/702
f 967/57/707 1004/483/709 1008/234/705
f 1003/482/708 1007/481/704 1008/234/705
f 1002/484/710 1006/236/706 1007/481/704
f 1001/459/666 1005/85/668 1006/236/706
f 965/9/711 1000/486/713 1004/483/709
f 999/485/712 1003/482/708 1004/483/709
f 998/242/714 1002/484/710 1003/482/708
f 997/458/664 1001/459/666 1002/484/710
f 963/35/715 996/487/716 1000/486/713
f 996/487/716 995/489/718 999/485/712
f 994/488/717 998/242/714 999/485/712
f 993/457/663 997/458/664 998/242/714
f 961/5/719 992/246/720 996/487/716
f 992/246/720 991/490/721 995/489/718
f 991/490/721 990/491/722 994/488/717
f 990/491/722 989/456/661 993/457/663
f 988/249/723 992/246/720 961/5/719
f 988/249/723 987/492/725 991/490/721
f 987/492/725 986/493/726 990/491/722
f 986/493/726 985/79/659 989/456/661
f 981/252/684 988/249/723 959/44/724
f 981/252/684 982/253/683 987/492/725
f 982/253/683 983/494/686 986/493/726
f 983/494/686 984/78/657 985/79/659
f 1029/31/128 1051/537/128 1047/538/128
f 1047/538/128 1049/547/128 1045/29/128
f 1045/29/128 1043/553/128 1041/540/128
f 1041/540/128 1039/545/128 1037/43/128
f 1037/43/128 1035/541/128 1033/542/128
f 1033/542/128 1031/94/128 1029/31/128
f 1029/31/128 1047/538/128 1045/29/128
f 1045/29/128 1041/540/128 1037/43/128
f 1037/43/128 1033/542/128 1029/31/128
f 1028/27/727 1046/42/64 1051/28/86
f 1030/25/729 1028/27/727 1029/75/728
f 1050/24/124 1048/533/124 1046/525/124
f 1046/525/124 1028/559/124 1030/22/124
f 1030/22/124 1032/501/124 1034/526/124
f 1034/526/124 1036/535/124 1038/23/124
f 1038/23/124 1040/536/124 1042/95/124
f 1042/95/124 1044/503/123 1050/24/124
f 1050/24/124 1046/525/124 1030/22/124
f 1030/22/124 1034/526/124 1038/23/124
f 1038/23/124 1042/95/124 1050/24/124
f 1032/73/731 1030/25/729 1031/21/730
f 1035/17/732 1034/18/734 1032/73/731
f 1037/71/733 1036/66/735 1034/18/734
f 1039/495/75 1038/496/74 1036/66/735
f 1041/11/736 1040/58/738 1038/496/74
f 1043/9/737 1042/349/740 1040/58/738
f 1045/7/739 1044/8/739 1042/349/740
f 1050/497/741 1044/8/739 1045/7/739
f 1048/68/743 1050/497/741 1049/5/742
f 1046/1/64 1048/68/743 1047/44/744
f 1053/31/128 1075/537/128 1071/538/128
f 1071/538/128 1073/304/128 1069/55/128
f 1069/55/128 1067/539/128 1065/540/128
f 1065/540/128 1063/305/128 1061/30/128
f 1061/30/128 1059/541/128 1057/542/128
f 1057/542/128 1055/94/128 1053/31/128
f 1053/31/128 1071/538/128 1069/55/128
f 1069/55/128 1065/540/128 1061/30/128
f 1061/30/128 1057/542/128 1053/31/128
f 1052/63/533 1070/42/40 1075/28/62
f 1054/25/531 1052/63/533 1053/75/532
f 1074/62/124 1072/548/124 1070/525/124
f 1070/525/124 1052/534/124 1054/22/124
f 1054/22/124 1056/501/124 1058/526/124
f 1058/526/124 1060/535/124 1062/23/124
f 1062/23/124 1064/536/124 1066/95/124
f 1066/95/124 1068/503/124 1074/62/124
f 1074/62/124 1070/525/124 1054/22/124
f 1054/22/124 1058/526/124 1062/23/124
f 1062/23/124 1066/95/124 1074/62/124
f 1056/73/529 1054/25/531 1055/21/530
f 1059/17/528 1058/18/527 1056/73/529
f 1061/15/526 1060/39/525 1058/18/527
f 1063/13/51 1062/14/50 1060/39/525
f 1065/498/524 1064/12/523 1062/14/50
f 1067/9/522 1066/342/521 1064/12/523
f 1069/7/520 1068/8/520 1066/342/521
f 1074/341/519 1068/8/520 1069/7/520
f 1072/499/517 1074/341/519 1073/5/518
f 1070/1/40 1072/499/517 1071/44/516
f 1077/31/745 1099/537/745 1095/538/745
f 1095/538/745 1097/304/745 1093/29/745
f 1093/29/745 1091/539/745 1089/540/745
f 1089/540/745 1087/305/745 1085/30/745
f 1085/30/745 1083/541/745 1081/542/745
f 1081/542/745 1079/94/745 1077/31/745
f 1077/31/745 1095/538/745 1093/29/745
f 1093/29/745 1089/540/745 1085/30/745
f 1085/30/745 1081/542/745 1077/31/745
f 1076/40/746 1094/42/1 1099/28/1
f 1078/25/747 1076/40/746 1077/54/746
f 1098/24/748 1096/533/748 1094/525/748
f 1094/525/748 1076/534/748 1078/22/748
f 1078/22/748 1080/501/748 1082/526/748
f 1082/526/748 1084/535/748 1086/23/748
f 1086/23/748 1088/536/748 1090/95/748
f 1090/95/748 1092/503/914 1098/24/748
f 1098/24/748 1094/525/748 1078/22/748
f 1078/22/748 1082/526/748 1086/23/748
f 1086/23/748 1090/95/748 1098/24/748
f 1080/20/749 1078/25/747 1079/21/747
f 1083/17/750 1082/18/750 1080/20/749
f 1085/15/751 1084/60/751 1082/18/750
f 1087/13/7 1086/14/7 1084/60/751
f 1089/36/752 1088/500/752 1086/14/7
f 1091/9/753 1090/10/753 1088/500/752
f 1092/114/754 1090/10/753 1091/9/753
f 1098/6/755 1092/114/754 1093/7/754
f 1096/56/756 1098/6/755 1097/5/755
f 1094/1/1 1096/56/756 1095/344/756
f 1101/31/757 1121/537/757 1118/538/757
f 1118/538/757 1119/304/757 1117/55/757
f 1117/55/757 1115/539/757 1113/554/757
f 1113/554/757 1111/305/757 1109/43/757
f 1109/43/757 1107/541/757 1105/542/757
f 1105/542/757 1103/94/757 1101/31/757
f 1101/31/757 1118/538/757 1117/55/757
f 1117/55/757 1113/554/757 1109/43/757
f 1109/43/757 1105/542/757 1101/31/757
f 1103/21/761 1102/25/764 1100/27/759
f 1116/503/762 1120/24/762 1100/534/762
f 1100/534/762 1102/22/915 1104/501/762
f 1104/501/762 1106/526/915 1108/550/762
f 1108/550/762 1110/23/916 1112/502/762
f 1112/502/762 1114/543/915 1116/503/762
f 1116/503/762 1100/534/762 1104/501/762
f 1104/501/762 1108/550/762 1112/502/762
f 1105/19/763 1104/259/917 1102/25/764
f 1106/504/765 1104/259/917 1105/19/763
f 1108/66/767 1106/504/765 1107/17/766
f 1110/14/769 1108/66/767 1109/38/768
f 1112/505/770 1110/14/769 1111/13/7
f 1114/10/772 1112/505/770 1113/57/771
f 1116/8/774 1114/10/772 1115/351/773
f 1119/506/775 1120/6/777 1116/8/774
f 1121/3/760 1100/560/759 1120/6/777
f 1123/31/757 1145/551/757 1141/538/757
f 1141/538/757 1143/304/757 1139/55/757
f 1139/55/757 1137/539/757 1135/540/757
f 1135/540/757 1133/545/757 1131/30/757
f 1131/30/757 1129/541/757 1127/549/757
f 1127/549/757 1125/94/757 1123/31/757
f 1123/31/757 1141/538/757 1139/55/757
f 1139/55/757 1135/540/757 1131/30/757
f 1131/30/757 1127/549/757 1123/31/757
f 1122/27/778 1140/67/918 1393/128/779
f 1124/25/781 1122/27/778 1383/507/780
f 1144/24/783 1142/533/783 1140/525/783
f 1140/525/783 1122/534/783 1124/22/783
f 1124/22/783 1126/501/783 1128/526/783
f 1128/526/783 1130/535/783 1132/23/783
f 1132/23/783 1134/536/783 1136/95/783
f 1136/95/783 1138/503/783 1144/24/783
f 1144/24/783 1140/525/783 1124/22/783
f 1124/22/783 1128/526/783 1132/23/783
f 1132/23/783 1136/95/783 1144/24/783
f 1126/20/784 1124/25/781 1384/508/782
f 1128/509/786 1126/20/784 1385/188/785
f 1130/66/788 1128/509/786 1386/191/787
f 1132/14/790 1130/66/788 1387/510/789
f 1389/153/791 1134/12/793 1132/14/790
f 1390/511/792 1136/342/795 1134/12/793
f 1391/162/794 1138/34/797 1136/342/795
f 1392/512/796 1144/6/799 1138/34/797
f 1394/513/798 1142/257/800 1144/6/799
f 1393/514/779 1140/96/918 1142/257/800
f 1147/31/14 1169/537/14 1167/538/14
f 1167/538/14 1165/304/14 1163/55/14
f 1163/55/14 1161/539/14 1159/540/14
f 1159/540/14 1157/305/14 1155/30/14
f 1155/30/14 1153/541/14 1151/542/14
f 1151/542/14 1149/94/14 1147/31/14
f 1147/31/14 1167/538/14 1163/55/14
f 1163/55/14 1159/540/14 1155/30/14
f 1155/30/14 1151/542/14 1147/31/14
f 1146/27/13 1168/42/919 1169/28/801
f 1148/25/11 1146/27/13 1147/26/13
f 1164/24/802 1166/533/920 1168/525/921
f 1168/525/921 1146/534/12 1148/22/12
f 1148/22/12 1150/501/12 1152/526/12
f 1152/526/12 1154/535/12 1156/23/12
f 1156/23/12 1158/536/12 1160/95/12
f 1160/95/12 1162/544/12 1164/24/802
f 1164/24/802 1168/525/921 1148/22/12
f 1148/22/12 1152/526/12 1156/23/12
f 1156/23/12 1160/95/12 1164/24/802
f 1150/20/10 1148/25/11 1149/21/11
f 1152/18/9 1150/20/10 1151/19/10
f 1154/16/8 1152/18/9 1153/17/9
f 1156/14/7 1154/16/8 1155/15/8
f 1158/12/6 1156/14/7 1157/13/7
f 1160/10/5 1158/12/6 1159/11/6
f 1162/8/4 1160/10/5 1161/9/5
f 1164/6/803 1162/8/4 1163/7/4
f 1166/4/805 1164/6/803 1165/5/804
f 1169/3/801 1168/96/919 1166/4/805
f 1171/31/809 1193/537/922 1189/538/923
f 1189/538/923 1191/304/924 1187/55/807
f 1187/55/807 1185/539/924 1183/554/924
f 1183/554/924 1181/305/924 1179/30/808
f 1179/30/808 1177/541/925 1175/542/926
f 1175/542/926 1173/94/927 1171/31/809
f 1171/31/809 1189/538/923 1187/55/807
f 1187/55/807 1183/554/924 1179/30/808
f 1179/30/808 1175/542/926 1171/31/809
f 1170/27/810 1188/67/832 1193/28/811
f 1173/21/813 1172/25/928 1170/27/810
f 1192/24/814 1190/548/814 1188/525/814
f 1188/525/814 1170/534/814 1172/22/814
f 1172/22/814 1174/501/814 1176/526/814
f 1176/526/814 1178/535/814 1180/23/814
f 1180/23/814 1182/536/814 1184/95/814
f 1184/95/814 1186/503/814 1192/24/814
f 1192/24/814 1188/525/814 1172/22/814
f 1172/22/814 1176/526/814 1180/23/814
f 1180/23/814 1184/95/814 1192/24/814
f 1174/20/815 1172/25/928 1173/21/813
f 1176/18/817 1174/20/815 1175/19/816
f 1179/15/819 1178/60/821 1176/18/817
f 1181/13/820 1180/14/823 1178/60/821
f 1183/11/822 1182/12/825 1180/14/823
f 1185/9/824 1184/10/827 1182/12/825
f 1187/76/826 1186/8/826 1184/10/827
f 1192/6/828 1186/8/826 1187/76/826
f 1190/68/830 1192/6/828 1191/5/829
f 1188/1/832 1190/68/830 1189/2/831
f 1195/516/757 1217/551/757 1213/538/757
f 1213/538/757 1215/304/757 1211/29/757
f 1211/29/757 1209/539/757 1207/540/757
f 1207/540/757 1205/545/757 1203/30/757
f 1203/30/757 1201/541/757 1199/542/757
f 1199/542/757 1197/94/757 1195/516/757
f 1195/516/757 1213/538/757 1211/29/757
f 1211/29/757 1207/540/757 1203/30/757
f 1203/30/757 1199/542/757 1195/516/757
f 1195/26/746 1194/40/746 1212/67/1
f 1197/21/833 1196/25/833 1194/40/746
f 1216/24/783 1214/533/783 1212/525/783
f 1212/525/783 1194/534/783 1196/22/783
f 1196/22/783 1198/501/783 1200/526/783
f 1200/526/783 1202/535/783 1204/23/783
f 1204/23/783 1206/536/783 1208/95/783
f 1208/95/783 1210/503/783 1216/24/783
f 1216/24/783 1212/525/783 1196/22/783
f 1196/22/783 1200/526/783 1204/23/783
f 1204/23/783 1208/95/783 1216/24/783
f 1199/19/834 1198/20/834 1196/25/833
f 1200/18/835 1198/20/834 1199/19/834
f 1202/60/751 1200/18/835 1201/17/835
f 1204/14/7 1202/60/751 1203/50/751
f 1206/12/752 1204/14/7 1205/495/7
f 1208/10/836 1206/12/752 1207/11/752
f 1210/8/837 1208/10/836 1209/9/836
f 1215/5/838 1216/6/838 1210/8/837
f 1213/44/756 1214/4/756 1216/6/838
f 1217/3/1 1212/1/1 1214/4/756
f 1219/31/14 1241/537/14 1239/538/14
f 1239/538/14 1237/304/14 1235/29/14
f 1235/29/14 1233/539/14 1231/540/14
f 1231/540/14 1229/305/14 1227/43/14
f 1227/43/14 1225/541/14 1223/542/14
f 1223/542/14 1221/94/14 1219/31/14
f 1219/31/14 1239/538/14 1235/29/14
f 1235/29/14 1231/540/14 1227/43/14
f 1227/43/14 1223/542/14 1219/31/14
f 1218/40/839 1240/42/929 1406/128/840
f 1220/25/842 1218/40/839 1395/517/841
f 1236/24/12 1238/533/12 1240/525/12
f 1240/525/12 1218/534/12 1220/22/12
f 1220/22/12 1222/501/12 1224/526/12
f 1224/526/12 1226/550/12 1228/23/12
f 1228/23/12 1230/536/12 1232/95/12
f 1232/95/12 1234/503/12 1236/24/12
f 1236/24/12 1240/525/12 1220/22/12
f 1220/22/12 1224/526/12 1228/23/12
f 1228/23/12 1232/95/12 1236/24/12
f 1222/20/844 1220/25/842 1396/518/843
f 1224/18/846 1222/20/844 1397/188/845
f 1226/60/848 1224/18/846 1398/446/847
f 1228/520/850 1226/60/848 1399/519/849
f 1401/153/852 1230/12/854 1228/520/850
f 1402/522/853 1232/10/856 1230/12/854
f 1403/523/855 1234/8/858 1232/10/856
f 1404/524/857 1236/6/860 1234/8/858
f 1405/169/859 1238/257/861 1236/6/860
f 1406/296/840 1240/1/929 1238/257/861
f 1243/31/14 1265/537/14 1263/538/14
f 1263/538/14 1261/304/14 1259/29/14
f 1259/29/14 1257/539/14 1255/540/14
f 1255/540/14 1253/305/14 1251/30/14
f 1251/30/14 1249/541/14 1247/542/14
f 1247/542/14 1245/94/14 1243/31/14
f 1243/31/14 1263/538/14 1259/29/14
f 1259/29/14 1255/540/14 1251/30/14
f 1251/30/14 1247/542/14 1243/31/14
f 1242/27/13 1264/42/1 1265/28/1
f 1244/25/11 1242/27/13 1243/26/13
f 1260/24/12 1262/533/12 1264/525/12
f 1264/525/12 1242/534/12 1244/22/12
f 1244/22/12 1246/501/12 1248/526/12
f 1248/526/12 1250/535/12 1252/23/12
f 1252/23/12 1254/536/12 1256/95/12
f 1256/95/12 1258/503/12 1260/24/12
f 1260/24/12 1264/525/12 1244/22/12
f 1244/22/12 1248/526/12 1252/23/12
f 1252/23/12 1256/95/12 1260/24/12
f 1246/20/10 1244/25/11 1245/21/11
f 1248/18/9 1246/20/10 1247/19/10
f 1250/16/8 1248/18/9 1249/17/9
f 1252/14/7 1250/16/8 1251/15/8
f 1254/12/6 1252/14/7 1253/13/7
f 1256/10/5 1254/12/6 1255/11/6
f 1258/8/4 1256/10/5 1257/9/5
f 1260/6/3 1258/8/4 1259/7/4
f 1262/4/2 1260/6/3 1261/5/3
f 1264/1/1 1262/4/2 1263/2/2
f 1267/31/14 1289/537/14 1287/538/14
f 1287/538/14 1285/304/14 1283/29/14
f 1283/29/14 1281/539/14 1279/540/14
f 1279/540/14 1277/545/14 1275/30/14
f 1275/30/14 1273/541/14 1271/549/14
f 1271/549/14 1269/94/14 1267/31/14
f 1267/31/14 1287/538/14 1283/29/14
f 1283/29/14 1279/540/14 1275/30/14
f 1275/30/14 1271/549/14 1267/31/14
f 1266/27/13 1288/67/1 1289/353/1
f 1268/25/11 1266/27/13 1267/26/13
f 1284/24/12 1286/533/12 1288/525/12
f 1288/525/12 1266/534/12 1268/22/12
f 1268/22/12 1270/557/12 1272/526/12
f 1272/526/12 1274/535/12 1276/53/12
f 1276/53/12 1278/536/12 1280/95/12
f 1280/95/12 1282/503/12 1284/24/12
f 1284/24/12 1288/525/12 1268/22/12
f 1268/22/12 1272/526/12 1276/53/12
f 1276/53/12 1280/95/12 1284/24/12
f 1270/20/10 1268/25/11 1269/21/11
f 1272/18/9 1270/20/10 1271/19/10
f 1274/66/8 1272/18/9 1273/17/9
f 1276/14/7 1274/66/8 1275/38/8
f 1278/12/6 1276/14/7 1277/13/7
f 1280/10/5 1278/12/6 1279/11/6
f 1282/8/4 1280/10/5 1281/9/5
f 1284/6/3 1282/8/4 1283/7/4
f 1286/4/2 1284/6/3 1285/5/3
f 1288/1/1 1286/4/2 1287/2/2
f 1291/1/1 1293/257/2 1292/32/2
f 1293/257/2 1295/6/3 1294/5/3
f 1295/6/3 1297/8/4 1296/7/4
f 1297/8/4 1299/10/5 1298/9/5
f 1299/10/5 1301/49/6 1300/380/6
f 1301/49/6 1303/14/7 1302/13/7
f 1303/14/7 1305/66/8 1304/38/8
f 1305/66/8 1307/18/9 1306/17/9
f 1307/18/9 1309/20/10 1308/19/10
f 1309/20/10 1311/25/11 1310/21/11
f 1295/62/12 1293/533/12 1291/525/12
f 1291/525/12 1313/534/12 1311/77/12
f 1311/77/12 1309/557/12 1307/526/12
f 1307/526/12 1305/550/12 1303/23/12
f 1303/23/12 1301/536/12 1299/95/12
f 1299/95/12 1297/503/12 1295/62/12
f 1295/62/12 1291/525/12 1311/77/12
f 1311/77/12 1307/526/12 1303/23/12
f 1303/23/12 1299/95/12 1295/62/12
f 1311/25/11 1313/27/13 1312/26/13
f 1313/27/13 1291/42/1 1290/28/1
f 1312/31/14 1290/537/14 1292/538/14
f 1292/538/14 1294/547/14 1296/29/14
f 1296/29/14 1298/539/14 1300/540/14
f 1300/540/14 1302/305/14 1304/43/14
f 1304/43/14 1306/541/14 1308/549/14
f 1308/549/14 1310/306/14 1312/31/14
f 1312/31/14 1292/538/14 1296/29/14
f 1296/29/14 1300/540/14 1304/43/14
f 1304/43/14 1308/549/14 1312/31/14
f 1315/1/1 1317/4/2 1316/2/2
f 1317/4/2 1319/6/3 1318/5/3
f 1319/6/3 1321/114/4 1320/159/4
f 1321/114/4 1323/10/5 1322/9/5
f 1323/10/5 1325/49/6 1324/380/6
f 1325/49/6 1327/14/7 1326/13/7
f 1327/14/7 1329/66/8 1328/38/8
f 1329/66/8 1331/18/9 1330/17/9
f 1331/18/9 1333/20/10 1332/19/10
f 1333/20/10 1335/25/11 1334/21/11
f 1319/24/12 1317/533/12 1315/525/12
f 1315/525/12 1337/534/12 1335/22/12
f 1335/22/12 1333/557/12 1331/526/12
f 1331/526/12 1329/535/12 1327/23/12
f 1327/23/12 1325/536/12 1323/95/12
f 1323/95/12 1321/544/12 1319/24/12
f 1319/24/12 1315/525/12 1335/22/12
f 1335/22/12 1331/526/12 1327/23/12
f 1327/23/12 1323/95/12 1319/24/12
f 1335/25/11 1337/27/13 1336/26/13
f 1337/27/13 1315/42/1 1314/28/1
f 1336/31/14 1314/537/14 1316/538/14
f 1316/538/14 1318/304/14 1320/55/14
f 1320/55/14 1322/539/14 1324/540/14
f 1324/540/14 1326/305/14 1328/30/14
f 1328/30/14 1330/541/14 1332/549/14
f 1332/549/14 1334/94/14 1336/31/14
f 1336/31/14 1316/538/14 1320/55/14
f 1320/55/14 1324/540/14 1328/30/14
f 1328/30/14 1332/549/14 1336/31/14
f 1339/1/1 1341/257/2 1340/32/2
f 1341/257/2 1343/6/3 1342/5/3
f 1343/6/3 1345/8/4 1344/7/4
f 1345/8/4 1347/10/5 1346/9/5
f 1347/10/5 1349/49/6 1348/380/6
f 1349/49/6 1351/14/862 1350/13/7
f 1351/14/862 1354/18/863 1352/38/8
f 1354/18/863 1356/20/10 1355/19/10
f 1356/20/10 1358/25/11 1357/21/11
f 1343/24/12 1341/533/12 1339/525/12
f 1339/525/12 1360/534/12 1358/77/12
f 1358/77/12 1356/557/12 1354/526/12
f 1354/526/12 1351/23/12 1349/502/12
f 1349/502/12 1347/95/12 1345/503/12
f 1345/503/12 1343/24/12 1339/525/12
f 1339/525/12 1358/77/12 1354/526/12
f 1354/526/12 1349/502/12 1345/503/12
f 1358/25/11 1360/27/13 1359/26/13
f 1360/27/13 1339/42/1 1338/28/1
f 1359/31/14 1338/537/14 1340/538/14
f 1340/538/14 1342/304/14 1344/29/14
f 1344/29/14 1346/539/14 1348/554/14
f 1348/554/14 1350/305/14 1352/30/14
f 1352/30/14 1353/541/14 1355/549/14
f 1355/549/14 1357/306/14 1359/31/14
f 1359/31/14 1340/538/14 1344/29/14
f 1344/29/14 1348/554/14 1352/30/14
f 1352/30/14 1355/549/14 1359/31/14
f 1363/32/866 1362/1/865 1365/6/867
f 1365/6/867 1367/8/4 1366/7/4
f 1367/8/4 1369/10/5 1368/9/5
f 1369/10/5 1371/12/6 1370/11/6
f 1371/12/6 1373/14/7 1372/13/7
f 1373/14/7 1375/66/8 1374/38/8
f 1375/66/8 1377/18/9 1376/17/9
f 1377/18/9 1379/20/10 1378/19/10
f 1379/20/10 1381/25/869 1380/21/11
f 1365/24/868 1362/525/930 1381/22/931
f 1381/22/931 1379/501/12 1377/527/12
f 1377/527/12 1375/535/12 1373/23/12
f 1373/23/12 1371/502/12 1369/95/12
f 1369/95/12 1367/503/12 1365/24/868
f 1365/24/868 1381/22/931 1377/527/12
f 1377/527/12 1373/23/12 1369/95/12
f 1381/25/869 1362/42/865 1361/28/864
f 1382/31/14 1361/537/14 1363/555/14
f 1363/555/14 1364/304/14 1366/29/14
f 1366/29/14 1368/539/14 1370/554/14
f 1370/554/14 1372/305/14 1374/30/14
f 1374/30/14 1376/552/14 1378/542/14
f 1378/542/14 1380/94/14 1382/31/14
f 1382/31/14 1363/555/14 1366/29/14
f 1366/29/14 1370/554/14 1374/30/14
f 1374/30/14 1378/542/14 1382/31/14
f 1393/514/779 1394/513/798 1141/528/871
f 1394/513/798 1392/512/796 1143/5/873
f 1392/512/796 1391/162/794 1139/7/874
f 1391/162/794 1390/511/792 1137/529/875
f 1390/511/792 1389/153/791 1135/530/876
f 1389/153/791 1388/149/7 1133/13/877
f 1133/13/877 1388/149/7 1387/510/789
f 1131/38/878 1387/510/789 1386/191/787
f 1129/17/879 1386/191/787 1385/188/785
f 1127/19/880 1385/188/785 1384/508/782
f 1125/531/881 1384/508/782 1383/507/780
f 1123/75/882 1383/507/780 1393/128/779
f 1406/296/840 1405/169/859 1239/344/883
f 1405/169/859 1404/524/857 1237/5/885
f 1404/524/857 1403/523/855 1235/7/886
f 1403/523/855 1402/522/853 1233/9/887
f 1402/522/853 1401/153/852 1231/11/888
f 1401/153/852 1400/521/851 1229/13/889
f 1229/13/889 1400/521/851 1399/519/849
f 1227/15/890 1399/519/849 1398/446/847
f 1225/532/891 1398/446/847 1397/188/845
f 1223/19/892 1397/188/845 1396/518/843
f 1221/74/893 1396/518/843 1395/517/841
f 1219/75/894 1395/517/841 1406/128/840
o Cube.026
v -1.246945 0.321646 -1.700014
v -1.246945 0.390823 -1.700014
v -1.246945 0.328874 -1.900014
v -1.246945 0.392339 -1.900014
v 1.246945 0.321646 -1.700014
v 1.246945 0.390823 -1.700014
v 1.246945 0.328874 -1.900014
v 1.246945 0.392339 -1.900014
v -1.246945 0.321825 1.847456
v -1.246945 0.390928 1.847456
v -1.246945 0.321825 1.647456
v -1.246945 0.390928 1.647456
v 1.246945 0.321825 1.847456
v 1.246945 0.390928 1.847456
v 1.246945 0.321825 1.647456
v 1.246945 0.390928 1.647456
v -1.246945 0.685986 -1.700014
v -1.246945 0.742837 -1.700014
v -1.246945 0.685986 -1.900014
v -1.246945 0.742837 -1.900014
v 1.246945 0.685986 -1.700014
v 1.246945 0.742837 -1.700014
v 1.246945 0.685986 -1.900014
v 1.246945 0.742837 -1.900014
v -1.246945 0.685986 1.847456
v -1.246945 0.742837 1.847456
v -1.246945 0.685986 1.647456
v -1.246945 0.742837 1.647456
v 1.246945 0.685986 1.847456
v 1.246945 0.742837 1.847456
v 1.246945 0.685986 1.647456
v 1.246945 0.742837 1.647456
v 0.623473 0.679668 1.647456
v 0.000000 0.666151 1.647456
v -0.623473 0.679668 1.647456
v -0.623473 0.736519 1.647456
v 0.000000 0.723002 1.647456
v 0.623473 0.736519 1.647456
v -0.623473 0.679668 1.847456
v 0.000000 0.666151 1.847456
v 0.623473 0.679668 1.847456
v 0.623473 0.736519 1.847456
v 0.000000 0.723002 1.847456
v -0.623473 0.736519 1.847456
v 0.623473 0.681773 -1.900014
v 0.000000 0.672762 -1.900014
v -0.623473 0.681773 -1.900014
v -0.623473 0.738625 -1.900014
v 0.000000 0.729614 -1.900014
v 0.623473 0.738625 -1.900014
v -0.623473 0.681773 -1.700014
v 0.000000 0.672762 -1.700014
v 0.623473 0.681773 -1.700014
v 0.623473 0.738625 -1.700014
v 0.000000 0.729614 -1.700014
v -0.623473 0.738625 -1.700014
v 0.623473 0.319964 -1.900014
v 0.000000 0.312422 -1.900014
v -0.623473 0.319964 -1.900014
v -0.623473 0.383429 -1.900014
v 0.000000 0.375887 -1.900014
v 0.623473 0.383429 -1.900014
v -0.623473 0.312736 -1.700014
v 0.000000 0.305194 -1.700014
v 0.623473 0.312736 -1.700014
v 0.623473 0.381913 -1.700014
v 0.000000 0.374371 -1.700014
v -0.623473 0.381913 -1.700014
v 0.623473 0.316033 1.647456
v 0.000000 0.303643 1.647456
v -0.623473 0.316033 1.647456
v -0.623473 0.385136 1.647456
v 0.000000 0.372746 1.647456
v 0.623473 0.385136 1.647456
v -0.623473 0.316033 1.847456
v 0.000000 0.303643 1.847456
v 0.623473 0.316033 1.847456
v 0.623473 0.385136 1.847456
v 0.000000 0.372746 1.847456
v -0.623473 0.385136 1.847456
v -1.246945 1.033662 -1.700014
v -1.246945 1.090514 -1.700014
v -1.246945 1.033662 -1.900014
v -1.246945 1.090514 -1.900014
v 1.246945 1.033662 -1.700014
v 1.246945 1.090514 -1.700014
v 1.246945 1.033662 -1.900014
v 1.246945 1.090514 -1.900014
v -1.246945 1.033662 1.847456
v -1.246945 1.090514 1.847456
v -1.246945 1.033662 1.647456
v -1.246945 1.090514 1.647456
v 1.246945 1.033662 1.847456
v 1.246945 1.090514 1.847456
v 1.246945 1.033662 1.647456
v 1.246945 1.090514 1.647456
v 0.623473 1.027344 1.647456
v 0.000000 1.013827 1.647456
v -0.623473 1.027344 1.647456
v -0.623473 1.084196 1.647456
v 0.000000 1.070679 1.647456
v 0.623473 1.084196 1.647456
v -0.623473 1.027344 1.847456
v 0.000000 1.013827 1.847456
v 0.623473 1.027344 1.847456
v 0.623473 1.084196 1.847456
v 0.000000 1.070679 1.847456
v -0.623473 1.084196 1.847456
v 0.623473 1.029450 -1.900014
v 0.000000 1.020439 -1.900014
v -0.623473 1.029450 -1.900014
v -0.623473 1.086301 -1.900014
v 0.000000 1.077291 -1.900014
v 0.623473 1.086301 -1.900014
v -0.623473 1.029450 -1.700014
v 0.000000 1.020439 -1.700014
v 0.623473 1.029450 -1.700014
v 0.623473 1.086301 -1.700014
v 0.000000 1.077291 -1.700014
v -0.623473 1.086301 -1.700014
v -1.246945 1.406550 -1.700014
v -1.246945 1.463401 -1.700014
v -1.246945 1.406550 -1.900014
v -1.246945 1.463401 -1.900014
v 1.246945 1.406550 -1.700014
v 1.246945 1.463401 -1.700014
v 1.246945 1.406550 -1.900014
v 1.246945 1.463401 -1.900014
v -1.246945 1.406550 1.847456
v -1.246945 1.463401 1.847456
v -1.246945 1.406550 1.647456
v -1.246945 1.463401 1.647456
v 1.246945 1.406550 1.847456
v 1.246945 1.463401 1.847456
v 1.246945 1.406550 1.647456
v 1.246945 1.463401 1.647456
v 0.623473 1.400232 1.647456
v 0.000000 1.386715 1.647456
v -0.623473 1.400232 1.647456
v -0.623473 1.457083 1.647456
v 0.000000 1.443566 1.647456
v 0.623473 1.457083 1.647456
v -0.623473 1.400232 1.847456
v 0.000000 1.386715 1.847456
v 0.623473 1.400232 1.847456
v 0.623473 1.457083 1.847456
v 0.000000 1.443566 1.847456
v -0.623473 1.457083 1.847456
v 0.623473 1.402337 -1.900014
v 0.000000 1.393327 -1.900014
v -0.623473 1.402337 -1.900014
v -0.623473 1.459189 -1.900014
v 0.000000 1.450178 -1.900014
v 0.623473 1.459189 -1.900014
v -0.623473 1.402337 -1.700014
v 0.000000 1.393327 -1.700014
v 0.623473 1.402337 -1.700014
v 0.623473 1.459189 -1.700014
v 0.000000 1.450178 -1.700014
v -0.623473 1.459189 -1.700014
v -1.246945 1.793166 -1.700014
v -1.246945 1.850017 -1.700014
v -1.246945 1.793166 -1.900014
v -1.246945 1.850017 -1.900014
v 1.246945 1.793166 -1.700014
v 1.246945 1.850017 -1.700014
v 1.246945 1.793166 -1.900014
v 1.246945 1.850017 -1.900014
v -1.246945 1.793166 1.847456
v -1.246945 1.850017 1.847456
v -1.246945 1.793166 1.647456
v -1.246945 1.850017 1.647456
v 1.246945 1.793166 1.847456
v 1.246945 1.850017 1.847456
v 1.246945 1.793166 1.647456
v 1.246945 1.850017 1.647456
v 0.623473 1.786848 1.647456
v 0.000000 1.773331 1.647456
v -0.623473 1.786848 1.647456
v -0.623473 1.843699 1.647456
v 0.000000 1.830182 1.647456
v 0.623473 1.843699 1.647456
v -0.623473 1.786848 1.847456
v 0.000000 1.773331 1.847456
v 0.623473 1.786848 1.847456
v 0.623473 1.843699 1.847456
v 0.000000 1.830182 1.847456
v -0.623473 1.843699 1.847456
v 0.623473 1.788953 -1.900014
v 0.000000 1.779943 -1.900014
v -0.623473 1.788953 -1.900014
v -0.623473 1.845805 -1.900014
v 0.000000 1.836794 -1.900014
v 0.623473 1.845805 -1.900014
v -0.623473 1.788953 -1.700014
v 0.000000 1.779943 -1.700014
v 0.623473 1.788953 -1.700014
v 0.623473 1.845805 -1.700014
v 0.000000 1.836794 -1.700014
v -0.623473 1.845805 -1.700014
vn -1.0000 -0.0000 -0.0000
vn -0.0000 -0.0000 -1.0000
vn 1.0000 -0.0000 -0.0000
vn -0.0000 -0.0000 1.0000
vn 0.0143 -0.9992 -0.0361
vn 0.0143 0.9999 0.0076
vn 0.0093 -1.0000 -0.0000
vn 0.0093 1.0000 -0.0000
vn 0.0068 -1.0000 -0.0000
vn 0.0068 1.0000 -0.0000
vn 0.0101 -0.9999 -0.0000
vn 0.0101 0.9999 -0.0000
vn -0.0101 0.9999 -0.0000
vn -0.0217 0.9998 -0.0000
vn 0.0217 0.9998 -0.0000
vn -0.0101 -0.9999 -0.0000
vn -0.0217 -0.9998 -0.0000
vn 0.0217 -0.9998 -0.0000
vn -0.0068 1.0000 -0.0000
vn -0.0145 0.9999 -0.0000
vn 0.0145 0.9999 -0.0000
vn -0.0068 -1.0000 -0.0000
vn -0.0145 -0.9999 -0.0000
vn 0.0145 -0.9999 -0.0000
vn -0.0143 0.9999 0.0076
vn -0.0121 0.9999 0.0076
vn 0.0121 0.9999 0.0076
vn -0.0143 -0.9992 -0.0361
vn -0.0121 -0.9993 -0.0361
vn 0.0121 -0.9993 -0.0361
vn -0.0093 1.0000 -0.0000
vn -0.0199 0.9998 -0.0000
vn 0.0199 0.9998 -0.0000
vn -0.0093 -1.0000 -0.0000
vn -0.0199 -0.9998 -0.0000
vn 0.0199 -0.9998 -0.0000
vt 0.625000 0.000000
vt 0.375000 0.250000
vt 0.375000 0.000000
vt 0.625000 0.437500
vt 0.375000 0.500000
vt 0.375000 0.437500
vt 0.625000 0.750000
vt 0.375000 0.750000
vt 0.625000 0.937500
vt 0.375000 1.000000
vt 0.375000 0.937500
vt 0.312500 0.500000
vt 0.312500 0.750000
vt 0.812500 0.500000
vt 0.875000 0.750000
vt 0.812500 0.750000
vt 0.625000 0.500000
vt 0.875000 0.500000
vt 0.687500 0.500000
vt 0.750000 0.500000
vt 0.687500 0.750000
vt 0.750000 0.750000
vt 0.187500 0.500000
vt 0.125000 0.750000
vt 0.125000 0.500000
vt 0.250000 0.500000
vt 0.187500 0.750000
vt 0.250000 0.750000
vt 0.625000 0.812500
vt 0.375000 0.812500
vt 0.625000 0.875000
vt 0.375000 0.875000
vt 0.625000 0.312500
vt 0.375000 0.312500
vt 0.625000 0.375000
vt 0.375000 0.375000
vt 0.625000 0.250000
vt 0.625000 1.000000
s 0
f 1408/561/932 1409/562/932 1407/563/932
f 1468/564/933 1413/565/933 1463/566/933
f 1413/565/934 1412/567/934 1411/568/934
f 1474/569/935 1407/570/935 1469/571/935
f 1463/572/936 1411/568/936 1471/573/936
f 1466/574/937 1408/575/937 1474/576/937
f 1416/561/932 1417/562/932 1415/563/932
f 1480/564/933 1421/565/933 1475/566/933
f 1422/577/934 1419/568/934 1421/565/934
f 1486/569/935 1415/570/935 1481/571/935
f 1421/565/938 1483/573/938 1475/572/938
f 1418/578/939 1486/576/939 1478/574/939
f 1424/561/932 1425/562/932 1423/563/932
f 1456/564/933 1429/565/933 1451/566/933
f 1430/577/934 1427/568/934 1429/565/934
f 1462/569/935 1423/570/935 1457/571/935
f 1429/565/940 1459/573/940 1451/572/940
f 1426/578/941 1462/576/941 1454/574/941
f 1432/561/932 1433/562/932 1431/563/932
f 1444/564/933 1437/565/933 1439/566/933
f 1438/577/934 1435/568/934 1437/565/934
f 1450/569/935 1431/570/935 1445/571/935
f 1437/565/942 1447/573/942 1439/572/942
f 1434/578/943 1450/576/943 1442/574/943
f 1444/579/944 1436/567/944 1438/577/944
f 1443/580/945 1448/581/945 1444/579/945
f 1442/574/946 1449/582/946 1443/580/946
f 1441/583/947 1431/584/947 1433/585/947
f 1440/586/948 1445/587/948 1441/583/948
f 1439/572/949 1446/588/949 1440/586/949
f 1435/568/935 1448/589/935 1447/590/935
f 1447/590/935 1449/591/935 1446/592/935
f 1449/591/935 1445/571/935 1446/592/935
f 1433/562/933 1442/593/933 1441/594/933
f 1441/594/933 1443/595/933 1440/596/933
f 1443/595/933 1439/566/933 1440/596/933
f 1456/579/950 1428/567/950 1430/577/950
f 1455/580/951 1460/581/951 1456/579/951
f 1454/574/952 1461/582/952 1455/580/952
f 1453/583/953 1423/584/953 1425/585/953
f 1452/586/954 1457/587/954 1453/583/954
f 1451/572/955 1458/588/955 1452/586/955
f 1427/568/935 1460/589/935 1459/590/935
f 1459/590/935 1461/591/935 1458/592/935
f 1461/591/935 1457/571/935 1458/592/935
f 1425/562/933 1454/593/933 1453/594/933
f 1453/594/933 1455/595/933 1452/596/933
f 1455/595/933 1451/566/933 1452/596/933
f 1468/579/956 1412/567/956 1414/577/956
f 1467/580/957 1472/581/957 1468/579/957
f 1467/580/958 1474/576/958 1473/582/958
f 1465/583/959 1407/584/959 1409/585/959
f 1464/586/960 1469/587/960 1465/583/960
f 1464/586/961 1471/573/961 1470/588/961
f 1411/568/935 1472/589/935 1471/590/935
f 1471/590/935 1473/591/935 1470/592/935
f 1473/591/935 1469/571/935 1470/592/935
f 1409/562/933 1466/593/933 1465/594/933
f 1465/594/933 1467/595/933 1464/596/933
f 1467/595/933 1463/566/933 1464/596/933
f 1480/579/962 1420/567/962 1422/577/962
f 1479/580/963 1484/581/963 1480/579/963
f 1478/574/964 1485/582/964 1479/580/964
f 1477/583/965 1415/584/965 1417/585/965
f 1476/586/966 1481/587/966 1477/583/966
f 1475/572/967 1482/588/967 1476/586/967
f 1419/568/935 1484/589/935 1483/590/935
f 1483/590/935 1485/591/935 1482/592/935
f 1485/591/935 1481/571/935 1482/592/935
f 1417/562/933 1478/593/933 1477/594/933
f 1477/594/933 1479/595/933 1476/596/933
f 1479/595/933 1475/566/933 1476/596/933
f 1488/561/932 1489/562/932 1487/563/932
f 1520/564/933 1493/565/933 1515/566/933
f 1494/577/934 1491/568/934 1493/565/934
f 1526/569/935 1487/570/935 1521/571/935
f 1493/565/940 1523/573/940 1515/572/940
f 1490/578/941 1526/576/941 1518/574/941
f 1496/561/932 1497/562/932 1495/563/932
f 1508/564/933 1501/565/933 1503/566/933
f 1502/577/934 1499/568/934 1501/565/934
f 1514/569/935 1495/570/935 1509/571/935
f 1501/565/942 1511/573/942 1503/572/942
f 1498/578/943 1514/576/943 1506/574/943
f 1508/579/944 1500/567/944 1502/577/944
f 1507/580/945 1512/581/945 1508/579/945
f 1506/574/946 1513/582/946 1507/580/946
f 1505/583/947 1495/584/947 1497/585/947
f 1504/586/948 1509/587/948 1505/583/948
f 1503/572/949 1510/588/949 1504/586/949
f 1499/568/935 1512/589/935 1511/590/935
f 1511/590/935 1513/591/935 1510/592/935
f 1513/591/935 1509/571/935 1510/592/935
f 1497/562/933 1506/593/933 1505/594/933
f 1505/594/933 1507/595/933 1504/596/933
f 1507/595/933 1503/566/933 1504/596/933
f 1520/579/950 1492/567/950 1494/577/950
f 1519/580/951 1524/581/951 1520/579/951
f 1518/574/952 1525/582/952 1519/580/952
f 1517/583/953 1487/584/953 1489/585/953
f 1516/586/954 1521/587/954 1517/583/954
f 1515/572/955 1522/588/955 1516/586/955
f 1491/568/935 1524/589/935 1523/590/935
f 1523/590/935 1525/591/935 1522/592/935
f 1525/591/935 1521/571/935 1522/592/935
f 1489/562/933 1518/593/933 1517/594/933
f 1517/594/933 1519/595/933 1516/596/933
f 1519/595/933 1515/566/933 1516/596/933
f 1528/561/932 1529/562/932 1527/563/932
f 1560/564/933 1533/565/933 1555/566/933
f 1534/577/934 1531/568/934 1533/565/934
f 1566/569/935 1527/570/935 1561/571/935
f 1533/565/940 1563/573/940 1555/572/940
f 1530/578/941 1566/576/941 1558/574/941
f 1536/561/932 1537/562/932 1535/563/932
f 1548/564/933 1541/565/933 1543/566/933
f 1542/577/934 1539/568/934 1541/565/934
f 1554/569/935 1535/570/935 1549/571/935
f 1541/565/942 1551/573/942 1543/572/942
f 1538/578/943 1554/576/943 1546/574/943
f 1548/579/944 1540/567/944 1542/577/944
f 1547/580/945 1552/581/945 1548/579/945
f 1546/574/946 1553/582/946 1547/580/946
f 1545/583/947 1535/584/947 1537/585/947
f 1544/586/948 1549/587/948 1545/583/948
f 1543/572/949 1550/588/949 1544/586/949
f 1539/568/935 1552/589/935 1551/590/935
f 1551/590/935 1553/591/935 1550/592/935
f 1553/591/935 1549/571/935 1550/592/935
f 1537/562/933 1546/593/933 1545/594/933
f 1545/594/933 1547/595/933 1544/596/933
f 1547/595/933 1543/566/933 1544/596/933
f 1560/579/950 1532/567/950 1534/577/950
f 1559/580/951 1564/581/951 1560/579/951
f 1558/574/952 1565/582/952 1559/580/952
f 1557/583/953 1527/584/953 1529/585/953
f 1556/586/954 1561/587/954 1557/583/954
f 1555/572/955 1562/588/955 1556/586/955
f 1531/568/935 1564/589/935 1563/590/935
f 1563/590/935 1565/591/935 1562/592/935
f 1565/591/935 1561/571/935 1562/592/935
f 1529/562/933 1558/593/933 1557/594/933
f 1557/594/933 1559/595/933 1556/596/933
f 1559/595/933 1555/566/933 1556/596/933
f 1568/561/932 1569/562/932 1567/563/932
f 1600/564/933 1573/565/933 1595/566/933
f 1574/577/934 1571/568/934 1573/565/934
f 1606/569/935 1567/570/935 1601/571/935
f 1573/565/940 1603/573/940 1595/572/940
f 1570/578/941 1606/576/941 1598/574/941
f 1576/561/932 1577/562/932 1575/563/932
f 1588/564/933 1581/565/933 1583/566/933
f 1582/577/934 1579/568/934 1581/565/934
f 1594/569/935 1575/570/935 1589/571/935
f 1581/565/942 1591/573/942 1583/572/942
f 1578/578/943 1594/576/943 1586/574/943
f 1588/579/944 1580/567/944 1582/577/944
f 1587/580/945 1592/581/945 1588/579/945
f 1586/574/946 1593/582/946 1587/580/946
f 1585/583/947 1575/584/947 1577/585/947
f 1584/586/948 1589/587/948 1585/583/948
f 1583/572/949 1590/588/949 1584/586/949
f 1579/568/935 1592/589/935 1591/590/935
f 1591/590/935 1593/591/935 1590/592/935
f 1593/591/935 1589/571/935 1590/592/935
f 1577/562/933 1586/593/933 1585/594/933
f 1585/594/933 1587/595/933 1584/596/933
f 1587/595/933 1583/566/933 1584/596/933
f 1600/579/950 1572/567/950 1574/577/950
f 1599/580/951 1604/581/951 1600/579/951
f 1598/574/952 1605/582/952 1599/580/952
f 1597/583/953 1567/584/953 1569/585/953
f 1596/586/954 1601/587/954 1597/583/954
f 1595/572/955 1602/588/955 1596/586/955
f 1571/568/935 1604/589/935 1603/590/935
f 1603/590/935 1605/591/935 1602/592/935
f 1605/591/935 1601/571/935 1602/592/935
f 1569/562/933 1598/593/933 1597/594/933
f 1597/594/933 1599/595/933 1596/596/933
f 1599/595/933 1595/566/933 1596/596/933
f 1408/561/932 1410/597/932 1409/562/932
f 1468/564/933 1414/577/933 1413/565/933
f 1413/565/934 1414/577/934 1412/567/934
f 1474/569/935 1408/598/935 1407/570/935
f 1463/572/936 1413/565/936 1411/568/936
f 1466/574/937 1410/578/937 1408/575/937
f 1416/561/932 1418/597/932 1417/562/932
f 1480/564/933 1422/577/933 1421/565/933
f 1422/577/934 1420/567/934 1419/568/934
f 1486/569/935 1416/598/935 1415/570/935
f 1421/565/938 1419/568/938 1483/573/938
f 1418/578/939 1416/575/939 1486/576/939
f 1424/561/932 1426/597/932 1425/562/932
f 1456/564/933 1430/577/933 1429/565/933
f 1430/577/934 1428/567/934 1427/568/934
f 1462/569/935 1424/598/935 1423/570/935
f 1429/565/940 1427/568/940 1459/573/940
f 1426/578/941 1424/575/941 1462/576/941
f 1432/561/932 1434/597/932 1433/562/932
f 1444/564/933 1438/577/933 1437/565/933
f 1438/577/934 1436/567/934 1435/568/934
f 1450/569/935 1432/598/935 1431/570/935
f 1437/565/942 1435/568/942 1447/573/942
f 1434/578/943 1432/575/943 1450/576/943
f 1444/579/944 1448/581/944 1436/567/944
f 1443/580/945 1449/582/945 1448/581/945
f 1442/574/946 1450/576/946 1449/582/946
f 1441/583/947 1445/587/947 1431/584/947
f 1440/586/948 1446/588/948 1445/587/948
f 1439/572/949 1447/573/949 1446/588/949
f 1435/568/935 1436/567/935 1448/589/935
f 1447/590/935 1448/589/935 1449/591/935
f 1449/591/935 1450/569/935 1445/571/935
f 1433/562/933 1434/597/933 1442/593/933
f 1441/594/933 1442/593/933 1443/595/933
f 1443/595/933 1444/564/933 1439/566/933
f 1456/579/950 1460/581/950 1428/567/950
f 1455/580/951 1461/582/951 1460/581/951
f 1454/574/952 1462/576/952 1461/582/952
f 1453/583/953 1457/587/953 1423/584/953
f 1452/586/954 1458/588/954 1457/587/954
f 1451/572/955 1459/573/955 1458/588/955
f 1427/568/935 1428/567/935 1460/589/935
f 1459/590/935 1460/589/935 1461/591/935
f 1461/591/935 1462/569/935 1457/571/935
f 1425/562/933 1426/597/933 1454/593/933
f 1453/594/933 1454/593/933 1455/595/933
f 1455/595/933 1456/564/933 1451/566/933
f 1468/579/956 1472/581/956 1412/567/956
f 1467/580/957 1473/582/957 1472/581/957
f 1467/580/958 1466/574/958 1474/576/958
f 1465/583/959 1469/587/959 1407/584/959
f 1464/586/960 1470/588/960 1469/587/960
f 1464/586/961 1463/572/961 1471/573/961
f 1411/568/935 1412/567/935 1472/589/935
f 1471/590/935 1472/589/935 1473/591/935
f 1473/591/935 1474/569/935 1469/571/935
f 1409/562/933 1410/597/933 1466/593/933
f 1465/594/933 1466/593/933 1467/595/933
f 1467/595/933 1468/564/933 1463/566/933
f 1480/579/962 1484/581/962 1420/567/962
f 1479/580/963 1485/582/963 1484/581/963
f 1478/574/964 1486/576/964 1485/582/964
f 1477/583/965 1481/587/965 1415/584/965
f 1476/586/966 1482/588/966 1481/587/966
f 1475/572/967 1483/573/967 1482/588/967
f 1419/568/935 1420/567/935 1484/589/935
f 1483/590/935 1484/589/935 1485/591/935
f 1485/591/935 1486/569/935 1481/571/935
f 1417/562/933 1418/597/933 1478/593/933
f 1477/594/933 1478/593/933 1479/595/933
f 1479/595/933 1480/564/933 1475/566/933
f 1488/561/932 1490/597/932 1489/562/932
f 1520/564/933 1494/577/933 1493/565/933
f 1494/577/934 1492/567/934 1491/568/934
f 1526/569/935 1488/598/935 1487/570/935
f 1493/565/940 1491/568/940 1523/573/940
f 1490/578/941 1488/575/941 1526/576/941
f 1496/561/932 1498/597/932 1497/562/932
f 1508/564/933 1502/577/933 1501/565/933
f 1502/577/934 1500/567/934 1499/568/934
f 1514/569/935 1496/598/935 1495/570/935
f 1501/565/942 1499/568/942 1511/573/942
f 1498/578/943 1496/575/943 1514/576/943
f 1508/579/944 1512/581/944 1500/567/944
f 1507/580/945 1513/582/945 1512/581/945
f 1506/574/946 1514/576/946 1513/582/946
f 1505/583/947 1509/587/947 1495/584/947
f 1504/586/948 1510/588/948 1509/587/948
f 1503/572/949 1511/573/949 1510/588/949
f 1499/568/935 1500/567/935 1512/589/935
f 1511/590/935 1512/589/935 1513/591/935
f 1513/591/935 1514/569/935 1509/571/935
f 1497/562/933 1498/597/933 1506/593/933
f 1505/594/933 1506/593/933 1507/595/933
f 1507/595/933 1508/564/933 1503/566/933
f 1520/579/950 1524/581/950 1492/567/950
f 1519/580/951 1525/582/951 1524/581/951
f 1518/574/952 1526/576/952 1525/582/952
f 1517/583/953 1521/587/953 1487/584/953
f 1516/586/954 1522/588/954 1521/587/954
f 1515/572/955 1523/573/955 1522/588/955
f 1491/568/935 1492/567/935 1524/589/935
f 1523/590/935 1524/589/935 1525/591/935
f 1525/591/935 1526/569/935 1521/571/935
f 1489/562/933 1490/597/933 1518/593/933
f 1517/594/933 1518/593/933 1519/595/933
f 1519/595/933 1520/564/933 1515/566/933
f 1528/561/932 1530/597/932 1529/562/932
f 1560/564/933 1534/577/933 1533/565/933
f 1534/577/934 1532/567/934 1531/568/934
f 1566/569/935 1528/598/935 1527/570/935
f 1533/565/940 1531/568/940 1563/573/940
f 1530/578/941 1528/575/941 1566/576/941
f 1536/561/932 1538/597/932 1537/562/932
f 1548/564/933 1542/577/933 1541/565/933
f 1542/577/934 1540/567/934 1539/568/934
f 1554/569/935 1536/598/935 1535/570/935
f 1541/565/942 1539/568/942 1551/573/942
f 1538/578/943 1536/575/943 1554/576/943
f 1548/579/944 1552/581/944 1540/567/944
f 1547/580/945 1553/582/945 1552/581/945
f 1546/574/946 1554/576/946 1553/582/946
f 1545/583/947 1549/587/947 1535/584/947
f 1544/586/948 1550/588/948 1549/587/948
f 1543/572/949 1551/573/949 1550/588/949
f 1539/568/935 1540/567/935 1552/589/935
f 1551/590/935 1552/589/935 1553/591/935
f 1553/591/935 1554/569/935 1549/571/935
f 1537/562/933 1538/597/933 1546/593/933
f 1545/594/933 1546/593/933 1547/595/933
f 1547/595/933 1548/564/933 1543/566/933
f 1560/579/950 1564/581/950 1532/567/950
f 1559/580/951 1565/582/951 1564/581/951
f 1558/574/952 1566/576/952 1565/582/952
f 1557/583/953 1561/587/953 1527/584/953
f 1556/586/954 1562/588/954 1561/587/954
f 1555/572/955 1563/573/955 1562/588/955
f 1531/568/935 1532/567/935 1564/589/935
f 1563/590/935 1564/589/935 1565/591/935
f 1565/591/935 1566/569/935 1561/571/935
f 1529/562/933 1530/597/933 1558/593/933
f 1557/594/933 1558/593/933 1559/595/933
f 1559/595/933 1560/564/933 1555/566/933
f 1568/561/932 1570/597/932 1569/562/932
f 1600/564/933 1574/577/933 1573/565/933
f 1574/577/934 1572/567/934 1571/568/934
f 1606/569/935 1568/598/935 1567/570/935
f 1573/565/940 1571/568/940 1603/573/940
f 1570/578/941 1568/575/941 1606/576/941
f 1576/561/932 1578/597/932 1577/562/932
f 1588/564/933 1582/577/933 1581/565/933
f 1582/577/934 1580/567/934 1579/568/934
f 1594/569/935 1576/598/935 1575/570/935
f 1581/565/942 1579/568/942 1591/573/942
f 1578/578/943 1576/575/943 1594/576/943
f 1588/579/944 1592/581/944 1580/567/944
f 1587/580/945 1593/582/945 1592/581/945
f 1586/574/946 1594/576/946 1593/582/946
f 1585/583/947 1589/587/947 1575/584/947
f 1584/586/948 1590/588/948 1589/587/948
f 1583/572/949 1591/573/949 1590/588/949
f 1579/568/935 1580/567/935 1592/589/935
f 1591/590/935 1592/589/935 1593/591/935
f 1593/591/935 1594/569/935 1589/571/935
f 1577/562/933 1578/597/933 1586/593/933
f 1585/594/933 1586/593/933 1587/595/933
f 1587/595/933 1588/564/933 1583/566/933
f 1600/579/950 1604/581/950 1572/567/950
f 1599/580/951 1605/582/951 1604/581/951
f 1598/574/952 1606/576/952 1605/582/952
f 1597/583/953 1601/587/953 1567/584/953
f 1596/586/954 1602/588/954 1601/587/954
f 1595/572/955 1603/573/955 1602/588/955
f 1571/568/935 1572/567/935 1604/589/935
f 1603/590/935 1604/589/935 1605/591/935
f 1605/591/935 1606/569/935 1601/571/935
f 1569/562/933 1570/597/933 1598/593/933
f 1597/594/933 1598/593/933 1599/595/933
f 1599/595/933 1600/564/933 1595/566/933
o Cylinder.010
v 1.193436 2.562679 0.581197
v 1.129907 -0.155064 0.581197
v 1.173524 2.563145 0.629281
v 1.109995 -0.154598 0.629281
v 1.193436 2.562679 0.677365
v 1.129907 -0.155064 0.677365
v 1.241507 2.561555 0.697282
v 1.177978 -0.156188 0.697282
v 1.289578 2.560432 0.677365
v 1.226049 -0.157311 0.677365
v 1.309489 2.559966 0.629281
v 1.245960 -0.157777 0.629281
v 1.289578 2.560432 0.581197
v 1.226049 -0.157311 0.581197
v 1.241507 2.561555 0.561280
v 1.177978 -0.156188 0.561280
v 1.195912 -0.137287 2.142933
v 1.223572 2.641614 2.142933
v 1.243778 -0.137617 2.162760
v 1.271437 2.641284 2.162760
v 1.263604 -0.137754 2.210627
v 1.291264 2.641148 2.210627
v 1.243778 -0.137617 2.258494
v 1.271437 2.641284 2.258494
v -1.228272 2.628906 -2.030880
v -1.182287 -0.189261 -2.054036
v -1.248339 2.628325 -1.982401
v -1.202353 -0.189843 -2.005557
v -1.228252 2.628368 -1.933924
v -1.182266 -0.189799 -1.957081
v -1.179778 2.629013 -1.913848
v -1.133792 -0.189155 -1.937005
v -1.131312 2.629879 -1.933932
v -1.085326 -0.188288 -1.957088
v -1.111244 2.630461 -1.982411
v -1.065259 -0.187706 -2.005568
v -1.131331 2.630417 -2.030887
v -1.085346 -0.187750 -2.054043
v -1.179806 2.629773 -2.050964
v -1.133820 -0.188394 -2.074120
v 1.195912 -0.137287 2.278321
v 1.223572 2.641614 2.278321
v 1.148047 -0.136957 2.258494
v 1.175707 2.641945 2.258494
v 1.128220 -0.136820 2.210627
v 1.155880 2.642081 2.210627
v 1.148047 -0.136957 2.162760
v 1.175707 2.641945 2.162760
v 1.184814 -0.120036 -2.060818
v 1.238851 2.648643 -2.064236
v 1.233288 -0.120659 -2.040774
v 1.287325 2.648021 -2.044192
v 1.253395 -0.120883 -1.992321
v 1.307431 2.647796 -1.995739
v 1.233355 -0.120579 -1.943841
v 1.287391 2.648101 -1.947258
v 1.184908 -0.119923 -1.923733
v 1.238944 2.648757 -1.927151
v 1.136433 -0.119300 -1.943776
v 1.190470 2.649379 -1.947194
v 1.116327 -0.119075 -1.992230
v 1.170364 2.649604 -1.995648
v 1.136367 -0.119380 -2.040709
v 1.190404 2.649299 -2.044127
v -1.250250 2.640008 2.148829
v -1.170988 -0.177891 2.175699
v -1.270211 2.639942 2.197374
v -1.190949 -0.177958 2.224244
v -1.250010 2.640637 2.245813
v -1.170748 -0.177262 2.272682
v -1.201479 2.641687 2.265770
v -1.122218 -0.176212 2.292640
v -1.153048 2.642477 2.245555
v -1.073787 -0.175422 2.272425
v -1.133087 2.642544 2.197010
v -1.053825 -0.175356 2.223880
v -1.153288 2.641848 2.148571
v -1.074026 -0.176051 2.175441
v -1.201819 2.640798 2.128614
v -1.122557 -0.177102 2.155484
v -1.184602 -0.218535 0.560918
v -1.184602 2.600204 0.560918
v -1.136262 -0.218535 0.580941
v -1.136262 2.600204 0.580941
v -1.116239 -0.218535 0.629281
v -1.116239 2.600204 0.629281
v -1.136262 -0.218535 0.677621
v -1.136262 2.600204 0.677621
v -1.184602 -0.218535 0.697644
v -1.184602 2.600204 0.697644
v -1.232942 -0.218535 0.677621
v -1.232942 2.600204 0.677621
v -1.252965 -0.218535 0.629281
v -1.252965 2.600204 0.629281
v -1.232942 -0.218535 0.580941
v -1.232942 2.600204 0.580941
vn 0.0234 0.9997 -0.0000
vn -0.7069 0.0165 0.7071
vn -0.9997 0.0234 -0.0000
vn -0.0000 -0.0000 1.0000
vn 0.7069 -0.0165 0.7071
vn 0.9997 -0.0234 -0.0000
vn 0.7069 -0.0165 -0.7071
vn -0.0000 -0.0000 -1.0000
vn 0.0007 -0.0000 -1.0000
vn 0.7067 -0.0070 -0.7075
vn -0.0007 -0.0000 -1.0000
vn 0.7074 -0.0070 -0.7067
vn 1.0000 -0.0100 -0.0000
vn 0.7075 -0.0070 0.7067
vn 0.7067 -0.0070 0.7075
vn 0.0007 -0.0000 1.0000
vn -0.0007 -0.0000 1.0000
vn -0.7067 0.0070 0.7075
vn -0.7074 0.0070 0.7067
vn -1.0000 0.0100 -0.0000
vn -0.0234 -0.9997 -0.0000
vn -0.7069 0.0165 -0.7071
vn 0.0156 -0.9999 -0.0056
vn -0.7068 -0.0057 -0.7074
vn -0.0004 0.0082 -1.0000
vn -0.0000 0.0082 -1.0000
vn -0.9999 -0.0163 -0.0005
vn -0.7076 -0.0057 -0.7066
vn -0.0156 0.9999 0.0056
vn -0.7071 -0.0173 0.7069
vn -0.9999 -0.0163 0.0008
vn 0.0004 -0.0082 1.0000
vn -0.7066 -0.0173 0.7074
vn 0.7068 0.0057 0.7074
vn 0.7076 0.0057 0.7066
vn 0.9999 0.0163 0.0005
vn 0.9999 0.0163 -0.0008
vn 0.7071 0.0173 -0.7069
vn 0.7066 0.0173 -0.7074
vn 0.0069 1.0000 -0.0000
vn -0.7074 0.0070 -0.7067
vn -0.7067 0.0070 -0.7075
vn -0.0069 -1.0000 -0.0000
vn 0.0009 -0.0013 -1.0000
vn 0.7058 -0.0146 -0.7083
vn -0.0022 -0.0012 -1.0000
vn 0.7072 -0.0147 -0.7068
vn 0.9998 -0.0195 -0.0006
vn 0.7083 -0.0130 0.7058
vn 0.7067 -0.0129 0.7074
vn 0.0022 0.0012 1.0000
vn -0.0009 0.0013 1.0000
vn -0.7058 0.0146 0.7083
vn -0.7072 0.0147 0.7068
vn -0.9998 0.0195 0.0006
vn -0.9998 0.0195 0.0008
vn 0.0132 0.9999 -0.0008
vn -0.7083 0.0130 -0.7058
vn -0.7067 0.0129 -0.7074
vn -0.0132 -0.9999 0.0008
vn 0.0190 -0.9998 0.0064
vn -0.7078 -0.0266 -0.7059
vn -0.0047 -0.0097 -0.9999
vn -0.0002 -0.0095 -1.0000
vn -0.9996 -0.0281 0.0034
vn -0.7093 -0.0267 -0.7044
vn -0.0190 0.9998 -0.0064
vn -0.7066 -0.0131 0.7075
vn -0.7036 -0.0130 0.7104
vn 0.0002 0.0095 1.0000
vn 0.0047 0.0097 0.9999
vn 0.7078 0.0266 0.7059
vn 0.7093 0.0267 0.7044
vn 0.9996 0.0281 -0.0034
vn 0.9996 0.0281 -0.0019
vn 0.7066 0.0131 -0.7075
vn 0.7036 0.0130 -0.7104
vn 0.7071 -0.0000 -0.7071
vn 1.0000 -0.0000 -0.0000
vn 0.7071 -0.0000 0.7071
vn -0.7071 -0.0000 0.7071
vn -1.0000 -0.0000 -0.0000
vn -0.0000 1.0000 -0.0000
vn -0.7071 -0.0000 -0.7071
vn -0.0000 -1.0000 -0.0000
vn -0.0156 0.9999 0.0055
vn -0.0000 -0.0082 1.0000
vn 0.9998 -0.0195 -0.0008
vn -0.9996 -0.0281 0.0019
vt 0.010000 0.250000
vt 0.250000 0.010000
vt 0.490000 0.250000
vt 0.375000 1.000000
vt 0.250000 0.500000
vt 0.375000 0.500000
vt 0.500000 0.500000
vt 0.625000 1.000000
vt 0.625000 0.500000
vt 0.750000 1.000000
vt 0.750000 0.500000
vt 0.875000 1.000000
vt 0.875000 0.500000
vt 1.000000 1.000000
vt 1.000000 0.500000
vt 0.500000 1.000000
vt 0.250000 1.000000
vt 0.919706 0.080294
vt 0.580294 0.080294
vt 0.580294 0.419706
vt 0.125000 0.500000
vt 0.000000 1.000000
vt 0.000000 0.500000
vt 0.125000 1.000000
vt 0.419706 0.419706
vt 0.250000 0.490000
vt 0.080294 0.419706
vt 0.080294 0.080294
vt 0.419706 0.080294
vt 0.750000 0.490000
vt 0.919706 0.419706
vt 0.990000 0.250000
vt 0.750000 0.010000
vt 0.510000 0.250000
s 1
f 1609/599/968 1613/600/968 1617/601/968
f 1611/602/969 1610/603/970 1612/604/969
f 1614/605/971 1611/602/969 1612/604/969
f 1615/606/972 1614/605/971 1616/607/972
f 1617/608/973 1616/607/972 1618/609/973
f 1619/610/974 1618/609/973 1620/611/974
f 1621/612/975 1620/611/974 1622/613/975
f 1624/612/976 1625/611/977 1623/613/978
f 1626/610/979 1627/609/980 1625/611/977
f 1627/609/980 1630/606/981 1629/607/982
f 1629/607/982 1648/614/983 1647/605/984
f 1647/605/984 1650/602/985 1649/604/986
f 1649/604/986 1652/615/987 1651/603/987
f 1616/616/988 1612/617/988 1608/618/988
f 1608/619/989 1621/620/975 1622/621/975
f 1610/603/970 1607/622/989 1608/619/989
f 1640/616/990 1636/617/990 1632/618/990
f 1632/619/991 1645/620/992 1646/621/993
f 1634/603/994 1631/622/995 1632/619/991
f 1633/599/996 1637/600/996 1641/601/996
f 1636/604/997 1633/615/998 1634/603/994
f 1638/605/999 1635/602/1000 1636/604/997
f 1639/606/1001 1638/605/999 1640/607/1002
f 1641/608/1003 1640/607/1002 1642/609/1004
f 1643/610/1005 1642/609/1004 1644/611/1006
f 1645/612/992 1644/611/1006 1646/613/993
f 1652/599/1007 1648/600/1007 1628/601/1007
f 1652/615/987 1653/619/1008 1651/603/987
f 1654/622/1009 1623/621/978 1653/619/1008
f 1629/616/1010 1649/617/1010 1653/618/1010
f 1656/612/1011 1657/611/1012 1655/613/1013
f 1658/610/1014 1659/609/1015 1657/611/1012
f 1659/609/1015 1662/606/1016 1661/607/1017
f 1661/607/1017 1664/614/1018 1663/605/1019
f 1663/605/1019 1666/602/1020 1665/604/1021
f 1665/604/1021 1668/615/1022 1667/603/1023
f 1668/599/1024 1664/600/1024 1660/601/1024
f 1668/615/1022 1669/619/1025 1667/603/1023
f 1670/622/1026 1655/621/1013 1669/619/1025
f 1661/616/1027 1665/617/1027 1669/618/1027
f 1680/616/1028 1676/617/1028 1672/618/1028
f 1672/619/1029 1685/620/1030 1686/621/1031
f 1674/603/1032 1671/622/1033 1672/619/1029
f 1673/599/1034 1677/600/1034 1681/601/1034
f 1675/602/1035 1674/603/1032 1676/604/1036
f 1677/614/1037 1676/604/1036 1678/605/1038
f 1679/606/1039 1678/605/1038 1680/607/1040
f 1681/608/1041 1680/607/1040 1682/609/1042
f 1684/611/1043 1681/608/1041 1682/609/1042
f 1686/613/1031 1683/610/1044 1684/611/1043
f 1688/612/975 1689/611/1045 1687/613/975
f 1690/610/1045 1691/609/1046 1689/611/1045
f 1692/608/1046 1693/607/1047 1691/609/1046
f 1694/606/1047 1695/605/971 1693/607/1047
f 1696/614/971 1697/604/1048 1695/605/971
f 1698/602/1048 1699/603/1049 1697/604/1048
f 1700/599/1050 1696/600/1050 1692/601/1050
f 1700/615/1049 1701/619/1051 1699/603/1049
f 1702/622/1051 1687/621/975 1701/619/1051
f 1693/616/1052 1697/617/1052 1701/618/1052
f 1617/601/968 1619/623/968 1621/624/968
f 1621/624/968 1607/625/968 1609/599/968
f 1609/599/968 1611/626/968 1613/600/968
f 1613/600/968 1615/627/968 1617/601/968
f 1617/601/968 1621/624/968 1609/599/968
f 1611/602/969 1609/615/970 1610/603/970
f 1614/605/971 1613/614/971 1611/602/969
f 1615/606/972 1613/614/971 1614/605/971
f 1617/608/973 1615/606/972 1616/607/972
f 1619/610/974 1617/608/973 1618/609/973
f 1621/612/975 1619/610/974 1620/611/974
f 1624/612/976 1626/610/979 1625/611/977
f 1626/610/979 1628/608/980 1627/609/980
f 1627/609/980 1628/608/980 1630/606/981
f 1629/607/982 1630/606/981 1648/614/983
f 1647/605/984 1648/614/983 1650/602/985
f 1649/604/986 1650/602/985 1652/615/987
f 1608/618/988 1622/628/988 1620/629/988
f 1620/629/988 1618/630/988 1616/616/988
f 1616/616/988 1614/631/988 1612/617/988
f 1612/617/988 1610/632/988 1608/618/988
f 1608/618/988 1620/629/988 1616/616/988
f 1608/619/989 1607/622/989 1621/620/975
f 1610/603/970 1609/615/970 1607/622/989
f 1632/618/990 1646/628/990 1644/629/990
f 1644/629/990 1642/630/990 1640/616/990
f 1640/616/990 1638/631/990 1636/617/990
f 1636/617/990 1634/632/990 1632/618/990
f 1632/618/990 1644/629/990 1640/616/990
f 1632/619/991 1631/622/995 1645/620/992
f 1634/603/994 1633/615/998 1631/622/995
f 1641/601/996 1643/623/1053 1645/624/996
f 1645/624/996 1631/625/996 1633/599/996
f 1633/599/996 1635/626/996 1637/600/996
f 1637/600/996 1639/627/996 1641/601/996
f 1641/601/996 1645/624/996 1633/599/996
f 1636/604/997 1635/602/1000 1633/615/998
f 1638/605/999 1637/614/1054 1635/602/1000
f 1639/606/1001 1637/614/1054 1638/605/999
f 1641/608/1003 1639/606/1001 1640/607/1002
f 1643/610/1005 1641/608/1003 1642/609/1004
f 1645/612/992 1643/610/1005 1644/611/1006
f 1628/601/1007 1626/623/1007 1624/624/1007
f 1624/624/1007 1654/625/1007 1652/599/1007
f 1652/599/1007 1650/626/1007 1648/600/1007
f 1648/600/1007 1630/627/1007 1628/601/1007
f 1628/601/1007 1624/624/1007 1652/599/1007
f 1652/615/987 1654/622/1009 1653/619/1008
f 1654/622/1009 1624/620/976 1623/621/978
f 1653/618/1010 1623/628/1010 1625/629/1010
f 1625/629/1010 1627/630/1010 1629/616/1010
f 1629/616/1010 1647/631/1010 1649/617/1010
f 1649/617/1010 1651/632/1010 1653/618/1010
f 1653/618/1010 1625/629/1010 1629/616/1010
f 1656/612/1011 1658/610/1014 1657/611/1012
f 1658/610/1014 1660/608/1055 1659/609/1015
f 1659/609/1015 1660/608/1055 1662/606/1016
f 1661/607/1017 1662/606/1016 1664/614/1018
f 1663/605/1019 1664/614/1018 1666/602/1020
f 1665/604/1021 1666/602/1020 1668/615/1022
f 1660/601/1024 1658/623/1024 1656/624/1024
f 1656/624/1024 1670/625/1024 1668/599/1024
f 1668/599/1024 1666/626/1024 1664/600/1024
f 1664/600/1024 1662/627/1024 1660/601/1024
f 1660/601/1024 1656/624/1024 1668/599/1024
f 1668/615/1022 1670/622/1026 1669/619/1025
f 1670/622/1026 1656/620/1011 1655/621/1013
f 1669/618/1027 1655/628/1027 1657/629/1027
f 1657/629/1027 1659/630/1027 1661/616/1027
f 1661/616/1027 1663/631/1027 1665/617/1027
f 1665/617/1027 1667/632/1027 1669/618/1027
f 1669/618/1027 1657/629/1027 1661/616/1027
f 1672/618/1028 1686/628/1028 1684/629/1028
f 1684/629/1028 1682/630/1028 1680/616/1028
f 1680/616/1028 1678/631/1028 1676/617/1028
f 1676/617/1028 1674/632/1028 1672/618/1028
f 1672/618/1028 1684/629/1028 1680/616/1028
f 1672/619/1029 1671/622/1033 1685/620/1030
f 1674/603/1032 1673/615/1056 1671/622/1033
f 1681/601/1034 1683/623/1034 1685/624/1034
f 1685/624/1034 1671/625/1034 1673/599/1034
f 1673/599/1034 1675/626/1034 1677/600/1034
f 1677/600/1034 1679/627/1034 1681/601/1034
f 1681/601/1034 1685/624/1034 1673/599/1034
f 1675/602/1035 1673/615/1056 1674/603/1032
f 1677/614/1037 1675/602/1035 1676/604/1036
f 1679/606/1039 1677/614/1037 1678/605/1038
f 1681/608/1041 1679/606/1039 1680/607/1040
f 1684/611/1043 1683/610/1044 1681/608/1041
f 1686/613/1031 1685/612/1030 1683/610/1044
f 1688/612/975 1690/610/1045 1689/611/1045
f 1690/610/1045 1692/608/1046 1691/609/1046
f 1692/608/1046 1694/606/1047 1693/607/1047
f 1694/606/1047 1696/614/971 1695/605/971
f 1696/614/971 1698/602/1048 1697/604/1048
f 1698/602/1048 1700/615/1049 1699/603/1049
f 1692/601/1050 1690/623/1050 1688/624/1050
f 1688/624/1050 1702/625/1050 1700/599/1050
f 1700/599/1050 1698/626/1050 1696/600/1050
f 1696/600/1050 1694/627/1050 1692/601/1050
f 1692/601/1050 1688/624/1050 1700/599/1050
f 1700/615/1049 1702/622/1051 1701/619/1051
f 1702/622/1051 1688/620/975 1687/621/975
f 1701/618/1052 1687/628/1052 1689/629/1052
f 1689/629/1052 1691/630/1052 1693/616/1052
f 1693/616/1052 1695/631/1052 1697/617/1052
f 1697/617/1052 1699/632/1052 1701/618/1052
f 1701/618/1052 1689/629/1052 1693/616/1052
