# Blender 5.0.1
# www.blender.org
mtllib 2-Axle_Flatcar_barrier.mtl
o Cube.014
v -1.310000 1.200000 3.200000
v -1.310000 1.200000 0.000000
v -1.310000 1.800000 0.000000
v -1.290000 1.200000 3.200000
v -1.290000 1.200000 0.000000
v -1.290000 1.800000 0.000000
v -1.310000 1.500000 3.200000
v -1.310000 1.800000 2.300000
v -1.290000 1.800000 2.300000
v -1.290000 1.500000 3.200000
v -1.290000 1.200000 3.210000
v -1.290000 1.500000 3.210000
v -1.290000 1.200000 3.190000
v -1.290000 1.500000 3.190000
v 0.000000 1.200000 3.210000
v 0.000000 1.500000 3.210000
v 0.000000 1.200000 3.190000
v 0.000000 1.500000 3.190000
v 1.310000 1.200000 3.200000
v 1.310000 1.200000 0.000000
v 1.310000 1.800000 0.000000
v 1.290000 1.200000 3.200000
v 1.290000 1.200000 0.000000
v 1.290000 1.800000 0.000000
v 1.310000 1.500000 3.200000
v 1.310000 1.800000 2.300000
v 1.290000 1.800000 2.300000
v 1.290000 1.500000 3.200000
v 1.290000 1.200000 3.210000
v 1.290000 1.500000 3.210000
v 1.290000 1.200000 3.190000
v 1.290000 1.500000 3.190000
v -1.310000 1.200000 -3.200000
v -1.290000 1.200000 -3.200000
v -1.310000 1.500000 -3.200000
v -1.310000 1.800000 -2.300000
v -1.290000 1.800000 -2.300000
v -1.290000 1.500000 -3.200000
v -1.290000 1.200000 -3.210000
v -1.290000 1.500000 -3.210000
v -1.290000 1.200000 -3.190000
v -1.290000 1.500000 -3.190000
v 0.000000 1.200000 -3.210000
v 0.000000 1.500000 -3.210000
v 0.000000 1.200000 -3.190000
v 0.000000 1.500000 -3.190000
v 1.310000 1.200000 -3.200000
v 1.290000 1.200000 -3.200000
v 1.310000 1.500000 -3.200000
v 1.310000 1.800000 -2.300000
v 1.290000 1.800000 -2.300000
v 1.290000 1.500000 -3.200000
v 1.290000 1.200000 -3.210000
v 1.290000 1.500000 -3.210000
v 1.290000 1.200000 -3.190000
v 1.290000 1.500000 -3.190000
vn -0.0000 -1.0000 -0.0000
vn -0.0000 0.9487 0.3162
vn -0.0000 -0.0000 1.0000
vn -1.0000 -0.0000 -0.0000
vn -0.0000 1.0000 -0.0000
vn 1.0000 -0.0000 -0.0000
vn -0.0000 -0.0000 -1.0000
vn -0.0000 0.9487 -0.3162
vt 0.375000 0.500000
vt 0.125000 0.750000
vt 0.125000 0.500000
vt 0.625000 1.000000
vt 0.500000 0.750000
vt 0.625000 0.734375
vt 0.375000 1.000000
vt 0.375000 0.750000
vt 0.500000 0.000000
vt 0.625000 0.250000
vt 0.375000 0.250000
vt 0.875000 0.500000
vt 0.625000 0.500000
vt 0.625000 0.000000
vt 0.375000 0.000000
vt 0.625000 0.750000
vt 0.625000 0.023437
vt 0.500000 1.000000
vt 0.875000 0.726562
vt 0.875000 0.750000
s 0
f 5/1/1 1/2/1 2/3/1
f 8/4/2 10/5/2 9/6/2
f 10/5/3 1/7/3 4/8/3
f 7/9/4 3/10/4 2/11/4
f 3/12/5 9/6/5 6/13/5
f 6/13/6 10/5/6 4/8/6
f 12/14/4 13/11/4 11/15/4
f 14/10/7 17/1/7 13/11/7
f 16/16/3 11/7/3 15/8/3
f 17/1/1 11/2/1 13/3/1
f 14/12/5 16/16/5 18/13/5
f 19/2/1 23/1/1 20/3/1
f 28/5/2 26/4/2 27/6/2
f 19/7/3 28/5/3 22/8/3
f 20/11/6 26/17/6 25/9/6
f 27/6/5 21/12/5 24/13/5
f 22/8/4 27/6/4 24/13/4
f 31/11/6 30/14/6 29/15/6
f 17/1/7 32/10/7 31/11/7
f 29/7/3 16/16/3 15/8/3
f 29/2/1 17/1/1 31/3/1
f 16/16/5 32/12/5 18/13/5
f 33/2/1 5/1/1 2/3/1
f 38/5/8 36/4/8 37/6/8
f 33/7/7 38/5/7 34/8/7
f 2/11/4 36/17/4 35/9/4
f 37/6/5 3/12/5 6/13/5
f 34/8/6 37/6/6 6/13/6
f 41/11/4 40/14/4 39/15/4
f 45/1/3 42/10/3 41/11/3
f 39/7/7 44/16/7 43/8/7
f 39/2/1 45/1/1 41/3/1
f 44/16/5 42/12/5 46/13/5
f 23/1/1 47/2/1 20/3/1
f 50/4/8 52/5/8 51/6/8
f 52/5/7 47/7/7 48/8/7
f 49/9/6 21/10/6 20/11/6
f 21/12/5 51/6/5 24/13/5
f 24/13/4 52/5/4 48/8/4
f 54/14/6 55/11/6 53/15/6
f 56/10/3 45/1/3 55/11/3
f 44/16/7 53/7/7 43/8/7
f 45/1/1 53/2/1 55/3/1
f 56/12/5 44/16/5 46/13/5
f 5/1/1 4/8/1 1/2/1
f 8/4/2 7/18/2 10/5/2
f 10/5/3 7/18/3 1/7/3
f 2/11/4 1/15/4 7/9/4
f 7/9/4 8/17/4 3/10/4
f 3/12/5 8/19/5 9/6/5
f 4/8/6 5/1/6 6/13/6
f 6/13/6 9/6/6 10/5/6
f 12/14/4 14/10/4 13/11/4
f 14/10/7 18/13/7 17/1/7
f 16/16/3 12/4/3 11/7/3
f 17/1/1 15/8/1 11/2/1
f 14/12/5 12/20/5 16/16/5
f 19/2/1 22/8/1 23/1/1
f 28/5/2 25/18/2 26/4/2
f 19/7/3 25/18/3 28/5/3
f 25/9/6 19/15/6 20/11/6
f 20/11/6 21/10/6 26/17/6
f 27/6/5 26/19/5 21/12/5
f 24/13/4 23/1/4 22/8/4
f 22/8/4 28/5/4 27/6/4
f 31/11/6 32/10/6 30/14/6
f 17/1/7 18/13/7 32/10/7
f 29/7/3 30/4/3 16/16/3
f 29/2/1 15/8/1 17/1/1
f 16/16/5 30/20/5 32/12/5
f 33/2/1 34/8/1 5/1/1
f 38/5/8 35/18/8 36/4/8
f 33/7/7 35/18/7 38/5/7
f 35/9/4 33/15/4 2/11/4
f 2/11/4 3/10/4 36/17/4
f 37/6/5 36/19/5 3/12/5
f 6/13/6 5/1/6 34/8/6
f 34/8/6 38/5/6 37/6/6
f 41/11/4 42/10/4 40/14/4
f 45/1/3 46/13/3 42/10/3
f 39/7/7 40/4/7 44/16/7
f 39/2/1 43/8/1 45/1/1
f 44/16/5 40/20/5 42/12/5
f 23/1/1 48/8/1 47/2/1
f 50/4/8 49/18/8 52/5/8
f 52/5/7 49/18/7 47/7/7
f 20/11/6 47/15/6 49/9/6
f 49/9/6 50/17/6 21/10/6
f 21/12/5 50/19/5 51/6/5
f 48/8/4 23/1/4 24/13/4
f 24/13/4 51/6/4 52/5/4
f 54/14/6 56/10/6 55/11/6
f 56/10/3 46/13/3 45/1/3
f 44/16/7 54/4/7 53/7/7
f 45/1/1 43/8/1 53/2/1
f 56/12/5 54/20/5 44/16/5
o Cube.022
v -1.320000 1.195778 -0.021250
v -1.320000 1.195778 0.021250
v -1.305308 1.189692 -0.021250
v -1.305308 1.189692 0.021250
v -1.299222 1.175000 -0.021250
v -1.299222 1.175000 0.021250
v -1.305308 1.160308 -0.021250
v -1.305308 1.160308 0.021250
v -1.320000 1.154222 -0.021250
v -1.320000 1.154222 0.021250
v -1.334692 1.160308 -0.021250
v -1.334692 1.160308 0.021250
v -1.340778 1.175000 -0.021250
v -1.340778 1.175000 0.021250
v -1.334692 1.189692 -0.021250
v -1.334692 1.189692 0.021250
v -1.320000 1.180000 0.020000
v -1.320000 1.790000 0.020000
v -1.320000 1.180000 -0.020000
v -1.320000 1.790000 -0.020000
v -1.310000 1.180000 0.020000
v -1.310000 1.790000 0.020000
v -1.310000 1.180000 -0.020000
v -1.310000 1.790000 -0.020000
v -1.290000 1.200000 0.020000
v -1.290000 1.790000 0.020000
v -1.290000 1.200000 -0.020000
v -1.290000 1.790000 -0.020000
v -1.280000 1.200000 0.020000
v -1.280000 1.790000 0.020000
v -1.280000 1.200000 -0.020000
v -1.280000 1.790000 -0.020000
v -1.320000 1.199933 0.021250
v -1.320000 1.199933 0.038250
v -1.302369 1.192631 0.021250
v -1.302369 1.192631 0.038250
v -1.295067 1.175000 0.021250
v -1.295067 1.175000 0.038250
v -1.302369 1.157370 0.021250
v -1.302369 1.157370 0.038250
v -1.320000 1.150067 0.021250
v -1.320000 1.150067 0.038250
v -1.337631 1.157370 0.021250
v -1.337631 1.157370 0.038250
v -1.344933 1.175000 0.021250
v -1.344933 1.175000 0.038250
v -1.337631 1.192631 0.021250
v -1.337631 1.192631 0.038250
v -1.320000 1.187467 0.038250
v -1.320000 1.187467 0.042500
v -1.311185 1.183815 0.038250
v -1.311185 1.183815 0.042500
v -1.307533 1.175000 0.038250
v -1.307533 1.175000 0.042500
v -1.311185 1.166185 0.038250
v -1.311185 1.166185 0.042500
v -1.320000 1.162534 0.038250
v -1.320000 1.162534 0.042500
v -1.328815 1.166185 0.038250
v -1.328815 1.166185 0.042500
v -1.332467 1.175000 0.038250
v -1.332467 1.175000 0.042500
v -1.328815 1.183815 0.038250
v -1.328815 1.183815 0.042500
v -1.320000 1.199933 -0.021250
v -1.320000 1.199933 -0.038250
v -1.302369 1.192631 -0.021250
v -1.302369 1.192631 -0.038250
v -1.295067 1.175000 -0.021250
v -1.295067 1.175000 -0.038250
v -1.302369 1.157370 -0.021250
v -1.302369 1.157370 -0.038250
v -1.320000 1.150067 -0.021250
v -1.320000 1.150067 -0.038250
v -1.337631 1.157370 -0.021250
v -1.337631 1.157370 -0.038250
v -1.344933 1.175000 -0.021250
v -1.344933 1.175000 -0.038250
v -1.337631 1.192631 -0.021250
v -1.337631 1.192631 -0.038250
v -1.320000 1.187467 -0.038250
v -1.320000 1.187467 -0.042500
v -1.311185 1.183815 -0.038250
v -1.311185 1.183815 -0.042500
v -1.307533 1.175000 -0.038250
v -1.307533 1.175000 -0.042500
v -1.311185 1.166185 -0.038250
v -1.311185 1.166185 -0.042500
v -1.320000 1.162534 -0.038250
v -1.320000 1.162534 -0.042500
v -1.328815 1.166185 -0.038250
v -1.328815 1.166185 -0.042500
v -1.332467 1.175000 -0.038250
v -1.332467 1.175000 -0.042500
v -1.328815 1.183815 -0.038250
v -1.328815 1.183815 -0.042500
v -1.275000 1.432071 -0.007071
v -1.325000 1.432071 -0.007071
v -1.325000 1.275000 -0.010000
v -1.275000 1.275000 -0.010000
v -1.325000 1.267929 -0.007071
v -1.275000 1.267929 -0.007071
v -1.325000 1.265000 0.000000
v -1.275000 1.265000 0.000000
v -1.325000 1.267929 0.007071
v -1.275000 1.267929 0.007071
v -1.325000 1.275000 0.010000
v -1.275000 1.275000 0.010000
v -1.325000 1.282071 0.007071
v -1.275000 1.282071 0.007071
v -1.325000 1.285000 0.000000
v -1.275000 1.285000 0.000000
v -1.325000 1.282071 -0.007071
v -1.275000 1.282071 -0.007071
v -1.275000 1.435000 0.000000
v -1.325000 1.435000 0.000000
v -1.275000 1.432071 0.007071
v -1.325000 1.432071 0.007071
v -1.275000 1.425000 0.010000
v -1.325000 1.425000 0.010000
v -1.275000 1.417929 0.007071
v -1.325000 1.417929 0.007071
v -1.275000 1.415000 0.000000
v -1.325000 1.415000 0.000000
v -1.275000 1.417929 -0.007071
v -1.325000 1.417929 -0.007071
v -1.275000 1.425000 -0.010000
v -1.325000 1.425000 -0.010000
v -1.275000 1.582071 -0.007071
v -1.325000 1.582071 -0.007071
v -1.275000 1.585000 0.000000
v -1.325000 1.585000 0.000000
v -1.275000 1.582071 0.007071
v -1.325000 1.582071 0.007071
v -1.275000 1.575000 0.010000
v -1.325000 1.575000 0.010000
v -1.275000 1.567929 0.007071
v -1.325000 1.567929 0.007071
v -1.275000 1.565000 0.000000
v -1.325000 1.565000 0.000000
v -1.275000 1.567929 -0.007071
v -1.325000 1.567929 -0.007071
v -1.275000 1.575000 -0.010000
v -1.325000 1.575000 -0.010000
v -1.275000 1.732071 -0.007071
v -1.325000 1.732071 -0.007071
v -1.275000 1.735000 0.000000
v -1.325000 1.735000 0.000000
v -1.275000 1.732071 0.007071
v -1.325000 1.732071 0.007071
v -1.275000 1.725000 0.010000
v -1.325000 1.725000 0.010000
v -1.275000 1.717929 0.007071
v -1.325000 1.717929 0.007071
v -1.275000 1.715000 0.000000
v -1.325000 1.715000 0.000000
v -1.275000 1.717929 -0.007071
v -1.325000 1.717929 -0.007071
v -1.275000 1.725000 -0.010000
v -1.325000 1.725000 -0.010000
v -1.320000 1.195778 0.928750
v -1.320000 1.195778 0.971250
v -1.305308 1.189692 0.928750
v -1.305308 1.189692 0.971250
v -1.299222 1.175000 0.928750
v -1.299222 1.175000 0.971250
v -1.305308 1.160308 0.928750
v -1.305308 1.160308 0.971250
v -1.320000 1.154222 0.928750
v -1.320000 1.154222 0.971250
v -1.334692 1.160308 0.928750
v -1.334692 1.160308 0.971250
v -1.340778 1.175000 0.928750
v -1.340778 1.175000 0.971250
v -1.334692 1.189692 0.928750
v -1.334692 1.189692 0.971250
v -1.320000 1.180000 0.970000
v -1.320000 1.790000 0.970000
v -1.320000 1.180000 0.930000
v -1.320000 1.790000 0.930000
v -1.310000 1.180000 0.970000
v -1.310000 1.790000 0.970000
v -1.310000 1.180000 0.930000
v -1.310000 1.790000 0.930000
v -1.290000 1.200000 0.970000
v -1.290000 1.790000 0.970000
v -1.290000 1.200000 0.930000
v -1.290000 1.790000 0.930000
v -1.280000 1.200000 0.970000
v -1.280000 1.790000 0.970000
v -1.280000 1.200000 0.930000
v -1.280000 1.790000 0.930000
v -1.320000 1.199933 0.971250
v -1.320000 1.199933 0.988250
v -1.302369 1.192631 0.971250
v -1.302369 1.192631 0.988250
v -1.295067 1.175000 0.971250
v -1.295067 1.175000 0.988250
v -1.302369 1.157370 0.971250
v -1.302369 1.157370 0.988250
v -1.320000 1.150067 0.971250
v -1.320000 1.150067 0.988250
v -1.337631 1.157370 0.971250
v -1.337631 1.157370 0.988250
v -1.344933 1.175000 0.971250
v -1.344933 1.175000 0.988250
v -1.337631 1.192631 0.971250
v -1.337631 1.192631 0.988250
v -1.320000 1.187467 0.988250
v -1.320000 1.187467 0.992500
v -1.311185 1.183815 0.988250
v -1.311185 1.183815 0.992500
v -1.307533 1.175000 0.988250
v -1.307533 1.175000 0.992500
v -1.311185 1.166185 0.988250
v -1.311185 1.166185 0.992500
v -1.320000 1.162534 0.988250
v -1.320000 1.162534 0.992500
v -1.328815 1.166185 0.988250
v -1.328815 1.166185 0.992500
v -1.332467 1.175000 0.988250
v -1.332467 1.175000 0.992500
v -1.328815 1.183815 0.988250
v -1.328815 1.183815 0.992500
v -1.320000 1.199933 0.928750
v -1.320000 1.199933 0.911750
v -1.302369 1.192631 0.928750
v -1.302369 1.192631 0.911750
v -1.295067 1.175000 0.928750
v -1.295067 1.175000 0.911750
v -1.302369 1.157370 0.928750
v -1.302369 1.157370 0.911750
v -1.320000 1.150067 0.928750
v -1.320000 1.150067 0.911750
v -1.337631 1.157370 0.928750
v -1.337631 1.157370 0.911750
v -1.344933 1.175000 0.928750
v -1.344933 1.175000 0.911750
v -1.337631 1.192631 0.928750
v -1.337631 1.192631 0.911750
v -1.320000 1.187467 0.911750
v -1.320000 1.187467 0.907500
v -1.311185 1.183815 0.911750
v -1.311185 1.183815 0.907500
v -1.307533 1.175000 0.911750
v -1.307533 1.175000 0.907500
v -1.311185 1.166185 0.911750
v -1.311185 1.166185 0.907500
v -1.320000 1.162534 0.911750
v -1.320000 1.162534 0.907500
v -1.328815 1.166185 0.911750
v -1.328815 1.166185 0.907500
v -1.332467 1.175000 0.911750
v -1.332467 1.175000 0.907500
v -1.328815 1.183815 0.911750
v -1.328815 1.183815 0.907500
v -1.275000 1.432071 0.942929
v -1.325000 1.432071 0.942929
v -1.325000 1.275000 0.940000
v -1.275000 1.275000 0.940000
v -1.325000 1.267929 0.942929
v -1.275000 1.267929 0.942929
v -1.325000 1.265000 0.950000
v -1.275000 1.265000 0.950000
v -1.325000 1.267929 0.957071
v -1.275000 1.267929 0.957071
v -1.325000 1.275000 0.960000
v -1.275000 1.275000 0.960000
v -1.325000 1.282071 0.957071
v -1.275000 1.282071 0.957071
v -1.325000 1.285000 0.950000
v -1.275000 1.285000 0.950000
v -1.325000 1.282071 0.942929
v -1.275000 1.282071 0.942929
v -1.275000 1.435000 0.950000
v -1.325000 1.435000 0.950000
v -1.275000 1.432071 0.957071
v -1.325000 1.432071 0.957071
v -1.275000 1.425000 0.960000
v -1.325000 1.425000 0.960000
v -1.275000 1.417929 0.957071
v -1.325000 1.417929 0.957071
v -1.275000 1.415000 0.950000
v -1.325000 1.415000 0.950000
v -1.275000 1.417929 0.942929
v -1.325000 1.417929 0.942929
v -1.275000 1.425000 0.940000
v -1.325000 1.425000 0.940000
v -1.275000 1.582071 0.942929
v -1.325000 1.582071 0.942929
v -1.275000 1.585000 0.950000
v -1.325000 1.585000 0.950000
v -1.275000 1.582071 0.957071
v -1.325000 1.582071 0.957071
v -1.275000 1.575000 0.960000
v -1.325000 1.575000 0.960000
v -1.275000 1.567929 0.957071
v -1.325000 1.567929 0.957071
v -1.275000 1.565000 0.950000
v -1.325000 1.565000 0.950000
v -1.275000 1.567929 0.942929
v -1.325000 1.567929 0.942929
v -1.275000 1.575000 0.940000
v -1.325000 1.575000 0.940000
v -1.275000 1.732071 0.942929
v -1.325000 1.732071 0.942929
v -1.275000 1.735000 0.950000
v -1.325000 1.735000 0.950000
v -1.275000 1.732071 0.957071
v -1.325000 1.732071 0.957071
v -1.275000 1.725000 0.960000
v -1.325000 1.725000 0.960000
v -1.275000 1.717929 0.957071
v -1.325000 1.717929 0.957071
v -1.275000 1.715000 0.950000
v -1.325000 1.715000 0.950000
v -1.275000 1.717929 0.942929
v -1.325000 1.717929 0.942929
v -1.275000 1.725000 0.940000
v -1.325000 1.725000 0.940000
v -1.320000 1.195778 1.028750
v -1.320000 1.195778 1.071250
v -1.305308 1.189692 1.028750
v -1.305308 1.189692 1.071250
v -1.299222 1.175000 1.028750
v -1.299222 1.175000 1.071250
v -1.305308 1.160308 1.028750
v -1.305308 1.160308 1.071250
v -1.320000 1.154222 1.028750
v -1.320000 1.154222 1.071250
v -1.334692 1.160308 1.028750
v -1.334692 1.160308 1.071250
v -1.340778 1.175000 1.028750
v -1.340778 1.175000 1.071250
v -1.334692 1.189692 1.028750
v -1.334692 1.189692 1.071250
v -1.320000 1.180000 1.070000
v -1.320000 1.790000 1.070000
v -1.320000 1.180000 1.030000
v -1.320000 1.790000 1.030000
v -1.310000 1.180000 1.070000
v -1.310000 1.790000 1.070000
v -1.310000 1.180000 1.030000
v -1.310000 1.790000 1.030000
v -1.290000 1.200000 1.070000
v -1.290000 1.790000 1.070000
v -1.290000 1.200000 1.030000
v -1.290000 1.790000 1.030000
v -1.280000 1.200000 1.070000
v -1.280000 1.790000 1.070000
v -1.280000 1.200000 1.030000
v -1.280000 1.790000 1.030000
v -1.320000 1.199933 1.071250
v -1.320000 1.199933 1.088250
v -1.302369 1.192631 1.071250
v -1.302369 1.192631 1.088250
v -1.295067 1.175000 1.071250
v -1.295067 1.175000 1.088250
v -1.302369 1.157370 1.071250
v -1.302369 1.157370 1.088250
v -1.320000 1.150067 1.071250
v -1.320000 1.150067 1.088250
v -1.337631 1.157370 1.071250
v -1.337631 1.157370 1.088250
v -1.344933 1.175000 1.071250
v -1.344933 1.175000 1.088250
v -1.337631 1.192631 1.071250
v -1.337631 1.192631 1.088250
v -1.320000 1.187467 1.088250
v -1.320000 1.187467 1.092500
v -1.311185 1.183815 1.088250
v -1.311185 1.183815 1.092500
v -1.307533 1.175000 1.088250
v -1.307533 1.175000 1.092500
v -1.311185 1.166185 1.088250
v -1.311185 1.166185 1.092500
v -1.320000 1.162534 1.088250
v -1.320000 1.162534 1.092500
v -1.328815 1.166185 1.088250
v -1.328815 1.166185 1.092500
v -1.332467 1.175000 1.088250
v -1.332467 1.175000 1.092500
v -1.328815 1.183815 1.088250
v -1.328815 1.183815 1.092500
v -1.320000 1.199933 1.028750
v -1.320000 1.199933 1.011750
v -1.302369 1.192631 1.028750
v -1.302369 1.192631 1.011750
v -1.295067 1.175000 1.028750
v -1.295067 1.175000 1.011750
v -1.302369 1.157370 1.028750
v -1.302369 1.157370 1.011750
v -1.320000 1.150067 1.028750
v -1.320000 1.150067 1.011750
v -1.337631 1.157370 1.028750
v -1.337631 1.157370 1.011750
v -1.344933 1.175000 1.028750
v -1.344933 1.175000 1.011750
v -1.337631 1.192631 1.028750
v -1.337631 1.192631 1.011750
v -1.320000 1.187467 1.011750
v -1.320000 1.187467 1.007500
v -1.311185 1.183815 1.011750
v -1.311185 1.183815 1.007500
v -1.307533 1.175000 1.011750
v -1.307533 1.175000 1.007500
v -1.311185 1.166185 1.011750
v -1.311185 1.166185 1.007500
v -1.320000 1.162534 1.011750
v -1.320000 1.162534 1.007500
v -1.328815 1.166185 1.011750
v -1.328815 1.166185 1.007500
v -1.332467 1.175000 1.011750
v -1.332467 1.175000 1.007500
v -1.328815 1.183815 1.011750
v -1.328815 1.183815 1.007500
v -1.275000 1.432071 1.042929
v -1.325000 1.432071 1.042929
v -1.325000 1.275000 1.040000
v -1.275000 1.275000 1.040000
v -1.325000 1.267929 1.042929
v -1.275000 1.267929 1.042929
v -1.325000 1.265000 1.050000
v -1.275000 1.265000 1.050000
v -1.325000 1.267929 1.057071
v -1.275000 1.267929 1.057071
v -1.325000 1.275000 1.060000
v -1.275000 1.275000 1.060000
v -1.325000 1.282071 1.057071
v -1.275000 1.282071 1.057071
v -1.325000 1.285000 1.050000
v -1.275000 1.285000 1.050000
v -1.325000 1.282071 1.042929
v -1.275000 1.282071 1.042929
v -1.275000 1.435000 1.050000
v -1.325000 1.435000 1.050000
v -1.275000 1.432071 1.057071
v -1.325000 1.432071 1.057071
v -1.275000 1.425000 1.060000
v -1.325000 1.425000 1.060000
v -1.275000 1.417929 1.057071
v -1.325000 1.417929 1.057071
v -1.275000 1.415000 1.050000
v -1.325000 1.415000 1.050000
v -1.275000 1.417929 1.042929
v -1.325000 1.417929 1.042929
v -1.275000 1.425000 1.040000
v -1.325000 1.425000 1.040000
v -1.275000 1.582071 1.042929
v -1.325000 1.582071 1.042929
v -1.275000 1.585000 1.050000
v -1.325000 1.585000 1.050000
v -1.275000 1.582071 1.057071
v -1.325000 1.582071 1.057071
v -1.275000 1.575000 1.060000
v -1.325000 1.575000 1.060000
v -1.275000 1.567929 1.057071
v -1.325000 1.567929 1.057071
v -1.275000 1.565000 1.050000
v -1.325000 1.565000 1.050000
v -1.275000 1.567929 1.042929
v -1.325000 1.567929 1.042929
v -1.275000 1.575000 1.040000
v -1.325000 1.575000 1.040000
v -1.275000 1.732071 1.042929
v -1.325000 1.732071 1.042929
v -1.275000 1.735000 1.050000
v -1.325000 1.735000 1.050000
v -1.275000 1.732071 1.057071
v -1.325000 1.732071 1.057071
v -1.275000 1.725000 1.060000
v -1.325000 1.725000 1.060000
v -1.275000 1.717929 1.057071
v -1.325000 1.717929 1.057071
v -1.275000 1.715000 1.050000
v -1.325000 1.715000 1.050000
v -1.275000 1.717929 1.042929
v -1.325000 1.717929 1.042929
v -1.275000 1.725000 1.040000
v -1.325000 1.725000 1.040000
v -1.320000 1.195778 1.978750
v -1.320000 1.195778 2.021250
v -1.305308 1.189692 1.978750
v -1.305308 1.189692 2.021250
v -1.299222 1.175000 1.978750
v -1.299222 1.175000 2.021250
v -1.305308 1.160308 1.978750
v -1.305308 1.160308 2.021250
v -1.320000 1.154222 1.978750
v -1.320000 1.154222 2.021250
v -1.334692 1.160308 1.978750
v -1.334692 1.160308 2.021250
v -1.340778 1.175000 1.978750
v -1.340778 1.175000 2.021250
v -1.334692 1.189692 1.978750
v -1.334692 1.189692 2.021250
v -1.320000 1.180000 2.020000
v -1.320000 1.790000 2.020000
v -1.320000 1.180000 1.980000
v -1.320000 1.790000 1.980000
v -1.310000 1.180000 2.020000
v -1.310000 1.790000 2.020000
v -1.310000 1.180000 1.980000
v -1.310000 1.790000 1.980000
v -1.290000 1.200000 2.020000
v -1.290000 1.790000 2.020000
v -1.290000 1.200000 1.980000
v -1.290000 1.790000 1.980000
v -1.280000 1.200000 2.020000
v -1.280000 1.790000 2.020000
v -1.280000 1.200000 1.980000
v -1.280000 1.790000 1.980000
v -1.320000 1.199933 2.021250
v -1.320000 1.199933 2.038250
v -1.302369 1.192631 2.021250
v -1.302369 1.192631 2.038250
v -1.295067 1.175000 2.021250
v -1.295067 1.175000 2.038250
v -1.302369 1.157370 2.021250
v -1.302369 1.157370 2.038250
v -1.320000 1.150067 2.021250
v -1.320000 1.150067 2.038250
v -1.337631 1.157370 2.021250
v -1.337631 1.157370 2.038250
v -1.344933 1.175000 2.021250
v -1.344933 1.175000 2.038250
v -1.337631 1.192631 2.021250
v -1.337631 1.192631 2.038250
v -1.320000 1.187467 2.038250
v -1.320000 1.187467 2.042500
v -1.311185 1.183815 2.038250
v -1.311185 1.183815 2.042500
v -1.307533 1.175000 2.038250
v -1.307533 1.175000 2.042500
v -1.311185 1.166185 2.038250
v -1.311185 1.166185 2.042500
v -1.320000 1.162534 2.038250
v -1.320000 1.162534 2.042500
v -1.328815 1.166185 2.038250
v -1.328815 1.166185 2.042500
v -1.332467 1.175000 2.038250
v -1.332467 1.175000 2.042500
v -1.328815 1.183815 2.038250
v -1.328815 1.183815 2.042500
v -1.320000 1.199933 1.978750
v -1.320000 1.199933 1.961750
v -1.302369 1.192631 1.978750
v -1.302369 1.192631 1.961750
v -1.295067 1.175000 1.978750
v -1.295067 1.175000 1.961750
v -1.302369 1.157370 1.978750
v -1.302369 1.157370 1.961750
v -1.320000 1.150067 1.978750
v -1.320000 1.150067 1.961750
v -1.337631 1.157370 1.978750
v -1.337631 1.157370 1.961750
v -1.344933 1.175000 1.978750
v -1.344933 1.175000 1.961750
v -1.337631 1.192631 1.978750
v -1.337631 1.192631 1.961750
v -1.320000 1.187467 1.961750
v -1.320000 1.187467 1.957500
v -1.311185 1.183815 1.961750
v -1.311185 1.183815 1.957500
v -1.307533 1.175000 1.961750
v -1.307533 1.175000 1.957500
v -1.311185 1.166185 1.961750
v -1.311185 1.166185 1.957500
v -1.320000 1.162534 1.961750
v -1.320000 1.162534 1.957500
v -1.328815 1.166185 1.961750
v -1.328815 1.166185 1.957500
v -1.332467 1.175000 1.961750
v -1.332467 1.175000 1.957500
v -1.328815 1.183815 1.961750
v -1.328815 1.183815 1.957500
v -1.275000 1.432071 1.992929
v -1.325000 1.432071 1.992929
v -1.325000 1.275000 1.990000
v -1.275000 1.275000 1.990000
v -1.325000 1.267929 1.992929
v -1.275000 1.267929 1.992929
v -1.325000 1.265000 2.000000
v -1.275000 1.265000 2.000000
v -1.325000 1.267929 2.007071
v -1.275000 1.267929 2.007071
v -1.325000 1.275000 2.010000
v -1.275000 1.275000 2.010000
v -1.325000 1.282071 2.007071
v -1.275000 1.282071 2.007071
v -1.325000 1.285000 2.000000
v -1.275000 1.285000 2.000000
v -1.325000 1.282071 1.992929
v -1.275000 1.282071 1.992929
v -1.275000 1.435000 2.000000
v -1.325000 1.435000 2.000000
v -1.275000 1.432071 2.007071
v -1.325000 1.432071 2.007071
v -1.275000 1.425000 2.010000
v -1.325000 1.425000 2.010000
v -1.275000 1.417929 2.007071
v -1.325000 1.417929 2.007071
v -1.275000 1.415000 2.000000
v -1.325000 1.415000 2.000000
v -1.275000 1.417929 1.992929
v -1.325000 1.417929 1.992929
v -1.275000 1.425000 1.990000
v -1.325000 1.425000 1.990000
v -1.275000 1.582071 1.992929
v -1.325000 1.582071 1.992929
v -1.275000 1.585000 2.000000
v -1.325000 1.585000 2.000000
v -1.275000 1.582071 2.007071
v -1.325000 1.582071 2.007071
v -1.275000 1.575000 2.010000
v -1.325000 1.575000 2.010000
v -1.275000 1.567929 2.007071
v -1.325000 1.567929 2.007071
v -1.275000 1.565000 2.000000
v -1.325000 1.565000 2.000000
v -1.275000 1.567929 1.992929
v -1.325000 1.567929 1.992929
v -1.275000 1.575000 1.990000
v -1.325000 1.575000 1.990000
v -1.275000 1.732071 1.992929
v -1.325000 1.732071 1.992929
v -1.275000 1.735000 2.000000
v -1.325000 1.735000 2.000000
v -1.275000 1.732071 2.007071
v -1.325000 1.732071 2.007071
v -1.275000 1.725000 2.010000
v -1.325000 1.725000 2.010000
v -1.275000 1.717929 2.007071
v -1.325000 1.717929 2.007071
v -1.275000 1.715000 2.000000
v -1.325000 1.715000 2.000000
v -1.275000 1.717929 1.992929
v -1.325000 1.717929 1.992929
v -1.275000 1.725000 1.990000
v -1.325000 1.725000 1.990000
v -1.320000 1.195778 2.978750
v -1.320000 1.195778 3.021250
v -1.305308 1.189692 2.978750
v -1.305308 1.189692 3.021250
v -1.299222 1.175000 2.978750
v -1.299222 1.175000 3.021250
v -1.305308 1.160308 2.978750
v -1.305308 1.160308 3.021250
v -1.320000 1.154222 2.978750
v -1.320000 1.154222 3.021250
v -1.334692 1.160308 2.978750
v -1.334692 1.160308 3.021250
v -1.340778 1.175000 2.978750
v -1.340778 1.175000 3.021250
v -1.334692 1.189692 2.978750
v -1.334692 1.189692 3.021250
v -1.320000 1.180000 3.020000
v -1.320000 1.570000 3.020000
v -1.320000 1.180000 2.980000
v -1.320000 1.570000 2.980000
v -1.310000 1.180000 3.020000
v -1.310000 1.570000 3.020000
v -1.310000 1.180000 2.980000
v -1.310000 1.570000 2.980000
v -1.290000 1.200000 3.020000
v -1.290000 1.570000 3.020000
v -1.290000 1.200000 2.980000
v -1.290000 1.570000 2.980000
v -1.280000 1.200000 3.020000
v -1.280000 1.570000 3.020000
v -1.280000 1.200000 2.980000
v -1.280000 1.570000 2.980000
v -1.320000 1.199933 3.021250
v -1.320000 1.199933 3.038250
v -1.302369 1.192631 3.021250
v -1.302369 1.192631 3.038250
v -1.295067 1.175000 3.021250
v -1.295067 1.175000 3.038250
v -1.302369 1.157370 3.021250
v -1.302369 1.157370 3.038250
v -1.320000 1.150067 3.021250
v -1.320000 1.150067 3.038250
v -1.337631 1.157370 3.021250
v -1.337631 1.157370 3.038250
v -1.344933 1.175000 3.021250
v -1.344933 1.175000 3.038250
v -1.337631 1.192631 3.021250
v -1.337631 1.192631 3.038250
v -1.320000 1.187467 3.038250
v -1.320000 1.187467 3.042500
v -1.311185 1.183815 3.038250
v -1.311185 1.183815 3.042500
v -1.307533 1.175000 3.038250
v -1.307533 1.175000 3.042500
v -1.311185 1.166185 3.038250
v -1.311185 1.166185 3.042500
v -1.320000 1.162534 3.038250
v -1.320000 1.162534 3.042500
v -1.328815 1.166185 3.038250
v -1.328815 1.166185 3.042500
v -1.332467 1.175000 3.038250
v -1.332467 1.175000 3.042500
v -1.328815 1.183815 3.038250
v -1.328815 1.183815 3.042500
v -1.320000 1.199933 2.978750
v -1.320000 1.199933 2.961750
v -1.302369 1.192631 2.978750
v -1.302369 1.192631 2.961750
v -1.295067 1.175000 2.978750
v -1.295067 1.175000 2.961750
v -1.302369 1.157370 2.978750
v -1.302369 1.157370 2.961750
v -1.320000 1.150067 2.978750
v -1.320000 1.150067 2.961750
v -1.337631 1.157370 2.978750
v -1.337631 1.157370 2.961750
v -1.344933 1.175000 2.978750
v -1.344933 1.175000 2.961750
v -1.337631 1.192631 2.978750
v -1.337631 1.192631 2.961750
v -1.320000 1.187467 2.961750
v -1.320000 1.187467 2.957500
v -1.311185 1.183815 2.961750
v -1.311185 1.183815 2.957500
v -1.307533 1.175000 2.961750
v -1.307533 1.175000 2.957500
v -1.311185 1.166185 2.961750
v -1.311185 1.166185 2.957500
v -1.320000 1.162534 2.961750
v -1.320000 1.162534 2.957500
v -1.328815 1.166185 2.961750
v -1.328815 1.166185 2.957500
v -1.332467 1.175000 2.961750
v -1.332467 1.175000 2.957500
v -1.328815 1.183815 2.961750
v -1.328815 1.183815 2.957500
v -1.275000 1.432071 2.992929
v -1.325000 1.432071 2.992929
v -1.325000 1.275000 2.990000
v -1.275000 1.275000 2.990000
v -1.325000 1.267929 2.992929
v -1.275000 1.267929 2.992929
v -1.325000 1.265000 3.000000
v -1.275000 1.265000 3.000000
v -1.325000 1.267929 3.007071
v -1.275000 1.267929 3.007071
v -1.325000 1.275000 3.010000
v -1.275000 1.275000 3.010000
v -1.325000 1.282071 3.007071
v -1.275000 1.282071 3.007071
v -1.325000 1.285000 3.000000
v -1.275000 1.285000 3.000000
v -1.325000 1.282071 2.992929
v -1.275000 1.282071 2.992929
v -1.275000 1.435000 3.000000
v -1.325000 1.435000 3.000000
v -1.275000 1.432071 3.007071
v -1.325000 1.432071 3.007071
v -1.275000 1.425000 3.010000
v -1.325000 1.425000 3.010000
v -1.275000 1.417929 3.007071
v -1.325000 1.417929 3.007071
v -1.275000 1.415000 3.000000
v -1.325000 1.415000 3.000000
v -1.275000 1.417929 2.992929
v -1.325000 1.417929 2.992929
v -1.275000 1.425000 2.990000
v -1.325000 1.425000 2.990000
v -0.621250 1.195778 3.220001
v -0.578750 1.195778 3.220001
v -0.621250 1.189692 3.205308
v -0.578750 1.189692 3.205308
v -0.621250 1.175000 3.199223
v -0.578750 1.175000 3.199223
v -0.621250 1.160308 3.205308
v -0.578750 1.160308 3.205308
v -0.621250 1.154222 3.220001
v -0.578750 1.154222 3.220001
v -0.621250 1.160308 3.234693
v -0.578750 1.160308 3.234693
v -0.621250 1.175000 3.240778
v -0.578750 1.175000 3.240778
v -0.621250 1.189692 3.234693
v -0.578750 1.189692 3.234693
v -0.580000 1.180000 3.220001
v -0.580000 1.510000 3.220001
v -0.620000 1.180000 3.220001
v -0.620000 1.510000 3.220001
v -0.580000 1.180000 3.210001
v -0.580000 1.510000 3.210001
v -0.620000 1.180000 3.210001
v -0.620000 1.510000 3.210001
v -0.580000 1.200000 3.190001
v -0.580000 1.510000 3.190001
v -0.620000 1.200000 3.190001
v -0.620000 1.510000 3.190001
v -0.580000 1.200000 3.180001
v -0.580000 1.510000 3.180001
v -0.620000 1.200000 3.180001
v -0.620000 1.510000 3.180001
v -0.578750 1.199933 3.220001
v -0.561750 1.199933 3.220001
v -0.578750 1.192631 3.202370
v -0.561750 1.192631 3.202370
v -0.578750 1.175000 3.195067
v -0.561750 1.175000 3.195067
v -0.578750 1.157370 3.202370
v -0.561750 1.157370 3.202370
v -0.578750 1.150067 3.220001
v -0.561750 1.150067 3.220001
v -0.578750 1.157370 3.237631
v -0.561750 1.157370 3.237631
v -0.578750 1.175000 3.244934
v -0.561750 1.175000 3.244934
v -0.578750 1.192631 3.237631
v -0.561750 1.192631 3.237631
v -0.561750 1.187467 3.220001
v -0.557500 1.187467 3.220001
v -0.561750 1.183815 3.211185
v -0.557500 1.183815 3.211185
v -0.561750 1.175000 3.207534
v -0.557500 1.175000 3.207534
v -0.561750 1.166185 3.211185
v -0.557500 1.166185 3.211185
v -0.561750 1.162534 3.220001
v -0.557500 1.162534 3.220001
v -0.561750 1.166185 3.228816
v -0.557500 1.166185 3.228816
v -0.561750 1.175000 3.232467
v -0.557500 1.175000 3.232467
v -0.561750 1.183815 3.228816
v -0.557500 1.183815 3.228816
v -0.621250 1.199933 3.220001
v -0.638250 1.199933 3.220001
v -0.621250 1.192631 3.202370
v -0.638250 1.192631 3.202370
v -0.621249 1.175000 3.195067
v -0.638250 1.175000 3.195067
v -0.621249 1.157370 3.202370
v -0.638250 1.157370 3.202370
v -0.621249 1.150067 3.220001
v -0.638250 1.150067 3.220001
v -0.621249 1.157370 3.237631
v -0.638250 1.157370 3.237631
v -0.621249 1.175000 3.244934
v -0.638250 1.175000 3.244934
v -0.621250 1.192631 3.237631
v -0.638250 1.192631 3.237631
v -0.638250 1.187467 3.220001
v -0.642500 1.187467 3.220001
v -0.638250 1.183815 3.211185
v -0.642500 1.183815 3.211185
v -0.638250 1.175000 3.207534
v -0.642500 1.175000 3.207534
v -0.638250 1.166185 3.211185
v -0.642500 1.166185 3.211185
v -0.638250 1.162534 3.220001
v -0.642500 1.162534 3.220001
v -0.638250 1.166185 3.228816
v -0.642500 1.166185 3.228816
v -0.638250 1.175000 3.232467
v -0.642500 1.175000 3.232467
v -0.638250 1.183815 3.228816
v -0.642500 1.183815 3.228816
v -0.607071 1.432071 3.175001
v -0.607071 1.432071 3.225000
v -0.610000 1.275000 3.225000
v -0.610000 1.275000 3.175001
v -0.607071 1.267929 3.225000
v -0.607071 1.267929 3.175001
v -0.600000 1.265000 3.225000
v -0.600000 1.265000 3.175001
v -0.592929 1.267929 3.225000
v -0.592929 1.267929 3.175001
v -0.590000 1.275000 3.225000
v -0.590000 1.275000 3.175001
v -0.592929 1.282071 3.225000
v -0.592929 1.282071 3.175001
v -0.600000 1.285000 3.225000
v -0.600000 1.285000 3.175001
v -0.607071 1.282071 3.225000
v -0.607071 1.282071 3.175001
v -0.600000 1.435000 3.175001
v -0.600000 1.435000 3.225000
v -0.592929 1.432071 3.175001
v -0.592929 1.432071 3.225000
v -0.590000 1.425000 3.175001
v -0.590000 1.425000 3.225000
v -0.592929 1.417929 3.175001
v -0.592929 1.417929 3.225000
v -0.600000 1.415000 3.175001
v -0.600000 1.415000 3.225000
v -0.607071 1.417929 3.175001
v -0.607071 1.417929 3.225000
v -0.610000 1.425000 3.175001
v -0.610000 1.425000 3.225000
v -1.320000 1.200000 3.180000
v -1.320000 1.500000 3.180000
v -1.320000 1.200000 3.140000
v -1.320000 1.500000 3.140000
v -1.310000 1.200000 3.180000
v -1.310000 1.500000 3.180000
v -1.310000 1.200000 3.140000
v -1.310000 1.500000 3.140000
v -1.275000 1.432071 3.152929
v -1.325000 1.432071 3.152929
v -1.325000 1.275000 3.150000
v -1.275000 1.275000 3.150000
v -1.325000 1.267929 3.152929
v -1.275000 1.267929 3.152929
v -1.325000 1.265000 3.160000
v -1.275000 1.265000 3.160000
v -1.325000 1.267929 3.167071
v -1.275000 1.267929 3.167071
v -1.325000 1.275000 3.170000
v -1.275000 1.275000 3.170000
v -1.325000 1.282071 3.167071
v -1.275000 1.282071 3.167071
v -1.325000 1.285000 3.160000
v -1.275000 1.285000 3.160000
v -1.325000 1.282071 3.152929
v -1.275000 1.282071 3.152929
v -1.275000 1.435000 3.160000
v -1.325000 1.435000 3.160000
v -1.275000 1.432071 3.167071
v -1.325000 1.432071 3.167071
v -1.275000 1.425000 3.170000
v -1.325000 1.425000 3.170000
v -1.275000 1.417929 3.167071
v -1.325000 1.417929 3.167071
v -1.275000 1.415000 3.160000
v -1.325000 1.415000 3.160000
v -1.275000 1.417929 3.152929
v -1.325000 1.417929 3.152929
v -1.275000 1.425000 3.150000
v -1.325000 1.425000 3.150000
v -1.290000 1.200000 3.180000
v -1.290000 1.500000 3.180000
v -1.290000 1.200000 3.140000
v -1.290000 1.500000 3.140000
v -1.280000 1.200000 3.180000
v -1.280000 1.500000 3.180000
v -1.280000 1.200000 3.140000
v -1.280000 1.500000 3.140000
v -1.210000 1.180000 3.220001
v -1.210000 1.500000 3.220001
v -1.289999 1.180000 3.220001
v -1.289999 1.500000 3.220001
v -1.210000 1.180000 3.210001
v -1.210000 1.500000 3.210001
v -1.289999 1.180000 3.210001
v -1.289999 1.500000 3.210001
v -1.210000 1.200000 3.190001
v -1.210000 1.500000 3.190001
v -1.289999 1.200000 3.190001
v -1.289999 1.500000 3.190001
v -1.210000 1.200000 3.180001
v -1.210000 1.500000 3.180001
v -1.289999 1.200000 3.180001
v -1.289999 1.500000 3.180001
v -1.247071 1.432071 3.175001
v -1.247071 1.432071 3.225000
v -1.250000 1.275000 3.225000
v -1.250000 1.275000 3.175001
v -1.247071 1.267929 3.225000
v -1.247071 1.267929 3.175001
v -1.240000 1.265000 3.225000
v -1.240000 1.265000 3.175001
v -1.232929 1.267929 3.225000
v -1.232929 1.267929 3.175001
v -1.230000 1.275000 3.225000
v -1.230000 1.275000 3.175001
v -1.232929 1.282071 3.225000
v -1.232929 1.282071 3.175001
v -1.240000 1.285000 3.225000
v -1.240000 1.285000 3.175001
v -1.247071 1.282071 3.225000
v -1.247071 1.282071 3.175001
v -1.240000 1.435000 3.175001
v -1.240000 1.435000 3.225000
v -1.232929 1.432071 3.175001
v -1.232929 1.432071 3.225000
v -1.230000 1.425000 3.175001
v -1.230000 1.425000 3.225000
v -1.232929 1.417929 3.175001
v -1.232929 1.417929 3.225000
v -1.240000 1.415000 3.175001
v -1.240000 1.415000 3.225000
v -1.247071 1.417929 3.175001
v -1.247071 1.417929 3.225000
v -1.250000 1.425000 3.175001
v -1.250000 1.425000 3.225000
v 1.320000 1.195778 -0.021250
v 1.320000 1.195778 0.021250
v 1.305308 1.189692 -0.021250
v 1.305308 1.189692 0.021250
v 1.299222 1.175000 -0.021250
v 1.299222 1.175000 0.021250
v 1.305308 1.160308 -0.021250
v 1.305308 1.160308 0.021250
v 1.320000 1.154222 -0.021250
v 1.320000 1.154222 0.021250
v 1.334692 1.160308 -0.021250
v 1.334692 1.160308 0.021250
v 1.340778 1.175000 -0.021250
v 1.340778 1.175000 0.021250
v 1.334692 1.189692 -0.021250
v 1.334692 1.189692 0.021250
v 1.320000 1.180000 0.020000
v 1.320000 1.790000 0.020000
v 1.320000 1.180000 -0.020000
v 1.320000 1.790000 -0.020000
v 1.310000 1.180000 0.020000
v 1.310000 1.790000 0.020000
v 1.310000 1.180000 -0.020000
v 1.310000 1.790000 -0.020000
v 1.290000 1.200000 0.020000
v 1.290000 1.790000 0.020000
v 1.290000 1.200000 -0.020000
v 1.290000 1.790000 -0.020000
v 1.280000 1.200000 0.020000
v 1.280000 1.790000 0.020000
v 1.280000 1.200000 -0.020000
v 1.280000 1.790000 -0.020000
v 1.320000 1.199933 0.021250
v 1.320000 1.199933 0.038250
v 1.302369 1.192631 0.021250
v 1.302369 1.192631 0.038250
v 1.295067 1.175000 0.021250
v 1.295067 1.175000 0.038250
v 1.302369 1.157370 0.021250
v 1.302369 1.157370 0.038250
v 1.320000 1.150067 0.021250
v 1.320000 1.150067 0.038250
v 1.337631 1.157370 0.021250
v 1.337631 1.157370 0.038250
v 1.344933 1.175000 0.021250
v 1.344933 1.175000 0.038250
v 1.337631 1.192631 0.021250
v 1.337631 1.192631 0.038250
v 1.320000 1.187467 0.038250
v 1.320000 1.187467 0.042500
v 1.311185 1.183815 0.038250
v 1.311185 1.183815 0.042500
v 1.307533 1.175000 0.038250
v 1.307533 1.175000 0.042500
v 1.311185 1.166185 0.038250
v 1.311185 1.166185 0.042500
v 1.320000 1.162534 0.038250
v 1.320000 1.162534 0.042500
v 1.328815 1.166185 0.038250
v 1.328815 1.166185 0.042500
v 1.332467 1.175000 0.038250
v 1.332467 1.175000 0.042500
v 1.328815 1.183815 0.038250
v 1.328815 1.183815 0.042500
v 1.320000 1.199933 -0.021250
v 1.320000 1.199933 -0.038250
v 1.302369 1.192631 -0.021250
v 1.302369 1.192631 -0.038250
v 1.295067 1.175000 -0.021250
v 1.295067 1.175000 -0.038250
v 1.302369 1.157370 -0.021250
v 1.302369 1.157370 -0.038250
v 1.320000 1.150067 -0.021250
v 1.320000 1.150067 -0.038250
v 1.337631 1.157370 -0.021250
v 1.337631 1.157370 -0.038250
v 1.344933 1.175000 -0.021250
v 1.344933 1.175000 -0.038250
v 1.337631 1.192631 -0.021250
v 1.337631 1.192631 -0.038250
v 1.320000 1.187467 -0.038250
v 1.320000 1.187467 -0.042500
v 1.311185 1.183815 -0.038250
v 1.311185 1.183815 -0.042500
v 1.307533 1.175000 -0.038250
v 1.307533 1.175000 -0.042500
v 1.311185 1.166185 -0.038250
v 1.311185 1.166185 -0.042500
v 1.320000 1.162534 -0.038250
v 1.320000 1.162534 -0.042500
v 1.328815 1.166185 -0.038250
v 1.328815 1.166185 -0.042500
v 1.332467 1.175000 -0.038250
v 1.332467 1.175000 -0.042500
v 1.328815 1.183815 -0.038250
v 1.328815 1.183815 -0.042500
v 1.275000 1.432071 -0.007071
v 1.325000 1.432071 -0.007071
v 1.325000 1.275000 -0.010000
v 1.275000 1.275000 -0.010000
v 1.325000 1.267929 -0.007071
v 1.275000 1.267929 -0.007071
v 1.325000 1.265000 0.000000
v 1.275000 1.265000 0.000000
v 1.325000 1.267929 0.007071
v 1.275000 1.267929 0.007071
v 1.325000 1.275000 0.010000
v 1.275000 1.275000 0.010000
v 1.325000 1.282071 0.007071
v 1.275000 1.282071 0.007071
v 1.325000 1.285000 0.000000
v 1.275000 1.285000 0.000000
v 1.325000 1.282071 -0.007071
v 1.275000 1.282071 -0.007071
v 1.275000 1.435000 0.000000
v 1.325000 1.435000 0.000000
v 1.275000 1.432071 0.007071
v 1.325000 1.432071 0.007071
v 1.275000 1.425000 0.010000
v 1.325000 1.425000 0.010000
v 1.275000 1.417929 0.007071
v 1.325000 1.417929 0.007071
v 1.275000 1.415000 0.000000
v 1.325000 1.415000 0.000000
v 1.275000 1.417929 -0.007071
v 1.325000 1.417929 -0.007071
v 1.275000 1.425000 -0.010000
v 1.325000 1.425000 -0.010000
v 1.275000 1.582071 -0.007071
v 1.325000 1.582071 -0.007071
v 1.275000 1.585000 0.000000
v 1.325000 1.585000 0.000000
v 1.275000 1.582071 0.007071
v 1.325000 1.582071 0.007071
v 1.275000 1.575000 0.010000
v 1.325000 1.575000 0.010000
v 1.275000 1.567929 0.007071
v 1.325000 1.567929 0.007071
v 1.275000 1.565000 0.000000
v 1.325000 1.565000 0.000000
v 1.275000 1.567929 -0.007071
v 1.325000 1.567929 -0.007071
v 1.275000 1.575000 -0.010000
v 1.325000 1.575000 -0.010000
v 1.275000 1.732071 -0.007071
v 1.325000 1.732071 -0.007071
v 1.275000 1.735000 0.000000
v 1.325000 1.735000 0.000000
v 1.275000 1.732071 0.007071
v 1.325000 1.732071 0.007071
v 1.275000 1.725000 0.010000
v 1.325000 1.725000 0.010000
v 1.275000 1.717929 0.007071
v 1.325000 1.717929 0.007071
v 1.275000 1.715000 0.000000
v 1.325000 1.715000 0.000000
v 1.275000 1.717929 -0.007071
v 1.325000 1.717929 -0.007071
v 1.275000 1.725000 -0.010000
v 1.325000 1.725000 -0.010000
v 1.320000 1.195778 0.928750
v 1.320000 1.195778 0.971250
v 1.305308 1.189692 0.928750
v 1.305308 1.189692 0.971250
v 1.299222 1.175000 0.928750
v 1.299222 1.175000 0.971250
v 1.305308 1.160308 0.928750
v 1.305308 1.160308 0.971250
v 1.320000 1.154222 0.928750
v 1.320000 1.154222 0.971250
v 1.334692 1.160308 0.928750
v 1.334692 1.160308 0.971250
v 1.340778 1.175000 0.928750
v 1.340778 1.175000 0.971250
v 1.334692 1.189692 0.928750
v 1.334692 1.189692 0.971250
v 1.320000 1.180000 0.970000
v 1.320000 1.790000 0.970000
v 1.320000 1.180000 0.930000
v 1.320000 1.790000 0.930000
v 1.310000 1.180000 0.970000
v 1.310000 1.790000 0.970000
v 1.310000 1.180000 0.930000
v 1.310000 1.790000 0.930000
v 1.290000 1.200000 0.970000
v 1.290000 1.790000 0.970000
v 1.290000 1.200000 0.930000
v 1.290000 1.790000 0.930000
v 1.280000 1.200000 0.970000
v 1.280000 1.790000 0.970000
v 1.280000 1.200000 0.930000
v 1.280000 1.790000 0.930000
v 1.320000 1.199933 0.971250
v 1.320000 1.199933 0.988250
v 1.302369 1.192631 0.971250
v 1.302369 1.192631 0.988250
v 1.295067 1.175000 0.971250
v 1.295067 1.175000 0.988250
v 1.302369 1.157370 0.971250
v 1.302369 1.157370 0.988250
v 1.320000 1.150067 0.971250
v 1.320000 1.150067 0.988250
v 1.337631 1.157370 0.971250
v 1.337631 1.157370 0.988250
v 1.344933 1.175000 0.971250
v 1.344933 1.175000 0.988250
v 1.337631 1.192631 0.971250
v 1.337631 1.192631 0.988250
v 1.320000 1.187467 0.988250
v 1.320000 1.187467 0.992500
v 1.311185 1.183815 0.988250
v 1.311185 1.183815 0.992500
v 1.307533 1.175000 0.988250
v 1.307533 1.175000 0.992500
v 1.311185 1.166185 0.988250
v 1.311185 1.166185 0.992500
v 1.320000 1.162534 0.988250
v 1.320000 1.162534 0.992500
v 1.328815 1.166185 0.988250
v 1.328815 1.166185 0.992500
v 1.332467 1.175000 0.988250
v 1.332467 1.175000 0.992500
v 1.328815 1.183815 0.988250
v 1.328815 1.183815 0.992500
v 1.320000 1.199933 0.928750
v 1.320000 1.199933 0.911750
v 1.302369 1.192631 0.928750
v 1.302369 1.192631 0.911750
v 1.295067 1.175000 0.928750
v 1.295067 1.175000 0.911750
v 1.302369 1.157370 0.928750
v 1.302369 1.157370 0.911750
v 1.320000 1.150067 0.928750
v 1.320000 1.150067 0.911750
v 1.337631 1.157370 0.928750
v 1.337631 1.157370 0.911750
v 1.344933 1.175000 0.928750
v 1.344933 1.175000 0.911750
v 1.337631 1.192631 0.928750
v 1.337631 1.192631 0.911750
v 1.320000 1.187467 0.911750
v 1.320000 1.187467 0.907500
v 1.311185 1.183815 0.911750
v 1.311185 1.183815 0.907500
v 1.307533 1.175000 0.911750
v 1.307533 1.175000 0.907500
v 1.311185 1.166185 0.911750
v 1.311185 1.166185 0.907500
v 1.320000 1.162534 0.911750
v 1.320000 1.162534 0.907500
v 1.328815 1.166185 0.911750
v 1.328815 1.166185 0.907500
v 1.332467 1.175000 0.911750
v 1.332467 1.175000 0.907500
v 1.328815 1.183815 0.911750
v 1.328815 1.183815 0.907500
v 1.275000 1.432071 0.942929
v 1.325000 1.432071 0.942929
v 1.325000 1.275000 0.940000
v 1.275000 1.275000 0.940000
v 1.325000 1.267929 0.942929
v 1.275000 1.267929 0.942929
v 1.325000 1.265000 0.950000
v 1.275000 1.265000 0.950000
v 1.325000 1.267929 0.957071
v 1.275000 1.267929 0.957071
v 1.325000 1.275000 0.960000
v 1.275000 1.275000 0.960000
v 1.325000 1.282071 0.957071
v 1.275000 1.282071 0.957071
v 1.325000 1.285000 0.950000
v 1.275000 1.285000 0.950000
v 1.325000 1.282071 0.942929
v 1.275000 1.282071 0.942929
v 1.275000 1.435000 0.950000
v 1.325000 1.435000 0.950000
v 1.275000 1.432071 0.957071
v 1.325000 1.432071 0.957071
v 1.275000 1.425000 0.960000
v 1.325000 1.425000 0.960000
v 1.275000 1.417929 0.957071
v 1.325000 1.417929 0.957071
v 1.275000 1.415000 0.950000
v 1.325000 1.415000 0.950000
v 1.275000 1.417929 0.942929
v 1.325000 1.417929 0.942929
v 1.275000 1.425000 0.940000
v 1.325000 1.425000 0.940000
v 1.275000 1.582071 0.942929
v 1.325000 1.582071 0.942929
v 1.275000 1.585000 0.950000
v 1.325000 1.585000 0.950000
v 1.275000 1.582071 0.957071
v 1.325000 1.582071 0.957071
v 1.275000 1.575000 0.960000
v 1.325000 1.575000 0.960000
v 1.275000 1.567929 0.957071
v 1.325000 1.567929 0.957071
v 1.275000 1.565000 0.950000
v 1.325000 1.565000 0.950000
v 1.275000 1.567929 0.942929
v 1.325000 1.567929 0.942929
v 1.275000 1.575000 0.940000
v 1.325000 1.575000 0.940000
v 1.275000 1.732071 0.942929
v 1.325000 1.732071 0.942929
v 1.275000 1.735000 0.950000
v 1.325000 1.735000 0.950000
v 1.275000 1.732071 0.957071
v 1.325000 1.732071 0.957071
v 1.275000 1.725000 0.960000
v 1.325000 1.725000 0.960000
v 1.275000 1.717929 0.957071
v 1.325000 1.717929 0.957071
v 1.275000 1.715000 0.950000
v 1.325000 1.715000 0.950000
v 1.275000 1.717929 0.942929
v 1.325000 1.717929 0.942929
v 1.275000 1.725000 0.940000
v 1.325000 1.725000 0.940000
v 1.320000 1.195778 1.028750
v 1.320000 1.195778 1.071250
v 1.305308 1.189692 1.028750
v 1.305308 1.189692 1.071250
v 1.299222 1.175000 1.028750
v 1.299222 1.175000 1.071250
v 1.305308 1.160308 1.028750
v 1.305308 1.160308 1.071250
v 1.320000 1.154222 1.028750
v 1.320000 1.154222 1.071250
v 1.334692 1.160308 1.028750
v 1.334692 1.160308 1.071250
v 1.340778 1.175000 1.028750
v 1.340778 1.175000 1.071250
v 1.334692 1.189692 1.028750
v 1.334692 1.189692 1.071250
v 1.320000 1.180000 1.070000
v 1.320000 1.790000 1.070000
v 1.320000 1.180000 1.030000
v 1.320000 1.790000 1.030000
v 1.310000 1.180000 1.070000
v 1.310000 1.790000 1.070000
v 1.310000 1.180000 1.030000
v 1.310000 1.790000 1.030000
v 1.290000 1.200000 1.070000
v 1.290000 1.790000 1.070000
v 1.290000 1.200000 1.030000
v 1.290000 1.790000 1.030000
v 1.280000 1.200000 1.070000
v 1.280000 1.790000 1.070000
v 1.280000 1.200000 1.030000
v 1.280000 1.790000 1.030000
v 1.320000 1.199933 1.071250
v 1.320000 1.199933 1.088250
v 1.302369 1.192631 1.071250
v 1.302369 1.192631 1.088250
v 1.295067 1.175000 1.071250
v 1.295067 1.175000 1.088250
v 1.302369 1.157370 1.071250
v 1.302369 1.157370 1.088250
v 1.320000 1.150067 1.071250
v 1.320000 1.150067 1.088250
v 1.337631 1.157370 1.071250
v 1.337631 1.157370 1.088250
v 1.344933 1.175000 1.071250
v 1.344933 1.175000 1.088250
v 1.337631 1.192631 1.071250
v 1.337631 1.192631 1.088250
v 1.320000 1.187467 1.088250
v 1.320000 1.187467 1.092500
v 1.311185 1.183815 1.088250
v 1.311185 1.183815 1.092500
v 1.307533 1.175000 1.088250
v 1.307533 1.175000 1.092500
v 1.311185 1.166185 1.088250
v 1.311185 1.166185 1.092500
v 1.320000 1.162534 1.088250
v 1.320000 1.162534 1.092500
v 1.328815 1.166185 1.088250
v 1.328815 1.166185 1.092500
v 1.332467 1.175000 1.088250
v 1.332467 1.175000 1.092500
v 1.328815 1.183815 1.088250
v 1.328815 1.183815 1.092500
v 1.320000 1.199933 1.028750
v 1.320000 1.199933 1.011750
v 1.302369 1.192631 1.028750
v 1.302369 1.192631 1.011750
v 1.295067 1.175000 1.028750
v 1.295067 1.175000 1.011750
v 1.302369 1.157370 1.028750
v 1.302369 1.157370 1.011750
v 1.320000 1.150067 1.028750
v 1.320000 1.150067 1.011750
v 1.337631 1.157370 1.028750
v 1.337631 1.157370 1.011750
v 1.344933 1.175000 1.028750
v 1.344933 1.175000 1.011750
v 1.337631 1.192631 1.028750
v 1.337631 1.192631 1.011750
v 1.320000 1.187467 1.011750
v 1.320000 1.187467 1.007500
v 1.311185 1.183815 1.011750
v 1.311185 1.183815 1.007500
v 1.307533 1.175000 1.011750
v 1.307533 1.175000 1.007500
v 1.311185 1.166185 1.011750
v 1.311185 1.166185 1.007500
v 1.320000 1.162534 1.011750
v 1.320000 1.162534 1.007500
v 1.328815 1.166185 1.011750
v 1.328815 1.166185 1.007500
v 1.332467 1.175000 1.011750
v 1.332467 1.175000 1.007500
v 1.328815 1.183815 1.011750
v 1.328815 1.183815 1.007500
v 1.275000 1.432071 1.042929
v 1.325000 1.432071 1.042929
v 1.325000 1.275000 1.040000
v 1.275000 1.275000 1.040000
v 1.325000 1.267929 1.042929
v 1.275000 1.267929 1.042929
v 1.325000 1.265000 1.050000
v 1.275000 1.265000 1.050000
v 1.325000 1.267929 1.057071
v 1.275000 1.267929 1.057071
v 1.325000 1.275000 1.060000
v 1.275000 1.275000 1.060000
v 1.325000 1.282071 1.057071
v 1.275000 1.282071 1.057071
v 1.325000 1.285000 1.050000
v 1.275000 1.285000 1.050000
v 1.325000 1.282071 1.042929
v 1.275000 1.282071 1.042929
v 1.275000 1.435000 1.050000
v 1.325000 1.435000 1.050000
v 1.275000 1.432071 1.057071
v 1.325000 1.432071 1.057071
v 1.275000 1.425000 1.060000
v 1.325000 1.425000 1.060000
v 1.275000 1.417929 1.057071
v 1.325000 1.417929 1.057071
v 1.275000 1.415000 1.050000
v 1.325000 1.415000 1.050000
v 1.275000 1.417929 1.042929
v 1.325000 1.417929 1.042929
v 1.275000 1.425000 1.040000
v 1.325000 1.425000 1.040000
v 1.275000 1.582071 1.042929
v 1.325000 1.582071 1.042929
v 1.275000 1.585000 1.050000
v 1.325000 1.585000 1.050000
v 1.275000 1.582071 1.057071
v 1.325000 1.582071 1.057071
v 1.275000 1.575000 1.060000
v 1.325000 1.575000 1.060000
v 1.275000 1.567929 1.057071
v 1.325000 1.567929 1.057071
v 1.275000 1.565000 1.050000
v 1.325000 1.565000 1.050000
v 1.275000 1.567929 1.042929
v 1.325000 1.567929 1.042929
v 1.275000 1.575000 1.040000
v 1.325000 1.575000 1.040000
v 1.275000 1.732071 1.042929
v 1.325000 1.732071 1.042929
v 1.275000 1.735000 1.050000
v 1.325000 1.735000 1.050000
v 1.275000 1.732071 1.057071
v 1.325000 1.732071 1.057071
v 1.275000 1.725000 1.060000
v 1.325000 1.725000 1.060000
v 1.275000 1.717929 1.057071
v 1.325000 1.717929 1.057071
v 1.275000 1.715000 1.050000
v 1.325000 1.715000 1.050000
v 1.275000 1.717929 1.042929
v 1.325000 1.717929 1.042929
v 1.275000 1.725000 1.040000
v 1.325000 1.725000 1.040000
v 1.320000 1.195778 1.978750
v 1.320000 1.195778 2.021250
v 1.305308 1.189692 1.978750
v 1.305308 1.189692 2.021250
v 1.299222 1.175000 1.978750
v 1.299222 1.175000 2.021250
v 1.305308 1.160308 1.978750
v 1.305308 1.160308 2.021250
v 1.320000 1.154222 1.978750
v 1.320000 1.154222 2.021250
v 1.334692 1.160308 1.978750
v 1.334692 1.160308 2.021250
v 1.340778 1.175000 1.978750
v 1.340778 1.175000 2.021250
v 1.334692 1.189692 1.978750
v 1.334692 1.189692 2.021250
v 1.320000 1.180000 2.020000
v 1.320000 1.790000 2.020000
v 1.320000 1.180000 1.980000
v 1.320000 1.790000 1.980000
v 1.310000 1.180000 2.020000
v 1.310000 1.790000 2.020000
v 1.310000 1.180000 1.980000
v 1.310000 1.790000 1.980000
v 1.290000 1.200000 2.020000
v 1.290000 1.790000 2.020000
v 1.290000 1.200000 1.980000
v 1.290000 1.790000 1.980000
v 1.280000 1.200000 2.020000
v 1.280000 1.790000 2.020000
v 1.280000 1.200000 1.980000
v 1.280000 1.790000 1.980000
v 1.320000 1.199933 2.021250
v 1.320000 1.199933 2.038250
v 1.302369 1.192631 2.021250
v 1.302369 1.192631 2.038250
v 1.295067 1.175000 2.021250
v 1.295067 1.175000 2.038250
v 1.302369 1.157370 2.021250
v 1.302369 1.157370 2.038250
v 1.320000 1.150067 2.021250
v 1.320000 1.150067 2.038250
v 1.337631 1.157370 2.021250
v 1.337631 1.157370 2.038250
v 1.344933 1.175000 2.021250
v 1.344933 1.175000 2.038250
v 1.337631 1.192631 2.021250
v 1.337631 1.192631 2.038250
v 1.320000 1.187467 2.038250
v 1.320000 1.187467 2.042500
v 1.311185 1.183815 2.038250
v 1.311185 1.183815 2.042500
v 1.307533 1.175000 2.038250
v 1.307533 1.175000 2.042500
v 1.311185 1.166185 2.038250
v 1.311185 1.166185 2.042500
v 1.320000 1.162534 2.038250
v 1.320000 1.162534 2.042500
v 1.328815 1.166185 2.038250
v 1.328815 1.166185 2.042500
v 1.332467 1.175000 2.038250
v 1.332467 1.175000 2.042500
v 1.328815 1.183815 2.038250
v 1.328815 1.183815 2.042500
v 1.320000 1.199933 1.978750
v 1.320000 1.199933 1.961750
v 1.302369 1.192631 1.978750
v 1.302369 1.192631 1.961750
v 1.295067 1.175000 1.978750
v 1.295067 1.175000 1.961750
v 1.302369 1.157370 1.978750
v 1.302369 1.157370 1.961750
v 1.320000 1.150067 1.978750
v 1.320000 1.150067 1.961750
v 1.337631 1.157370 1.978750
v 1.337631 1.157370 1.961750
v 1.344933 1.175000 1.978750
v 1.344933 1.175000 1.961750
v 1.337631 1.192631 1.978750
v 1.337631 1.192631 1.961750
v 1.320000 1.187467 1.961750
v 1.320000 1.187467 1.957500
v 1.311185 1.183815 1.961750
v 1.311185 1.183815 1.957500
v 1.307533 1.175000 1.961750
v 1.307533 1.175000 1.957500
v 1.311185 1.166185 1.961750
v 1.311185 1.166185 1.957500
v 1.320000 1.162534 1.961750
v 1.320000 1.162534 1.957500
v 1.328815 1.166185 1.961750
v 1.328815 1.166185 1.957500
v 1.332467 1.175000 1.961750
v 1.332467 1.175000 1.957500
v 1.328815 1.183815 1.961750
v 1.328815 1.183815 1.957500
v 1.275000 1.432071 1.992929
v 1.325000 1.432071 1.992929
v 1.325000 1.275000 1.990000
v 1.275000 1.275000 1.990000
v 1.325000 1.267929 1.992929
v 1.275000 1.267929 1.992929
v 1.325000 1.265000 2.000000
v 1.275000 1.265000 2.000000
v 1.325000 1.267929 2.007071
v 1.275000 1.267929 2.007071
v 1.325000 1.275000 2.010000
v 1.275000 1.275000 2.010000
v 1.325000 1.282071 2.007071
v 1.275000 1.282071 2.007071
v 1.325000 1.285000 2.000000
v 1.275000 1.285000 2.000000
v 1.325000 1.282071 1.992929
v 1.275000 1.282071 1.992929
v 1.275000 1.435000 2.000000
v 1.325000 1.435000 2.000000
v 1.275000 1.432071 2.007071
v 1.325000 1.432071 2.007071
v 1.275000 1.425000 2.010000
v 1.325000 1.425000 2.010000
v 1.275000 1.417929 2.007071
v 1.325000 1.417929 2.007071
v 1.275000 1.415000 2.000000
v 1.325000 1.415000 2.000000
v 1.275000 1.417929 1.992929
v 1.325000 1.417929 1.992929
v 1.275000 1.425000 1.990000
v 1.325000 1.425000 1.990000
v 1.275000 1.582071 1.992929
v 1.325000 1.582071 1.992929
v 1.275000 1.585000 2.000000
v 1.325000 1.585000 2.000000
v 1.275000 1.582071 2.007071
v 1.325000 1.582071 2.007071
v 1.275000 1.575000 2.010000
v 1.325000 1.575000 2.010000
v 1.275000 1.567929 2.007071
v 1.325000 1.567929 2.007071
v 1.275000 1.565000 2.000000
v 1.325000 1.565000 2.000000
v 1.275000 1.567929 1.992929
v 1.325000 1.567929 1.992929
v 1.275000 1.575000 1.990000
v 1.325000 1.575000 1.990000
v 1.275000 1.732071 1.992929
v 1.325000 1.732071 1.992929
v 1.275000 1.735000 2.000000
v 1.325000 1.735000 2.000000
v 1.275000 1.732071 2.007071
v 1.325000 1.732071 2.007071
v 1.275000 1.725000 2.010000
v 1.325000 1.725000 2.010000
v 1.275000 1.717929 2.007071
v 1.325000 1.717929 2.007071
v 1.275000 1.715000 2.000000
v 1.325000 1.715000 2.000000
v 1.275000 1.717929 1.992929
v 1.325000 1.717929 1.992929
v 1.275000 1.725000 1.990000
v 1.325000 1.725000 1.990000
v 1.320000 1.195778 2.978750
v 1.320000 1.195778 3.021250
v 1.305308 1.189692 2.978750
v 1.305308 1.189692 3.021250
v 1.299222 1.175000 2.978750
v 1.299222 1.175000 3.021250
v 1.305308 1.160308 2.978750
v 1.305308 1.160308 3.021250
v 1.320000 1.154222 2.978750
v 1.320000 1.154222 3.021250
v 1.334692 1.160308 2.978750
v 1.334692 1.160308 3.021250
v 1.340778 1.175000 2.978750
v 1.340778 1.175000 3.021250
v 1.334692 1.189692 2.978750
v 1.334692 1.189692 3.021250
v 1.320000 1.180000 3.020000
v 1.320000 1.570000 3.020000
v 1.320000 1.180000 2.980000
v 1.320000 1.570000 2.980000
v 1.310000 1.180000 3.020000
v 1.310000 1.570000 3.020000
v 1.310000 1.180000 2.980000
v 1.310000 1.570000 2.980000
v 1.290000 1.200000 3.020000
v 1.290000 1.570000 3.020000
v 1.290000 1.200000 2.980000
v 1.290000 1.570000 2.980000
v 1.280000 1.200000 3.020000
v 1.280000 1.570000 3.020000
v 1.280000 1.200000 2.980000
v 1.280000 1.570000 2.980000
v 1.320000 1.199933 3.021250
v 1.320000 1.199933 3.038250
v 1.302369 1.192631 3.021250
v 1.302369 1.192631 3.038250
v 1.295067 1.175000 3.021250
v 1.295067 1.175000 3.038250
v 1.302369 1.157370 3.021250
v 1.302369 1.157370 3.038250
v 1.320000 1.150067 3.021250
v 1.320000 1.150067 3.038250
v 1.337631 1.157370 3.021250
v 1.337631 1.157370 3.038250
v 1.344933 1.175000 3.021250
v 1.344933 1.175000 3.038250
v 1.337631 1.192631 3.021250
v 1.337631 1.192631 3.038250
v 1.320000 1.187467 3.038250
v 1.320000 1.187467 3.042500
v 1.311185 1.183815 3.038250
v 1.311185 1.183815 3.042500
v 1.307533 1.175000 3.038250
v 1.307533 1.175000 3.042500
v 1.311185 1.166185 3.038250
v 1.311185 1.166185 3.042500
v 1.320000 1.162534 3.038250
v 1.320000 1.162534 3.042500
v 1.328815 1.166185 3.038250
v 1.328815 1.166185 3.042500
v 1.332467 1.175000 3.038250
v 1.332467 1.175000 3.042500
v 1.328815 1.183815 3.038250
v 1.328815 1.183815 3.042500
v 1.320000 1.199933 2.978750
v 1.320000 1.199933 2.961750
v 1.302369 1.192631 2.978750
v 1.302369 1.192631 2.961750
v 1.295067 1.175000 2.978750
v 1.295067 1.175000 2.961750
v 1.302369 1.157370 2.978750
v 1.302369 1.157370 2.961750
v 1.320000 1.150067 2.978750
v 1.320000 1.150067 2.961750
v 1.337631 1.157370 2.978750
v 1.337631 1.157370 2.961750
v 1.344933 1.175000 2.978750
v 1.344933 1.175000 2.961750
v 1.337631 1.192631 2.978750
v 1.337631 1.192631 2.961750
v 1.320000 1.187467 2.961750
v 1.320000 1.187467 2.957500
v 1.311185 1.183815 2.961750
v 1.311185 1.183815 2.957500
v 1.307533 1.175000 2.961750
v 1.307533 1.175000 2.957500
v 1.311185 1.166185 2.961750
v 1.311185 1.166185 2.957500
v 1.320000 1.162534 2.961750
v 1.320000 1.162534 2.957500
v 1.328815 1.166185 2.961750
v 1.328815 1.166185 2.957500
v 1.332467 1.175000 2.961750
v 1.332467 1.175000 2.957500
v 1.328815 1.183815 2.961750
v 1.328815 1.183815 2.957500
v 1.275000 1.432071 2.992929
v 1.325000 1.432071 2.992929
v 1.325000 1.275000 2.990000
v 1.275000 1.275000 2.990000
v 1.325000 1.267929 2.992929
v 1.275000 1.267929 2.992929
v 1.325000 1.265000 3.000000
v 1.275000 1.265000 3.000000
v 1.325000 1.267929 3.007071
v 1.275000 1.267929 3.007071
v 1.325000 1.275000 3.010000
v 1.275000 1.275000 3.010000
v 1.325000 1.282071 3.007071
v 1.275000 1.282071 3.007071
v 1.325000 1.285000 3.000000
v 1.275000 1.285000 3.000000
v 1.325000 1.282071 2.992929
v 1.275000 1.282071 2.992929
v 1.275000 1.435000 3.000000
v 1.325000 1.435000 3.000000
v 1.275000 1.432071 3.007071
v 1.325000 1.432071 3.007071
v 1.275000 1.425000 3.010000
v 1.325000 1.425000 3.010000
v 1.275000 1.417929 3.007071
v 1.325000 1.417929 3.007071
v 1.275000 1.415000 3.000000
v 1.325000 1.415000 3.000000
v 1.275000 1.417929 2.992929
v 1.325000 1.417929 2.992929
v 1.275000 1.425000 2.990000
v 1.325000 1.425000 2.990000
v 0.621250 1.195778 3.220001
v 0.578750 1.195778 3.220001
v 0.621250 1.189692 3.205308
v 0.578750 1.189692 3.205308
v 0.621250 1.175000 3.199223
v 0.578750 1.175000 3.199223
v 0.621250 1.160308 3.205308
v 0.578750 1.160308 3.205308
v 0.621250 1.154222 3.220001
v 0.578750 1.154222 3.220001
v 0.621250 1.160308 3.234693
v 0.578750 1.160308 3.234693
v 0.621250 1.175000 3.240778
v 0.578750 1.175000 3.240778
v 0.621250 1.189692 3.234693
v 0.578750 1.189692 3.234693
v 0.580000 1.180000 3.220001
v 0.580000 1.510000 3.220001
v 0.620000 1.180000 3.220001
v 0.620000 1.510000 3.220001
v 0.580000 1.180000 3.210001
v 0.580000 1.510000 3.210001
v 0.620000 1.180000 3.210001
v 0.620000 1.510000 3.210001
v 0.580000 1.200000 3.190001
v 0.580000 1.510000 3.190001
v 0.620000 1.200000 3.190001
v 0.620000 1.510000 3.190001
v 0.580000 1.200000 3.180001
v 0.580000 1.510000 3.180001
v 0.620000 1.200000 3.180001
v 0.620000 1.510000 3.180001
v 0.578750 1.199933 3.220001
v 0.561750 1.199933 3.220001
v 0.578750 1.192631 3.202370
v 0.561750 1.192631 3.202370
v 0.578750 1.175000 3.195067
v 0.561750 1.175000 3.195067
v 0.578750 1.157370 3.202370
v 0.561750 1.157370 3.202370
v 0.578750 1.150067 3.220001
v 0.561750 1.150067 3.220001
v 0.578750 1.157370 3.237631
v 0.561750 1.157370 3.237631
v 0.578750 1.175000 3.244934
v 0.561750 1.175000 3.244934
v 0.578750 1.192631 3.237631
v 0.561750 1.192631 3.237631
v 0.561750 1.187467 3.220001
v 0.557500 1.187467 3.220001
v 0.561750 1.183815 3.211185
v 0.557500 1.183815 3.211185
v 0.561750 1.175000 3.207534
v 0.557500 1.175000 3.207534
v 0.561750 1.166185 3.211185
v 0.557500 1.166185 3.211185
v 0.561750 1.162534 3.220001
v 0.557500 1.162534 3.220001
v 0.561750 1.166185 3.228816
v 0.557500 1.166185 3.228816
v 0.561750 1.175000 3.232467
v 0.557500 1.175000 3.232467
v 0.561750 1.183815 3.228816
v 0.557500 1.183815 3.228816
v 0.621250 1.199933 3.220001
v 0.638250 1.199933 3.220001
v 0.621250 1.192631 3.202370
v 0.638250 1.192631 3.202370
v 0.621249 1.175000 3.195067
v 0.638250 1.175000 3.195067
v 0.621249 1.157370 3.202370
v 0.638250 1.157370 3.202370
v 0.621249 1.150067 3.220001
v 0.638250 1.150067 3.220001
v 0.621249 1.157370 3.237631
v 0.638250 1.157370 3.237631
v 0.621249 1.175000 3.244934
v 0.638250 1.175000 3.244934
v 0.621250 1.192631 3.237631
v 0.638250 1.192631 3.237631
v 0.638250 1.187467 3.220001
v 0.642500 1.187467 3.220001
v 0.638250 1.183815 3.211185
v 0.642500 1.183815 3.211185
v 0.638250 1.175000 3.207534
v 0.642500 1.175000 3.207534
v 0.638250 1.166185 3.211185
v 0.642500 1.166185 3.211185
v 0.638250 1.162534 3.220001
v 0.642500 1.162534 3.220001
v 0.638250 1.166185 3.228816
v 0.642500 1.166185 3.228816
v 0.638250 1.175000 3.232467
v 0.642500 1.175000 3.232467
v 0.638250 1.183815 3.228816
v 0.642500 1.183815 3.228816
v 0.607071 1.432071 3.175001
v 0.607071 1.432071 3.225000
v 0.610000 1.275000 3.225000
v 0.610000 1.275000 3.175001
v 0.607071 1.267929 3.225000
v 0.607071 1.267929 3.175001
v 0.600000 1.265000 3.225000
v 0.600000 1.265000 3.175001
v 0.592929 1.267929 3.225000
v 0.592929 1.267929 3.175001
v 0.590000 1.275000 3.225000
v 0.590000 1.275000 3.175001
v 0.592929 1.282071 3.225000
v 0.592929 1.282071 3.175001
v 0.600000 1.285000 3.225000
v 0.600000 1.285000 3.175001
v 0.607071 1.282071 3.225000
v 0.607071 1.282071 3.175001
v 0.600000 1.435000 3.175001
v 0.600000 1.435000 3.225000
v 0.592929 1.432071 3.175001
v 0.592929 1.432071 3.225000
v 0.590000 1.425000 3.175001
v 0.590000 1.425000 3.225000
v 0.592929 1.417929 3.175001
v 0.592929 1.417929 3.225000
v 0.600000 1.415000 3.175001
v 0.600000 1.415000 3.225000
v 0.607071 1.417929 3.175001
v 0.607071 1.417929 3.225000
v 0.610000 1.425000 3.175001
v 0.610000 1.425000 3.225000
v 1.320000 1.200000 3.180000
v 1.320000 1.500000 3.180000
v 1.320000 1.200000 3.140000
v 1.320000 1.500000 3.140000
v 1.310000 1.200000 3.180000
v 1.310000 1.500000 3.180000
v 1.310000 1.200000 3.140000
v 1.310000 1.500000 3.140000
v 1.275000 1.432071 3.152929
v 1.325000 1.432071 3.152929
v 1.325000 1.275000 3.150000
v 1.275000 1.275000 3.150000
v 1.325000 1.267929 3.152929
v 1.275000 1.267929 3.152929
v 1.325000 1.265000 3.160000
v 1.275000 1.265000 3.160000
v 1.325000 1.267929 3.167071
v 1.275000 1.267929 3.167071
v 1.325000 1.275000 3.170000
v 1.275000 1.275000 3.170000
v 1.325000 1.282071 3.167071
v 1.275000 1.282071 3.167071
v 1.325000 1.285000 3.160000
v 1.275000 1.285000 3.160000
v 1.325000 1.282071 3.152929
v 1.275000 1.282071 3.152929
v 1.275000 1.435000 3.160000
v 1.325000 1.435000 3.160000
v 1.275000 1.432071 3.167071
v 1.325000 1.432071 3.167071
v 1.275000 1.425000 3.170000
v 1.325000 1.425000 3.170000
v 1.275000 1.417929 3.167071
v 1.325000 1.417929 3.167071
v 1.275000 1.415000 3.160000
v 1.325000 1.415000 3.160000
v 1.275000 1.417929 3.152929
v 1.325000 1.417929 3.152929
v 1.275000 1.425000 3.150000
v 1.325000 1.425000 3.150000
v 1.290000 1.200000 3.180000
v 1.290000 1.500000 3.180000
v 1.290000 1.200000 3.140000
v 1.290000 1.500000 3.140000
v 1.280000 1.200000 3.180000
v 1.280000 1.500000 3.180000
v 1.280000 1.200000 3.140000
v 1.280000 1.500000 3.140000
v 1.210000 1.180000 3.220001
v 1.210000 1.500000 3.220001
v 1.289999 1.180000 3.220001
v 1.289999 1.500000 3.220001
v 1.210000 1.180000 3.210001
v 1.210000 1.500000 3.210001
v 1.289999 1.180000 3.210001
v 1.289999 1.500000 3.210001
v 1.210000 1.200000 3.190001
v 1.210000 1.500000 3.190001
v 1.289999 1.200000 3.190001
v 1.289999 1.500000 3.190001
v 1.210000 1.200000 3.180001
v 1.210000 1.500000 3.180001
v 1.289999 1.200000 3.180001
v 1.289999 1.500000 3.180001
v 1.247071 1.432071 3.175001
v 1.247071 1.432071 3.225000
v 1.250000 1.275000 3.225000
v 1.250000 1.275000 3.175001
v 1.247071 1.267929 3.225000
v 1.247071 1.267929 3.175001
v 1.240000 1.265000 3.225000
v 1.240000 1.265000 3.175001
v 1.232929 1.267929 3.225000
v 1.232929 1.267929 3.175001
v 1.230000 1.275000 3.225000
v 1.230000 1.275000 3.175001
v 1.232929 1.282071 3.225000
v 1.232929 1.282071 3.175001
v 1.240000 1.285000 3.225000
v 1.240000 1.285000 3.175001
v 1.247071 1.282071 3.225000
v 1.247071 1.282071 3.175001
v 1.240000 1.435000 3.175001
v 1.240000 1.435000 3.225000
v 1.232929 1.432071 3.175001
v 1.232929 1.432071 3.225000
v 1.230000 1.425000 3.175001
v 1.230000 1.425000 3.225000
v 1.232929 1.417929 3.175001
v 1.232929 1.417929 3.225000
v 1.240000 1.415000 3.175001
v 1.240000 1.415000 3.225000
v 1.247071 1.417929 3.175001
v 1.247071 1.417929 3.225000
v 1.250000 1.425000 3.175001
v 1.250000 1.425000 3.225000
v -1.320000 1.195778 0.021250
v -1.320000 1.195778 -0.021250
v -1.305308 1.189692 0.021250
v -1.305308 1.189692 -0.021250
v -1.299222 1.175000 0.021250
v -1.299222 1.175000 -0.021250
v -1.305308 1.160308 0.021250
v -1.305308 1.160308 -0.021250
v -1.320000 1.154222 0.021250
v -1.320000 1.154222 -0.021250
v -1.334692 1.160308 0.021250
v -1.334692 1.160308 -0.021250
v -1.340778 1.175000 0.021250
v -1.340778 1.175000 -0.021250
v -1.334692 1.189692 0.021250
v -1.334692 1.189692 -0.021250
v -1.320000 1.180000 -0.020000
v -1.320000 1.790000 -0.020000
v -1.320000 1.180000 0.020000
v -1.320000 1.790000 0.020000
v -1.310000 1.180000 -0.020000
v -1.310000 1.790000 -0.020000
v -1.310000 1.180000 0.020000
v -1.310000 1.790000 0.020000
v -1.290000 1.200000 -0.020000
v -1.290000 1.790000 -0.020000
v -1.290000 1.200000 0.020000
v -1.290000 1.790000 0.020000
v -1.280000 1.200000 -0.020000
v -1.280000 1.790000 -0.020000
v -1.280000 1.200000 0.020000
v -1.280000 1.790000 0.020000
v -1.320000 1.199933 -0.021250
v -1.320000 1.199933 -0.038250
v -1.302369 1.192631 -0.021250
v -1.302369 1.192631 -0.038250
v -1.295067 1.175000 -0.021250
v -1.295067 1.175000 -0.038250
v -1.302369 1.157370 -0.021250
v -1.302369 1.157370 -0.038250
v -1.320000 1.150067 -0.021250
v -1.320000 1.150067 -0.038250
v -1.337631 1.157370 -0.021250
v -1.337631 1.157370 -0.038250
v -1.344933 1.175000 -0.021250
v -1.344933 1.175000 -0.038250
v -1.337631 1.192631 -0.021250
v -1.337631 1.192631 -0.038250
v -1.320000 1.187467 -0.038250
v -1.320000 1.187467 -0.042500
v -1.311185 1.183815 -0.038250
v -1.311185 1.183815 -0.042500
v -1.307533 1.175000 -0.038250
v -1.307533 1.175000 -0.042500
v -1.311185 1.166185 -0.038250
v -1.311185 1.166185 -0.042500
v -1.320000 1.162534 -0.038250
v -1.320000 1.162534 -0.042500
v -1.328815 1.166185 -0.038250
v -1.328815 1.166185 -0.042500
v -1.332467 1.175000 -0.038250
v -1.332467 1.175000 -0.042500
v -1.328815 1.183815 -0.038250
v -1.328815 1.183815 -0.042500
v -1.320000 1.199933 0.021250
v -1.320000 1.199933 0.038250
v -1.302369 1.192631 0.021250
v -1.302369 1.192631 0.038250
v -1.295067 1.175000 0.021250
v -1.295067 1.175000 0.038250
v -1.302369 1.157370 0.021250
v -1.302369 1.157370 0.038250
v -1.320000 1.150067 0.021250
v -1.320000 1.150067 0.038250
v -1.337631 1.157370 0.021250
v -1.337631 1.157370 0.038250
v -1.344933 1.175000 0.021250
v -1.344933 1.175000 0.038250
v -1.337631 1.192631 0.021250
v -1.337631 1.192631 0.038250
v -1.320000 1.187467 0.038250
v -1.320000 1.187467 0.042500
v -1.311185 1.183815 0.038250
v -1.311185 1.183815 0.042500
v -1.307533 1.175000 0.038250
v -1.307533 1.175000 0.042500
v -1.311185 1.166185 0.038250
v -1.311185 1.166185 0.042500
v -1.320000 1.162534 0.038250
v -1.320000 1.162534 0.042500
v -1.328815 1.166185 0.038250
v -1.328815 1.166185 0.042500
v -1.332467 1.175000 0.038250
v -1.332467 1.175000 0.042500
v -1.328815 1.183815 0.038250
v -1.328815 1.183815 0.042500
v -1.275000 1.432071 0.007071
v -1.325000 1.432071 0.007071
v -1.325000 1.275000 0.010000
v -1.275000 1.275000 0.010000
v -1.325000 1.267929 0.007071
v -1.275000 1.267929 0.007071
v -1.325000 1.267929 -0.007071
v -1.275000 1.267929 -0.007071
v -1.325000 1.275000 -0.010000
v -1.275000 1.275000 -0.010000
v -1.325000 1.282071 -0.007071
v -1.275000 1.282071 -0.007071
v -1.325000 1.282071 0.007071
v -1.275000 1.282071 0.007071
v -1.275000 1.432071 -0.007071
v -1.325000 1.432071 -0.007071
v -1.275000 1.425000 -0.010000
v -1.325000 1.425000 -0.010000
v -1.275000 1.417929 -0.007071
v -1.325000 1.417929 -0.007071
v -1.275000 1.417929 0.007071
v -1.325000 1.417929 0.007071
v -1.275000 1.425000 0.010000
v -1.325000 1.425000 0.010000
v -1.275000 1.582071 0.007071
v -1.325000 1.582071 0.007071
v -1.275000 1.582071 -0.007071
v -1.325000 1.582071 -0.007071
v -1.275000 1.575000 -0.010000
v -1.325000 1.575000 -0.010000
v -1.275000 1.567929 -0.007071
v -1.325000 1.567929 -0.007071
v -1.275000 1.567929 0.007071
v -1.325000 1.567929 0.007071
v -1.275000 1.575000 0.010000
v -1.325000 1.575000 0.010000
v -1.275000 1.732071 0.007071
v -1.325000 1.732071 0.007071
v -1.275000 1.732071 -0.007071
v -1.325000 1.732071 -0.007071
v -1.275000 1.725000 -0.010000
v -1.325000 1.725000 -0.010000
v -1.275000 1.717929 -0.007071
v -1.325000 1.717929 -0.007071
v -1.275000 1.717929 0.007071
v -1.325000 1.717929 0.007071
v -1.275000 1.725000 0.010000
v -1.325000 1.725000 0.010000
v -1.320000 1.195778 -0.928750
v -1.320000 1.195778 -0.971250
v -1.305308 1.189692 -0.928750
v -1.305308 1.189692 -0.971250
v -1.299222 1.175000 -0.928750
v -1.299222 1.175000 -0.971250
v -1.305308 1.160308 -0.928750
v -1.305308 1.160308 -0.971250
v -1.320000 1.154222 -0.928750
v -1.320000 1.154222 -0.971250
v -1.334692 1.160308 -0.928750
v -1.334692 1.160308 -0.971250
v -1.340778 1.175000 -0.928750
v -1.340778 1.175000 -0.971250
v -1.334692 1.189692 -0.928750
v -1.334692 1.189692 -0.971250
v -1.320000 1.180000 -0.970000
v -1.320000 1.790000 -0.970000
v -1.320000 1.180000 -0.930000
v -1.320000 1.790000 -0.930000
v -1.310000 1.180000 -0.970000
v -1.310000 1.790000 -0.970000
v -1.310000 1.180000 -0.930000
v -1.310000 1.790000 -0.930000
v -1.290000 1.200000 -0.970000
v -1.290000 1.790000 -0.970000
v -1.290000 1.200000 -0.930000
v -1.290000 1.790000 -0.930000
v -1.280000 1.200000 -0.970000
v -1.280000 1.790000 -0.970000
v -1.280000 1.200000 -0.930000
v -1.280000 1.790000 -0.930000
v -1.320000 1.199933 -0.971250
v -1.320000 1.199933 -0.988250
v -1.302369 1.192631 -0.971250
v -1.302369 1.192631 -0.988250
v -1.295067 1.175000 -0.971250
v -1.295067 1.175000 -0.988250
v -1.302369 1.157370 -0.971250
v -1.302369 1.157370 -0.988250
v -1.320000 1.150067 -0.971250
v -1.320000 1.150067 -0.988250
v -1.337631 1.157370 -0.971250
v -1.337631 1.157370 -0.988250
v -1.344933 1.175000 -0.971250
v -1.344933 1.175000 -0.988250
v -1.337631 1.192631 -0.971250
v -1.337631 1.192631 -0.988250
v -1.320000 1.187467 -0.988250
v -1.320000 1.187467 -0.992500
v -1.311185 1.183815 -0.988250
v -1.311185 1.183815 -0.992500
v -1.307533 1.175000 -0.988250
v -1.307533 1.175000 -0.992500
v -1.311185 1.166185 -0.988250
v -1.311185 1.166185 -0.992500
v -1.320000 1.162534 -0.988250
v -1.320000 1.162534 -0.992500
v -1.328815 1.166185 -0.988250
v -1.328815 1.166185 -0.992500
v -1.332467 1.175000 -0.988250
v -1.332467 1.175000 -0.992500
v -1.328815 1.183815 -0.988250
v -1.328815 1.183815 -0.992500
v -1.320000 1.199933 -0.928750
v -1.320000 1.199933 -0.911750
v -1.302369 1.192631 -0.928750
v -1.302369 1.192631 -0.911750
v -1.295067 1.175000 -0.928750
v -1.295067 1.175000 -0.911750
v -1.302369 1.157370 -0.928750
v -1.302369 1.157370 -0.911750
v -1.320000 1.150067 -0.928750
v -1.320000 1.150067 -0.911750
v -1.337631 1.157370 -0.928750
v -1.337631 1.157370 -0.911750
v -1.344933 1.175000 -0.928750
v -1.344933 1.175000 -0.911750
v -1.337631 1.192631 -0.928750
v -1.337631 1.192631 -0.911750
v -1.320000 1.187467 -0.911750
v -1.320000 1.187467 -0.907500
v -1.311185 1.183815 -0.911750
v -1.311185 1.183815 -0.907500
v -1.307533 1.175000 -0.911750
v -1.307533 1.175000 -0.907500
v -1.311185 1.166185 -0.911750
v -1.311185 1.166185 -0.907500
v -1.320000 1.162534 -0.911750
v -1.320000 1.162534 -0.907500
v -1.328815 1.166185 -0.911750
v -1.328815 1.166185 -0.907500
v -1.332467 1.175000 -0.911750
v -1.332467 1.175000 -0.907500
v -1.328815 1.183815 -0.911750
v -1.328815 1.183815 -0.907500
v -1.275000 1.432071 -0.942929
v -1.325000 1.432071 -0.942929
v -1.325000 1.275000 -0.940000
v -1.275000 1.275000 -0.940000
v -1.325000 1.267929 -0.942929
v -1.275000 1.267929 -0.942929
v -1.325000 1.265000 -0.950000
v -1.275000 1.265000 -0.950000
v -1.325000 1.267929 -0.957071
v -1.275000 1.267929 -0.957071
v -1.325000 1.275000 -0.960000
v -1.275000 1.275000 -0.960000
v -1.325000 1.282071 -0.957071
v -1.275000 1.282071 -0.957071
v -1.325000 1.285000 -0.950000
v -1.275000 1.285000 -0.950000
v -1.325000 1.282071 -0.942929
v -1.275000 1.282071 -0.942929
v -1.275000 1.435000 -0.950000
v -1.325000 1.435000 -0.950000
v -1.275000 1.432071 -0.957071
v -1.325000 1.432071 -0.957071
v -1.275000 1.425000 -0.960000
v -1.325000 1.425000 -0.960000
v -1.275000 1.417929 -0.957071
v -1.325000 1.417929 -0.957071
v -1.275000 1.415000 -0.950000
v -1.325000 1.415000 -0.950000
v -1.275000 1.417929 -0.942929
v -1.325000 1.417929 -0.942929
v -1.275000 1.425000 -0.940000
v -1.325000 1.425000 -0.940000
v -1.275000 1.582071 -0.942929
v -1.325000 1.582071 -0.942929
v -1.275000 1.585000 -0.950000
v -1.325000 1.585000 -0.950000
v -1.275000 1.582071 -0.957071
v -1.325000 1.582071 -0.957071
v -1.275000 1.575000 -0.960000
v -1.325000 1.575000 -0.960000
v -1.275000 1.567929 -0.957071
v -1.325000 1.567929 -0.957071
v -1.275000 1.565000 -0.950000
v -1.325000 1.565000 -0.950000
v -1.275000 1.567929 -0.942929
v -1.325000 1.567929 -0.942929
v -1.275000 1.575000 -0.940000
v -1.325000 1.575000 -0.940000
v -1.275000 1.732071 -0.942929
v -1.325000 1.732071 -0.942929
v -1.275000 1.735000 -0.950000
v -1.325000 1.735000 -0.950000
v -1.275000 1.732071 -0.957071
v -1.325000 1.732071 -0.957071
v -1.275000 1.725000 -0.960000
v -1.325000 1.725000 -0.960000
v -1.275000 1.717929 -0.957071
v -1.325000 1.717929 -0.957071
v -1.275000 1.715000 -0.950000
v -1.325000 1.715000 -0.950000
v -1.275000 1.717929 -0.942929
v -1.325000 1.717929 -0.942929
v -1.275000 1.725000 -0.940000
v -1.325000 1.725000 -0.940000
v -1.320000 1.195778 -1.028750
v -1.320000 1.195778 -1.071250
v -1.305308 1.189692 -1.028750
v -1.305308 1.189692 -1.071250
v -1.299222 1.175000 -1.028750
v -1.299222 1.175000 -1.071250
v -1.305308 1.160308 -1.028750
v -1.305308 1.160308 -1.071250
v -1.320000 1.154222 -1.028750
v -1.320000 1.154222 -1.071250
v -1.334692 1.160308 -1.028750
v -1.334692 1.160308 -1.071250
v -1.340778 1.175000 -1.028750
v -1.340778 1.175000 -1.071250
v -1.334692 1.189692 -1.028750
v -1.334692 1.189692 -1.071250
v -1.320000 1.180000 -1.070000
v -1.320000 1.790000 -1.070000
v -1.320000 1.180000 -1.030000
v -1.320000 1.790000 -1.030000
v -1.310000 1.180000 -1.070000
v -1.310000 1.790000 -1.070000
v -1.310000 1.180000 -1.030000
v -1.310000 1.790000 -1.030000
v -1.290000 1.200000 -1.070000
v -1.290000 1.790000 -1.070000
v -1.290000 1.200000 -1.030000
v -1.290000 1.790000 -1.030000
v -1.280000 1.200000 -1.070000
v -1.280000 1.790000 -1.070000
v -1.280000 1.200000 -1.030000
v -1.280000 1.790000 -1.030000
v -1.320000 1.199933 -1.071250
v -1.320000 1.199933 -1.088250
v -1.302369 1.192631 -1.071250
v -1.302369 1.192631 -1.088250
v -1.295067 1.175000 -1.071250
v -1.295067 1.175000 -1.088250
v -1.302369 1.157370 -1.071250
v -1.302369 1.157370 -1.088250
v -1.320000 1.150067 -1.071250
v -1.320000 1.150067 -1.088250
v -1.337631 1.157370 -1.071250
v -1.337631 1.157370 -1.088250
v -1.344933 1.175000 -1.071250
v -1.344933 1.175000 -1.088250
v -1.337631 1.192631 -1.071250
v -1.337631 1.192631 -1.088250
v -1.320000 1.187467 -1.088250
v -1.320000 1.187467 -1.092500
v -1.311185 1.183815 -1.088250
v -1.311185 1.183815 -1.092500
v -1.307533 1.175000 -1.088250
v -1.307533 1.175000 -1.092500
v -1.311185 1.166185 -1.088250
v -1.311185 1.166185 -1.092500
v -1.320000 1.162534 -1.088250
v -1.320000 1.162534 -1.092500
v -1.328815 1.166185 -1.088250
v -1.328815 1.166185 -1.092500
v -1.332467 1.175000 -1.088250
v -1.332467 1.175000 -1.092500
v -1.328815 1.183815 -1.088250
v -1.328815 1.183815 -1.092500
v -1.320000 1.199933 -1.028750
v -1.320000 1.199933 -1.011750
v -1.302369 1.192631 -1.028750
v -1.302369 1.192631 -1.011750
v -1.295067 1.175000 -1.028750
v -1.295067 1.175000 -1.011750
v -1.302369 1.157370 -1.028750
v -1.302369 1.157370 -1.011750
v -1.320000 1.150067 -1.028750
v -1.320000 1.150067 -1.011750
v -1.337631 1.157370 -1.028750
v -1.337631 1.157370 -1.011750
v -1.344933 1.175000 -1.028750
v -1.344933 1.175000 -1.011750
v -1.337631 1.192631 -1.028750
v -1.337631 1.192631 -1.011750
v -1.320000 1.187467 -1.011750
v -1.320000 1.187467 -1.007500
v -1.311185 1.183815 -1.011750
v -1.311185 1.183815 -1.007500
v -1.307533 1.175000 -1.011750
v -1.307533 1.175000 -1.007500
v -1.311185 1.166185 -1.011750
v -1.311185 1.166185 -1.007500
v -1.320000 1.162534 -1.011750
v -1.320000 1.162534 -1.007500
v -1.328815 1.166185 -1.011750
v -1.328815 1.166185 -1.007500
v -1.332467 1.175000 -1.011750
v -1.332467 1.175000 -1.007500
v -1.328815 1.183815 -1.011750
v -1.328815 1.183815 -1.007500
v -1.275000 1.432071 -1.042929
v -1.325000 1.432071 -1.042929
v -1.325000 1.275000 -1.040000
v -1.275000 1.275000 -1.040000
v -1.325000 1.267929 -1.042929
v -1.275000 1.267929 -1.042929
v -1.325000 1.265000 -1.050000
v -1.275000 1.265000 -1.050000
v -1.325000 1.267929 -1.057071
v -1.275000 1.267929 -1.057071
v -1.325000 1.275000 -1.060000
v -1.275000 1.275000 -1.060000
v -1.325000 1.282071 -1.057071
v -1.275000 1.282071 -1.057071
v -1.325000 1.285000 -1.050000
v -1.275000 1.285000 -1.050000
v -1.325000 1.282071 -1.042929
v -1.275000 1.282071 -1.042929
v -1.275000 1.435000 -1.050000
v -1.325000 1.435000 -1.050000
v -1.275000 1.432071 -1.057071
v -1.325000 1.432071 -1.057071
v -1.275000 1.425000 -1.060000
v -1.325000 1.425000 -1.060000
v -1.275000 1.417929 -1.057071
v -1.325000 1.417929 -1.057071
v -1.275000 1.415000 -1.050000
v -1.325000 1.415000 -1.050000
v -1.275000 1.417929 -1.042929
v -1.325000 1.417929 -1.042929
v -1.275000 1.425000 -1.040000
v -1.325000 1.425000 -1.040000
v -1.275000 1.582071 -1.042929
v -1.325000 1.582071 -1.042929
v -1.275000 1.585000 -1.050000
v -1.325000 1.585000 -1.050000
v -1.275000 1.582071 -1.057071
v -1.325000 1.582071 -1.057071
v -1.275000 1.575000 -1.060000
v -1.325000 1.575000 -1.060000
v -1.275000 1.567929 -1.057071
v -1.325000 1.567929 -1.057071
v -1.275000 1.565000 -1.050000
v -1.325000 1.565000 -1.050000
v -1.275000 1.567929 -1.042929
v -1.325000 1.567929 -1.042929
v -1.275000 1.575000 -1.040000
v -1.325000 1.575000 -1.040000
v -1.275000 1.732071 -1.042929
v -1.325000 1.732071 -1.042929
v -1.275000 1.735000 -1.050000
v -1.325000 1.735000 -1.050000
v -1.275000 1.732071 -1.057071
v -1.325000 1.732071 -1.057071
v -1.275000 1.725000 -1.060000
v -1.325000 1.725000 -1.060000
v -1.275000 1.717929 -1.057071
v -1.325000 1.717929 -1.057071
v -1.275000 1.715000 -1.050000
v -1.325000 1.715000 -1.050000
v -1.275000 1.717929 -1.042929
v -1.325000 1.717929 -1.042929
v -1.275000 1.725000 -1.040000
v -1.325000 1.725000 -1.040000
v -1.320000 1.195778 -1.978750
v -1.320000 1.195778 -2.021250
v -1.305308 1.189692 -1.978750
v -1.305308 1.189692 -2.021250
v -1.299222 1.175000 -1.978750
v -1.299222 1.175000 -2.021250
v -1.305308 1.160308 -1.978750
v -1.305308 1.160308 -2.021250
v -1.320000 1.154222 -1.978750
v -1.320000 1.154222 -2.021250
v -1.334692 1.160308 -1.978750
v -1.334692 1.160308 -2.021250
v -1.340778 1.175000 -1.978750
v -1.340778 1.175000 -2.021250
v -1.334692 1.189692 -1.978750
v -1.334692 1.189692 -2.021250
v -1.320000 1.180000 -2.020000
v -1.320000 1.790000 -2.020000
v -1.320000 1.180000 -1.980000
v -1.320000 1.790000 -1.980000
v -1.310000 1.180000 -2.020000
v -1.310000 1.790000 -2.020000
v -1.310000 1.180000 -1.980000
v -1.310000 1.790000 -1.980000
v -1.290000 1.200000 -2.020000
v -1.290000 1.790000 -2.020000
v -1.290000 1.200000 -1.980000
v -1.290000 1.790000 -1.980000
v -1.280000 1.200000 -2.020000
v -1.280000 1.790000 -2.020000
v -1.280000 1.200000 -1.980000
v -1.280000 1.790000 -1.980000
v -1.320000 1.199933 -2.021250
v -1.320000 1.199933 -2.038250
v -1.302369 1.192631 -2.021250
v -1.302369 1.192631 -2.038250
v -1.295067 1.175000 -2.021250
v -1.295067 1.175000 -2.038250
v -1.302369 1.157370 -2.021250
v -1.302369 1.157370 -2.038250
v -1.320000 1.150067 -2.021250
v -1.320000 1.150067 -2.038250
v -1.337631 1.157370 -2.021250
v -1.337631 1.157370 -2.038250
v -1.344933 1.175000 -2.021250
v -1.344933 1.175000 -2.038250
v -1.337631 1.192631 -2.021250
v -1.337631 1.192631 -2.038250
v -1.320000 1.187467 -2.038250
v -1.320000 1.187467 -2.042500
v -1.311185 1.183815 -2.038250
v -1.311185 1.183815 -2.042500
v -1.307533 1.175000 -2.038250
v -1.307533 1.175000 -2.042500
v -1.311185 1.166185 -2.038250
v -1.311185 1.166185 -2.042500
v -1.320000 1.162534 -2.038250
v -1.320000 1.162534 -2.042500
v -1.328815 1.166185 -2.038250
v -1.328815 1.166185 -2.042500
v -1.332467 1.175000 -2.038250
v -1.332467 1.175000 -2.042500
v -1.328815 1.183815 -2.038250
v -1.328815 1.183815 -2.042500
v -1.320000 1.199933 -1.978750
v -1.320000 1.199933 -1.961750
v -1.302369 1.192631 -1.978750
v -1.302369 1.192631 -1.961750
v -1.295067 1.175000 -1.978750
v -1.295067 1.175000 -1.961750
v -1.302369 1.157370 -1.978750
v -1.302369 1.157370 -1.961750
v -1.320000 1.150067 -1.978750
v -1.320000 1.150067 -1.961750
v -1.337631 1.157370 -1.978750
v -1.337631 1.157370 -1.961750
v -1.344933 1.175000 -1.978750
v -1.344933 1.175000 -1.961750
v -1.337631 1.192631 -1.978750
v -1.337631 1.192631 -1.961750
v -1.320000 1.187467 -1.961750
v -1.320000 1.187467 -1.957500
v -1.311185 1.183815 -1.961750
v -1.311185 1.183815 -1.957500
v -1.307533 1.175000 -1.961750
v -1.307533 1.175000 -1.957500
v -1.311185 1.166185 -1.961750
v -1.311185 1.166185 -1.957500
v -1.320000 1.162534 -1.961750
v -1.320000 1.162534 -1.957500
v -1.328815 1.166185 -1.961750
v -1.328815 1.166185 -1.957500
v -1.332467 1.175000 -1.961750
v -1.332467 1.175000 -1.957500
v -1.328815 1.183815 -1.961750
v -1.328815 1.183815 -1.957500
v -1.275000 1.432071 -1.992929
v -1.325000 1.432071 -1.992929
v -1.325000 1.275000 -1.990000
v -1.275000 1.275000 -1.990000
v -1.325000 1.267929 -1.992929
v -1.275000 1.267929 -1.992929
v -1.325000 1.265000 -2.000000
v -1.275000 1.265000 -2.000000
v -1.325000 1.267929 -2.007071
v -1.275000 1.267929 -2.007071
v -1.325000 1.275000 -2.010000
v -1.275000 1.275000 -2.010000
v -1.325000 1.282071 -2.007071
v -1.275000 1.282071 -2.007071
v -1.325000 1.285000 -2.000000
v -1.275000 1.285000 -2.000000
v -1.325000 1.282071 -1.992929
v -1.275000 1.282071 -1.992929
v -1.275000 1.435000 -2.000000
v -1.325000 1.435000 -2.000000
v -1.275000 1.432071 -2.007071
v -1.325000 1.432071 -2.007071
v -1.275000 1.425000 -2.010000
v -1.325000 1.425000 -2.010000
v -1.275000 1.417929 -2.007071
v -1.325000 1.417929 -2.007071
v -1.275000 1.415000 -2.000000
v -1.325000 1.415000 -2.000000
v -1.275000 1.417929 -1.992929
v -1.325000 1.417929 -1.992929
v -1.275000 1.425000 -1.990000
v -1.325000 1.425000 -1.990000
v -1.275000 1.582071 -1.992929
v -1.325000 1.582071 -1.992929
v -1.275000 1.585000 -2.000000
v -1.325000 1.585000 -2.000000
v -1.275000 1.582071 -2.007071
v -1.325000 1.582071 -2.007071
v -1.275000 1.575000 -2.010000
v -1.325000 1.575000 -2.010000
v -1.275000 1.567929 -2.007071
v -1.325000 1.567929 -2.007071
v -1.275000 1.565000 -2.000000
v -1.325000 1.565000 -2.000000
v -1.275000 1.567929 -1.992929
v -1.325000 1.567929 -1.992929
v -1.275000 1.575000 -1.990000
v -1.325000 1.575000 -1.990000
v -1.275000 1.732071 -1.992929
v -1.325000 1.732071 -1.992929
v -1.275000 1.735000 -2.000000
v -1.325000 1.735000 -2.000000
v -1.275000 1.732071 -2.007071
v -1.325000 1.732071 -2.007071
v -1.275000 1.725000 -2.010000
v -1.325000 1.725000 -2.010000
v -1.275000 1.717929 -2.007071
v -1.325000 1.717929 -2.007071
v -1.275000 1.715000 -2.000000
v -1.325000 1.715000 -2.000000
v -1.275000 1.717929 -1.992929
v -1.325000 1.717929 -1.992929
v -1.275000 1.725000 -1.990000
v -1.325000 1.725000 -1.990000
v -1.320000 1.195778 -2.978750
v -1.320000 1.195778 -3.021250
v -1.305308 1.189692 -2.978750
v -1.305308 1.189692 -3.021250
v -1.299222 1.175000 -2.978750
v -1.299222 1.175000 -3.021250
v -1.305308 1.160308 -2.978750
v -1.305308 1.160308 -3.021250
v -1.320000 1.154222 -2.978750
v -1.320000 1.154222 -3.021250
v -1.334692 1.160308 -2.978750
v -1.334692 1.160308 -3.021250
v -1.340778 1.175000 -2.978750
v -1.340778 1.175000 -3.021250
v -1.334692 1.189692 -2.978750
v -1.334692 1.189692 -3.021250
v -1.320000 1.180000 -3.020000
v -1.320000 1.570000 -3.020000
v -1.320000 1.180000 -2.980000
v -1.320000 1.570000 -2.980000
v -1.310000 1.180000 -3.020000
v -1.310000 1.570000 -3.020000
v -1.310000 1.180000 -2.980000
v -1.310000 1.570000 -2.980000
v -1.290000 1.200000 -3.020000
v -1.290000 1.570000 -3.020000
v -1.290000 1.200000 -2.980000
v -1.290000 1.570000 -2.980000
v -1.280000 1.200000 -3.020000
v -1.280000 1.570000 -3.020000
v -1.280000 1.200000 -2.980000
v -1.280000 1.570000 -2.980000
v -1.320000 1.199933 -3.021250
v -1.320000 1.199933 -3.038250
v -1.302369 1.192631 -3.021250
v -1.302369 1.192631 -3.038250
v -1.295067 1.175000 -3.021250
v -1.295067 1.175000 -3.038250
v -1.302369 1.157370 -3.021250
v -1.302369 1.157370 -3.038250
v -1.320000 1.150067 -3.021250
v -1.320000 1.150067 -3.038250
v -1.337631 1.157370 -3.021250
v -1.337631 1.157370 -3.038250
v -1.344933 1.175000 -3.021250
v -1.344933 1.175000 -3.038250
v -1.337631 1.192631 -3.021250
v -1.337631 1.192631 -3.038250
v -1.320000 1.187467 -3.038250
v -1.320000 1.187467 -3.042500
v -1.311185 1.183815 -3.038250
v -1.311185 1.183815 -3.042500
v -1.307533 1.175000 -3.038250
v -1.307533 1.175000 -3.042500
v -1.311185 1.166185 -3.038250
v -1.311185 1.166185 -3.042500
v -1.320000 1.162534 -3.038250
v -1.320000 1.162534 -3.042500
v -1.328815 1.166185 -3.038250
v -1.328815 1.166185 -3.042500
v -1.332467 1.175000 -3.038250
v -1.332467 1.175000 -3.042500
v -1.328815 1.183815 -3.038250
v -1.328815 1.183815 -3.042500
v -1.320000 1.199933 -2.978750
v -1.320000 1.199933 -2.961750
v -1.302369 1.192631 -2.978750
v -1.302369 1.192631 -2.961750
v -1.295067 1.175000 -2.978750
v -1.295067 1.175000 -2.961750
v -1.302369 1.157370 -2.978750
v -1.302369 1.157370 -2.961750
v -1.320000 1.150067 -2.978750
v -1.320000 1.150067 -2.961750
v -1.337631 1.157370 -2.978750
v -1.337631 1.157370 -2.961750
v -1.344933 1.175000 -2.978750
v -1.344933 1.175000 -2.961750
v -1.337631 1.192631 -2.978750
v -1.337631 1.192631 -2.961750
v -1.320000 1.187467 -2.961750
v -1.320000 1.187467 -2.957500
v -1.311185 1.183815 -2.961750
v -1.311185 1.183815 -2.957500
v -1.307533 1.175000 -2.961750
v -1.307533 1.175000 -2.957500
v -1.311185 1.166185 -2.961750
v -1.311185 1.166185 -2.957500
v -1.320000 1.162534 -2.961750
v -1.320000 1.162534 -2.957500
v -1.328815 1.166185 -2.961750
v -1.328815 1.166185 -2.957500
v -1.332467 1.175000 -2.961750
v -1.332467 1.175000 -2.957500
v -1.328815 1.183815 -2.961750
v -1.328815 1.183815 -2.957500
v -1.275000 1.432071 -2.992929
v -1.325000 1.432071 -2.992929
v -1.325000 1.275000 -2.990000
v -1.275000 1.275000 -2.990000
v -1.325000 1.267929 -2.992929
v -1.275000 1.267929 -2.992929
v -1.325000 1.265000 -3.000000
v -1.275000 1.265000 -3.000000
v -1.325000 1.267929 -3.007071
v -1.275000 1.267929 -3.007071
v -1.325000 1.275000 -3.010000
v -1.275000 1.275000 -3.010000
v -1.325000 1.282071 -3.007071
v -1.275000 1.282071 -3.007071
v -1.325000 1.285000 -3.000000
v -1.275000 1.285000 -3.000000
v -1.325000 1.282071 -2.992929
v -1.275000 1.282071 -2.992929
v -1.275000 1.435000 -3.000000
v -1.325000 1.435000 -3.000000
v -1.275000 1.432071 -3.007071
v -1.325000 1.432071 -3.007071
v -1.275000 1.425000 -3.010000
v -1.325000 1.425000 -3.010000
v -1.275000 1.417929 -3.007071
v -1.325000 1.417929 -3.007071
v -1.275000 1.415000 -3.000000
v -1.325000 1.415000 -3.000000
v -1.275000 1.417929 -2.992929
v -1.325000 1.417929 -2.992929
v -1.275000 1.425000 -2.990000
v -1.325000 1.425000 -2.990000
v -0.621250 1.195778 -3.220001
v -0.578750 1.195778 -3.220001
v -0.621250 1.189692 -3.205308
v -0.578750 1.189692 -3.205308
v -0.621250 1.175000 -3.199223
v -0.578750 1.175000 -3.199223
v -0.621250 1.160308 -3.205308
v -0.578750 1.160308 -3.205308
v -0.621250 1.154222 -3.220001
v -0.578750 1.154222 -3.220001
v -0.621250 1.160308 -3.234693
v -0.578750 1.160308 -3.234693
v -0.621250 1.175000 -3.240778
v -0.578750 1.175000 -3.240778
v -0.621250 1.189692 -3.234693
v -0.578750 1.189692 -3.234693
v -0.580000 1.180000 -3.220001
v -0.580000 1.510000 -3.220001
v -0.620000 1.180000 -3.220001
v -0.620000 1.510000 -3.220001
v -0.580000 1.180000 -3.210001
v -0.580000 1.510000 -3.210001
v -0.620000 1.180000 -3.210001
v -0.620000 1.510000 -3.210001
v -0.580000 1.200000 -3.190001
v -0.580000 1.510000 -3.190001
v -0.620000 1.200000 -3.190001
v -0.620000 1.510000 -3.190001
v -0.580000 1.200000 -3.180001
v -0.580000 1.510000 -3.180001
v -0.620000 1.200000 -3.180001
v -0.620000 1.510000 -3.180001
v -0.578750 1.199933 -3.220001
v -0.561750 1.199933 -3.220001
v -0.578750 1.192631 -3.202370
v -0.561750 1.192631 -3.202370
v -0.578750 1.175000 -3.195067
v -0.561750 1.175000 -3.195067
v -0.578750 1.157370 -3.202370
v -0.561750 1.157370 -3.202370
v -0.578750 1.150067 -3.220001
v -0.561750 1.150067 -3.220001
v -0.578750 1.157370 -3.237631
v -0.561750 1.157370 -3.237631
v -0.578750 1.175000 -3.244934
v -0.561750 1.175000 -3.244934
v -0.578750 1.192631 -3.237631
v -0.561750 1.192631 -3.237631
v -0.561750 1.187467 -3.220001
v -0.557500 1.187467 -3.220001
v -0.561750 1.183815 -3.211185
v -0.557500 1.183815 -3.211185
v -0.561750 1.175000 -3.207534
v -0.557500 1.175000 -3.207534
v -0.561750 1.166185 -3.211185
v -0.557500 1.166185 -3.211185
v -0.561750 1.162534 -3.220001
v -0.557500 1.162534 -3.220001
v -0.561750 1.166185 -3.228816
v -0.557500 1.166185 -3.228816
v -0.561750 1.175000 -3.232467
v -0.557500 1.175000 -3.232467
v -0.561750 1.183815 -3.228816
v -0.557500 1.183815 -3.228816
v -0.621250 1.199933 -3.220001
v -0.638250 1.199933 -3.220001
v -0.621250 1.192631 -3.202370
v -0.638250 1.192631 -3.202370
v -0.621249 1.175000 -3.195067
v -0.638250 1.175000 -3.195067
v -0.621249 1.157370 -3.202370
v -0.638250 1.157370 -3.202370
v -0.621249 1.150067 -3.220001
v -0.638250 1.150067 -3.220001
v -0.621249 1.157370 -3.237631
v -0.638250 1.157370 -3.237631
v -0.621249 1.175000 -3.244934
v -0.638250 1.175000 -3.244934
v -0.621250 1.192631 -3.237631
v -0.638250 1.192631 -3.237631
v -0.638250 1.187467 -3.220001
v -0.642500 1.187467 -3.220001
v -0.638250 1.183815 -3.211185
v -0.642500 1.183815 -3.211185
v -0.638250 1.175000 -3.207534
v -0.642500 1.175000 -3.207534
v -0.638250 1.166185 -3.211185
v -0.642500 1.166185 -3.211185
v -0.638250 1.162534 -3.220001
v -0.642500 1.162534 -3.220001
v -0.638250 1.166185 -3.228816
v -0.642500 1.166185 -3.228816
v -0.638250 1.175000 -3.232467
v -0.642500 1.175000 -3.232467
v -0.638250 1.183815 -3.228816
v -0.642500 1.183815 -3.228816
v -0.607071 1.432071 -3.175001
v -0.607071 1.432071 -3.225000
v -0.610000 1.275000 -3.225000
v -0.610000 1.275000 -3.175001
v -0.607071 1.267929 -3.225000
v -0.607071 1.267929 -3.175001
v -0.600000 1.265000 -3.225000
v -0.600000 1.265000 -3.175001
v -0.592929 1.267929 -3.225000
v -0.592929 1.267929 -3.175001
v -0.590000 1.275000 -3.225000
v -0.590000 1.275000 -3.175001
v -0.592929 1.282071 -3.225000
v -0.592929 1.282071 -3.175001
v -0.600000 1.285000 -3.225000
v -0.600000 1.285000 -3.175001
v -0.607071 1.282071 -3.225000
v -0.607071 1.282071 -3.175001
v -0.600000 1.435000 -3.175001
v -0.600000 1.435000 -3.225000
v -0.592929 1.432071 -3.175001
v -0.592929 1.432071 -3.225000
v -0.590000 1.425000 -3.175001
v -0.590000 1.425000 -3.225000
v -0.592929 1.417929 -3.175001
v -0.592929 1.417929 -3.225000
v -0.600000 1.415000 -3.175001
v -0.600000 1.415000 -3.225000
v -0.607071 1.417929 -3.175001
v -0.607071 1.417929 -3.225000
v -0.610000 1.425000 -3.175001
v -0.610000 1.425000 -3.225000
v -1.320000 1.200000 -3.180000
v -1.320000 1.500000 -3.180000
v -1.320000 1.200000 -3.140000
v -1.320000 1.500000 -3.140000
v -1.310000 1.200000 -3.180000
v -1.310000 1.500000 -3.180000
v -1.310000 1.200000 -3.140000
v -1.310000 1.500000 -3.140000
v -1.275000 1.432071 -3.152929
v -1.325000 1.432071 -3.152929
v -1.325000 1.275000 -3.150000
v -1.275000 1.275000 -3.150000
v -1.325000 1.267929 -3.152929
v -1.275000 1.267929 -3.152929
v -1.325000 1.265000 -3.160000
v -1.275000 1.265000 -3.160000
v -1.325000 1.267929 -3.167071
v -1.275000 1.267929 -3.167071
v -1.325000 1.275000 -3.170000
v -1.275000 1.275000 -3.170000
v -1.325000 1.282071 -3.167071
v -1.275000 1.282071 -3.167071
v -1.325000 1.285000 -3.160000
v -1.275000 1.285000 -3.160000
v -1.325000 1.282071 -3.152929
v -1.275000 1.282071 -3.152929
v -1.275000 1.435000 -3.160000
v -1.325000 1.435000 -3.160000
v -1.275000 1.432071 -3.167071
v -1.325000 1.432071 -3.167071
v -1.275000 1.425000 -3.170000
v -1.325000 1.425000 -3.170000
v -1.275000 1.417929 -3.167071
v -1.325000 1.417929 -3.167071
v -1.275000 1.415000 -3.160000
v -1.325000 1.415000 -3.160000
v -1.275000 1.417929 -3.152929
v -1.325000 1.417929 -3.152929
v -1.275000 1.425000 -3.150000
v -1.325000 1.425000 -3.150000
v -1.290000 1.200000 -3.180000
v -1.290000 1.500000 -3.180000
v -1.290000 1.200000 -3.140000
v -1.290000 1.500000 -3.140000
v -1.280000 1.200000 -3.180000
v -1.280000 1.500000 -3.180000
v -1.280000 1.200000 -3.140000
v -1.280000 1.500000 -3.140000
v -1.210000 1.180000 -3.220001
v -1.210000 1.500000 -3.220001
v -1.289999 1.180000 -3.220001
v -1.289999 1.500000 -3.220001
v -1.210000 1.180000 -3.210001
v -1.210000 1.500000 -3.210001
v -1.289999 1.180000 -3.210001
v -1.289999 1.500000 -3.210001
v -1.210000 1.200000 -3.190001
v -1.210000 1.500000 -3.190001
v -1.289999 1.200000 -3.190001
v -1.289999 1.500000 -3.190001
v -1.210000 1.200000 -3.180001
v -1.210000 1.500000 -3.180001
v -1.289999 1.200000 -3.180001
v -1.289999 1.500000 -3.180001
v -1.247071 1.432071 -3.175001
v -1.247071 1.432071 -3.225000
v -1.250000 1.275000 -3.225000
v -1.250000 1.275000 -3.175001
v -1.247071 1.267929 -3.225000
v -1.247071 1.267929 -3.175001
v -1.240000 1.265000 -3.225000
v -1.240000 1.265000 -3.175001
v -1.232929 1.267929 -3.225000
v -1.232929 1.267929 -3.175001
v -1.230000 1.275000 -3.225000
v -1.230000 1.275000 -3.175001
v -1.232929 1.282071 -3.225000
v -1.232929 1.282071 -3.175001
v -1.240000 1.285000 -3.225000
v -1.240000 1.285000 -3.175001
v -1.247071 1.282071 -3.225000
v -1.247071 1.282071 -3.175001
v -1.240000 1.435000 -3.175001
v -1.240000 1.435000 -3.225000
v -1.232929 1.432071 -3.175001
v -1.232929 1.432071 -3.225000
v -1.230000 1.425000 -3.175001
v -1.230000 1.425000 -3.225000
v -1.232929 1.417929 -3.175001
v -1.232929 1.417929 -3.225000
v -1.240000 1.415000 -3.175001
v -1.240000 1.415000 -3.225000
v -1.247071 1.417929 -3.175001
v -1.247071 1.417929 -3.225000
v -1.250000 1.425000 -3.175001
v -1.250000 1.425000 -3.225000
v 1.320000 1.195778 0.021250
v 1.320000 1.195778 -0.021250
v 1.305308 1.189692 0.021250
v 1.305308 1.189692 -0.021250
v 1.299222 1.175000 0.021250
v 1.299222 1.175000 -0.021250
v 1.305308 1.160308 0.021250
v 1.305308 1.160308 -0.021250
v 1.320000 1.154222 0.021250
v 1.320000 1.154222 -0.021250
v 1.334692 1.160308 0.021250
v 1.334692 1.160308 -0.021250
v 1.340778 1.175000 0.021250
v 1.340778 1.175000 -0.021250
v 1.334692 1.189692 0.021250
v 1.334692 1.189692 -0.021250
v 1.320000 1.180000 -0.020000
v 1.320000 1.790000 -0.020000
v 1.320000 1.180000 0.020000
v 1.320000 1.790000 0.020000
v 1.310000 1.180000 -0.020000
v 1.310000 1.790000 -0.020000
v 1.310000 1.180000 0.020000
v 1.310000 1.790000 0.020000
v 1.290000 1.200000 -0.020000
v 1.290000 1.790000 -0.020000
v 1.290000 1.200000 0.020000
v 1.290000 1.790000 0.020000
v 1.280000 1.200000 -0.020000
v 1.280000 1.790000 -0.020000
v 1.280000 1.200000 0.020000
v 1.280000 1.790000 0.020000
v 1.320000 1.199933 -0.021250
v 1.320000 1.199933 -0.038250
v 1.302369 1.192631 -0.021250
v 1.302369 1.192631 -0.038250
v 1.295067 1.175000 -0.021250
v 1.295067 1.175000 -0.038250
v 1.302369 1.157370 -0.021250
v 1.302369 1.157370 -0.038250
v 1.320000 1.150067 -0.021250
v 1.320000 1.150067 -0.038250
v 1.337631 1.157370 -0.021250
v 1.337631 1.157370 -0.038250
v 1.344933 1.175000 -0.021250
v 1.344933 1.175000 -0.038250
v 1.337631 1.192631 -0.021250
v 1.337631 1.192631 -0.038250
v 1.320000 1.187467 -0.038250
v 1.320000 1.187467 -0.042500
v 1.311185 1.183815 -0.038250
v 1.311185 1.183815 -0.042500
v 1.307533 1.175000 -0.038250
v 1.307533 1.175000 -0.042500
v 1.311185 1.166185 -0.038250
v 1.311185 1.166185 -0.042500
v 1.320000 1.162534 -0.038250
v 1.320000 1.162534 -0.042500
v 1.328815 1.166185 -0.038250
v 1.328815 1.166185 -0.042500
v 1.332467 1.175000 -0.038250
v 1.332467 1.175000 -0.042500
v 1.328815 1.183815 -0.038250
v 1.328815 1.183815 -0.042500
v 1.320000 1.199933 0.021250
v 1.320000 1.199933 0.038250
v 1.302369 1.192631 0.021250
v 1.302369 1.192631 0.038250
v 1.295067 1.175000 0.021250
v 1.295067 1.175000 0.038250
v 1.302369 1.157370 0.021250
v 1.302369 1.157370 0.038250
v 1.320000 1.150067 0.021250
v 1.320000 1.150067 0.038250
v 1.337631 1.157370 0.021250
v 1.337631 1.157370 0.038250
v 1.344933 1.175000 0.021250
v 1.344933 1.175000 0.038250
v 1.337631 1.192631 0.021250
v 1.337631 1.192631 0.038250
v 1.320000 1.187467 0.038250
v 1.320000 1.187467 0.042500
v 1.311185 1.183815 0.038250
v 1.311185 1.183815 0.042500
v 1.307533 1.175000 0.038250
v 1.307533 1.175000 0.042500
v 1.311185 1.166185 0.038250
v 1.311185 1.166185 0.042500
v 1.320000 1.162534 0.038250
v 1.320000 1.162534 0.042500
v 1.328815 1.166185 0.038250
v 1.328815 1.166185 0.042500
v 1.332467 1.175000 0.038250
v 1.332467 1.175000 0.042500
v 1.328815 1.183815 0.038250
v 1.328815 1.183815 0.042500
v 1.275000 1.432071 0.007071
v 1.325000 1.432071 0.007071
v 1.325000 1.275000 0.010000
v 1.275000 1.275000 0.010000
v 1.325000 1.267929 0.007071
v 1.275000 1.267929 0.007071
v 1.325000 1.267929 -0.007071
v 1.275000 1.267929 -0.007071
v 1.325000 1.275000 -0.010000
v 1.275000 1.275000 -0.010000
v 1.325000 1.282071 -0.007071
v 1.275000 1.282071 -0.007071
v 1.325000 1.282071 0.007071
v 1.275000 1.282071 0.007071
v 1.275000 1.432071 -0.007071
v 1.325000 1.432071 -0.007071
v 1.275000 1.425000 -0.010000
v 1.325000 1.425000 -0.010000
v 1.275000 1.417929 -0.007071
v 1.325000 1.417929 -0.007071
v 1.275000 1.417929 0.007071
v 1.325000 1.417929 0.007071
v 1.275000 1.425000 0.010000
v 1.325000 1.425000 0.010000
v 1.275000 1.582071 0.007071
v 1.325000 1.582071 0.007071
v 1.275000 1.582071 -0.007071
v 1.325000 1.582071 -0.007071
v 1.275000 1.575000 -0.010000
v 1.325000 1.575000 -0.010000
v 1.275000 1.567929 -0.007071
v 1.325000 1.567929 -0.007071
v 1.275000 1.567929 0.007071
v 1.325000 1.567929 0.007071
v 1.275000 1.575000 0.010000
v 1.325000 1.575000 0.010000
v 1.275000 1.732071 0.007071
v 1.325000 1.732071 0.007071
v 1.275000 1.732071 -0.007071
v 1.325000 1.732071 -0.007071
v 1.275000 1.725000 -0.010000
v 1.325000 1.725000 -0.010000
v 1.275000 1.717929 -0.007071
v 1.325000 1.717929 -0.007071
v 1.275000 1.717929 0.007071
v 1.325000 1.717929 0.007071
v 1.275000 1.725000 0.010000
v 1.325000 1.725000 0.010000
v 1.320000 1.195778 -0.928750
v 1.320000 1.195778 -0.971250
v 1.305308 1.189692 -0.928750
v 1.305308 1.189692 -0.971250
v 1.299222 1.175000 -0.928750
v 1.299222 1.175000 -0.971250
v 1.305308 1.160308 -0.928750
v 1.305308 1.160308 -0.971250
v 1.320000 1.154222 -0.928750
v 1.320000 1.154222 -0.971250
v 1.334692 1.160308 -0.928750
v 1.334692 1.160308 -0.971250
v 1.340778 1.175000 -0.928750
v 1.340778 1.175000 -0.971250
v 1.334692 1.189692 -0.928750
v 1.334692 1.189692 -0.971250
v 1.320000 1.180000 -0.970000
v 1.320000 1.790000 -0.970000
v 1.320000 1.180000 -0.930000
v 1.320000 1.790000 -0.930000
v 1.310000 1.180000 -0.970000
v 1.310000 1.790000 -0.970000
v 1.310000 1.180000 -0.930000
v 1.310000 1.790000 -0.930000
v 1.290000 1.200000 -0.970000
v 1.290000 1.790000 -0.970000
v 1.290000 1.200000 -0.930000
v 1.290000 1.790000 -0.930000
v 1.280000 1.200000 -0.970000
v 1.280000 1.790000 -0.970000
v 1.280000 1.200000 -0.930000
v 1.280000 1.790000 -0.930000
v 1.320000 1.199933 -0.971250
v 1.320000 1.199933 -0.988250
v 1.302369 1.192631 -0.971250
v 1.302369 1.192631 -0.988250
v 1.295067 1.175000 -0.971250
v 1.295067 1.175000 -0.988250
v 1.302369 1.157370 -0.971250
v 1.302369 1.157370 -0.988250
v 1.320000 1.150067 -0.971250
v 1.320000 1.150067 -0.988250
v 1.337631 1.157370 -0.971250
v 1.337631 1.157370 -0.988250
v 1.344933 1.175000 -0.971250
v 1.344933 1.175000 -0.988250
v 1.337631 1.192631 -0.971250
v 1.337631 1.192631 -0.988250
v 1.320000 1.187467 -0.988250
v 1.320000 1.187467 -0.992500
v 1.311185 1.183815 -0.988250
v 1.311185 1.183815 -0.992500
v 1.307533 1.175000 -0.988250
v 1.307533 1.175000 -0.992500
v 1.311185 1.166185 -0.988250
v 1.311185 1.166185 -0.992500
v 1.320000 1.162534 -0.988250
v 1.320000 1.162534 -0.992500
v 1.328815 1.166185 -0.988250
v 1.328815 1.166185 -0.992500
v 1.332467 1.175000 -0.988250
v 1.332467 1.175000 -0.992500
v 1.328815 1.183815 -0.988250
v 1.328815 1.183815 -0.992500
v 1.320000 1.199933 -0.928750
v 1.320000 1.199933 -0.911750
v 1.302369 1.192631 -0.928750
v 1.302369 1.192631 -0.911750
v 1.295067 1.175000 -0.928750
v 1.295067 1.175000 -0.911750
v 1.302369 1.157370 -0.928750
v 1.302369 1.157370 -0.911750
v 1.320000 1.150067 -0.928750
v 1.320000 1.150067 -0.911750
v 1.337631 1.157370 -0.928750
v 1.337631 1.157370 -0.911750
v 1.344933 1.175000 -0.928750
v 1.344933 1.175000 -0.911750
v 1.337631 1.192631 -0.928750
v 1.337631 1.192631 -0.911750
v 1.320000 1.187467 -0.911750
v 1.320000 1.187467 -0.907500
v 1.311185 1.183815 -0.911750
v 1.311185 1.183815 -0.907500
v 1.307533 1.175000 -0.911750
v 1.307533 1.175000 -0.907500
v 1.311185 1.166185 -0.911750
v 1.311185 1.166185 -0.907500
v 1.320000 1.162534 -0.911750
v 1.320000 1.162534 -0.907500
v 1.328815 1.166185 -0.911750
v 1.328815 1.166185 -0.907500
v 1.332467 1.175000 -0.911750
v 1.332467 1.175000 -0.907500
v 1.328815 1.183815 -0.911750
v 1.328815 1.183815 -0.907500
v 1.275000 1.432071 -0.942929
v 1.325000 1.432071 -0.942929
v 1.325000 1.275000 -0.940000
v 1.275000 1.275000 -0.940000
v 1.325000 1.267929 -0.942929
v 1.275000 1.267929 -0.942929
v 1.325000 1.265000 -0.950000
v 1.275000 1.265000 -0.950000
v 1.325000 1.267929 -0.957071
v 1.275000 1.267929 -0.957071
v 1.325000 1.275000 -0.960000
v 1.275000 1.275000 -0.960000
v 1.325000 1.282071 -0.957071
v 1.275000 1.282071 -0.957071
v 1.325000 1.285000 -0.950000
v 1.275000 1.285000 -0.950000
v 1.325000 1.282071 -0.942929
v 1.275000 1.282071 -0.942929
v 1.275000 1.435000 -0.950000
v 1.325000 1.435000 -0.950000
v 1.275000 1.432071 -0.957071
v 1.325000 1.432071 -0.957071
v 1.275000 1.425000 -0.960000
v 1.325000 1.425000 -0.960000
v 1.275000 1.417929 -0.957071
v 1.325000 1.417929 -0.957071
v 1.275000 1.415000 -0.950000
v 1.325000 1.415000 -0.950000
v 1.275000 1.417929 -0.942929
v 1.325000 1.417929 -0.942929
v 1.275000 1.425000 -0.940000
v 1.325000 1.425000 -0.940000
v 1.275000 1.582071 -0.942929
v 1.325000 1.582071 -0.942929
v 1.275000 1.585000 -0.950000
v 1.325000 1.585000 -0.950000
v 1.275000 1.582071 -0.957071
v 1.325000 1.582071 -0.957071
v 1.275000 1.575000 -0.960000
v 1.325000 1.575000 -0.960000
v 1.275000 1.567929 -0.957071
v 1.325000 1.567929 -0.957071
v 1.275000 1.565000 -0.950000
v 1.325000 1.565000 -0.950000
v 1.275000 1.567929 -0.942929
v 1.325000 1.567929 -0.942929
v 1.275000 1.575000 -0.940000
v 1.325000 1.575000 -0.940000
v 1.275000 1.732071 -0.942929
v 1.325000 1.732071 -0.942929
v 1.275000 1.735000 -0.950000
v 1.325000 1.735000 -0.950000
v 1.275000 1.732071 -0.957071
v 1.325000 1.732071 -0.957071
v 1.275000 1.725000 -0.960000
v 1.325000 1.725000 -0.960000
v 1.275000 1.717929 -0.957071
v 1.325000 1.717929 -0.957071
v 1.275000 1.715000 -0.950000
v 1.325000 1.715000 -0.950000
v 1.275000 1.717929 -0.942929
v 1.325000 1.717929 -0.942929
v 1.275000 1.725000 -0.940000
v 1.325000 1.725000 -0.940000
v 1.320000 1.195778 -1.028750
v 1.320000 1.195778 -1.071250
v 1.305308 1.189692 -1.028750
v 1.305308 1.189692 -1.071250
v 1.299222 1.175000 -1.028750
v 1.299222 1.175000 -1.071250
v 1.305308 1.160308 -1.028750
v 1.305308 1.160308 -1.071250
v 1.320000 1.154222 -1.028750
v 1.320000 1.154222 -1.071250
v 1.334692 1.160308 -1.028750
v 1.334692 1.160308 -1.071250
v 1.340778 1.175000 -1.028750
v 1.340778 1.175000 -1.071250
v 1.334692 1.189692 -1.028750
v 1.334692 1.189692 -1.071250
v 1.320000 1.180000 -1.070000
v 1.320000 1.790000 -1.070000
v 1.320000 1.180000 -1.030000
v 1.320000 1.790000 -1.030000
v 1.310000 1.180000 -1.070000
v 1.310000 1.790000 -1.070000
v 1.310000 1.180000 -1.030000
v 1.310000 1.790000 -1.030000
v 1.290000 1.200000 -1.070000
v 1.290000 1.790000 -1.070000
v 1.290000 1.200000 -1.030000
v 1.290000 1.790000 -1.030000
v 1.280000 1.200000 -1.070000
v 1.280000 1.790000 -1.070000
v 1.280000 1.200000 -1.030000
v 1.280000 1.790000 -1.030000
v 1.320000 1.199933 -1.071250
v 1.320000 1.199933 -1.088250
v 1.302369 1.192631 -1.071250
v 1.302369 1.192631 -1.088250
v 1.295067 1.175000 -1.071250
v 1.295067 1.175000 -1.088250
v 1.302369 1.157370 -1.071250
v 1.302369 1.157370 -1.088250
v 1.320000 1.150067 -1.071250
v 1.320000 1.150067 -1.088250
v 1.337631 1.157370 -1.071250
v 1.337631 1.157370 -1.088250
v 1.344933 1.175000 -1.071250
v 1.344933 1.175000 -1.088250
v 1.337631 1.192631 -1.071250
v 1.337631 1.192631 -1.088250
v 1.320000 1.187467 -1.088250
v 1.320000 1.187467 -1.092500
v 1.311185 1.183815 -1.088250
v 1.311185 1.183815 -1.092500
v 1.307533 1.175000 -1.088250
v 1.307533 1.175000 -1.092500
v 1.311185 1.166185 -1.088250
v 1.311185 1.166185 -1.092500
v 1.320000 1.162534 -1.088250
v 1.320000 1.162534 -1.092500
v 1.328815 1.166185 -1.088250
v 1.328815 1.166185 -1.092500
v 1.332467 1.175000 -1.088250
v 1.332467 1.175000 -1.092500
v 1.328815 1.183815 -1.088250
v 1.328815 1.183815 -1.092500
v 1.320000 1.199933 -1.028750
v 1.320000 1.199933 -1.011750
v 1.302369 1.192631 -1.028750
v 1.302369 1.192631 -1.011750
v 1.295067 1.175000 -1.028750
v 1.295067 1.175000 -1.011750
v 1.302369 1.157370 -1.028750
v 1.302369 1.157370 -1.011750
v 1.320000 1.150067 -1.028750
v 1.320000 1.150067 -1.011750
v 1.337631 1.157370 -1.028750
v 1.337631 1.157370 -1.011750
v 1.344933 1.175000 -1.028750
v 1.344933 1.175000 -1.011750
v 1.337631 1.192631 -1.028750
v 1.337631 1.192631 -1.011750
v 1.320000 1.187467 -1.011750
v 1.320000 1.187467 -1.007500
v 1.311185 1.183815 -1.011750
v 1.311185 1.183815 -1.007500
v 1.307533 1.175000 -1.011750
v 1.307533 1.175000 -1.007500
v 1.311185 1.166185 -1.011750
v 1.311185 1.166185 -1.007500
v 1.320000 1.162534 -1.011750
v 1.320000 1.162534 -1.007500
v 1.328815 1.166185 -1.011750
v 1.328815 1.166185 -1.007500
v 1.332467 1.175000 -1.011750
v 1.332467 1.175000 -1.007500
v 1.328815 1.183815 -1.011750
v 1.328815 1.183815 -1.007500
v 1.275000 1.432071 -1.042929
v 1.325000 1.432071 -1.042929
v 1.325000 1.275000 -1.040000
v 1.275000 1.275000 -1.040000
v 1.325000 1.267929 -1.042929
v 1.275000 1.267929 -1.042929
v 1.325000 1.265000 -1.050000
v 1.275000 1.265000 -1.050000
v 1.325000 1.267929 -1.057071
v 1.275000 1.267929 -1.057071
v 1.325000 1.275000 -1.060000
v 1.275000 1.275000 -1.060000
v 1.325000 1.282071 -1.057071
v 1.275000 1.282071 -1.057071
v 1.325000 1.285000 -1.050000
v 1.275000 1.285000 -1.050000
v 1.325000 1.282071 -1.042929
v 1.275000 1.282071 -1.042929
v 1.275000 1.435000 -1.050000
v 1.325000 1.435000 -1.050000
v 1.275000 1.432071 -1.057071
v 1.325000 1.432071 -1.057071
v 1.275000 1.425000 -1.060000
v 1.325000 1.425000 -1.060000
v 1.275000 1.417929 -1.057071
v 1.325000 1.417929 -1.057071
v 1.275000 1.415000 -1.050000
v 1.325000 1.415000 -1.050000
v 1.275000 1.417929 -1.042929
v 1.325000 1.417929 -1.042929
v 1.275000 1.425000 -1.040000
v 1.325000 1.425000 -1.040000
v 1.275000 1.582071 -1.042929
v 1.325000 1.582071 -1.042929
v 1.275000 1.585000 -1.050000
v 1.325000 1.585000 -1.050000
v 1.275000 1.582071 -1.057071
v 1.325000 1.582071 -1.057071
v 1.275000 1.575000 -1.060000
v 1.325000 1.575000 -1.060000
v 1.275000 1.567929 -1.057071
v 1.325000 1.567929 -1.057071
v 1.275000 1.565000 -1.050000
v 1.325000 1.565000 -1.050000
v 1.275000 1.567929 -1.042929
v 1.325000 1.567929 -1.042929
v 1.275000 1.575000 -1.040000
v 1.325000 1.575000 -1.040000
v 1.275000 1.732071 -1.042929
v 1.325000 1.732071 -1.042929
v 1.275000 1.735000 -1.050000
v 1.325000 1.735000 -1.050000
v 1.275000 1.732071 -1.057071
v 1.325000 1.732071 -1.057071
v 1.275000 1.725000 -1.060000
v 1.325000 1.725000 -1.060000
v 1.275000 1.717929 -1.057071
v 1.325000 1.717929 -1.057071
v 1.275000 1.715000 -1.050000
v 1.325000 1.715000 -1.050000
v 1.275000 1.717929 -1.042929
v 1.325000 1.717929 -1.042929
v 1.275000 1.725000 -1.040000
v 1.325000 1.725000 -1.040000
v 1.320000 1.195778 -1.978750
v 1.320000 1.195778 -2.021250
v 1.305308 1.189692 -1.978750
v 1.305308 1.189692 -2.021250
v 1.299222 1.175000 -1.978750
v 1.299222 1.175000 -2.021250
v 1.305308 1.160308 -1.978750
v 1.305308 1.160308 -2.021250
v 1.320000 1.154222 -1.978750
v 1.320000 1.154222 -2.021250
v 1.334692 1.160308 -1.978750
v 1.334692 1.160308 -2.021250
v 1.340778 1.175000 -1.978750
v 1.340778 1.175000 -2.021250
v 1.334692 1.189692 -1.978750
v 1.334692 1.189692 -2.021250
v 1.320000 1.180000 -2.020000
v 1.320000 1.790000 -2.020000
v 1.320000 1.180000 -1.980000
v 1.320000 1.790000 -1.980000
v 1.310000 1.180000 -2.020000
v 1.310000 1.790000 -2.020000
v 1.310000 1.180000 -1.980000
v 1.310000 1.790000 -1.980000
v 1.290000 1.200000 -2.020000
v 1.290000 1.790000 -2.020000
v 1.290000 1.200000 -1.980000
v 1.290000 1.790000 -1.980000
v 1.280000 1.200000 -2.020000
v 1.280000 1.790000 -2.020000
v 1.280000 1.200000 -1.980000
v 1.280000 1.790000 -1.980000
v 1.320000 1.199933 -2.021250
v 1.320000 1.199933 -2.038250
v 1.302369 1.192631 -2.021250
v 1.302369 1.192631 -2.038250
v 1.295067 1.175000 -2.021250
v 1.295067 1.175000 -2.038250
v 1.302369 1.157370 -2.021250
v 1.302369 1.157370 -2.038250
v 1.320000 1.150067 -2.021250
v 1.320000 1.150067 -2.038250
v 1.337631 1.157370 -2.021250
v 1.337631 1.157370 -2.038250
v 1.344933 1.175000 -2.021250
v 1.344933 1.175000 -2.038250
v 1.337631 1.192631 -2.021250
v 1.337631 1.192631 -2.038250
v 1.320000 1.187467 -2.038250
v 1.320000 1.187467 -2.042500
v 1.311185 1.183815 -2.038250
v 1.311185 1.183815 -2.042500
v 1.307533 1.175000 -2.038250
v 1.307533 1.175000 -2.042500
v 1.311185 1.166185 -2.038250
v 1.311185 1.166185 -2.042500
v 1.320000 1.162534 -2.038250
v 1.320000 1.162534 -2.042500
v 1.328815 1.166185 -2.038250
v 1.328815 1.166185 -2.042500
v 1.332467 1.175000 -2.038250
v 1.332467 1.175000 -2.042500
v 1.328815 1.183815 -2.038250
v 1.328815 1.183815 -2.042500
v 1.320000 1.199933 -1.978750
v 1.320000 1.199933 -1.961750
v 1.302369 1.192631 -1.978750
v 1.302369 1.192631 -1.961750
v 1.295067 1.175000 -1.978750
v 1.295067 1.175000 -1.961750
v 1.302369 1.157370 -1.978750
v 1.302369 1.157370 -1.961750
v 1.320000 1.150067 -1.978750
v 1.320000 1.150067 -1.961750
v 1.337631 1.157370 -1.978750
v 1.337631 1.157370 -1.961750
v 1.344933 1.175000 -1.978750
v 1.344933 1.175000 -1.961750
v 1.337631 1.192631 -1.978750
v 1.337631 1.192631 -1.961750
v 1.320000 1.187467 -1.961750
v 1.320000 1.187467 -1.957500
v 1.311185 1.183815 -1.961750
v 1.311185 1.183815 -1.957500
v 1.307533 1.175000 -1.961750
v 1.307533 1.175000 -1.957500
v 1.311185 1.166185 -1.961750
v 1.311185 1.166185 -1.957500
v 1.320000 1.162534 -1.961750
v 1.320000 1.162534 -1.957500
v 1.328815 1.166185 -1.961750
v 1.328815 1.166185 -1.957500
v 1.332467 1.175000 -1.961750
v 1.332467 1.175000 -1.957500
v 1.328815 1.183815 -1.961750
v 1.328815 1.183815 -1.957500
v 1.275000 1.432071 -1.992929
v 1.325000 1.432071 -1.992929
v 1.325000 1.275000 -1.990000
v 1.275000 1.275000 -1.990000
v 1.325000 1.267929 -1.992929
v 1.275000 1.267929 -1.992929
v 1.325000 1.265000 -2.000000
v 1.275000 1.265000 -2.000000
v 1.325000 1.267929 -2.007071
v 1.275000 1.267929 -2.007071
v 1.325000 1.275000 -2.010000
v 1.275000 1.275000 -2.010000
v 1.325000 1.282071 -2.007071
v 1.275000 1.282071 -2.007071
v 1.325000 1.285000 -2.000000
v 1.275000 1.285000 -2.000000
v 1.325000 1.282071 -1.992929
v 1.275000 1.282071 -1.992929
v 1.275000 1.435000 -2.000000
v 1.325000 1.435000 -2.000000
v 1.275000 1.432071 -2.007071
v 1.325000 1.432071 -2.007071
v 1.275000 1.425000 -2.010000
v 1.325000 1.425000 -2.010000
v 1.275000 1.417929 -2.007071
v 1.325000 1.417929 -2.007071
v 1.275000 1.415000 -2.000000
v 1.325000 1.415000 -2.000000
v 1.275000 1.417929 -1.992929
v 1.325000 1.417929 -1.992929
v 1.275000 1.425000 -1.990000
v 1.325000 1.425000 -1.990000
v 1.275000 1.582071 -1.992929
v 1.325000 1.582071 -1.992929
v 1.275000 1.585000 -2.000000
v 1.325000 1.585000 -2.000000
v 1.275000 1.582071 -2.007071
v 1.325000 1.582071 -2.007071
v 1.275000 1.575000 -2.010000
v 1.325000 1.575000 -2.010000
v 1.275000 1.567929 -2.007071
v 1.325000 1.567929 -2.007071
v 1.275000 1.565000 -2.000000
v 1.325000 1.565000 -2.000000
v 1.275000 1.567929 -1.992929
v 1.325000 1.567929 -1.992929
v 1.275000 1.575000 -1.990000
v 1.325000 1.575000 -1.990000
v 1.275000 1.732071 -1.992929
v 1.325000 1.732071 -1.992929
v 1.275000 1.735000 -2.000000
v 1.325000 1.735000 -2.000000
v 1.275000 1.732071 -2.007071
v 1.325000 1.732071 -2.007071
v 1.275000 1.725000 -2.010000
v 1.325000 1.725000 -2.010000
v 1.275000 1.717929 -2.007071
v 1.325000 1.717929 -2.007071
v 1.275000 1.715000 -2.000000
v 1.325000 1.715000 -2.000000
v 1.275000 1.717929 -1.992929
v 1.325000 1.717929 -1.992929
v 1.275000 1.725000 -1.990000
v 1.325000 1.725000 -1.990000
v 1.320000 1.195778 -2.978750
v 1.320000 1.195778 -3.021250
v 1.305308 1.189692 -2.978750
v 1.305308 1.189692 -3.021250
v 1.299222 1.175000 -2.978750
v 1.299222 1.175000 -3.021250
v 1.305308 1.160308 -2.978750
v 1.305308 1.160308 -3.021250
v 1.320000 1.154222 -2.978750
v 1.320000 1.154222 -3.021250
v 1.334692 1.160308 -2.978750
v 1.334692 1.160308 -3.021250
v 1.340778 1.175000 -2.978750
v 1.340778 1.175000 -3.021250
v 1.334692 1.189692 -2.978750
v 1.334692 1.189692 -3.021250
v 1.320000 1.180000 -3.020000
v 1.320000 1.570000 -3.020000
v 1.320000 1.180000 -2.980000
v 1.320000 1.570000 -2.980000
v 1.310000 1.180000 -3.020000
v 1.310000 1.570000 -3.020000
v 1.310000 1.180000 -2.980000
v 1.310000 1.570000 -2.980000
v 1.290000 1.200000 -3.020000
v 1.290000 1.570000 -3.020000
v 1.290000 1.200000 -2.980000
v 1.290000 1.570000 -2.980000
v 1.280000 1.200000 -3.020000
v 1.280000 1.570000 -3.020000
v 1.280000 1.200000 -2.980000
v 1.280000 1.570000 -2.980000
v 1.320000 1.199933 -3.021250
v 1.320000 1.199933 -3.038250
v 1.302369 1.192631 -3.021250
v 1.302369 1.192631 -3.038250
v 1.295067 1.175000 -3.021250
v 1.295067 1.175000 -3.038250
v 1.302369 1.157370 -3.021250
v 1.302369 1.157370 -3.038250
v 1.320000 1.150067 -3.021250
v 1.320000 1.150067 -3.038250
v 1.337631 1.157370 -3.021250
v 1.337631 1.157370 -3.038250
v 1.344933 1.175000 -3.021250
v 1.344933 1.175000 -3.038250
v 1.337631 1.192631 -3.021250
v 1.337631 1.192631 -3.038250
v 1.320000 1.187467 -3.038250
v 1.320000 1.187467 -3.042500
v 1.311185 1.183815 -3.038250
v 1.311185 1.183815 -3.042500
v 1.307533 1.175000 -3.038250
v 1.307533 1.175000 -3.042500
v 1.311185 1.166185 -3.038250
v 1.311185 1.166185 -3.042500
v 1.320000 1.162534 -3.038250
v 1.320000 1.162534 -3.042500
v 1.328815 1.166185 -3.038250
v 1.328815 1.166185 -3.042500
v 1.332467 1.175000 -3.038250
v 1.332467 1.175000 -3.042500
v 1.328815 1.183815 -3.038250
v 1.328815 1.183815 -3.042500
v 1.320000 1.199933 -2.978750
v 1.320000 1.199933 -2.961750
v 1.302369 1.192631 -2.978750
v 1.302369 1.192631 -2.961750
v 1.295067 1.175000 -2.978750
v 1.295067 1.175000 -2.961750
v 1.302369 1.157370 -2.978750
v 1.302369 1.157370 -2.961750
v 1.320000 1.150067 -2.978750
v 1.320000 1.150067 -2.961750
v 1.337631 1.157370 -2.978750
v 1.337631 1.157370 -2.961750
v 1.344933 1.175000 -2.978750
v 1.344933 1.175000 -2.961750
v 1.337631 1.192631 -2.978750
v 1.337631 1.192631 -2.961750
v 1.320000 1.187467 -2.961750
v 1.320000 1.187467 -2.957500
v 1.311185 1.183815 -2.961750
v 1.311185 1.183815 -2.957500
v 1.307533 1.175000 -2.961750
v 1.307533 1.175000 -2.957500
v 1.311185 1.166185 -2.961750
v 1.311185 1.166185 -2.957500
v 1.320000 1.162534 -2.961750
v 1.320000 1.162534 -2.957500
v 1.328815 1.166185 -2.961750
v 1.328815 1.166185 -2.957500
v 1.332467 1.175000 -2.961750
v 1.332467 1.175000 -2.957500
v 1.328815 1.183815 -2.961750
v 1.328815 1.183815 -2.957500
v 1.275000 1.432071 -2.992929
v 1.325000 1.432071 -2.992929
v 1.325000 1.275000 -2.990000
v 1.275000 1.275000 -2.990000
v 1.325000 1.267929 -2.992929
v 1.275000 1.267929 -2.992929
v 1.325000 1.265000 -3.000000
v 1.275000 1.265000 -3.000000
v 1.325000 1.267929 -3.007071
v 1.275000 1.267929 -3.007071
v 1.325000 1.275000 -3.010000
v 1.275000 1.275000 -3.010000
v 1.325000 1.282071 -3.007071
v 1.275000 1.282071 -3.007071
v 1.325000 1.285000 -3.000000
v 1.275000 1.285000 -3.000000
v 1.325000 1.282071 -2.992929
v 1.275000 1.282071 -2.992929
v 1.275000 1.435000 -3.000000
v 1.325000 1.435000 -3.000000
v 1.275000 1.432071 -3.007071
v 1.325000 1.432071 -3.007071
v 1.275000 1.425000 -3.010000
v 1.325000 1.425000 -3.010000
v 1.275000 1.417929 -3.007071
v 1.325000 1.417929 -3.007071
v 1.275000 1.415000 -3.000000
v 1.325000 1.415000 -3.000000
v 1.275000 1.417929 -2.992929
v 1.325000 1.417929 -2.992929
v 1.275000 1.425000 -2.990000
v 1.325000 1.425000 -2.990000
v 0.621250 1.195778 -3.220001
v 0.578750 1.195778 -3.220001
v 0.621250 1.189692 -3.205308
v 0.578750 1.189692 -3.205308
v 0.621250 1.175000 -3.199223
v 0.578750 1.175000 -3.199223
v 0.621250 1.160308 -3.205308
v 0.578750 1.160308 -3.205308
v 0.621250 1.154222 -3.220001
v 0.578750 1.154222 -3.220001
v 0.621250 1.160308 -3.234693
v 0.578750 1.160308 -3.234693
v 0.621250 1.175000 -3.240778
v 0.578750 1.175000 -3.240778
v 0.621250 1.189692 -3.234693
v 0.578750 1.189692 -3.234693
v 0.580000 1.180000 -3.220001
v 0.580000 1.510000 -3.220001
v 0.620000 1.180000 -3.220001
v 0.620000 1.510000 -3.220001
v 0.580000 1.180000 -3.210001
v 0.580000 1.510000 -3.210001
v 0.620000 1.180000 -3.210001
v 0.620000 1.510000 -3.210001
v 0.580000 1.200000 -3.190001
v 0.580000 1.510000 -3.190001
v 0.620000 1.200000 -3.190001
v 0.620000 1.510000 -3.190001
v 0.580000 1.200000 -3.180001
v 0.580000 1.510000 -3.180001
v 0.620000 1.200000 -3.180001
v 0.620000 1.510000 -3.180001
v 0.578750 1.199933 -3.220001
v 0.561750 1.199933 -3.220001
v 0.578750 1.192631 -3.202370
v 0.561750 1.192631 -3.202370
v 0.578750 1.175000 -3.195067
v 0.561750 1.175000 -3.195067
v 0.578750 1.157370 -3.202370
v 0.561750 1.157370 -3.202370
v 0.578750 1.150067 -3.220001
v 0.561750 1.150067 -3.220001
v 0.578750 1.157370 -3.237631
v 0.561750 1.157370 -3.237631
v 0.578750 1.175000 -3.244934
v 0.561750 1.175000 -3.244934
v 0.578750 1.192631 -3.237631
v 0.561750 1.192631 -3.237631
v 0.561750 1.187467 -3.220001
v 0.557500 1.187467 -3.220001
v 0.561750 1.183815 -3.211185
v 0.557500 1.183815 -3.211185
v 0.561750 1.175000 -3.207534
v 0.557500 1.175000 -3.207534
v 0.561750 1.166185 -3.211185
v 0.557500 1.166185 -3.211185
v 0.561750 1.162534 -3.220001
v 0.557500 1.162534 -3.220001
v 0.561750 1.166185 -3.228816
v 0.557500 1.166185 -3.228816
v 0.561750 1.175000 -3.232467
v 0.557500 1.175000 -3.232467
v 0.561750 1.183815 -3.228816
v 0.557500 1.183815 -3.228816
v 0.621250 1.199933 -3.220001
v 0.638250 1.199933 -3.220001
v 0.621250 1.192631 -3.202370
v 0.638250 1.192631 -3.202370
v 0.621249 1.175000 -3.195067
v 0.638250 1.175000 -3.195067
v 0.621249 1.157370 -3.202370
v 0.638250 1.157370 -3.202370
v 0.621249 1.150067 -3.220001
v 0.638250 1.150067 -3.220001
v 0.621249 1.157370 -3.237631
v 0.638250 1.157370 -3.237631
v 0.621249 1.175000 -3.244934
v 0.638250 1.175000 -3.244934
v 0.621250 1.192631 -3.237631
v 0.638250 1.192631 -3.237631
v 0.638250 1.187467 -3.220001
v 0.642500 1.187467 -3.220001
v 0.638250 1.183815 -3.211185
v 0.642500 1.183815 -3.211185
v 0.638250 1.175000 -3.207534
v 0.642500 1.175000 -3.207534
v 0.638250 1.166185 -3.211185
v 0.642500 1.166185 -3.211185
v 0.638250 1.162534 -3.220001
v 0.642500 1.162534 -3.220001
v 0.638250 1.166185 -3.228816
v 0.642500 1.166185 -3.228816
v 0.638250 1.175000 -3.232467
v 0.642500 1.175000 -3.232467
v 0.638250 1.183815 -3.228816
v 0.642500 1.183815 -3.228816
v 0.607071 1.432071 -3.175001
v 0.607071 1.432071 -3.225000
v 0.610000 1.275000 -3.225000
v 0.610000 1.275000 -3.175001
v 0.607071 1.267929 -3.225000
v 0.607071 1.267929 -3.175001
v 0.600000 1.265000 -3.225000
v 0.600000 1.265000 -3.175001
v 0.592929 1.267929 -3.225000
v 0.592929 1.267929 -3.175001
v 0.590000 1.275000 -3.225000
v 0.590000 1.275000 -3.175001
v 0.592929 1.282071 -3.225000
v 0.592929 1.282071 -3.175001
v 0.600000 1.285000 -3.225000
v 0.600000 1.285000 -3.175001
v 0.607071 1.282071 -3.225000
v 0.607071 1.282071 -3.175001
v 0.600000 1.435000 -3.175001
v 0.600000 1.435000 -3.225000
v 0.592929 1.432071 -3.175001
v 0.592929 1.432071 -3.225000
v 0.590000 1.425000 -3.175001
v 0.590000 1.425000 -3.225000
v 0.592929 1.417929 -3.175001
v 0.592929 1.417929 -3.225000
v 0.600000 1.415000 -3.175001
v 0.600000 1.415000 -3.225000
v 0.607071 1.417929 -3.175001
v 0.607071 1.417929 -3.225000
v 0.610000 1.425000 -3.175001
v 0.610000 1.425000 -3.225000
v 1.320000 1.200000 -3.180000
v 1.320000 1.500000 -3.180000
v 1.320000 1.200000 -3.140000
v 1.320000 1.500000 -3.140000
v 1.310000 1.200000 -3.180000
v 1.310000 1.500000 -3.180000
v 1.310000 1.200000 -3.140000
v 1.310000 1.500000 -3.140000
v 1.275000 1.432071 -3.152929
v 1.325000 1.432071 -3.152929
v 1.325000 1.275000 -3.150000
v 1.275000 1.275000 -3.150000
v 1.325000 1.267929 -3.152929
v 1.275000 1.267929 -3.152929
v 1.325000 1.265000 -3.160000
v 1.275000 1.265000 -3.160000
v 1.325000 1.267929 -3.167071
v 1.275000 1.267929 -3.167071
v 1.325000 1.275000 -3.170000
v 1.275000 1.275000 -3.170000
v 1.325000 1.282071 -3.167071
v 1.275000 1.282071 -3.167071
v 1.325000 1.285000 -3.160000
v 1.275000 1.285000 -3.160000
v 1.325000 1.282071 -3.152929
v 1.275000 1.282071 -3.152929
v 1.275000 1.435000 -3.160000
v 1.325000 1.435000 -3.160000
v 1.275000 1.432071 -3.167071
v 1.325000 1.432071 -3.167071
v 1.275000 1.425000 -3.170000
v 1.325000 1.425000 -3.170000
v 1.275000 1.417929 -3.167071
v 1.325000 1.417929 -3.167071
v 1.275000 1.415000 -3.160000
v 1.325000 1.415000 -3.160000
v 1.275000 1.417929 -3.152929
v 1.325000 1.417929 -3.152929
v 1.275000 1.425000 -3.150000
v 1.325000 1.425000 -3.150000
v 1.290000 1.200000 -3.180000
v 1.290000 1.500000 -3.180000
v 1.290000 1.200000 -3.140000
v 1.290000 1.500000 -3.140000
v 1.280000 1.200000 -3.180000
v 1.280000 1.500000 -3.180000
v 1.280000 1.200000 -3.140000
v 1.280000 1.500000 -3.140000
v 1.210000 1.180000 -3.220001
v 1.210000 1.500000 -3.220001
v 1.289999 1.180000 -3.220001
v 1.289999 1.500000 -3.220001
v 1.210000 1.180000 -3.210001
v 1.210000 1.500000 -3.210001
v 1.289999 1.180000 -3.210001
v 1.289999 1.500000 -3.210001
v 1.210000 1.200000 -3.190001
v 1.210000 1.500000 -3.190001
v 1.289999 1.200000 -3.190001
v 1.289999 1.500000 -3.190001
v 1.210000 1.200000 -3.180001
v 1.210000 1.500000 -3.180001
v 1.289999 1.200000 -3.180001
v 1.289999 1.500000 -3.180001
v 1.247071 1.432071 -3.175001
v 1.247071 1.432071 -3.225000
v 1.250000 1.275000 -3.225000
v 1.250000 1.275000 -3.175001
v 1.247071 1.267929 -3.225000
v 1.247071 1.267929 -3.175001
v 1.240000 1.265000 -3.225000
v 1.240000 1.265000 -3.175001
v 1.232929 1.267929 -3.225000
v 1.232929 1.267929 -3.175001
v 1.230000 1.275000 -3.225000
v 1.230000 1.275000 -3.175001
v 1.232929 1.282071 -3.225000
v 1.232929 1.282071 -3.175001
v 1.240000 1.285000 -3.225000
v 1.240000 1.285000 -3.175001
v 1.247071 1.282071 -3.225000
v 1.247071 1.282071 -3.175001
v 1.240000 1.435000 -3.175001
v 1.240000 1.435000 -3.225000
v 1.232929 1.432071 -3.175001
v 1.232929 1.432071 -3.225000
v 1.230000 1.425000 -3.175001
v 1.230000 1.425000 -3.225000
v 1.232929 1.417929 -3.175001
v 1.232929 1.417929 -3.225000
v 1.240000 1.415000 -3.175001
v 1.240000 1.415000 -3.225000
v 1.247071 1.417929 -3.175001
v 1.247071 1.417929 -3.225000
v 1.250000 1.425000 -3.175001
v 1.250000 1.425000 -3.225000
vn 0.3827 0.9239 -0.0000
vn 0.9239 0.3827 -0.0000
vn 0.9239 -0.3827 -0.0000
vn 0.3827 -0.9239 -0.0000
vn -0.3827 -0.9239 -0.0000
vn -0.9239 -0.3827 -0.0000
vn -0.9239 0.3827 -0.0000
vn -0.3827 0.9239 -0.0000
vn -0.0000 -0.0000 -1.0000
vn -1.0000 -0.0000 -0.0000
vn -0.0000 -0.0000 1.0000
vn -0.0000 1.0000 -0.0000
vn 1.0000 -0.0000 -0.0000
vn -0.0000 -0.3827 -0.9239
vn -0.0000 0.3827 -0.9239
vn -0.0000 -0.9239 -0.3827
vn -0.0000 0.9239 -0.3827
vn -0.0000 -0.9239 0.3827
vn -0.0000 -0.3827 0.9239
vn -0.0000 0.9239 0.3827
vn -0.0000 0.3827 0.9239
vn -0.0000 0.3826 -0.9239
vn -0.0000 -0.3826 -0.9239
vn -0.0000 -1.0000 -0.0000
vn -0.0000 0.3826 0.9239
vn -0.0000 -0.3826 0.9239
vn -0.0000 -0.0001 -1.0000
vn -0.0000 0.0001 -1.0000
vn -0.0000 -0.0001 1.0000
vn -0.0000 0.0001 1.0000
vt 1.000000 1.000000
vt 0.875000 0.500000
vt 1.000000 0.500000
vt 0.750000 1.000000
vt 0.750000 0.500000
vt 0.625000 0.500000
vt 0.625000 1.000000
vt 0.500000 0.500000
vt 0.500000 1.000000
vt 0.375000 0.500000
vt 0.375000 1.000000
vt 0.250000 0.500000
vt 0.250000 1.000000
vt 0.125000 0.500000
vt 0.125000 1.000000
vt 0.000000 0.500000
vt 0.919706 0.080294
vt 0.580294 0.080294
vt 0.580294 0.419706
vt 0.625000 0.000000
vt 0.375000 0.250000
vt 0.375000 0.000000
vt 0.625000 0.250000
vt 0.625000 0.750000
vt 0.375000 0.750000
vt 0.010000 0.250000
vt 0.250000 0.010000
vt 0.490000 0.250000
vt 0.875000 1.000000
vt 0.250000 0.490000
vt 0.919706 0.419706
vt 0.000000 1.000000
vt 0.750000 0.490000
vt 0.990000 0.250000
vt 0.750000 0.010000
vt 0.510000 0.250000
vt 0.875000 0.750000
vt 0.419706 0.419706
vt 0.080294 0.419706
vt 0.080294 0.080294
vt 0.419706 0.080294
s 0
f 58/21/9 59/22/9 57/23/9
f 59/22/10 62/24/10 61/25/10
f 62/24/11 63/26/11 61/25/11
f 64/27/12 65/28/12 63/26/12
f 66/29/13 67/30/13 65/28/13
f 68/31/14 69/32/14 67/30/14
f 70/33/15 71/34/15 69/32/15
f 72/35/16 57/36/16 71/34/16
f 63/37/17 67/38/17 71/39/17
f 74/40/18 75/41/18 73/42/18
f 76/43/17 79/30/17 75/41/17
f 78/44/19 73/31/19 77/45/19
f 90/21/9 91/22/9 89/23/9
f 76/22/20 78/44/20 80/26/20
f 84/43/17 87/30/17 83/41/17
f 88/26/21 85/45/21 87/30/21
f 86/44/19 81/31/19 85/45/19
f 91/22/10 94/24/10 93/25/10
f 84/22/20 86/44/20 88/26/20
f 94/24/11 95/26/11 93/25/11
f 96/27/12 97/28/12 95/26/12
f 98/29/13 99/30/13 97/28/13
f 100/31/14 101/32/14 99/30/14
f 102/46/19 98/47/19 94/48/19
f 102/33/15 103/34/15 101/32/15
f 104/35/16 89/36/16 103/34/16
f 95/37/17 99/38/17 103/39/17
f 106/21/9 107/22/9 105/23/9
f 108/49/10 109/25/10 107/22/10
f 110/24/11 111/26/11 109/25/11
f 112/27/12 113/28/12 111/26/12
f 114/29/13 115/30/13 113/28/13
f 116/31/14 117/32/14 115/30/14
f 118/46/19 114/47/19 110/48/19
f 118/33/15 119/34/15 117/32/15
f 120/35/16 105/36/16 119/34/16
f 123/22/9 122/21/9 121/23/9
f 123/22/10 126/24/10 124/49/10
f 127/26/11 126/24/11 125/25/11
f 129/28/12 128/27/12 127/26/12
f 131/30/13 130/29/13 129/28/13
f 133/32/14 132/31/14 131/30/14
f 130/47/17 134/46/17 122/50/17
f 135/34/15 134/33/15 133/32/15
f 121/36/16 136/35/16 135/34/16
f 131/38/19 127/37/19 123/51/19
f 139/22/9 138/21/9 137/23/9
f 141/25/10 140/49/10 139/22/10
f 143/26/11 142/24/11 141/25/11
f 145/28/12 144/27/12 143/26/12
f 147/30/13 146/29/13 145/28/13
f 149/32/14 148/31/14 147/30/14
f 146/47/17 150/46/17 138/50/17
f 151/34/15 150/33/15 149/32/15
f 137/36/16 152/35/16 151/34/16
f 178/37/18 174/38/18 154/39/18
f 156/21/22 157/22/22 155/23/22
f 153/35/23 184/36/23 154/34/23
f 158/49/24 159/25/24 157/22/24
f 171/33/25 154/34/25 172/32/25
f 160/24/26 161/26/26 159/25/26
f 171/46/21 175/47/21 179/48/21
f 162/27/27 163/28/27 161/26/27
f 173/31/28 172/32/28 174/30/28
f 175/29/29 174/30/29 176/28/29
f 164/29/29 165/30/29 163/28/29
f 177/27/27 176/28/27 178/26/27
f 179/24/26 178/26/26 180/25/26
f 166/31/28 167/32/28 165/30/28
f 168/46/21 164/47/21 160/48/21
f 181/49/24 180/25/24 182/22/24
f 168/33/25 169/34/25 167/32/25
f 183/21/22 182/22/22 184/23/22
f 170/35/23 155/36/23 169/34/23
f 161/37/18 165/38/18 169/39/18
f 194/37/18 190/38/18 186/39/18
f 185/35/23 200/36/23 186/34/23
f 187/33/25 186/34/25 188/32/25
f 187/46/21 191/47/21 195/48/21
f 189/31/28 188/32/28 190/30/28
f 191/29/29 190/30/29 192/28/29
f 193/27/27 192/28/27 194/26/27
f 195/24/26 194/26/26 196/25/26
f 197/49/24 196/25/24 198/22/24
f 199/21/22 198/22/22 200/23/22
f 210/37/18 206/38/18 202/39/18
f 201/35/23 216/36/23 202/34/23
f 203/33/25 202/34/25 204/32/25
f 203/46/21 207/47/21 211/48/21
f 205/31/28 204/32/28 206/30/28
f 207/29/29 206/30/29 208/28/29
f 209/27/27 208/28/27 210/26/27
f 211/24/26 210/26/26 212/25/26
f 213/49/24 212/25/24 214/22/24
f 215/21/22 214/22/22 216/23/22
f 218/21/9 219/22/9 217/23/9
f 220/49/10 221/25/10 219/22/10
f 222/24/11 223/26/11 221/25/11
f 224/27/12 225/28/12 223/26/12
f 226/29/13 227/30/13 225/28/13
f 228/31/14 229/32/14 227/30/14
f 230/33/15 231/34/15 229/32/15
f 232/35/16 217/36/16 231/34/16
f 223/37/17 227/38/17 231/39/17
f 234/40/18 235/41/18 233/42/18
f 236/43/17 239/30/17 235/41/17
f 238/44/19 233/31/19 237/45/19
f 250/21/9 251/22/9 249/23/9
f 236/22/20 238/44/20 240/26/20
f 244/43/17 247/30/17 243/41/17
f 248/26/21 245/45/21 247/30/21
f 246/44/19 241/31/19 245/45/19
f 252/49/10 253/25/10 251/22/10
f 244/22/20 246/44/20 248/26/20
f 254/24/11 255/26/11 253/25/11
f 256/27/12 257/28/12 255/26/12
f 258/29/13 259/30/13 257/28/13
f 260/31/14 261/32/14 259/30/14
f 262/46/19 258/47/19 254/48/19
f 262/33/15 263/34/15 261/32/15
f 264/35/16 249/36/16 263/34/16
f 255/37/17 259/38/17 263/39/17
f 266/21/9 267/22/9 265/23/9
f 268/49/10 269/25/10 267/22/10
f 270/24/11 271/26/11 269/25/11
f 272/27/12 273/28/12 271/26/12
f 274/29/13 275/30/13 273/28/13
f 276/31/14 277/32/14 275/30/14
f 278/46/19 274/47/19 270/48/19
f 278/33/15 279/34/15 277/32/15
f 280/35/16 265/36/16 279/34/16
f 283/22/9 282/21/9 281/23/9
f 283/22/10 286/24/10 284/49/10
f 287/26/11 286/24/11 285/25/11
f 289/28/12 288/27/12 287/26/12
f 291/30/13 290/29/13 289/28/13
f 293/32/14 292/31/14 291/30/14
f 290/47/17 294/46/17 282/50/17
f 295/34/15 294/33/15 293/32/15
f 281/36/16 296/35/16 295/34/16
f 291/38/19 287/37/19 283/51/19
f 299/22/9 298/21/9 297/23/9
f 301/25/10 300/49/10 299/22/10
f 303/26/11 302/24/11 301/25/11
f 305/28/12 304/27/12 303/26/12
f 307/30/13 306/29/13 305/28/13
f 309/32/14 308/31/14 307/30/14
f 306/47/17 310/46/17 298/50/17
f 311/34/15 310/33/15 309/32/15
f 297/36/16 312/35/16 311/34/16
f 338/37/18 334/38/18 314/39/18
f 316/21/22 317/22/22 315/23/22
f 313/35/23 344/36/23 314/34/23
f 318/49/24 319/25/24 317/22/24
f 331/33/25 314/34/25 332/32/25
f 320/24/26 321/26/26 319/25/26
f 331/46/21 335/47/21 339/48/21
f 322/27/27 323/28/27 321/26/27
f 333/31/28 332/32/28 334/30/28
f 335/29/29 334/30/29 336/28/29
f 324/29/29 325/30/29 323/28/29
f 337/27/27 336/28/27 338/26/27
f 339/24/26 338/26/26 340/25/26
f 326/31/28 327/32/28 325/30/28
f 328/46/21 324/47/21 320/48/21
f 341/49/24 340/25/24 342/22/24
f 328/33/25 329/34/25 327/32/25
f 343/21/22 342/22/22 344/23/22
f 330/35/23 315/36/23 329/34/23
f 321/37/18 325/38/18 329/39/18
f 354/37/18 350/38/18 346/39/18
f 345/35/23 360/36/23 346/34/23
f 347/33/25 346/34/25 348/32/25
f 347/46/21 351/47/21 355/48/21
f 349/31/28 348/32/28 350/30/28
f 351/29/29 350/30/29 352/28/29
f 353/27/27 352/28/27 354/26/27
f 355/24/26 354/26/26 356/25/26
f 357/49/24 356/25/24 358/22/24
f 359/21/22 358/22/22 360/23/22
f 370/37/18 366/38/18 362/39/18
f 361/35/23 376/36/23 362/34/23
f 363/33/25 362/34/25 364/32/25
f 363/46/21 367/47/21 371/48/21
f 365/31/28 364/32/28 366/30/28
f 367/29/29 366/30/29 368/28/29
f 369/27/27 368/28/27 370/26/27
f 371/24/26 370/26/26 372/25/26
f 373/49/24 372/25/24 374/22/24
f 375/21/22 374/22/22 376/23/22
f 378/21/9 379/22/9 377/23/9
f 380/49/10 381/25/10 379/22/10
f 382/24/11 383/26/11 381/25/11
f 384/27/12 385/28/12 383/26/12
f 386/29/13 387/30/13 385/28/13
f 388/31/14 389/32/14 387/30/14
f 390/33/15 391/34/15 389/32/15
f 392/35/16 377/36/16 391/34/16
f 383/37/17 387/38/17 391/39/17
f 394/40/18 395/41/18 393/42/18
f 396/43/17 399/30/17 395/41/17
f 398/44/19 393/31/19 397/45/19
f 410/21/9 411/22/9 409/23/9
f 396/22/20 398/44/20 400/26/20
f 404/43/17 407/30/17 403/41/17
f 408/26/21 405/45/21 407/30/21
f 406/44/19 401/31/19 405/45/19
f 412/49/10 413/25/10 411/22/10
f 404/22/20 406/44/20 408/26/20
f 414/24/11 415/26/11 413/25/11
f 416/27/12 417/28/12 415/26/12
f 418/29/13 419/30/13 417/28/13
f 420/31/14 421/32/14 419/30/14
f 422/46/19 418/47/19 414/48/19
f 422/33/15 423/34/15 421/32/15
f 424/35/16 409/36/16 423/34/16
f 415/37/17 419/38/17 423/39/17
f 426/21/9 427/22/9 425/23/9
f 428/49/10 429/25/10 427/22/10
f 430/24/11 431/26/11 429/25/11
f 432/27/12 433/28/12 431/26/12
f 434/29/13 435/30/13 433/28/13
f 436/31/14 437/32/14 435/30/14
f 438/46/19 434/47/19 430/48/19
f 438/33/15 439/34/15 437/32/15
f 440/35/16 425/36/16 439/34/16
f 443/22/9 442/21/9 441/23/9
f 443/22/10 446/24/10 444/49/10
f 447/26/11 446/24/11 445/25/11
f 449/28/12 448/27/12 447/26/12
f 451/30/13 450/29/13 449/28/13
f 453/32/14 452/31/14 451/30/14
f 450/47/17 454/46/17 442/50/17
f 455/34/15 454/33/15 453/32/15
f 441/36/16 456/35/16 455/34/16
f 451/38/19 447/37/19 443/51/19
f 459/22/9 458/21/9 457/23/9
f 461/25/10 460/49/10 459/22/10
f 463/26/11 462/24/11 461/25/11
f 465/28/12 464/27/12 463/26/12
f 467/30/13 466/29/13 465/28/13
f 469/32/14 468/31/14 467/30/14
f 466/47/17 470/46/17 458/50/17
f 471/34/15 470/33/15 469/32/15
f 457/36/16 472/35/16 471/34/16
f 498/37/18 494/38/18 474/39/18
f 476/21/22 477/22/22 475/23/22
f 473/35/23 504/36/23 474/34/23
f 478/49/24 479/25/24 477/22/24
f 491/33/25 474/34/25 492/32/25
f 480/24/26 481/26/26 479/25/26
f 491/46/21 495/47/21 499/48/21
f 482/27/27 483/28/27 481/26/27
f 493/31/28 492/32/28 494/30/28
f 495/29/29 494/30/29 496/28/29
f 484/29/29 485/30/29 483/28/29
f 497/27/27 496/28/27 498/26/27
f 499/24/26 498/26/26 500/25/26
f 486/31/28 487/32/28 485/30/28
f 488/46/21 484/47/21 480/48/21
f 501/49/24 500/25/24 502/22/24
f 488/33/25 489/34/25 487/32/25
f 503/21/22 502/22/22 504/23/22
f 490/35/23 475/36/23 489/34/23
f 481/37/18 485/38/18 489/39/18
f 514/37/18 510/38/18 506/39/18
f 505/35/23 520/36/23 506/34/23
f 507/33/25 506/34/25 508/32/25
f 507/46/21 511/47/21 515/48/21
f 509/31/28 508/32/28 510/30/28
f 511/29/29 510/30/29 512/28/29
f 513/27/27 512/28/27 514/26/27
f 515/24/26 514/26/26 516/25/26
f 517/49/24 516/25/24 518/22/24
f 519/21/22 518/22/22 520/23/22
f 530/37/18 526/38/18 522/39/18
f 521/35/23 536/36/23 522/34/23
f 523/33/25 522/34/25 524/32/25
f 523/46/21 527/47/21 531/48/21
f 525/31/28 524/32/28 526/30/28
f 527/29/29 526/30/29 528/28/29
f 529/27/27 528/28/27 530/26/27
f 531/24/26 530/26/26 532/25/26
f 533/49/24 532/25/24 534/22/24
f 535/21/22 534/22/22 536/23/22
f 538/21/9 539/22/9 537/23/9
f 540/49/10 541/25/10 539/22/10
f 542/24/11 543/26/11 541/25/11
f 544/27/12 545/28/12 543/26/12
f 546/29/13 547/30/13 545/28/13
f 548/31/14 549/32/14 547/30/14
f 550/33/15 551/34/15 549/32/15
f 552/35/16 537/36/16 551/34/16
f 543/37/17 547/38/17 551/39/17
f 554/40/18 555/41/18 553/42/18
f 556/43/17 559/30/17 555/41/17
f 558/44/19 553/31/19 557/45/19
f 570/21/9 571/22/9 569/23/9
f 556/22/20 558/44/20 560/26/20
f 564/43/17 567/30/17 563/41/17
f 568/26/21 565/45/21 567/30/21
f 566/44/19 561/31/19 565/45/19
f 572/49/10 573/25/10 571/22/10
f 564/22/20 566/44/20 568/26/20
f 574/24/11 575/26/11 573/25/11
f 576/27/12 577/28/12 575/26/12
f 578/29/13 579/30/13 577/28/13
f 580/31/14 581/32/14 579/30/14
f 582/46/19 578/47/19 574/48/19
f 582/33/15 583/34/15 581/32/15
f 584/35/16 569/36/16 583/34/16
f 575/37/17 579/38/17 583/39/17
f 586/21/9 587/22/9 585/23/9
f 588/49/10 589/25/10 587/22/10
f 590/24/11 591/26/11 589/25/11
f 592/27/12 593/28/12 591/26/12
f 594/29/13 595/30/13 593/28/13
f 596/31/14 597/32/14 595/30/14
f 598/46/19 594/47/19 590/48/19
f 598/33/15 599/34/15 597/32/15
f 600/35/16 585/36/16 599/34/16
f 603/22/9 602/21/9 601/23/9
f 603/22/10 606/24/10 604/49/10
f 607/26/11 606/24/11 605/25/11
f 609/28/12 608/27/12 607/26/12
f 611/30/13 610/29/13 609/28/13
f 613/32/14 612/31/14 611/30/14
f 610/47/17 614/46/17 602/50/17
f 615/34/15 614/33/15 613/32/15
f 601/36/16 616/35/16 615/34/16
f 611/38/19 607/37/19 603/51/19
f 619/22/9 618/21/9 617/23/9
f 621/25/10 620/49/10 619/22/10
f 623/26/11 622/24/11 621/25/11
f 625/28/12 624/27/12 623/26/12
f 627/30/13 626/29/13 625/28/13
f 629/32/14 628/31/14 627/30/14
f 626/47/17 630/46/17 618/50/17
f 631/34/15 630/33/15 629/32/15
f 617/36/16 632/35/16 631/34/16
f 658/37/18 654/38/18 634/39/18
f 636/21/22 637/22/22 635/23/22
f 633/35/23 664/36/23 634/34/23
f 638/49/24 639/25/24 637/22/24
f 651/33/25 634/34/25 652/32/25
f 640/24/26 641/26/26 639/25/26
f 651/46/21 655/47/21 659/48/21
f 642/27/27 643/28/27 641/26/27
f 653/31/28 652/32/28 654/30/28
f 655/29/29 654/30/29 656/28/29
f 644/29/29 645/30/29 643/28/29
f 657/27/27 656/28/27 658/26/27
f 659/24/26 658/26/26 660/25/26
f 646/31/28 647/32/28 645/30/28
f 648/46/21 644/47/21 640/48/21
f 661/49/24 660/25/24 662/22/24
f 648/33/25 649/34/25 647/32/25
f 663/21/22 662/22/22 664/23/22
f 650/35/23 635/36/23 649/34/23
f 641/37/18 645/38/18 649/39/18
f 674/37/18 670/38/18 666/39/18
f 665/35/23 680/36/23 666/34/23
f 667/33/25 666/34/25 668/32/25
f 667/46/21 671/47/21 675/48/21
f 669/31/28 668/32/28 670/30/28
f 671/29/29 670/30/29 672/28/29
f 673/27/27 672/28/27 674/26/27
f 675/24/26 674/26/26 676/25/26
f 677/49/24 676/25/24 678/22/24
f 679/21/22 678/22/22 680/23/22
f 690/37/18 686/38/18 682/39/18
f 681/35/23 696/36/23 682/34/23
f 683/33/25 682/34/25 684/32/25
f 683/46/21 687/47/21 691/48/21
f 685/31/28 684/32/28 686/30/28
f 687/29/29 686/30/29 688/28/29
f 689/27/27 688/28/27 690/26/27
f 691/24/26 690/26/26 692/25/26
f 693/49/24 692/25/24 694/22/24
f 695/21/22 694/22/22 696/23/22
f 698/21/9 699/22/9 697/23/9
f 700/49/10 701/25/10 699/22/10
f 702/24/11 703/26/11 701/25/11
f 704/27/12 705/28/12 703/26/12
f 706/29/13 707/30/13 705/28/13
f 708/31/14 709/32/14 707/30/14
f 710/33/15 711/34/15 709/32/15
f 712/35/16 697/36/16 711/34/16
f 703/37/17 707/38/17 711/39/17
f 714/40/18 715/41/18 713/42/18
f 716/43/17 719/30/17 715/41/17
f 720/26/21 717/45/21 719/30/21
f 718/44/19 713/31/19 717/45/19
f 730/21/9 731/22/9 729/23/9
f 716/22/20 718/44/20 720/26/20
f 722/40/18 723/41/18 721/42/18
f 724/43/17 727/30/17 723/41/17
f 728/26/21 725/45/21 727/30/21
f 726/44/19 721/31/19 725/45/19
f 732/49/10 733/25/10 731/22/10
f 724/22/20 726/44/20 728/26/20
f 734/24/11 735/26/11 733/25/11
f 736/27/12 737/28/12 735/26/12
f 738/29/13 739/30/13 737/28/13
f 740/31/14 741/32/14 739/30/14
f 742/46/19 738/47/19 734/48/19
f 742/33/15 743/34/15 741/32/15
f 744/35/16 729/36/16 743/34/16
f 735/37/17 739/38/17 743/39/17
f 746/21/9 747/22/9 745/23/9
f 748/49/10 749/25/10 747/22/10
f 750/24/11 751/26/11 749/25/11
f 752/27/12 753/28/12 751/26/12
f 754/29/13 755/30/13 753/28/13
f 756/31/14 757/32/14 755/30/14
f 758/46/19 754/47/19 750/48/19
f 758/33/15 759/34/15 757/32/15
f 760/35/16 745/36/16 759/34/16
f 763/22/9 762/21/9 761/23/9
f 763/22/10 766/24/10 764/49/10
f 767/26/11 766/24/11 765/25/11
f 769/28/12 768/27/12 767/26/12
f 771/30/13 770/29/13 769/28/13
f 773/32/14 772/31/14 771/30/14
f 770/47/17 774/46/17 762/50/17
f 775/34/15 774/33/15 773/32/15
f 761/36/16 776/35/16 775/34/16
f 771/38/19 767/37/19 763/51/19
f 779/22/9 778/21/9 777/23/9
f 781/25/10 780/49/10 779/22/10
f 783/26/11 782/24/11 781/25/11
f 785/28/12 784/27/12 783/26/12
f 787/30/13 786/29/13 785/28/13
f 789/32/14 788/31/14 787/30/14
f 786/47/17 790/46/17 778/50/17
f 791/34/15 790/33/15 789/32/15
f 777/36/16 792/35/16 791/34/16
f 818/37/18 814/38/18 794/39/18
f 796/21/22 797/22/22 795/23/22
f 793/35/23 824/36/23 794/34/23
f 798/49/24 799/25/24 797/22/24
f 811/33/25 794/34/25 812/32/25
f 800/24/26 801/26/26 799/25/26
f 811/46/21 815/47/21 819/48/21
f 802/27/27 803/28/27 801/26/27
f 813/31/28 812/32/28 814/30/28
f 815/29/29 814/30/29 816/28/29
f 804/29/29 805/30/29 803/28/29
f 817/27/27 816/28/27 818/26/27
f 819/24/26 818/26/26 820/25/26
f 806/31/28 807/32/28 805/30/28
f 808/46/21 804/47/21 800/48/21
f 821/49/24 820/25/24 822/22/24
f 808/33/25 809/34/25 807/32/25
f 823/21/22 822/22/22 824/23/22
f 810/35/23 795/36/23 809/34/23
f 801/37/18 805/38/18 809/39/18
f 826/21/25 827/22/25 825/23/25
f 827/22/23 830/24/23 829/25/23
f 830/24/22 831/26/22 829/25/22
f 832/27/24 833/28/24 831/26/24
f 834/29/26 835/30/26 833/28/26
f 836/31/27 837/32/27 835/30/27
f 838/33/29 839/34/29 837/32/29
f 840/35/28 825/36/28 839/34/28
f 831/37/18 835/38/18 839/39/18
f 842/40/19 843/41/19 841/42/19
f 844/43/18 847/30/18 843/41/18
f 848/26/17 845/45/17 847/30/17
f 846/44/21 841/31/21 845/45/21
f 858/21/25 859/22/25 857/23/25
f 844/22/20 846/44/20 848/26/20
f 850/40/19 851/41/19 849/42/19
f 852/43/18 855/30/18 851/41/18
f 856/26/17 853/45/17 855/30/17
f 854/44/21 849/31/21 853/45/21
f 860/49/23 861/25/23 859/22/23
f 852/22/20 854/44/20 856/26/20
f 862/24/22 863/26/22 861/25/22
f 864/27/24 865/28/24 863/26/24
f 866/29/26 867/30/26 865/28/26
f 868/31/27 869/32/27 867/30/27
f 870/46/21 866/47/21 862/48/21
f 870/33/29 871/34/29 869/32/29
f 872/35/28 857/36/28 871/34/28
f 863/37/18 867/38/18 871/39/18
f 874/21/25 875/22/25 873/23/25
f 876/49/30 877/25/30 875/22/30
f 878/24/22 879/26/22 877/25/22
f 880/27/24 881/28/24 879/26/24
f 882/29/26 883/30/26 881/28/26
f 884/31/27 885/32/27 883/30/27
f 886/46/21 882/47/21 878/48/21
f 886/33/29 887/34/29 885/32/29
f 888/35/28 873/36/28 887/34/28
f 891/22/25 890/21/25 889/23/25
f 891/22/23 894/24/23 892/49/23
f 895/26/31 894/24/31 893/25/31
f 897/28/24 896/27/24 895/26/24
f 899/30/26 898/29/26 897/28/26
f 901/32/27 900/31/27 899/30/27
f 898/47/18 902/46/18 890/50/18
f 903/34/29 902/33/29 901/32/29
f 889/36/28 904/35/28 903/34/28
f 899/38/21 895/37/21 891/51/21
f 907/22/25 906/21/25 905/23/25
f 909/25/23 908/49/23 907/22/23
f 911/26/22 910/24/22 909/25/22
f 913/28/24 912/27/24 911/26/24
f 915/30/26 914/29/26 913/28/26
f 917/32/27 916/31/27 915/30/27
f 914/47/18 918/46/18 906/50/18
f 919/34/29 918/33/29 917/32/29
f 905/36/28 920/35/28 919/34/28
f 946/37/19 942/38/19 922/39/19
f 924/21/14 925/22/14 923/23/14
f 921/35/15 952/36/15 922/34/15
f 926/49/13 927/25/13 925/22/13
f 939/33/16 922/34/16 940/32/16
f 928/24/12 929/26/12 927/25/12
f 939/46/17 943/47/17 947/48/17
f 930/27/11 931/28/11 929/26/11
f 941/31/9 940/32/9 942/30/9
f 943/29/10 942/30/10 944/28/10
f 932/29/10 933/30/10 931/28/10
f 945/27/11 944/28/11 946/26/11
f 947/24/12 946/26/12 948/25/12
f 934/31/9 935/32/9 933/30/9
f 936/46/17 932/47/17 928/48/17
f 949/49/13 948/25/13 950/22/13
f 936/33/16 937/34/16 935/32/16
f 951/21/14 950/22/14 952/23/14
f 938/35/15 923/36/15 937/34/15
f 929/37/19 933/38/19 937/39/19
f 954/40/18 955/41/18 953/42/18
f 956/43/17 959/30/17 955/41/17
f 960/26/21 957/45/21 959/30/21
f 958/44/19 953/31/19 957/45/19
f 956/22/20 958/44/20 960/26/20
f 986/37/18 982/38/18 962/39/18
f 964/21/22 965/22/22 963/23/22
f 961/35/23 992/36/23 962/34/23
f 966/49/24 967/25/24 965/22/24
f 979/33/25 962/34/25 980/32/25
f 968/24/26 969/26/26 967/25/26
f 979/46/21 983/47/21 987/48/21
f 970/27/27 971/28/27 969/26/27
f 981/31/28 980/32/28 982/30/28
f 983/29/29 982/30/29 984/28/29
f 972/29/29 973/30/29 971/28/29
f 985/27/27 984/28/27 986/26/27
f 987/24/26 986/26/26 988/25/26
f 974/31/28 975/32/28 973/30/28
f 976/46/21 972/47/21 968/48/21
f 989/49/24 988/25/24 990/22/24
f 976/33/25 977/34/25 975/32/25
f 991/21/22 990/22/22 992/23/22
f 978/35/23 963/36/23 977/34/23
f 969/37/18 973/38/18 977/39/18
f 994/40/18 995/41/18 993/42/18
f 996/43/17 999/30/17 995/41/17
f 1000/26/21 997/45/21 999/30/21
f 998/44/19 993/31/19 997/45/19
f 996/22/20 998/44/20 1000/26/20
f 1002/40/19 1003/41/19 1001/42/19
f 1004/43/18 1007/30/18 1003/41/18
f 1008/26/17 1005/45/17 1007/30/17
f 1006/44/21 1001/31/21 1005/45/21
f 1004/22/20 1006/44/20 1008/26/20
f 1010/40/19 1011/41/19 1009/42/19
f 1012/43/18 1015/30/18 1011/41/18
f 1016/26/17 1013/45/17 1015/30/17
f 1014/44/21 1009/31/21 1013/45/21
f 1012/22/20 1014/44/20 1016/26/20
f 1042/37/19 1038/38/19 1018/39/19
f 1020/21/14 1021/22/14 1019/23/14
f 1017/35/15 1048/36/15 1018/34/15
f 1022/49/13 1023/25/13 1021/22/13
f 1035/33/16 1018/34/16 1036/32/16
f 1024/24/12 1025/26/12 1023/25/12
f 1035/46/17 1039/47/17 1043/48/17
f 1026/27/11 1027/28/11 1025/26/11
f 1037/31/9 1036/32/9 1038/30/9
f 1039/29/10 1038/30/10 1040/28/10
f 1028/29/10 1029/30/10 1027/28/10
f 1041/27/11 1040/28/11 1042/26/11
f 1043/24/12 1042/26/12 1044/25/12
f 1030/31/9 1031/32/9 1029/30/9
f 1032/46/17 1028/47/17 1024/48/17
f 1045/49/13 1044/25/13 1046/22/13
f 1032/33/16 1033/34/16 1031/32/16
f 1047/21/14 1046/22/14 1048/23/14
f 1034/35/15 1019/36/15 1033/34/15
f 1025/37/19 1029/38/19 1033/39/19
f 1003/41/32 1005/45/32 1001/31/32
f 955/41/32 957/45/32 953/31/32
f 1051/22/16 1050/21/16 1049/23/16
f 1051/22/15 1054/24/15 1052/49/15
f 1055/26/14 1054/24/14 1053/25/14
f 1057/28/13 1056/27/13 1055/26/13
f 1059/30/12 1058/29/12 1057/28/12
f 1061/32/11 1060/31/11 1059/30/11
f 1063/34/10 1062/33/10 1061/32/10
f 1049/36/9 1064/35/9 1063/34/9
f 1059/38/17 1055/37/17 1051/51/17
f 1067/41/21 1066/40/21 1065/42/21
f 1071/30/17 1068/43/17 1067/41/17
f 1065/31/19 1070/44/19 1069/45/19
f 1083/22/16 1082/21/16 1081/23/16
f 1070/44/20 1068/22/20 1072/26/20
f 1079/30/17 1076/43/17 1075/41/17
f 1077/45/18 1080/26/18 1079/30/18
f 1073/31/19 1078/44/19 1077/45/19
f 1083/22/15 1086/24/15 1084/49/15
f 1078/44/20 1076/22/20 1080/26/20
f 1087/26/14 1086/24/14 1085/25/14
f 1089/28/13 1088/27/13 1087/26/13
f 1091/30/12 1090/29/12 1089/28/12
f 1093/32/11 1092/31/11 1091/30/11
f 1090/47/19 1094/46/19 1082/50/19
f 1095/34/10 1094/33/10 1093/32/10
f 1081/36/9 1096/35/9 1095/34/9
f 1091/38/17 1087/37/17 1083/51/17
f 1099/22/16 1098/21/16 1097/23/16
f 1101/25/15 1100/49/15 1099/22/15
f 1103/26/14 1102/24/14 1101/25/14
f 1105/28/13 1104/27/13 1103/26/13
f 1107/30/12 1106/29/12 1105/28/12
f 1109/32/11 1108/31/11 1107/30/11
f 1106/47/19 1110/46/19 1098/50/19
f 1111/34/10 1110/33/10 1109/32/10
f 1097/36/9 1112/35/9 1111/34/9
f 1114/21/16 1115/22/16 1113/23/16
f 1115/22/15 1118/24/15 1117/25/15
f 1118/24/14 1119/26/14 1117/25/14
f 1120/27/13 1121/28/13 1119/26/13
f 1122/29/12 1123/30/12 1121/28/12
f 1124/31/11 1125/32/11 1123/30/11
f 1126/46/17 1122/47/17 1118/48/17
f 1126/33/10 1127/34/10 1125/32/10
f 1128/35/9 1113/36/9 1127/34/9
f 1119/37/19 1123/38/19 1127/39/19
f 1130/21/16 1131/22/16 1129/23/16
f 1132/49/15 1133/25/15 1131/22/15
f 1134/24/14 1135/26/14 1133/25/14
f 1136/27/13 1137/28/13 1135/26/13
f 1138/29/12 1139/30/12 1137/28/12
f 1140/31/11 1141/32/11 1139/30/11
f 1142/46/17 1138/47/17 1134/48/17
f 1142/33/10 1143/34/10 1141/32/10
f 1144/35/9 1129/36/9 1143/34/9
f 1166/38/21 1170/37/21 1174/51/21
f 1149/22/22 1148/21/22 1147/23/22
f 1176/36/23 1145/35/23 1146/34/23
f 1151/25/24 1150/49/24 1149/22/24
f 1146/34/25 1163/33/25 1164/32/25
f 1153/26/26 1152/24/26 1151/25/26
f 1167/47/18 1163/46/18 1175/50/18
f 1155/28/27 1154/27/27 1153/26/27
f 1164/32/28 1165/31/28 1166/30/28
f 1166/30/29 1167/29/29 1168/28/29
f 1157/30/29 1156/29/29 1155/28/29
f 1168/28/27 1169/27/27 1170/26/27
f 1170/26/26 1171/24/26 1172/25/26
f 1159/32/28 1158/31/28 1157/30/28
f 1156/47/18 1160/46/18 1148/50/18
f 1172/25/24 1173/49/24 1174/22/24
f 1161/34/25 1160/33/25 1159/32/25
f 1174/22/22 1175/21/22 1176/23/22
f 1147/36/23 1162/35/23 1161/34/23
f 1157/38/21 1153/37/21 1149/51/21
f 1182/38/21 1186/37/21 1190/51/21
f 1192/36/23 1177/35/23 1178/34/23
f 1178/34/25 1179/33/25 1180/32/25
f 1183/47/18 1179/46/18 1191/50/18
f 1180/32/28 1181/31/28 1182/30/28
f 1182/30/29 1183/29/29 1184/28/29
f 1184/28/27 1185/27/27 1186/26/27
f 1186/26/26 1187/24/26 1188/25/26
f 1188/25/24 1189/49/24 1190/22/24
f 1190/22/22 1191/21/22 1192/23/22
f 1198/38/21 1202/37/21 1206/51/21
f 1208/36/23 1193/35/23 1194/34/23
f 1194/34/25 1195/33/25 1196/32/25
f 1199/47/18 1195/46/18 1207/50/18
f 1196/32/28 1197/31/28 1198/30/28
f 1198/30/29 1199/29/29 1200/28/29
f 1200/28/27 1201/27/27 1202/26/27
f 1202/26/26 1203/24/26 1204/25/26
f 1204/25/24 1205/49/24 1206/22/24
f 1206/22/22 1207/21/22 1208/23/22
f 1211/22/16 1210/21/16 1209/23/16
f 1213/25/15 1212/49/15 1211/22/15
f 1215/26/14 1214/24/14 1213/25/14
f 1217/28/13 1216/27/13 1215/26/13
f 1219/30/12 1218/29/12 1217/28/12
f 1221/32/11 1220/31/11 1219/30/11
f 1223/34/10 1222/33/10 1221/32/10
f 1209/36/9 1224/35/9 1223/34/9
f 1219/38/17 1215/37/17 1211/51/17
f 1227/41/21 1226/40/21 1225/42/21
f 1231/30/17 1228/43/17 1227/41/17
f 1225/31/19 1230/44/19 1229/45/19
f 1243/22/16 1242/21/16 1241/23/16
f 1230/44/20 1228/22/20 1232/26/20
f 1239/30/17 1236/43/17 1235/41/17
f 1237/45/18 1240/26/18 1239/30/18
f 1233/31/19 1238/44/19 1237/45/19
f 1245/25/15 1244/49/15 1243/22/15
f 1238/44/20 1236/22/20 1240/26/20
f 1247/26/14 1246/24/14 1245/25/14
f 1249/28/13 1248/27/13 1247/26/13
f 1251/30/12 1250/29/12 1249/28/12
f 1253/32/11 1252/31/11 1251/30/11
f 1250/47/19 1254/46/19 1242/50/19
f 1255/34/10 1254/33/10 1253/32/10
f 1241/36/9 1256/35/9 1255/34/9
f 1251/38/17 1247/37/17 1243/51/17
f 1259/22/16 1258/21/16 1257/23/16
f 1261/25/15 1260/49/15 1259/22/15
f 1263/26/14 1262/24/14 1261/25/14
f 1265/28/13 1264/27/13 1263/26/13
f 1267/30/12 1266/29/12 1265/28/12
f 1269/32/11 1268/31/11 1267/30/11
f 1266/47/19 1270/46/19 1258/50/19
f 1271/34/10 1270/33/10 1269/32/10
f 1257/36/9 1272/35/9 1271/34/9
f 1274/21/16 1275/22/16 1273/23/16
f 1275/22/15 1278/24/15 1277/25/15
f 1278/24/14 1279/26/14 1277/25/14
f 1280/27/13 1281/28/13 1279/26/13
f 1282/29/12 1283/30/12 1281/28/12
f 1284/31/11 1285/32/11 1283/30/11
f 1286/46/17 1282/47/17 1278/48/17
f 1286/33/10 1287/34/10 1285/32/10
f 1288/35/9 1273/36/9 1287/34/9
f 1279/37/19 1283/38/19 1287/39/19
f 1290/21/16 1291/22/16 1289/23/16
f 1292/49/15 1293/25/15 1291/22/15
f 1294/24/14 1295/26/14 1293/25/14
f 1296/27/13 1297/28/13 1295/26/13
f 1298/29/12 1299/30/12 1297/28/12
f 1300/31/11 1301/32/11 1299/30/11
f 1302/46/17 1298/47/17 1294/48/17
f 1302/33/10 1303/34/10 1301/32/10
f 1304/35/9 1289/36/9 1303/34/9
f 1326/38/21 1330/37/21 1334/51/21
f 1309/22/22 1308/21/22 1307/23/22
f 1336/36/23 1305/35/23 1306/34/23
f 1311/25/24 1310/49/24 1309/22/24
f 1306/34/25 1323/33/25 1324/32/25
f 1313/26/26 1312/24/26 1311/25/26
f 1327/47/18 1323/46/18 1335/50/18
f 1315/28/27 1314/27/27 1313/26/27
f 1324/32/28 1325/31/28 1326/30/28
f 1326/30/29 1327/29/29 1328/28/29
f 1317/30/29 1316/29/29 1315/28/29
f 1328/28/27 1329/27/27 1330/26/27
f 1330/26/26 1331/24/26 1332/25/26
f 1319/32/28 1318/31/28 1317/30/28
f 1316/47/18 1320/46/18 1308/50/18
f 1332/25/24 1333/49/24 1334/22/24
f 1321/34/25 1320/33/25 1319/32/25
f 1334/22/22 1335/21/22 1336/23/22
f 1307/36/23 1322/35/23 1321/34/23
f 1317/38/21 1313/37/21 1309/51/21
f 1342/38/21 1346/37/21 1350/51/21
f 1352/36/23 1337/35/23 1338/34/23
f 1338/34/25 1339/33/25 1340/32/25
f 1343/47/18 1339/46/18 1351/50/18
f 1340/32/28 1341/31/28 1342/30/28
f 1342/30/29 1343/29/29 1344/28/29
f 1344/28/27 1345/27/27 1346/26/27
f 1346/26/26 1347/24/26 1348/25/26
f 1348/25/24 1349/49/24 1350/22/24
f 1350/22/22 1351/21/22 1352/23/22
f 1358/38/21 1362/37/21 1366/51/21
f 1368/36/23 1353/35/23 1354/34/23
f 1354/34/25 1355/33/25 1356/32/25
f 1359/47/18 1355/46/18 1367/50/18
f 1356/32/28 1357/31/28 1358/30/28
f 1358/30/29 1359/29/29 1360/28/29
f 1360/28/27 1361/27/27 1362/26/27
f 1362/26/26 1363/24/26 1364/25/26
f 1364/25/24 1365/49/24 1366/22/24
f 1366/22/22 1367/21/22 1368/23/22
f 1371/22/16 1370/21/16 1369/23/16
f 1373/25/15 1372/49/15 1371/22/15
f 1375/26/14 1374/24/14 1373/25/14
f 1377/28/13 1376/27/13 1375/26/13
f 1379/30/12 1378/29/12 1377/28/12
f 1381/32/11 1380/31/11 1379/30/11
f 1383/34/10 1382/33/10 1381/32/10
f 1369/36/9 1384/35/9 1383/34/9
f 1379/38/17 1375/37/17 1371/51/17
f 1387/41/21 1386/40/21 1385/42/21
f 1391/30/17 1388/43/17 1387/41/17
f 1385/31/19 1390/44/19 1389/45/19
f 1403/22/16 1402/21/16 1401/23/16
f 1390/44/20 1388/22/20 1392/26/20
f 1399/30/17 1396/43/17 1395/41/17
f 1397/45/18 1400/26/18 1399/30/18
f 1393/31/19 1398/44/19 1397/45/19
f 1405/25/15 1404/49/15 1403/22/15
f 1398/44/20 1396/22/20 1400/26/20
f 1407/26/14 1406/24/14 1405/25/14
f 1409/28/13 1408/27/13 1407/26/13
f 1411/30/12 1410/29/12 1409/28/12
f 1413/32/11 1412/31/11 1411/30/11
f 1410/47/19 1414/46/19 1402/50/19
f 1415/34/10 1414/33/10 1413/32/10
f 1401/36/9 1416/35/9 1415/34/9
f 1411/38/17 1407/37/17 1403/51/17
f 1419/22/16 1418/21/16 1417/23/16
f 1421/25/15 1420/49/15 1419/22/15
f 1423/26/14 1422/24/14 1421/25/14
f 1425/28/13 1424/27/13 1423/26/13
f 1427/30/12 1426/29/12 1425/28/12
f 1429/32/11 1428/31/11 1427/30/11
f 1426/47/19 1430/46/19 1418/50/19
f 1431/34/10 1430/33/10 1429/32/10
f 1417/36/9 1432/35/9 1431/34/9
f 1434/21/16 1435/22/16 1433/23/16
f 1435/22/15 1438/24/15 1437/25/15
f 1438/24/14 1439/26/14 1437/25/14
f 1440/27/13 1441/28/13 1439/26/13
f 1442/29/12 1443/30/12 1441/28/12
f 1444/31/11 1445/32/11 1443/30/11
f 1446/46/17 1442/47/17 1438/48/17
f 1446/33/10 1447/34/10 1445/32/10
f 1448/35/9 1433/36/9 1447/34/9
f 1439/37/19 1443/38/19 1447/39/19
f 1450/21/16 1451/22/16 1449/23/16
f 1452/49/15 1453/25/15 1451/22/15
f 1454/24/14 1455/26/14 1453/25/14
f 1456/27/13 1457/28/13 1455/26/13
f 1458/29/12 1459/30/12 1457/28/12
f 1460/31/11 1461/32/11 1459/30/11
f 1462/46/17 1458/47/17 1454/48/17
f 1462/33/10 1463/34/10 1461/32/10
f 1464/35/9 1449/36/9 1463/34/9
f 1486/38/21 1490/37/21 1494/51/21
f 1469/22/22 1468/21/22 1467/23/22
f 1496/36/23 1465/35/23 1466/34/23
f 1471/25/24 1470/49/24 1469/22/24
f 1466/34/25 1483/33/25 1484/32/25
f 1473/26/26 1472/24/26 1471/25/26
f 1487/47/18 1483/46/18 1495/50/18
f 1475/28/27 1474/27/27 1473/26/27
f 1484/32/28 1485/31/28 1486/30/28
f 1486/30/29 1487/29/29 1488/28/29
f 1477/30/29 1476/29/29 1475/28/29
f 1488/28/27 1489/27/27 1490/26/27
f 1490/26/26 1491/24/26 1492/25/26
f 1479/32/28 1478/31/28 1477/30/28
f 1476/47/18 1480/46/18 1468/50/18
f 1492/25/24 1493/49/24 1494/22/24
f 1481/34/25 1480/33/25 1479/32/25
f 1494/22/22 1495/21/22 1496/23/22
f 1467/36/23 1482/35/23 1481/34/23
f 1477/38/21 1473/37/21 1469/51/21
f 1502/38/21 1506/37/21 1510/51/21
f 1512/36/23 1497/35/23 1498/34/23
f 1498/34/25 1499/33/25 1500/32/25
f 1503/47/18 1499/46/18 1511/50/18
f 1500/32/28 1501/31/28 1502/30/28
f 1502/30/29 1503/29/29 1504/28/29
f 1504/28/27 1505/27/27 1506/26/27
f 1506/26/26 1507/24/26 1508/25/26
f 1508/25/24 1509/49/24 1510/22/24
f 1510/22/22 1511/21/22 1512/23/22
f 1518/38/21 1522/37/21 1526/51/21
f 1528/36/23 1513/35/23 1514/34/23
f 1514/34/25 1515/33/25 1516/32/25
f 1519/47/18 1515/46/18 1527/50/18
f 1516/32/28 1517/31/28 1518/30/28
f 1518/30/29 1519/29/29 1520/28/29
f 1520/28/27 1521/27/27 1522/26/27
f 1522/26/26 1523/24/26 1524/25/26
f 1524/25/24 1525/49/24 1526/22/24
f 1526/22/22 1527/21/22 1528/23/22
f 1531/22/16 1530/21/16 1529/23/16
f 1533/25/15 1532/49/15 1531/22/15
f 1535/26/14 1534/24/14 1533/25/14
f 1537/28/13 1536/27/13 1535/26/13
f 1539/30/12 1538/29/12 1537/28/12
f 1541/32/11 1540/31/11 1539/30/11
f 1543/34/10 1542/33/10 1541/32/10
f 1529/36/9 1544/35/9 1543/34/9
f 1539/38/17 1535/37/17 1531/51/17
f 1547/41/21 1546/40/21 1545/42/21
f 1551/30/17 1548/43/17 1547/41/17
f 1545/31/19 1550/44/19 1549/45/19
f 1563/22/16 1562/21/16 1561/23/16
f 1550/44/20 1548/22/20 1552/26/20
f 1559/30/17 1556/43/17 1555/41/17
f 1557/45/18 1560/26/18 1559/30/18
f 1553/31/19 1558/44/19 1557/45/19
f 1565/25/15 1564/49/15 1563/22/15
f 1558/44/20 1556/22/20 1560/26/20
f 1567/26/14 1566/24/14 1565/25/14
f 1569/28/13 1568/27/13 1567/26/13
f 1571/30/12 1570/29/12 1569/28/12
f 1573/32/11 1572/31/11 1571/30/11
f 1570/47/19 1574/46/19 1562/50/19
f 1575/34/10 1574/33/10 1573/32/10
f 1561/36/9 1576/35/9 1575/34/9
f 1571/38/17 1567/37/17 1563/51/17
f 1579/22/16 1578/21/16 1577/23/16
f 1581/25/15 1580/49/15 1579/22/15
f 1583/26/14 1582/24/14 1581/25/14
f 1585/28/13 1584/27/13 1583/26/13
f 1587/30/12 1586/29/12 1585/28/12
f 1589/32/11 1588/31/11 1587/30/11
f 1586/47/19 1590/46/19 1578/50/19
f 1591/34/10 1590/33/10 1589/32/10
f 1577/36/9 1592/35/9 1591/34/9
f 1594/21/16 1595/22/16 1593/23/16
f 1595/22/15 1598/24/15 1597/25/15
f 1598/24/14 1599/26/14 1597/25/14
f 1600/27/13 1601/28/13 1599/26/13
f 1602/29/12 1603/30/12 1601/28/12
f 1604/31/11 1605/32/11 1603/30/11
f 1606/46/17 1602/47/17 1598/48/17
f 1606/33/10 1607/34/10 1605/32/10
f 1608/35/9 1593/36/9 1607/34/9
f 1599/37/19 1603/38/19 1607/39/19
f 1610/21/16 1611/22/16 1609/23/16
f 1612/49/15 1613/25/15 1611/22/15
f 1614/24/14 1615/26/14 1613/25/14
f 1616/27/13 1617/28/13 1615/26/13
f 1618/29/12 1619/30/12 1617/28/12
f 1620/31/11 1621/32/11 1619/30/11
f 1622/46/17 1618/47/17 1614/48/17
f 1622/33/10 1623/34/10 1621/32/10
f 1624/35/9 1609/36/9 1623/34/9
f 1646/38/21 1650/37/21 1654/51/21
f 1629/22/22 1628/21/22 1627/23/22
f 1656/36/23 1625/35/23 1626/34/23
f 1631/25/24 1630/49/24 1629/22/24
f 1626/34/25 1643/33/25 1644/32/25
f 1633/26/26 1632/24/26 1631/25/26
f 1647/47/18 1643/46/18 1655/50/18
f 1635/28/27 1634/27/27 1633/26/27
f 1644/32/28 1645/31/28 1646/30/28
f 1646/30/29 1647/29/29 1648/28/29
f 1637/30/29 1636/29/29 1635/28/29
f 1648/28/27 1649/27/27 1650/26/27
f 1650/26/26 1651/24/26 1652/25/26
f 1639/32/28 1638/31/28 1637/30/28
f 1636/47/18 1640/46/18 1628/50/18
f 1652/25/24 1653/49/24 1654/22/24
f 1641/34/25 1640/33/25 1639/32/25
f 1654/22/22 1655/21/22 1656/23/22
f 1627/36/23 1642/35/23 1641/34/23
f 1637/38/21 1633/37/21 1629/51/21
f 1662/38/21 1666/37/21 1670/51/21
f 1672/36/23 1657/35/23 1658/34/23
f 1658/34/25 1659/33/25 1660/32/25
f 1663/47/18 1659/46/18 1671/50/18
f 1660/32/28 1661/31/28 1662/30/28
f 1662/30/29 1663/29/29 1664/28/29
f 1664/28/27 1665/27/27 1666/26/27
f 1666/26/26 1667/24/26 1668/25/26
f 1668/25/24 1669/49/24 1670/22/24
f 1670/22/22 1671/21/22 1672/23/22
f 1678/38/21 1682/37/21 1686/51/21
f 1688/36/23 1673/35/23 1674/34/23
f 1674/34/25 1675/33/25 1676/32/25
f 1679/47/18 1675/46/18 1687/50/18
f 1676/32/28 1677/31/28 1678/30/28
f 1678/30/29 1679/29/29 1680/28/29
f 1680/28/27 1681/27/27 1682/26/27
f 1682/26/26 1683/24/26 1684/25/26
f 1684/25/24 1685/49/24 1686/22/24
f 1686/22/22 1687/21/22 1688/23/22
f 1691/22/16 1690/21/16 1689/23/16
f 1693/25/15 1692/49/15 1691/22/15
f 1695/26/14 1694/24/14 1693/25/14
f 1697/28/13 1696/27/13 1695/26/13
f 1699/30/12 1698/29/12 1697/28/12
f 1701/32/11 1700/31/11 1699/30/11
f 1703/34/10 1702/33/10 1701/32/10
f 1689/36/9 1704/35/9 1703/34/9
f 1699/38/17 1695/37/17 1691/51/17
f 1707/41/21 1706/40/21 1705/42/21
f 1711/30/17 1708/43/17 1707/41/17
f 1709/45/18 1712/26/18 1711/30/18
f 1705/31/19 1710/44/19 1709/45/19
f 1723/22/16 1722/21/16 1721/23/16
f 1710/44/20 1708/22/20 1712/26/20
f 1715/41/21 1714/40/21 1713/42/21
f 1719/30/17 1716/43/17 1715/41/17
f 1717/45/18 1720/26/18 1719/30/18
f 1713/31/19 1718/44/19 1717/45/19
f 1725/25/15 1724/49/15 1723/22/15
f 1718/44/20 1716/22/20 1720/26/20
f 1727/26/14 1726/24/14 1725/25/14
f 1729/28/13 1728/27/13 1727/26/13
f 1731/30/12 1730/29/12 1729/28/12
f 1733/32/11 1732/31/11 1731/30/11
f 1730/47/19 1734/46/19 1722/50/19
f 1735/34/10 1734/33/10 1733/32/10
f 1721/36/9 1736/35/9 1735/34/9
f 1731/38/17 1727/37/17 1723/51/17
f 1739/22/16 1738/21/16 1737/23/16
f 1741/25/15 1740/49/15 1739/22/15
f 1743/26/14 1742/24/14 1741/25/14
f 1745/28/13 1744/27/13 1743/26/13
f 1747/30/12 1746/29/12 1745/28/12
f 1749/32/11 1748/31/11 1747/30/11
f 1746/47/19 1750/46/19 1738/50/19
f 1751/34/10 1750/33/10 1749/32/10
f 1737/36/9 1752/35/9 1751/34/9
f 1754/21/16 1755/22/16 1753/23/16
f 1755/22/15 1758/24/15 1757/25/15
f 1758/24/14 1759/26/14 1757/25/14
f 1760/27/13 1761/28/13 1759/26/13
f 1762/29/12 1763/30/12 1761/28/12
f 1764/31/11 1765/32/11 1763/30/11
f 1766/46/17 1762/47/17 1758/48/17
f 1766/33/10 1767/34/10 1765/32/10
f 1768/35/9 1753/36/9 1767/34/9
f 1759/37/19 1763/38/19 1767/39/19
f 1770/21/16 1771/22/16 1769/23/16
f 1772/49/15 1773/25/15 1771/22/15
f 1774/24/14 1775/26/14 1773/25/14
f 1776/27/13 1777/28/13 1775/26/13
f 1778/29/12 1779/30/12 1777/28/12
f 1780/31/11 1781/32/11 1779/30/11
f 1782/46/17 1778/47/17 1774/48/17
f 1782/33/10 1783/34/10 1781/32/10
f 1784/35/9 1769/36/9 1783/34/9
f 1806/38/21 1810/37/21 1814/51/21
f 1789/22/22 1788/21/22 1787/23/22
f 1816/36/23 1785/35/23 1786/34/23
f 1791/25/24 1790/49/24 1789/22/24
f 1786/34/25 1803/33/25 1804/32/25
f 1793/26/26 1792/24/26 1791/25/26
f 1807/47/18 1803/46/18 1815/50/18
f 1795/28/27 1794/27/27 1793/26/27
f 1804/32/28 1805/31/28 1806/30/28
f 1806/30/29 1807/29/29 1808/28/29
f 1797/30/29 1796/29/29 1795/28/29
f 1808/28/27 1809/27/27 1810/26/27
f 1810/26/26 1811/24/26 1812/25/26
f 1799/32/28 1798/31/28 1797/30/28
f 1796/47/18 1800/46/18 1788/50/18
f 1812/25/24 1813/49/24 1814/22/24
f 1801/34/25 1800/33/25 1799/32/25
f 1814/22/22 1815/21/22 1816/23/22
f 1787/36/23 1802/35/23 1801/34/23
f 1797/38/21 1793/37/21 1789/51/21
f 1819/22/25 1818/21/25 1817/23/25
f 1821/25/23 1820/49/23 1819/22/23
f 1823/26/22 1822/24/22 1821/25/22
f 1825/28/24 1824/27/24 1823/26/24
f 1827/30/26 1826/29/26 1825/28/26
f 1829/32/27 1828/31/27 1827/30/27
f 1831/34/29 1830/33/29 1829/32/29
f 1817/36/28 1832/35/28 1831/34/28
f 1827/38/21 1823/37/21 1819/51/21
f 1835/41/19 1834/40/19 1833/42/19
f 1839/30/21 1836/43/21 1835/41/21
f 1837/45/17 1840/26/17 1839/30/17
f 1833/31/18 1838/44/18 1837/45/18
f 1851/22/25 1850/21/25 1849/23/25
f 1838/44/20 1836/22/20 1840/26/20
f 1843/41/19 1842/40/19 1841/42/19
f 1847/30/21 1844/43/21 1843/41/21
f 1845/45/17 1848/26/17 1847/30/17
f 1841/31/18 1846/44/18 1845/45/18
f 1853/25/23 1852/49/23 1851/22/23
f 1846/44/20 1844/22/20 1848/26/20
f 1855/26/22 1854/24/22 1853/25/22
f 1857/28/24 1856/27/24 1855/26/24
f 1859/30/26 1858/29/26 1857/28/26
f 1861/32/27 1860/31/27 1859/30/27
f 1858/47/18 1862/46/18 1850/50/18
f 1863/34/29 1862/33/29 1861/32/29
f 1849/36/28 1864/35/28 1863/34/28
f 1859/38/21 1855/37/21 1851/51/21
f 1867/22/25 1866/21/25 1865/23/25
f 1869/25/30 1868/49/30 1867/22/30
f 1871/26/22 1870/24/22 1869/25/22
f 1873/28/24 1872/27/24 1871/26/24
f 1875/30/26 1874/29/26 1873/28/26
f 1877/32/27 1876/31/27 1875/30/27
f 1874/47/18 1878/46/18 1866/50/18
f 1879/34/29 1878/33/29 1877/32/29
f 1865/36/28 1880/35/28 1879/34/28
f 1882/21/25 1883/22/25 1881/23/25
f 1883/22/23 1886/24/23 1885/25/23
f 1886/24/31 1887/26/31 1885/25/31
f 1888/27/24 1889/28/24 1887/26/24
f 1890/29/26 1891/30/26 1889/28/26
f 1892/31/27 1893/32/27 1891/30/27
f 1894/46/21 1890/47/21 1886/48/21
f 1894/33/29 1895/34/29 1893/32/29
f 1896/35/28 1881/36/28 1895/34/28
f 1887/37/18 1891/38/18 1895/39/18
f 1898/21/25 1899/22/25 1897/23/25
f 1900/49/23 1901/25/23 1899/22/23
f 1902/24/22 1903/26/22 1901/25/22
f 1904/27/24 1905/28/24 1903/26/24
f 1906/29/26 1907/30/26 1905/28/26
f 1908/31/27 1909/32/27 1907/30/27
f 1910/46/21 1906/47/21 1902/48/21
f 1910/33/29 1911/34/29 1909/32/29
f 1912/35/28 1897/36/28 1911/34/28
f 1934/38/19 1938/37/19 1942/51/19
f 1917/22/11 1916/21/11 1915/23/11
f 1944/36/10 1913/35/10 1914/34/10
f 1919/25/12 1918/49/12 1917/22/12
f 1914/34/9 1931/33/9 1932/32/9
f 1921/26/13 1920/24/13 1919/25/13
f 1935/47/17 1931/46/17 1943/50/17
f 1923/28/14 1922/27/14 1921/26/14
f 1932/32/16 1933/31/16 1934/30/16
f 1934/30/15 1935/29/15 1936/28/15
f 1925/30/15 1924/29/15 1923/28/15
f 1936/28/14 1937/27/14 1938/26/14
f 1938/26/13 1939/24/13 1940/25/13
f 1927/32/16 1926/31/16 1925/30/16
f 1924/47/17 1928/46/17 1916/50/17
f 1940/25/12 1941/49/12 1942/22/12
f 1929/34/9 1928/33/9 1927/32/9
f 1942/22/11 1943/21/11 1944/23/11
f 1915/36/10 1930/35/10 1929/34/10
f 1925/38/19 1921/37/19 1917/51/19
f 1947/41/21 1946/40/21 1945/42/21
f 1951/30/17 1948/43/17 1947/41/17
f 1949/45/18 1952/26/18 1951/30/18
f 1945/31/19 1950/44/19 1949/45/19
f 1950/44/20 1948/22/20 1952/26/20
f 1974/38/21 1978/37/21 1982/51/21
f 1957/22/22 1956/21/22 1955/23/22
f 1984/36/23 1953/35/23 1954/34/23
f 1959/25/24 1958/49/24 1957/22/24
f 1954/34/25 1971/33/25 1972/32/25
f 1961/26/26 1960/24/26 1959/25/26
f 1975/47/18 1971/46/18 1983/50/18
f 1963/28/27 1962/27/27 1961/26/27
f 1972/32/28 1973/31/28 1974/30/28
f 1974/30/29 1975/29/29 1976/28/29
f 1965/30/29 1964/29/29 1963/28/29
f 1976/28/27 1977/27/27 1978/26/27
f 1978/26/26 1979/24/26 1980/25/26
f 1967/32/28 1966/31/28 1965/30/28
f 1964/47/18 1968/46/18 1956/50/18
f 1980/25/24 1981/49/24 1982/22/24
f 1969/34/25 1968/33/25 1967/32/25
f 1982/22/22 1983/21/22 1984/23/22
f 1955/36/23 1970/35/23 1969/34/23
f 1965/38/21 1961/37/21 1957/51/21
f 1987/41/21 1986/40/21 1985/42/21
f 1991/30/17 1988/43/17 1987/41/17
f 1989/45/18 1992/26/18 1991/30/18
f 1985/31/19 1990/44/19 1989/45/19
f 1990/44/20 1988/22/20 1992/26/20
f 1995/41/19 1994/40/19 1993/42/19
f 1999/30/21 1996/43/21 1995/41/21
f 1997/45/17 2000/26/17 1999/30/17
f 1993/31/18 1998/44/18 1997/45/18
f 1998/44/20 1996/22/20 2000/26/20
f 2003/41/19 2002/40/19 2001/42/19
f 2007/30/21 2004/43/21 2003/41/21
f 2005/45/17 2008/26/17 2007/30/17
f 2001/31/18 2006/44/18 2005/45/18
f 2006/44/20 2004/22/20 2008/26/20
f 2030/38/19 2034/37/19 2038/51/19
f 2013/22/11 2012/21/11 2011/23/11
f 2040/36/10 2009/35/10 2010/34/10
f 2015/25/12 2014/49/12 2013/22/12
f 2010/34/9 2027/33/9 2028/32/9
f 2017/26/13 2016/24/13 2015/25/13
f 2031/47/17 2027/46/17 2039/50/17
f 2019/28/14 2018/27/14 2017/26/14
f 2028/32/16 2029/31/16 2030/30/16
f 2030/30/15 2031/29/15 2032/28/15
f 2021/30/15 2020/29/15 2019/28/15
f 2032/28/14 2033/27/14 2034/26/14
f 2034/26/13 2035/24/13 2036/25/13
f 2023/32/16 2022/31/16 2021/30/16
f 2020/47/17 2024/46/17 2012/50/17
f 2036/25/12 2037/49/12 2038/22/12
f 2025/34/9 2024/33/9 2023/32/9
f 2038/22/11 2039/21/11 2040/23/11
f 2011/36/10 2026/35/10 2025/34/10
f 2021/38/19 2017/37/19 2013/51/19
f 1997/45/32 1995/41/32 1993/31/32
f 1949/45/32 1947/41/32 1945/31/32
f 2043/22/9 2042/21/9 2041/23/9
f 2043/22/10 2046/24/10 2044/49/10
f 2047/26/11 2046/24/11 2045/25/11
f 2049/28/12 2048/27/12 2047/26/12
f 2051/30/13 2050/29/13 2049/28/13
f 2053/32/14 2052/31/14 2051/30/14
f 2055/34/15 2054/33/15 2053/32/15
f 2041/36/16 2056/35/16 2055/34/16
f 2051/38/19 2047/37/19 2043/51/19
f 2059/41/18 2058/40/18 2057/42/18
f 2063/30/19 2060/43/19 2059/41/19
f 2057/31/17 2062/44/17 2061/45/17
f 2075/22/9 2074/21/9 2073/23/9
f 2062/44/20 2060/22/20 2064/26/20
f 2071/30/19 2068/43/19 2067/41/19
f 2069/45/21 2072/26/21 2071/30/21
f 2065/31/17 2070/44/17 2069/45/17
f 2075/22/10 2078/24/10 2076/49/10
f 2070/44/20 2068/22/20 2072/26/20
f 2079/26/11 2078/24/11 2077/25/11
f 2081/28/12 2080/27/12 2079/26/12
f 2083/30/13 2082/29/13 2081/28/13
f 2085/32/14 2084/31/14 2083/30/14
f 2082/47/17 2086/46/17 2074/50/17
f 2087/34/15 2086/33/15 2085/32/15
f 2073/36/16 2088/35/16 2087/34/16
f 2083/38/19 2079/37/19 2075/51/19
f 2091/22/9 2090/21/9 2089/23/9
f 2093/25/10 2092/49/10 2091/22/10
f 2095/26/11 2094/24/11 2093/25/11
f 2097/28/12 2096/27/12 2095/26/12
f 2099/30/13 2098/29/13 2097/28/13
f 2101/32/14 2100/31/14 2099/30/14
f 2098/47/17 2102/46/17 2090/50/17
f 2103/34/15 2102/33/15 2101/32/15
f 2089/36/16 2104/35/16 2103/34/16
f 2106/21/9 2107/22/9 2105/23/9
f 2107/22/10 2110/24/10 2109/25/10
f 2110/24/11 2111/26/11 2109/25/11
f 2112/27/12 2113/28/12 2111/26/12
f 2114/29/13 2115/30/13 2113/28/13
f 2116/31/14 2117/32/14 2115/30/14
f 2118/46/19 2114/47/19 2110/48/19
f 2118/33/15 2119/34/15 2117/32/15
f 2120/35/16 2105/36/16 2119/34/16
f 2111/37/17 2115/38/17 2119/39/17
f 2122/21/9 2123/22/9 2121/23/9
f 2124/49/10 2125/25/10 2123/22/10
f 2126/24/11 2127/26/11 2125/25/11
f 2128/27/12 2129/28/12 2127/26/12
f 2130/29/13 2131/30/13 2129/28/13
f 2132/31/14 2133/32/14 2131/30/14
f 2134/46/19 2130/47/19 2126/48/19
f 2134/33/15 2135/34/15 2133/32/15
f 2136/35/16 2121/36/16 2135/34/16
f 2152/38/18 2156/37/18 2158/51/18
f 2141/22/27 2140/21/27 2139/23/27
f 2160/36/29 2137/35/29 2138/34/29
f 159/25/26 2142/49/26 2141/22/26
f 2138/34/28 171/33/28 172/32/28
f 2143/26/24 160/24/24 159/25/24
f 2153/47/21 171/46/21 2159/50/21
f 2145/28/22 2144/27/22 2143/26/22
f 172/32/25 2151/31/25 2152/30/25
f 2152/30/23 2153/29/23 2154/28/23
f 2147/30/23 2146/29/23 2145/28/23
f 2154/28/22 2155/27/22 2156/26/22
f 2156/26/24 179/24/24 180/25/24
f 167/32/25 2148/31/25 2147/30/25
f 2146/47/21 168/46/21 2140/50/21
f 180/25/26 2157/49/26 2158/22/26
f 2149/34/28 168/33/28 167/32/28
f 2158/22/27 2159/21/27 2160/23/27
f 2139/36/29 2150/35/29 2149/34/29
f 2147/38/18 2143/37/18 2141/51/18
f 2164/38/18 2168/37/18 2170/51/18
f 2172/36/29 2161/35/29 2162/34/29
f 2162/34/28 187/33/28 188/32/28
f 2165/47/21 187/46/21 2171/50/21
f 188/32/25 2163/31/25 2164/30/25
f 2164/30/23 2165/29/23 2166/28/23
f 2166/28/22 2167/27/22 2168/26/22
f 2168/26/24 195/24/24 196/25/24
f 196/25/26 2169/49/26 2170/22/26
f 2170/22/27 2171/21/27 2172/23/27
f 2176/38/18 2180/37/18 2182/51/18
f 2184/36/29 2173/35/29 2174/34/29
f 2174/34/28 203/33/28 204/32/28
f 2177/47/21 203/46/21 2183/50/21
f 204/32/25 2175/31/25 2176/30/25
f 2176/30/23 2177/29/23 2178/28/23
f 2178/28/22 2179/27/22 2180/26/22
f 2180/26/24 211/24/24 212/25/24
f 212/25/26 2181/49/26 2182/22/26
f 2182/22/27 2183/21/27 2184/23/27
f 2187/22/9 2186/21/9 2185/23/9
f 2189/25/10 2188/49/10 2187/22/10
f 2191/26/11 2190/24/11 2189/25/11
f 2193/28/12 2192/27/12 2191/26/12
f 2195/30/13 2194/29/13 2193/28/13
f 2197/32/14 2196/31/14 2195/30/14
f 2199/34/15 2198/33/15 2197/32/15
f 2185/36/16 2200/35/16 2199/34/16
f 2195/38/19 2191/37/19 2187/51/19
f 2203/41/18 2202/40/18 2201/42/18
f 2207/30/19 2204/43/19 2203/41/19
f 2201/31/17 2206/44/17 2205/45/17
f 2219/22/9 2218/21/9 2217/23/9
f 2206/44/20 2204/22/20 2208/26/20
f 2215/30/19 2212/43/19 2211/41/19
f 2213/45/21 2216/26/21 2215/30/21
f 2209/31/17 2214/44/17 2213/45/17
f 2221/25/10 2220/49/10 2219/22/10
f 2214/44/20 2212/22/20 2216/26/20
f 2223/26/11 2222/24/11 2221/25/11
f 2225/28/12 2224/27/12 2223/26/12
f 2227/30/13 2226/29/13 2225/28/13
f 2229/32/14 2228/31/14 2227/30/14
f 2226/47/17 2230/46/17 2218/50/17
f 2231/34/15 2230/33/15 2229/32/15
f 2217/36/16 2232/35/16 2231/34/16
f 2227/38/19 2223/37/19 2219/51/19
f 2235/22/9 2234/21/9 2233/23/9
f 2237/25/10 2236/49/10 2235/22/10
f 2239/26/11 2238/24/11 2237/25/11
f 2241/28/12 2240/27/12 2239/26/12
f 2243/30/13 2242/29/13 2241/28/13
f 2245/32/14 2244/31/14 2243/30/14
f 2242/47/17 2246/46/17 2234/50/17
f 2247/34/15 2246/33/15 2245/32/15
f 2233/36/16 2248/35/16 2247/34/16
f 2250/21/9 2251/22/9 2249/23/9
f 2251/22/10 2254/24/10 2253/25/10
f 2254/24/11 2255/26/11 2253/25/11
f 2256/27/12 2257/28/12 2255/26/12
f 2258/29/13 2259/30/13 2257/28/13
f 2260/31/14 2261/32/14 2259/30/14
f 2262/46/19 2258/47/19 2254/48/19
f 2262/33/15 2263/34/15 2261/32/15
f 2264/35/16 2249/36/16 2263/34/16
f 2255/37/17 2259/38/17 2263/39/17
f 2266/21/9 2267/22/9 2265/23/9
f 2268/49/10 2269/25/10 2267/22/10
f 2270/24/11 2271/26/11 2269/25/11
f 2272/27/12 2273/28/12 2271/26/12
f 2274/29/13 2275/30/13 2273/28/13
f 2276/31/14 2277/32/14 2275/30/14
f 2278/46/19 2274/47/19 2270/48/19
f 2278/33/15 2279/34/15 2277/32/15
f 2280/35/16 2265/36/16 2279/34/16
f 2302/38/18 2306/37/18 2310/51/18
f 2285/22/27 2284/21/27 2283/23/27
f 2312/36/29 2281/35/29 2282/34/29
f 2287/25/26 2286/49/26 2285/22/26
f 2282/34/28 2299/33/28 2300/32/28
f 2289/26/24 2288/24/24 2287/25/24
f 2303/47/21 2299/46/21 2311/50/21
f 2291/28/22 2290/27/22 2289/26/22
f 2300/32/25 2301/31/25 2302/30/25
f 2302/30/23 2303/29/23 2304/28/23
f 2293/30/23 2292/29/23 2291/28/23
f 2304/28/22 2305/27/22 2306/26/22
f 2306/26/24 2307/24/24 2308/25/24
f 2295/32/25 2294/31/25 2293/30/25
f 2292/47/21 2296/46/21 2284/50/21
f 2308/25/26 2309/49/26 2310/22/26
f 2297/34/28 2296/33/28 2295/32/28
f 2310/22/27 2311/21/27 2312/23/27
f 2283/36/29 2298/35/29 2297/34/29
f 2293/38/18 2289/37/18 2285/51/18
f 2318/38/18 2322/37/18 2326/51/18
f 2328/36/29 2313/35/29 2314/34/29
f 2314/34/28 2315/33/28 2316/32/28
f 2319/47/21 2315/46/21 2327/50/21
f 2316/32/25 2317/31/25 2318/30/25
f 2318/30/23 2319/29/23 2320/28/23
f 2320/28/22 2321/27/22 2322/26/22
f 2322/26/24 2323/24/24 2324/25/24
f 2324/25/26 2325/49/26 2326/22/26
f 2326/22/27 2327/21/27 2328/23/27
f 2334/38/18 2338/37/18 2342/51/18
f 2344/36/29 2329/35/29 2330/34/29
f 2330/34/28 2331/33/28 2332/32/28
f 2335/47/21 2331/46/21 2343/50/21
f 2332/32/25 2333/31/25 2334/30/25
f 2334/30/23 2335/29/23 2336/28/23
f 2336/28/22 2337/27/22 2338/26/22
f 2338/26/24 2339/24/24 2340/25/24
f 2340/25/26 2341/49/26 2342/22/26
f 2342/22/27 2343/21/27 2344/23/27
f 2347/22/9 2346/21/9 2345/23/9
f 2349/25/10 2348/49/10 2347/22/10
f 2351/26/11 2350/24/11 2349/25/11
f 2353/28/12 2352/27/12 2351/26/12
f 2355/30/13 2354/29/13 2353/28/13
f 2357/32/14 2356/31/14 2355/30/14
f 2359/34/15 2358/33/15 2357/32/15
f 2345/36/16 2360/35/16 2359/34/16
f 2355/38/19 2351/37/19 2347/51/19
f 2363/41/18 2362/40/18 2361/42/18
f 2367/30/19 2364/43/19 2363/41/19
f 2361/31/17 2366/44/17 2365/45/17
f 2379/22/9 2378/21/9 2377/23/9
f 2366/44/20 2364/22/20 2368/26/20
f 2375/30/19 2372/43/19 2371/41/19
f 2373/45/21 2376/26/21 2375/30/21
f 2369/31/17 2374/44/17 2373/45/17
f 2381/25/10 2380/49/10 2379/22/10
f 2374/44/20 2372/22/20 2376/26/20
f 2383/26/11 2382/24/11 2381/25/11
f 2385/28/12 2384/27/12 2383/26/12
f 2387/30/13 2386/29/13 2385/28/13
f 2389/32/14 2388/31/14 2387/30/14
f 2386/47/17 2390/46/17 2378/50/17
f 2391/34/15 2390/33/15 2389/32/15
f 2377/36/16 2392/35/16 2391/34/16
f 2387/38/19 2383/37/19 2379/51/19
f 2395/22/9 2394/21/9 2393/23/9
f 2397/25/10 2396/49/10 2395/22/10
f 2399/26/11 2398/24/11 2397/25/11
f 2401/28/12 2400/27/12 2399/26/12
f 2403/30/13 2402/29/13 2401/28/13
f 2405/32/14 2404/31/14 2403/30/14
f 2402/47/17 2406/46/17 2394/50/17
f 2407/34/15 2406/33/15 2405/32/15
f 2393/36/16 2408/35/16 2407/34/16
f 2410/21/9 2411/22/9 2409/23/9
f 2411/22/10 2414/24/10 2413/25/10
f 2414/24/11 2415/26/11 2413/25/11
f 2416/27/12 2417/28/12 2415/26/12
f 2418/29/13 2419/30/13 2417/28/13
f 2420/31/14 2421/32/14 2419/30/14
f 2422/46/19 2418/47/19 2414/48/19
f 2422/33/15 2423/34/15 2421/32/15
f 2424/35/16 2409/36/16 2423/34/16
f 2415/37/17 2419/38/17 2423/39/17
f 2426/21/9 2427/22/9 2425/23/9
f 2428/49/10 2429/25/10 2427/22/10
f 2430/24/11 2431/26/11 2429/25/11
f 2432/27/12 2433/28/12 2431/26/12
f 2434/29/13 2435/30/13 2433/28/13
f 2436/31/14 2437/32/14 2435/30/14
f 2438/46/19 2434/47/19 2430/48/19
f 2438/33/15 2439/34/15 2437/32/15
f 2440/35/16 2425/36/16 2439/34/16
f 2462/38/18 2466/37/18 2470/51/18
f 2445/22/27 2444/21/27 2443/23/27
f 2472/36/29 2441/35/29 2442/34/29
f 2447/25/26 2446/49/26 2445/22/26
f 2442/34/28 2459/33/28 2460/32/28
f 2449/26/24 2448/24/24 2447/25/24
f 2463/47/21 2459/46/21 2471/50/21
f 2451/28/22 2450/27/22 2449/26/22
f 2460/32/25 2461/31/25 2462/30/25
f 2462/30/23 2463/29/23 2464/28/23
f 2453/30/23 2452/29/23 2451/28/23
f 2464/28/22 2465/27/22 2466/26/22
f 2466/26/24 2467/24/24 2468/25/24
f 2455/32/25 2454/31/25 2453/30/25
f 2452/47/21 2456/46/21 2444/50/21
f 2468/25/26 2469/49/26 2470/22/26
f 2457/34/28 2456/33/28 2455/32/28
f 2470/22/27 2471/21/27 2472/23/27
f 2443/36/29 2458/35/29 2457/34/29
f 2453/38/18 2449/37/18 2445/51/18
f 2478/38/18 2482/37/18 2486/51/18
f 2488/36/29 2473/35/29 2474/34/29
f 2474/34/28 2475/33/28 2476/32/28
f 2479/47/21 2475/46/21 2487/50/21
f 2476/32/25 2477/31/25 2478/30/25
f 2478/30/23 2479/29/23 2480/28/23
f 2480/28/22 2481/27/22 2482/26/22
f 2482/26/24 2483/24/24 2484/25/24
f 2484/25/26 2485/49/26 2486/22/26
f 2486/22/27 2487/21/27 2488/23/27
f 2494/38/18 2498/37/18 2502/51/18
f 2504/36/29 2489/35/29 2490/34/29
f 2490/34/28 2491/33/28 2492/32/28
f 2495/47/21 2491/46/21 2503/50/21
f 2492/32/25 2493/31/25 2494/30/25
f 2494/30/23 2495/29/23 2496/28/23
f 2496/28/22 2497/27/22 2498/26/22
f 2498/26/24 2499/24/24 2500/25/24
f 2500/25/26 2501/49/26 2502/22/26
f 2502/22/27 2503/21/27 2504/23/27
f 2507/22/9 2506/21/9 2505/23/9
f 2509/25/10 2508/49/10 2507/22/10
f 2511/26/11 2510/24/11 2509/25/11
f 2513/28/12 2512/27/12 2511/26/12
f 2515/30/13 2514/29/13 2513/28/13
f 2517/32/14 2516/31/14 2515/30/14
f 2519/34/15 2518/33/15 2517/32/15
f 2505/36/16 2520/35/16 2519/34/16
f 2515/38/19 2511/37/19 2507/51/19
f 2523/41/18 2522/40/18 2521/42/18
f 2527/30/19 2524/43/19 2523/41/19
f 2521/31/17 2526/44/17 2525/45/17
f 2539/22/9 2538/21/9 2537/23/9
f 2526/44/20 2524/22/20 2528/26/20
f 2535/30/19 2532/43/19 2531/41/19
f 2533/45/21 2536/26/21 2535/30/21
f 2529/31/17 2534/44/17 2533/45/17
f 2541/25/10 2540/49/10 2539/22/10
f 2534/44/20 2532/22/20 2536/26/20
f 2543/26/11 2542/24/11 2541/25/11
f 2545/28/12 2544/27/12 2543/26/12
f 2547/30/13 2546/29/13 2545/28/13
f 2549/32/14 2548/31/14 2547/30/14
f 2546/47/17 2550/46/17 2538/50/17
f 2551/34/15 2550/33/15 2549/32/15
f 2537/36/16 2552/35/16 2551/34/16
f 2547/38/19 2543/37/19 2539/51/19
f 2555/22/9 2554/21/9 2553/23/9
f 2557/25/10 2556/49/10 2555/22/10
f 2559/26/11 2558/24/11 2557/25/11
f 2561/28/12 2560/27/12 2559/26/12
f 2563/30/13 2562/29/13 2561/28/13
f 2565/32/14 2564/31/14 2563/30/14
f 2562/47/17 2566/46/17 2554/50/17
f 2567/34/15 2566/33/15 2565/32/15
f 2553/36/16 2568/35/16 2567/34/16
f 2570/21/9 2571/22/9 2569/23/9
f 2571/22/10 2574/24/10 2573/25/10
f 2574/24/11 2575/26/11 2573/25/11
f 2576/27/12 2577/28/12 2575/26/12
f 2578/29/13 2579/30/13 2577/28/13
f 2580/31/14 2581/32/14 2579/30/14
f 2582/46/19 2578/47/19 2574/48/19
f 2582/33/15 2583/34/15 2581/32/15
f 2584/35/16 2569/36/16 2583/34/16
f 2575/37/17 2579/38/17 2583/39/17
f 2586/21/9 2587/22/9 2585/23/9
f 2588/49/10 2589/25/10 2587/22/10
f 2590/24/11 2591/26/11 2589/25/11
f 2592/27/12 2593/28/12 2591/26/12
f 2594/29/13 2595/30/13 2593/28/13
f 2596/31/14 2597/32/14 2595/30/14
f 2598/46/19 2594/47/19 2590/48/19
f 2598/33/15 2599/34/15 2597/32/15
f 2600/35/16 2585/36/16 2599/34/16
f 2622/38/18 2626/37/18 2630/51/18
f 2605/22/27 2604/21/27 2603/23/27
f 2632/36/29 2601/35/29 2602/34/29
f 2607/25/26 2606/49/26 2605/22/26
f 2602/34/28 2619/33/28 2620/32/28
f 2609/26/24 2608/24/24 2607/25/24
f 2623/47/21 2619/46/21 2631/50/21
f 2611/28/22 2610/27/22 2609/26/22
f 2620/32/25 2621/31/25 2622/30/25
f 2622/30/23 2623/29/23 2624/28/23
f 2613/30/23 2612/29/23 2611/28/23
f 2624/28/22 2625/27/22 2626/26/22
f 2626/26/24 2627/24/24 2628/25/24
f 2615/32/25 2614/31/25 2613/30/25
f 2612/47/21 2616/46/21 2604/50/21
f 2628/25/26 2629/49/26 2630/22/26
f 2617/34/28 2616/33/28 2615/32/28
f 2630/22/27 2631/21/27 2632/23/27
f 2603/36/29 2618/35/29 2617/34/29
f 2613/38/18 2609/37/18 2605/51/18
f 2638/38/18 2642/37/18 2646/51/18
f 2648/36/29 2633/35/29 2634/34/29
f 2634/34/28 2635/33/28 2636/32/28
f 2639/47/21 2635/46/21 2647/50/21
f 2636/32/25 2637/31/25 2638/30/25
f 2638/30/23 2639/29/23 2640/28/23
f 2640/28/22 2641/27/22 2642/26/22
f 2642/26/24 2643/24/24 2644/25/24
f 2644/25/26 2645/49/26 2646/22/26
f 2646/22/27 2647/21/27 2648/23/27
f 2654/38/18 2658/37/18 2662/51/18
f 2664/36/29 2649/35/29 2650/34/29
f 2650/34/28 2651/33/28 2652/32/28
f 2655/47/21 2651/46/21 2663/50/21
f 2652/32/25 2653/31/25 2654/30/25
f 2654/30/23 2655/29/23 2656/28/23
f 2656/28/22 2657/27/22 2658/26/22
f 2658/26/24 2659/24/24 2660/25/24
f 2660/25/26 2661/49/26 2662/22/26
f 2662/22/27 2663/21/27 2664/23/27
f 2667/22/9 2666/21/9 2665/23/9
f 2669/25/10 2668/49/10 2667/22/10
f 2671/26/11 2670/24/11 2669/25/11
f 2673/28/12 2672/27/12 2671/26/12
f 2675/30/13 2674/29/13 2673/28/13
f 2677/32/14 2676/31/14 2675/30/14
f 2679/34/15 2678/33/15 2677/32/15
f 2665/36/16 2680/35/16 2679/34/16
f 2675/38/19 2671/37/19 2667/51/19
f 2683/41/18 2682/40/18 2681/42/18
f 2687/30/19 2684/43/19 2683/41/19
f 2685/45/21 2688/26/21 2687/30/21
f 2681/31/17 2686/44/17 2685/45/17
f 2699/22/9 2698/21/9 2697/23/9
f 2686/44/20 2684/22/20 2688/26/20
f 2691/41/18 2690/40/18 2689/42/18
f 2695/30/19 2692/43/19 2691/41/19
f 2693/45/21 2696/26/21 2695/30/21
f 2689/31/17 2694/44/17 2693/45/17
f 2701/25/10 2700/49/10 2699/22/10
f 2694/44/20 2692/22/20 2696/26/20
f 2703/26/11 2702/24/11 2701/25/11
f 2705/28/12 2704/27/12 2703/26/12
f 2707/30/13 2706/29/13 2705/28/13
f 2709/32/14 2708/31/14 2707/30/14
f 2706/47/17 2710/46/17 2698/50/17
f 2711/34/15 2710/33/15 2709/32/15
f 2697/36/16 2712/35/16 2711/34/16
f 2707/38/19 2703/37/19 2699/51/19
f 2715/22/9 2714/21/9 2713/23/9
f 2717/25/10 2716/49/10 2715/22/10
f 2719/26/11 2718/24/11 2717/25/11
f 2721/28/12 2720/27/12 2719/26/12
f 2723/30/13 2722/29/13 2721/28/13
f 2725/32/14 2724/31/14 2723/30/14
f 2722/47/17 2726/46/17 2714/50/17
f 2727/34/15 2726/33/15 2725/32/15
f 2713/36/16 2728/35/16 2727/34/16
f 2730/21/9 2731/22/9 2729/23/9
f 2731/22/10 2734/24/10 2733/25/10
f 2734/24/11 2735/26/11 2733/25/11
f 2736/27/12 2737/28/12 2735/26/12
f 2738/29/13 2739/30/13 2737/28/13
f 2740/31/14 2741/32/14 2739/30/14
f 2742/46/19 2738/47/19 2734/48/19
f 2742/33/15 2743/34/15 2741/32/15
f 2744/35/16 2729/36/16 2743/34/16
f 2735/37/17 2739/38/17 2743/39/17
f 2746/21/9 2747/22/9 2745/23/9
f 2748/49/10 2749/25/10 2747/22/10
f 2750/24/11 2751/26/11 2749/25/11
f 2752/27/12 2753/28/12 2751/26/12
f 2754/29/13 2755/30/13 2753/28/13
f 2756/31/14 2757/32/14 2755/30/14
f 2758/46/19 2754/47/19 2750/48/19
f 2758/33/15 2759/34/15 2757/32/15
f 2760/35/16 2745/36/16 2759/34/16
f 2782/38/18 2786/37/18 2790/51/18
f 2765/22/27 2764/21/27 2763/23/27
f 2792/36/29 2761/35/29 2762/34/29
f 2767/25/26 2766/49/26 2765/22/26
f 2762/34/28 2779/33/28 2780/32/28
f 2769/26/24 2768/24/24 2767/25/24
f 2783/47/21 2779/46/21 2791/50/21
f 2771/28/22 2770/27/22 2769/26/22
f 2780/32/25 2781/31/25 2782/30/25
f 2782/30/23 2783/29/23 2784/28/23
f 2773/30/23 2772/29/23 2771/28/23
f 2784/28/22 2785/27/22 2786/26/22
f 2786/26/24 2787/24/24 2788/25/24
f 2775/32/25 2774/31/25 2773/30/25
f 2772/47/21 2776/46/21 2764/50/21
f 2788/25/26 2789/49/26 2790/22/26
f 2777/34/28 2776/33/28 2775/32/28
f 2790/22/27 2791/21/27 2792/23/27
f 2763/36/29 2778/35/29 2777/34/29
f 2773/38/18 2769/37/18 2765/51/18
f 2795/22/28 2794/21/28 2793/23/28
f 2797/25/29 2796/49/29 2795/22/29
f 2799/26/27 2798/24/27 2797/25/27
f 2801/28/26 2800/27/26 2799/26/26
f 2803/30/24 2802/29/24 2801/28/24
f 2805/32/22 2804/31/22 2803/30/22
f 2807/34/23 2806/33/23 2805/32/23
f 2793/36/25 2808/35/25 2807/34/25
f 2803/38/18 2799/37/18 2795/51/18
f 2811/41/17 2810/40/17 2809/42/17
f 2815/30/18 2812/43/18 2811/41/18
f 2813/45/19 2816/26/19 2815/30/19
f 2809/31/21 2814/44/21 2813/45/21
f 2827/22/28 2826/21/28 2825/23/28
f 2814/44/20 2812/22/20 2816/26/20
f 2819/41/17 2818/40/17 2817/42/17
f 2823/30/18 2820/43/18 2819/41/18
f 2821/45/19 2824/26/19 2823/30/19
f 2817/31/21 2822/44/21 2821/45/21
f 2829/25/29 2828/49/29 2827/22/29
f 2822/44/20 2820/22/20 2824/26/20
f 2831/26/27 2830/24/27 2829/25/27
f 2833/28/26 2832/27/26 2831/26/26
f 2835/30/24 2834/29/24 2833/28/24
f 2837/32/22 2836/31/22 2835/30/22
f 2834/47/21 2838/46/21 2826/50/21
f 2839/34/23 2838/33/23 2837/32/23
f 2825/36/25 2840/35/25 2839/34/25
f 2835/38/18 2831/37/18 2827/51/18
f 2843/22/28 2842/21/28 2841/23/28
f 2845/25/33 2844/49/33 2843/22/33
f 2847/26/27 2846/24/27 2845/25/27
f 2849/28/26 2848/27/26 2847/26/26
f 2851/30/24 2850/29/24 2849/28/24
f 2853/32/22 2852/31/22 2851/30/22
f 2850/47/21 2854/46/21 2842/50/21
f 2855/34/23 2854/33/23 2853/32/23
f 2841/36/25 2856/35/25 2855/34/25
f 2858/21/28 2859/22/28 2857/23/28
f 2859/22/29 2862/24/29 2861/25/29
f 2862/24/34 2863/26/34 2861/25/34
f 2864/27/26 2865/28/26 2863/26/26
f 2866/29/24 2867/30/24 2865/28/24
f 2868/31/22 2869/32/22 2867/30/22
f 2870/46/18 2866/47/18 2862/48/18
f 2870/33/23 2871/34/23 2869/32/23
f 2872/35/25 2857/36/25 2871/34/25
f 2863/37/21 2867/38/21 2871/39/21
f 2874/21/28 2875/22/28 2873/23/28
f 2876/49/29 2877/25/29 2875/22/29
f 2878/24/27 2879/26/27 2877/25/27
f 2880/27/26 2881/28/26 2879/26/26
f 2882/29/24 2883/30/24 2881/28/24
f 2884/31/22 2885/32/22 2883/30/22
f 2886/46/18 2882/47/18 2878/48/18
f 2886/33/23 2887/34/23 2885/32/23
f 2888/35/25 2873/36/25 2887/34/25
f 2910/38/17 2914/37/17 2918/51/17
f 2893/22/14 2892/21/14 2891/23/14
f 2920/36/15 2889/35/15 2890/34/15
f 2895/25/13 2894/49/13 2893/22/13
f 2890/34/16 2907/33/16 2908/32/16
f 2897/26/12 2896/24/12 2895/25/12
f 2911/47/19 2907/46/19 2919/50/19
f 2899/28/11 2898/27/11 2897/26/11
f 2908/32/9 2909/31/9 2910/30/9
f 2910/30/10 2911/29/10 2912/28/10
f 2901/30/10 2900/29/10 2899/28/10
f 2912/28/11 2913/27/11 2914/26/11
f 2914/26/12 2915/24/12 2916/25/12
f 2903/32/9 2902/31/9 2901/30/9
f 2900/47/19 2904/46/19 2892/50/19
f 2916/25/13 2917/49/13 2918/22/13
f 2905/34/16 2904/33/16 2903/32/16
f 2918/22/14 2919/21/14 2920/23/14
f 2891/36/15 2906/35/15 2905/34/15
f 2901/38/17 2897/37/17 2893/51/17
f 2923/41/18 2922/40/18 2921/42/18
f 2927/30/19 2924/43/19 2923/41/19
f 2925/45/21 2928/26/21 2927/30/21
f 2921/31/17 2926/44/17 2925/45/17
f 2926/44/20 2924/22/20 2928/26/20
f 2950/38/18 2954/37/18 2958/51/18
f 2933/22/27 2932/21/27 2931/23/27
f 2960/36/29 2929/35/29 2930/34/29
f 2935/25/26 2934/49/26 2933/22/26
f 2930/34/28 2947/33/28 2948/32/28
f 2937/26/24 2936/24/24 2935/25/24
f 2951/47/21 2947/46/21 2959/50/21
f 2939/28/22 2938/27/22 2937/26/22
f 2948/32/25 2949/31/25 2950/30/25
f 2950/30/23 2951/29/23 2952/28/23
f 2941/30/23 2940/29/23 2939/28/23
f 2952/28/22 2953/27/22 2954/26/22
f 2954/26/24 2955/24/24 2956/25/24
f 2943/32/25 2942/31/25 2941/30/25
f 2940/47/21 2944/46/21 2932/50/21
f 2956/25/26 2957/49/26 2958/22/26
f 2945/34/28 2944/33/28 2943/32/28
f 2958/22/27 2959/21/27 2960/23/27
f 2931/36/29 2946/35/29 2945/34/29
f 2941/38/18 2937/37/18 2933/51/18
f 2963/41/18 2962/40/18 2961/42/18
f 2967/30/19 2964/43/19 2963/41/19
f 2965/45/21 2968/26/21 2967/30/21
f 2961/31/17 2966/44/17 2965/45/17
f 2966/44/20 2964/22/20 2968/26/20
f 2971/41/17 2970/40/17 2969/42/17
f 2975/30/18 2972/43/18 2971/41/18
f 2973/45/19 2976/26/19 2975/30/19
f 2969/31/21 2974/44/21 2973/45/21
f 2974/44/20 2972/22/20 2976/26/20
f 2979/41/17 2978/40/17 2977/42/17
f 2983/30/18 2980/43/18 2979/41/18
f 2981/45/19 2984/26/19 2983/30/19
f 2977/31/21 2982/44/21 2981/45/21
f 2982/44/20 2980/22/20 2984/26/20
f 3006/38/17 3010/37/17 3014/51/17
f 2989/22/14 2988/21/14 2987/23/14
f 3016/36/15 2985/35/15 2986/34/15
f 2991/25/13 2990/49/13 2989/22/13
f 2986/34/16 3003/33/16 3004/32/16
f 2993/26/12 2992/24/12 2991/25/12
f 3007/47/19 3003/46/19 3015/50/19
f 2995/28/11 2994/27/11 2993/26/11
f 3004/32/9 3005/31/9 3006/30/9
f 3006/30/10 3007/29/10 3008/28/10
f 2997/30/10 2996/29/10 2995/28/10
f 3008/28/11 3009/27/11 3010/26/11
f 3010/26/12 3011/24/12 3012/25/12
f 2999/32/9 2998/31/9 2997/30/9
f 2996/47/19 3000/46/19 2988/50/19
f 3012/25/13 3013/49/13 3014/22/13
f 3001/34/16 3000/33/16 2999/32/16
f 3014/22/14 3015/21/14 3016/23/14
f 2987/36/15 3002/35/15 3001/34/15
f 2997/38/17 2993/37/17 2989/51/17
f 2973/45/32 2971/41/32 2969/31/32
f 2925/45/32 2923/41/32 2921/31/32
f 3018/21/16 3019/22/16 3017/23/16
f 3019/22/15 3022/24/15 3021/25/15
f 3022/24/14 3023/26/14 3021/25/14
f 3024/27/13 3025/28/13 3023/26/13
f 3026/29/12 3027/30/12 3025/28/12
f 3028/31/11 3029/32/11 3027/30/11
f 3030/33/10 3031/34/10 3029/32/10
f 3032/35/9 3017/36/9 3031/34/9
f 3023/37/19 3027/38/19 3031/39/19
f 3034/40/21 3035/41/21 3033/42/21
f 3036/43/19 3039/30/19 3035/41/19
f 3038/44/17 3033/31/17 3037/45/17
f 3050/21/16 3051/22/16 3049/23/16
f 3036/22/20 3038/44/20 3040/26/20
f 3044/43/19 3047/30/19 3043/41/19
f 3048/26/18 3045/45/18 3047/30/18
f 3046/44/17 3041/31/17 3045/45/17
f 3051/22/15 3054/24/15 3053/25/15
f 3044/22/20 3046/44/20 3048/26/20
f 3054/24/14 3055/26/14 3053/25/14
f 3056/27/13 3057/28/13 3055/26/13
f 3058/29/12 3059/30/12 3057/28/12
f 3060/31/11 3061/32/11 3059/30/11
f 3062/46/17 3058/47/17 3054/48/17
f 3062/33/10 3063/34/10 3061/32/10
f 3064/35/9 3049/36/9 3063/34/9
f 3055/37/19 3059/38/19 3063/39/19
f 3066/21/16 3067/22/16 3065/23/16
f 3068/49/15 3069/25/15 3067/22/15
f 3070/24/14 3071/26/14 3069/25/14
f 3072/27/13 3073/28/13 3071/26/13
f 3074/29/12 3075/30/12 3073/28/12
f 3076/31/11 3077/32/11 3075/30/11
f 3078/46/17 3074/47/17 3070/48/17
f 3078/33/10 3079/34/10 3077/32/10
f 3080/35/9 3065/36/9 3079/34/9
f 3083/22/16 3082/21/16 3081/23/16
f 3083/22/15 3086/24/15 3084/49/15
f 3087/26/14 3086/24/14 3085/25/14
f 3089/28/13 3088/27/13 3087/26/13
f 3091/30/12 3090/29/12 3089/28/12
f 3093/32/11 3092/31/11 3091/30/11
f 3090/47/19 3094/46/19 3082/50/19
f 3095/34/10 3094/33/10 3093/32/10
f 3081/36/9 3096/35/9 3095/34/9
f 3091/38/17 3087/37/17 3083/51/17
f 3099/22/16 3098/21/16 3097/23/16
f 3101/25/15 3100/49/15 3099/22/15
f 3103/26/14 3102/24/14 3101/25/14
f 3105/28/13 3104/27/13 3103/26/13
f 3107/30/12 3106/29/12 3105/28/12
f 3109/32/11 3108/31/11 3107/30/11
f 3106/47/19 3110/46/19 3098/50/19
f 3111/34/10 3110/33/10 3109/32/10
f 3097/36/9 3112/35/9 3111/34/9
f 3132/37/21 3128/38/21 3114/39/21
f 3116/21/27 3117/22/27 3115/23/27
f 3113/35/29 3136/36/29 3114/34/29
f 3118/49/26 1151/25/26 3117/22/26
f 1163/33/28 3114/34/28 1164/32/28
f 1152/24/24 3119/26/24 1151/25/24
f 1163/46/18 3129/47/18 1171/48/18
f 3120/27/22 3121/28/22 3119/26/22
f 3127/31/25 1164/32/25 3128/30/25
f 3129/29/23 3128/30/23 3130/28/23
f 3122/29/23 3123/30/23 3121/28/23
f 3131/27/22 3130/28/22 3132/26/22
f 1171/24/24 3132/26/24 1172/25/24
f 3124/31/25 1159/32/25 3123/30/25
f 1160/46/18 3122/47/18 1152/48/18
f 3133/49/26 1172/25/26 3134/22/26
f 1160/33/28 3125/34/28 1159/32/28
f 3135/21/27 3134/22/27 3136/23/27
f 3126/35/29 3115/36/29 3125/34/29
f 3119/37/21 3123/38/21 3125/39/21
f 3144/37/21 3140/38/21 3138/39/21
f 3137/35/29 3148/36/29 3138/34/29
f 1179/33/28 3138/34/28 1180/32/28
f 1179/46/18 3141/47/18 1187/48/18
f 3139/31/25 1180/32/25 3140/30/25
f 3141/29/23 3140/30/23 3142/28/23
f 3143/27/22 3142/28/22 3144/26/22
f 1187/24/24 3144/26/24 1188/25/24
f 3145/49/26 1188/25/26 3146/22/26
f 3147/21/27 3146/22/27 3148/23/27
f 3156/37/21 3152/38/21 3150/39/21
f 3149/35/29 3160/36/29 3150/34/29
f 1195/33/28 3150/34/28 1196/32/28
f 1195/46/18 3153/47/18 1203/48/18
f 3151/31/25 1196/32/25 3152/30/25
f 3153/29/23 3152/30/23 3154/28/23
f 3155/27/22 3154/28/22 3156/26/22
f 1203/24/24 3156/26/24 1204/25/24
f 3157/49/26 1204/25/26 3158/22/26
f 3159/21/27 3158/22/27 3160/23/27
f 3162/21/16 3163/22/16 3161/23/16
f 3164/49/15 3165/25/15 3163/22/15
f 3166/24/14 3167/26/14 3165/25/14
f 3168/27/13 3169/28/13 3167/26/13
f 3170/29/12 3171/30/12 3169/28/12
f 3172/31/11 3173/32/11 3171/30/11
f 3174/33/10 3175/34/10 3173/32/10
f 3176/35/9 3161/36/9 3175/34/9
f 3167/37/19 3171/38/19 3175/39/19
f 3178/40/21 3179/41/21 3177/42/21
f 3180/43/19 3183/30/19 3179/41/19
f 3182/44/17 3177/31/17 3181/45/17
f 3194/21/16 3195/22/16 3193/23/16
f 3180/22/20 3182/44/20 3184/26/20
f 3188/43/19 3191/30/19 3187/41/19
f 3192/26/18 3189/45/18 3191/30/18
f 3190/44/17 3185/31/17 3189/45/17
f 3196/49/15 3197/25/15 3195/22/15
f 3188/22/20 3190/44/20 3192/26/20
f 3198/24/14 3199/26/14 3197/25/14
f 3200/27/13 3201/28/13 3199/26/13
f 3202/29/12 3203/30/12 3201/28/12
f 3204/31/11 3205/32/11 3203/30/11
f 3206/46/17 3202/47/17 3198/48/17
f 3206/33/10 3207/34/10 3205/32/10
f 3208/35/9 3193/36/9 3207/34/9
f 3199/37/19 3203/38/19 3207/39/19
f 3210/21/16 3211/22/16 3209/23/16
f 3212/49/15 3213/25/15 3211/22/15
f 3214/24/14 3215/26/14 3213/25/14
f 3216/27/13 3217/28/13 3215/26/13
f 3218/29/12 3219/30/12 3217/28/12
f 3220/31/11 3221/32/11 3219/30/11
f 3222/46/17 3218/47/17 3214/48/17
f 3222/33/10 3223/34/10 3221/32/10
f 3224/35/9 3209/36/9 3223/34/9
f 3227/22/16 3226/21/16 3225/23/16
f 3227/22/15 3230/24/15 3228/49/15
f 3231/26/14 3230/24/14 3229/25/14
f 3233/28/13 3232/27/13 3231/26/13
f 3235/30/12 3234/29/12 3233/28/12
f 3237/32/11 3236/31/11 3235/30/11
f 3234/47/19 3238/46/19 3226/50/19
f 3239/34/10 3238/33/10 3237/32/10
f 3225/36/9 3240/35/9 3239/34/9
f 3235/38/17 3231/37/17 3227/51/17
f 3243/22/16 3242/21/16 3241/23/16
f 3245/25/15 3244/49/15 3243/22/15
f 3247/26/14 3246/24/14 3245/25/14
f 3249/28/13 3248/27/13 3247/26/13
f 3251/30/12 3250/29/12 3249/28/12
f 3253/32/11 3252/31/11 3251/30/11
f 3250/47/19 3254/46/19 3242/50/19
f 3255/34/10 3254/33/10 3253/32/10
f 3241/36/9 3256/35/9 3255/34/9
f 3282/37/21 3278/38/21 3258/39/21
f 3260/21/27 3261/22/27 3259/23/27
f 3257/35/29 3288/36/29 3258/34/29
f 3262/49/26 3263/25/26 3261/22/26
f 3275/33/28 3258/34/28 3276/32/28
f 3264/24/24 3265/26/24 3263/25/24
f 3275/46/18 3279/47/18 3283/48/18
f 3266/27/22 3267/28/22 3265/26/22
f 3277/31/25 3276/32/25 3278/30/25
f 3279/29/23 3278/30/23 3280/28/23
f 3268/29/23 3269/30/23 3267/28/23
f 3281/27/22 3280/28/22 3282/26/22
f 3283/24/24 3282/26/24 3284/25/24
f 3270/31/25 3271/32/25 3269/30/25
f 3272/46/18 3268/47/18 3264/48/18
f 3285/49/26 3284/25/26 3286/22/26
f 3272/33/28 3273/34/28 3271/32/28
f 3287/21/27 3286/22/27 3288/23/27
f 3274/35/29 3259/36/29 3273/34/29
f 3265/37/21 3269/38/21 3273/39/21
f 3298/37/21 3294/38/21 3290/39/21
f 3289/35/29 3304/36/29 3290/34/29
f 3291/33/28 3290/34/28 3292/32/28
f 3291/46/18 3295/47/18 3299/48/18
f 3293/31/25 3292/32/25 3294/30/25
f 3295/29/23 3294/30/23 3296/28/23
f 3297/27/22 3296/28/22 3298/26/22
f 3299/24/24 3298/26/24 3300/25/24
f 3301/49/26 3300/25/26 3302/22/26
f 3303/21/27 3302/22/27 3304/23/27
f 3314/37/21 3310/38/21 3306/39/21
f 3305/35/29 3320/36/29 3306/34/29
f 3307/33/28 3306/34/28 3308/32/28
f 3307/46/18 3311/47/18 3315/48/18
f 3309/31/25 3308/32/25 3310/30/25
f 3311/29/23 3310/30/23 3312/28/23
f 3313/27/22 3312/28/22 3314/26/22
f 3315/24/24 3314/26/24 3316/25/24
f 3317/49/26 3316/25/26 3318/22/26
f 3319/21/27 3318/22/27 3320/23/27
f 3322/21/16 3323/22/16 3321/23/16
f 3324/49/15 3325/25/15 3323/22/15
f 3326/24/14 3327/26/14 3325/25/14
f 3328/27/13 3329/28/13 3327/26/13
f 3330/29/12 3331/30/12 3329/28/12
f 3332/31/11 3333/32/11 3331/30/11
f 3334/33/10 3335/34/10 3333/32/10
f 3336/35/9 3321/36/9 3335/34/9
f 3327/37/19 3331/38/19 3335/39/19
f 3338/40/21 3339/41/21 3337/42/21
f 3340/43/19 3343/30/19 3339/41/19
f 3342/44/17 3337/31/17 3341/45/17
f 3354/21/16 3355/22/16 3353/23/16
f 3340/22/20 3342/44/20 3344/26/20
f 3348/43/19 3351/30/19 3347/41/19
f 3352/26/18 3349/45/18 3351/30/18
f 3350/44/17 3345/31/17 3349/45/17
f 3356/49/15 3357/25/15 3355/22/15
f 3348/22/20 3350/44/20 3352/26/20
f 3358/24/14 3359/26/14 3357/25/14
f 3360/27/13 3361/28/13 3359/26/13
f 3362/29/12 3363/30/12 3361/28/12
f 3364/31/11 3365/32/11 3363/30/11
f 3366/46/17 3362/47/17 3358/48/17
f 3366/33/10 3367/34/10 3365/32/10
f 3368/35/9 3353/36/9 3367/34/9
f 3359/37/19 3363/38/19 3367/39/19
f 3370/21/16 3371/22/16 3369/23/16
f 3372/49/15 3373/25/15 3371/22/15
f 3374/24/14 3375/26/14 3373/25/14
f 3376/27/13 3377/28/13 3375/26/13
f 3378/29/12 3379/30/12 3377/28/12
f 3380/31/11 3381/32/11 3379/30/11
f 3382/46/17 3378/47/17 3374/48/17
f 3382/33/10 3383/34/10 3381/32/10
f 3384/35/9 3369/36/9 3383/34/9
f 3387/22/16 3386/21/16 3385/23/16
f 3387/22/15 3390/24/15 3388/49/15
f 3391/26/14 3390/24/14 3389/25/14
f 3393/28/13 3392/27/13 3391/26/13
f 3395/30/12 3394/29/12 3393/28/12
f 3397/32/11 3396/31/11 3395/30/11
f 3394/47/19 3398/46/19 3386/50/19
f 3399/34/10 3398/33/10 3397/32/10
f 3385/36/9 3400/35/9 3399/34/9
f 3395/38/17 3391/37/17 3387/51/17
f 3403/22/16 3402/21/16 3401/23/16
f 3405/25/15 3404/49/15 3403/22/15
f 3407/26/14 3406/24/14 3405/25/14
f 3409/28/13 3408/27/13 3407/26/13
f 3411/30/12 3410/29/12 3409/28/12
f 3413/32/11 3412/31/11 3411/30/11
f 3410/47/19 3414/46/19 3402/50/19
f 3415/34/10 3414/33/10 3413/32/10
f 3401/36/9 3416/35/9 3415/34/9
f 3442/37/21 3438/38/21 3418/39/21
f 3420/21/27 3421/22/27 3419/23/27
f 3417/35/29 3448/36/29 3418/34/29
f 3422/49/26 3423/25/26 3421/22/26
f 3435/33/28 3418/34/28 3436/32/28
f 3424/24/24 3425/26/24 3423/25/24
f 3435/46/18 3439/47/18 3443/48/18
f 3426/27/22 3427/28/22 3425/26/22
f 3437/31/25 3436/32/25 3438/30/25
f 3439/29/23 3438/30/23 3440/28/23
f 3428/29/23 3429/30/23 3427/28/23
f 3441/27/22 3440/28/22 3442/26/22
f 3443/24/24 3442/26/24 3444/25/24
f 3430/31/25 3431/32/25 3429/30/25
f 3432/46/18 3428/47/18 3424/48/18
f 3445/49/26 3444/25/26 3446/22/26
f 3432/33/28 3433/34/28 3431/32/28
f 3447/21/27 3446/22/27 3448/23/27
f 3434/35/29 3419/36/29 3433/34/29
f 3425/37/21 3429/38/21 3433/39/21
f 3458/37/21 3454/38/21 3450/39/21
f 3449/35/29 3464/36/29 3450/34/29
f 3451/33/28 3450/34/28 3452/32/28
f 3451/46/18 3455/47/18 3459/48/18
f 3453/31/25 3452/32/25 3454/30/25
f 3455/29/23 3454/30/23 3456/28/23
f 3457/27/22 3456/28/22 3458/26/22
f 3459/24/24 3458/26/24 3460/25/24
f 3461/49/26 3460/25/26 3462/22/26
f 3463/21/27 3462/22/27 3464/23/27
f 3474/37/21 3470/38/21 3466/39/21
f 3465/35/29 3480/36/29 3466/34/29
f 3467/33/28 3466/34/28 3468/32/28
f 3467/46/18 3471/47/18 3475/48/18
f 3469/31/25 3468/32/25 3470/30/25
f 3471/29/23 3470/30/23 3472/28/23
f 3473/27/22 3472/28/22 3474/26/22
f 3475/24/24 3474/26/24 3476/25/24
f 3477/49/26 3476/25/26 3478/22/26
f 3479/21/27 3478/22/27 3480/23/27
f 3482/21/16 3483/22/16 3481/23/16
f 3484/49/15 3485/25/15 3483/22/15
f 3486/24/14 3487/26/14 3485/25/14
f 3488/27/13 3489/28/13 3487/26/13
f 3490/29/12 3491/30/12 3489/28/12
f 3492/31/11 3493/32/11 3491/30/11
f 3494/33/10 3495/34/10 3493/32/10
f 3496/35/9 3481/36/9 3495/34/9
f 3487/37/19 3491/38/19 3495/39/19
f 3498/40/21 3499/41/21 3497/42/21
f 3500/43/19 3503/30/19 3499/41/19
f 3502/44/17 3497/31/17 3501/45/17
f 3514/21/16 3515/22/16 3513/23/16
f 3500/22/20 3502/44/20 3504/26/20
f 3508/43/19 3511/30/19 3507/41/19
f 3512/26/18 3509/45/18 3511/30/18
f 3510/44/17 3505/31/17 3509/45/17
f 3516/49/15 3517/25/15 3515/22/15
f 3508/22/20 3510/44/20 3512/26/20
f 3518/24/14 3519/26/14 3517/25/14
f 3520/27/13 3521/28/13 3519/26/13
f 3522/29/12 3523/30/12 3521/28/12
f 3524/31/11 3525/32/11 3523/30/11
f 3526/46/17 3522/47/17 3518/48/17
f 3526/33/10 3527/34/10 3525/32/10
f 3528/35/9 3513/36/9 3527/34/9
f 3519/37/19 3523/38/19 3527/39/19
f 3530/21/16 3531/22/16 3529/23/16
f 3532/49/15 3533/25/15 3531/22/15
f 3534/24/14 3535/26/14 3533/25/14
f 3536/27/13 3537/28/13 3535/26/13
f 3538/29/12 3539/30/12 3537/28/12
f 3540/31/11 3541/32/11 3539/30/11
f 3542/46/17 3538/47/17 3534/48/17
f 3542/33/10 3543/34/10 3541/32/10
f 3544/35/9 3529/36/9 3543/34/9
f 3547/22/16 3546/21/16 3545/23/16
f 3547/22/15 3550/24/15 3548/49/15
f 3551/26/14 3550/24/14 3549/25/14
f 3553/28/13 3552/27/13 3551/26/13
f 3555/30/12 3554/29/12 3553/28/12
f 3557/32/11 3556/31/11 3555/30/11
f 3554/47/19 3558/46/19 3546/50/19
f 3559/34/10 3558/33/10 3557/32/10
f 3545/36/9 3560/35/9 3559/34/9
f 3555/38/17 3551/37/17 3547/51/17
f 3563/22/16 3562/21/16 3561/23/16
f 3565/25/15 3564/49/15 3563/22/15
f 3567/26/14 3566/24/14 3565/25/14
f 3569/28/13 3568/27/13 3567/26/13
f 3571/30/12 3570/29/12 3569/28/12
f 3573/32/11 3572/31/11 3571/30/11
f 3570/47/19 3574/46/19 3562/50/19
f 3575/34/10 3574/33/10 3573/32/10
f 3561/36/9 3576/35/9 3575/34/9
f 3602/37/21 3598/38/21 3578/39/21
f 3580/21/27 3581/22/27 3579/23/27
f 3577/35/29 3608/36/29 3578/34/29
f 3582/49/26 3583/25/26 3581/22/26
f 3595/33/28 3578/34/28 3596/32/28
f 3584/24/24 3585/26/24 3583/25/24
f 3595/46/18 3599/47/18 3603/48/18
f 3586/27/22 3587/28/22 3585/26/22
f 3597/31/25 3596/32/25 3598/30/25
f 3599/29/23 3598/30/23 3600/28/23
f 3588/29/23 3589/30/23 3587/28/23
f 3601/27/22 3600/28/22 3602/26/22
f 3603/24/24 3602/26/24 3604/25/24
f 3590/31/25 3591/32/25 3589/30/25
f 3592/46/18 3588/47/18 3584/48/18
f 3605/49/26 3604/25/26 3606/22/26
f 3592/33/28 3593/34/28 3591/32/28
f 3607/21/27 3606/22/27 3608/23/27
f 3594/35/29 3579/36/29 3593/34/29
f 3585/37/21 3589/38/21 3593/39/21
f 3618/37/21 3614/38/21 3610/39/21
f 3609/35/29 3624/36/29 3610/34/29
f 3611/33/28 3610/34/28 3612/32/28
f 3611/46/18 3615/47/18 3619/48/18
f 3613/31/25 3612/32/25 3614/30/25
f 3615/29/23 3614/30/23 3616/28/23
f 3617/27/22 3616/28/22 3618/26/22
f 3619/24/24 3618/26/24 3620/25/24
f 3621/49/26 3620/25/26 3622/22/26
f 3623/21/27 3622/22/27 3624/23/27
f 3634/37/21 3630/38/21 3626/39/21
f 3625/35/29 3640/36/29 3626/34/29
f 3627/33/28 3626/34/28 3628/32/28
f 3627/46/18 3631/47/18 3635/48/18
f 3629/31/25 3628/32/25 3630/30/25
f 3631/29/23 3630/30/23 3632/28/23
f 3633/27/22 3632/28/22 3634/26/22
f 3635/24/24 3634/26/24 3636/25/24
f 3637/49/26 3636/25/26 3638/22/26
f 3639/21/27 3638/22/27 3640/23/27
f 3642/21/16 3643/22/16 3641/23/16
f 3644/49/15 3645/25/15 3643/22/15
f 3646/24/14 3647/26/14 3645/25/14
f 3648/27/13 3649/28/13 3647/26/13
f 3650/29/12 3651/30/12 3649/28/12
f 3652/31/11 3653/32/11 3651/30/11
f 3654/33/10 3655/34/10 3653/32/10
f 3656/35/9 3641/36/9 3655/34/9
f 3647/37/19 3651/38/19 3655/39/19
f 3658/40/21 3659/41/21 3657/42/21
f 3660/43/19 3663/30/19 3659/41/19
f 3664/26/18 3661/45/18 3663/30/18
f 3662/44/17 3657/31/17 3661/45/17
f 3674/21/16 3675/22/16 3673/23/16
f 3660/22/20 3662/44/20 3664/26/20
f 3666/40/21 3667/41/21 3665/42/21
f 3668/43/19 3671/30/19 3667/41/19
f 3672/26/18 3669/45/18 3671/30/18
f 3670/44/17 3665/31/17 3669/45/17
f 3676/49/15 3677/25/15 3675/22/15
f 3668/22/20 3670/44/20 3672/26/20
f 3678/24/14 3679/26/14 3677/25/14
f 3680/27/13 3681/28/13 3679/26/13
f 3682/29/12 3683/30/12 3681/28/12
f 3684/31/11 3685/32/11 3683/30/11
f 3686/46/17 3682/47/17 3678/48/17
f 3686/33/10 3687/34/10 3685/32/10
f 3688/35/9 3673/36/9 3687/34/9
f 3679/37/19 3683/38/19 3687/39/19
f 3690/21/16 3691/22/16 3689/23/16
f 3692/49/15 3693/25/15 3691/22/15
f 3694/24/14 3695/26/14 3693/25/14
f 3696/27/13 3697/28/13 3695/26/13
f 3698/29/12 3699/30/12 3697/28/12
f 3700/31/11 3701/32/11 3699/30/11
f 3702/46/17 3698/47/17 3694/48/17
f 3702/33/10 3703/34/10 3701/32/10
f 3704/35/9 3689/36/9 3703/34/9
f 3707/22/16 3706/21/16 3705/23/16
f 3707/22/15 3710/24/15 3708/49/15
f 3711/26/14 3710/24/14 3709/25/14
f 3713/28/13 3712/27/13 3711/26/13
f 3715/30/12 3714/29/12 3713/28/12
f 3717/32/11 3716/31/11 3715/30/11
f 3714/47/19 3718/46/19 3706/50/19
f 3719/34/10 3718/33/10 3717/32/10
f 3705/36/9 3720/35/9 3719/34/9
f 3715/38/17 3711/37/17 3707/51/17
f 3723/22/16 3722/21/16 3721/23/16
f 3725/25/15 3724/49/15 3723/22/15
f 3727/26/14 3726/24/14 3725/25/14
f 3729/28/13 3728/27/13 3727/26/13
f 3731/30/12 3730/29/12 3729/28/12
f 3733/32/11 3732/31/11 3731/30/11
f 3730/47/19 3734/46/19 3722/50/19
f 3735/34/10 3734/33/10 3733/32/10
f 3721/36/9 3736/35/9 3735/34/9
f 3762/37/21 3758/38/21 3738/39/21
f 3740/21/27 3741/22/27 3739/23/27
f 3737/35/29 3768/36/29 3738/34/29
f 3742/49/26 3743/25/26 3741/22/26
f 3755/33/28 3738/34/28 3756/32/28
f 3744/24/24 3745/26/24 3743/25/24
f 3755/46/18 3759/47/18 3763/48/18
f 3746/27/22 3747/28/22 3745/26/22
f 3757/31/25 3756/32/25 3758/30/25
f 3759/29/23 3758/30/23 3760/28/23
f 3748/29/23 3749/30/23 3747/28/23
f 3761/27/22 3760/28/22 3762/26/22
f 3763/24/24 3762/26/24 3764/25/24
f 3750/31/25 3751/32/25 3749/30/25
f 3752/46/18 3748/47/18 3744/48/18
f 3765/49/26 3764/25/26 3766/22/26
f 3752/33/28 3753/34/28 3751/32/28
f 3767/21/27 3766/22/27 3768/23/27
f 3754/35/29 3739/36/29 3753/34/29
f 3745/37/21 3749/38/21 3753/39/21
f 3770/21/28 3771/22/28 3769/23/28
f 3771/22/29 3774/24/29 3773/25/29
f 3774/24/27 3775/26/27 3773/25/27
f 3776/27/26 3777/28/26 3775/26/26
f 3778/29/24 3779/30/24 3777/28/24
f 3780/31/22 3781/32/22 3779/30/22
f 3782/33/23 3783/34/23 3781/32/23
f 3784/35/25 3769/36/25 3783/34/25
f 3775/37/21 3779/38/21 3783/39/21
f 3786/40/17 3787/41/17 3785/42/17
f 3788/43/21 3791/30/21 3787/41/21
f 3792/26/19 3789/45/19 3791/30/19
f 3790/44/18 3785/31/18 3789/45/18
f 3802/21/28 3803/22/28 3801/23/28
f 3788/22/20 3790/44/20 3792/26/20
f 3794/40/17 3795/41/17 3793/42/17
f 3796/43/21 3799/30/21 3795/41/21
f 3800/26/19 3797/45/19 3799/30/19
f 3798/44/18 3793/31/18 3797/45/18
f 3804/49/29 3805/25/29 3803/22/29
f 3796/22/20 3798/44/20 3800/26/20
f 3806/24/27 3807/26/27 3805/25/27
f 3808/27/26 3809/28/26 3807/26/26
f 3810/29/24 3811/30/24 3809/28/24
f 3812/31/22 3813/32/22 3811/30/22
f 3814/46/18 3810/47/18 3806/48/18
f 3814/33/23 3815/34/23 3813/32/23
f 3816/35/25 3801/36/25 3815/34/25
f 3807/37/21 3811/38/21 3815/39/21
f 3818/21/28 3819/22/28 3817/23/28
f 3820/49/33 3821/25/33 3819/22/33
f 3822/24/27 3823/26/27 3821/25/27
f 3824/27/26 3825/28/26 3823/26/26
f 3826/29/24 3827/30/24 3825/28/24
f 3828/31/22 3829/32/22 3827/30/22
f 3830/46/18 3826/47/18 3822/48/18
f 3830/33/23 3831/34/23 3829/32/23
f 3832/35/25 3817/36/25 3831/34/25
f 3835/22/28 3834/21/28 3833/23/28
f 3835/22/29 3838/24/29 3836/49/29
f 3839/26/34 3838/24/34 3837/25/34
f 3841/28/26 3840/27/26 3839/26/26
f 3843/30/24 3842/29/24 3841/28/24
f 3845/32/22 3844/31/22 3843/30/22
f 3842/47/21 3846/46/21 3834/50/21
f 3847/34/23 3846/33/23 3845/32/23
f 3833/36/25 3848/35/25 3847/34/25
f 3843/38/18 3839/37/18 3835/51/18
f 3851/22/28 3850/21/28 3849/23/28
f 3853/25/29 3852/49/29 3851/22/29
f 3855/26/27 3854/24/27 3853/25/27
f 3857/28/26 3856/27/26 3855/26/26
f 3859/30/24 3858/29/24 3857/28/24
f 3861/32/22 3860/31/22 3859/30/22
f 3858/47/21 3862/46/21 3850/50/21
f 3863/34/23 3862/33/23 3861/32/23
f 3849/36/25 3864/35/25 3863/34/25
f 3890/37/17 3886/38/17 3866/39/17
f 3868/21/11 3869/22/11 3867/23/11
f 3865/35/10 3896/36/10 3866/34/10
f 3870/49/12 3871/25/12 3869/22/12
f 3883/33/9 3866/34/9 3884/32/9
f 3872/24/13 3873/26/13 3871/25/13
f 3883/46/19 3887/47/19 3891/48/19
f 3874/27/14 3875/28/14 3873/26/14
f 3885/31/16 3884/32/16 3886/30/16
f 3887/29/15 3886/30/15 3888/28/15
f 3876/29/15 3877/30/15 3875/28/15
f 3889/27/14 3888/28/14 3890/26/14
f 3891/24/13 3890/26/13 3892/25/13
f 3878/31/16 3879/32/16 3877/30/16
f 3880/46/19 3876/47/19 3872/48/19
f 3893/49/12 3892/25/12 3894/22/12
f 3880/33/9 3881/34/9 3879/32/9
f 3895/21/11 3894/22/11 3896/23/11
f 3882/35/10 3867/36/10 3881/34/10
f 3873/37/17 3877/38/17 3881/39/17
f 3898/40/21 3899/41/21 3897/42/21
f 3900/43/19 3903/30/19 3899/41/19
f 3904/26/18 3901/45/18 3903/30/18
f 3902/44/17 3897/31/17 3901/45/17
f 3900/22/20 3902/44/20 3904/26/20
f 3930/37/21 3926/38/21 3906/39/21
f 3908/21/27 3909/22/27 3907/23/27
f 3905/35/29 3936/36/29 3906/34/29
f 3910/49/26 3911/25/26 3909/22/26
f 3923/33/28 3906/34/28 3924/32/28
f 3912/24/24 3913/26/24 3911/25/24
f 3923/46/18 3927/47/18 3931/48/18
f 3914/27/22 3915/28/22 3913/26/22
f 3925/31/25 3924/32/25 3926/30/25
f 3927/29/23 3926/30/23 3928/28/23
f 3916/29/23 3917/30/23 3915/28/23
f 3929/27/22 3928/28/22 3930/26/22
f 3931/24/24 3930/26/24 3932/25/24
f 3918/31/25 3919/32/25 3917/30/25
f 3920/46/18 3916/47/18 3912/48/18
f 3933/49/26 3932/25/26 3934/22/26
f 3920/33/28 3921/34/28 3919/32/28
f 3935/21/27 3934/22/27 3936/23/27
f 3922/35/29 3907/36/29 3921/34/29
f 3913/37/21 3917/38/21 3921/39/21
f 3938/40/21 3939/41/21 3937/42/21
f 3940/43/19 3943/30/19 3939/41/19
f 3944/26/18 3941/45/18 3943/30/18
f 3942/44/17 3937/31/17 3941/45/17
f 3940/22/20 3942/44/20 3944/26/20
f 3946/40/17 3947/41/17 3945/42/17
f 3948/43/21 3951/30/21 3947/41/21
f 3952/26/19 3949/45/19 3951/30/19
f 3950/44/18 3945/31/18 3949/45/18
f 3948/22/20 3950/44/20 3952/26/20
f 3954/40/17 3955/41/17 3953/42/17
f 3956/43/21 3959/30/21 3955/41/21
f 3960/26/19 3957/45/19 3959/30/19
f 3958/44/18 3953/31/18 3957/45/18
f 3956/22/20 3958/44/20 3960/26/20
f 3986/37/17 3982/38/17 3962/39/17
f 3964/21/11 3965/22/11 3963/23/11
f 3961/35/10 3992/36/10 3962/34/10
f 3966/49/12 3967/25/12 3965/22/12
f 3979/33/9 3962/34/9 3980/32/9
f 3968/24/13 3969/26/13 3967/25/13
f 3979/46/19 3983/47/19 3987/48/19
f 3970/27/14 3971/28/14 3969/26/14
f 3981/31/16 3980/32/16 3982/30/16
f 3983/29/15 3982/30/15 3984/28/15
f 3972/29/15 3973/30/15 3971/28/15
f 3985/27/14 3984/28/14 3986/26/14
f 3987/24/13 3986/26/13 3988/25/13
f 3974/31/16 3975/32/16 3973/30/16
f 3976/46/19 3972/47/19 3968/48/19
f 3989/49/12 3988/25/12 3990/22/12
f 3976/33/9 3977/34/9 3975/32/9
f 3991/21/11 3990/22/11 3992/23/11
f 3978/35/10 3963/36/10 3977/34/10
f 3969/37/17 3973/38/17 3977/39/17
f 3947/41/32 3949/45/32 3945/31/32
f 3899/41/32 3901/45/32 3897/31/32
f 58/21/9 60/49/9 59/22/9
f 59/22/10 60/49/10 62/24/10
f 62/24/11 64/27/11 63/26/11
f 64/27/12 66/29/12 65/28/12
f 66/29/13 68/31/13 67/30/13
f 68/31/14 70/33/14 69/32/14
f 70/33/15 72/35/15 71/34/15
f 72/35/16 58/52/16 57/36/16
f 71/39/17 57/53/17 59/51/17
f 59/51/17 61/54/17 63/37/17
f 63/37/17 65/55/17 67/38/17
f 67/38/17 69/56/17 71/39/17
f 71/39/17 59/51/17 63/37/17
f 74/40/18 76/43/18 75/41/18
f 76/43/17 80/26/17 79/30/17
f 78/44/19 74/27/19 73/31/19
f 90/21/9 92/49/9 91/22/9
f 76/22/20 74/57/20 78/44/20
f 84/43/17 88/26/17 87/30/17
f 88/26/21 86/44/21 85/45/21
f 86/44/19 82/27/19 81/31/19
f 91/22/10 92/49/10 94/24/10
f 84/22/20 82/57/20 86/44/20
f 94/24/11 96/27/11 95/26/11
f 96/27/12 98/29/12 97/28/12
f 98/29/13 100/31/13 99/30/13
f 100/31/14 102/33/14 101/32/14
f 94/48/19 92/58/19 90/50/19
f 90/50/19 104/59/19 102/46/19
f 102/46/19 100/60/19 98/47/19
f 98/47/19 96/61/19 94/48/19
f 94/48/19 90/50/19 102/46/19
f 102/33/15 104/35/15 103/34/15
f 104/35/16 90/52/16 89/36/16
f 103/39/17 89/53/17 91/51/17
f 91/51/17 93/54/17 95/37/17
f 95/37/17 97/55/17 99/38/17
f 99/38/17 101/56/17 103/39/17
f 103/39/17 91/51/17 95/37/17
f 106/21/9 108/49/9 107/22/9
f 108/49/10 110/24/10 109/25/10
f 110/24/11 112/27/11 111/26/11
f 112/27/12 114/29/12 113/28/12
f 114/29/13 116/31/13 115/30/13
f 116/31/14 118/33/14 117/32/14
f 110/48/19 108/58/19 106/50/19
f 106/50/19 120/59/19 118/46/19
f 118/46/19 116/60/19 114/47/19
f 114/47/19 112/61/19 110/48/19
f 110/48/19 106/50/19 118/46/19
f 118/33/15 120/35/15 119/34/15
f 120/35/16 106/52/16 105/36/16
f 123/22/9 124/49/9 122/21/9
f 123/22/10 125/25/10 126/24/10
f 127/26/11 128/27/11 126/24/11
f 129/28/12 130/29/12 128/27/12
f 131/30/13 132/31/13 130/29/13
f 133/32/14 134/33/14 132/31/14
f 122/50/17 124/58/17 126/48/17
f 126/48/17 128/61/17 130/47/17
f 130/47/17 132/60/17 134/46/17
f 134/46/17 136/59/17 122/50/17
f 122/50/17 126/48/17 130/47/17
f 135/34/15 136/35/15 134/33/15
f 121/36/16 122/52/16 136/35/16
f 123/51/19 121/53/19 135/39/19
f 135/39/19 133/56/19 131/38/19
f 131/38/19 129/55/19 127/37/19
f 127/37/19 125/54/19 123/51/19
f 123/51/19 135/39/19 131/38/19
f 139/22/9 140/49/9 138/21/9
f 141/25/10 142/24/10 140/49/10
f 143/26/11 144/27/11 142/24/11
f 145/28/12 146/29/12 144/27/12
f 147/30/13 148/31/13 146/29/13
f 149/32/14 150/33/14 148/31/14
f 138/50/17 140/58/17 142/48/17
f 142/48/17 144/61/17 146/47/17
f 146/47/17 148/60/17 150/46/17
f 150/46/17 152/59/17 138/50/17
f 138/50/17 142/48/17 146/47/17
f 151/34/15 152/35/15 150/33/15
f 137/36/16 138/52/16 152/35/16
f 154/39/18 184/53/18 182/51/18
f 182/51/18 180/54/18 178/37/18
f 178/37/18 176/55/18 174/38/18
f 174/38/18 172/56/18 154/39/18
f 154/39/18 182/51/18 178/37/18
f 156/21/22 158/49/22 157/22/22
f 153/35/23 183/52/23 184/36/23
f 158/49/24 160/24/24 159/25/24
f 171/33/25 153/35/25 154/34/25
f 160/24/26 162/27/26 161/26/26
f 179/48/21 181/58/21 183/50/21
f 183/50/21 153/59/21 171/46/21
f 171/46/21 173/60/21 175/47/21
f 175/47/21 177/61/21 179/48/21
f 179/48/21 183/50/21 171/46/21
f 162/27/27 164/29/27 163/28/27
f 173/31/28 171/33/28 172/32/28
f 175/29/29 173/31/29 174/30/29
f 164/29/29 166/31/29 165/30/29
f 177/27/27 175/29/27 176/28/27
f 179/24/26 177/27/26 178/26/26
f 166/31/28 168/33/28 167/32/28
f 160/48/21 158/58/21 156/50/21
f 156/50/21 170/59/21 168/46/21
f 168/46/21 166/60/21 164/47/21
f 164/47/21 162/61/21 160/48/21
f 160/48/21 156/50/21 168/46/21
f 181/49/24 179/24/24 180/25/24
f 168/33/25 170/35/25 169/34/25
f 183/21/22 181/49/22 182/22/22
f 170/35/23 156/52/23 155/36/23
f 169/39/18 155/53/18 157/51/18
f 157/51/18 159/54/18 161/37/18
f 161/37/18 163/55/18 165/38/18
f 165/38/18 167/56/18 169/39/18
f 169/39/18 157/51/18 161/37/18
f 186/39/18 200/53/18 198/51/18
f 198/51/18 196/54/18 194/37/18
f 194/37/18 192/55/18 190/38/18
f 190/38/18 188/56/18 186/39/18
f 186/39/18 198/51/18 194/37/18
f 185/35/23 199/52/23 200/36/23
f 187/33/25 185/35/25 186/34/25
f 195/48/21 197/58/21 199/50/21
f 199/50/21 185/59/21 187/46/21
f 187/46/21 189/60/21 191/47/21
f 191/47/21 193/61/21 195/48/21
f 195/48/21 199/50/21 187/46/21
f 189/31/28 187/33/28 188/32/28
f 191/29/29 189/31/29 190/30/29
f 193/27/27 191/29/27 192/28/27
f 195/24/26 193/27/26 194/26/26
f 197/49/24 195/24/24 196/25/24
f 199/21/22 197/49/22 198/22/22
f 202/39/18 216/53/18 214/51/18
f 214/51/18 212/54/18 210/37/18
f 210/37/18 208/55/18 206/38/18
f 206/38/18 204/56/18 202/39/18
f 202/39/18 214/51/18 210/37/18
f 201/35/23 215/52/23 216/36/23
f 203/33/25 201/35/25 202/34/25
f 211/48/21 213/58/21 215/50/21
f 215/50/21 201/59/21 203/46/21
f 203/46/21 205/60/21 207/47/21
f 207/47/21 209/61/21 211/48/21
f 211/48/21 215/50/21 203/46/21
f 205/31/28 203/33/28 204/32/28
f 207/29/29 205/31/29 206/30/29
f 209/27/27 207/29/27 208/28/27
f 211/24/26 209/27/26 210/26/26
f 213/49/24 211/24/24 212/25/24
f 215/21/22 213/49/22 214/22/22
f 218/21/9 220/49/9 219/22/9
f 220/49/10 222/24/10 221/25/10
f 222/24/11 224/27/11 223/26/11
f 224/27/12 226/29/12 225/28/12
f 226/29/13 228/31/13 227/30/13
f 228/31/14 230/33/14 229/32/14
f 230/33/15 232/35/15 231/34/15
f 232/35/16 218/52/16 217/36/16
f 231/39/17 217/53/17 219/51/17
f 219/51/17 221/54/17 223/37/17
f 223/37/17 225/55/17 227/38/17
f 227/38/17 229/56/17 231/39/17
f 231/39/17 219/51/17 223/37/17
f 234/40/18 236/43/18 235/41/18
f 236/43/17 240/26/17 239/30/17
f 238/44/19 234/27/19 233/31/19
f 250/21/9 252/49/9 251/22/9
f 236/22/20 234/57/20 238/44/20
f 244/43/17 248/26/17 247/30/17
f 248/26/21 246/44/21 245/45/21
f 246/44/19 242/27/19 241/31/19
f 252/49/10 254/24/10 253/25/10
f 244/22/20 242/57/20 246/44/20
f 254/24/11 256/27/11 255/26/11
f 256/27/12 258/29/12 257/28/12
f 258/29/13 260/31/13 259/30/13
f 260/31/14 262/33/14 261/32/14
f 254/48/19 252/58/19 250/50/19
f 250/50/19 264/59/19 262/46/19
f 262/46/19 260/60/19 258/47/19
f 258/47/19 256/61/19 254/48/19
f 254/48/19 250/50/19 262/46/19
f 262/33/15 264/35/15 263/34/15
f 264/35/16 250/52/16 249/36/16
f 263/39/17 249/53/17 251/51/17
f 251/51/17 253/54/17 255/37/17
f 255/37/17 257/55/17 259/38/17
f 259/38/17 261/56/17 263/39/17
f 263/39/17 251/51/17 255/37/17
f 266/21/9 268/49/9 267/22/9
f 268/49/10 270/24/10 269/25/10
f 270/24/11 272/27/11 271/26/11
f 272/27/12 274/29/12 273/28/12
f 274/29/13 276/31/13 275/30/13
f 276/31/14 278/33/14 277/32/14
f 270/48/19 268/58/19 266/50/19
f 266/50/19 280/59/19 278/46/19
f 278/46/19 276/60/19 274/47/19
f 274/47/19 272/61/19 270/48/19
f 270/48/19 266/50/19 278/46/19
f 278/33/15 280/35/15 279/34/15
f 280/35/16 266/52/16 265/36/16
f 283/22/9 284/49/9 282/21/9
f 283/22/10 285/25/10 286/24/10
f 287/26/11 288/27/11 286/24/11
f 289/28/12 290/29/12 288/27/12
f 291/30/13 292/31/13 290/29/13
f 293/32/14 294/33/14 292/31/14
f 282/50/17 284/58/17 286/48/17
f 286/48/17 288/61/17 290/47/17
f 290/47/17 292/60/17 294/46/17
f 294/46/17 296/59/17 282/50/17
f 282/50/17 286/48/17 290/47/17
f 295/34/15 296/35/15 294/33/15
f 281/36/16 282/52/16 296/35/16
f 283/51/19 281/53/19 295/39/19
f 295/39/19 293/56/19 291/38/19
f 291/38/19 289/55/19 287/37/19
f 287/37/19 285/54/19 283/51/19
f 283/51/19 295/39/19 291/38/19
f 299/22/9 300/49/9 298/21/9
f 301/25/10 302/24/10 300/49/10
f 303/26/11 304/27/11 302/24/11
f 305/28/12 306/29/12 304/27/12
f 307/30/13 308/31/13 306/29/13
f 309/32/14 310/33/14 308/31/14
f 298/50/17 300/58/17 302/48/17
f 302/48/17 304/61/17 306/47/17
f 306/47/17 308/60/17 310/46/17
f 310/46/17 312/59/17 298/50/17
f 298/50/17 302/48/17 306/47/17
f 311/34/15 312/35/15 310/33/15
f 297/36/16 298/52/16 312/35/16
f 314/39/18 344/53/18 342/51/18
f 342/51/18 340/54/18 338/37/18
f 338/37/18 336/55/18 334/38/18
f 334/38/18 332/56/18 314/39/18
f 314/39/18 342/51/18 338/37/18
f 316/21/22 318/49/22 317/22/22
f 313/35/23 343/52/23 344/36/23
f 318/49/24 320/24/24 319/25/24
f 331/33/25 313/35/25 314/34/25
f 320/24/26 322/27/26 321/26/26
f 339/48/21 341/58/21 343/50/21
f 343/50/21 313/59/21 331/46/21
f 331/46/21 333/60/21 335/47/21
f 335/47/21 337/61/21 339/48/21
f 339/48/21 343/50/21 331/46/21
f 322/27/27 324/29/27 323/28/27
f 333/31/28 331/33/28 332/32/28
f 335/29/29 333/31/29 334/30/29
f 324/29/29 326/31/29 325/30/29
f 337/27/27 335/29/27 336/28/27
f 339/24/26 337/27/26 338/26/26
f 326/31/28 328/33/28 327/32/28
f 320/48/21 318/58/21 316/50/21
f 316/50/21 330/59/21 328/46/21
f 328/46/21 326/60/21 324/47/21
f 324/47/21 322/61/21 320/48/21
f 320/48/21 316/50/21 328/46/21
f 341/49/24 339/24/24 340/25/24
f 328/33/25 330/35/25 329/34/25
f 343/21/22 341/49/22 342/22/22
f 330/35/23 316/52/23 315/36/23
f 329/39/18 315/53/18 317/51/18
f 317/51/18 319/54/18 321/37/18
f 321/37/18 323/55/18 325/38/18
f 325/38/18 327/56/18 329/39/18
f 329/39/18 317/51/18 321/37/18
f 346/39/18 360/53/18 358/51/18
f 358/51/18 356/54/18 354/37/18
f 354/37/18 352/55/18 350/38/18
f 350/38/18 348/56/18 346/39/18
f 346/39/18 358/51/18 354/37/18
f 345/35/23 359/52/23 360/36/23
f 347/33/25 345/35/25 346/34/25
f 355/48/21 357/58/21 359/50/21
f 359/50/21 345/59/21 347/46/21
f 347/46/21 349/60/21 351/47/21
f 351/47/21 353/61/21 355/48/21
f 355/48/21 359/50/21 347/46/21
f 349/31/28 347/33/28 348/32/28
f 351/29/29 349/31/29 350/30/29
f 353/27/27 351/29/27 352/28/27
f 355/24/26 353/27/26 354/26/26
f 357/49/24 355/24/24 356/25/24
f 359/21/22 357/49/22 358/22/22
f 362/39/18 376/53/18 374/51/18
f 374/51/18 372/54/18 370/37/18
f 370/37/18 368/55/18 366/38/18
f 366/38/18 364/56/18 362/39/18
f 362/39/18 374/51/18 370/37/18
f 361/35/23 375/52/23 376/36/23
f 363/33/25 361/35/25 362/34/25
f 371/48/21 373/58/21 375/50/21
f 375/50/21 361/59/21 363/46/21
f 363/46/21 365/60/21 367/47/21
f 367/47/21 369/61/21 371/48/21
f 371/48/21 375/50/21 363/46/21
f 365/31/28 363/33/28 364/32/28
f 367/29/29 365/31/29 366/30/29
f 369/27/27 367/29/27 368/28/27
f 371/24/26 369/27/26 370/26/26
f 373/49/24 371/24/24 372/25/24
f 375/21/22 373/49/22 374/22/22
f 378/21/9 380/49/9 379/22/9
f 380/49/10 382/24/10 381/25/10
f 382/24/11 384/27/11 383/26/11
f 384/27/12 386/29/12 385/28/12
f 386/29/13 388/31/13 387/30/13
f 388/31/14 390/33/14 389/32/14
f 390/33/15 392/35/15 391/34/15
f 392/35/16 378/52/16 377/36/16
f 391/39/17 377/53/17 379/51/17
f 379/51/17 381/54/17 383/37/17
f 383/37/17 385/55/17 387/38/17
f 387/38/17 389/56/17 391/39/17
f 391/39/17 379/51/17 383/37/17
f 394/40/18 396/43/18 395/41/18
f 396/43/17 400/26/17 399/30/17
f 398/44/19 394/27/19 393/31/19
f 410/21/9 412/49/9 411/22/9
f 396/22/20 394/57/20 398/44/20
f 404/43/17 408/26/17 407/30/17
f 408/26/21 406/44/21 405/45/21
f 406/44/19 402/27/19 401/31/19
f 412/49/10 414/24/10 413/25/10
f 404/22/20 402/57/20 406/44/20
f 414/24/11 416/27/11 415/26/11
f 416/27/12 418/29/12 417/28/12
f 418/29/13 420/31/13 419/30/13
f 420/31/14 422/33/14 421/32/14
f 414/48/19 412/58/19 410/50/19
f 410/50/19 424/59/19 422/46/19
f 422/46/19 420/60/19 418/47/19
f 418/47/19 416/61/19 414/48/19
f 414/48/19 410/50/19 422/46/19
f 422/33/15 424/35/15 423/34/15
f 424/35/16 410/52/16 409/36/16
f 423/39/17 409/53/17 411/51/17
f 411/51/17 413/54/17 415/37/17
f 415/37/17 417/55/17 419/38/17
f 419/38/17 421/56/17 423/39/17
f 423/39/17 411/51/17 415/37/17
f 426/21/9 428/49/9 427/22/9
f 428/49/10 430/24/10 429/25/10
f 430/24/11 432/27/11 431/26/11
f 432/27/12 434/29/12 433/28/12
f 434/29/13 436/31/13 435/30/13
f 436/31/14 438/33/14 437/32/14
f 430/48/19 428/58/19 426/50/19
f 426/50/19 440/59/19 438/46/19
f 438/46/19 436/60/19 434/47/19
f 434/47/19 432/61/19 430/48/19
f 430/48/19 426/50/19 438/46/19
f 438/33/15 440/35/15 439/34/15
f 440/35/16 426/52/16 425/36/16
f 443/22/9 444/49/9 442/21/9
f 443/22/10 445/25/10 446/24/10
f 447/26/11 448/27/11 446/24/11
f 449/28/12 450/29/12 448/27/12
f 451/30/13 452/31/13 450/29/13
f 453/32/14 454/33/14 452/31/14
f 442/50/17 444/58/17 446/48/17
f 446/48/17 448/61/17 450/47/17
f 450/47/17 452/60/17 454/46/17
f 454/46/17 456/59/17 442/50/17
f 442/50/17 446/48/17 450/47/17
f 455/34/15 456/35/15 454/33/15
f 441/36/16 442/52/16 456/35/16
f 443/51/19 441/53/19 455/39/19
f 455/39/19 453/56/19 451/38/19
f 451/38/19 449/55/19 447/37/19
f 447/37/19 445/54/19 443/51/19
f 443/51/19 455/39/19 451/38/19
f 459/22/9 460/49/9 458/21/9
f 461/25/10 462/24/10 460/49/10
f 463/26/11 464/27/11 462/24/11
f 465/28/12 466/29/12 464/27/12
f 467/30/13 468/31/13 466/29/13
f 469/32/14 470/33/14 468/31/14
f 458/50/17 460/58/17 462/48/17
f 462/48/17 464/61/17 466/47/17
f 466/47/17 468/60/17 470/46/17
f 470/46/17 472/59/17 458/50/17
f 458/50/17 462/48/17 466/47/17
f 471/34/15 472/35/15 470/33/15
f 457/36/16 458/52/16 472/35/16
f 474/39/18 504/53/18 502/51/18
f 502/51/18 500/54/18 498/37/18
f 498/37/18 496/55/18 494/38/18
f 494/38/18 492/56/18 474/39/18
f 474/39/18 502/51/18 498/37/18
f 476/21/22 478/49/22 477/22/22
f 473/35/23 503/52/23 504/36/23
f 478/49/24 480/24/24 479/25/24
f 491/33/25 473/35/25 474/34/25
f 480/24/26 482/27/26 481/26/26
f 499/48/21 501/58/21 503/50/21
f 503/50/21 473/59/21 491/46/21
f 491/46/21 493/60/21 495/47/21
f 495/47/21 497/61/21 499/48/21
f 499/48/21 503/50/21 491/46/21
f 482/27/27 484/29/27 483/28/27
f 493/31/28 491/33/28 492/32/28
f 495/29/29 493/31/29 494/30/29
f 484/29/29 486/31/29 485/30/29
f 497/27/27 495/29/27 496/28/27
f 499/24/26 497/27/26 498/26/26
f 486/31/28 488/33/28 487/32/28
f 480/48/21 478/58/21 476/50/21
f 476/50/21 490/59/21 488/46/21
f 488/46/21 486/60/21 484/47/21
f 484/47/21 482/61/21 480/48/21
f 480/48/21 476/50/21 488/46/21
f 501/49/24 499/24/24 500/25/24
f 488/33/25 490/35/25 489/34/25
f 503/21/22 501/49/22 502/22/22
f 490/35/23 476/52/23 475/36/23
f 489/39/18 475/53/18 477/51/18
f 477/51/18 479/54/18 481/37/18
f 481/37/18 483/55/18 485/38/18
f 485/38/18 487/56/18 489/39/18
f 489/39/18 477/51/18 481/37/18
f 506/39/18 520/53/18 518/51/18
f 518/51/18 516/54/18 514/37/18
f 514/37/18 512/55/18 510/38/18
f 510/38/18 508/56/18 506/39/18
f 506/39/18 518/51/18 514/37/18
f 505/35/23 519/52/23 520/36/23
f 507/33/25 505/35/25 506/34/25
f 515/48/21 517/58/21 519/50/21
f 519/50/21 505/59/21 507/46/21
f 507/46/21 509/60/21 511/47/21
f 511/47/21 513/61/21 515/48/21
f 515/48/21 519/50/21 507/46/21
f 509/31/28 507/33/28 508/32/28
f 511/29/29 509/31/29 510/30/29
f 513/27/27 511/29/27 512/28/27
f 515/24/26 513/27/26 514/26/26
f 517/49/24 515/24/24 516/25/24
f 519/21/22 517/49/22 518/22/22
f 522/39/18 536/53/18 534/51/18
f 534/51/18 532/54/18 530/37/18
f 530/37/18 528/55/18 526/38/18
f 526/38/18 524/56/18 522/39/18
f 522/39/18 534/51/18 530/37/18
f 521/35/23 535/52/23 536/36/23
f 523/33/25 521/35/25 522/34/25
f 531/48/21 533/58/21 535/50/21
f 535/50/21 521/59/21 523/46/21
f 523/46/21 525/60/21 527/47/21
f 527/47/21 529/61/21 531/48/21
f 531/48/21 535/50/21 523/46/21
f 525/31/28 523/33/28 524/32/28
f 527/29/29 525/31/29 526/30/29
f 529/27/27 527/29/27 528/28/27
f 531/24/26 529/27/26 530/26/26
f 533/49/24 531/24/24 532/25/24
f 535/21/22 533/49/22 534/22/22
f 538/21/9 540/49/9 539/22/9
f 540/49/10 542/24/10 541/25/10
f 542/24/11 544/27/11 543/26/11
f 544/27/12 546/29/12 545/28/12
f 546/29/13 548/31/13 547/30/13
f 548/31/14 550/33/14 549/32/14
f 550/33/15 552/35/15 551/34/15
f 552/35/16 538/52/16 537/36/16
f 551/39/17 537/53/17 539/51/17
f 539/51/17 541/54/17 543/37/17
f 543/37/17 545/55/17 547/38/17
f 547/38/17 549/56/17 551/39/17
f 551/39/17 539/51/17 543/37/17
f 554/40/18 556/43/18 555/41/18
f 556/43/17 560/26/17 559/30/17
f 558/44/19 554/27/19 553/31/19
f 570/21/9 572/49/9 571/22/9
f 556/22/20 554/57/20 558/44/20
f 564/43/17 568/26/17 567/30/17
f 568/26/21 566/44/21 565/45/21
f 566/44/19 562/27/19 561/31/19
f 572/49/10 574/24/10 573/25/10
f 564/22/20 562/57/20 566/44/20
f 574/24/11 576/27/11 575/26/11
f 576/27/12 578/29/12 577/28/12
f 578/29/13 580/31/13 579/30/13
f 580/31/14 582/33/14 581/32/14
f 574/48/19 572/58/19 570/50/19
f 570/50/19 584/59/19 582/46/19
f 582/46/19 580/60/19 578/47/19
f 578/47/19 576/61/19 574/48/19
f 574/48/19 570/50/19 582/46/19
f 582/33/15 584/35/15 583/34/15
f 584/35/16 570/52/16 569/36/16
f 583/39/17 569/53/17 571/51/17
f 571/51/17 573/54/17 575/37/17
f 575/37/17 577/55/17 579/38/17
f 579/38/17 581/56/17 583/39/17
f 583/39/17 571/51/17 575/37/17
f 586/21/9 588/49/9 587/22/9
f 588/49/10 590/24/10 589/25/10
f 590/24/11 592/27/11 591/26/11
f 592/27/12 594/29/12 593/28/12
f 594/29/13 596/31/13 595/30/13
f 596/31/14 598/33/14 597/32/14
f 590/48/19 588/58/19 586/50/19
f 586/50/19 600/59/19 598/46/19
f 598/46/19 596/60/19 594/47/19
f 594/47/19 592/61/19 590/48/19
f 590/48/19 586/50/19 598/46/19
f 598/33/15 600/35/15 599/34/15
f 600/35/16 586/52/16 585/36/16
f 603/22/9 604/49/9 602/21/9
f 603/22/10 605/25/10 606/24/10
f 607/26/11 608/27/11 606/24/11
f 609/28/12 610/29/12 608/27/12
f 611/30/13 612/31/13 610/29/13
f 613/32/14 614/33/14 612/31/14
f 602/50/17 604/58/17 606/48/17
f 606/48/17 608/61/17 610/47/17
f 610/47/17 612/60/17 614/46/17
f 614/46/17 616/59/17 602/50/17
f 602/50/17 606/48/17 610/47/17
f 615/34/15 616/35/15 614/33/15
f 601/36/16 602/52/16 616/35/16
f 603/51/19 601/53/19 615/39/19
f 615/39/19 613/56/19 611/38/19
f 611/38/19 609/55/19 607/37/19
f 607/37/19 605/54/19 603/51/19
f 603/51/19 615/39/19 611/38/19
f 619/22/9 620/49/9 618/21/9
f 621/25/10 622/24/10 620/49/10
f 623/26/11 624/27/11 622/24/11
f 625/28/12 626/29/12 624/27/12
f 627/30/13 628/31/13 626/29/13
f 629/32/14 630/33/14 628/31/14
f 618/50/17 620/58/17 622/48/17
f 622/48/17 624/61/17 626/47/17
f 626/47/17 628/60/17 630/46/17
f 630/46/17 632/59/17 618/50/17
f 618/50/17 622/48/17 626/47/17
f 631/34/15 632/35/15 630/33/15
f 617/36/16 618/52/16 632/35/16
f 634/39/18 664/53/18 662/51/18
f 662/51/18 660/54/18 658/37/18
f 658/37/18 656/55/18 654/38/18
f 654/38/18 652/56/18 634/39/18
f 634/39/18 662/51/18 658/37/18
f 636/21/22 638/49/22 637/22/22
f 633/35/23 663/52/23 664/36/23
f 638/49/24 640/24/24 639/25/24
f 651/33/25 633/35/25 634/34/25
f 640/24/26 642/27/26 641/26/26
f 659/48/21 661/58/21 663/50/21
f 663/50/21 633/59/21 651/46/21
f 651/46/21 653/60/21 655/47/21
f 655/47/21 657/61/21 659/48/21
f 659/48/21 663/50/21 651/46/21
f 642/27/27 644/29/27 643/28/27
f 653/31/28 651/33/28 652/32/28
f 655/29/29 653/31/29 654/30/29
f 644/29/29 646/31/29 645/30/29
f 657/27/27 655/29/27 656/28/27
f 659/24/26 657/27/26 658/26/26
f 646/31/28 648/33/28 647/32/28
f 640/48/21 638/58/21 636/50/21
f 636/50/21 650/59/21 648/46/21
f 648/46/21 646/60/21 644/47/21
f 644/47/21 642/61/21 640/48/21
f 640/48/21 636/50/21 648/46/21
f 661/49/24 659/24/24 660/25/24
f 648/33/25 650/35/25 649/34/25
f 663/21/22 661/49/22 662/22/22
f 650/35/23 636/52/23 635/36/23
f 649/39/18 635/53/18 637/51/18
f 637/51/18 639/54/18 641/37/18
f 641/37/18 643/55/18 645/38/18
f 645/38/18 647/56/18 649/39/18
f 649/39/18 637/51/18 641/37/18
f 666/39/18 680/53/18 678/51/18
f 678/51/18 676/54/18 674/37/18
f 674/37/18 672/55/18 670/38/18
f 670/38/18 668/56/18 666/39/18
f 666/39/18 678/51/18 674/37/18
f 665/35/23 679/52/23 680/36/23
f 667/33/25 665/35/25 666/34/25
f 675/48/21 677/58/21 679/50/21
f 679/50/21 665/59/21 667/46/21
f 667/46/21 669/60/21 671/47/21
f 671/47/21 673/61/21 675/48/21
f 675/48/21 679/50/21 667/46/21
f 669/31/28 667/33/28 668/32/28
f 671/29/29 669/31/29 670/30/29
f 673/27/27 671/29/27 672/28/27
f 675/24/26 673/27/26 674/26/26
f 677/49/24 675/24/24 676/25/24
f 679/21/22 677/49/22 678/22/22
f 682/39/18 696/53/18 694/51/18
f 694/51/18 692/54/18 690/37/18
f 690/37/18 688/55/18 686/38/18
f 686/38/18 684/56/18 682/39/18
f 682/39/18 694/51/18 690/37/18
f 681/35/23 695/52/23 696/36/23
f 683/33/25 681/35/25 682/34/25
f 691/48/21 693/58/21 695/50/21
f 695/50/21 681/59/21 683/46/21
f 683/46/21 685/60/21 687/47/21
f 687/47/21 689/61/21 691/48/21
f 691/48/21 695/50/21 683/46/21
f 685/31/28 683/33/28 684/32/28
f 687/29/29 685/31/29 686/30/29
f 689/27/27 687/29/27 688/28/27
f 691/24/26 689/27/26 690/26/26
f 693/49/24 691/24/24 692/25/24
f 695/21/22 693/49/22 694/22/22
f 698/21/9 700/49/9 699/22/9
f 700/49/10 702/24/10 701/25/10
f 702/24/11 704/27/11 703/26/11
f 704/27/12 706/29/12 705/28/12
f 706/29/13 708/31/13 707/30/13
f 708/31/14 710/33/14 709/32/14
f 710/33/15 712/35/15 711/34/15
f 712/35/16 698/52/16 697/36/16
f 711/39/17 697/53/17 699/51/17
f 699/51/17 701/54/17 703/37/17
f 703/37/17 705/55/17 707/38/17
f 707/38/17 709/56/17 711/39/17
f 711/39/17 699/51/17 703/37/17
f 714/40/18 716/43/18 715/41/18
f 716/43/17 720/26/17 719/30/17
f 720/26/21 718/44/21 717/45/21
f 718/44/19 714/27/19 713/31/19
f 730/21/9 732/49/9 731/22/9
f 716/22/20 714/57/20 718/44/20
f 722/40/18 724/43/18 723/41/18
f 724/43/17 728/26/17 727/30/17
f 728/26/21 726/44/21 725/45/21
f 726/44/19 722/27/19 721/31/19
f 732/49/10 734/24/10 733/25/10
f 724/22/20 722/57/20 726/44/20
f 734/24/11 736/27/11 735/26/11
f 736/27/12 738/29/12 737/28/12
f 738/29/13 740/31/13 739/30/13
f 740/31/14 742/33/14 741/32/14
f 734/48/19 732/58/19 730/50/19
f 730/50/19 744/59/19 742/46/19
f 742/46/19 740/60/19 738/47/19
f 738/47/19 736/61/19 734/48/19
f 734/48/19 730/50/19 742/46/19
f 742/33/15 744/35/15 743/34/15
f 744/35/16 730/52/16 729/36/16
f 743/39/17 729/53/17 731/51/17
f 731/51/17 733/54/17 735/37/17
f 735/37/17 737/55/17 739/38/17
f 739/38/17 741/56/17 743/39/17
f 743/39/17 731/51/17 735/37/17
f 746/21/9 748/49/9 747/22/9
f 748/49/10 750/24/10 749/25/10
f 750/24/11 752/27/11 751/26/11
f 752/27/12 754/29/12 753/28/12
f 754/29/13 756/31/13 755/30/13
f 756/31/14 758/33/14 757/32/14
f 750/48/19 748/58/19 746/50/19
f 746/50/19 760/59/19 758/46/19
f 758/46/19 756/60/19 754/47/19
f 754/47/19 752/61/19 750/48/19
f 750/48/19 746/50/19 758/46/19
f 758/33/15 760/35/15 759/34/15
f 760/35/16 746/52/16 745/36/16
f 763/22/9 764/49/9 762/21/9
f 763/22/10 765/25/10 766/24/10
f 767/26/11 768/27/11 766/24/11
f 769/28/12 770/29/12 768/27/12
f 771/30/13 772/31/13 770/29/13
f 773/32/14 774/33/14 772/31/14
f 762/50/17 764/58/17 766/48/17
f 766/48/17 768/61/17 770/47/17
f 770/47/17 772/60/17 774/46/17
f 774/46/17 776/59/17 762/50/17
f 762/50/17 766/48/17 770/47/17
f 775/34/15 776/35/15 774/33/15
f 761/36/16 762/52/16 776/35/16
f 763/51/19 761/53/19 775/39/19
f 775/39/19 773/56/19 771/38/19
f 771/38/19 769/55/19 767/37/19
f 767/37/19 765/54/19 763/51/19
f 763/51/19 775/39/19 771/38/19
f 779/22/9 780/49/9 778/21/9
f 781/25/10 782/24/10 780/49/10
f 783/26/11 784/27/11 782/24/11
f 785/28/12 786/29/12 784/27/12
f 787/30/13 788/31/13 786/29/13
f 789/32/14 790/33/14 788/31/14
f 778/50/17 780/58/17 782/48/17
f 782/48/17 784/61/17 786/47/17
f 786/47/17 788/60/17 790/46/17
f 790/46/17 792/59/17 778/50/17
f 778/50/17 782/48/17 786/47/17
f 791/34/15 792/35/15 790/33/15
f 777/36/16 778/52/16 792/35/16
f 794/39/18 824/53/18 822/51/18
f 822/51/18 820/54/18 818/37/18
f 818/37/18 816/55/18 814/38/18
f 814/38/18 812/56/18 794/39/18
f 794/39/18 822/51/18 818/37/18
f 796/21/22 798/49/22 797/22/22
f 793/35/23 823/52/23 824/36/23
f 798/49/24 800/24/24 799/25/24
f 811/33/25 793/35/25 794/34/25
f 800/24/26 802/27/26 801/26/26
f 819/48/21 821/58/21 823/50/21
f 823/50/21 793/59/21 811/46/21
f 811/46/21 813/60/21 815/47/21
f 815/47/21 817/61/21 819/48/21
f 819/48/21 823/50/21 811/46/21
f 802/27/27 804/29/27 803/28/27
f 813/31/28 811/33/28 812/32/28
f 815/29/29 813/31/29 814/30/29
f 804/29/29 806/31/29 805/30/29
f 817/27/27 815/29/27 816/28/27
f 819/24/26 817/27/26 818/26/26
f 806/31/28 808/33/28 807/32/28
f 800/48/21 798/58/21 796/50/21
f 796/50/21 810/59/21 808/46/21
f 808/46/21 806/60/21 804/47/21
f 804/47/21 802/61/21 800/48/21
f 800/48/21 796/50/21 808/46/21
f 821/49/24 819/24/24 820/25/24
f 808/33/25 810/35/25 809/34/25
f 823/21/22 821/49/22 822/22/22
f 810/35/23 796/52/23 795/36/23
f 809/39/18 795/53/18 797/51/18
f 797/51/18 799/54/18 801/37/18
f 801/37/18 803/55/18 805/38/18
f 805/38/18 807/56/18 809/39/18
f 809/39/18 797/51/18 801/37/18
f 826/21/25 828/49/25 827/22/25
f 827/22/23 828/49/23 830/24/23
f 830/24/22 832/27/22 831/26/22
f 832/27/24 834/29/24 833/28/24
f 834/29/26 836/31/26 835/30/26
f 836/31/27 838/33/27 837/32/27
f 838/33/29 840/35/29 839/34/29
f 840/35/28 826/52/28 825/36/28
f 839/39/18 825/53/18 827/51/18
f 827/51/18 829/54/18 831/37/18
f 831/37/18 833/55/18 835/38/18
f 835/38/18 837/56/18 839/39/18
f 839/39/18 827/51/18 831/37/18
f 842/40/19 844/43/19 843/41/19
f 844/43/18 848/26/18 847/30/18
f 848/26/17 846/44/17 845/45/17
f 846/44/21 842/27/21 841/31/21
f 858/21/25 860/49/25 859/22/25
f 844/22/20 842/57/20 846/44/20
f 850/40/19 852/43/19 851/41/19
f 852/43/18 856/26/18 855/30/18
f 856/26/17 854/44/17 853/45/17
f 854/44/21 850/27/21 849/31/21
f 860/49/23 862/24/23 861/25/23
f 852/22/20 850/57/20 854/44/20
f 862/24/22 864/27/22 863/26/22
f 864/27/24 866/29/24 865/28/24
f 866/29/26 868/31/26 867/30/26
f 868/31/27 870/33/27 869/32/27
f 862/48/21 860/58/21 858/50/21
f 858/50/21 872/59/21 870/46/21
f 870/46/21 868/60/21 866/47/21
f 866/47/21 864/61/21 862/48/21
f 862/48/21 858/50/21 870/46/21
f 870/33/29 872/35/29 871/34/29
f 872/35/28 858/52/28 857/36/28
f 871/39/18 857/53/18 859/51/18
f 859/51/18 861/54/18 863/37/18
f 863/37/18 865/55/18 867/38/18
f 867/38/18 869/56/18 871/39/18
f 871/39/18 859/51/18 863/37/18
f 874/21/25 876/49/25 875/22/25
f 876/49/23 878/24/23 877/25/23
f 878/24/31 880/27/31 879/26/31
f 880/27/24 882/29/24 881/28/24
f 882/29/26 884/31/26 883/30/26
f 884/31/27 886/33/27 885/32/27
f 878/48/21 876/58/21 874/50/21
f 874/50/21 888/59/21 886/46/21
f 886/46/21 884/60/21 882/47/21
f 882/47/21 880/61/21 878/48/21
f 878/48/21 874/50/21 886/46/21
f 886/33/29 888/35/29 887/34/29
f 888/35/28 874/52/28 873/36/28
f 891/22/25 892/49/25 890/21/25
f 891/22/23 893/25/23 894/24/23
f 895/26/22 896/27/22 894/24/22
f 897/28/24 898/29/24 896/27/24
f 899/30/26 900/31/26 898/29/26
f 901/32/27 902/33/27 900/31/27
f 890/50/18 892/58/18 894/48/18
f 894/48/18 896/61/18 898/47/18
f 898/47/18 900/60/18 902/46/18
f 902/46/18 904/59/18 890/50/18
f 890/50/18 894/48/18 898/47/18
f 903/34/29 904/35/29 902/33/29
f 889/36/28 890/52/28 904/35/28
f 891/51/21 889/53/21 903/39/21
f 903/39/21 901/56/21 899/38/21
f 899/38/21 897/55/21 895/37/21
f 895/37/21 893/54/21 891/51/21
f 891/51/21 903/39/21 899/38/21
f 907/22/25 908/49/25 906/21/25
f 909/25/23 910/24/23 908/49/23
f 911/26/22 912/27/22 910/24/22
f 913/28/24 914/29/24 912/27/24
f 915/30/26 916/31/26 914/29/26
f 917/32/27 918/33/27 916/31/27
f 906/50/18 908/58/18 910/48/18
f 910/48/18 912/61/18 914/47/18
f 914/47/18 916/60/18 918/46/18
f 918/46/18 920/59/18 906/50/18
f 906/50/18 910/48/18 914/47/18
f 919/34/29 920/35/29 918/33/29
f 905/36/28 906/52/28 920/35/28
f 922/39/19 952/53/19 950/51/19
f 950/51/19 948/54/19 946/37/19
f 946/37/19 944/55/19 942/38/19
f 942/38/19 940/56/19 922/39/19
f 922/39/19 950/51/19 946/37/19
f 924/21/14 926/49/14 925/22/14
f 921/35/15 951/52/15 952/36/15
f 926/49/13 928/24/13 927/25/13
f 939/33/16 921/35/16 922/34/16
f 928/24/12 930/27/12 929/26/12
f 947/48/35 949/58/35 951/50/35
f 951/50/36 921/59/36 939/46/36
f 939/46/36 941/60/36 943/47/36
f 943/47/35 945/61/35 947/48/35
f 947/48/17 951/50/17 939/46/17
f 930/27/11 932/29/11 931/28/11
f 941/31/9 939/33/9 940/32/9
f 943/29/10 941/31/10 942/30/10
f 932/29/10 934/31/10 933/30/10
f 945/27/11 943/29/11 944/28/11
f 947/24/12 945/27/12 946/26/12
f 934/31/9 936/33/9 935/32/9
f 928/48/35 926/58/35 924/50/35
f 924/50/36 938/59/36 936/46/36
f 936/46/36 934/60/36 932/47/36
f 932/47/35 930/61/35 928/48/35
f 928/48/17 924/50/17 936/46/17
f 949/49/13 947/24/13 948/25/13
f 936/33/16 938/35/16 937/34/16
f 951/21/14 949/49/14 950/22/14
f 938/35/15 924/52/15 923/36/15
f 937/39/19 923/53/19 925/51/19
f 925/51/19 927/54/19 929/37/19
f 929/37/19 931/55/19 933/38/19
f 933/38/19 935/56/19 937/39/19
f 937/39/19 925/51/19 929/37/19
f 954/40/18 956/43/18 955/41/18
f 956/43/17 960/26/17 959/30/17
f 960/26/21 958/44/21 957/45/21
f 958/44/19 954/27/19 953/31/19
f 956/22/20 954/57/20 958/44/20
f 962/39/18 992/53/18 990/51/18
f 990/51/18 988/54/18 986/37/18
f 986/37/18 984/55/18 982/38/18
f 982/38/18 980/56/18 962/39/18
f 962/39/18 990/51/18 986/37/18
f 964/21/22 966/49/22 965/22/22
f 961/35/23 991/52/23 992/36/23
f 966/49/24 968/24/24 967/25/24
f 979/33/25 961/35/25 962/34/25
f 968/24/26 970/27/26 969/26/26
f 987/48/21 989/58/21 991/50/21
f 991/50/21 961/59/21 979/46/21
f 979/46/21 981/60/21 983/47/21
f 983/47/21 985/61/21 987/48/21
f 987/48/21 991/50/21 979/46/21
f 970/27/27 972/29/27 971/28/27
f 981/31/28 979/33/28 980/32/28
f 983/29/29 981/31/29 982/30/29
f 972/29/29 974/31/29 973/30/29
f 985/27/27 983/29/27 984/28/27
f 987/24/26 985/27/26 986/26/26
f 974/31/28 976/33/28 975/32/28
f 968/48/21 966/58/21 964/50/21
f 964/50/21 978/59/21 976/46/21
f 976/46/21 974/60/21 972/47/21
f 972/47/21 970/61/21 968/48/21
f 968/48/21 964/50/21 976/46/21
f 989/49/24 987/24/24 988/25/24
f 976/33/25 978/35/25 977/34/25
f 991/21/22 989/49/22 990/22/22
f 978/35/23 964/52/23 963/36/23
f 977/39/18 963/53/18 965/51/18
f 965/51/18 967/54/18 969/37/18
f 969/37/18 971/55/18 973/38/18
f 973/38/18 975/56/18 977/39/18
f 977/39/18 965/51/18 969/37/18
f 994/40/18 996/43/18 995/41/18
f 996/43/17 1000/26/17 999/30/17
f 1000/26/21 998/44/21 997/45/21
f 998/44/19 994/27/19 993/31/19
f 996/22/20 994/57/20 998/44/20
f 1002/40/19 1004/43/19 1003/41/19
f 1004/43/18 1008/26/18 1007/30/18
f 1008/26/17 1006/44/17 1005/45/17
f 1006/44/21 1002/27/21 1001/31/21
f 1004/22/20 1002/57/20 1006/44/20
f 1010/40/19 1012/43/19 1011/41/19
f 1012/43/18 1016/26/18 1015/30/18
f 1016/26/17 1014/44/17 1013/45/17
f 1014/44/21 1010/27/21 1009/31/21
f 1012/22/20 1010/57/20 1014/44/20
f 1018/39/19 1048/53/19 1046/51/19
f 1046/51/19 1044/54/19 1042/37/19
f 1042/37/19 1040/55/19 1038/38/19
f 1038/38/19 1036/56/19 1018/39/19
f 1018/39/19 1046/51/19 1042/37/19
f 1020/21/14 1022/49/14 1021/22/14
f 1017/35/15 1047/52/15 1048/36/15
f 1022/49/13 1024/24/13 1023/25/13
f 1035/33/16 1017/35/16 1018/34/16
f 1024/24/12 1026/27/12 1025/26/12
f 1043/48/35 1045/58/35 1047/50/35
f 1047/50/36 1017/59/36 1035/46/36
f 1035/46/36 1037/60/36 1039/47/36
f 1039/47/35 1041/61/35 1043/48/35
f 1043/48/17 1047/50/17 1035/46/17
f 1026/27/11 1028/29/11 1027/28/11
f 1037/31/9 1035/33/9 1036/32/9
f 1039/29/10 1037/31/10 1038/30/10
f 1028/29/10 1030/31/10 1029/30/10
f 1041/27/11 1039/29/11 1040/28/11
f 1043/24/12 1041/27/12 1042/26/12
f 1030/31/9 1032/33/9 1031/32/9
f 1024/48/35 1022/58/35 1020/50/35
f 1020/50/36 1034/59/36 1032/46/36
f 1032/46/36 1030/60/36 1028/47/36
f 1028/47/35 1026/61/35 1024/48/35
f 1024/48/17 1020/50/17 1032/46/17
f 1045/49/13 1043/24/13 1044/25/13
f 1032/33/16 1034/35/16 1033/34/16
f 1047/21/14 1045/49/14 1046/22/14
f 1034/35/15 1020/52/15 1019/36/15
f 1033/39/19 1019/53/19 1021/51/19
f 1021/51/19 1023/54/19 1025/37/19
f 1025/37/19 1027/55/19 1029/38/19
f 1029/38/19 1031/56/19 1033/39/19
f 1033/39/19 1021/51/19 1025/37/19
f 1003/41/32 1007/30/32 1005/45/32
f 955/41/32 959/30/32 957/45/32
f 1051/22/16 1052/49/16 1050/21/16
f 1051/22/15 1053/25/15 1054/24/15
f 1055/26/14 1056/27/14 1054/24/14
f 1057/28/13 1058/29/13 1056/27/13
f 1059/30/12 1060/31/12 1058/29/12
f 1061/32/11 1062/33/11 1060/31/11
f 1063/34/10 1064/35/10 1062/33/10
f 1049/36/9 1050/52/9 1064/35/9
f 1051/51/17 1049/53/17 1063/39/17
f 1063/39/17 1061/56/17 1059/38/17
f 1059/38/17 1057/55/17 1055/37/17
f 1055/37/17 1053/54/17 1051/51/17
f 1051/51/17 1063/39/17 1059/38/17
f 1067/41/21 1068/43/21 1066/40/21
f 1071/30/17 1072/26/17 1068/43/17
f 1065/31/19 1066/27/19 1070/44/19
f 1083/22/16 1084/49/16 1082/21/16
f 1070/44/20 1066/57/20 1068/22/20
f 1079/30/17 1080/26/17 1076/43/17
f 1077/45/18 1078/44/18 1080/26/18
f 1073/31/19 1074/27/19 1078/44/19
f 1083/22/15 1085/25/15 1086/24/15
f 1078/44/20 1074/57/20 1076/22/20
f 1087/26/14 1088/27/14 1086/24/14
f 1089/28/13 1090/29/13 1088/27/13
f 1091/30/12 1092/31/12 1090/29/12
f 1093/32/11 1094/33/11 1092/31/11
f 1082/50/19 1084/58/19 1086/48/19
f 1086/48/19 1088/61/19 1090/47/19
f 1090/47/19 1092/60/19 1094/46/19
f 1094/46/19 1096/59/19 1082/50/19
f 1082/50/19 1086/48/19 1090/47/19
f 1095/34/10 1096/35/10 1094/33/10
f 1081/36/9 1082/52/9 1096/35/9
f 1083/51/17 1081/53/17 1095/39/17
f 1095/39/17 1093/56/17 1091/38/17
f 1091/38/17 1089/55/17 1087/37/17
f 1087/37/17 1085/54/17 1083/51/17
f 1083/51/17 1095/39/17 1091/38/17
f 1099/22/16 1100/49/16 1098/21/16
f 1101/25/15 1102/24/15 1100/49/15
f 1103/26/14 1104/27/14 1102/24/14
f 1105/28/13 1106/29/13 1104/27/13
f 1107/30/12 1108/31/12 1106/29/12
f 1109/32/11 1110/33/11 1108/31/11
f 1098/50/19 1100/58/19 1102/48/19
f 1102/48/19 1104/61/19 1106/47/19
f 1106/47/19 1108/60/19 1110/46/19
f 1110/46/19 1112/59/19 1098/50/19
f 1098/50/19 1102/48/19 1106/47/19
f 1111/34/10 1112/35/10 1110/33/10
f 1097/36/9 1098/52/9 1112/35/9
f 1114/21/16 1116/49/16 1115/22/16
f 1115/22/15 1116/49/15 1118/24/15
f 1118/24/14 1120/27/14 1119/26/14
f 1120/27/13 1122/29/13 1121/28/13
f 1122/29/12 1124/31/12 1123/30/12
f 1124/31/11 1126/33/11 1125/32/11
f 1118/48/17 1116/58/17 1114/50/17
f 1114/50/17 1128/59/17 1126/46/17
f 1126/46/17 1124/60/17 1122/47/17
f 1122/47/17 1120/61/17 1118/48/17
f 1118/48/17 1114/50/17 1126/46/17
f 1126/33/10 1128/35/10 1127/34/10
f 1128/35/9 1114/52/9 1113/36/9
f 1127/39/19 1113/53/19 1115/51/19
f 1115/51/19 1117/54/19 1119/37/19
f 1119/37/19 1121/55/19 1123/38/19
f 1123/38/19 1125/56/19 1127/39/19
f 1127/39/19 1115/51/19 1119/37/19
f 1130/21/16 1132/49/16 1131/22/16
f 1132/49/15 1134/24/15 1133/25/15
f 1134/24/14 1136/27/14 1135/26/14
f 1136/27/13 1138/29/13 1137/28/13
f 1138/29/12 1140/31/12 1139/30/12
f 1140/31/11 1142/33/11 1141/32/11
f 1134/48/17 1132/58/17 1130/50/17
f 1130/50/17 1144/59/17 1142/46/17
f 1142/46/17 1140/60/17 1138/47/17
f 1138/47/17 1136/61/17 1134/48/17
f 1134/48/17 1130/50/17 1142/46/17
f 1142/33/10 1144/35/10 1143/34/10
f 1144/35/9 1130/52/9 1129/36/9
f 1174/51/21 1176/53/21 1146/39/21
f 1146/39/21 1164/56/21 1166/38/21
f 1166/38/21 1168/55/21 1170/37/21
f 1170/37/21 1172/54/21 1174/51/21
f 1174/51/21 1146/39/21 1166/38/21
f 1149/22/22 1150/49/22 1148/21/22
f 1176/36/23 1175/52/23 1145/35/23
f 1151/25/24 1152/24/24 1150/49/24
f 1146/34/25 1145/35/25 1163/33/25
f 1153/26/26 1154/27/26 1152/24/26
f 1175/50/18 1173/58/18 1171/48/18
f 1171/48/18 1169/61/18 1167/47/18
f 1167/47/18 1165/60/18 1163/46/18
f 1163/46/18 1145/59/18 1175/50/18
f 1175/50/18 1171/48/18 1167/47/18
f 1155/28/27 1156/29/27 1154/27/27
f 1164/32/28 1163/33/28 1165/31/28
f 1166/30/29 1165/31/29 1167/29/29
f 1157/30/29 1158/31/29 1156/29/29
f 1168/28/27 1167/29/27 1169/27/27
f 1170/26/26 1169/27/26 1171/24/26
f 1159/32/28 1160/33/28 1158/31/28
f 1148/50/18 1150/58/18 1152/48/18
f 1152/48/18 1154/61/18 1156/47/18
f 1156/47/18 1158/60/18 1160/46/18
f 1160/46/18 1162/59/18 1148/50/18
f 1148/50/18 1152/48/18 1156/47/18
f 1172/25/24 1171/24/24 1173/49/24
f 1161/34/25 1162/35/25 1160/33/25
f 1174/22/22 1173/49/22 1175/21/22
f 1147/36/23 1148/52/23 1162/35/23
f 1149/51/21 1147/53/21 1161/39/21
f 1161/39/21 1159/56/21 1157/38/21
f 1157/38/21 1155/55/21 1153/37/21
f 1153/37/21 1151/54/21 1149/51/21
f 1149/51/21 1161/39/21 1157/38/21
f 1190/51/21 1192/53/21 1178/39/21
f 1178/39/21 1180/56/21 1182/38/21
f 1182/38/21 1184/55/21 1186/37/21
f 1186/37/21 1188/54/21 1190/51/21
f 1190/51/21 1178/39/21 1182/38/21
f 1192/36/23 1191/52/23 1177/35/23
f 1178/34/25 1177/35/25 1179/33/25
f 1191/50/18 1189/58/18 1187/48/18
f 1187/48/18 1185/61/18 1183/47/18
f 1183/47/18 1181/60/18 1179/46/18
f 1179/46/18 1177/59/18 1191/50/18
f 1191/50/18 1187/48/18 1183/47/18
f 1180/32/28 1179/33/28 1181/31/28
f 1182/30/29 1181/31/29 1183/29/29
f 1184/28/27 1183/29/27 1185/27/27
f 1186/26/26 1185/27/26 1187/24/26
f 1188/25/24 1187/24/24 1189/49/24
f 1190/22/22 1189/49/22 1191/21/22
f 1206/51/21 1208/53/21 1194/39/21
f 1194/39/21 1196/56/21 1198/38/21
f 1198/38/21 1200/55/21 1202/37/21
f 1202/37/21 1204/54/21 1206/51/21
f 1206/51/21 1194/39/21 1198/38/21
f 1208/36/23 1207/52/23 1193/35/23
f 1194/34/25 1193/35/25 1195/33/25
f 1207/50/18 1205/58/18 1203/48/18
f 1203/48/18 1201/61/18 1199/47/18
f 1199/47/18 1197/60/18 1195/46/18
f 1195/46/18 1193/59/18 1207/50/18
f 1207/50/18 1203/48/18 1199/47/18
f 1196/32/28 1195/33/28 1197/31/28
f 1198/30/29 1197/31/29 1199/29/29
f 1200/28/27 1199/29/27 1201/27/27
f 1202/26/26 1201/27/26 1203/24/26
f 1204/25/24 1203/24/24 1205/49/24
f 1206/22/22 1205/49/22 1207/21/22
f 1211/22/16 1212/49/16 1210/21/16
f 1213/25/15 1214/24/15 1212/49/15
f 1215/26/14 1216/27/14 1214/24/14
f 1217/28/13 1218/29/13 1216/27/13
f 1219/30/12 1220/31/12 1218/29/12
f 1221/32/11 1222/33/11 1220/31/11
f 1223/34/10 1224/35/10 1222/33/10
f 1209/36/9 1210/52/9 1224/35/9
f 1211/51/17 1209/53/17 1223/39/17
f 1223/39/17 1221/56/17 1219/38/17
f 1219/38/17 1217/55/17 1215/37/17
f 1215/37/17 1213/54/17 1211/51/17
f 1211/51/17 1223/39/17 1219/38/17
f 1227/41/21 1228/43/21 1226/40/21
f 1231/30/17 1232/26/17 1228/43/17
f 1225/31/19 1226/27/19 1230/44/19
f 1243/22/16 1244/49/16 1242/21/16
f 1230/44/20 1226/57/20 1228/22/20
f 1239/30/17 1240/26/17 1236/43/17
f 1237/45/18 1238/44/18 1240/26/18
f 1233/31/19 1234/27/19 1238/44/19
f 1245/25/15 1246/24/15 1244/49/15
f 1238/44/20 1234/57/20 1236/22/20
f 1247/26/14 1248/27/14 1246/24/14
f 1249/28/13 1250/29/13 1248/27/13
f 1251/30/12 1252/31/12 1250/29/12
f 1253/32/11 1254/33/11 1252/31/11
f 1242/50/19 1244/58/19 1246/48/19
f 1246/48/19 1248/61/19 1250/47/19
f 1250/47/19 1252/60/19 1254/46/19
f 1254/46/19 1256/59/19 1242/50/19
f 1242/50/19 1246/48/19 1250/47/19
f 1255/34/10 1256/35/10 1254/33/10
f 1241/36/9 1242/52/9 1256/35/9
f 1243/51/17 1241/53/17 1255/39/17
f 1255/39/17 1253/56/17 1251/38/17
f 1251/38/17 1249/55/17 1247/37/17
f 1247/37/17 1245/54/17 1243/51/17
f 1243/51/17 1255/39/17 1251/38/17
f 1259/22/16 1260/49/16 1258/21/16
f 1261/25/15 1262/24/15 1260/49/15
f 1263/26/14 1264/27/14 1262/24/14
f 1265/28/13 1266/29/13 1264/27/13
f 1267/30/12 1268/31/12 1266/29/12
f 1269/32/11 1270/33/11 1268/31/11
f 1258/50/19 1260/58/19 1262/48/19
f 1262/48/19 1264/61/19 1266/47/19
f 1266/47/19 1268/60/19 1270/46/19
f 1270/46/19 1272/59/19 1258/50/19
f 1258/50/19 1262/48/19 1266/47/19
f 1271/34/10 1272/35/10 1270/33/10
f 1257/36/9 1258/52/9 1272/35/9
f 1274/21/16 1276/49/16 1275/22/16
f 1275/22/15 1276/49/15 1278/24/15
f 1278/24/14 1280/27/14 1279/26/14
f 1280/27/13 1282/29/13 1281/28/13
f 1282/29/12 1284/31/12 1283/30/12
f 1284/31/11 1286/33/11 1285/32/11
f 1278/48/17 1276/58/17 1274/50/17
f 1274/50/17 1288/59/17 1286/46/17
f 1286/46/17 1284/60/17 1282/47/17
f 1282/47/17 1280/61/17 1278/48/17
f 1278/48/17 1274/50/17 1286/46/17
f 1286/33/10 1288/35/10 1287/34/10
f 1288/35/9 1274/52/9 1273/36/9
f 1287/39/19 1273/53/19 1275/51/19
f 1275/51/19 1277/54/19 1279/37/19
f 1279/37/19 1281/55/19 1283/38/19
f 1283/38/19 1285/56/19 1287/39/19
f 1287/39/19 1275/51/19 1279/37/19
f 1290/21/16 1292/49/16 1291/22/16
f 1292/49/15 1294/24/15 1293/25/15
f 1294/24/14 1296/27/14 1295/26/14
f 1296/27/13 1298/29/13 1297/28/13
f 1298/29/12 1300/31/12 1299/30/12
f 1300/31/11 1302/33/11 1301/32/11
f 1294/48/17 1292/58/17 1290/50/17
f 1290/50/17 1304/59/17 1302/46/17
f 1302/46/17 1300/60/17 1298/47/17
f 1298/47/17 1296/61/17 1294/48/17
f 1294/48/17 1290/50/17 1302/46/17
f 1302/33/10 1304/35/10 1303/34/10
f 1304/35/9 1290/52/9 1289/36/9
f 1334/51/21 1336/53/21 1306/39/21
f 1306/39/21 1324/56/21 1326/38/21
f 1326/38/21 1328/55/21 1330/37/21
f 1330/37/21 1332/54/21 1334/51/21
f 1334/51/21 1306/39/21 1326/38/21
f 1309/22/22 1310/49/22 1308/21/22
f 1336/36/23 1335/52/23 1305/35/23
f 1311/25/24 1312/24/24 1310/49/24
f 1306/34/25 1305/35/25 1323/33/25
f 1313/26/26 1314/27/26 1312/24/26
f 1335/50/18 1333/58/18 1331/48/18
f 1331/48/18 1329/61/18 1327/47/18
f 1327/47/18 1325/60/18 1323/46/18
f 1323/46/18 1305/59/18 1335/50/18
f 1335/50/18 1331/48/18 1327/47/18
f 1315/28/27 1316/29/27 1314/27/27
f 1324/32/28 1323/33/28 1325/31/28
f 1326/30/29 1325/31/29 1327/29/29
f 1317/30/29 1318/31/29 1316/29/29
f 1328/28/27 1327/29/27 1329/27/27
f 1330/26/26 1329/27/26 1331/24/26
f 1319/32/28 1320/33/28 1318/31/28
f 1308/50/18 1310/58/18 1312/48/18
f 1312/48/18 1314/61/18 1316/47/18
f 1316/47/18 1318/60/18 1320/46/18
f 1320/46/18 1322/59/18 1308/50/18
f 1308/50/18 1312/48/18 1316/47/18
f 1332/25/24 1331/24/24 1333/49/24
f 1321/34/25 1322/35/25 1320/33/25
f 1334/22/22 1333/49/22 1335/21/22
f 1307/36/23 1308/52/23 1322/35/23
f 1309/51/21 1307/53/21 1321/39/21
f 1321/39/21 1319/56/21 1317/38/21
f 1317/38/21 1315/55/21 1313/37/21
f 1313/37/21 1311/54/21 1309/51/21
f 1309/51/21 1321/39/21 1317/38/21
f 1350/51/21 1352/53/21 1338/39/21
f 1338/39/21 1340/56/21 1342/38/21
f 1342/38/21 1344/55/21 1346/37/21
f 1346/37/21 1348/54/21 1350/51/21
f 1350/51/21 1338/39/21 1342/38/21
f 1352/36/23 1351/52/23 1337/35/23
f 1338/34/25 1337/35/25 1339/33/25
f 1351/50/18 1349/58/18 1347/48/18
f 1347/48/18 1345/61/18 1343/47/18
f 1343/47/18 1341/60/18 1339/46/18
f 1339/46/18 1337/59/18 1351/50/18
f 1351/50/18 1347/48/18 1343/47/18
f 1340/32/28 1339/33/28 1341/31/28
f 1342/30/29 1341/31/29 1343/29/29
f 1344/28/27 1343/29/27 1345/27/27
f 1346/26/26 1345/27/26 1347/24/26
f 1348/25/24 1347/24/24 1349/49/24
f 1350/22/22 1349/49/22 1351/21/22
f 1366/51/21 1368/53/21 1354/39/21
f 1354/39/21 1356/56/21 1358/38/21
f 1358/38/21 1360/55/21 1362/37/21
f 1362/37/21 1364/54/21 1366/51/21
f 1366/51/21 1354/39/21 1358/38/21
f 1368/36/23 1367/52/23 1353/35/23
f 1354/34/25 1353/35/25 1355/33/25
f 1367/50/18 1365/58/18 1363/48/18
f 1363/48/18 1361/61/18 1359/47/18
f 1359/47/18 1357/60/18 1355/46/18
f 1355/46/18 1353/59/18 1367/50/18
f 1367/50/18 1363/48/18 1359/47/18
f 1356/32/28 1355/33/28 1357/31/28
f 1358/30/29 1357/31/29 1359/29/29
f 1360/28/27 1359/29/27 1361/27/27
f 1362/26/26 1361/27/26 1363/24/26
f 1364/25/24 1363/24/24 1365/49/24
f 1366/22/22 1365/49/22 1367/21/22
f 1371/22/16 1372/49/16 1370/21/16
f 1373/25/15 1374/24/15 1372/49/15
f 1375/26/14 1376/27/14 1374/24/14
f 1377/28/13 1378/29/13 1376/27/13
f 1379/30/12 1380/31/12 1378/29/12
f 1381/32/11 1382/33/11 1380/31/11
f 1383/34/10 1384/35/10 1382/33/10
f 1369/36/9 1370/52/9 1384/35/9
f 1371/51/17 1369/53/17 1383/39/17
f 1383/39/17 1381/56/17 1379/38/17
f 1379/38/17 1377/55/17 1375/37/17
f 1375/37/17 1373/54/17 1371/51/17
f 1371/51/17 1383/39/17 1379/38/17
f 1387/41/21 1388/43/21 1386/40/21
f 1391/30/17 1392/26/17 1388/43/17
f 1385/31/19 1386/27/19 1390/44/19
f 1403/22/16 1404/49/16 1402/21/16
f 1390/44/20 1386/57/20 1388/22/20
f 1399/30/17 1400/26/17 1396/43/17
f 1397/45/18 1398/44/18 1400/26/18
f 1393/31/19 1394/27/19 1398/44/19
f 1405/25/15 1406/24/15 1404/49/15
f 1398/44/20 1394/57/20 1396/22/20
f 1407/26/14 1408/27/14 1406/24/14
f 1409/28/13 1410/29/13 1408/27/13
f 1411/30/12 1412/31/12 1410/29/12
f 1413/32/11 1414/33/11 1412/31/11
f 1402/50/19 1404/58/19 1406/48/19
f 1406/48/19 1408/61/19 1410/47/19
f 1410/47/19 1412/60/19 1414/46/19
f 1414/46/19 1416/59/19 1402/50/19
f 1402/50/19 1406/48/19 1410/47/19
f 1415/34/10 1416/35/10 1414/33/10
f 1401/36/9 1402/52/9 1416/35/9
f 1403/51/17 1401/53/17 1415/39/17
f 1415/39/17 1413/56/17 1411/38/17
f 1411/38/17 1409/55/17 1407/37/17
f 1407/37/17 1405/54/17 1403/51/17
f 1403/51/17 1415/39/17 1411/38/17
f 1419/22/16 1420/49/16 1418/21/16
f 1421/25/15 1422/24/15 1420/49/15
f 1423/26/14 1424/27/14 1422/24/14
f 1425/28/13 1426/29/13 1424/27/13
f 1427/30/12 1428/31/12 1426/29/12
f 1429/32/11 1430/33/11 1428/31/11
f 1418/50/19 1420/58/19 1422/48/19
f 1422/48/19 1424/61/19 1426/47/19
f 1426/47/19 1428/60/19 1430/46/19
f 1430/46/19 1432/59/19 1418/50/19
f 1418/50/19 1422/48/19 1426/47/19
f 1431/34/10 1432/35/10 1430/33/10
f 1417/36/9 1418/52/9 1432/35/9
f 1434/21/16 1436/49/16 1435/22/16
f 1435/22/15 1436/49/15 1438/24/15
f 1438/24/14 1440/27/14 1439/26/14
f 1440/27/13 1442/29/13 1441/28/13
f 1442/29/12 1444/31/12 1443/30/12
f 1444/31/11 1446/33/11 1445/32/11
f 1438/48/17 1436/58/17 1434/50/17
f 1434/50/17 1448/59/17 1446/46/17
f 1446/46/17 1444/60/17 1442/47/17
f 1442/47/17 1440/61/17 1438/48/17
f 1438/48/17 1434/50/17 1446/46/17
f 1446/33/10 1448/35/10 1447/34/10
f 1448/35/9 1434/52/9 1433/36/9
f 1447/39/19 1433/53/19 1435/51/19
f 1435/51/19 1437/54/19 1439/37/19
f 1439/37/19 1441/55/19 1443/38/19
f 1443/38/19 1445/56/19 1447/39/19
f 1447/39/19 1435/51/19 1439/37/19
f 1450/21/16 1452/49/16 1451/22/16
f 1452/49/15 1454/24/15 1453/25/15
f 1454/24/14 1456/27/14 1455/26/14
f 1456/27/13 1458/29/13 1457/28/13
f 1458/29/12 1460/31/12 1459/30/12
f 1460/31/11 1462/33/11 1461/32/11
f 1454/48/17 1452/58/17 1450/50/17
f 1450/50/17 1464/59/17 1462/46/17
f 1462/46/17 1460/60/17 1458/47/17
f 1458/47/17 1456/61/17 1454/48/17
f 1454/48/17 1450/50/17 1462/46/17
f 1462/33/10 1464/35/10 1463/34/10
f 1464/35/9 1450/52/9 1449/36/9
f 1494/51/21 1496/53/21 1466/39/21
f 1466/39/21 1484/56/21 1486/38/21
f 1486/38/21 1488/55/21 1490/37/21
f 1490/37/21 1492/54/21 1494/51/21
f 1494/51/21 1466/39/21 1486/38/21
f 1469/22/22 1470/49/22 1468/21/22
f 1496/36/23 1495/52/23 1465/35/23
f 1471/25/24 1472/24/24 1470/49/24
f 1466/34/25 1465/35/25 1483/33/25
f 1473/26/26 1474/27/26 1472/24/26
f 1495/50/18 1493/58/18 1491/48/18
f 1491/48/18 1489/61/18 1487/47/18
f 1487/47/18 1485/60/18 1483/46/18
f 1483/46/18 1465/59/18 1495/50/18
f 1495/50/18 1491/48/18 1487/47/18
f 1475/28/27 1476/29/27 1474/27/27
f 1484/32/28 1483/33/28 1485/31/28
f 1486/30/29 1485/31/29 1487/29/29
f 1477/30/29 1478/31/29 1476/29/29
f 1488/28/27 1487/29/27 1489/27/27
f 1490/26/26 1489/27/26 1491/24/26
f 1479/32/28 1480/33/28 1478/31/28
f 1468/50/18 1470/58/18 1472/48/18
f 1472/48/18 1474/61/18 1476/47/18
f 1476/47/18 1478/60/18 1480/46/18
f 1480/46/18 1482/59/18 1468/50/18
f 1468/50/18 1472/48/18 1476/47/18
f 1492/25/24 1491/24/24 1493/49/24
f 1481/34/25 1482/35/25 1480/33/25
f 1494/22/22 1493/49/22 1495/21/22
f 1467/36/23 1468/52/23 1482/35/23
f 1469/51/21 1467/53/21 1481/39/21
f 1481/39/21 1479/56/21 1477/38/21
f 1477/38/21 1475/55/21 1473/37/21
f 1473/37/21 1471/54/21 1469/51/21
f 1469/51/21 1481/39/21 1477/38/21
f 1510/51/21 1512/53/21 1498/39/21
f 1498/39/21 1500/56/21 1502/38/21
f 1502/38/21 1504/55/21 1506/37/21
f 1506/37/21 1508/54/21 1510/51/21
f 1510/51/21 1498/39/21 1502/38/21
f 1512/36/23 1511/52/23 1497/35/23
f 1498/34/25 1497/35/25 1499/33/25
f 1511/50/18 1509/58/18 1507/48/18
f 1507/48/18 1505/61/18 1503/47/18
f 1503/47/18 1501/60/18 1499/46/18
f 1499/46/18 1497/59/18 1511/50/18
f 1511/50/18 1507/48/18 1503/47/18
f 1500/32/28 1499/33/28 1501/31/28
f 1502/30/29 1501/31/29 1503/29/29
f 1504/28/27 1503/29/27 1505/27/27
f 1506/26/26 1505/27/26 1507/24/26
f 1508/25/24 1507/24/24 1509/49/24
f 1510/22/22 1509/49/22 1511/21/22
f 1526/51/21 1528/53/21 1514/39/21
f 1514/39/21 1516/56/21 1518/38/21
f 1518/38/21 1520/55/21 1522/37/21
f 1522/37/21 1524/54/21 1526/51/21
f 1526/51/21 1514/39/21 1518/38/21
f 1528/36/23 1527/52/23 1513/35/23
f 1514/34/25 1513/35/25 1515/33/25
f 1527/50/18 1525/58/18 1523/48/18
f 1523/48/18 1521/61/18 1519/47/18
f 1519/47/18 1517/60/18 1515/46/18
f 1515/46/18 1513/59/18 1527/50/18
f 1527/50/18 1523/48/18 1519/47/18
f 1516/32/28 1515/33/28 1517/31/28
f 1518/30/29 1517/31/29 1519/29/29
f 1520/28/27 1519/29/27 1521/27/27
f 1522/26/26 1521/27/26 1523/24/26
f 1524/25/24 1523/24/24 1525/49/24
f 1526/22/22 1525/49/22 1527/21/22
f 1531/22/16 1532/49/16 1530/21/16
f 1533/25/15 1534/24/15 1532/49/15
f 1535/26/14 1536/27/14 1534/24/14
f 1537/28/13 1538/29/13 1536/27/13
f 1539/30/12 1540/31/12 1538/29/12
f 1541/32/11 1542/33/11 1540/31/11
f 1543/34/10 1544/35/10 1542/33/10
f 1529/36/9 1530/52/9 1544/35/9
f 1531/51/17 1529/53/17 1543/39/17
f 1543/39/17 1541/56/17 1539/38/17
f 1539/38/17 1537/55/17 1535/37/17
f 1535/37/17 1533/54/17 1531/51/17
f 1531/51/17 1543/39/17 1539/38/17
f 1547/41/21 1548/43/21 1546/40/21
f 1551/30/17 1552/26/17 1548/43/17
f 1545/31/19 1546/27/19 1550/44/19
f 1563/22/16 1564/49/16 1562/21/16
f 1550/44/20 1546/57/20 1548/22/20
f 1559/30/17 1560/26/17 1556/43/17
f 1557/45/18 1558/44/18 1560/26/18
f 1553/31/19 1554/27/19 1558/44/19
f 1565/25/15 1566/24/15 1564/49/15
f 1558/44/20 1554/57/20 1556/22/20
f 1567/26/14 1568/27/14 1566/24/14
f 1569/28/13 1570/29/13 1568/27/13
f 1571/30/12 1572/31/12 1570/29/12
f 1573/32/11 1574/33/11 1572/31/11
f 1562/50/19 1564/58/19 1566/48/19
f 1566/48/19 1568/61/19 1570/47/19
f 1570/47/19 1572/60/19 1574/46/19
f 1574/46/19 1576/59/19 1562/50/19
f 1562/50/19 1566/48/19 1570/47/19
f 1575/34/10 1576/35/10 1574/33/10
f 1561/36/9 1562/52/9 1576/35/9
f 1563/51/17 1561/53/17 1575/39/17
f 1575/39/17 1573/56/17 1571/38/17
f 1571/38/17 1569/55/17 1567/37/17
f 1567/37/17 1565/54/17 1563/51/17
f 1563/51/17 1575/39/17 1571/38/17
f 1579/22/16 1580/49/16 1578/21/16
f 1581/25/15 1582/24/15 1580/49/15
f 1583/26/14 1584/27/14 1582/24/14
f 1585/28/13 1586/29/13 1584/27/13
f 1587/30/12 1588/31/12 1586/29/12
f 1589/32/11 1590/33/11 1588/31/11
f 1578/50/19 1580/58/19 1582/48/19
f 1582/48/19 1584/61/19 1586/47/19
f 1586/47/19 1588/60/19 1590/46/19
f 1590/46/19 1592/59/19 1578/50/19
f 1578/50/19 1582/48/19 1586/47/19
f 1591/34/10 1592/35/10 1590/33/10
f 1577/36/9 1578/52/9 1592/35/9
f 1594/21/16 1596/49/16 1595/22/16
f 1595/22/15 1596/49/15 1598/24/15
f 1598/24/14 1600/27/14 1599/26/14
f 1600/27/13 1602/29/13 1601/28/13
f 1602/29/12 1604/31/12 1603/30/12
f 1604/31/11 1606/33/11 1605/32/11
f 1598/48/17 1596/58/17 1594/50/17
f 1594/50/17 1608/59/17 1606/46/17
f 1606/46/17 1604/60/17 1602/47/17
f 1602/47/17 1600/61/17 1598/48/17
f 1598/48/17 1594/50/17 1606/46/17
f 1606/33/10 1608/35/10 1607/34/10
f 1608/35/9 1594/52/9 1593/36/9
f 1607/39/19 1593/53/19 1595/51/19
f 1595/51/19 1597/54/19 1599/37/19
f 1599/37/19 1601/55/19 1603/38/19
f 1603/38/19 1605/56/19 1607/39/19
f 1607/39/19 1595/51/19 1599/37/19
f 1610/21/16 1612/49/16 1611/22/16
f 1612/49/15 1614/24/15 1613/25/15
f 1614/24/14 1616/27/14 1615/26/14
f 1616/27/13 1618/29/13 1617/28/13
f 1618/29/12 1620/31/12 1619/30/12
f 1620/31/11 1622/33/11 1621/32/11
f 1614/48/17 1612/58/17 1610/50/17
f 1610/50/17 1624/59/17 1622/46/17
f 1622/46/17 1620/60/17 1618/47/17
f 1618/47/17 1616/61/17 1614/48/17
f 1614/48/17 1610/50/17 1622/46/17
f 1622/33/10 1624/35/10 1623/34/10
f 1624/35/9 1610/52/9 1609/36/9
f 1654/51/21 1656/53/21 1626/39/21
f 1626/39/21 1644/56/21 1646/38/21
f 1646/38/21 1648/55/21 1650/37/21
f 1650/37/21 1652/54/21 1654/51/21
f 1654/51/21 1626/39/21 1646/38/21
f 1629/22/22 1630/49/22 1628/21/22
f 1656/36/23 1655/52/23 1625/35/23
f 1631/25/24 1632/24/24 1630/49/24
f 1626/34/25 1625/35/25 1643/33/25
f 1633/26/26 1634/27/26 1632/24/26
f 1655/50/18 1653/58/18 1651/48/18
f 1651/48/18 1649/61/18 1647/47/18
f 1647/47/18 1645/60/18 1643/46/18
f 1643/46/18 1625/59/18 1655/50/18
f 1655/50/18 1651/48/18 1647/47/18
f 1635/28/27 1636/29/27 1634/27/27
f 1644/32/28 1643/33/28 1645/31/28
f 1646/30/29 1645/31/29 1647/29/29
f 1637/30/29 1638/31/29 1636/29/29
f 1648/28/27 1647/29/27 1649/27/27
f 1650/26/26 1649/27/26 1651/24/26
f 1639/32/28 1640/33/28 1638/31/28
f 1628/50/18 1630/58/18 1632/48/18
f 1632/48/18 1634/61/18 1636/47/18
f 1636/47/18 1638/60/18 1640/46/18
f 1640/46/18 1642/59/18 1628/50/18
f 1628/50/18 1632/48/18 1636/47/18
f 1652/25/24 1651/24/24 1653/49/24
f 1641/34/25 1642/35/25 1640/33/25
f 1654/22/22 1653/49/22 1655/21/22
f 1627/36/23 1628/52/23 1642/35/23
f 1629/51/21 1627/53/21 1641/39/21
f 1641/39/21 1639/56/21 1637/38/21
f 1637/38/21 1635/55/21 1633/37/21
f 1633/37/21 1631/54/21 1629/51/21
f 1629/51/21 1641/39/21 1637/38/21
f 1670/51/21 1672/53/21 1658/39/21
f 1658/39/21 1660/56/21 1662/38/21
f 1662/38/21 1664/55/21 1666/37/21
f 1666/37/21 1668/54/21 1670/51/21
f 1670/51/21 1658/39/21 1662/38/21
f 1672/36/23 1671/52/23 1657/35/23
f 1658/34/25 1657/35/25 1659/33/25
f 1671/50/18 1669/58/18 1667/48/18
f 1667/48/18 1665/61/18 1663/47/18
f 1663/47/18 1661/60/18 1659/46/18
f 1659/46/18 1657/59/18 1671/50/18
f 1671/50/18 1667/48/18 1663/47/18
f 1660/32/28 1659/33/28 1661/31/28
f 1662/30/29 1661/31/29 1663/29/29
f 1664/28/27 1663/29/27 1665/27/27
f 1666/26/26 1665/27/26 1667/24/26
f 1668/25/24 1667/24/24 1669/49/24
f 1670/22/22 1669/49/22 1671/21/22
f 1686/51/21 1688/53/21 1674/39/21
f 1674/39/21 1676/56/21 1678/38/21
f 1678/38/21 1680/55/21 1682/37/21
f 1682/37/21 1684/54/21 1686/51/21
f 1686/51/21 1674/39/21 1678/38/21
f 1688/36/23 1687/52/23 1673/35/23
f 1674/34/25 1673/35/25 1675/33/25
f 1687/50/18 1685/58/18 1683/48/18
f 1683/48/18 1681/61/18 1679/47/18
f 1679/47/18 1677/60/18 1675/46/18
f 1675/46/18 1673/59/18 1687/50/18
f 1687/50/18 1683/48/18 1679/47/18
f 1676/32/28 1675/33/28 1677/31/28
f 1678/30/29 1677/31/29 1679/29/29
f 1680/28/27 1679/29/27 1681/27/27
f 1682/26/26 1681/27/26 1683/24/26
f 1684/25/24 1683/24/24 1685/49/24
f 1686/22/22 1685/49/22 1687/21/22
f 1691/22/16 1692/49/16 1690/21/16
f 1693/25/15 1694/24/15 1692/49/15
f 1695/26/14 1696/27/14 1694/24/14
f 1697/28/13 1698/29/13 1696/27/13
f 1699/30/12 1700/31/12 1698/29/12
f 1701/32/11 1702/33/11 1700/31/11
f 1703/34/10 1704/35/10 1702/33/10
f 1689/36/9 1690/52/9 1704/35/9
f 1691/51/17 1689/53/17 1703/39/17
f 1703/39/17 1701/56/17 1699/38/17
f 1699/38/17 1697/55/17 1695/37/17
f 1695/37/17 1693/54/17 1691/51/17
f 1691/51/17 1703/39/17 1699/38/17
f 1707/41/21 1708/43/21 1706/40/21
f 1711/30/17 1712/26/17 1708/43/17
f 1709/45/18 1710/44/18 1712/26/18
f 1705/31/19 1706/27/19 1710/44/19
f 1723/22/16 1724/49/16 1722/21/16
f 1710/44/20 1706/57/20 1708/22/20
f 1715/41/21 1716/43/21 1714/40/21
f 1719/30/17 1720/26/17 1716/43/17
f 1717/45/18 1718/44/18 1720/26/18
f 1713/31/19 1714/27/19 1718/44/19
f 1725/25/15 1726/24/15 1724/49/15
f 1718/44/20 1714/57/20 1716/22/20
f 1727/26/14 1728/27/14 1726/24/14
f 1729/28/13 1730/29/13 1728/27/13
f 1731/30/12 1732/31/12 1730/29/12
f 1733/32/11 1734/33/11 1732/31/11
f 1722/50/19 1724/58/19 1726/48/19
f 1726/48/19 1728/61/19 1730/47/19
f 1730/47/19 1732/60/19 1734/46/19
f 1734/46/19 1736/59/19 1722/50/19
f 1722/50/19 1726/48/19 1730/47/19
f 1735/34/10 1736/35/10 1734/33/10
f 1721/36/9 1722/52/9 1736/35/9
f 1723/51/17 1721/53/17 1735/39/17
f 1735/39/17 1733/56/17 1731/38/17
f 1731/38/17 1729/55/17 1727/37/17
f 1727/37/17 1725/54/17 1723/51/17
f 1723/51/17 1735/39/17 1731/38/17
f 1739/22/16 1740/49/16 1738/21/16
f 1741/25/15 1742/24/15 1740/49/15
f 1743/26/14 1744/27/14 1742/24/14
f 1745/28/13 1746/29/13 1744/27/13
f 1747/30/12 1748/31/12 1746/29/12
f 1749/32/11 1750/33/11 1748/31/11
f 1738/50/19 1740/58/19 1742/48/19
f 1742/48/19 1744/61/19 1746/47/19
f 1746/47/19 1748/60/19 1750/46/19
f 1750/46/19 1752/59/19 1738/50/19
f 1738/50/19 1742/48/19 1746/47/19
f 1751/34/10 1752/35/10 1750/33/10
f 1737/36/9 1738/52/9 1752/35/9
f 1754/21/16 1756/49/16 1755/22/16
f 1755/22/15 1756/49/15 1758/24/15
f 1758/24/14 1760/27/14 1759/26/14
f 1760/27/13 1762/29/13 1761/28/13
f 1762/29/12 1764/31/12 1763/30/12
f 1764/31/11 1766/33/11 1765/32/11
f 1758/48/17 1756/58/17 1754/50/17
f 1754/50/17 1768/59/17 1766/46/17
f 1766/46/17 1764/60/17 1762/47/17
f 1762/47/17 1760/61/17 1758/48/17
f 1758/48/17 1754/50/17 1766/46/17
f 1766/33/10 1768/35/10 1767/34/10
f 1768/35/9 1754/52/9 1753/36/9
f 1767/39/19 1753/53/19 1755/51/19
f 1755/51/19 1757/54/19 1759/37/19
f 1759/37/19 1761/55/19 1763/38/19
f 1763/38/19 1765/56/19 1767/39/19
f 1767/39/19 1755/51/19 1759/37/19
f 1770/21/16 1772/49/16 1771/22/16
f 1772/49/15 1774/24/15 1773/25/15
f 1774/24/14 1776/27/14 1775/26/14
f 1776/27/13 1778/29/13 1777/28/13
f 1778/29/12 1780/31/12 1779/30/12
f 1780/31/11 1782/33/11 1781/32/11
f 1774/48/17 1772/58/17 1770/50/17
f 1770/50/17 1784/59/17 1782/46/17
f 1782/46/17 1780/60/17 1778/47/17
f 1778/47/17 1776/61/17 1774/48/17
f 1774/48/17 1770/50/17 1782/46/17
f 1782/33/10 1784/35/10 1783/34/10
f 1784/35/9 1770/52/9 1769/36/9
f 1814/51/21 1816/53/21 1786/39/21
f 1786/39/21 1804/56/21 1806/38/21
f 1806/38/21 1808/55/21 1810/37/21
f 1810/37/21 1812/54/21 1814/51/21
f 1814/51/21 1786/39/21 1806/38/21
f 1789/22/22 1790/49/22 1788/21/22
f 1816/36/23 1815/52/23 1785/35/23
f 1791/25/24 1792/24/24 1790/49/24
f 1786/34/25 1785/35/25 1803/33/25
f 1793/26/26 1794/27/26 1792/24/26
f 1815/50/18 1813/58/18 1811/48/18
f 1811/48/18 1809/61/18 1807/47/18
f 1807/47/18 1805/60/18 1803/46/18
f 1803/46/18 1785/59/18 1815/50/18
f 1815/50/18 1811/48/18 1807/47/18
f 1795/28/27 1796/29/27 1794/27/27
f 1804/32/28 1803/33/28 1805/31/28
f 1806/30/29 1805/31/29 1807/29/29
f 1797/30/29 1798/31/29 1796/29/29
f 1808/28/27 1807/29/27 1809/27/27
f 1810/26/26 1809/27/26 1811/24/26
f 1799/32/28 1800/33/28 1798/31/28
f 1788/50/18 1790/58/18 1792/48/18
f 1792/48/18 1794/61/18 1796/47/18
f 1796/47/18 1798/60/18 1800/46/18
f 1800/46/18 1802/59/18 1788/50/18
f 1788/50/18 1792/48/18 1796/47/18
f 1812/25/24 1811/24/24 1813/49/24
f 1801/34/25 1802/35/25 1800/33/25
f 1814/22/22 1813/49/22 1815/21/22
f 1787/36/23 1788/52/23 1802/35/23
f 1789/51/21 1787/53/21 1801/39/21
f 1801/39/21 1799/56/21 1797/38/21
f 1797/38/21 1795/55/21 1793/37/21
f 1793/37/21 1791/54/21 1789/51/21
f 1789/51/21 1801/39/21 1797/38/21
f 1819/22/25 1820/49/25 1818/21/25
f 1821/25/23 1822/24/23 1820/49/23
f 1823/26/22 1824/27/22 1822/24/22
f 1825/28/24 1826/29/24 1824/27/24
f 1827/30/26 1828/31/26 1826/29/26
f 1829/32/27 1830/33/27 1828/31/27
f 1831/34/29 1832/35/29 1830/33/29
f 1817/36/28 1818/52/28 1832/35/28
f 1819/51/21 1817/53/21 1831/39/21
f 1831/39/21 1829/56/21 1827/38/21
f 1827/38/21 1825/55/21 1823/37/21
f 1823/37/21 1821/54/21 1819/51/21
f 1819/51/21 1831/39/21 1827/38/21
f 1835/41/19 1836/43/19 1834/40/19
f 1839/30/21 1840/26/21 1836/43/21
f 1837/45/17 1838/44/17 1840/26/17
f 1833/31/18 1834/27/18 1838/44/18
f 1851/22/25 1852/49/25 1850/21/25
f 1838/44/20 1834/57/20 1836/22/20
f 1843/41/19 1844/43/19 1842/40/19
f 1847/30/21 1848/26/21 1844/43/21
f 1845/45/17 1846/44/17 1848/26/17
f 1841/31/18 1842/27/18 1846/44/18
f 1853/25/23 1854/24/23 1852/49/23
f 1846/44/20 1842/57/20 1844/22/20
f 1855/26/22 1856/27/22 1854/24/22
f 1857/28/24 1858/29/24 1856/27/24
f 1859/30/26 1860/31/26 1858/29/26
f 1861/32/27 1862/33/27 1860/31/27
f 1850/50/18 1852/58/18 1854/48/18
f 1854/48/18 1856/61/18 1858/47/18
f 1858/47/18 1860/60/18 1862/46/18
f 1862/46/18 1864/59/18 1850/50/18
f 1850/50/18 1854/48/18 1858/47/18
f 1863/34/29 1864/35/29 1862/33/29
f 1849/36/28 1850/52/28 1864/35/28
f 1851/51/21 1849/53/21 1863/39/21
f 1863/39/21 1861/56/21 1859/38/21
f 1859/38/21 1857/55/21 1855/37/21
f 1855/37/21 1853/54/21 1851/51/21
f 1851/51/21 1863/39/21 1859/38/21
f 1867/22/25 1868/49/25 1866/21/25
f 1869/25/23 1870/24/23 1868/49/23
f 1871/26/31 1872/27/31 1870/24/31
f 1873/28/24 1874/29/24 1872/27/24
f 1875/30/26 1876/31/26 1874/29/26
f 1877/32/27 1878/33/27 1876/31/27
f 1866/50/18 1868/58/18 1870/48/18
f 1870/48/18 1872/61/18 1874/47/18
f 1874/47/18 1876/60/18 1878/46/18
f 1878/46/18 1880/59/18 1866/50/18
f 1866/50/18 1870/48/18 1874/47/18
f 1879/34/29 1880/35/29 1878/33/29
f 1865/36/28 1866/52/28 1880/35/28
f 1882/21/25 1884/49/25 1883/22/25
f 1883/22/23 1884/49/23 1886/24/23
f 1886/24/22 1888/27/22 1887/26/22
f 1888/27/24 1890/29/24 1889/28/24
f 1890/29/26 1892/31/26 1891/30/26
f 1892/31/27 1894/33/27 1893/32/27
f 1886/48/21 1884/58/21 1882/50/21
f 1882/50/21 1896/59/21 1894/46/21
f 1894/46/21 1892/60/21 1890/47/21
f 1890/47/21 1888/61/21 1886/48/21
f 1886/48/21 1882/50/21 1894/46/21
f 1894/33/29 1896/35/29 1895/34/29
f 1896/35/28 1882/52/28 1881/36/28
f 1895/39/18 1881/53/18 1883/51/18
f 1883/51/18 1885/54/18 1887/37/18
f 1887/37/18 1889/55/18 1891/38/18
f 1891/38/18 1893/56/18 1895/39/18
f 1895/39/18 1883/51/18 1887/37/18
f 1898/21/25 1900/49/25 1899/22/25
f 1900/49/23 1902/24/23 1901/25/23
f 1902/24/22 1904/27/22 1903/26/22
f 1904/27/24 1906/29/24 1905/28/24
f 1906/29/26 1908/31/26 1907/30/26
f 1908/31/27 1910/33/27 1909/32/27
f 1902/48/21 1900/58/21 1898/50/21
f 1898/50/21 1912/59/21 1910/46/21
f 1910/46/21 1908/60/21 1906/47/21
f 1906/47/21 1904/61/21 1902/48/21
f 1902/48/21 1898/50/21 1910/46/21
f 1910/33/29 1912/35/29 1911/34/29
f 1912/35/28 1898/52/28 1897/36/28
f 1942/51/19 1944/53/19 1914/39/19
f 1914/39/19 1932/56/19 1934/38/19
f 1934/38/19 1936/55/19 1938/37/19
f 1938/37/19 1940/54/19 1942/51/19
f 1942/51/19 1914/39/19 1934/38/19
f 1917/22/11 1918/49/11 1916/21/11
f 1944/36/10 1943/52/10 1913/35/10
f 1919/25/12 1920/24/12 1918/49/12
f 1914/34/9 1913/35/9 1931/33/9
f 1921/26/13 1922/27/13 1920/24/13
f 1943/50/35 1941/58/35 1939/48/35
f 1939/48/35 1937/61/35 1935/47/35
f 1935/47/36 1933/60/36 1931/46/36
f 1931/46/36 1913/59/36 1943/50/36
f 1943/50/17 1939/48/17 1935/47/17
f 1923/28/14 1924/29/14 1922/27/14
f 1932/32/16 1931/33/16 1933/31/16
f 1934/30/15 1933/31/15 1935/29/15
f 1925/30/15 1926/31/15 1924/29/15
f 1936/28/14 1935/29/14 1937/27/14
f 1938/26/13 1937/27/13 1939/24/13
f 1927/32/16 1928/33/16 1926/31/16
f 1916/50/35 1918/58/35 1920/48/35
f 1920/48/35 1922/61/35 1924/47/35
f 1924/47/36 1926/60/36 1928/46/36
f 1928/46/36 1930/59/36 1916/50/36
f 1916/50/17 1920/48/17 1924/47/17
f 1940/25/12 1939/24/12 1941/49/12
f 1929/34/9 1930/35/9 1928/33/9
f 1942/22/11 1941/49/11 1943/21/11
f 1915/36/10 1916/52/10 1930/35/10
f 1917/51/19 1915/53/19 1929/39/19
f 1929/39/19 1927/56/19 1925/38/19
f 1925/38/19 1923/55/19 1921/37/19
f 1921/37/19 1919/54/19 1917/51/19
f 1917/51/19 1929/39/19 1925/38/19
f 1947/41/21 1948/43/21 1946/40/21
f 1951/30/17 1952/26/17 1948/43/17
f 1949/45/18 1950/44/18 1952/26/18
f 1945/31/19 1946/27/19 1950/44/19
f 1950/44/20 1946/57/20 1948/22/20
f 1982/51/21 1984/53/21 1954/39/21
f 1954/39/21 1972/56/21 1974/38/21
f 1974/38/21 1976/55/21 1978/37/21
f 1978/37/21 1980/54/21 1982/51/21
f 1982/51/21 1954/39/21 1974/38/21
f 1957/22/22 1958/49/22 1956/21/22
f 1984/36/23 1983/52/23 1953/35/23
f 1959/25/24 1960/24/24 1958/49/24
f 1954/34/25 1953/35/25 1971/33/25
f 1961/26/26 1962/27/26 1960/24/26
f 1983/50/18 1981/58/18 1979/48/18
f 1979/48/18 1977/61/18 1975/47/18
f 1975/47/18 1973/60/18 1971/46/18
f 1971/46/18 1953/59/18 1983/50/18
f 1983/50/18 1979/48/18 1975/47/18
f 1963/28/27 1964/29/27 1962/27/27
f 1972/32/28 1971/33/28 1973/31/28
f 1974/30/29 1973/31/29 1975/29/29
f 1965/30/29 1966/31/29 1964/29/29
f 1976/28/27 1975/29/27 1977/27/27
f 1978/26/26 1977/27/26 1979/24/26
f 1967/32/28 1968/33/28 1966/31/28
f 1956/50/18 1958/58/18 1960/48/18
f 1960/48/18 1962/61/18 1964/47/18
f 1964/47/18 1966/60/18 1968/46/18
f 1968/46/18 1970/59/18 1956/50/18
f 1956/50/18 1960/48/18 1964/47/18
f 1980/25/24 1979/24/24 1981/49/24
f 1969/34/25 1970/35/25 1968/33/25
f 1982/22/22 1981/49/22 1983/21/22
f 1955/36/23 1956/52/23 1970/35/23
f 1957/51/21 1955/53/21 1969/39/21
f 1969/39/21 1967/56/21 1965/38/21
f 1965/38/21 1963/55/21 1961/37/21
f 1961/37/21 1959/54/21 1957/51/21
f 1957/51/21 1969/39/21 1965/38/21
f 1987/41/21 1988/43/21 1986/40/21
f 1991/30/17 1992/26/17 1988/43/17
f 1989/45/18 1990/44/18 1992/26/18
f 1985/31/19 1986/27/19 1990/44/19
f 1990/44/20 1986/57/20 1988/22/20
f 1995/41/19 1996/43/19 1994/40/19
f 1999/30/21 2000/26/21 1996/43/21
f 1997/45/17 1998/44/17 2000/26/17
f 1993/31/18 1994/27/18 1998/44/18
f 1998/44/20 1994/57/20 1996/22/20
f 2003/41/19 2004/43/19 2002/40/19
f 2007/30/21 2008/26/21 2004/43/21
f 2005/45/17 2006/44/17 2008/26/17
f 2001/31/18 2002/27/18 2006/44/18
f 2006/44/20 2002/57/20 2004/22/20
f 2038/51/19 2040/53/19 2010/39/19
f 2010/39/19 2028/56/19 2030/38/19
f 2030/38/19 2032/55/19 2034/37/19
f 2034/37/19 2036/54/19 2038/51/19
f 2038/51/19 2010/39/19 2030/38/19
f 2013/22/11 2014/49/11 2012/21/11
f 2040/36/10 2039/52/10 2009/35/10
f 2015/25/12 2016/24/12 2014/49/12
f 2010/34/9 2009/35/9 2027/33/9
f 2017/26/13 2018/27/13 2016/24/13
f 2039/50/35 2037/58/35 2035/48/35
f 2035/48/35 2033/61/35 2031/47/35
f 2031/47/36 2029/60/36 2027/46/36
f 2027/46/36 2009/59/36 2039/50/36
f 2039/50/17 2035/48/17 2031/47/17
f 2019/28/14 2020/29/14 2018/27/14
f 2028/32/16 2027/33/16 2029/31/16
f 2030/30/15 2029/31/15 2031/29/15
f 2021/30/15 2022/31/15 2020/29/15
f 2032/28/14 2031/29/14 2033/27/14
f 2034/26/13 2033/27/13 2035/24/13
f 2023/32/16 2024/33/16 2022/31/16
f 2012/50/35 2014/58/35 2016/48/35
f 2016/48/35 2018/61/35 2020/47/35
f 2020/47/36 2022/60/36 2024/46/36
f 2024/46/36 2026/59/36 2012/50/36
f 2012/50/17 2016/48/17 2020/47/17
f 2036/25/12 2035/24/12 2037/49/12
f 2025/34/9 2026/35/9 2024/33/9
f 2038/22/11 2037/49/11 2039/21/11
f 2011/36/10 2012/52/10 2026/35/10
f 2013/51/19 2011/53/19 2025/39/19
f 2025/39/19 2023/56/19 2021/38/19
f 2021/38/19 2019/55/19 2017/37/19
f 2017/37/19 2015/54/19 2013/51/19
f 2013/51/19 2025/39/19 2021/38/19
f 1997/45/32 1999/30/32 1995/41/32
f 1949/45/32 1951/30/32 1947/41/32
f 2043/22/9 2044/49/9 2042/21/9
f 2043/22/10 2045/25/10 2046/24/10
f 2047/26/11 2048/27/11 2046/24/11
f 2049/28/12 2050/29/12 2048/27/12
f 2051/30/13 2052/31/13 2050/29/13
f 2053/32/14 2054/33/14 2052/31/14
f 2055/34/15 2056/35/15 2054/33/15
f 2041/36/16 2042/52/16 2056/35/16
f 2043/51/19 2041/53/19 2055/39/19
f 2055/39/19 2053/56/19 2051/38/19
f 2051/38/19 2049/55/19 2047/37/19
f 2047/37/19 2045/54/19 2043/51/19
f 2043/51/19 2055/39/19 2051/38/19
f 2059/41/18 2060/43/18 2058/40/18
f 2063/30/19 2064/26/19 2060/43/19
f 2057/31/17 2058/27/17 2062/44/17
f 2075/22/9 2076/49/9 2074/21/9
f 2062/44/20 2058/57/20 2060/22/20
f 2071/30/19 2072/26/19 2068/43/19
f 2069/45/21 2070/44/21 2072/26/21
f 2065/31/17 2066/27/17 2070/44/17
f 2075/22/10 2077/25/10 2078/24/10
f 2070/44/20 2066/57/20 2068/22/20
f 2079/26/11 2080/27/11 2078/24/11
f 2081/28/12 2082/29/12 2080/27/12
f 2083/30/13 2084/31/13 2082/29/13
f 2085/32/14 2086/33/14 2084/31/14
f 2074/50/17 2076/58/17 2078/48/17
f 2078/48/17 2080/61/17 2082/47/17
f 2082/47/17 2084/60/17 2086/46/17
f 2086/46/17 2088/59/17 2074/50/17
f 2074/50/17 2078/48/17 2082/47/17
f 2087/34/15 2088/35/15 2086/33/15
f 2073/36/16 2074/52/16 2088/35/16
f 2075/51/19 2073/53/19 2087/39/19
f 2087/39/19 2085/56/19 2083/38/19
f 2083/38/19 2081/55/19 2079/37/19
f 2079/37/19 2077/54/19 2075/51/19
f 2075/51/19 2087/39/19 2083/38/19
f 2091/22/9 2092/49/9 2090/21/9
f 2093/25/10 2094/24/10 2092/49/10
f 2095/26/11 2096/27/11 2094/24/11
f 2097/28/12 2098/29/12 2096/27/12
f 2099/30/13 2100/31/13 2098/29/13
f 2101/32/14 2102/33/14 2100/31/14
f 2090/50/17 2092/58/17 2094/48/17
f 2094/48/17 2096/61/17 2098/47/17
f 2098/47/17 2100/60/17 2102/46/17
f 2102/46/17 2104/59/17 2090/50/17
f 2090/50/17 2094/48/17 2098/47/17
f 2103/34/15 2104/35/15 2102/33/15
f 2089/36/16 2090/52/16 2104/35/16
f 2106/21/9 2108/49/9 2107/22/9
f 2107/22/10 2108/49/10 2110/24/10
f 2110/24/11 2112/27/11 2111/26/11
f 2112/27/12 2114/29/12 2113/28/12
f 2114/29/13 2116/31/13 2115/30/13
f 2116/31/14 2118/33/14 2117/32/14
f 2110/48/19 2108/58/19 2106/50/19
f 2106/50/19 2120/59/19 2118/46/19
f 2118/46/19 2116/60/19 2114/47/19
f 2114/47/19 2112/61/19 2110/48/19
f 2110/48/19 2106/50/19 2118/46/19
f 2118/33/15 2120/35/15 2119/34/15
f 2120/35/16 2106/52/16 2105/36/16
f 2119/39/17 2105/53/17 2107/51/17
f 2107/51/17 2109/54/17 2111/37/17
f 2111/37/17 2113/55/17 2115/38/17
f 2115/38/17 2117/56/17 2119/39/17
f 2119/39/17 2107/51/17 2111/37/17
f 2122/21/9 2124/49/9 2123/22/9
f 2124/49/10 2126/24/10 2125/25/10
f 2126/24/11 2128/27/11 2127/26/11
f 2128/27/12 2130/29/12 2129/28/12
f 2130/29/13 2132/31/13 2131/30/13
f 2132/31/14 2134/33/14 2133/32/14
f 2126/48/19 2124/58/19 2122/50/19
f 2122/50/19 2136/59/19 2134/46/19
f 2134/46/19 2132/60/19 2130/47/19
f 2130/47/19 2128/61/19 2126/48/19
f 2126/48/19 2122/50/19 2134/46/19
f 2134/33/15 2136/35/15 2135/34/15
f 2136/35/16 2122/52/16 2121/36/16
f 2158/51/18 2160/53/18 2138/39/18
f 2138/39/18 172/56/18 2152/38/18
f 2152/38/18 2154/55/18 2156/37/18
f 2156/37/18 180/54/18 2158/51/18
f 2158/51/18 2138/39/18 2152/38/18
f 2141/22/27 2142/49/27 2140/21/27
f 2160/36/29 2159/52/29 2137/35/29
f 159/25/26 160/24/26 2142/49/26
f 2138/34/28 2137/35/28 171/33/28
f 2143/26/24 2144/27/24 160/24/24
f 2159/50/21 2157/58/21 179/48/21
f 179/48/21 2155/61/21 2153/47/21
f 2153/47/21 2151/60/21 171/46/21
f 171/46/21 2137/59/21 2159/50/21
f 2159/50/21 179/48/21 2153/47/21
f 2145/28/22 2146/29/22 2144/27/22
f 172/32/25 171/33/25 2151/31/25
f 2152/30/23 2151/31/23 2153/29/23
f 2147/30/23 2148/31/23 2146/29/23
f 2154/28/22 2153/29/22 2155/27/22
f 2156/26/24 2155/27/24 179/24/24
f 167/32/25 168/33/25 2148/31/25
f 2140/50/21 2142/58/21 160/48/21
f 160/48/21 2144/61/21 2146/47/21
f 2146/47/21 2148/60/21 168/46/21
f 168/46/21 2150/59/21 2140/50/21
f 2140/50/21 160/48/21 2146/47/21
f 180/25/26 179/24/26 2157/49/26
f 2149/34/28 2150/35/28 168/33/28
f 2158/22/27 2157/49/27 2159/21/27
f 2139/36/29 2140/52/29 2150/35/29
f 2141/51/18 2139/53/18 2149/39/18
f 2149/39/18 167/56/18 2147/38/18
f 2147/38/18 2145/55/18 2143/37/18
f 2143/37/18 159/54/18 2141/51/18
f 2141/51/18 2149/39/18 2147/38/18
f 2170/51/18 2172/53/18 2162/39/18
f 2162/39/18 188/56/18 2164/38/18
f 2164/38/18 2166/55/18 2168/37/18
f 2168/37/18 196/54/18 2170/51/18
f 2170/51/18 2162/39/18 2164/38/18
f 2172/36/29 2171/52/29 2161/35/29
f 2162/34/28 2161/35/28 187/33/28
f 2171/50/21 2169/58/21 195/48/21
f 195/48/21 2167/61/21 2165/47/21
f 2165/47/21 2163/60/21 187/46/21
f 187/46/21 2161/59/21 2171/50/21
f 2171/50/21 195/48/21 2165/47/21
f 188/32/25 187/33/25 2163/31/25
f 2164/30/23 2163/31/23 2165/29/23
f 2166/28/22 2165/29/22 2167/27/22
f 2168/26/24 2167/27/24 195/24/24
f 196/25/26 195/24/26 2169/49/26
f 2170/22/27 2169/49/27 2171/21/27
f 2182/51/18 2184/53/18 2174/39/18
f 2174/39/18 204/56/18 2176/38/18
f 2176/38/18 2178/55/18 2180/37/18
f 2180/37/18 212/54/18 2182/51/18
f 2182/51/18 2174/39/18 2176/38/18
f 2184/36/29 2183/52/29 2173/35/29
f 2174/34/28 2173/35/28 203/33/28
f 2183/50/21 2181/58/21 211/48/21
f 211/48/21 2179/61/21 2177/47/21
f 2177/47/21 2175/60/21 203/46/21
f 203/46/21 2173/59/21 2183/50/21
f 2183/50/21 211/48/21 2177/47/21
f 204/32/25 203/33/25 2175/31/25
f 2176/30/23 2175/31/23 2177/29/23
f 2178/28/22 2177/29/22 2179/27/22
f 2180/26/24 2179/27/24 211/24/24
f 212/25/26 211/24/26 2181/49/26
f 2182/22/27 2181/49/27 2183/21/27
f 2187/22/9 2188/49/9 2186/21/9
f 2189/25/10 2190/24/10 2188/49/10
f 2191/26/11 2192/27/11 2190/24/11
f 2193/28/12 2194/29/12 2192/27/12
f 2195/30/13 2196/31/13 2194/29/13
f 2197/32/14 2198/33/14 2196/31/14
f 2199/34/15 2200/35/15 2198/33/15
f 2185/36/16 2186/52/16 2200/35/16
f 2187/51/19 2185/53/19 2199/39/19
f 2199/39/19 2197/56/19 2195/38/19
f 2195/38/19 2193/55/19 2191/37/19
f 2191/37/19 2189/54/19 2187/51/19
f 2187/51/19 2199/39/19 2195/38/19
f 2203/41/18 2204/43/18 2202/40/18
f 2207/30/19 2208/26/19 2204/43/19
f 2201/31/17 2202/27/17 2206/44/17
f 2219/22/9 2220/49/9 2218/21/9
f 2206/44/20 2202/57/20 2204/22/20
f 2215/30/19 2216/26/19 2212/43/19
f 2213/45/21 2214/44/21 2216/26/21
f 2209/31/17 2210/27/17 2214/44/17
f 2221/25/10 2222/24/10 2220/49/10
f 2214/44/20 2210/57/20 2212/22/20
f 2223/26/11 2224/27/11 2222/24/11
f 2225/28/12 2226/29/12 2224/27/12
f 2227/30/13 2228/31/13 2226/29/13
f 2229/32/14 2230/33/14 2228/31/14
f 2218/50/17 2220/58/17 2222/48/17
f 2222/48/17 2224/61/17 2226/47/17
f 2226/47/17 2228/60/17 2230/46/17
f 2230/46/17 2232/59/17 2218/50/17
f 2218/50/17 2222/48/17 2226/47/17
f 2231/34/15 2232/35/15 2230/33/15
f 2217/36/16 2218/52/16 2232/35/16
f 2219/51/19 2217/53/19 2231/39/19
f 2231/39/19 2229/56/19 2227/38/19
f 2227/38/19 2225/55/19 2223/37/19
f 2223/37/19 2221/54/19 2219/51/19
f 2219/51/19 2231/39/19 2227/38/19
f 2235/22/9 2236/49/9 2234/21/9
f 2237/25/10 2238/24/10 2236/49/10
f 2239/26/11 2240/27/11 2238/24/11
f 2241/28/12 2242/29/12 2240/27/12
f 2243/30/13 2244/31/13 2242/29/13
f 2245/32/14 2246/33/14 2244/31/14
f 2234/50/17 2236/58/17 2238/48/17
f 2238/48/17 2240/61/17 2242/47/17
f 2242/47/17 2244/60/17 2246/46/17
f 2246/46/17 2248/59/17 2234/50/17
f 2234/50/17 2238/48/17 2242/47/17
f 2247/34/15 2248/35/15 2246/33/15
f 2233/36/16 2234/52/16 2248/35/16
f 2250/21/9 2252/49/9 2251/22/9
f 2251/22/10 2252/49/10 2254/24/10
f 2254/24/11 2256/27/11 2255/26/11
f 2256/27/12 2258/29/12 2257/28/12
f 2258/29/13 2260/31/13 2259/30/13
f 2260/31/14 2262/33/14 2261/32/14
f 2254/48/19 2252/58/19 2250/50/19
f 2250/50/19 2264/59/19 2262/46/19
f 2262/46/19 2260/60/19 2258/47/19
f 2258/47/19 2256/61/19 2254/48/19
f 2254/48/19 2250/50/19 2262/46/19
f 2262/33/15 2264/35/15 2263/34/15
f 2264/35/16 2250/52/16 2249/36/16
f 2263/39/17 2249/53/17 2251/51/17
f 2251/51/17 2253/54/17 2255/37/17
f 2255/37/17 2257/55/17 2259/38/17
f 2259/38/17 2261/56/17 2263/39/17
f 2263/39/17 2251/51/17 2255/37/17
f 2266/21/9 2268/49/9 2267/22/9
f 2268/49/10 2270/24/10 2269/25/10
f 2270/24/11 2272/27/11 2271/26/11
f 2272/27/12 2274/29/12 2273/28/12
f 2274/29/13 2276/31/13 2275/30/13
f 2276/31/14 2278/33/14 2277/32/14
f 2270/48/19 2268/58/19 2266/50/19
f 2266/50/19 2280/59/19 2278/46/19
f 2278/46/19 2276/60/19 2274/47/19
f 2274/47/19 2272/61/19 2270/48/19
f 2270/48/19 2266/50/19 2278/46/19
f 2278/33/15 2280/35/15 2279/34/15
f 2280/35/16 2266/52/16 2265/36/16
f 2310/51/18 2312/53/18 2282/39/18
f 2282/39/18 2300/56/18 2302/38/18
f 2302/38/18 2304/55/18 2306/37/18
f 2306/37/18 2308/54/18 2310/51/18
f 2310/51/18 2282/39/18 2302/38/18
f 2285/22/27 2286/49/27 2284/21/27
f 2312/36/29 2311/52/29 2281/35/29
f 2287/25/26 2288/24/26 2286/49/26
f 2282/34/28 2281/35/28 2299/33/28
f 2289/26/24 2290/27/24 2288/24/24
f 2311/50/21 2309/58/21 2307/48/21
f 2307/48/21 2305/61/21 2303/47/21
f 2303/47/21 2301/60/21 2299/46/21
f 2299/46/21 2281/59/21 2311/50/21
f 2311/50/21 2307/48/21 2303/47/21
f 2291/28/22 2292/29/22 2290/27/22
f 2300/32/25 2299/33/25 2301/31/25
f 2302/30/23 2301/31/23 2303/29/23
f 2293/30/23 2294/31/23 2292/29/23
f 2304/28/22 2303/29/22 2305/27/22
f 2306/26/24 2305/27/24 2307/24/24
f 2295/32/25 2296/33/25 2294/31/25
f 2284/50/21 2286/58/21 2288/48/21
f 2288/48/21 2290/61/21 2292/47/21
f 2292/47/21 2294/60/21 2296/46/21
f 2296/46/21 2298/59/21 2284/50/21
f 2284/50/21 2288/48/21 2292/47/21
f 2308/25/26 2307/24/26 2309/49/26
f 2297/34/28 2298/35/28 2296/33/28
f 2310/22/27 2309/49/27 2311/21/27
f 2283/36/29 2284/52/29 2298/35/29
f 2285/51/18 2283/53/18 2297/39/18
f 2297/39/18 2295/56/18 2293/38/18
f 2293/38/18 2291/55/18 2289/37/18
f 2289/37/18 2287/54/18 2285/51/18
f 2285/51/18 2297/39/18 2293/38/18
f 2326/51/18 2328/53/18 2314/39/18
f 2314/39/18 2316/56/18 2318/38/18
f 2318/38/18 2320/55/18 2322/37/18
f 2322/37/18 2324/54/18 2326/51/18
f 2326/51/18 2314/39/18 2318/38/18
f 2328/36/29 2327/52/29 2313/35/29
f 2314/34/28 2313/35/28 2315/33/28
f 2327/50/21 2325/58/21 2323/48/21
f 2323/48/21 2321/61/21 2319/47/21
f 2319/47/21 2317/60/21 2315/46/21
f 2315/46/21 2313/59/21 2327/50/21
f 2327/50/21 2323/48/21 2319/47/21
f 2316/32/25 2315/33/25 2317/31/25
f 2318/30/23 2317/31/23 2319/29/23
f 2320/28/22 2319/29/22 2321/27/22
f 2322/26/24 2321/27/24 2323/24/24
f 2324/25/26 2323/24/26 2325/49/26
f 2326/22/27 2325/49/27 2327/21/27
f 2342/51/18 2344/53/18 2330/39/18
f 2330/39/18 2332/56/18 2334/38/18
f 2334/38/18 2336/55/18 2338/37/18
f 2338/37/18 2340/54/18 2342/51/18
f 2342/51/18 2330/39/18 2334/38/18
f 2344/36/29 2343/52/29 2329/35/29
f 2330/34/28 2329/35/28 2331/33/28
f 2343/50/21 2341/58/21 2339/48/21
f 2339/48/21 2337/61/21 2335/47/21
f 2335/47/21 2333/60/21 2331/46/21
f 2331/46/21 2329/59/21 2343/50/21
f 2343/50/21 2339/48/21 2335/47/21
f 2332/32/25 2331/33/25 2333/31/25
f 2334/30/23 2333/31/23 2335/29/23
f 2336/28/22 2335/29/22 2337/27/22
f 2338/26/24 2337/27/24 2339/24/24
f 2340/25/26 2339/24/26 2341/49/26
f 2342/22/27 2341/49/27 2343/21/27
f 2347/22/9 2348/49/9 2346/21/9
f 2349/25/10 2350/24/10 2348/49/10
f 2351/26/11 2352/27/11 2350/24/11
f 2353/28/12 2354/29/12 2352/27/12
f 2355/30/13 2356/31/13 2354/29/13
f 2357/32/14 2358/33/14 2356/31/14
f 2359/34/15 2360/35/15 2358/33/15
f 2345/36/16 2346/52/16 2360/35/16
f 2347/51/19 2345/53/19 2359/39/19
f 2359/39/19 2357/56/19 2355/38/19
f 2355/38/19 2353/55/19 2351/37/19
f 2351/37/19 2349/54/19 2347/51/19
f 2347/51/19 2359/39/19 2355/38/19
f 2363/41/18 2364/43/18 2362/40/18
f 2367/30/19 2368/26/19 2364/43/19
f 2361/31/17 2362/27/17 2366/44/17
f 2379/22/9 2380/49/9 2378/21/9
f 2366/44/20 2362/57/20 2364/22/20
f 2375/30/19 2376/26/19 2372/43/19
f 2373/45/21 2374/44/21 2376/26/21
f 2369/31/17 2370/27/17 2374/44/17
f 2381/25/10 2382/24/10 2380/49/10
f 2374/44/20 2370/57/20 2372/22/20
f 2383/26/11 2384/27/11 2382/24/11
f 2385/28/12 2386/29/12 2384/27/12
f 2387/30/13 2388/31/13 2386/29/13
f 2389/32/14 2390/33/14 2388/31/14
f 2378/50/17 2380/58/17 2382/48/17
f 2382/48/17 2384/61/17 2386/47/17
f 2386/47/17 2388/60/17 2390/46/17
f 2390/46/17 2392/59/17 2378/50/17
f 2378/50/17 2382/48/17 2386/47/17
f 2391/34/15 2392/35/15 2390/33/15
f 2377/36/16 2378/52/16 2392/35/16
f 2379/51/19 2377/53/19 2391/39/19
f 2391/39/19 2389/56/19 2387/38/19
f 2387/38/19 2385/55/19 2383/37/19
f 2383/37/19 2381/54/19 2379/51/19
f 2379/51/19 2391/39/19 2387/38/19
f 2395/22/9 2396/49/9 2394/21/9
f 2397/25/10 2398/24/10 2396/49/10
f 2399/26/11 2400/27/11 2398/24/11
f 2401/28/12 2402/29/12 2400/27/12
f 2403/30/13 2404/31/13 2402/29/13
f 2405/32/14 2406/33/14 2404/31/14
f 2394/50/17 2396/58/17 2398/48/17
f 2398/48/17 2400/61/17 2402/47/17
f 2402/47/17 2404/60/17 2406/46/17
f 2406/46/17 2408/59/17 2394/50/17
f 2394/50/17 2398/48/17 2402/47/17
f 2407/34/15 2408/35/15 2406/33/15
f 2393/36/16 2394/52/16 2408/35/16
f 2410/21/9 2412/49/9 2411/22/9
f 2411/22/10 2412/49/10 2414/24/10
f 2414/24/11 2416/27/11 2415/26/11
f 2416/27/12 2418/29/12 2417/28/12
f 2418/29/13 2420/31/13 2419/30/13
f 2420/31/14 2422/33/14 2421/32/14
f 2414/48/19 2412/58/19 2410/50/19
f 2410/50/19 2424/59/19 2422/46/19
f 2422/46/19 2420/60/19 2418/47/19
f 2418/47/19 2416/61/19 2414/48/19
f 2414/48/19 2410/50/19 2422/46/19
f 2422/33/15 2424/35/15 2423/34/15
f 2424/35/16 2410/52/16 2409/36/16
f 2423/39/17 2409/53/17 2411/51/17
f 2411/51/17 2413/54/17 2415/37/17
f 2415/37/17 2417/55/17 2419/38/17
f 2419/38/17 2421/56/17 2423/39/17
f 2423/39/17 2411/51/17 2415/37/17
f 2426/21/9 2428/49/9 2427/22/9
f 2428/49/10 2430/24/10 2429/25/10
f 2430/24/11 2432/27/11 2431/26/11
f 2432/27/12 2434/29/12 2433/28/12
f 2434/29/13 2436/31/13 2435/30/13
f 2436/31/14 2438/33/14 2437/32/14
f 2430/48/19 2428/58/19 2426/50/19
f 2426/50/19 2440/59/19 2438/46/19
f 2438/46/19 2436/60/19 2434/47/19
f 2434/47/19 2432/61/19 2430/48/19
f 2430/48/19 2426/50/19 2438/46/19
f 2438/33/15 2440/35/15 2439/34/15
f 2440/35/16 2426/52/16 2425/36/16
f 2470/51/18 2472/53/18 2442/39/18
f 2442/39/18 2460/56/18 2462/38/18
f 2462/38/18 2464/55/18 2466/37/18
f 2466/37/18 2468/54/18 2470/51/18
f 2470/51/18 2442/39/18 2462/38/18
f 2445/22/27 2446/49/27 2444/21/27
f 2472/36/29 2471/52/29 2441/35/29
f 2447/25/26 2448/24/26 2446/49/26
f 2442/34/28 2441/35/28 2459/33/28
f 2449/26/24 2450/27/24 2448/24/24
f 2471/50/21 2469/58/21 2467/48/21
f 2467/48/21 2465/61/21 2463/47/21
f 2463/47/21 2461/60/21 2459/46/21
f 2459/46/21 2441/59/21 2471/50/21
f 2471/50/21 2467/48/21 2463/47/21
f 2451/28/22 2452/29/22 2450/27/22
f 2460/32/25 2459/33/25 2461/31/25
f 2462/30/23 2461/31/23 2463/29/23
f 2453/30/23 2454/31/23 2452/29/23
f 2464/28/22 2463/29/22 2465/27/22
f 2466/26/24 2465/27/24 2467/24/24
f 2455/32/25 2456/33/25 2454/31/25
f 2444/50/21 2446/58/21 2448/48/21
f 2448/48/21 2450/61/21 2452/47/21
f 2452/47/21 2454/60/21 2456/46/21
f 2456/46/21 2458/59/21 2444/50/21
f 2444/50/21 2448/48/21 2452/47/21
f 2468/25/26 2467/24/26 2469/49/26
f 2457/34/28 2458/35/28 2456/33/28
f 2470/22/27 2469/49/27 2471/21/27
f 2443/36/29 2444/52/29 2458/35/29
f 2445/51/18 2443/53/18 2457/39/18
f 2457/39/18 2455/56/18 2453/38/18
f 2453/38/18 2451/55/18 2449/37/18
f 2449/37/18 2447/54/18 2445/51/18
f 2445/51/18 2457/39/18 2453/38/18
f 2486/51/18 2488/53/18 2474/39/18
f 2474/39/18 2476/56/18 2478/38/18
f 2478/38/18 2480/55/18 2482/37/18
f 2482/37/18 2484/54/18 2486/51/18
f 2486/51/18 2474/39/18 2478/38/18
f 2488/36/29 2487/52/29 2473/35/29
f 2474/34/28 2473/35/28 2475/33/28
f 2487/50/21 2485/58/21 2483/48/21
f 2483/48/21 2481/61/21 2479/47/21
f 2479/47/21 2477/60/21 2475/46/21
f 2475/46/21 2473/59/21 2487/50/21
f 2487/50/21 2483/48/21 2479/47/21
f 2476/32/25 2475/33/25 2477/31/25
f 2478/30/23 2477/31/23 2479/29/23
f 2480/28/22 2479/29/22 2481/27/22
f 2482/26/24 2481/27/24 2483/24/24
f 2484/25/26 2483/24/26 2485/49/26
f 2486/22/27 2485/49/27 2487/21/27
f 2502/51/18 2504/53/18 2490/39/18
f 2490/39/18 2492/56/18 2494/38/18
f 2494/38/18 2496/55/18 2498/37/18
f 2498/37/18 2500/54/18 2502/51/18
f 2502/51/18 2490/39/18 2494/38/18
f 2504/36/29 2503/52/29 2489/35/29
f 2490/34/28 2489/35/28 2491/33/28
f 2503/50/21 2501/58/21 2499/48/21
f 2499/48/21 2497/61/21 2495/47/21
f 2495/47/21 2493/60/21 2491/46/21
f 2491/46/21 2489/59/21 2503/50/21
f 2503/50/21 2499/48/21 2495/47/21
f 2492/32/25 2491/33/25 2493/31/25
f 2494/30/23 2493/31/23 2495/29/23
f 2496/28/22 2495/29/22 2497/27/22
f 2498/26/24 2497/27/24 2499/24/24
f 2500/25/26 2499/24/26 2501/49/26
f 2502/22/27 2501/49/27 2503/21/27
f 2507/22/9 2508/49/9 2506/21/9
f 2509/25/10 2510/24/10 2508/49/10
f 2511/26/11 2512/27/11 2510/24/11
f 2513/28/12 2514/29/12 2512/27/12
f 2515/30/13 2516/31/13 2514/29/13
f 2517/32/14 2518/33/14 2516/31/14
f 2519/34/15 2520/35/15 2518/33/15
f 2505/36/16 2506/52/16 2520/35/16
f 2507/51/19 2505/53/19 2519/39/19
f 2519/39/19 2517/56/19 2515/38/19
f 2515/38/19 2513/55/19 2511/37/19
f 2511/37/19 2509/54/19 2507/51/19
f 2507/51/19 2519/39/19 2515/38/19
f 2523/41/18 2524/43/18 2522/40/18
f 2527/30/19 2528/26/19 2524/43/19
f 2521/31/17 2522/27/17 2526/44/17
f 2539/22/9 2540/49/9 2538/21/9
f 2526/44/20 2522/57/20 2524/22/20
f 2535/30/19 2536/26/19 2532/43/19
f 2533/45/21 2534/44/21 2536/26/21
f 2529/31/17 2530/27/17 2534/44/17
f 2541/25/10 2542/24/10 2540/49/10
f 2534/44/20 2530/57/20 2532/22/20
f 2543/26/11 2544/27/11 2542/24/11
f 2545/28/12 2546/29/12 2544/27/12
f 2547/30/13 2548/31/13 2546/29/13
f 2549/32/14 2550/33/14 2548/31/14
f 2538/50/17 2540/58/17 2542/48/17
f 2542/48/17 2544/61/17 2546/47/17
f 2546/47/17 2548/60/17 2550/46/17
f 2550/46/17 2552/59/17 2538/50/17
f 2538/50/17 2542/48/17 2546/47/17
f 2551/34/15 2552/35/15 2550/33/15
f 2537/36/16 2538/52/16 2552/35/16
f 2539/51/19 2537/53/19 2551/39/19
f 2551/39/19 2549/56/19 2547/38/19
f 2547/38/19 2545/55/19 2543/37/19
f 2543/37/19 2541/54/19 2539/51/19
f 2539/51/19 2551/39/19 2547/38/19
f 2555/22/9 2556/49/9 2554/21/9
f 2557/25/10 2558/24/10 2556/49/10
f 2559/26/11 2560/27/11 2558/24/11
f 2561/28/12 2562/29/12 2560/27/12
f 2563/30/13 2564/31/13 2562/29/13
f 2565/32/14 2566/33/14 2564/31/14
f 2554/50/17 2556/58/17 2558/48/17
f 2558/48/17 2560/61/17 2562/47/17
f 2562/47/17 2564/60/17 2566/46/17
f 2566/46/17 2568/59/17 2554/50/17
f 2554/50/17 2558/48/17 2562/47/17
f 2567/34/15 2568/35/15 2566/33/15
f 2553/36/16 2554/52/16 2568/35/16
f 2570/21/9 2572/49/9 2571/22/9
f 2571/22/10 2572/49/10 2574/24/10
f 2574/24/11 2576/27/11 2575/26/11
f 2576/27/12 2578/29/12 2577/28/12
f 2578/29/13 2580/31/13 2579/30/13
f 2580/31/14 2582/33/14 2581/32/14
f 2574/48/19 2572/58/19 2570/50/19
f 2570/50/19 2584/59/19 2582/46/19
f 2582/46/19 2580/60/19 2578/47/19
f 2578/47/19 2576/61/19 2574/48/19
f 2574/48/19 2570/50/19 2582/46/19
f 2582/33/15 2584/35/15 2583/34/15
f 2584/35/16 2570/52/16 2569/36/16
f 2583/39/17 2569/53/17 2571/51/17
f 2571/51/17 2573/54/17 2575/37/17
f 2575/37/17 2577/55/17 2579/38/17
f 2579/38/17 2581/56/17 2583/39/17
f 2583/39/17 2571/51/17 2575/37/17
f 2586/21/9 2588/49/9 2587/22/9
f 2588/49/10 2590/24/10 2589/25/10
f 2590/24/11 2592/27/11 2591/26/11
f 2592/27/12 2594/29/12 2593/28/12
f 2594/29/13 2596/31/13 2595/30/13
f 2596/31/14 2598/33/14 2597/32/14
f 2590/48/19 2588/58/19 2586/50/19
f 2586/50/19 2600/59/19 2598/46/19
f 2598/46/19 2596/60/19 2594/47/19
f 2594/47/19 2592/61/19 2590/48/19
f 2590/48/19 2586/50/19 2598/46/19
f 2598/33/15 2600/35/15 2599/34/15
f 2600/35/16 2586/52/16 2585/36/16
f 2630/51/18 2632/53/18 2602/39/18
f 2602/39/18 2620/56/18 2622/38/18
f 2622/38/18 2624/55/18 2626/37/18
f 2626/37/18 2628/54/18 2630/51/18
f 2630/51/18 2602/39/18 2622/38/18
f 2605/22/27 2606/49/27 2604/21/27
f 2632/36/29 2631/52/29 2601/35/29
f 2607/25/26 2608/24/26 2606/49/26
f 2602/34/28 2601/35/28 2619/33/28
f 2609/26/24 2610/27/24 2608/24/24
f 2631/50/21 2629/58/21 2627/48/21
f 2627/48/21 2625/61/21 2623/47/21
f 2623/47/21 2621/60/21 2619/46/21
f 2619/46/21 2601/59/21 2631/50/21
f 2631/50/21 2627/48/21 2623/47/21
f 2611/28/22 2612/29/22 2610/27/22
f 2620/32/25 2619/33/25 2621/31/25
f 2622/30/23 2621/31/23 2623/29/23
f 2613/30/23 2614/31/23 2612/29/23
f 2624/28/22 2623/29/22 2625/27/22
f 2626/26/24 2625/27/24 2627/24/24
f 2615/32/25 2616/33/25 2614/31/25
f 2604/50/21 2606/58/21 2608/48/21
f 2608/48/21 2610/61/21 2612/47/21
f 2612/47/21 2614/60/21 2616/46/21
f 2616/46/21 2618/59/21 2604/50/21
f 2604/50/21 2608/48/21 2612/47/21
f 2628/25/26 2627/24/26 2629/49/26
f 2617/34/28 2618/35/28 2616/33/28
f 2630/22/27 2629/49/27 2631/21/27
f 2603/36/29 2604/52/29 2618/35/29
f 2605/51/18 2603/53/18 2617/39/18
f 2617/39/18 2615/56/18 2613/38/18
f 2613/38/18 2611/55/18 2609/37/18
f 2609/37/18 2607/54/18 2605/51/18
f 2605/51/18 2617/39/18 2613/38/18
f 2646/51/18 2648/53/18 2634/39/18
f 2634/39/18 2636/56/18 2638/38/18
f 2638/38/18 2640/55/18 2642/37/18
f 2642/37/18 2644/54/18 2646/51/18
f 2646/51/18 2634/39/18 2638/38/18
f 2648/36/29 2647/52/29 2633/35/29
f 2634/34/28 2633/35/28 2635/33/28
f 2647/50/21 2645/58/21 2643/48/21
f 2643/48/21 2641/61/21 2639/47/21
f 2639/47/21 2637/60/21 2635/46/21
f 2635/46/21 2633/59/21 2647/50/21
f 2647/50/21 2643/48/21 2639/47/21
f 2636/32/25 2635/33/25 2637/31/25
f 2638/30/23 2637/31/23 2639/29/23
f 2640/28/22 2639/29/22 2641/27/22
f 2642/26/24 2641/27/24 2643/24/24
f 2644/25/26 2643/24/26 2645/49/26
f 2646/22/27 2645/49/27 2647/21/27
f 2662/51/18 2664/53/18 2650/39/18
f 2650/39/18 2652/56/18 2654/38/18
f 2654/38/18 2656/55/18 2658/37/18
f 2658/37/18 2660/54/18 2662/51/18
f 2662/51/18 2650/39/18 2654/38/18
f 2664/36/29 2663/52/29 2649/35/29
f 2650/34/28 2649/35/28 2651/33/28
f 2663/50/21 2661/58/21 2659/48/21
f 2659/48/21 2657/61/21 2655/47/21
f 2655/47/21 2653/60/21 2651/46/21
f 2651/46/21 2649/59/21 2663/50/21
f 2663/50/21 2659/48/21 2655/47/21
f 2652/32/25 2651/33/25 2653/31/25
f 2654/30/23 2653/31/23 2655/29/23
f 2656/28/22 2655/29/22 2657/27/22
f 2658/26/24 2657/27/24 2659/24/24
f 2660/25/26 2659/24/26 2661/49/26
f 2662/22/27 2661/49/27 2663/21/27
f 2667/22/9 2668/49/9 2666/21/9
f 2669/25/10 2670/24/10 2668/49/10
f 2671/26/11 2672/27/11 2670/24/11
f 2673/28/12 2674/29/12 2672/27/12
f 2675/30/13 2676/31/13 2674/29/13
f 2677/32/14 2678/33/14 2676/31/14
f 2679/34/15 2680/35/15 2678/33/15
f 2665/36/16 2666/52/16 2680/35/16
f 2667/51/19 2665/53/19 2679/39/19
f 2679/39/19 2677/56/19 2675/38/19
f 2675/38/19 2673/55/19 2671/37/19
f 2671/37/19 2669/54/19 2667/51/19
f 2667/51/19 2679/39/19 2675/38/19
f 2683/41/18 2684/43/18 2682/40/18
f 2687/30/19 2688/26/19 2684/43/19
f 2685/45/21 2686/44/21 2688/26/21
f 2681/31/17 2682/27/17 2686/44/17
f 2699/22/9 2700/49/9 2698/21/9
f 2686/44/20 2682/57/20 2684/22/20
f 2691/41/18 2692/43/18 2690/40/18
f 2695/30/19 2696/26/19 2692/43/19
f 2693/45/21 2694/44/21 2696/26/21
f 2689/31/17 2690/27/17 2694/44/17
f 2701/25/10 2702/24/10 2700/49/10
f 2694/44/20 2690/57/20 2692/22/20
f 2703/26/11 2704/27/11 2702/24/11
f 2705/28/12 2706/29/12 2704/27/12
f 2707/30/13 2708/31/13 2706/29/13
f 2709/32/14 2710/33/14 2708/31/14
f 2698/50/17 2700/58/17 2702/48/17
f 2702/48/17 2704/61/17 2706/47/17
f 2706/47/17 2708/60/17 2710/46/17
f 2710/46/17 2712/59/17 2698/50/17
f 2698/50/17 2702/48/17 2706/47/17
f 2711/34/15 2712/35/15 2710/33/15
f 2697/36/16 2698/52/16 2712/35/16
f 2699/51/19 2697/53/19 2711/39/19
f 2711/39/19 2709/56/19 2707/38/19
f 2707/38/19 2705/55/19 2703/37/19
f 2703/37/19 2701/54/19 2699/51/19
f 2699/51/19 2711/39/19 2707/38/19
f 2715/22/9 2716/49/9 2714/21/9
f 2717/25/10 2718/24/10 2716/49/10
f 2719/26/11 2720/27/11 2718/24/11
f 2721/28/12 2722/29/12 2720/27/12
f 2723/30/13 2724/31/13 2722/29/13
f 2725/32/14 2726/33/14 2724/31/14
f 2714/50/17 2716/58/17 2718/48/17
f 2718/48/17 2720/61/17 2722/47/17
f 2722/47/17 2724/60/17 2726/46/17
f 2726/46/17 2728/59/17 2714/50/17
f 2714/50/17 2718/48/17 2722/47/17
f 2727/34/15 2728/35/15 2726/33/15
f 2713/36/16 2714/52/16 2728/35/16
f 2730/21/9 2732/49/9 2731/22/9
f 2731/22/10 2732/49/10 2734/24/10
f 2734/24/11 2736/27/11 2735/26/11
f 2736/27/12 2738/29/12 2737/28/12
f 2738/29/13 2740/31/13 2739/30/13
f 2740/31/14 2742/33/14 2741/32/14
f 2734/48/19 2732/58/19 2730/50/19
f 2730/50/19 2744/59/19 2742/46/19
f 2742/46/19 2740/60/19 2738/47/19
f 2738/47/19 2736/61/19 2734/48/19
f 2734/48/19 2730/50/19 2742/46/19
f 2742/33/15 2744/35/15 2743/34/15
f 2744/35/16 2730/52/16 2729/36/16
f 2743/39/17 2729/53/17 2731/51/17
f 2731/51/17 2733/54/17 2735/37/17
f 2735/37/17 2737/55/17 2739/38/17
f 2739/38/17 2741/56/17 2743/39/17
f 2743/39/17 2731/51/17 2735/37/17
f 2746/21/9 2748/49/9 2747/22/9
f 2748/49/10 2750/24/10 2749/25/10
f 2750/24/11 2752/27/11 2751/26/11
f 2752/27/12 2754/29/12 2753/28/12
f 2754/29/13 2756/31/13 2755/30/13
f 2756/31/14 2758/33/14 2757/32/14
f 2750/48/19 2748/58/19 2746/50/19
f 2746/50/19 2760/59/19 2758/46/19
f 2758/46/19 2756/60/19 2754/47/19
f 2754/47/19 2752/61/19 2750/48/19
f 2750/48/19 2746/50/19 2758/46/19
f 2758/33/15 2760/35/15 2759/34/15
f 2760/35/16 2746/52/16 2745/36/16
f 2790/51/18 2792/53/18 2762/39/18
f 2762/39/18 2780/56/18 2782/38/18
f 2782/38/18 2784/55/18 2786/37/18
f 2786/37/18 2788/54/18 2790/51/18
f 2790/51/18 2762/39/18 2782/38/18
f 2765/22/27 2766/49/27 2764/21/27
f 2792/36/29 2791/52/29 2761/35/29
f 2767/25/26 2768/24/26 2766/49/26
f 2762/34/28 2761/35/28 2779/33/28
f 2769/26/24 2770/27/24 2768/24/24
f 2791/50/21 2789/58/21 2787/48/21
f 2787/48/21 2785/61/21 2783/47/21
f 2783/47/21 2781/60/21 2779/46/21
f 2779/46/21 2761/59/21 2791/50/21
f 2791/50/21 2787/48/21 2783/47/21
f 2771/28/22 2772/29/22 2770/27/22
f 2780/32/25 2779/33/25 2781/31/25
f 2782/30/23 2781/31/23 2783/29/23
f 2773/30/23 2774/31/23 2772/29/23
f 2784/28/22 2783/29/22 2785/27/22
f 2786/26/24 2785/27/24 2787/24/24
f 2775/32/25 2776/33/25 2774/31/25
f 2764/50/21 2766/58/21 2768/48/21
f 2768/48/21 2770/61/21 2772/47/21
f 2772/47/21 2774/60/21 2776/46/21
f 2776/46/21 2778/59/21 2764/50/21
f 2764/50/21 2768/48/21 2772/47/21
f 2788/25/26 2787/24/26 2789/49/26
f 2777/34/28 2778/35/28 2776/33/28
f 2790/22/27 2789/49/27 2791/21/27
f 2763/36/29 2764/52/29 2778/35/29
f 2765/51/18 2763/53/18 2777/39/18
f 2777/39/18 2775/56/18 2773/38/18
f 2773/38/18 2771/55/18 2769/37/18
f 2769/37/18 2767/54/18 2765/51/18
f 2765/51/18 2777/39/18 2773/38/18
f 2795/22/28 2796/49/28 2794/21/28
f 2797/25/29 2798/24/29 2796/49/29
f 2799/26/27 2800/27/27 2798/24/27
f 2801/28/26 2802/29/26 2800/27/26
f 2803/30/24 2804/31/24 2802/29/24
f 2805/32/22 2806/33/22 2804/31/22
f 2807/34/23 2808/35/23 2806/33/23
f 2793/36/25 2794/52/25 2808/35/25
f 2795/51/18 2793/53/18 2807/39/18
f 2807/39/18 2805/56/18 2803/38/18
f 2803/38/18 2801/55/18 2799/37/18
f 2799/37/18 2797/54/18 2795/51/18
f 2795/51/18 2807/39/18 2803/38/18
f 2811/41/17 2812/43/17 2810/40/17
f 2815/30/18 2816/26/18 2812/43/18
f 2813/45/19 2814/44/19 2816/26/19
f 2809/31/21 2810/27/21 2814/44/21
f 2827/22/28 2828/49/28 2826/21/28
f 2814/44/20 2810/57/20 2812/22/20
f 2819/41/17 2820/43/17 2818/40/17
f 2823/30/18 2824/26/18 2820/43/18
f 2821/45/19 2822/44/19 2824/26/19
f 2817/31/21 2818/27/21 2822/44/21
f 2829/25/29 2830/24/29 2828/49/29
f 2822/44/20 2818/57/20 2820/22/20
f 2831/26/27 2832/27/27 2830/24/27
f 2833/28/26 2834/29/26 2832/27/26
f 2835/30/24 2836/31/24 2834/29/24
f 2837/32/22 2838/33/22 2836/31/22
f 2826/50/21 2828/58/21 2830/48/21
f 2830/48/21 2832/61/21 2834/47/21
f 2834/47/21 2836/60/21 2838/46/21
f 2838/46/21 2840/59/21 2826/50/21
f 2826/50/21 2830/48/21 2834/47/21
f 2839/34/23 2840/35/23 2838/33/23
f 2825/36/25 2826/52/25 2840/35/25
f 2827/51/18 2825/53/18 2839/39/18
f 2839/39/18 2837/56/18 2835/38/18
f 2835/38/18 2833/55/18 2831/37/18
f 2831/37/18 2829/54/18 2827/51/18
f 2827/51/18 2839/39/18 2835/38/18
f 2843/22/28 2844/49/28 2842/21/28
f 2845/25/29 2846/24/29 2844/49/29
f 2847/26/34 2848/27/34 2846/24/34
f 2849/28/26 2850/29/26 2848/27/26
f 2851/30/24 2852/31/24 2850/29/24
f 2853/32/22 2854/33/22 2852/31/22
f 2842/50/21 2844/58/21 2846/48/21
f 2846/48/21 2848/61/21 2850/47/21
f 2850/47/21 2852/60/21 2854/46/21
f 2854/46/21 2856/59/21 2842/50/21
f 2842/50/21 2846/48/21 2850/47/21
f 2855/34/23 2856/35/23 2854/33/23
f 2841/36/25 2842/52/25 2856/35/25
f 2858/21/28 2860/49/28 2859/22/28
f 2859/22/29 2860/49/29 2862/24/29
f 2862/24/27 2864/27/27 2863/26/27
f 2864/27/26 2866/29/26 2865/28/26
f 2866/29/24 2868/31/24 2867/30/24
f 2868/31/22 2870/33/22 2869/32/22
f 2862/48/18 2860/58/18 2858/50/18
f 2858/50/18 2872/59/18 2870/46/18
f 2870/46/18 2868/60/18 2866/47/18
f 2866/47/18 2864/61/18 2862/48/18
f 2862/48/18 2858/50/18 2870/46/18
f 2870/33/23 2872/35/23 2871/34/23
f 2872/35/25 2858/52/25 2857/36/25
f 2871/39/21 2857/53/21 2859/51/21
f 2859/51/21 2861/54/21 2863/37/21
f 2863/37/21 2865/55/21 2867/38/21
f 2867/38/21 2869/56/21 2871/39/21
f 2871/39/21 2859/51/21 2863/37/21
f 2874/21/28 2876/49/28 2875/22/28
f 2876/49/29 2878/24/29 2877/25/29
f 2878/24/27 2880/27/27 2879/26/27
f 2880/27/26 2882/29/26 2881/28/26
f 2882/29/24 2884/31/24 2883/30/24
f 2884/31/22 2886/33/22 2885/32/22
f 2878/48/18 2876/58/18 2874/50/18
f 2874/50/18 2888/59/18 2886/46/18
f 2886/46/18 2884/60/18 2882/47/18
f 2882/47/18 2880/61/18 2878/48/18
f 2878/48/18 2874/50/18 2886/46/18
f 2886/33/23 2888/35/23 2887/34/23
f 2888/35/25 2874/52/25 2873/36/25
f 2918/51/17 2920/53/17 2890/39/17
f 2890/39/17 2908/56/17 2910/38/17
f 2910/38/17 2912/55/17 2914/37/17
f 2914/37/17 2916/54/17 2918/51/17
f 2918/51/17 2890/39/17 2910/38/17
f 2893/22/14 2894/49/14 2892/21/14
f 2920/36/15 2919/52/15 2889/35/15
f 2895/25/13 2896/24/13 2894/49/13
f 2890/34/16 2889/35/16 2907/33/16
f 2897/26/12 2898/27/12 2896/24/12
f 2919/50/37 2917/58/37 2915/48/37
f 2915/48/37 2913/61/37 2911/47/37
f 2911/47/38 2909/60/38 2907/46/38
f 2907/46/38 2889/59/38 2919/50/38
f 2919/50/19 2915/48/19 2911/47/19
f 2899/28/11 2900/29/11 2898/27/11
f 2908/32/9 2907/33/9 2909/31/9
f 2910/30/10 2909/31/10 2911/29/10
f 2901/30/10 2902/31/10 2900/29/10
f 2912/28/11 2911/29/11 2913/27/11
f 2914/26/12 2913/27/12 2915/24/12
f 2903/32/9 2904/33/9 2902/31/9
f 2892/50/37 2894/58/37 2896/48/37
f 2896/48/37 2898/61/37 2900/47/37
f 2900/47/38 2902/60/38 2904/46/38
f 2904/46/38 2906/59/38 2892/50/38
f 2892/50/19 2896/48/19 2900/47/19
f 2916/25/13 2915/24/13 2917/49/13
f 2905/34/16 2906/35/16 2904/33/16
f 2918/22/14 2917/49/14 2919/21/14
f 2891/36/15 2892/52/15 2906/35/15
f 2893/51/17 2891/53/17 2905/39/17
f 2905/39/17 2903/56/17 2901/38/17
f 2901/38/17 2899/55/17 2897/37/17
f 2897/37/17 2895/54/17 2893/51/17
f 2893/51/17 2905/39/17 2901/38/17
f 2923/41/18 2924/43/18 2922/40/18
f 2927/30/19 2928/26/19 2924/43/19
f 2925/45/21 2926/44/21 2928/26/21
f 2921/31/17 2922/27/17 2926/44/17
f 2926/44/20 2922/57/20 2924/22/20
f 2958/51/18 2960/53/18 2930/39/18
f 2930/39/18 2948/56/18 2950/38/18
f 2950/38/18 2952/55/18 2954/37/18
f 2954/37/18 2956/54/18 2958/51/18
f 2958/51/18 2930/39/18 2950/38/18
f 2933/22/27 2934/49/27 2932/21/27
f 2960/36/29 2959/52/29 2929/35/29
f 2935/25/26 2936/24/26 2934/49/26
f 2930/34/28 2929/35/28 2947/33/28
f 2937/26/24 2938/27/24 2936/24/24
f 2959/50/21 2957/58/21 2955/48/21
f 2955/48/21 2953/61/21 2951/47/21
f 2951/47/21 2949/60/21 2947/46/21
f 2947/46/21 2929/59/21 2959/50/21
f 2959/50/21 2955/48/21 2951/47/21
f 2939/28/22 2940/29/22 2938/27/22
f 2948/32/25 2947/33/25 2949/31/25
f 2950/30/23 2949/31/23 2951/29/23
f 2941/30/23 2942/31/23 2940/29/23
f 2952/28/22 2951/29/22 2953/27/22
f 2954/26/24 2953/27/24 2955/24/24
f 2943/32/25 2944/33/25 2942/31/25
f 2932/50/21 2934/58/21 2936/48/21
f 2936/48/21 2938/61/21 2940/47/21
f 2940/47/21 2942/60/21 2944/46/21
f 2944/46/21 2946/59/21 2932/50/21
f 2932/50/21 2936/48/21 2940/47/21
f 2956/25/26 2955/24/26 2957/49/26
f 2945/34/28 2946/35/28 2944/33/28
f 2958/22/27 2957/49/27 2959/21/27
f 2931/36/29 2932/52/29 2946/35/29
f 2933/51/18 2931/53/18 2945/39/18
f 2945/39/18 2943/56/18 2941/38/18
f 2941/38/18 2939/55/18 2937/37/18
f 2937/37/18 2935/54/18 2933/51/18
f 2933/51/18 2945/39/18 2941/38/18
f 2963/41/18 2964/43/18 2962/40/18
f 2967/30/19 2968/26/19 2964/43/19
f 2965/45/21 2966/44/21 2968/26/21
f 2961/31/17 2962/27/17 2966/44/17
f 2966/44/20 2962/57/20 2964/22/20
f 2971/41/17 2972/43/17 2970/40/17
f 2975/30/18 2976/26/18 2972/43/18
f 2973/45/19 2974/44/19 2976/26/19
f 2969/31/21 2970/27/21 2974/44/21
f 2974/44/20 2970/57/20 2972/22/20
f 2979/41/17 2980/43/17 2978/40/17
f 2983/30/18 2984/26/18 2980/43/18
f 2981/45/19 2982/44/19 2984/26/19
f 2977/31/21 2978/27/21 2982/44/21
f 2982/44/20 2978/57/20 2980/22/20
f 3014/51/17 3016/53/17 2986/39/17
f 2986/39/17 3004/56/17 3006/38/17
f 3006/38/17 3008/55/17 3010/37/17
f 3010/37/17 3012/54/17 3014/51/17
f 3014/51/17 2986/39/17 3006/38/17
f 2989/22/14 2990/49/14 2988/21/14
f 3016/36/15 3015/52/15 2985/35/15
f 2991/25/13 2992/24/13 2990/49/13
f 2986/34/16 2985/35/16 3003/33/16
f 2993/26/12 2994/27/12 2992/24/12
f 3015/50/37 3013/58/37 3011/48/37
f 3011/48/37 3009/61/37 3007/47/37
f 3007/47/38 3005/60/38 3003/46/38
f 3003/46/38 2985/59/38 3015/50/38
f 3015/50/19 3011/48/19 3007/47/19
f 2995/28/11 2996/29/11 2994/27/11
f 3004/32/9 3003/33/9 3005/31/9
f 3006/30/10 3005/31/10 3007/29/10
f 2997/30/10 2998/31/10 2996/29/10
f 3008/28/11 3007/29/11 3009/27/11
f 3010/26/12 3009/27/12 3011/24/12
f 2999/32/9 3000/33/9 2998/31/9
f 2988/50/37 2990/58/37 2992/48/37
f 2992/48/37 2994/61/37 2996/47/37
f 2996/47/38 2998/60/38 3000/46/38
f 3000/46/38 3002/59/38 2988/50/38
f 2988/50/19 2992/48/19 2996/47/19
f 3012/25/13 3011/24/13 3013/49/13
f 3001/34/16 3002/35/16 3000/33/16
f 3014/22/14 3013/49/14 3015/21/14
f 2987/36/15 2988/52/15 3002/35/15
f 2989/51/17 2987/53/17 3001/39/17
f 3001/39/17 2999/56/17 2997/38/17
f 2997/38/17 2995/55/17 2993/37/17
f 2993/37/17 2991/54/17 2989/51/17
f 2989/51/17 3001/39/17 2997/38/17
f 2973/45/32 2975/30/32 2971/41/32
f 2925/45/32 2927/30/32 2923/41/32
f 3018/21/16 3020/49/16 3019/22/16
f 3019/22/15 3020/49/15 3022/24/15
f 3022/24/14 3024/27/14 3023/26/14
f 3024/27/13 3026/29/13 3025/28/13
f 3026/29/12 3028/31/12 3027/30/12
f 3028/31/11 3030/33/11 3029/32/11
f 3030/33/10 3032/35/10 3031/34/10
f 3032/35/9 3018/52/9 3017/36/9
f 3031/39/19 3017/53/19 3019/51/19
f 3019/51/19 3021/54/19 3023/37/19
f 3023/37/19 3025/55/19 3027/38/19
f 3027/38/19 3029/56/19 3031/39/19
f 3031/39/19 3019/51/19 3023/37/19
f 3034/40/21 3036/43/21 3035/41/21
f 3036/43/19 3040/26/19 3039/30/19
f 3038/44/17 3034/27/17 3033/31/17
f 3050/21/16 3052/49/16 3051/22/16
f 3036/22/20 3034/57/20 3038/44/20
f 3044/43/19 3048/26/19 3047/30/19
f 3048/26/18 3046/44/18 3045/45/18
f 3046/44/17 3042/27/17 3041/31/17
f 3051/22/15 3052/49/15 3054/24/15
f 3044/22/20 3042/57/20 3046/44/20
f 3054/24/14 3056/27/14 3055/26/14
f 3056/27/13 3058/29/13 3057/28/13
f 3058/29/12 3060/31/12 3059/30/12
f 3060/31/11 3062/33/11 3061/32/11
f 3054/48/17 3052/58/17 3050/50/17
f 3050/50/17 3064/59/17 3062/46/17
f 3062/46/17 3060/60/17 3058/47/17
f 3058/47/17 3056/61/17 3054/48/17
f 3054/48/17 3050/50/17 3062/46/17
f 3062/33/10 3064/35/10 3063/34/10
f 3064/35/9 3050/52/9 3049/36/9
f 3063/39/19 3049/53/19 3051/51/19
f 3051/51/19 3053/54/19 3055/37/19
f 3055/37/19 3057/55/19 3059/38/19
f 3059/38/19 3061/56/19 3063/39/19
f 3063/39/19 3051/51/19 3055/37/19
f 3066/21/16 3068/49/16 3067/22/16
f 3068/49/15 3070/24/15 3069/25/15
f 3070/24/14 3072/27/14 3071/26/14
f 3072/27/13 3074/29/13 3073/28/13
f 3074/29/12 3076/31/12 3075/30/12
f 3076/31/11 3078/33/11 3077/32/11
f 3070/48/17 3068/58/17 3066/50/17
f 3066/50/17 3080/59/17 3078/46/17
f 3078/46/17 3076/60/17 3074/47/17
f 3074/47/17 3072/61/17 3070/48/17
f 3070/48/17 3066/50/17 3078/46/17
f 3078/33/10 3080/35/10 3079/34/10
f 3080/35/9 3066/52/9 3065/36/9
f 3083/22/16 3084/49/16 3082/21/16
f 3083/22/15 3085/25/15 3086/24/15
f 3087/26/14 3088/27/14 3086/24/14
f 3089/28/13 3090/29/13 3088/27/13
f 3091/30/12 3092/31/12 3090/29/12
f 3093/32/11 3094/33/11 3092/31/11
f 3082/50/19 3084/58/19 3086/48/19
f 3086/48/19 3088/61/19 3090/47/19
f 3090/47/19 3092/60/19 3094/46/19
f 3094/46/19 3096/59/19 3082/50/19
f 3082/50/19 3086/48/19 3090/47/19
f 3095/34/10 3096/35/10 3094/33/10
f 3081/36/9 3082/52/9 3096/35/9
f 3083/51/17 3081/53/17 3095/39/17
f 3095/39/17 3093/56/17 3091/38/17
f 3091/38/17 3089/55/17 3087/37/17
f 3087/37/17 3085/54/17 3083/51/17
f 3083/51/17 3095/39/17 3091/38/17
f 3099/22/16 3100/49/16 3098/21/16
f 3101/25/15 3102/24/15 3100/49/15
f 3103/26/14 3104/27/14 3102/24/14
f 3105/28/13 3106/29/13 3104/27/13
f 3107/30/12 3108/31/12 3106/29/12
f 3109/32/11 3110/33/11 3108/31/11
f 3098/50/19 3100/58/19 3102/48/19
f 3102/48/19 3104/61/19 3106/47/19
f 3106/47/19 3108/60/19 3110/46/19
f 3110/46/19 3112/59/19 3098/50/19
f 3098/50/19 3102/48/19 3106/47/19
f 3111/34/10 3112/35/10 3110/33/10
f 3097/36/9 3098/52/9 3112/35/9
f 3114/39/21 3136/53/21 3134/51/21
f 3134/51/21 1172/54/21 3132/37/21
f 3132/37/21 3130/55/21 3128/38/21
f 3128/38/21 1164/56/21 3114/39/21
f 3114/39/21 3134/51/21 3132/37/21
f 3116/21/27 3118/49/27 3117/22/27
f 3113/35/29 3135/52/29 3136/36/29
f 3118/49/26 1152/24/26 1151/25/26
f 1163/33/28 3113/35/28 3114/34/28
f 1152/24/24 3120/27/24 3119/26/24
f 1171/48/18 3133/58/18 3135/50/18
f 3135/50/18 3113/59/18 1163/46/18
f 1163/46/18 3127/60/18 3129/47/18
f 3129/47/18 3131/61/18 1171/48/18
f 1171/48/18 3135/50/18 1163/46/18
f 3120/27/22 3122/29/22 3121/28/22
f 3127/31/25 1163/33/25 1164/32/25
f 3129/29/23 3127/31/23 3128/30/23
f 3122/29/23 3124/31/23 3123/30/23
f 3131/27/22 3129/29/22 3130/28/22
f 1171/24/24 3131/27/24 3132/26/24
f 3124/31/25 1160/33/25 1159/32/25
f 1152/48/18 3118/58/18 3116/50/18
f 3116/50/18 3126/59/18 1160/46/18
f 1160/46/18 3124/60/18 3122/47/18
f 3122/47/18 3120/61/18 1152/48/18
f 1152/48/18 3116/50/18 1160/46/18
f 3133/49/26 1171/24/26 1172/25/26
f 1160/33/28 3126/35/28 3125/34/28
f 3135/21/27 3133/49/27 3134/22/27
f 3126/35/29 3116/52/29 3115/36/29
f 3125/39/21 3115/53/21 3117/51/21
f 3117/51/21 1151/54/21 3119/37/21
f 3119/37/21 3121/55/21 3123/38/21
f 3123/38/21 1159/56/21 3125/39/21
f 3125/39/21 3117/51/21 3119/37/21
f 3138/39/21 3148/53/21 3146/51/21
f 3146/51/21 1188/54/21 3144/37/21
f 3144/37/21 3142/55/21 3140/38/21
f 3140/38/21 1180/56/21 3138/39/21
f 3138/39/21 3146/51/21 3144/37/21
f 3137/35/29 3147/52/29 3148/36/29
f 1179/33/28 3137/35/28 3138/34/28
f 1187/48/18 3145/58/18 3147/50/18
f 3147/50/18 3137/59/18 1179/46/18
f 1179/46/18 3139/60/18 3141/47/18
f 3141/47/18 3143/61/18 1187/48/18
f 1187/48/18 3147/50/18 1179/46/18
f 3139/31/25 1179/33/25 1180/32/25
f 3141/29/23 3139/31/23 3140/30/23
f 3143/27/22 3141/29/22 3142/28/22
f 1187/24/24 3143/27/24 3144/26/24
f 3145/49/26 1187/24/26 1188/25/26
f 3147/21/27 3145/49/27 3146/22/27
f 3150/39/21 3160/53/21 3158/51/21
f 3158/51/21 1204/54/21 3156/37/21
f 3156/37/21 3154/55/21 3152/38/21
f 3152/38/21 1196/56/21 3150/39/21
f 3150/39/21 3158/51/21 3156/37/21
f 3149/35/29 3159/52/29 3160/36/29
f 1195/33/28 3149/35/28 3150/34/28
f 1203/48/18 3157/58/18 3159/50/18
f 3159/50/18 3149/59/18 1195/46/18
f 1195/46/18 3151/60/18 3153/47/18
f 3153/47/18 3155/61/18 1203/48/18
f 1203/48/18 3159/50/18 1195/46/18
f 3151/31/25 1195/33/25 1196/32/25
f 3153/29/23 3151/31/23 3152/30/23
f 3155/27/22 3153/29/22 3154/28/22
f 1203/24/24 3155/27/24 3156/26/24
f 3157/49/26 1203/24/26 1204/25/26
f 3159/21/27 3157/49/27 3158/22/27
f 3162/21/16 3164/49/16 3163/22/16
f 3164/49/15 3166/24/15 3165/25/15
f 3166/24/14 3168/27/14 3167/26/14
f 3168/27/13 3170/29/13 3169/28/13
f 3170/29/12 3172/31/12 3171/30/12
f 3172/31/11 3174/33/11 3173/32/11
f 3174/33/10 3176/35/10 3175/34/10
f 3176/35/9 3162/52/9 3161/36/9
f 3175/39/19 3161/53/19 3163/51/19
f 3163/51/19 3165/54/19 3167/37/19
f 3167/37/19 3169/55/19 3171/38/19
f 3171/38/19 3173/56/19 3175/39/19
f 3175/39/19 3163/51/19 3167/37/19
f 3178/40/21 3180/43/21 3179/41/21
f 3180/43/19 3184/26/19 3183/30/19
f 3182/44/17 3178/27/17 3177/31/17
f 3194/21/16 3196/49/16 3195/22/16
f 3180/22/20 3178/57/20 3182/44/20
f 3188/43/19 3192/26/19 3191/30/19
f 3192/26/18 3190/44/18 3189/45/18
f 3190/44/17 3186/27/17 3185/31/17
f 3196/49/15 3198/24/15 3197/25/15
f 3188/22/20 3186/57/20 3190/44/20
f 3198/24/14 3200/27/14 3199/26/14
f 3200/27/13 3202/29/13 3201/28/13
f 3202/29/12 3204/31/12 3203/30/12
f 3204/31/11 3206/33/11 3205/32/11
f 3198/48/17 3196/58/17 3194/50/17
f 3194/50/17 3208/59/17 3206/46/17
f 3206/46/17 3204/60/17 3202/47/17
f 3202/47/17 3200/61/17 3198/48/17
f 3198/48/17 3194/50/17 3206/46/17
f 3206/33/10 3208/35/10 3207/34/10
f 3208/35/9 3194/52/9 3193/36/9
f 3207/39/19 3193/53/19 3195/51/19
f 3195/51/19 3197/54/19 3199/37/19
f 3199/37/19 3201/55/19 3203/38/19
f 3203/38/19 3205/56/19 3207/39/19
f 3207/39/19 3195/51/19 3199/37/19
f 3210/21/16 3212/49/16 3211/22/16
f 3212/49/15 3214/24/15 3213/25/15
f 3214/24/14 3216/27/14 3215/26/14
f 3216/27/13 3218/29/13 3217/28/13
f 3218/29/12 3220/31/12 3219/30/12
f 3220/31/11 3222/33/11 3221/32/11
f 3214/48/17 3212/58/17 3210/50/17
f 3210/50/17 3224/59/17 3222/46/17
f 3222/46/17 3220/60/17 3218/47/17
f 3218/47/17 3216/61/17 3214/48/17
f 3214/48/17 3210/50/17 3222/46/17
f 3222/33/10 3224/35/10 3223/34/10
f 3224/35/9 3210/52/9 3209/36/9
f 3227/22/16 3228/49/16 3226/21/16
f 3227/22/15 3229/25/15 3230/24/15
f 3231/26/14 3232/27/14 3230/24/14
f 3233/28/13 3234/29/13 3232/27/13
f 3235/30/12 3236/31/12 3234/29/12
f 3237/32/11 3238/33/11 3236/31/11
f 3226/50/19 3228/58/19 3230/48/19
f 3230/48/19 3232/61/19 3234/47/19
f 3234/47/19 3236/60/19 3238/46/19
f 3238/46/19 3240/59/19 3226/50/19
f 3226/50/19 3230/48/19 3234/47/19
f 3239/34/10 3240/35/10 3238/33/10
f 3225/36/9 3226/52/9 3240/35/9
f 3227/51/17 3225/53/17 3239/39/17
f 3239/39/17 3237/56/17 3235/38/17
f 3235/38/17 3233/55/17 3231/37/17
f 3231/37/17 3229/54/17 3227/51/17
f 3227/51/17 3239/39/17 3235/38/17
f 3243/22/16 3244/49/16 3242/21/16
f 3245/25/15 3246/24/15 3244/49/15
f 3247/26/14 3248/27/14 3246/24/14
f 3249/28/13 3250/29/13 3248/27/13
f 3251/30/12 3252/31/12 3250/29/12
f 3253/32/11 3254/33/11 3252/31/11
f 3242/50/19 3244/58/19 3246/48/19
f 3246/48/19 3248/61/19 3250/47/19
f 3250/47/19 3252/60/19 3254/46/19
f 3254/46/19 3256/59/19 3242/50/19
f 3242/50/19 3246/48/19 3250/47/19
f 3255/34/10 3256/35/10 3254/33/10
f 3241/36/9 3242/52/9 3256/35/9
f 3258/39/21 3288/53/21 3286/51/21
f 3286/51/21 3284/54/21 3282/37/21
f 3282/37/21 3280/55/21 3278/38/21
f 3278/38/21 3276/56/21 3258/39/21
f 3258/39/21 3286/51/21 3282/37/21
f 3260/21/27 3262/49/27 3261/22/27
f 3257/35/29 3287/52/29 3288/36/29
f 3262/49/26 3264/24/26 3263/25/26
f 3275/33/28 3257/35/28 3258/34/28
f 3264/24/24 3266/27/24 3265/26/24
f 3283/48/18 3285/58/18 3287/50/18
f 3287/50/18 3257/59/18 3275/46/18
f 3275/46/18 3277/60/18 3279/47/18
f 3279/47/18 3281/61/18 3283/48/18
f 3283/48/18 3287/50/18 3275/46/18
f 3266/27/22 3268/29/22 3267/28/22
f 3277/31/25 3275/33/25 3276/32/25
f 3279/29/23 3277/31/23 3278/30/23
f 3268/29/23 3270/31/23 3269/30/23
f 3281/27/22 3279/29/22 3280/28/22
f 3283/24/24 3281/27/24 3282/26/24
f 3270/31/25 3272/33/25 3271/32/25
f 3264/48/18 3262/58/18 3260/50/18
f 3260/50/18 3274/59/18 3272/46/18
f 3272/46/18 3270/60/18 3268/47/18
f 3268/47/18 3266/61/18 3264/48/18
f 3264/48/18 3260/50/18 3272/46/18
f 3285/49/26 3283/24/26 3284/25/26
f 3272/33/28 3274/35/28 3273/34/28
f 3287/21/27 3285/49/27 3286/22/27
f 3274/35/29 3260/52/29 3259/36/29
f 3273/39/21 3259/53/21 3261/51/21
f 3261/51/21 3263/54/21 3265/37/21
f 3265/37/21 3267/55/21 3269/38/21
f 3269/38/21 3271/56/21 3273/39/21
f 3273/39/21 3261/51/21 3265/37/21
f 3290/39/21 3304/53/21 3302/51/21
f 3302/51/21 3300/54/21 3298/37/21
f 3298/37/21 3296/55/21 3294/38/21
f 3294/38/21 3292/56/21 3290/39/21
f 3290/39/21 3302/51/21 3298/37/21
f 3289/35/29 3303/52/29 3304/36/29
f 3291/33/28 3289/35/28 3290/34/28
f 3299/48/18 3301/58/18 3303/50/18
f 3303/50/18 3289/59/18 3291/46/18
f 3291/46/18 3293/60/18 3295/47/18
f 3295/47/18 3297/61/18 3299/48/18
f 3299/48/18 3303/50/18 3291/46/18
f 3293/31/25 3291/33/25 3292/32/25
f 3295/29/23 3293/31/23 3294/30/23
f 3297/27/22 3295/29/22 3296/28/22
f 3299/24/24 3297/27/24 3298/26/24
f 3301/49/26 3299/24/26 3300/25/26
f 3303/21/27 3301/49/27 3302/22/27
f 3306/39/21 3320/53/21 3318/51/21
f 3318/51/21 3316/54/21 3314/37/21
f 3314/37/21 3312/55/21 3310/38/21
f 3310/38/21 3308/56/21 3306/39/21
f 3306/39/21 3318/51/21 3314/37/21
f 3305/35/29 3319/52/29 3320/36/29
f 3307/33/28 3305/35/28 3306/34/28
f 3315/48/18 3317/58/18 3319/50/18
f 3319/50/18 3305/59/18 3307/46/18
f 3307/46/18 3309/60/18 3311/47/18
f 3311/47/18 3313/61/18 3315/48/18
f 3315/48/18 3319/50/18 3307/46/18
f 3309/31/25 3307/33/25 3308/32/25
f 3311/29/23 3309/31/23 3310/30/23
f 3313/27/22 3311/29/22 3312/28/22
f 3315/24/24 3313/27/24 3314/26/24
f 3317/49/26 3315/24/26 3316/25/26
f 3319/21/27 3317/49/27 3318/22/27
f 3322/21/16 3324/49/16 3323/22/16
f 3324/49/15 3326/24/15 3325/25/15
f 3326/24/14 3328/27/14 3327/26/14
f 3328/27/13 3330/29/13 3329/28/13
f 3330/29/12 3332/31/12 3331/30/12
f 3332/31/11 3334/33/11 3333/32/11
f 3334/33/10 3336/35/10 3335/34/10
f 3336/35/9 3322/52/9 3321/36/9
f 3335/39/19 3321/53/19 3323/51/19
f 3323/51/19 3325/54/19 3327/37/19
f 3327/37/19 3329/55/19 3331/38/19
f 3331/38/19 3333/56/19 3335/39/19
f 3335/39/19 3323/51/19 3327/37/19
f 3338/40/21 3340/43/21 3339/41/21
f 3340/43/19 3344/26/19 3343/30/19
f 3342/44/17 3338/27/17 3337/31/17
f 3354/21/16 3356/49/16 3355/22/16
f 3340/22/20 3338/57/20 3342/44/20
f 3348/43/19 3352/26/19 3351/30/19
f 3352/26/18 3350/44/18 3349/45/18
f 3350/44/17 3346/27/17 3345/31/17
f 3356/49/15 3358/24/15 3357/25/15
f 3348/22/20 3346/57/20 3350/44/20
f 3358/24/14 3360/27/14 3359/26/14
f 3360/27/13 3362/29/13 3361/28/13
f 3362/29/12 3364/31/12 3363/30/12
f 3364/31/11 3366/33/11 3365/32/11
f 3358/48/17 3356/58/17 3354/50/17
f 3354/50/17 3368/59/17 3366/46/17
f 3366/46/17 3364/60/17 3362/47/17
f 3362/47/17 3360/61/17 3358/48/17
f 3358/48/17 3354/50/17 3366/46/17
f 3366/33/10 3368/35/10 3367/34/10
f 3368/35/9 3354/52/9 3353/36/9
f 3367/39/19 3353/53/19 3355/51/19
f 3355/51/19 3357/54/19 3359/37/19
f 3359/37/19 3361/55/19 3363/38/19
f 3363/38/19 3365/56/19 3367/39/19
f 3367/39/19 3355/51/19 3359/37/19
f 3370/21/16 3372/49/16 3371/22/16
f 3372/49/15 3374/24/15 3373/25/15
f 3374/24/14 3376/27/14 3375/26/14
f 3376/27/13 3378/29/13 3377/28/13
f 3378/29/12 3380/31/12 3379/30/12
f 3380/31/11 3382/33/11 3381/32/11
f 3374/48/17 3372/58/17 3370/50/17
f 3370/50/17 3384/59/17 3382/46/17
f 3382/46/17 3380/60/17 3378/47/17
f 3378/47/17 3376/61/17 3374/48/17
f 3374/48/17 3370/50/17 3382/46/17
f 3382/33/10 3384/35/10 3383/34/10
f 3384/35/9 3370/52/9 3369/36/9
f 3387/22/16 3388/49/16 3386/21/16
f 3387/22/15 3389/25/15 3390/24/15
f 3391/26/14 3392/27/14 3390/24/14
f 3393/28/13 3394/29/13 3392/27/13
f 3395/30/12 3396/31/12 3394/29/12
f 3397/32/11 3398/33/11 3396/31/11
f 3386/50/19 3388/58/19 3390/48/19
f 3390/48/19 3392/61/19 3394/47/19
f 3394/47/19 3396/60/19 3398/46/19
f 3398/46/19 3400/59/19 3386/50/19
f 3386/50/19 3390/48/19 3394/47/19
f 3399/34/10 3400/35/10 3398/33/10
f 3385/36/9 3386/52/9 3400/35/9
f 3387/51/17 3385/53/17 3399/39/17
f 3399/39/17 3397/56/17 3395/38/17
f 3395/38/17 3393/55/17 3391/37/17
f 3391/37/17 3389/54/17 3387/51/17
f 3387/51/17 3399/39/17 3395/38/17
f 3403/22/16 3404/49/16 3402/21/16
f 3405/25/15 3406/24/15 3404/49/15
f 3407/26/14 3408/27/14 3406/24/14
f 3409/28/13 3410/29/13 3408/27/13
f 3411/30/12 3412/31/12 3410/29/12
f 3413/32/11 3414/33/11 3412/31/11
f 3402/50/19 3404/58/19 3406/48/19
f 3406/48/19 3408/61/19 3410/47/19
f 3410/47/19 3412/60/19 3414/46/19
f 3414/46/19 3416/59/19 3402/50/19
f 3402/50/19 3406/48/19 3410/47/19
f 3415/34/10 3416/35/10 3414/33/10
f 3401/36/9 3402/52/9 3416/35/9
f 3418/39/21 3448/53/21 3446/51/21
f 3446/51/21 3444/54/21 3442/37/21
f 3442/37/21 3440/55/21 3438/38/21
f 3438/38/21 3436/56/21 3418/39/21
f 3418/39/21 3446/51/21 3442/37/21
f 3420/21/27 3422/49/27 3421/22/27
f 3417/35/29 3447/52/29 3448/36/29
f 3422/49/26 3424/24/26 3423/25/26
f 3435/33/28 3417/35/28 3418/34/28
f 3424/24/24 3426/27/24 3425/26/24
f 3443/48/18 3445/58/18 3447/50/18
f 3447/50/18 3417/59/18 3435/46/18
f 3435/46/18 3437/60/18 3439/47/18
f 3439/47/18 3441/61/18 3443/48/18
f 3443/48/18 3447/50/18 3435/46/18
f 3426/27/22 3428/29/22 3427/28/22
f 3437/31/25 3435/33/25 3436/32/25
f 3439/29/23 3437/31/23 3438/30/23
f 3428/29/23 3430/31/23 3429/30/23
f 3441/27/22 3439/29/22 3440/28/22
f 3443/24/24 3441/27/24 3442/26/24
f 3430/31/25 3432/33/25 3431/32/25
f 3424/48/18 3422/58/18 3420/50/18
f 3420/50/18 3434/59/18 3432/46/18
f 3432/46/18 3430/60/18 3428/47/18
f 3428/47/18 3426/61/18 3424/48/18
f 3424/48/18 3420/50/18 3432/46/18
f 3445/49/26 3443/24/26 3444/25/26
f 3432/33/28 3434/35/28 3433/34/28
f 3447/21/27 3445/49/27 3446/22/27
f 3434/35/29 3420/52/29 3419/36/29
f 3433/39/21 3419/53/21 3421/51/21
f 3421/51/21 3423/54/21 3425/37/21
f 3425/37/21 3427/55/21 3429/38/21
f 3429/38/21 3431/56/21 3433/39/21
f 3433/39/21 3421/51/21 3425/37/21
f 3450/39/21 3464/53/21 3462/51/21
f 3462/51/21 3460/54/21 3458/37/21
f 3458/37/21 3456/55/21 3454/38/21
f 3454/38/21 3452/56/21 3450/39/21
f 3450/39/21 3462/51/21 3458/37/21
f 3449/35/29 3463/52/29 3464/36/29
f 3451/33/28 3449/35/28 3450/34/28
f 3459/48/18 3461/58/18 3463/50/18
f 3463/50/18 3449/59/18 3451/46/18
f 3451/46/18 3453/60/18 3455/47/18
f 3455/47/18 3457/61/18 3459/48/18
f 3459/48/18 3463/50/18 3451/46/18
f 3453/31/25 3451/33/25 3452/32/25
f 3455/29/23 3453/31/23 3454/30/23
f 3457/27/22 3455/29/22 3456/28/22
f 3459/24/24 3457/27/24 3458/26/24
f 3461/49/26 3459/24/26 3460/25/26
f 3463/21/27 3461/49/27 3462/22/27
f 3466/39/21 3480/53/21 3478/51/21
f 3478/51/21 3476/54/21 3474/37/21
f 3474/37/21 3472/55/21 3470/38/21
f 3470/38/21 3468/56/21 3466/39/21
f 3466/39/21 3478/51/21 3474/37/21
f 3465/35/29 3479/52/29 3480/36/29
f 3467/33/28 3465/35/28 3466/34/28
f 3475/48/18 3477/58/18 3479/50/18
f 3479/50/18 3465/59/18 3467/46/18
f 3467/46/18 3469/60/18 3471/47/18
f 3471/47/18 3473/61/18 3475/48/18
f 3475/48/18 3479/50/18 3467/46/18
f 3469/31/25 3467/33/25 3468/32/25
f 3471/29/23 3469/31/23 3470/30/23
f 3473/27/22 3471/29/22 3472/28/22
f 3475/24/24 3473/27/24 3474/26/24
f 3477/49/26 3475/24/26 3476/25/26
f 3479/21/27 3477/49/27 3478/22/27
f 3482/21/16 3484/49/16 3483/22/16
f 3484/49/15 3486/24/15 3485/25/15
f 3486/24/14 3488/27/14 3487/26/14
f 3488/27/13 3490/29/13 3489/28/13
f 3490/29/12 3492/31/12 3491/30/12
f 3492/31/11 3494/33/11 3493/32/11
f 3494/33/10 3496/35/10 3495/34/10
f 3496/35/9 3482/52/9 3481/36/9
f 3495/39/19 3481/53/19 3483/51/19
f 3483/51/19 3485/54/19 3487/37/19
f 3487/37/19 3489/55/19 3491/38/19
f 3491/38/19 3493/56/19 3495/39/19
f 3495/39/19 3483/51/19 3487/37/19
f 3498/40/21 3500/43/21 3499/41/21
f 3500/43/19 3504/26/19 3503/30/19
f 3502/44/17 3498/27/17 3497/31/17
f 3514/21/16 3516/49/16 3515/22/16
f 3500/22/20 3498/57/20 3502/44/20
f 3508/43/19 3512/26/19 3511/30/19
f 3512/26/18 3510/44/18 3509/45/18
f 3510/44/17 3506/27/17 3505/31/17
f 3516/49/15 3518/24/15 3517/25/15
f 3508/22/20 3506/57/20 3510/44/20
f 3518/24/14 3520/27/14 3519/26/14
f 3520/27/13 3522/29/13 3521/28/13
f 3522/29/12 3524/31/12 3523/30/12
f 3524/31/11 3526/33/11 3525/32/11
f 3518/48/17 3516/58/17 3514/50/17
f 3514/50/17 3528/59/17 3526/46/17
f 3526/46/17 3524/60/17 3522/47/17
f 3522/47/17 3520/61/17 3518/48/17
f 3518/48/17 3514/50/17 3526/46/17
f 3526/33/10 3528/35/10 3527/34/10
f 3528/35/9 3514/52/9 3513/36/9
f 3527/39/19 3513/53/19 3515/51/19
f 3515/51/19 3517/54/19 3519/37/19
f 3519/37/19 3521/55/19 3523/38/19
f 3523/38/19 3525/56/19 3527/39/19
f 3527/39/19 3515/51/19 3519/37/19
f 3530/21/16 3532/49/16 3531/22/16
f 3532/49/15 3534/24/15 3533/25/15
f 3534/24/14 3536/27/14 3535/26/14
f 3536/27/13 3538/29/13 3537/28/13
f 3538/29/12 3540/31/12 3539/30/12
f 3540/31/11 3542/33/11 3541/32/11
f 3534/48/17 3532/58/17 3530/50/17
f 3530/50/17 3544/59/17 3542/46/17
f 3542/46/17 3540/60/17 3538/47/17
f 3538/47/17 3536/61/17 3534/48/17
f 3534/48/17 3530/50/17 3542/46/17
f 3542/33/10 3544/35/10 3543/34/10
f 3544/35/9 3530/52/9 3529/36/9
f 3547/22/16 3548/49/16 3546/21/16
f 3547/22/15 3549/25/15 3550/24/15
f 3551/26/14 3552/27/14 3550/24/14
f 3553/28/13 3554/29/13 3552/27/13
f 3555/30/12 3556/31/12 3554/29/12
f 3557/32/11 3558/33/11 3556/31/11
f 3546/50/19 3548/58/19 3550/48/19
f 3550/48/19 3552/61/19 3554/47/19
f 3554/47/19 3556/60/19 3558/46/19
f 3558/46/19 3560/59/19 3546/50/19
f 3546/50/19 3550/48/19 3554/47/19
f 3559/34/10 3560/35/10 3558/33/10
f 3545/36/9 3546/52/9 3560/35/9
f 3547/51/17 3545/53/17 3559/39/17
f 3559/39/17 3557/56/17 3555/38/17
f 3555/38/17 3553/55/17 3551/37/17
f 3551/37/17 3549/54/17 3547/51/17
f 3547/51/17 3559/39/17 3555/38/17
f 3563/22/16 3564/49/16 3562/21/16
f 3565/25/15 3566/24/15 3564/49/15
f 3567/26/14 3568/27/14 3566/24/14
f 3569/28/13 3570/29/13 3568/27/13
f 3571/30/12 3572/31/12 3570/29/12
f 3573/32/11 3574/33/11 3572/31/11
f 3562/50/19 3564/58/19 3566/48/19
f 3566/48/19 3568/61/19 3570/47/19
f 3570/47/19 3572/60/19 3574/46/19
f 3574/46/19 3576/59/19 3562/50/19
f 3562/50/19 3566/48/19 3570/47/19
f 3575/34/10 3576/35/10 3574/33/10
f 3561/36/9 3562/52/9 3576/35/9
f 3578/39/21 3608/53/21 3606/51/21
f 3606/51/21 3604/54/21 3602/37/21
f 3602/37/21 3600/55/21 3598/38/21
f 3598/38/21 3596/56/21 3578/39/21
f 3578/39/21 3606/51/21 3602/37/21
f 3580/21/27 3582/49/27 3581/22/27
f 3577/35/29 3607/52/29 3608/36/29
f 3582/49/26 3584/24/26 3583/25/26
f 3595/33/28 3577/35/28 3578/34/28
f 3584/24/24 3586/27/24 3585/26/24
f 3603/48/18 3605/58/18 3607/50/18
f 3607/50/18 3577/59/18 3595/46/18
f 3595/46/18 3597/60/18 3599/47/18
f 3599/47/18 3601/61/18 3603/48/18
f 3603/48/18 3607/50/18 3595/46/18
f 3586/27/22 3588/29/22 3587/28/22
f 3597/31/25 3595/33/25 3596/32/25
f 3599/29/23 3597/31/23 3598/30/23
f 3588/29/23 3590/31/23 3589/30/23
f 3601/27/22 3599/29/22 3600/28/22
f 3603/24/24 3601/27/24 3602/26/24
f 3590/31/25 3592/33/25 3591/32/25
f 3584/48/18 3582/58/18 3580/50/18
f 3580/50/18 3594/59/18 3592/46/18
f 3592/46/18 3590/60/18 3588/47/18
f 3588/47/18 3586/61/18 3584/48/18
f 3584/48/18 3580/50/18 3592/46/18
f 3605/49/26 3603/24/26 3604/25/26
f 3592/33/28 3594/35/28 3593/34/28
f 3607/21/27 3605/49/27 3606/22/27
f 3594/35/29 3580/52/29 3579/36/29
f 3593/39/21 3579/53/21 3581/51/21
f 3581/51/21 3583/54/21 3585/37/21
f 3585/37/21 3587/55/21 3589/38/21
f 3589/38/21 3591/56/21 3593/39/21
f 3593/39/21 3581/51/21 3585/37/21
f 3610/39/21 3624/53/21 3622/51/21
f 3622/51/21 3620/54/21 3618/37/21
f 3618/37/21 3616/55/21 3614/38/21
f 3614/38/21 3612/56/21 3610/39/21
f 3610/39/21 3622/51/21 3618/37/21
f 3609/35/29 3623/52/29 3624/36/29
f 3611/33/28 3609/35/28 3610/34/28
f 3619/48/18 3621/58/18 3623/50/18
f 3623/50/18 3609/59/18 3611/46/18
f 3611/46/18 3613/60/18 3615/47/18
f 3615/47/18 3617/61/18 3619/48/18
f 3619/48/18 3623/50/18 3611/46/18
f 3613/31/25 3611/33/25 3612/32/25
f 3615/29/23 3613/31/23 3614/30/23
f 3617/27/22 3615/29/22 3616/28/22
f 3619/24/24 3617/27/24 3618/26/24
f 3621/49/26 3619/24/26 3620/25/26
f 3623/21/27 3621/49/27 3622/22/27
f 3626/39/21 3640/53/21 3638/51/21
f 3638/51/21 3636/54/21 3634/37/21
f 3634/37/21 3632/55/21 3630/38/21
f 3630/38/21 3628/56/21 3626/39/21
f 3626/39/21 3638/51/21 3634/37/21
f 3625/35/29 3639/52/29 3640/36/29
f 3627/33/28 3625/35/28 3626/34/28
f 3635/48/18 3637/58/18 3639/50/18
f 3639/50/18 3625/59/18 3627/46/18
f 3627/46/18 3629/60/18 3631/47/18
f 3631/47/18 3633/61/18 3635/48/18
f 3635/48/18 3639/50/18 3627/46/18
f 3629/31/25 3627/33/25 3628/32/25
f 3631/29/23 3629/31/23 3630/30/23
f 3633/27/22 3631/29/22 3632/28/22
f 3635/24/24 3633/27/24 3634/26/24
f 3637/49/26 3635/24/26 3636/25/26
f 3639/21/27 3637/49/27 3638/22/27
f 3642/21/16 3644/49/16 3643/22/16
f 3644/49/15 3646/24/15 3645/25/15
f 3646/24/14 3648/27/14 3647/26/14
f 3648/27/13 3650/29/13 3649/28/13
f 3650/29/12 3652/31/12 3651/30/12
f 3652/31/11 3654/33/11 3653/32/11
f 3654/33/10 3656/35/10 3655/34/10
f 3656/35/9 3642/52/9 3641/36/9
f 3655/39/19 3641/53/19 3643/51/19
f 3643/51/19 3645/54/19 3647/37/19
f 3647/37/19 3649/55/19 3651/38/19
f 3651/38/19 3653/56/19 3655/39/19
f 3655/39/19 3643/51/19 3647/37/19
f 3658/40/21 3660/43/21 3659/41/21
f 3660/43/19 3664/26/19 3663/30/19
f 3664/26/18 3662/44/18 3661/45/18
f 3662/44/17 3658/27/17 3657/31/17
f 3674/21/16 3676/49/16 3675/22/16
f 3660/22/20 3658/57/20 3662/44/20
f 3666/40/21 3668/43/21 3667/41/21
f 3668/43/19 3672/26/19 3671/30/19
f 3672/26/18 3670/44/18 3669/45/18
f 3670/44/17 3666/27/17 3665/31/17
f 3676/49/15 3678/24/15 3677/25/15
f 3668/22/20 3666/57/20 3670/44/20
f 3678/24/14 3680/27/14 3679/26/14
f 3680/27/13 3682/29/13 3681/28/13
f 3682/29/12 3684/31/12 3683/30/12
f 3684/31/11 3686/33/11 3685/32/11
f 3678/48/17 3676/58/17 3674/50/17
f 3674/50/17 3688/59/17 3686/46/17
f 3686/46/17 3684/60/17 3682/47/17
f 3682/47/17 3680/61/17 3678/48/17
f 3678/48/17 3674/50/17 3686/46/17
f 3686/33/10 3688/35/10 3687/34/10
f 3688/35/9 3674/52/9 3673/36/9
f 3687/39/19 3673/53/19 3675/51/19
f 3675/51/19 3677/54/19 3679/37/19
f 3679/37/19 3681/55/19 3683/38/19
f 3683/38/19 3685/56/19 3687/39/19
f 3687/39/19 3675/51/19 3679/37/19
f 3690/21/16 3692/49/16 3691/22/16
f 3692/49/15 3694/24/15 3693/25/15
f 3694/24/14 3696/27/14 3695/26/14
f 3696/27/13 3698/29/13 3697/28/13
f 3698/29/12 3700/31/12 3699/30/12
f 3700/31/11 3702/33/11 3701/32/11
f 3694/48/17 3692/58/17 3690/50/17
f 3690/50/17 3704/59/17 3702/46/17
f 3702/46/17 3700/60/17 3698/47/17
f 3698/47/17 3696/61/17 3694/48/17
f 3694/48/17 3690/50/17 3702/46/17
f 3702/33/10 3704/35/10 3703/34/10
f 3704/35/9 3690/52/9 3689/36/9
f 3707/22/16 3708/49/16 3706/21/16
f 3707/22/15 3709/25/15 3710/24/15
f 3711/26/14 3712/27/14 3710/24/14
f 3713/28/13 3714/29/13 3712/27/13
f 3715/30/12 3716/31/12 3714/29/12
f 3717/32/11 3718/33/11 3716/31/11
f 3706/50/19 3708/58/19 3710/48/19
f 3710/48/19 3712/61/19 3714/47/19
f 3714/47/19 3716/60/19 3718/46/19
f 3718/46/19 3720/59/19 3706/50/19
f 3706/50/19 3710/48/19 3714/47/19
f 3719/34/10 3720/35/10 3718/33/10
f 3705/36/9 3706/52/9 3720/35/9
f 3707/51/17 3705/53/17 3719/39/17
f 3719/39/17 3717/56/17 3715/38/17
f 3715/38/17 3713/55/17 3711/37/17
f 3711/37/17 3709/54/17 3707/51/17
f 3707/51/17 3719/39/17 3715/38/17
f 3723/22/16 3724/49/16 3722/21/16
f 3725/25/15 3726/24/15 3724/49/15
f 3727/26/14 3728/27/14 3726/24/14
f 3729/28/13 3730/29/13 3728/27/13
f 3731/30/12 3732/31/12 3730/29/12
f 3733/32/11 3734/33/11 3732/31/11
f 3722/50/19 3724/58/19 3726/48/19
f 3726/48/19 3728/61/19 3730/47/19
f 3730/47/19 3732/60/19 3734/46/19
f 3734/46/19 3736/59/19 3722/50/19
f 3722/50/19 3726/48/19 3730/47/19
f 3735/34/10 3736/35/10 3734/33/10
f 3721/36/9 3722/52/9 3736/35/9
f 3738/39/21 3768/53/21 3766/51/21
f 3766/51/21 3764/54/21 3762/37/21
f 3762/37/21 3760/55/21 3758/38/21
f 3758/38/21 3756/56/21 3738/39/21
f 3738/39/21 3766/51/21 3762/37/21
f 3740/21/27 3742/49/27 3741/22/27
f 3737/35/29 3767/52/29 3768/36/29
f 3742/49/26 3744/24/26 3743/25/26
f 3755/33/28 3737/35/28 3738/34/28
f 3744/24/24 3746/27/24 3745/26/24
f 3763/48/18 3765/58/18 3767/50/18
f 3767/50/18 3737/59/18 3755/46/18
f 3755/46/18 3757/60/18 3759/47/18
f 3759/47/18 3761/61/18 3763/48/18
f 3763/48/18 3767/50/18 3755/46/18
f 3746/27/22 3748/29/22 3747/28/22
f 3757/31/25 3755/33/25 3756/32/25
f 3759/29/23 3757/31/23 3758/30/23
f 3748/29/23 3750/31/23 3749/30/23
f 3761/27/22 3759/29/22 3760/28/22
f 3763/24/24 3761/27/24 3762/26/24
f 3750/31/25 3752/33/25 3751/32/25
f 3744/48/18 3742/58/18 3740/50/18
f 3740/50/18 3754/59/18 3752/46/18
f 3752/46/18 3750/60/18 3748/47/18
f 3748/47/18 3746/61/18 3744/48/18
f 3744/48/18 3740/50/18 3752/46/18
f 3765/49/26 3763/24/26 3764/25/26
f 3752/33/28 3754/35/28 3753/34/28
f 3767/21/27 3765/49/27 3766/22/27
f 3754/35/29 3740/52/29 3739/36/29
f 3753/39/21 3739/53/21 3741/51/21
f 3741/51/21 3743/54/21 3745/37/21
f 3745/37/21 3747/55/21 3749/38/21
f 3749/38/21 3751/56/21 3753/39/21
f 3753/39/21 3741/51/21 3745/37/21
f 3770/21/28 3772/49/28 3771/22/28
f 3771/22/29 3772/49/29 3774/24/29
f 3774/24/27 3776/27/27 3775/26/27
f 3776/27/26 3778/29/26 3777/28/26
f 3778/29/24 3780/31/24 3779/30/24
f 3780/31/22 3782/33/22 3781/32/22
f 3782/33/23 3784/35/23 3783/34/23
f 3784/35/25 3770/52/25 3769/36/25
f 3783/39/21 3769/53/21 3771/51/21
f 3771/51/21 3773/54/21 3775/37/21
f 3775/37/21 3777/55/21 3779/38/21
f 3779/38/21 3781/56/21 3783/39/21
f 3783/39/21 3771/51/21 3775/37/21
f 3786/40/17 3788/43/17 3787/41/17
f 3788/43/21 3792/26/21 3791/30/21
f 3792/26/19 3790/44/19 3789/45/19
f 3790/44/18 3786/27/18 3785/31/18
f 3802/21/28 3804/49/28 3803/22/28
f 3788/22/20 3786/57/20 3790/44/20
f 3794/40/17 3796/43/17 3795/41/17
f 3796/43/21 3800/26/21 3799/30/21
f 3800/26/19 3798/44/19 3797/45/19
f 3798/44/18 3794/27/18 3793/31/18
f 3804/49/29 3806/24/29 3805/25/29
f 3796/22/20 3794/57/20 3798/44/20
f 3806/24/27 3808/27/27 3807/26/27
f 3808/27/26 3810/29/26 3809/28/26
f 3810/29/24 3812/31/24 3811/30/24
f 3812/31/22 3814/33/22 3813/32/22
f 3806/48/18 3804/58/18 3802/50/18
f 3802/50/18 3816/59/18 3814/46/18
f 3814/46/18 3812/60/18 3810/47/18
f 3810/47/18 3808/61/18 3806/48/18
f 3806/48/18 3802/50/18 3814/46/18
f 3814/33/23 3816/35/23 3815/34/23
f 3816/35/25 3802/52/25 3801/36/25
f 3815/39/21 3801/53/21 3803/51/21
f 3803/51/21 3805/54/21 3807/37/21
f 3807/37/21 3809/55/21 3811/38/21
f 3811/38/21 3813/56/21 3815/39/21
f 3815/39/21 3803/51/21 3807/37/21
f 3818/21/28 3820/49/28 3819/22/28
f 3820/49/29 3822/24/29 3821/25/29
f 3822/24/34 3824/27/34 3823/26/34
f 3824/27/26 3826/29/26 3825/28/26
f 3826/29/24 3828/31/24 3827/30/24
f 3828/31/22 3830/33/22 3829/32/22
f 3822/48/18 3820/58/18 3818/50/18
f 3818/50/18 3832/59/18 3830/46/18
f 3830/46/18 3828/60/18 3826/47/18
f 3826/47/18 3824/61/18 3822/48/18
f 3822/48/18 3818/50/18 3830/46/18
f 3830/33/23 3832/35/23 3831/34/23
f 3832/35/25 3818/52/25 3817/36/25
f 3835/22/28 3836/49/28 3834/21/28
f 3835/22/29 3837/25/29 3838/24/29
f 3839/26/27 3840/27/27 3838/24/27
f 3841/28/26 3842/29/26 3840/27/26
f 3843/30/24 3844/31/24 3842/29/24
f 3845/32/22 3846/33/22 3844/31/22
f 3834/50/21 3836/58/21 3838/48/21
f 3838/48/21 3840/61/21 3842/47/21
f 3842/47/21 3844/60/21 3846/46/21
f 3846/46/21 3848/59/21 3834/50/21
f 3834/50/21 3838/48/21 3842/47/21
f 3847/34/23 3848/35/23 3846/33/23
f 3833/36/25 3834/52/25 3848/35/25
f 3835/51/18 3833/53/18 3847/39/18
f 3847/39/18 3845/56/18 3843/38/18
f 3843/38/18 3841/55/18 3839/37/18
f 3839/37/18 3837/54/18 3835/51/18
f 3835/51/18 3847/39/18 3843/38/18
f 3851/22/28 3852/49/28 3850/21/28
f 3853/25/29 3854/24/29 3852/49/29
f 3855/26/27 3856/27/27 3854/24/27
f 3857/28/26 3858/29/26 3856/27/26
f 3859/30/24 3860/31/24 3858/29/24
f 3861/32/22 3862/33/22 3860/31/22
f 3850/50/21 3852/58/21 3854/48/21
f 3854/48/21 3856/61/21 3858/47/21
f 3858/47/21 3860/60/21 3862/46/21
f 3862/46/21 3864/59/21 3850/50/21
f 3850/50/21 3854/48/21 3858/47/21
f 3863/34/23 3864/35/23 3862/33/23
f 3849/36/25 3850/52/25 3864/35/25
f 3866/39/17 3896/53/17 3894/51/17
f 3894/51/17 3892/54/17 3890/37/17
f 3890/37/17 3888/55/17 3886/38/17
f 3886/38/17 3884/56/17 3866/39/17
f 3866/39/17 3894/51/17 3890/37/17
f 3868/21/11 3870/49/11 3869/22/11
f 3865/35/10 3895/52/10 3896/36/10
f 3870/49/12 3872/24/12 3871/25/12
f 3883/33/9 3865/35/9 3866/34/9
f 3872/24/13 3874/27/13 3873/26/13
f 3891/48/37 3893/58/37 3895/50/37
f 3895/50/38 3865/59/38 3883/46/38
f 3883/46/38 3885/60/38 3887/47/38
f 3887/47/37 3889/61/37 3891/48/37
f 3891/48/19 3895/50/19 3883/46/19
f 3874/27/14 3876/29/14 3875/28/14
f 3885/31/16 3883/33/16 3884/32/16
f 3887/29/15 3885/31/15 3886/30/15
f 3876/29/15 3878/31/15 3877/30/15
f 3889/27/14 3887/29/14 3888/28/14
f 3891/24/13 3889/27/13 3890/26/13
f 3878/31/16 3880/33/16 3879/32/16
f 3872/48/37 3870/58/37 3868/50/37
f 3868/50/38 3882/59/38 3880/46/38
f 3880/46/38 3878/60/38 3876/47/38
f 3876/47/37 3874/61/37 3872/48/37
f 3872/48/19 3868/50/19 3880/46/19
f 3893/49/12 3891/24/12 3892/25/12
f 3880/33/9 3882/35/9 3881/34/9
f 3895/21/11 3893/49/11 3894/22/11
f 3882/35/10 3868/52/10 3867/36/10
f 3881/39/17 3867/53/17 3869/51/17
f 3869/51/17 3871/54/17 3873/37/17
f 3873/37/17 3875/55/17 3877/38/17
f 3877/38/17 3879/56/17 3881/39/17
f 3881/39/17 3869/51/17 3873/37/17
f 3898/40/21 3900/43/21 3899/41/21
f 3900/43/19 3904/26/19 3903/30/19
f 3904/26/18 3902/44/18 3901/45/18
f 3902/44/17 3898/27/17 3897/31/17
f 3900/22/20 3898/57/20 3902/44/20
f 3906/39/21 3936/53/21 3934/51/21
f 3934/51/21 3932/54/21 3930/37/21
f 3930/37/21 3928/55/21 3926/38/21
f 3926/38/21 3924/56/21 3906/39/21
f 3906/39/21 3934/51/21 3930/37/21
f 3908/21/27 3910/49/27 3909/22/27
f 3905/35/29 3935/52/29 3936/36/29
f 3910/49/26 3912/24/26 3911/25/26
f 3923/33/28 3905/35/28 3906/34/28
f 3912/24/24 3914/27/24 3913/26/24
f 3931/48/18 3933/58/18 3935/50/18
f 3935/50/18 3905/59/18 3923/46/18
f 3923/46/18 3925/60/18 3927/47/18
f 3927/47/18 3929/61/18 3931/48/18
f 3931/48/18 3935/50/18 3923/46/18
f 3914/27/22 3916/29/22 3915/28/22
f 3925/31/25 3923/33/25 3924/32/25
f 3927/29/23 3925/31/23 3926/30/23
f 3916/29/23 3918/31/23 3917/30/23
f 3929/27/22 3927/29/22 3928/28/22
f 3931/24/24 3929/27/24 3930/26/24
f 3918/31/25 3920/33/25 3919/32/25
f 3912/48/18 3910/58/18 3908/50/18
f 3908/50/18 3922/59/18 3920/46/18
f 3920/46/18 3918/60/18 3916/47/18
f 3916/47/18 3914/61/18 3912/48/18
f 3912/48/18 3908/50/18 3920/46/18
f 3933/49/26 3931/24/26 3932/25/26
f 3920/33/28 3922/35/28 3921/34/28
f 3935/21/27 3933/49/27 3934/22/27
f 3922/35/29 3908/52/29 3907/36/29
f 3921/39/21 3907/53/21 3909/51/21
f 3909/51/21 3911/54/21 3913/37/21
f 3913/37/21 3915/55/21 3917/38/21
f 3917/38/21 3919/56/21 3921/39/21
f 3921/39/21 3909/51/21 3913/37/21
f 3938/40/21 3940/43/21 3939/41/21
f 3940/43/19 3944/26/19 3943/30/19
f 3944/26/18 3942/44/18 3941/45/18
f 3942/44/17 3938/27/17 3937/31/17
f 3940/22/20 3938/57/20 3942/44/20
f 3946/40/17 3948/43/17 3947/41/17
f 3948/43/21 3952/26/21 3951/30/21
f 3952/26/19 3950/44/19 3949/45/19
f 3950/44/18 3946/27/18 3945/31/18
f 3948/22/20 3946/57/20 3950/44/20
f 3954/40/17 3956/43/17 3955/41/17
f 3956/43/21 3960/26/21 3959/30/21
f 3960/26/19 3958/44/19 3957/45/19
f 3958/44/18 3954/27/18 3953/31/18
f 3956/22/20 3954/57/20 3958/44/20
f 3962/39/17 3992/53/17 3990/51/17
f 3990/51/17 3988/54/17 3986/37/17
f 3986/37/17 3984/55/17 3982/38/17
f 3982/38/17 3980/56/17 3962/39/17
f 3962/39/17 3990/51/17 3986/37/17
f 3964/21/11 3966/49/11 3965/22/11
f 3961/35/10 3991/52/10 3992/36/10
f 3966/49/12 3968/24/12 3967/25/12
f 3979/33/9 3961/35/9 3962/34/9
f 3968/24/13 3970/27/13 3969/26/13
f 3987/48/37 3989/58/37 3991/50/37
f 3991/50/38 3961/59/38 3979/46/38
f 3979/46/38 3981/60/38 3983/47/38
f 3983/47/37 3985/61/37 3987/48/37
f 3987/48/19 3991/50/19 3979/46/19
f 3970/27/14 3972/29/14 3971/28/14
f 3981/31/16 3979/33/16 3980/32/16
f 3983/29/15 3981/31/15 3982/30/15
f 3972/29/15 3974/31/15 3973/30/15
f 3985/27/14 3983/29/14 3984/28/14
f 3987/24/13 3985/27/13 3986/26/13
f 3974/31/16 3976/33/16 3975/32/16
f 3968/48/37 3966/58/37 3964/50/37
f 3964/50/38 3978/59/38 3976/46/38
f 3976/46/38 3974/60/38 3972/47/38
f 3972/47/37 3970/61/37 3968/48/37
f 3968/48/19 3964/50/19 3976/46/19
f 3989/49/12 3987/24/12 3988/25/12
f 3976/33/9 3978/35/9 3977/34/9
f 3991/21/11 3989/49/11 3990/22/11
f 3978/35/10 3964/52/10 3963/36/10
f 3977/39/17 3963/53/17 3965/51/17
f 3965/51/17 3967/54/17 3969/37/17
f 3969/37/17 3971/55/17 3973/38/17
f 3973/38/17 3975/56/17 3977/39/17
f 3977/39/17 3965/51/17 3969/37/17
f 3947/41/32 3951/30/32 3949/45/32
f 3899/41/32 3903/30/32 3901/45/32
