# Blender 5.0.1
# www.blender.org
mtllib 2-Axle_Flatcar.mtl
o WheelFrame.005
v -1.068000 0.510000 2.090000
v -1.050000 0.690000 2.090000
v -0.910000 0.510000 2.090000
v -0.910000 0.690000 2.090000
v -0.900000 0.440000 2.180000
v -0.900000 0.500000 2.180000
v -0.840000 0.440000 2.180000
v -0.840000 0.500000 2.180000
v -0.900000 0.440000 2.110000
v -0.900000 0.500000 2.110000
v -0.840000 0.440000 2.110000
v -0.840000 0.500000 2.110000
v -0.840000 1.000000 2.070000
v -0.840000 1.000000 2.220000
v -0.900000 1.000000 2.220000
v -0.900000 1.000000 2.070000
v -0.970000 0.810000 2.340000
v -0.970000 1.000000 2.560000
v -0.970000 0.810000 2.320000
v -0.910000 0.810000 2.340000
v -0.910000 1.000000 2.560000
v -0.910000 0.810000 2.320000
v -0.970000 0.900000 2.500000
v -0.970000 1.000000 2.360000
v -0.910000 1.000000 2.360000
v -0.910000 0.900000 2.500000
v -0.900000 0.440000 2.000000
v -0.900000 0.500000 2.000000
v -0.840000 0.440000 2.000000
v -0.840000 0.500000 2.000000
v -1.068000 0.510000 2.000000
v -1.050000 0.690000 2.000000
v -0.910000 0.510000 2.000000
v -0.910000 0.690000 2.000000
v -0.970000 0.700000 2.000000
v -0.970000 0.820000 2.000000
v -0.910000 0.700000 2.000000
v -0.910000 0.820000 2.000000
v -1.030000 0.720000 2.000000
v -1.030000 0.720000 2.070000
v -1.019394 0.715607 2.000000
v -1.019394 0.715607 2.070000
v -1.015000 0.705000 2.000000
v -1.015000 0.705000 2.070000
v -1.019394 0.694393 2.000000
v -1.019394 0.694393 2.070000
v -1.030000 0.690000 2.000000
v -1.030000 0.690000 2.070000
v -1.040607 0.694393 2.000000
v -1.040607 0.694393 2.070000
v -1.045000 0.705000 2.000000
v -1.045000 0.705000 2.070000
v -1.040607 0.715607 2.000000
v -1.040607 0.715607 2.070000
v -1.049000 0.700000 2.050000
v -1.049000 0.700000 2.030000
v -1.031500 0.698000 2.050000
v -1.030500 0.723000 2.050000
v -1.031500 0.698000 2.030000
v -1.030500 0.723000 2.030000
v -1.057000 0.620000 2.030000
v -1.057000 0.620000 2.050000
v -1.067000 0.620000 2.030000
v -1.067000 0.620000 2.050000
v -1.020000 0.716000 2.030000
v -1.020000 0.716000 2.050000
v -1.030000 0.720000 2.028000
v -1.019394 0.715607 2.028000
v -1.015000 0.705000 2.028000
v -1.019394 0.694393 2.028000
v -1.030000 0.690000 2.028000
v -1.040607 0.694393 2.028000
v -1.045000 0.705000 2.028000
v -1.040607 0.715607 2.028000
v -1.030000 0.726580 2.000000
v -1.014741 0.720259 2.000000
v -1.014741 0.720259 2.028000
v -1.008420 0.705000 2.000000
v -1.008420 0.705000 2.028000
v -1.014741 0.689741 2.000000
v -1.014741 0.689741 2.028000
v -1.030000 0.683420 2.000000
v -1.030000 0.683420 2.028000
v -1.045259 0.689741 2.000000
v -1.045259 0.689741 2.028000
v -1.051580 0.705000 2.000000
v -1.051580 0.705000 2.028000
v -1.045259 0.720259 2.000000
v -1.045259 0.720259 2.028000
v -1.030000 0.726580 2.028000
v -0.977071 0.827071 2.040000
v -0.977071 0.827071 2.000000
v -0.902929 0.692929 2.040000
v -0.902929 0.692929 2.000000
v -0.902929 0.827071 2.000000
v -0.977071 0.692929 2.000000
v -0.977071 0.692929 2.040000
v -0.902929 0.827071 2.040000
v -0.910000 0.440000 2.110000
v -0.910000 0.440000 2.180000
v -0.910000 0.490000 2.180000
v -0.910000 0.440000 2.000000
v -0.910000 0.490000 2.110000
v -0.910000 0.490000 2.000000
v -0.920000 0.520000 2.125000
v -0.920000 0.680000 2.125000
v -0.910000 0.480000 2.152500
v -0.915000 0.480000 2.152500
v -0.915000 0.474697 2.154697
v -0.910000 0.474697 2.154697
v -0.915000 0.472500 2.160000
v -0.910000 0.472500 2.160000
v -0.915000 0.474697 2.165303
v -0.910000 0.474697 2.165303
v -0.915000 0.480000 2.167500
v -0.910000 0.480000 2.167500
v -0.915000 0.485303 2.165303
v -0.910000 0.485303 2.165303
v -0.915000 0.487500 2.160000
v -0.910000 0.487500 2.160000
v -0.915000 0.485303 2.154697
v -0.910000 0.485303 2.154697
v -0.930000 0.680000 2.125000
v -0.930000 0.520000 2.125000
v -0.920000 0.520000 2.120000
v -0.930000 0.520000 2.120000
v -0.930000 0.680000 2.120000
v -0.920000 0.680000 2.120000
v -0.920000 0.680000 2.105000
v -0.920000 0.520000 2.105000
v -0.920000 0.680000 2.110000
v -0.920000 0.520000 2.110000
v -0.930000 0.680000 2.105000
v -0.930000 0.520000 2.105000
v -0.930000 0.680000 2.110000
v -0.930000 0.520000 2.110000
v -0.900000 0.446000 2.180000
v -0.840000 0.446000 2.180000
v -0.840000 0.446000 2.110000
v -0.840000 0.446000 2.000000
v -0.910000 0.446000 2.180000
v -0.910000 0.446000 2.110000
v -0.910000 0.446000 2.000000
v -0.920000 0.440000 2.110000
v -0.920000 0.440000 2.180000
v -0.920000 0.440000 2.000000
v -0.920000 0.445000 2.110000
v -0.920000 0.445000 2.000000
v -0.920000 0.445000 2.180000
v -0.903750 0.530000 2.150000
v -0.903750 0.700000 2.150000
v -0.903750 0.530000 2.110000
v -0.903750 0.700000 2.110000
v -0.896250 0.530000 2.150000
v -0.896250 0.700000 2.150000
v -0.896250 0.530000 2.110000
v -0.896250 0.700000 2.110000
v -0.903750 0.530000 2.120000
v -0.903750 0.700000 2.120000
v -0.896250 0.530000 2.119000
v -0.896250 0.700000 2.119000
v -0.918750 0.700000 2.120000
v -0.918750 0.700000 2.110000
v -0.918750 0.530000 2.110000
v -0.918750 0.530000 2.120000
v -0.910000 0.590000 2.132500
v -0.915000 0.590000 2.132500
v -0.915000 0.584697 2.134697
v -0.910000 0.584697 2.134697
v -0.915000 0.582500 2.140000
v -0.910000 0.582500 2.140000
v -0.915000 0.584697 2.145303
v -0.910000 0.584697 2.145303
v -0.915000 0.590000 2.147500
v -0.910000 0.590000 2.147500
v -0.915000 0.595303 2.145303
v -0.910000 0.595303 2.145303
v -0.915000 0.597500 2.140000
v -0.910000 0.597500 2.140000
v -0.915000 0.595303 2.134697
v -0.910000 0.595303 2.134697
v -0.910000 0.555303 2.134697
v -0.915000 0.555303 2.134697
v -0.910000 0.557500 2.140000
v -0.915000 0.557500 2.140000
v -0.910000 0.555303 2.145303
v -0.915000 0.555303 2.145303
v -0.910000 0.550000 2.147500
v -0.915000 0.550000 2.147500
v -0.910000 0.544697 2.145303
v -0.915000 0.544697 2.145303
v -0.910000 0.542500 2.140000
v -0.915000 0.542500 2.140000
v -0.910000 0.544697 2.134697
v -0.915000 0.544697 2.134697
v -0.915000 0.550000 2.132500
v -0.910000 0.550000 2.132500
v -0.910000 0.645303 2.134697
v -0.915000 0.645303 2.134697
v -0.910000 0.647500 2.140000
v -0.915000 0.647500 2.140000
v -0.910000 0.645303 2.145303
v -0.915000 0.645303 2.145303
v -0.910000 0.640000 2.147500
v -0.915000 0.640000 2.147500
v -0.910000 0.634697 2.145303
v -0.915000 0.634697 2.145303
v -0.910000 0.632500 2.140000
v -0.915000 0.632500 2.140000
v -0.910000 0.634697 2.134697
v -0.915000 0.634697 2.134697
v -0.915000 0.640000 2.132500
v -0.910000 0.640000 2.132500
v -0.910000 0.680000 2.132500
v -0.915000 0.680000 2.132500
v -0.915000 0.674697 2.134697
v -0.910000 0.674697 2.134697
v -0.915000 0.672500 2.140000
v -0.910000 0.672500 2.140000
v -0.915000 0.674697 2.145303
v -0.910000 0.674697 2.145303
v -0.915000 0.680000 2.147500
v -0.910000 0.680000 2.147500
v -0.915000 0.685303 2.145303
v -0.910000 0.685303 2.145303
v -0.915000 0.687500 2.140000
v -0.910000 0.687500 2.140000
v -0.915000 0.685303 2.134697
v -0.910000 0.685303 2.134697
v -0.910000 0.485303 2.124697
v -0.915000 0.485303 2.124697
v -0.910000 0.487500 2.130000
v -0.915000 0.487500 2.130000
v -0.910000 0.485303 2.135303
v -0.915000 0.485303 2.135303
v -0.910000 0.480000 2.137500
v -0.915000 0.480000 2.137500
v -0.910000 0.474697 2.135303
v -0.915000 0.474697 2.135303
v -0.910000 0.472500 2.130000
v -0.915000 0.472500 2.130000
v -0.910000 0.474697 2.124697
v -0.915000 0.474697 2.124697
v -0.915000 0.480000 2.122500
v -0.910000 0.480000 2.122500
v -0.915000 0.680000 2.125000
v -0.915000 0.520000 2.125000
v -0.915000 0.680000 2.120000
v -0.915000 0.520000 2.120000
v -0.915000 0.680000 2.110000
v -0.915000 0.520000 2.110000
v -0.915000 0.680000 2.105000
v -0.915000 0.520000 2.105000
v -0.920000 0.680000 2.090000
v -0.920000 0.520000 2.090000
v -0.930000 0.680000 2.090000
v -0.930000 0.520000 2.090000
v -0.932000 0.670000 2.125000
v -0.932000 0.680000 2.125000
v -0.950000 0.670000 2.090000
v -0.950000 0.680000 2.090000
v -0.930000 0.670000 2.125000
v -0.930000 0.680000 2.125000
v -0.930000 0.670000 2.090000
v -0.930000 0.680000 2.090000
v -0.932000 0.520000 2.125000
v -0.932000 0.530000 2.125000
v -0.950000 0.520000 2.090000
v -0.950000 0.530000 2.090000
v -0.930000 0.520000 2.125000
v -0.930000 0.530000 2.125000
v -0.930000 0.520000 2.090000
v -0.930000 0.530000 2.090000
v -0.932000 0.595000 2.125000
v -0.932000 0.605000 2.125000
v -0.950000 0.595000 2.090000
v -0.950000 0.605000 2.090000
v -0.930000 0.595000 2.125000
v -0.930000 0.605000 2.125000
v -0.930000 0.595000 2.090000
v -0.930000 0.605000 2.090000
v -1.040998 0.688175 2.088291
v -1.043002 0.688288 2.088178
v -1.043002 0.687500 2.000000
v -1.040998 0.687500 2.000000
v -1.059098 0.510000 2.090000
v -1.061102 0.510000 2.090000
v -1.043002 0.690000 2.090000
v -1.040998 0.690000 2.090000
v -1.043002 0.690000 2.000000
v -1.040998 0.690000 2.000000
v -1.059098 0.510000 2.000000
v -1.061102 0.510000 2.000000
v -1.061102 0.512500 2.000000
v -1.059098 0.512500 2.000000
v -1.059098 0.511712 2.088178
v -1.061102 0.511825 2.088291
v -0.988000 0.827955 2.320045
v -0.988000 0.881000 2.281750
v -0.988000 0.873045 2.285045
v -0.988000 0.831250 2.328000
v -0.988000 0.869750 2.293000
v -0.988000 0.827955 2.335955
v -0.988000 0.873045 2.300955
v -0.988000 0.820000 2.339250
v -0.988000 0.881000 2.304250
v -0.988000 0.812045 2.335955
v -0.988000 0.808750 2.328000
v -0.988000 0.888955 2.300955
v -0.988000 0.812045 2.320045
v -0.988000 0.892250 2.293000
v -0.988000 0.888955 2.285045
v -0.988000 0.820000 2.316750
v -0.892000 0.881000 2.281750
v -0.892000 0.873045 2.285045
v -0.892000 0.869750 2.293000
v -0.892000 0.873045 2.300955
v -0.892000 0.881000 2.304250
v -0.892000 0.888955 2.300955
v -0.892000 0.892250 2.293000
v -0.892000 0.888955 2.285045
v -0.892000 0.820000 2.316750
v -0.892000 0.812045 2.320045
v -0.892000 0.808750 2.328000
v -0.892000 0.812045 2.335955
v -0.892000 0.820000 2.339250
v -0.892000 0.827955 2.335955
v -0.892000 0.831250 2.328000
v -0.892000 0.827955 2.320045
v -0.970000 0.700000 2.050000
v -0.970000 0.820000 2.050000
v -0.910000 0.700000 2.050000
v -0.910000 0.820000 2.050000
v -0.970000 0.830000 2.300000
v -0.970000 0.870000 2.300000
v -0.910000 0.870000 2.300000
v -0.910000 0.830000 2.300000
v -0.970000 0.700000 2.040000
v -0.910000 0.820000 2.040000
v -0.970000 0.820000 2.040000
v -0.910000 0.700000 2.040000
v -1.068000 0.510000 1.910000
v -1.050000 0.690000 1.910000
v -0.910000 0.510000 1.910000
v -0.910000 0.690000 1.910000
v -0.900000 0.440000 1.820000
v -0.900000 0.500000 1.820000
v -0.840000 0.440000 1.820000
v -0.840000 0.500000 1.820000
v -0.900000 0.440000 1.890000
v -0.900000 0.500000 1.890000
v -0.840000 0.440000 1.890000
v -0.840000 0.500000 1.890000
v -0.840000 1.000000 1.930000
v -0.840000 1.000000 1.780000
v -0.900000 1.000000 1.780000
v -0.900000 1.000000 1.930000
v -0.970000 0.810000 1.660000
v -0.970000 1.000000 1.440000
v -0.970000 0.810000 1.680000
v -0.910000 0.810000 1.660000
v -0.910000 1.000000 1.440000
v -0.910000 0.810000 1.680000
v -0.970000 0.900000 1.500000
v -0.970000 1.000000 1.640000
v -0.910000 1.000000 1.640000
v -0.910000 0.900000 1.500000
v -1.030000 0.720000 1.930000
v -1.019394 0.715607 1.930000
v -1.015000 0.705000 1.930000
v -1.019394 0.694393 1.930000
v -1.030000 0.690000 1.930000
v -1.040607 0.694393 1.930000
v -1.045000 0.705000 1.930000
v -1.040607 0.715607 1.930000
v -1.049000 0.700000 1.950000
v -1.049000 0.700000 1.970000
v -1.031500 0.698000 1.950000
v -1.030500 0.723000 1.950000
v -1.031500 0.698000 1.970000
v -1.030500 0.723000 1.970000
v -1.057000 0.620000 1.970000
v -1.057000 0.620000 1.950000
v -1.067000 0.620000 1.970000
v -1.067000 0.620000 1.950000
v -1.020000 0.716000 1.970000
v -1.020000 0.716000 1.950000
v -1.030000 0.720000 1.972000
v -1.019394 0.715607 1.972000
v -1.015000 0.705000 1.972000
v -1.019394 0.694393 1.972000
v -1.030000 0.690000 1.972000
v -1.040607 0.694393 1.972000
v -1.045000 0.705000 1.972000
v -1.040607 0.715607 1.972000
v -1.014741 0.720259 1.972000
v -1.008420 0.705000 1.972000
v -1.014741 0.689741 1.972000
v -1.030000 0.683420 1.972000
v -1.045259 0.689741 1.972000
v -1.051580 0.705000 1.972000
v -1.045259 0.720259 1.972000
v -1.030000 0.726580 1.972000
v -0.977071 0.827071 1.960000
v -0.902929 0.692929 1.960000
v -0.977071 0.692929 1.960000
v -0.902929 0.827071 1.960000
v -0.910000 0.440000 1.890000
v -0.910000 0.440000 1.820000
v -0.910000 0.490000 1.820000
v -0.910000 0.490000 1.890000
v -0.920000 0.520000 1.875000
v -0.920000 0.680000 1.875000
v -0.910000 0.480000 1.847500
v -0.915000 0.480000 1.847500
v -0.915000 0.474697 1.845303
v -0.910000 0.474697 1.845303
v -0.915000 0.472500 1.840000
v -0.910000 0.472500 1.840000
v -0.915000 0.474697 1.834697
v -0.910000 0.474697 1.834697
v -0.915000 0.480000 1.832500
v -0.910000 0.480000 1.832500
v -0.915000 0.485303 1.834697
v -0.910000 0.485303 1.834697
v -0.915000 0.487500 1.840000
v -0.910000 0.487500 1.840000
v -0.915000 0.485303 1.845303
v -0.910000 0.485303 1.845303
v -0.930000 0.680000 1.875000
v -0.930000 0.520000 1.875000
v -0.920000 0.520000 1.880000
v -0.930000 0.520000 1.880000
v -0.930000 0.680000 1.880000
v -0.920000 0.680000 1.880000
v -0.920000 0.680000 1.895000
v -0.920000 0.520000 1.895000
v -0.920000 0.680000 1.890000
v -0.920000 0.520000 1.890000
v -0.930000 0.680000 1.895000
v -0.930000 0.520000 1.895000
v -0.930000 0.680000 1.890000
v -0.930000 0.520000 1.890000
v -0.900000 0.446000 1.820000
v -0.840000 0.446000 1.820000
v -0.840000 0.446000 1.890000
v -0.910000 0.446000 1.820000
v -0.910000 0.446000 1.890000
v -0.920000 0.440000 1.890000
v -0.920000 0.440000 1.820000
v -0.920000 0.445000 1.890000
v -0.920000 0.445000 1.820000
v -0.903750 0.530000 1.850000
v -0.903750 0.700000 1.850000
v -0.903750 0.530000 1.890000
v -0.903750 0.700000 1.890000
v -0.896250 0.530000 1.850000
v -0.896250 0.700000 1.850000
v -0.896250 0.530000 1.890000
v -0.896250 0.700000 1.890000
v -0.903750 0.530000 1.880000
v -0.903750 0.700000 1.880000
v -0.896250 0.530000 1.881000
v -0.896250 0.700000 1.881000
v -0.918750 0.700000 1.880000
v -0.918750 0.700000 1.890000
v -0.918750 0.530000 1.890000
v -0.918750 0.530000 1.880000
v -0.910000 0.590000 1.867500
v -0.915000 0.590000 1.867500
v -0.915000 0.584697 1.865303
v -0.910000 0.584697 1.865303
v -0.915000 0.582500 1.860000
v -0.910000 0.582500 1.860000
v -0.915000 0.584697 1.854697
v -0.910000 0.584697 1.854697
v -0.915000 0.590000 1.852500
v -0.910000 0.590000 1.852500
v -0.915000 0.595303 1.854697
v -0.910000 0.595303 1.854697
v -0.915000 0.597500 1.860000
v -0.910000 0.597500 1.860000
v -0.915000 0.595303 1.865303
v -0.910000 0.595303 1.865303
v -0.910000 0.555303 1.865303
v -0.915000 0.555303 1.865303
v -0.910000 0.557500 1.860000
v -0.915000 0.557500 1.860000
v -0.910000 0.555303 1.854697
v -0.915000 0.555303 1.854697
v -0.910000 0.550000 1.852500
v -0.915000 0.550000 1.852500
v -0.910000 0.544697 1.854697
v -0.915000 0.544697 1.854697
v -0.910000 0.542500 1.860000
v -0.915000 0.542500 1.860000
v -0.910000 0.544697 1.865303
v -0.915000 0.544697 1.865303
v -0.915000 0.550000 1.867500
v -0.910000 0.550000 1.867500
v -0.910000 0.645303 1.865303
v -0.915000 0.645303 1.865303
v -0.910000 0.647500 1.860000
v -0.915000 0.647500 1.860000
v -0.910000 0.645303 1.854697
v -0.915000 0.645303 1.854697
v -0.910000 0.640000 1.852500
v -0.915000 0.640000 1.852500
v -0.910000 0.634697 1.854697
v -0.915000 0.634697 1.854697
v -0.910000 0.632500 1.860000
v -0.915000 0.632500 1.860000
v -0.910000 0.634697 1.865303
v -0.915000 0.634697 1.865303
v -0.915000 0.640000 1.867500
v -0.910000 0.640000 1.867500
v -0.910000 0.680000 1.867500
v -0.915000 0.680000 1.867500
v -0.915000 0.674697 1.865303
v -0.910000 0.674697 1.865303
v -0.915000 0.672500 1.860000
v -0.910000 0.672500 1.860000
v -0.915000 0.674697 1.854697
v -0.910000 0.674697 1.854697
v -0.915000 0.680000 1.852500
v -0.910000 0.680000 1.852500
v -0.915000 0.685303 1.854697
v -0.910000 0.685303 1.854697
v -0.915000 0.687500 1.860000
v -0.910000 0.687500 1.860000
v -0.915000 0.685303 1.865303
v -0.910000 0.685303 1.865303
v -0.910000 0.485303 1.875303
v -0.915000 0.485303 1.875303
v -0.910000 0.487500 1.870000
v -0.915000 0.487500 1.870000
v -0.910000 0.485303 1.864697
v -0.915000 0.485303 1.864697
v -0.910000 0.480000 1.862500
v -0.915000 0.480000 1.862500
v -0.910000 0.474697 1.864697
v -0.915000 0.474697 1.864697
v -0.910000 0.472500 1.870000
v -0.915000 0.472500 1.870000
v -0.910000 0.474697 1.875303
v -0.915000 0.474697 1.875303
v -0.915000 0.480000 1.877500
v -0.910000 0.480000 1.877500
v -0.915000 0.680000 1.875000
v -0.915000 0.520000 1.875000
v -0.915000 0.680000 1.880000
v -0.915000 0.520000 1.880000
v -0.915000 0.680000 1.890000
v -0.915000 0.520000 1.890000
v -0.915000 0.680000 1.895000
v -0.915000 0.520000 1.895000
v -0.920000 0.680000 1.910000
v -0.920000 0.520000 1.910000
v -0.930000 0.680000 1.910000
v -0.930000 0.520000 1.910000
v -0.932000 0.670000 1.875000
v -0.932000 0.680000 1.875000
v -0.950000 0.670000 1.910000
v -0.950000 0.680000 1.910000
v -0.930000 0.670000 1.875000
v -0.930000 0.680000 1.875000
v -0.930000 0.670000 1.910000
v -0.930000 0.680000 1.910000
v -0.932000 0.520000 1.875000
v -0.932000 0.530000 1.875000
v -0.950000 0.520000 1.910000
v -0.950000 0.530000 1.910000
v -0.930000 0.520000 1.875000
v -0.930000 0.530000 1.875000
v -0.930000 0.520000 1.910000
v -0.930000 0.530000 1.910000
v -0.932000 0.595000 1.875000
v -0.932000 0.605000 1.875000
v -0.950000 0.595000 1.910000
v -0.950000 0.605000 1.910000
v -0.930000 0.595000 1.875000
v -0.930000 0.605000 1.875000
v -0.930000 0.595000 1.910000
v -0.930000 0.605000 1.910000
v -1.040998 0.688175 1.911709
v -1.043002 0.688288 1.911821
v -1.059098 0.510000 1.910000
v -1.061102 0.510000 1.910000
v -1.043002 0.690000 1.910000
v -1.040998 0.690000 1.910000
v -1.059098 0.511712 1.911821
v -1.061102 0.511825 1.911709
v -0.988000 0.827955 1.679955
v -0.988000 0.881000 1.718250
v -0.988000 0.873045 1.714955
v -0.988000 0.831250 1.672000
v -0.988000 0.869750 1.707000
v -0.988000 0.827955 1.664045
v -0.988000 0.873045 1.699045
v -0.988000 0.820000 1.660750
v -0.988000 0.881000 1.695750
v -0.988000 0.812045 1.664045
v -0.988000 0.808750 1.672000
v -0.988000 0.888955 1.699045
v -0.988000 0.812045 1.679955
v -0.988000 0.892250 1.707000
v -0.988000 0.888955 1.714955
v -0.988000 0.820000 1.683250
v -0.892000 0.881000 1.718250
v -0.892000 0.873045 1.714955
v -0.892000 0.869750 1.707000
v -0.892000 0.873045 1.699045
v -0.892000 0.881000 1.695750
v -0.892000 0.888955 1.699045
v -0.892000 0.892250 1.707000
v -0.892000 0.888955 1.714955
v -0.892000 0.820000 1.683250
v -0.892000 0.812045 1.679955
v -0.892000 0.808750 1.672000
v -0.892000 0.812045 1.664045
v -0.892000 0.820000 1.660750
v -0.892000 0.827955 1.664045
v -0.892000 0.831250 1.672000
v -0.892000 0.827955 1.679955
v -0.970000 0.700000 1.950000
v -0.970000 0.820000 1.950000
v -0.910000 0.700000 1.950000
v -0.910000 0.820000 1.950000
v -0.970000 0.830000 1.700000
v -0.970000 0.870000 1.700000
v -0.910000 0.870000 1.700000
v -0.910000 0.830000 1.700000
v -0.970000 0.700000 1.960000
v -0.910000 0.820000 1.960000
v -0.970000 0.820000 1.960000
v -0.910000 0.700000 1.960000
v -0.722000 0.653889 1.578262
v -0.722000 0.570000 1.570000
v -0.722000 0.804605 1.640015
v -0.722000 0.734554 1.602732
v -0.722000 0.488102 1.578066
v -0.800000 0.792228 1.667412
v -0.800000 0.723073 1.630448
v -0.800000 0.648036 1.607686
v -0.800000 0.570000 1.600000
v -0.800000 0.491964 1.607686
v -0.730000 0.570000 1.570000
v -0.792000 0.570000 1.570000
v -0.790000 0.653889 1.578262
v -0.798000 0.488102 1.578066
v -0.798000 0.570000 1.570000
v -0.800000 0.653889 1.578262
v -0.798000 0.804605 1.640015
v -0.800000 0.734554 1.602732
v -0.728000 0.653889 1.578262
v -0.720000 0.491964 1.607686
v -0.720000 0.570000 1.600000
v -0.720000 0.648036 1.607686
v -0.720000 0.723073 1.630448
v -0.720000 0.792228 1.667412
v -0.728000 0.804605 1.640015
v -0.792000 0.804605 1.640015
v -0.792000 0.734554 1.602732
v -0.728000 0.734554 1.602732
v -0.792000 0.488102 1.578066
v -0.728000 0.488102 1.578066
v -0.790000 0.491964 1.607686
v -0.730000 0.491964 1.607686
v -0.790000 0.723073 1.630448
v -0.730000 0.723073 1.630448
v -0.730000 0.792228 1.667412
v -0.790000 0.792228 1.667412
v -0.790000 0.570000 1.600000
v -0.730000 0.570000 1.600000
v -0.730000 0.648036 1.607686
v -0.790000 0.648036 1.607686
v -0.720000 0.734554 1.602732
v -0.720000 0.806370 1.640954
v -0.720000 0.653889 1.578262
v -0.720000 0.570000 1.570000
v -0.720000 0.486111 1.578262
v -0.790000 0.806370 1.640954
v -0.800000 0.806370 1.640954
v -0.730000 0.486111 1.578262
v -0.730000 0.806370 1.640954
v -0.800000 0.486111 1.578262
v -0.800000 0.570000 1.570000
v -0.798000 0.653889 1.578262
v -0.798000 0.734554 1.602732
v -0.790000 0.486111 1.578262
v -0.792000 0.653889 1.578262
v -0.790000 0.734554 1.602732
v -0.730000 0.653889 1.578262
v -0.730000 0.734554 1.602732
v -0.790000 0.570000 1.570000
v -0.728000 0.570000 1.570000
v -0.792000 0.660717 1.543935
v -0.798000 0.660717 1.543935
v -0.728000 0.570000 1.535000
v -0.722000 0.570000 1.535000
v -0.728000 0.747919 1.570384
v -0.722000 0.747919 1.570384
v -0.798000 0.747919 1.570384
v -0.792000 0.747919 1.570384
v -0.798000 0.570000 1.535000
v -0.792000 0.570000 1.535000
v -0.722000 0.660717 1.543935
v -0.728000 0.660717 1.543935
v -0.722000 0.821049 1.609118
v -0.722000 0.484671 1.543235
v -0.792000 0.821049 1.609118
v -0.798000 0.821049 1.609118
v -0.728000 0.484671 1.543235
v -0.728000 0.821049 1.609118
v -0.798000 0.484671 1.543235
v -0.792000 0.484671 1.543235
v -0.815000 0.679546 1.571546
v -0.815000 0.683500 1.562000
v -0.815000 0.679546 1.552454
v -0.815000 0.670000 1.548500
v -0.815000 0.660454 1.552454
v -0.815000 0.656500 1.562000
v -0.815000 0.660454 1.571546
v -0.815000 0.670000 1.575500
v -0.705000 0.670000 1.575500
v -0.705000 0.660454 1.571546
v -0.705000 0.656500 1.562000
v -0.705000 0.660454 1.552454
v -0.705000 0.670000 1.548500
v -0.705000 0.679546 1.552454
v -0.705000 0.683500 1.562000
v -0.705000 0.679546 1.571546
v -0.814000 0.641287 1.549700
v -0.814000 0.660081 1.556541
v -0.814000 0.639919 1.553459
v -0.814000 0.658713 1.560300
v -0.810000 0.641287 1.549700
v -0.810000 0.660081 1.556541
v -0.810000 0.639919 1.553459
v -0.810000 0.658713 1.560300
v -0.815000 0.809546 1.551546
v -0.815000 0.813500 1.542000
v -0.815000 0.809546 1.532454
v -0.815000 0.800000 1.528500
v -0.815000 0.790454 1.532454
v -0.815000 0.786500 1.542000
v -0.815000 0.790454 1.551546
v -0.815000 0.800000 1.555500
v -0.705000 0.800000 1.555500
v -0.705000 0.790454 1.551546
v -0.705000 0.786500 1.542000
v -0.705000 0.790454 1.532454
v -0.705000 0.800000 1.528500
v -0.705000 0.809546 1.532454
v -0.705000 0.813500 1.542000
v -0.705000 0.809546 1.551546
v -0.815000 0.869546 1.539546
v -0.815000 0.873500 1.530000
v -0.815000 0.869546 1.520454
v -0.815000 0.860000 1.516500
v -0.815000 0.850454 1.520454
v -0.815000 0.846500 1.530000
v -0.815000 0.850454 1.539546
v -0.815000 0.860000 1.543500
v -0.645000 0.860000 1.543500
v -0.645000 0.850454 1.539546
v -0.645000 0.846500 1.530000
v -0.645000 0.850454 1.520454
v -0.645000 0.860000 1.516500
v -0.645000 0.869546 1.520454
v -0.645000 0.873500 1.530000
v -0.645000 0.869546 1.539546
v -0.980000 0.809199 2.339330
v -0.980000 0.829689 2.344820
v -0.980000 0.818307 2.346319
v -0.980000 0.890311 2.309820
v -0.980000 0.895801 2.289330
v -0.980000 0.897300 2.300712
v -0.980000 0.809689 2.310179
v -0.980000 0.804199 2.330670
v -0.980000 0.802700 2.319288
v -0.980000 0.890801 2.280670
v -0.980000 0.870311 2.275180
v -0.980000 0.881693 2.273681
v -0.970000 0.829689 2.344820
v -0.970000 0.809199 2.339330
v -0.970000 0.818307 2.346319
v -0.970000 0.895801 2.289330
v -0.970000 0.890311 2.309820
v -0.970000 0.897300 2.300712
v -0.970000 0.804199 2.330670
v -0.970000 0.809689 2.310179
v -0.970000 0.802700 2.319288
v -0.970000 0.870311 2.275180
v -0.970000 0.890801 2.280670
v -0.970000 0.881693 2.273681
v -1.041544 0.723850 2.050000
v -1.057993 0.710074 2.050000
v -1.052190 0.710633 2.050000
v -1.052557 0.720291 2.050000
v -1.057993 0.710074 2.030000
v -1.041544 0.723850 2.030000
v -1.052190 0.710633 2.030000
v -1.052557 0.720291 2.030000
v -0.910000 0.809199 2.339330
v -0.910000 0.829689 2.344820
v -0.910000 0.818307 2.346319
v -0.910000 0.890311 2.309820
v -0.910000 0.895801 2.289330
v -0.910000 0.897300 2.300712
v -0.910000 0.809689 2.310179
v -0.910000 0.804199 2.330670
v -0.910000 0.802700 2.319288
v -0.910000 0.890801 2.280670
v -0.910000 0.870311 2.275180
v -0.910000 0.881693 2.273681
v -0.900000 0.829689 2.344820
v -0.900000 0.809199 2.339330
v -0.900000 0.818307 2.346319
v -0.900000 0.895801 2.289330
v -0.900000 0.890311 2.309820
v -0.900000 0.897300 2.300712
v -0.900000 0.804199 2.330670
v -0.900000 0.809689 2.310179
v -0.900000 0.802700 2.319288
v -0.900000 0.870311 2.275180
v -0.900000 0.890801 2.280670
v -0.900000 0.881693 2.273681
v -0.980000 0.829689 1.655180
v -0.980000 0.809199 1.660670
v -0.980000 0.818307 1.653681
v -0.980000 0.895801 1.710670
v -0.980000 0.890311 1.690179
v -0.980000 0.897300 1.699288
v -0.980000 0.804199 1.669330
v -0.980000 0.809689 1.689821
v -0.980000 0.802700 1.680712
v -0.980000 0.870311 1.724820
v -0.980000 0.890801 1.719330
v -0.980000 0.881693 1.726319
v -0.970000 0.809199 1.660670
v -0.970000 0.829689 1.655180
v -0.970000 0.818307 1.653681
v -0.970000 0.890311 1.690179
v -0.970000 0.895801 1.710670
v -0.970000 0.897300 1.699288
v -0.970000 0.809689 1.689821
v -0.970000 0.804199 1.669330
v -0.970000 0.802700 1.680712
v -0.970000 0.890801 1.719330
v -0.970000 0.870311 1.724820
v -0.970000 0.881693 1.726319
v -1.057993 0.710074 1.950000
v -1.041544 0.723850 1.950000
v -1.052190 0.710633 1.950000
v -1.052557 0.720291 1.950000
v -1.041544 0.723850 1.970000
v -1.057993 0.710074 1.970000
v -1.052190 0.710633 1.970000
v -1.052557 0.720291 1.970000
v -0.910000 0.829689 1.655180
v -0.910000 0.809199 1.660670
v -0.910000 0.818307 1.653681
v -0.910000 0.895801 1.710670
v -0.910000 0.890311 1.690179
v -0.910000 0.897300 1.699288
v -0.910000 0.804199 1.669330
v -0.910000 0.809689 1.689821
v -0.910000 0.802700 1.680712
v -0.910000 0.870311 1.724820
v -0.910000 0.890801 1.719330
v -0.910000 0.881693 1.726319
v -0.900000 0.809199 1.660670
v -0.900000 0.829689 1.655180
v -0.900000 0.818307 1.653681
v -0.900000 0.890311 1.690179
v -0.900000 0.895801 1.710670
v -0.900000 0.897300 1.699288
v -0.900000 0.809689 1.689821
v -0.900000 0.804199 1.669330
v -0.900000 0.802700 1.680712
v -0.900000 0.890801 1.719330
v -0.900000 0.870311 1.724820
v -0.900000 0.881693 1.726319
v -0.810000 0.662818 1.545064
v -0.810000 0.650651 1.562441
v -0.810000 0.653136 1.551232
v -0.810000 0.877157 1.522502
v -0.810000 0.859780 1.510334
v -0.810000 0.870988 1.512819
v -0.810000 0.652387 1.572289
v -0.810000 0.669764 1.584456
v -0.810000 0.658556 1.581971
v -0.810000 0.866726 1.549727
v -0.810000 0.878893 1.532350
v -0.810000 0.876408 1.543558
v -0.800000 0.650651 1.562441
v -0.800000 0.662818 1.545064
v -0.800000 0.653136 1.551232
v -0.800000 0.859780 1.510334
v -0.800000 0.877157 1.522502
v -0.800000 0.870988 1.512819
v -0.800000 0.669764 1.584456
v -0.800000 0.652387 1.572289
v -0.800000 0.658556 1.581971
v -0.800000 0.878893 1.532350
v -0.800000 0.866726 1.549727
v -0.800000 0.876408 1.543558
v -0.720000 0.662818 1.545064
v -0.720000 0.650651 1.562441
v -0.720000 0.653136 1.551232
v -0.720000 0.877157 1.522502
v -0.720000 0.859780 1.510334
v -0.720000 0.870988 1.512819
v -0.720000 0.652387 1.572289
v -0.720000 0.669764 1.584456
v -0.720000 0.658556 1.581971
v -0.720000 0.866726 1.549727
v -0.720000 0.878893 1.532350
v -0.720000 0.876408 1.543558
v -0.710000 0.650651 1.562441
v -0.710000 0.662818 1.545064
v -0.710000 0.653136 1.551232
v -0.710000 0.859780 1.510334
v -0.710000 0.877157 1.522502
v -0.710000 0.870988 1.512819
v -0.710000 0.669764 1.584456
v -0.710000 0.652387 1.572289
v -0.710000 0.658556 1.581971
v -0.710000 0.878893 1.532350
v -0.710000 0.866726 1.549727
v -0.710000 0.876408 1.543558
v 1.068000 0.510000 2.090000
v 1.050000 0.690000 2.090000
v 0.910000 0.510000 2.090000
v 0.910000 0.690000 2.090000
v 0.900000 0.440000 2.180000
v 0.900000 0.500000 2.180000
v 0.840000 0.440000 2.180000
v 0.840000 0.500000 2.180000
v 0.900000 0.440000 2.110000
v 0.900000 0.500000 2.110000
v 0.840000 0.440000 2.110000
v 0.840000 0.500000 2.110000
v 0.840000 1.000000 2.070000
v 0.840000 1.000000 2.220000
v 0.900000 1.000000 2.220000
v 0.900000 1.000000 2.070000
v 0.970000 0.810000 2.340000
v 0.970000 1.000000 2.560000
v 0.970000 0.810000 2.320000
v 0.910000 0.810000 2.340000
v 0.910000 1.000000 2.560000
v 0.910000 0.810000 2.320000
v 0.970000 0.900000 2.500000
v 0.970000 1.000000 2.360000
v 0.910000 1.000000 2.360000
v 0.910000 0.900000 2.500000
v 0.900000 0.440000 2.000000
v 0.900000 0.500000 2.000000
v 0.840000 0.440000 2.000000
v 0.840000 0.500000 2.000000
v 1.068000 0.510000 2.000000
v 1.050000 0.690000 2.000000
v 0.910000 0.510000 2.000000
v 0.910000 0.690000 2.000000
v 0.970000 0.700000 2.000000
v 0.970000 0.820000 2.000000
v 0.910000 0.700000 2.000000
v 0.910000 0.820000 2.000000
v 1.030000 0.720000 2.000000
v 1.030000 0.720000 2.070000
v 1.019394 0.715607 2.000000
v 1.019394 0.715607 2.070000
v 1.015000 0.705000 2.000000
v 1.015000 0.705000 2.070000
v 1.019394 0.694393 2.000000
v 1.019394 0.694393 2.070000
v 1.030000 0.690000 2.000000
v 1.030000 0.690000 2.070000
v 1.040607 0.694393 2.000000
v 1.040607 0.694393 2.070000
v 1.045000 0.705000 2.000000
v 1.045000 0.705000 2.070000
v 1.040607 0.715607 2.000000
v 1.040607 0.715607 2.070000
v 1.049000 0.700000 2.050000
v 1.049000 0.700000 2.030000
v 1.031500 0.698000 2.050000
v 1.030500 0.723000 2.050000
v 1.031500 0.698000 2.030000
v 1.030500 0.723000 2.030000
v 1.057000 0.620000 2.030000
v 1.057000 0.620000 2.050000
v 1.067000 0.620000 2.030000
v 1.067000 0.620000 2.050000
v 1.020000 0.716000 2.030000
v 1.020000 0.716000 2.050000
v 1.030000 0.720000 2.028000
v 1.019394 0.715607 2.028000
v 1.015000 0.705000 2.028000
v 1.019394 0.694393 2.028000
v 1.030000 0.690000 2.028000
v 1.040607 0.694393 2.028000
v 1.045000 0.705000 2.028000
v 1.040607 0.715607 2.028000
v 1.030000 0.726580 2.000000
v 1.014741 0.720259 2.000000
v 1.014741 0.720259 2.028000
v 1.008420 0.705000 2.000000
v 1.008420 0.705000 2.028000
v 1.014741 0.689741 2.000000
v 1.014741 0.689741 2.028000
v 1.030000 0.683420 2.000000
v 1.030000 0.683420 2.028000
v 1.045259 0.689741 2.000000
v 1.045259 0.689741 2.028000
v 1.051580 0.705000 2.000000
v 1.051580 0.705000 2.028000
v 1.045259 0.720259 2.000000
v 1.045259 0.720259 2.028000
v 1.030000 0.726580 2.028000
v 0.977071 0.827071 2.040000
v 0.977071 0.827071 2.000000
v 0.902929 0.692929 2.040000
v 0.902929 0.692929 2.000000
v 0.902929 0.827071 2.000000
v 0.977071 0.692929 2.000000
v 0.977071 0.692929 2.040000
v 0.902929 0.827071 2.040000
v 0.910000 0.440000 2.110000
v 0.910000 0.440000 2.180000
v 0.910000 0.490000 2.180000
v 0.910000 0.440000 2.000000
v 0.910000 0.490000 2.110000
v 0.910000 0.490000 2.000000
v 0.920000 0.520000 2.125000
v 0.920000 0.680000 2.125000
v 0.910000 0.480000 2.152500
v 0.915000 0.480000 2.152500
v 0.915000 0.474697 2.154697
v 0.910000 0.474697 2.154697
v 0.915000 0.472500 2.160000
v 0.910000 0.472500 2.160000
v 0.915000 0.474697 2.165303
v 0.910000 0.474697 2.165303
v 0.915000 0.480000 2.167500
v 0.910000 0.480000 2.167500
v 0.915000 0.485303 2.165303
v 0.910000 0.485303 2.165303
v 0.915000 0.487500 2.160000
v 0.910000 0.487500 2.160000
v 0.915000 0.485303 2.154697
v 0.910000 0.485303 2.154697
v 0.930000 0.680000 2.125000
v 0.930000 0.520000 2.125000
v 0.920000 0.520000 2.120000
v 0.930000 0.520000 2.120000
v 0.930000 0.680000 2.120000
v 0.920000 0.680000 2.120000
v 0.920000 0.680000 2.105000
v 0.920000 0.520000 2.105000
v 0.920000 0.680000 2.110000
v 0.920000 0.520000 2.110000
v 0.930000 0.680000 2.105000
v 0.930000 0.520000 2.105000
v 0.930000 0.680000 2.110000
v 0.930000 0.520000 2.110000
v 0.900000 0.446000 2.180000
v 0.840000 0.446000 2.180000
v 0.840000 0.446000 2.110000
v 0.840000 0.446000 2.000000
v 0.910000 0.446000 2.180000
v 0.910000 0.446000 2.110000
v 0.910000 0.446000 2.000000
v 0.920000 0.440000 2.110000
v 0.920000 0.440000 2.180000
v 0.920000 0.440000 2.000000
v 0.920000 0.445000 2.110000
v 0.920000 0.445000 2.000000
v 0.920000 0.445000 2.180000
v 0.903750 0.530000 2.150000
v 0.903750 0.700000 2.150000
v 0.903750 0.530000 2.110000
v 0.903750 0.700000 2.110000
v 0.896250 0.530000 2.150000
v 0.896250 0.700000 2.150000
v 0.896250 0.530000 2.110000
v 0.896250 0.700000 2.110000
v 0.903750 0.530000 2.120000
v 0.903750 0.700000 2.120000
v 0.896250 0.530000 2.119000
v 0.896250 0.700000 2.119000
v 0.918750 0.700000 2.120000
v 0.918750 0.700000 2.110000
v 0.918750 0.530000 2.110000
v 0.918750 0.530000 2.120000
v 0.910000 0.590000 2.132500
v 0.915000 0.590000 2.132500
v 0.915000 0.584697 2.134697
v 0.910000 0.584697 2.134697
v 0.915000 0.582500 2.140000
v 0.910000 0.582500 2.140000
v 0.915000 0.584697 2.145303
v 0.910000 0.584697 2.145303
v 0.915000 0.590000 2.147500
v 0.910000 0.590000 2.147500
v 0.915000 0.595303 2.145303
v 0.910000 0.595303 2.145303
v 0.915000 0.597500 2.140000
v 0.910000 0.597500 2.140000
v 0.915000 0.595303 2.134697
v 0.910000 0.595303 2.134697
v 0.910000 0.555303 2.134697
v 0.915000 0.555303 2.134697
v 0.910000 0.557500 2.140000
v 0.915000 0.557500 2.140000
v 0.910000 0.555303 2.145303
v 0.915000 0.555303 2.145303
v 0.910000 0.550000 2.147500
v 0.915000 0.550000 2.147500
v 0.910000 0.544697 2.145303
v 0.915000 0.544697 2.145303
v 0.910000 0.542500 2.140000
v 0.915000 0.542500 2.140000
v 0.910000 0.544697 2.134697
v 0.915000 0.544697 2.134697
v 0.915000 0.550000 2.132500
v 0.910000 0.550000 2.132500
v 0.910000 0.645303 2.134697
v 0.915000 0.645303 2.134697
v 0.910000 0.647500 2.140000
v 0.915000 0.647500 2.140000
v 0.910000 0.645303 2.145303
v 0.915000 0.645303 2.145303
v 0.910000 0.640000 2.147500
v 0.915000 0.640000 2.147500
v 0.910000 0.634697 2.145303
v 0.915000 0.634697 2.145303
v 0.910000 0.632500 2.140000
v 0.915000 0.632500 2.140000
v 0.910000 0.634697 2.134697
v 0.915000 0.634697 2.134697
v 0.915000 0.640000 2.132500
v 0.910000 0.640000 2.132500
v 0.910000 0.680000 2.132500
v 0.915000 0.680000 2.132500
v 0.915000 0.674697 2.134697
v 0.910000 0.674697 2.134697
v 0.915000 0.672500 2.140000
v 0.910000 0.672500 2.140000
v 0.915000 0.674697 2.145303
v 0.910000 0.674697 2.145303
v 0.915000 0.680000 2.147500
v 0.910000 0.680000 2.147500
v 0.915000 0.685303 2.145303
v 0.910000 0.685303 2.145303
v 0.915000 0.687500 2.140000
v 0.910000 0.687500 2.140000
v 0.915000 0.685303 2.134697
v 0.910000 0.685303 2.134697
v 0.910000 0.485303 2.124697
v 0.915000 0.485303 2.124697
v 0.910000 0.487500 2.130000
v 0.915000 0.487500 2.130000
v 0.910000 0.485303 2.135303
v 0.915000 0.485303 2.135303
v 0.910000 0.480000 2.137500
v 0.915000 0.480000 2.137500
v 0.910000 0.474697 2.135303
v 0.915000 0.474697 2.135303
v 0.910000 0.472500 2.130000
v 0.915000 0.472500 2.130000
v 0.910000 0.474697 2.124697
v 0.915000 0.474697 2.124697
v 0.915000 0.480000 2.122500
v 0.910000 0.480000 2.122500
v 0.915000 0.680000 2.125000
v 0.915000 0.520000 2.125000
v 0.915000 0.680000 2.120000
v 0.915000 0.520000 2.120000
v 0.915000 0.680000 2.110000
v 0.915000 0.520000 2.110000
v 0.915000 0.680000 2.105000
v 0.915000 0.520000 2.105000
v 0.920000 0.680000 2.090000
v 0.920000 0.520000 2.090000
v 0.930000 0.680000 2.090000
v 0.930000 0.520000 2.090000
v 0.932000 0.670000 2.125000
v 0.932000 0.680000 2.125000
v 0.950000 0.670000 2.090000
v 0.950000 0.680000 2.090000
v 0.930000 0.670000 2.125000
v 0.930000 0.680000 2.125000
v 0.930000 0.670000 2.090000
v 0.930000 0.680000 2.090000
v 0.932000 0.520000 2.125000
v 0.932000 0.530000 2.125000
v 0.950000 0.520000 2.090000
v 0.950000 0.530000 2.090000
v 0.930000 0.520000 2.125000
v 0.930000 0.530000 2.125000
v 0.930000 0.520000 2.090000
v 0.930000 0.530000 2.090000
v 0.932000 0.595000 2.125000
v 0.932000 0.605000 2.125000
v 0.950000 0.595000 2.090000
v 0.950000 0.605000 2.090000
v 0.930000 0.595000 2.125000
v 0.930000 0.605000 2.125000
v 0.930000 0.595000 2.090000
v 0.930000 0.605000 2.090000
v 1.040998 0.688175 2.088291
v 1.043002 0.688288 2.088178
v 1.043002 0.687500 2.000000
v 1.040998 0.687500 2.000000
v 1.059098 0.510000 2.090000
v 1.061102 0.510000 2.090000
v 1.043002 0.690000 2.090000
v 1.040998 0.690000 2.090000
v 1.043002 0.690000 2.000000
v 1.040998 0.690000 2.000000
v 1.059098 0.510000 2.000000
v 1.061102 0.510000 2.000000
v 1.061102 0.512500 2.000000
v 1.059098 0.512500 2.000000
v 1.059098 0.511712 2.088178
v 1.061102 0.511825 2.088291
v 0.988000 0.827955 2.320045
v 0.988000 0.881000 2.281750
v 0.988000 0.873045 2.285045
v 0.988000 0.831250 2.328000
v 0.988000 0.869750 2.293000
v 0.988000 0.827955 2.335955
v 0.988000 0.873045 2.300955
v 0.988000 0.820000 2.339250
v 0.988000 0.881000 2.304250
v 0.988000 0.812045 2.335955
v 0.988000 0.808750 2.328000
v 0.988000 0.888955 2.300955
v 0.988000 0.812045 2.320045
v 0.988000 0.892250 2.293000
v 0.988000 0.888955 2.285045
v 0.988000 0.820000 2.316750
v 0.892000 0.881000 2.281750
v 0.892000 0.873045 2.285045
v 0.892000 0.869750 2.293000
v 0.892000 0.873045 2.300955
v 0.892000 0.881000 2.304250
v 0.892000 0.888955 2.300955
v 0.892000 0.892250 2.293000
v 0.892000 0.888955 2.285045
v 0.892000 0.820000 2.316750
v 0.892000 0.812045 2.320045
v 0.892000 0.808750 2.328000
v 0.892000 0.812045 2.335955
v 0.892000 0.820000 2.339250
v 0.892000 0.827955 2.335955
v 0.892000 0.831250 2.328000
v 0.892000 0.827955 2.320045
v 0.970000 0.700000 2.050000
v 0.970000 0.820000 2.050000
v 0.910000 0.700000 2.050000
v 0.910000 0.820000 2.050000
v 0.970000 0.830000 2.300000
v 0.970000 0.870000 2.300000
v 0.910000 0.870000 2.300000
v 0.910000 0.830000 2.300000
v 0.970000 0.700000 2.040000
v 0.910000 0.820000 2.040000
v 0.970000 0.820000 2.040000
v 0.910000 0.700000 2.040000
v 1.068000 0.510000 1.910000
v 1.050000 0.690000 1.910000
v 0.910000 0.510000 1.910000
v 0.910000 0.690000 1.910000
v 0.900000 0.440000 1.820000
v 0.900000 0.500000 1.820000
v 0.840000 0.440000 1.820000
v 0.840000 0.500000 1.820000
v 0.900000 0.440000 1.890000
v 0.900000 0.500000 1.890000
v 0.840000 0.440000 1.890000
v 0.840000 0.500000 1.890000
v 0.840000 1.000000 1.930000
v 0.840000 1.000000 1.780000
v 0.900000 1.000000 1.780000
v 0.900000 1.000000 1.930000
v 0.970000 0.810000 1.660000
v 0.970000 1.000000 1.440000
v 0.970000 0.810000 1.680000
v 0.910000 0.810000 1.660000
v 0.910000 1.000000 1.440000
v 0.910000 0.810000 1.680000
v 0.970000 0.900000 1.500000
v 0.970000 1.000000 1.640000
v 0.910000 1.000000 1.640000
v 0.910000 0.900000 1.500000
v 1.030000 0.720000 1.930000
v 1.019394 0.715607 1.930000
v 1.015000 0.705000 1.930000
v 1.019394 0.694393 1.930000
v 1.030000 0.690000 1.930000
v 1.040607 0.694393 1.930000
v 1.045000 0.705000 1.930000
v 1.040607 0.715607 1.930000
v 1.049000 0.700000 1.950000
v 1.049000 0.700000 1.970000
v 1.031500 0.698000 1.950000
v 1.030500 0.723000 1.950000
v 1.031500 0.698000 1.970000
v 1.030500 0.723000 1.970000
v 1.057000 0.620000 1.970000
v 1.057000 0.620000 1.950000
v 1.067000 0.620000 1.970000
v 1.067000 0.620000 1.950000
v 1.020000 0.716000 1.970000
v 1.020000 0.716000 1.950000
v 1.030000 0.720000 1.972000
v 1.019394 0.715607 1.972000
v 1.015000 0.705000 1.972000
v 1.019394 0.694393 1.972000
v 1.030000 0.690000 1.972000
v 1.040607 0.694393 1.972000
v 1.045000 0.705000 1.972000
v 1.040607 0.715607 1.972000
v 1.014741 0.720259 1.972000
v 1.008420 0.705000 1.972000
v 1.014741 0.689741 1.972000
v 1.030000 0.683420 1.972000
v 1.045259 0.689741 1.972000
v 1.051580 0.705000 1.972000
v 1.045259 0.720259 1.972000
v 1.030000 0.726580 1.972000
v 0.977071 0.827071 1.960000
v 0.902929 0.692929 1.960000
v 0.977071 0.692929 1.960000
v 0.902929 0.827071 1.960000
v 0.910000 0.440000 1.890000
v 0.910000 0.440000 1.820000
v 0.910000 0.490000 1.820000
v 0.910000 0.490000 1.890000
v 0.920000 0.520000 1.875000
v 0.920000 0.680000 1.875000
v 0.910000 0.480000 1.847500
v 0.915000 0.480000 1.847500
v 0.915000 0.474697 1.845303
v 0.910000 0.474697 1.845303
v 0.915000 0.472500 1.840000
v 0.910000 0.472500 1.840000
v 0.915000 0.474697 1.834697
v 0.910000 0.474697 1.834697
v 0.915000 0.480000 1.832500
v 0.910000 0.480000 1.832500
v 0.915000 0.485303 1.834697
v 0.910000 0.485303 1.834697
v 0.915000 0.487500 1.840000
v 0.910000 0.487500 1.840000
v 0.915000 0.485303 1.845303
v 0.910000 0.485303 1.845303
v 0.930000 0.680000 1.875000
v 0.930000 0.520000 1.875000
v 0.920000 0.520000 1.880000
v 0.930000 0.520000 1.880000
v 0.930000 0.680000 1.880000
v 0.920000 0.680000 1.880000
v 0.920000 0.680000 1.895000
v 0.920000 0.520000 1.895000
v 0.920000 0.680000 1.890000
v 0.920000 0.520000 1.890000
v 0.930000 0.680000 1.895000
v 0.930000 0.520000 1.895000
v 0.930000 0.680000 1.890000
v 0.930000 0.520000 1.890000
v 0.900000 0.446000 1.820000
v 0.840000 0.446000 1.820000
v 0.840000 0.446000 1.890000
v 0.910000 0.446000 1.820000
v 0.910000 0.446000 1.890000
v 0.920000 0.440000 1.890000
v 0.920000 0.440000 1.820000
v 0.920000 0.445000 1.890000
v 0.920000 0.445000 1.820000
v 0.903750 0.530000 1.850000
v 0.903750 0.700000 1.850000
v 0.903750 0.530000 1.890000
v 0.903750 0.700000 1.890000
v 0.896250 0.530000 1.850000
v 0.896250 0.700000 1.850000
v 0.896250 0.530000 1.890000
v 0.896250 0.700000 1.890000
v 0.903750 0.530000 1.880000
v 0.903750 0.700000 1.880000
v 0.896250 0.530000 1.881000
v 0.896250 0.700000 1.881000
v 0.918750 0.700000 1.880000
v 0.918750 0.700000 1.890000
v 0.918750 0.530000 1.890000
v 0.918750 0.530000 1.880000
v 0.910000 0.590000 1.867500
v 0.915000 0.590000 1.867500
v 0.915000 0.584697 1.865303
v 0.910000 0.584697 1.865303
v 0.915000 0.582500 1.860000
v 0.910000 0.582500 1.860000
v 0.915000 0.584697 1.854697
v 0.910000 0.584697 1.854697
v 0.915000 0.590000 1.852500
v 0.910000 0.590000 1.852500
v 0.915000 0.595303 1.854697
v 0.910000 0.595303 1.854697
v 0.915000 0.597500 1.860000
v 0.910000 0.597500 1.860000
v 0.915000 0.595303 1.865303
v 0.910000 0.595303 1.865303
v 0.910000 0.555303 1.865303
v 0.915000 0.555303 1.865303
v 0.910000 0.557500 1.860000
v 0.915000 0.557500 1.860000
v 0.910000 0.555303 1.854697
v 0.915000 0.555303 1.854697
v 0.910000 0.550000 1.852500
v 0.915000 0.550000 1.852500
v 0.910000 0.544697 1.854697
v 0.915000 0.544697 1.854697
v 0.910000 0.542500 1.860000
v 0.915000 0.542500 1.860000
v 0.910000 0.544697 1.865303
v 0.915000 0.544697 1.865303
v 0.915000 0.550000 1.867500
v 0.910000 0.550000 1.867500
v 0.910000 0.645303 1.865303
v 0.915000 0.645303 1.865303
v 0.910000 0.647500 1.860000
v 0.915000 0.647500 1.860000
v 0.910000 0.645303 1.854697
v 0.915000 0.645303 1.854697
v 0.910000 0.640000 1.852500
v 0.915000 0.640000 1.852500
v 0.910000 0.634697 1.854697
v 0.915000 0.634697 1.854697
v 0.910000 0.632500 1.860000
v 0.915000 0.632500 1.860000
v 0.910000 0.634697 1.865303
v 0.915000 0.634697 1.865303
v 0.915000 0.640000 1.867500
v 0.910000 0.640000 1.867500
v 0.910000 0.680000 1.867500
v 0.915000 0.680000 1.867500
v 0.915000 0.674697 1.865303
v 0.910000 0.674697 1.865303
v 0.915000 0.672500 1.860000
v 0.910000 0.672500 1.860000
v 0.915000 0.674697 1.854697
v 0.910000 0.674697 1.854697
v 0.915000 0.680000 1.852500
v 0.910000 0.680000 1.852500
v 0.915000 0.685303 1.854697
v 0.910000 0.685303 1.854697
v 0.915000 0.687500 1.860000
v 0.910000 0.687500 1.860000
v 0.915000 0.685303 1.865303
v 0.910000 0.685303 1.865303
v 0.910000 0.485303 1.875303
v 0.915000 0.485303 1.875303
v 0.910000 0.487500 1.870000
v 0.915000 0.487500 1.870000
v 0.910000 0.485303 1.864697
v 0.915000 0.485303 1.864697
v 0.910000 0.480000 1.862500
v 0.915000 0.480000 1.862500
v 0.910000 0.474697 1.864697
v 0.915000 0.474697 1.864697
v 0.910000 0.472500 1.870000
v 0.915000 0.472500 1.870000
v 0.910000 0.474697 1.875303
v 0.915000 0.474697 1.875303
v 0.915000 0.480000 1.877500
v 0.910000 0.480000 1.877500
v 0.915000 0.680000 1.875000
v 0.915000 0.520000 1.875000
v 0.915000 0.680000 1.880000
v 0.915000 0.520000 1.880000
v 0.915000 0.680000 1.890000
v 0.915000 0.520000 1.890000
v 0.915000 0.680000 1.895000
v 0.915000 0.520000 1.895000
v 0.920000 0.680000 1.910000
v 0.920000 0.520000 1.910000
v 0.930000 0.680000 1.910000
v 0.930000 0.520000 1.910000
v 0.932000 0.670000 1.875000
v 0.932000 0.680000 1.875000
v 0.950000 0.670000 1.910000
v 0.950000 0.680000 1.910000
v 0.930000 0.670000 1.875000
v 0.930000 0.680000 1.875000
v 0.930000 0.670000 1.910000
v 0.930000 0.680000 1.910000
v 0.932000 0.520000 1.875000
v 0.932000 0.530000 1.875000
v 0.950000 0.520000 1.910000
v 0.950000 0.530000 1.910000
v 0.930000 0.520000 1.875000
v 0.930000 0.530000 1.875000
v 0.930000 0.520000 1.910000
v 0.930000 0.530000 1.910000
v 0.932000 0.595000 1.875000
v 0.932000 0.605000 1.875000
v 0.950000 0.595000 1.910000
v 0.950000 0.605000 1.910000
v 0.930000 0.595000 1.875000
v 0.930000 0.605000 1.875000
v 0.930000 0.595000 1.910000
v 0.930000 0.605000 1.910000
v 1.040998 0.688175 1.911709
v 1.043002 0.688288 1.911821
v 1.059098 0.510000 1.910000
v 1.061102 0.510000 1.910000
v 1.043002 0.690000 1.910000
v 1.040998 0.690000 1.910000
v 1.059098 0.511712 1.911821
v 1.061102 0.511825 1.911709
v 0.988000 0.827955 1.679955
v 0.988000 0.881000 1.718250
v 0.988000 0.873045 1.714955
v 0.988000 0.831250 1.672000
v 0.988000 0.869750 1.707000
v 0.988000 0.827955 1.664045
v 0.988000 0.873045 1.699045
v 0.988000 0.820000 1.660750
v 0.988000 0.881000 1.695750
v 0.988000 0.812045 1.664045
v 0.988000 0.808750 1.672000
v 0.988000 0.888955 1.699045
v 0.988000 0.812045 1.679955
v 0.988000 0.892250 1.707000
v 0.988000 0.888955 1.714955
v 0.988000 0.820000 1.683250
v 0.892000 0.881000 1.718250
v 0.892000 0.873045 1.714955
v 0.892000 0.869750 1.707000
v 0.892000 0.873045 1.699045
v 0.892000 0.881000 1.695750
v 0.892000 0.888955 1.699045
v 0.892000 0.892250 1.707000
v 0.892000 0.888955 1.714955
v 0.892000 0.820000 1.683250
v 0.892000 0.812045 1.679955
v 0.892000 0.808750 1.672000
v 0.892000 0.812045 1.664045
v 0.892000 0.820000 1.660750
v 0.892000 0.827955 1.664045
v 0.892000 0.831250 1.672000
v 0.892000 0.827955 1.679955
v 0.970000 0.700000 1.950000
v 0.970000 0.820000 1.950000
v 0.910000 0.700000 1.950000
v 0.910000 0.820000 1.950000
v 0.970000 0.830000 1.700000
v 0.970000 0.870000 1.700000
v 0.910000 0.870000 1.700000
v 0.910000 0.830000 1.700000
v 0.970000 0.700000 1.960000
v 0.910000 0.820000 1.960000
v 0.970000 0.820000 1.960000
v 0.910000 0.700000 1.960000
v 0.722000 0.653889 1.578262
v 0.722000 0.570000 1.570000
v 0.722000 0.804605 1.640015
v 0.722000 0.734554 1.602732
v 0.722000 0.488102 1.578066
v 0.800000 0.792228 1.667412
v 0.800000 0.723073 1.630448
v 0.800000 0.648036 1.607686
v 0.800000 0.570000 1.600000
v 0.800000 0.491964 1.607686
v 0.730000 0.570000 1.570000
v 0.792000 0.570000 1.570000
v 0.790000 0.653889 1.578262
v 0.798000 0.488102 1.578066
v 0.798000 0.570000 1.570000
v 0.800000 0.653889 1.578262
v 0.798000 0.804605 1.640015
v 0.800000 0.734554 1.602732
v 0.728000 0.653889 1.578262
v 0.720000 0.491964 1.607686
v 0.720000 0.570000 1.600000
v 0.720000 0.648036 1.607686
v 0.720000 0.723073 1.630448
v 0.720000 0.792228 1.667412
v 0.728000 0.804605 1.640015
v 0.792000 0.804605 1.640015
v 0.792000 0.734554 1.602732
v 0.728000 0.734554 1.602732
v 0.792000 0.488102 1.578066
v 0.728000 0.488102 1.578066
v 0.790000 0.491964 1.607686
v 0.730000 0.491964 1.607686
v 0.790000 0.723073 1.630448
v 0.730000 0.723073 1.630448
v 0.730000 0.792228 1.667412
v 0.790000 0.792228 1.667412
v 0.790000 0.570000 1.600000
v 0.730000 0.570000 1.600000
v 0.730000 0.648036 1.607686
v 0.790000 0.648036 1.607686
v 0.720000 0.734554 1.602732
v 0.720000 0.806370 1.640954
v 0.720000 0.653889 1.578262
v 0.720000 0.570000 1.570000
v 0.720000 0.486111 1.578262
v 0.790000 0.806370 1.640954
v 0.800000 0.806370 1.640954
v 0.730000 0.486111 1.578262
v 0.730000 0.806370 1.640954
v 0.800000 0.486111 1.578262
v 0.800000 0.570000 1.570000
v 0.798000 0.653889 1.578262
v 0.798000 0.734554 1.602732
v 0.790000 0.486111 1.578262
v 0.792000 0.653889 1.578262
v 0.790000 0.734554 1.602732
v 0.730000 0.653889 1.578262
v 0.730000 0.734554 1.602732
v 0.790000 0.570000 1.570000
v 0.728000 0.570000 1.570000
v 0.792000 0.660717 1.543935
v 0.798000 0.660717 1.543935
v 0.728000 0.570000 1.535000
v 0.722000 0.570000 1.535000
v 0.728000 0.747919 1.570384
v 0.722000 0.747919 1.570384
v 0.798000 0.747919 1.570384
v 0.792000 0.747919 1.570384
v 0.798000 0.570000 1.535000
v 0.792000 0.570000 1.535000
v 0.722000 0.660717 1.543935
v 0.728000 0.660717 1.543935
v 0.722000 0.821049 1.609118
v 0.722000 0.484671 1.543235
v 0.792000 0.821049 1.609118
v 0.798000 0.821049 1.609118
v 0.728000 0.484671 1.543235
v 0.728000 0.821049 1.609118
v 0.798000 0.484671 1.543235
v 0.792000 0.484671 1.543235
v 0.815000 0.679546 1.571546
v 0.815000 0.683500 1.562000
v 0.815000 0.679546 1.552454
v 0.815000 0.670000 1.548500
v 0.815000 0.660454 1.552454
v 0.815000 0.656500 1.562000
v 0.815000 0.660454 1.571546
v 0.815000 0.670000 1.575500
v 0.705000 0.670000 1.575500
v 0.705000 0.660454 1.571546
v 0.705000 0.656500 1.562000
v 0.705000 0.660454 1.552454
v 0.705000 0.670000 1.548500
v 0.705000 0.679546 1.552454
v 0.705000 0.683500 1.562000
v 0.705000 0.679546 1.571546
v 0.814000 0.641287 1.549700
v 0.814000 0.660081 1.556541
v 0.814000 0.639919 1.553459
v 0.814000 0.658713 1.560300
v 0.810000 0.641287 1.549700
v 0.810000 0.660081 1.556541
v 0.810000 0.639919 1.553459
v 0.810000 0.658713 1.560300
v 0.815000 0.809546 1.551546
v 0.815000 0.813500 1.542000
v 0.815000 0.809546 1.532454
v 0.815000 0.800000 1.528500
v 0.815000 0.790454 1.532454
v 0.815000 0.786500 1.542000
v 0.815000 0.790454 1.551546
v 0.815000 0.800000 1.555500
v 0.705000 0.800000 1.555500
v 0.705000 0.790454 1.551546
v 0.705000 0.786500 1.542000
v 0.705000 0.790454 1.532454
v 0.705000 0.800000 1.528500
v 0.705000 0.809546 1.532454
v 0.705000 0.813500 1.542000
v 0.705000 0.809546 1.551546
v 0.815000 0.869546 1.539546
v 0.815000 0.873500 1.530000
v 0.815000 0.869546 1.520454
v 0.815000 0.860000 1.516500
v 0.815000 0.850454 1.520454
v 0.815000 0.846500 1.530000
v 0.815000 0.850454 1.539546
v 0.815000 0.860000 1.543500
v 0.645000 0.860000 1.543500
v 0.645000 0.850454 1.539546
v 0.645000 0.846500 1.530000
v 0.645000 0.850454 1.520454
v 0.645000 0.860000 1.516500
v 0.645000 0.869546 1.520454
v 0.645000 0.873500 1.530000
v 0.645000 0.869546 1.539546
v 0.980000 0.809199 2.339330
v 0.980000 0.829689 2.344820
v 0.980000 0.818307 2.346319
v 0.980000 0.890311 2.309820
v 0.980000 0.895801 2.289330
v 0.980000 0.897300 2.300712
v 0.980000 0.809689 2.310179
v 0.980000 0.804199 2.330670
v 0.980000 0.802700 2.319288
v 0.980000 0.890801 2.280670
v 0.980000 0.870311 2.275180
v 0.980000 0.881693 2.273681
v 0.970000 0.829689 2.344820
v 0.970000 0.809199 2.339330
v 0.970000 0.818307 2.346319
v 0.970000 0.895801 2.289330
v 0.970000 0.890311 2.309820
v 0.970000 0.897300 2.300712
v 0.970000 0.804199 2.330670
v 0.970000 0.809689 2.310179
v 0.970000 0.802700 2.319288
v 0.970000 0.870311 2.275180
v 0.970000 0.890801 2.280670
v 0.970000 0.881693 2.273681
v 1.041544 0.723850 2.050000
v 1.057993 0.710074 2.050000
v 1.052190 0.710633 2.050000
v 1.052557 0.720291 2.050000
v 1.057993 0.710074 2.030000
v 1.041544 0.723850 2.030000
v 1.052190 0.710633 2.030000
v 1.052557 0.720291 2.030000
v 0.910000 0.809199 2.339330
v 0.910000 0.829689 2.344820
v 0.910000 0.818307 2.346319
v 0.910000 0.890311 2.309820
v 0.910000 0.895801 2.289330
v 0.910000 0.897300 2.300712
v 0.910000 0.809689 2.310179
v 0.910000 0.804199 2.330670
v 0.910000 0.802700 2.319288
v 0.910000 0.890801 2.280670
v 0.910000 0.870311 2.275180
v 0.910000 0.881693 2.273681
v 0.900000 0.829689 2.344820
v 0.900000 0.809199 2.339330
v 0.900000 0.818307 2.346319
v 0.900000 0.895801 2.289330
v 0.900000 0.890311 2.309820
v 0.900000 0.897300 2.300712
v 0.900000 0.804199 2.330670
v 0.900000 0.809689 2.310179
v 0.900000 0.802700 2.319288
v 0.900000 0.870311 2.275180
v 0.900000 0.890801 2.280670
v 0.900000 0.881693 2.273681
v 0.980000 0.829689 1.655180
v 0.980000 0.809199 1.660670
v 0.980000 0.818307 1.653681
v 0.980000 0.895801 1.710670
v 0.980000 0.890311 1.690179
v 0.980000 0.897300 1.699288
v 0.980000 0.804199 1.669330
v 0.980000 0.809689 1.689821
v 0.980000 0.802700 1.680712
v 0.980000 0.870311 1.724820
v 0.980000 0.890801 1.719330
v 0.980000 0.881693 1.726319
v 0.970000 0.809199 1.660670
v 0.970000 0.829689 1.655180
v 0.970000 0.818307 1.653681
v 0.970000 0.890311 1.690179
v 0.970000 0.895801 1.710670
v 0.970000 0.897300 1.699288
v 0.970000 0.809689 1.689821
v 0.970000 0.804199 1.669330
v 0.970000 0.802700 1.680712
v 0.970000 0.890801 1.719330
v 0.970000 0.870311 1.724820
v 0.970000 0.881693 1.726319
v 1.057993 0.710074 1.950000
v 1.041544 0.723850 1.950000
v 1.052190 0.710633 1.950000
v 1.052557 0.720291 1.950000
v 1.041544 0.723850 1.970000
v 1.057993 0.710074 1.970000
v 1.052190 0.710633 1.970000
v 1.052557 0.720291 1.970000
v 0.910000 0.829689 1.655180
v 0.910000 0.809199 1.660670
v 0.910000 0.818307 1.653681
v 0.910000 0.895801 1.710670
v 0.910000 0.890311 1.690179
v 0.910000 0.897300 1.699288
v 0.910000 0.804199 1.669330
v 0.910000 0.809689 1.689821
v 0.910000 0.802700 1.680712
v 0.910000 0.870311 1.724820
v 0.910000 0.890801 1.719330
v 0.910000 0.881693 1.726319
v 0.900000 0.809199 1.660670
v 0.900000 0.829689 1.655180
v 0.900000 0.818307 1.653681
v 0.900000 0.890311 1.690179
v 0.900000 0.895801 1.710670
v 0.900000 0.897300 1.699288
v 0.900000 0.809689 1.689821
v 0.900000 0.804199 1.669330
v 0.900000 0.802700 1.680712
v 0.900000 0.890801 1.719330
v 0.900000 0.870311 1.724820
v 0.900000 0.881693 1.726319
v 0.810000 0.662818 1.545064
v 0.810000 0.650651 1.562441
v 0.810000 0.653136 1.551232
v 0.810000 0.877157 1.522502
v 0.810000 0.859780 1.510334
v 0.810000 0.870988 1.512819
v 0.810000 0.652387 1.572289
v 0.810000 0.669764 1.584456
v 0.810000 0.658556 1.581971
v 0.810000 0.866726 1.549727
v 0.810000 0.878893 1.532350
v 0.810000 0.876408 1.543558
v 0.800000 0.650651 1.562441
v 0.800000 0.662818 1.545064
v 0.800000 0.653136 1.551232
v 0.800000 0.859780 1.510334
v 0.800000 0.877157 1.522502
v 0.800000 0.870988 1.512819
v 0.800000 0.669764 1.584456
v 0.800000 0.652387 1.572289
v 0.800000 0.658556 1.581971
v 0.800000 0.878893 1.532350
v 0.800000 0.866726 1.549727
v 0.800000 0.876408 1.543558
v 0.720000 0.662818 1.545064
v 0.720000 0.650651 1.562441
v 0.720000 0.653136 1.551232
v 0.720000 0.877157 1.522502
v 0.720000 0.859780 1.510334
v 0.720000 0.870988 1.512819
v 0.720000 0.652387 1.572289
v 0.720000 0.669764 1.584456
v 0.720000 0.658556 1.581971
v 0.720000 0.866726 1.549727
v 0.720000 0.878893 1.532350
v 0.720000 0.876408 1.543558
v 0.710000 0.650651 1.562441
v 0.710000 0.662818 1.545064
v 0.710000 0.653136 1.551232
v 0.710000 0.859780 1.510334
v 0.710000 0.877157 1.522502
v 0.710000 0.870988 1.512819
v 0.710000 0.669764 1.584456
v 0.710000 0.652387 1.572289
v 0.710000 0.658556 1.581971
v 0.710000 0.878893 1.532350
v 0.710000 0.866726 1.549727
v 0.710000 0.876408 1.543558
vn 1.0000 -0.0000 -0.0000
vn -0.0000 1.0000 -0.0000
vn -0.0000 -0.0000 1.0000
vn -0.0000 -1.0000 -0.0000
vn -1.0000 -0.0000 -0.0000
vn -0.0000 -0.0797 -0.9968
vn -0.0000 -0.0797 0.9968
vn -0.0000 -0.5145 0.8575
vn -0.0000 -0.8716 0.4903
vn -0.0000 0.2060 -0.9785
vn -0.7071 0.7071 -0.0000
vn -0.9950 0.0995 -0.0000
vn 0.3827 0.9239 -0.0000
vn 0.9239 0.3827 -0.0000
vn 0.9239 -0.3827 -0.0000
vn 0.3827 -0.9239 -0.0000
vn -0.3827 -0.9239 -0.0000
vn -0.9239 -0.3827 -0.0000
vn -0.9239 0.3827 -0.0000
vn -0.3827 0.9239 -0.0000
vn -0.1135 -0.9935 -0.0000
vn 0.9950 -0.0995 -0.0000
vn 0.5547 0.8320 -0.0000
vn -0.0000 -0.0000 -1.0000
vn -0.0000 0.3827 -0.9239
vn -0.0000 0.9239 -0.3827
vn -0.0000 0.9239 0.3827
vn -0.0000 0.3827 0.9239
vn -0.0000 -0.3827 0.9239
vn -0.0000 -0.9239 0.3827
vn -0.0000 -0.3827 -0.9239
vn -0.0000 -0.9239 -0.3827
vn -0.0995 0.9950 -0.0000
vn -0.8893 -0.0000 0.4573
vn -0.8893 -0.0000 0.4574
vn -0.0000 1.0000 -0.0089
vn -0.9903 0.1015 0.0953
vn -0.0000 -1.0000 -0.0089
vn -0.0560 0.0051 0.9984
vn 0.9902 -0.1015 0.0955
vn -0.0000 -0.8872 0.4614
vn -0.0000 0.9806 -0.1961
vn -0.0000 -0.5145 -0.8575
vn -0.0000 -0.8716 -0.4903
vn -0.0000 0.2060 0.9785
vn -0.8893 -0.0000 -0.4573
vn -0.8893 -0.0000 -0.4574
vn -0.0000 1.0000 0.0089
vn -0.9894 0.0995 0.1062
vn -0.0000 -1.0000 0.0089
vn 0.0560 -0.0051 -0.9984
vn 0.9894 -0.0995 0.1062
vn -0.0000 -0.8872 -0.4614
vn -0.0000 0.9806 0.1961
vn -0.0000 -0.0980 0.9952
vn -0.0000 -0.4714 0.8819
vn -0.0000 0.0980 0.9952
vn -0.0000 -0.2903 0.9569
vn -0.0000 -0.9808 0.1951
vn -0.0000 0.8828 0.4698
vn -0.0000 -0.9952 0.0980
vn -0.0000 0.8819 0.4714
vn -0.0000 0.2903 -0.9569
vn -0.0000 -0.0980 -0.9952
vn -0.0000 0.4698 -0.8828
vn -0.0000 0.0980 -0.9952
vn -0.0000 0.4698 -0.8827
vn -0.0000 0.4681 -0.8837
vn -0.0000 -0.0961 -0.9954
vn -0.0000 -0.3420 0.9397
vn -0.0000 0.3420 -0.9397
vn -0.0000 -0.9397 -0.3420
vn -0.0000 -0.9914 0.1305
vn -0.0000 -0.7933 -0.6088
vn -0.0000 0.6088 -0.7934
vn -0.0000 -0.1305 -0.9914
vn -0.0000 -0.6088 0.7934
vn -0.0000 0.1305 0.9914
vn -0.0000 0.9914 -0.1305
vn -0.0000 0.7933 0.6088
vn -0.3075 0.9516 -0.0000
vn -0.8828 0.4697 -0.0000
vn -0.0000 -0.7934 -0.6088
vn -0.0000 0.7934 0.6088
vn -0.0000 -0.7933 0.6088
vn -0.0000 -0.9914 -0.1305
vn -0.0000 -0.1305 0.9914
vn -0.0000 0.6088 0.7933
vn -0.0000 0.1305 -0.9914
vn -0.0000 -0.6088 -0.7933
vn -0.0000 0.7933 -0.6088
vn -0.0000 0.9914 0.1305
vn -0.3074 0.9516 -0.0000
vn -0.0000 -0.7934 0.6088
vn -0.0000 0.6088 0.7934
vn -0.0000 -0.6088 -0.7934
vn -0.0000 0.7934 -0.6088
vn -0.0000 -0.2164 0.9763
vn -0.0000 -0.8434 0.5373
vn -0.0000 0.5373 0.8434
vn -0.0000 0.9763 0.2164
vn -0.0000 -0.5373 -0.8434
vn -0.0000 -0.9763 -0.2164
vn -0.0000 0.2164 -0.9763
vn -0.0000 0.8434 -0.5373
vn -0.0000 -0.8660 0.5000
vn -0.0000 0.5000 0.8660
vn -0.0000 0.8660 -0.5000
vn -0.0000 -0.5000 -0.8660
vn 0.0767 0.9971 -0.0000
vn -0.0000 -0.8660 -0.5000
vn -0.0000 0.5000 -0.8660
vn -0.0000 0.8660 0.5000
vn -0.0000 -0.5000 0.8660
vn -0.0000 -0.9848 0.1736
vn -0.0000 -0.1737 -0.9848
vn -0.0000 0.9848 -0.1736
vn -0.0000 0.1736 0.9848
vn -0.0000 -0.1736 -0.9848
vn 0.7071 0.7071 -0.0000
vn 0.9950 0.0995 -0.0000
vn 0.1135 -0.9935 -0.0000
vn -0.9950 -0.0995 -0.0000
vn -0.5547 0.8320 -0.0000
vn 0.0995 0.9950 -0.0000
vn 0.8893 -0.0000 0.4573
vn 0.8893 -0.0000 0.4574
vn 0.9894 0.0995 -0.1062
vn -0.0560 -0.0051 0.9984
vn -0.9894 -0.0995 -0.1062
vn 0.8893 -0.0000 -0.4573
vn 0.8893 -0.0000 -0.4574
vn 0.9903 0.1015 -0.0953
vn 0.0560 0.0051 -0.9984
vn -0.9902 -0.1015 -0.0955
vn -0.0000 0.4699 -0.8827
vn 0.3075 0.9516 -0.0000
vn 0.8828 0.4697 -0.0000
vn 0.3074 0.9516 -0.0000
vn -0.0767 0.9971 -0.0000
vn 0.5547 0.8321 -0.0000
vn 0.0565 0.9984 -0.0076
vn -0.9894 0.0995 -0.1062
vn -0.0565 -0.9984 -0.0076
vn 0.0560 -0.0051 0.9984
vn 0.9894 -0.0995 -0.1062
vn 0.0565 0.9984 0.0076
vn -0.9903 0.1015 -0.0953
vn -0.0565 -0.9984 0.0076
vn -0.0560 0.0051 -0.9984
vn 0.9902 -0.1015 -0.0955
vn -0.0000 0.2902 -0.9570
vn -0.0000 0.2903 -0.9570
vn -0.0000 0.6088 -0.7933
vn -0.0000 -0.6088 0.7933
vn -0.0000 0.1737 0.9848
vn -0.5547 0.8321 -0.0000
vn -0.0565 0.9984 -0.0076
vn 0.9903 0.1015 0.0953
vn 0.0565 -0.9984 -0.0076
vn 0.0560 0.0051 0.9984
vn -0.9902 -0.1015 0.0955
vn -0.0565 0.9984 0.0076
vn 0.9894 0.0995 0.1062
vn 0.0565 -0.9984 0.0076
vn -0.0560 -0.0051 -0.9984
vn -0.9894 -0.0995 0.1062
vt 0.625000 0.625000
vt 0.375000 0.750000
vt 0.375000 0.625000
vt 0.875000 0.625000
vt 0.864065 0.750000
vt 0.864065 0.625000
vt 0.375000 0.989085
vt 0.625000 1.000000
vt 0.375000 1.000000
vt 0.860698 0.750000
vt 0.625000 0.750000
vt 0.625000 0.666667
vt 0.500000 0.750000
vt 0.500000 0.666667
vt 0.500000 1.000000
vt 0.375000 0.666667
vt 0.125000 0.750000
vt 0.125000 0.666667
vt 0.625000 0.000000
vt 0.625000 0.083333
vt 0.125000 0.625000
vt 0.500000 0.625000
vt 0.875000 0.666667
vt 0.500000 0.000000
vt 0.500000 0.250000
vt 0.625000 0.500000
vt 0.375000 0.500000
vt 0.125000 0.500000
vt 0.875000 0.500000
vt 0.500000 0.500000
vt 0.375000 0.250000
vt 0.375000 0.000000
vt 0.375000 0.125000
vt 1.000000 0.675000
vt 0.875000 1.000000
vt 0.875000 0.675000
vt 0.750000 0.675000
vt 0.750000 1.000000
vt 0.625000 0.675000
vt 0.500000 0.675000
vt 0.375000 0.675000
vt 0.250000 0.675000
vt 0.010000 0.250000
vt 0.250000 0.010000
vt 0.490000 0.250000
vt 0.250000 1.000000
vt 0.125000 0.675000
vt 0.000000 1.000000
vt 0.000000 0.675000
vt 0.000000 0.000000
vt 0.000000 0.500000
vt 0.250000 0.500000
vt 0.750000 0.500000
vt 1.000000 0.500000
vt 0.625000 0.031250
vt 0.375000 0.031250
vt 0.625000 0.718750
vt 0.375000 0.718750
vt 0.125000 0.718750
vt 0.500000 0.083333
vt 0.500000 0.125000
vt 0.125000 1.000000
vt 0.625000 0.250000
vt 0.875000 0.750000
vt 1.000000 1.000000
vt 0.919706 0.080294
vt 0.580294 0.080294
vt 0.580294 0.419706
vt 0.375000 0.125000
vt 0.375000 0.083333
vt 0.625000 0.212500
vt 0.375000 0.212500
vt 0.125000 0.537500
vt 0.875000 0.537500
vt 0.625000 0.537500
vt 0.375000 0.537500
vt 0.860698 0.625000
vt 0.139085 0.750000
vt 0.139085 0.625000
vt 0.135915 0.750000
vt 0.375000 0.985915
vt 0.625000 0.985698
vt 0.135915 0.625000
vt 0.625000 0.989065
vt 0.250000 0.490000
vt 0.919706 0.419706
vt 0.875000 0.718750
vt 0.125000 0.593750
vt 0.378661 0.509153
vt 0.375000 0.593750
vt 0.380492 0.236271
vt 0.412500 0.500000
vt 0.625000 0.593750
vt 0.875000 0.593750
vt 0.621339 0.509153
vt 0.587500 0.250000
vt 0.619508 0.236271
vt 0.375000 0.656250
vt 0.125000 0.656250
vt 0.378661 0.740847
vt 0.412500 1.000000
vt 0.875000 0.656250
vt 0.621339 0.740847
vt 0.625000 0.656250
vt 0.587500 0.750000
vt 0.731194 0.500000
vt 0.731194 0.750000
vt 0.587500 0.250000
vt 0.412500 0.250000
vt 0.587500 0.500000
vt 0.619508 0.236271
vt 0.412500 0.750000
vt 0.378661 0.740847
vt 0.587500 1.000000
vt 0.621339 0.740847
vt 0.587500 0.750000
vt 0.731194 0.750000
vt 0.587500 0.500000
vt 0.391304 0.250000
vt 0.376592 0.509153
vt 0.391304 0.500000
vt 0.375000 0.593750
vt 0.608696 0.500000
vt 0.622612 0.236271
vt 0.608696 0.250000
vt 0.623408 0.509153
vt 0.875000 0.593750
vt 0.391304 0.750000
vt 0.391304 1.000000
vt 0.376592 0.740847
vt 0.125000 0.656250
vt 0.608696 1.000000
vt 0.623408 0.740847
vt 0.608696 0.750000
vt 0.625000 0.656250
vt 0.608696 0.250000
vt 0.587500 0.000000
vt 0.375000 0.156250
vt 0.481326 1.000000
vt 0.481326 0.250000
vt 0.731194 0.500000
vt 0.625000 0.856194
vt 0.625000 0.393806
vt 0.481326 0.250000
vt 0.125000 0.593750
vt 0.375000 0.156250
vt 0.608696 0.000000
vt 0.625000 0.593750
vt 0.625000 0.093750
vt 0.385984 0.027459
vt 0.481326 1.000000
vt 0.625000 0.093750
vt 0.379775 0.027459
vt 0.625000 0.125000
vt 0.419706 0.419706
vt 0.080294 0.419706
vt 0.080294 0.080294
vt 0.419706 0.080294
vt 0.750000 0.490000
vt 0.990000 0.250000
vt 0.750000 0.010000
vt 0.510000 0.250000
vt 0.587500 1.000000
vt 0.377388 0.236271
vt 0.875000 0.656250
vt 0.375000 0.093750
vt 0.412500 0.000000
vt 0.614017 0.027458
vt 0.625000 0.156250
vt 0.614017 0.027458
vt 0.391304 0.000000
vt 0.625000 0.156250
vt 0.620225 0.027459
s 0
f 34/1/1 3/2/1 33/3/1
f 32/4/2 288/5/2 290/6/2
f 287/7/3 2/8/3 1/9/3
f 34/1/2 289/10/2 4/11/2
f 12/12/1 138/13/1 139/14/1
f 8/11/3 137/15/3 138/13/3
f 11/16/4 5/17/4 9/18/4
f 6/19/5 16/20/5 10/20/5
f 28/4/2 12/12/2 30/1/2
f 29/3/4 9/18/4 27/21/4
f 30/1/1 139/14/1 140/22/1
f 137/15/3 100/9/3 5/9/3
f 16/23/2 14/11/2 13/12/2
f 10/23/6 13/12/6 12/12/6
f 12/12/1 14/11/1 8/11/1
f 8/11/7 15/8/7 6/8/7
f 23/24/5 18/19/5 24/25/5
f 25/26/1 21/11/1 26/13/1
f 21/11/8 23/15/8 26/13/8
f 22/27/4 17/17/4 19/28/4
f 24/29/2 21/11/2 25/26/2
f 26/13/9 17/9/9 20/2/9
f 25/30/1 20/2/1 22/27/1
f 24/25/10 22/27/10 19/31/10
f 17/32/5 24/25/5 19/31/5
f 10/20/11 101/19/11 6/19/11
f 2/19/12 31/33/12 1/32/12
f 67/34/13 42/35/13 68/36/13
f 42/35/14 69/37/14 68/36/14
f 44/38/15 70/39/15 69/37/15
f 46/8/16 71/40/16 70/39/16
f 48/15/17 72/41/17 71/40/17
f 50/9/18 73/42/18 72/41/18
f 52/43/3 48/44/3 44/45/3
f 52/46/19 74/47/19 73/42/19
f 74/47/20 40/48/20 67/49/20
f 59/27/21 55/17/21 56/28/21
f 55/17/22 61/28/22 56/28/22
f 62/17/4 63/28/4 61/28/4
f 58/11/23 65/26/23 60/26/23
f 59/27/24 60/26/24 65/26/24
f 58/11/3 57/2/3 66/11/3
f 73/42/3 89/47/3 87/42/3
f 49/50/24 82/50/24 84/50/24
f 74/47/3 90/49/3 89/47/3
f 68/36/3 90/34/3 67/34/3
f 51/50/24 88/50/24 53/50/24
f 43/50/24 76/50/24 78/50/24
f 69/37/3 77/36/3 68/36/3
f 69/37/3 81/39/3 79/37/3
f 89/47/20 75/51/20 88/28/20
f 87/42/19 88/28/19 86/52/19
f 85/41/18 86/52/18 84/27/18
f 83/40/17 84/27/17 82/30/17
f 81/39/16 82/30/16 80/26/16
f 79/37/15 80/26/15 78/53/15
f 77/36/14 78/53/14 76/29/14
f 90/34/13 76/29/13 75/54/13
f 43/50/24 80/50/24 45/50/24
f 53/50/24 75/50/24 39/50/24
f 73/42/3 85/41/3 72/41/3
f 41/50/24 75/50/24 76/50/24
f 72/41/3 83/40/3 71/40/3
f 51/50/24 84/50/24 86/50/24
f 70/39/3 83/40/3 81/39/3
f 45/50/24 82/50/24 47/50/24
f 37/50/24 96/50/24 35/50/24
f 35/50/24 92/50/24 36/50/24
f 91/55/5 96/33/5 97/56/5
f 92/4/2 98/57/2 95/1/2
f 96/21/4 93/58/4 97/59/4
f 95/1/1 93/58/1 94/3/1
f 38/50/24 94/50/24 37/50/24
f 36/50/24 95/50/24 38/50/24
f 101/19/5 142/60/5 141/24/5
f 103/20/5 143/61/5 142/60/5
f 137/15/3 101/8/3 141/15/3
f 28/4/11 103/23/11 10/23/11
f 9/18/4 102/21/4 27/21/4
f 5/17/4 99/18/4 9/18/4
f 131/8/1 125/9/1 132/9/1
f 122/62/25 108/51/25 121/28/25
f 136/26/5 127/29/5 135/29/5
f 120/46/26 121/28/26 119/52/26
f 125/26/4 247/26/4 105/26/4
f 118/9/27 119/52/27 117/27/27
f 133/19/2 131/31/2 129/32/2
f 116/15/28 117/27/28 115/30/28
f 130/63/4 136/27/4 134/31/4
f 114/8/29 115/30/29 113/26/29
f 135/63/2 128/31/2 131/31/2
f 112/38/30 113/26/30 111/53/30
f 131/31/2 252/32/2 129/32/2
f 133/64/5 257/11/5 134/11/5
f 107/65/31 109/29/31 108/54/31
f 135/29/5 134/11/5 136/26/5
f 110/35/32 111/53/32 109/29/32
f 113/66/5 117/67/5 121/68/5
f 102/50/24 148/50/24 143/50/24
f 100/9/3 149/15/3 145/9/3
f 140/22/1 11/16/1 29/3/1
f 138/13/3 5/9/3 7/2/3
f 139/14/1 7/2/1 11/16/1
f 147/60/5 146/69/5 144/70/5
f 149/24/5 144/70/5 145/32/5
f 142/60/33 149/24/33 141/24/33
f 99/18/4 146/21/4 102/21/4
f 100/17/4 144/18/4 99/18/4
f 143/61/33 147/60/33 142/60/33
f 159/71/3 165/72/3 158/72/3
f 153/63/24 156/27/24 152/31/24
f 155/11/3 150/9/3 154/2/3
f 158/73/4 154/2/4 150/17/4
f 159/74/2 155/11/2 161/75/2
f 153/29/2 161/75/2 157/26/2
f 152/28/4 160/76/4 158/73/4
f 151/19/5 158/72/5 150/32/5
f 162/71/5 164/31/5 165/72/5
f 152/31/24 163/63/24 153/63/24
f 158/73/4 164/28/4 152/28/4
f 153/29/2 162/74/2 159/74/2
f 181/62/25 167/51/25 180/28/25
f 179/46/26 180/28/26 178/52/26
f 177/9/27 178/52/27 176/27/27
f 175/15/28 176/27/28 174/30/28
f 173/8/29 174/30/29 172/26/29
f 171/38/30 172/26/30 170/53/30
f 166/65/31 168/29/31 167/54/31
f 169/35/32 170/53/32 168/29/32
f 172/66/5 176/67/5 180/68/5
f 191/66/5 187/67/5 183/68/5
f 194/35/32 193/53/32 195/29/32
f 197/65/31 195/29/31 196/54/31
f 192/38/30 191/26/30 193/53/30
f 190/8/29 189/30/29 191/26/29
f 188/15/28 187/27/28 189/30/28
f 186/9/27 185/52/27 187/27/27
f 184/46/26 183/28/26 185/52/26
f 182/62/25 196/51/25 183/28/25
f 207/66/5 203/67/5 199/68/5
f 210/35/32 209/53/32 211/29/32
f 213/65/31 211/29/31 212/54/31
f 208/38/30 207/26/30 209/53/30
f 206/8/29 205/30/29 207/26/29
f 204/15/28 203/27/28 205/30/28
f 202/9/27 201/52/27 203/27/27
f 200/46/26 199/28/26 201/52/26
f 198/62/25 212/51/25 199/28/25
f 229/62/25 215/51/25 228/28/25
f 227/46/26 228/28/26 226/52/26
f 225/9/27 226/52/27 224/27/27
f 223/15/28 224/27/28 222/30/28
f 221/8/29 222/30/29 220/26/29
f 219/38/30 220/26/30 218/53/30
f 214/65/31 216/29/31 215/54/31
f 217/35/32 218/53/32 216/29/32
f 220/66/5 224/67/5 228/68/5
f 239/66/5 235/67/5 231/68/5
f 242/35/32 241/53/32 243/29/32
f 245/65/31 243/29/31 244/54/31
f 240/38/30 239/26/30 241/53/30
f 238/8/29 237/30/29 239/26/29
f 236/15/28 235/27/28 237/30/28
f 234/9/27 233/52/27 235/27/27
f 232/46/26 231/28/26 233/52/26
f 230/62/25 244/51/25 231/28/25
f 132/26/4 126/27/4 136/27/4
f 106/26/3 124/2/3 105/27/3
f 126/26/5 123/29/5 127/29/5
f 127/63/2 106/31/2 128/31/2
f 125/26/4 124/27/4 126/27/4
f 248/8/1 247/9/1 249/9/1
f 252/11/1 251/9/1 253/2/1
f 132/9/3 250/8/3 131/8/3
f 128/8/24 249/9/24 125/9/24
f 130/63/4 251/26/4 132/26/4
f 105/27/3 246/26/3 106/26/3
f 106/31/2 248/31/2 128/31/2
f 129/2/24 253/17/24 130/17/24
f 256/27/24 255/17/24 257/28/24
f 129/32/2 256/19/2 133/19/2
f 134/31/4 255/63/4 130/63/4
f 130/17/1 254/2/1 129/2/1
f 259/19/34 260/31/34 258/32/34
f 271/11/3 266/9/3 270/2/3
f 267/19/35 268/31/35 266/32/35
f 263/11/3 258/9/3 262/2/3
f 264/27/4 258/17/4 260/28/4
f 265/26/2 259/64/2 263/11/2
f 272/27/4 266/17/4 268/28/4
f 273/26/2 267/64/2 271/11/2
f 279/11/3 274/9/3 278/2/3
f 275/19/34 276/31/34 274/32/34
f 280/27/4 274/17/4 276/28/4
f 281/26/2 275/64/2 279/11/2
f 283/5/36 285/77/36 284/6/36
f 33/3/4 286/78/4 292/79/4
f 31/21/4 287/80/4 1/17/4
f 286/81/37 282/82/37 296/81/37
f 290/50/3 285/50/3 291/50/3
f 292/50/3 294/50/3 293/50/3
f 3/2/3 289/82/3 286/81/3
f 296/78/38 294/83/38 295/79/38
f 283/84/39 296/81/39 282/82/39
f 293/83/1 297/80/1 287/80/1
f 292/79/5 296/78/5 295/79/5
f 291/77/5 282/10/5 289/10/5
f 290/6/1 283/5/1 284/6/1
f 288/84/40 297/7/40 283/84/40
f 313/65/31 323/35/31 310/35/31
f 303/9/27 328/46/27 301/46/27
f 307/8/29 326/15/29 305/15/29
f 303/9/28 326/15/28 327/9/28
f 298/62/25 322/48/25 313/48/25
f 308/38/30 325/8/30 307/8/30
f 310/35/32 324/38/32 308/38/32
f 307/66/5 303/67/5 298/68/5
f 304/66/5 309/67/5 312/68/5
f 302/38/32 315/35/32 316/38/32
f 302/38/30 317/8/30 304/8/30
f 312/62/25 314/48/25 299/48/25
f 309/9/28 318/15/28 319/9/28
f 304/8/29 318/15/29 306/15/29
f 309/9/27 320/46/27 311/46/27
f 299/65/31 315/35/31 300/35/31
f 311/46/26 321/62/26 312/62/26
f 316/38/1 314/48/1 320/46/1
f 301/46/26 329/62/26 298/62/26
f 324/38/1 322/48/1 328/46/1
f 331/19/5 334/32/5 335/19/5
f 339/57/1 332/2/1 341/58/1
f 341/58/4 330/17/4 338/59/4
f 339/57/2 331/64/2 333/11/2
f 336/11/3 334/9/3 337/2/3
f 332/2/41 334/17/41 330/17/41
f 331/64/42 336/11/42 333/11/42
f 333/11/1 337/2/1 332/2/1
f 331/19/5 338/56/5 330/32/5
f 97/59/3 98/57/3 91/59/3
f 344/2/1 34/1/1 33/3/1
f 589/5/2 32/4/2 290/6/2
f 588/7/24 343/8/24 589/84/24
f 34/1/2 590/10/2 291/77/2
f 445/13/1 353/12/1 446/14/1
f 444/15/24 349/11/24 445/13/24
f 346/17/4 352/16/4 350/18/4
f 357/20/5 347/19/5 351/20/5
f 353/12/2 28/4/2 30/1/2
f 350/18/4 29/3/4 27/21/4
f 446/14/1 30/1/1 140/22/1
f 409/9/24 444/15/24 346/9/24
f 355/11/2 357/23/2 354/12/2
f 354/12/7 351/23/7 353/12/7
f 355/11/1 353/12/1 349/11/1
f 356/8/6 349/11/6 347/8/6
f 364/24/5 365/25/5 359/19/5
f 366/26/1 367/13/1 362/11/1
f 364/15/43 362/11/43 367/13/43
f 358/17/4 363/27/4 360/28/4
f 362/11/2 365/29/2 366/26/2
f 358/9/44 367/13/44 361/2/44
f 361/2/1 366/30/1 363/27/1
f 363/27/45 365/25/45 360/31/45
f 358/32/5 365/25/5 364/24/5
f 410/19/11 351/20/11 347/19/11
f 31/33/12 343/19/12 342/32/12
f 389/36/13 368/65/13 388/34/13
f 390/37/14 369/35/14 389/36/14
f 391/39/15 370/38/15 390/37/15
f 392/40/16 371/8/16 391/39/16
f 393/41/17 372/15/17 392/40/17
f 394/42/18 373/9/18 393/41/18
f 372/44/24 374/43/24 368/85/24
f 395/47/19 374/46/19 394/42/19
f 395/47/20 368/48/20 375/62/20
f 376/17/21 380/27/21 377/28/21
f 382/28/22 376/17/22 377/28/22
f 384/28/4 383/17/4 382/28/4
f 386/26/23 379/11/23 381/26/23
f 380/27/3 386/26/3 381/26/3
f 379/11/24 387/11/24 378/2/24
f 394/42/24 402/47/24 395/47/24
f 395/47/24 403/49/24 388/49/24
f 403/34/24 389/36/24 388/34/24
f 396/36/24 390/37/24 389/36/24
f 390/37/24 398/39/24 391/39/24
f 75/51/20 402/47/20 88/28/20
f 88/28/19 401/42/19 86/52/19
f 86/52/18 400/41/18 84/27/18
f 84/27/17 399/40/17 82/30/17
f 82/30/16 398/39/16 80/26/16
f 80/26/15 397/37/15 78/53/15
f 78/53/14 396/36/14 76/29/14
f 76/29/13 403/34/13 75/54/13
f 400/41/24 394/42/24 393/41/24
f 399/40/24 393/41/24 392/40/24
f 391/39/24 399/40/24 392/40/24
f 96/33/5 404/55/5 406/56/5
f 407/57/2 92/4/2 95/1/2
f 96/21/4 405/58/4 94/3/4
f 405/58/1 95/1/1 94/3/1
f 448/60/5 410/19/5 447/24/5
f 143/61/5 411/20/5 448/60/5
f 444/15/24 410/8/24 347/8/24
f 411/23/11 28/4/11 351/23/11
f 102/21/4 350/18/4 27/21/4
f 408/18/4 346/17/4 350/18/4
f 432/9/1 438/8/1 439/9/1
f 415/51/28 429/62/28 428/28/28
f 434/29/5 443/26/5 442/29/5
f 428/28/27 427/46/27 426/52/27
f 550/26/4 432/26/4 412/26/4
f 426/52/26 425/9/26 424/27/26
f 438/31/2 440/19/2 436/32/2
f 424/27/25 423/15/25 422/30/25
f 443/27/4 437/63/4 441/31/4
f 422/30/31 421/8/31 420/26/31
f 435/31/2 442/63/2 438/31/2
f 420/26/32 419/38/32 418/53/32
f 555/32/2 438/31/2 436/32/2
f 560/11/5 440/64/5 441/11/5
f 416/29/29 414/65/29 415/54/29
f 441/11/5 442/29/5 443/26/5
f 418/53/30 417/35/30 416/29/30
f 424/67/5 420/66/5 416/86/5
f 409/9/24 452/15/24 447/15/24
f 352/16/1 140/22/1 29/3/1
f 346/9/24 445/13/24 348/2/24
f 348/2/1 446/14/1 352/16/1
f 146/69/5 451/60/5 449/70/5
f 449/70/5 452/24/5 450/32/5
f 452/24/33 448/60/33 447/24/33
f 146/21/4 408/18/4 102/21/4
f 449/18/4 409/17/4 408/18/4
f 451/60/33 143/61/33 448/60/33
f 468/72/24 462/71/24 461/72/24
f 459/27/3 456/63/3 455/31/3
f 453/9/24 458/11/24 457/2/24
f 461/73/4 457/2/4 463/76/4
f 458/11/2 462/74/2 464/75/2
f 464/75/2 456/29/2 460/26/2
f 455/28/4 463/76/4 459/27/4
f 461/72/5 454/19/5 453/32/5
f 467/31/5 465/71/5 468/72/5
f 466/63/3 455/31/3 456/63/3
f 467/28/4 461/73/4 455/28/4
f 465/74/2 456/29/2 462/74/2
f 470/51/28 484/62/28 483/28/28
f 483/28/27 482/46/27 481/52/27
f 481/52/26 480/9/26 479/27/26
f 479/27/25 478/15/25 477/30/25
f 477/30/31 476/8/31 475/26/31
f 475/26/32 474/38/32 473/53/32
f 471/29/29 469/65/29 470/54/29
f 473/53/30 472/35/30 471/29/30
f 479/67/5 475/66/5 471/86/5
f 490/67/5 494/66/5 498/86/5
f 496/53/30 497/35/30 498/29/30
f 498/29/29 500/65/29 499/54/29
f 494/26/32 495/38/32 496/53/32
f 492/30/31 493/8/31 494/26/31
f 490/27/25 491/15/25 492/30/25
f 488/52/26 489/9/26 490/27/26
f 486/28/27 487/46/27 488/52/27
f 499/51/28 485/62/28 486/28/28
f 506/67/5 510/66/5 514/86/5
f 512/53/30 513/35/30 514/29/30
f 514/29/29 516/65/29 515/54/29
f 510/26/32 511/38/32 512/53/32
f 508/30/31 509/8/31 510/26/31
f 506/27/25 507/15/25 508/30/25
f 504/52/26 505/9/26 506/27/26
f 502/28/27 503/46/27 504/52/27
f 515/51/28 501/62/28 502/28/28
f 518/51/28 532/62/28 531/28/28
f 531/28/27 530/46/27 529/52/27
f 529/52/26 528/9/26 527/27/26
f 527/27/25 526/15/25 525/30/25
f 525/30/31 524/8/31 523/26/31
f 523/26/32 522/38/32 521/53/32
f 519/29/29 517/65/29 518/54/29
f 521/53/30 520/35/30 519/29/30
f 527/67/5 523/66/5 519/86/5
f 538/67/5 542/66/5 546/86/5
f 544/53/30 545/35/30 546/29/30
f 546/29/29 548/65/29 547/54/29
f 542/26/32 543/38/32 544/53/32
f 540/30/31 541/8/31 542/26/31
f 538/27/25 539/15/25 540/30/25
f 536/52/26 537/9/26 538/27/26
f 534/28/27 535/46/27 536/52/27
f 547/51/28 533/62/28 534/28/28
f 433/27/4 439/26/4 443/27/4
f 431/2/24 413/26/24 412/27/24
f 430/29/5 433/26/5 434/29/5
f 413/31/2 434/63/2 435/31/2
f 431/27/4 432/26/4 433/27/4
f 550/9/1 551/8/1 552/9/1
f 554/9/1 555/11/1 556/2/1
f 553/8/24 439/9/24 438/8/24
f 552/9/3 435/8/3 432/9/3
f 554/26/4 437/63/4 439/26/4
f 549/26/24 412/27/24 413/26/24
f 551/31/2 413/31/2 435/31/2
f 556/17/3 436/2/3 437/17/3
f 558/17/3 559/27/3 560/28/3
f 559/19/2 436/32/2 440/19/2
f 558/63/4 441/31/4 437/63/4
f 557/2/1 437/17/1 436/2/1
f 563/31/46 562/19/46 561/32/46
f 569/9/24 574/11/24 573/2/24
f 571/31/47 570/19/47 569/32/47
f 561/9/24 566/11/24 565/2/24
f 561/17/4 567/27/4 563/28/4
f 568/26/2 562/64/2 564/29/2
f 569/17/4 575/27/4 571/28/4
f 576/26/2 570/64/2 572/29/2
f 577/9/24 582/11/24 581/2/24
f 579/31/46 578/19/46 577/32/46
f 577/17/4 583/27/4 579/28/4
f 584/26/2 578/64/2 580/29/2
f 285/77/48 586/5/48 284/6/48
f 587/78/4 33/3/4 292/79/4
f 31/21/4 588/80/4 293/83/4
f 587/81/49 585/82/49 590/82/49
f 344/2/24 590/82/24 345/11/24
f 294/83/50 591/78/50 295/79/50
f 586/84/51 591/81/51 592/7/51
f 592/80/1 293/83/1 588/80/1
f 292/79/5 591/78/5 587/78/5
f 585/10/5 291/77/5 590/10/5
f 290/6/1 586/5/1 589/5/1
f 589/84/52 592/7/52 588/7/52
f 618/35/29 608/65/29 605/35/29
f 623/46/26 598/9/26 596/46/26
f 621/15/31 602/8/31 600/15/31
f 598/9/25 621/15/25 600/15/25
f 617/48/28 593/62/28 608/48/28
f 620/8/32 603/38/32 602/8/32
f 619/38/30 605/35/30 603/38/30
f 598/67/5 602/66/5 605/86/5
f 604/67/5 599/66/5 595/86/5
f 597/38/30 610/35/30 595/35/30
f 612/8/32 597/38/32 599/8/32
f 609/48/28 607/62/28 594/48/28
f 604/9/25 613/15/25 601/15/25
f 613/15/31 599/8/31 601/15/31
f 615/46/26 604/9/26 606/46/26
f 610/35/29 594/65/29 595/35/29
f 616/62/27 606/46/27 607/62/27
f 609/48/1 611/38/1 613/15/1
f 624/62/27 596/46/27 593/62/27
f 617/48/1 619/38/1 621/15/1
f 626/19/5 629/32/5 625/32/5
f 627/2/1 634/57/1 636/58/1
f 625/17/4 636/58/4 633/59/4
f 634/57/2 626/64/2 635/87/2
f 629/9/24 631/11/24 632/2/24
f 629/17/53 627/2/53 625/17/53
f 631/11/54 626/64/54 628/11/54
f 632/2/1 628/11/1 627/2/1
f 633/56/5 626/19/5 625/32/5
f 407/57/24 406/59/24 404/59/24
f 674/50/55 658/50/55 675/50/55
f 670/50/56 660/50/56 671/50/56
f 668/50/57 657/50/57 674/50/57
f 675/50/58 659/50/58 670/50/58
f 656/50/59 684/50/59 681/50/59
f 691/50/1 704/50/1 663/50/1
f 655/50/5 699/50/5 696/50/5
f 711/50/60 653/50/60 662/50/60
f 715/50/61 665/50/61 650/50/61
f 678/50/62 671/50/62 660/50/62
f 681/50/1 657/50/1 656/50/1
f 652/50/5 645/50/5 644/50/5
f 680/50/1 658/50/1 657/50/1
f 645/50/5 686/50/5 646/50/5
f 658/50/1 677/50/1 659/50/1
f 683/50/5 643/50/5 642/50/5
f 685/50/62 672/50/62 671/50/62
f 668/50/59 690/50/59 684/50/59
f 682/50/62 642/50/62 672/50/62
f 659/50/1 678/50/1 660/50/1
f 654/50/5 644/50/5 643/50/5
f 667/50/59 686/50/59 690/50/59
f 706/50/1 691/50/1 648/50/1
f 694/50/63 649/50/63 692/50/63
f 710/50/1 638/50/1 641/50/1
f 647/50/64 690/50/64 695/50/64
f 712/50/5 689/50/5 653/50/5
f 682/50/65 694/50/65 692/50/65
f 714/50/5 664/50/5 661/50/5
f 649/50/66 647/50/66 695/50/66
f 644/50/58 669/50/58 643/50/58
f 676/50/58 670/50/58 669/50/58
f 646/50/57 673/50/57 645/50/57
f 667/50/57 674/50/57 673/50/57
f 643/50/56 672/50/56 642/50/56
f 672/50/56 670/50/56 671/50/56
f 644/50/55 673/50/55 676/50/55
f 676/50/55 674/50/55 675/50/55
f 639/50/65 677/50/65 640/50/65
f 677/50/63 637/50/63 640/50/63
f 679/50/66 638/50/66 637/50/66
f 680/50/64 641/50/64 638/50/64
f 683/50/67 662/50/67 653/50/67
f 681/50/64 666/50/64 641/50/64
f 661/50/67 678/50/67 639/50/67
f 650/50/64 687/50/64 651/50/64
f 687/50/66 688/50/66 651/50/66
f 652/50/63 689/50/63 688/50/63
f 654/50/67 653/50/67 689/50/67
f 690/50/64 650/50/64 665/50/64
f 692/50/63 691/50/63 663/50/63
f 693/50/63 664/50/63 655/50/63
f 695/50/64 665/50/64 648/50/64
f 666/50/64 647/50/64 696/50/64
f 662/50/65 692/50/65 663/50/65
f 694/50/65 661/50/65 664/50/65
f 649/50/66 648/50/66 691/50/66
f 647/50/66 655/50/66 696/50/66
f 707/50/66 699/50/66 708/50/66
f 709/50/68 701/50/68 714/50/68
f 700/50/69 713/50/69 699/50/69
f 702/50/63 708/50/63 701/50/63
f 704/50/63 698/50/63 703/50/63
f 706/50/69 715/50/69 705/50/69
f 711/50/68 703/50/68 712/50/68
f 698/50/66 706/50/66 705/50/66
f 713/50/61 641/50/61 666/50/61
f 701/50/5 655/50/5 664/50/5
f 709/50/60 661/50/60 639/50/60
f 716/50/1 648/50/1 665/50/1
f 651/50/5 715/50/5 650/50/5
f 640/50/1 709/50/1 639/50/1
f 696/50/5 713/50/5 666/50/5
f 688/50/5 705/50/5 651/50/5
f 637/50/1 702/50/1 640/50/1
f 663/50/1 711/50/1 662/50/1
f 703/50/5 688/50/5 689/50/5
f 700/50/1 637/50/1 638/50/1
f 726/35/29 724/65/29 723/35/29
f 731/46/26 719/9/26 718/46/26
f 729/15/31 721/8/31 720/15/31
f 719/9/25 729/15/25 720/15/25
f 725/48/28 717/62/28 724/48/28
f 728/8/32 722/38/32 721/8/32
f 727/38/30 723/35/30 722/38/30
f 719/67/5 721/66/5 723/86/5
f 732/62/27 718/46/27 717/62/27
f 725/48/1 727/38/1 729/15/1
f 733/32/5 736/63/5 734/19/5
f 739/27/70 736/63/70 735/31/70
f 737/2/1 740/26/1 739/27/1
f 733/9/71 738/11/71 737/2/71
f 733/17/72 739/27/72 735/28/72
f 747/35/29 749/65/29 748/65/29
f 755/46/26 743/9/26 742/46/26
f 753/15/31 745/8/31 744/15/31
f 743/9/25 753/15/25 744/15/25
f 749/48/28 741/62/28 748/48/28
f 752/8/32 746/38/32 745/8/32
f 751/38/30 747/35/30 746/38/30
f 743/67/5 745/66/5 747/86/5
f 756/62/27 742/46/27 741/62/27
f 749/48/1 751/38/1 753/15/1
f 766/35/29 764/65/29 763/35/29
f 771/46/26 759/9/26 758/46/26
f 769/15/31 761/8/31 760/15/31
f 759/9/25 769/15/25 760/15/25
f 765/48/28 757/62/28 764/48/28
f 768/8/32 762/38/32 761/8/32
f 767/38/30 763/35/30 762/38/30
f 759/67/5 761/66/5 763/86/5
f 772/62/27 758/46/27 757/62/27
f 765/48/1 767/38/1 769/15/1
f 797/32/3 800/32/3 799/32/3
f 800/32/3 798/32/3 799/32/3
f 801/31/24 804/31/24 803/31/24
f 804/31/24 802/31/24 803/31/24
f 853/32/24 856/32/24 855/32/24
f 856/32/24 854/32/24 855/32/24
f 857/31/3 860/31/3 859/31/3
f 860/31/3 858/31/3 859/31/3
f 780/88/73 793/89/73 791/90/73
f 781/91/74 792/92/74 793/89/74
f 795/93/75 784/29/75 782/94/75
f 796/95/76 783/96/76 784/97/76
f 786/98/77 775/17/77 773/99/77
f 787/100/78 774/101/78 775/9/78
f 777/102/79 790/103/79 788/104/79
f 778/8/80 789/105/80 790/103/80
f 802/106/81 800/64/81 797/107/81
f 804/31/82 798/32/82 800/32/82
f 812/88/73 825/89/73 823/90/73
f 813/91/83 824/92/83 825/89/83
f 827/93/75 816/29/75 814/94/75
f 828/95/76 815/108/76 816/97/76
f 818/98/77 807/17/77 805/99/77
f 819/100/78 806/101/78 807/9/78
f 809/102/79 822/103/79 820/104/79
f 810/8/84 821/105/84 822/103/84
f 836/109/85 849/89/85 847/92/85
f 837/28/86 848/90/86 849/89/86
f 851/110/87 840/111/87 838/108/87
f 852/95/88 839/94/88 840/29/88
f 842/112/89 831/9/89 829/101/89
f 843/113/90 830/99/90 831/17/90
f 833/114/91 846/115/91 844/116/91
f 834/64/92 845/104/92 846/115/92
f 858/31/82 856/32/82 853/32/82
f 860/29/93 854/117/93 856/64/93
f 868/109/94 881/89/94 879/92/94
f 869/28/86 880/90/86 881/89/86
f 883/118/87 872/111/87 870/108/87
f 884/95/95 871/94/95 872/29/95
f 874/112/89 863/9/89 861/101/89
f 875/113/96 862/99/96 863/17/96
f 865/114/97 878/115/97 876/116/97
f 866/64/92 877/104/92 878/115/92
f 892/119/98 905/120/98 903/121/98
f 893/28/99 904/122/99 905/120/99
f 907/123/100 896/124/100 894/125/100
f 908/126/101 895/127/101 896/29/101
f 898/128/102 887/9/102 885/129/102
f 899/130/103 886/131/103 887/17/103
f 889/132/104 902/133/104 900/134/104
f 890/64/105 901/135/105 902/133/105
f 916/119/98 929/120/98 927/121/98
f 917/28/99 928/122/99 929/120/99
f 931/123/100 920/124/100 918/136/100
f 932/126/101 919/127/101 920/29/101
f 922/128/102 911/9/102 909/129/102
f 923/130/103 910/131/103 911/17/103
f 913/132/104 926/133/104 924/134/104
f 914/64/105 925/135/105 926/133/105
f 791/90/106 773/99/106 780/88/106
f 776/137/5 784/97/5 780/138/5
f 789/105/107 774/101/107 785/112/107
f 782/94/108 788/104/108 795/93/108
f 783/96/109 792/92/109 779/109/109
f 794/118/1 790/103/1 786/98/1
f 799/9/3 64/9/3 62/9/3
f 58/11/3 799/139/3 55/9/3
f 801/31/12 64/32/12 798/32/12
f 802/106/110 58/11/110 60/26/110
f 803/31/24 61/31/24 63/31/24
f 803/140/24 60/26/24 59/27/24
f 823/90/106 805/99/106 812/88/106
f 808/137/5 816/97/5 812/138/5
f 821/105/107 806/101/107 817/112/107
f 814/94/108 820/104/108 827/93/108
f 815/108/109 824/92/109 811/109/109
f 826/118/1 822/103/1 818/98/1
f 830/99/111 848/90/111 835/88/111
f 835/138/5 840/111/5 833/137/5
f 829/101/112 844/116/112 842/112/112
f 845/104/113 839/94/113 850/93/113
f 847/92/114 838/108/114 836/109/114
f 841/98/1 846/115/1 851/110/1
f 383/9/24 853/9/24 855/9/24
f 379/11/110 857/141/110 381/26/110
f 376/9/24 854/142/24 379/11/24
f 385/32/12 858/31/12 853/32/12
f 380/27/3 857/143/3 859/144/3
f 858/31/3 382/31/3 377/31/3
f 862/99/111 880/90/111 867/88/111
f 867/138/5 872/111/5 865/137/5
f 861/101/112 876/116/112 874/112/112
f 877/104/113 871/94/113 882/93/113
f 879/92/114 870/108/114 868/109/114
f 873/98/1 878/115/1 883/118/1
f 886/131/115 904/122/115 891/145/115
f 891/146/5 896/124/5 889/147/5
f 885/129/116 900/134/116 898/128/116
f 901/135/117 895/127/117 906/148/117
f 903/121/118 894/125/118 892/119/118
f 897/98/1 902/133/1 907/123/1
f 910/131/115 928/122/115 915/145/115
f 915/146/5 920/124/5 913/147/5
f 909/129/119 924/134/119 922/128/119
f 925/135/117 919/127/117 930/148/117
f 927/121/118 918/136/118 916/119/118
f 921/98/1 926/133/1 931/123/1
f 935/2/5 966/1/5 965/3/5
f 1220/5/2 964/4/2 1222/6/2
f 1219/7/3 934/8/3 1220/84/3
f 966/1/2 1221/10/2 1223/77/2
f 1070/13/5 944/12/5 1071/14/5
f 1069/15/3 940/11/3 1070/13/3
f 937/17/4 943/16/4 941/18/4
f 948/20/1 938/19/1 942/20/1
f 944/12/2 960/4/2 962/1/2
f 941/18/4 961/3/4 959/21/4
f 1071/14/5 962/1/5 1072/22/5
f 1032/9/3 1069/15/3 937/9/3
f 946/11/2 948/23/2 945/12/2
f 945/12/6 942/23/6 944/12/6
f 946/11/5 944/12/5 940/11/5
f 947/8/7 940/11/7 938/8/7
f 955/24/1 956/25/1 950/19/1
f 957/26/5 958/13/5 953/11/5
f 955/15/8 953/11/8 958/13/8
f 949/17/4 954/27/4 951/28/4
f 953/11/2 956/29/2 957/26/2
f 949/9/9 958/13/9 952/2/9
f 952/2/5 957/30/5 954/27/5
f 954/27/10 956/25/10 951/31/10
f 949/32/1 956/25/1 955/24/1
f 1033/19/120 942/20/120 938/19/120
f 963/33/121 934/19/121 933/32/121
f 1000/36/20 972/65/20 999/34/20
f 1001/37/19 974/35/19 1000/36/19
f 1002/39/18 976/38/18 1001/37/18
f 1003/40/17 978/8/17 1002/39/17
f 1004/41/16 980/15/16 1003/40/16
f 1005/42/15 982/9/15 1004/41/15
f 980/44/3 984/43/3 972/85/3
f 1006/47/14 984/46/14 1005/42/14
f 1006/47/13 972/48/13 986/62/13
f 987/17/122 991/27/122 988/28/122
f 993/28/123 987/17/123 988/28/123
f 995/28/4 994/17/4 993/28/4
f 997/26/124 990/11/124 992/26/124
f 991/27/24 997/26/24 992/26/24
f 990/11/3 998/11/3 989/2/3
f 1005/42/3 1021/47/3 1006/47/3
f 981/50/24 1014/50/24 979/50/24
f 1006/47/3 1022/49/3 999/49/3
f 1022/34/3 1000/36/3 999/34/3
f 1020/50/24 983/50/24 985/50/24
f 975/50/24 1008/50/24 973/50/24
f 1009/36/3 1001/37/3 1000/36/3
f 1001/37/3 1013/39/3 1002/39/3
f 1007/51/13 1021/47/13 1020/28/13
f 1020/28/14 1019/42/14 1018/52/14
f 1018/52/15 1017/41/15 1016/27/15
f 1016/27/16 1015/40/16 1014/30/16
f 1014/30/17 1013/39/17 1012/26/17
f 1012/26/18 1011/37/18 1010/53/18
f 1010/53/19 1009/36/19 1008/29/19
f 1008/29/20 1022/34/20 1007/54/20
f 1012/50/24 975/50/24 977/50/24
f 1007/50/24 985/50/24 971/50/24
f 1017/41/3 1005/42/3 1004/41/3
f 973/50/24 1007/50/24 971/50/24
f 1015/40/3 1004/41/3 1003/40/3
f 983/50/24 1016/50/24 981/50/24
f 1002/39/3 1015/40/3 1003/40/3
f 1014/50/24 977/50/24 979/50/24
f 1028/50/24 969/50/24 967/50/24
f 1024/50/24 967/50/24 968/50/24
f 1028/33/1 1023/55/1 1029/56/1
f 1030/57/2 1024/4/2 1027/1/2
f 1028/21/4 1025/58/4 1026/3/4
f 1025/58/5 1027/1/5 1026/3/5
f 1026/50/24 970/50/24 969/50/24
f 1027/50/24 968/50/24 970/50/24
f 1074/60/1 1033/19/1 1073/24/1
f 1075/61/1 1035/20/1 1074/60/1
f 1069/15/3 1033/8/3 938/8/3
f 1035/23/120 960/4/120 942/23/120
f 1034/21/4 941/18/4 959/21/4
f 1031/18/4 937/17/4 941/18/4
f 1057/9/5 1063/8/5 1064/9/5
f 1040/51/25 1054/62/25 1053/28/25
f 1059/29/1 1068/26/1 1067/29/1
f 1053/28/26 1052/46/26 1051/52/26
f 1179/26/4 1057/26/4 1037/26/4
f 1051/52/27 1050/9/27 1049/27/27
f 1063/31/2 1065/19/2 1061/32/2
f 1049/27/28 1048/15/28 1047/30/28
f 1068/27/4 1062/63/4 1066/31/4
f 1047/30/29 1046/8/29 1045/26/29
f 1060/31/2 1067/63/2 1063/31/2
f 1045/26/30 1044/38/30 1043/53/30
f 1184/32/2 1063/31/2 1061/32/2
f 1189/11/1 1065/64/1 1066/11/1
f 1041/29/31 1039/65/31 1040/54/31
f 1066/11/1 1067/29/1 1068/26/1
f 1043/53/32 1042/35/32 1041/29/32
f 1049/67/1 1045/66/1 1041/86/1
f 1080/50/24 1034/50/24 1075/50/24
f 1032/9/3 1081/15/3 1073/15/3
f 943/16/5 1072/22/5 961/3/5
f 937/9/3 1070/13/3 939/2/3
f 939/2/5 1071/14/5 943/16/5
f 1078/69/1 1079/60/1 1076/70/1
f 1076/70/1 1081/24/1 1077/32/1
f 1081/24/125 1074/60/125 1073/24/125
f 1078/21/4 1031/18/4 1034/21/4
f 1076/18/4 1032/17/4 1031/18/4
f 1079/60/125 1075/61/125 1074/60/125
f 1097/72/3 1091/71/3 1090/72/3
f 1088/27/24 1085/63/24 1084/31/24
f 1082/9/3 1087/11/3 1086/2/3
f 1090/73/4 1086/2/4 1092/76/4
f 1087/11/2 1091/74/2 1093/75/2
f 1093/75/2 1085/29/2 1089/26/2
f 1084/28/4 1092/76/4 1088/27/4
f 1090/72/1 1083/19/1 1082/32/1
f 1096/31/1 1094/71/1 1097/72/1
f 1095/63/24 1084/31/24 1085/63/24
f 1096/28/4 1090/73/4 1084/28/4
f 1094/74/2 1085/29/2 1091/74/2
f 1099/51/25 1113/62/25 1112/28/25
f 1112/28/26 1111/46/26 1110/52/26
f 1110/52/27 1109/9/27 1108/27/27
f 1108/27/28 1107/15/28 1106/30/28
f 1106/30/29 1105/8/29 1104/26/29
f 1104/26/30 1103/38/30 1102/53/30
f 1100/29/31 1098/65/31 1099/54/31
f 1102/53/32 1101/35/32 1100/29/32
f 1108/67/1 1104/66/1 1100/86/1
f 1119/67/1 1123/66/1 1127/86/1
f 1125/53/32 1126/35/32 1127/29/32
f 1127/29/31 1129/65/31 1128/54/31
f 1123/26/30 1124/38/30 1125/53/30
f 1121/30/29 1122/8/29 1123/26/29
f 1119/27/28 1120/15/28 1121/30/28
f 1117/52/27 1118/9/27 1119/27/27
f 1115/28/26 1116/46/26 1117/52/26
f 1128/51/25 1114/62/25 1115/28/25
f 1135/67/1 1139/66/1 1143/86/1
f 1141/53/32 1142/35/32 1143/29/32
f 1143/29/31 1145/65/31 1144/54/31
f 1139/26/30 1140/38/30 1141/53/30
f 1137/30/29 1138/8/29 1139/26/29
f 1135/27/28 1136/15/28 1137/30/28
f 1133/52/27 1134/9/27 1135/27/27
f 1131/28/26 1132/46/26 1133/52/26
f 1144/51/25 1130/62/25 1131/28/25
f 1147/51/25 1161/62/25 1160/28/25
f 1160/28/26 1159/46/26 1158/52/26
f 1158/52/27 1157/9/27 1156/27/27
f 1156/27/28 1155/15/28 1154/30/28
f 1154/30/29 1153/8/29 1152/26/29
f 1152/26/30 1151/38/30 1150/53/30
f 1148/29/31 1146/65/31 1147/54/31
f 1150/53/32 1149/35/32 1148/29/32
f 1156/67/1 1152/66/1 1148/86/1
f 1167/67/1 1171/66/1 1175/86/1
f 1173/53/32 1174/35/32 1175/29/32
f 1175/29/31 1177/65/31 1176/54/31
f 1171/26/30 1172/38/30 1173/53/30
f 1169/30/29 1170/8/29 1171/26/29
f 1167/27/28 1168/15/28 1169/30/28
f 1165/52/27 1166/9/27 1167/27/27
f 1163/28/26 1164/46/26 1165/52/26
f 1176/51/25 1162/62/25 1163/28/25
f 1058/27/4 1064/26/4 1068/27/4
f 1056/2/3 1038/26/3 1037/27/3
f 1055/29/1 1058/26/1 1059/29/1
f 1038/31/2 1059/63/2 1060/31/2
f 1056/27/4 1057/26/4 1058/27/4
f 1179/9/5 1180/8/5 1181/9/5
f 1183/9/5 1184/11/5 1185/2/5
f 1182/8/3 1064/9/3 1063/8/3
f 1181/9/24 1060/8/24 1057/9/24
f 1183/26/4 1062/63/4 1064/26/4
f 1178/26/3 1037/27/3 1038/26/3
f 1180/31/2 1038/31/2 1060/31/2
f 1185/17/24 1061/2/24 1062/17/24
f 1187/17/24 1188/27/24 1189/28/24
f 1188/19/2 1061/32/2 1065/19/2
f 1187/63/4 1066/31/4 1062/63/4
f 1186/2/5 1062/17/5 1061/2/5
f 1192/31/126 1191/19/126 1190/32/126
f 1198/9/3 1203/11/3 1202/2/3
f 1200/31/127 1199/19/127 1198/32/127
f 1190/9/3 1195/11/3 1194/2/3
f 1190/17/4 1196/27/4 1192/28/4
f 1197/26/2 1191/64/2 1193/29/2
f 1198/17/4 1204/27/4 1200/28/4
f 1205/26/2 1199/64/2 1201/29/2
f 1206/9/3 1211/11/3 1210/2/3
f 1208/31/126 1207/19/126 1206/32/126
f 1206/17/4 1212/27/4 1208/28/4
f 1213/26/2 1207/64/2 1209/29/2
f 1217/77/36 1215/5/36 1216/6/36
f 1218/78/4 965/3/4 1224/79/4
f 963/21/4 1219/80/4 1225/83/4
f 1218/81/128 1214/82/128 1221/82/128
f 1217/50/3 1222/50/3 1223/50/3
f 1226/50/3 1224/50/3 1225/50/3
f 935/2/3 1221/82/3 936/11/3
f 1226/83/38 1228/78/38 1227/79/38
f 1215/84/129 1228/81/129 1229/7/129
f 1229/80/5 1225/83/5 1219/80/5
f 1224/79/1 1228/78/1 1218/78/1
f 1214/10/1 1223/77/1 1221/10/1
f 1222/6/5 1215/5/5 1220/5/5
f 1220/84/130 1229/7/130 1219/7/130
f 1255/35/31 1245/65/31 1242/35/31
f 1260/46/27 1235/9/27 1233/46/27
f 1258/15/29 1239/8/29 1237/15/29
f 1235/9/28 1258/15/28 1237/15/28
f 1254/48/25 1230/62/25 1245/48/25
f 1257/8/30 1240/38/30 1239/8/30
f 1256/38/32 1242/35/32 1240/38/32
f 1235/67/1 1239/66/1 1242/86/1
f 1241/67/1 1236/66/1 1232/86/1
f 1234/38/32 1247/35/32 1232/35/32
f 1249/8/30 1234/38/30 1236/8/30
f 1246/48/25 1244/62/25 1231/48/25
f 1241/9/28 1250/15/28 1238/15/28
f 1250/15/29 1236/8/29 1238/15/29
f 1252/46/27 1241/9/27 1243/46/27
f 1247/35/31 1231/65/31 1232/35/31
f 1253/62/26 1243/46/26 1244/62/26
f 1246/48/5 1248/38/5 1250/15/5
f 1261/62/26 1233/46/26 1230/62/26
f 1254/48/5 1256/38/5 1258/15/5
f 1263/19/1 1266/32/1 1262/32/1
f 1264/2/5 1271/57/5 1273/58/5
f 1262/17/4 1273/58/4 1270/59/4
f 1271/57/2 1263/64/2 1272/87/2
f 1266/9/3 1268/11/3 1269/2/3
f 1266/17/41 1264/2/41 1262/17/41
f 1268/11/42 1263/64/42 1265/11/42
f 1269/2/5 1265/11/5 1264/2/5
f 1270/56/1 1263/19/1 1262/32/1
f 1030/57/3 1029/59/3 1023/59/3
f 966/1/5 1276/2/5 965/3/5
f 964/4/2 1521/5/2 1222/6/2
f 1520/7/24 1275/8/24 1274/9/24
f 966/1/2 1522/10/2 1277/11/2
f 1285/12/5 1377/13/5 1378/14/5
f 1281/11/24 1376/15/24 1377/13/24
f 1284/16/4 1278/17/4 1282/18/4
f 1279/19/1 1289/20/1 1283/20/1
f 960/4/2 1285/12/2 962/1/2
f 961/3/4 1282/18/4 959/21/4
f 962/1/5 1378/14/5 1072/22/5
f 1376/15/24 1341/9/24 1278/9/24
f 1289/23/2 1287/11/2 1286/12/2
f 1283/23/7 1286/12/7 1285/12/7
f 1285/12/5 1287/11/5 1281/11/5
f 1281/11/6 1288/8/6 1279/8/6
f 1296/24/1 1291/19/1 1297/25/1
f 1298/26/5 1294/11/5 1299/13/5
f 1294/11/43 1296/15/43 1299/13/43
f 1295/27/4 1290/17/4 1292/28/4
f 1297/29/2 1294/11/2 1298/26/2
f 1299/13/44 1290/9/44 1293/2/44
f 1298/30/5 1293/2/5 1295/27/5
f 1297/25/45 1295/27/45 1292/31/45
f 1290/32/1 1297/25/1 1292/31/1
f 1283/20/120 1342/19/120 1279/19/120
f 1275/19/121 963/33/121 1274/32/121
f 1320/34/20 1301/35/20 1321/36/20
f 1301/35/19 1322/37/19 1321/36/19
f 1302/38/18 1323/39/18 1322/37/18
f 1303/8/17 1324/40/17 1323/39/17
f 1304/15/16 1325/41/16 1324/40/16
f 1305/9/15 1326/42/15 1325/41/15
f 1306/43/24 1304/44/24 1302/45/24
f 1306/46/14 1327/47/14 1326/42/14
f 1327/47/13 1300/48/13 1320/49/13
f 1312/27/122 1308/17/122 1309/28/122
f 1308/17/123 1314/28/123 1309/28/123
f 1315/17/4 1316/28/4 1314/28/4
f 1311/11/124 1318/26/124 1313/26/124
f 1312/27/3 1313/26/3 1318/26/3
f 1311/11/24 1310/2/24 1319/11/24
f 1326/42/24 1334/47/24 1333/42/24
f 1327/47/24 1335/49/24 1334/47/24
f 1321/36/24 1335/34/24 1320/34/24
f 1322/37/24 1328/36/24 1321/36/24
f 1322/37/24 1330/39/24 1329/37/24
f 1334/47/13 1007/51/13 1020/28/13
f 1333/42/14 1020/28/14 1018/52/14
f 1332/41/15 1018/52/15 1016/27/15
f 1331/40/16 1016/27/16 1014/30/16
f 1330/39/17 1014/30/17 1012/26/17
f 1329/37/18 1012/26/18 1010/53/18
f 1328/36/19 1010/53/19 1008/29/19
f 1335/34/20 1008/29/20 1007/54/20
f 1326/42/24 1332/41/24 1325/41/24
f 1325/41/24 1331/40/24 1324/40/24
f 1323/39/24 1331/40/24 1330/39/24
f 1336/55/1 1028/33/1 1338/56/1
f 1024/4/2 1339/57/2 1027/1/2
f 1028/21/4 1337/58/4 1338/59/4
f 1027/1/5 1337/58/5 1026/3/5
f 1342/19/1 1380/60/1 1379/24/1
f 1343/20/1 1075/61/1 1380/60/1
f 1376/15/24 1342/8/24 1379/15/24
f 960/4/120 1343/23/120 1283/23/120
f 1282/18/4 1034/21/4 959/21/4
f 1278/17/4 1340/18/4 1282/18/4
f 1370/8/5 1364/9/5 1371/9/5
f 1361/62/28 1347/51/28 1360/28/28
f 1375/26/1 1366/29/1 1374/29/1
f 1359/46/27 1360/28/27 1358/52/27
f 1364/26/4 1482/26/4 1344/26/4
f 1357/9/26 1358/52/26 1356/27/26
f 1372/19/2 1370/31/2 1368/32/2
f 1355/15/25 1356/27/25 1354/30/25
f 1369/63/4 1375/27/4 1373/31/4
f 1353/8/31 1354/30/31 1352/26/31
f 1374/63/2 1367/31/2 1370/31/2
f 1351/38/32 1352/26/32 1350/53/32
f 1370/31/2 1487/32/2 1368/32/2
f 1372/64/1 1492/11/1 1373/11/1
f 1346/65/29 1348/29/29 1347/54/29
f 1374/29/1 1373/11/1 1375/26/1
f 1349/35/30 1350/53/30 1348/29/30
f 1352/66/1 1356/67/1 1360/68/1
f 1341/9/24 1384/15/24 1382/9/24
f 1072/22/5 1284/16/5 961/3/5
f 1377/13/24 1278/9/24 1280/2/24
f 1378/14/5 1280/2/5 1284/16/5
f 1383/60/1 1078/69/1 1381/70/1
f 1384/24/1 1381/70/1 1382/32/1
f 1380/60/125 1384/24/125 1379/24/125
f 1340/18/4 1078/21/4 1034/21/4
f 1341/17/4 1381/18/4 1340/18/4
f 1075/61/125 1383/60/125 1380/60/125
f 1394/71/24 1400/72/24 1393/72/24
f 1388/63/3 1391/27/3 1387/31/3
f 1390/11/24 1385/9/24 1389/2/24
f 1393/73/4 1389/2/4 1385/17/4
f 1394/74/2 1390/11/2 1396/75/2
f 1388/29/2 1396/75/2 1392/26/2
f 1387/28/4 1395/76/4 1393/73/4
f 1386/19/1 1393/72/1 1385/32/1
f 1397/71/1 1399/31/1 1400/72/1
f 1387/31/3 1398/63/3 1388/63/3
f 1393/73/4 1399/28/4 1387/28/4
f 1388/29/2 1397/74/2 1394/74/2
f 1416/62/28 1402/51/28 1415/28/28
f 1414/46/27 1415/28/27 1413/52/27
f 1412/9/26 1413/52/26 1411/27/26
f 1410/15/25 1411/27/25 1409/30/25
f 1408/8/31 1409/30/31 1407/26/31
f 1406/38/32 1407/26/32 1405/53/32
f 1401/65/29 1403/29/29 1402/54/29
f 1404/35/30 1405/53/30 1403/29/30
f 1407/66/1 1411/67/1 1415/68/1
f 1426/66/1 1422/67/1 1418/68/1
f 1429/35/30 1428/53/30 1430/29/30
f 1432/65/29 1430/29/29 1431/54/29
f 1427/38/32 1426/26/32 1428/53/32
f 1425/8/31 1424/30/31 1426/26/31
f 1423/15/25 1422/27/25 1424/30/25
f 1421/9/26 1420/52/26 1422/27/26
f 1419/46/27 1418/28/27 1420/52/27
f 1417/62/28 1431/51/28 1418/28/28
f 1442/66/1 1438/67/1 1434/68/1
f 1445/35/30 1444/53/30 1446/29/30
f 1448/65/29 1446/29/29 1447/54/29
f 1443/38/32 1442/26/32 1444/53/32
f 1441/8/31 1440/30/31 1442/26/31
f 1439/15/25 1438/27/25 1440/30/25
f 1437/9/26 1436/52/26 1438/27/26
f 1435/46/27 1434/28/27 1436/52/27
f 1433/62/28 1447/51/28 1434/28/28
f 1464/62/28 1450/51/28 1463/28/28
f 1462/46/27 1463/28/27 1461/52/27
f 1460/9/26 1461/52/26 1459/27/26
f 1458/15/25 1459/27/25 1457/30/25
f 1456/8/31 1457/30/31 1455/26/31
f 1454/38/32 1455/26/32 1453/53/32
f 1449/65/29 1451/29/29 1450/54/29
f 1452/35/30 1453/53/30 1451/29/30
f 1455/66/1 1459/67/1 1463/68/1
f 1474/66/1 1470/67/1 1466/68/1
f 1477/35/30 1476/53/30 1478/29/30
f 1480/65/29 1478/29/29 1479/54/29
f 1475/38/32 1474/26/32 1476/53/32
f 1473/8/31 1472/30/31 1474/26/31
f 1471/15/25 1470/27/25 1472/30/25
f 1469/9/26 1468/52/26 1470/27/26
f 1467/46/27 1466/28/27 1468/52/27
f 1465/62/28 1479/51/28 1466/28/28
f 1371/26/4 1365/27/4 1375/27/4
f 1345/26/24 1363/2/24 1344/27/24
f 1365/26/1 1362/29/1 1366/29/1
f 1366/63/2 1345/31/2 1367/31/2
f 1364/26/4 1363/27/4 1365/27/4
f 1483/8/5 1482/9/5 1484/9/5
f 1487/11/5 1486/9/5 1488/2/5
f 1371/9/24 1485/8/24 1370/8/24
f 1367/8/3 1484/9/3 1364/9/3
f 1369/63/4 1486/26/4 1371/26/4
f 1344/27/24 1481/26/24 1345/26/24
f 1345/31/2 1483/31/2 1367/31/2
f 1368/2/3 1488/17/3 1369/17/3
f 1491/27/3 1490/17/3 1492/28/3
f 1368/32/2 1491/19/2 1372/19/2
f 1373/31/4 1490/63/4 1369/63/4
f 1369/17/5 1489/2/5 1368/2/5
f 1494/19/131 1495/31/131 1493/32/131
f 1506/11/24 1501/9/24 1505/2/24
f 1502/19/132 1503/31/132 1501/32/132
f 1498/11/24 1493/9/24 1497/2/24
f 1499/27/4 1493/17/4 1495/28/4
f 1500/26/2 1494/64/2 1498/11/2
f 1507/27/4 1501/17/4 1503/28/4
f 1508/26/2 1502/64/2 1506/11/2
f 1514/11/24 1509/9/24 1513/2/24
f 1510/19/131 1511/31/131 1509/32/131
f 1515/27/4 1509/17/4 1511/28/4
f 1516/26/2 1510/64/2 1514/11/2
f 1518/5/48 1217/77/48 1216/6/48
f 965/3/4 1519/78/4 1224/79/4
f 963/21/4 1520/80/4 1274/17/4
f 1519/81/133 1517/82/133 1523/81/133
f 1276/2/24 1522/82/24 1519/81/24
f 1523/78/50 1226/83/50 1227/79/50
f 1518/84/134 1523/81/134 1517/82/134
f 1225/83/5 1524/80/5 1520/80/5
f 1224/79/1 1523/78/1 1227/79/1
f 1223/77/1 1517/10/1 1522/10/1
f 1222/6/5 1518/5/5 1216/6/5
f 1521/84/135 1524/7/135 1518/84/135
f 1540/65/29 1550/35/29 1537/35/29
f 1530/9/26 1555/46/26 1528/46/26
f 1534/8/31 1553/15/31 1532/15/31
f 1530/9/25 1553/15/25 1554/9/25
f 1525/62/28 1549/48/28 1540/48/28
f 1535/38/32 1552/8/32 1534/8/32
f 1537/35/30 1551/38/30 1535/38/30
f 1534/66/1 1530/67/1 1525/68/1
f 1531/66/1 1536/67/1 1539/68/1
f 1529/38/30 1542/35/30 1543/38/30
f 1529/38/32 1544/8/32 1531/8/32
f 1539/62/28 1541/48/28 1526/48/28
f 1536/9/25 1545/15/25 1546/9/25
f 1531/8/31 1545/15/31 1533/15/31
f 1536/9/26 1547/46/26 1538/46/26
f 1526/65/29 1542/35/29 1527/35/29
f 1538/46/27 1548/62/27 1539/62/27
f 1543/38/5 1541/48/5 1547/46/5
f 1528/46/27 1556/62/27 1525/62/27
f 1551/38/5 1549/48/5 1555/46/5
f 1558/19/1 1561/32/1 1562/19/1
f 1566/57/5 1559/2/5 1568/58/5
f 1568/58/4 1557/17/4 1565/59/4
f 1566/57/2 1558/64/2 1560/11/2
f 1563/11/24 1561/9/24 1564/2/24
f 1559/2/53 1561/17/53 1557/17/53
f 1558/64/54 1563/11/54 1560/11/54
f 1560/11/5 1564/2/5 1559/2/5
f 1558/19/1 1565/56/1 1557/32/1
f 1338/59/24 1339/57/24 1336/59/24
f 1590/50/55 1606/50/55 1607/50/55
f 1592/50/56 1602/50/56 1603/50/56
f 1589/50/57 1600/50/57 1606/50/57
f 1591/50/58 1607/50/58 1602/50/58
f 1616/50/59 1588/50/59 1613/50/59
f 1623/50/5 1636/50/5 1629/50/5
f 1587/50/1 1631/50/1 1640/50/1
f 1585/50/60 1643/50/60 1594/50/60
f 1597/50/61 1647/50/61 1582/50/61
f 1603/50/62 1610/50/62 1592/50/62
f 1589/50/5 1613/50/5 1588/50/5
f 1577/50/1 1584/50/1 1576/50/1
f 1590/50/5 1612/50/5 1589/50/5
f 1577/50/1 1618/50/1 1619/50/1
f 1590/50/5 1609/50/5 1611/50/5
f 1575/50/1 1615/50/1 1574/50/1
f 1604/50/62 1617/50/62 1603/50/62
f 1622/50/59 1600/50/59 1616/50/59
f 1574/50/62 1614/50/62 1604/50/62
f 1591/50/5 1610/50/5 1609/50/5
f 1576/50/1 1586/50/1 1575/50/1
f 1618/50/59 1599/50/59 1622/50/59
f 1623/50/5 1638/50/5 1580/50/5
f 1581/50/63 1626/50/63 1624/50/63
f 1570/50/5 1642/50/5 1573/50/5
f 1622/50/64 1579/50/64 1627/50/64
f 1621/50/1 1644/50/1 1585/50/1
f 1614/50/65 1626/50/65 1617/50/65
f 1596/50/1 1646/50/1 1593/50/1
f 1581/50/66 1579/50/66 1625/50/66
f 1601/50/58 1576/50/58 1575/50/58
f 1602/50/58 1608/50/58 1601/50/58
f 1605/50/57 1578/50/57 1577/50/57
f 1606/50/57 1599/50/57 1605/50/57
f 1604/50/56 1575/50/56 1574/50/56
f 1604/50/56 1602/50/56 1601/50/56
f 1576/50/55 1605/50/55 1577/50/55
f 1608/50/55 1606/50/55 1605/50/55
f 1571/50/67 1609/50/67 1610/50/67
f 1569/50/63 1609/50/63 1572/50/63
f 1570/50/66 1611/50/66 1569/50/66
f 1573/50/64 1612/50/64 1570/50/64
f 1594/50/67 1615/50/67 1585/50/67
f 1598/50/64 1613/50/64 1573/50/64
f 1571/50/136 1617/50/136 1593/50/136
f 1582/50/64 1619/50/64 1618/50/64
f 1620/50/66 1619/50/66 1583/50/66
f 1621/50/63 1584/50/63 1620/50/63
f 1585/50/67 1586/50/67 1621/50/67
f 1582/50/64 1622/50/64 1597/50/64
f 1623/50/63 1624/50/63 1595/50/63
f 1596/50/63 1625/50/63 1587/50/63
f 1597/50/64 1627/50/64 1580/50/64
f 1598/50/64 1579/50/64 1616/50/64
f 1594/50/65 1624/50/65 1614/50/65
f 1593/50/65 1626/50/65 1596/50/65
f 1623/50/66 1627/50/66 1581/50/66
f 1587/50/66 1579/50/66 1628/50/66
f 1631/50/66 1639/50/66 1640/50/66
f 1633/50/68 1641/50/68 1646/50/68
f 1645/50/69 1632/50/69 1631/50/69
f 1640/50/63 1634/50/63 1633/50/63
f 1630/50/63 1636/50/63 1635/50/63
f 1647/50/69 1638/50/69 1637/50/69
f 1635/50/68 1643/50/68 1644/50/68
f 1630/50/66 1638/50/66 1629/50/66
f 1573/50/61 1645/50/61 1598/50/61
f 1587/50/1 1633/50/1 1596/50/1
f 1593/50/60 1641/50/60 1571/50/60
f 1580/50/5 1648/50/5 1597/50/5
f 1583/50/1 1647/50/1 1637/50/1
f 1572/50/5 1641/50/5 1634/50/5
f 1628/50/1 1645/50/1 1631/50/1
f 1620/50/1 1637/50/1 1630/50/1
f 1569/50/5 1634/50/5 1639/50/5
f 1595/50/5 1643/50/5 1636/50/5
f 1620/50/1 1635/50/1 1621/50/1
f 1569/50/5 1632/50/5 1570/50/5
f 1656/65/29 1658/35/29 1655/35/29
f 1651/9/26 1663/46/26 1650/46/26
f 1653/8/31 1661/15/31 1652/15/31
f 1651/9/25 1661/15/25 1662/9/25
f 1649/62/28 1657/48/28 1656/48/28
f 1654/38/32 1660/8/32 1653/8/32
f 1655/35/30 1659/38/30 1654/38/30
f 1653/66/1 1651/67/1 1649/68/1
f 1650/46/27 1664/62/27 1649/62/27
f 1659/38/5 1657/48/5 1663/46/5
f 1665/32/1 1668/63/1 1667/31/1
f 1668/63/70 1671/27/70 1667/31/70
f 1672/26/5 1669/2/5 1671/27/5
f 1670/11/71 1665/9/71 1669/2/71
f 1671/27/72 1665/17/72 1667/28/72
f 1680/65/29 1682/35/29 1679/35/29
f 1675/9/26 1687/46/26 1674/46/26
f 1677/8/31 1685/15/31 1676/15/31
f 1675/9/25 1685/15/25 1686/9/25
f 1673/62/28 1681/48/28 1680/48/28
f 1678/38/32 1684/8/32 1677/8/32
f 1679/35/30 1683/38/30 1678/38/30
f 1677/66/1 1675/67/1 1673/68/1
f 1674/46/27 1688/62/27 1673/62/27
f 1683/38/5 1681/48/5 1687/46/5
f 1696/65/29 1698/35/29 1695/35/29
f 1691/9/26 1703/46/26 1690/46/26
f 1693/8/31 1701/15/31 1692/15/31
f 1691/9/25 1701/15/25 1702/9/25
f 1689/62/28 1697/48/28 1696/48/28
f 1694/38/32 1700/8/32 1693/8/32
f 1695/35/30 1699/38/30 1694/38/30
f 1693/66/1 1691/67/1 1689/68/1
f 1690/46/27 1704/62/27 1689/62/27
f 1699/38/5 1697/48/5 1703/46/5
f 1729/32/3 1731/32/3 1732/32/3
f 1732/32/3 1731/32/3 1730/32/3
f 1733/31/24 1735/31/24 1736/31/24
f 1736/31/24 1735/31/24 1734/31/24
f 1785/32/24 1787/32/24 1788/32/24
f 1788/32/24 1787/32/24 1786/32/24
f 1789/31/3 1791/31/3 1792/31/3
f 1792/31/3 1791/31/3 1790/31/3
f 1725/89/73 1712/88/73 1723/90/73
f 1724/92/74 1713/91/74 1725/89/74
f 1716/29/75 1727/93/75 1714/94/75
f 1715/96/76 1728/95/76 1716/97/76
f 1707/17/77 1718/98/77 1705/99/77
f 1706/101/78 1719/100/78 1707/9/78
f 1722/103/79 1709/102/79 1720/104/79
f 1721/105/80 1710/8/80 1722/103/80
f 1732/64/137 1734/106/137 1729/107/137
f 1730/32/138 1736/31/138 1732/32/138
f 1757/89/73 1744/88/73 1755/90/73
f 1756/92/83 1745/91/83 1757/89/83
f 1748/29/75 1759/93/75 1746/94/75
f 1747/108/76 1760/95/76 1748/97/76
f 1739/17/77 1750/98/77 1737/99/77
f 1738/101/78 1751/100/78 1739/9/78
f 1754/103/79 1741/102/79 1752/104/79
f 1753/105/84 1742/8/84 1754/103/84
f 1781/89/85 1768/109/85 1779/92/85
f 1780/90/86 1769/28/86 1781/89/86
f 1772/111/87 1783/110/87 1770/108/87
f 1771/94/88 1784/95/88 1772/29/88
f 1763/9/89 1774/112/89 1761/101/89
f 1762/99/90 1775/113/90 1763/17/90
f 1778/115/91 1765/114/91 1776/116/91
f 1777/104/92 1766/64/92 1778/115/92
f 1788/32/138 1790/31/138 1785/32/138
f 1786/117/139 1792/29/139 1788/64/139
f 1813/89/94 1800/109/94 1811/92/94
f 1812/90/86 1801/28/86 1813/89/86
f 1804/111/87 1815/118/87 1802/108/87
f 1803/94/95 1816/95/95 1804/29/95
f 1795/9/89 1806/112/89 1793/101/89
f 1794/99/96 1807/113/96 1795/17/96
f 1810/115/97 1797/114/97 1808/116/97
f 1809/104/92 1798/64/92 1810/115/92
f 1837/120/98 1824/119/98 1835/121/98
f 1836/122/99 1825/28/99 1837/120/99
f 1828/124/100 1839/123/100 1826/125/100
f 1827/127/101 1840/126/101 1828/29/101
f 1819/9/102 1830/128/102 1817/129/102
f 1818/131/103 1831/130/103 1819/17/103
f 1834/133/104 1821/132/104 1832/134/104
f 1833/135/105 1822/64/105 1834/133/105
f 1861/120/98 1848/119/98 1859/121/98
f 1860/122/99 1849/28/99 1861/120/99
f 1852/124/100 1863/123/100 1850/136/100
f 1851/127/101 1864/126/101 1852/29/101
f 1843/9/102 1854/128/102 1841/129/102
f 1842/131/103 1855/130/103 1843/17/103
f 1858/133/104 1845/132/104 1856/134/104
f 1857/135/105 1846/64/105 1858/133/105
f 1705/99/106 1723/90/106 1712/88/106
f 1711/109/1 1709/149/1 1707/150/1
f 1706/101/107 1721/105/107 1717/112/107
f 1720/104/108 1714/94/108 1727/93/108
f 1724/92/109 1715/96/109 1711/109/109
f 1717/112/5 1727/93/5 1725/89/5
f 994/9/3 1730/9/3 1731/9/3
f 987/9/3 1729/142/3 990/11/3
f 996/32/121 1733/31/121 1730/32/121
f 990/11/140 1734/106/140 992/26/140
f 995/31/24 988/31/24 1735/31/24
f 991/27/24 1734/143/24 1735/140/24
f 1737/99/106 1755/90/106 1744/88/106
f 1743/109/1 1741/149/1 1739/150/1
f 1738/101/107 1753/105/107 1749/112/107
f 1752/104/108 1746/94/108 1759/93/108
f 1756/92/109 1747/108/109 1743/109/109
f 1749/112/5 1759/93/5 1757/89/5
f 1780/90/111 1762/99/111 1767/88/111
f 1764/149/1 1768/109/1 1763/150/1
f 1776/116/112 1761/101/112 1774/112/112
f 1771/94/113 1777/104/113 1782/93/113
f 1770/108/114 1779/92/114 1768/109/114
f 1782/93/5 1774/112/5 1781/89/5
f 1787/9/24 1317/9/24 1315/9/24
f 1789/141/140 1311/11/140 1313/26/140
f 1311/11/24 1787/151/24 1308/9/24
f 1790/31/121 1317/32/121 1785/32/121
f 1791/144/3 1313/26/3 1312/27/3
f 1309/31/3 1316/31/3 1790/31/3
f 1812/90/111 1794/99/111 1799/88/111
f 1796/149/1 1800/109/1 1795/150/1
f 1808/116/112 1793/101/112 1806/112/112
f 1803/94/113 1809/104/113 1814/93/113
f 1802/108/114 1811/92/114 1800/109/114
f 1814/93/5 1806/112/5 1813/89/5
f 1836/122/115 1818/131/115 1823/145/115
f 1820/152/1 1824/119/1 1819/153/1
f 1832/134/116 1817/129/116 1830/128/116
f 1827/127/117 1833/135/117 1838/148/117
f 1826/125/118 1835/121/118 1824/119/118
f 1838/148/5 1830/128/5 1837/120/5
f 1860/122/115 1842/131/115 1847/145/115
f 1844/152/1 1848/119/1 1843/153/1
f 1856/134/119 1841/129/119 1854/128/119
f 1851/127/117 1857/135/117 1862/148/117
f 1850/136/118 1859/121/118 1848/119/118
f 1862/148/5 1854/128/5 1861/120/5
f 34/1/1 4/11/1 3/2/1
f 32/4/2 2/64/2 288/5/2
f 287/7/3 288/84/3 2/8/3
f 34/1/2 291/77/2 289/10/2
f 12/12/1 8/11/1 138/13/1
f 8/11/3 6/8/3 137/15/3
f 11/16/4 7/2/4 5/17/4
f 6/19/5 15/19/5 16/20/5
f 28/4/2 10/23/2 12/12/2
f 29/3/4 11/16/4 9/18/4
f 30/1/1 12/12/1 139/14/1
f 137/15/3 141/15/3 100/9/3
f 16/23/2 15/64/2 14/11/2
f 10/23/6 16/23/6 13/12/6
f 12/12/1 13/12/1 14/11/1
f 8/11/7 14/11/7 15/8/7
f 21/11/8 18/8/8 23/15/8
f 22/27/4 20/2/4 17/17/4
f 24/29/2 18/64/2 21/11/2
f 26/13/9 23/15/9 17/9/9
f 25/30/1 26/13/1 20/2/1
f 24/25/10 25/30/10 22/27/10
f 17/32/5 23/24/5 24/25/5
f 10/20/11 103/20/11 101/19/11
f 2/19/12 32/154/12 31/33/12
f 67/34/13 40/65/13 42/35/13
f 42/35/14 44/38/14 69/37/14
f 44/38/15 46/8/15 70/39/15
f 46/8/16 48/15/16 71/40/16
f 48/15/17 50/9/17 72/41/17
f 50/9/18 52/46/18 73/42/18
f 44/45/3 42/155/3 40/85/3
f 40/85/3 54/156/3 52/43/3
f 52/43/3 50/157/3 48/44/3
f 48/44/3 46/158/3 44/45/3
f 44/45/3 40/85/3 52/43/3
f 52/46/19 54/62/19 74/47/19
f 74/47/20 54/62/20 40/48/20
f 59/27/21 57/2/21 55/17/21
f 55/17/22 62/17/22 61/28/22
f 62/17/4 64/17/4 63/28/4
f 58/11/141 66/11/141 65/26/141
f 73/42/3 74/47/3 89/47/3
f 49/50/24 47/50/24 82/50/24
f 74/47/3 67/49/3 90/49/3
f 68/36/3 77/36/3 90/34/3
f 51/50/24 86/50/24 88/50/24
f 43/50/24 41/50/24 76/50/24
f 69/37/3 79/37/3 77/36/3
f 69/37/3 70/39/3 81/39/3
f 89/47/20 90/49/20 75/51/20
f 87/42/19 89/47/19 88/28/19
f 85/41/18 87/42/18 86/52/18
f 83/40/17 85/41/17 84/27/17
f 81/39/16 83/40/16 82/30/16
f 79/37/15 81/39/15 80/26/15
f 77/36/14 79/37/14 78/53/14
f 90/34/13 77/36/13 76/29/13
f 43/50/24 78/50/24 80/50/24
f 53/50/24 88/50/24 75/50/24
f 73/42/3 87/42/3 85/41/3
f 41/50/24 39/50/24 75/50/24
f 72/41/3 85/41/3 83/40/3
f 51/50/24 49/50/24 84/50/24
f 70/39/3 71/40/3 83/40/3
f 45/50/24 80/50/24 82/50/24
f 37/50/24 94/50/24 96/50/24
f 35/50/24 96/50/24 92/50/24
f 91/55/5 92/154/5 96/33/5
f 92/4/2 91/87/2 98/57/2
f 96/21/4 94/3/4 93/58/4
f 95/1/1 98/57/1 93/58/1
f 38/50/24 95/50/24 94/50/24
f 36/50/24 92/50/24 95/50/24
f 101/19/5 103/20/5 142/60/5
f 103/20/5 104/154/5 143/61/5
f 137/15/3 6/8/3 101/8/3
f 28/4/11 104/4/11 103/23/11
f 9/18/4 99/18/4 102/21/4
f 5/17/4 100/17/4 99/18/4
f 131/8/1 128/8/1 125/9/1
f 122/62/25 107/48/25 108/51/25
f 136/26/5 126/26/5 127/29/5
f 120/46/26 122/62/26 121/28/26
f 125/26/4 249/26/4 247/26/4
f 118/9/27 120/46/27 119/52/27
f 133/19/2 135/63/2 131/31/2
f 116/15/28 118/9/28 117/27/28
f 130/63/4 132/26/4 136/27/4
f 114/8/29 116/15/29 115/30/29
f 135/63/2 127/63/2 128/31/2
f 112/38/30 114/8/30 113/26/30
f 131/31/2 250/31/2 252/32/2
f 133/64/5 256/64/5 257/11/5
f 107/65/31 110/35/31 109/29/31
f 135/29/5 133/64/5 134/11/5
f 110/35/32 112/38/32 111/53/32
f 121/68/5 108/159/5 109/86/5
f 109/86/5 111/160/5 113/66/5
f 113/66/5 115/161/5 117/67/5
f 117/67/5 119/162/5 121/68/5
f 121/68/5 109/86/5 113/66/5
f 102/50/24 146/50/24 148/50/24
f 100/9/3 141/15/3 149/15/3
f 140/22/1 139/14/1 11/16/1
f 138/13/3 137/15/3 5/9/3
f 139/14/1 138/13/1 7/2/1
f 147/60/5 148/61/5 146/69/5
f 149/24/5 147/60/5 144/70/5
f 142/60/33 147/60/33 149/24/33
f 99/18/4 144/18/4 146/21/4
f 100/17/4 145/17/4 144/18/4
f 143/61/33 148/61/33 147/60/33
f 159/71/3 162/71/3 165/72/3
f 153/63/24 157/26/24 156/27/24
f 155/11/3 151/8/3 150/9/3
f 158/73/4 160/76/4 154/2/4
f 159/74/2 151/64/2 155/11/2
f 153/29/2 159/74/2 161/75/2
f 152/28/4 156/27/4 160/76/4
f 151/19/5 159/71/5 158/72/5
f 162/71/5 163/63/5 164/31/5
f 152/31/24 164/31/24 163/63/24
f 158/73/4 165/73/4 164/28/4
f 153/29/2 163/29/2 162/74/2
f 181/62/25 166/48/25 167/51/25
f 179/46/26 181/62/26 180/28/26
f 177/9/27 179/46/27 178/52/27
f 175/15/28 177/9/28 176/27/28
f 173/8/29 175/15/29 174/30/29
f 171/38/30 173/8/30 172/26/30
f 166/65/31 169/35/31 168/29/31
f 169/35/32 171/38/32 170/53/32
f 180/68/5 167/159/5 168/86/5
f 168/86/5 170/160/5 172/66/5
f 172/66/5 174/161/5 176/67/5
f 176/67/5 178/162/5 180/68/5
f 180/68/5 168/86/5 172/66/5
f 183/68/5 196/159/5 195/86/5
f 195/86/5 193/160/5 191/66/5
f 191/66/5 189/161/5 187/67/5
f 187/67/5 185/162/5 183/68/5
f 183/68/5 195/86/5 191/66/5
f 194/35/32 192/38/32 193/53/32
f 197/65/31 194/35/31 195/29/31
f 192/38/30 190/8/30 191/26/30
f 190/8/29 188/15/29 189/30/29
f 188/15/28 186/9/28 187/27/28
f 186/9/27 184/46/27 185/52/27
f 184/46/26 182/62/26 183/28/26
f 182/62/25 197/48/25 196/51/25
f 199/68/5 212/159/5 211/86/5
f 211/86/5 209/160/5 207/66/5
f 207/66/5 205/161/5 203/67/5
f 203/67/5 201/162/5 199/68/5
f 199/68/5 211/86/5 207/66/5
f 210/35/32 208/38/32 209/53/32
f 213/65/31 210/35/31 211/29/31
f 208/38/30 206/8/30 207/26/30
f 206/8/29 204/15/29 205/30/29
f 204/15/28 202/9/28 203/27/28
f 202/9/27 200/46/27 201/52/27
f 200/46/26 198/62/26 199/28/26
f 198/62/25 213/48/25 212/51/25
f 229/62/25 214/48/25 215/51/25
f 227/46/26 229/62/26 228/28/26
f 225/9/27 227/46/27 226/52/27
f 223/15/28 225/9/28 224/27/28
f 221/8/29 223/15/29 222/30/29
f 219/38/30 221/8/30 220/26/30
f 214/65/31 217/35/31 216/29/31
f 217/35/32 219/38/32 218/53/32
f 228/68/5 215/159/5 216/86/5
f 216/86/5 218/160/5 220/66/5
f 220/66/5 222/161/5 224/67/5
f 224/67/5 226/162/5 228/68/5
f 228/68/5 216/86/5 220/66/5
f 231/68/5 244/159/5 243/86/5
f 243/86/5 241/160/5 239/66/5
f 239/66/5 237/161/5 235/67/5
f 235/67/5 233/162/5 231/68/5
f 231/68/5 243/86/5 239/66/5
f 242/35/32 240/38/32 241/53/32
f 245/65/31 242/35/31 243/29/31
f 240/38/30 238/8/30 239/26/30
f 238/8/29 236/15/29 237/30/29
f 236/15/28 234/9/28 235/27/28
f 234/9/27 232/46/27 233/52/27
f 232/46/26 230/62/26 231/28/26
f 230/62/25 245/48/25 244/51/25
f 132/26/4 125/26/4 126/27/4
f 106/26/3 123/11/3 124/2/3
f 126/26/5 124/26/5 123/29/5
f 127/63/2 123/63/2 106/31/2
f 125/26/4 105/26/4 124/27/4
f 248/8/1 246/8/1 247/9/1
f 252/11/1 250/8/1 251/9/1
f 132/9/3 251/9/3 250/8/3
f 128/8/24 248/8/24 249/9/24
f 130/63/4 253/63/4 251/26/4
f 105/27/3 247/27/3 246/26/3
f 106/31/2 246/31/2 248/31/2
f 129/2/24 252/2/24 253/17/24
f 256/27/24 254/2/24 255/17/24
f 129/32/2 254/32/2 256/19/2
f 134/31/4 257/31/4 255/63/4
f 130/17/1 255/17/1 254/2/1
f 259/19/34 261/63/34 260/31/34
f 271/11/3 267/8/3 266/9/3
f 267/19/34 269/63/34 268/31/34
f 263/11/3 259/8/3 258/9/3
f 264/27/4 262/2/4 258/17/4
f 265/26/2 261/29/2 259/64/2
f 272/27/4 270/2/4 266/17/4
f 273/26/2 269/29/2 267/64/2
f 279/11/3 275/8/3 274/9/3
f 275/19/34 277/63/34 276/31/34
f 280/27/4 278/2/4 274/17/4
f 281/26/2 277/29/2 275/64/2
f 283/5/142 282/10/142 285/77/142
f 33/3/4 3/2/4 286/78/4
f 31/21/4 293/83/4 287/80/4
f 286/81/143 289/82/143 282/82/143
f 290/50/3 284/50/3 285/50/3
f 292/50/3 295/50/3 294/50/3
f 3/2/3 4/11/3 289/82/3
f 296/78/144 297/80/144 294/83/144
f 283/84/145 297/7/145 296/81/145
f 293/83/1 294/83/1 297/80/1
f 292/79/5 286/78/5 296/78/5
f 291/77/5 285/77/5 282/10/5
f 290/6/1 288/5/1 283/5/1
f 288/84/146 287/7/146 297/7/146
f 313/65/31 322/65/31 323/35/31
f 303/9/27 327/9/27 328/46/27
f 307/8/29 325/8/29 326/15/29
f 303/9/28 305/15/28 326/15/28
f 298/62/25 329/62/25 322/48/25
f 308/38/30 324/38/30 325/8/30
f 310/35/32 323/35/32 324/38/32
f 298/68/5 313/159/5 310/86/5
f 310/86/5 308/160/5 307/66/5
f 307/66/5 305/161/5 303/67/5
f 303/67/5 301/162/5 298/68/5
f 298/68/5 310/86/5 307/66/5
f 312/68/5 299/159/5 300/86/5
f 300/86/5 302/160/5 304/66/5
f 304/66/5 306/161/5 309/67/5
f 309/67/5 311/162/5 312/68/5
f 312/68/5 300/86/5 304/66/5
f 302/38/32 300/35/32 315/35/32
f 302/38/30 316/38/30 317/8/30
f 312/62/25 321/62/25 314/48/25
f 309/9/28 306/15/28 318/15/28
f 304/8/29 317/8/29 318/15/29
f 309/9/27 319/9/27 320/46/27
f 299/65/31 314/65/31 315/35/31
f 311/46/26 320/46/26 321/62/26
f 320/46/1 319/9/1 318/15/1
f 318/15/1 317/8/1 316/38/1
f 316/38/1 315/35/1 314/48/1
f 314/48/1 321/62/1 320/46/1
f 320/46/1 318/15/1 316/38/1
f 301/46/26 328/46/26 329/62/26
f 328/46/1 327/9/1 326/15/1
f 326/15/1 325/8/1 324/38/1
f 324/38/1 323/35/1 322/48/1
f 322/48/1 329/62/1 328/46/1
f 328/46/1 326/15/1 324/38/1
f 331/19/5 330/32/5 334/32/5
f 339/57/1 333/11/1 332/2/1
f 341/58/4 332/2/4 330/17/4
f 339/57/2 340/87/2 331/64/2
f 336/11/3 335/8/3 334/9/3
f 332/2/41 337/2/41 334/17/41
f 331/64/42 335/64/42 336/11/42
f 333/11/1 336/11/1 337/2/1
f 331/19/5 340/55/5 338/56/5
f 97/59/3 93/58/3 98/57/3
f 344/2/1 345/11/1 34/1/1
f 589/5/2 343/64/2 32/4/2
f 588/7/24 342/9/24 343/8/24
f 34/1/2 345/11/2 590/10/2
f 445/13/1 349/11/1 353/12/1
f 444/15/24 347/8/24 349/11/24
f 346/17/4 348/2/4 352/16/4
f 357/20/5 356/19/5 347/19/5
f 353/12/2 351/23/2 28/4/2
f 350/18/4 352/16/4 29/3/4
f 446/14/1 353/12/1 30/1/1
f 409/9/24 447/15/24 444/15/24
f 355/11/2 356/64/2 357/23/2
f 354/12/7 357/23/7 351/23/7
f 355/11/1 354/12/1 353/12/1
f 356/8/6 355/11/6 349/11/6
f 364/15/43 359/8/43 362/11/43
f 358/17/4 361/2/4 363/27/4
f 362/11/2 359/64/2 365/29/2
f 358/9/44 364/15/44 367/13/44
f 361/2/1 367/13/1 366/30/1
f 363/27/45 366/30/45 365/25/45
f 358/32/5 360/31/5 365/25/5
f 410/19/11 411/20/11 351/20/11
f 31/33/12 32/154/12 343/19/12
f 389/36/13 369/35/13 368/65/13
f 390/37/14 370/38/14 369/35/14
f 391/39/15 371/8/15 370/38/15
f 392/40/16 372/15/16 371/8/16
f 393/41/17 373/9/17 372/15/17
f 394/42/18 374/46/18 373/9/18
f 368/85/24 369/155/24 370/45/24
f 370/45/24 371/158/24 372/44/24
f 372/44/24 373/157/24 374/43/24
f 374/43/24 375/156/24 368/85/24
f 368/85/24 370/45/24 372/44/24
f 395/47/19 375/62/19 374/46/19
f 395/47/20 388/49/20 368/48/20
f 376/17/21 378/2/21 380/27/21
f 382/28/22 383/17/22 376/17/22
f 384/28/4 385/17/4 383/17/4
f 386/26/141 387/11/141 379/11/141
f 394/42/24 401/42/24 402/47/24
f 395/47/24 402/47/24 403/49/24
f 403/34/24 396/36/24 389/36/24
f 396/36/24 397/37/24 390/37/24
f 390/37/24 397/37/24 398/39/24
f 75/51/20 403/49/20 402/47/20
f 88/28/19 402/47/19 401/42/19
f 86/52/18 401/42/18 400/41/18
f 84/27/17 400/41/17 399/40/17
f 82/30/16 399/40/16 398/39/16
f 80/26/15 398/39/15 397/37/15
f 78/53/14 397/37/14 396/36/14
f 76/29/13 396/36/13 403/34/13
f 400/41/24 401/42/24 394/42/24
f 399/40/24 400/41/24 393/41/24
f 391/39/24 398/39/24 399/40/24
f 96/33/5 92/154/5 404/55/5
f 407/57/2 404/87/2 92/4/2
f 96/21/4 406/59/4 405/58/4
f 405/58/1 407/57/1 95/1/1
f 448/60/5 411/20/5 410/19/5
f 143/61/5 104/154/5 411/20/5
f 444/15/24 447/15/24 410/8/24
f 411/23/11 104/4/11 28/4/11
f 102/21/4 408/18/4 350/18/4
f 408/18/4 409/17/4 346/17/4
f 432/9/1 435/8/1 438/8/1
f 415/51/28 414/48/28 429/62/28
f 434/29/5 433/26/5 443/26/5
f 428/28/27 429/62/27 427/46/27
f 550/26/4 552/26/4 432/26/4
f 426/52/26 427/46/26 425/9/26
f 438/31/2 442/63/2 440/19/2
f 424/27/25 425/9/25 423/15/25
f 443/27/4 439/26/4 437/63/4
f 422/30/31 423/15/31 421/8/31
f 435/31/2 434/63/2 442/63/2
f 420/26/32 421/8/32 419/38/32
f 555/32/2 553/31/2 438/31/2
f 560/11/5 559/64/5 440/64/5
f 416/29/29 417/35/29 414/65/29
f 441/11/5 440/64/5 442/29/5
f 418/53/30 419/38/30 417/35/30
f 416/86/5 415/159/5 428/68/5
f 428/68/5 426/162/5 424/67/5
f 424/67/5 422/161/5 420/66/5
f 420/66/5 418/160/5 416/86/5
f 416/86/5 428/68/5 424/67/5
f 409/9/24 450/9/24 452/15/24
f 352/16/1 446/14/1 140/22/1
f 346/9/24 444/15/24 445/13/24
f 348/2/1 445/13/1 446/14/1
f 146/69/5 148/61/5 451/60/5
f 449/70/5 451/60/5 452/24/5
f 452/24/33 451/60/33 448/60/33
f 146/21/4 449/18/4 408/18/4
f 449/18/4 450/17/4 409/17/4
f 451/60/33 148/61/33 143/61/33
f 468/72/24 465/71/24 462/71/24
f 459/27/3 460/26/3 456/63/3
f 453/9/24 454/8/24 458/11/24
f 461/73/4 453/17/4 457/2/4
f 458/11/2 454/64/2 462/74/2
f 464/75/2 462/74/2 456/29/2
f 455/28/4 461/73/4 463/76/4
f 461/72/5 462/71/5 454/19/5
f 467/31/5 466/63/5 465/71/5
f 466/63/3 467/31/3 455/31/3
f 467/28/4 468/73/4 461/73/4
f 465/74/2 466/29/2 456/29/2
f 470/51/28 469/48/28 484/62/28
f 483/28/27 484/62/27 482/46/27
f 481/52/26 482/46/26 480/9/26
f 479/27/25 480/9/25 478/15/25
f 477/30/31 478/15/31 476/8/31
f 475/26/32 476/8/32 474/38/32
f 471/29/29 472/35/29 469/65/29
f 473/53/30 474/38/30 472/35/30
f 471/86/5 470/159/5 483/68/5
f 483/68/5 481/162/5 479/67/5
f 479/67/5 477/161/5 475/66/5
f 475/66/5 473/160/5 471/86/5
f 471/86/5 483/68/5 479/67/5
f 498/86/5 499/159/5 486/68/5
f 486/68/5 488/162/5 490/67/5
f 490/67/5 492/161/5 494/66/5
f 494/66/5 496/160/5 498/86/5
f 498/86/5 486/68/5 490/67/5
f 496/53/30 495/38/30 497/35/30
f 498/29/29 497/35/29 500/65/29
f 494/26/32 493/8/32 495/38/32
f 492/30/31 491/15/31 493/8/31
f 490/27/25 489/9/25 491/15/25
f 488/52/26 487/46/26 489/9/26
f 486/28/27 485/62/27 487/46/27
f 499/51/28 500/48/28 485/62/28
f 514/86/5 515/159/5 502/68/5
f 502/68/5 504/162/5 506/67/5
f 506/67/5 508/161/5 510/66/5
f 510/66/5 512/160/5 514/86/5
f 514/86/5 502/68/5 506/67/5
f 512/53/30 511/38/30 513/35/30
f 514/29/29 513/35/29 516/65/29
f 510/26/32 509/8/32 511/38/32
f 508/30/31 507/15/31 509/8/31
f 506/27/25 505/9/25 507/15/25
f 504/52/26 503/46/26 505/9/26
f 502/28/27 501/62/27 503/46/27
f 515/51/28 516/48/28 501/62/28
f 518/51/28 517/48/28 532/62/28
f 531/28/27 532/62/27 530/46/27
f 529/52/26 530/46/26 528/9/26
f 527/27/25 528/9/25 526/15/25
f 525/30/31 526/15/31 524/8/31
f 523/26/32 524/8/32 522/38/32
f 519/29/29 520/35/29 517/65/29
f 521/53/30 522/38/30 520/35/30
f 519/86/5 518/159/5 531/68/5
f 531/68/5 529/162/5 527/67/5
f 527/67/5 525/161/5 523/66/5
f 523/66/5 521/160/5 519/86/5
f 519/86/5 531/68/5 527/67/5
f 546/86/5 547/159/5 534/68/5
f 534/68/5 536/162/5 538/67/5
f 538/67/5 540/161/5 542/66/5
f 542/66/5 544/160/5 546/86/5
f 546/86/5 534/68/5 538/67/5
f 544/53/30 543/38/30 545/35/30
f 546/29/29 545/35/29 548/65/29
f 542/26/32 541/8/32 543/38/32
f 540/30/31 539/15/31 541/8/31
f 538/27/25 537/9/25 539/15/25
f 536/52/26 535/46/26 537/9/26
f 534/28/27 533/62/27 535/46/27
f 547/51/28 548/48/28 533/62/28
f 433/27/4 432/26/4 439/26/4
f 431/2/24 430/11/24 413/26/24
f 430/29/5 431/26/5 433/26/5
f 413/31/2 430/63/2 434/63/2
f 431/27/4 412/26/4 432/26/4
f 550/9/1 549/8/1 551/8/1
f 554/9/1 553/8/1 555/11/1
f 553/8/24 554/9/24 439/9/24
f 552/9/3 551/8/3 435/8/3
f 554/26/4 556/63/4 437/63/4
f 549/26/24 550/27/24 412/27/24
f 551/31/2 549/31/2 413/31/2
f 556/17/3 555/2/3 436/2/3
f 558/17/3 557/2/3 559/27/3
f 559/19/2 557/32/2 436/32/2
f 558/63/4 560/31/4 441/31/4
f 557/2/1 558/17/1 437/17/1
f 563/31/46 564/63/46 562/19/46
f 569/9/24 570/8/24 574/11/24
f 571/31/46 572/63/46 570/19/46
f 561/9/24 562/8/24 566/11/24
f 561/17/4 565/2/4 567/27/4
f 568/26/2 566/11/2 562/64/2
f 569/17/4 573/2/4 575/27/4
f 576/26/2 574/11/2 570/64/2
f 577/9/24 578/8/24 582/11/24
f 579/31/46 580/63/46 578/19/46
f 577/17/4 581/2/4 583/27/4
f 584/26/2 582/11/2 578/64/2
f 285/77/147 585/10/147 586/5/147
f 587/78/4 344/2/4 33/3/4
f 31/21/4 342/17/4 588/80/4
f 587/81/148 591/81/148 585/82/148
f 344/2/24 587/81/24 590/82/24
f 294/83/149 592/80/149 591/78/149
f 586/84/150 585/82/150 591/81/150
f 592/80/1 294/83/1 293/83/1
f 292/79/5 295/79/5 591/78/5
f 585/10/5 285/77/5 291/77/5
f 290/6/1 284/6/1 586/5/1
f 589/84/151 586/84/151 592/7/151
f 618/35/29 617/65/29 608/65/29
f 623/46/26 622/9/26 598/9/26
f 621/15/31 620/8/31 602/8/31
f 598/9/25 622/9/25 621/15/25
f 617/48/28 624/62/28 593/62/28
f 620/8/32 619/38/32 603/38/32
f 619/38/30 618/35/30 605/35/30
f 605/86/5 608/159/5 593/68/5
f 593/68/5 596/162/5 598/67/5
f 598/67/5 600/161/5 602/66/5
f 602/66/5 603/160/5 605/86/5
f 605/86/5 593/68/5 598/67/5
f 595/86/5 594/159/5 607/68/5
f 607/68/5 606/162/5 604/67/5
f 604/67/5 601/161/5 599/66/5
f 599/66/5 597/160/5 595/86/5
f 595/86/5 607/68/5 604/67/5
f 597/38/30 611/38/30 610/35/30
f 612/8/32 611/38/32 597/38/32
f 609/48/28 616/62/28 607/62/28
f 604/9/25 614/9/25 613/15/25
f 613/15/31 612/8/31 599/8/31
f 615/46/26 614/9/26 604/9/26
f 610/35/29 609/65/29 594/65/29
f 616/62/27 615/46/27 606/46/27
f 613/15/1 614/9/1 615/46/1
f 615/46/1 616/62/1 609/48/1
f 609/48/1 610/35/1 611/38/1
f 611/38/1 612/8/1 613/15/1
f 613/15/1 615/46/1 609/48/1
f 624/62/27 623/46/27 596/46/27
f 621/15/1 622/9/1 623/46/1
f 623/46/1 624/62/1 617/48/1
f 617/48/1 618/35/1 619/38/1
f 619/38/1 620/8/1 621/15/1
f 621/15/1 623/46/1 617/48/1
f 626/19/5 630/19/5 629/32/5
f 627/2/1 628/11/1 634/57/1
f 625/17/4 627/2/4 636/58/4
f 634/57/2 628/11/2 626/64/2
f 629/9/24 630/8/24 631/11/24
f 629/17/53 632/2/53 627/2/53
f 631/11/54 630/64/54 626/64/54
f 632/2/1 631/11/1 628/11/1
f 633/56/5 635/55/5 626/19/5
f 407/57/24 405/58/24 406/59/24
f 674/50/55 657/50/55 658/50/55
f 670/50/56 659/50/56 660/50/56
f 668/50/57 656/50/57 657/50/57
f 675/50/58 658/50/58 659/50/58
f 656/50/59 668/50/59 684/50/59
f 691/50/1 697/50/1 704/50/1
f 655/50/5 708/50/5 699/50/5
f 711/50/60 712/50/60 653/50/60
f 715/50/61 716/50/61 665/50/61
f 678/50/62 685/50/62 671/50/62
f 681/50/1 680/50/1 657/50/1
f 652/50/5 687/50/5 645/50/5
f 680/50/1 679/50/1 658/50/1
f 645/50/5 687/50/5 686/50/5
f 658/50/1 679/50/1 677/50/1
f 683/50/5 654/50/5 643/50/5
f 685/50/62 682/50/62 672/50/62
f 668/50/59 667/50/59 690/50/59
f 682/50/62 683/50/62 642/50/62
f 659/50/1 677/50/1 678/50/1
f 654/50/5 652/50/5 644/50/5
f 667/50/59 646/50/59 686/50/59
f 706/50/1 697/50/1 691/50/1
f 694/50/63 693/50/63 649/50/63
f 710/50/1 700/50/1 638/50/1
f 647/50/64 684/50/64 690/50/64
f 712/50/5 703/50/5 689/50/5
f 682/50/65 685/50/65 694/50/65
f 714/50/5 701/50/5 664/50/5
f 649/50/66 693/50/66 647/50/66
f 644/50/58 676/50/58 669/50/58
f 676/50/58 675/50/58 670/50/58
f 646/50/57 667/50/57 673/50/57
f 667/50/57 668/50/57 674/50/57
f 643/50/56 669/50/56 672/50/56
f 672/50/56 669/50/56 670/50/56
f 644/50/55 645/50/55 673/50/55
f 676/50/55 673/50/55 674/50/55
f 639/50/67 678/50/67 677/50/67
f 677/50/63 679/50/63 637/50/63
f 679/50/66 680/50/66 638/50/66
f 680/50/64 681/50/64 641/50/64
f 683/50/65 682/50/65 662/50/65
f 681/50/64 684/50/64 666/50/64
f 661/50/65 685/50/65 678/50/65
f 650/50/64 686/50/64 687/50/64
f 687/50/66 652/50/66 688/50/66
f 652/50/63 654/50/63 689/50/63
f 654/50/65 683/50/65 653/50/65
f 690/50/64 686/50/64 650/50/64
f 692/50/63 649/50/63 691/50/63
f 693/50/63 694/50/63 664/50/63
f 695/50/64 690/50/64 665/50/64
f 666/50/64 684/50/64 647/50/64
f 662/50/65 682/50/65 692/50/65
f 694/50/65 685/50/65 661/50/65
f 649/50/66 695/50/66 648/50/66
f 647/50/66 693/50/66 655/50/66
f 707/50/66 700/50/66 699/50/66
f 709/50/68 702/50/68 701/50/68
f 700/50/69 710/50/69 713/50/69
f 702/50/152 707/50/152 708/50/152
f 704/50/153 697/50/153 698/50/153
f 706/50/69 716/50/69 715/50/69
f 711/50/68 704/50/68 703/50/68
f 698/50/66 697/50/66 706/50/66
f 713/50/61 710/50/61 641/50/61
f 701/50/5 708/50/5 655/50/5
f 709/50/60 714/50/60 661/50/60
f 716/50/1 706/50/1 648/50/1
f 651/50/5 705/50/5 715/50/5
f 640/50/1 702/50/1 709/50/1
f 696/50/5 699/50/5 713/50/5
f 688/50/5 698/50/5 705/50/5
f 637/50/1 707/50/1 702/50/1
f 663/50/1 704/50/1 711/50/1
f 703/50/5 698/50/5 688/50/5
f 700/50/1 707/50/1 637/50/1
f 726/35/29 725/65/29 724/65/29
f 731/46/26 730/9/26 719/9/26
f 729/15/31 728/8/31 721/8/31
f 719/9/25 730/9/25 729/15/25
f 725/48/28 732/62/28 717/62/28
f 728/8/32 727/38/32 722/38/32
f 727/38/30 726/35/30 723/35/30
f 723/86/5 724/159/5 717/68/5
f 717/68/5 718/162/5 719/67/5
f 719/67/5 720/161/5 721/66/5
f 721/66/5 722/160/5 723/86/5
f 723/86/5 717/68/5 719/67/5
f 732/62/27 731/46/27 718/46/27
f 729/15/1 730/9/1 731/46/1
f 731/46/1 732/62/1 725/48/1
f 725/48/1 726/35/1 727/38/1
f 727/38/1 728/8/1 729/15/1
f 729/15/1 731/46/1 725/48/1
f 733/32/5 735/31/5 736/63/5
f 739/27/70 740/26/70 736/63/70
f 737/2/1 738/11/1 740/26/1
f 733/9/71 734/8/71 738/11/71
f 733/17/72 737/2/72 739/27/72
f 747/35/29 750/35/29 749/65/29
f 755/46/26 754/9/26 743/9/26
f 753/15/31 752/8/31 745/8/31
f 743/9/25 754/9/25 753/15/25
f 749/48/28 756/62/28 741/62/28
f 752/8/32 751/38/32 746/38/32
f 751/38/30 750/35/30 747/35/30
f 747/86/5 748/159/5 741/68/5
f 741/68/5 742/162/5 743/67/5
f 743/67/5 744/161/5 745/66/5
f 745/66/5 746/160/5 747/86/5
f 747/86/5 741/68/5 743/67/5
f 756/62/27 755/46/27 742/46/27
f 753/15/1 754/9/1 755/46/1
f 755/46/1 756/62/1 749/48/1
f 749/48/1 750/35/1 751/38/1
f 751/38/1 752/8/1 753/15/1
f 753/15/1 755/46/1 749/48/1
f 766/35/29 765/65/29 764/65/29
f 771/46/26 770/9/26 759/9/26
f 769/15/31 768/8/31 761/8/31
f 759/9/25 770/9/25 769/15/25
f 765/48/28 772/62/28 757/62/28
f 768/8/32 767/38/32 762/38/32
f 767/38/30 766/35/30 763/35/30
f 763/86/5 764/159/5 757/68/5
f 757/68/5 758/162/5 759/67/5
f 759/67/5 760/161/5 761/66/5
f 761/66/5 762/160/5 763/86/5
f 763/86/5 757/68/5 759/67/5
f 772/62/27 771/46/27 758/46/27
f 769/15/1 770/9/1 771/46/1
f 771/46/1 772/62/1 765/48/1
f 765/48/1 766/35/1 767/38/1
f 767/38/1 768/8/1 769/15/1
f 769/15/1 771/46/1 765/48/1
f 780/88/73 781/28/73 793/89/73
f 781/91/74 779/109/74 792/92/74
f 795/93/75 796/95/75 784/29/75
f 796/95/76 794/118/76 783/96/76
f 786/98/77 787/100/77 775/17/77
f 787/100/78 785/112/78 774/101/78
f 777/102/79 778/64/79 790/103/79
f 778/8/80 776/163/80 789/105/80
f 802/106/93 804/29/93 800/64/93
f 804/31/82 801/31/82 798/32/82
f 812/88/73 813/28/73 825/89/73
f 813/91/74 811/109/74 824/92/74
f 827/93/154 828/95/154 816/29/154
f 828/95/76 826/118/76 815/108/76
f 818/98/155 819/100/155 807/17/155
f 819/100/78 817/112/78 806/101/78
f 809/102/79 810/64/79 822/103/79
f 810/8/80 808/163/80 821/105/80
f 836/109/85 837/91/85 849/89/85
f 837/28/86 835/88/86 848/90/86
f 851/110/87 852/95/87 840/111/87
f 852/95/95 850/93/95 839/94/95
f 842/112/89 843/113/89 831/9/89
f 843/113/96 841/98/96 830/99/96
f 833/114/91 834/8/91 846/115/91
f 834/64/92 832/102/92 845/104/92
f 858/31/82 860/31/82 856/32/82
f 860/29/81 857/141/81 854/117/81
f 868/109/85 869/91/85 881/89/85
f 869/28/86 867/88/86 880/90/86
f 883/118/87 884/95/87 872/111/87
f 884/95/95 882/93/95 871/94/95
f 874/112/89 875/113/89 863/9/89
f 875/113/96 873/98/96 862/99/96
f 865/114/91 866/8/91 878/115/91
f 866/64/92 864/102/92 877/104/92
f 892/119/98 893/164/98 905/120/98
f 893/28/99 891/145/99 904/122/99
f 907/123/100 908/126/100 896/124/100
f 908/126/101 906/148/101 895/127/101
f 898/128/102 899/130/102 887/9/102
f 899/130/103 897/98/103 886/131/103
f 889/132/104 890/8/104 902/133/104
f 890/64/105 888/165/105 901/135/105
f 916/119/98 917/164/98 929/120/98
f 917/28/99 915/145/99 928/122/99
f 931/123/100 932/126/100 920/124/100
f 932/126/101 930/148/101 919/127/101
f 922/128/102 923/130/102 911/9/102
f 923/130/103 921/98/103 910/131/103
f 913/132/104 914/8/104 926/133/104
f 914/64/105 912/165/105 925/135/105
f 791/90/106 786/98/106 773/99/106
f 780/138/5 773/166/5 775/150/5
f 775/150/5 774/167/5 776/137/5
f 776/137/5 778/168/5 777/149/5
f 777/149/5 782/169/5 784/97/5
f 784/97/5 783/96/5 779/109/5
f 779/109/5 781/91/5 780/138/5
f 780/138/5 775/150/5 776/137/5
f 776/137/5 777/149/5 784/97/5
f 784/97/5 779/109/5 780/138/5
f 789/105/107 776/163/107 774/101/107
f 782/94/108 777/102/108 788/104/108
f 783/96/109 794/118/109 792/92/109
f 786/98/1 791/90/1 793/89/1
f 793/89/1 792/92/1 794/118/1
f 794/118/1 796/95/1 795/93/1
f 795/93/1 788/104/1 790/103/1
f 790/103/1 789/105/1 785/112/1
f 785/112/1 787/100/1 786/98/1
f 786/98/1 793/89/1 794/118/1
f 794/118/1 795/93/1 790/103/1
f 790/103/1 785/112/1 786/98/1
f 62/9/3 55/9/3 799/9/3
f 799/9/3 798/9/3 64/9/3
f 55/9/3 57/2/3 58/11/3
f 58/11/3 797/142/3 799/139/3
f 801/31/12 63/31/12 64/32/12
f 802/106/110 797/107/110 58/11/110
f 63/31/24 801/31/24 803/31/24
f 803/31/24 56/31/24 61/31/24
f 59/27/24 56/31/24 803/140/24
f 803/140/24 802/143/24 60/26/24
f 823/90/106 818/98/106 805/99/106
f 812/138/5 805/166/5 807/150/5
f 807/150/5 806/167/5 808/137/5
f 808/137/5 810/168/5 809/149/5
f 809/149/5 814/169/5 816/97/5
f 816/97/5 815/108/5 811/109/5
f 811/109/5 813/91/5 812/138/5
f 812/138/5 807/150/5 808/137/5
f 808/137/5 809/149/5 816/97/5
f 816/97/5 811/109/5 812/138/5
f 821/105/107 808/163/107 806/101/107
f 814/94/108 809/102/108 820/104/108
f 815/108/109 826/118/109 824/92/109
f 818/98/1 823/90/1 825/89/1
f 825/89/1 824/92/1 826/118/1
f 826/118/1 828/95/1 827/93/1
f 827/93/1 820/104/1 822/103/1
f 822/103/1 821/105/1 817/112/1
f 817/112/1 819/100/1 818/98/1
f 818/98/1 825/89/1 826/118/1
f 826/118/1 827/93/1 822/103/1
f 822/103/1 817/112/1 818/98/1
f 830/99/111 841/98/111 848/90/111
f 833/137/5 829/167/5 831/150/5
f 831/150/5 830/166/5 835/138/5
f 835/138/5 837/91/5 836/109/5
f 836/109/5 838/108/5 840/111/5
f 840/111/5 839/169/5 832/149/5
f 832/149/5 834/170/5 833/137/5
f 833/137/5 831/150/5 835/138/5
f 835/138/5 836/109/5 840/111/5
f 840/111/5 832/149/5 833/137/5
f 829/101/112 833/114/112 844/116/112
f 845/104/113 832/102/113 839/94/113
f 847/92/114 851/110/114 838/108/114
f 851/110/1 847/92/1 849/89/1
f 849/89/1 848/90/1 841/98/1
f 841/98/1 843/113/1 842/112/1
f 842/112/1 844/116/1 846/115/1
f 846/115/1 845/104/1 850/93/1
f 850/93/1 852/95/1 851/110/1
f 851/110/1 849/89/1 841/98/1
f 841/98/1 842/112/1 846/115/1
f 846/115/1 850/93/1 851/110/1
f 855/9/24 376/9/24 383/9/24
f 383/9/24 385/9/24 853/9/24
f 379/11/110 854/117/110 857/141/110
f 379/11/24 378/2/24 376/9/24
f 376/9/24 855/151/24 854/142/24
f 385/32/12 384/31/12 858/31/12
f 859/144/3 377/31/3 380/27/3
f 380/27/3 381/26/3 857/143/3
f 377/31/3 859/31/3 858/31/3
f 858/31/3 384/31/3 382/31/3
f 862/99/111 873/98/111 880/90/111
f 865/137/5 861/167/5 863/150/5
f 863/150/5 862/166/5 867/138/5
f 867/138/5 869/91/5 868/109/5
f 868/109/5 870/108/5 872/111/5
f 872/111/5 871/169/5 864/149/5
f 864/149/5 866/170/5 865/137/5
f 865/137/5 863/150/5 867/138/5
f 867/138/5 868/109/5 872/111/5
f 872/111/5 864/149/5 865/137/5
f 861/101/112 865/114/112 876/116/112
f 877/104/113 864/102/113 871/94/113
f 879/92/114 883/118/114 870/108/114
f 883/118/1 879/92/1 881/89/1
f 881/89/1 880/90/1 873/98/1
f 873/98/1 875/113/1 874/112/1
f 874/112/1 876/116/1 878/115/1
f 878/115/1 877/104/1 882/93/1
f 882/93/1 884/95/1 883/118/1
f 883/118/1 881/89/1 873/98/1
f 873/98/1 874/112/1 878/115/1
f 878/115/1 882/93/1 883/118/1
f 886/131/115 897/98/115 904/122/115
f 889/147/5 885/171/5 887/153/5
f 887/153/5 886/166/5 891/146/5
f 891/146/5 893/164/5 892/119/5
f 892/119/5 894/125/5 896/124/5
f 896/124/5 895/172/5 888/152/5
f 888/152/5 890/173/5 889/147/5
f 889/147/5 887/153/5 891/146/5
f 891/146/5 892/119/5 896/124/5
f 896/124/5 888/152/5 889/147/5
f 885/129/119 889/132/119 900/134/119
f 901/135/117 888/165/117 895/127/117
f 903/121/156 907/123/156 894/125/156
f 907/123/1 903/121/1 905/120/1
f 905/120/1 904/122/1 897/98/1
f 897/98/1 899/130/1 898/128/1
f 898/128/1 900/134/1 902/133/1
f 902/133/1 901/135/1 906/148/1
f 906/148/1 908/126/1 907/123/1
f 907/123/1 905/120/1 897/98/1
f 897/98/1 898/128/1 902/133/1
f 902/133/1 906/148/1 907/123/1
f 910/131/115 921/98/115 928/122/115
f 913/147/5 909/171/5 911/153/5
f 911/153/5 910/166/5 915/146/5
f 915/146/5 917/164/5 916/119/5
f 916/119/5 918/136/5 920/124/5
f 920/124/5 919/172/5 912/152/5
f 912/152/5 914/173/5 913/147/5
f 913/147/5 911/153/5 915/146/5
f 915/146/5 916/119/5 920/124/5
f 920/124/5 912/152/5 913/147/5
f 909/129/119 913/132/119 924/134/119
f 925/135/117 912/165/117 919/127/117
f 927/121/118 931/123/118 918/136/118
f 931/123/1 927/121/1 929/120/1
f 929/120/1 928/122/1 921/98/1
f 921/98/1 923/130/1 922/128/1
f 922/128/1 924/134/1 926/133/1
f 926/133/1 925/135/1 930/148/1
f 930/148/1 932/126/1 931/123/1
f 931/123/1 929/120/1 921/98/1
f 921/98/1 922/128/1 926/133/1
f 926/133/1 930/148/1 931/123/1
f 935/2/5 936/11/5 966/1/5
f 1220/5/2 934/64/2 964/4/2
f 1219/7/3 933/9/3 934/8/3
f 966/1/2 936/11/2 1221/10/2
f 1070/13/5 940/11/5 944/12/5
f 1069/15/3 938/8/3 940/11/3
f 937/17/4 939/2/4 943/16/4
f 948/20/1 947/19/1 938/19/1
f 944/12/2 942/23/2 960/4/2
f 941/18/4 943/16/4 961/3/4
f 1071/14/5 944/12/5 962/1/5
f 1032/9/3 1073/15/3 1069/15/3
f 946/11/2 947/64/2 948/23/2
f 945/12/6 948/23/6 942/23/6
f 946/11/5 945/12/5 944/12/5
f 947/8/7 946/11/7 940/11/7
f 955/15/8 950/8/8 953/11/8
f 949/17/4 952/2/4 954/27/4
f 953/11/2 950/64/2 956/29/2
f 949/9/9 955/15/9 958/13/9
f 952/2/5 958/13/5 957/30/5
f 954/27/10 957/30/10 956/25/10
f 949/32/1 951/31/1 956/25/1
f 1033/19/120 1035/20/120 942/20/120
f 963/33/121 964/154/121 934/19/121
f 1000/36/20 974/35/20 972/65/20
f 1001/37/19 976/38/19 974/35/19
f 1002/39/18 978/8/18 976/38/18
f 1003/40/17 980/15/17 978/8/17
f 1004/41/16 982/9/16 980/15/16
f 1005/42/15 984/46/15 982/9/15
f 972/85/3 974/155/3 976/45/3
f 976/45/3 978/158/3 980/44/3
f 980/44/3 982/157/3 984/43/3
f 984/43/3 986/156/3 972/85/3
f 972/85/3 976/45/3 980/44/3
f 1006/47/14 986/62/14 984/46/14
f 1006/47/13 999/49/13 972/48/13
f 987/17/122 989/2/122 991/27/122
f 993/28/123 994/17/123 987/17/123
f 995/28/4 996/17/4 994/17/4
f 997/26/157 998/11/157 990/11/157
f 1005/42/3 1019/42/3 1021/47/3
f 981/50/24 1016/50/24 1014/50/24
f 1006/47/3 1021/47/3 1022/49/3
f 1022/34/3 1009/36/3 1000/36/3
f 1020/50/24 1018/50/24 983/50/24
f 975/50/24 1010/50/24 1008/50/24
f 1009/36/3 1011/37/3 1001/37/3
f 1001/37/3 1011/37/3 1013/39/3
f 1007/51/13 1022/49/13 1021/47/13
f 1020/28/14 1021/47/14 1019/42/14
f 1018/52/15 1019/42/15 1017/41/15
f 1016/27/16 1017/41/16 1015/40/16
f 1014/30/17 1015/40/17 1013/39/17
f 1012/26/18 1013/39/18 1011/37/18
f 1010/53/19 1011/37/19 1009/36/19
f 1008/29/20 1009/36/20 1022/34/20
f 1012/50/24 1010/50/24 975/50/24
f 1007/50/24 1020/50/24 985/50/24
f 1017/41/3 1019/42/3 1005/42/3
f 973/50/24 1008/50/24 1007/50/24
f 1015/40/3 1017/41/3 1004/41/3
f 983/50/24 1018/50/24 1016/50/24
f 1002/39/3 1013/39/3 1015/40/3
f 1014/50/24 1012/50/24 977/50/24
f 1028/50/24 1026/50/24 969/50/24
f 1024/50/24 1028/50/24 967/50/24
f 1028/33/1 1024/154/1 1023/55/1
f 1030/57/2 1023/87/2 1024/4/2
f 1028/21/4 1029/59/4 1025/58/4
f 1025/58/5 1030/57/5 1027/1/5
f 1026/50/24 1027/50/24 970/50/24
f 1027/50/24 1024/50/24 968/50/24
f 1074/60/1 1035/20/1 1033/19/1
f 1075/61/1 1036/154/1 1035/20/1
f 1069/15/3 1073/15/3 1033/8/3
f 1035/23/120 1036/4/120 960/4/120
f 1034/21/4 1031/18/4 941/18/4
f 1031/18/4 1032/17/4 937/17/4
f 1057/9/5 1060/8/5 1063/8/5
f 1040/51/25 1039/48/25 1054/62/25
f 1059/29/1 1058/26/1 1068/26/1
f 1053/28/26 1054/62/26 1052/46/26
f 1179/26/4 1181/26/4 1057/26/4
f 1051/52/27 1052/46/27 1050/9/27
f 1063/31/2 1067/63/2 1065/19/2
f 1049/27/28 1050/9/28 1048/15/28
f 1068/27/4 1064/26/4 1062/63/4
f 1047/30/29 1048/15/29 1046/8/29
f 1060/31/2 1059/63/2 1067/63/2
f 1045/26/30 1046/8/30 1044/38/30
f 1184/32/2 1182/31/2 1063/31/2
f 1189/11/1 1188/64/1 1065/64/1
f 1041/29/31 1042/35/31 1039/65/31
f 1066/11/1 1065/64/1 1067/29/1
f 1043/53/32 1044/38/32 1042/35/32
f 1041/86/1 1040/159/1 1053/68/1
f 1053/68/1 1051/162/1 1049/67/1
f 1049/67/1 1047/161/1 1045/66/1
f 1045/66/1 1043/160/1 1041/86/1
f 1041/86/1 1053/68/1 1049/67/1
f 1080/50/24 1078/50/24 1034/50/24
f 1032/9/3 1077/9/3 1081/15/3
f 943/16/5 1071/14/5 1072/22/5
f 937/9/3 1069/15/3 1070/13/3
f 939/2/5 1070/13/5 1071/14/5
f 1078/69/1 1080/61/1 1079/60/1
f 1076/70/1 1079/60/1 1081/24/1
f 1081/24/125 1079/60/125 1074/60/125
f 1078/21/4 1076/18/4 1031/18/4
f 1076/18/4 1077/17/4 1032/17/4
f 1079/60/125 1080/61/125 1075/61/125
f 1097/72/3 1094/71/3 1091/71/3
f 1088/27/24 1089/26/24 1085/63/24
f 1082/9/3 1083/8/3 1087/11/3
f 1090/73/4 1082/17/4 1086/2/4
f 1087/11/2 1083/64/2 1091/74/2
f 1093/75/2 1091/74/2 1085/29/2
f 1084/28/4 1090/73/4 1092/76/4
f 1090/72/1 1091/71/1 1083/19/1
f 1096/31/1 1095/63/1 1094/71/1
f 1095/63/24 1096/31/24 1084/31/24
f 1096/28/4 1097/73/4 1090/73/4
f 1094/74/2 1095/29/2 1085/29/2
f 1099/51/25 1098/48/25 1113/62/25
f 1112/28/26 1113/62/26 1111/46/26
f 1110/52/27 1111/46/27 1109/9/27
f 1108/27/28 1109/9/28 1107/15/28
f 1106/30/29 1107/15/29 1105/8/29
f 1104/26/30 1105/8/30 1103/38/30
f 1100/29/31 1101/35/31 1098/65/31
f 1102/53/32 1103/38/32 1101/35/32
f 1100/86/1 1099/159/1 1112/68/1
f 1112/68/1 1110/162/1 1108/67/1
f 1108/67/1 1106/161/1 1104/66/1
f 1104/66/1 1102/160/1 1100/86/1
f 1100/86/1 1112/68/1 1108/67/1
f 1127/86/1 1128/159/1 1115/68/1
f 1115/68/1 1117/162/1 1119/67/1
f 1119/67/1 1121/161/1 1123/66/1
f 1123/66/1 1125/160/1 1127/86/1
f 1127/86/1 1115/68/1 1119/67/1
f 1125/53/32 1124/38/32 1126/35/32
f 1127/29/31 1126/35/31 1129/65/31
f 1123/26/30 1122/8/30 1124/38/30
f 1121/30/29 1120/15/29 1122/8/29
f 1119/27/28 1118/9/28 1120/15/28
f 1117/52/27 1116/46/27 1118/9/27
f 1115/28/26 1114/62/26 1116/46/26
f 1128/51/25 1129/48/25 1114/62/25
f 1143/86/1 1144/159/1 1131/68/1
f 1131/68/1 1133/162/1 1135/67/1
f 1135/67/1 1137/161/1 1139/66/1
f 1139/66/1 1141/160/1 1143/86/1
f 1143/86/1 1131/68/1 1135/67/1
f 1141/53/32 1140/38/32 1142/35/32
f 1143/29/31 1142/35/31 1145/65/31
f 1139/26/30 1138/8/30 1140/38/30
f 1137/30/29 1136/15/29 1138/8/29
f 1135/27/28 1134/9/28 1136/15/28
f 1133/52/27 1132/46/27 1134/9/27
f 1131/28/26 1130/62/26 1132/46/26
f 1144/51/25 1145/48/25 1130/62/25
f 1147/51/25 1146/48/25 1161/62/25
f 1160/28/26 1161/62/26 1159/46/26
f 1158/52/27 1159/46/27 1157/9/27
f 1156/27/28 1157/9/28 1155/15/28
f 1154/30/29 1155/15/29 1153/8/29
f 1152/26/30 1153/8/30 1151/38/30
f 1148/29/31 1149/35/31 1146/65/31
f 1150/53/32 1151/38/32 1149/35/32
f 1148/86/1 1147/159/1 1160/68/1
f 1160/68/1 1158/162/1 1156/67/1
f 1156/67/1 1154/161/1 1152/66/1
f 1152/66/1 1150/160/1 1148/86/1
f 1148/86/1 1160/68/1 1156/67/1
f 1175/86/1 1176/159/1 1163/68/1
f 1163/68/1 1165/162/1 1167/67/1
f 1167/67/1 1169/161/1 1171/66/1
f 1171/66/1 1173/160/1 1175/86/1
f 1175/86/1 1163/68/1 1167/67/1
f 1173/53/32 1172/38/32 1174/35/32
f 1175/29/31 1174/35/31 1177/65/31
f 1171/26/30 1170/8/30 1172/38/30
f 1169/30/29 1168/15/29 1170/8/29
f 1167/27/28 1166/9/28 1168/15/28
f 1165/52/27 1164/46/27 1166/9/27
f 1163/28/26 1162/62/26 1164/46/26
f 1176/51/25 1177/48/25 1162/62/25
f 1058/27/4 1057/26/4 1064/26/4
f 1056/2/3 1055/11/3 1038/26/3
f 1055/29/1 1056/26/1 1058/26/1
f 1038/31/2 1055/63/2 1059/63/2
f 1056/27/4 1037/26/4 1057/26/4
f 1179/9/5 1178/8/5 1180/8/5
f 1183/9/5 1182/8/5 1184/11/5
f 1182/8/3 1183/9/3 1064/9/3
f 1181/9/24 1180/8/24 1060/8/24
f 1183/26/4 1185/63/4 1062/63/4
f 1178/26/3 1179/27/3 1037/27/3
f 1180/31/2 1178/31/2 1038/31/2
f 1185/17/24 1184/2/24 1061/2/24
f 1187/17/24 1186/2/24 1188/27/24
f 1188/19/2 1186/32/2 1061/32/2
f 1187/63/4 1189/31/4 1066/31/4
f 1186/2/5 1187/17/5 1062/17/5
f 1192/31/126 1193/63/126 1191/19/126
f 1198/9/3 1199/8/3 1203/11/3
f 1200/31/126 1201/63/126 1199/19/126
f 1190/9/3 1191/8/3 1195/11/3
f 1190/17/4 1194/2/4 1196/27/4
f 1197/26/2 1195/11/2 1191/64/2
f 1198/17/4 1202/2/4 1204/27/4
f 1205/26/2 1203/11/2 1199/64/2
f 1206/9/3 1207/8/3 1211/11/3
f 1208/31/126 1209/63/126 1207/19/126
f 1206/17/4 1210/2/4 1212/27/4
f 1213/26/2 1211/11/2 1207/64/2
f 1217/77/158 1214/10/158 1215/5/158
f 1218/78/4 935/2/4 965/3/4
f 963/21/4 933/17/4 1219/80/4
f 1218/81/159 1228/81/159 1214/82/159
f 1217/50/3 1216/50/3 1222/50/3
f 1226/50/3 1227/50/3 1224/50/3
f 935/2/3 1218/81/3 1221/82/3
f 1226/83/160 1229/80/160 1228/78/160
f 1215/84/161 1214/82/161 1228/81/161
f 1229/80/5 1226/83/5 1225/83/5
f 1224/79/1 1227/79/1 1228/78/1
f 1214/10/1 1217/77/1 1223/77/1
f 1222/6/5 1216/6/5 1215/5/5
f 1220/84/162 1215/84/162 1229/7/162
f 1255/35/31 1254/65/31 1245/65/31
f 1260/46/27 1259/9/27 1235/9/27
f 1258/15/29 1257/8/29 1239/8/29
f 1235/9/28 1259/9/28 1258/15/28
f 1254/48/25 1261/62/25 1230/62/25
f 1257/8/30 1256/38/30 1240/38/30
f 1256/38/32 1255/35/32 1242/35/32
f 1242/86/1 1245/159/1 1230/68/1
f 1230/68/1 1233/162/1 1235/67/1
f 1235/67/1 1237/161/1 1239/66/1
f 1239/66/1 1240/160/1 1242/86/1
f 1242/86/1 1230/68/1 1235/67/1
f 1232/86/1 1231/159/1 1244/68/1
f 1244/68/1 1243/162/1 1241/67/1
f 1241/67/1 1238/161/1 1236/66/1
f 1236/66/1 1234/160/1 1232/86/1
f 1232/86/1 1244/68/1 1241/67/1
f 1234/38/32 1248/38/32 1247/35/32
f 1249/8/30 1248/38/30 1234/38/30
f 1246/48/25 1253/62/25 1244/62/25
f 1241/9/28 1251/9/28 1250/15/28
f 1250/15/29 1249/8/29 1236/8/29
f 1252/46/27 1251/9/27 1241/9/27
f 1247/35/31 1246/65/31 1231/65/31
f 1253/62/26 1252/46/26 1243/46/26
f 1250/15/5 1251/9/5 1252/46/5
f 1252/46/5 1253/62/5 1246/48/5
f 1246/48/5 1247/35/5 1248/38/5
f 1248/38/5 1249/8/5 1250/15/5
f 1250/15/5 1252/46/5 1246/48/5
f 1261/62/26 1260/46/26 1233/46/26
f 1258/15/5 1259/9/5 1260/46/5
f 1260/46/5 1261/62/5 1254/48/5
f 1254/48/5 1255/35/5 1256/38/5
f 1256/38/5 1257/8/5 1258/15/5
f 1258/15/5 1260/46/5 1254/48/5
f 1263/19/1 1267/19/1 1266/32/1
f 1264/2/5 1265/11/5 1271/57/5
f 1262/17/4 1264/2/4 1273/58/4
f 1271/57/2 1265/11/2 1263/64/2
f 1266/9/3 1267/8/3 1268/11/3
f 1266/17/41 1269/2/41 1264/2/41
f 1268/11/42 1267/64/42 1263/64/42
f 1269/2/5 1268/11/5 1265/11/5
f 1270/56/1 1272/55/1 1263/19/1
f 1030/57/3 1025/58/3 1029/59/3
f 966/1/5 1277/11/5 1276/2/5
f 964/4/2 1275/64/2 1521/5/2
f 1520/7/24 1521/84/24 1275/8/24
f 966/1/2 1223/77/2 1522/10/2
f 1285/12/5 1281/11/5 1377/13/5
f 1281/11/24 1279/8/24 1376/15/24
f 1284/16/4 1280/2/4 1278/17/4
f 1279/19/1 1288/19/1 1289/20/1
f 960/4/2 1283/23/2 1285/12/2
f 961/3/4 1284/16/4 1282/18/4
f 962/1/5 1285/12/5 1378/14/5
f 1376/15/24 1379/15/24 1341/9/24
f 1289/23/2 1288/64/2 1287/11/2
f 1283/23/7 1289/23/7 1286/12/7
f 1285/12/5 1286/12/5 1287/11/5
f 1281/11/6 1287/11/6 1288/8/6
f 1294/11/43 1291/8/43 1296/15/43
f 1295/27/4 1293/2/4 1290/17/4
f 1297/29/2 1291/64/2 1294/11/2
f 1299/13/44 1296/15/44 1290/9/44
f 1298/30/5 1299/13/5 1293/2/5
f 1297/25/45 1298/30/45 1295/27/45
f 1290/32/1 1296/24/1 1297/25/1
f 1283/20/120 1343/20/120 1342/19/120
f 1275/19/121 964/154/121 963/33/121
f 1320/34/20 1300/65/20 1301/35/20
f 1301/35/19 1302/38/19 1322/37/19
f 1302/38/18 1303/8/18 1323/39/18
f 1303/8/17 1304/15/17 1324/40/17
f 1304/15/16 1305/9/16 1325/41/16
f 1305/9/15 1306/46/15 1326/42/15
f 1302/45/24 1301/155/24 1300/85/24
f 1300/85/24 1307/156/24 1306/43/24
f 1306/43/24 1305/157/24 1304/44/24
f 1304/44/24 1303/158/24 1302/45/24
f 1302/45/24 1300/85/24 1306/43/24
f 1306/46/14 1307/62/14 1327/47/14
f 1327/47/13 1307/62/13 1300/48/13
f 1312/27/122 1310/2/122 1308/17/122
f 1308/17/123 1315/17/123 1314/28/123
f 1315/17/4 1317/17/4 1316/28/4
f 1311/11/157 1319/11/157 1318/26/157
f 1326/42/24 1327/47/24 1334/47/24
f 1327/47/24 1320/49/24 1335/49/24
f 1321/36/24 1328/36/24 1335/34/24
f 1322/37/24 1329/37/24 1328/36/24
f 1322/37/24 1323/39/24 1330/39/24
f 1334/47/13 1335/49/13 1007/51/13
f 1333/42/14 1334/47/14 1020/28/14
f 1332/41/15 1333/42/15 1018/52/15
f 1331/40/16 1332/41/16 1016/27/16
f 1330/39/17 1331/40/17 1014/30/17
f 1329/37/18 1330/39/18 1012/26/18
f 1328/36/19 1329/37/19 1010/53/19
f 1335/34/20 1328/36/20 1008/29/20
f 1326/42/24 1333/42/24 1332/41/24
f 1325/41/24 1332/41/24 1331/40/24
f 1323/39/24 1324/40/24 1331/40/24
f 1336/55/1 1024/154/1 1028/33/1
f 1024/4/2 1336/87/2 1339/57/2
f 1028/21/4 1026/3/4 1337/58/4
f 1027/1/5 1339/57/5 1337/58/5
f 1342/19/1 1343/20/1 1380/60/1
f 1343/20/1 1036/154/1 1075/61/1
f 1376/15/24 1279/8/24 1342/8/24
f 960/4/120 1036/4/120 1343/23/120
f 1282/18/4 1340/18/4 1034/21/4
f 1278/17/4 1341/17/4 1340/18/4
f 1370/8/5 1367/8/5 1364/9/5
f 1361/62/28 1346/48/28 1347/51/28
f 1375/26/1 1365/26/1 1366/29/1
f 1359/46/27 1361/62/27 1360/28/27
f 1364/26/4 1484/26/4 1482/26/4
f 1357/9/26 1359/46/26 1358/52/26
f 1372/19/2 1374/63/2 1370/31/2
f 1355/15/25 1357/9/25 1356/27/25
f 1369/63/4 1371/26/4 1375/27/4
f 1353/8/31 1355/15/31 1354/30/31
f 1374/63/2 1366/63/2 1367/31/2
f 1351/38/32 1353/8/32 1352/26/32
f 1370/31/2 1485/31/2 1487/32/2
f 1372/64/1 1491/64/1 1492/11/1
f 1346/65/29 1349/35/29 1348/29/29
f 1374/29/1 1372/64/1 1373/11/1
f 1349/35/30 1351/38/30 1350/53/30
f 1360/68/1 1347/159/1 1348/86/1
f 1348/86/1 1350/160/1 1352/66/1
f 1352/66/1 1354/161/1 1356/67/1
f 1356/67/1 1358/162/1 1360/68/1
f 1360/68/1 1348/86/1 1352/66/1
f 1341/9/24 1379/15/24 1384/15/24
f 1072/22/5 1378/14/5 1284/16/5
f 1377/13/24 1376/15/24 1278/9/24
f 1378/14/5 1377/13/5 1280/2/5
f 1383/60/1 1080/61/1 1078/69/1
f 1384/24/1 1383/60/1 1381/70/1
f 1380/60/125 1383/60/125 1384/24/125
f 1340/18/4 1381/18/4 1078/21/4
f 1341/17/4 1382/17/4 1381/18/4
f 1075/61/125 1080/61/125 1383/60/125
f 1394/71/24 1397/71/24 1400/72/24
f 1388/63/3 1392/26/3 1391/27/3
f 1390/11/24 1386/8/24 1385/9/24
f 1393/73/4 1395/76/4 1389/2/4
f 1394/74/2 1386/64/2 1390/11/2
f 1388/29/2 1394/74/2 1396/75/2
f 1387/28/4 1391/27/4 1395/76/4
f 1386/19/1 1394/71/1 1393/72/1
f 1397/71/1 1398/63/1 1399/31/1
f 1387/31/3 1399/31/3 1398/63/3
f 1393/73/4 1400/73/4 1399/28/4
f 1388/29/2 1398/29/2 1397/74/2
f 1416/62/28 1401/48/28 1402/51/28
f 1414/46/27 1416/62/27 1415/28/27
f 1412/9/26 1414/46/26 1413/52/26
f 1410/15/25 1412/9/25 1411/27/25
f 1408/8/31 1410/15/31 1409/30/31
f 1406/38/32 1408/8/32 1407/26/32
f 1401/65/29 1404/35/29 1403/29/29
f 1404/35/30 1406/38/30 1405/53/30
f 1415/68/1 1402/159/1 1403/86/1
f 1403/86/1 1405/160/1 1407/66/1
f 1407/66/1 1409/161/1 1411/67/1
f 1411/67/1 1413/162/1 1415/68/1
f 1415/68/1 1403/86/1 1407/66/1
f 1418/68/1 1431/159/1 1430/86/1
f 1430/86/1 1428/160/1 1426/66/1
f 1426/66/1 1424/161/1 1422/67/1
f 1422/67/1 1420/162/1 1418/68/1
f 1418/68/1 1430/86/1 1426/66/1
f 1429/35/30 1427/38/30 1428/53/30
f 1432/65/29 1429/35/29 1430/29/29
f 1427/38/32 1425/8/32 1426/26/32
f 1425/8/31 1423/15/31 1424/30/31
f 1423/15/25 1421/9/25 1422/27/25
f 1421/9/26 1419/46/26 1420/52/26
f 1419/46/27 1417/62/27 1418/28/27
f 1417/62/28 1432/48/28 1431/51/28
f 1434/68/1 1447/159/1 1446/86/1
f 1446/86/1 1444/160/1 1442/66/1
f 1442/66/1 1440/161/1 1438/67/1
f 1438/67/1 1436/162/1 1434/68/1
f 1434/68/1 1446/86/1 1442/66/1
f 1445/35/30 1443/38/30 1444/53/30
f 1448/65/29 1445/35/29 1446/29/29
f 1443/38/32 1441/8/32 1442/26/32
f 1441/8/31 1439/15/31 1440/30/31
f 1439/15/25 1437/9/25 1438/27/25
f 1437/9/26 1435/46/26 1436/52/26
f 1435/46/27 1433/62/27 1434/28/27
f 1433/62/28 1448/48/28 1447/51/28
f 1464/62/28 1449/48/28 1450/51/28
f 1462/46/27 1464/62/27 1463/28/27
f 1460/9/26 1462/46/26 1461/52/26
f 1458/15/25 1460/9/25 1459/27/25
f 1456/8/31 1458/15/31 1457/30/31
f 1454/38/32 1456/8/32 1455/26/32
f 1449/65/29 1452/35/29 1451/29/29
f 1452/35/30 1454/38/30 1453/53/30
f 1463/68/1 1450/159/1 1451/86/1
f 1451/86/1 1453/160/1 1455/66/1
f 1455/66/1 1457/161/1 1459/67/1
f 1459/67/1 1461/162/1 1463/68/1
f 1463/68/1 1451/86/1 1455/66/1
f 1466/68/1 1479/159/1 1478/86/1
f 1478/86/1 1476/160/1 1474/66/1
f 1474/66/1 1472/161/1 1470/67/1
f 1470/67/1 1468/162/1 1466/68/1
f 1466/68/1 1478/86/1 1474/66/1
f 1477/35/30 1475/38/30 1476/53/30
f 1480/65/29 1477/35/29 1478/29/29
f 1475/38/32 1473/8/32 1474/26/32
f 1473/8/31 1471/15/31 1472/30/31
f 1471/15/25 1469/9/25 1470/27/25
f 1469/9/26 1467/46/26 1468/52/26
f 1467/46/27 1465/62/27 1466/28/27
f 1465/62/28 1480/48/28 1479/51/28
f 1371/26/4 1364/26/4 1365/27/4
f 1345/26/24 1362/11/24 1363/2/24
f 1365/26/1 1363/26/1 1362/29/1
f 1366/63/2 1362/63/2 1345/31/2
f 1364/26/4 1344/26/4 1363/27/4
f 1483/8/5 1481/8/5 1482/9/5
f 1487/11/5 1485/8/5 1486/9/5
f 1371/9/24 1486/9/24 1485/8/24
f 1367/8/3 1483/8/3 1484/9/3
f 1369/63/4 1488/63/4 1486/26/4
f 1344/27/24 1482/27/24 1481/26/24
f 1345/31/2 1481/31/2 1483/31/2
f 1368/2/3 1487/2/3 1488/17/3
f 1491/27/3 1489/2/3 1490/17/3
f 1368/32/2 1489/32/2 1491/19/2
f 1373/31/4 1492/31/4 1490/63/4
f 1369/17/5 1490/17/5 1489/2/5
f 1494/19/131 1496/63/131 1495/31/131
f 1506/11/24 1502/8/24 1501/9/24
f 1502/19/131 1504/63/131 1503/31/131
f 1498/11/24 1494/8/24 1493/9/24
f 1499/27/4 1497/2/4 1493/17/4
f 1500/26/2 1496/29/2 1494/64/2
f 1507/27/4 1505/2/4 1501/17/4
f 1508/26/2 1504/29/2 1502/64/2
f 1514/11/24 1510/8/24 1509/9/24
f 1510/19/131 1512/63/131 1511/31/131
f 1515/27/4 1513/2/4 1509/17/4
f 1516/26/2 1512/29/2 1510/64/2
f 1518/5/163 1517/10/163 1217/77/163
f 965/3/4 1276/2/4 1519/78/4
f 963/21/4 1225/83/4 1520/80/4
f 1519/81/164 1522/82/164 1517/82/164
f 1276/2/24 1277/11/24 1522/82/24
f 1523/78/165 1524/80/165 1226/83/165
f 1518/84/166 1524/7/166 1523/81/166
f 1225/83/5 1226/83/5 1524/80/5
f 1224/79/1 1519/78/1 1523/78/1
f 1223/77/1 1217/77/1 1517/10/1
f 1222/6/5 1521/5/5 1518/5/5
f 1521/84/167 1520/7/167 1524/7/167
f 1540/65/29 1549/65/29 1550/35/29
f 1530/9/26 1554/9/26 1555/46/26
f 1534/8/31 1552/8/31 1553/15/31
f 1530/9/25 1532/15/25 1553/15/25
f 1525/62/28 1556/62/28 1549/48/28
f 1535/38/32 1551/38/32 1552/8/32
f 1537/35/30 1550/35/30 1551/38/30
f 1525/68/1 1540/159/1 1537/86/1
f 1537/86/1 1535/160/1 1534/66/1
f 1534/66/1 1532/161/1 1530/67/1
f 1530/67/1 1528/162/1 1525/68/1
f 1525/68/1 1537/86/1 1534/66/1
f 1539/68/1 1526/159/1 1527/86/1
f 1527/86/1 1529/160/1 1531/66/1
f 1531/66/1 1533/161/1 1536/67/1
f 1536/67/1 1538/162/1 1539/68/1
f 1539/68/1 1527/86/1 1531/66/1
f 1529/38/30 1527/35/30 1542/35/30
f 1529/38/32 1543/38/32 1544/8/32
f 1539/62/28 1548/62/28 1541/48/28
f 1536/9/25 1533/15/25 1545/15/25
f 1531/8/31 1544/8/31 1545/15/31
f 1536/9/26 1546/9/26 1547/46/26
f 1526/65/29 1541/65/29 1542/35/29
f 1538/46/27 1547/46/27 1548/62/27
f 1547/46/5 1546/9/5 1545/15/5
f 1545/15/5 1544/8/5 1543/38/5
f 1543/38/5 1542/35/5 1541/48/5
f 1541/48/5 1548/62/5 1547/46/5
f 1547/46/5 1545/15/5 1543/38/5
f 1528/46/27 1555/46/27 1556/62/27
f 1555/46/5 1554/9/5 1553/15/5
f 1553/15/5 1552/8/5 1551/38/5
f 1551/38/5 1550/35/5 1549/48/5
f 1549/48/5 1556/62/5 1555/46/5
f 1555/46/5 1553/15/5 1551/38/5
f 1558/19/1 1557/32/1 1561/32/1
f 1566/57/5 1560/11/5 1559/2/5
f 1568/58/4 1559/2/4 1557/17/4
f 1566/57/2 1567/87/2 1558/64/2
f 1563/11/24 1562/8/24 1561/9/24
f 1559/2/53 1564/2/53 1561/17/53
f 1558/64/54 1562/64/54 1563/11/54
f 1560/11/5 1563/11/5 1564/2/5
f 1558/19/1 1567/55/1 1565/56/1
f 1338/59/24 1337/58/24 1339/57/24
f 1590/50/55 1589/50/55 1606/50/55
f 1592/50/56 1591/50/56 1602/50/56
f 1589/50/57 1588/50/57 1600/50/57
f 1591/50/58 1590/50/58 1607/50/58
f 1616/50/59 1600/50/59 1588/50/59
f 1623/50/5 1595/50/5 1636/50/5
f 1587/50/1 1628/50/1 1631/50/1
f 1585/50/60 1644/50/60 1643/50/60
f 1597/50/61 1648/50/61 1647/50/61
f 1603/50/62 1617/50/62 1610/50/62
f 1589/50/5 1612/50/5 1613/50/5
f 1577/50/1 1619/50/1 1584/50/1
f 1590/50/5 1611/50/5 1612/50/5
f 1577/50/1 1578/50/1 1618/50/1
f 1590/50/5 1591/50/5 1609/50/5
f 1575/50/1 1586/50/1 1615/50/1
f 1604/50/62 1614/50/62 1617/50/62
f 1622/50/59 1599/50/59 1600/50/59
f 1574/50/62 1615/50/62 1614/50/62
f 1591/50/5 1592/50/5 1610/50/5
f 1576/50/1 1584/50/1 1586/50/1
f 1618/50/59 1578/50/59 1599/50/59
f 1623/50/5 1629/50/5 1638/50/5
f 1581/50/63 1625/50/63 1626/50/63
f 1570/50/5 1632/50/5 1642/50/5
f 1622/50/64 1616/50/64 1579/50/64
f 1621/50/1 1635/50/1 1644/50/1
f 1614/50/65 1624/50/65 1626/50/65
f 1596/50/1 1633/50/1 1646/50/1
f 1581/50/66 1627/50/66 1579/50/66
f 1601/50/58 1608/50/58 1576/50/58
f 1602/50/58 1607/50/58 1608/50/58
f 1605/50/57 1599/50/57 1578/50/57
f 1606/50/57 1600/50/57 1599/50/57
f 1604/50/56 1601/50/56 1575/50/56
f 1604/50/56 1603/50/56 1602/50/56
f 1576/50/55 1608/50/55 1605/50/55
f 1608/50/55 1607/50/55 1606/50/55
f 1571/50/65 1572/50/65 1609/50/65
f 1569/50/63 1611/50/63 1609/50/63
f 1570/50/66 1612/50/66 1611/50/66
f 1573/50/64 1613/50/64 1612/50/64
f 1594/50/65 1614/50/65 1615/50/65
f 1598/50/64 1616/50/64 1613/50/64
f 1571/50/65 1610/50/65 1617/50/65
f 1582/50/64 1583/50/64 1619/50/64
f 1620/50/66 1584/50/66 1619/50/66
f 1621/50/63 1586/50/63 1584/50/63
f 1585/50/65 1615/50/65 1586/50/65
f 1582/50/64 1618/50/64 1622/50/64
f 1623/50/63 1581/50/63 1624/50/63
f 1596/50/63 1626/50/63 1625/50/63
f 1597/50/64 1622/50/64 1627/50/64
f 1598/50/64 1628/50/64 1579/50/64
f 1594/50/65 1595/50/65 1624/50/65
f 1593/50/67 1617/50/67 1626/50/67
f 1623/50/66 1580/50/66 1627/50/66
f 1587/50/66 1625/50/66 1579/50/66
f 1631/50/66 1632/50/66 1639/50/66
f 1633/50/68 1634/50/68 1641/50/68
f 1645/50/69 1642/50/69 1632/50/69
f 1640/50/152 1639/50/152 1634/50/152
f 1630/50/153 1629/50/153 1636/50/153
f 1647/50/69 1648/50/69 1638/50/69
f 1635/50/68 1636/50/68 1643/50/68
f 1630/50/66 1637/50/66 1638/50/66
f 1573/50/61 1642/50/61 1645/50/61
f 1587/50/1 1640/50/1 1633/50/1
f 1593/50/60 1646/50/60 1641/50/60
f 1580/50/5 1638/50/5 1648/50/5
f 1583/50/1 1582/50/1 1647/50/1
f 1572/50/5 1571/50/5 1641/50/5
f 1628/50/1 1598/50/1 1645/50/1
f 1620/50/1 1583/50/1 1637/50/1
f 1569/50/5 1572/50/5 1634/50/5
f 1595/50/5 1594/50/5 1643/50/5
f 1620/50/1 1630/50/1 1635/50/1
f 1569/50/5 1639/50/5 1632/50/5
f 1656/65/29 1657/65/29 1658/35/29
f 1651/9/26 1662/9/26 1663/46/26
f 1653/8/31 1660/8/31 1661/15/31
f 1651/9/25 1652/15/25 1661/15/25
f 1649/62/28 1664/62/28 1657/48/28
f 1654/38/32 1659/38/32 1660/8/32
f 1655/35/30 1658/35/30 1659/38/30
f 1649/68/1 1656/159/1 1655/86/1
f 1655/86/1 1654/160/1 1653/66/1
f 1653/66/1 1652/161/1 1651/67/1
f 1651/67/1 1650/162/1 1649/68/1
f 1649/68/1 1655/86/1 1653/66/1
f 1650/46/27 1663/46/27 1664/62/27
f 1663/46/5 1662/9/5 1661/15/5
f 1661/15/5 1660/8/5 1659/38/5
f 1659/38/5 1658/35/5 1657/48/5
f 1657/48/5 1664/62/5 1663/46/5
f 1663/46/5 1661/15/5 1659/38/5
f 1665/32/1 1666/19/1 1668/63/1
f 1668/63/70 1672/26/70 1671/27/70
f 1672/26/5 1670/11/5 1669/2/5
f 1670/11/71 1666/8/71 1665/9/71
f 1671/27/72 1669/2/72 1665/17/72
f 1680/65/29 1681/65/29 1682/35/29
f 1675/9/26 1686/9/26 1687/46/26
f 1677/8/31 1684/8/31 1685/15/31
f 1675/9/25 1676/15/25 1685/15/25
f 1673/62/28 1688/62/28 1681/48/28
f 1678/38/32 1683/38/32 1684/8/32
f 1679/35/30 1682/35/30 1683/38/30
f 1673/68/1 1680/159/1 1679/86/1
f 1679/86/1 1678/160/1 1677/66/1
f 1677/66/1 1676/161/1 1675/67/1
f 1675/67/1 1674/162/1 1673/68/1
f 1673/68/1 1679/86/1 1677/66/1
f 1674/46/27 1687/46/27 1688/62/27
f 1687/46/5 1686/9/5 1685/15/5
f 1685/15/5 1684/8/5 1683/38/5
f 1683/38/5 1682/35/5 1681/48/5
f 1681/48/5 1688/62/5 1687/46/5
f 1687/46/5 1685/15/5 1683/38/5
f 1696/65/29 1697/65/29 1698/35/29
f 1691/9/26 1702/9/26 1703/46/26
f 1693/8/31 1700/8/31 1701/15/31
f 1691/9/25 1692/15/25 1701/15/25
f 1689/62/28 1704/62/28 1697/48/28
f 1694/38/32 1699/38/32 1700/8/32
f 1695/35/30 1698/35/30 1699/38/30
f 1689/68/1 1696/159/1 1695/86/1
f 1695/86/1 1694/160/1 1693/66/1
f 1693/66/1 1692/161/1 1691/67/1
f 1691/67/1 1690/162/1 1689/68/1
f 1689/68/1 1695/86/1 1693/66/1
f 1690/46/27 1703/46/27 1704/62/27
f 1703/46/5 1702/9/5 1701/15/5
f 1701/15/5 1700/8/5 1699/38/5
f 1699/38/5 1698/35/5 1697/48/5
f 1697/48/5 1704/62/5 1703/46/5
f 1703/46/5 1701/15/5 1699/38/5
f 1725/89/73 1713/28/73 1712/88/73
f 1724/92/74 1711/109/74 1713/91/74
f 1716/29/75 1728/95/75 1727/93/75
f 1715/96/76 1726/118/76 1728/95/76
f 1707/17/77 1719/100/77 1718/98/77
f 1706/101/78 1717/112/78 1719/100/78
f 1722/103/79 1710/64/79 1709/102/79
f 1721/105/80 1708/163/80 1710/8/80
f 1732/64/139 1736/29/139 1734/106/139
f 1730/32/138 1733/31/138 1736/31/138
f 1757/89/73 1745/28/73 1744/88/73
f 1756/92/74 1743/109/74 1745/91/74
f 1748/29/154 1760/95/154 1759/93/154
f 1747/108/76 1758/118/76 1760/95/76
f 1739/17/155 1751/100/155 1750/98/155
f 1738/101/78 1749/112/78 1751/100/78
f 1754/103/79 1742/64/79 1741/102/79
f 1753/105/80 1740/163/80 1742/8/80
f 1781/89/85 1769/91/85 1768/109/85
f 1780/90/86 1767/88/86 1769/28/86
f 1772/111/87 1784/95/87 1783/110/87
f 1771/94/95 1782/93/95 1784/95/95
f 1763/9/89 1775/113/89 1774/112/89
f 1762/99/96 1773/98/96 1775/113/96
f 1778/115/91 1766/8/91 1765/114/91
f 1777/104/92 1764/102/92 1766/64/92
f 1788/32/138 1792/31/138 1790/31/138
f 1786/117/137 1789/141/137 1792/29/137
f 1813/89/85 1801/91/85 1800/109/85
f 1812/90/86 1799/88/86 1801/28/86
f 1804/111/87 1816/95/87 1815/118/87
f 1803/94/95 1814/93/95 1816/95/95
f 1795/9/89 1807/113/89 1806/112/89
f 1794/99/96 1805/98/96 1807/113/96
f 1810/115/91 1798/8/91 1797/114/91
f 1809/104/92 1796/102/92 1798/64/92
f 1837/120/98 1825/164/98 1824/119/98
f 1836/122/99 1823/145/99 1825/28/99
f 1828/124/100 1840/126/100 1839/123/100
f 1827/127/101 1838/148/101 1840/126/101
f 1819/9/102 1831/130/102 1830/128/102
f 1818/131/103 1829/98/103 1831/130/103
f 1834/133/104 1822/8/104 1821/132/104
f 1833/135/105 1820/165/105 1822/64/105
f 1861/120/98 1849/164/98 1848/119/98
f 1860/122/99 1847/145/99 1849/28/99
f 1852/124/100 1864/126/100 1863/123/100
f 1851/127/101 1862/148/101 1864/126/101
f 1843/9/102 1855/130/102 1854/128/102
f 1842/131/103 1853/98/103 1855/130/103
f 1858/133/104 1846/8/104 1845/132/104
f 1857/135/105 1844/165/105 1846/64/105
f 1705/99/106 1718/98/106 1723/90/106
f 1707/150/1 1705/166/1 1712/138/1
f 1712/138/1 1713/91/1 1711/109/1
f 1711/109/1 1715/96/1 1716/97/1
f 1716/97/1 1714/169/1 1709/149/1
f 1709/149/1 1710/168/1 1708/137/1
f 1708/137/1 1706/167/1 1707/150/1
f 1707/150/1 1712/138/1 1711/109/1
f 1711/109/1 1716/97/1 1709/149/1
f 1709/149/1 1708/137/1 1707/150/1
f 1706/101/107 1708/163/107 1721/105/107
f 1720/104/108 1709/102/108 1714/94/108
f 1724/92/109 1726/118/109 1715/96/109
f 1725/89/5 1723/90/5 1718/98/5
f 1718/98/5 1719/100/5 1717/112/5
f 1717/112/5 1721/105/5 1722/103/5
f 1722/103/5 1720/104/5 1727/93/5
f 1727/93/5 1728/95/5 1726/118/5
f 1726/118/5 1724/92/5 1725/89/5
f 1725/89/5 1718/98/5 1717/112/5
f 1717/112/5 1722/103/5 1727/93/5
f 1727/93/5 1726/118/5 1725/89/5
f 1731/9/3 987/9/3 994/9/3
f 994/9/3 996/9/3 1730/9/3
f 990/11/3 989/2/3 987/9/3
f 987/9/3 1731/139/3 1729/142/3
f 996/32/121 995/31/121 1733/31/121
f 990/11/140 1729/107/140 1734/106/140
f 1735/31/24 1733/31/24 995/31/24
f 995/31/24 993/31/24 988/31/24
f 1735/140/24 988/31/24 991/27/24
f 991/27/24 992/26/24 1734/143/24
f 1737/99/106 1750/98/106 1755/90/106
f 1739/150/1 1737/166/1 1744/138/1
f 1744/138/1 1745/91/1 1743/109/1
f 1743/109/1 1747/108/1 1748/97/1
f 1748/97/1 1746/169/1 1741/149/1
f 1741/149/1 1742/168/1 1740/137/1
f 1740/137/1 1738/167/1 1739/150/1
f 1739/150/1 1744/138/1 1743/109/1
f 1743/109/1 1748/97/1 1741/149/1
f 1741/149/1 1740/137/1 1739/150/1
f 1738/101/107 1740/163/107 1753/105/107
f 1752/104/108 1741/102/108 1746/94/108
f 1756/92/109 1758/118/109 1747/108/109
f 1757/89/5 1755/90/5 1750/98/5
f 1750/98/5 1751/100/5 1749/112/5
f 1749/112/5 1753/105/5 1754/103/5
f 1754/103/5 1752/104/5 1759/93/5
f 1759/93/5 1760/95/5 1758/118/5
f 1758/118/5 1756/92/5 1757/89/5
f 1757/89/5 1750/98/5 1749/112/5
f 1749/112/5 1754/103/5 1759/93/5
f 1759/93/5 1758/118/5 1757/89/5
f 1780/90/111 1773/98/111 1762/99/111
f 1763/150/1 1761/167/1 1765/137/1
f 1765/137/1 1766/170/1 1764/149/1
f 1764/149/1 1771/169/1 1772/111/1
f 1772/111/1 1770/108/1 1768/109/1
f 1768/109/1 1769/91/1 1767/138/1
f 1767/138/1 1762/166/1 1763/150/1
f 1763/150/1 1765/137/1 1764/149/1
f 1764/149/1 1772/111/1 1768/109/1
f 1768/109/1 1767/138/1 1763/150/1
f 1776/116/112 1765/114/112 1761/101/112
f 1771/94/113 1764/102/113 1777/104/113
f 1770/108/114 1783/110/114 1779/92/114
f 1781/89/5 1779/92/5 1783/110/5
f 1783/110/5 1784/95/5 1782/93/5
f 1782/93/5 1777/104/5 1778/115/5
f 1778/115/5 1776/116/5 1774/112/5
f 1774/112/5 1775/113/5 1773/98/5
f 1773/98/5 1780/90/5 1781/89/5
f 1781/89/5 1783/110/5 1782/93/5
f 1782/93/5 1778/115/5 1774/112/5
f 1774/112/5 1773/98/5 1781/89/5
f 1315/9/24 1308/9/24 1787/9/24
f 1787/9/24 1785/9/24 1317/9/24
f 1789/141/140 1786/117/140 1311/11/140
f 1308/9/24 1310/2/24 1311/11/24
f 1311/11/24 1786/142/24 1787/151/24
f 1790/31/121 1316/31/121 1317/32/121
f 1312/27/3 1309/31/3 1791/144/3
f 1791/144/3 1789/143/3 1313/26/3
f 1790/31/3 1791/31/3 1309/31/3
f 1309/31/3 1314/31/3 1316/31/3
f 1812/90/111 1805/98/111 1794/99/111
f 1795/150/1 1793/167/1 1797/137/1
f 1797/137/1 1798/170/1 1796/149/1
f 1796/149/1 1803/169/1 1804/111/1
f 1804/111/1 1802/108/1 1800/109/1
f 1800/109/1 1801/91/1 1799/138/1
f 1799/138/1 1794/166/1 1795/150/1
f 1795/150/1 1797/137/1 1796/149/1
f 1796/149/1 1804/111/1 1800/109/1
f 1800/109/1 1799/138/1 1795/150/1
f 1808/116/112 1797/114/112 1793/101/112
f 1803/94/113 1796/102/113 1809/104/113
f 1802/108/114 1815/118/114 1811/92/114
f 1813/89/5 1811/92/5 1815/118/5
f 1815/118/5 1816/95/5 1814/93/5
f 1814/93/5 1809/104/5 1810/115/5
f 1810/115/5 1808/116/5 1806/112/5
f 1806/112/5 1807/113/5 1805/98/5
f 1805/98/5 1812/90/5 1813/89/5
f 1813/89/5 1815/118/5 1814/93/5
f 1814/93/5 1810/115/5 1806/112/5
f 1806/112/5 1805/98/5 1813/89/5
f 1836/122/115 1829/98/115 1818/131/115
f 1819/153/1 1817/171/1 1821/147/1
f 1821/147/1 1822/173/1 1820/152/1
f 1820/152/1 1827/172/1 1828/124/1
f 1828/124/1 1826/125/1 1824/119/1
f 1824/119/1 1825/164/1 1823/146/1
f 1823/146/1 1818/166/1 1819/153/1
f 1819/153/1 1821/147/1 1820/152/1
f 1820/152/1 1828/124/1 1824/119/1
f 1824/119/1 1823/146/1 1819/153/1
f 1832/134/119 1821/132/119 1817/129/119
f 1827/127/117 1820/165/117 1833/135/117
f 1826/125/156 1839/123/156 1835/121/156
f 1837/120/5 1835/121/5 1839/123/5
f 1839/123/5 1840/126/5 1838/148/5
f 1838/148/5 1833/135/5 1834/133/5
f 1834/133/5 1832/134/5 1830/128/5
f 1830/128/5 1831/130/5 1829/98/5
f 1829/98/5 1836/122/5 1837/120/5
f 1837/120/5 1839/123/5 1838/148/5
f 1838/148/5 1834/133/5 1830/128/5
f 1830/128/5 1829/98/5 1837/120/5
f 1860/122/115 1853/98/115 1842/131/115
f 1843/153/1 1841/171/1 1845/147/1
f 1845/147/1 1846/173/1 1844/152/1
f 1844/152/1 1851/172/1 1852/124/1
f 1852/124/1 1850/136/1 1848/119/1
f 1848/119/1 1849/164/1 1847/146/1
f 1847/146/1 1842/166/1 1843/153/1
f 1843/153/1 1845/147/1 1844/152/1
f 1844/152/1 1852/124/1 1848/119/1
f 1848/119/1 1847/146/1 1843/153/1
f 1856/134/119 1845/132/119 1841/129/119
f 1851/127/117 1844/165/117 1857/135/117
f 1850/136/118 1863/123/118 1859/121/118
f 1861/120/5 1859/121/5 1863/123/5
f 1863/123/5 1864/126/5 1862/148/5
f 1862/148/5 1857/135/5 1858/133/5
f 1858/133/5 1856/134/5 1854/128/5
f 1854/128/5 1855/130/5 1853/98/5
f 1853/98/5 1860/122/5 1861/120/5
f 1861/120/5 1863/123/5 1862/148/5
f 1862/148/5 1858/133/5 1854/128/5
f 1854/128/5 1853/98/5 1861/120/5
o WheelFrame.006
v -1.068000 0.510000 -1.910000
v -1.050000 0.690000 -1.910000
v -0.910000 0.510000 -1.910000
v -0.910000 0.690000 -1.910000
v -0.900000 0.440000 -1.820000
v -0.900000 0.500000 -1.820000
v -0.840000 0.440000 -1.820000
v -0.840000 0.500000 -1.820000
v -0.900000 0.440000 -1.890000
v -0.900000 0.500000 -1.890000
v -0.840000 0.440000 -1.890000
v -0.840000 0.500000 -1.890000
v -0.840000 1.000000 -1.930000
v -0.840000 1.000000 -1.780000
v -0.900000 1.000000 -1.780000
v -0.900000 1.000000 -1.930000
v -0.970000 0.810000 -1.660000
v -0.970000 1.000000 -1.440000
v -0.970000 0.810000 -1.680000
v -0.910000 0.810000 -1.660000
v -0.910000 1.000000 -1.440000
v -0.910000 0.810000 -1.680000
v -0.970000 0.900000 -1.500000
v -0.970000 1.000000 -1.640000
v -0.910000 1.000000 -1.640000
v -0.910000 0.900000 -1.500000
v -0.900000 0.440000 -2.000000
v -0.900000 0.500000 -2.000000
v -0.840000 0.440000 -2.000000
v -0.840000 0.500000 -2.000000
v -1.068000 0.510000 -2.000000
v -1.050000 0.690000 -2.000000
v -0.910000 0.510000 -2.000000
v -0.910000 0.690000 -2.000000
v -0.970000 0.700000 -2.000000
v -0.970000 0.820000 -2.000000
v -0.910000 0.700000 -2.000000
v -0.910000 0.820000 -2.000000
v -1.030000 0.720000 -2.000000
v -1.030000 0.720000 -1.930000
v -1.019394 0.715607 -2.000000
v -1.019394 0.715607 -1.930000
v -1.015000 0.705000 -2.000000
v -1.015000 0.705000 -1.930000
v -1.019394 0.694393 -2.000000
v -1.019394 0.694393 -1.930000
v -1.030000 0.690000 -2.000000
v -1.030000 0.690000 -1.930000
v -1.040607 0.694393 -2.000000
v -1.040607 0.694393 -1.930000
v -1.045000 0.705000 -2.000000
v -1.045000 0.705000 -1.930000
v -1.040607 0.715607 -2.000000
v -1.040607 0.715607 -1.930000
v -1.049000 0.700000 -1.950000
v -1.049000 0.700000 -1.970000
v -1.031500 0.698000 -1.950000
v -1.030500 0.723000 -1.950000
v -1.031500 0.698000 -1.970000
v -1.030500 0.723000 -1.970000
v -1.057000 0.620000 -1.970000
v -1.057000 0.620000 -1.950000
v -1.067000 0.620000 -1.970000
v -1.067000 0.620000 -1.950000
v -1.020000 0.716000 -1.970000
v -1.020000 0.716000 -1.950000
v -1.030000 0.720000 -1.972000
v -1.019394 0.715607 -1.972000
v -1.015000 0.705000 -1.972000
v -1.019394 0.694393 -1.972000
v -1.030000 0.690000 -1.972000
v -1.040607 0.694393 -1.972000
v -1.045000 0.705000 -1.972000
v -1.040607 0.715607 -1.972000
v -1.030000 0.726580 -2.000000
v -1.014741 0.720259 -2.000000
v -1.014741 0.720259 -1.972000
v -1.008420 0.705000 -2.000000
v -1.008420 0.705000 -1.972000
v -1.014741 0.689741 -2.000000
v -1.014741 0.689741 -1.972000
v -1.030000 0.683420 -2.000000
v -1.030000 0.683420 -1.972000
v -1.045259 0.689741 -2.000000
v -1.045259 0.689741 -1.972000
v -1.051580 0.705000 -2.000000
v -1.051580 0.705000 -1.972000
v -1.045259 0.720259 -2.000000
v -1.045259 0.720259 -1.972000
v -1.030000 0.726580 -1.972000
v -0.977071 0.827071 -1.960000
v -0.977071 0.827071 -2.000000
v -0.902929 0.692929 -1.960000
v -0.902929 0.692929 -2.000000
v -0.902929 0.827071 -2.000000
v -0.977071 0.692929 -2.000000
v -0.977071 0.692929 -1.960000
v -0.902929 0.827071 -1.960000
v -0.910000 0.440000 -1.890000
v -0.910000 0.440000 -1.820000
v -0.910000 0.490000 -1.820000
v -0.910000 0.440000 -2.000000
v -0.910000 0.490000 -1.890000
v -0.910000 0.490000 -2.000000
v -0.920000 0.520000 -1.875000
v -0.920000 0.680000 -1.875000
v -0.910000 0.480000 -1.847500
v -0.915000 0.480000 -1.847500
v -0.915000 0.474697 -1.845303
v -0.910000 0.474697 -1.845303
v -0.915000 0.472500 -1.840000
v -0.910000 0.472500 -1.840000
v -0.915000 0.474697 -1.834697
v -0.910000 0.474697 -1.834697
v -0.915000 0.480000 -1.832500
v -0.910000 0.480000 -1.832500
v -0.915000 0.485303 -1.834697
v -0.910000 0.485303 -1.834697
v -0.915000 0.487500 -1.840000
v -0.910000 0.487500 -1.840000
v -0.915000 0.485303 -1.845303
v -0.910000 0.485303 -1.845303
v -0.930000 0.680000 -1.875000
v -0.930000 0.520000 -1.875000
v -0.920000 0.520000 -1.880000
v -0.930000 0.520000 -1.880000
v -0.930000 0.680000 -1.880000
v -0.920000 0.680000 -1.880000
v -0.920000 0.680000 -1.895000
v -0.920000 0.520000 -1.895000
v -0.920000 0.680000 -1.890000
v -0.920000 0.520000 -1.890000
v -0.930000 0.680000 -1.895000
v -0.930000 0.520000 -1.895000
v -0.930000 0.680000 -1.890000
v -0.930000 0.520000 -1.890000
v -0.900000 0.446000 -1.820000
v -0.840000 0.446000 -1.820000
v -0.840000 0.446000 -1.890000
v -0.840000 0.446000 -2.000000
v -0.910000 0.446000 -1.820000
v -0.910000 0.446000 -1.890000
v -0.910000 0.446000 -2.000000
v -0.920000 0.440000 -1.890000
v -0.920000 0.440000 -1.820000
v -0.920000 0.440000 -2.000000
v -0.920000 0.445000 -1.890000
v -0.920000 0.445000 -2.000000
v -0.920000 0.445000 -1.820000
v -0.903750 0.530000 -1.850000
v -0.903750 0.700000 -1.850000
v -0.903750 0.530000 -1.890000
v -0.903750 0.700000 -1.890000
v -0.896250 0.530000 -1.850000
v -0.896250 0.700000 -1.850000
v -0.896250 0.530000 -1.890000
v -0.896250 0.700000 -1.890000
v -0.903750 0.530000 -1.880000
v -0.903750 0.700000 -1.880000
v -0.896250 0.530000 -1.881000
v -0.896250 0.700000 -1.881000
v -0.918750 0.700000 -1.880000
v -0.918750 0.700000 -1.890000
v -0.918750 0.530000 -1.890000
v -0.918750 0.530000 -1.880000
v -0.910000 0.590000 -1.867500
v -0.915000 0.590000 -1.867500
v -0.915000 0.584697 -1.865303
v -0.910000 0.584697 -1.865303
v -0.915000 0.582500 -1.860000
v -0.910000 0.582500 -1.860000
v -0.915000 0.584697 -1.854697
v -0.910000 0.584697 -1.854697
v -0.915000 0.590000 -1.852500
v -0.910000 0.590000 -1.852500
v -0.915000 0.595303 -1.854697
v -0.910000 0.595303 -1.854697
v -0.915000 0.597500 -1.860000
v -0.910000 0.597500 -1.860000
v -0.915000 0.595303 -1.865303
v -0.910000 0.595303 -1.865303
v -0.910000 0.555303 -1.865303
v -0.915000 0.555303 -1.865303
v -0.910000 0.557500 -1.860000
v -0.915000 0.557500 -1.860000
v -0.910000 0.555303 -1.854697
v -0.915000 0.555303 -1.854697
v -0.910000 0.550000 -1.852500
v -0.915000 0.550000 -1.852500
v -0.910000 0.544697 -1.854697
v -0.915000 0.544697 -1.854697
v -0.910000 0.542500 -1.860000
v -0.915000 0.542500 -1.860000
v -0.910000 0.544697 -1.865303
v -0.915000 0.544697 -1.865303
v -0.915000 0.550000 -1.867500
v -0.910000 0.550000 -1.867500
v -0.910000 0.645303 -1.865303
v -0.915000 0.645303 -1.865303
v -0.910000 0.647500 -1.860000
v -0.915000 0.647500 -1.860000
v -0.910000 0.645303 -1.854697
v -0.915000 0.645303 -1.854697
v -0.910000 0.640000 -1.852500
v -0.915000 0.640000 -1.852500
v -0.910000 0.634697 -1.854697
v -0.915000 0.634697 -1.854697
v -0.910000 0.632500 -1.860000
v -0.915000 0.632500 -1.860000
v -0.910000 0.634697 -1.865303
v -0.915000 0.634697 -1.865303
v -0.915000 0.640000 -1.867500
v -0.910000 0.640000 -1.867500
v -0.910000 0.680000 -1.867500
v -0.915000 0.680000 -1.867500
v -0.915000 0.674697 -1.865303
v -0.910000 0.674697 -1.865303
v -0.915000 0.672500 -1.860000
v -0.910000 0.672500 -1.860000
v -0.915000 0.674697 -1.854697
v -0.910000 0.674697 -1.854697
v -0.915000 0.680000 -1.852500
v -0.910000 0.680000 -1.852500
v -0.915000 0.685303 -1.854697
v -0.910000 0.685303 -1.854697
v -0.915000 0.687500 -1.860000
v -0.910000 0.687500 -1.860000
v -0.915000 0.685303 -1.865303
v -0.910000 0.685303 -1.865303
v -0.910000 0.485303 -1.875303
v -0.915000 0.485303 -1.875303
v -0.910000 0.487500 -1.870000
v -0.915000 0.487500 -1.870000
v -0.910000 0.485303 -1.864697
v -0.915000 0.485303 -1.864697
v -0.910000 0.480000 -1.862500
v -0.915000 0.480000 -1.862500
v -0.910000 0.474697 -1.864697
v -0.915000 0.474697 -1.864697
v -0.910000 0.472500 -1.870000
v -0.915000 0.472500 -1.870000
v -0.910000 0.474697 -1.875303
v -0.915000 0.474697 -1.875303
v -0.915000 0.480000 -1.877500
v -0.910000 0.480000 -1.877500
v -0.915000 0.680000 -1.875000
v -0.915000 0.520000 -1.875000
v -0.915000 0.680000 -1.880000
v -0.915000 0.520000 -1.880000
v -0.915000 0.680000 -1.890000
v -0.915000 0.520000 -1.890000
v -0.915000 0.680000 -1.895000
v -0.915000 0.520000 -1.895000
v -0.920000 0.680000 -1.910000
v -0.920000 0.520000 -1.910000
v -0.930000 0.680000 -1.910000
v -0.930000 0.520000 -1.910000
v -0.932000 0.670000 -1.875000
v -0.932000 0.680000 -1.875000
v -0.950000 0.670000 -1.910000
v -0.950000 0.680000 -1.910000
v -0.930000 0.670000 -1.875000
v -0.930000 0.680000 -1.875000
v -0.930000 0.670000 -1.910000
v -0.930000 0.680000 -1.910000
v -0.932000 0.520000 -1.875000
v -0.932000 0.530000 -1.875000
v -0.950000 0.520000 -1.910000
v -0.950000 0.530000 -1.910000
v -0.930000 0.520000 -1.875000
v -0.930000 0.530000 -1.875000
v -0.930000 0.520000 -1.910000
v -0.930000 0.530000 -1.910000
v -0.932000 0.595000 -1.875000
v -0.932000 0.605000 -1.875000
v -0.950000 0.595000 -1.910000
v -0.950000 0.605000 -1.910000
v -0.930000 0.595000 -1.875000
v -0.930000 0.605000 -1.875000
v -0.930000 0.595000 -1.910000
v -0.930000 0.605000 -1.910000
v -1.040998 0.688175 -1.911709
v -1.043002 0.688288 -1.911821
v -1.043002 0.687500 -2.000000
v -1.040998 0.687500 -2.000000
v -1.059098 0.510000 -1.910000
v -1.061102 0.510000 -1.910000
v -1.043002 0.690000 -1.910000
v -1.040998 0.690000 -1.910000
v -1.043002 0.690000 -2.000000
v -1.040998 0.690000 -2.000000
v -1.059098 0.510000 -2.000000
v -1.061102 0.510000 -2.000000
v -1.061102 0.512500 -2.000000
v -1.059098 0.512500 -2.000000
v -1.059098 0.511712 -1.911821
v -1.061102 0.511825 -1.911709
v -0.988000 0.827955 -1.679955
v -0.988000 0.881000 -1.718250
v -0.988000 0.873045 -1.714955
v -0.988000 0.831250 -1.672000
v -0.988000 0.869750 -1.707000
v -0.988000 0.827955 -1.664045
v -0.988000 0.873045 -1.699045
v -0.988000 0.820000 -1.660750
v -0.988000 0.881000 -1.695750
v -0.988000 0.812045 -1.664045
v -0.988000 0.808750 -1.672000
v -0.988000 0.888955 -1.699045
v -0.988000 0.812045 -1.679955
v -0.988000 0.892250 -1.707000
v -0.988000 0.888955 -1.714955
v -0.988000 0.820000 -1.683250
v -0.892000 0.881000 -1.718250
v -0.892000 0.873045 -1.714955
v -0.892000 0.869750 -1.707000
v -0.892000 0.873045 -1.699045
v -0.892000 0.881000 -1.695750
v -0.892000 0.888955 -1.699045
v -0.892000 0.892250 -1.707000
v -0.892000 0.888955 -1.714955
v -0.892000 0.820000 -1.683250
v -0.892000 0.812045 -1.679955
v -0.892000 0.808750 -1.672000
v -0.892000 0.812045 -1.664045
v -0.892000 0.820000 -1.660750
v -0.892000 0.827955 -1.664045
v -0.892000 0.831250 -1.672000
v -0.892000 0.827955 -1.679955
v -0.970000 0.700000 -1.950000
v -0.970000 0.820000 -1.950000
v -0.910000 0.700000 -1.950000
v -0.910000 0.820000 -1.950000
v -0.970000 0.830000 -1.700000
v -0.970000 0.870000 -1.700000
v -0.910000 0.870000 -1.700000
v -0.910000 0.830000 -1.700000
v -0.970000 0.700000 -1.960000
v -0.910000 0.820000 -1.960000
v -0.970000 0.820000 -1.960000
v -0.910000 0.700000 -1.960000
v -1.068000 0.510000 -2.090000
v -1.050000 0.690000 -2.090000
v -0.910000 0.510000 -2.090000
v -0.910000 0.690000 -2.090000
v -0.900000 0.440000 -2.180000
v -0.900000 0.500000 -2.180000
v -0.840000 0.440000 -2.180000
v -0.840000 0.500000 -2.180000
v -0.900000 0.440000 -2.110000
v -0.900000 0.500000 -2.110000
v -0.840000 0.440000 -2.110000
v -0.840000 0.500000 -2.110000
v -0.840000 1.000000 -2.070000
v -0.840000 1.000000 -2.220000
v -0.900000 1.000000 -2.220000
v -0.900000 1.000000 -2.070000
v -0.970000 0.810000 -2.340000
v -0.970000 1.000000 -2.560000
v -0.970000 0.810000 -2.320000
v -0.910000 0.810000 -2.340000
v -0.910000 1.000000 -2.560000
v -0.910000 0.810000 -2.320000
v -0.970000 0.900000 -2.500000
v -0.970000 1.000000 -2.360000
v -0.910000 1.000000 -2.360000
v -0.910000 0.900000 -2.500000
v -1.030000 0.720000 -2.070000
v -1.019394 0.715607 -2.070000
v -1.015000 0.705000 -2.070000
v -1.019394 0.694393 -2.070000
v -1.030000 0.690000 -2.070000
v -1.040607 0.694393 -2.070000
v -1.045000 0.705000 -2.070000
v -1.040607 0.715607 -2.070000
v -1.049000 0.700000 -2.050000
v -1.049000 0.700000 -2.030000
v -1.031500 0.698000 -2.050000
v -1.030500 0.723000 -2.050000
v -1.031500 0.698000 -2.030000
v -1.030500 0.723000 -2.030000
v -1.057000 0.620000 -2.030000
v -1.057000 0.620000 -2.050000
v -1.067000 0.620000 -2.030000
v -1.067000 0.620000 -2.050000
v -1.020000 0.716000 -2.030000
v -1.020000 0.716000 -2.050000
v -1.030000 0.720000 -2.028000
v -1.019394 0.715607 -2.028000
v -1.015000 0.705000 -2.028000
v -1.019394 0.694393 -2.028000
v -1.030000 0.690000 -2.028000
v -1.040607 0.694393 -2.028000
v -1.045000 0.705000 -2.028000
v -1.040607 0.715607 -2.028000
v -1.014741 0.720259 -2.028000
v -1.008420 0.705000 -2.028000
v -1.014741 0.689741 -2.028000
v -1.030000 0.683420 -2.028000
v -1.045259 0.689741 -2.028000
v -1.051580 0.705000 -2.028000
v -1.045259 0.720259 -2.028000
v -1.030000 0.726580 -2.028000
v -0.977071 0.827071 -2.040000
v -0.902929 0.692929 -2.040000
v -0.977071 0.692929 -2.040000
v -0.902929 0.827071 -2.040000
v -0.910000 0.440000 -2.110000
v -0.910000 0.440000 -2.180000
v -0.910000 0.490000 -2.180000
v -0.910000 0.490000 -2.110000
v -0.920000 0.520000 -2.125000
v -0.920000 0.680000 -2.125000
v -0.910000 0.480000 -2.152500
v -0.915000 0.480000 -2.152500
v -0.915000 0.474697 -2.154697
v -0.910000 0.474697 -2.154697
v -0.915000 0.472500 -2.160000
v -0.910000 0.472500 -2.160000
v -0.915000 0.474697 -2.165303
v -0.910000 0.474697 -2.165303
v -0.915000 0.480000 -2.167500
v -0.910000 0.480000 -2.167500
v -0.915000 0.485303 -2.165303
v -0.910000 0.485303 -2.165303
v -0.915000 0.487500 -2.160000
v -0.910000 0.487500 -2.160000
v -0.915000 0.485303 -2.154697
v -0.910000 0.485303 -2.154697
v -0.930000 0.680000 -2.125000
v -0.930000 0.520000 -2.125000
v -0.920000 0.520000 -2.120000
v -0.930000 0.520000 -2.120000
v -0.930000 0.680000 -2.120000
v -0.920000 0.680000 -2.120000
v -0.920000 0.680000 -2.105000
v -0.920000 0.520000 -2.105000
v -0.920000 0.680000 -2.110000
v -0.920000 0.520000 -2.110000
v -0.930000 0.680000 -2.105000
v -0.930000 0.520000 -2.105000
v -0.930000 0.680000 -2.110000
v -0.930000 0.520000 -2.110000
v -0.900000 0.446000 -2.180000
v -0.840000 0.446000 -2.180000
v -0.840000 0.446000 -2.110000
v -0.910000 0.446000 -2.180000
v -0.910000 0.446000 -2.110000
v -0.920000 0.440000 -2.110000
v -0.920000 0.440000 -2.180000
v -0.920000 0.445000 -2.110000
v -0.920000 0.445000 -2.180000
v -0.903750 0.530000 -2.150000
v -0.903750 0.700000 -2.150000
v -0.903750 0.530000 -2.110000
v -0.903750 0.700000 -2.110000
v -0.896250 0.530000 -2.150000
v -0.896250 0.700000 -2.150000
v -0.896250 0.530000 -2.110000
v -0.896250 0.700000 -2.110000
v -0.903750 0.530000 -2.120000
v -0.903750 0.700000 -2.120000
v -0.896250 0.530000 -2.119000
v -0.896250 0.700000 -2.119000
v -0.918750 0.700000 -2.120000
v -0.918750 0.700000 -2.110000
v -0.918750 0.530000 -2.110000
v -0.918750 0.530000 -2.120000
v -0.910000 0.590000 -2.132500
v -0.915000 0.590000 -2.132500
v -0.915000 0.584697 -2.134697
v -0.910000 0.584697 -2.134697
v -0.915000 0.582500 -2.140000
v -0.910000 0.582500 -2.140000
v -0.915000 0.584697 -2.145303
v -0.910000 0.584697 -2.145303
v -0.915000 0.590000 -2.147500
v -0.910000 0.590000 -2.147500
v -0.915000 0.595303 -2.145303
v -0.910000 0.595303 -2.145303
v -0.915000 0.597500 -2.140000
v -0.910000 0.597500 -2.140000
v -0.915000 0.595303 -2.134697
v -0.910000 0.595303 -2.134697
v -0.910000 0.555303 -2.134697
v -0.915000 0.555303 -2.134697
v -0.910000 0.557500 -2.140000
v -0.915000 0.557500 -2.140000
v -0.910000 0.555303 -2.145303
v -0.915000 0.555303 -2.145303
v -0.910000 0.550000 -2.147500
v -0.915000 0.550000 -2.147500
v -0.910000 0.544697 -2.145303
v -0.915000 0.544697 -2.145303
v -0.910000 0.542500 -2.140000
v -0.915000 0.542500 -2.140000
v -0.910000 0.544697 -2.134697
v -0.915000 0.544697 -2.134697
v -0.915000 0.550000 -2.132500
v -0.910000 0.550000 -2.132500
v -0.910000 0.645303 -2.134697
v -0.915000 0.645303 -2.134697
v -0.910000 0.647500 -2.140000
v -0.915000 0.647500 -2.140000
v -0.910000 0.645303 -2.145303
v -0.915000 0.645303 -2.145303
v -0.910000 0.640000 -2.147500
v -0.915000 0.640000 -2.147500
v -0.910000 0.634697 -2.145303
v -0.915000 0.634697 -2.145303
v -0.910000 0.632500 -2.140000
v -0.915000 0.632500 -2.140000
v -0.910000 0.634697 -2.134697
v -0.915000 0.634697 -2.134697
v -0.915000 0.640000 -2.132500
v -0.910000 0.640000 -2.132500
v -0.910000 0.680000 -2.132500
v -0.915000 0.680000 -2.132500
v -0.915000 0.674697 -2.134697
v -0.910000 0.674697 -2.134697
v -0.915000 0.672500 -2.140000
v -0.910000 0.672500 -2.140000
v -0.915000 0.674697 -2.145303
v -0.910000 0.674697 -2.145303
v -0.915000 0.680000 -2.147500
v -0.910000 0.680000 -2.147500
v -0.915000 0.685303 -2.145303
v -0.910000 0.685303 -2.145303
v -0.915000 0.687500 -2.140000
v -0.910000 0.687500 -2.140000
v -0.915000 0.685303 -2.134697
v -0.910000 0.685303 -2.134697
v -0.910000 0.485303 -2.124697
v -0.915000 0.485303 -2.124697
v -0.910000 0.487500 -2.130000
v -0.915000 0.487500 -2.130000
v -0.910000 0.485303 -2.135303
v -0.915000 0.485303 -2.135303
v -0.910000 0.480000 -2.137500
v -0.915000 0.480000 -2.137500
v -0.910000 0.474697 -2.135303
v -0.915000 0.474697 -2.135303
v -0.910000 0.472500 -2.130000
v -0.915000 0.472500 -2.130000
v -0.910000 0.474697 -2.124697
v -0.915000 0.474697 -2.124697
v -0.915000 0.480000 -2.122500
v -0.910000 0.480000 -2.122500
v -0.915000 0.680000 -2.125000
v -0.915000 0.520000 -2.125000
v -0.915000 0.680000 -2.120000
v -0.915000 0.520000 -2.120000
v -0.915000 0.680000 -2.110000
v -0.915000 0.520000 -2.110000
v -0.915000 0.680000 -2.105000
v -0.915000 0.520000 -2.105000
v -0.920000 0.680000 -2.090000
v -0.920000 0.520000 -2.090000
v -0.930000 0.680000 -2.090000
v -0.930000 0.520000 -2.090000
v -0.932000 0.670000 -2.125000
v -0.932000 0.680000 -2.125000
v -0.950000 0.670000 -2.090000
v -0.950000 0.680000 -2.090000
v -0.930000 0.670000 -2.125000
v -0.930000 0.680000 -2.125000
v -0.930000 0.670000 -2.090000
v -0.930000 0.680000 -2.090000
v -0.932000 0.520000 -2.125000
v -0.932000 0.530000 -2.125000
v -0.950000 0.520000 -2.090000
v -0.950000 0.530000 -2.090000
v -0.930000 0.520000 -2.125000
v -0.930000 0.530000 -2.125000
v -0.930000 0.520000 -2.090000
v -0.930000 0.530000 -2.090000
v -0.932000 0.595000 -2.125000
v -0.932000 0.605000 -2.125000
v -0.950000 0.595000 -2.090000
v -0.950000 0.605000 -2.090000
v -0.930000 0.595000 -2.125000
v -0.930000 0.605000 -2.125000
v -0.930000 0.595000 -2.090000
v -0.930000 0.605000 -2.090000
v -1.040998 0.688175 -2.088291
v -1.043002 0.688288 -2.088178
v -1.059098 0.510000 -2.090000
v -1.061102 0.510000 -2.090000
v -1.043002 0.690000 -2.090000
v -1.040998 0.690000 -2.090000
v -1.059098 0.511712 -2.088178
v -1.061102 0.511825 -2.088291
v -0.988000 0.827955 -2.320045
v -0.988000 0.881000 -2.281750
v -0.988000 0.873045 -2.285045
v -0.988000 0.831250 -2.328000
v -0.988000 0.869750 -2.293000
v -0.988000 0.827955 -2.335955
v -0.988000 0.873045 -2.300955
v -0.988000 0.820000 -2.339250
v -0.988000 0.881000 -2.304250
v -0.988000 0.812045 -2.335955
v -0.988000 0.808750 -2.328000
v -0.988000 0.888955 -2.300955
v -0.988000 0.812045 -2.320045
v -0.988000 0.892250 -2.293000
v -0.988000 0.888955 -2.285045
v -0.988000 0.820000 -2.316750
v -0.892000 0.881000 -2.281750
v -0.892000 0.873045 -2.285045
v -0.892000 0.869750 -2.293000
v -0.892000 0.873045 -2.300955
v -0.892000 0.881000 -2.304250
v -0.892000 0.888955 -2.300955
v -0.892000 0.892250 -2.293000
v -0.892000 0.888955 -2.285045
v -0.892000 0.820000 -2.316750
v -0.892000 0.812045 -2.320045
v -0.892000 0.808750 -2.328000
v -0.892000 0.812045 -2.335955
v -0.892000 0.820000 -2.339250
v -0.892000 0.827955 -2.335955
v -0.892000 0.831250 -2.328000
v -0.892000 0.827955 -2.320045
v -0.970000 0.700000 -2.050000
v -0.970000 0.820000 -2.050000
v -0.910000 0.700000 -2.050000
v -0.910000 0.820000 -2.050000
v -0.970000 0.830000 -2.300000
v -0.970000 0.870000 -2.300000
v -0.910000 0.870000 -2.300000
v -0.910000 0.830000 -2.300000
v -0.970000 0.700000 -2.040000
v -0.910000 0.820000 -2.040000
v -0.970000 0.820000 -2.040000
v -0.910000 0.700000 -2.040000
v -0.722000 0.653889 -2.421738
v -0.722000 0.570000 -2.430000
v -0.722000 0.804605 -2.359985
v -0.722000 0.734554 -2.397268
v -0.722000 0.488102 -2.421934
v -0.800000 0.792228 -2.332588
v -0.800000 0.723073 -2.369552
v -0.800000 0.648036 -2.392314
v -0.800000 0.570000 -2.400000
v -0.800000 0.491964 -2.392314
v -0.730000 0.570000 -2.430000
v -0.792000 0.570000 -2.430000
v -0.790000 0.653889 -2.421738
v -0.798000 0.488102 -2.421934
v -0.798000 0.570000 -2.430000
v -0.800000 0.653889 -2.421738
v -0.798000 0.804605 -2.359985
v -0.800000 0.734554 -2.397268
v -0.728000 0.653889 -2.421738
v -0.720000 0.491964 -2.392314
v -0.720000 0.570000 -2.400000
v -0.720000 0.648036 -2.392314
v -0.720000 0.723073 -2.369552
v -0.720000 0.792228 -2.332588
v -0.728000 0.804605 -2.359985
v -0.792000 0.804605 -2.359985
v -0.792000 0.734554 -2.397268
v -0.728000 0.734554 -2.397268
v -0.792000 0.488102 -2.421934
v -0.728000 0.488102 -2.421934
v -0.790000 0.491964 -2.392314
v -0.730000 0.491964 -2.392314
v -0.790000 0.723073 -2.369552
v -0.730000 0.723073 -2.369552
v -0.730000 0.792228 -2.332588
v -0.790000 0.792228 -2.332588
v -0.790000 0.570000 -2.400000
v -0.730000 0.570000 -2.400000
v -0.730000 0.648036 -2.392314
v -0.790000 0.648036 -2.392314
v -0.720000 0.734554 -2.397268
v -0.720000 0.806370 -2.359046
v -0.720000 0.653889 -2.421738
v -0.720000 0.570000 -2.430000
v -0.720000 0.486111 -2.421738
v -0.790000 0.806370 -2.359046
v -0.800000 0.806370 -2.359046
v -0.730000 0.486111 -2.421738
v -0.730000 0.806370 -2.359046
v -0.800000 0.486111 -2.421738
v -0.800000 0.570000 -2.430000
v -0.798000 0.653889 -2.421738
v -0.798000 0.734554 -2.397268
v -0.790000 0.486111 -2.421738
v -0.792000 0.653889 -2.421738
v -0.790000 0.734554 -2.397268
v -0.730000 0.653889 -2.421738
v -0.730000 0.734554 -2.397268
v -0.790000 0.570000 -2.430000
v -0.728000 0.570000 -2.430000
v -0.792000 0.660717 -2.456065
v -0.798000 0.660717 -2.456065
v -0.728000 0.570000 -2.465000
v -0.722000 0.570000 -2.465000
v -0.728000 0.747919 -2.429616
v -0.722000 0.747919 -2.429616
v -0.798000 0.747919 -2.429616
v -0.792000 0.747919 -2.429616
v -0.798000 0.570000 -2.465000
v -0.792000 0.570000 -2.465000
v -0.722000 0.660717 -2.456065
v -0.728000 0.660717 -2.456065
v -0.722000 0.821049 -2.390882
v -0.722000 0.484671 -2.456765
v -0.792000 0.821049 -2.390882
v -0.798000 0.821049 -2.390882
v -0.728000 0.484671 -2.456765
v -0.728000 0.821049 -2.390882
v -0.798000 0.484671 -2.456765
v -0.792000 0.484671 -2.456765
v -0.815000 0.679546 -2.428454
v -0.815000 0.683500 -2.438000
v -0.815000 0.679546 -2.447546
v -0.815000 0.670000 -2.451500
v -0.815000 0.660454 -2.447546
v -0.815000 0.656500 -2.438000
v -0.815000 0.660454 -2.428454
v -0.815000 0.670000 -2.424500
v -0.705000 0.670000 -2.424500
v -0.705000 0.660454 -2.428454
v -0.705000 0.656500 -2.438000
v -0.705000 0.660454 -2.447546
v -0.705000 0.670000 -2.451500
v -0.705000 0.679546 -2.447546
v -0.705000 0.683500 -2.438000
v -0.705000 0.679546 -2.428454
v -0.814000 0.641287 -2.450300
v -0.814000 0.660081 -2.443459
v -0.814000 0.639919 -2.446541
v -0.814000 0.658713 -2.439700
v -0.810000 0.641287 -2.450300
v -0.810000 0.660081 -2.443459
v -0.810000 0.639919 -2.446541
v -0.810000 0.658713 -2.439700
v -0.815000 0.809546 -2.448454
v -0.815000 0.813500 -2.458000
v -0.815000 0.809546 -2.467546
v -0.815000 0.800000 -2.471500
v -0.815000 0.790454 -2.467546
v -0.815000 0.786500 -2.458000
v -0.815000 0.790454 -2.448454
v -0.815000 0.800000 -2.444500
v -0.705000 0.800000 -2.444500
v -0.705000 0.790454 -2.448454
v -0.705000 0.786500 -2.458000
v -0.705000 0.790454 -2.467546
v -0.705000 0.800000 -2.471500
v -0.705000 0.809546 -2.467546
v -0.705000 0.813500 -2.458000
v -0.705000 0.809546 -2.448454
v -0.815000 0.869546 -2.460454
v -0.815000 0.873500 -2.470000
v -0.815000 0.869546 -2.479546
v -0.815000 0.860000 -2.483500
v -0.815000 0.850454 -2.479546
v -0.815000 0.846500 -2.470000
v -0.815000 0.850454 -2.460454
v -0.815000 0.860000 -2.456500
v -0.645000 0.860000 -2.456500
v -0.645000 0.850454 -2.460454
v -0.645000 0.846500 -2.470000
v -0.645000 0.850454 -2.479546
v -0.645000 0.860000 -2.483500
v -0.645000 0.869546 -2.479546
v -0.645000 0.873500 -2.470000
v -0.645000 0.869546 -2.460454
v -0.980000 0.809199 -1.660670
v -0.980000 0.829689 -1.655180
v -0.980000 0.818307 -1.653681
v -0.980000 0.890311 -1.690179
v -0.980000 0.895801 -1.710670
v -0.980000 0.897300 -1.699288
v -0.980000 0.809689 -1.689821
v -0.980000 0.804199 -1.669330
v -0.980000 0.802700 -1.680712
v -0.980000 0.890801 -1.719330
v -0.980000 0.870311 -1.724820
v -0.980000 0.881693 -1.726319
v -0.970000 0.829689 -1.655180
v -0.970000 0.809199 -1.660670
v -0.970000 0.818307 -1.653681
v -0.970000 0.895801 -1.710670
v -0.970000 0.890311 -1.690179
v -0.970000 0.897300 -1.699288
v -0.970000 0.804199 -1.669330
v -0.970000 0.809689 -1.689821
v -0.970000 0.802700 -1.680712
v -0.970000 0.870311 -1.724820
v -0.970000 0.890801 -1.719330
v -0.970000 0.881693 -1.726319
v -1.041544 0.723850 -1.950000
v -1.057993 0.710074 -1.950000
v -1.052190 0.710633 -1.950000
v -1.052557 0.720291 -1.950000
v -1.057993 0.710074 -1.970000
v -1.041544 0.723850 -1.970000
v -1.052190 0.710633 -1.970000
v -1.052557 0.720291 -1.970000
v -0.910000 0.809199 -1.660670
v -0.910000 0.829689 -1.655180
v -0.910000 0.818307 -1.653681
v -0.910000 0.890311 -1.690179
v -0.910000 0.895801 -1.710670
v -0.910000 0.897300 -1.699288
v -0.910000 0.809689 -1.689821
v -0.910000 0.804199 -1.669330
v -0.910000 0.802700 -1.680712
v -0.910000 0.890801 -1.719330
v -0.910000 0.870311 -1.724820
v -0.910000 0.881693 -1.726319
v -0.900000 0.829689 -1.655180
v -0.900000 0.809199 -1.660670
v -0.900000 0.818307 -1.653681
v -0.900000 0.895801 -1.710670
v -0.900000 0.890311 -1.690179
v -0.900000 0.897300 -1.699288
v -0.900000 0.804199 -1.669330
v -0.900000 0.809689 -1.689821
v -0.900000 0.802700 -1.680712
v -0.900000 0.870311 -1.724820
v -0.900000 0.890801 -1.719330
v -0.900000 0.881693 -1.726319
v -0.980000 0.829689 -2.344820
v -0.980000 0.809199 -2.339330
v -0.980000 0.818307 -2.346319
v -0.980000 0.895801 -2.289330
v -0.980000 0.890311 -2.309820
v -0.980000 0.897300 -2.300712
v -0.980000 0.804199 -2.330670
v -0.980000 0.809689 -2.310179
v -0.980000 0.802700 -2.319288
v -0.980000 0.870311 -2.275180
v -0.980000 0.890801 -2.280670
v -0.980000 0.881693 -2.273681
v -0.970000 0.809199 -2.339330
v -0.970000 0.829689 -2.344820
v -0.970000 0.818307 -2.346319
v -0.970000 0.890311 -2.309820
v -0.970000 0.895801 -2.289330
v -0.970000 0.897300 -2.300712
v -0.970000 0.809689 -2.310179
v -0.970000 0.804199 -2.330670
v -0.970000 0.802700 -2.319288
v -0.970000 0.890801 -2.280670
v -0.970000 0.870311 -2.275180
v -0.970000 0.881693 -2.273681
v -1.057993 0.710074 -2.050000
v -1.041544 0.723850 -2.050000
v -1.052190 0.710633 -2.050000
v -1.052557 0.720291 -2.050000
v -1.041544 0.723850 -2.030000
v -1.057993 0.710074 -2.030000
v -1.052190 0.710633 -2.030000
v -1.052557 0.720291 -2.030000
v -0.910000 0.829689 -2.344820
v -0.910000 0.809199 -2.339330
v -0.910000 0.818307 -2.346319
v -0.910000 0.895801 -2.289330
v -0.910000 0.890311 -2.309820
v -0.910000 0.897300 -2.300712
v -0.910000 0.804199 -2.330670
v -0.910000 0.809689 -2.310179
v -0.910000 0.802700 -2.319288
v -0.910000 0.870311 -2.275180
v -0.910000 0.890801 -2.280670
v -0.910000 0.881693 -2.273681
v -0.900000 0.809199 -2.339330
v -0.900000 0.829689 -2.344820
v -0.900000 0.818307 -2.346319
v -0.900000 0.890311 -2.309820
v -0.900000 0.895801 -2.289330
v -0.900000 0.897300 -2.300712
v -0.900000 0.809689 -2.310179
v -0.900000 0.804199 -2.330670
v -0.900000 0.802700 -2.319288
v -0.900000 0.890801 -2.280670
v -0.900000 0.870311 -2.275180
v -0.900000 0.881693 -2.273681
v -0.810000 0.662818 -2.454936
v -0.810000 0.650651 -2.437559
v -0.810000 0.653136 -2.448768
v -0.810000 0.877157 -2.477498
v -0.810000 0.859780 -2.489666
v -0.810000 0.870988 -2.487181
v -0.810000 0.652387 -2.427711
v -0.810000 0.669764 -2.415544
v -0.810000 0.658556 -2.418029
v -0.810000 0.866726 -2.450273
v -0.810000 0.878893 -2.467650
v -0.810000 0.876408 -2.456442
v -0.800000 0.650651 -2.437559
v -0.800000 0.662818 -2.454936
v -0.800000 0.653136 -2.448768
v -0.800000 0.859780 -2.489666
v -0.800000 0.877157 -2.477498
v -0.800000 0.870988 -2.487181
v -0.800000 0.669764 -2.415544
v -0.800000 0.652387 -2.427711
v -0.800000 0.658556 -2.418029
v -0.800000 0.878893 -2.467650
v -0.800000 0.866726 -2.450273
v -0.800000 0.876408 -2.456442
v -0.720000 0.662818 -2.454936
v -0.720000 0.650651 -2.437559
v -0.720000 0.653136 -2.448768
v -0.720000 0.877157 -2.477498
v -0.720000 0.859780 -2.489666
v -0.720000 0.870988 -2.487181
v -0.720000 0.652387 -2.427711
v -0.720000 0.669764 -2.415544
v -0.720000 0.658556 -2.418029
v -0.720000 0.866726 -2.450273
v -0.720000 0.878893 -2.467650
v -0.720000 0.876408 -2.456442
v -0.710000 0.650651 -2.437559
v -0.710000 0.662818 -2.454936
v -0.710000 0.653136 -2.448768
v -0.710000 0.859780 -2.489666
v -0.710000 0.877157 -2.477498
v -0.710000 0.870988 -2.487181
v -0.710000 0.669764 -2.415544
v -0.710000 0.652387 -2.427711
v -0.710000 0.658556 -2.418029
v -0.710000 0.878893 -2.467650
v -0.710000 0.866726 -2.450273
v -0.710000 0.876408 -2.456442
v 1.068000 0.510000 -1.910000
v 1.050000 0.690000 -1.910000
v 0.910000 0.510000 -1.910000
v 0.910000 0.690000 -1.910000
v 0.900000 0.440000 -1.820000
v 0.900000 0.500000 -1.820000
v 0.840000 0.440000 -1.820000
v 0.840000 0.500000 -1.820000
v 0.900000 0.440000 -1.890000
v 0.900000 0.500000 -1.890000
v 0.840000 0.440000 -1.890000
v 0.840000 0.500000 -1.890000
v 0.840000 1.000000 -1.930000
v 0.840000 1.000000 -1.780000
v 0.900000 1.000000 -1.780000
v 0.900000 1.000000 -1.930000
v 0.970000 0.810000 -1.660000
v 0.970000 1.000000 -1.440000
v 0.970000 0.810000 -1.680000
v 0.910000 0.810000 -1.660000
v 0.910000 1.000000 -1.440000
v 0.910000 0.810000 -1.680000
v 0.970000 0.900000 -1.500000
v 0.970000 1.000000 -1.640000
v 0.910000 1.000000 -1.640000
v 0.910000 0.900000 -1.500000
v 0.900000 0.440000 -2.000000
v 0.900000 0.500000 -2.000000
v 0.840000 0.440000 -2.000000
v 0.840000 0.500000 -2.000000
v 1.068000 0.510000 -2.000000
v 1.050000 0.690000 -2.000000
v 0.910000 0.510000 -2.000000
v 0.910000 0.690000 -2.000000
v 0.970000 0.700000 -2.000000
v 0.970000 0.820000 -2.000000
v 0.910000 0.700000 -2.000000
v 0.910000 0.820000 -2.000000
v 1.030000 0.720000 -2.000000
v 1.030000 0.720000 -1.930000
v 1.019394 0.715607 -2.000000
v 1.019394 0.715607 -1.930000
v 1.015000 0.705000 -2.000000
v 1.015000 0.705000 -1.930000
v 1.019394 0.694393 -2.000000
v 1.019394 0.694393 -1.930000
v 1.030000 0.690000 -2.000000
v 1.030000 0.690000 -1.930000
v 1.040607 0.694393 -2.000000
v 1.040607 0.694393 -1.930000
v 1.045000 0.705000 -2.000000
v 1.045000 0.705000 -1.930000
v 1.040607 0.715607 -2.000000
v 1.040607 0.715607 -1.930000
v 1.049000 0.700000 -1.950000
v 1.049000 0.700000 -1.970000
v 1.031500 0.698000 -1.950000
v 1.030500 0.723000 -1.950000
v 1.031500 0.698000 -1.970000
v 1.030500 0.723000 -1.970000
v 1.057000 0.620000 -1.970000
v 1.057000 0.620000 -1.950000
v 1.067000 0.620000 -1.970000
v 1.067000 0.620000 -1.950000
v 1.020000 0.716000 -1.970000
v 1.020000 0.716000 -1.950000
v 1.030000 0.720000 -1.972000
v 1.019394 0.715607 -1.972000
v 1.015000 0.705000 -1.972000
v 1.019394 0.694393 -1.972000
v 1.030000 0.690000 -1.972000
v 1.040607 0.694393 -1.972000
v 1.045000 0.705000 -1.972000
v 1.040607 0.715607 -1.972000
v 1.030000 0.726580 -2.000000
v 1.014741 0.720259 -2.000000
v 1.014741 0.720259 -1.972000
v 1.008420 0.705000 -2.000000
v 1.008420 0.705000 -1.972000
v 1.014741 0.689741 -2.000000
v 1.014741 0.689741 -1.972000
v 1.030000 0.683420 -2.000000
v 1.030000 0.683420 -1.972000
v 1.045259 0.689741 -2.000000
v 1.045259 0.689741 -1.972000
v 1.051580 0.705000 -2.000000
v 1.051580 0.705000 -1.972000
v 1.045259 0.720259 -2.000000
v 1.045259 0.720259 -1.972000
v 1.030000 0.726580 -1.972000
v 0.977071 0.827071 -1.960000
v 0.977071 0.827071 -2.000000
v 0.902929 0.692929 -1.960000
v 0.902929 0.692929 -2.000000
v 0.902929 0.827071 -2.000000
v 0.977071 0.692929 -2.000000
v 0.977071 0.692929 -1.960000
v 0.902929 0.827071 -1.960000
v 0.910000 0.440000 -1.890000
v 0.910000 0.440000 -1.820000
v 0.910000 0.490000 -1.820000
v 0.910000 0.440000 -2.000000
v 0.910000 0.490000 -1.890000
v 0.910000 0.490000 -2.000000
v 0.920000 0.520000 -1.875000
v 0.920000 0.680000 -1.875000
v 0.910000 0.480000 -1.847500
v 0.915000 0.480000 -1.847500
v 0.915000 0.474697 -1.845303
v 0.910000 0.474697 -1.845303
v 0.915000 0.472500 -1.840000
v 0.910000 0.472500 -1.840000
v 0.915000 0.474697 -1.834697
v 0.910000 0.474697 -1.834697
v 0.915000 0.480000 -1.832500
v 0.910000 0.480000 -1.832500
v 0.915000 0.485303 -1.834697
v 0.910000 0.485303 -1.834697
v 0.915000 0.487500 -1.840000
v 0.910000 0.487500 -1.840000
v 0.915000 0.485303 -1.845303
v 0.910000 0.485303 -1.845303
v 0.930000 0.680000 -1.875000
v 0.930000 0.520000 -1.875000
v 0.920000 0.520000 -1.880000
v 0.930000 0.520000 -1.880000
v 0.930000 0.680000 -1.880000
v 0.920000 0.680000 -1.880000
v 0.920000 0.680000 -1.895000
v 0.920000 0.520000 -1.895000
v 0.920000 0.680000 -1.890000
v 0.920000 0.520000 -1.890000
v 0.930000 0.680000 -1.895000
v 0.930000 0.520000 -1.895000
v 0.930000 0.680000 -1.890000
v 0.930000 0.520000 -1.890000
v 0.900000 0.446000 -1.820000
v 0.840000 0.446000 -1.820000
v 0.840000 0.446000 -1.890000
v 0.840000 0.446000 -2.000000
v 0.910000 0.446000 -1.820000
v 0.910000 0.446000 -1.890000
v 0.910000 0.446000 -2.000000
v 0.920000 0.440000 -1.890000
v 0.920000 0.440000 -1.820000
v 0.920000 0.440000 -2.000000
v 0.920000 0.445000 -1.890000
v 0.920000 0.445000 -2.000000
v 0.920000 0.445000 -1.820000
v 0.903750 0.530000 -1.850000
v 0.903750 0.700000 -1.850000
v 0.903750 0.530000 -1.890000
v 0.903750 0.700000 -1.890000
v 0.896250 0.530000 -1.850000
v 0.896250 0.700000 -1.850000
v 0.896250 0.530000 -1.890000
v 0.896250 0.700000 -1.890000
v 0.903750 0.530000 -1.880000
v 0.903750 0.700000 -1.880000
v 0.896250 0.530000 -1.881000
v 0.896250 0.700000 -1.881000
v 0.918750 0.700000 -1.880000
v 0.918750 0.700000 -1.890000
v 0.918750 0.530000 -1.890000
v 0.918750 0.530000 -1.880000
v 0.910000 0.590000 -1.867500
v 0.915000 0.590000 -1.867500
v 0.915000 0.584697 -1.865303
v 0.910000 0.584697 -1.865303
v 0.915000 0.582500 -1.860000
v 0.910000 0.582500 -1.860000
v 0.915000 0.584697 -1.854697
v 0.910000 0.584697 -1.854697
v 0.915000 0.590000 -1.852500
v 0.910000 0.590000 -1.852500
v 0.915000 0.595303 -1.854697
v 0.910000 0.595303 -1.854697
v 0.915000 0.597500 -1.860000
v 0.910000 0.597500 -1.860000
v 0.915000 0.595303 -1.865303
v 0.910000 0.595303 -1.865303
v 0.910000 0.555303 -1.865303
v 0.915000 0.555303 -1.865303
v 0.910000 0.557500 -1.860000
v 0.915000 0.557500 -1.860000
v 0.910000 0.555303 -1.854697
v 0.915000 0.555303 -1.854697
v 0.910000 0.550000 -1.852500
v 0.915000 0.550000 -1.852500
v 0.910000 0.544697 -1.854697
v 0.915000 0.544697 -1.854697
v 0.910000 0.542500 -1.860000
v 0.915000 0.542500 -1.860000
v 0.910000 0.544697 -1.865303
v 0.915000 0.544697 -1.865303
v 0.915000 0.550000 -1.867500
v 0.910000 0.550000 -1.867500
v 0.910000 0.645303 -1.865303
v 0.915000 0.645303 -1.865303
v 0.910000 0.647500 -1.860000
v 0.915000 0.647500 -1.860000
v 0.910000 0.645303 -1.854697
v 0.915000 0.645303 -1.854697
v 0.910000 0.640000 -1.852500
v 0.915000 0.640000 -1.852500
v 0.910000 0.634697 -1.854697
v 0.915000 0.634697 -1.854697
v 0.910000 0.632500 -1.860000
v 0.915000 0.632500 -1.860000
v 0.910000 0.634697 -1.865303
v 0.915000 0.634697 -1.865303
v 0.915000 0.640000 -1.867500
v 0.910000 0.640000 -1.867500
v 0.910000 0.680000 -1.867500
v 0.915000 0.680000 -1.867500
v 0.915000 0.674697 -1.865303
v 0.910000 0.674697 -1.865303
v 0.915000 0.672500 -1.860000
v 0.910000 0.672500 -1.860000
v 0.915000 0.674697 -1.854697
v 0.910000 0.674697 -1.854697
v 0.915000 0.680000 -1.852500
v 0.910000 0.680000 -1.852500
v 0.915000 0.685303 -1.854697
v 0.910000 0.685303 -1.854697
v 0.915000 0.687500 -1.860000
v 0.910000 0.687500 -1.860000
v 0.915000 0.685303 -1.865303
v 0.910000 0.685303 -1.865303
v 0.910000 0.485303 -1.875303
v 0.915000 0.485303 -1.875303
v 0.910000 0.487500 -1.870000
v 0.915000 0.487500 -1.870000
v 0.910000 0.485303 -1.864697
v 0.915000 0.485303 -1.864697
v 0.910000 0.480000 -1.862500
v 0.915000 0.480000 -1.862500
v 0.910000 0.474697 -1.864697
v 0.915000 0.474697 -1.864697
v 0.910000 0.472500 -1.870000
v 0.915000 0.472500 -1.870000
v 0.910000 0.474697 -1.875303
v 0.915000 0.474697 -1.875303
v 0.915000 0.480000 -1.877500
v 0.910000 0.480000 -1.877500
v 0.915000 0.680000 -1.875000
v 0.915000 0.520000 -1.875000
v 0.915000 0.680000 -1.880000
v 0.915000 0.520000 -1.880000
v 0.915000 0.680000 -1.890000
v 0.915000 0.520000 -1.890000
v 0.915000 0.680000 -1.895000
v 0.915000 0.520000 -1.895000
v 0.920000 0.680000 -1.910000
v 0.920000 0.520000 -1.910000
v 0.930000 0.680000 -1.910000
v 0.930000 0.520000 -1.910000
v 0.932000 0.670000 -1.875000
v 0.932000 0.680000 -1.875000
v 0.950000 0.670000 -1.910000
v 0.950000 0.680000 -1.910000
v 0.930000 0.670000 -1.875000
v 0.930000 0.680000 -1.875000
v 0.930000 0.670000 -1.910000
v 0.930000 0.680000 -1.910000
v 0.932000 0.520000 -1.875000
v 0.932000 0.530000 -1.875000
v 0.950000 0.520000 -1.910000
v 0.950000 0.530000 -1.910000
v 0.930000 0.520000 -1.875000
v 0.930000 0.530000 -1.875000
v 0.930000 0.520000 -1.910000
v 0.930000 0.530000 -1.910000
v 0.932000 0.595000 -1.875000
v 0.932000 0.605000 -1.875000
v 0.950000 0.595000 -1.910000
v 0.950000 0.605000 -1.910000
v 0.930000 0.595000 -1.875000
v 0.930000 0.605000 -1.875000
v 0.930000 0.595000 -1.910000
v 0.930000 0.605000 -1.910000
v 1.040998 0.688175 -1.911709
v 1.043002 0.688288 -1.911821
v 1.043002 0.687500 -2.000000
v 1.040998 0.687500 -2.000000
v 1.059098 0.510000 -1.910000
v 1.061102 0.510000 -1.910000
v 1.043002 0.690000 -1.910000
v 1.040998 0.690000 -1.910000
v 1.043002 0.690000 -2.000000
v 1.040998 0.690000 -2.000000
v 1.059098 0.510000 -2.000000
v 1.061102 0.510000 -2.000000
v 1.061102 0.512500 -2.000000
v 1.059098 0.512500 -2.000000
v 1.059098 0.511712 -1.911821
v 1.061102 0.511825 -1.911709
v 0.988000 0.827955 -1.679955
v 0.988000 0.881000 -1.718250
v 0.988000 0.873045 -1.714955
v 0.988000 0.831250 -1.672000
v 0.988000 0.869750 -1.707000
v 0.988000 0.827955 -1.664045
v 0.988000 0.873045 -1.699045
v 0.988000 0.820000 -1.660750
v 0.988000 0.881000 -1.695750
v 0.988000 0.812045 -1.664045
v 0.988000 0.808750 -1.672000
v 0.988000 0.888955 -1.699045
v 0.988000 0.812045 -1.679955
v 0.988000 0.892250 -1.707000
v 0.988000 0.888955 -1.714955
v 0.988000 0.820000 -1.683250
v 0.892000 0.881000 -1.718250
v 0.892000 0.873045 -1.714955
v 0.892000 0.869750 -1.707000
v 0.892000 0.873045 -1.699045
v 0.892000 0.881000 -1.695750
v 0.892000 0.888955 -1.699045
v 0.892000 0.892250 -1.707000
v 0.892000 0.888955 -1.714955
v 0.892000 0.820000 -1.683250
v 0.892000 0.812045 -1.679955
v 0.892000 0.808750 -1.672000
v 0.892000 0.812045 -1.664045
v 0.892000 0.820000 -1.660750
v 0.892000 0.827955 -1.664045
v 0.892000 0.831250 -1.672000
v 0.892000 0.827955 -1.679955
v 0.970000 0.700000 -1.950000
v 0.970000 0.820000 -1.950000
v 0.910000 0.700000 -1.950000
v 0.910000 0.820000 -1.950000
v 0.970000 0.830000 -1.700000
v 0.970000 0.870000 -1.700000
v 0.910000 0.870000 -1.700000
v 0.910000 0.830000 -1.700000
v 0.970000 0.700000 -1.960000
v 0.910000 0.820000 -1.960000
v 0.970000 0.820000 -1.960000
v 0.910000 0.700000 -1.960000
v 1.068000 0.510000 -2.090000
v 1.050000 0.690000 -2.090000
v 0.910000 0.510000 -2.090000
v 0.910000 0.690000 -2.090000
v 0.900000 0.440000 -2.180000
v 0.900000 0.500000 -2.180000
v 0.840000 0.440000 -2.180000
v 0.840000 0.500000 -2.180000
v 0.900000 0.440000 -2.110000
v 0.900000 0.500000 -2.110000
v 0.840000 0.440000 -2.110000
v 0.840000 0.500000 -2.110000
v 0.840000 1.000000 -2.070000
v 0.840000 1.000000 -2.220000
v 0.900000 1.000000 -2.220000
v 0.900000 1.000000 -2.070000
v 0.970000 0.810000 -2.340000
v 0.970000 1.000000 -2.560000
v 0.970000 0.810000 -2.320000
v 0.910000 0.810000 -2.340000
v 0.910000 1.000000 -2.560000
v 0.910000 0.810000 -2.320000
v 0.970000 0.900000 -2.500000
v 0.970000 1.000000 -2.360000
v 0.910000 1.000000 -2.360000
v 0.910000 0.900000 -2.500000
v 1.030000 0.720000 -2.070000
v 1.019394 0.715607 -2.070000
v 1.015000 0.705000 -2.070000
v 1.019394 0.694393 -2.070000
v 1.030000 0.690000 -2.070000
v 1.040607 0.694393 -2.070000
v 1.045000 0.705000 -2.070000
v 1.040607 0.715607 -2.070000
v 1.049000 0.700000 -2.050000
v 1.049000 0.700000 -2.030000
v 1.031500 0.698000 -2.050000
v 1.030500 0.723000 -2.050000
v 1.031500 0.698000 -2.030000
v 1.030500 0.723000 -2.030000
v 1.057000 0.620000 -2.030000
v 1.057000 0.620000 -2.050000
v 1.067000 0.620000 -2.030000
v 1.067000 0.620000 -2.050000
v 1.020000 0.716000 -2.030000
v 1.020000 0.716000 -2.050000
v 1.030000 0.720000 -2.028000
v 1.019394 0.715607 -2.028000
v 1.015000 0.705000 -2.028000
v 1.019394 0.694393 -2.028000
v 1.030000 0.690000 -2.028000
v 1.040607 0.694393 -2.028000
v 1.045000 0.705000 -2.028000
v 1.040607 0.715607 -2.028000
v 1.014741 0.720259 -2.028000
v 1.008420 0.705000 -2.028000
v 1.014741 0.689741 -2.028000
v 1.030000 0.683420 -2.028000
v 1.045259 0.689741 -2.028000
v 1.051580 0.705000 -2.028000
v 1.045259 0.720259 -2.028000
v 1.030000 0.726580 -2.028000
v 0.977071 0.827071 -2.040000
v 0.902929 0.692929 -2.040000
v 0.977071 0.692929 -2.040000
v 0.902929 0.827071 -2.040000
v 0.910000 0.440000 -2.110000
v 0.910000 0.440000 -2.180000
v 0.910000 0.490000 -2.180000
v 0.910000 0.490000 -2.110000
v 0.920000 0.520000 -2.125000
v 0.920000 0.680000 -2.125000
v 0.910000 0.480000 -2.152500
v 0.915000 0.480000 -2.152500
v 0.915000 0.474697 -2.154697
v 0.910000 0.474697 -2.154697
v 0.915000 0.472500 -2.160000
v 0.910000 0.472500 -2.160000
v 0.915000 0.474697 -2.165303
v 0.910000 0.474697 -2.165303
v 0.915000 0.480000 -2.167500
v 0.910000 0.480000 -2.167500
v 0.915000 0.485303 -2.165303
v 0.910000 0.485303 -2.165303
v 0.915000 0.487500 -2.160000
v 0.910000 0.487500 -2.160000
v 0.915000 0.485303 -2.154697
v 0.910000 0.485303 -2.154697
v 0.930000 0.680000 -2.125000
v 0.930000 0.520000 -2.125000
v 0.920000 0.520000 -2.120000
v 0.930000 0.520000 -2.120000
v 0.930000 0.680000 -2.120000
v 0.920000 0.680000 -2.120000
v 0.920000 0.680000 -2.105000
v 0.920000 0.520000 -2.105000
v 0.920000 0.680000 -2.110000
v 0.920000 0.520000 -2.110000
v 0.930000 0.680000 -2.105000
v 0.930000 0.520000 -2.105000
v 0.930000 0.680000 -2.110000
v 0.930000 0.520000 -2.110000
v 0.900000 0.446000 -2.180000
v 0.840000 0.446000 -2.180000
v 0.840000 0.446000 -2.110000
v 0.910000 0.446000 -2.180000
v 0.910000 0.446000 -2.110000
v 0.920000 0.440000 -2.110000
v 0.920000 0.440000 -2.180000
v 0.920000 0.445000 -2.110000
v 0.920000 0.445000 -2.180000
v 0.903750 0.530000 -2.150000
v 0.903750 0.700000 -2.150000
v 0.903750 0.530000 -2.110000
v 0.903750 0.700000 -2.110000
v 0.896250 0.530000 -2.150000
v 0.896250 0.700000 -2.150000
v 0.896250 0.530000 -2.110000
v 0.896250 0.700000 -2.110000
v 0.903750 0.530000 -2.120000
v 0.903750 0.700000 -2.120000
v 0.896250 0.530000 -2.119000
v 0.896250 0.700000 -2.119000
v 0.918750 0.700000 -2.120000
v 0.918750 0.700000 -2.110000
v 0.918750 0.530000 -2.110000
v 0.918750 0.530000 -2.120000
v 0.910000 0.590000 -2.132500
v 0.915000 0.590000 -2.132500
v 0.915000 0.584697 -2.134697
v 0.910000 0.584697 -2.134697
v 0.915000 0.582500 -2.140000
v 0.910000 0.582500 -2.140000
v 0.915000 0.584697 -2.145303
v 0.910000 0.584697 -2.145303
v 0.915000 0.590000 -2.147500
v 0.910000 0.590000 -2.147500
v 0.915000 0.595303 -2.145303
v 0.910000 0.595303 -2.145303
v 0.915000 0.597500 -2.140000
v 0.910000 0.597500 -2.140000
v 0.915000 0.595303 -2.134697
v 0.910000 0.595303 -2.134697
v 0.910000 0.555303 -2.134697
v 0.915000 0.555303 -2.134697
v 0.910000 0.557500 -2.140000
v 0.915000 0.557500 -2.140000
v 0.910000 0.555303 -2.145303
v 0.915000 0.555303 -2.145303
v 0.910000 0.550000 -2.147500
v 0.915000 0.550000 -2.147500
v 0.910000 0.544697 -2.145303
v 0.915000 0.544697 -2.145303
v 0.910000 0.542500 -2.140000
v 0.915000 0.542500 -2.140000
v 0.910000 0.544697 -2.134697
v 0.915000 0.544697 -2.134697
v 0.915000 0.550000 -2.132500
v 0.910000 0.550000 -2.132500
v 0.910000 0.645303 -2.134697
v 0.915000 0.645303 -2.134697
v 0.910000 0.647500 -2.140000
v 0.915000 0.647500 -2.140000
v 0.910000 0.645303 -2.145303
v 0.915000 0.645303 -2.145303
v 0.910000 0.640000 -2.147500
v 0.915000 0.640000 -2.147500
v 0.910000 0.634697 -2.145303
v 0.915000 0.634697 -2.145303
v 0.910000 0.632500 -2.140000
v 0.915000 0.632500 -2.140000
v 0.910000 0.634697 -2.134697
v 0.915000 0.634697 -2.134697
v 0.915000 0.640000 -2.132500
v 0.910000 0.640000 -2.132500
v 0.910000 0.680000 -2.132500
v 0.915000 0.680000 -2.132500
v 0.915000 0.674697 -2.134697
v 0.910000 0.674697 -2.134697
v 0.915000 0.672500 -2.140000
v 0.910000 0.672500 -2.140000
v 0.915000 0.674697 -2.145303
v 0.910000 0.674697 -2.145303
v 0.915000 0.680000 -2.147500
v 0.910000 0.680000 -2.147500
v 0.915000 0.685303 -2.145303
v 0.910000 0.685303 -2.145303
v 0.915000 0.687500 -2.140000
v 0.910000 0.687500 -2.140000
v 0.915000 0.685303 -2.134697
v 0.910000 0.685303 -2.134697
v 0.910000 0.485303 -2.124697
v 0.915000 0.485303 -2.124697
v 0.910000 0.487500 -2.130000
v 0.915000 0.487500 -2.130000
v 0.910000 0.485303 -2.135303
v 0.915000 0.485303 -2.135303
v 0.910000 0.480000 -2.137500
v 0.915000 0.480000 -2.137500
v 0.910000 0.474697 -2.135303
v 0.915000 0.474697 -2.135303
v 0.910000 0.472500 -2.130000
v 0.915000 0.472500 -2.130000
v 0.910000 0.474697 -2.124697
v 0.915000 0.474697 -2.124697
v 0.915000 0.480000 -2.122500
v 0.910000 0.480000 -2.122500
v 0.915000 0.680000 -2.125000
v 0.915000 0.520000 -2.125000
v 0.915000 0.680000 -2.120000
v 0.915000 0.520000 -2.120000
v 0.915000 0.680000 -2.110000
v 0.915000 0.520000 -2.110000
v 0.915000 0.680000 -2.105000
v 0.915000 0.520000 -2.105000
v 0.920000 0.680000 -2.090000
v 0.920000 0.520000 -2.090000
v 0.930000 0.680000 -2.090000
v 0.930000 0.520000 -2.090000
v 0.932000 0.670000 -2.125000
v 0.932000 0.680000 -2.125000
v 0.950000 0.670000 -2.090000
v 0.950000 0.680000 -2.090000
v 0.930000 0.670000 -2.125000
v 0.930000 0.680000 -2.125000
v 0.930000 0.670000 -2.090000
v 0.930000 0.680000 -2.090000
v 0.932000 0.520000 -2.125000
v 0.932000 0.530000 -2.125000
v 0.950000 0.520000 -2.090000
v 0.950000 0.530000 -2.090000
v 0.930000 0.520000 -2.125000
v 0.930000 0.530000 -2.125000
v 0.930000 0.520000 -2.090000
v 0.930000 0.530000 -2.090000
v 0.932000 0.595000 -2.125000
v 0.932000 0.605000 -2.125000
v 0.950000 0.595000 -2.090000
v 0.950000 0.605000 -2.090000
v 0.930000 0.595000 -2.125000
v 0.930000 0.605000 -2.125000
v 0.930000 0.595000 -2.090000
v 0.930000 0.605000 -2.090000
v 1.040998 0.688175 -2.088291
v 1.043002 0.688288 -2.088178
v 1.059098 0.510000 -2.090000
v 1.061102 0.510000 -2.090000
v 1.043002 0.690000 -2.090000
v 1.040998 0.690000 -2.090000
v 1.059098 0.511712 -2.088178
v 1.061102 0.511825 -2.088291
v 0.988000 0.827955 -2.320045
v 0.988000 0.881000 -2.281750
v 0.988000 0.873045 -2.285045
v 0.988000 0.831250 -2.328000
v 0.988000 0.869750 -2.293000
v 0.988000 0.827955 -2.335955
v 0.988000 0.873045 -2.300955
v 0.988000 0.820000 -2.339250
v 0.988000 0.881000 -2.304250
v 0.988000 0.812045 -2.335955
v 0.988000 0.808750 -2.328000
v 0.988000 0.888955 -2.300955
v 0.988000 0.812045 -2.320045
v 0.988000 0.892250 -2.293000
v 0.988000 0.888955 -2.285045
v 0.988000 0.820000 -2.316750
v 0.892000 0.881000 -2.281750
v 0.892000 0.873045 -2.285045
v 0.892000 0.869750 -2.293000
v 0.892000 0.873045 -2.300955
v 0.892000 0.881000 -2.304250
v 0.892000 0.888955 -2.300955
v 0.892000 0.892250 -2.293000
v 0.892000 0.888955 -2.285045
v 0.892000 0.820000 -2.316750
v 0.892000 0.812045 -2.320045
v 0.892000 0.808750 -2.328000
v 0.892000 0.812045 -2.335955
v 0.892000 0.820000 -2.339250
v 0.892000 0.827955 -2.335955
v 0.892000 0.831250 -2.328000
v 0.892000 0.827955 -2.320045
v 0.970000 0.700000 -2.050000
v 0.970000 0.820000 -2.050000
v 0.910000 0.700000 -2.050000
v 0.910000 0.820000 -2.050000
v 0.970000 0.830000 -2.300000
v 0.970000 0.870000 -2.300000
v 0.910000 0.870000 -2.300000
v 0.910000 0.830000 -2.300000
v 0.970000 0.700000 -2.040000
v 0.910000 0.820000 -2.040000
v 0.970000 0.820000 -2.040000
v 0.910000 0.700000 -2.040000
v 0.722000 0.653889 -2.421738
v 0.722000 0.570000 -2.430000
v 0.722000 0.804605 -2.359985
v 0.722000 0.734554 -2.397268
v 0.722000 0.488102 -2.421934
v 0.800000 0.792228 -2.332588
v 0.800000 0.723073 -2.369552
v 0.800000 0.648036 -2.392314
v 0.800000 0.570000 -2.400000
v 0.800000 0.491964 -2.392314
v 0.730000 0.570000 -2.430000
v 0.792000 0.570000 -2.430000
v 0.790000 0.653889 -2.421738
v 0.798000 0.488102 -2.421934
v 0.798000 0.570000 -2.430000
v 0.800000 0.653889 -2.421738
v 0.798000 0.804605 -2.359985
v 0.800000 0.734554 -2.397268
v 0.728000 0.653889 -2.421738
v 0.720000 0.491964 -2.392314
v 0.720000 0.570000 -2.400000
v 0.720000 0.648036 -2.392314
v 0.720000 0.723073 -2.369552
v 0.720000 0.792228 -2.332588
v 0.728000 0.804605 -2.359985
v 0.792000 0.804605 -2.359985
v 0.792000 0.734554 -2.397268
v 0.728000 0.734554 -2.397268
v 0.792000 0.488102 -2.421934
v 0.728000 0.488102 -2.421934
v 0.790000 0.491964 -2.392314
v 0.730000 0.491964 -2.392314
v 0.790000 0.723073 -2.369552
v 0.730000 0.723073 -2.369552
v 0.730000 0.792228 -2.332588
v 0.790000 0.792228 -2.332588
v 0.790000 0.570000 -2.400000
v 0.730000 0.570000 -2.400000
v 0.730000 0.648036 -2.392314
v 0.790000 0.648036 -2.392314
v 0.720000 0.734554 -2.397268
v 0.720000 0.806370 -2.359046
v 0.720000 0.653889 -2.421738
v 0.720000 0.570000 -2.430000
v 0.720000 0.486111 -2.421738
v 0.790000 0.806370 -2.359046
v 0.800000 0.806370 -2.359046
v 0.730000 0.486111 -2.421738
v 0.730000 0.806370 -2.359046
v 0.800000 0.486111 -2.421738
v 0.800000 0.570000 -2.430000
v 0.798000 0.653889 -2.421738
v 0.798000 0.734554 -2.397268
v 0.790000 0.486111 -2.421738
v 0.792000 0.653889 -2.421738
v 0.790000 0.734554 -2.397268
v 0.730000 0.653889 -2.421738
v 0.730000 0.734554 -2.397268
v 0.790000 0.570000 -2.430000
v 0.728000 0.570000 -2.430000
v 0.792000 0.660717 -2.456065
v 0.798000 0.660717 -2.456065
v 0.728000 0.570000 -2.465000
v 0.722000 0.570000 -2.465000
v 0.728000 0.747919 -2.429616
v 0.722000 0.747919 -2.429616
v 0.798000 0.747919 -2.429616
v 0.792000 0.747919 -2.429616
v 0.798000 0.570000 -2.465000
v 0.792000 0.570000 -2.465000
v 0.722000 0.660717 -2.456065
v 0.728000 0.660717 -2.456065
v 0.722000 0.821049 -2.390882
v 0.722000 0.484671 -2.456765
v 0.792000 0.821049 -2.390882
v 0.798000 0.821049 -2.390882
v 0.728000 0.484671 -2.456765
v 0.728000 0.821049 -2.390882
v 0.798000 0.484671 -2.456765
v 0.792000 0.484671 -2.456765
v 0.815000 0.679546 -2.428454
v 0.815000 0.683500 -2.438000
v 0.815000 0.679546 -2.447546
v 0.815000 0.670000 -2.451500
v 0.815000 0.660454 -2.447546
v 0.815000 0.656500 -2.438000
v 0.815000 0.660454 -2.428454
v 0.815000 0.670000 -2.424500
v 0.705000 0.670000 -2.424500
v 0.705000 0.660454 -2.428454
v 0.705000 0.656500 -2.438000
v 0.705000 0.660454 -2.447546
v 0.705000 0.670000 -2.451500
v 0.705000 0.679546 -2.447546
v 0.705000 0.683500 -2.438000
v 0.705000 0.679546 -2.428454
v 0.814000 0.641287 -2.450300
v 0.814000 0.660081 -2.443459
v 0.814000 0.639919 -2.446541
v 0.814000 0.658713 -2.439700
v 0.810000 0.641287 -2.450300
v 0.810000 0.660081 -2.443459
v 0.810000 0.639919 -2.446541
v 0.810000 0.658713 -2.439700
v 0.815000 0.809546 -2.448454
v 0.815000 0.813500 -2.458000
v 0.815000 0.809546 -2.467546
v 0.815000 0.800000 -2.471500
v 0.815000 0.790454 -2.467546
v 0.815000 0.786500 -2.458000
v 0.815000 0.790454 -2.448454
v 0.815000 0.800000 -2.444500
v 0.705000 0.800000 -2.444500
v 0.705000 0.790454 -2.448454
v 0.705000 0.786500 -2.458000
v 0.705000 0.790454 -2.467546
v 0.705000 0.800000 -2.471500
v 0.705000 0.809546 -2.467546
v 0.705000 0.813500 -2.458000
v 0.705000 0.809546 -2.448454
v 0.815000 0.869546 -2.460454
v 0.815000 0.873500 -2.470000
v 0.815000 0.869546 -2.479546
v 0.815000 0.860000 -2.483500
v 0.815000 0.850454 -2.479546
v 0.815000 0.846500 -2.470000
v 0.815000 0.850454 -2.460454
v 0.815000 0.860000 -2.456500
v 0.645000 0.860000 -2.456500
v 0.645000 0.850454 -2.460454
v 0.645000 0.846500 -2.470000
v 0.645000 0.850454 -2.479546
v 0.645000 0.860000 -2.483500
v 0.645000 0.869546 -2.479546
v 0.645000 0.873500 -2.470000
v 0.645000 0.869546 -2.460454
v 0.980000 0.809199 -1.660670
v 0.980000 0.829689 -1.655180
v 0.980000 0.818307 -1.653681
v 0.980000 0.890311 -1.690179
v 0.980000 0.895801 -1.710670
v 0.980000 0.897300 -1.699288
v 0.980000 0.809689 -1.689821
v 0.980000 0.804199 -1.669330
v 0.980000 0.802700 -1.680712
v 0.980000 0.890801 -1.719330
v 0.980000 0.870311 -1.724820
v 0.980000 0.881693 -1.726319
v 0.970000 0.829689 -1.655180
v 0.970000 0.809199 -1.660670
v 0.970000 0.818307 -1.653681
v 0.970000 0.895801 -1.710670
v 0.970000 0.890311 -1.690179
v 0.970000 0.897300 -1.699288
v 0.970000 0.804199 -1.669330
v 0.970000 0.809689 -1.689821
v 0.970000 0.802700 -1.680712
v 0.970000 0.870311 -1.724820
v 0.970000 0.890801 -1.719330
v 0.970000 0.881693 -1.726319
v 1.041544 0.723850 -1.950000
v 1.057993 0.710074 -1.950000
v 1.052190 0.710633 -1.950000
v 1.052557 0.720291 -1.950000
v 1.057993 0.710074 -1.970000
v 1.041544 0.723850 -1.970000
v 1.052190 0.710633 -1.970000
v 1.052557 0.720291 -1.970000
v 0.910000 0.809199 -1.660670
v 0.910000 0.829689 -1.655180
v 0.910000 0.818307 -1.653681
v 0.910000 0.890311 -1.690179
v 0.910000 0.895801 -1.710670
v 0.910000 0.897300 -1.699288
v 0.910000 0.809689 -1.689821
v 0.910000 0.804199 -1.669330
v 0.910000 0.802700 -1.680712
v 0.910000 0.890801 -1.719330
v 0.910000 0.870311 -1.724820
v 0.910000 0.881693 -1.726319
v 0.900000 0.829689 -1.655180
v 0.900000 0.809199 -1.660670
v 0.900000 0.818307 -1.653681
v 0.900000 0.895801 -1.710670
v 0.900000 0.890311 -1.690179
v 0.900000 0.897300 -1.699288
v 0.900000 0.804199 -1.669330
v 0.900000 0.809689 -1.689821
v 0.900000 0.802700 -1.680712
v 0.900000 0.870311 -1.724820
v 0.900000 0.890801 -1.719330
v 0.900000 0.881693 -1.726319
v 0.980000 0.829689 -2.344820
v 0.980000 0.809199 -2.339330
v 0.980000 0.818307 -2.346319
v 0.980000 0.895801 -2.289330
v 0.980000 0.890311 -2.309820
v 0.980000 0.897300 -2.300712
v 0.980000 0.804199 -2.330670
v 0.980000 0.809689 -2.310179
v 0.980000 0.802700 -2.319288
v 0.980000 0.870311 -2.275180
v 0.980000 0.890801 -2.280670
v 0.980000 0.881693 -2.273681
v 0.970000 0.809199 -2.339330
v 0.970000 0.829689 -2.344820
v 0.970000 0.818307 -2.346319
v 0.970000 0.890311 -2.309820
v 0.970000 0.895801 -2.289330
v 0.970000 0.897300 -2.300712
v 0.970000 0.809689 -2.310179
v 0.970000 0.804199 -2.330670
v 0.970000 0.802700 -2.319288
v 0.970000 0.890801 -2.280670
v 0.970000 0.870311 -2.275180
v 0.970000 0.881693 -2.273681
v 1.057993 0.710074 -2.050000
v 1.041544 0.723850 -2.050000
v 1.052190 0.710633 -2.050000
v 1.052557 0.720291 -2.050000
v 1.041544 0.723850 -2.030000
v 1.057993 0.710074 -2.030000
v 1.052190 0.710633 -2.030000
v 1.052557 0.720291 -2.030000
v 0.910000 0.829689 -2.344820
v 0.910000 0.809199 -2.339330
v 0.910000 0.818307 -2.346319
v 0.910000 0.895801 -2.289330
v 0.910000 0.890311 -2.309820
v 0.910000 0.897300 -2.300712
v 0.910000 0.804199 -2.330670
v 0.910000 0.809689 -2.310179
v 0.910000 0.802700 -2.319288
v 0.910000 0.870311 -2.275180
v 0.910000 0.890801 -2.280670
v 0.910000 0.881693 -2.273681
v 0.900000 0.809199 -2.339330
v 0.900000 0.829689 -2.344820
v 0.900000 0.818307 -2.346319
v 0.900000 0.890311 -2.309820
v 0.900000 0.895801 -2.289330
v 0.900000 0.897300 -2.300712
v 0.900000 0.809689 -2.310179
v 0.900000 0.804199 -2.330670
v 0.900000 0.802700 -2.319288
v 0.900000 0.890801 -2.280670
v 0.900000 0.870311 -2.275180
v 0.900000 0.881693 -2.273681
v 0.810000 0.662818 -2.454936
v 0.810000 0.650651 -2.437559
v 0.810000 0.653136 -2.448768
v 0.810000 0.877157 -2.477498
v 0.810000 0.859780 -2.489666
v 0.810000 0.870988 -2.487181
v 0.810000 0.652387 -2.427711
v 0.810000 0.669764 -2.415544
v 0.810000 0.658556 -2.418029
v 0.810000 0.866726 -2.450273
v 0.810000 0.878893 -2.467650
v 0.810000 0.876408 -2.456442
v 0.800000 0.650651 -2.437559
v 0.800000 0.662818 -2.454936
v 0.800000 0.653136 -2.448768
v 0.800000 0.859780 -2.489666
v 0.800000 0.877157 -2.477498
v 0.800000 0.870988 -2.487181
v 0.800000 0.669764 -2.415544
v 0.800000 0.652387 -2.427711
v 0.800000 0.658556 -2.418029
v 0.800000 0.878893 -2.467650
v 0.800000 0.866726 -2.450273
v 0.800000 0.876408 -2.456442
v 0.720000 0.662818 -2.454936
v 0.720000 0.650651 -2.437559
v 0.720000 0.653136 -2.448768
v 0.720000 0.877157 -2.477498
v 0.720000 0.859780 -2.489666
v 0.720000 0.870988 -2.487181
v 0.720000 0.652387 -2.427711
v 0.720000 0.669764 -2.415544
v 0.720000 0.658556 -2.418029
v 0.720000 0.866726 -2.450273
v 0.720000 0.878893 -2.467650
v 0.720000 0.876408 -2.456442
v 0.710000 0.650651 -2.437559
v 0.710000 0.662818 -2.454936
v 0.710000 0.653136 -2.448768
v 0.710000 0.859780 -2.489666
v 0.710000 0.877157 -2.477498
v 0.710000 0.870988 -2.487181
v 0.710000 0.669764 -2.415544
v 0.710000 0.652387 -2.427711
v 0.710000 0.658556 -2.418029
v 0.710000 0.878893 -2.467650
v 0.710000 0.866726 -2.450273
v 0.710000 0.876408 -2.456442
vn 1.0000 -0.0000 -0.0000
vn -0.0000 1.0000 -0.0000
vn -0.0000 -0.0000 1.0000
vn -0.0000 -1.0000 -0.0000
vn -1.0000 -0.0000 -0.0000
vn -0.0000 -0.0797 -0.9968
vn -0.0000 -0.0797 0.9968
vn -0.0000 -0.5145 0.8575
vn -0.0000 -0.8716 0.4903
vn -0.0000 0.2060 -0.9785
vn -0.7071 0.7071 -0.0000
vn -0.9950 0.0995 -0.0000
vn 0.3827 0.9239 -0.0000
vn 0.9239 0.3827 -0.0000
vn 0.9239 -0.3827 -0.0000
vn 0.3827 -0.9239 -0.0000
vn -0.3827 -0.9239 -0.0000
vn -0.9239 -0.3827 -0.0000
vn -0.9239 0.3827 -0.0000
vn -0.3827 0.9239 -0.0000
vn -0.1135 -0.9935 -0.0000
vn 0.9950 -0.0995 -0.0000
vn 0.5547 0.8320 -0.0000
vn -0.0000 -0.0000 -1.0000
vn -0.0000 0.3827 -0.9239
vn -0.0000 0.9239 -0.3827
vn -0.0000 0.9239 0.3827
vn -0.0000 0.3827 0.9239
vn -0.0000 -0.3827 0.9239
vn -0.0000 -0.9239 0.3827
vn -0.0000 -0.3827 -0.9239
vn -0.0000 -0.9239 -0.3827
vn -0.0995 0.9950 -0.0000
vn -0.8893 -0.0000 0.4573
vn -0.8893 -0.0000 0.4574
vn -0.0000 1.0000 -0.0089
vn -0.9903 0.1015 0.0953
vn -0.0000 -1.0000 -0.0089
vn -0.0560 0.0051 0.9984
vn 0.9902 -0.1015 0.0955
vn -0.0000 -0.8872 0.4614
vn -0.0000 0.9806 -0.1961
vn -0.0000 -0.5145 -0.8575
vn -0.0000 -0.8716 -0.4903
vn -0.0000 0.2060 0.9785
vn -0.8893 -0.0000 -0.4573
vn -0.8893 -0.0000 -0.4574
vn -0.0000 1.0000 0.0089
vn -0.9894 0.0995 0.1062
vn -0.0000 -1.0000 0.0089
vn 0.0560 -0.0051 -0.9984
vn 0.9894 -0.0995 0.1062
vn -0.0000 -0.8872 -0.4614
vn -0.0000 0.9806 0.1961
vn -0.0000 -0.0980 0.9952
vn -0.0000 -0.4714 0.8819
vn -0.0000 0.0980 0.9952
vn -0.0000 -0.2903 0.9569
vn -0.0000 -0.9808 0.1951
vn -0.0000 0.8828 0.4698
vn -0.0000 -0.9952 0.0980
vn -0.0000 0.8819 0.4714
vn -0.0000 0.2903 -0.9569
vn -0.0000 -0.0980 -0.9952
vn -0.0000 0.4698 -0.8828
vn -0.0000 0.0980 -0.9952
vn -0.0000 0.4698 -0.8827
vn -0.0000 0.4681 -0.8837
vn -0.0000 -0.0961 -0.9954
vn -0.0000 -0.3420 0.9397
vn -0.0000 0.3420 -0.9397
vn -0.0000 -0.9397 -0.3420
vn -0.0000 -0.9914 0.1305
vn -0.0000 -0.7933 -0.6088
vn -0.0000 0.6088 -0.7934
vn -0.0000 -0.1305 -0.9914
vn -0.0000 -0.6088 0.7934
vn -0.0000 0.1305 0.9914
vn -0.0000 0.9914 -0.1305
vn -0.0000 0.7933 0.6088
vn -0.3075 0.9516 -0.0000
vn -0.8828 0.4697 -0.0000
vn -0.0000 -0.7934 -0.6088
vn -0.0000 0.7934 0.6088
vn -0.0000 -0.7933 0.6088
vn -0.0000 -0.9914 -0.1305
vn -0.0000 -0.1305 0.9914
vn -0.0000 0.6088 0.7933
vn -0.0000 0.1305 -0.9914
vn -0.0000 -0.6088 -0.7933
vn -0.0000 0.7933 -0.6088
vn -0.0000 0.9914 0.1305
vn -0.3074 0.9516 -0.0000
vn -0.0000 -0.7934 0.6088
vn -0.0000 0.6088 0.7934
vn -0.0000 -0.6088 -0.7934
vn -0.0000 0.7934 -0.6088
vn -0.0000 -0.2164 0.9763
vn -0.0000 -0.8434 0.5373
vn -0.0000 0.5373 0.8434
vn -0.0000 0.9763 0.2164
vn -0.0000 -0.5373 -0.8434
vn -0.0000 -0.9763 -0.2164
vn -0.0000 0.2164 -0.9763
vn -0.0000 0.8434 -0.5373
vn -0.0000 -0.8660 0.5000
vn -0.0000 0.5000 0.8660
vn -0.0000 0.8660 -0.5000
vn -0.0000 -0.5000 -0.8660
vn 0.0767 0.9971 -0.0000
vn -0.0000 -0.8660 -0.5000
vn -0.0000 0.5000 -0.8660
vn -0.0000 0.8660 0.5000
vn -0.0000 -0.5000 0.8660
vn -0.0000 -0.9848 0.1736
vn -0.0000 -0.1737 -0.9848
vn -0.0000 0.9848 -0.1736
vn -0.0000 0.1736 0.9848
vn -0.0000 -0.1736 -0.9848
vn 0.7071 0.7071 -0.0000
vn 0.9950 0.0995 -0.0000
vn 0.1135 -0.9935 -0.0000
vn -0.9950 -0.0995 -0.0000
vn -0.5547 0.8320 -0.0000
vn 0.0995 0.9950 -0.0000
vn 0.8893 -0.0000 0.4573
vn 0.8893 -0.0000 0.4574
vn 0.9894 0.0995 -0.1062
vn -0.0560 -0.0051 0.9984
vn -0.9894 -0.0995 -0.1062
vn 0.8893 -0.0000 -0.4573
vn 0.8893 -0.0000 -0.4574
vn 0.9903 0.1015 -0.0953
vn 0.0560 0.0051 -0.9984
vn -0.9902 -0.1015 -0.0955
vn -0.0000 0.4699 -0.8827
vn 0.3075 0.9516 -0.0000
vn 0.8828 0.4697 -0.0000
vn 0.3074 0.9516 -0.0000
vn -0.0767 0.9971 -0.0000
vn 0.5547 0.8321 -0.0000
vn 0.0565 0.9984 -0.0076
vn -0.9894 0.0995 -0.1062
vn -0.0565 -0.9984 -0.0076
vn 0.0560 -0.0051 0.9984
vn 0.9894 -0.0995 -0.1062
vn 0.0565 0.9984 0.0076
vn -0.9903 0.1015 -0.0953
vn -0.0565 -0.9984 0.0076
vn -0.0560 0.0051 -0.9984
vn 0.9902 -0.1015 -0.0955
vn -0.0000 0.2902 -0.9570
vn -0.0000 0.2903 -0.9570
vn -0.0000 0.6088 -0.7933
vn -0.0000 -0.6088 0.7933
vn -0.0000 0.1737 0.9848
vn -0.5547 0.8321 -0.0000
vn -0.0565 0.9984 -0.0076
vn 0.9903 0.1015 0.0953
vn 0.0565 -0.9984 -0.0076
vn 0.0560 0.0051 0.9984
vn -0.9902 -0.1015 0.0955
vn -0.0565 0.9984 0.0076
vn 0.9894 0.0995 0.1062
vn 0.0565 -0.9984 0.0076
vn -0.0560 -0.0051 -0.9984
vn -0.9894 -0.0995 0.1062
vt 0.625000 0.625000
vt 0.375000 0.750000
vt 0.375000 0.625000
vt 0.875000 0.625000
vt 0.864065 0.750000
vt 0.864065 0.625000
vt 0.375000 0.989085
vt 0.625000 1.000000
vt 0.375000 1.000000
vt 0.860698 0.750000
vt 0.625000 0.750000
vt 0.625000 0.666667
vt 0.500000 0.750000
vt 0.500000 0.666667
vt 0.500000 1.000000
vt 0.375000 0.666667
vt 0.125000 0.750000
vt 0.125000 0.666667
vt 0.625000 0.000000
vt 0.625000 0.083333
vt 0.125000 0.625000
vt 0.500000 0.625000
vt 0.875000 0.666667
vt 0.500000 0.000000
vt 0.500000 0.250000
vt 0.625000 0.500000
vt 0.375000 0.500000
vt 0.125000 0.500000
vt 0.875000 0.500000
vt 0.500000 0.500000
vt 0.375000 0.250000
vt 0.375000 0.000000
vt 0.375000 0.125000
vt 1.000000 0.675000
vt 0.875000 1.000000
vt 0.875000 0.675000
vt 0.750000 0.675000
vt 0.750000 1.000000
vt 0.625000 0.675000
vt 0.500000 0.675000
vt 0.375000 0.675000
vt 0.250000 0.675000
vt 0.010000 0.250000
vt 0.250000 0.010000
vt 0.490000 0.250000
vt 0.250000 1.000000
vt 0.125000 0.675000
vt 0.000000 1.000000
vt 0.000000 0.675000
vt 0.000000 0.000000
vt 0.000000 0.500000
vt 0.250000 0.500000
vt 0.750000 0.500000
vt 1.000000 0.500000
vt 0.625000 0.031250
vt 0.375000 0.031250
vt 0.625000 0.718750
vt 0.375000 0.718750
vt 0.125000 0.718750
vt 0.500000 0.083333
vt 0.500000 0.125000
vt 0.125000 1.000000
vt 0.625000 0.250000
vt 0.875000 0.750000
vt 1.000000 1.000000
vt 0.919706 0.080294
vt 0.580294 0.080294
vt 0.580294 0.419706
vt 0.375000 0.125000
vt 0.375000 0.083333
vt 0.625000 0.212500
vt 0.375000 0.212500
vt 0.125000 0.537500
vt 0.875000 0.537500
vt 0.625000 0.537500
vt 0.375000 0.537500
vt 0.860698 0.625000
vt 0.139085 0.750000
vt 0.139085 0.625000
vt 0.135915 0.750000
vt 0.375000 0.985915
vt 0.625000 0.985698
vt 0.135915 0.625000
vt 0.625000 0.989065
vt 0.250000 0.490000
vt 0.919706 0.419706
vt 0.875000 0.718750
vt 0.125000 0.593750
vt 0.378661 0.509153
vt 0.375000 0.593750
vt 0.380492 0.236271
vt 0.412500 0.500000
vt 0.625000 0.593750
vt 0.875000 0.593750
vt 0.621339 0.509153
vt 0.587500 0.250000
vt 0.619508 0.236271
vt 0.375000 0.656250
vt 0.125000 0.656250
vt 0.378661 0.740847
vt 0.412500 1.000000
vt 0.875000 0.656250
vt 0.621339 0.740847
vt 0.625000 0.656250
vt 0.587500 0.750000
vt 0.731194 0.500000
vt 0.731194 0.750000
vt 0.587500 0.250000
vt 0.412500 0.250000
vt 0.587500 0.500000
vt 0.619508 0.236271
vt 0.412500 0.750000
vt 0.378661 0.740847
vt 0.587500 1.000000
vt 0.621339 0.740847
vt 0.587500 0.750000
vt 0.731194 0.750000
vt 0.587500 0.500000
vt 0.391304 0.250000
vt 0.376592 0.509153
vt 0.391304 0.500000
vt 0.375000 0.593750
vt 0.608696 0.500000
vt 0.622612 0.236271
vt 0.608696 0.250000
vt 0.623408 0.509153
vt 0.875000 0.593750
vt 0.391304 0.750000
vt 0.391304 1.000000
vt 0.376592 0.740847
vt 0.125000 0.656250
vt 0.608696 1.000000
vt 0.623408 0.740847
vt 0.608696 0.750000
vt 0.625000 0.656250
vt 0.608696 0.250000
vt 0.587500 0.000000
vt 0.375000 0.156250
vt 0.481326 1.000000
vt 0.481326 0.250000
vt 0.731194 0.500000
vt 0.625000 0.856194
vt 0.625000 0.393806
vt 0.481326 0.250000
vt 0.125000 0.593750
vt 0.375000 0.156250
vt 0.608696 0.000000
vt 0.625000 0.593750
vt 0.625000 0.093750
vt 0.385984 0.027459
vt 0.481326 1.000000
vt 0.625000 0.093750
vt 0.379775 0.027459
vt 0.625000 0.125000
vt 0.419706 0.419706
vt 0.080294 0.419706
vt 0.080294 0.080294
vt 0.419706 0.080294
vt 0.750000 0.490000
vt 0.990000 0.250000
vt 0.750000 0.010000
vt 0.510000 0.250000
vt 0.587500 1.000000
vt 0.377388 0.236271
vt 0.875000 0.656250
vt 0.375000 0.093750
vt 0.412500 0.000000
vt 0.614017 0.027458
vt 0.625000 0.156250
vt 0.614017 0.027458
vt 0.391304 0.000000
vt 0.625000 0.156250
vt 0.620225 0.027459
s 0
f 1898/174/168 1867/175/168 1897/176/168
f 1896/177/169 2152/178/169 2154/179/169
f 2151/180/170 1866/181/170 1865/182/170
f 1898/174/169 2153/183/169 1868/184/169
f 1876/185/168 2002/186/168 2003/187/168
f 1872/184/170 2001/188/170 2002/186/170
f 1875/189/171 1869/190/171 1873/191/171
f 1870/192/172 1880/193/172 1874/193/172
f 1892/177/169 1876/185/169 1894/174/169
f 1893/176/171 1873/191/171 1891/194/171
f 1894/174/168 2003/187/168 2004/195/168
f 2001/188/170 1964/182/170 1869/182/170
f 1880/196/169 1878/184/169 1877/185/169
f 1874/196/173 1877/185/173 1876/185/173
f 1876/185/168 1878/184/168 1872/184/168
f 1872/184/174 1879/181/174 1870/181/174
f 1887/197/172 1882/192/172 1888/198/172
f 1889/199/168 1885/184/168 1890/186/168
f 1885/184/175 1887/188/175 1890/186/175
f 1886/200/171 1881/190/171 1883/201/171
f 1888/202/169 1885/184/169 1889/199/169
f 1890/186/176 1881/182/176 1884/175/176
f 1889/203/168 1884/175/168 1886/200/168
f 1888/198/177 1886/200/177 1883/204/177
f 1881/205/172 1888/198/172 1883/204/172
f 1874/193/178 1965/192/178 1870/192/178
f 1866/192/179 1895/206/179 1865/205/179
f 1931/207/180 1906/208/180 1932/209/180
f 1906/208/181 1933/210/181 1932/209/181
f 1908/211/182 1934/212/182 1933/210/182
f 1910/181/183 1935/213/183 1934/212/183
f 1912/188/184 1936/214/184 1935/213/184
f 1914/182/185 1937/215/185 1936/214/185
f 1916/216/170 1912/217/170 1908/218/170
f 1916/219/186 1938/220/186 1937/215/186
f 1938/220/187 1904/221/187 1931/222/187
f 1923/200/188 1919/190/188 1920/201/188
f 1919/190/189 1925/201/189 1920/201/189
f 1926/190/171 1927/201/171 1925/201/171
f 1922/184/190 1929/199/190 1924/199/190
f 1923/200/191 1924/199/191 1929/199/191
f 1922/184/170 1921/175/170 1930/184/170
f 1937/215/170 1953/220/170 1951/215/170
f 1913/223/191 1946/223/191 1948/223/191
f 1938/220/170 1954/222/170 1953/220/170
f 1932/209/170 1954/207/170 1931/207/170
f 1915/223/191 1952/223/191 1917/223/191
f 1907/223/191 1940/223/191 1942/223/191
f 1933/210/170 1941/209/170 1932/209/170
f 1933/210/170 1945/212/170 1943/210/170
f 1953/220/187 1939/224/187 1952/201/187
f 1951/215/186 1952/201/186 1950/225/186
f 1949/214/185 1950/225/185 1948/200/185
f 1947/213/184 1948/200/184 1946/203/184
f 1945/212/183 1946/203/183 1944/199/183
f 1943/210/182 1944/199/182 1942/226/182
f 1941/209/181 1942/226/181 1940/202/181
f 1954/207/180 1940/202/180 1939/227/180
f 1907/223/191 1944/223/191 1909/223/191
f 1917/223/191 1939/223/191 1903/223/191
f 1937/215/170 1949/214/170 1936/214/170
f 1905/223/191 1939/223/191 1940/223/191
f 1936/214/170 1947/213/170 1935/213/170
f 1915/223/191 1948/223/191 1950/223/191
f 1934/212/170 1947/213/170 1945/212/170
f 1909/223/191 1946/223/191 1911/223/191
f 1901/223/191 1960/223/191 1899/223/191
f 1899/223/191 1956/223/191 1900/223/191
f 1955/228/172 1960/206/172 1961/229/172
f 1956/177/169 1962/230/169 1959/174/169
f 1960/194/171 1957/231/171 1961/232/171
f 1959/174/168 1957/231/168 1958/176/168
f 1902/223/191 1958/223/191 1901/223/191
f 1900/223/191 1959/223/191 1902/223/191
f 1965/192/172 2006/233/172 2005/197/172
f 1967/193/172 2007/234/172 2006/233/172
f 2001/188/170 1965/181/170 2005/188/170
f 1892/177/178 1967/196/178 1874/196/178
f 1873/191/171 1966/194/171 1891/194/171
f 1869/190/171 1963/191/171 1873/191/171
f 1995/181/168 1989/182/168 1996/182/168
f 1986/235/192 1972/224/192 1985/201/192
f 2000/199/172 1991/202/172 1999/202/172
f 1984/219/193 1985/201/193 1983/225/193
f 1989/199/171 2111/199/171 1969/199/171
f 1982/182/194 1983/225/194 1981/200/194
f 1997/192/169 1995/204/169 1993/205/169
f 1980/188/195 1981/200/195 1979/203/195
f 1994/236/171 2000/200/171 1998/204/171
f 1978/181/196 1979/203/196 1977/199/196
f 1999/236/169 1992/204/169 1995/204/169
f 1976/211/197 1977/199/197 1975/226/197
f 1995/204/169 2116/205/169 1993/205/169
f 1997/237/172 2121/184/172 1998/184/172
f 1971/238/198 1973/202/198 1972/227/198
f 1999/202/172 1998/184/172 2000/199/172
f 1974/208/199 1975/226/199 1973/202/199
f 1977/239/172 1981/240/172 1985/241/172
f 1966/223/191 2012/223/191 2007/223/191
f 1964/182/170 2013/188/170 2009/182/170
f 2004/195/168 1875/189/168 1893/176/168
f 2002/186/170 1869/182/170 1871/175/170
f 2003/187/168 1871/175/168 1875/189/168
f 2011/233/172 2010/242/172 2008/243/172
f 2013/197/172 2008/243/172 2009/205/172
f 2006/233/200 2013/197/200 2005/197/200
f 1963/191/171 2010/194/171 1966/194/171
f 1964/190/171 2008/191/171 1963/191/171
f 2007/234/200 2011/233/200 2006/233/200
f 2023/244/170 2029/245/170 2022/245/170
f 2017/236/191 2020/200/191 2016/204/191
f 2019/184/170 2014/182/170 2018/175/170
f 2022/246/171 2018/175/171 2014/190/171
f 2023/247/169 2019/184/169 2025/248/169
f 2017/202/169 2025/248/169 2021/199/169
f 2016/201/171 2024/249/171 2022/246/171
f 2015/192/172 2022/245/172 2014/205/172
f 2026/244/172 2028/204/172 2029/245/172
f 2016/204/191 2027/236/191 2017/236/191
f 2022/246/171 2028/201/171 2016/201/171
f 2017/202/169 2026/247/169 2023/247/169
f 2045/235/192 2031/224/192 2044/201/192
f 2043/219/193 2044/201/193 2042/225/193
f 2041/182/194 2042/225/194 2040/200/194
f 2039/188/195 2040/200/195 2038/203/195
f 2037/181/196 2038/203/196 2036/199/196
f 2035/211/197 2036/199/197 2034/226/197
f 2030/238/198 2032/202/198 2031/227/198
f 2033/208/199 2034/226/199 2032/202/199
f 2036/239/172 2040/240/172 2044/241/172
f 2055/239/172 2051/240/172 2047/241/172
f 2058/208/199 2057/226/199 2059/202/199
f 2061/238/198 2059/202/198 2060/227/198
f 2056/211/197 2055/199/197 2057/226/197
f 2054/181/196 2053/203/196 2055/199/196
f 2052/188/195 2051/200/195 2053/203/195
f 2050/182/194 2049/225/194 2051/200/194
f 2048/219/193 2047/201/193 2049/225/193
f 2046/235/192 2060/224/192 2047/201/192
f 2071/239/172 2067/240/172 2063/241/172
f 2074/208/199 2073/226/199 2075/202/199
f 2077/238/198 2075/202/198 2076/227/198
f 2072/211/197 2071/199/197 2073/226/197
f 2070/181/196 2069/203/196 2071/199/196
f 2068/188/195 2067/200/195 2069/203/195
f 2066/182/194 2065/225/194 2067/200/194
f 2064/219/193 2063/201/193 2065/225/193
f 2062/235/192 2076/224/192 2063/201/192
f 2093/235/192 2079/224/192 2092/201/192
f 2091/219/193 2092/201/193 2090/225/193
f 2089/182/194 2090/225/194 2088/200/194
f 2087/188/195 2088/200/195 2086/203/195
f 2085/181/196 2086/203/196 2084/199/196
f 2083/211/197 2084/199/197 2082/226/197
f 2078/238/198 2080/202/198 2079/227/198
f 2081/208/199 2082/226/199 2080/202/199
f 2084/239/172 2088/240/172 2092/241/172
f 2103/239/172 2099/240/172 2095/241/172
f 2106/208/199 2105/226/199 2107/202/199
f 2109/238/198 2107/202/198 2108/227/198
f 2104/211/197 2103/199/197 2105/226/197
f 2102/181/196 2101/203/196 2103/199/196
f 2100/188/195 2099/200/195 2101/203/195
f 2098/182/194 2097/225/194 2099/200/194
f 2096/219/193 2095/201/193 2097/225/193
f 2094/235/192 2108/224/192 2095/201/192
f 1996/199/171 1990/200/171 2000/200/171
f 1970/199/170 1988/175/170 1969/200/170
f 1990/199/172 1987/202/172 1991/202/172
f 1991/236/169 1970/204/169 1992/204/169
f 1989/199/171 1988/200/171 1990/200/171
f 2112/181/168 2111/182/168 2113/182/168
f 2116/184/168 2115/182/168 2117/175/168
f 1996/182/170 2114/181/170 1995/181/170
f 1992/181/191 2113/182/191 1989/182/191
f 1994/236/171 2115/199/171 1996/199/171
f 1969/200/170 2110/199/170 1970/199/170
f 1970/204/169 2112/204/169 1992/204/169
f 1993/175/191 2117/190/191 1994/190/191
f 2120/200/191 2119/190/191 2121/201/191
f 1993/205/169 2120/192/169 1997/192/169
f 1998/204/171 2119/236/171 1994/236/171
f 1994/190/168 2118/175/168 1993/175/168
f 2123/192/201 2124/204/201 2122/205/201
f 2135/184/170 2130/182/170 2134/175/170
f 2131/192/202 2132/204/202 2130/205/202
f 2127/184/170 2122/182/170 2126/175/170
f 2128/200/171 2122/190/171 2124/201/171
f 2129/199/169 2123/237/169 2127/184/169
f 2136/200/171 2130/190/171 2132/201/171
f 2137/199/169 2131/237/169 2135/184/169
f 2143/184/170 2138/182/170 2142/175/170
f 2139/192/201 2140/204/201 2138/205/201
f 2144/200/171 2138/190/171 2140/201/171
f 2145/199/169 2139/237/169 2143/184/169
f 2147/178/203 2149/250/203 2148/179/203
f 1897/176/171 2150/251/171 2156/252/171
f 1895/194/171 2151/253/171 1865/190/171
f 2150/254/204 2146/255/204 2160/254/204
f 2154/223/170 2149/223/170 2155/223/170
f 2156/223/170 2158/223/170 2157/223/170
f 1867/175/170 2153/255/170 2150/254/170
f 2160/251/205 2158/256/205 2159/252/205
f 2147/257/206 2160/254/206 2146/255/206
f 2157/256/168 2161/253/168 2151/253/168
f 2156/252/172 2160/251/172 2159/252/172
f 2155/250/172 2146/183/172 2153/183/172
f 2154/179/168 2147/178/168 2148/179/168
f 2152/257/207 2161/180/207 2147/257/207
f 2177/238/198 2187/208/198 2174/208/198
f 2167/182/194 2192/219/194 2165/219/194
f 2171/181/196 2190/188/196 2169/188/196
f 2167/182/195 2190/188/195 2191/182/195
f 2162/235/192 2186/221/192 2177/221/192
f 2172/211/197 2189/181/197 2171/181/197
f 2174/208/199 2188/211/199 2172/211/199
f 2171/239/172 2167/240/172 2162/241/172
f 2168/239/172 2173/240/172 2176/241/172
f 2166/211/199 2179/208/199 2180/211/199
f 2166/211/197 2181/181/197 2168/181/197
f 2176/235/192 2178/221/192 2163/221/192
f 2173/182/195 2182/188/195 2183/182/195
f 2168/181/196 2182/188/196 2170/188/196
f 2173/182/194 2184/219/194 2175/219/194
f 2163/238/198 2179/208/198 2164/208/198
f 2175/219/193 2185/235/193 2176/235/193
f 2180/211/168 2178/221/168 2184/219/168
f 2165/219/193 2193/235/193 2162/235/193
f 2188/211/168 2186/221/168 2192/219/168
f 2195/192/172 2198/205/172 2199/192/172
f 2203/230/168 2196/175/168 2205/231/168
f 2205/231/171 2194/190/171 2202/232/171
f 2203/230/169 2195/237/169 2197/184/169
f 2200/184/170 2198/182/170 2201/175/170
f 2196/175/208 2198/190/208 2194/190/208
f 2195/237/209 2200/184/209 2197/184/209
f 2197/184/168 2201/175/168 2196/175/168
f 2195/192/172 2202/229/172 2194/205/172
f 1961/232/170 1962/230/170 1955/232/170
f 2208/175/168 1898/174/168 1897/176/168
f 2453/178/169 1896/177/169 2154/179/169
f 2452/180/191 2207/181/191 2453/257/191
f 1898/174/169 2454/183/169 2155/250/169
f 2309/186/168 2217/185/168 2310/187/168
f 2308/188/191 2213/184/191 2309/186/191
f 2210/190/171 2216/189/171 2214/191/171
f 2221/193/172 2211/192/172 2215/193/172
f 2217/185/169 1892/177/169 1894/174/169
f 2214/191/171 1893/176/171 1891/194/171
f 2310/187/168 1894/174/168 2004/195/168
f 2273/182/191 2308/188/191 2210/182/191
f 2219/184/169 2221/196/169 2218/185/169
f 2218/185/174 2215/196/174 2217/185/174
f 2219/184/168 2217/185/168 2213/184/168
f 2220/181/173 2213/184/173 2211/181/173
f 2228/197/172 2229/198/172 2223/192/172
f 2230/199/168 2231/186/168 2226/184/168
f 2228/188/210 2226/184/210 2231/186/210
f 2222/190/171 2227/200/171 2224/201/171
f 2226/184/169 2229/202/169 2230/199/169
f 2222/182/211 2231/186/211 2225/175/211
f 2225/175/168 2230/203/168 2227/200/168
f 2227/200/212 2229/198/212 2224/204/212
f 2222/205/172 2229/198/172 2228/197/172
f 2274/192/178 2215/193/178 2211/192/178
f 1895/206/179 2207/192/179 2206/205/179
f 2253/209/180 2232/238/180 2252/207/180
f 2254/210/181 2233/208/181 2253/209/181
f 2255/212/182 2234/211/182 2254/210/182
f 2256/213/183 2235/181/183 2255/212/183
f 2257/214/184 2236/188/184 2256/213/184
f 2258/215/185 2237/182/185 2257/214/185
f 2236/217/191 2238/216/191 2232/258/191
f 2259/220/186 2238/219/186 2258/215/186
f 2259/220/187 2232/221/187 2239/235/187
f 2240/190/188 2244/200/188 2241/201/188
f 2246/201/189 2240/190/189 2241/201/189
f 2248/201/171 2247/190/171 2246/201/171
f 2250/199/190 2243/184/190 2245/199/190
f 2244/200/170 2250/199/170 2245/199/170
f 2243/184/191 2251/184/191 2242/175/191
f 2258/215/191 2266/220/191 2259/220/191
f 2259/220/191 2267/222/191 2252/222/191
f 2267/207/191 2253/209/191 2252/207/191
f 2260/209/191 2254/210/191 2253/209/191
f 2254/210/191 2262/212/191 2255/212/191
f 1939/224/187 2266/220/187 1952/201/187
f 1952/201/186 2265/215/186 1950/225/186
f 1950/225/185 2264/214/185 1948/200/185
f 1948/200/184 2263/213/184 1946/203/184
f 1946/203/183 2262/212/183 1944/199/183
f 1944/199/182 2261/210/182 1942/226/182
f 1942/226/181 2260/209/181 1940/202/181
f 1940/202/180 2267/207/180 1939/227/180
f 2264/214/191 2258/215/191 2257/214/191
f 2263/213/191 2257/214/191 2256/213/191
f 2255/212/191 2263/213/191 2256/213/191
f 1960/206/172 2268/228/172 2270/229/172
f 2271/230/169 1956/177/169 1959/174/169
f 1960/194/171 2269/231/171 1958/176/171
f 2269/231/168 1959/174/168 1958/176/168
f 2312/233/172 2274/192/172 2311/197/172
f 2007/234/172 2275/193/172 2312/233/172
f 2308/188/191 2274/181/191 2211/181/191
f 2275/196/178 1892/177/178 2215/196/178
f 1966/194/171 2214/191/171 1891/194/171
f 2272/191/171 2210/190/171 2214/191/171
f 2296/182/168 2302/181/168 2303/182/168
f 2279/224/195 2293/235/195 2292/201/195
f 2298/202/172 2307/199/172 2306/202/172
f 2292/201/194 2291/219/194 2290/225/194
f 2414/199/171 2296/199/171 2276/199/171
f 2290/225/193 2289/182/193 2288/200/193
f 2302/204/169 2304/192/169 2300/205/169
f 2288/200/192 2287/188/192 2286/203/192
f 2307/200/171 2301/236/171 2305/204/171
f 2286/203/198 2285/181/198 2284/199/198
f 2299/204/169 2306/236/169 2302/204/169
f 2284/199/199 2283/211/199 2282/226/199
f 2419/205/169 2302/204/169 2300/205/169
f 2424/184/172 2304/237/172 2305/184/172
f 2280/202/196 2278/238/196 2279/227/196
f 2305/184/172 2306/202/172 2307/199/172
f 2282/226/197 2281/208/197 2280/202/197
f 2288/240/172 2284/239/172 2280/259/172
f 2273/182/191 2316/188/191 2311/188/191
f 2216/189/168 2004/195/168 1893/176/168
f 2210/182/191 2309/186/191 2212/175/191
f 2212/175/168 2310/187/168 2216/189/168
f 2010/242/172 2315/233/172 2313/243/172
f 2313/243/172 2316/197/172 2314/205/172
f 2316/197/200 2312/233/200 2311/197/200
f 2010/194/171 2272/191/171 1966/194/171
f 2313/191/171 2273/190/171 2272/191/171
f 2315/233/200 2007/234/200 2312/233/200
f 2332/245/191 2326/244/191 2325/245/191
f 2323/200/170 2320/236/170 2319/204/170
f 2317/182/191 2322/184/191 2321/175/191
f 2325/246/171 2321/175/171 2327/249/171
f 2322/184/169 2326/247/169 2328/248/169
f 2328/248/169 2320/202/169 2324/199/169
f 2319/201/171 2327/249/171 2323/200/171
f 2325/245/172 2318/192/172 2317/205/172
f 2331/204/172 2329/244/172 2332/245/172
f 2330/236/170 2319/204/170 2320/236/170
f 2331/201/171 2325/246/171 2319/201/171
f 2329/247/169 2320/202/169 2326/247/169
f 2334/224/195 2348/235/195 2347/201/195
f 2347/201/194 2346/219/194 2345/225/194
f 2345/225/193 2344/182/193 2343/200/193
f 2343/200/192 2342/188/192 2341/203/192
f 2341/203/198 2340/181/198 2339/199/198
f 2339/199/199 2338/211/199 2337/226/199
f 2335/202/196 2333/238/196 2334/227/196
f 2337/226/197 2336/208/197 2335/202/197
f 2343/240/172 2339/239/172 2335/259/172
f 2354/240/172 2358/239/172 2362/259/172
f 2360/226/197 2361/208/197 2362/202/197
f 2362/202/196 2364/238/196 2363/227/196
f 2358/199/199 2359/211/199 2360/226/199
f 2356/203/198 2357/181/198 2358/199/198
f 2354/200/192 2355/188/192 2356/203/192
f 2352/225/193 2353/182/193 2354/200/193
f 2350/201/194 2351/219/194 2352/225/194
f 2363/224/195 2349/235/195 2350/201/195
f 2370/240/172 2374/239/172 2378/259/172
f 2376/226/197 2377/208/197 2378/202/197
f 2378/202/196 2380/238/196 2379/227/196
f 2374/199/199 2375/211/199 2376/226/199
f 2372/203/198 2373/181/198 2374/199/198
f 2370/200/192 2371/188/192 2372/203/192
f 2368/225/193 2369/182/193 2370/200/193
f 2366/201/194 2367/219/194 2368/225/194
f 2379/224/195 2365/235/195 2366/201/195
f 2382/224/195 2396/235/195 2395/201/195
f 2395/201/194 2394/219/194 2393/225/194
f 2393/225/193 2392/182/193 2391/200/193
f 2391/200/192 2390/188/192 2389/203/192
f 2389/203/198 2388/181/198 2387/199/198
f 2387/199/199 2386/211/199 2385/226/199
f 2383/202/196 2381/238/196 2382/227/196
f 2385/226/197 2384/208/197 2383/202/197
f 2391/240/172 2387/239/172 2383/259/172
f 2402/240/172 2406/239/172 2410/259/172
f 2408/226/197 2409/208/197 2410/202/197
f 2410/202/196 2412/238/196 2411/227/196
f 2406/199/199 2407/211/199 2408/226/199
f 2404/203/198 2405/181/198 2406/199/198
f 2402/200/192 2403/188/192 2404/203/192
f 2400/225/193 2401/182/193 2402/200/193
f 2398/201/194 2399/219/194 2400/225/194
f 2411/224/195 2397/235/195 2398/201/195
f 2297/200/171 2303/199/171 2307/200/171
f 2295/175/191 2277/199/191 2276/200/191
f 2294/202/172 2297/199/172 2298/202/172
f 2277/204/169 2298/236/169 2299/204/169
f 2295/200/171 2296/199/171 2297/200/171
f 2414/182/168 2415/181/168 2416/182/168
f 2418/182/168 2419/184/168 2420/175/168
f 2417/181/191 2303/182/191 2302/181/191
f 2416/182/170 2299/181/170 2296/182/170
f 2418/199/171 2301/236/171 2303/199/171
f 2413/199/191 2276/200/191 2277/199/191
f 2415/204/169 2277/204/169 2299/204/169
f 2420/190/170 2300/175/170 2301/190/170
f 2422/190/170 2423/200/170 2424/201/170
f 2423/192/169 2300/205/169 2304/192/169
f 2422/236/171 2305/204/171 2301/236/171
f 2421/175/168 2301/190/168 2300/175/168
f 2427/204/213 2426/192/213 2425/205/213
f 2433/182/191 2438/184/191 2437/175/191
f 2435/204/214 2434/192/214 2433/205/214
f 2425/182/191 2430/184/191 2429/175/191
f 2425/190/171 2431/200/171 2427/201/171
f 2432/199/169 2426/237/169 2428/202/169
f 2433/190/171 2439/200/171 2435/201/171
f 2440/199/169 2434/237/169 2436/202/169
f 2441/182/191 2446/184/191 2445/175/191
f 2443/204/213 2442/192/213 2441/205/213
f 2441/190/171 2447/200/171 2443/201/171
f 2448/199/169 2442/237/169 2444/202/169
f 2149/250/215 2450/178/215 2148/179/215
f 2451/251/171 1897/176/171 2156/252/171
f 1895/194/171 2452/253/171 2157/256/171
f 2451/254/216 2449/255/216 2454/255/216
f 2208/175/191 2454/255/191 2209/184/191
f 2158/256/217 2455/251/217 2159/252/217
f 2450/257/218 2455/254/218 2456/180/218
f 2456/253/168 2157/256/168 2452/253/168
f 2156/252/172 2455/251/172 2451/251/172
f 2449/183/172 2155/250/172 2454/183/172
f 2154/179/168 2450/178/168 2453/178/168
f 2453/257/219 2456/180/219 2452/180/219
f 2482/208/196 2472/238/196 2469/208/196
f 2487/219/193 2462/182/193 2460/219/193
f 2485/188/198 2466/181/198 2464/188/198
f 2462/182/192 2485/188/192 2464/188/192
f 2481/221/195 2457/235/195 2472/221/195
f 2484/181/199 2467/211/199 2466/181/199
f 2483/211/197 2469/208/197 2467/211/197
f 2462/240/172 2466/239/172 2469/259/172
f 2468/240/172 2463/239/172 2459/259/172
f 2461/211/197 2474/208/197 2459/208/197
f 2476/181/199 2461/211/199 2463/181/199
f 2473/221/195 2471/235/195 2458/221/195
f 2468/182/192 2477/188/192 2465/188/192
f 2477/188/198 2463/181/198 2465/188/198
f 2479/219/193 2468/182/193 2470/219/193
f 2474/208/196 2458/238/196 2459/208/196
f 2480/235/194 2470/219/194 2471/235/194
f 2473/221/168 2475/211/168 2477/188/168
f 2488/235/194 2460/219/194 2457/235/194
f 2481/221/168 2483/211/168 2485/188/168
f 2490/192/172 2493/205/172 2489/205/172
f 2491/175/168 2498/230/168 2500/231/168
f 2489/190/171 2500/231/171 2497/232/171
f 2498/230/169 2490/237/169 2499/260/169
f 2493/182/191 2495/184/191 2496/175/191
f 2493/190/220 2491/175/220 2489/190/220
f 2495/184/221 2490/237/221 2492/184/221
f 2496/175/168 2492/184/168 2491/175/168
f 2497/229/172 2490/192/172 2489/205/172
f 2271/230/191 2270/232/191 2268/232/191
f 2538/223/222 2522/223/222 2539/223/222
f 2534/223/223 2524/223/223 2535/223/223
f 2532/223/224 2521/223/224 2538/223/224
f 2539/223/225 2523/223/225 2534/223/225
f 2520/223/226 2548/223/226 2545/223/226
f 2555/223/168 2568/223/168 2527/223/168
f 2519/223/172 2563/223/172 2560/223/172
f 2575/223/227 2517/223/227 2526/223/227
f 2579/223/228 2529/223/228 2514/223/228
f 2542/223/229 2535/223/229 2524/223/229
f 2545/223/168 2521/223/168 2520/223/168
f 2516/223/172 2509/223/172 2508/223/172
f 2544/223/168 2522/223/168 2521/223/168
f 2509/223/172 2550/223/172 2510/223/172
f 2522/223/168 2541/223/168 2523/223/168
f 2547/223/172 2507/223/172 2506/223/172
f 2549/223/229 2536/223/229 2535/223/229
f 2532/223/226 2554/223/226 2548/223/226
f 2546/223/229 2506/223/229 2536/223/229
f 2523/223/168 2542/223/168 2524/223/168
f 2518/223/172 2508/223/172 2507/223/172
f 2531/223/226 2550/223/226 2554/223/226
f 2570/223/168 2555/223/168 2512/223/168
f 2558/223/230 2513/223/230 2556/223/230
f 2574/223/168 2502/223/168 2505/223/168
f 2511/223/231 2554/223/231 2559/223/231
f 2576/223/172 2553/223/172 2517/223/172
f 2546/223/232 2558/223/232 2556/223/232
f 2578/223/172 2528/223/172 2525/223/172
f 2513/223/233 2511/223/233 2559/223/233
f 2508/223/225 2533/223/225 2507/223/225
f 2540/223/225 2534/223/225 2533/223/225
f 2510/223/224 2537/223/224 2509/223/224
f 2531/223/224 2538/223/224 2537/223/224
f 2507/223/223 2536/223/223 2506/223/223
f 2536/223/223 2534/223/223 2535/223/223
f 2508/223/222 2537/223/222 2540/223/222
f 2540/223/222 2538/223/222 2539/223/222
f 2503/223/232 2541/223/232 2504/223/232
f 2541/223/230 2501/223/230 2504/223/230
f 2543/223/233 2502/223/233 2501/223/233
f 2544/223/231 2505/223/231 2502/223/231
f 2547/223/234 2526/223/234 2517/223/234
f 2545/223/231 2530/223/231 2505/223/231
f 2525/223/234 2542/223/234 2503/223/234
f 2514/223/231 2551/223/231 2515/223/231
f 2551/223/233 2552/223/233 2515/223/233
f 2516/223/230 2553/223/230 2552/223/230
f 2518/223/234 2517/223/234 2553/223/234
f 2554/223/231 2514/223/231 2529/223/231
f 2556/223/230 2555/223/230 2527/223/230
f 2557/223/230 2528/223/230 2519/223/230
f 2559/223/231 2529/223/231 2512/223/231
f 2530/223/231 2511/223/231 2560/223/231
f 2526/223/232 2556/223/232 2527/223/232
f 2558/223/232 2525/223/232 2528/223/232
f 2513/223/233 2512/223/233 2555/223/233
f 2511/223/233 2519/223/233 2560/223/233
f 2571/223/233 2563/223/233 2572/223/233
f 2573/223/235 2565/223/235 2578/223/235
f 2564/223/236 2577/223/236 2563/223/236
f 2566/223/230 2572/223/230 2565/223/230
f 2568/223/230 2562/223/230 2567/223/230
f 2570/223/236 2579/223/236 2569/223/236
f 2575/223/235 2567/223/235 2576/223/235
f 2562/223/233 2570/223/233 2569/223/233
f 2577/223/228 2505/223/228 2530/223/228
f 2565/223/172 2519/223/172 2528/223/172
f 2573/223/227 2525/223/227 2503/223/227
f 2580/223/168 2512/223/168 2529/223/168
f 2515/223/172 2579/223/172 2514/223/172
f 2504/223/168 2573/223/168 2503/223/168
f 2560/223/172 2577/223/172 2530/223/172
f 2552/223/172 2569/223/172 2515/223/172
f 2501/223/168 2566/223/168 2504/223/168
f 2527/223/168 2575/223/168 2526/223/168
f 2567/223/172 2552/223/172 2553/223/172
f 2564/223/168 2501/223/168 2502/223/168
f 2590/208/196 2588/238/196 2587/208/196
f 2595/219/193 2583/182/193 2582/219/193
f 2593/188/198 2585/181/198 2584/188/198
f 2583/182/192 2593/188/192 2584/188/192
f 2589/221/195 2581/235/195 2588/221/195
f 2592/181/199 2586/211/199 2585/181/199
f 2591/211/197 2587/208/197 2586/211/197
f 2583/240/172 2585/239/172 2587/259/172
f 2596/235/194 2582/219/194 2581/235/194
f 2589/221/168 2591/211/168 2593/188/168
f 2597/205/172 2600/236/172 2598/192/172
f 2603/200/237 2600/236/237 2599/204/237
f 2601/175/168 2604/199/168 2603/200/168
f 2597/182/238 2602/184/238 2601/175/238
f 2597/190/239 2603/200/239 2599/201/239
f 2611/208/196 2613/238/196 2612/238/196
f 2619/219/193 2607/182/193 2606/219/193
f 2617/188/198 2609/181/198 2608/188/198
f 2607/182/192 2617/188/192 2608/188/192
f 2613/221/195 2605/235/195 2612/221/195
f 2616/181/199 2610/211/199 2609/181/199
f 2615/211/197 2611/208/197 2610/211/197
f 2607/240/172 2609/239/172 2611/259/172
f 2620/235/194 2606/219/194 2605/235/194
f 2613/221/168 2615/211/168 2617/188/168
f 2630/208/196 2628/238/196 2627/208/196
f 2635/219/193 2623/182/193 2622/219/193
f 2633/188/198 2625/181/198 2624/188/198
f 2623/182/192 2633/188/192 2624/188/192
f 2629/221/195 2621/235/195 2628/221/195
f 2632/181/199 2626/211/199 2625/181/199
f 2631/211/197 2627/208/197 2626/211/197
f 2623/240/172 2625/239/172 2627/259/172
f 2636/235/194 2622/219/194 2621/235/194
f 2629/221/168 2631/211/168 2633/188/168
f 2661/205/170 2664/205/170 2663/205/170
f 2664/205/170 2662/205/170 2663/205/170
f 2665/204/191 2668/204/191 2667/204/191
f 2668/204/191 2666/204/191 2667/204/191
f 2717/205/191 2720/205/191 2719/205/191
f 2720/205/191 2718/205/191 2719/205/191
f 2721/204/170 2724/204/170 2723/204/170
f 2724/204/170 2722/204/170 2723/204/170
f 2644/261/240 2657/262/240 2655/263/240
f 2645/264/241 2656/265/241 2657/262/241
f 2659/266/242 2648/202/242 2646/267/242
f 2660/268/243 2647/269/243 2648/270/243
f 2650/271/244 2639/190/244 2637/272/244
f 2651/273/245 2638/274/245 2639/182/245
f 2641/275/246 2654/276/246 2652/277/246
f 2642/181/247 2653/278/247 2654/276/247
f 2666/279/248 2664/237/248 2661/280/248
f 2668/204/249 2662/205/249 2664/205/249
f 2676/261/240 2689/262/240 2687/263/240
f 2677/264/250 2688/265/250 2689/262/250
f 2691/266/242 2680/202/242 2678/267/242
f 2692/268/243 2679/281/243 2680/270/243
f 2682/271/244 2671/190/244 2669/272/244
f 2683/273/245 2670/274/245 2671/182/245
f 2673/275/246 2686/276/246 2684/277/246
f 2674/181/251 2685/278/251 2686/276/251
f 2700/282/252 2713/262/252 2711/265/252
f 2701/201/253 2712/263/253 2713/262/253
f 2715/283/254 2704/284/254 2702/281/254
f 2716/268/255 2703/267/255 2704/202/255
f 2706/285/256 2695/182/256 2693/274/256
f 2707/286/257 2694/272/257 2695/190/257
f 2697/287/258 2710/288/258 2708/289/258
f 2698/237/259 2709/277/259 2710/288/259
f 2722/204/249 2720/205/249 2717/205/249
f 2724/202/260 2718/290/260 2720/237/260
f 2732/282/261 2745/262/261 2743/265/261
f 2733/201/253 2744/263/253 2745/262/253
f 2747/291/254 2736/284/254 2734/281/254
f 2748/268/262 2735/267/262 2736/202/262
f 2738/285/256 2727/182/256 2725/274/256
f 2739/286/263 2726/272/263 2727/190/263
f 2729/287/264 2742/288/264 2740/289/264
f 2730/237/259 2741/277/259 2742/288/259
f 2756/292/265 2769/293/265 2767/294/265
f 2757/201/266 2768/295/266 2769/293/266
f 2771/296/267 2760/297/267 2758/298/267
f 2772/299/268 2759/300/268 2760/202/268
f 2762/301/269 2751/182/269 2749/302/269
f 2763/303/270 2750/304/270 2751/190/270
f 2753/305/271 2766/306/271 2764/307/271
f 2754/237/272 2765/308/272 2766/306/272
f 2780/292/265 2793/293/265 2791/294/265
f 2781/201/266 2792/295/266 2793/293/266
f 2795/296/267 2784/297/267 2782/309/267
f 2796/299/268 2783/300/268 2784/202/268
f 2786/301/269 2775/182/269 2773/302/269
f 2787/303/270 2774/304/270 2775/190/270
f 2777/305/271 2790/306/271 2788/307/271
f 2778/237/272 2789/308/272 2790/306/272
f 2655/263/273 2637/272/273 2644/261/273
f 2640/310/172 2648/270/172 2644/311/172
f 2653/278/274 2638/274/274 2649/285/274
f 2646/267/275 2652/277/275 2659/266/275
f 2647/269/276 2656/265/276 2643/282/276
f 2658/291/168 2654/276/168 2650/271/168
f 2663/182/170 1928/182/170 1926/182/170
f 1922/184/170 2663/312/170 1919/182/170
f 2665/204/179 1928/205/179 2662/205/179
f 2666/279/277 1922/184/277 1924/199/277
f 2667/204/191 1925/204/191 1927/204/191
f 2667/313/191 1924/199/191 1923/200/191
f 2687/263/273 2669/272/273 2676/261/273
f 2672/310/172 2680/270/172 2676/311/172
f 2685/278/274 2670/274/274 2681/285/274
f 2678/267/275 2684/277/275 2691/266/275
f 2679/281/276 2688/265/276 2675/282/276
f 2690/291/168 2686/276/168 2682/271/168
f 2694/272/278 2712/263/278 2699/261/278
f 2699/311/172 2704/284/172 2697/310/172
f 2693/274/279 2708/289/279 2706/285/279
f 2709/277/280 2703/267/280 2714/266/280
f 2711/265/281 2702/281/281 2700/282/281
f 2705/271/168 2710/288/168 2715/283/168
f 2247/182/191 2717/182/191 2719/182/191
f 2243/184/277 2721/314/277 2245/199/277
f 2240/182/191 2718/315/191 2243/184/191
f 2249/205/179 2722/204/179 2717/205/179
f 2244/200/170 2721/316/170 2723/317/170
f 2722/204/170 2246/204/170 2241/204/170
f 2726/272/278 2744/263/278 2731/261/278
f 2731/311/172 2736/284/172 2729/310/172
f 2725/274/279 2740/289/279 2738/285/279
f 2741/277/280 2735/267/280 2746/266/280
f 2743/265/281 2734/281/281 2732/282/281
f 2737/271/168 2742/288/168 2747/291/168
f 2750/304/282 2768/295/282 2755/318/282
f 2755/319/172 2760/297/172 2753/320/172
f 2749/302/283 2764/307/283 2762/301/283
f 2765/308/284 2759/300/284 2770/321/284
f 2767/294/285 2758/298/285 2756/292/285
f 2761/271/168 2766/306/168 2771/296/168
f 2774/304/282 2792/295/282 2779/318/282
f 2779/319/172 2784/297/172 2777/320/172
f 2773/302/286 2788/307/286 2786/301/286
f 2789/308/284 2783/300/284 2794/321/284
f 2791/294/285 2782/309/285 2780/292/285
f 2785/271/168 2790/306/168 2795/296/168
f 2799/175/172 2830/174/172 2829/176/172
f 3084/178/169 2828/177/169 3086/179/169
f 3083/180/170 2798/181/170 3084/257/170
f 2830/174/169 3085/183/169 3087/250/169
f 2934/186/172 2808/185/172 2935/187/172
f 2933/188/170 2804/184/170 2934/186/170
f 2801/190/171 2807/189/171 2805/191/171
f 2812/193/168 2802/192/168 2806/193/168
f 2808/185/169 2824/177/169 2826/174/169
f 2805/191/171 2825/176/171 2823/194/171
f 2935/187/172 2826/174/172 2936/195/172
f 2896/182/170 2933/188/170 2801/182/170
f 2810/184/169 2812/196/169 2809/185/169
f 2809/185/173 2806/196/173 2808/185/173
f 2810/184/172 2808/185/172 2804/184/172
f 2811/181/174 2804/184/174 2802/181/174
f 2819/197/168 2820/198/168 2814/192/168
f 2821/199/172 2822/186/172 2817/184/172
f 2819/188/175 2817/184/175 2822/186/175
f 2813/190/171 2818/200/171 2815/201/171
f 2817/184/169 2820/202/169 2821/199/169
f 2813/182/176 2822/186/176 2816/175/176
f 2816/175/172 2821/203/172 2818/200/172
f 2818/200/177 2820/198/177 2815/204/177
f 2813/205/168 2820/198/168 2819/197/168
f 2897/192/287 2806/193/287 2802/192/287
f 2827/206/288 2798/192/288 2797/205/288
f 2864/209/187 2836/238/187 2863/207/187
f 2865/210/186 2838/208/186 2864/209/186
f 2866/212/185 2840/211/185 2865/210/185
f 2867/213/184 2842/181/184 2866/212/184
f 2868/214/183 2844/188/183 2867/213/183
f 2869/215/182 2846/182/182 2868/214/182
f 2844/217/170 2848/216/170 2836/258/170
f 2870/220/181 2848/219/181 2869/215/181
f 2870/220/180 2836/221/180 2850/235/180
f 2851/190/289 2855/200/289 2852/201/289
f 2857/201/290 2851/190/290 2852/201/290
f 2859/201/171 2858/190/171 2857/201/171
f 2861/199/291 2854/184/291 2856/199/291
f 2855/200/191 2861/199/191 2856/199/191
f 2854/184/170 2862/184/170 2853/175/170
f 2869/215/170 2885/220/170 2870/220/170
f 2845/223/191 2878/223/191 2843/223/191
f 2870/220/170 2886/222/170 2863/222/170
f 2886/207/170 2864/209/170 2863/207/170
f 2884/223/191 2847/223/191 2849/223/191
f 2839/223/191 2872/223/191 2837/223/191
f 2873/209/170 2865/210/170 2864/209/170
f 2865/210/170 2877/212/170 2866/212/170
f 2871/224/180 2885/220/180 2884/201/180
f 2884/201/181 2883/215/181 2882/225/181
f 2882/225/182 2881/214/182 2880/200/182
f 2880/200/183 2879/213/183 2878/203/183
f 2878/203/184 2877/212/184 2876/199/184
f 2876/199/185 2875/210/185 2874/226/185
f 2874/226/186 2873/209/186 2872/202/186
f 2872/202/187 2886/207/187 2871/227/187
f 2876/223/191 2839/223/191 2841/223/191
f 2871/223/191 2849/223/191 2835/223/191
f 2881/214/170 2869/215/170 2868/214/170
f 2837/223/191 2871/223/191 2835/223/191
f 2879/213/170 2868/214/170 2867/213/170
f 2847/223/191 2880/223/191 2845/223/191
f 2866/212/170 2879/213/170 2867/213/170
f 2878/223/191 2841/223/191 2843/223/191
f 2892/223/191 2833/223/191 2831/223/191
f 2888/223/191 2831/223/191 2832/223/191
f 2892/206/168 2887/228/168 2893/229/168
f 2894/230/169 2888/177/169 2891/174/169
f 2892/194/171 2889/231/171 2890/176/171
f 2889/231/172 2891/174/172 2890/176/172
f 2890/223/191 2834/223/191 2833/223/191
f 2891/223/191 2832/223/191 2834/223/191
f 2938/233/168 2897/192/168 2937/197/168
f 2939/234/168 2899/193/168 2938/233/168
f 2933/188/170 2897/181/170 2802/181/170
f 2899/196/287 2824/177/287 2806/196/287
f 2898/194/171 2805/191/171 2823/194/171
f 2895/191/171 2801/190/171 2805/191/171
f 2921/182/172 2927/181/172 2928/182/172
f 2904/224/192 2918/235/192 2917/201/192
f 2923/202/168 2932/199/168 2931/202/168
f 2917/201/193 2916/219/193 2915/225/193
f 3043/199/171 2921/199/171 2901/199/171
f 2915/225/194 2914/182/194 2913/200/194
f 2927/204/169 2929/192/169 2925/205/169
f 2913/200/195 2912/188/195 2911/203/195
f 2932/200/171 2926/236/171 2930/204/171
f 2911/203/196 2910/181/196 2909/199/196
f 2924/204/169 2931/236/169 2927/204/169
f 2909/199/197 2908/211/197 2907/226/197
f 3048/205/169 2927/204/169 2925/205/169
f 3053/184/168 2929/237/168 2930/184/168
f 2905/202/198 2903/238/198 2904/227/198
f 2930/184/168 2931/202/168 2932/199/168
f 2907/226/199 2906/208/199 2905/202/199
f 2913/240/168 2909/239/168 2905/259/168
f 2944/223/191 2898/223/191 2939/223/191
f 2896/182/170 2945/188/170 2937/188/170
f 2807/189/172 2936/195/172 2825/176/172
f 2801/182/170 2934/186/170 2803/175/170
f 2803/175/172 2935/187/172 2807/189/172
f 2942/242/168 2943/233/168 2940/243/168
f 2940/243/168 2945/197/168 2941/205/168
f 2945/197/292 2938/233/292 2937/197/292
f 2942/194/171 2895/191/171 2898/194/171
f 2940/191/171 2896/190/171 2895/191/171
f 2943/233/292 2939/234/292 2938/233/292
f 2961/245/170 2955/244/170 2954/245/170
f 2952/200/191 2949/236/191 2948/204/191
f 2946/182/170 2951/184/170 2950/175/170
f 2954/246/171 2950/175/171 2956/249/171
f 2951/184/169 2955/247/169 2957/248/169
f 2957/248/169 2949/202/169 2953/199/169
f 2948/201/171 2956/249/171 2952/200/171
f 2954/245/168 2947/192/168 2946/205/168
f 2960/204/168 2958/244/168 2961/245/168
f 2959/236/191 2948/204/191 2949/236/191
f 2960/201/171 2954/246/171 2948/201/171
f 2958/247/169 2949/202/169 2955/247/169
f 2963/224/192 2977/235/192 2976/201/192
f 2976/201/193 2975/219/193 2974/225/193
f 2974/225/194 2973/182/194 2972/200/194
f 2972/200/195 2971/188/195 2970/203/195
f 2970/203/196 2969/181/196 2968/199/196
f 2968/199/197 2967/211/197 2966/226/197
f 2964/202/198 2962/238/198 2963/227/198
f 2966/226/199 2965/208/199 2964/202/199
f 2972/240/168 2968/239/168 2964/259/168
f 2983/240/168 2987/239/168 2991/259/168
f 2989/226/199 2990/208/199 2991/202/199
f 2991/202/198 2993/238/198 2992/227/198
f 2987/199/197 2988/211/197 2989/226/197
f 2985/203/196 2986/181/196 2987/199/196
f 2983/200/195 2984/188/195 2985/203/195
f 2981/225/194 2982/182/194 2983/200/194
f 2979/201/193 2980/219/193 2981/225/193
f 2992/224/192 2978/235/192 2979/201/192
f 2999/240/168 3003/239/168 3007/259/168
f 3005/226/199 3006/208/199 3007/202/199
f 3007/202/198 3009/238/198 3008/227/198
f 3003/199/197 3004/211/197 3005/226/197
f 3001/203/196 3002/181/196 3003/199/196
f 2999/200/195 3000/188/195 3001/203/195
f 2997/225/194 2998/182/194 2999/200/194
f 2995/201/193 2996/219/193 2997/225/193
f 3008/224/192 2994/235/192 2995/201/192
f 3011/224/192 3025/235/192 3024/201/192
f 3024/201/193 3023/219/193 3022/225/193
f 3022/225/194 3021/182/194 3020/200/194
f 3020/200/195 3019/188/195 3018/203/195
f 3018/203/196 3017/181/196 3016/199/196
f 3016/199/197 3015/211/197 3014/226/197
f 3012/202/198 3010/238/198 3011/227/198
f 3014/226/199 3013/208/199 3012/202/199
f 3020/240/168 3016/239/168 3012/259/168
f 3031/240/168 3035/239/168 3039/259/168
f 3037/226/199 3038/208/199 3039/202/199
f 3039/202/198 3041/238/198 3040/227/198
f 3035/199/197 3036/211/197 3037/226/197
f 3033/203/196 3034/181/196 3035/199/196
f 3031/200/195 3032/188/195 3033/203/195
f 3029/225/194 3030/182/194 3031/200/194
f 3027/201/193 3028/219/193 3029/225/193
f 3040/224/192 3026/235/192 3027/201/192
f 2922/200/171 2928/199/171 2932/200/171
f 2920/175/170 2902/199/170 2901/200/170
f 2919/202/168 2922/199/168 2923/202/168
f 2902/204/169 2923/236/169 2924/204/169
f 2920/200/171 2921/199/171 2922/200/171
f 3043/182/172 3044/181/172 3045/182/172
f 3047/182/172 3048/184/172 3049/175/172
f 3046/181/170 2928/182/170 2927/181/170
f 3045/182/191 2924/181/191 2921/182/191
f 3047/199/171 2926/236/171 2928/199/171
f 3042/199/170 2901/200/170 2902/199/170
f 3044/204/169 2902/204/169 2924/204/169
f 3049/190/191 2925/175/191 2926/190/191
f 3051/190/191 3052/200/191 3053/201/191
f 3052/192/169 2925/205/169 2929/192/169
f 3051/236/171 2930/204/171 2926/236/171
f 3050/175/172 2926/190/172 2925/175/172
f 3056/204/293 3055/192/293 3054/205/293
f 3062/182/170 3067/184/170 3066/175/170
f 3064/204/294 3063/192/294 3062/205/294
f 3054/182/170 3059/184/170 3058/175/170
f 3054/190/171 3060/200/171 3056/201/171
f 3061/199/169 3055/237/169 3057/202/169
f 3062/190/171 3068/200/171 3064/201/171
f 3069/199/169 3063/237/169 3065/202/169
f 3070/182/170 3075/184/170 3074/175/170
f 3072/204/293 3071/192/293 3070/205/293
f 3070/190/171 3076/200/171 3072/201/171
f 3077/199/169 3071/237/169 3073/202/169
f 3081/250/203 3079/178/203 3080/179/203
f 3082/251/171 2829/176/171 3088/252/171
f 2827/194/171 3083/253/171 3089/256/171
f 3082/254/295 3078/255/295 3085/255/295
f 3081/223/170 3086/223/170 3087/223/170
f 3090/223/170 3088/223/170 3089/223/170
f 2799/175/170 3085/255/170 2800/184/170
f 3090/256/205 3092/251/205 3091/252/205
f 3079/257/296 3092/254/296 3093/180/296
f 3093/253/172 3089/256/172 3083/253/172
f 3088/252/168 3092/251/168 3082/251/168
f 3078/183/168 3087/250/168 3085/183/168
f 3086/179/172 3079/178/172 3084/178/172
f 3084/257/297 3093/180/297 3083/180/297
f 3119/208/198 3109/238/198 3106/208/198
f 3124/219/194 3099/182/194 3097/219/194
f 3122/188/196 3103/181/196 3101/188/196
f 3099/182/195 3122/188/195 3101/188/195
f 3118/221/192 3094/235/192 3109/221/192
f 3121/181/197 3104/211/197 3103/181/197
f 3120/211/199 3106/208/199 3104/211/199
f 3099/240/168 3103/239/168 3106/259/168
f 3105/240/168 3100/239/168 3096/259/168
f 3098/211/199 3111/208/199 3096/208/199
f 3113/181/197 3098/211/197 3100/181/197
f 3110/221/192 3108/235/192 3095/221/192
f 3105/182/195 3114/188/195 3102/188/195
f 3114/188/196 3100/181/196 3102/188/196
f 3116/219/194 3105/182/194 3107/219/194
f 3111/208/198 3095/238/198 3096/208/198
f 3117/235/193 3107/219/193 3108/235/193
f 3110/221/172 3112/211/172 3114/188/172
f 3125/235/193 3097/219/193 3094/235/193
f 3118/221/172 3120/211/172 3122/188/172
f 3127/192/168 3130/205/168 3126/205/168
f 3128/175/172 3135/230/172 3137/231/172
f 3126/190/171 3137/231/171 3134/232/171
f 3135/230/169 3127/237/169 3136/260/169
f 3130/182/170 3132/184/170 3133/175/170
f 3130/190/208 3128/175/208 3126/190/208
f 3132/184/209 3127/237/209 3129/184/209
f 3133/175/172 3129/184/172 3128/175/172
f 3134/229/168 3127/192/168 3126/205/168
f 2894/230/170 2893/232/170 2887/232/170
f 2830/174/172 3140/175/172 2829/176/172
f 2828/177/169 3385/178/169 3086/179/169
f 3384/180/191 3139/181/191 3138/182/191
f 2830/174/169 3386/183/169 3141/184/169
f 3149/185/172 3241/186/172 3242/187/172
f 3145/184/191 3240/188/191 3241/186/191
f 3148/189/171 3142/190/171 3146/191/171
f 3143/192/168 3153/193/168 3147/193/168
f 2824/177/169 3149/185/169 2826/174/169
f 2825/176/171 3146/191/171 2823/194/171
f 2826/174/172 3242/187/172 2936/195/172
f 3240/188/191 3205/182/191 3142/182/191
f 3153/196/169 3151/184/169 3150/185/169
f 3147/196/174 3150/185/174 3149/185/174
f 3149/185/172 3151/184/172 3145/184/172
f 3145/184/173 3152/181/173 3143/181/173
f 3160/197/168 3155/192/168 3161/198/168
f 3162/199/172 3158/184/172 3163/186/172
f 3158/184/210 3160/188/210 3163/186/210
f 3159/200/171 3154/190/171 3156/201/171
f 3161/202/169 3158/184/169 3162/199/169
f 3163/186/211 3154/182/211 3157/175/211
f 3162/203/172 3157/175/172 3159/200/172
f 3161/198/212 3159/200/212 3156/204/212
f 3154/205/168 3161/198/168 3156/204/168
f 3147/193/287 3206/192/287 3143/192/287
f 3139/192/288 2827/206/288 3138/205/288
f 3184/207/187 3165/208/187 3185/209/187
f 3165/208/186 3186/210/186 3185/209/186
f 3166/211/185 3187/212/185 3186/210/185
f 3167/181/184 3188/213/184 3187/212/184
f 3168/188/183 3189/214/183 3188/213/183
f 3169/182/182 3190/215/182 3189/214/182
f 3170/216/191 3168/217/191 3166/218/191
f 3170/219/181 3191/220/181 3190/215/181
f 3191/220/180 3164/221/180 3184/222/180
f 3176/200/289 3172/190/289 3173/201/289
f 3172/190/290 3178/201/290 3173/201/290
f 3179/190/171 3180/201/171 3178/201/171
f 3175/184/291 3182/199/291 3177/199/291
f 3176/200/170 3177/199/170 3182/199/170
f 3175/184/191 3174/175/191 3183/184/191
f 3190/215/191 3198/220/191 3197/215/191
f 3191/220/191 3199/222/191 3198/220/191
f 3185/209/191 3199/207/191 3184/207/191
f 3186/210/191 3192/209/191 3185/209/191
f 3186/210/191 3194/212/191 3193/210/191
f 3198/220/180 2871/224/180 2884/201/180
f 3197/215/181 2884/201/181 2882/225/181
f 3196/214/182 2882/225/182 2880/200/182
f 3195/213/183 2880/200/183 2878/203/183
f 3194/212/184 2878/203/184 2876/199/184
f 3193/210/185 2876/199/185 2874/226/185
f 3192/209/186 2874/226/186 2872/202/186
f 3199/207/187 2872/202/187 2871/227/187
f 3190/215/191 3196/214/191 3189/214/191
f 3189/214/191 3195/213/191 3188/213/191
f 3187/212/191 3195/213/191 3194/212/191
f 3200/228/168 2892/206/168 3202/229/168
f 2888/177/169 3203/230/169 2891/174/169
f 2892/194/171 3201/231/171 3202/232/171
f 2891/174/172 3201/231/172 2890/176/172
f 3206/192/168 3244/233/168 3243/197/168
f 3207/193/168 2939/234/168 3244/233/168
f 3240/188/191 3206/181/191 3243/188/191
f 2824/177/287 3207/196/287 3147/196/287
f 3146/191/171 2898/194/171 2823/194/171
f 3142/190/171 3204/191/171 3146/191/171
f 3234/181/172 3228/182/172 3235/182/172
f 3225/235/195 3211/224/195 3224/201/195
f 3239/199/168 3230/202/168 3238/202/168
f 3223/219/194 3224/201/194 3222/225/194
f 3228/199/171 3346/199/171 3208/199/171
f 3221/182/193 3222/225/193 3220/200/193
f 3236/192/169 3234/204/169 3232/205/169
f 3219/188/192 3220/200/192 3218/203/192
f 3233/236/171 3239/200/171 3237/204/171
f 3217/181/198 3218/203/198 3216/199/198
f 3238/236/169 3231/204/169 3234/204/169
f 3215/211/199 3216/199/199 3214/226/199
f 3234/204/169 3351/205/169 3232/205/169
f 3236/237/168 3356/184/168 3237/184/168
f 3210/238/196 3212/202/196 3211/227/196
f 3238/202/168 3237/184/168 3239/199/168
f 3213/208/197 3214/226/197 3212/202/197
f 3216/239/168 3220/240/168 3224/241/168
f 3205/182/191 3248/188/191 3246/182/191
f 2936/195/172 3148/189/172 2825/176/172
f 3241/186/191 3142/182/191 3144/175/191
f 3242/187/172 3144/175/172 3148/189/172
f 3247/233/168 2942/242/168 3245/243/168
f 3248/197/168 3245/243/168 3246/205/168
f 3244/233/292 3248/197/292 3243/197/292
f 3204/191/171 2942/194/171 2898/194/171
f 3205/190/171 3245/191/171 3204/191/171
f 2939/234/292 3247/233/292 3244/233/292
f 3258/244/191 3264/245/191 3257/245/191
f 3252/236/170 3255/200/170 3251/204/170
f 3254/184/191 3249/182/191 3253/175/191
f 3257/246/171 3253/175/171 3249/190/171
f 3258/247/169 3254/184/169 3260/248/169
f 3252/202/169 3260/248/169 3256/199/169
f 3251/201/171 3259/249/171 3257/246/171
f 3250/192/168 3257/245/168 3249/205/168
f 3261/244/168 3263/204/168 3264/245/168
f 3251/204/170 3262/236/170 3252/236/170
f 3257/246/171 3263/201/171 3251/201/171
f 3252/202/169 3261/247/169 3258/247/169
f 3280/235/195 3266/224/195 3279/201/195
f 3278/219/194 3279/201/194 3277/225/194
f 3276/182/193 3277/225/193 3275/200/193
f 3274/188/192 3275/200/192 3273/203/192
f 3272/181/198 3273/203/198 3271/199/198
f 3270/211/199 3271/199/199 3269/226/199
f 3265/238/196 3267/202/196 3266/227/196
f 3268/208/197 3269/226/197 3267/202/197
f 3271/239/168 3275/240/168 3279/241/168
f 3290/239/168 3286/240/168 3282/241/168
f 3293/208/197 3292/226/197 3294/202/197
f 3296/238/196 3294/202/196 3295/227/196
f 3291/211/199 3290/199/199 3292/226/199
f 3289/181/198 3288/203/198 3290/199/198
f 3287/188/192 3286/200/192 3288/203/192
f 3285/182/193 3284/225/193 3286/200/193
f 3283/219/194 3282/201/194 3284/225/194
f 3281/235/195 3295/224/195 3282/201/195
f 3306/239/168 3302/240/168 3298/241/168
f 3309/208/197 3308/226/197 3310/202/197
f 3312/238/196 3310/202/196 3311/227/196
f 3307/211/199 3306/199/199 3308/226/199
f 3305/181/198 3304/203/198 3306/199/198
f 3303/188/192 3302/200/192 3304/203/192
f 3301/182/193 3300/225/193 3302/200/193
f 3299/219/194 3298/201/194 3300/225/194
f 3297/235/195 3311/224/195 3298/201/195
f 3328/235/195 3314/224/195 3327/201/195
f 3326/219/194 3327/201/194 3325/225/194
f 3324/182/193 3325/225/193 3323/200/193
f 3322/188/192 3323/200/192 3321/203/192
f 3320/181/198 3321/203/198 3319/199/198
f 3318/211/199 3319/199/199 3317/226/199
f 3313/238/196 3315/202/196 3314/227/196
f 3316/208/197 3317/226/197 3315/202/197
f 3319/239/168 3323/240/168 3327/241/168
f 3338/239/168 3334/240/168 3330/241/168
f 3341/208/197 3340/226/197 3342/202/197
f 3344/238/196 3342/202/196 3343/227/196
f 3339/211/199 3338/199/199 3340/226/199
f 3337/181/198 3336/203/198 3338/199/198
f 3335/188/192 3334/200/192 3336/203/192
f 3333/182/193 3332/225/193 3334/200/193
f 3331/219/194 3330/201/194 3332/225/194
f 3329/235/195 3343/224/195 3330/201/195
f 3235/199/171 3229/200/171 3239/200/171
f 3209/199/191 3227/175/191 3208/200/191
f 3229/199/168 3226/202/168 3230/202/168
f 3230/236/169 3209/204/169 3231/204/169
f 3228/199/171 3227/200/171 3229/200/171
f 3347/181/172 3346/182/172 3348/182/172
f 3351/184/172 3350/182/172 3352/175/172
f 3235/182/191 3349/181/191 3234/181/191
f 3231/181/170 3348/182/170 3228/182/170
f 3233/236/171 3350/199/171 3235/199/171
f 3208/200/191 3345/199/191 3209/199/191
f 3209/204/169 3347/204/169 3231/204/169
f 3232/175/170 3352/190/170 3233/190/170
f 3355/200/170 3354/190/170 3356/201/170
f 3232/205/169 3355/192/169 3236/192/169
f 3237/204/171 3354/236/171 3233/236/171
f 3233/190/172 3353/175/172 3232/175/172
f 3358/192/298 3359/204/298 3357/205/298
f 3370/184/191 3365/182/191 3369/175/191
f 3366/192/299 3367/204/299 3365/205/299
f 3362/184/191 3357/182/191 3361/175/191
f 3363/200/171 3357/190/171 3359/201/171
f 3364/199/169 3358/237/169 3362/184/169
f 3371/200/171 3365/190/171 3367/201/171
f 3372/199/169 3366/237/169 3370/184/169
f 3378/184/191 3373/182/191 3377/175/191
f 3374/192/298 3375/204/298 3373/205/298
f 3379/200/171 3373/190/171 3375/201/171
f 3380/199/169 3374/237/169 3378/184/169
f 3382/178/215 3081/250/215 3080/179/215
f 2829/176/171 3383/251/171 3088/252/171
f 2827/194/171 3384/253/171 3138/190/171
f 3383/254/300 3381/255/300 3387/254/300
f 3140/175/191 3386/255/191 3383/254/191
f 3387/251/217 3090/256/217 3091/252/217
f 3382/257/301 3387/254/301 3381/255/301
f 3089/256/172 3388/253/172 3384/253/172
f 3088/252/168 3387/251/168 3091/252/168
f 3087/250/168 3381/183/168 3386/183/168
f 3086/179/172 3382/178/172 3080/179/172
f 3385/257/302 3388/180/302 3382/257/302
f 3404/238/196 3414/208/196 3401/208/196
f 3394/182/193 3419/219/193 3392/219/193
f 3398/181/198 3417/188/198 3396/188/198
f 3394/182/192 3417/188/192 3418/182/192
f 3389/235/195 3413/221/195 3404/221/195
f 3399/211/199 3416/181/199 3398/181/199
f 3401/208/197 3415/211/197 3399/211/197
f 3398/239/168 3394/240/168 3389/241/168
f 3395/239/168 3400/240/168 3403/241/168
f 3393/211/197 3406/208/197 3407/211/197
f 3393/211/199 3408/181/199 3395/181/199
f 3403/235/195 3405/221/195 3390/221/195
f 3400/182/192 3409/188/192 3410/182/192
f 3395/181/198 3409/188/198 3397/188/198
f 3400/182/193 3411/219/193 3402/219/193
f 3390/238/196 3406/208/196 3391/208/196
f 3402/219/194 3412/235/194 3403/235/194
f 3407/211/172 3405/221/172 3411/219/172
f 3392/219/194 3420/235/194 3389/235/194
f 3415/211/172 3413/221/172 3419/219/172
f 3422/192/168 3425/205/168 3426/192/168
f 3430/230/172 3423/175/172 3432/231/172
f 3432/231/171 3421/190/171 3429/232/171
f 3430/230/169 3422/237/169 3424/184/169
f 3427/184/191 3425/182/191 3428/175/191
f 3423/175/220 3425/190/220 3421/190/220
f 3422/237/221 3427/184/221 3424/184/221
f 3424/184/172 3428/175/172 3423/175/172
f 3422/192/168 3429/229/168 3421/205/168
f 3202/232/191 3203/230/191 3200/232/191
f 3454/223/222 3470/223/222 3471/223/222
f 3456/223/223 3466/223/223 3467/223/223
f 3453/223/224 3464/223/224 3470/223/224
f 3455/223/225 3471/223/225 3466/223/225
f 3480/223/226 3452/223/226 3477/223/226
f 3487/223/172 3500/223/172 3493/223/172
f 3451/223/168 3495/223/168 3504/223/168
f 3449/223/227 3507/223/227 3458/223/227
f 3461/223/228 3511/223/228 3446/223/228
f 3467/223/229 3474/223/229 3456/223/229
f 3453/223/172 3477/223/172 3452/223/172
f 3441/223/168 3448/223/168 3440/223/168
f 3454/223/172 3476/223/172 3453/223/172
f 3441/223/168 3482/223/168 3483/223/168
f 3454/223/172 3473/223/172 3475/223/172
f 3439/223/168 3479/223/168 3438/223/168
f 3468/223/229 3481/223/229 3467/223/229
f 3486/223/226 3464/223/226 3480/223/226
f 3438/223/229 3478/223/229 3468/223/229
f 3455/223/172 3474/223/172 3473/223/172
f 3440/223/168 3450/223/168 3439/223/168
f 3482/223/226 3463/223/226 3486/223/226
f 3487/223/172 3502/223/172 3444/223/172
f 3445/223/230 3490/223/230 3488/223/230
f 3434/223/172 3506/223/172 3437/223/172
f 3486/223/231 3443/223/231 3491/223/231
f 3485/223/168 3508/223/168 3449/223/168
f 3478/223/232 3490/223/232 3481/223/232
f 3460/223/168 3510/223/168 3457/223/168
f 3445/223/233 3443/223/233 3489/223/233
f 3465/223/225 3440/223/225 3439/223/225
f 3466/223/225 3472/223/225 3465/223/225
f 3469/223/224 3442/223/224 3441/223/224
f 3470/223/224 3463/223/224 3469/223/224
f 3468/223/223 3439/223/223 3438/223/223
f 3468/223/223 3466/223/223 3465/223/223
f 3440/223/222 3469/223/222 3441/223/222
f 3472/223/222 3470/223/222 3469/223/222
f 3435/223/234 3473/223/234 3474/223/234
f 3433/223/230 3473/223/230 3436/223/230
f 3434/223/233 3475/223/233 3433/223/233
f 3437/223/231 3476/223/231 3434/223/231
f 3458/223/234 3479/223/234 3449/223/234
f 3462/223/231 3477/223/231 3437/223/231
f 3435/223/303 3481/223/303 3457/223/303
f 3446/223/231 3483/223/231 3482/223/231
f 3484/223/233 3483/223/233 3447/223/233
f 3485/223/230 3448/223/230 3484/223/230
f 3449/223/234 3450/223/234 3485/223/234
f 3446/223/231 3486/223/231 3461/223/231
f 3487/223/230 3488/223/230 3459/223/230
f 3460/223/230 3489/223/230 3451/223/230
f 3461/223/231 3491/223/231 3444/223/231
f 3462/223/231 3443/223/231 3480/223/231
f 3458/223/232 3488/223/232 3478/223/232
f 3457/223/232 3490/223/232 3460/223/232
f 3487/223/233 3491/223/233 3445/223/233
f 3451/223/233 3443/223/233 3492/223/233
f 3495/223/233 3503/223/233 3504/223/233
f 3497/223/235 3505/223/235 3510/223/235
f 3509/223/236 3496/223/236 3495/223/236
f 3504/223/230 3498/223/230 3497/223/230
f 3494/223/230 3500/223/230 3499/223/230
f 3511/223/236 3502/223/236 3501/223/236
f 3499/223/235 3507/223/235 3508/223/235
f 3494/223/233 3502/223/233 3493/223/233
f 3437/223/228 3509/223/228 3462/223/228
f 3451/223/168 3497/223/168 3460/223/168
f 3457/223/227 3505/223/227 3435/223/227
f 3444/223/172 3512/223/172 3461/223/172
f 3447/223/168 3511/223/168 3501/223/168
f 3436/223/172 3505/223/172 3498/223/172
f 3492/223/168 3509/223/168 3495/223/168
f 3484/223/168 3501/223/168 3494/223/168
f 3433/223/172 3498/223/172 3503/223/172
f 3459/223/172 3507/223/172 3500/223/172
f 3484/223/168 3499/223/168 3485/223/168
f 3433/223/172 3496/223/172 3434/223/172
f 3520/238/196 3522/208/196 3519/208/196
f 3515/182/193 3527/219/193 3514/219/193
f 3517/181/198 3525/188/198 3516/188/198
f 3515/182/192 3525/188/192 3526/182/192
f 3513/235/195 3521/221/195 3520/221/195
f 3518/211/199 3524/181/199 3517/181/199
f 3519/208/197 3523/211/197 3518/211/197
f 3517/239/168 3515/240/168 3513/241/168
f 3514/219/194 3528/235/194 3513/235/194
f 3523/211/172 3521/221/172 3527/219/172
f 3529/205/168 3532/236/168 3531/204/168
f 3532/236/237 3535/200/237 3531/204/237
f 3536/199/172 3533/175/172 3535/200/172
f 3534/184/238 3529/182/238 3533/175/238
f 3535/200/239 3529/190/239 3531/201/239
f 3544/238/196 3546/208/196 3543/208/196
f 3539/182/193 3551/219/193 3538/219/193
f 3541/181/198 3549/188/198 3540/188/198
f 3539/182/192 3549/188/192 3550/182/192
f 3537/235/195 3545/221/195 3544/221/195
f 3542/211/199 3548/181/199 3541/181/199
f 3543/208/197 3547/211/197 3542/211/197
f 3541/239/168 3539/240/168 3537/241/168
f 3538/219/194 3552/235/194 3537/235/194
f 3547/211/172 3545/221/172 3551/219/172
f 3560/238/196 3562/208/196 3559/208/196
f 3555/182/193 3567/219/193 3554/219/193
f 3557/181/198 3565/188/198 3556/188/198
f 3555/182/192 3565/188/192 3566/182/192
f 3553/235/195 3561/221/195 3560/221/195
f 3558/211/199 3564/181/199 3557/181/199
f 3559/208/197 3563/211/197 3558/211/197
f 3557/239/168 3555/240/168 3553/241/168
f 3554/219/194 3568/235/194 3553/235/194
f 3563/211/172 3561/221/172 3567/219/172
f 3593/205/170 3595/205/170 3596/205/170
f 3596/205/170 3595/205/170 3594/205/170
f 3597/204/191 3599/204/191 3600/204/191
f 3600/204/191 3599/204/191 3598/204/191
f 3649/205/191 3651/205/191 3652/205/191
f 3652/205/191 3651/205/191 3650/205/191
f 3653/204/170 3655/204/170 3656/204/170
f 3656/204/170 3655/204/170 3654/204/170
f 3589/262/240 3576/261/240 3587/263/240
f 3588/265/241 3577/264/241 3589/262/241
f 3580/202/242 3591/266/242 3578/267/242
f 3579/269/243 3592/268/243 3580/270/243
f 3571/190/244 3582/271/244 3569/272/244
f 3570/274/245 3583/273/245 3571/182/245
f 3586/276/246 3573/275/246 3584/277/246
f 3585/278/247 3574/181/247 3586/276/247
f 3596/237/304 3598/279/304 3593/280/304
f 3594/205/305 3600/204/305 3596/205/305
f 3621/262/240 3608/261/240 3619/263/240
f 3620/265/250 3609/264/250 3621/262/250
f 3612/202/242 3623/266/242 3610/267/242
f 3611/281/243 3624/268/243 3612/270/243
f 3603/190/244 3614/271/244 3601/272/244
f 3602/274/245 3615/273/245 3603/182/245
f 3618/276/246 3605/275/246 3616/277/246
f 3617/278/251 3606/181/251 3618/276/251
f 3645/262/252 3632/282/252 3643/265/252
f 3644/263/253 3633/201/253 3645/262/253
f 3636/284/254 3647/283/254 3634/281/254
f 3635/267/255 3648/268/255 3636/202/255
f 3627/182/256 3638/285/256 3625/274/256
f 3626/272/257 3639/286/257 3627/190/257
f 3642/288/258 3629/287/258 3640/289/258
f 3641/277/259 3630/237/259 3642/288/259
f 3652/205/305 3654/204/305 3649/205/305
f 3650/290/306 3656/202/306 3652/237/306
f 3677/262/261 3664/282/261 3675/265/261
f 3676/263/253 3665/201/253 3677/262/253
f 3668/284/254 3679/291/254 3666/281/254
f 3667/267/262 3680/268/262 3668/202/262
f 3659/182/256 3670/285/256 3657/274/256
f 3658/272/263 3671/286/263 3659/190/263
f 3674/288/264 3661/287/264 3672/289/264
f 3673/277/259 3662/237/259 3674/288/259
f 3701/293/265 3688/292/265 3699/294/265
f 3700/295/266 3689/201/266 3701/293/266
f 3692/297/267 3703/296/267 3690/298/267
f 3691/300/268 3704/299/268 3692/202/268
f 3683/182/269 3694/301/269 3681/302/269
f 3682/304/270 3695/303/270 3683/190/270
f 3698/306/271 3685/305/271 3696/307/271
f 3697/308/272 3686/237/272 3698/306/272
f 3725/293/265 3712/292/265 3723/294/265
f 3724/295/266 3713/201/266 3725/293/266
f 3716/297/267 3727/296/267 3714/309/267
f 3715/300/268 3728/299/268 3716/202/268
f 3707/182/269 3718/301/269 3705/302/269
f 3706/304/270 3719/303/270 3707/190/270
f 3722/306/271 3709/305/271 3720/307/271
f 3721/308/272 3710/237/272 3722/306/272
f 3569/272/273 3587/263/273 3576/261/273
f 3575/282/168 3573/322/168 3571/323/168
f 3570/274/274 3585/278/274 3581/285/274
f 3584/277/275 3578/267/275 3591/266/275
f 3588/265/276 3579/269/276 3575/282/276
f 3581/285/172 3591/266/172 3589/262/172
f 2858/182/170 3594/182/170 3595/182/170
f 2851/182/170 3593/315/170 2854/184/170
f 2860/205/288 3597/204/288 3594/205/288
f 2854/184/307 3598/279/307 2856/199/307
f 2859/204/191 2852/204/191 3599/204/191
f 2855/200/191 3598/316/191 3599/313/191
f 3601/272/273 3619/263/273 3608/261/273
f 3607/282/168 3605/322/168 3603/323/168
f 3602/274/274 3617/278/274 3613/285/274
f 3616/277/275 3610/267/275 3623/266/275
f 3620/265/276 3611/281/276 3607/282/276
f 3613/285/172 3623/266/172 3621/262/172
f 3644/263/278 3626/272/278 3631/261/278
f 3628/322/168 3632/282/168 3627/323/168
f 3640/289/279 3625/274/279 3638/285/279
f 3635/267/280 3641/277/280 3646/266/280
f 3634/281/281 3643/265/281 3632/282/281
f 3646/266/172 3638/285/172 3645/262/172
f 3651/182/191 3181/182/191 3179/182/191
f 3653/314/307 3175/184/307 3177/199/307
f 3175/184/191 3651/324/191 3172/182/191
f 3654/204/288 3181/205/288 3649/205/288
f 3655/317/170 3177/199/170 3176/200/170
f 3173/204/170 3180/204/170 3654/204/170
f 3676/263/278 3658/272/278 3663/261/278
f 3660/322/168 3664/282/168 3659/323/168
f 3672/289/279 3657/274/279 3670/285/279
f 3667/267/280 3673/277/280 3678/266/280
f 3666/281/281 3675/265/281 3664/282/281
f 3678/266/172 3670/285/172 3677/262/172
f 3700/295/282 3682/304/282 3687/318/282
f 3684/325/168 3688/292/168 3683/326/168
f 3696/307/283 3681/302/283 3694/301/283
f 3691/300/284 3697/308/284 3702/321/284
f 3690/298/285 3699/294/285 3688/292/285
f 3702/321/172 3694/301/172 3701/293/172
f 3724/295/282 3706/304/282 3711/318/282
f 3708/325/168 3712/292/168 3707/326/168
f 3720/307/286 3705/302/286 3718/301/286
f 3715/300/284 3721/308/284 3726/321/284
f 3714/309/285 3723/294/285 3712/292/285
f 3726/321/172 3718/301/172 3725/293/172
f 1898/174/168 1868/184/168 1867/175/168
f 1896/177/169 1866/237/169 2152/178/169
f 2151/180/170 2152/257/170 1866/181/170
f 1898/174/169 2155/250/169 2153/183/169
f 1876/185/168 1872/184/168 2002/186/168
f 1872/184/170 1870/181/170 2001/188/170
f 1875/189/171 1871/175/171 1869/190/171
f 1870/192/172 1879/192/172 1880/193/172
f 1892/177/169 1874/196/169 1876/185/169
f 1893/176/171 1875/189/171 1873/191/171
f 1894/174/168 1876/185/168 2003/187/168
f 2001/188/170 2005/188/170 1964/182/170
f 1880/196/169 1879/237/169 1878/184/169
f 1874/196/173 1880/196/173 1877/185/173
f 1876/185/168 1877/185/168 1878/184/168
f 1872/184/174 1878/184/174 1879/181/174
f 1885/184/175 1882/181/175 1887/188/175
f 1886/200/171 1884/175/171 1881/190/171
f 1888/202/169 1882/237/169 1885/184/169
f 1890/186/176 1887/188/176 1881/182/176
f 1889/203/168 1890/186/168 1884/175/168
f 1888/198/177 1889/203/177 1886/200/177
f 1881/205/172 1887/197/172 1888/198/172
f 1874/193/178 1967/193/178 1965/192/178
f 1866/192/179 1896/327/179 1895/206/179
f 1931/207/180 1904/238/180 1906/208/180
f 1906/208/181 1908/211/181 1933/210/181
f 1908/211/182 1910/181/182 1934/212/182
f 1910/181/183 1912/188/183 1935/213/183
f 1912/188/184 1914/182/184 1936/214/184
f 1914/182/185 1916/219/185 1937/215/185
f 1908/218/170 1906/328/170 1904/258/170
f 1904/258/170 1918/329/170 1916/216/170
f 1916/216/170 1914/330/170 1912/217/170
f 1912/217/170 1910/331/170 1908/218/170
f 1908/218/170 1904/258/170 1916/216/170
f 1916/219/186 1918/235/186 1938/220/186
f 1938/220/187 1918/235/187 1904/221/187
f 1923/200/188 1921/175/188 1919/190/188
f 1919/190/189 1926/190/189 1925/201/189
f 1926/190/171 1928/190/171 1927/201/171
f 1922/184/308 1930/184/308 1929/199/308
f 1937/215/170 1938/220/170 1953/220/170
f 1913/223/191 1911/223/191 1946/223/191
f 1938/220/170 1931/222/170 1954/222/170
f 1932/209/170 1941/209/170 1954/207/170
f 1915/223/191 1950/223/191 1952/223/191
f 1907/223/191 1905/223/191 1940/223/191
f 1933/210/170 1943/210/170 1941/209/170
f 1933/210/170 1934/212/170 1945/212/170
f 1953/220/187 1954/222/187 1939/224/187
f 1951/215/186 1953/220/186 1952/201/186
f 1949/214/185 1951/215/185 1950/225/185
f 1947/213/184 1949/214/184 1948/200/184
f 1945/212/183 1947/213/183 1946/203/183
f 1943/210/182 1945/212/182 1944/199/182
f 1941/209/181 1943/210/181 1942/226/181
f 1954/207/180 1941/209/180 1940/202/180
f 1907/223/191 1942/223/191 1944/223/191
f 1917/223/191 1952/223/191 1939/223/191
f 1937/215/170 1951/215/170 1949/214/170
f 1905/223/191 1903/223/191 1939/223/191
f 1936/214/170 1949/214/170 1947/213/170
f 1915/223/191 1913/223/191 1948/223/191
f 1934/212/170 1935/213/170 1947/213/170
f 1909/223/191 1944/223/191 1946/223/191
f 1901/223/191 1958/223/191 1960/223/191
f 1899/223/191 1960/223/191 1956/223/191
f 1955/228/172 1956/327/172 1960/206/172
f 1956/177/169 1955/260/169 1962/230/169
f 1960/194/171 1958/176/171 1957/231/171
f 1959/174/168 1962/230/168 1957/231/168
f 1902/223/191 1959/223/191 1958/223/191
f 1900/223/191 1956/223/191 1959/223/191
f 1965/192/172 1967/193/172 2006/233/172
f 1967/193/172 1968/327/172 2007/234/172
f 2001/188/170 1870/181/170 1965/181/170
f 1892/177/178 1968/177/178 1967/196/178
f 1873/191/171 1963/191/171 1966/194/171
f 1869/190/171 1964/190/171 1963/191/171
f 1995/181/168 1992/181/168 1989/182/168
f 1986/235/192 1971/221/192 1972/224/192
f 2000/199/172 1990/199/172 1991/202/172
f 1984/219/193 1986/235/193 1985/201/193
f 1989/199/171 2113/199/171 2111/199/171
f 1982/182/194 1984/219/194 1983/225/194
f 1997/192/169 1999/236/169 1995/204/169
f 1980/188/195 1982/182/195 1981/200/195
f 1994/236/171 1996/199/171 2000/200/171
f 1978/181/196 1980/188/196 1979/203/196
f 1999/236/169 1991/236/169 1992/204/169
f 1976/211/197 1978/181/197 1977/199/197
f 1995/204/169 2114/204/169 2116/205/169
f 1997/237/172 2120/237/172 2121/184/172
f 1971/238/198 1974/208/198 1973/202/198
f 1999/202/172 1997/237/172 1998/184/172
f 1974/208/199 1976/211/199 1975/226/199
f 1985/241/172 1972/332/172 1973/259/172
f 1973/259/172 1975/333/172 1977/239/172
f 1977/239/172 1979/334/172 1981/240/172
f 1981/240/172 1983/335/172 1985/241/172
f 1985/241/172 1973/259/172 1977/239/172
f 1966/223/191 2010/223/191 2012/223/191
f 1964/182/170 2005/188/170 2013/188/170
f 2004/195/168 2003/187/168 1875/189/168
f 2002/186/170 2001/188/170 1869/182/170
f 2003/187/168 2002/186/168 1871/175/168
f 2011/233/172 2012/234/172 2010/242/172
f 2013/197/172 2011/233/172 2008/243/172
f 2006/233/200 2011/233/200 2013/197/200
f 1963/191/171 2008/191/171 2010/194/171
f 1964/190/171 2009/190/171 2008/191/171
f 2007/234/200 2012/234/200 2011/233/200
f 2023/244/170 2026/244/170 2029/245/170
f 2017/236/191 2021/199/191 2020/200/191
f 2019/184/170 2015/181/170 2014/182/170
f 2022/246/171 2024/249/171 2018/175/171
f 2023/247/169 2015/237/169 2019/184/169
f 2017/202/169 2023/247/169 2025/248/169
f 2016/201/171 2020/200/171 2024/249/171
f 2015/192/172 2023/244/172 2022/245/172
f 2026/244/172 2027/236/172 2028/204/172
f 2016/204/191 2028/204/191 2027/236/191
f 2022/246/171 2029/246/171 2028/201/171
f 2017/202/169 2027/202/169 2026/247/169
f 2045/235/192 2030/221/192 2031/224/192
f 2043/219/193 2045/235/193 2044/201/193
f 2041/182/194 2043/219/194 2042/225/194
f 2039/188/195 2041/182/195 2040/200/195
f 2037/181/196 2039/188/196 2038/203/196
f 2035/211/197 2037/181/197 2036/199/197
f 2030/238/198 2033/208/198 2032/202/198
f 2033/208/199 2035/211/199 2034/226/199
f 2044/241/172 2031/332/172 2032/259/172
f 2032/259/172 2034/333/172 2036/239/172
f 2036/239/172 2038/334/172 2040/240/172
f 2040/240/172 2042/335/172 2044/241/172
f 2044/241/172 2032/259/172 2036/239/172
f 2047/241/172 2060/332/172 2059/259/172
f 2059/259/172 2057/333/172 2055/239/172
f 2055/239/172 2053/334/172 2051/240/172
f 2051/240/172 2049/335/172 2047/241/172
f 2047/241/172 2059/259/172 2055/239/172
f 2058/208/199 2056/211/199 2057/226/199
f 2061/238/198 2058/208/198 2059/202/198
f 2056/211/197 2054/181/197 2055/199/197
f 2054/181/196 2052/188/196 2053/203/196
f 2052/188/195 2050/182/195 2051/200/195
f 2050/182/194 2048/219/194 2049/225/194
f 2048/219/193 2046/235/193 2047/201/193
f 2046/235/192 2061/221/192 2060/224/192
f 2063/241/172 2076/332/172 2075/259/172
f 2075/259/172 2073/333/172 2071/239/172
f 2071/239/172 2069/334/172 2067/240/172
f 2067/240/172 2065/335/172 2063/241/172
f 2063/241/172 2075/259/172 2071/239/172
f 2074/208/199 2072/211/199 2073/226/199
f 2077/238/198 2074/208/198 2075/202/198
f 2072/211/197 2070/181/197 2071/199/197
f 2070/181/196 2068/188/196 2069/203/196
f 2068/188/195 2066/182/195 2067/200/195
f 2066/182/194 2064/219/194 2065/225/194
f 2064/219/193 2062/235/193 2063/201/193
f 2062/235/192 2077/221/192 2076/224/192
f 2093/235/192 2078/221/192 2079/224/192
f 2091/219/193 2093/235/193 2092/201/193
f 2089/182/194 2091/219/194 2090/225/194
f 2087/188/195 2089/182/195 2088/200/195
f 2085/181/196 2087/188/196 2086/203/196
f 2083/211/197 2085/181/197 2084/199/197
f 2078/238/198 2081/208/198 2080/202/198
f 2081/208/199 2083/211/199 2082/226/199
f 2092/241/172 2079/332/172 2080/259/172
f 2080/259/172 2082/333/172 2084/239/172
f 2084/239/172 2086/334/172 2088/240/172
f 2088/240/172 2090/335/172 2092/241/172
f 2092/241/172 2080/259/172 2084/239/172
f 2095/241/172 2108/332/172 2107/259/172
f 2107/259/172 2105/333/172 2103/239/172
f 2103/239/172 2101/334/172 2099/240/172
f 2099/240/172 2097/335/172 2095/241/172
f 2095/241/172 2107/259/172 2103/239/172
f 2106/208/199 2104/211/199 2105/226/199
f 2109/238/198 2106/208/198 2107/202/198
f 2104/211/197 2102/181/197 2103/199/197
f 2102/181/196 2100/188/196 2101/203/196
f 2100/188/195 2098/182/195 2099/200/195
f 2098/182/194 2096/219/194 2097/225/194
f 2096/219/193 2094/235/193 2095/201/193
f 2094/235/192 2109/221/192 2108/224/192
f 1996/199/171 1989/199/171 1990/200/171
f 1970/199/170 1987/184/170 1988/175/170
f 1990/199/172 1988/199/172 1987/202/172
f 1991/236/169 1987/236/169 1970/204/169
f 1989/199/171 1969/199/171 1988/200/171
f 2112/181/168 2110/181/168 2111/182/168
f 2116/184/168 2114/181/168 2115/182/168
f 1996/182/170 2115/182/170 2114/181/170
f 1992/181/191 2112/181/191 2113/182/191
f 1994/236/171 2117/236/171 2115/199/171
f 1969/200/170 2111/200/170 2110/199/170
f 1970/204/169 2110/204/169 2112/204/169
f 1993/175/191 2116/175/191 2117/190/191
f 2120/200/191 2118/175/191 2119/190/191
f 1993/205/169 2118/205/169 2120/192/169
f 1998/204/171 2121/204/171 2119/236/171
f 1994/190/168 2119/190/168 2118/175/168
f 2123/192/201 2125/236/201 2124/204/201
f 2135/184/170 2131/181/170 2130/182/170
f 2131/192/201 2133/236/201 2132/204/201
f 2127/184/170 2123/181/170 2122/182/170
f 2128/200/171 2126/175/171 2122/190/171
f 2129/199/169 2125/202/169 2123/237/169
f 2136/200/171 2134/175/171 2130/190/171
f 2137/199/169 2133/202/169 2131/237/169
f 2143/184/170 2139/181/170 2138/182/170
f 2139/192/201 2141/236/201 2140/204/201
f 2144/200/171 2142/175/171 2138/190/171
f 2145/199/169 2141/202/169 2139/237/169
f 2147/178/309 2146/183/309 2149/250/309
f 1897/176/171 1867/175/171 2150/251/171
f 1895/194/171 2157/256/171 2151/253/171
f 2150/254/310 2153/255/310 2146/255/310
f 2154/223/170 2148/223/170 2149/223/170
f 2156/223/170 2159/223/170 2158/223/170
f 1867/175/170 1868/184/170 2153/255/170
f 2160/251/311 2161/253/311 2158/256/311
f 2147/257/312 2161/180/312 2160/254/312
f 2157/256/168 2158/256/168 2161/253/168
f 2156/252/172 2150/251/172 2160/251/172
f 2155/250/172 2149/250/172 2146/183/172
f 2154/179/168 2152/178/168 2147/178/168
f 2152/257/313 2151/180/313 2161/180/313
f 2177/238/198 2186/238/198 2187/208/198
f 2167/182/194 2191/182/194 2192/219/194
f 2171/181/196 2189/181/196 2190/188/196
f 2167/182/195 2169/188/195 2190/188/195
f 2162/235/192 2193/235/192 2186/221/192
f 2172/211/197 2188/211/197 2189/181/197
f 2174/208/199 2187/208/199 2188/211/199
f 2162/241/172 2177/332/172 2174/259/172
f 2174/259/172 2172/333/172 2171/239/172
f 2171/239/172 2169/334/172 2167/240/172
f 2167/240/172 2165/335/172 2162/241/172
f 2162/241/172 2174/259/172 2171/239/172
f 2176/241/172 2163/332/172 2164/259/172
f 2164/259/172 2166/333/172 2168/239/172
f 2168/239/172 2170/334/172 2173/240/172
f 2173/240/172 2175/335/172 2176/241/172
f 2176/241/172 2164/259/172 2168/239/172
f 2166/211/199 2164/208/199 2179/208/199
f 2166/211/197 2180/211/197 2181/181/197
f 2176/235/192 2185/235/192 2178/221/192
f 2173/182/195 2170/188/195 2182/188/195
f 2168/181/196 2181/181/196 2182/188/196
f 2173/182/194 2183/182/194 2184/219/194
f 2163/238/198 2178/238/198 2179/208/198
f 2175/219/193 2184/219/193 2185/235/193
f 2184/219/168 2183/182/168 2182/188/168
f 2182/188/168 2181/181/168 2180/211/168
f 2180/211/168 2179/208/168 2178/221/168
f 2178/221/168 2185/235/168 2184/219/168
f 2184/219/168 2182/188/168 2180/211/168
f 2165/219/193 2192/219/193 2193/235/193
f 2192/219/168 2191/182/168 2190/188/168
f 2190/188/168 2189/181/168 2188/211/168
f 2188/211/168 2187/208/168 2186/221/168
f 2186/221/168 2193/235/168 2192/219/168
f 2192/219/168 2190/188/168 2188/211/168
f 2195/192/172 2194/205/172 2198/205/172
f 2203/230/168 2197/184/168 2196/175/168
f 2205/231/171 2196/175/171 2194/190/171
f 2203/230/169 2204/260/169 2195/237/169
f 2200/184/170 2199/181/170 2198/182/170
f 2196/175/208 2201/175/208 2198/190/208
f 2195/237/209 2199/237/209 2200/184/209
f 2197/184/168 2200/184/168 2201/175/168
f 2195/192/172 2204/228/172 2202/229/172
f 1961/232/170 1957/231/170 1962/230/170
f 2208/175/168 2209/184/168 1898/174/168
f 2453/178/169 2207/237/169 1896/177/169
f 2452/180/191 2206/182/191 2207/181/191
f 1898/174/169 2209/184/169 2454/183/169
f 2309/186/168 2213/184/168 2217/185/168
f 2308/188/191 2211/181/191 2213/184/191
f 2210/190/171 2212/175/171 2216/189/171
f 2221/193/172 2220/192/172 2211/192/172
f 2217/185/169 2215/196/169 1892/177/169
f 2214/191/171 2216/189/171 1893/176/171
f 2310/187/168 2217/185/168 1894/174/168
f 2273/182/191 2311/188/191 2308/188/191
f 2219/184/169 2220/237/169 2221/196/169
f 2218/185/174 2221/196/174 2215/196/174
f 2219/184/168 2218/185/168 2217/185/168
f 2220/181/173 2219/184/173 2213/184/173
f 2228/188/210 2223/181/210 2226/184/210
f 2222/190/171 2225/175/171 2227/200/171
f 2226/184/169 2223/237/169 2229/202/169
f 2222/182/211 2228/188/211 2231/186/211
f 2225/175/168 2231/186/168 2230/203/168
f 2227/200/212 2230/203/212 2229/198/212
f 2222/205/172 2224/204/172 2229/198/172
f 2274/192/178 2275/193/178 2215/193/178
f 1895/206/179 1896/327/179 2207/192/179
f 2253/209/180 2233/208/180 2232/238/180
f 2254/210/181 2234/211/181 2233/208/181
f 2255/212/182 2235/181/182 2234/211/182
f 2256/213/183 2236/188/183 2235/181/183
f 2257/214/184 2237/182/184 2236/188/184
f 2258/215/185 2238/219/185 2237/182/185
f 2232/258/191 2233/328/191 2234/218/191
f 2234/218/191 2235/331/191 2236/217/191
f 2236/217/191 2237/330/191 2238/216/191
f 2238/216/191 2239/329/191 2232/258/191
f 2232/258/191 2234/218/191 2236/217/191
f 2259/220/186 2239/235/186 2238/219/186
f 2259/220/187 2252/222/187 2232/221/187
f 2240/190/188 2242/175/188 2244/200/188
f 2246/201/189 2247/190/189 2240/190/189
f 2248/201/171 2249/190/171 2247/190/171
f 2250/199/308 2251/184/308 2243/184/308
f 2258/215/191 2265/215/191 2266/220/191
f 2259/220/191 2266/220/191 2267/222/191
f 2267/207/191 2260/209/191 2253/209/191
f 2260/209/191 2261/210/191 2254/210/191
f 2254/210/191 2261/210/191 2262/212/191
f 1939/224/187 2267/222/187 2266/220/187
f 1952/201/186 2266/220/186 2265/215/186
f 1950/225/185 2265/215/185 2264/214/185
f 1948/200/184 2264/214/184 2263/213/184
f 1946/203/183 2263/213/183 2262/212/183
f 1944/199/182 2262/212/182 2261/210/182
f 1942/226/181 2261/210/181 2260/209/181
f 1940/202/180 2260/209/180 2267/207/180
f 2264/214/191 2265/215/191 2258/215/191
f 2263/213/191 2264/214/191 2257/214/191
f 2255/212/191 2262/212/191 2263/213/191
f 1960/206/172 1956/327/172 2268/228/172
f 2271/230/169 2268/260/169 1956/177/169
f 1960/194/171 2270/232/171 2269/231/171
f 2269/231/168 2271/230/168 1959/174/168
f 2312/233/172 2275/193/172 2274/192/172
f 2007/234/172 1968/327/172 2275/193/172
f 2308/188/191 2311/188/191 2274/181/191
f 2275/196/178 1968/177/178 1892/177/178
f 1966/194/171 2272/191/171 2214/191/171
f 2272/191/171 2273/190/171 2210/190/171
f 2296/182/168 2299/181/168 2302/181/168
f 2279/224/195 2278/221/195 2293/235/195
f 2298/202/172 2297/199/172 2307/199/172
f 2292/201/194 2293/235/194 2291/219/194
f 2414/199/171 2416/199/171 2296/199/171
f 2290/225/193 2291/219/193 2289/182/193
f 2302/204/169 2306/236/169 2304/192/169
f 2288/200/192 2289/182/192 2287/188/192
f 2307/200/171 2303/199/171 2301/236/171
f 2286/203/198 2287/188/198 2285/181/198
f 2299/204/169 2298/236/169 2306/236/169
f 2284/199/199 2285/181/199 2283/211/199
f 2419/205/169 2417/204/169 2302/204/169
f 2424/184/172 2423/237/172 2304/237/172
f 2280/202/196 2281/208/196 2278/238/196
f 2305/184/172 2304/237/172 2306/202/172
f 2282/226/197 2283/211/197 2281/208/197
f 2280/259/172 2279/332/172 2292/241/172
f 2292/241/172 2290/335/172 2288/240/172
f 2288/240/172 2286/334/172 2284/239/172
f 2284/239/172 2282/333/172 2280/259/172
f 2280/259/172 2292/241/172 2288/240/172
f 2273/182/191 2314/182/191 2316/188/191
f 2216/189/168 2310/187/168 2004/195/168
f 2210/182/191 2308/188/191 2309/186/191
f 2212/175/168 2309/186/168 2310/187/168
f 2010/242/172 2012/234/172 2315/233/172
f 2313/243/172 2315/233/172 2316/197/172
f 2316/197/200 2315/233/200 2312/233/200
f 2010/194/171 2313/191/171 2272/191/171
f 2313/191/171 2314/190/171 2273/190/171
f 2315/233/200 2012/234/200 2007/234/200
f 2332/245/191 2329/244/191 2326/244/191
f 2323/200/170 2324/199/170 2320/236/170
f 2317/182/191 2318/181/191 2322/184/191
f 2325/246/171 2317/190/171 2321/175/171
f 2322/184/169 2318/237/169 2326/247/169
f 2328/248/169 2326/247/169 2320/202/169
f 2319/201/171 2325/246/171 2327/249/171
f 2325/245/172 2326/244/172 2318/192/172
f 2331/204/172 2330/236/172 2329/244/172
f 2330/236/170 2331/204/170 2319/204/170
f 2331/201/171 2332/246/171 2325/246/171
f 2329/247/169 2330/202/169 2320/202/169
f 2334/224/195 2333/221/195 2348/235/195
f 2347/201/194 2348/235/194 2346/219/194
f 2345/225/193 2346/219/193 2344/182/193
f 2343/200/192 2344/182/192 2342/188/192
f 2341/203/198 2342/188/198 2340/181/198
f 2339/199/199 2340/181/199 2338/211/199
f 2335/202/196 2336/208/196 2333/238/196
f 2337/226/197 2338/211/197 2336/208/197
f 2335/259/172 2334/332/172 2347/241/172
f 2347/241/172 2345/335/172 2343/240/172
f 2343/240/172 2341/334/172 2339/239/172
f 2339/239/172 2337/333/172 2335/259/172
f 2335/259/172 2347/241/172 2343/240/172
f 2362/259/172 2363/332/172 2350/241/172
f 2350/241/172 2352/335/172 2354/240/172
f 2354/240/172 2356/334/172 2358/239/172
f 2358/239/172 2360/333/172 2362/259/172
f 2362/259/172 2350/241/172 2354/240/172
f 2360/226/197 2359/211/197 2361/208/197
f 2362/202/196 2361/208/196 2364/238/196
f 2358/199/199 2357/181/199 2359/211/199
f 2356/203/198 2355/188/198 2357/181/198
f 2354/200/192 2353/182/192 2355/188/192
f 2352/225/193 2351/219/193 2353/182/193
f 2350/201/194 2349/235/194 2351/219/194
f 2363/224/195 2364/221/195 2349/235/195
f 2378/259/172 2379/332/172 2366/241/172
f 2366/241/172 2368/335/172 2370/240/172
f 2370/240/172 2372/334/172 2374/239/172
f 2374/239/172 2376/333/172 2378/259/172
f 2378/259/172 2366/241/172 2370/240/172
f 2376/226/197 2375/211/197 2377/208/197
f 2378/202/196 2377/208/196 2380/238/196
f 2374/199/199 2373/181/199 2375/211/199
f 2372/203/198 2371/188/198 2373/181/198
f 2370/200/192 2369/182/192 2371/188/192
f 2368/225/193 2367/219/193 2369/182/193
f 2366/201/194 2365/235/194 2367/219/194
f 2379/224/195 2380/221/195 2365/235/195
f 2382/224/195 2381/221/195 2396/235/195
f 2395/201/194 2396/235/194 2394/219/194
f 2393/225/193 2394/219/193 2392/182/193
f 2391/200/192 2392/182/192 2390/188/192
f 2389/203/198 2390/188/198 2388/181/198
f 2387/199/199 2388/181/199 2386/211/199
f 2383/202/196 2384/208/196 2381/238/196
f 2385/226/197 2386/211/197 2384/208/197
f 2383/259/172 2382/332/172 2395/241/172
f 2395/241/172 2393/335/172 2391/240/172
f 2391/240/172 2389/334/172 2387/239/172
f 2387/239/172 2385/333/172 2383/259/172
f 2383/259/172 2395/241/172 2391/240/172
f 2410/259/172 2411/332/172 2398/241/172
f 2398/241/172 2400/335/172 2402/240/172
f 2402/240/172 2404/334/172 2406/239/172
f 2406/239/172 2408/333/172 2410/259/172
f 2410/259/172 2398/241/172 2402/240/172
f 2408/226/197 2407/211/197 2409/208/197
f 2410/202/196 2409/208/196 2412/238/196
f 2406/199/199 2405/181/199 2407/211/199
f 2404/203/198 2403/188/198 2405/181/198
f 2402/200/192 2401/182/192 2403/188/192
f 2400/225/193 2399/219/193 2401/182/193
f 2398/201/194 2397/235/194 2399/219/194
f 2411/224/195 2412/221/195 2397/235/195
f 2297/200/171 2296/199/171 2303/199/171
f 2295/175/191 2294/184/191 2277/199/191
f 2294/202/172 2295/199/172 2297/199/172
f 2277/204/169 2294/236/169 2298/236/169
f 2295/200/171 2276/199/171 2296/199/171
f 2414/182/168 2413/181/168 2415/181/168
f 2418/182/168 2417/181/168 2419/184/168
f 2417/181/191 2418/182/191 2303/182/191
f 2416/182/170 2415/181/170 2299/181/170
f 2418/199/171 2420/236/171 2301/236/171
f 2413/199/191 2414/200/191 2276/200/191
f 2415/204/169 2413/204/169 2277/204/169
f 2420/190/170 2419/175/170 2300/175/170
f 2422/190/170 2421/175/170 2423/200/170
f 2423/192/169 2421/205/169 2300/205/169
f 2422/236/171 2424/204/171 2305/204/171
f 2421/175/168 2422/190/168 2301/190/168
f 2427/204/213 2428/236/213 2426/192/213
f 2433/182/191 2434/181/191 2438/184/191
f 2435/204/213 2436/236/213 2434/192/213
f 2425/182/191 2426/181/191 2430/184/191
f 2425/190/171 2429/175/171 2431/200/171
f 2432/199/169 2430/184/169 2426/237/169
f 2433/190/171 2437/175/171 2439/200/171
f 2440/199/169 2438/184/169 2434/237/169
f 2441/182/191 2442/181/191 2446/184/191
f 2443/204/213 2444/236/213 2442/192/213
f 2441/190/171 2445/175/171 2447/200/171
f 2448/199/169 2446/184/169 2442/237/169
f 2149/250/314 2449/183/314 2450/178/314
f 2451/251/171 2208/175/171 1897/176/171
f 1895/194/171 2206/190/171 2452/253/171
f 2451/254/315 2455/254/315 2449/255/315
f 2208/175/191 2451/254/191 2454/255/191
f 2158/256/316 2456/253/316 2455/251/316
f 2450/257/317 2449/255/317 2455/254/317
f 2456/253/168 2158/256/168 2157/256/168
f 2156/252/172 2159/252/172 2455/251/172
f 2449/183/172 2149/250/172 2155/250/172
f 2154/179/168 2148/179/168 2450/178/168
f 2453/257/318 2450/257/318 2456/180/318
f 2482/208/196 2481/238/196 2472/238/196
f 2487/219/193 2486/182/193 2462/182/193
f 2485/188/198 2484/181/198 2466/181/198
f 2462/182/192 2486/182/192 2485/188/192
f 2481/221/195 2488/235/195 2457/235/195
f 2484/181/199 2483/211/199 2467/211/199
f 2483/211/197 2482/208/197 2469/208/197
f 2469/259/172 2472/332/172 2457/241/172
f 2457/241/172 2460/335/172 2462/240/172
f 2462/240/172 2464/334/172 2466/239/172
f 2466/239/172 2467/333/172 2469/259/172
f 2469/259/172 2457/241/172 2462/240/172
f 2459/259/172 2458/332/172 2471/241/172
f 2471/241/172 2470/335/172 2468/240/172
f 2468/240/172 2465/334/172 2463/239/172
f 2463/239/172 2461/333/172 2459/259/172
f 2459/259/172 2471/241/172 2468/240/172
f 2461/211/197 2475/211/197 2474/208/197
f 2476/181/199 2475/211/199 2461/211/199
f 2473/221/195 2480/235/195 2471/235/195
f 2468/182/192 2478/182/192 2477/188/192
f 2477/188/198 2476/181/198 2463/181/198
f 2479/219/193 2478/182/193 2468/182/193
f 2474/208/196 2473/238/196 2458/238/196
f 2480/235/194 2479/219/194 2470/219/194
f 2477/188/168 2478/182/168 2479/219/168
f 2479/219/168 2480/235/168 2473/221/168
f 2473/221/168 2474/208/168 2475/211/168
f 2475/211/168 2476/181/168 2477/188/168
f 2477/188/168 2479/219/168 2473/221/168
f 2488/235/194 2487/219/194 2460/219/194
f 2485/188/168 2486/182/168 2487/219/168
f 2487/219/168 2488/235/168 2481/221/168
f 2481/221/168 2482/208/168 2483/211/168
f 2483/211/168 2484/181/168 2485/188/168
f 2485/188/168 2487/219/168 2481/221/168
f 2490/192/172 2494/192/172 2493/205/172
f 2491/175/168 2492/184/168 2498/230/168
f 2489/190/171 2491/175/171 2500/231/171
f 2498/230/169 2492/184/169 2490/237/169
f 2493/182/191 2494/181/191 2495/184/191
f 2493/190/220 2496/175/220 2491/175/220
f 2495/184/221 2494/237/221 2490/237/221
f 2496/175/168 2495/184/168 2492/184/168
f 2497/229/172 2499/228/172 2490/192/172
f 2271/230/191 2269/231/191 2270/232/191
f 2538/223/222 2521/223/222 2522/223/222
f 2534/223/223 2523/223/223 2524/223/223
f 2532/223/224 2520/223/224 2521/223/224
f 2539/223/225 2522/223/225 2523/223/225
f 2520/223/226 2532/223/226 2548/223/226
f 2555/223/168 2561/223/168 2568/223/168
f 2519/223/172 2572/223/172 2563/223/172
f 2575/223/227 2576/223/227 2517/223/227
f 2579/223/228 2580/223/228 2529/223/228
f 2542/223/229 2549/223/229 2535/223/229
f 2545/223/168 2544/223/168 2521/223/168
f 2516/223/172 2551/223/172 2509/223/172
f 2544/223/168 2543/223/168 2522/223/168
f 2509/223/172 2551/223/172 2550/223/172
f 2522/223/168 2543/223/168 2541/223/168
f 2547/223/172 2518/223/172 2507/223/172
f 2549/223/229 2546/223/229 2536/223/229
f 2532/223/226 2531/223/226 2554/223/226
f 2546/223/229 2547/223/229 2506/223/229
f 2523/223/168 2541/223/168 2542/223/168
f 2518/223/172 2516/223/172 2508/223/172
f 2531/223/226 2510/223/226 2550/223/226
f 2570/223/168 2561/223/168 2555/223/168
f 2558/223/230 2557/223/230 2513/223/230
f 2574/223/168 2564/223/168 2502/223/168
f 2511/223/231 2548/223/231 2554/223/231
f 2576/223/172 2567/223/172 2553/223/172
f 2546/223/232 2549/223/232 2558/223/232
f 2578/223/172 2565/223/172 2528/223/172
f 2513/223/233 2557/223/233 2511/223/233
f 2508/223/225 2540/223/225 2533/223/225
f 2540/223/225 2539/223/225 2534/223/225
f 2510/223/224 2531/223/224 2537/223/224
f 2531/223/224 2532/223/224 2538/223/224
f 2507/223/223 2533/223/223 2536/223/223
f 2536/223/223 2533/223/223 2534/223/223
f 2508/223/222 2509/223/222 2537/223/222
f 2540/223/222 2537/223/222 2538/223/222
f 2503/223/234 2542/223/234 2541/223/234
f 2541/223/230 2543/223/230 2501/223/230
f 2543/223/233 2544/223/233 2502/223/233
f 2544/223/231 2545/223/231 2505/223/231
f 2547/223/232 2546/223/232 2526/223/232
f 2545/223/231 2548/223/231 2530/223/231
f 2525/223/232 2549/223/232 2542/223/232
f 2514/223/231 2550/223/231 2551/223/231
f 2551/223/233 2516/223/233 2552/223/233
f 2516/223/230 2518/223/230 2553/223/230
f 2518/223/232 2547/223/232 2517/223/232
f 2554/223/231 2550/223/231 2514/223/231
f 2556/223/230 2513/223/230 2555/223/230
f 2557/223/230 2558/223/230 2528/223/230
f 2559/223/231 2554/223/231 2529/223/231
f 2530/223/231 2548/223/231 2511/223/231
f 2526/223/232 2546/223/232 2556/223/232
f 2558/223/232 2549/223/232 2525/223/232
f 2513/223/233 2559/223/233 2512/223/233
f 2511/223/233 2557/223/233 2519/223/233
f 2571/223/233 2564/223/233 2563/223/233
f 2573/223/235 2566/223/235 2565/223/235
f 2564/223/236 2574/223/236 2577/223/236
f 2566/223/319 2571/223/319 2572/223/319
f 2568/223/320 2561/223/320 2562/223/320
f 2570/223/236 2580/223/236 2579/223/236
f 2575/223/235 2568/223/235 2567/223/235
f 2562/223/233 2561/223/233 2570/223/233
f 2577/223/228 2574/223/228 2505/223/228
f 2565/223/172 2572/223/172 2519/223/172
f 2573/223/227 2578/223/227 2525/223/227
f 2580/223/168 2570/223/168 2512/223/168
f 2515/223/172 2569/223/172 2579/223/172
f 2504/223/168 2566/223/168 2573/223/168
f 2560/223/172 2563/223/172 2577/223/172
f 2552/223/172 2562/223/172 2569/223/172
f 2501/223/168 2571/223/168 2566/223/168
f 2527/223/168 2568/223/168 2575/223/168
f 2567/223/172 2562/223/172 2552/223/172
f 2564/223/168 2571/223/168 2501/223/168
f 2590/208/196 2589/238/196 2588/238/196
f 2595/219/193 2594/182/193 2583/182/193
f 2593/188/198 2592/181/198 2585/181/198
f 2583/182/192 2594/182/192 2593/188/192
f 2589/221/195 2596/235/195 2581/235/195
f 2592/181/199 2591/211/199 2586/211/199
f 2591/211/197 2590/208/197 2587/208/197
f 2587/259/172 2588/332/172 2581/241/172
f 2581/241/172 2582/335/172 2583/240/172
f 2583/240/172 2584/334/172 2585/239/172
f 2585/239/172 2586/333/172 2587/259/172
f 2587/259/172 2581/241/172 2583/240/172
f 2596/235/194 2595/219/194 2582/219/194
f 2593/188/168 2594/182/168 2595/219/168
f 2595/219/168 2596/235/168 2589/221/168
f 2589/221/168 2590/208/168 2591/211/168
f 2591/211/168 2592/181/168 2593/188/168
f 2593/188/168 2595/219/168 2589/221/168
f 2597/205/172 2599/204/172 2600/236/172
f 2603/200/237 2604/199/237 2600/236/237
f 2601/175/168 2602/184/168 2604/199/168
f 2597/182/238 2598/181/238 2602/184/238
f 2597/190/239 2601/175/239 2603/200/239
f 2611/208/196 2614/208/196 2613/238/196
f 2619/219/193 2618/182/193 2607/182/193
f 2617/188/198 2616/181/198 2609/181/198
f 2607/182/192 2618/182/192 2617/188/192
f 2613/221/195 2620/235/195 2605/235/195
f 2616/181/199 2615/211/199 2610/211/199
f 2615/211/197 2614/208/197 2611/208/197
f 2611/259/172 2612/332/172 2605/241/172
f 2605/241/172 2606/335/172 2607/240/172
f 2607/240/172 2608/334/172 2609/239/172
f 2609/239/172 2610/333/172 2611/259/172
f 2611/259/172 2605/241/172 2607/240/172
f 2620/235/194 2619/219/194 2606/219/194
f 2617/188/168 2618/182/168 2619/219/168
f 2619/219/168 2620/235/168 2613/221/168
f 2613/221/168 2614/208/168 2615/211/168
f 2615/211/168 2616/181/168 2617/188/168
f 2617/188/168 2619/219/168 2613/221/168
f 2630/208/196 2629/238/196 2628/238/196
f 2635/219/193 2634/182/193 2623/182/193
f 2633/188/198 2632/181/198 2625/181/198
f 2623/182/192 2634/182/192 2633/188/192
f 2629/221/195 2636/235/195 2621/235/195
f 2632/181/199 2631/211/199 2626/211/199
f 2631/211/197 2630/208/197 2627/208/197
f 2627/259/172 2628/332/172 2621/241/172
f 2621/241/172 2622/335/172 2623/240/172
f 2623/240/172 2624/334/172 2625/239/172
f 2625/239/172 2626/333/172 2627/259/172
f 2627/259/172 2621/241/172 2623/240/172
f 2636/235/194 2635/219/194 2622/219/194
f 2633/188/168 2634/182/168 2635/219/168
f 2635/219/168 2636/235/168 2629/221/168
f 2629/221/168 2630/208/168 2631/211/168
f 2631/211/168 2632/181/168 2633/188/168
f 2633/188/168 2635/219/168 2629/221/168
f 2644/261/240 2645/201/240 2657/262/240
f 2645/264/241 2643/282/241 2656/265/241
f 2659/266/242 2660/268/242 2648/202/242
f 2660/268/243 2658/291/243 2647/269/243
f 2650/271/244 2651/273/244 2639/190/244
f 2651/273/245 2649/285/245 2638/274/245
f 2641/275/246 2642/237/246 2654/276/246
f 2642/181/247 2640/336/247 2653/278/247
f 2666/279/260 2668/202/260 2664/237/260
f 2668/204/249 2665/204/249 2662/205/249
f 2676/261/240 2677/201/240 2689/262/240
f 2677/264/241 2675/282/241 2688/265/241
f 2691/266/321 2692/268/321 2680/202/321
f 2692/268/243 2690/291/243 2679/281/243
f 2682/271/322 2683/273/322 2671/190/322
f 2683/273/245 2681/285/245 2670/274/245
f 2673/275/246 2674/237/246 2686/276/246
f 2674/181/247 2672/336/247 2685/278/247
f 2700/282/252 2701/264/252 2713/262/252
f 2701/201/253 2699/261/253 2712/263/253
f 2715/283/254 2716/268/254 2704/284/254
f 2716/268/262 2714/266/262 2703/267/262
f 2706/285/256 2707/286/256 2695/182/256
f 2707/286/263 2705/271/263 2694/272/263
f 2697/287/258 2698/181/258 2710/288/258
f 2698/237/259 2696/275/259 2709/277/259
f 2722/204/249 2724/204/249 2720/205/249
f 2724/202/248 2721/314/248 2718/290/248
f 2732/282/252 2733/264/252 2745/262/252
f 2733/201/253 2731/261/253 2744/263/253
f 2747/291/254 2748/268/254 2736/284/254
f 2748/268/262 2746/266/262 2735/267/262
f 2738/285/256 2739/286/256 2727/182/256
f 2739/286/263 2737/271/263 2726/272/263
f 2729/287/258 2730/181/258 2742/288/258
f 2730/237/259 2728/275/259 2741/277/259
f 2756/292/265 2757/337/265 2769/293/265
f 2757/201/266 2755/318/266 2768/295/266
f 2771/296/267 2772/299/267 2760/297/267
f 2772/299/268 2770/321/268 2759/300/268
f 2762/301/269 2763/303/269 2751/182/269
f 2763/303/270 2761/271/270 2750/304/270
f 2753/305/271 2754/181/271 2766/306/271
f 2754/237/272 2752/338/272 2765/308/272
f 2780/292/265 2781/337/265 2793/293/265
f 2781/201/266 2779/318/266 2792/295/266
f 2795/296/267 2796/299/267 2784/297/267
f 2796/299/268 2794/321/268 2783/300/268
f 2786/301/269 2787/303/269 2775/182/269
f 2787/303/270 2785/271/270 2774/304/270
f 2777/305/271 2778/181/271 2790/306/271
f 2778/237/272 2776/338/272 2789/308/272
f 2655/263/273 2650/271/273 2637/272/273
f 2644/311/172 2637/339/172 2639/323/172
f 2639/323/172 2638/340/172 2640/310/172
f 2640/310/172 2642/341/172 2641/322/172
f 2641/322/172 2646/342/172 2648/270/172
f 2648/270/172 2647/269/172 2643/282/172
f 2643/282/172 2645/264/172 2644/311/172
f 2644/311/172 2639/323/172 2640/310/172
f 2640/310/172 2641/322/172 2648/270/172
f 2648/270/172 2643/282/172 2644/311/172
f 2653/278/274 2640/336/274 2638/274/274
f 2646/267/275 2641/275/275 2652/277/275
f 2647/269/276 2658/291/276 2656/265/276
f 2650/271/168 2655/263/168 2657/262/168
f 2657/262/168 2656/265/168 2658/291/168
f 2658/291/168 2660/268/168 2659/266/168
f 2659/266/168 2652/277/168 2654/276/168
f 2654/276/168 2653/278/168 2649/285/168
f 2649/285/168 2651/273/168 2650/271/168
f 2650/271/168 2657/262/168 2658/291/168
f 2658/291/168 2659/266/168 2654/276/168
f 2654/276/168 2649/285/168 2650/271/168
f 1926/182/170 1919/182/170 2663/182/170
f 2663/182/170 2662/182/170 1928/182/170
f 1919/182/170 1921/175/170 1922/184/170
f 1922/184/170 2661/315/170 2663/312/170
f 2665/204/179 1927/204/179 1928/205/179
f 2666/279/277 2661/280/277 1922/184/277
f 1927/204/191 2665/204/191 2667/204/191
f 2667/204/191 1920/204/191 1925/204/191
f 1923/200/191 1920/204/191 2667/313/191
f 2667/313/191 2666/316/191 1924/199/191
f 2687/263/273 2682/271/273 2669/272/273
f 2676/311/172 2669/339/172 2671/323/172
f 2671/323/172 2670/340/172 2672/310/172
f 2672/310/172 2674/341/172 2673/322/172
f 2673/322/172 2678/342/172 2680/270/172
f 2680/270/172 2679/281/172 2675/282/172
f 2675/282/172 2677/264/172 2676/311/172
f 2676/311/172 2671/323/172 2672/310/172
f 2672/310/172 2673/322/172 2680/270/172
f 2680/270/172 2675/282/172 2676/311/172
f 2685/278/274 2672/336/274 2670/274/274
f 2678/267/275 2673/275/275 2684/277/275
f 2679/281/276 2690/291/276 2688/265/276
f 2682/271/168 2687/263/168 2689/262/168
f 2689/262/168 2688/265/168 2690/291/168
f 2690/291/168 2692/268/168 2691/266/168
f 2691/266/168 2684/277/168 2686/276/168
f 2686/276/168 2685/278/168 2681/285/168
f 2681/285/168 2683/273/168 2682/271/168
f 2682/271/168 2689/262/168 2690/291/168
f 2690/291/168 2691/266/168 2686/276/168
f 2686/276/168 2681/285/168 2682/271/168
f 2694/272/278 2705/271/278 2712/263/278
f 2697/310/172 2693/340/172 2695/323/172
f 2695/323/172 2694/339/172 2699/311/172
f 2699/311/172 2701/264/172 2700/282/172
f 2700/282/172 2702/281/172 2704/284/172
f 2704/284/172 2703/342/172 2696/322/172
f 2696/322/172 2698/343/172 2697/310/172
f 2697/310/172 2695/323/172 2699/311/172
f 2699/311/172 2700/282/172 2704/284/172
f 2704/284/172 2696/322/172 2697/310/172
f 2693/274/279 2697/287/279 2708/289/279
f 2709/277/280 2696/275/280 2703/267/280
f 2711/265/281 2715/283/281 2702/281/281
f 2715/283/168 2711/265/168 2713/262/168
f 2713/262/168 2712/263/168 2705/271/168
f 2705/271/168 2707/286/168 2706/285/168
f 2706/285/168 2708/289/168 2710/288/168
f 2710/288/168 2709/277/168 2714/266/168
f 2714/266/168 2716/268/168 2715/283/168
f 2715/283/168 2713/262/168 2705/271/168
f 2705/271/168 2706/285/168 2710/288/168
f 2710/288/168 2714/266/168 2715/283/168
f 2719/182/191 2240/182/191 2247/182/191
f 2247/182/191 2249/182/191 2717/182/191
f 2243/184/277 2718/290/277 2721/314/277
f 2243/184/191 2242/175/191 2240/182/191
f 2240/182/191 2719/324/191 2718/315/191
f 2249/205/179 2248/204/179 2722/204/179
f 2723/317/170 2241/204/170 2244/200/170
f 2244/200/170 2245/199/170 2721/316/170
f 2241/204/170 2723/204/170 2722/204/170
f 2722/204/170 2248/204/170 2246/204/170
f 2726/272/278 2737/271/278 2744/263/278
f 2729/310/172 2725/340/172 2727/323/172
f 2727/323/172 2726/339/172 2731/311/172
f 2731/311/172 2733/264/172 2732/282/172
f 2732/282/172 2734/281/172 2736/284/172
f 2736/284/172 2735/342/172 2728/322/172
f 2728/322/172 2730/343/172 2729/310/172
f 2729/310/172 2727/323/172 2731/311/172
f 2731/311/172 2732/282/172 2736/284/172
f 2736/284/172 2728/322/172 2729/310/172
f 2725/274/279 2729/287/279 2740/289/279
f 2741/277/280 2728/275/280 2735/267/280
f 2743/265/281 2747/291/281 2734/281/281
f 2747/291/168 2743/265/168 2745/262/168
f 2745/262/168 2744/263/168 2737/271/168
f 2737/271/168 2739/286/168 2738/285/168
f 2738/285/168 2740/289/168 2742/288/168
f 2742/288/168 2741/277/168 2746/266/168
f 2746/266/168 2748/268/168 2747/291/168
f 2747/291/168 2745/262/168 2737/271/168
f 2737/271/168 2738/285/168 2742/288/168
f 2742/288/168 2746/266/168 2747/291/168
f 2750/304/282 2761/271/282 2768/295/282
f 2753/320/172 2749/344/172 2751/326/172
f 2751/326/172 2750/339/172 2755/319/172
f 2755/319/172 2757/337/172 2756/292/172
f 2756/292/172 2758/298/172 2760/297/172
f 2760/297/172 2759/345/172 2752/325/172
f 2752/325/172 2754/346/172 2753/320/172
f 2753/320/172 2751/326/172 2755/319/172
f 2755/319/172 2756/292/172 2760/297/172
f 2760/297/172 2752/325/172 2753/320/172
f 2749/302/286 2753/305/286 2764/307/286
f 2765/308/284 2752/338/284 2759/300/284
f 2767/294/323 2771/296/323 2758/298/323
f 2771/296/168 2767/294/168 2769/293/168
f 2769/293/168 2768/295/168 2761/271/168
f 2761/271/168 2763/303/168 2762/301/168
f 2762/301/168 2764/307/168 2766/306/168
f 2766/306/168 2765/308/168 2770/321/168
f 2770/321/168 2772/299/168 2771/296/168
f 2771/296/168 2769/293/168 2761/271/168
f 2761/271/168 2762/301/168 2766/306/168
f 2766/306/168 2770/321/168 2771/296/168
f 2774/304/282 2785/271/282 2792/295/282
f 2777/320/172 2773/344/172 2775/326/172
f 2775/326/172 2774/339/172 2779/319/172
f 2779/319/172 2781/337/172 2780/292/172
f 2780/292/172 2782/309/172 2784/297/172
f 2784/297/172 2783/345/172 2776/325/172
f 2776/325/172 2778/346/172 2777/320/172
f 2777/320/172 2775/326/172 2779/319/172
f 2779/319/172 2780/292/172 2784/297/172
f 2784/297/172 2776/325/172 2777/320/172
f 2773/302/286 2777/305/286 2788/307/286
f 2789/308/284 2776/338/284 2783/300/284
f 2791/294/285 2795/296/285 2782/309/285
f 2795/296/168 2791/294/168 2793/293/168
f 2793/293/168 2792/295/168 2785/271/168
f 2785/271/168 2787/303/168 2786/301/168
f 2786/301/168 2788/307/168 2790/306/168
f 2790/306/168 2789/308/168 2794/321/168
f 2794/321/168 2796/299/168 2795/296/168
f 2795/296/168 2793/293/168 2785/271/168
f 2785/271/168 2786/301/168 2790/306/168
f 2790/306/168 2794/321/168 2795/296/168
f 2799/175/172 2800/184/172 2830/174/172
f 3084/178/169 2798/237/169 2828/177/169
f 3083/180/170 2797/182/170 2798/181/170
f 2830/174/169 2800/184/169 3085/183/169
f 2934/186/172 2804/184/172 2808/185/172
f 2933/188/170 2802/181/170 2804/184/170
f 2801/190/171 2803/175/171 2807/189/171
f 2812/193/168 2811/192/168 2802/192/168
f 2808/185/169 2806/196/169 2824/177/169
f 2805/191/171 2807/189/171 2825/176/171
f 2935/187/172 2808/185/172 2826/174/172
f 2896/182/170 2937/188/170 2933/188/170
f 2810/184/169 2811/237/169 2812/196/169
f 2809/185/173 2812/196/173 2806/196/173
f 2810/184/172 2809/185/172 2808/185/172
f 2811/181/174 2810/184/174 2804/184/174
f 2819/188/175 2814/181/175 2817/184/175
f 2813/190/171 2816/175/171 2818/200/171
f 2817/184/169 2814/237/169 2820/202/169
f 2813/182/176 2819/188/176 2822/186/176
f 2816/175/172 2822/186/172 2821/203/172
f 2818/200/177 2821/203/177 2820/198/177
f 2813/205/168 2815/204/168 2820/198/168
f 2897/192/287 2899/193/287 2806/193/287
f 2827/206/288 2828/327/288 2798/192/288
f 2864/209/187 2838/208/187 2836/238/187
f 2865/210/186 2840/211/186 2838/208/186
f 2866/212/185 2842/181/185 2840/211/185
f 2867/213/184 2844/188/184 2842/181/184
f 2868/214/183 2846/182/183 2844/188/183
f 2869/215/182 2848/219/182 2846/182/182
f 2836/258/170 2838/328/170 2840/218/170
f 2840/218/170 2842/331/170 2844/217/170
f 2844/217/170 2846/330/170 2848/216/170
f 2848/216/170 2850/329/170 2836/258/170
f 2836/258/170 2840/218/170 2844/217/170
f 2870/220/181 2850/235/181 2848/219/181
f 2870/220/180 2863/222/180 2836/221/180
f 2851/190/289 2853/175/289 2855/200/289
f 2857/201/290 2858/190/290 2851/190/290
f 2859/201/171 2860/190/171 2858/190/171
f 2861/199/324 2862/184/324 2854/184/324
f 2869/215/170 2883/215/170 2885/220/170
f 2845/223/191 2880/223/191 2878/223/191
f 2870/220/170 2885/220/170 2886/222/170
f 2886/207/170 2873/209/170 2864/209/170
f 2884/223/191 2882/223/191 2847/223/191
f 2839/223/191 2874/223/191 2872/223/191
f 2873/209/170 2875/210/170 2865/210/170
f 2865/210/170 2875/210/170 2877/212/170
f 2871/224/180 2886/222/180 2885/220/180
f 2884/201/181 2885/220/181 2883/215/181
f 2882/225/182 2883/215/182 2881/214/182
f 2880/200/183 2881/214/183 2879/213/183
f 2878/203/184 2879/213/184 2877/212/184
f 2876/199/185 2877/212/185 2875/210/185
f 2874/226/186 2875/210/186 2873/209/186
f 2872/202/187 2873/209/187 2886/207/187
f 2876/223/191 2874/223/191 2839/223/191
f 2871/223/191 2884/223/191 2849/223/191
f 2881/214/170 2883/215/170 2869/215/170
f 2837/223/191 2872/223/191 2871/223/191
f 2879/213/170 2881/214/170 2868/214/170
f 2847/223/191 2882/223/191 2880/223/191
f 2866/212/170 2877/212/170 2879/213/170
f 2878/223/191 2876/223/191 2841/223/191
f 2892/223/191 2890/223/191 2833/223/191
f 2888/223/191 2892/223/191 2831/223/191
f 2892/206/168 2888/327/168 2887/228/168
f 2894/230/169 2887/260/169 2888/177/169
f 2892/194/171 2893/232/171 2889/231/171
f 2889/231/172 2894/230/172 2891/174/172
f 2890/223/191 2891/223/191 2834/223/191
f 2891/223/191 2888/223/191 2832/223/191
f 2938/233/168 2899/193/168 2897/192/168
f 2939/234/168 2900/327/168 2899/193/168
f 2933/188/170 2937/188/170 2897/181/170
f 2899/196/287 2900/177/287 2824/177/287
f 2898/194/171 2895/191/171 2805/191/171
f 2895/191/171 2896/190/171 2801/190/171
f 2921/182/172 2924/181/172 2927/181/172
f 2904/224/192 2903/221/192 2918/235/192
f 2923/202/168 2922/199/168 2932/199/168
f 2917/201/193 2918/235/193 2916/219/193
f 3043/199/171 3045/199/171 2921/199/171
f 2915/225/194 2916/219/194 2914/182/194
f 2927/204/169 2931/236/169 2929/192/169
f 2913/200/195 2914/182/195 2912/188/195
f 2932/200/171 2928/199/171 2926/236/171
f 2911/203/196 2912/188/196 2910/181/196
f 2924/204/169 2923/236/169 2931/236/169
f 2909/199/197 2910/181/197 2908/211/197
f 3048/205/169 3046/204/169 2927/204/169
f 3053/184/168 3052/237/168 2929/237/168
f 2905/202/198 2906/208/198 2903/238/198
f 2930/184/168 2929/237/168 2931/202/168
f 2907/226/199 2908/211/199 2906/208/199
f 2905/259/168 2904/332/168 2917/241/168
f 2917/241/168 2915/335/168 2913/240/168
f 2913/240/168 2911/334/168 2909/239/168
f 2909/239/168 2907/333/168 2905/259/168
f 2905/259/168 2917/241/168 2913/240/168
f 2944/223/191 2942/223/191 2898/223/191
f 2896/182/170 2941/182/170 2945/188/170
f 2807/189/172 2935/187/172 2936/195/172
f 2801/182/170 2933/188/170 2934/186/170
f 2803/175/172 2934/186/172 2935/187/172
f 2942/242/168 2944/234/168 2943/233/168
f 2940/243/168 2943/233/168 2945/197/168
f 2945/197/292 2943/233/292 2938/233/292
f 2942/194/171 2940/191/171 2895/191/171
f 2940/191/171 2941/190/171 2896/190/171
f 2943/233/292 2944/234/292 2939/234/292
f 2961/245/170 2958/244/170 2955/244/170
f 2952/200/191 2953/199/191 2949/236/191
f 2946/182/170 2947/181/170 2951/184/170
f 2954/246/171 2946/190/171 2950/175/171
f 2951/184/169 2947/237/169 2955/247/169
f 2957/248/169 2955/247/169 2949/202/169
f 2948/201/171 2954/246/171 2956/249/171
f 2954/245/168 2955/244/168 2947/192/168
f 2960/204/168 2959/236/168 2958/244/168
f 2959/236/191 2960/204/191 2948/204/191
f 2960/201/171 2961/246/171 2954/246/171
f 2958/247/169 2959/202/169 2949/202/169
f 2963/224/192 2962/221/192 2977/235/192
f 2976/201/193 2977/235/193 2975/219/193
f 2974/225/194 2975/219/194 2973/182/194
f 2972/200/195 2973/182/195 2971/188/195
f 2970/203/196 2971/188/196 2969/181/196
f 2968/199/197 2969/181/197 2967/211/197
f 2964/202/198 2965/208/198 2962/238/198
f 2966/226/199 2967/211/199 2965/208/199
f 2964/259/168 2963/332/168 2976/241/168
f 2976/241/168 2974/335/168 2972/240/168
f 2972/240/168 2970/334/168 2968/239/168
f 2968/239/168 2966/333/168 2964/259/168
f 2964/259/168 2976/241/168 2972/240/168
f 2991/259/168 2992/332/168 2979/241/168
f 2979/241/168 2981/335/168 2983/240/168
f 2983/240/168 2985/334/168 2987/239/168
f 2987/239/168 2989/333/168 2991/259/168
f 2991/259/168 2979/241/168 2983/240/168
f 2989/226/199 2988/211/199 2990/208/199
f 2991/202/198 2990/208/198 2993/238/198
f 2987/199/197 2986/181/197 2988/211/197
f 2985/203/196 2984/188/196 2986/181/196
f 2983/200/195 2982/182/195 2984/188/195
f 2981/225/194 2980/219/194 2982/182/194
f 2979/201/193 2978/235/193 2980/219/193
f 2992/224/192 2993/221/192 2978/235/192
f 3007/259/168 3008/332/168 2995/241/168
f 2995/241/168 2997/335/168 2999/240/168
f 2999/240/168 3001/334/168 3003/239/168
f 3003/239/168 3005/333/168 3007/259/168
f 3007/259/168 2995/241/168 2999/240/168
f 3005/226/199 3004/211/199 3006/208/199
f 3007/202/198 3006/208/198 3009/238/198
f 3003/199/197 3002/181/197 3004/211/197
f 3001/203/196 3000/188/196 3002/181/196
f 2999/200/195 2998/182/195 3000/188/195
f 2997/225/194 2996/219/194 2998/182/194
f 2995/201/193 2994/235/193 2996/219/193
f 3008/224/192 3009/221/192 2994/235/192
f 3011/224/192 3010/221/192 3025/235/192
f 3024/201/193 3025/235/193 3023/219/193
f 3022/225/194 3023/219/194 3021/182/194
f 3020/200/195 3021/182/195 3019/188/195
f 3018/203/196 3019/188/196 3017/181/196
f 3016/199/197 3017/181/197 3015/211/197
f 3012/202/198 3013/208/198 3010/238/198
f 3014/226/199 3015/211/199 3013/208/199
f 3012/259/168 3011/332/168 3024/241/168
f 3024/241/168 3022/335/168 3020/240/168
f 3020/240/168 3018/334/168 3016/239/168
f 3016/239/168 3014/333/168 3012/259/168
f 3012/259/168 3024/241/168 3020/240/168
f 3039/259/168 3040/332/168 3027/241/168
f 3027/241/168 3029/335/168 3031/240/168
f 3031/240/168 3033/334/168 3035/239/168
f 3035/239/168 3037/333/168 3039/259/168
f 3039/259/168 3027/241/168 3031/240/168
f 3037/226/199 3036/211/199 3038/208/199
f 3039/202/198 3038/208/198 3041/238/198
f 3035/199/197 3034/181/197 3036/211/197
f 3033/203/196 3032/188/196 3034/181/196
f 3031/200/195 3030/182/195 3032/188/195
f 3029/225/194 3028/219/194 3030/182/194
f 3027/201/193 3026/235/193 3028/219/193
f 3040/224/192 3041/221/192 3026/235/192
f 2922/200/171 2921/199/171 2928/199/171
f 2920/175/170 2919/184/170 2902/199/170
f 2919/202/168 2920/199/168 2922/199/168
f 2902/204/169 2919/236/169 2923/236/169
f 2920/200/171 2901/199/171 2921/199/171
f 3043/182/172 3042/181/172 3044/181/172
f 3047/182/172 3046/181/172 3048/184/172
f 3046/181/170 3047/182/170 2928/182/170
f 3045/182/191 3044/181/191 2924/181/191
f 3047/199/171 3049/236/171 2926/236/171
f 3042/199/170 3043/200/170 2901/200/170
f 3044/204/169 3042/204/169 2902/204/169
f 3049/190/191 3048/175/191 2925/175/191
f 3051/190/191 3050/175/191 3052/200/191
f 3052/192/169 3050/205/169 2925/205/169
f 3051/236/171 3053/204/171 2930/204/171
f 3050/175/172 3051/190/172 2926/190/172
f 3056/204/293 3057/236/293 3055/192/293
f 3062/182/170 3063/181/170 3067/184/170
f 3064/204/293 3065/236/293 3063/192/293
f 3054/182/170 3055/181/170 3059/184/170
f 3054/190/171 3058/175/171 3060/200/171
f 3061/199/169 3059/184/169 3055/237/169
f 3062/190/171 3066/175/171 3068/200/171
f 3069/199/169 3067/184/169 3063/237/169
f 3070/182/170 3071/181/170 3075/184/170
f 3072/204/293 3073/236/293 3071/192/293
f 3070/190/171 3074/175/171 3076/200/171
f 3077/199/169 3075/184/169 3071/237/169
f 3081/250/325 3078/183/325 3079/178/325
f 3082/251/171 2799/175/171 2829/176/171
f 2827/194/171 2797/190/171 3083/253/171
f 3082/254/326 3092/254/326 3078/255/326
f 3081/223/170 3080/223/170 3086/223/170
f 3090/223/170 3091/223/170 3088/223/170
f 2799/175/170 3082/254/170 3085/255/170
f 3090/256/327 3093/253/327 3092/251/327
f 3079/257/328 3078/255/328 3092/254/328
f 3093/253/172 3090/256/172 3089/256/172
f 3088/252/168 3091/252/168 3092/251/168
f 3078/183/168 3081/250/168 3087/250/168
f 3086/179/172 3080/179/172 3079/178/172
f 3084/257/329 3079/257/329 3093/180/329
f 3119/208/198 3118/238/198 3109/238/198
f 3124/219/194 3123/182/194 3099/182/194
f 3122/188/196 3121/181/196 3103/181/196
f 3099/182/195 3123/182/195 3122/188/195
f 3118/221/192 3125/235/192 3094/235/192
f 3121/181/197 3120/211/197 3104/211/197
f 3120/211/199 3119/208/199 3106/208/199
f 3106/259/168 3109/332/168 3094/241/168
f 3094/241/168 3097/335/168 3099/240/168
f 3099/240/168 3101/334/168 3103/239/168
f 3103/239/168 3104/333/168 3106/259/168
f 3106/259/168 3094/241/168 3099/240/168
f 3096/259/168 3095/332/168 3108/241/168
f 3108/241/168 3107/335/168 3105/240/168
f 3105/240/168 3102/334/168 3100/239/168
f 3100/239/168 3098/333/168 3096/259/168
f 3096/259/168 3108/241/168 3105/240/168
f 3098/211/199 3112/211/199 3111/208/199
f 3113/181/197 3112/211/197 3098/211/197
f 3110/221/192 3117/235/192 3108/235/192
f 3105/182/195 3115/182/195 3114/188/195
f 3114/188/196 3113/181/196 3100/181/196
f 3116/219/194 3115/182/194 3105/182/194
f 3111/208/198 3110/238/198 3095/238/198
f 3117/235/193 3116/219/193 3107/219/193
f 3114/188/172 3115/182/172 3116/219/172
f 3116/219/172 3117/235/172 3110/221/172
f 3110/221/172 3111/208/172 3112/211/172
f 3112/211/172 3113/181/172 3114/188/172
f 3114/188/172 3116/219/172 3110/221/172
f 3125/235/193 3124/219/193 3097/219/193
f 3122/188/172 3123/182/172 3124/219/172
f 3124/219/172 3125/235/172 3118/221/172
f 3118/221/172 3119/208/172 3120/211/172
f 3120/211/172 3121/181/172 3122/188/172
f 3122/188/172 3124/219/172 3118/221/172
f 3127/192/168 3131/192/168 3130/205/168
f 3128/175/172 3129/184/172 3135/230/172
f 3126/190/171 3128/175/171 3137/231/171
f 3135/230/169 3129/184/169 3127/237/169
f 3130/182/170 3131/181/170 3132/184/170
f 3130/190/208 3133/175/208 3128/175/208
f 3132/184/209 3131/237/209 3127/237/209
f 3133/175/172 3132/184/172 3129/184/172
f 3134/229/168 3136/228/168 3127/192/168
f 2894/230/170 2889/231/170 2893/232/170
f 2830/174/172 3141/184/172 3140/175/172
f 2828/177/169 3139/237/169 3385/178/169
f 3384/180/191 3385/257/191 3139/181/191
f 2830/174/169 3087/250/169 3386/183/169
f 3149/185/172 3145/184/172 3241/186/172
f 3145/184/191 3143/181/191 3240/188/191
f 3148/189/171 3144/175/171 3142/190/171
f 3143/192/168 3152/192/168 3153/193/168
f 2824/177/169 3147/196/169 3149/185/169
f 2825/176/171 3148/189/171 3146/191/171
f 2826/174/172 3149/185/172 3242/187/172
f 3240/188/191 3243/188/191 3205/182/191
f 3153/196/169 3152/237/169 3151/184/169
f 3147/196/174 3153/196/174 3150/185/174
f 3149/185/172 3150/185/172 3151/184/172
f 3145/184/173 3151/184/173 3152/181/173
f 3158/184/210 3155/181/210 3160/188/210
f 3159/200/171 3157/175/171 3154/190/171
f 3161/202/169 3155/237/169 3158/184/169
f 3163/186/211 3160/188/211 3154/182/211
f 3162/203/172 3163/186/172 3157/175/172
f 3161/198/212 3162/203/212 3159/200/212
f 3154/205/168 3160/197/168 3161/198/168
f 3147/193/287 3207/193/287 3206/192/287
f 3139/192/288 2828/327/288 2827/206/288
f 3184/207/187 3164/238/187 3165/208/187
f 3165/208/186 3166/211/186 3186/210/186
f 3166/211/185 3167/181/185 3187/212/185
f 3167/181/184 3168/188/184 3188/213/184
f 3168/188/183 3169/182/183 3189/214/183
f 3169/182/182 3170/219/182 3190/215/182
f 3166/218/191 3165/328/191 3164/258/191
f 3164/258/191 3171/329/191 3170/216/191
f 3170/216/191 3169/330/191 3168/217/191
f 3168/217/191 3167/331/191 3166/218/191
f 3166/218/191 3164/258/191 3170/216/191
f 3170/219/181 3171/235/181 3191/220/181
f 3191/220/180 3171/235/180 3164/221/180
f 3176/200/289 3174/175/289 3172/190/289
f 3172/190/290 3179/190/290 3178/201/290
f 3179/190/171 3181/190/171 3180/201/171
f 3175/184/324 3183/184/324 3182/199/324
f 3190/215/191 3191/220/191 3198/220/191
f 3191/220/191 3184/222/191 3199/222/191
f 3185/209/191 3192/209/191 3199/207/191
f 3186/210/191 3193/210/191 3192/209/191
f 3186/210/191 3187/212/191 3194/212/191
f 3198/220/180 3199/222/180 2871/224/180
f 3197/215/181 3198/220/181 2884/201/181
f 3196/214/182 3197/215/182 2882/225/182
f 3195/213/183 3196/214/183 2880/200/183
f 3194/212/184 3195/213/184 2878/203/184
f 3193/210/185 3194/212/185 2876/199/185
f 3192/209/186 3193/210/186 2874/226/186
f 3199/207/187 3192/209/187 2872/202/187
f 3190/215/191 3197/215/191 3196/214/191
f 3189/214/191 3196/214/191 3195/213/191
f 3187/212/191 3188/213/191 3195/213/191
f 3200/228/168 2888/327/168 2892/206/168
f 2888/177/169 3200/260/169 3203/230/169
f 2892/194/171 2890/176/171 3201/231/171
f 2891/174/172 3203/230/172 3201/231/172
f 3206/192/168 3207/193/168 3244/233/168
f 3207/193/168 2900/327/168 2939/234/168
f 3240/188/191 3143/181/191 3206/181/191
f 2824/177/287 2900/177/287 3207/196/287
f 3146/191/171 3204/191/171 2898/194/171
f 3142/190/171 3205/190/171 3204/191/171
f 3234/181/172 3231/181/172 3228/182/172
f 3225/235/195 3210/221/195 3211/224/195
f 3239/199/168 3229/199/168 3230/202/168
f 3223/219/194 3225/235/194 3224/201/194
f 3228/199/171 3348/199/171 3346/199/171
f 3221/182/193 3223/219/193 3222/225/193
f 3236/192/169 3238/236/169 3234/204/169
f 3219/188/192 3221/182/192 3220/200/192
f 3233/236/171 3235/199/171 3239/200/171
f 3217/181/198 3219/188/198 3218/203/198
f 3238/236/169 3230/236/169 3231/204/169
f 3215/211/199 3217/181/199 3216/199/199
f 3234/204/169 3349/204/169 3351/205/169
f 3236/237/168 3355/237/168 3356/184/168
f 3210/238/196 3213/208/196 3212/202/196
f 3238/202/168 3236/237/168 3237/184/168
f 3213/208/197 3215/211/197 3214/226/197
f 3224/241/168 3211/332/168 3212/259/168
f 3212/259/168 3214/333/168 3216/239/168
f 3216/239/168 3218/334/168 3220/240/168
f 3220/240/168 3222/335/168 3224/241/168
f 3224/241/168 3212/259/168 3216/239/168
f 3205/182/191 3243/188/191 3248/188/191
f 2936/195/172 3242/187/172 3148/189/172
f 3241/186/191 3240/188/191 3142/182/191
f 3242/187/172 3241/186/172 3144/175/172
f 3247/233/168 2944/234/168 2942/242/168
f 3248/197/168 3247/233/168 3245/243/168
f 3244/233/292 3247/233/292 3248/197/292
f 3204/191/171 3245/191/171 2942/194/171
f 3205/190/171 3246/190/171 3245/191/171
f 2939/234/292 2944/234/292 3247/233/292
f 3258/244/191 3261/244/191 3264/245/191
f 3252/236/170 3256/199/170 3255/200/170
f 3254/184/191 3250/181/191 3249/182/191
f 3257/246/171 3259/249/171 3253/175/171
f 3258/247/169 3250/237/169 3254/184/169
f 3252/202/169 3258/247/169 3260/248/169
f 3251/201/171 3255/200/171 3259/249/171
f 3250/192/168 3258/244/168 3257/245/168
f 3261/244/168 3262/236/168 3263/204/168
f 3251/204/170 3263/204/170 3262/236/170
f 3257/246/171 3264/246/171 3263/201/171
f 3252/202/169 3262/202/169 3261/247/169
f 3280/235/195 3265/221/195 3266/224/195
f 3278/219/194 3280/235/194 3279/201/194
f 3276/182/193 3278/219/193 3277/225/193
f 3274/188/192 3276/182/192 3275/200/192
f 3272/181/198 3274/188/198 3273/203/198
f 3270/211/199 3272/181/199 3271/199/199
f 3265/238/196 3268/208/196 3267/202/196
f 3268/208/197 3270/211/197 3269/226/197
f 3279/241/168 3266/332/168 3267/259/168
f 3267/259/168 3269/333/168 3271/239/168
f 3271/239/168 3273/334/168 3275/240/168
f 3275/240/168 3277/335/168 3279/241/168
f 3279/241/168 3267/259/168 3271/239/168
f 3282/241/168 3295/332/168 3294/259/168
f 3294/259/168 3292/333/168 3290/239/168
f 3290/239/168 3288/334/168 3286/240/168
f 3286/240/168 3284/335/168 3282/241/168
f 3282/241/168 3294/259/168 3290/239/168
f 3293/208/197 3291/211/197 3292/226/197
f 3296/238/196 3293/208/196 3294/202/196
f 3291/211/199 3289/181/199 3290/199/199
f 3289/181/198 3287/188/198 3288/203/198
f 3287/188/192 3285/182/192 3286/200/192
f 3285/182/193 3283/219/193 3284/225/193
f 3283/219/194 3281/235/194 3282/201/194
f 3281/235/195 3296/221/195 3295/224/195
f 3298/241/168 3311/332/168 3310/259/168
f 3310/259/168 3308/333/168 3306/239/168
f 3306/239/168 3304/334/168 3302/240/168
f 3302/240/168 3300/335/168 3298/241/168
f 3298/241/168 3310/259/168 3306/239/168
f 3309/208/197 3307/211/197 3308/226/197
f 3312/238/196 3309/208/196 3310/202/196
f 3307/211/199 3305/181/199 3306/199/199
f 3305/181/198 3303/188/198 3304/203/198
f 3303/188/192 3301/182/192 3302/200/192
f 3301/182/193 3299/219/193 3300/225/193
f 3299/219/194 3297/235/194 3298/201/194
f 3297/235/195 3312/221/195 3311/224/195
f 3328/235/195 3313/221/195 3314/224/195
f 3326/219/194 3328/235/194 3327/201/194
f 3324/182/193 3326/219/193 3325/225/193
f 3322/188/192 3324/182/192 3323/200/192
f 3320/181/198 3322/188/198 3321/203/198
f 3318/211/199 3320/181/199 3319/199/199
f 3313/238/196 3316/208/196 3315/202/196
f 3316/208/197 3318/211/197 3317/226/197
f 3327/241/168 3314/332/168 3315/259/168
f 3315/259/168 3317/333/168 3319/239/168
f 3319/239/168 3321/334/168 3323/240/168
f 3323/240/168 3325/335/168 3327/241/168
f 3327/241/168 3315/259/168 3319/239/168
f 3330/241/168 3343/332/168 3342/259/168
f 3342/259/168 3340/333/168 3338/239/168
f 3338/239/168 3336/334/168 3334/240/168
f 3334/240/168 3332/335/168 3330/241/168
f 3330/241/168 3342/259/168 3338/239/168
f 3341/208/197 3339/211/197 3340/226/197
f 3344/238/196 3341/208/196 3342/202/196
f 3339/211/199 3337/181/199 3338/199/199
f 3337/181/198 3335/188/198 3336/203/198
f 3335/188/192 3333/182/192 3334/200/192
f 3333/182/193 3331/219/193 3332/225/193
f 3331/219/194 3329/235/194 3330/201/194
f 3329/235/195 3344/221/195 3343/224/195
f 3235/199/171 3228/199/171 3229/200/171
f 3209/199/191 3226/184/191 3227/175/191
f 3229/199/168 3227/199/168 3226/202/168
f 3230/236/169 3226/236/169 3209/204/169
f 3228/199/171 3208/199/171 3227/200/171
f 3347/181/172 3345/181/172 3346/182/172
f 3351/184/172 3349/181/172 3350/182/172
f 3235/182/191 3350/182/191 3349/181/191
f 3231/181/170 3347/181/170 3348/182/170
f 3233/236/171 3352/236/171 3350/199/171
f 3208/200/191 3346/200/191 3345/199/191
f 3209/204/169 3345/204/169 3347/204/169
f 3232/175/170 3351/175/170 3352/190/170
f 3355/200/170 3353/175/170 3354/190/170
f 3232/205/169 3353/205/169 3355/192/169
f 3237/204/171 3356/204/171 3354/236/171
f 3233/190/172 3354/190/172 3353/175/172
f 3358/192/298 3360/236/298 3359/204/298
f 3370/184/191 3366/181/191 3365/182/191
f 3366/192/298 3368/236/298 3367/204/298
f 3362/184/191 3358/181/191 3357/182/191
f 3363/200/171 3361/175/171 3357/190/171
f 3364/199/169 3360/202/169 3358/237/169
f 3371/200/171 3369/175/171 3365/190/171
f 3372/199/169 3368/202/169 3366/237/169
f 3378/184/191 3374/181/191 3373/182/191
f 3374/192/298 3376/236/298 3375/204/298
f 3379/200/171 3377/175/171 3373/190/171
f 3380/199/169 3376/202/169 3374/237/169
f 3382/178/330 3381/183/330 3081/250/330
f 2829/176/171 3140/175/171 3383/251/171
f 2827/194/171 3089/256/171 3384/253/171
f 3383/254/331 3386/255/331 3381/255/331
f 3140/175/191 3141/184/191 3386/255/191
f 3387/251/332 3388/253/332 3090/256/332
f 3382/257/333 3388/180/333 3387/254/333
f 3089/256/172 3090/256/172 3388/253/172
f 3088/252/168 3383/251/168 3387/251/168
f 3087/250/168 3081/250/168 3381/183/168
f 3086/179/172 3385/178/172 3382/178/172
f 3385/257/334 3384/180/334 3388/180/334
f 3404/238/196 3413/238/196 3414/208/196
f 3394/182/193 3418/182/193 3419/219/193
f 3398/181/198 3416/181/198 3417/188/198
f 3394/182/192 3396/188/192 3417/188/192
f 3389/235/195 3420/235/195 3413/221/195
f 3399/211/199 3415/211/199 3416/181/199
f 3401/208/197 3414/208/197 3415/211/197
f 3389/241/168 3404/332/168 3401/259/168
f 3401/259/168 3399/333/168 3398/239/168
f 3398/239/168 3396/334/168 3394/240/168
f 3394/240/168 3392/335/168 3389/241/168
f 3389/241/168 3401/259/168 3398/239/168
f 3403/241/168 3390/332/168 3391/259/168
f 3391/259/168 3393/333/168 3395/239/168
f 3395/239/168 3397/334/168 3400/240/168
f 3400/240/168 3402/335/168 3403/241/168
f 3403/241/168 3391/259/168 3395/239/168
f 3393/211/197 3391/208/197 3406/208/197
f 3393/211/199 3407/211/199 3408/181/199
f 3403/235/195 3412/235/195 3405/221/195
f 3400/182/192 3397/188/192 3409/188/192
f 3395/181/198 3408/181/198 3409/188/198
f 3400/182/193 3410/182/193 3411/219/193
f 3390/238/196 3405/238/196 3406/208/196
f 3402/219/194 3411/219/194 3412/235/194
f 3411/219/172 3410/182/172 3409/188/172
f 3409/188/172 3408/181/172 3407/211/172
f 3407/211/172 3406/208/172 3405/221/172
f 3405/221/172 3412/235/172 3411/219/172
f 3411/219/172 3409/188/172 3407/211/172
f 3392/219/194 3419/219/194 3420/235/194
f 3419/219/172 3418/182/172 3417/188/172
f 3417/188/172 3416/181/172 3415/211/172
f 3415/211/172 3414/208/172 3413/221/172
f 3413/221/172 3420/235/172 3419/219/172
f 3419/219/172 3417/188/172 3415/211/172
f 3422/192/168 3421/205/168 3425/205/168
f 3430/230/172 3424/184/172 3423/175/172
f 3432/231/171 3423/175/171 3421/190/171
f 3430/230/169 3431/260/169 3422/237/169
f 3427/184/191 3426/181/191 3425/182/191
f 3423/175/220 3428/175/220 3425/190/220
f 3422/237/221 3426/237/221 3427/184/221
f 3424/184/172 3427/184/172 3428/175/172
f 3422/192/168 3431/228/168 3429/229/168
f 3202/232/191 3201/231/191 3203/230/191
f 3454/223/222 3453/223/222 3470/223/222
f 3456/223/223 3455/223/223 3466/223/223
f 3453/223/224 3452/223/224 3464/223/224
f 3455/223/225 3454/223/225 3471/223/225
f 3480/223/226 3464/223/226 3452/223/226
f 3487/223/172 3459/223/172 3500/223/172
f 3451/223/168 3492/223/168 3495/223/168
f 3449/223/227 3508/223/227 3507/223/227
f 3461/223/228 3512/223/228 3511/223/228
f 3467/223/229 3481/223/229 3474/223/229
f 3453/223/172 3476/223/172 3477/223/172
f 3441/223/168 3483/223/168 3448/223/168
f 3454/223/172 3475/223/172 3476/223/172
f 3441/223/168 3442/223/168 3482/223/168
f 3454/223/172 3455/223/172 3473/223/172
f 3439/223/168 3450/223/168 3479/223/168
f 3468/223/229 3478/223/229 3481/223/229
f 3486/223/226 3463/223/226 3464/223/226
f 3438/223/229 3479/223/229 3478/223/229
f 3455/223/172 3456/223/172 3474/223/172
f 3440/223/168 3448/223/168 3450/223/168
f 3482/223/226 3442/223/226 3463/223/226
f 3487/223/172 3493/223/172 3502/223/172
f 3445/223/230 3489/223/230 3490/223/230
f 3434/223/172 3496/223/172 3506/223/172
f 3486/223/231 3480/223/231 3443/223/231
f 3485/223/168 3499/223/168 3508/223/168
f 3478/223/232 3488/223/232 3490/223/232
f 3460/223/168 3497/223/168 3510/223/168
f 3445/223/233 3491/223/233 3443/223/233
f 3465/223/225 3472/223/225 3440/223/225
f 3466/223/225 3471/223/225 3472/223/225
f 3469/223/224 3463/223/224 3442/223/224
f 3470/223/224 3464/223/224 3463/223/224
f 3468/223/223 3465/223/223 3439/223/223
f 3468/223/223 3467/223/223 3466/223/223
f 3440/223/222 3472/223/222 3469/223/222
f 3472/223/222 3471/223/222 3470/223/222
f 3435/223/232 3436/223/232 3473/223/232
f 3433/223/230 3475/223/230 3473/223/230
f 3434/223/233 3476/223/233 3475/223/233
f 3437/223/231 3477/223/231 3476/223/231
f 3458/223/232 3478/223/232 3479/223/232
f 3462/223/231 3480/223/231 3477/223/231
f 3435/223/232 3474/223/232 3481/223/232
f 3446/223/231 3447/223/231 3483/223/231
f 3484/223/233 3448/223/233 3483/223/233
f 3485/223/230 3450/223/230 3448/223/230
f 3449/223/232 3479/223/232 3450/223/232
f 3446/223/231 3482/223/231 3486/223/231
f 3487/223/230 3445/223/230 3488/223/230
f 3460/223/230 3490/223/230 3489/223/230
f 3461/223/231 3486/223/231 3491/223/231
f 3462/223/231 3492/223/231 3443/223/231
f 3458/223/232 3459/223/232 3488/223/232
f 3457/223/234 3481/223/234 3490/223/234
f 3487/223/233 3444/223/233 3491/223/233
f 3451/223/233 3489/223/233 3443/223/233
f 3495/223/233 3496/223/233 3503/223/233
f 3497/223/235 3498/223/235 3505/223/235
f 3509/223/236 3506/223/236 3496/223/236
f 3504/223/319 3503/223/319 3498/223/319
f 3494/223/320 3493/223/320 3500/223/320
f 3511/223/236 3512/223/236 3502/223/236
f 3499/223/235 3500/223/235 3507/223/235
f 3494/223/233 3501/223/233 3502/223/233
f 3437/223/228 3506/223/228 3509/223/228
f 3451/223/168 3504/223/168 3497/223/168
f 3457/223/227 3510/223/227 3505/223/227
f 3444/223/172 3502/223/172 3512/223/172
f 3447/223/168 3446/223/168 3511/223/168
f 3436/223/172 3435/223/172 3505/223/172
f 3492/223/168 3462/223/168 3509/223/168
f 3484/223/168 3447/223/168 3501/223/168
f 3433/223/172 3436/223/172 3498/223/172
f 3459/223/172 3458/223/172 3507/223/172
f 3484/223/168 3494/223/168 3499/223/168
f 3433/223/172 3503/223/172 3496/223/172
f 3520/238/196 3521/238/196 3522/208/196
f 3515/182/193 3526/182/193 3527/219/193
f 3517/181/198 3524/181/198 3525/188/198
f 3515/182/192 3516/188/192 3525/188/192
f 3513/235/195 3528/235/195 3521/221/195
f 3518/211/199 3523/211/199 3524/181/199
f 3519/208/197 3522/208/197 3523/211/197
f 3513/241/168 3520/332/168 3519/259/168
f 3519/259/168 3518/333/168 3517/239/168
f 3517/239/168 3516/334/168 3515/240/168
f 3515/240/168 3514/335/168 3513/241/168
f 3513/241/168 3519/259/168 3517/239/168
f 3514/219/194 3527/219/194 3528/235/194
f 3527/219/172 3526/182/172 3525/188/172
f 3525/188/172 3524/181/172 3523/211/172
f 3523/211/172 3522/208/172 3521/221/172
f 3521/221/172 3528/235/172 3527/219/172
f 3527/219/172 3525/188/172 3523/211/172
f 3529/205/168 3530/192/168 3532/236/168
f 3532/236/237 3536/199/237 3535/200/237
f 3536/199/172 3534/184/172 3533/175/172
f 3534/184/238 3530/181/238 3529/182/238
f 3535/200/239 3533/175/239 3529/190/239
f 3544/238/196 3545/238/196 3546/208/196
f 3539/182/193 3550/182/193 3551/219/193
f 3541/181/198 3548/181/198 3549/188/198
f 3539/182/192 3540/188/192 3549/188/192
f 3537/235/195 3552/235/195 3545/221/195
f 3542/211/199 3547/211/199 3548/181/199
f 3543/208/197 3546/208/197 3547/211/197
f 3537/241/168 3544/332/168 3543/259/168
f 3543/259/168 3542/333/168 3541/239/168
f 3541/239/168 3540/334/168 3539/240/168
f 3539/240/168 3538/335/168 3537/241/168
f 3537/241/168 3543/259/168 3541/239/168
f 3538/219/194 3551/219/194 3552/235/194
f 3551/219/172 3550/182/172 3549/188/172
f 3549/188/172 3548/181/172 3547/211/172
f 3547/211/172 3546/208/172 3545/221/172
f 3545/221/172 3552/235/172 3551/219/172
f 3551/219/172 3549/188/172 3547/211/172
f 3560/238/196 3561/238/196 3562/208/196
f 3555/182/193 3566/182/193 3567/219/193
f 3557/181/198 3564/181/198 3565/188/198
f 3555/182/192 3556/188/192 3565/188/192
f 3553/235/195 3568/235/195 3561/221/195
f 3558/211/199 3563/211/199 3564/181/199
f 3559/208/197 3562/208/197 3563/211/197
f 3553/241/168 3560/332/168 3559/259/168
f 3559/259/168 3558/333/168 3557/239/168
f 3557/239/168 3556/334/168 3555/240/168
f 3555/240/168 3554/335/168 3553/241/168
f 3553/241/168 3559/259/168 3557/239/168
f 3554/219/194 3567/219/194 3568/235/194
f 3567/219/172 3566/182/172 3565/188/172
f 3565/188/172 3564/181/172 3563/211/172
f 3563/211/172 3562/208/172 3561/221/172
f 3561/221/172 3568/235/172 3567/219/172
f 3567/219/172 3565/188/172 3563/211/172
f 3589/262/240 3577/201/240 3576/261/240
f 3588/265/241 3575/282/241 3577/264/241
f 3580/202/242 3592/268/242 3591/266/242
f 3579/269/243 3590/291/243 3592/268/243
f 3571/190/244 3583/273/244 3582/271/244
f 3570/274/245 3581/285/245 3583/273/245
f 3586/276/246 3574/237/246 3573/275/246
f 3585/278/247 3572/336/247 3574/181/247
f 3596/237/306 3600/202/306 3598/279/306
f 3594/205/305 3597/204/305 3600/204/305
f 3621/262/240 3609/201/240 3608/261/240
f 3620/265/241 3607/282/241 3609/264/241
f 3612/202/321 3624/268/321 3623/266/321
f 3611/281/243 3622/291/243 3624/268/243
f 3603/190/322 3615/273/322 3614/271/322
f 3602/274/245 3613/285/245 3615/273/245
f 3618/276/246 3606/237/246 3605/275/246
f 3617/278/247 3604/336/247 3606/181/247
f 3645/262/252 3633/264/252 3632/282/252
f 3644/263/253 3631/261/253 3633/201/253
f 3636/284/254 3648/268/254 3647/283/254
f 3635/267/262 3646/266/262 3648/268/262
f 3627/182/256 3639/286/256 3638/285/256
f 3626/272/263 3637/271/263 3639/286/263
f 3642/288/258 3630/181/258 3629/287/258
f 3641/277/259 3628/275/259 3630/237/259
f 3652/205/305 3656/204/305 3654/204/305
f 3650/290/304 3653/314/304 3656/202/304
f 3677/262/252 3665/264/252 3664/282/252
f 3676/263/253 3663/261/253 3665/201/253
f 3668/284/254 3680/268/254 3679/291/254
f 3667/267/262 3678/266/262 3680/268/262
f 3659/182/256 3671/286/256 3670/285/256
f 3658/272/263 3669/271/263 3671/286/263
f 3674/288/258 3662/181/258 3661/287/258
f 3673/277/259 3660/275/259 3662/237/259
f 3701/293/265 3689/337/265 3688/292/265
f 3700/295/266 3687/318/266 3689/201/266
f 3692/297/267 3704/299/267 3703/296/267
f 3691/300/268 3702/321/268 3704/299/268
f 3683/182/269 3695/303/269 3694/301/269
f 3682/304/270 3693/271/270 3695/303/270
f 3698/306/271 3686/181/271 3685/305/271
f 3697/308/272 3684/338/272 3686/237/272
f 3725/293/265 3713/337/265 3712/292/265
f 3724/295/266 3711/318/266 3713/201/266
f 3716/297/267 3728/299/267 3727/296/267
f 3715/300/268 3726/321/268 3728/299/268
f 3707/182/269 3719/303/269 3718/301/269
f 3706/304/270 3717/271/270 3719/303/270
f 3722/306/271 3710/181/271 3709/305/271
f 3721/308/272 3708/338/272 3710/237/272
f 3569/272/273 3582/271/273 3587/263/273
f 3571/323/168 3569/339/168 3576/311/168
f 3576/311/168 3577/264/168 3575/282/168
f 3575/282/168 3579/269/168 3580/270/168
f 3580/270/168 3578/342/168 3573/322/168
f 3573/322/168 3574/341/168 3572/310/168
f 3572/310/168 3570/340/168 3571/323/168
f 3571/323/168 3576/311/168 3575/282/168
f 3575/282/168 3580/270/168 3573/322/168
f 3573/322/168 3572/310/168 3571/323/168
f 3570/274/274 3572/336/274 3585/278/274
f 3584/277/275 3573/275/275 3578/267/275
f 3588/265/276 3590/291/276 3579/269/276
f 3589/262/172 3587/263/172 3582/271/172
f 3582/271/172 3583/273/172 3581/285/172
f 3581/285/172 3585/278/172 3586/276/172
f 3586/276/172 3584/277/172 3591/266/172
f 3591/266/172 3592/268/172 3590/291/172
f 3590/291/172 3588/265/172 3589/262/172
f 3589/262/172 3582/271/172 3581/285/172
f 3581/285/172 3586/276/172 3591/266/172
f 3591/266/172 3590/291/172 3589/262/172
f 3595/182/170 2851/182/170 2858/182/170
f 2858/182/170 2860/182/170 3594/182/170
f 2854/184/170 2853/175/170 2851/182/170
f 2851/182/170 3595/312/170 3593/315/170
f 2860/205/288 2859/204/288 3597/204/288
f 2854/184/307 3593/280/307 3598/279/307
f 3599/204/191 3597/204/191 2859/204/191
f 2859/204/191 2857/204/191 2852/204/191
f 3599/313/191 2852/204/191 2855/200/191
f 2855/200/191 2856/199/191 3598/316/191
f 3601/272/273 3614/271/273 3619/263/273
f 3603/323/168 3601/339/168 3608/311/168
f 3608/311/168 3609/264/168 3607/282/168
f 3607/282/168 3611/281/168 3612/270/168
f 3612/270/168 3610/342/168 3605/322/168
f 3605/322/168 3606/341/168 3604/310/168
f 3604/310/168 3602/340/168 3603/323/168
f 3603/323/168 3608/311/168 3607/282/168
f 3607/282/168 3612/270/168 3605/322/168
f 3605/322/168 3604/310/168 3603/323/168
f 3602/274/274 3604/336/274 3617/278/274
f 3616/277/275 3605/275/275 3610/267/275
f 3620/265/276 3622/291/276 3611/281/276
f 3621/262/172 3619/263/172 3614/271/172
f 3614/271/172 3615/273/172 3613/285/172
f 3613/285/172 3617/278/172 3618/276/172
f 3618/276/172 3616/277/172 3623/266/172
f 3623/266/172 3624/268/172 3622/291/172
f 3622/291/172 3620/265/172 3621/262/172
f 3621/262/172 3614/271/172 3613/285/172
f 3613/285/172 3618/276/172 3623/266/172
f 3623/266/172 3622/291/172 3621/262/172
f 3644/263/278 3637/271/278 3626/272/278
f 3627/323/168 3625/340/168 3629/310/168
f 3629/310/168 3630/343/168 3628/322/168
f 3628/322/168 3635/342/168 3636/284/168
f 3636/284/168 3634/281/168 3632/282/168
f 3632/282/168 3633/264/168 3631/311/168
f 3631/311/168 3626/339/168 3627/323/168
f 3627/323/168 3629/310/168 3628/322/168
f 3628/322/168 3636/284/168 3632/282/168
f 3632/282/168 3631/311/168 3627/323/168
f 3640/289/279 3629/287/279 3625/274/279
f 3635/267/280 3628/275/280 3641/277/280
f 3634/281/281 3647/283/281 3643/265/281
f 3645/262/172 3643/265/172 3647/283/172
f 3647/283/172 3648/268/172 3646/266/172
f 3646/266/172 3641/277/172 3642/288/172
f 3642/288/172 3640/289/172 3638/285/172
f 3638/285/172 3639/286/172 3637/271/172
f 3637/271/172 3644/263/172 3645/262/172
f 3645/262/172 3647/283/172 3646/266/172
f 3646/266/172 3642/288/172 3638/285/172
f 3638/285/172 3637/271/172 3645/262/172
f 3179/182/191 3172/182/191 3651/182/191
f 3651/182/191 3649/182/191 3181/182/191
f 3653/314/307 3650/290/307 3175/184/307
f 3172/182/191 3174/175/191 3175/184/191
f 3175/184/191 3650/315/191 3651/324/191
f 3654/204/288 3180/204/288 3181/205/288
f 3176/200/170 3173/204/170 3655/317/170
f 3655/317/170 3653/316/170 3177/199/170
f 3654/204/170 3655/204/170 3173/204/170
f 3173/204/170 3178/204/170 3180/204/170
f 3676/263/278 3669/271/278 3658/272/278
f 3659/323/168 3657/340/168 3661/310/168
f 3661/310/168 3662/343/168 3660/322/168
f 3660/322/168 3667/342/168 3668/284/168
f 3668/284/168 3666/281/168 3664/282/168
f 3664/282/168 3665/264/168 3663/311/168
f 3663/311/168 3658/339/168 3659/323/168
f 3659/323/168 3661/310/168 3660/322/168
f 3660/322/168 3668/284/168 3664/282/168
f 3664/282/168 3663/311/168 3659/323/168
f 3672/289/279 3661/287/279 3657/274/279
f 3667/267/280 3660/275/280 3673/277/280
f 3666/281/281 3679/291/281 3675/265/281
f 3677/262/172 3675/265/172 3679/291/172
f 3679/291/172 3680/268/172 3678/266/172
f 3678/266/172 3673/277/172 3674/288/172
f 3674/288/172 3672/289/172 3670/285/172
f 3670/285/172 3671/286/172 3669/271/172
f 3669/271/172 3676/263/172 3677/262/172
f 3677/262/172 3679/291/172 3678/266/172
f 3678/266/172 3674/288/172 3670/285/172
f 3670/285/172 3669/271/172 3677/262/172
f 3700/295/282 3693/271/282 3682/304/282
f 3683/326/168 3681/344/168 3685/320/168
f 3685/320/168 3686/346/168 3684/325/168
f 3684/325/168 3691/345/168 3692/297/168
f 3692/297/168 3690/298/168 3688/292/168
f 3688/292/168 3689/337/168 3687/319/168
f 3687/319/168 3682/339/168 3683/326/168
f 3683/326/168 3685/320/168 3684/325/168
f 3684/325/168 3692/297/168 3688/292/168
f 3688/292/168 3687/319/168 3683/326/168
f 3696/307/286 3685/305/286 3681/302/286
f 3691/300/284 3684/338/284 3697/308/284
f 3690/298/323 3703/296/323 3699/294/323
f 3701/293/172 3699/294/172 3703/296/172
f 3703/296/172 3704/299/172 3702/321/172
f 3702/321/172 3697/308/172 3698/306/172
f 3698/306/172 3696/307/172 3694/301/172
f 3694/301/172 3695/303/172 3693/271/172
f 3693/271/172 3700/295/172 3701/293/172
f 3701/293/172 3703/296/172 3702/321/172
f 3702/321/172 3698/306/172 3694/301/172
f 3694/301/172 3693/271/172 3701/293/172
f 3724/295/282 3717/271/282 3706/304/282
f 3707/326/168 3705/344/168 3709/320/168
f 3709/320/168 3710/346/168 3708/325/168
f 3708/325/168 3715/345/168 3716/297/168
f 3716/297/168 3714/309/168 3712/292/168
f 3712/292/168 3713/337/168 3711/319/168
f 3711/319/168 3706/339/168 3707/326/168
f 3707/326/168 3709/320/168 3708/325/168
f 3708/325/168 3716/297/168 3712/292/168
f 3712/292/168 3711/319/168 3707/326/168
f 3720/307/286 3709/305/286 3705/302/286
f 3715/300/284 3708/338/284 3721/308/284
f 3714/309/285 3727/296/285 3723/294/285
f 3725/293/172 3723/294/172 3727/296/172
f 3727/296/172 3728/299/172 3726/321/172
f 3726/321/172 3721/308/172 3722/306/172
f 3722/306/172 3720/307/172 3718/301/172
f 3718/301/172 3719/303/172 3717/271/172
f 3717/271/172 3724/295/172 3725/293/172
f 3725/293/172 3727/296/172 3726/321/172
f 3726/321/172 3722/306/172 3718/301/172
f 3718/301/172 3717/271/172 3725/293/172
o Cube.010
v -1.050000 1.000000 3.180000
v -1.050000 1.180000 3.180000
v -1.050000 1.000000 0.000000
v -1.050000 1.180000 0.000000
v -0.900000 1.000000 3.180000
v -0.900000 1.180000 3.180000
v -0.900000 1.000000 0.000000
v -0.900000 1.180000 0.000000
v -1.050000 1.000000 3.080000
v -1.050000 1.180000 3.080000
v -0.900000 1.000000 3.080000
v -0.900000 1.180000 3.080000
v 0.000000 1.180000 3.080000
v 0.000000 1.180000 3.180000
v 0.000000 1.000000 3.180000
v 0.000000 1.000000 3.080000
v -1.050000 0.900000 3.200000
v -1.050000 1.180000 3.200000
v -1.050000 0.900000 3.180000
v -1.050000 1.180000 3.180000
v 0.000000 0.900000 3.200000
v 0.000000 1.180000 3.200000
v 0.000000 0.900000 3.180000
v 0.000000 1.180000 3.180000
v -1.300000 1.170000 3.180000
v -1.300000 1.170000 3.200000
v -1.300000 1.180000 3.200000
v -1.300000 1.180000 3.180000
v -0.990000 0.450000 0.040000
v -0.990000 1.000000 0.040000
v -0.990000 0.450000 0.000000
v -0.990000 1.000000 0.000000
v -0.950000 0.450000 0.040000
v -0.950000 1.000000 0.040000
v -0.950000 0.450000 0.000000
v -0.950000 1.000000 0.000000
v -0.990000 0.450000 0.040000
v -0.990000 1.000000 1.640000
v -0.990000 0.490000 0.040000
v -0.990000 1.040000 1.640000
v -0.950000 0.450000 0.040000
v -0.950000 1.000000 1.640000
v -0.950000 0.490000 0.040000
v -0.950000 1.040000 1.640000
v -1.290000 1.181000 3.190000
v -1.290000 1.200000 3.190000
v -1.290000 1.181000 0.000000
v -1.290000 1.200000 0.000000
v 0.000000 1.181000 3.190000
v 0.000000 1.200000 3.190000
v 0.000000 1.181000 0.000000
v 0.000000 1.200000 0.000000
v -1.200000 1.080000 0.550000
v -1.200000 1.110000 0.550000
v -1.200000 1.080000 0.450000
v -1.200000 1.110000 0.450000
v -1.040000 1.020000 0.550000
v -1.040000 1.050000 0.550000
v -1.040000 1.020000 0.450000
v -1.040000 1.050000 0.450000
v -1.300000 1.170000 3.200000
v -1.300000 1.180000 3.200000
v -1.300000 1.170000 0.000000
v -1.300000 1.180000 0.000000
v -1.050000 1.170000 3.200000
v -1.050000 1.180000 3.200000
v -1.050000 1.170000 0.000000
v -1.050000 1.180000 0.000000
v -1.200000 1.080000 0.470000
v -1.200000 1.080000 0.530000
v -1.200000 1.110000 0.530000
v -1.200000 1.110000 0.470000
v -1.040000 1.020000 0.530000
v -1.040000 1.020000 0.470000
v -1.040000 1.050000 0.470000
v -1.040000 1.050000 0.530000
v -1.230000 1.080000 0.470000
v -1.230000 1.080000 0.530000
v -1.230000 1.110000 0.530000
v -1.230000 1.110000 0.470000
v -1.255000 1.140000 0.530000
v -1.255000 1.140000 0.550000
v -1.255000 1.170000 0.550000
v -1.255000 1.170000 0.470000
v -1.255000 1.170000 0.450000
v -1.255000 1.140000 0.450000
v -1.255000 1.140000 0.470000
v -1.255000 1.170000 0.530000
v -1.270000 1.140000 3.200000
v -1.270000 1.170000 3.200000
v -1.270000 1.140000 0.000000
v -1.270000 1.170000 0.000000
v -1.050000 1.140000 3.200000
v -1.050000 1.170000 3.200000
v -1.050000 1.140000 0.000000
v -1.050000 1.170000 0.000000
v -1.070000 1.000000 3.200000
v -1.070000 1.020000 3.200000
v -1.070000 1.000000 0.000000
v -1.070000 1.020000 0.000000
v -1.050000 1.000000 3.200000
v -1.050000 1.020000 3.200000
v -1.050000 1.000000 0.000000
v -1.050000 1.020000 0.000000
v -1.200000 1.080000 1.550000
v -1.200000 1.110000 1.550000
v -1.200000 1.080000 1.450000
v -1.200000 1.110000 1.450000
v -1.040000 1.020000 1.550000
v -1.040000 1.050000 1.550000
v -1.040000 1.020000 1.450000
v -1.040000 1.050000 1.450000
v -1.200000 1.080000 1.470000
v -1.200000 1.080000 1.530000
v -1.200000 1.110000 1.530000
v -1.200000 1.110000 1.470000
v -1.040000 1.020000 1.530000
v -1.040000 1.020000 1.470000
v -1.040000 1.050000 1.470000
v -1.040000 1.050000 1.530000
v -1.230000 1.080000 1.470000
v -1.230000 1.080000 1.530000
v -1.230000 1.110000 1.530000
v -1.230000 1.110000 1.470000
v -1.255000 1.140000 1.530000
v -1.255000 1.140000 1.550000
v -1.255000 1.170000 1.550000
v -1.255000 1.170000 1.470000
v -1.255000 1.170000 1.450000
v -1.255000 1.140000 1.450000
v -1.255000 1.140000 1.470000
v -1.255000 1.170000 1.530000
v -1.200000 1.080000 2.550000
v -1.200000 1.110000 2.550000
v -1.200000 1.080000 2.450000
v -1.200000 1.110000 2.450000
v -1.040000 1.020000 2.550000
v -1.040000 1.050000 2.550000
v -1.040000 1.020000 2.450000
v -1.040000 1.050000 2.450000
v -1.200000 1.080000 2.470000
v -1.200000 1.080000 2.530000
v -1.200000 1.110000 2.530000
v -1.200000 1.110000 2.470000
v -1.040000 1.020000 2.530000
v -1.040000 1.020000 2.470000
v -1.040000 1.050000 2.470000
v -1.040000 1.050000 2.530000
v -1.230000 1.080000 2.470000
v -1.230000 1.080000 2.530000
v -1.230000 1.110000 2.530000
v -1.230000 1.110000 2.470000
v -1.255000 1.140000 2.530000
v -1.255000 1.140000 2.550000
v -1.255000 1.170000 2.550000
v -1.255000 1.170000 2.470000
v -1.255000 1.170000 2.450000
v -1.255000 1.140000 2.450000
v -1.255000 1.140000 2.470000
v -1.255000 1.170000 2.530000
v -0.650000 1.000000 0.000000
v -0.650000 1.180000 0.000000
v -0.500000 1.000000 0.000000
v -0.500000 1.180000 0.000000
v -0.650000 1.000000 3.080000
v -0.650000 1.180000 3.080000
v -0.500000 1.000000 3.080000
v -0.500000 1.180000 3.080000
v -0.250000 1.000000 0.000000
v -0.250000 1.180000 0.000000
v -0.150000 1.000000 0.000000
v -0.150000 1.180000 0.000000
v -0.250000 1.000000 3.080000
v -0.250000 1.180000 3.080000
v -0.150000 1.000000 3.080000
v -0.150000 1.180000 3.080000
v 1.050000 1.000000 3.180000
v 1.050000 1.180000 3.180000
v 1.050000 1.000000 0.000000
v 1.050000 1.180000 0.000000
v 0.900000 1.000000 3.180000
v 0.900000 1.180000 3.180000
v 0.900000 1.000000 0.000000
v 0.900000 1.180000 0.000000
v 1.050000 1.000000 3.080000
v 1.050000 1.180000 3.080000
v 0.900000 1.000000 3.080000
v 0.900000 1.180000 3.080000
v 1.050000 0.900000 3.200000
v 1.050000 1.180000 3.200000
v 1.050000 0.900000 3.180000
v 1.050000 1.180000 3.180000
v 1.300000 1.170000 3.180000
v 1.300000 1.170000 3.200000
v 1.300000 1.180000 3.200000
v 1.300000 1.180000 3.180000
v 0.990000 0.450000 0.040000
v 0.990000 1.000000 0.040000
v 0.990000 0.450000 0.000000
v 0.990000 1.000000 0.000000
v 0.950000 0.450000 0.040000
v 0.950000 1.000000 0.040000
v 0.950000 0.450000 0.000000
v 0.950000 1.000000 0.000000
v 0.990000 0.450000 0.040000
v 0.990000 1.000000 1.640000
v 0.990000 0.490000 0.040000
v 0.990000 1.040000 1.640000
v 0.950000 0.450000 0.040000
v 0.950000 1.000000 1.640000
v 0.950000 0.490000 0.040000
v 0.950000 1.040000 1.640000
v 1.290000 1.181000 3.190000
v 1.290000 1.200000 3.190000
v 1.290000 1.181000 0.000000
v 1.290000 1.200000 0.000000
v 1.200000 1.080000 0.550000
v 1.200000 1.110000 0.550000
v 1.200000 1.080000 0.450000
v 1.200000 1.110000 0.450000
v 1.040000 1.020000 0.550000
v 1.040000 1.050000 0.550000
v 1.040000 1.020000 0.450000
v 1.040000 1.050000 0.450000
v 1.300000 1.170000 3.200000
v 1.300000 1.180000 3.200000
v 1.300000 1.170000 0.000000
v 1.300000 1.180000 0.000000
v 1.050000 1.170000 3.200000
v 1.050000 1.180000 3.200000
v 1.050000 1.170000 0.000000
v 1.050000 1.180000 0.000000
v 1.200000 1.080000 0.470000
v 1.200000 1.080000 0.530000
v 1.200000 1.110000 0.530000
v 1.200000 1.110000 0.470000
v 1.040000 1.020000 0.530000
v 1.040000 1.020000 0.470000
v 1.040000 1.050000 0.470000
v 1.040000 1.050000 0.530000
v 1.230000 1.080000 0.470000
v 1.230000 1.080000 0.530000
v 1.230000 1.110000 0.530000
v 1.230000 1.110000 0.470000
v 1.255000 1.140000 0.530000
v 1.255000 1.140000 0.550000
v 1.255000 1.170000 0.550000
v 1.255000 1.170000 0.470000
v 1.255000 1.170000 0.450000
v 1.255000 1.140000 0.450000
v 1.255000 1.140000 0.470000
v 1.255000 1.170000 0.530000
v 1.270000 1.140000 3.200000
v 1.270000 1.170000 3.200000
v 1.270000 1.140000 0.000000
v 1.270000 1.170000 0.000000
v 1.050000 1.140000 3.200000
v 1.050000 1.170000 3.200000
v 1.050000 1.140000 0.000000
v 1.050000 1.170000 0.000000
v 1.070000 1.000000 3.200000
v 1.070000 1.020000 3.200000
v 1.070000 1.000000 0.000000
v 1.070000 1.020000 0.000000
v 1.050000 1.000000 3.200000
v 1.050000 1.020000 3.200000
v 1.050000 1.000000 0.000000
v 1.050000 1.020000 0.000000
v 1.200000 1.080000 1.550000
v 1.200000 1.110000 1.550000
v 1.200000 1.080000 1.450000
v 1.200000 1.110000 1.450000
v 1.040000 1.020000 1.550000
v 1.040000 1.050000 1.550000
v 1.040000 1.020000 1.450000
v 1.040000 1.050000 1.450000
v 1.200000 1.080000 1.470000
v 1.200000 1.080000 1.530000
v 1.200000 1.110000 1.530000
v 1.200000 1.110000 1.470000
v 1.040000 1.020000 1.530000
v 1.040000 1.020000 1.470000
v 1.040000 1.050000 1.470000
v 1.040000 1.050000 1.530000
v 1.230000 1.080000 1.470000
v 1.230000 1.080000 1.530000
v 1.230000 1.110000 1.530000
v 1.230000 1.110000 1.470000
v 1.255000 1.140000 1.530000
v 1.255000 1.140000 1.550000
v 1.255000 1.170000 1.550000
v 1.255000 1.170000 1.470000
v 1.255000 1.170000 1.450000
v 1.255000 1.140000 1.450000
v 1.255000 1.140000 1.470000
v 1.255000 1.170000 1.530000
v 1.200000 1.080000 2.550000
v 1.200000 1.110000 2.550000
v 1.200000 1.080000 2.450000
v 1.200000 1.110000 2.450000
v 1.040000 1.020000 2.550000
v 1.040000 1.050000 2.550000
v 1.040000 1.020000 2.450000
v 1.040000 1.050000 2.450000
v 1.200000 1.080000 2.470000
v 1.200000 1.080000 2.530000
v 1.200000 1.110000 2.530000
v 1.200000 1.110000 2.470000
v 1.040000 1.020000 2.530000
v 1.040000 1.020000 2.470000
v 1.040000 1.050000 2.470000
v 1.040000 1.050000 2.530000
v 1.230000 1.080000 2.470000
v 1.230000 1.080000 2.530000
v 1.230000 1.110000 2.530000
v 1.230000 1.110000 2.470000
v 1.255000 1.140000 2.530000
v 1.255000 1.140000 2.550000
v 1.255000 1.170000 2.550000
v 1.255000 1.170000 2.470000
v 1.255000 1.170000 2.450000
v 1.255000 1.140000 2.450000
v 1.255000 1.140000 2.470000
v 1.255000 1.170000 2.530000
v 0.650000 1.000000 0.000000
v 0.650000 1.180000 0.000000
v 0.500000 1.000000 0.000000
v 0.500000 1.180000 0.000000
v 0.650000 1.000000 3.080000
v 0.650000 1.180000 3.080000
v 0.500000 1.000000 3.080000
v 0.500000 1.180000 3.080000
v 0.250000 1.000000 0.000000
v 0.250000 1.180000 0.000000
v 0.150000 1.000000 0.000000
v 0.150000 1.180000 0.000000
v 0.250000 1.000000 3.080000
v 0.250000 1.180000 3.080000
v 0.150000 1.000000 3.080000
v 0.150000 1.180000 3.080000
v -1.050000 1.000000 -3.180000
v -1.050000 1.180000 -3.180000
v -0.900000 1.000000 -3.180000
v -0.900000 1.180000 -3.180000
v -1.050000 1.000000 -3.080000
v -1.050000 1.180000 -3.080000
v -0.900000 1.000000 -3.080000
v -0.900000 1.180000 -3.080000
v 0.000000 1.180000 -3.080000
v 0.000000 1.180000 -3.180000
v 0.000000 1.000000 -3.180000
v 0.000000 1.000000 -3.080000
v -1.050000 0.900000 -3.200000
v -1.050000 1.180000 -3.200000
v -1.050000 0.900000 -3.180000
v -1.050000 1.180000 -3.180000
v 0.000000 0.900000 -3.200000
v 0.000000 1.180000 -3.200000
v 0.000000 0.900000 -3.180000
v 0.000000 1.180000 -3.180000
v -1.300000 1.170000 -3.180000
v -1.300000 1.170000 -3.200000
v -1.300000 1.180000 -3.200000
v -1.300000 1.180000 -3.180000
v -0.990000 0.450000 -0.040000
v -0.990000 1.000000 -0.040000
v -0.950000 0.450000 -0.040000
v -0.950000 1.000000 -0.040000
v -0.990000 0.450000 -0.040000
v -0.990000 1.000000 -1.640000
v -0.990000 0.490000 -0.040000
v -0.990000 1.040000 -1.640000
v -0.950000 0.450000 -0.040000
v -0.950000 1.000000 -1.640000
v -0.950000 0.490000 -0.040000
v -0.950000 1.040000 -1.640000
v -1.290000 1.181000 -3.190000
v -1.290000 1.200000 -3.190000
v 0.000000 1.181000 -3.190000
v 0.000000 1.200000 -3.190000
v -1.200000 1.080000 -0.550000
v -1.200000 1.110000 -0.550000
v -1.200000 1.080000 -0.450000
v -1.200000 1.110000 -0.450000
v -1.040000 1.020000 -0.550000
v -1.040000 1.050000 -0.550000
v -1.040000 1.020000 -0.450000
v -1.040000 1.050000 -0.450000
v -1.300000 1.170000 -3.200000
v -1.300000 1.180000 -3.200000
v -1.050000 1.170000 -3.200000
v -1.050000 1.180000 -3.200000
v -1.200000 1.080000 -0.470000
v -1.200000 1.080000 -0.530000
v -1.200000 1.110000 -0.530000
v -1.200000 1.110000 -0.470000
v -1.040000 1.020000 -0.530000
v -1.040000 1.020000 -0.470000
v -1.040000 1.050000 -0.470000
v -1.040000 1.050000 -0.530000
v -1.230000 1.080000 -0.470000
v -1.230000 1.080000 -0.530000
v -1.230000 1.110000 -0.530000
v -1.230000 1.110000 -0.470000
v -1.255000 1.140000 -0.530000
v -1.255000 1.140000 -0.550000
v -1.255000 1.170000 -0.550000
v -1.255000 1.170000 -0.470000
v -1.255000 1.170000 -0.450000
v -1.255000 1.140000 -0.450000
v -1.255000 1.140000 -0.470000
v -1.255000 1.170000 -0.530000
v -1.270000 1.140000 -3.200000
v -1.270000 1.170000 -3.200000
v -1.050000 1.140000 -3.200000
v -1.050000 1.170000 -3.200000
v -1.070000 1.000000 -3.200000
v -1.070000 1.020000 -3.200000
v -1.050000 1.000000 -3.200000
v -1.050000 1.020000 -3.200000
v -1.200000 1.080000 -1.550000
v -1.200000 1.110000 -1.550000
v -1.200000 1.080000 -1.450000
v -1.200000 1.110000 -1.450000
v -1.040000 1.020000 -1.550000
v -1.040000 1.050000 -1.550000
v -1.040000 1.020000 -1.450000
v -1.040000 1.050000 -1.450000
v -1.200000 1.080000 -1.470000
v -1.200000 1.080000 -1.530000
v -1.200000 1.110000 -1.530000
v -1.200000 1.110000 -1.470000
v -1.040000 1.020000 -1.530000
v -1.040000 1.020000 -1.470000
v -1.040000 1.050000 -1.470000
v -1.040000 1.050000 -1.530000
v -1.230000 1.080000 -1.470000
v -1.230000 1.080000 -1.530000
v -1.230000 1.110000 -1.530000
v -1.230000 1.110000 -1.470000
v -1.255000 1.140000 -1.530000
v -1.255000 1.140000 -1.550000
v -1.255000 1.170000 -1.550000
v -1.255000 1.170000 -1.470000
v -1.255000 1.170000 -1.450000
v -1.255000 1.140000 -1.450000
v -1.255000 1.140000 -1.470000
v -1.255000 1.170000 -1.530000
v -1.200000 1.080000 -2.550000
v -1.200000 1.110000 -2.550000
v -1.200000 1.080000 -2.450000
v -1.200000 1.110000 -2.450000
v -1.040000 1.020000 -2.550000
v -1.040000 1.050000 -2.550000
v -1.040000 1.020000 -2.450000
v -1.040000 1.050000 -2.450000
v -1.200000 1.080000 -2.470000
v -1.200000 1.080000 -2.530000
v -1.200000 1.110000 -2.530000
v -1.200000 1.110000 -2.470000
v -1.040000 1.020000 -2.530000
v -1.040000 1.020000 -2.470000
v -1.040000 1.050000 -2.470000
v -1.040000 1.050000 -2.530000
v -1.230000 1.080000 -2.470000
v -1.230000 1.080000 -2.530000
v -1.230000 1.110000 -2.530000
v -1.230000 1.110000 -2.470000
v -1.255000 1.140000 -2.530000
v -1.255000 1.140000 -2.550000
v -1.255000 1.170000 -2.550000
v -1.255000 1.170000 -2.470000
v -1.255000 1.170000 -2.450000
v -1.255000 1.140000 -2.450000
v -1.255000 1.140000 -2.470000
v -1.255000 1.170000 -2.530000
v -0.650000 1.000000 -3.080000
v -0.650000 1.180000 -3.080000
v -0.500000 1.000000 -3.080000
v -0.500000 1.180000 -3.080000
v -0.250000 1.000000 -3.080000
v -0.250000 1.180000 -3.080000
v -0.150000 1.000000 -3.080000
v -0.150000 1.180000 -3.080000
v 1.050000 1.000000 -3.180000
v 1.050000 1.180000 -3.180000
v 0.900000 1.000000 -3.180000
v 0.900000 1.180000 -3.180000
v 1.050000 1.000000 -3.080000
v 1.050000 1.180000 -3.080000
v 0.900000 1.000000 -3.080000
v 0.900000 1.180000 -3.080000
v 1.050000 0.900000 -3.200000
v 1.050000 1.180000 -3.200000
v 1.050000 0.900000 -3.180000
v 1.050000 1.180000 -3.180000
v 1.300000 1.170000 -3.180000
v 1.300000 1.170000 -3.200000
v 1.300000 1.180000 -3.200000
v 1.300000 1.180000 -3.180000
v 0.990000 0.450000 -0.040000
v 0.990000 1.000000 -0.040000
v 0.950000 0.450000 -0.040000
v 0.950000 1.000000 -0.040000
v 0.990000 0.450000 -0.040000
v 0.990000 1.000000 -1.640000
v 0.990000 0.490000 -0.040000
v 0.990000 1.040000 -1.640000
v 0.950000 0.450000 -0.040000
v 0.950000 1.000000 -1.640000
v 0.950000 0.490000 -0.040000
v 0.950000 1.040000 -1.640000
v 1.290000 1.181000 -3.190000
v 1.290000 1.200000 -3.190000
v 1.200000 1.080000 -0.550000
v 1.200000 1.110000 -0.550000
v 1.200000 1.080000 -0.450000
v 1.200000 1.110000 -0.450000
v 1.040000 1.020000 -0.550000
v 1.040000 1.050000 -0.550000
v 1.040000 1.020000 -0.450000
v 1.040000 1.050000 -0.450000
v 1.300000 1.170000 -3.200000
v 1.300000 1.180000 -3.200000
v 1.050000 1.170000 -3.200000
v 1.050000 1.180000 -3.200000
v 1.200000 1.080000 -0.470000
v 1.200000 1.080000 -0.530000
v 1.200000 1.110000 -0.530000
v 1.200000 1.110000 -0.470000
v 1.040000 1.020000 -0.530000
v 1.040000 1.020000 -0.470000
v 1.040000 1.050000 -0.470000
v 1.040000 1.050000 -0.530000
v 1.230000 1.080000 -0.470000
v 1.230000 1.080000 -0.530000
v 1.230000 1.110000 -0.530000
v 1.230000 1.110000 -0.470000
v 1.255000 1.140000 -0.530000
v 1.255000 1.140000 -0.550000
v 1.255000 1.170000 -0.550000
v 1.255000 1.170000 -0.470000
v 1.255000 1.170000 -0.450000
v 1.255000 1.140000 -0.450000
v 1.255000 1.140000 -0.470000
v 1.255000 1.170000 -0.530000
v 1.270000 1.140000 -3.200000
v 1.270000 1.170000 -3.200000
v 1.050000 1.140000 -3.200000
v 1.050000 1.170000 -3.200000
v 1.070000 1.000000 -3.200000
v 1.070000 1.020000 -3.200000
v 1.050000 1.000000 -3.200000
v 1.050000 1.020000 -3.200000
v 1.200000 1.080000 -1.550000
v 1.200000 1.110000 -1.550000
v 1.200000 1.080000 -1.450000
v 1.200000 1.110000 -1.450000
v 1.040000 1.020000 -1.550000
v 1.040000 1.050000 -1.550000
v 1.040000 1.020000 -1.450000
v 1.040000 1.050000 -1.450000
v 1.200000 1.080000 -1.470000
v 1.200000 1.080000 -1.530000
v 1.200000 1.110000 -1.530000
v 1.200000 1.110000 -1.470000
v 1.040000 1.020000 -1.530000
v 1.040000 1.020000 -1.470000
v 1.040000 1.050000 -1.470000
v 1.040000 1.050000 -1.530000
v 1.230000 1.080000 -1.470000
v 1.230000 1.080000 -1.530000
v 1.230000 1.110000 -1.530000
v 1.230000 1.110000 -1.470000
v 1.255000 1.140000 -1.530000
v 1.255000 1.140000 -1.550000
v 1.255000 1.170000 -1.550000
v 1.255000 1.170000 -1.470000
v 1.255000 1.170000 -1.450000
v 1.255000 1.140000 -1.450000
v 1.255000 1.140000 -1.470000
v 1.255000 1.170000 -1.530000
v 1.200000 1.080000 -2.550000
v 1.200000 1.110000 -2.550000
v 1.200000 1.080000 -2.450000
v 1.200000 1.110000 -2.450000
v 1.040000 1.020000 -2.550000
v 1.040000 1.050000 -2.550000
v 1.040000 1.020000 -2.450000
v 1.040000 1.050000 -2.450000
v 1.200000 1.080000 -2.470000
v 1.200000 1.080000 -2.530000
v 1.200000 1.110000 -2.530000
v 1.200000 1.110000 -2.470000
v 1.040000 1.020000 -2.530000
v 1.040000 1.020000 -2.470000
v 1.040000 1.050000 -2.470000
v 1.040000 1.050000 -2.530000
v 1.230000 1.080000 -2.470000
v 1.230000 1.080000 -2.530000
v 1.230000 1.110000 -2.530000
v 1.230000 1.110000 -2.470000
v 1.255000 1.140000 -2.530000
v 1.255000 1.140000 -2.550000
v 1.255000 1.170000 -2.550000
v 1.255000 1.170000 -2.470000
v 1.255000 1.170000 -2.450000
v 1.255000 1.140000 -2.450000
v 1.255000 1.140000 -2.470000
v 1.255000 1.170000 -2.530000
v 0.650000 1.000000 -3.080000
v 0.650000 1.180000 -3.080000
v 0.500000 1.000000 -3.080000
v 0.500000 1.180000 -3.080000
v 0.250000 1.000000 -3.080000
v 0.250000 1.180000 -3.080000
v 0.150000 1.000000 -3.080000
v 0.150000 1.180000 -3.080000
vn -1.0000 -0.0000 -0.0000
vn -0.0000 -0.0000 -1.0000
vn -0.0000 -1.0000 -0.0000
vn -0.0000 -0.0000 1.0000
vn -0.0000 1.0000 -0.0000
vn 1.0000 -0.0000 -0.0000
vn -0.7338 -0.6794 -0.0000
vn -0.0000 0.9457 -0.3251
vn -0.0000 -0.9457 0.3251
vn -0.7372 -0.6757 -0.0000
vn -0.3511 -0.9363 -0.0000
vn 0.3511 0.9363 -0.0000
vn 0.7372 0.6757 -0.0000
vn 0.7338 -0.6794 -0.0000
vn 0.7372 -0.6757 -0.0000
vn 0.3511 -0.9363 -0.0000
vn -0.3511 0.9363 -0.0000
vn -0.7372 0.6757 -0.0000
vn -0.0000 0.9457 0.3251
vn -0.0000 -0.9457 -0.3251
vt 0.625000 0.125000
vt 0.375000 0.250000
vt 0.375000 0.125000
vt 0.625000 0.250000
vt 0.375000 0.500000
vt 0.375000 0.625000
vt 0.375000 0.750000
vt 0.625000 0.750000
vt 0.375000 1.000000
vt 0.125000 0.750000
vt 0.125000 0.625000
vt 0.875000 0.625000
vt 0.625000 0.625000
vt 0.875000 0.500000
vt 0.625000 0.500000
vt 0.125000 0.500000
vt 0.625000 0.000000
vt 0.375000 0.000000
vt 0.875000 0.750000
vt 0.625000 1.000000
vt 0.125000 0.583333
vt 0.375000 0.666667
vt 0.125000 0.666667
vt 0.875000 0.666667
vt 0.625000 0.666667
vt 0.625000 0.583333
vt 0.875000 0.583333
vt 0.375000 0.583333
vt 0.375000 0.083333
vt 0.625000 0.166667
vt 0.375000 0.166667
vt 0.625000 0.083333
s 0
f 3738/347/335 3731/348/335 3737/349/335
f 3732/350/336 3735/351/336 3731/348/336
f 3739/352/337 3743/353/337 3733/353/337
f 3734/354/338 3729/355/338 3733/353/338
f 3739/352/337 3729/356/337 3737/357/337
f 3738/358/339 3734/354/339 3740/359/339
f 3732/360/339 3740/359/339 3736/361/339
f 3735/351/337 3737/357/337 3731/362/337
f 3736/361/340 3739/352/340 3735/351/340
f 3730/363/335 3737/349/335 3729/364/335
f 3741/359/340 3743/353/340 3744/352/340
f 3734/354/339 3741/359/339 3740/359/339
f 3733/353/338 3742/354/338 3734/354/338
f 3740/359/336 3744/352/336 3739/352/336
f 3748/360/339 3755/365/339 3746/365/339
f 3748/350/336 3751/351/336 3747/348/336
f 3752/361/340 3749/353/340 3751/351/340
f 3750/354/338 3745/355/338 3749/353/338
f 3751/351/337 3745/356/337 3747/362/337
f 3748/360/339 3750/354/339 3752/361/339
f 3755/363/335 3753/348/335 3754/364/335
f 3745/356/341 3753/362/341 3747/362/341
f 3748/350/336 3753/348/336 3756/350/336
f 3746/366/338 3754/355/338 3745/355/338
f 3758/363/335 3759/348/335 3757/364/335
f 3764/361/340 3761/353/340 3763/351/340
f 3762/354/338 3757/355/338 3761/353/338
f 3763/351/337 3757/356/337 3759/362/337
f 3766/363/335 3767/348/335 3765/364/335
f 3768/350/342 3771/351/342 3767/348/342
f 3771/351/340 3770/354/340 3769/353/340
f 3770/354/343 3765/355/343 3769/353/343
f 3774/363/335 3775/348/335 3773/364/335
f 3776/350/336 3779/351/336 3775/348/336
f 3780/361/340 3777/353/340 3779/351/340
f 3778/354/338 3773/355/338 3777/353/338
f 3779/351/337 3773/356/337 3775/362/337
f 3776/360/339 3778/354/339 3780/361/339
f 3797/367/344 3814/362/344 3783/362/344
f 3783/348/336 3788/361/336 3787/351/336
f 3786/354/338 3781/355/338 3785/353/338
f 3801/368/345 3781/356/345 3798/369/345
f 3799/370/346 3786/354/346 3804/371/346
f 3790/363/335 3791/348/335 3789/364/335
f 3823/351/337 3817/356/337 3819/362/337
f 3784/360/346 3803/372/346 3788/361/346
f 3818/363/335 3819/348/335 3817/364/335
f 3795/351/337 3789/356/337 3791/362/337
f 3792/360/339 3794/354/339 3796/361/339
f 3800/373/346 3804/371/346 3803/372/346
f 3787/351/345 3797/367/345 3783/362/345
f 3802/374/345 3798/369/345 3797/367/345
f 3799/370/347 3811/365/347 3782/365/347
f 3800/373/339 3807/370/339 3799/370/339
f 3806/375/335 3808/376/335 3805/377/335
f 3799/378/338 3806/375/338 3798/375/338
f 3798/369/337 3805/367/337 3797/367/337
f 3797/377/336 3808/376/336 3800/376/336
f 3784/360/347 3812/373/347 3800/373/347
f 3781/356/344 3809/369/344 3798/369/344
f 3799/378/336 3809/375/336 3816/378/336
f 3784/350/336 3814/348/336 3813/350/336
f 3782/366/338 3810/355/338 3781/355/338
f 3800/376/338 3815/377/338 3797/377/338
f 3820/360/339 3822/354/339 3824/361/339
f 3831/351/337 3825/356/337 3827/362/337
f 3826/363/335 3827/348/335 3825/364/335
f 3828/360/339 3830/354/339 3832/361/339
f 3841/367/344 3858/362/344 3835/362/344
f 3835/348/336 3840/361/336 3839/351/336
f 3838/354/338 3833/355/338 3837/353/338
f 3845/368/345 3833/356/345 3842/369/345
f 3843/370/346 3838/354/346 3848/371/346
f 3836/360/346 3847/372/346 3840/361/346
f 3844/373/346 3848/371/346 3847/372/346
f 3839/351/345 3841/367/345 3835/362/345
f 3846/374/345 3842/369/345 3841/367/345
f 3843/370/347 3855/365/347 3834/365/347
f 3844/373/339 3851/370/339 3843/370/339
f 3851/378/335 3849/377/335 3850/375/335
f 3843/378/338 3850/375/338 3842/375/338
f 3842/369/337 3849/367/337 3841/367/337
f 3841/377/336 3852/376/336 3844/376/336
f 3836/360/347 3856/373/347 3844/373/347
f 3833/356/344 3853/369/344 3842/369/344
f 3843/378/336 3853/375/336 3860/378/336
f 3836/350/336 3858/348/336 3857/350/336
f 3834/366/338 3854/355/338 3833/355/338
f 3844/376/338 3859/377/338 3841/377/338
f 3869/367/344 3886/362/344 3863/362/344
f 3863/348/336 3868/361/336 3867/351/336
f 3866/354/338 3861/355/338 3865/353/338
f 3873/368/345 3861/356/345 3870/369/345
f 3871/370/346 3866/354/346 3876/371/346
f 3864/360/346 3875/372/346 3868/361/346
f 3872/373/346 3876/371/346 3875/372/346
f 3867/351/345 3869/367/345 3863/362/345
f 3874/374/345 3870/369/345 3869/367/345
f 3871/370/347 3883/365/347 3862/365/347
f 3872/373/339 3879/370/339 3871/370/339
f 3879/378/335 3877/377/335 3878/375/335
f 3871/378/338 3878/375/338 3870/375/338
f 3870/369/337 3877/367/337 3869/367/337
f 3869/377/336 3880/376/336 3872/376/336
f 3864/360/347 3884/373/347 3872/373/347
f 3861/356/344 3881/369/344 3870/369/344
f 3871/378/336 3881/375/336 3888/378/336
f 3864/350/336 3886/348/336 3885/350/336
f 3862/366/338 3882/355/338 3861/355/338
f 3872/376/338 3887/377/338 3869/377/338
f 3894/347/335 3889/348/335 3893/349/335
f 3891/351/337 3893/357/337 3889/362/337
f 3892/361/340 3895/352/340 3891/351/340
f 3902/347/335 3897/348/335 3901/349/335
f 3899/351/337 3901/357/337 3897/362/337
f 3900/361/340 3903/352/340 3899/351/340
f 3907/348/340 3914/347/340 3913/349/340
f 3911/351/336 3908/350/336 3907/348/336
f 3743/353/337 3915/352/337 3909/353/337
f 3905/355/338 3910/354/338 3909/353/338
f 3905/356/337 3915/352/337 3913/357/337
f 3910/354/339 3914/358/339 3916/359/339
f 3916/359/339 3908/360/339 3912/361/339
f 3913/357/337 3911/351/337 3907/362/337
f 3915/352/335 3912/361/335 3911/351/335
f 3913/349/340 3906/363/340 3905/364/340
f 3741/359/339 3910/354/339 3916/359/339
f 3742/354/338 3909/353/338 3910/354/338
f 3744/352/336 3916/359/336 3915/352/336
f 3923/365/339 3920/360/339 3918/365/339
f 3751/351/336 3920/350/336 3919/348/336
f 3917/355/338 3750/354/338 3749/353/338
f 3917/356/337 3751/351/337 3919/362/337
f 3750/354/339 3920/360/339 3752/361/339
f 3921/348/340 3923/363/340 3922/364/340
f 3921/362/348 3917/356/348 3919/362/348
f 3920/350/336 3921/348/336 3919/348/336
f 3922/355/338 3918/366/338 3917/355/338
f 3927/348/340 3926/363/340 3925/364/340
f 3929/353/335 3932/361/335 3931/351/335
f 3925/355/338 3930/354/338 3929/353/338
f 3925/356/337 3931/351/337 3927/362/337
f 3935/348/340 3934/363/340 3933/364/340
f 3939/351/342 3936/350/342 3935/348/342
f 3939/351/335 3938/354/335 3940/361/335
f 3933/355/343 3938/354/343 3937/353/343
f 3943/348/340 3942/363/340 3941/364/340
f 3779/351/336 3944/350/336 3943/348/336
f 3941/355/338 3778/354/338 3777/353/338
f 3941/356/337 3779/351/337 3943/362/337
f 3778/354/339 3944/360/339 3780/361/339
f 3978/362/349 3961/367/349 3947/362/349
f 3947/348/336 3952/361/336 3948/350/336
f 3945/355/338 3950/354/338 3949/353/338
f 3945/356/350 3965/368/350 3962/369/350
f 3950/354/351 3963/370/351 3968/371/351
f 3955/348/340 3954/363/340 3953/364/340
f 3981/356/337 3987/351/337 3983/362/337
f 3967/372/351 3948/360/351 3952/361/351
f 3983/348/340 3982/363/340 3981/364/340
f 3953/356/337 3959/351/337 3955/362/337
f 3958/354/339 3956/360/339 3960/361/339
f 3968/371/351 3964/373/351 3967/372/351
f 3961/367/350 3951/351/350 3947/362/350
f 3962/369/350 3966/374/350 3961/367/350
f 3975/365/352 3963/370/352 3946/365/352
f 3971/370/339 3964/373/339 3963/370/339
f 3970/375/340 3972/376/340 3971/378/340
f 3970/375/338 3963/378/338 3962/375/338
f 3969/367/337 3962/369/337 3961/367/337
f 3972/376/336 3961/377/336 3964/376/336
f 3976/373/352 3948/360/352 3964/373/352
f 3973/369/349 3945/356/349 3962/369/349
f 3963/378/336 3973/375/336 3962/375/336
f 3948/350/336 3978/348/336 3947/348/336
f 3974/355/338 3946/366/338 3945/355/338
f 3979/377/338 3964/376/338 3961/377/338
f 3986/354/339 3984/360/339 3988/361/339
f 3989/356/337 3995/351/337 3991/362/337
f 3991/348/340 3990/363/340 3989/364/340
f 3994/354/339 3992/360/339 3996/361/339
f 4022/362/349 4005/367/349 3999/362/349
f 3999/348/336 4004/361/336 4000/350/336
f 3997/355/338 4002/354/338 4001/353/338
f 3997/356/350 4009/368/350 4006/369/350
f 4002/354/351 4007/370/351 4012/371/351
f 4011/372/351 4000/360/351 4004/361/351
f 4012/371/351 4008/373/351 4011/372/351
f 4005/367/350 4003/351/350 3999/362/350
f 4006/369/350 4010/374/350 4005/367/350
f 4019/365/352 4007/370/352 3998/365/352
f 4015/370/339 4008/373/339 4007/370/339
f 4013/377/340 4015/378/340 4014/375/340
f 4014/375/338 4007/378/338 4006/375/338
f 4013/367/337 4006/369/337 4005/367/337
f 4016/376/336 4005/377/336 4008/376/336
f 4020/373/352 4000/360/352 4008/373/352
f 4017/369/349 3997/356/349 4006/369/349
f 4007/378/336 4017/375/336 4006/375/336
f 4000/350/336 4022/348/336 3999/348/336
f 4018/355/338 3998/366/338 3997/355/338
f 4023/377/338 4008/376/338 4005/377/338
f 4050/362/349 4033/367/349 4027/362/349
f 4027/348/336 4032/361/336 4028/350/336
f 4025/355/338 4030/354/338 4029/353/338
f 4025/356/350 4037/368/350 4034/369/350
f 4030/354/351 4035/370/351 4040/371/351
f 4039/372/351 4028/360/351 4032/361/351
f 4040/371/351 4036/373/351 4039/372/351
f 4033/367/350 4031/351/350 4027/362/350
f 4034/369/350 4038/374/350 4033/367/350
f 4047/365/352 4035/370/352 4026/365/352
f 4043/370/339 4036/373/339 4035/370/339
f 4041/377/340 4043/378/340 4042/375/340
f 4042/375/338 4035/378/338 4034/375/338
f 4041/367/337 4034/369/337 4033/367/337
f 4044/376/336 4033/377/336 4036/376/336
f 4048/373/352 4028/360/352 4036/373/352
f 4045/369/349 4025/356/349 4034/369/349
f 4035/378/336 4045/375/336 4034/375/336
f 4028/350/336 4050/348/336 4027/348/336
f 4046/355/338 4026/366/338 4025/355/338
f 4051/377/338 4036/376/338 4033/377/338
f 4053/348/340 4058/347/340 4057/349/340
f 4057/357/337 4055/351/337 4053/362/337
f 4059/352/335 4056/361/335 4055/351/335
f 4061/348/340 4066/347/340 4065/349/340
f 4065/357/337 4063/351/337 4061/362/337
f 4067/352/335 4064/361/335 4063/351/335
f 3731/348/335 4074/347/335 4073/349/335
f 4079/353/337 4075/352/337 4071/353/337
f 4069/355/336 4072/354/336 4071/353/336
f 4069/356/337 4075/352/337 4073/357/337
f 4072/354/339 4074/358/339 4076/359/339
f 4076/359/339 3732/360/339 3736/361/339
f 4073/357/337 3735/351/337 3731/362/337
f 4075/352/340 3736/361/340 3735/351/340
f 4073/349/335 4070/363/335 4069/364/335
f 4079/353/340 4077/359/340 4080/352/340
f 4077/359/339 4072/354/339 4076/359/339
f 4078/354/336 4071/353/336 4072/354/336
f 4080/352/338 4076/359/338 4075/352/338
f 4091/365/339 4084/360/339 4082/365/339
f 4087/351/338 4084/350/338 4083/348/338
f 4085/353/340 4088/361/340 4087/351/340
f 4081/355/336 4086/354/336 4085/353/336
f 4081/356/337 4087/351/337 4083/362/337
f 4086/354/339 4084/360/339 4088/361/339
f 4089/348/335 4091/363/335 4090/364/335
f 4089/362/341 4081/356/341 4083/362/341
f 4084/350/338 4089/348/338 4083/348/338
f 4090/355/336 4082/366/336 4081/355/336
f 3759/348/335 4094/363/335 4093/364/335
f 4095/353/340 3764/361/340 3763/351/340
f 4093/355/336 4096/354/336 4095/353/336
f 4093/356/337 3763/351/337 3759/362/337
f 4099/348/335 4098/363/335 4097/364/335
f 4103/351/353 4100/350/353 4099/348/353
f 4103/351/340 4102/354/340 4104/361/340
f 4097/355/354 4102/354/354 4101/353/354
f 3775/348/335 4106/363/335 4105/364/335
f 4107/353/340 3780/361/340 3779/351/340
f 4105/355/336 4108/354/336 4107/353/336
f 4105/356/337 3779/351/337 3775/362/337
f 4108/354/339 3776/360/339 3780/361/339
f 4138/362/344 4121/367/344 4111/362/344
f 4111/348/338 4116/361/338 4112/350/338
f 4109/355/336 4114/354/336 4113/353/336
f 4109/356/345 4125/368/345 4122/369/345
f 4114/354/346 4123/370/346 4128/371/346
f 3791/348/335 4118/363/335 4117/364/335
f 4141/356/337 3823/351/337 3819/362/337
f 4127/372/346 4112/360/346 4116/361/346
f 3819/348/335 4142/363/335 4141/364/335
f 4117/356/337 3795/351/337 3791/362/337
f 4120/354/339 3792/360/339 3796/361/339
f 4128/371/346 4124/373/346 4127/372/346
f 4121/367/345 4115/351/345 4111/362/345
f 4122/369/345 4126/374/345 4121/367/345
f 4135/365/347 4123/370/347 4110/365/347
f 4131/370/339 4124/373/339 4123/370/339
f 4130/375/335 4132/376/335 4131/378/335
f 4130/375/336 4123/378/336 4122/375/336
f 4129/367/337 4122/369/337 4121/367/337
f 4132/376/338 4121/377/338 4124/376/338
f 4136/373/347 4112/360/347 4124/373/347
f 4133/369/344 4109/356/344 4122/369/344
f 4123/378/338 4133/375/338 4122/375/338
f 4112/350/338 4138/348/338 4111/348/338
f 4134/355/336 4110/366/336 4109/355/336
f 4139/377/336 4124/376/336 4121/377/336
f 4144/354/339 3820/360/339 3824/361/339
f 4145/356/337 3831/351/337 3827/362/337
f 3827/348/335 4146/363/335 4145/364/335
f 4148/354/339 3828/360/339 3832/361/339
f 4174/362/344 4157/367/344 4151/362/344
f 4151/348/338 4156/361/338 4152/350/338
f 4149/355/336 4154/354/336 4153/353/336
f 4149/356/345 4161/368/345 4158/369/345
f 4154/354/346 4159/370/346 4164/371/346
f 4163/372/346 4152/360/346 4156/361/346
f 4164/371/346 4160/373/346 4163/372/346
f 4157/367/345 4155/351/345 4151/362/345
f 4158/369/345 4162/374/345 4157/367/345
f 4171/365/347 4159/370/347 4150/365/347
f 4167/370/339 4160/373/339 4159/370/339
f 4165/377/335 4167/378/335 4166/375/335
f 4166/375/336 4159/378/336 4158/375/336
f 4165/367/337 4158/369/337 4157/367/337
f 4168/376/338 4157/377/338 4160/376/338
f 4172/373/347 4152/360/347 4160/373/347
f 4169/369/344 4149/356/344 4158/369/344
f 4159/378/338 4169/375/338 4158/375/338
f 4152/350/338 4174/348/338 4151/348/338
f 4170/355/336 4150/366/336 4149/355/336
f 4175/377/336 4160/376/336 4157/377/336
f 4202/362/344 4185/367/344 4179/362/344
f 4179/348/338 4184/361/338 4180/350/338
f 4177/355/336 4182/354/336 4181/353/336
f 4177/356/345 4189/368/345 4186/369/345
f 4182/354/346 4187/370/346 4192/371/346
f 4191/372/346 4180/360/346 4184/361/346
f 4192/371/346 4188/373/346 4191/372/346
f 4185/367/345 4183/351/345 4179/362/345
f 4186/369/345 4190/374/345 4185/367/345
f 4199/365/347 4187/370/347 4178/365/347
f 4195/370/339 4188/373/339 4187/370/339
f 4193/377/335 4195/378/335 4194/375/335
f 4194/375/336 4187/378/336 4186/375/336
f 4193/367/337 4186/369/337 4185/367/337
f 4196/376/338 4185/377/338 4188/376/338
f 4200/373/347 4180/360/347 4188/373/347
f 4197/369/344 4177/356/344 4186/369/344
f 4187/378/338 4197/375/338 4186/375/338
f 4180/350/338 4202/348/338 4179/348/338
f 4198/355/336 4178/366/336 4177/355/336
f 4203/377/336 4188/376/336 4185/377/336
f 3889/348/335 4206/347/335 4205/349/335
f 4205/357/337 3891/351/337 3889/362/337
f 4207/352/340 3892/361/340 3891/351/340
f 3897/348/335 4210/347/335 4209/349/335
f 4209/357/337 3899/351/337 3897/362/337
f 4211/352/340 3900/361/340 3899/351/340
f 4218/347/340 3907/348/340 4217/349/340
f 4219/352/337 4079/353/337 4215/353/337
f 4216/354/336 4213/355/336 4215/353/336
f 4219/352/337 4213/356/337 4217/357/337
f 4218/358/339 4216/354/339 4220/359/339
f 3908/360/339 4220/359/339 3912/361/339
f 3911/351/337 4217/357/337 3907/362/337
f 3912/361/335 4219/352/335 3911/351/335
f 4214/363/340 4217/349/340 4213/364/340
f 4216/354/339 4077/359/339 4220/359/339
f 4215/353/336 4078/354/336 4216/354/336
f 4220/359/338 4080/352/338 4219/352/338
f 4224/360/339 4227/365/339 4222/365/339
f 4224/350/338 4087/351/338 4223/348/338
f 4086/354/336 4221/355/336 4085/353/336
f 4087/351/337 4221/356/337 4223/362/337
f 4224/360/339 4086/354/339 4088/361/339
f 4227/363/340 4225/348/340 4226/364/340
f 4221/356/348 4225/362/348 4223/362/348
f 4224/350/338 4225/348/338 4228/350/338
f 4222/366/336 4226/355/336 4221/355/336
f 4230/363/340 3927/348/340 4229/364/340
f 3932/361/335 4231/353/335 3931/351/335
f 4232/354/336 4229/355/336 4231/353/336
f 3931/351/337 4229/356/337 3927/362/337
f 4234/363/340 4235/348/340 4233/364/340
f 4236/350/353 4239/351/353 4235/348/353
f 4239/351/335 4238/354/335 4237/353/335
f 4238/354/354 4233/355/354 4237/353/354
f 4242/363/340 3943/348/340 4241/364/340
f 4108/354/336 4241/355/336 4107/353/336
f 3779/351/337 4241/356/337 3943/362/337
f 3944/360/339 4108/354/339 3780/361/339
f 4255/367/349 4272/362/349 4245/362/349
f 4245/348/338 4250/361/338 4249/351/338
f 4248/354/336 4243/355/336 4247/353/336
f 4259/368/350 4243/356/350 4256/369/350
f 4257/370/351 4248/354/351 4262/371/351
f 4252/363/340 3955/348/340 4251/364/340
f 3987/351/337 4275/356/337 3983/362/337
f 4246/360/351 4261/372/351 4250/361/351
f 4276/363/340 3983/348/340 4275/364/340
f 3959/351/337 4251/356/337 3955/362/337
f 3956/360/339 4254/354/339 3960/361/339
f 4258/373/351 4262/371/351 4261/372/351
f 4249/351/350 4255/367/350 4245/362/350
f 4260/374/350 4256/369/350 4255/367/350
f 4257/370/352 4269/365/352 4244/365/352
f 4258/373/339 4265/370/339 4257/370/339
f 4264/375/340 4266/376/340 4263/377/340
f 4257/378/336 4264/375/336 4256/375/336
f 4256/369/337 4263/367/337 4255/367/337
f 4255/377/338 4266/376/338 4258/376/338
f 4246/360/352 4270/373/352 4258/373/352
f 4243/356/349 4267/369/349 4256/369/349
f 4257/378/338 4267/375/338 4274/378/338
f 4246/350/338 4272/348/338 4271/350/338
f 4244/366/336 4268/355/336 4243/355/336
f 4258/376/336 4273/377/336 4255/377/336
f 3984/360/339 4278/354/339 3988/361/339
f 3995/351/337 4279/356/337 3991/362/337
f 4280/363/340 3991/348/340 4279/364/340
f 3992/360/339 4282/354/339 3996/361/339
f 4291/367/349 4308/362/349 4285/362/349
f 4285/348/338 4290/361/338 4289/351/338
f 4288/354/336 4283/355/336 4287/353/336
f 4295/368/350 4283/356/350 4292/369/350
f 4293/370/351 4288/354/351 4298/371/351
f 4286/360/351 4297/372/351 4290/361/351
f 4294/373/351 4298/371/351 4297/372/351
f 4289/351/350 4291/367/350 4285/362/350
f 4296/374/350 4292/369/350 4291/367/350
f 4293/370/352 4305/365/352 4284/365/352
f 4294/373/339 4301/370/339 4293/370/339
f 4301/378/340 4299/377/340 4300/375/340
f 4293/378/336 4300/375/336 4292/375/336
f 4292/369/337 4299/367/337 4291/367/337
f 4291/377/338 4302/376/338 4294/376/338
f 4286/360/352 4306/373/352 4294/373/352
f 4283/356/349 4303/369/349 4292/369/349
f 4293/378/338 4303/375/338 4310/378/338
f 4286/350/338 4308/348/338 4307/350/338
f 4284/366/336 4304/355/336 4283/355/336
f 4294/376/336 4309/377/336 4291/377/336
f 4319/367/349 4336/362/349 4313/362/349
f 4313/348/338 4318/361/338 4317/351/338
f 4316/354/336 4311/355/336 4315/353/336
f 4323/368/350 4311/356/350 4320/369/350
f 4321/370/351 4316/354/351 4326/371/351
f 4314/360/351 4325/372/351 4318/361/351
f 4322/373/351 4326/371/351 4325/372/351
f 4317/351/350 4319/367/350 4313/362/350
f 4324/374/350 4320/369/350 4319/367/350
f 4321/370/352 4333/365/352 4312/365/352
f 4322/373/339 4329/370/339 4321/370/339
f 4329/378/340 4327/377/340 4328/375/340
f 4321/378/336 4328/375/336 4320/375/336
f 4320/369/337 4327/367/337 4319/367/337
f 4319/377/338 4330/376/338 4322/376/338
f 4314/360/352 4334/373/352 4322/373/352
f 4311/356/349 4331/369/349 4320/369/349
f 4321/378/338 4331/375/338 4338/378/338
f 4314/350/338 4336/348/338 4335/350/338
f 4312/366/336 4332/355/336 4311/355/336
f 4322/376/336 4337/377/336 4319/377/336
f 4340/347/340 4053/348/340 4339/349/340
f 4055/351/337 4339/357/337 4053/362/337
f 4056/361/335 4341/352/335 4055/351/335
f 4344/347/340 4061/348/340 4343/349/340
f 4063/351/337 4343/357/337 4061/362/337
f 4064/361/335 4345/352/335 4063/351/335
f 3738/347/335 3732/350/335 3731/348/335
f 3732/350/336 3736/361/336 3735/351/336
f 3739/352/337 3744/352/337 3743/353/337
f 3734/354/338 3730/366/338 3729/355/338
f 3739/352/337 3733/353/337 3729/356/337
f 3738/358/339 3730/365/339 3734/354/339
f 3732/360/339 3738/358/339 3740/359/339
f 3735/351/337 3739/352/337 3737/357/337
f 3736/361/340 3740/359/340 3739/352/340
f 3730/363/335 3738/347/335 3737/349/335
f 3741/359/340 3742/354/340 3743/353/340
f 3734/354/339 3742/354/339 3741/359/339
f 3733/353/338 3743/353/338 3742/354/338
f 3740/359/336 3741/359/336 3744/352/336
f 3748/360/339 3756/360/339 3755/365/339
f 3748/350/336 3752/361/336 3751/351/336
f 3752/361/340 3750/354/340 3749/353/340
f 3750/354/338 3746/366/338 3745/355/338
f 3751/351/337 3749/353/337 3745/356/337
f 3748/360/339 3746/365/339 3750/354/339
f 3755/363/335 3756/350/335 3753/348/335
f 3745/356/341 3754/356/341 3753/362/341
f 3748/350/336 3747/348/336 3753/348/336
f 3746/366/338 3755/366/338 3754/355/338
f 3758/363/335 3760/350/335 3759/348/335
f 3764/361/340 3762/354/340 3761/353/340
f 3762/354/338 3758/366/338 3757/355/338
f 3763/351/337 3761/353/337 3757/356/337
f 3766/363/335 3768/350/335 3767/348/335
f 3768/350/342 3772/361/342 3771/351/342
f 3771/351/340 3772/361/340 3770/354/340
f 3770/354/343 3766/366/343 3765/355/343
f 3774/363/335 3776/350/335 3775/348/335
f 3776/350/336 3780/361/336 3779/351/336
f 3780/361/340 3778/354/340 3777/353/340
f 3778/354/338 3774/366/338 3773/355/338
f 3779/351/337 3777/353/337 3773/356/337
f 3776/360/339 3774/365/339 3778/354/339
f 3797/367/344 3815/367/344 3814/362/344
f 3783/348/336 3784/350/336 3788/361/336
f 3786/354/338 3782/366/338 3781/355/338
f 3801/368/345 3785/353/345 3781/356/345
f 3799/370/346 3782/365/346 3786/354/346
f 3790/363/335 3792/350/335 3791/348/335
f 3823/351/337 3821/353/337 3817/356/337
f 3784/360/346 3800/373/346 3803/372/346
f 3818/363/335 3820/350/335 3819/348/335
f 3795/351/337 3793/353/337 3789/356/337
f 3792/360/339 3790/365/339 3794/354/339
f 3800/373/346 3799/370/346 3804/371/346
f 3787/351/345 3802/374/345 3797/367/345
f 3802/374/345 3801/368/345 3798/369/345
f 3799/370/347 3816/370/347 3811/365/347
f 3800/373/339 3808/373/339 3807/370/339
f 3806/375/335 3807/378/335 3808/376/335
f 3799/378/338 3807/378/338 3806/375/338
f 3798/369/337 3806/369/337 3805/367/337
f 3797/377/336 3805/377/336 3808/376/336
f 3784/360/347 3813/360/347 3812/373/347
f 3781/356/344 3810/356/344 3809/369/344
f 3799/378/336 3798/375/336 3809/375/336
f 3784/350/336 3783/348/336 3814/348/336
f 3782/366/338 3811/366/338 3810/355/338
f 3800/376/338 3812/376/338 3815/377/338
f 3820/360/339 3818/365/339 3822/354/339
f 3831/351/337 3829/353/337 3825/356/337
f 3826/363/335 3828/350/335 3827/348/335
f 3828/360/339 3826/365/339 3830/354/339
f 3841/367/344 3859/367/344 3858/362/344
f 3835/348/336 3836/350/336 3840/361/336
f 3838/354/338 3834/366/338 3833/355/338
f 3845/368/345 3837/353/345 3833/356/345
f 3843/370/346 3834/365/346 3838/354/346
f 3836/360/346 3844/373/346 3847/372/346
f 3844/373/346 3843/370/346 3848/371/346
f 3839/351/345 3846/374/345 3841/367/345
f 3846/374/345 3845/368/345 3842/369/345
f 3843/370/347 3860/370/347 3855/365/347
f 3844/373/339 3852/373/339 3851/370/339
f 3851/378/335 3852/376/335 3849/377/335
f 3843/378/338 3851/378/338 3850/375/338
f 3842/369/337 3850/369/337 3849/367/337
f 3841/377/336 3849/377/336 3852/376/336
f 3836/360/347 3857/360/347 3856/373/347
f 3833/356/344 3854/356/344 3853/369/344
f 3843/378/336 3842/375/336 3853/375/336
f 3836/350/336 3835/348/336 3858/348/336
f 3834/366/338 3855/366/338 3854/355/338
f 3844/376/338 3856/376/338 3859/377/338
f 3869/367/344 3887/367/344 3886/362/344
f 3863/348/336 3864/350/336 3868/361/336
f 3866/354/338 3862/366/338 3861/355/338
f 3873/368/345 3865/353/345 3861/356/345
f 3871/370/346 3862/365/346 3866/354/346
f 3864/360/346 3872/373/346 3875/372/346
f 3872/373/346 3871/370/346 3876/371/346
f 3867/351/345 3874/374/345 3869/367/345
f 3874/374/345 3873/368/345 3870/369/345
f 3871/370/347 3888/370/347 3883/365/347
f 3872/373/339 3880/373/339 3879/370/339
f 3879/378/335 3880/376/335 3877/377/335
f 3871/378/338 3879/378/338 3878/375/338
f 3870/369/337 3878/369/337 3877/367/337
f 3869/377/336 3877/377/336 3880/376/336
f 3864/360/347 3885/360/347 3884/373/347
f 3861/356/344 3882/356/344 3881/369/344
f 3871/378/336 3870/375/336 3881/375/336
f 3864/350/336 3863/348/336 3886/348/336
f 3862/366/338 3883/366/338 3882/355/338
f 3872/376/338 3884/376/338 3887/377/338
f 3894/347/335 3890/350/335 3889/348/335
f 3891/351/337 3895/352/337 3893/357/337
f 3892/361/340 3896/359/340 3895/352/340
f 3902/347/335 3898/350/335 3897/348/335
f 3899/351/337 3903/352/337 3901/357/337
f 3900/361/340 3904/359/340 3903/352/340
f 3907/348/340 3908/350/340 3914/347/340
f 3911/351/336 3912/361/336 3908/350/336
f 3743/353/337 3744/352/337 3915/352/337
f 3905/355/338 3906/366/338 3910/354/338
f 3905/356/337 3909/353/337 3915/352/337
f 3910/354/339 3906/365/339 3914/358/339
f 3916/359/339 3914/358/339 3908/360/339
f 3913/357/337 3915/352/337 3911/351/337
f 3915/352/335 3916/359/335 3912/361/335
f 3913/349/340 3914/347/340 3906/363/340
f 3741/359/339 3742/354/339 3910/354/339
f 3742/354/338 3743/353/338 3909/353/338
f 3744/352/336 3741/359/336 3916/359/336
f 3923/365/339 3924/360/339 3920/360/339
f 3751/351/336 3752/361/336 3920/350/336
f 3917/355/338 3918/366/338 3750/354/338
f 3917/356/337 3749/353/337 3751/351/337
f 3750/354/339 3918/365/339 3920/360/339
f 3921/348/340 3924/350/340 3923/363/340
f 3921/362/348 3922/356/348 3917/356/348
f 3920/350/336 3924/350/336 3921/348/336
f 3922/355/338 3923/366/338 3918/366/338
f 3927/348/340 3928/350/340 3926/363/340
f 3929/353/335 3930/354/335 3932/361/335
f 3925/355/338 3926/366/338 3930/354/338
f 3925/356/337 3929/353/337 3931/351/337
f 3935/348/340 3936/350/340 3934/363/340
f 3939/351/342 3940/361/342 3936/350/342
f 3939/351/335 3937/353/335 3938/354/335
f 3933/355/343 3934/366/343 3938/354/343
f 3943/348/340 3944/350/340 3942/363/340
f 3779/351/336 3780/361/336 3944/350/336
f 3941/355/338 3942/366/338 3778/354/338
f 3941/356/337 3777/353/337 3779/351/337
f 3778/354/339 3942/365/339 3944/360/339
f 3978/362/349 3979/367/349 3961/367/349
f 3947/348/336 3951/351/336 3952/361/336
f 3945/355/338 3946/366/338 3950/354/338
f 3945/356/350 3949/353/350 3965/368/350
f 3950/354/351 3946/365/351 3963/370/351
f 3955/348/340 3956/350/340 3954/363/340
f 3981/356/337 3985/353/337 3987/351/337
f 3967/372/351 3964/373/351 3948/360/351
f 3983/348/340 3984/350/340 3982/363/340
f 3953/356/337 3957/353/337 3959/351/337
f 3958/354/339 3954/365/339 3956/360/339
f 3968/371/351 3963/370/351 3964/373/351
f 3961/367/350 3966/374/350 3951/351/350
f 3962/369/350 3965/368/350 3966/374/350
f 3975/365/352 3980/370/352 3963/370/352
f 3971/370/339 3972/373/339 3964/373/339
f 3970/375/340 3969/377/340 3972/376/340
f 3970/375/338 3971/378/338 3963/378/338
f 3969/367/337 3970/369/337 3962/369/337
f 3972/376/336 3969/377/336 3961/377/336
f 3976/373/352 3977/360/352 3948/360/352
f 3973/369/349 3974/356/349 3945/356/349
f 3963/378/336 3980/378/336 3973/375/336
f 3948/350/336 3977/350/336 3978/348/336
f 3974/355/338 3975/366/338 3946/366/338
f 3979/377/338 3976/376/338 3964/376/338
f 3986/354/339 3982/365/339 3984/360/339
f 3989/356/337 3993/353/337 3995/351/337
f 3991/348/340 3992/350/340 3990/363/340
f 3994/354/339 3990/365/339 3992/360/339
f 4022/362/349 4023/367/349 4005/367/349
f 3999/348/336 4003/351/336 4004/361/336
f 3997/355/338 3998/366/338 4002/354/338
f 3997/356/350 4001/353/350 4009/368/350
f 4002/354/351 3998/365/351 4007/370/351
f 4011/372/351 4008/373/351 4000/360/351
f 4012/371/351 4007/370/351 4008/373/351
f 4005/367/350 4010/374/350 4003/351/350
f 4006/369/350 4009/368/350 4010/374/350
f 4019/365/352 4024/370/352 4007/370/352
f 4015/370/339 4016/373/339 4008/373/339
f 4013/377/340 4016/376/340 4015/378/340
f 4014/375/338 4015/378/338 4007/378/338
f 4013/367/337 4014/369/337 4006/369/337
f 4016/376/336 4013/377/336 4005/377/336
f 4020/373/352 4021/360/352 4000/360/352
f 4017/369/349 4018/356/349 3997/356/349
f 4007/378/336 4024/378/336 4017/375/336
f 4000/350/336 4021/350/336 4022/348/336
f 4018/355/338 4019/366/338 3998/366/338
f 4023/377/338 4020/376/338 4008/376/338
f 4050/362/349 4051/367/349 4033/367/349
f 4027/348/336 4031/351/336 4032/361/336
f 4025/355/338 4026/366/338 4030/354/338
f 4025/356/350 4029/353/350 4037/368/350
f 4030/354/351 4026/365/351 4035/370/351
f 4039/372/351 4036/373/351 4028/360/351
f 4040/371/351 4035/370/351 4036/373/351
f 4033/367/350 4038/374/350 4031/351/350
f 4034/369/350 4037/368/350 4038/374/350
f 4047/365/352 4052/370/352 4035/370/352
f 4043/370/339 4044/373/339 4036/373/339
f 4041/377/340 4044/376/340 4043/378/340
f 4042/375/338 4043/378/338 4035/378/338
f 4041/367/337 4042/369/337 4034/369/337
f 4044/376/336 4041/377/336 4033/377/336
f 4048/373/352 4049/360/352 4028/360/352
f 4045/369/349 4046/356/349 4025/356/349
f 4035/378/336 4052/378/336 4045/375/336
f 4028/350/336 4049/350/336 4050/348/336
f 4046/355/338 4047/366/338 4026/366/338
f 4051/377/338 4048/376/338 4036/376/338
f 4053/348/340 4054/350/340 4058/347/340
f 4057/357/337 4059/352/337 4055/351/337
f 4059/352/335 4060/359/335 4056/361/335
f 4061/348/340 4062/350/340 4066/347/340
f 4065/357/337 4067/352/337 4063/351/337
f 4067/352/335 4068/359/335 4064/361/335
f 3731/348/335 3732/350/335 4074/347/335
f 4079/353/337 4080/352/337 4075/352/337
f 4069/355/336 4070/366/336 4072/354/336
f 4069/356/337 4071/353/337 4075/352/337
f 4072/354/339 4070/365/339 4074/358/339
f 4076/359/339 4074/358/339 3732/360/339
f 4073/357/337 4075/352/337 3735/351/337
f 4075/352/340 4076/359/340 3736/361/340
f 4073/349/335 4074/347/335 4070/363/335
f 4079/353/340 4078/354/340 4077/359/340
f 4077/359/339 4078/354/339 4072/354/339
f 4078/354/336 4079/353/336 4071/353/336
f 4080/352/338 4077/359/338 4076/359/338
f 4091/365/339 4092/360/339 4084/360/339
f 4087/351/338 4088/361/338 4084/350/338
f 4085/353/340 4086/354/340 4088/361/340
f 4081/355/336 4082/366/336 4086/354/336
f 4081/356/337 4085/353/337 4087/351/337
f 4086/354/339 4082/365/339 4084/360/339
f 4089/348/335 4092/350/335 4091/363/335
f 4089/362/341 4090/356/341 4081/356/341
f 4084/350/338 4092/350/338 4089/348/338
f 4090/355/336 4091/366/336 4082/366/336
f 3759/348/335 3760/350/335 4094/363/335
f 4095/353/340 4096/354/340 3764/361/340
f 4093/355/336 4094/366/336 4096/354/336
f 4093/356/337 4095/353/337 3763/351/337
f 4099/348/335 4100/350/335 4098/363/335
f 4103/351/353 4104/361/353 4100/350/353
f 4103/351/340 4101/353/340 4102/354/340
f 4097/355/354 4098/366/354 4102/354/354
f 3775/348/335 3776/350/335 4106/363/335
f 4107/353/340 4108/354/340 3780/361/340
f 4105/355/336 4106/366/336 4108/354/336
f 4105/356/337 4107/353/337 3779/351/337
f 4108/354/339 4106/365/339 3776/360/339
f 4138/362/344 4139/367/344 4121/367/344
f 4111/348/338 4115/351/338 4116/361/338
f 4109/355/336 4110/366/336 4114/354/336
f 4109/356/345 4113/353/345 4125/368/345
f 4114/354/346 4110/365/346 4123/370/346
f 3791/348/335 3792/350/335 4118/363/335
f 4141/356/337 4143/353/337 3823/351/337
f 4127/372/346 4124/373/346 4112/360/346
f 3819/348/335 3820/350/335 4142/363/335
f 4117/356/337 4119/353/337 3795/351/337
f 4120/354/339 4118/365/339 3792/360/339
f 4128/371/346 4123/370/346 4124/373/346
f 4121/367/345 4126/374/345 4115/351/345
f 4122/369/345 4125/368/345 4126/374/345
f 4135/365/347 4140/370/347 4123/370/347
f 4131/370/339 4132/373/339 4124/373/339
f 4130/375/335 4129/377/335 4132/376/335
f 4130/375/336 4131/378/336 4123/378/336
f 4129/367/337 4130/369/337 4122/369/337
f 4132/376/338 4129/377/338 4121/377/338
f 4136/373/347 4137/360/347 4112/360/347
f 4133/369/344 4134/356/344 4109/356/344
f 4123/378/338 4140/378/338 4133/375/338
f 4112/350/338 4137/350/338 4138/348/338
f 4134/355/336 4135/366/336 4110/366/336
f 4139/377/336 4136/376/336 4124/376/336
f 4144/354/339 4142/365/339 3820/360/339
f 4145/356/337 4147/353/337 3831/351/337
f 3827/348/335 3828/350/335 4146/363/335
f 4148/354/339 4146/365/339 3828/360/339
f 4174/362/344 4175/367/344 4157/367/344
f 4151/348/338 4155/351/338 4156/361/338
f 4149/355/336 4150/366/336 4154/354/336
f 4149/356/345 4153/353/345 4161/368/345
f 4154/354/346 4150/365/346 4159/370/346
f 4163/372/346 4160/373/346 4152/360/346
f 4164/371/346 4159/370/346 4160/373/346
f 4157/367/345 4162/374/345 4155/351/345
f 4158/369/345 4161/368/345 4162/374/345
f 4171/365/347 4176/370/347 4159/370/347
f 4167/370/339 4168/373/339 4160/373/339
f 4165/377/335 4168/376/335 4167/378/335
f 4166/375/336 4167/378/336 4159/378/336
f 4165/367/337 4166/369/337 4158/369/337
f 4168/376/338 4165/377/338 4157/377/338
f 4172/373/347 4173/360/347 4152/360/347
f 4169/369/344 4170/356/344 4149/356/344
f 4159/378/338 4176/378/338 4169/375/338
f 4152/350/338 4173/350/338 4174/348/338
f 4170/355/336 4171/366/336 4150/366/336
f 4175/377/336 4172/376/336 4160/376/336
f 4202/362/344 4203/367/344 4185/367/344
f 4179/348/338 4183/351/338 4184/361/338
f 4177/355/336 4178/366/336 4182/354/336
f 4177/356/345 4181/353/345 4189/368/345
f 4182/354/346 4178/365/346 4187/370/346
f 4191/372/346 4188/373/346 4180/360/346
f 4192/371/346 4187/370/346 4188/373/346
f 4185/367/345 4190/374/345 4183/351/345
f 4186/369/345 4189/368/345 4190/374/345
f 4199/365/347 4204/370/347 4187/370/347
f 4195/370/339 4196/373/339 4188/373/339
f 4193/377/335 4196/376/335 4195/378/335
f 4194/375/336 4195/378/336 4187/378/336
f 4193/367/337 4194/369/337 4186/369/337
f 4196/376/338 4193/377/338 4185/377/338
f 4200/373/347 4201/360/347 4180/360/347
f 4197/369/344 4198/356/344 4177/356/344
f 4187/378/338 4204/378/338 4197/375/338
f 4180/350/338 4201/350/338 4202/348/338
f 4198/355/336 4199/366/336 4178/366/336
f 4203/377/336 4200/376/336 4188/376/336
f 3889/348/335 3890/350/335 4206/347/335
f 4205/357/337 4207/352/337 3891/351/337
f 4207/352/340 4208/359/340 3892/361/340
f 3897/348/335 3898/350/335 4210/347/335
f 4209/357/337 4211/352/337 3899/351/337
f 4211/352/340 4212/359/340 3900/361/340
f 4218/347/340 3908/350/340 3907/348/340
f 4219/352/337 4080/352/337 4079/353/337
f 4216/354/336 4214/366/336 4213/355/336
f 4219/352/337 4215/353/337 4213/356/337
f 4218/358/339 4214/365/339 4216/354/339
f 3908/360/339 4218/358/339 4220/359/339
f 3911/351/337 4219/352/337 4217/357/337
f 3912/361/335 4220/359/335 4219/352/335
f 4214/363/340 4218/347/340 4217/349/340
f 4216/354/339 4078/354/339 4077/359/339
f 4215/353/336 4079/353/336 4078/354/336
f 4220/359/338 4077/359/338 4080/352/338
f 4224/360/339 4228/360/339 4227/365/339
f 4224/350/338 4088/361/338 4087/351/338
f 4086/354/336 4222/366/336 4221/355/336
f 4087/351/337 4085/353/337 4221/356/337
f 4224/360/339 4222/365/339 4086/354/339
f 4227/363/340 4228/350/340 4225/348/340
f 4221/356/348 4226/356/348 4225/362/348
f 4224/350/338 4223/348/338 4225/348/338
f 4222/366/336 4227/366/336 4226/355/336
f 4230/363/340 3928/350/340 3927/348/340
f 3932/361/335 4232/354/335 4231/353/335
f 4232/354/336 4230/366/336 4229/355/336
f 3931/351/337 4231/353/337 4229/356/337
f 4234/363/340 4236/350/340 4235/348/340
f 4236/350/353 4240/361/353 4239/351/353
f 4239/351/335 4240/361/335 4238/354/335
f 4238/354/354 4234/366/354 4233/355/354
f 4242/363/340 3944/350/340 3943/348/340
f 4108/354/336 4242/366/336 4241/355/336
f 3779/351/337 4107/353/337 4241/356/337
f 3944/360/339 4242/365/339 4108/354/339
f 4255/367/349 4273/367/349 4272/362/349
f 4245/348/338 4246/350/338 4250/361/338
f 4248/354/336 4244/366/336 4243/355/336
f 4259/368/350 4247/353/350 4243/356/350
f 4257/370/351 4244/365/351 4248/354/351
f 4252/363/340 3956/350/340 3955/348/340
f 3987/351/337 4277/353/337 4275/356/337
f 4246/360/351 4258/373/351 4261/372/351
f 4276/363/340 3984/350/340 3983/348/340
f 3959/351/337 4253/353/337 4251/356/337
f 3956/360/339 4252/365/339 4254/354/339
f 4258/373/351 4257/370/351 4262/371/351
f 4249/351/350 4260/374/350 4255/367/350
f 4260/374/350 4259/368/350 4256/369/350
f 4257/370/352 4274/370/352 4269/365/352
f 4258/373/339 4266/373/339 4265/370/339
f 4264/375/340 4265/378/340 4266/376/340
f 4257/378/336 4265/378/336 4264/375/336
f 4256/369/337 4264/369/337 4263/367/337
f 4255/377/338 4263/377/338 4266/376/338
f 4246/360/352 4271/360/352 4270/373/352
f 4243/356/349 4268/356/349 4267/369/349
f 4257/378/338 4256/375/338 4267/375/338
f 4246/350/338 4245/348/338 4272/348/338
f 4244/366/336 4269/366/336 4268/355/336
f 4258/376/336 4270/376/336 4273/377/336
f 3984/360/339 4276/365/339 4278/354/339
f 3995/351/337 4281/353/337 4279/356/337
f 4280/363/340 3992/350/340 3991/348/340
f 3992/360/339 4280/365/339 4282/354/339
f 4291/367/349 4309/367/349 4308/362/349
f 4285/348/338 4286/350/338 4290/361/338
f 4288/354/336 4284/366/336 4283/355/336
f 4295/368/350 4287/353/350 4283/356/350
f 4293/370/351 4284/365/351 4288/354/351
f 4286/360/351 4294/373/351 4297/372/351
f 4294/373/351 4293/370/351 4298/371/351
f 4289/351/350 4296/374/350 4291/367/350
f 4296/374/350 4295/368/350 4292/369/350
f 4293/370/352 4310/370/352 4305/365/352
f 4294/373/339 4302/373/339 4301/370/339
f 4301/378/340 4302/376/340 4299/377/340
f 4293/378/336 4301/378/336 4300/375/336
f 4292/369/337 4300/369/337 4299/367/337
f 4291/377/338 4299/377/338 4302/376/338
f 4286/360/352 4307/360/352 4306/373/352
f 4283/356/349 4304/356/349 4303/369/349
f 4293/378/338 4292/375/338 4303/375/338
f 4286/350/338 4285/348/338 4308/348/338
f 4284/366/336 4305/366/336 4304/355/336
f 4294/376/336 4306/376/336 4309/377/336
f 4319/367/349 4337/367/349 4336/362/349
f 4313/348/338 4314/350/338 4318/361/338
f 4316/354/336 4312/366/336 4311/355/336
f 4323/368/350 4315/353/350 4311/356/350
f 4321/370/351 4312/365/351 4316/354/351
f 4314/360/351 4322/373/351 4325/372/351
f 4322/373/351 4321/370/351 4326/371/351
f 4317/351/350 4324/374/350 4319/367/350
f 4324/374/350 4323/368/350 4320/369/350
f 4321/370/352 4338/370/352 4333/365/352
f 4322/373/339 4330/373/339 4329/370/339
f 4329/378/340 4330/376/340 4327/377/340
f 4321/378/336 4329/378/336 4328/375/336
f 4320/369/337 4328/369/337 4327/367/337
f 4319/377/338 4327/377/338 4330/376/338
f 4314/360/352 4335/360/352 4334/373/352
f 4311/356/349 4332/356/349 4331/369/349
f 4321/378/338 4320/375/338 4331/375/338
f 4314/350/338 4313/348/338 4336/348/338
f 4312/366/336 4333/366/336 4332/355/336
f 4322/376/336 4334/376/336 4337/377/336
f 4340/347/340 4054/350/340 4053/348/340
f 4055/351/337 4341/352/337 4339/357/337
f 4056/361/335 4342/359/335 4341/352/335
f 4344/347/340 4062/350/340 4061/348/340
f 4063/351/337 4345/352/337 4343/357/337
f 4064/361/335 4346/359/335 4345/352/335
