# Blender 5.1.0
# www.blender.org
mtllib HopperCar_2Axle.mtl
o Cube.055
v -1.050000 1.000000 3.180000
v -1.050000 1.180000 3.180000
v -1.050000 1.000000 0.000000
v -1.050000 1.180000 0.000000
v -0.900000 1.000000 3.180000
v -0.900000 1.180000 3.180000
v -0.900000 1.000000 0.000000
v -0.900000 1.180000 0.000000
v -1.050000 1.000000 3.080000
v -1.050000 1.180000 3.080000
v -0.900000 1.000000 3.080000
v -0.900000 1.180000 3.080000
v 0.000000 1.180000 3.080000
v 0.000000 1.180000 3.180000
v 0.000000 1.000000 3.180000
v 0.000000 1.000000 3.080000
v -1.050000 0.900000 3.200000
v -1.050000 1.180000 3.200000
v -1.050000 0.900000 3.180000
v -1.050000 1.180000 3.180000
v 0.000000 0.900000 3.200000
v 0.000000 1.180000 3.200000
v 0.000000 0.900000 3.180000
v 0.000000 1.180000 3.180000
v -1.300000 1.170000 3.180000
v -1.300000 1.170000 3.200000
v -1.300000 1.180000 3.200000
v -1.300000 1.180000 3.180000
v -0.990000 0.450000 0.040000
v -0.990000 1.000000 0.040000
v -0.990000 0.450000 0.000000
v -0.990000 1.000000 0.000000
v -0.950000 0.450000 0.040000
v -0.950000 1.000000 0.040000
v -0.950000 0.450000 0.000000
v -0.950000 1.000000 0.000000
v -0.990000 0.450000 0.040000
v -0.990000 1.000000 1.640000
v -0.990000 0.490000 0.040000
v -0.990000 1.040000 1.640000
v -0.950000 0.450000 0.040000
v -0.950000 1.000000 1.640000
v -0.950000 0.490000 0.040000
v -0.950000 1.040000 1.640000
v -1.290000 1.181000 3.190000
v -1.290000 1.200000 3.190000
v -1.290000 1.181000 0.000000
v -1.290000 1.200000 0.000000
v 0.000000 1.181000 3.190000
v 0.000000 1.200000 3.190000
v 0.000000 1.181000 0.000000
v 0.000000 1.200000 0.000000
v -1.200000 1.080000 0.550000
v -1.200000 1.110000 0.550000
v -1.200000 1.080000 0.450000
v -1.200000 1.110000 0.450000
v -1.040000 1.020000 0.550000
v -1.040000 1.050000 0.550000
v -1.040000 1.020000 0.450000
v -1.040000 1.050000 0.450000
v -1.300000 1.170000 3.200000
v -1.300000 1.180000 3.200000
v -1.300000 1.170000 0.000000
v -1.300000 1.180000 0.000000
v -1.050000 1.170000 3.200000
v -1.050000 1.180000 3.200000
v -1.050000 1.170000 0.000000
v -1.050000 1.180000 0.000000
v -1.200000 1.080000 0.470000
v -1.200000 1.080000 0.530000
v -1.200000 1.110000 0.530000
v -1.200000 1.110000 0.470000
v -1.040000 1.020000 0.530000
v -1.040000 1.020000 0.470000
v -1.040000 1.050000 0.470000
v -1.040000 1.050000 0.530000
v -1.230000 1.080000 0.470000
v -1.230000 1.080000 0.530000
v -1.230000 1.110000 0.530000
v -1.230000 1.110000 0.470000
v -1.255000 1.140000 0.530000
v -1.255000 1.140000 0.550000
v -1.255000 1.170000 0.550000
v -1.255000 1.170000 0.470000
v -1.255000 1.170000 0.450000
v -1.255000 1.140000 0.450000
v -1.255000 1.140000 0.470000
v -1.255000 1.170000 0.530000
v -1.270000 1.140000 3.200000
v -1.270000 1.170000 3.200000
v -1.270000 1.140000 0.000000
v -1.270000 1.170000 0.000000
v -1.050000 1.140000 3.200000
v -1.050000 1.170000 3.200000
v -1.050000 1.140000 0.000000
v -1.050000 1.170000 0.000000
v -1.070000 1.000000 3.200000
v -1.070000 1.020000 3.200000
v -1.070000 1.000000 0.000000
v -1.070000 1.020000 0.000000
v -1.050000 1.000000 3.200000
v -1.050000 1.020000 3.200000
v -1.050000 1.000000 0.000000
v -1.050000 1.020000 0.000000
v -1.200000 1.080000 1.550000
v -1.200000 1.110000 1.550000
v -1.200000 1.080000 1.450000
v -1.200000 1.110000 1.450000
v -1.040000 1.020000 1.550000
v -1.040000 1.050000 1.550000
v -1.040000 1.020000 1.450000
v -1.040000 1.050000 1.450000
v -1.200000 1.080000 1.470000
v -1.200000 1.080000 1.530000
v -1.200000 1.110000 1.530000
v -1.200000 1.110000 1.470000
v -1.040000 1.020000 1.530000
v -1.040000 1.020000 1.470000
v -1.040000 1.050000 1.470000
v -1.040000 1.050000 1.530000
v -1.230000 1.080000 1.470000
v -1.230000 1.080000 1.530000
v -1.230000 1.110000 1.530000
v -1.230000 1.110000 1.470000
v -1.255000 1.140000 1.530000
v -1.255000 1.140000 1.550000
v -1.255000 1.170000 1.550000
v -1.255000 1.170000 1.470000
v -1.255000 1.170000 1.450000
v -1.255000 1.140000 1.450000
v -1.255000 1.140000 1.470000
v -1.255000 1.170000 1.530000
v -1.200000 1.080000 2.550000
v -1.200000 1.110000 2.550000
v -1.200000 1.080000 2.450000
v -1.200000 1.110000 2.450000
v -1.040000 1.020000 2.550000
v -1.040000 1.050000 2.550000
v -1.040000 1.020000 2.450000
v -1.040000 1.050000 2.450000
v -1.200000 1.080000 2.470000
v -1.200000 1.080000 2.530000
v -1.200000 1.110000 2.530000
v -1.200000 1.110000 2.470000
v -1.040000 1.020000 2.530000
v -1.040000 1.020000 2.470000
v -1.040000 1.050000 2.470000
v -1.040000 1.050000 2.530000
v -1.230000 1.080000 2.470000
v -1.230000 1.080000 2.530000
v -1.230000 1.110000 2.530000
v -1.230000 1.110000 2.470000
v -1.255000 1.140000 2.530000
v -1.255000 1.140000 2.550000
v -1.255000 1.170000 2.550000
v -1.255000 1.170000 2.470000
v -1.255000 1.170000 2.450000
v -1.255000 1.140000 2.450000
v -1.255000 1.140000 2.470000
v -1.255000 1.170000 2.530000
v -0.650000 1.000000 0.000000
v -0.650000 1.180000 0.000000
v -0.500000 1.000000 0.000000
v -0.500000 1.180000 0.000000
v -0.650000 1.000000 3.080000
v -0.650000 1.180000 3.080000
v -0.500000 1.000000 3.080000
v -0.500000 1.180000 3.080000
v -0.250000 1.000000 0.000000
v -0.250000 1.180000 0.000000
v -0.150000 1.000000 0.000000
v -0.150000 1.180000 0.000000
v -0.250000 1.000000 3.080000
v -0.250000 1.180000 3.080000
v -0.150000 1.000000 3.080000
v -0.150000 1.180000 3.080000
v -1.300000 1.200000 3.200000
v -1.300000 2.500000 3.200000
v -1.300000 1.200000 3.170000
v -1.300000 2.500000 3.170000
v 0.000000 1.200000 3.200000
v 0.000000 2.500000 3.200000
v 0.000000 1.200000 3.170000
v 0.000000 2.500000 3.170000
v -1.320000 2.500000 3.320000
v -1.320000 2.530000 3.320000
v -1.320000 2.500000 3.150000
v -1.320000 2.530000 3.150000
v 0.000000 2.500000 3.320000
v 0.000000 2.530000 3.320000
v 0.000000 2.500000 3.150000
v 0.000000 2.530000 3.150000
v -0.400000 1.200000 3.220000
v -0.400000 2.500000 3.220000
v -0.400000 1.200000 3.200000
v -0.400000 2.500000 3.200000
v -0.280000 1.200000 3.220000
v -0.280000 2.500000 3.220000
v -0.280000 1.200000 3.200000
v -0.280000 2.500000 3.200000
v -0.400000 0.900000 3.200000
v -0.400000 0.900000 3.220000
v -0.370000 0.900000 3.200000
v -0.370000 0.900000 3.220000
v -0.400000 1.200000 3.220000
v -0.400000 2.500000 3.220000
v -0.380000 1.200000 3.220000
v -0.380000 2.500000 3.220000
v -0.400000 1.200000 3.320000
v -0.400000 2.500000 3.320000
v -0.380000 1.200000 3.320000
v -0.380000 2.500000 3.320000
v -0.380000 0.900000 3.220000
v -0.400000 0.900000 3.220000
v -0.380000 0.900000 3.240000
v -0.400000 0.900000 3.240000
v -0.400000 1.200000 3.220000
v -0.780000 2.500000 3.220000
v -0.400000 1.200000 3.200000
v -0.780000 2.500000 3.200000
v -0.520000 1.200000 3.220000
v -0.900000 2.500000 3.220000
v -0.520000 1.200000 3.200000
v -0.900000 2.500000 3.200000
v -0.400000 0.900000 3.200000
v -0.400000 0.900000 3.220000
v -0.430000 0.900000 3.200000
v -0.430000 0.900000 3.220000
v -0.400000 1.200000 3.220000
v -0.780000 2.500000 3.220000
v -0.420000 1.200000 3.220000
v -0.800000 2.500000 3.220000
v -0.400000 1.200000 3.320000
v -0.780000 2.500000 3.320000
v -0.420000 1.200000 3.320000
v -0.800000 2.500000 3.320000
v -0.420000 0.900000 3.220000
v -0.400000 0.900000 3.220000
v -0.420000 0.900000 3.240000
v -0.400000 0.900000 3.240000
v -1.300000 1.200000 0.000000
v -1.300000 2.500000 0.000000
v -1.270000 1.200000 0.000000
v -1.270000 2.500000 0.000000
v -1.300000 1.200000 3.170000
v -1.300000 2.500000 3.170000
v -1.270000 1.200000 3.170000
v -1.270000 2.500000 3.170000
v -1.320000 1.200000 2.300000
v -1.320000 2.500000 2.300000
v -1.300000 1.200000 2.300000
v -1.300000 2.500000 2.300000
v -1.320000 1.200000 2.420000
v -1.320000 2.500000 2.420000
v -1.300000 1.200000 2.420000
v -1.300000 2.500000 2.420000
v -1.300000 1.020000 2.300000
v -1.320000 1.020000 2.300000
v -1.300000 1.020000 2.330000
v -1.320000 1.020000 2.330000
v -1.320000 1.200000 2.300000
v -1.320000 2.500000 2.300000
v -1.320000 1.200000 2.320000
v -1.320000 2.500000 2.320000
v -1.400000 1.200000 2.300000
v -1.400000 2.350000 2.300000
v -1.400000 1.200000 2.320000
v -1.400000 2.350000 2.320000
v -1.320000 1.020000 2.320000
v -1.320000 1.020000 2.300000
v -1.340000 1.020000 2.320000
v -1.340000 1.020000 2.300000
v -1.280000 1.633333 0.000000
v -1.280000 2.066667 0.000000
v -1.280000 2.066667 3.170000
v -1.280000 1.633333 3.170000
v -1.250000 2.066667 0.000000
v -1.250000 1.633333 0.000000
v -1.250000 2.066667 3.170000
v -1.250000 1.633333 3.170000
v -1.300000 2.040000 3.170000
v -1.300000 2.070000 3.170000
v -1.300000 2.040000 0.000000
v -1.300000 2.070000 0.000000
v -1.280000 2.040000 3.170000
v -1.280000 2.070000 3.170000
v -1.280000 2.040000 0.000000
v -1.280000 2.070000 0.000000
v -1.300000 1.640000 3.170000
v -1.300000 1.670000 3.170000
v -1.300000 1.640000 0.000000
v -1.300000 1.670000 0.000000
v -1.280000 1.640000 3.170000
v -1.280000 1.670000 3.170000
v -1.280000 1.640000 0.000000
v -1.280000 1.670000 0.000000
v -1.300000 1.850000 0.000000
v -1.300000 1.850000 3.170000
v -1.310000 1.150000 3.210001
v -1.310000 2.500000 3.210001
v -1.310000 1.150000 3.110000
v -1.310000 2.500000 3.110000
v -1.300000 1.150000 3.110000
v -1.300000 1.150000 3.200001
v -1.300000 2.500000 3.200001
v -1.300000 2.500000 3.110000
v -1.210000 1.090000 3.210001
v -1.210000 2.500000 3.210001
v -1.210000 1.090000 3.200001
v -1.210000 2.500000 3.200001
v -1.320000 2.500000 3.150000
v -1.320000 2.530000 3.150000
v -1.320000 2.500000 0.000000
v -1.320000 2.530000 0.000000
v -1.240000 2.500000 3.150000
v -1.240000 2.530000 3.150000
v -1.240000 2.500000 0.000000
v -1.240000 2.530000 0.000000
v -1.320000 1.200000 1.219999
v -1.320000 2.500000 1.219999
v -1.300000 1.200000 1.219999
v -1.300000 2.500000 1.219999
v -1.320000 1.200000 1.100000
v -1.320000 2.500000 1.100000
v -1.300000 1.200000 1.100000
v -1.300000 2.500000 1.100000
v -1.300000 1.020000 1.219999
v -1.320000 1.020000 1.219999
v -1.300000 1.020000 1.189999
v -1.320000 1.020000 1.189999
v -1.320000 1.200000 1.220000
v -1.320000 2.500000 1.220000
v -1.320000 1.200000 1.199999
v -1.320000 2.500000 1.199999
v -1.400000 1.200000 1.220000
v -1.400000 2.350000 1.220000
v -1.400000 1.200000 1.200000
v -1.400000 2.350000 1.200000
v -1.320000 1.020000 1.199999
v -1.320000 1.020000 1.220000
v -1.340000 1.020000 1.199999
v -1.340000 1.020000 1.220000
v -1.300000 1.020000 2.410000
v -1.300000 1.140000 2.410000
v -1.300000 1.020000 2.290000
v -1.300000 1.140000 2.290000
v -1.050000 1.020000 2.410000
v -1.050000 1.140000 2.410000
v -1.050000 1.020000 2.290000
v -1.050000 1.140000 2.290000
v -1.300000 1.110000 1.150000
v -1.340000 1.110000 1.150000
v -1.340000 1.100000 2.320000
v -1.300000 1.100000 2.320000
v -1.340000 1.085858 2.325858
v -1.300000 1.085858 2.325858
v -1.340000 1.080000 2.340000
v -1.300000 1.080000 2.340000
v -1.340000 1.085858 2.354142
v -1.300000 1.085858 2.354142
v -1.340000 1.100000 2.360000
v -1.300000 1.100000 2.360000
v -1.340000 1.114142 2.354142
v -1.300000 1.114142 2.354142
v -1.340000 1.120000 2.340000
v -1.300000 1.120000 2.340000
v -1.340000 1.114142 2.325858
v -1.300000 1.114142 2.325858
v -1.340000 1.095858 1.155858
v -1.300000 1.095858 1.155858
v -1.340000 1.090000 1.170000
v -1.300000 1.090000 1.170000
v -1.340000 1.095858 1.184142
v -1.300000 1.095858 1.184142
v -1.340000 1.110000 1.190000
v -1.300000 1.110000 1.190000
v -1.340000 1.124142 1.184142
v -1.300000 1.124142 1.184142
v -1.340000 1.130000 1.170000
v -1.300000 1.130000 1.170000
v -1.340000 1.124142 1.155858
v -1.300000 1.124142 1.155858
v -1.300000 2.420000 1.130000
v -1.340000 2.420000 1.130000
v -1.340000 2.405858 1.135858
v -1.300000 2.405858 1.135858
v -1.340000 2.400000 1.150000
v -1.300000 2.400000 1.150000
v -1.340000 2.405858 1.164142
v -1.300000 2.405858 1.164142
v -1.340000 2.420000 1.170000
v -1.300000 2.420000 1.170000
v -1.340000 2.434142 1.164142
v -1.300000 2.434142 1.164142
v -1.340000 2.440000 1.150000
v -1.300000 2.440000 1.150000
v -1.340000 2.434142 1.135858
v -1.300000 2.434142 1.135858
v -1.300000 2.440000 2.350000
v -1.340000 2.440000 2.350000
v -1.340000 2.425858 2.355858
v -1.300000 2.425858 2.355858
v -1.340000 2.420000 2.370000
v -1.300000 2.420000 2.370000
v -1.340000 2.425858 2.384142
v -1.300000 2.425858 2.384142
v -1.340000 2.440000 2.390000
v -1.300000 2.440000 2.390000
v -1.340000 2.454142 2.384142
v -1.300000 2.454142 2.384142
v -1.340000 2.460000 2.370000
v -1.300000 2.460000 2.370000
v -1.340000 2.454142 2.355858
v -1.300000 2.454142 2.355858
v -1.270000 2.430000 3.200000
v -1.270000 2.430000 3.230000
v -1.264142 2.415858 3.230000
v -1.264142 2.415858 3.200000
v -1.250000 2.410000 3.230000
v -1.250000 2.410000 3.200000
v -1.235858 2.415858 3.230000
v -1.235858 2.415858 3.200000
v -1.230000 2.430000 3.230000
v -1.230000 2.430000 3.200000
v -1.235858 2.444142 3.230000
v -1.235858 2.444142 3.200000
v -1.250000 2.450000 3.230000
v -1.250000 2.450000 3.200000
v -1.264142 2.444142 3.230000
v -1.264142 2.444142 3.200000
v -1.270000 2.050000 3.200000
v -1.270000 2.050000 3.230000
v -1.264142 2.035858 3.230000
v -1.264142 2.035858 3.200000
v -1.250000 2.030000 3.230000
v -1.250000 2.030000 3.200000
v -1.235858 2.035858 3.230000
v -1.235858 2.035858 3.200000
v -1.230000 2.050000 3.230000
v -1.230000 2.050000 3.200000
v -1.235858 2.064142 3.230000
v -1.235858 2.064142 3.200000
v -1.250000 2.070000 3.230000
v -1.250000 2.070000 3.200000
v -1.264142 2.064142 3.230000
v -1.264142 2.064142 3.200000
v -1.270000 1.660000 3.200000
v -1.270000 1.660000 3.230000
v -1.264142 1.645858 3.230000
v -1.264142 1.645858 3.200000
v -1.250000 1.640000 3.230000
v -1.250000 1.640000 3.200000
v -1.235858 1.645858 3.230000
v -1.235858 1.645858 3.200000
v -1.230000 1.660000 3.230000
v -1.230000 1.660000 3.200000
v -1.235858 1.674142 3.230000
v -1.235858 1.674142 3.200000
v -1.250000 1.680000 3.230000
v -1.250000 1.680000 3.200000
v -1.264142 1.674142 3.230000
v -1.264142 1.674142 3.200000
v -1.270000 1.150000 3.200000
v -1.270000 1.150000 3.230000
v -1.264142 1.135858 3.230000
v -1.264142 1.135858 3.200000
v -1.250000 1.130000 3.230000
v -1.250000 1.130000 3.200000
v -1.235858 1.135858 3.230000
v -1.235858 1.135858 3.200000
v -1.230000 1.150000 3.230000
v -1.230000 1.150000 3.200000
v -1.235858 1.164142 3.230000
v -1.235858 1.164142 3.200000
v -1.250000 1.170000 3.230000
v -1.250000 1.170000 3.200000
v -1.264142 1.164142 3.230000
v -1.264142 1.164142 3.200000
v -1.300000 2.430000 3.140000
v -1.330000 2.430000 3.140000
v -1.330000 2.415858 3.145858
v -1.300000 2.415858 3.145858
v -1.330000 2.410000 3.160000
v -1.300000 2.410000 3.160000
v -1.330000 2.415858 3.174142
v -1.300000 2.415858 3.174142
v -1.330000 2.430000 3.180000
v -1.300000 2.430000 3.180000
v -1.330000 2.444142 3.174142
v -1.300000 2.444142 3.174142
v -1.330000 2.450000 3.160000
v -1.300000 2.450000 3.160000
v -1.330000 2.444142 3.145858
v -1.300000 2.444142 3.145858
v -1.300000 2.050000 3.140000
v -1.330000 2.050000 3.140000
v -1.330000 2.035858 3.145858
v -1.300000 2.035858 3.145858
v -1.330000 2.030000 3.160000
v -1.300000 2.030000 3.160000
v -1.330000 2.035858 3.174142
v -1.300000 2.035858 3.174142
v -1.330000 2.050000 3.180000
v -1.300000 2.050000 3.180000
v -1.330000 2.064142 3.174142
v -1.300000 2.064142 3.174142
v -1.330000 2.070000 3.160000
v -1.300000 2.070000 3.160000
v -1.330000 2.064142 3.145858
v -1.300000 2.064142 3.145858
v -1.300000 1.660000 3.140000
v -1.330000 1.660000 3.140000
v -1.330000 1.645858 3.145858
v -1.300000 1.645858 3.145858
v -1.330000 1.640000 3.160000
v -1.300000 1.640000 3.160000
v -1.330000 1.645858 3.174142
v -1.300000 1.645858 3.174142
v -1.330000 1.660000 3.180000
v -1.300000 1.660000 3.180000
v -1.330000 1.674142 3.174142
v -1.300000 1.674142 3.174142
v -1.330000 1.680000 3.160000
v -1.300000 1.680000 3.160000
v -1.330000 1.674142 3.145858
v -1.300000 1.674142 3.145858
v -1.300000 1.150000 3.140000
v -1.330000 1.150000 3.140000
v -1.330000 1.135858 3.145858
v -1.300000 1.135858 3.145858
v -1.330000 1.130000 3.160000
v -1.300000 1.130000 3.160000
v -1.330000 1.135858 3.174142
v -1.300000 1.135858 3.174142
v -1.330000 1.150000 3.180000
v -1.300000 1.150000 3.180000
v -1.330000 1.164142 3.174142
v -1.300000 1.164142 3.174142
v -1.330000 1.170000 3.160000
v -1.300000 1.170000 3.160000
v -1.330000 1.164142 3.145858
v -1.300000 1.164142 3.145858
v -0.350000 2.430000 3.200000
v -0.350000 2.430000 3.230000
v -0.344142 2.415858 3.230000
v -0.344142 2.415858 3.200000
v -0.330000 2.410000 3.230000
v -0.330000 2.410000 3.200000
v -0.315858 2.415858 3.230000
v -0.315858 2.415858 3.200000
v -0.310000 2.430000 3.230000
v -0.310000 2.430000 3.200000
v -0.315858 2.444142 3.230000
v -0.315858 2.444142 3.200000
v -0.330000 2.450000 3.230000
v -0.330000 2.450000 3.200000
v -0.344142 2.444142 3.230000
v -0.344142 2.444142 3.200000
v -0.474142 1.144142 3.200000
v -0.474142 1.144142 3.230000
v -0.460000 1.150000 3.200000
v -0.460000 1.150000 3.230000
v -0.445858 1.144142 3.200000
v -0.445858 1.144142 3.230000
v -0.440000 1.130000 3.200000
v -0.440000 1.130000 3.230000
v -0.445858 1.115858 3.200000
v -0.445858 1.115858 3.230000
v -0.460000 1.110000 3.200000
v -0.460000 1.110000 3.230000
v -0.474142 1.115858 3.200000
v -0.474142 1.115858 3.230000
v -0.480000 1.130000 3.230000
v -0.480000 1.130000 3.200000
v -0.844142 2.454142 3.200000
v -0.844142 2.454142 3.230000
v -0.830000 2.460000 3.200000
v -0.830000 2.460000 3.230000
v -0.815858 2.454142 3.200000
v -0.815858 2.454142 3.230000
v -0.810000 2.440000 3.200000
v -0.810000 2.440000 3.230000
v -0.815858 2.425858 3.200000
v -0.815858 2.425858 3.230000
v -0.830000 2.420000 3.200000
v -0.830000 2.420000 3.230000
v -0.844142 2.425858 3.200000
v -0.844142 2.425858 3.230000
v -0.850000 2.440000 3.230000
v -0.850000 2.440000 3.200000
v -0.350000 1.150000 3.200000
v -0.350000 1.150000 3.230000
v -0.344142 1.135858 3.230000
v -0.344142 1.135858 3.200000
v -0.330000 1.130000 3.230000
v -0.330000 1.130000 3.200000
v -0.315858 1.135858 3.230000
v -0.315858 1.135858 3.200000
v -0.310000 1.150000 3.230000
v -0.310000 1.150000 3.200000
v -0.315858 1.164142 3.230000
v -0.315858 1.164142 3.200000
v -0.330000 1.170000 3.230000
v -0.330000 1.170000 3.200000
v -0.344142 1.164142 3.230000
v -0.344142 1.164142 3.200000
v -1.300000 1.020000 1.230000
v -1.300000 1.140000 1.230000
v -1.300000 1.020000 1.110000
v -1.300000 1.140000 1.110000
v -1.050000 1.020000 1.230000
v -1.050000 1.140000 1.230000
v -1.050000 1.020000 1.110000
v -1.050000 1.140000 1.110000
v 1.050000 1.000000 3.180000
v 1.050000 1.180000 3.180000
v 1.050000 1.000000 0.000000
v 1.050000 1.180000 0.000000
v 0.900000 1.000000 3.180000
v 0.900000 1.180000 3.180000
v 0.900000 1.000000 0.000000
v 0.900000 1.180000 0.000000
v 1.050000 1.000000 3.080000
v 1.050000 1.180000 3.080000
v 0.900000 1.000000 3.080000
v 0.900000 1.180000 3.080000
v 1.050000 0.900000 3.200000
v 1.050000 1.180000 3.200000
v 1.050000 0.900000 3.180000
v 1.050000 1.180000 3.180000
v 1.300000 1.170000 3.180000
v 1.300000 1.170000 3.200000
v 1.300000 1.180000 3.200000
v 1.300000 1.180000 3.180000
v 0.990000 0.450000 0.040000
v 0.990000 1.000000 0.040000
v 0.990000 0.450000 0.000000
v 0.990000 1.000000 0.000000
v 0.950000 0.450000 0.040000
v 0.950000 1.000000 0.040000
v 0.950000 0.450000 0.000000
v 0.950000 1.000000 0.000000
v 0.990000 0.450000 0.040000
v 0.990000 1.000000 1.640000
v 0.990000 0.490000 0.040000
v 0.990000 1.040000 1.640000
v 0.950000 0.450000 0.040000
v 0.950000 1.000000 1.640000
v 0.950000 0.490000 0.040000
v 0.950000 1.040000 1.640000
v 1.290000 1.181000 3.190000
v 1.290000 1.200000 3.190000
v 1.290000 1.181000 0.000000
v 1.290000 1.200000 0.000000
v 1.200000 1.080000 0.550000
v 1.200000 1.110000 0.550000
v 1.200000 1.080000 0.450000
v 1.200000 1.110000 0.450000
v 1.040000 1.020000 0.550000
v 1.040000 1.050000 0.550000
v 1.040000 1.020000 0.450000
v 1.040000 1.050000 0.450000
v 1.300000 1.170000 3.200000
v 1.300000 1.180000 3.200000
v 1.300000 1.170000 0.000000
v 1.300000 1.180000 0.000000
v 1.050000 1.170000 3.200000
v 1.050000 1.180000 3.200000
v 1.050000 1.170000 0.000000
v 1.050000 1.180000 0.000000
v 1.200000 1.080000 0.470000
v 1.200000 1.080000 0.530000
v 1.200000 1.110000 0.530000
v 1.200000 1.110000 0.470000
v 1.040000 1.020000 0.530000
v 1.040000 1.020000 0.470000
v 1.040000 1.050000 0.470000
v 1.040000 1.050000 0.530000
v 1.230000 1.080000 0.470000
v 1.230000 1.080000 0.530000
v 1.230000 1.110000 0.530000
v 1.230000 1.110000 0.470000
v 1.255000 1.140000 0.530000
v 1.255000 1.140000 0.550000
v 1.255000 1.170000 0.550000
v 1.255000 1.170000 0.470000
v 1.255000 1.170000 0.450000
v 1.255000 1.140000 0.450000
v 1.255000 1.140000 0.470000
v 1.255000 1.170000 0.530000
v 1.270000 1.140000 3.200000
v 1.270000 1.170000 3.200000
v 1.270000 1.140000 0.000000
v 1.270000 1.170000 0.000000
v 1.050000 1.140000 3.200000
v 1.050000 1.170000 3.200000
v 1.050000 1.140000 0.000000
v 1.050000 1.170000 0.000000
v 1.070000 1.000000 3.200000
v 1.070000 1.020000 3.200000
v 1.070000 1.000000 0.000000
v 1.070000 1.020000 0.000000
v 1.050000 1.000000 3.200000
v 1.050000 1.020000 3.200000
v 1.050000 1.000000 0.000000
v 1.050000 1.020000 0.000000
v 1.200000 1.080000 1.550000
v 1.200000 1.110000 1.550000
v 1.200000 1.080000 1.450000
v 1.200000 1.110000 1.450000
v 1.040000 1.020000 1.550000
v 1.040000 1.050000 1.550000
v 1.040000 1.020000 1.450000
v 1.040000 1.050000 1.450000
v 1.200000 1.080000 1.470000
v 1.200000 1.080000 1.530000
v 1.200000 1.110000 1.530000
v 1.200000 1.110000 1.470000
v 1.040000 1.020000 1.530000
v 1.040000 1.020000 1.470000
v 1.040000 1.050000 1.470000
v 1.040000 1.050000 1.530000
v 1.230000 1.080000 1.470000
v 1.230000 1.080000 1.530000
v 1.230000 1.110000 1.530000
v 1.230000 1.110000 1.470000
v 1.255000 1.140000 1.530000
v 1.255000 1.140000 1.550000
v 1.255000 1.170000 1.550000
v 1.255000 1.170000 1.470000
v 1.255000 1.170000 1.450000
v 1.255000 1.140000 1.450000
v 1.255000 1.140000 1.470000
v 1.255000 1.170000 1.530000
v 1.200000 1.080000 2.550000
v 1.200000 1.110000 2.550000
v 1.200000 1.080000 2.450000
v 1.200000 1.110000 2.450000
v 1.040000 1.020000 2.550000
v 1.040000 1.050000 2.550000
v 1.040000 1.020000 2.450000
v 1.040000 1.050000 2.450000
v 1.200000 1.080000 2.470000
v 1.200000 1.080000 2.530000
v 1.200000 1.110000 2.530000
v 1.200000 1.110000 2.470000
v 1.040000 1.020000 2.530000
v 1.040000 1.020000 2.470000
v 1.040000 1.050000 2.470000
v 1.040000 1.050000 2.530000
v 1.230000 1.080000 2.470000
v 1.230000 1.080000 2.530000
v 1.230000 1.110000 2.530000
v 1.230000 1.110000 2.470000
v 1.255000 1.140000 2.530000
v 1.255000 1.140000 2.550000
v 1.255000 1.170000 2.550000
v 1.255000 1.170000 2.470000
v 1.255000 1.170000 2.450000
v 1.255000 1.140000 2.450000
v 1.255000 1.140000 2.470000
v 1.255000 1.170000 2.530000
v 0.650000 1.000000 0.000000
v 0.650000 1.180000 0.000000
v 0.500000 1.000000 0.000000
v 0.500000 1.180000 0.000000
v 0.650000 1.000000 3.080000
v 0.650000 1.180000 3.080000
v 0.500000 1.000000 3.080000
v 0.500000 1.180000 3.080000
v 0.250000 1.000000 0.000000
v 0.250000 1.180000 0.000000
v 0.150000 1.000000 0.000000
v 0.150000 1.180000 0.000000
v 0.250000 1.000000 3.080000
v 0.250000 1.180000 3.080000
v 0.150000 1.000000 3.080000
v 0.150000 1.180000 3.080000
v 1.300000 1.200000 3.200000
v 1.300000 2.500000 3.200000
v 1.300000 1.200000 3.170000
v 1.300000 2.500000 3.170000
v 1.320000 2.500000 3.320000
v 1.320000 2.530000 3.320000
v 1.320000 2.500000 3.150000
v 1.320000 2.530000 3.150000
v 0.400000 1.200000 3.220000
v 0.400000 2.500000 3.220000
v 0.400000 1.200000 3.200000
v 0.400000 2.500000 3.200000
v 0.280000 1.200000 3.220000
v 0.280000 2.500000 3.220000
v 0.280000 1.200000 3.200000
v 0.280000 2.500000 3.200000
v 0.400000 0.900000 3.200000
v 0.400000 0.900000 3.220000
v 0.370000 0.900000 3.200000
v 0.370000 0.900000 3.220000
v 0.400000 1.200000 3.220000
v 0.400000 2.500000 3.220000
v 0.380000 1.200000 3.220000
v 0.380000 2.500000 3.220000
v 0.400000 1.200000 3.320000
v 0.400000 2.500000 3.320000
v 0.380000 1.200000 3.320000
v 0.380000 2.500000 3.320000
v 0.380000 0.900000 3.220000
v 0.400000 0.900000 3.220000
v 0.380000 0.900000 3.240000
v 0.400000 0.900000 3.240000
v 0.400000 1.200000 3.220000
v 0.780000 2.500000 3.220000
v 0.400000 1.200000 3.200000
v 0.780000 2.500000 3.200000
v 0.520000 1.200000 3.220000
v 0.900000 2.500000 3.220000
v 0.520000 1.200000 3.200000
v 0.900000 2.500000 3.200000
v 0.400000 0.900000 3.200000
v 0.400000 0.900000 3.220000
v 0.430000 0.900000 3.200000
v 0.430000 0.900000 3.220000
v 0.400000 1.200000 3.220000
v 0.780000 2.500000 3.220000
v 0.420000 1.200000 3.220000
v 0.800000 2.500000 3.220000
v 0.400000 1.200000 3.320000
v 0.780000 2.500000 3.320000
v 0.420000 1.200000 3.320000
v 0.800000 2.500000 3.320000
v 0.420000 0.900000 3.220000
v 0.400000 0.900000 3.220000
v 0.420000 0.900000 3.240000
v 0.400000 0.900000 3.240000
v 1.300000 1.200000 0.000000
v 1.300000 2.500000 0.000000
v 1.270000 1.200000 0.000000
v 1.270000 2.500000 0.000000
v 1.300000 1.200000 3.170000
v 1.300000 2.500000 3.170000
v 1.270000 1.200000 3.170000
v 1.270000 2.500000 3.170000
v 1.320000 1.200000 2.300000
v 1.320000 2.500000 2.300000
v 1.300000 1.200000 2.300000
v 1.300000 2.500000 2.300000
v 1.320000 1.200000 2.420000
v 1.320000 2.500000 2.420000
v 1.300000 1.200000 2.420000
v 1.300000 2.500000 2.420000
v 1.300000 1.020000 2.300000
v 1.320000 1.020000 2.300000
v 1.300000 1.020000 2.330000
v 1.320000 1.020000 2.330000
v 1.320000 1.200000 2.300000
v 1.320000 2.500000 2.300000
v 1.320000 1.200000 2.320000
v 1.320000 2.500000 2.320000
v 1.400000 1.200000 2.300000
v 1.400000 2.350000 2.300000
v 1.400000 1.200000 2.320000
v 1.400000 2.350000 2.320000
v 1.320000 1.020000 2.320000
v 1.320000 1.020000 2.300000
v 1.340000 1.020000 2.320000
v 1.340000 1.020000 2.300000
v 1.280000 1.633333 0.000000
v 1.280000 2.066667 0.000000
v 1.280000 2.066667 3.170000
v 1.280000 1.633333 3.170000
v 1.250000 2.066667 0.000000
v 1.250000 1.633333 0.000000
v 1.250000 2.066667 3.170000
v 1.250000 1.633333 3.170000
v 1.300000 2.040000 3.170000
v 1.300000 2.070000 3.170000
v 1.300000 2.040000 0.000000
v 1.300000 2.070000 0.000000
v 1.280000 2.040000 3.170000
v 1.280000 2.070000 3.170000
v 1.280000 2.040000 0.000000
v 1.280000 2.070000 0.000000
v 1.300000 1.640000 3.170000
v 1.300000 1.670000 3.170000
v 1.300000 1.640000 0.000000
v 1.300000 1.670000 0.000000
v 1.280000 1.640000 3.170000
v 1.280000 1.670000 3.170000
v 1.280000 1.640000 0.000000
v 1.280000 1.670000 0.000000
v 1.300000 1.850000 0.000000
v 1.300000 1.850000 3.170000
v 1.310000 1.150000 3.210001
v 1.310000 2.500000 3.210001
v 1.310000 1.150000 3.110000
v 1.310000 2.500000 3.110000
v 1.300000 1.150000 3.110000
v 1.300000 1.150000 3.200001
v 1.300000 2.500000 3.200001
v 1.300000 2.500000 3.110000
v 1.210000 1.090000 3.210001
v 1.210000 2.500000 3.210001
v 1.210000 1.090000 3.200001
v 1.210000 2.500000 3.200001
v 1.320000 2.500000 3.150000
v 1.320000 2.530000 3.150000
v 1.320000 2.500000 0.000000
v 1.320000 2.530000 0.000000
v 1.240000 2.500000 3.150000
v 1.240000 2.530000 3.150000
v 1.240000 2.500000 0.000000
v 1.240000 2.530000 0.000000
v 1.320000 1.200000 1.219999
v 1.320000 2.500000 1.219999
v 1.300000 1.200000 1.219999
v 1.300000 2.500000 1.219999
v 1.320000 1.200000 1.100000
v 1.320000 2.500000 1.100000
v 1.300000 1.200000 1.100000
v 1.300000 2.500000 1.100000
v 1.300000 1.020000 1.219999
v 1.320000 1.020000 1.219999
v 1.300000 1.020000 1.189999
v 1.320000 1.020000 1.189999
v 1.320000 1.200000 1.220000
v 1.320000 2.500000 1.220000
v 1.320000 1.200000 1.199999
v 1.320000 2.500000 1.199999
v 1.400000 1.200000 1.220000
v 1.400000 2.350000 1.220000
v 1.400000 1.200000 1.200000
v 1.400000 2.350000 1.200000
v 1.320000 1.020000 1.199999
v 1.320000 1.020000 1.220000
v 1.340000 1.020000 1.199999
v 1.340000 1.020000 1.220000
v 1.300000 1.020000 2.410000
v 1.300000 1.140000 2.410000
v 1.300000 1.020000 2.290000
v 1.300000 1.140000 2.290000
v 1.050000 1.020000 2.410000
v 1.050000 1.140000 2.410000
v 1.050000 1.020000 2.290000
v 1.050000 1.140000 2.290000
v 1.300000 1.110000 1.150000
v 1.340000 1.110000 1.150000
v 1.340000 1.100000 2.320000
v 1.300000 1.100000 2.320000
v 1.340000 1.085858 2.325858
v 1.300000 1.085858 2.325858
v 1.340000 1.080000 2.340000
v 1.300000 1.080000 2.340000
v 1.340000 1.085858 2.354142
v 1.300000 1.085858 2.354142
v 1.340000 1.100000 2.360000
v 1.300000 1.100000 2.360000
v 1.340000 1.114142 2.354142
v 1.300000 1.114142 2.354142
v 1.340000 1.120000 2.340000
v 1.300000 1.120000 2.340000
v 1.340000 1.114142 2.325858
v 1.300000 1.114142 2.325858
v 1.340000 1.095858 1.155858
v 1.300000 1.095858 1.155858
v 1.340000 1.090000 1.170000
v 1.300000 1.090000 1.170000
v 1.340000 1.095858 1.184142
v 1.300000 1.095858 1.184142
v 1.340000 1.110000 1.190000
v 1.300000 1.110000 1.190000
v 1.340000 1.124142 1.184142
v 1.300000 1.124142 1.184142
v 1.340000 1.130000 1.170000
v 1.300000 1.130000 1.170000
v 1.340000 1.124142 1.155858
v 1.300000 1.124142 1.155858
v 1.300000 2.420000 1.130000
v 1.340000 2.420000 1.130000
v 1.340000 2.405858 1.135858
v 1.300000 2.405858 1.135858
v 1.340000 2.400000 1.150000
v 1.300000 2.400000 1.150000
v 1.340000 2.405858 1.164142
v 1.300000 2.405858 1.164142
v 1.340000 2.420000 1.170000
v 1.300000 2.420000 1.170000
v 1.340000 2.434142 1.164142
v 1.300000 2.434142 1.164142
v 1.340000 2.440000 1.150000
v 1.300000 2.440000 1.150000
v 1.340000 2.434142 1.135858
v 1.300000 2.434142 1.135858
v 1.300000 2.440000 2.350000
v 1.340000 2.440000 2.350000
v 1.340000 2.425858 2.355858
v 1.300000 2.425858 2.355858
v 1.340000 2.420000 2.370000
v 1.300000 2.420000 2.370000
v 1.340000 2.425858 2.384142
v 1.300000 2.425858 2.384142
v 1.340000 2.440000 2.390000
v 1.300000 2.440000 2.390000
v 1.340000 2.454142 2.384142
v 1.300000 2.454142 2.384142
v 1.340000 2.460000 2.370000
v 1.300000 2.460000 2.370000
v 1.340000 2.454142 2.355858
v 1.300000 2.454142 2.355858
v 1.270000 2.430000 3.200000
v 1.270000 2.430000 3.230000
v 1.264142 2.415858 3.230000
v 1.264142 2.415858 3.200000
v 1.250000 2.410000 3.230000
v 1.250000 2.410000 3.200000
v 1.235858 2.415858 3.230000
v 1.235858 2.415858 3.200000
v 1.230000 2.430000 3.230000
v 1.230000 2.430000 3.200000
v 1.235858 2.444142 3.230000
v 1.235858 2.444142 3.200000
v 1.250000 2.450000 3.230000
v 1.250000 2.450000 3.200000
v 1.264142 2.444142 3.230000
v 1.264142 2.444142 3.200000
v 1.270000 2.050000 3.200000
v 1.270000 2.050000 3.230000
v 1.264142 2.035858 3.230000
v 1.264142 2.035858 3.200000
v 1.250000 2.030000 3.230000
v 1.250000 2.030000 3.200000
v 1.235858 2.035858 3.230000
v 1.235858 2.035858 3.200000
v 1.230000 2.050000 3.230000
v 1.230000 2.050000 3.200000
v 1.235858 2.064142 3.230000
v 1.235858 2.064142 3.200000
v 1.250000 2.070000 3.230000
v 1.250000 2.070000 3.200000
v 1.264142 2.064142 3.230000
v 1.264142 2.064142 3.200000
v 1.270000 1.660000 3.200000
v 1.270000 1.660000 3.230000
v 1.264142 1.645858 3.230000
v 1.264142 1.645858 3.200000
v 1.250000 1.640000 3.230000
v 1.250000 1.640000 3.200000
v 1.235858 1.645858 3.230000
v 1.235858 1.645858 3.200000
v 1.230000 1.660000 3.230000
v 1.230000 1.660000 3.200000
v 1.235858 1.674142 3.230000
v 1.235858 1.674142 3.200000
v 1.250000 1.680000 3.230000
v 1.250000 1.680000 3.200000
v 1.264142 1.674142 3.230000
v 1.264142 1.674142 3.200000
v 1.270000 1.150000 3.200000
v 1.270000 1.150000 3.230000
v 1.264142 1.135858 3.230000
v 1.264142 1.135858 3.200000
v 1.250000 1.130000 3.230000
v 1.250000 1.130000 3.200000
v 1.235858 1.135858 3.230000
v 1.235858 1.135858 3.200000
v 1.230000 1.150000 3.230000
v 1.230000 1.150000 3.200000
v 1.235858 1.164142 3.230000
v 1.235858 1.164142 3.200000
v 1.250000 1.170000 3.230000
v 1.250000 1.170000 3.200000
v 1.264142 1.164142 3.230000
v 1.264142 1.164142 3.200000
v 1.300000 2.430000 3.140000
v 1.330000 2.430000 3.140000
v 1.330000 2.415858 3.145858
v 1.300000 2.415858 3.145858
v 1.330000 2.410000 3.160000
v 1.300000 2.410000 3.160000
v 1.330000 2.415858 3.174142
v 1.300000 2.415858 3.174142
v 1.330000 2.430000 3.180000
v 1.300000 2.430000 3.180000
v 1.330000 2.444142 3.174142
v 1.300000 2.444142 3.174142
v 1.330000 2.450000 3.160000
v 1.300000 2.450000 3.160000
v 1.330000 2.444142 3.145858
v 1.300000 2.444142 3.145858
v 1.300000 2.050000 3.140000
v 1.330000 2.050000 3.140000
v 1.330000 2.035858 3.145858
v 1.300000 2.035858 3.145858
v 1.330000 2.030000 3.160000
v 1.300000 2.030000 3.160000
v 1.330000 2.035858 3.174142
v 1.300000 2.035858 3.174142
v 1.330000 2.050000 3.180000
v 1.300000 2.050000 3.180000
v 1.330000 2.064142 3.174142
v 1.300000 2.064142 3.174142
v 1.330000 2.070000 3.160000
v 1.300000 2.070000 3.160000
v 1.330000 2.064142 3.145858
v 1.300000 2.064142 3.145858
v 1.300000 1.660000 3.140000
v 1.330000 1.660000 3.140000
v 1.330000 1.645858 3.145858
v 1.300000 1.645858 3.145858
v 1.330000 1.640000 3.160000
v 1.300000 1.640000 3.160000
v 1.330000 1.645858 3.174142
v 1.300000 1.645858 3.174142
v 1.330000 1.660000 3.180000
v 1.300000 1.660000 3.180000
v 1.330000 1.674142 3.174142
v 1.300000 1.674142 3.174142
v 1.330000 1.680000 3.160000
v 1.300000 1.680000 3.160000
v 1.330000 1.674142 3.145858
v 1.300000 1.674142 3.145858
v 1.300000 1.150000 3.140000
v 1.330000 1.150000 3.140000
v 1.330000 1.135858 3.145858
v 1.300000 1.135858 3.145858
v 1.330000 1.130000 3.160000
v 1.300000 1.130000 3.160000
v 1.330000 1.135858 3.174142
v 1.300000 1.135858 3.174142
v 1.330000 1.150000 3.180000
v 1.300000 1.150000 3.180000
v 1.330000 1.164142 3.174142
v 1.300000 1.164142 3.174142
v 1.330000 1.170000 3.160000
v 1.300000 1.170000 3.160000
v 1.330000 1.164142 3.145858
v 1.300000 1.164142 3.145858
v 0.350000 2.430000 3.200000
v 0.350000 2.430000 3.230000
v 0.344142 2.415858 3.230000
v 0.344142 2.415858 3.200000
v 0.330000 2.410000 3.230000
v 0.330000 2.410000 3.200000
v 0.315858 2.415858 3.230000
v 0.315858 2.415858 3.200000
v 0.310000 2.430000 3.230000
v 0.310000 2.430000 3.200000
v 0.315858 2.444142 3.230000
v 0.315858 2.444142 3.200000
v 0.330000 2.450000 3.230000
v 0.330000 2.450000 3.200000
v 0.344142 2.444142 3.230000
v 0.344142 2.444142 3.200000
v 0.474142 1.144142 3.200000
v 0.474142 1.144142 3.230000
v 0.460000 1.150000 3.200000
v 0.460000 1.150000 3.230000
v 0.445858 1.144142 3.200000
v 0.445858 1.144142 3.230000
v 0.440000 1.130000 3.200000
v 0.440000 1.130000 3.230000
v 0.445858 1.115858 3.200000
v 0.445858 1.115858 3.230000
v 0.460000 1.110000 3.200000
v 0.460000 1.110000 3.230000
v 0.474142 1.115858 3.200000
v 0.474142 1.115858 3.230000
v 0.480000 1.130000 3.230000
v 0.480000 1.130000 3.200000
v 0.844142 2.454142 3.200000
v 0.844142 2.454142 3.230000
v 0.830000 2.460000 3.200000
v 0.830000 2.460000 3.230000
v 0.815858 2.454142 3.200000
v 0.815858 2.454142 3.230000
v 0.810000 2.440000 3.200000
v 0.810000 2.440000 3.230000
v 0.815858 2.425858 3.200000
v 0.815858 2.425858 3.230000
v 0.830000 2.420000 3.200000
v 0.830000 2.420000 3.230000
v 0.844142 2.425858 3.200000
v 0.844142 2.425858 3.230000
v 0.850000 2.440000 3.230000
v 0.850000 2.440000 3.200000
v 0.350000 1.150000 3.200000
v 0.350000 1.150000 3.230000
v 0.344142 1.135858 3.230000
v 0.344142 1.135858 3.200000
v 0.330000 1.130000 3.230000
v 0.330000 1.130000 3.200000
v 0.315858 1.135858 3.230000
v 0.315858 1.135858 3.200000
v 0.310000 1.150000 3.230000
v 0.310000 1.150000 3.200000
v 0.315858 1.164142 3.230000
v 0.315858 1.164142 3.200000
v 0.330000 1.170000 3.230000
v 0.330000 1.170000 3.200000
v 0.344142 1.164142 3.230000
v 0.344142 1.164142 3.200000
v 1.300000 1.020000 1.230000
v 1.300000 1.140000 1.230000
v 1.300000 1.020000 1.110000
v 1.300000 1.140000 1.110000
v 1.050000 1.020000 1.230000
v 1.050000 1.140000 1.230000
v 1.050000 1.020000 1.110000
v 1.050000 1.140000 1.110000
v -1.050000 1.000000 -3.180000
v -1.050000 1.180000 -3.180000
v -0.900000 1.000000 -3.180000
v -0.900000 1.180000 -3.180000
v -1.050000 1.000000 -3.080000
v -1.050000 1.180000 -3.080000
v -0.900000 1.000000 -3.080000
v -0.900000 1.180000 -3.080000
v 0.000000 1.180000 -3.080000
v 0.000000 1.180000 -3.180000
v 0.000000 1.000000 -3.180000
v 0.000000 1.000000 -3.080000
v -1.050000 0.900000 -3.200000
v -1.050000 1.180000 -3.200000
v -1.050000 0.900000 -3.180000
v -1.050000 1.180000 -3.180000
v 0.000000 0.900000 -3.200000
v 0.000000 1.180000 -3.200000
v 0.000000 0.900000 -3.180000
v 0.000000 1.180000 -3.180000
v -1.300000 1.170000 -3.180000
v -1.300000 1.170000 -3.200000
v -1.300000 1.180000 -3.200000
v -1.300000 1.180000 -3.180000
v -0.990000 0.450000 -0.040000
v -0.990000 1.000000 -0.040000
v -0.950000 0.450000 -0.040000
v -0.950000 1.000000 -0.040000
v -0.990000 0.450000 -0.040000
v -0.990000 1.000000 -1.640000
v -0.990000 0.490000 -0.040000
v -0.990000 1.040000 -1.640000
v -0.950000 0.450000 -0.040000
v -0.950000 1.000000 -1.640000
v -0.950000 0.490000 -0.040000
v -0.950000 1.040000 -1.640000
v -1.290000 1.181000 -3.190000
v -1.290000 1.200000 -3.190000
v 0.000000 1.181000 -3.190000
v 0.000000 1.200000 -3.190000
v -1.200000 1.080000 -0.550000
v -1.200000 1.110000 -0.550000
v -1.200000 1.080000 -0.450000
v -1.200000 1.110000 -0.450000
v -1.040000 1.020000 -0.550000
v -1.040000 1.050000 -0.550000
v -1.040000 1.020000 -0.450000
v -1.040000 1.050000 -0.450000
v -1.300000 1.170000 -3.200000
v -1.300000 1.180000 -3.200000
v -1.050000 1.170000 -3.200000
v -1.050000 1.180000 -3.200000
v -1.200000 1.080000 -0.470000
v -1.200000 1.080000 -0.530000
v -1.200000 1.110000 -0.530000
v -1.200000 1.110000 -0.470000
v -1.040000 1.020000 -0.530000
v -1.040000 1.020000 -0.470000
v -1.040000 1.050000 -0.470000
v -1.040000 1.050000 -0.530000
v -1.230000 1.080000 -0.470000
v -1.230000 1.080000 -0.530000
v -1.230000 1.110000 -0.530000
v -1.230000 1.110000 -0.470000
v -1.255000 1.140000 -0.530000
v -1.255000 1.140000 -0.550000
v -1.255000 1.170000 -0.550000
v -1.255000 1.170000 -0.470000
v -1.255000 1.170000 -0.450000
v -1.255000 1.140000 -0.450000
v -1.255000 1.140000 -0.470000
v -1.255000 1.170000 -0.530000
v -1.270000 1.140000 -3.200000
v -1.270000 1.170000 -3.200000
v -1.050000 1.140000 -3.200000
v -1.050000 1.170000 -3.200000
v -1.070000 1.000000 -3.200000
v -1.070000 1.020000 -3.200000
v -1.050000 1.000000 -3.200000
v -1.050000 1.020000 -3.200000
v -1.200000 1.080000 -1.550000
v -1.200000 1.110000 -1.550000
v -1.200000 1.080000 -1.450000
v -1.200000 1.110000 -1.450000
v -1.040000 1.020000 -1.550000
v -1.040000 1.050000 -1.550000
v -1.040000 1.020000 -1.450000
v -1.040000 1.050000 -1.450000
v -1.200000 1.080000 -1.470000
v -1.200000 1.080000 -1.530000
v -1.200000 1.110000 -1.530000
v -1.200000 1.110000 -1.470000
v -1.040000 1.020000 -1.530000
v -1.040000 1.020000 -1.470000
v -1.040000 1.050000 -1.470000
v -1.040000 1.050000 -1.530000
v -1.230000 1.080000 -1.470000
v -1.230000 1.080000 -1.530000
v -1.230000 1.110000 -1.530000
v -1.230000 1.110000 -1.470000
v -1.255000 1.140000 -1.530000
v -1.255000 1.140000 -1.550000
v -1.255000 1.170000 -1.550000
v -1.255000 1.170000 -1.470000
v -1.255000 1.170000 -1.450000
v -1.255000 1.140000 -1.450000
v -1.255000 1.140000 -1.470000
v -1.255000 1.170000 -1.530000
v -1.200000 1.080000 -2.550000
v -1.200000 1.110000 -2.550000
v -1.200000 1.080000 -2.450000
v -1.200000 1.110000 -2.450000
v -1.040000 1.020000 -2.550000
v -1.040000 1.050000 -2.550000
v -1.040000 1.020000 -2.450000
v -1.040000 1.050000 -2.450000
v -1.200000 1.080000 -2.470000
v -1.200000 1.080000 -2.530000
v -1.200000 1.110000 -2.530000
v -1.200000 1.110000 -2.470000
v -1.040000 1.020000 -2.530000
v -1.040000 1.020000 -2.470000
v -1.040000 1.050000 -2.470000
v -1.040000 1.050000 -2.530000
v -1.230000 1.080000 -2.470000
v -1.230000 1.080000 -2.530000
v -1.230000 1.110000 -2.530000
v -1.230000 1.110000 -2.470000
v -1.255000 1.140000 -2.530000
v -1.255000 1.140000 -2.550000
v -1.255000 1.170000 -2.550000
v -1.255000 1.170000 -2.470000
v -1.255000 1.170000 -2.450000
v -1.255000 1.140000 -2.450000
v -1.255000 1.140000 -2.470000
v -1.255000 1.170000 -2.530000
v -0.650000 1.000000 -3.080000
v -0.650000 1.180000 -3.080000
v -0.500000 1.000000 -3.080000
v -0.500000 1.180000 -3.080000
v -0.250000 1.000000 -3.080000
v -0.250000 1.180000 -3.080000
v -0.150000 1.000000 -3.080000
v -0.150000 1.180000 -3.080000
v -1.300000 1.200000 -3.200000
v -1.300000 2.500000 -3.200000
v -1.300000 1.200000 -3.170000
v -1.300000 2.500000 -3.170000
v 0.000000 1.200000 -3.200000
v 0.000000 2.500000 -3.200000
v 0.000000 1.200000 -3.170000
v 0.000000 2.500000 -3.170000
v -1.320000 2.500000 -3.320000
v -1.320000 2.530000 -3.320000
v -1.320000 2.500000 -3.150000
v -1.320000 2.530000 -3.150000
v 0.000000 2.500000 -3.320000
v 0.000000 2.530000 -3.320000
v 0.000000 2.500000 -3.150000
v 0.000000 2.530000 -3.150000
v -0.400000 1.200000 -3.220000
v -0.400000 2.500000 -3.220000
v -0.400000 1.200000 -3.200000
v -0.400000 2.500000 -3.200000
v -0.280000 1.200000 -3.220000
v -0.280000 2.500000 -3.220000
v -0.280000 1.200000 -3.200000
v -0.280000 2.500000 -3.200000
v -0.400000 0.900000 -3.200000
v -0.400000 0.900000 -3.220000
v -0.370000 0.900000 -3.200000
v -0.370000 0.900000 -3.220000
v -0.400000 1.200000 -3.220000
v -0.400000 2.500000 -3.220000
v -0.380000 1.200000 -3.220000
v -0.380000 2.500000 -3.220000
v -0.400000 1.200000 -3.320000
v -0.400000 2.500000 -3.320000
v -0.380000 1.200000 -3.320000
v -0.380000 2.500000 -3.320000
v -0.380000 0.900000 -3.220000
v -0.400000 0.900000 -3.220000
v -0.380000 0.900000 -3.240000
v -0.400000 0.900000 -3.240000
v -0.400000 1.200000 -3.220000
v -0.780000 2.500000 -3.220000
v -0.400000 1.200000 -3.200000
v -0.780000 2.500000 -3.200000
v -0.520000 1.200000 -3.220000
v -0.900000 2.500000 -3.220000
v -0.520000 1.200000 -3.200000
v -0.900000 2.500000 -3.200000
v -0.400000 0.900000 -3.200000
v -0.400000 0.900000 -3.220000
v -0.430000 0.900000 -3.200000
v -0.430000 0.900000 -3.220000
v -0.400000 1.200000 -3.220000
v -0.780000 2.500000 -3.220000
v -0.420000 1.200000 -3.220000
v -0.800000 2.500000 -3.220000
v -0.400000 1.200000 -3.320000
v -0.780000 2.500000 -3.320000
v -0.420000 1.200000 -3.320000
v -0.800000 2.500000 -3.320000
v -0.420000 0.900000 -3.220000
v -0.400000 0.900000 -3.220000
v -0.420000 0.900000 -3.240000
v -0.400000 0.900000 -3.240000
v -1.300000 1.200000 -3.170000
v -1.300000 2.500000 -3.170000
v -1.270000 1.200000 -3.170000
v -1.270000 2.500000 -3.170000
v -1.320000 1.200000 -2.300000
v -1.320000 2.500000 -2.300000
v -1.300000 1.200000 -2.300000
v -1.300000 2.500000 -2.300000
v -1.320000 1.200000 -2.420000
v -1.320000 2.500000 -2.420000
v -1.300000 1.200000 -2.420000
v -1.300000 2.500000 -2.420000
v -1.300000 1.020000 -2.300000
v -1.320000 1.020000 -2.300000
v -1.300000 1.020000 -2.330000
v -1.320000 1.020000 -2.330000
v -1.320000 1.200000 -2.300000
v -1.320000 2.500000 -2.300000
v -1.320000 1.200000 -2.320000
v -1.320000 2.500000 -2.320000
v -1.400000 1.200000 -2.300000
v -1.400000 2.350000 -2.300000
v -1.400000 1.200000 -2.320000
v -1.400000 2.350000 -2.320000
v -1.320000 1.020000 -2.320000
v -1.320000 1.020000 -2.300000
v -1.340000 1.020000 -2.320000
v -1.340000 1.020000 -2.300000
v -1.280000 2.066667 -3.170000
v -1.280000 1.633333 -3.170000
v -1.250000 2.066667 -3.170000
v -1.250000 1.633333 -3.170000
v -1.300000 2.040000 -3.170000
v -1.300000 2.070000 -3.170000
v -1.280000 2.040000 -3.170000
v -1.280000 2.070000 -3.170000
v -1.300000 1.640000 -3.170000
v -1.300000 1.670000 -3.170000
v -1.280000 1.640000 -3.170000
v -1.280000 1.670000 -3.170000
v -1.300000 1.850000 -3.170000
v -1.310000 1.150000 -3.210001
v -1.310000 2.500000 -3.210001
v -1.310000 1.150000 -3.110000
v -1.310000 2.500000 -3.110000
v -1.300000 1.150000 -3.110000
v -1.300000 1.150000 -3.200001
v -1.300000 2.500000 -3.200001
v -1.300000 2.500000 -3.110000
v -1.210000 1.090000 -3.210001
v -1.210000 2.500000 -3.210001
v -1.210000 1.090000 -3.200001
v -1.210000 2.500000 -3.200001
v -1.320000 2.500000 -3.150000
v -1.320000 2.530000 -3.150000
v -1.240000 2.500000 -3.150000
v -1.240000 2.530000 -3.150000
v -1.320000 1.200000 -1.219999
v -1.320000 2.500000 -1.219999
v -1.300000 1.200000 -1.219999
v -1.300000 2.500000 -1.219999
v -1.320000 1.200000 -1.100000
v -1.320000 2.500000 -1.100000
v -1.300000 1.200000 -1.100000
v -1.300000 2.500000 -1.100000
v -1.300000 1.020000 -1.219999
v -1.320000 1.020000 -1.219999
v -1.300000 1.020000 -1.189999
v -1.320000 1.020000 -1.189999
v -1.320000 1.200000 -1.220000
v -1.320000 2.500000 -1.220000
v -1.320000 1.200000 -1.199999
v -1.320000 2.500000 -1.199999
v -1.400000 1.200000 -1.220000
v -1.400000 2.350000 -1.220000
v -1.400000 1.200000 -1.200000
v -1.400000 2.350000 -1.200000
v -1.320000 1.020000 -1.199999
v -1.320000 1.020000 -1.220000
v -1.340000 1.020000 -1.199999
v -1.340000 1.020000 -1.220000
v -1.300000 1.020000 -2.410000
v -1.300000 1.140000 -2.410000
v -1.300000 1.020000 -2.290000
v -1.300000 1.140000 -2.290000
v -1.050000 1.020000 -2.410000
v -1.050000 1.140000 -2.410000
v -1.050000 1.020000 -2.290000
v -1.050000 1.140000 -2.290000
v -1.300000 1.110000 -1.150000
v -1.340000 1.110000 -1.150000
v -1.340000 1.100000 -2.320000
v -1.300000 1.100000 -2.320000
v -1.340000 1.085858 -2.325858
v -1.300000 1.085858 -2.325858
v -1.340000 1.080000 -2.340000
v -1.300000 1.080000 -2.340000
v -1.340000 1.085858 -2.354142
v -1.300000 1.085858 -2.354142
v -1.340000 1.100000 -2.360000
v -1.300000 1.100000 -2.360000
v -1.340000 1.114142 -2.354142
v -1.300000 1.114142 -2.354142
v -1.340000 1.120000 -2.340000
v -1.300000 1.120000 -2.340000
v -1.340000 1.114142 -2.325858
v -1.300000 1.114142 -2.325858
v -1.340000 1.095858 -1.155858
v -1.300000 1.095858 -1.155858
v -1.340000 1.090000 -1.170000
v -1.300000 1.090000 -1.170000
v -1.340000 1.095858 -1.184142
v -1.300000 1.095858 -1.184142
v -1.340000 1.110000 -1.190000
v -1.300000 1.110000 -1.190000
v -1.340000 1.124142 -1.184142
v -1.300000 1.124142 -1.184142
v -1.340000 1.130000 -1.170000
v -1.300000 1.130000 -1.170000
v -1.340000 1.124142 -1.155858
v -1.300000 1.124142 -1.155858
v -1.300000 2.420000 -1.130000
v -1.340000 2.420000 -1.130000
v -1.340000 2.405858 -1.135858
v -1.300000 2.405858 -1.135858
v -1.340000 2.400000 -1.150000
v -1.300000 2.400000 -1.150000
v -1.340000 2.405858 -1.164142
v -1.300000 2.405858 -1.164142
v -1.340000 2.420000 -1.170000
v -1.300000 2.420000 -1.170000
v -1.340000 2.434142 -1.164142
v -1.300000 2.434142 -1.164142
v -1.340000 2.440000 -1.150000
v -1.300000 2.440000 -1.150000
v -1.340000 2.434142 -1.135858
v -1.300000 2.434142 -1.135858
v -1.300000 2.440000 -2.350000
v -1.340000 2.440000 -2.350000
v -1.340000 2.425858 -2.355858
v -1.300000 2.425858 -2.355858
v -1.340000 2.420000 -2.370000
v -1.300000 2.420000 -2.370000
v -1.340000 2.425858 -2.384142
v -1.300000 2.425858 -2.384142
v -1.340000 2.440000 -2.390000
v -1.300000 2.440000 -2.390000
v -1.340000 2.454142 -2.384142
v -1.300000 2.454142 -2.384142
v -1.340000 2.460000 -2.370000
v -1.300000 2.460000 -2.370000
v -1.340000 2.454142 -2.355858
v -1.300000 2.454142 -2.355858
v -1.270000 2.430000 -3.200000
v -1.270000 2.430000 -3.230000
v -1.264142 2.415858 -3.230000
v -1.264142 2.415858 -3.200000
v -1.250000 2.410000 -3.230000
v -1.250000 2.410000 -3.200000
v -1.235858 2.415858 -3.230000
v -1.235858 2.415858 -3.200000
v -1.230000 2.430000 -3.230000
v -1.230000 2.430000 -3.200000
v -1.235858 2.444142 -3.230000
v -1.235858 2.444142 -3.200000
v -1.250000 2.450000 -3.230000
v -1.250000 2.450000 -3.200000
v -1.264142 2.444142 -3.230000
v -1.264142 2.444142 -3.200000
v -1.270000 2.050000 -3.200000
v -1.270000 2.050000 -3.230000
v -1.264142 2.035858 -3.230000
v -1.264142 2.035858 -3.200000
v -1.250000 2.030000 -3.230000
v -1.250000 2.030000 -3.200000
v -1.235858 2.035858 -3.230000
v -1.235858 2.035858 -3.200000
v -1.230000 2.050000 -3.230000
v -1.230000 2.050000 -3.200000
v -1.235858 2.064142 -3.230000
v -1.235858 2.064142 -3.200000
v -1.250000 2.070000 -3.230000
v -1.250000 2.070000 -3.200000
v -1.264142 2.064142 -3.230000
v -1.264142 2.064142 -3.200000
v -1.270000 1.660000 -3.200000
v -1.270000 1.660000 -3.230000
v -1.264142 1.645858 -3.230000
v -1.264142 1.645858 -3.200000
v -1.250000 1.640000 -3.230000
v -1.250000 1.640000 -3.200000
v -1.235858 1.645858 -3.230000
v -1.235858 1.645858 -3.200000
v -1.230000 1.660000 -3.230000
v -1.230000 1.660000 -3.200000
v -1.235858 1.674142 -3.230000
v -1.235858 1.674142 -3.200000
v -1.250000 1.680000 -3.230000
v -1.250000 1.680000 -3.200000
v -1.264142 1.674142 -3.230000
v -1.264142 1.674142 -3.200000
v -1.270000 1.150000 -3.200000
v -1.270000 1.150000 -3.230000
v -1.264142 1.135858 -3.230000
v -1.264142 1.135858 -3.200000
v -1.250000 1.130000 -3.230000
v -1.250000 1.130000 -3.200000
v -1.235858 1.135858 -3.230000
v -1.235858 1.135858 -3.200000
v -1.230000 1.150000 -3.230000
v -1.230000 1.150000 -3.200000
v -1.235858 1.164142 -3.230000
v -1.235858 1.164142 -3.200000
v -1.250000 1.170000 -3.230000
v -1.250000 1.170000 -3.200000
v -1.264142 1.164142 -3.230000
v -1.264142 1.164142 -3.200000
v -1.300000 2.430000 -3.140000
v -1.330000 2.430000 -3.140000
v -1.330000 2.415858 -3.145858
v -1.300000 2.415858 -3.145858
v -1.330000 2.410000 -3.160000
v -1.300000 2.410000 -3.160000
v -1.330000 2.415858 -3.174142
v -1.300000 2.415858 -3.174142
v -1.330000 2.430000 -3.180000
v -1.300000 2.430000 -3.180000
v -1.330000 2.444142 -3.174142
v -1.300000 2.444142 -3.174142
v -1.330000 2.450000 -3.160000
v -1.300000 2.450000 -3.160000
v -1.330000 2.444142 -3.145858
v -1.300000 2.444142 -3.145858
v -1.300000 2.050000 -3.140000
v -1.330000 2.050000 -3.140000
v -1.330000 2.035858 -3.145858
v -1.300000 2.035858 -3.145858
v -1.330000 2.030000 -3.160000
v -1.300000 2.030000 -3.160000
v -1.330000 2.035858 -3.174142
v -1.300000 2.035858 -3.174142
v -1.330000 2.050000 -3.180000
v -1.300000 2.050000 -3.180000
v -1.330000 2.064142 -3.174142
v -1.300000 2.064142 -3.174142
v -1.330000 2.070000 -3.160000
v -1.300000 2.070000 -3.160000
v -1.330000 2.064142 -3.145858
v -1.300000 2.064142 -3.145858
v -1.300000 1.660000 -3.140000
v -1.330000 1.660000 -3.140000
v -1.330000 1.645858 -3.145858
v -1.300000 1.645858 -3.145858
v -1.330000 1.640000 -3.160000
v -1.300000 1.640000 -3.160000
v -1.330000 1.645858 -3.174142
v -1.300000 1.645858 -3.174142
v -1.330000 1.660000 -3.180000
v -1.300000 1.660000 -3.180000
v -1.330000 1.674142 -3.174142
v -1.300000 1.674142 -3.174142
v -1.330000 1.680000 -3.160000
v -1.300000 1.680000 -3.160000
v -1.330000 1.674142 -3.145858
v -1.300000 1.674142 -3.145858
v -1.300000 1.150000 -3.140000
v -1.330000 1.150000 -3.140000
v -1.330000 1.135858 -3.145858
v -1.300000 1.135858 -3.145858
v -1.330000 1.130000 -3.160000
v -1.300000 1.130000 -3.160000
v -1.330000 1.135858 -3.174142
v -1.300000 1.135858 -3.174142
v -1.330000 1.150000 -3.180000
v -1.300000 1.150000 -3.180000
v -1.330000 1.164142 -3.174142
v -1.300000 1.164142 -3.174142
v -1.330000 1.170000 -3.160000
v -1.300000 1.170000 -3.160000
v -1.330000 1.164142 -3.145858
v -1.300000 1.164142 -3.145858
v -0.350000 2.430000 -3.200000
v -0.350000 2.430000 -3.230000
v -0.344142 2.415858 -3.230000
v -0.344142 2.415858 -3.200000
v -0.330000 2.410000 -3.230000
v -0.330000 2.410000 -3.200000
v -0.315858 2.415858 -3.230000
v -0.315858 2.415858 -3.200000
v -0.310000 2.430000 -3.230000
v -0.310000 2.430000 -3.200000
v -0.315858 2.444142 -3.230000
v -0.315858 2.444142 -3.200000
v -0.330000 2.450000 -3.230000
v -0.330000 2.450000 -3.200000
v -0.344142 2.444142 -3.230000
v -0.344142 2.444142 -3.200000
v -0.474142 1.144142 -3.200000
v -0.474142 1.144142 -3.230000
v -0.460000 1.150000 -3.200000
v -0.460000 1.150000 -3.230000
v -0.445858 1.144142 -3.200000
v -0.445858 1.144142 -3.230000
v -0.440000 1.130000 -3.200000
v -0.440000 1.130000 -3.230000
v -0.445858 1.115858 -3.200000
v -0.445858 1.115858 -3.230000
v -0.460000 1.110000 -3.200000
v -0.460000 1.110000 -3.230000
v -0.474142 1.115858 -3.200000
v -0.474142 1.115858 -3.230000
v -0.480000 1.130000 -3.230000
v -0.480000 1.130000 -3.200000
v -0.844142 2.454142 -3.200000
v -0.844142 2.454142 -3.230000
v -0.830000 2.460000 -3.200000
v -0.830000 2.460000 -3.230000
v -0.815858 2.454142 -3.200000
v -0.815858 2.454142 -3.230000
v -0.810000 2.440000 -3.200000
v -0.810000 2.440000 -3.230000
v -0.815858 2.425858 -3.200000
v -0.815858 2.425858 -3.230000
v -0.830000 2.420000 -3.200000
v -0.830000 2.420000 -3.230000
v -0.844142 2.425858 -3.200000
v -0.844142 2.425858 -3.230000
v -0.850000 2.440000 -3.230000
v -0.850000 2.440000 -3.200000
v -0.350000 1.150000 -3.200000
v -0.350000 1.150000 -3.230000
v -0.344142 1.135858 -3.230000
v -0.344142 1.135858 -3.200000
v -0.330000 1.130000 -3.230000
v -0.330000 1.130000 -3.200000
v -0.315858 1.135858 -3.230000
v -0.315858 1.135858 -3.200000
v -0.310000 1.150000 -3.230000
v -0.310000 1.150000 -3.200000
v -0.315858 1.164142 -3.230000
v -0.315858 1.164142 -3.200000
v -0.330000 1.170000 -3.230000
v -0.330000 1.170000 -3.200000
v -0.344142 1.164142 -3.230000
v -0.344142 1.164142 -3.200000
v -1.300000 1.020000 -1.230000
v -1.300000 1.140000 -1.230000
v -1.300000 1.020000 -1.110000
v -1.300000 1.140000 -1.110000
v -1.050000 1.020000 -1.230000
v -1.050000 1.140000 -1.230000
v -1.050000 1.020000 -1.110000
v -1.050000 1.140000 -1.110000
v 1.050000 1.000000 -3.180000
v 1.050000 1.180000 -3.180000
v 0.900000 1.000000 -3.180000
v 0.900000 1.180000 -3.180000
v 1.050000 1.000000 -3.080000
v 1.050000 1.180000 -3.080000
v 0.900000 1.000000 -3.080000
v 0.900000 1.180000 -3.080000
v 1.050000 0.900000 -3.200000
v 1.050000 1.180000 -3.200000
v 1.050000 0.900000 -3.180000
v 1.050000 1.180000 -3.180000
v 1.300000 1.170000 -3.180000
v 1.300000 1.170000 -3.200000
v 1.300000 1.180000 -3.200000
v 1.300000 1.180000 -3.180000
v 0.990000 0.450000 -0.040000
v 0.990000 1.000000 -0.040000
v 0.950000 0.450000 -0.040000
v 0.950000 1.000000 -0.040000
v 0.990000 0.450000 -0.040000
v 0.990000 1.000000 -1.640000
v 0.990000 0.490000 -0.040000
v 0.990000 1.040000 -1.640000
v 0.950000 0.450000 -0.040000
v 0.950000 1.000000 -1.640000
v 0.950000 0.490000 -0.040000
v 0.950000 1.040000 -1.640000
v 1.290000 1.181000 -3.190000
v 1.290000 1.200000 -3.190000
v 1.200000 1.080000 -0.550000
v 1.200000 1.110000 -0.550000
v 1.200000 1.080000 -0.450000
v 1.200000 1.110000 -0.450000
v 1.040000 1.020000 -0.550000
v 1.040000 1.050000 -0.550000
v 1.040000 1.020000 -0.450000
v 1.040000 1.050000 -0.450000
v 1.300000 1.170000 -3.200000
v 1.300000 1.180000 -3.200000
v 1.050000 1.170000 -3.200000
v 1.050000 1.180000 -3.200000
v 1.200000 1.080000 -0.470000
v 1.200000 1.080000 -0.530000
v 1.200000 1.110000 -0.530000
v 1.200000 1.110000 -0.470000
v 1.040000 1.020000 -0.530000
v 1.040000 1.020000 -0.470000
v 1.040000 1.050000 -0.470000
v 1.040000 1.050000 -0.530000
v 1.230000 1.080000 -0.470000
v 1.230000 1.080000 -0.530000
v 1.230000 1.110000 -0.530000
v 1.230000 1.110000 -0.470000
v 1.255000 1.140000 -0.530000
v 1.255000 1.140000 -0.550000
v 1.255000 1.170000 -0.550000
v 1.255000 1.170000 -0.470000
v 1.255000 1.170000 -0.450000
v 1.255000 1.140000 -0.450000
v 1.255000 1.140000 -0.470000
v 1.255000 1.170000 -0.530000
v 1.270000 1.140000 -3.200000
v 1.270000 1.170000 -3.200000
v 1.050000 1.140000 -3.200000
v 1.050000 1.170000 -3.200000
v 1.070000 1.000000 -3.200000
v 1.070000 1.020000 -3.200000
v 1.050000 1.000000 -3.200000
v 1.050000 1.020000 -3.200000
v 1.200000 1.080000 -1.550000
v 1.200000 1.110000 -1.550000
v 1.200000 1.080000 -1.450000
v 1.200000 1.110000 -1.450000
v 1.040000 1.020000 -1.550000
v 1.040000 1.050000 -1.550000
v 1.040000 1.020000 -1.450000
v 1.040000 1.050000 -1.450000
v 1.200000 1.080000 -1.470000
v 1.200000 1.080000 -1.530000
v 1.200000 1.110000 -1.530000
v 1.200000 1.110000 -1.470000
v 1.040000 1.020000 -1.530000
v 1.040000 1.020000 -1.470000
v 1.040000 1.050000 -1.470000
v 1.040000 1.050000 -1.530000
v 1.230000 1.080000 -1.470000
v 1.230000 1.080000 -1.530000
v 1.230000 1.110000 -1.530000
v 1.230000 1.110000 -1.470000
v 1.255000 1.140000 -1.530000
v 1.255000 1.140000 -1.550000
v 1.255000 1.170000 -1.550000
v 1.255000 1.170000 -1.470000
v 1.255000 1.170000 -1.450000
v 1.255000 1.140000 -1.450000
v 1.255000 1.140000 -1.470000
v 1.255000 1.170000 -1.530000
v 1.200000 1.080000 -2.550000
v 1.200000 1.110000 -2.550000
v 1.200000 1.080000 -2.450000
v 1.200000 1.110000 -2.450000
v 1.040000 1.020000 -2.550000
v 1.040000 1.050000 -2.550000
v 1.040000 1.020000 -2.450000
v 1.040000 1.050000 -2.450000
v 1.200000 1.080000 -2.470000
v 1.200000 1.080000 -2.530000
v 1.200000 1.110000 -2.530000
v 1.200000 1.110000 -2.470000
v 1.040000 1.020000 -2.530000
v 1.040000 1.020000 -2.470000
v 1.040000 1.050000 -2.470000
v 1.040000 1.050000 -2.530000
v 1.230000 1.080000 -2.470000
v 1.230000 1.080000 -2.530000
v 1.230000 1.110000 -2.530000
v 1.230000 1.110000 -2.470000
v 1.255000 1.140000 -2.530000
v 1.255000 1.140000 -2.550000
v 1.255000 1.170000 -2.550000
v 1.255000 1.170000 -2.470000
v 1.255000 1.170000 -2.450000
v 1.255000 1.140000 -2.450000
v 1.255000 1.140000 -2.470000
v 1.255000 1.170000 -2.530000
v 0.650000 1.000000 -3.080000
v 0.650000 1.180000 -3.080000
v 0.500000 1.000000 -3.080000
v 0.500000 1.180000 -3.080000
v 0.250000 1.000000 -3.080000
v 0.250000 1.180000 -3.080000
v 0.150000 1.000000 -3.080000
v 0.150000 1.180000 -3.080000
v 1.300000 1.200000 -3.200000
v 1.300000 2.500000 -3.200000
v 1.300000 1.200000 -3.170000
v 1.300000 2.500000 -3.170000
v 1.320000 2.500000 -3.320000
v 1.320000 2.530000 -3.320000
v 1.320000 2.500000 -3.150000
v 1.320000 2.530000 -3.150000
v 0.400000 1.200000 -3.220000
v 0.400000 2.500000 -3.220000
v 0.400000 1.200000 -3.200000
v 0.400000 2.500000 -3.200000
v 0.280000 1.200000 -3.220000
v 0.280000 2.500000 -3.220000
v 0.280000 1.200000 -3.200000
v 0.280000 2.500000 -3.200000
v 0.400000 0.900000 -3.200000
v 0.400000 0.900000 -3.220000
v 0.370000 0.900000 -3.200000
v 0.370000 0.900000 -3.220000
v 0.400000 1.200000 -3.220000
v 0.400000 2.500000 -3.220000
v 0.380000 1.200000 -3.220000
v 0.380000 2.500000 -3.220000
v 0.400000 1.200000 -3.320000
v 0.400000 2.500000 -3.320000
v 0.380000 1.200000 -3.320000
v 0.380000 2.500000 -3.320000
v 0.380000 0.900000 -3.220000
v 0.400000 0.900000 -3.220000
v 0.380000 0.900000 -3.240000
v 0.400000 0.900000 -3.240000
v 0.400000 1.200000 -3.220000
v 0.780000 2.500000 -3.220000
v 0.400000 1.200000 -3.200000
v 0.780000 2.500000 -3.200000
v 0.520000 1.200000 -3.220000
v 0.900000 2.500000 -3.220000
v 0.520000 1.200000 -3.200000
v 0.900000 2.500000 -3.200000
v 0.400000 0.900000 -3.200000
v 0.400000 0.900000 -3.220000
v 0.430000 0.900000 -3.200000
v 0.430000 0.900000 -3.220000
v 0.400000 1.200000 -3.220000
v 0.780000 2.500000 -3.220000
v 0.420000 1.200000 -3.220000
v 0.800000 2.500000 -3.220000
v 0.400000 1.200000 -3.320000
v 0.780000 2.500000 -3.320000
v 0.420000 1.200000 -3.320000
v 0.800000 2.500000 -3.320000
v 0.420000 0.900000 -3.220000
v 0.400000 0.900000 -3.220000
v 0.420000 0.900000 -3.240000
v 0.400000 0.900000 -3.240000
v 1.300000 1.200000 -3.170000
v 1.300000 2.500000 -3.170000
v 1.270000 1.200000 -3.170000
v 1.270000 2.500000 -3.170000
v 1.320000 1.200000 -2.300000
v 1.320000 2.500000 -2.300000
v 1.300000 1.200000 -2.300000
v 1.300000 2.500000 -2.300000
v 1.320000 1.200000 -2.420000
v 1.320000 2.500000 -2.420000
v 1.300000 1.200000 -2.420000
v 1.300000 2.500000 -2.420000
v 1.300000 1.020000 -2.300000
v 1.320000 1.020000 -2.300000
v 1.300000 1.020000 -2.330000
v 1.320000 1.020000 -2.330000
v 1.320000 1.200000 -2.300000
v 1.320000 2.500000 -2.300000
v 1.320000 1.200000 -2.320000
v 1.320000 2.500000 -2.320000
v 1.400000 1.200000 -2.300000
v 1.400000 2.350000 -2.300000
v 1.400000 1.200000 -2.320000
v 1.400000 2.350000 -2.320000
v 1.320000 1.020000 -2.320000
v 1.320000 1.020000 -2.300000
v 1.340000 1.020000 -2.320000
v 1.340000 1.020000 -2.300000
v 1.280000 2.066667 -3.170000
v 1.280000 1.633333 -3.170000
v 1.250000 2.066667 -3.170000
v 1.250000 1.633333 -3.170000
v 1.300000 2.040000 -3.170000
v 1.300000 2.070000 -3.170000
v 1.280000 2.040000 -3.170000
v 1.280000 2.070000 -3.170000
v 1.300000 1.640000 -3.170000
v 1.300000 1.670000 -3.170000
v 1.280000 1.640000 -3.170000
v 1.280000 1.670000 -3.170000
v 1.300000 1.850000 -3.170000
v 1.310000 1.150000 -3.210001
v 1.310000 2.500000 -3.210001
v 1.310000 1.150000 -3.110000
v 1.310000 2.500000 -3.110000
v 1.300000 1.150000 -3.110000
v 1.300000 1.150000 -3.200001
v 1.300000 2.500000 -3.200001
v 1.300000 2.500000 -3.110000
v 1.210000 1.090000 -3.210001
v 1.210000 2.500000 -3.210001
v 1.210000 1.090000 -3.200001
v 1.210000 2.500000 -3.200001
v 1.320000 2.500000 -3.150000
v 1.320000 2.530000 -3.150000
v 1.240000 2.500000 -3.150000
v 1.240000 2.530000 -3.150000
v 1.320000 1.200000 -1.219999
v 1.320000 2.500000 -1.219999
v 1.300000 1.200000 -1.219999
v 1.300000 2.500000 -1.219999
v 1.320000 1.200000 -1.100000
v 1.320000 2.500000 -1.100000
v 1.300000 1.200000 -1.100000
v 1.300000 2.500000 -1.100000
v 1.300000 1.020000 -1.219999
v 1.320000 1.020000 -1.219999
v 1.300000 1.020000 -1.189999
v 1.320000 1.020000 -1.189999
v 1.320000 1.200000 -1.220000
v 1.320000 2.500000 -1.220000
v 1.320000 1.200000 -1.199999
v 1.320000 2.500000 -1.199999
v 1.400000 1.200000 -1.220000
v 1.400000 2.350000 -1.220000
v 1.400000 1.200000 -1.200000
v 1.400000 2.350000 -1.200000
v 1.320000 1.020000 -1.199999
v 1.320000 1.020000 -1.220000
v 1.340000 1.020000 -1.199999
v 1.340000 1.020000 -1.220000
v 1.300000 1.020000 -2.410000
v 1.300000 1.140000 -2.410000
v 1.300000 1.020000 -2.290000
v 1.300000 1.140000 -2.290000
v 1.050000 1.020000 -2.410000
v 1.050000 1.140000 -2.410000
v 1.050000 1.020000 -2.290000
v 1.050000 1.140000 -2.290000
v 1.300000 1.110000 -1.150000
v 1.340000 1.110000 -1.150000
v 1.340000 1.100000 -2.320000
v 1.300000 1.100000 -2.320000
v 1.340000 1.085858 -2.325858
v 1.300000 1.085858 -2.325858
v 1.340000 1.080000 -2.340000
v 1.300000 1.080000 -2.340000
v 1.340000 1.085858 -2.354142
v 1.300000 1.085858 -2.354142
v 1.340000 1.100000 -2.360000
v 1.300000 1.100000 -2.360000
v 1.340000 1.114142 -2.354142
v 1.300000 1.114142 -2.354142
v 1.340000 1.120000 -2.340000
v 1.300000 1.120000 -2.340000
v 1.340000 1.114142 -2.325858
v 1.300000 1.114142 -2.325858
v 1.340000 1.095858 -1.155858
v 1.300000 1.095858 -1.155858
v 1.340000 1.090000 -1.170000
v 1.300000 1.090000 -1.170000
v 1.340000 1.095858 -1.184142
v 1.300000 1.095858 -1.184142
v 1.340000 1.110000 -1.190000
v 1.300000 1.110000 -1.190000
v 1.340000 1.124142 -1.184142
v 1.300000 1.124142 -1.184142
v 1.340000 1.130000 -1.170000
v 1.300000 1.130000 -1.170000
v 1.340000 1.124142 -1.155858
v 1.300000 1.124142 -1.155858
v 1.300000 2.420000 -1.130000
v 1.340000 2.420000 -1.130000
v 1.340000 2.405858 -1.135858
v 1.300000 2.405858 -1.135858
v 1.340000 2.400000 -1.150000
v 1.300000 2.400000 -1.150000
v 1.340000 2.405858 -1.164142
v 1.300000 2.405858 -1.164142
v 1.340000 2.420000 -1.170000
v 1.300000 2.420000 -1.170000
v 1.340000 2.434142 -1.164142
v 1.300000 2.434142 -1.164142
v 1.340000 2.440000 -1.150000
v 1.300000 2.440000 -1.150000
v 1.340000 2.434142 -1.135858
v 1.300000 2.434142 -1.135858
v 1.300000 2.440000 -2.350000
v 1.340000 2.440000 -2.350000
v 1.340000 2.425858 -2.355858
v 1.300000 2.425858 -2.355858
v 1.340000 2.420000 -2.370000
v 1.300000 2.420000 -2.370000
v 1.340000 2.425858 -2.384142
v 1.300000 2.425858 -2.384142
v 1.340000 2.440000 -2.390000
v 1.300000 2.440000 -2.390000
v 1.340000 2.454142 -2.384142
v 1.300000 2.454142 -2.384142
v 1.340000 2.460000 -2.370000
v 1.300000 2.460000 -2.370000
v 1.340000 2.454142 -2.355858
v 1.300000 2.454142 -2.355858
v 1.270000 2.430000 -3.200000
v 1.270000 2.430000 -3.230000
v 1.264142 2.415858 -3.230000
v 1.264142 2.415858 -3.200000
v 1.250000 2.410000 -3.230000
v 1.250000 2.410000 -3.200000
v 1.235858 2.415858 -3.230000
v 1.235858 2.415858 -3.200000
v 1.230000 2.430000 -3.230000
v 1.230000 2.430000 -3.200000
v 1.235858 2.444142 -3.230000
v 1.235858 2.444142 -3.200000
v 1.250000 2.450000 -3.230000
v 1.250000 2.450000 -3.200000
v 1.264142 2.444142 -3.230000
v 1.264142 2.444142 -3.200000
v 1.270000 2.050000 -3.200000
v 1.270000 2.050000 -3.230000
v 1.264142 2.035858 -3.230000
v 1.264142 2.035858 -3.200000
v 1.250000 2.030000 -3.230000
v 1.250000 2.030000 -3.200000
v 1.235858 2.035858 -3.230000
v 1.235858 2.035858 -3.200000
v 1.230000 2.050000 -3.230000
v 1.230000 2.050000 -3.200000
v 1.235858 2.064142 -3.230000
v 1.235858 2.064142 -3.200000
v 1.250000 2.070000 -3.230000
v 1.250000 2.070000 -3.200000
v 1.264142 2.064142 -3.230000
v 1.264142 2.064142 -3.200000
v 1.270000 1.660000 -3.200000
v 1.270000 1.660000 -3.230000
v 1.264142 1.645858 -3.230000
v 1.264142 1.645858 -3.200000
v 1.250000 1.640000 -3.230000
v 1.250000 1.640000 -3.200000
v 1.235858 1.645858 -3.230000
v 1.235858 1.645858 -3.200000
v 1.230000 1.660000 -3.230000
v 1.230000 1.660000 -3.200000
v 1.235858 1.674142 -3.230000
v 1.235858 1.674142 -3.200000
v 1.250000 1.680000 -3.230000
v 1.250000 1.680000 -3.200000
v 1.264142 1.674142 -3.230000
v 1.264142 1.674142 -3.200000
v 1.270000 1.150000 -3.200000
v 1.270000 1.150000 -3.230000
v 1.264142 1.135858 -3.230000
v 1.264142 1.135858 -3.200000
v 1.250000 1.130000 -3.230000
v 1.250000 1.130000 -3.200000
v 1.235858 1.135858 -3.230000
v 1.235858 1.135858 -3.200000
v 1.230000 1.150000 -3.230000
v 1.230000 1.150000 -3.200000
v 1.235858 1.164142 -3.230000
v 1.235858 1.164142 -3.200000
v 1.250000 1.170000 -3.230000
v 1.250000 1.170000 -3.200000
v 1.264142 1.164142 -3.230000
v 1.264142 1.164142 -3.200000
v 1.300000 2.430000 -3.140000
v 1.330000 2.430000 -3.140000
v 1.330000 2.415858 -3.145858
v 1.300000 2.415858 -3.145858
v 1.330000 2.410000 -3.160000
v 1.300000 2.410000 -3.160000
v 1.330000 2.415858 -3.174142
v 1.300000 2.415858 -3.174142
v 1.330000 2.430000 -3.180000
v 1.300000 2.430000 -3.180000
v 1.330000 2.444142 -3.174142
v 1.300000 2.444142 -3.174142
v 1.330000 2.450000 -3.160000
v 1.300000 2.450000 -3.160000
v 1.330000 2.444142 -3.145858
v 1.300000 2.444142 -3.145858
v 1.300000 2.050000 -3.140000
v 1.330000 2.050000 -3.140000
v 1.330000 2.035858 -3.145858
v 1.300000 2.035858 -3.145858
v 1.330000 2.030000 -3.160000
v 1.300000 2.030000 -3.160000
v 1.330000 2.035858 -3.174142
v 1.300000 2.035858 -3.174142
v 1.330000 2.050000 -3.180000
v 1.300000 2.050000 -3.180000
v 1.330000 2.064142 -3.174142
v 1.300000 2.064142 -3.174142
v 1.330000 2.070000 -3.160000
v 1.300000 2.070000 -3.160000
v 1.330000 2.064142 -3.145858
v 1.300000 2.064142 -3.145858
v 1.300000 1.660000 -3.140000
v 1.330000 1.660000 -3.140000
v 1.330000 1.645858 -3.145858
v 1.300000 1.645858 -3.145858
v 1.330000 1.640000 -3.160000
v 1.300000 1.640000 -3.160000
v 1.330000 1.645858 -3.174142
v 1.300000 1.645858 -3.174142
v 1.330000 1.660000 -3.180000
v 1.300000 1.660000 -3.180000
v 1.330000 1.674142 -3.174142
v 1.300000 1.674142 -3.174142
v 1.330000 1.680000 -3.160000
v 1.300000 1.680000 -3.160000
v 1.330000 1.674142 -3.145858
v 1.300000 1.674142 -3.145858
v 1.300000 1.150000 -3.140000
v 1.330000 1.150000 -3.140000
v 1.330000 1.135858 -3.145858
v 1.300000 1.135858 -3.145858
v 1.330000 1.130000 -3.160000
v 1.300000 1.130000 -3.160000
v 1.330000 1.135858 -3.174142
v 1.300000 1.135858 -3.174142
v 1.330000 1.150000 -3.180000
v 1.300000 1.150000 -3.180000
v 1.330000 1.164142 -3.174142
v 1.300000 1.164142 -3.174142
v 1.330000 1.170000 -3.160000
v 1.300000 1.170000 -3.160000
v 1.330000 1.164142 -3.145858
v 1.300000 1.164142 -3.145858
v 0.350000 2.430000 -3.200000
v 0.350000 2.430000 -3.230000
v 0.344142 2.415858 -3.230000
v 0.344142 2.415858 -3.200000
v 0.330000 2.410000 -3.230000
v 0.330000 2.410000 -3.200000
v 0.315858 2.415858 -3.230000
v 0.315858 2.415858 -3.200000
v 0.310000 2.430000 -3.230000
v 0.310000 2.430000 -3.200000
v 0.315858 2.444142 -3.230000
v 0.315858 2.444142 -3.200000
v 0.330000 2.450000 -3.230000
v 0.330000 2.450000 -3.200000
v 0.344142 2.444142 -3.230000
v 0.344142 2.444142 -3.200000
v 0.474142 1.144142 -3.200000
v 0.474142 1.144142 -3.230000
v 0.460000 1.150000 -3.200000
v 0.460000 1.150000 -3.230000
v 0.445858 1.144142 -3.200000
v 0.445858 1.144142 -3.230000
v 0.440000 1.130000 -3.200000
v 0.440000 1.130000 -3.230000
v 0.445858 1.115858 -3.200000
v 0.445858 1.115858 -3.230000
v 0.460000 1.110000 -3.200000
v 0.460000 1.110000 -3.230000
v 0.474142 1.115858 -3.200000
v 0.474142 1.115858 -3.230000
v 0.480000 1.130000 -3.230000
v 0.480000 1.130000 -3.200000
v 0.844142 2.454142 -3.200000
v 0.844142 2.454142 -3.230000
v 0.830000 2.460000 -3.200000
v 0.830000 2.460000 -3.230000
v 0.815858 2.454142 -3.200000
v 0.815858 2.454142 -3.230000
v 0.810000 2.440000 -3.200000
v 0.810000 2.440000 -3.230000
v 0.815858 2.425858 -3.200000
v 0.815858 2.425858 -3.230000
v 0.830000 2.420000 -3.200000
v 0.830000 2.420000 -3.230000
v 0.844142 2.425858 -3.200000
v 0.844142 2.425858 -3.230000
v 0.850000 2.440000 -3.230000
v 0.850000 2.440000 -3.200000
v 0.350000 1.150000 -3.200000
v 0.350000 1.150000 -3.230000
v 0.344142 1.135858 -3.230000
v 0.344142 1.135858 -3.200000
v 0.330000 1.130000 -3.230000
v 0.330000 1.130000 -3.200000
v 0.315858 1.135858 -3.230000
v 0.315858 1.135858 -3.200000
v 0.310000 1.150000 -3.230000
v 0.310000 1.150000 -3.200000
v 0.315858 1.164142 -3.230000
v 0.315858 1.164142 -3.200000
v 0.330000 1.170000 -3.230000
v 0.330000 1.170000 -3.200000
v 0.344142 1.164142 -3.230000
v 0.344142 1.164142 -3.200000
v 1.300000 1.020000 -1.230000
v 1.300000 1.140000 -1.230000
v 1.300000 1.020000 -1.110000
v 1.300000 1.140000 -1.110000
v 1.050000 1.020000 -1.230000
v 1.050000 1.140000 -1.230000
v 1.050000 1.020000 -1.110000
v 1.050000 1.140000 -1.110000
v -1.050000 1.000000 3.080000
v -1.050000 1.000000 3.180000
v -1.050000 1.000000 3.180000
v -1.050000 1.180000 3.180000
v -1.050000 1.180000 3.180000
v -1.050000 1.180000 3.080000
v -1.050000 1.180000 0.000000
v -1.050000 1.180000 0.000000
v -1.050000 1.180000 0.000000
v -1.050000 1.180000 0.000000
v -1.050000 1.000000 0.000000
v -1.050000 1.000000 0.000000
v -1.050000 1.000000 0.000000
v -1.050000 1.000000 0.000000
v -0.900000 1.000000 0.000000
v -0.900000 1.000000 0.000000
v -0.900000 1.000000 0.000000
v -0.900000 1.000000 0.000000
v -0.900000 1.180000 0.000000
v -0.900000 1.180000 0.000000
v -0.900000 1.180000 0.000000
v -0.900000 1.180000 0.000000
v -0.900000 1.000000 3.080000
v -0.900000 1.000000 3.080000
v -0.900000 1.000000 3.180000
v -0.900000 1.180000 3.180000
v -0.900000 1.180000 3.080000
v -0.900000 1.180000 3.080000
v 0.000000 1.180000 3.080000
v 0.000000 1.180000 3.080000
v 0.000000 1.180000 3.080000
v 0.000000 1.180000 3.080000
v 0.000000 1.180000 3.180000
v 0.000000 1.180000 3.180000
v 0.000000 1.180000 3.180000
v 0.000000 1.180000 3.180000
v 0.000000 1.000000 3.180000
v 0.000000 1.000000 3.180000
v 0.000000 1.000000 3.180000
v 0.000000 1.000000 3.180000
v 0.000000 1.000000 3.080000
v 0.000000 1.000000 3.080000
v 0.000000 1.000000 3.080000
v 0.000000 1.000000 3.080000
v -1.050000 0.900000 3.180000
v -1.050000 0.900000 3.180000
v -1.050000 0.900000 3.200000
v -1.050000 0.900000 3.200000
v 0.000000 0.900000 3.180000
v 0.000000 0.900000 3.180000
v 0.000000 0.900000 3.180000
v 0.000000 0.900000 3.180000
v -1.050000 1.180000 3.180000
v 0.000000 1.180000 3.180000
v 0.000000 1.180000 3.180000
v 0.000000 1.180000 3.180000
v 0.000000 1.180000 3.180000
v 0.000000 0.900000 3.200000
v 0.000000 0.900000 3.200000
v 0.000000 0.900000 3.200000
v 0.000000 0.900000 3.200000
v 0.000000 1.180000 3.200000
v 0.000000 1.180000 3.200000
v 0.000000 1.180000 3.200000
v 0.000000 1.180000 3.200000
v -1.050000 1.180000 3.200000
v -1.300000 1.170000 3.200000
v -1.300000 1.180000 3.200000
v -1.300000 1.180000 3.200000
v -1.300000 1.180000 3.180000
v -1.300000 1.180000 3.180000
v -1.300000 1.170000 3.180000
v -0.990000 0.450000 0.000000
v -0.990000 0.450000 0.040000
v -0.990000 0.450000 0.040000
v -0.990000 1.000000 0.040000
v -0.950000 0.450000 0.040000
v -0.950000 0.450000 0.040000
v -0.950000 0.450000 0.000000
v -0.950000 1.000000 0.040000
v -0.990000 0.450000 0.040000
v -0.990000 1.000000 1.640000
v -0.990000 1.040000 1.640000
v -0.990000 0.490000 0.040000
v -0.950000 1.040000 1.640000
v -0.950000 0.490000 0.040000
v -0.950000 1.000000 1.640000
v -0.950000 0.450000 0.040000
v -1.290000 1.181000 0.000000
v -1.290000 1.181000 0.000000
v -1.290000 1.181000 0.000000
v -1.290000 1.181000 0.000000
v -1.290000 1.181000 3.190000
v -1.290000 1.181000 3.190000
v -1.290000 1.200000 3.190000
v -1.290000 1.200000 3.190000
v -1.290000 1.200000 0.000000
v -1.290000 1.200000 0.000000
v -1.290000 1.200000 0.000000
v -1.290000 1.200000 0.000000
v 0.000000 1.181000 0.000000
v 0.000000 1.181000 0.000000
v 0.000000 1.181000 0.000000
v 0.000000 1.181000 0.000000
v 0.000000 1.181000 0.000000
v 0.000000 1.181000 0.000000
v 0.000000 1.181000 0.000000
v 0.000000 1.200000 0.000000
v 0.000000 1.200000 0.000000
v 0.000000 1.200000 0.000000
v 0.000000 1.200000 0.000000
v 0.000000 1.200000 0.000000
v 0.000000 1.200000 0.000000
v 0.000000 1.200000 0.000000
v 0.000000 1.181000 3.190000
v 0.000000 1.181000 3.190000
v 0.000000 1.181000 3.190000
v 0.000000 1.181000 3.190000
v 0.000000 1.200000 3.190000
v 0.000000 1.200000 3.190000
v 0.000000 1.200000 3.190000
v 0.000000 1.200000 3.190000
v -1.040000 1.020000 0.450000
v -1.200000 1.080000 0.450000
v -1.200000 1.110000 0.450000
v -1.040000 1.050000 0.450000
v -1.200000 1.080000 0.550000
v -1.040000 1.020000 0.550000
v -1.040000 1.050000 0.550000
v -1.200000 1.110000 0.550000
v -1.300000 1.170000 0.000000
v -1.300000 1.170000 3.200000
v -1.300000 1.180000 3.200000
v -1.300000 1.180000 0.000000
v -1.270000 1.140000 0.000000
v -1.270000 1.140000 3.200000
v -1.200000 1.110000 0.530000
v -1.200000 1.110000 0.530000
v -1.200000 1.080000 0.530000
v -1.200000 1.080000 0.530000
v -1.200000 1.110000 0.470000
v -1.200000 1.110000 0.470000
v -1.200000 1.080000 0.470000
v -1.200000 1.080000 0.470000
v -1.230000 1.080000 0.470000
v -1.230000 1.080000 0.470000
v -1.230000 1.080000 0.530000
v -1.230000 1.080000 0.530000
v -1.230000 1.110000 0.530000
v -1.230000 1.110000 0.530000
v -1.230000 1.110000 0.470000
v -1.230000 1.110000 0.470000
v -1.255000 1.170000 0.530000
v -1.255000 1.170000 0.550000
v -1.255000 1.140000 0.470000
v -1.255000 1.140000 0.450000
v -1.255000 1.170000 0.450000
v -1.255000 1.170000 0.470000
v -1.255000 1.140000 0.550000
v -1.255000 1.140000 0.530000
v -1.270000 1.170000 3.200000
v -1.270000 1.170000 0.000000
v -1.070000 1.000000 0.000000
v -1.070000 1.000000 3.200000
v -1.070000 1.020000 3.200000
v -1.070000 1.020000 0.000000
v -1.040000 1.020000 1.450000
v -1.200000 1.080000 1.450000
v -1.200000 1.110000 1.450000
v -1.040000 1.050000 1.450000
v -1.200000 1.080000 1.550000
v -1.040000 1.020000 1.550000
v -1.040000 1.050000 1.550000
v -1.200000 1.110000 1.550000
v -1.200000 1.110000 1.530000
v -1.200000 1.110000 1.530000
v -1.200000 1.080000 1.530000
v -1.200000 1.080000 1.530000
v -1.200000 1.110000 1.470000
v -1.200000 1.110000 1.470000
v -1.200000 1.080000 1.470000
v -1.200000 1.080000 1.470000
v -1.230000 1.080000 1.470000
v -1.230000 1.080000 1.470000
v -1.230000 1.080000 1.530000
v -1.230000 1.080000 1.530000
v -1.230000 1.110000 1.530000
v -1.230000 1.110000 1.530000
v -1.230000 1.110000 1.470000
v -1.230000 1.110000 1.470000
v -1.255000 1.170000 1.530000
v -1.255000 1.170000 1.550000
v -1.255000 1.140000 1.470000
v -1.255000 1.140000 1.450000
v -1.255000 1.170000 1.450000
v -1.255000 1.170000 1.470000
v -1.255000 1.140000 1.550000
v -1.255000 1.140000 1.530000
v -1.040000 1.020000 2.450000
v -1.200000 1.080000 2.450000
v -1.200000 1.110000 2.450000
v -1.040000 1.050000 2.450000
v -1.200000 1.080000 2.550000
v -1.040000 1.020000 2.550000
v -1.040000 1.050000 2.550000
v -1.200000 1.110000 2.550000
v -1.200000 1.110000 2.530000
v -1.200000 1.110000 2.530000
v -1.200000 1.080000 2.530000
v -1.200000 1.080000 2.530000
v -1.200000 1.110000 2.470000
v -1.200000 1.110000 2.470000
v -1.200000 1.080000 2.470000
v -1.200000 1.080000 2.470000
v -1.230000 1.080000 2.470000
v -1.230000 1.080000 2.470000
v -1.230000 1.080000 2.530000
v -1.230000 1.080000 2.530000
v -1.230000 1.110000 2.530000
v -1.230000 1.110000 2.530000
v -1.230000 1.110000 2.470000
v -1.230000 1.110000 2.470000
v -1.255000 1.170000 2.530000
v -1.255000 1.170000 2.550000
v -1.255000 1.140000 2.470000
v -1.255000 1.140000 2.450000
v -1.255000 1.170000 2.450000
v -1.255000 1.170000 2.470000
v -1.255000 1.140000 2.550000
v -1.255000 1.140000 2.530000
v -0.500000 1.000000 3.080000
v -0.500000 1.000000 0.000000
v -0.650000 1.000000 0.000000
v -0.650000 1.000000 3.080000
v -0.150000 1.000000 3.080000
v -0.150000 1.000000 0.000000
v -0.250000 1.000000 0.000000
v -0.250000 1.000000 3.080000
v -1.300000 1.200000 3.170000
v -1.300000 1.200000 3.170000
v -1.300000 1.200000 3.200000
v -1.300000 1.200000 3.200000
v -1.300000 2.500000 3.200000
v -1.300000 2.500000 3.200000
v -1.300000 2.500000 3.170000
v -1.300000 2.500000 3.170000
v 0.000000 1.200000 3.170000
v 0.000000 1.200000 3.170000
v 0.000000 1.200000 3.170000
v 0.000000 1.200000 3.170000
v 0.000000 2.500000 3.170000
v 0.000000 2.500000 3.170000
v 0.000000 2.500000 3.170000
v 0.000000 2.500000 3.170000
v 0.000000 1.200000 3.200000
v 0.000000 1.200000 3.200000
v 0.000000 1.200000 3.200000
v 0.000000 1.200000 3.200000
v 0.000000 2.500000 3.200000
v 0.000000 2.500000 3.200000
v 0.000000 2.500000 3.200000
v 0.000000 2.500000 3.200000
v -1.320000 2.500000 3.150000
v -1.320000 2.500000 3.150000
v -1.320000 2.500000 3.320000
v -1.320000 2.500000 3.320000
v -1.320000 2.530000 3.320000
v -1.320000 2.530000 3.320000
v -1.320000 2.530000 3.150000
v -1.320000 2.530000 3.150000
v 0.000000 2.500000 3.150000
v 0.000000 2.500000 3.150000
v 0.000000 2.500000 3.150000
v 0.000000 2.500000 3.150000
v 0.000000 2.530000 3.150000
v 0.000000 2.530000 3.150000
v 0.000000 2.530000 3.150000
v 0.000000 2.530000 3.150000
v 0.000000 2.500000 3.320000
v 0.000000 2.500000 3.320000
v 0.000000 2.500000 3.320000
v 0.000000 2.500000 3.320000
v 0.000000 2.530000 3.320000
v 0.000000 2.530000 3.320000
v 0.000000 2.530000 3.320000
v 0.000000 2.530000 3.320000
v -0.400000 1.200000 3.220000
v -0.400000 2.500000 3.220000
v -1.320000 1.200000 2.300000
v -1.320000 2.500000 2.300000
v -0.280000 2.500000 3.220000
v -0.280000 1.200000 3.220000
v -0.400000 0.900000 3.200000
v -0.400000 0.900000 3.220000
v -0.400000 0.900000 3.220000
v -0.370000 0.900000 3.220000
v -0.370000 0.900000 3.220000
v -0.370000 0.900000 3.200000
v -0.380000 2.500000 3.320000
v -0.380000 1.200000 3.320000
v -0.400000 2.500000 3.320000
v -0.400000 1.200000 3.320000
v -0.380000 0.900000 3.240000
v -0.380000 0.900000 3.240000
v -0.380000 0.900000 3.220000
v -0.400000 0.900000 3.240000
v -0.400000 0.900000 3.240000
v -0.400000 0.900000 3.220000
v -0.400000 1.200000 3.220000
v -0.780000 2.500000 3.220000
v -0.900000 2.500000 3.220000
v -0.520000 1.200000 3.220000
v -0.400000 0.900000 3.200000
v -0.400000 0.900000 3.220000
v -0.400000 0.900000 3.220000
v -0.430000 0.900000 3.220000
v -0.430000 0.900000 3.220000
v -0.430000 0.900000 3.200000
v -0.800000 2.500000 3.320000
v -0.420000 1.200000 3.320000
v -0.780000 2.500000 3.320000
v -0.400000 1.200000 3.320000
v -0.420000 0.900000 3.240000
v -0.420000 0.900000 3.240000
v -0.420000 0.900000 3.220000
v -0.400000 0.900000 3.240000
v -0.400000 0.900000 3.240000
v -0.400000 0.900000 3.220000
v -1.270000 1.200000 3.170000
v -1.270000 1.200000 0.000000
v -1.270000 2.500000 0.000000
v -1.270000 2.500000 3.170000
v -1.300000 1.200000 0.000000
v -1.300000 1.200000 3.170000
v -1.300000 2.500000 3.170000
v -1.300000 2.500000 0.000000
v -1.320000 2.500000 2.420000
v -1.320000 1.200000 2.420000
v -1.300000 1.020000 2.300000
v -1.320000 1.020000 2.300000
v -1.320000 1.020000 2.300000
v -1.320000 1.020000 2.330000
v -1.320000 1.020000 2.330000
v -1.300000 1.020000 2.330000
v -1.400000 2.350000 2.320000
v -1.320000 2.500000 2.320000
v -1.400000 1.200000 2.320000
v -1.400000 2.350000 2.300000
v -1.400000 1.200000 2.300000
v -1.320000 2.500000 2.300000
v -1.340000 1.020000 2.320000
v -1.340000 1.020000 2.320000
v -1.320000 1.020000 2.320000
v -1.340000 1.020000 2.300000
v -1.340000 1.020000 2.300000
v -1.320000 1.020000 2.300000
v -1.300000 2.040000 0.000000
v -1.300000 2.040000 3.170000
v -1.300000 2.070000 3.170000
v -1.300000 2.070000 0.000000
v -1.300000 1.640000 0.000000
v -1.300000 1.640000 3.170000
v -1.300000 1.670000 3.170000
v -1.300000 1.670000 0.000000
v -1.310000 1.150000 3.110000
v -1.310000 1.150000 3.110000
v -1.310000 1.150000 3.210001
v -1.310000 1.150000 3.210001
v -1.310000 2.500000 3.210001
v -1.310000 2.500000 3.210001
v -1.310000 2.500000 3.110000
v -1.310000 2.500000 3.110000
v -1.300000 1.150000 3.110000
v -1.300000 1.150000 3.110000
v -1.300000 1.150000 3.200001
v -1.300000 1.150000 3.200001
v -1.300000 2.500000 3.200001
v -1.300000 2.500000 3.200001
v -1.300000 2.500000 3.110000
v -1.300000 2.500000 3.110000
v -1.210000 1.090000 3.210001
v -1.210000 1.090000 3.210001
v -1.210000 2.500000 3.210001
v -1.210000 2.500000 3.210001
v -1.210000 1.090000 3.200001
v -1.210000 1.090000 3.200001
v -1.210000 2.500000 3.200001
v -1.210000 2.500000 3.200001
v -1.320000 2.500000 0.000000
v -1.320000 2.500000 3.150000
v -1.320000 2.530000 3.150000
v -1.320000 2.530000 0.000000
v -1.240000 2.500000 3.150000
v -1.240000 2.500000 0.000000
v -1.240000 2.530000 0.000000
v -1.240000 2.530000 3.150000
v -1.320000 1.200000 1.219999
v -1.320000 2.500000 1.219999
v -1.320000 2.500000 1.100000
v -1.320000 1.200000 1.100000
v -1.300000 1.020000 1.219999
v -1.320000 1.020000 1.219999
v -1.320000 1.020000 1.219999
v -1.320000 1.020000 1.189999
v -1.320000 1.020000 1.189999
v -1.300000 1.020000 1.189999
v -1.400000 2.350000 1.200000
v -1.320000 2.500000 1.199999
v -1.400000 1.200000 1.200000
v -1.400000 2.350000 1.220000
v -1.400000 1.200000 1.220000
v -1.320000 2.500000 1.220000
v -1.340000 1.020000 1.199999
v -1.340000 1.020000 1.199999
v -1.320000 1.020000 1.199999
v -1.340000 1.020000 1.220000
v -1.340000 1.020000 1.220000
v -1.320000 1.020000 1.220000
v -1.300000 1.020000 2.290000
v -1.300000 1.020000 2.290000
v -1.300000 1.020000 2.410000
v -1.300000 1.020000 2.410000
v -1.300000 1.140000 2.410000
v -1.300000 1.140000 2.410000
v -1.300000 1.140000 2.290000
v -1.300000 1.140000 2.290000
v -1.050000 1.020000 2.290000
v -1.050000 1.140000 2.290000
v -1.050000 1.020000 2.410000
v -1.050000 1.140000 2.410000
v -1.340000 1.100000 2.320000
v -1.340000 1.085858 2.325858
v -1.340000 1.090000 1.170000
v -1.340000 1.095858 1.184142
v -1.340000 1.110000 1.190000
v -1.340000 1.124142 1.184142
v -1.340000 1.080000 2.340000
v -1.340000 1.085858 2.354142
v -1.340000 1.095858 1.155858
v -1.340000 1.100000 2.360000
v -1.340000 1.114142 2.354142
v -1.340000 1.120000 2.340000
v -1.340000 1.114142 2.325858
v -1.340000 1.110000 1.150000
v -1.340000 1.130000 1.170000
v -1.340000 1.124142 1.155858
v -1.340000 2.400000 1.150000
v -1.340000 2.405858 1.164142
v -1.340000 2.420000 1.170000
v -1.340000 2.434142 1.164142
v -1.340000 2.405858 1.135858
v -1.340000 2.420000 1.130000
v -1.340000 2.440000 1.150000
v -1.340000 2.434142 1.135858
v -1.340000 2.420000 2.370000
v -1.340000 2.425858 2.384142
v -1.340000 2.440000 2.390000
v -1.340000 2.454142 2.384142
v -1.340000 2.425858 2.355858
v -1.340000 2.440000 2.350000
v -1.340000 2.460000 2.370000
v -1.340000 2.454142 2.355858
v -1.250000 2.410000 3.230000
v -1.235858 2.415858 3.230000
v -1.230000 2.430000 3.230000
v -1.235858 2.444142 3.230000
v -1.264142 2.415858 3.230000
v -1.270000 2.430000 3.230000
v -1.250000 2.450000 3.230000
v -1.264142 2.444142 3.230000
v -1.250000 2.030000 3.230000
v -1.235858 2.035858 3.230000
v -1.230000 2.050000 3.230000
v -1.235858 2.064142 3.230000
v -1.264142 2.035858 3.230000
v -1.270000 2.050000 3.230000
v -1.250000 2.070000 3.230000
v -1.264142 2.064142 3.230000
v -1.250000 1.640000 3.230000
v -1.235858 1.645858 3.230000
v -1.230000 1.660000 3.230000
v -1.235858 1.674142 3.230000
v -1.264142 1.645858 3.230000
v -1.270000 1.660000 3.230000
v -1.250000 1.680000 3.230000
v -1.264142 1.674142 3.230000
v -1.250000 1.130000 3.230000
v -1.235858 1.135858 3.230000
v -1.230000 1.150000 3.230000
v -1.235858 1.164142 3.230000
v -1.264142 1.135858 3.230000
v -1.270000 1.150000 3.230000
v -1.250000 1.170000 3.230000
v -1.264142 1.164142 3.230000
v -1.330000 2.410000 3.160000
v -1.330000 2.415858 3.174142
v -1.330000 2.430000 3.180000
v -1.330000 2.444142 3.174142
v -1.330000 2.415858 3.145858
v -1.330000 2.430000 3.140000
v -1.330000 2.450000 3.160000
v -1.330000 2.444142 3.145858
v -1.330000 2.030000 3.160000
v -1.330000 2.035858 3.174142
v -1.330000 2.050000 3.180000
v -1.330000 2.064142 3.174142
v -1.330000 2.035858 3.145858
v -1.330000 2.050000 3.140000
v -1.330000 2.070000 3.160000
v -1.330000 2.064142 3.145858
v -1.330000 1.640000 3.160000
v -1.330000 1.645858 3.174142
v -1.330000 1.660000 3.180000
v -1.330000 1.674142 3.174142
v -1.330000 1.645858 3.145858
v -1.330000 1.660000 3.140000
v -1.330000 1.680000 3.160000
v -1.330000 1.674142 3.145858
v -1.330000 1.130000 3.160000
v -1.330000 1.135858 3.174142
v -1.330000 1.150000 3.180000
v -1.330000 1.164142 3.174142
v -1.330000 1.135858 3.145858
v -1.330000 1.150000 3.140000
v -1.330000 1.170000 3.160000
v -1.330000 1.164142 3.145858
v -0.330000 2.410000 3.230000
v -0.315858 2.415858 3.230000
v -0.310000 2.430000 3.230000
v -0.315858 2.444142 3.230000
v -0.344142 2.415858 3.230000
v -0.350000 2.430000 3.230000
v -0.330000 2.450000 3.230000
v -0.344142 2.444142 3.230000
v -0.474142 1.144142 3.230000
v -0.480000 1.130000 3.230000
v -0.460000 1.150000 3.230000
v -0.445858 1.144142 3.230000
v -0.474142 1.115858 3.230000
v -0.445858 1.115858 3.230000
v -0.440000 1.130000 3.230000
v -0.460000 1.110000 3.230000
v -0.844142 2.454142 3.230000
v -0.850000 2.440000 3.230000
v -0.830000 2.460000 3.230000
v -0.815858 2.454142 3.230000
v -0.844142 2.425858 3.230000
v -0.815858 2.425858 3.230000
v -0.810000 2.440000 3.230000
v -0.830000 2.420000 3.230000
v -0.330000 1.130000 3.230000
v -0.315858 1.135858 3.230000
v -0.310000 1.150000 3.230000
v -0.315858 1.164142 3.230000
v -0.344142 1.135858 3.230000
v -0.350000 1.150000 3.230000
v -0.330000 1.170000 3.230000
v -0.344142 1.164142 3.230000
v -1.300000 1.020000 1.110000
v -1.300000 1.020000 1.110000
v -1.300000 1.020000 1.230000
v -1.300000 1.020000 1.230000
v -1.300000 1.140000 1.230000
v -1.300000 1.140000 1.230000
v -1.300000 1.140000 1.110000
v -1.300000 1.140000 1.110000
v -1.050000 1.020000 1.110000
v -1.050000 1.140000 1.110000
v -1.050000 1.020000 1.230000
v -1.050000 1.140000 1.230000
v 1.050000 1.000000 3.080000
v 1.050000 1.000000 3.180000
v 1.050000 1.000000 3.180000
v 1.050000 1.180000 3.180000
v 1.050000 1.180000 3.180000
v 1.050000 1.180000 3.080000
v 1.050000 1.180000 0.000000
v 1.050000 1.180000 0.000000
v 1.050000 1.180000 0.000000
v 1.050000 1.180000 0.000000
v 1.050000 1.000000 0.000000
v 1.050000 1.000000 0.000000
v 1.050000 1.000000 0.000000
v 1.050000 1.000000 0.000000
v 0.900000 1.000000 0.000000
v 0.900000 1.000000 0.000000
v 0.900000 1.000000 0.000000
v 0.900000 1.000000 0.000000
v 0.900000 1.180000 0.000000
v 0.900000 1.180000 0.000000
v 0.900000 1.180000 0.000000
v 0.900000 1.180000 0.000000
v 0.900000 1.000000 3.080000
v 0.900000 1.000000 3.080000
v 0.900000 1.000000 3.180000
v 0.900000 1.180000 3.180000
v 0.900000 1.180000 3.080000
v 0.900000 1.180000 3.080000
v 1.050000 0.900000 3.180000
v 1.050000 0.900000 3.180000
v 1.050000 0.900000 3.200000
v 1.050000 0.900000 3.200000
v 1.050000 1.180000 3.180000
v 1.050000 1.180000 3.200000
v 1.300000 1.170000 3.200000
v 1.300000 1.180000 3.200000
v 1.300000 1.180000 3.200000
v 1.300000 1.180000 3.180000
v 1.300000 1.180000 3.180000
v 1.300000 1.170000 3.180000
v 0.990000 0.450000 0.000000
v 0.990000 0.450000 0.040000
v 0.990000 0.450000 0.040000
v 0.990000 1.000000 0.040000
v 0.950000 0.450000 0.040000
v 0.950000 0.450000 0.040000
v 0.950000 0.450000 0.000000
v 0.950000 1.000000 0.040000
v 0.990000 0.450000 0.040000
v 0.990000 1.000000 1.640000
v 0.990000 1.040000 1.640000
v 0.990000 0.490000 0.040000
v 0.950000 1.040000 1.640000
v 0.950000 0.490000 0.040000
v 0.950000 1.000000 1.640000
v 0.950000 0.450000 0.040000
v 1.290000 1.181000 0.000000
v 1.290000 1.181000 0.000000
v 1.290000 1.181000 0.000000
v 1.290000 1.181000 0.000000
v 1.290000 1.181000 3.190000
v 1.290000 1.181000 3.190000
v 1.290000 1.200000 3.190000
v 1.290000 1.200000 3.190000
v 1.290000 1.200000 0.000000
v 1.290000 1.200000 0.000000
v 1.290000 1.200000 0.000000
v 1.290000 1.200000 0.000000
v 1.040000 1.020000 0.450000
v 1.200000 1.080000 0.450000
v 1.200000 1.110000 0.450000
v 1.040000 1.050000 0.450000
v 1.200000 1.080000 0.550000
v 1.040000 1.020000 0.550000
v 1.040000 1.050000 0.550000
v 1.200000 1.110000 0.550000
v 1.300000 1.170000 0.000000
v 1.300000 1.170000 3.200000
v 1.300000 1.180000 3.200000
v 1.300000 1.180000 0.000000
v 1.270000 1.140000 0.000000
v 1.270000 1.140000 3.200000
v 1.200000 1.110000 0.530000
v 1.200000 1.110000 0.530000
v 1.200000 1.080000 0.530000
v 1.200000 1.080000 0.530000
v 1.200000 1.110000 0.470000
v 1.200000 1.110000 0.470000
v 1.200000 1.080000 0.470000
v 1.200000 1.080000 0.470000
v 1.230000 1.080000 0.470000
v 1.230000 1.080000 0.470000
v 1.230000 1.080000 0.530000
v 1.230000 1.080000 0.530000
v 1.230000 1.110000 0.530000
v 1.230000 1.110000 0.530000
v 1.230000 1.110000 0.470000
v 1.230000 1.110000 0.470000
v 1.255000 1.170000 0.530000
v 1.255000 1.170000 0.550000
v 1.255000 1.140000 0.470000
v 1.255000 1.140000 0.450000
v 1.255000 1.170000 0.450000
v 1.255000 1.170000 0.470000
v 1.255000 1.140000 0.550000
v 1.255000 1.140000 0.530000
v 1.270000 1.170000 3.200000
v 1.270000 1.170000 0.000000
v 1.070000 1.000000 0.000000
v 1.070000 1.000000 3.200000
v 1.070000 1.020000 3.200000
v 1.070000 1.020000 0.000000
v 1.040000 1.020000 1.450000
v 1.200000 1.080000 1.450000
v 1.200000 1.110000 1.450000
v 1.040000 1.050000 1.450000
v 1.200000 1.080000 1.550000
v 1.040000 1.020000 1.550000
v 1.040000 1.050000 1.550000
v 1.200000 1.110000 1.550000
v 1.200000 1.110000 1.530000
v 1.200000 1.110000 1.530000
v 1.200000 1.080000 1.530000
v 1.200000 1.080000 1.530000
v 1.200000 1.110000 1.470000
v 1.200000 1.110000 1.470000
v 1.200000 1.080000 1.470000
v 1.200000 1.080000 1.470000
v 1.230000 1.080000 1.470000
v 1.230000 1.080000 1.470000
v 1.230000 1.080000 1.530000
v 1.230000 1.080000 1.530000
v 1.230000 1.110000 1.530000
v 1.230000 1.110000 1.530000
v 1.230000 1.110000 1.470000
v 1.230000 1.110000 1.470000
v 1.255000 1.170000 1.530000
v 1.255000 1.170000 1.550000
v 1.255000 1.140000 1.470000
v 1.255000 1.140000 1.450000
v 1.255000 1.170000 1.450000
v 1.255000 1.170000 1.470000
v 1.255000 1.140000 1.550000
v 1.255000 1.140000 1.530000
v 1.040000 1.020000 2.450000
v 1.200000 1.080000 2.450000
v 1.200000 1.110000 2.450000
v 1.040000 1.050000 2.450000
v 1.200000 1.080000 2.550000
v 1.040000 1.020000 2.550000
v 1.040000 1.050000 2.550000
v 1.200000 1.110000 2.550000
v 1.200000 1.110000 2.530000
v 1.200000 1.110000 2.530000
v 1.200000 1.080000 2.530000
v 1.200000 1.080000 2.530000
v 1.200000 1.110000 2.470000
v 1.200000 1.110000 2.470000
v 1.200000 1.080000 2.470000
v 1.200000 1.080000 2.470000
v 1.230000 1.080000 2.470000
v 1.230000 1.080000 2.470000
v 1.230000 1.080000 2.530000
v 1.230000 1.080000 2.530000
v 1.230000 1.110000 2.530000
v 1.230000 1.110000 2.530000
v 1.230000 1.110000 2.470000
v 1.230000 1.110000 2.470000
v 1.255000 1.170000 2.530000
v 1.255000 1.170000 2.550000
v 1.255000 1.140000 2.470000
v 1.255000 1.140000 2.450000
v 1.255000 1.170000 2.450000
v 1.255000 1.170000 2.470000
v 1.255000 1.140000 2.550000
v 1.255000 1.140000 2.530000
v 0.500000 1.000000 3.080000
v 0.500000 1.000000 0.000000
v 0.650000 1.000000 0.000000
v 0.650000 1.000000 3.080000
v 0.150000 1.000000 3.080000
v 0.150000 1.000000 0.000000
v 0.250000 1.000000 0.000000
v 0.250000 1.000000 3.080000
v 1.300000 1.200000 3.170000
v 1.300000 1.200000 3.170000
v 1.300000 1.200000 3.200000
v 1.300000 1.200000 3.200000
v 1.300000 2.500000 3.200000
v 1.300000 2.500000 3.200000
v 1.300000 2.500000 3.170000
v 1.300000 2.500000 3.170000
v 1.320000 2.500000 3.150000
v 1.320000 2.500000 3.150000
v 1.320000 2.500000 3.320000
v 1.320000 2.500000 3.320000
v 1.320000 2.530000 3.320000
v 1.320000 2.530000 3.320000
v 1.320000 2.530000 3.150000
v 1.320000 2.530000 3.150000
v 0.400000 1.200000 3.220000
v 0.400000 2.500000 3.220000
v 1.320000 1.200000 2.300000
v 1.320000 2.500000 2.300000
v 0.280000 2.500000 3.220000
v 0.280000 1.200000 3.220000
v 0.400000 0.900000 3.200000
v 0.400000 0.900000 3.220000
v 0.400000 0.900000 3.220000
v 0.370000 0.900000 3.220000
v 0.370000 0.900000 3.220000
v 0.370000 0.900000 3.200000
v 0.380000 2.500000 3.320000
v 0.380000 1.200000 3.320000
v 0.400000 2.500000 3.320000
v 0.400000 1.200000 3.320000
v 0.380000 0.900000 3.240000
v 0.380000 0.900000 3.240000
v 0.380000 0.900000 3.220000
v 0.400000 0.900000 3.240000
v 0.400000 0.900000 3.240000
v 0.400000 0.900000 3.220000
v 0.400000 1.200000 3.220000
v 0.780000 2.500000 3.220000
v 0.900000 2.500000 3.220000
v 0.520000 1.200000 3.220000
v 0.400000 0.900000 3.200000
v 0.400000 0.900000 3.220000
v 0.400000 0.900000 3.220000
v 0.430000 0.900000 3.220000
v 0.430000 0.900000 3.220000
v 0.430000 0.900000 3.200000
v 0.800000 2.500000 3.320000
v 0.420000 1.200000 3.320000
v 0.780000 2.500000 3.320000
v 0.400000 1.200000 3.320000
v 0.420000 0.900000 3.240000
v 0.420000 0.900000 3.240000
v 0.420000 0.900000 3.220000
v 0.400000 0.900000 3.240000
v 0.400000 0.900000 3.240000
v 0.400000 0.900000 3.220000
v 1.270000 1.200000 3.170000
v 1.270000 1.200000 0.000000
v 1.270000 2.500000 0.000000
v 1.270000 2.500000 3.170000
v 1.300000 1.200000 0.000000
v 1.300000 1.200000 3.170000
v 1.300000 2.500000 3.170000
v 1.300000 2.500000 0.000000
v 1.320000 2.500000 2.420000
v 1.320000 1.200000 2.420000
v 1.300000 1.020000 2.300000
v 1.320000 1.020000 2.300000
v 1.320000 1.020000 2.300000
v 1.320000 1.020000 2.330000
v 1.320000 1.020000 2.330000
v 1.300000 1.020000 2.330000
v 1.400000 2.350000 2.320000
v 1.320000 2.500000 2.320000
v 1.400000 1.200000 2.320000
v 1.400000 2.350000 2.300000
v 1.400000 1.200000 2.300000
v 1.320000 2.500000 2.300000
v 1.340000 1.020000 2.320000
v 1.340000 1.020000 2.320000
v 1.320000 1.020000 2.320000
v 1.340000 1.020000 2.300000
v 1.340000 1.020000 2.300000
v 1.320000 1.020000 2.300000
v 1.300000 2.040000 0.000000
v 1.300000 2.040000 3.170000
v 1.300000 2.070000 3.170000
v 1.300000 2.070000 0.000000
v 1.300000 1.640000 0.000000
v 1.300000 1.640000 3.170000
v 1.300000 1.670000 3.170000
v 1.300000 1.670000 0.000000
v 1.310000 1.150000 3.110000
v 1.310000 1.150000 3.110000
v 1.310000 1.150000 3.210001
v 1.310000 1.150000 3.210001
v 1.310000 2.500000 3.210001
v 1.310000 2.500000 3.210001
v 1.310000 2.500000 3.110000
v 1.310000 2.500000 3.110000
v 1.300000 1.150000 3.110000
v 1.300000 1.150000 3.110000
v 1.300000 1.150000 3.200001
v 1.300000 1.150000 3.200001
v 1.300000 2.500000 3.200001
v 1.300000 2.500000 3.200001
v 1.300000 2.500000 3.110000
v 1.300000 2.500000 3.110000
v 1.210000 1.090000 3.210001
v 1.210000 1.090000 3.210001
v 1.210000 2.500000 3.210001
v 1.210000 2.500000 3.210001
v 1.210000 1.090000 3.200001
v 1.210000 1.090000 3.200001
v 1.210000 2.500000 3.200001
v 1.210000 2.500000 3.200001
v 1.320000 2.500000 0.000000
v 1.320000 2.500000 3.150000
v 1.320000 2.530000 3.150000
v 1.320000 2.530000 0.000000
v 1.240000 2.500000 3.150000
v 1.240000 2.500000 0.000000
v 1.240000 2.530000 0.000000
v 1.240000 2.530000 3.150000
v 1.320000 1.200000 1.219999
v 1.320000 2.500000 1.219999
v 1.320000 2.500000 1.100000
v 1.320000 1.200000 1.100000
v 1.300000 1.020000 1.219999
v 1.320000 1.020000 1.219999
v 1.320000 1.020000 1.219999
v 1.320000 1.020000 1.189999
v 1.320000 1.020000 1.189999
v 1.300000 1.020000 1.189999
v 1.400000 2.350000 1.200000
v 1.320000 2.500000 1.199999
v 1.400000 1.200000 1.200000
v 1.400000 2.350000 1.220000
v 1.400000 1.200000 1.220000
v 1.320000 2.500000 1.220000
v 1.340000 1.020000 1.199999
v 1.340000 1.020000 1.199999
v 1.320000 1.020000 1.199999
v 1.340000 1.020000 1.220000
v 1.340000 1.020000 1.220000
v 1.320000 1.020000 1.220000
v 1.300000 1.020000 2.290000
v 1.300000 1.020000 2.290000
v 1.300000 1.020000 2.410000
v 1.300000 1.020000 2.410000
v 1.300000 1.140000 2.410000
v 1.300000 1.140000 2.410000
v 1.300000 1.140000 2.290000
v 1.300000 1.140000 2.290000
v 1.050000 1.020000 2.290000
v 1.050000 1.140000 2.290000
v 1.050000 1.020000 2.410000
v 1.050000 1.140000 2.410000
v 1.340000 1.100000 2.320000
v 1.340000 1.085858 2.325858
v 1.340000 1.090000 1.170000
v 1.340000 1.095858 1.184142
v 1.340000 1.110000 1.190000
v 1.340000 1.124142 1.184142
v 1.340000 1.080000 2.340000
v 1.340000 1.085858 2.354142
v 1.340000 1.095858 1.155858
v 1.340000 1.100000 2.360000
v 1.340000 1.114142 2.354142
v 1.340000 1.120000 2.340000
v 1.340000 1.114142 2.325858
v 1.340000 1.110000 1.150000
v 1.340000 1.130000 1.170000
v 1.340000 1.124142 1.155858
v 1.340000 2.400000 1.150000
v 1.340000 2.405858 1.164142
v 1.340000 2.420000 1.170000
v 1.340000 2.434142 1.164142
v 1.340000 2.405858 1.135858
v 1.340000 2.420000 1.130000
v 1.340000 2.440000 1.150000
v 1.340000 2.434142 1.135858
v 1.340000 2.420000 2.370000
v 1.340000 2.425858 2.384142
v 1.340000 2.440000 2.390000
v 1.340000 2.454142 2.384142
v 1.340000 2.425858 2.355858
v 1.340000 2.440000 2.350000
v 1.340000 2.460000 2.370000
v 1.340000 2.454142 2.355858
v 1.250000 2.410000 3.230000
v 1.235858 2.415858 3.230000
v 1.230000 2.430000 3.230000
v 1.235858 2.444142 3.230000
v 1.264142 2.415858 3.230000
v 1.270000 2.430000 3.230000
v 1.250000 2.450000 3.230000
v 1.264142 2.444142 3.230000
v 1.250000 2.030000 3.230000
v 1.235858 2.035858 3.230000
v 1.230000 2.050000 3.230000
v 1.235858 2.064142 3.230000
v 1.264142 2.035858 3.230000
v 1.270000 2.050000 3.230000
v 1.250000 2.070000 3.230000
v 1.264142 2.064142 3.230000
v 1.250000 1.640000 3.230000
v 1.235858 1.645858 3.230000
v 1.230000 1.660000 3.230000
v 1.235858 1.674142 3.230000
v 1.264142 1.645858 3.230000
v 1.270000 1.660000 3.230000
v 1.250000 1.680000 3.230000
v 1.264142 1.674142 3.230000
v 1.250000 1.130000 3.230000
v 1.235858 1.135858 3.230000
v 1.230000 1.150000 3.230000
v 1.235858 1.164142 3.230000
v 1.264142 1.135858 3.230000
v 1.270000 1.150000 3.230000
v 1.250000 1.170000 3.230000
v 1.264142 1.164142 3.230000
v 1.330000 2.410000 3.160000
v 1.330000 2.415858 3.174142
v 1.330000 2.430000 3.180000
v 1.330000 2.444142 3.174142
v 1.330000 2.415858 3.145858
v 1.330000 2.430000 3.140000
v 1.330000 2.450000 3.160000
v 1.330000 2.444142 3.145858
v 1.330000 2.030000 3.160000
v 1.330000 2.035858 3.174142
v 1.330000 2.050000 3.180000
v 1.330000 2.064142 3.174142
v 1.330000 2.035858 3.145858
v 1.330000 2.050000 3.140000
v 1.330000 2.070000 3.160000
v 1.330000 2.064142 3.145858
v 1.330000 1.640000 3.160000
v 1.330000 1.645858 3.174142
v 1.330000 1.660000 3.180000
v 1.330000 1.674142 3.174142
v 1.330000 1.645858 3.145858
v 1.330000 1.660000 3.140000
v 1.330000 1.680000 3.160000
v 1.330000 1.674142 3.145858
v 1.330000 1.130000 3.160000
v 1.330000 1.135858 3.174142
v 1.330000 1.150000 3.180000
v 1.330000 1.164142 3.174142
v 1.330000 1.135858 3.145858
v 1.330000 1.150000 3.140000
v 1.330000 1.170000 3.160000
v 1.330000 1.164142 3.145858
v 0.330000 2.410000 3.230000
v 0.315858 2.415858 3.230000
v 0.310000 2.430000 3.230000
v 0.315858 2.444142 3.230000
v 0.344142 2.415858 3.230000
v 0.350000 2.430000 3.230000
v 0.330000 2.450000 3.230000
v 0.344142 2.444142 3.230000
v 0.474142 1.144142 3.230000
v 0.480000 1.130000 3.230000
v 0.460000 1.150000 3.230000
v 0.445858 1.144142 3.230000
v 0.474142 1.115858 3.230000
v 0.445858 1.115858 3.230000
v 0.440000 1.130000 3.230000
v 0.460000 1.110000 3.230000
v 0.844142 2.454142 3.230000
v 0.850000 2.440000 3.230000
v 0.830000 2.460000 3.230000
v 0.815858 2.454142 3.230000
v 0.844142 2.425858 3.230000
v 0.815858 2.425858 3.230000
v 0.810000 2.440000 3.230000
v 0.830000 2.420000 3.230000
v 0.330000 1.130000 3.230000
v 0.315858 1.135858 3.230000
v 0.310000 1.150000 3.230000
v 0.315858 1.164142 3.230000
v 0.344142 1.135858 3.230000
v 0.350000 1.150000 3.230000
v 0.330000 1.170000 3.230000
v 0.344142 1.164142 3.230000
v 1.300000 1.020000 1.110000
v 1.300000 1.020000 1.110000
v 1.300000 1.020000 1.230000
v 1.300000 1.020000 1.230000
v 1.300000 1.140000 1.230000
v 1.300000 1.140000 1.230000
v 1.300000 1.140000 1.110000
v 1.300000 1.140000 1.110000
v 1.050000 1.020000 1.110000
v 1.050000 1.140000 1.110000
v 1.050000 1.020000 1.230000
v 1.050000 1.140000 1.230000
v -1.050000 1.000000 -3.080000
v -1.050000 1.000000 -3.180000
v -1.050000 1.000000 -3.180000
v -1.050000 1.180000 -3.180000
v -1.050000 1.180000 -3.180000
v -1.050000 1.180000 -3.080000
v -0.900000 1.000000 -3.080000
v -0.900000 1.000000 -3.080000
v -0.900000 1.000000 -3.180000
v -0.900000 1.180000 -3.180000
v -0.900000 1.180000 -3.080000
v -0.900000 1.180000 -3.080000
v 0.000000 1.180000 -3.080000
v 0.000000 1.180000 -3.080000
v 0.000000 1.180000 -3.080000
v 0.000000 1.180000 -3.080000
v 0.000000 1.180000 -3.180000
v 0.000000 1.180000 -3.180000
v 0.000000 1.180000 -3.180000
v 0.000000 1.180000 -3.180000
v 0.000000 1.000000 -3.180000
v 0.000000 1.000000 -3.180000
v 0.000000 1.000000 -3.180000
v 0.000000 1.000000 -3.180000
v 0.000000 1.000000 -3.080000
v 0.000000 1.000000 -3.080000
v 0.000000 1.000000 -3.080000
v 0.000000 1.000000 -3.080000
v -1.050000 0.900000 -3.180000
v -1.050000 0.900000 -3.180000
v -1.050000 0.900000 -3.200000
v -1.050000 0.900000 -3.200000
v 0.000000 0.900000 -3.180000
v 0.000000 0.900000 -3.180000
v 0.000000 0.900000 -3.180000
v 0.000000 0.900000 -3.180000
v -1.050000 1.180000 -3.180000
v 0.000000 1.180000 -3.180000
v 0.000000 1.180000 -3.180000
v 0.000000 1.180000 -3.180000
v 0.000000 1.180000 -3.180000
v 0.000000 0.900000 -3.200000
v 0.000000 0.900000 -3.200000
v 0.000000 0.900000 -3.200000
v 0.000000 0.900000 -3.200000
v 0.000000 1.180000 -3.200000
v 0.000000 1.180000 -3.200000
v 0.000000 1.180000 -3.200000
v 0.000000 1.180000 -3.200000
v -1.050000 1.180000 -3.200000
v -1.300000 1.170000 -3.200000
v -1.300000 1.180000 -3.200000
v -1.300000 1.180000 -3.200000
v -1.300000 1.180000 -3.180000
v -1.300000 1.180000 -3.180000
v -1.300000 1.170000 -3.180000
v -0.990000 0.450000 -0.040000
v -0.990000 0.450000 -0.040000
v -0.990000 1.000000 -0.040000
v -0.950000 0.450000 -0.040000
v -0.950000 0.450000 -0.040000
v -0.950000 1.000000 -0.040000
v -0.990000 0.450000 -0.040000
v -0.990000 1.000000 -1.640000
v -0.990000 1.040000 -1.640000
v -0.990000 0.490000 -0.040000
v -0.950000 1.040000 -1.640000
v -0.950000 0.490000 -0.040000
v -0.950000 1.000000 -1.640000
v -0.950000 0.450000 -0.040000
v -1.290000 1.181000 -3.190000
v -1.290000 1.181000 -3.190000
v -1.290000 1.200000 -3.190000
v -1.290000 1.200000 -3.190000
v 0.000000 1.181000 -3.190000
v 0.000000 1.181000 -3.190000
v 0.000000 1.181000 -3.190000
v 0.000000 1.181000 -3.190000
v 0.000000 1.200000 -3.190000
v 0.000000 1.200000 -3.190000
v 0.000000 1.200000 -3.190000
v 0.000000 1.200000 -3.190000
v -1.040000 1.020000 -0.450000
v -1.200000 1.080000 -0.450000
v -1.200000 1.110000 -0.450000
v -1.040000 1.050000 -0.450000
v -1.200000 1.080000 -0.550000
v -1.040000 1.020000 -0.550000
v -1.040000 1.050000 -0.550000
v -1.200000 1.110000 -0.550000
v -1.300000 1.170000 -3.200000
v -1.300000 1.180000 -3.200000
v -1.270000 1.140000 -3.200000
v -1.200000 1.110000 -0.530000
v -1.200000 1.110000 -0.530000
v -1.200000 1.080000 -0.530000
v -1.200000 1.080000 -0.530000
v -1.200000 1.110000 -0.470000
v -1.200000 1.110000 -0.470000
v -1.200000 1.080000 -0.470000
v -1.200000 1.080000 -0.470000
v -1.230000 1.080000 -0.470000
v -1.230000 1.080000 -0.470000
v -1.230000 1.080000 -0.530000
v -1.230000 1.080000 -0.530000
v -1.230000 1.110000 -0.530000
v -1.230000 1.110000 -0.530000
v -1.230000 1.110000 -0.470000
v -1.230000 1.110000 -0.470000
v -1.255000 1.170000 -0.530000
v -1.255000 1.170000 -0.550000
v -1.255000 1.140000 -0.470000
v -1.255000 1.140000 -0.450000
v -1.255000 1.170000 -0.450000
v -1.255000 1.170000 -0.470000
v -1.255000 1.140000 -0.550000
v -1.255000 1.140000 -0.530000
v -1.270000 1.170000 -3.200000
v -1.070000 1.000000 -3.200000
v -1.070000 1.020000 -3.200000
v -1.040000 1.020000 -1.450000
v -1.200000 1.080000 -1.450000
v -1.200000 1.110000 -1.450000
v -1.040000 1.050000 -1.450000
v -1.200000 1.080000 -1.550000
v -1.040000 1.020000 -1.550000
v -1.040000 1.050000 -1.550000
v -1.200000 1.110000 -1.550000
v -1.200000 1.110000 -1.530000
v -1.200000 1.110000 -1.530000
v -1.200000 1.080000 -1.530000
v -1.200000 1.080000 -1.530000
v -1.200000 1.110000 -1.470000
v -1.200000 1.110000 -1.470000
v -1.200000 1.080000 -1.470000
v -1.200000 1.080000 -1.470000
v -1.230000 1.080000 -1.470000
v -1.230000 1.080000 -1.470000
v -1.230000 1.080000 -1.530000
v -1.230000 1.080000 -1.530000
v -1.230000 1.110000 -1.530000
v -1.230000 1.110000 -1.530000
v -1.230000 1.110000 -1.470000
v -1.230000 1.110000 -1.470000
v -1.255000 1.170000 -1.530000
v -1.255000 1.170000 -1.550000
v -1.255000 1.140000 -1.470000
v -1.255000 1.140000 -1.450000
v -1.255000 1.170000 -1.450000
v -1.255000 1.170000 -1.470000
v -1.255000 1.140000 -1.550000
v -1.255000 1.140000 -1.530000
v -1.040000 1.020000 -2.450000
v -1.200000 1.080000 -2.450000
v -1.200000 1.110000 -2.450000
v -1.040000 1.050000 -2.450000
v -1.200000 1.080000 -2.550000
v -1.040000 1.020000 -2.550000
v -1.040000 1.050000 -2.550000
v -1.200000 1.110000 -2.550000
v -1.200000 1.110000 -2.530000
v -1.200000 1.110000 -2.530000
v -1.200000 1.080000 -2.530000
v -1.200000 1.080000 -2.530000
v -1.200000 1.110000 -2.470000
v -1.200000 1.110000 -2.470000
v -1.200000 1.080000 -2.470000
v -1.200000 1.080000 -2.470000
v -1.230000 1.080000 -2.470000
v -1.230000 1.080000 -2.470000
v -1.230000 1.080000 -2.530000
v -1.230000 1.080000 -2.530000
v -1.230000 1.110000 -2.530000
v -1.230000 1.110000 -2.530000
v -1.230000 1.110000 -2.470000
v -1.230000 1.110000 -2.470000
v -1.255000 1.170000 -2.530000
v -1.255000 1.170000 -2.550000
v -1.255000 1.140000 -2.470000
v -1.255000 1.140000 -2.450000
v -1.255000 1.170000 -2.450000
v -1.255000 1.170000 -2.470000
v -1.255000 1.140000 -2.550000
v -1.255000 1.140000 -2.530000
v -0.500000 1.000000 -3.080000
v -0.650000 1.000000 -3.080000
v -0.150000 1.000000 -3.080000
v -0.250000 1.000000 -3.080000
v -1.300000 1.200000 -3.170000
v -1.300000 1.200000 -3.170000
v -1.300000 1.200000 -3.200000
v -1.300000 1.200000 -3.200000
v -1.300000 2.500000 -3.200000
v -1.300000 2.500000 -3.200000
v -1.300000 2.500000 -3.170000
v -1.300000 2.500000 -3.170000
v 0.000000 1.200000 -3.170000
v 0.000000 1.200000 -3.170000
v 0.000000 1.200000 -3.170000
v 0.000000 1.200000 -3.170000
v 0.000000 2.500000 -3.170000
v 0.000000 2.500000 -3.170000
v 0.000000 2.500000 -3.170000
v 0.000000 2.500000 -3.170000
v 0.000000 1.200000 -3.200000
v 0.000000 1.200000 -3.200000
v 0.000000 1.200000 -3.200000
v 0.000000 1.200000 -3.200000
v 0.000000 2.500000 -3.200000
v 0.000000 2.500000 -3.200000
v 0.000000 2.500000 -3.200000
v 0.000000 2.500000 -3.200000
v -1.320000 2.500000 -3.150000
v -1.320000 2.500000 -3.150000
v -1.320000 2.500000 -3.320000
v -1.320000 2.500000 -3.320000
v -1.320000 2.530000 -3.320000
v -1.320000 2.530000 -3.320000
v -1.320000 2.530000 -3.150000
v -1.320000 2.530000 -3.150000
v 0.000000 2.500000 -3.150000
v 0.000000 2.500000 -3.150000
v 0.000000 2.500000 -3.150000
v 0.000000 2.500000 -3.150000
v 0.000000 2.530000 -3.150000
v 0.000000 2.530000 -3.150000
v 0.000000 2.530000 -3.150000
v 0.000000 2.530000 -3.150000
v 0.000000 2.500000 -3.320000
v 0.000000 2.500000 -3.320000
v 0.000000 2.500000 -3.320000
v 0.000000 2.500000 -3.320000
v 0.000000 2.530000 -3.320000
v 0.000000 2.530000 -3.320000
v 0.000000 2.530000 -3.320000
v 0.000000 2.530000 -3.320000
v -0.400000 1.200000 -3.220000
v -0.400000 2.500000 -3.220000
v -1.320000 1.200000 -2.300000
v -1.320000 2.500000 -2.300000
v -0.280000 2.500000 -3.220000
v -0.280000 1.200000 -3.220000
v -0.400000 0.900000 -3.200000
v -0.400000 0.900000 -3.220000
v -0.400000 0.900000 -3.220000
v -0.370000 0.900000 -3.220000
v -0.370000 0.900000 -3.220000
v -0.370000 0.900000 -3.200000
v -0.380000 2.500000 -3.320000
v -0.380000 1.200000 -3.320000
v -0.400000 2.500000 -3.320000
v -0.400000 1.200000 -3.320000
v -0.380000 0.900000 -3.240000
v -0.380000 0.900000 -3.240000
v -0.380000 0.900000 -3.220000
v -0.400000 0.900000 -3.240000
v -0.400000 0.900000 -3.240000
v -0.400000 0.900000 -3.220000
v -0.400000 1.200000 -3.220000
v -0.780000 2.500000 -3.220000
v -0.900000 2.500000 -3.220000
v -0.520000 1.200000 -3.220000
v -0.400000 0.900000 -3.200000
v -0.400000 0.900000 -3.220000
v -0.400000 0.900000 -3.220000
v -0.430000 0.900000 -3.220000
v -0.430000 0.900000 -3.220000
v -0.430000 0.900000 -3.200000
v -0.800000 2.500000 -3.320000
v -0.420000 1.200000 -3.320000
v -0.780000 2.500000 -3.320000
v -0.400000 1.200000 -3.320000
v -0.420000 0.900000 -3.240000
v -0.420000 0.900000 -3.240000
v -0.420000 0.900000 -3.220000
v -0.400000 0.900000 -3.240000
v -0.400000 0.900000 -3.240000
v -0.400000 0.900000 -3.220000
v -1.270000 1.200000 -3.170000
v -1.270000 2.500000 -3.170000
v -1.300000 1.200000 -3.170000
v -1.300000 2.500000 -3.170000
v -1.320000 2.500000 -2.420000
v -1.320000 1.200000 -2.420000
v -1.300000 1.020000 -2.300000
v -1.320000 1.020000 -2.300000
v -1.320000 1.020000 -2.300000
v -1.320000 1.020000 -2.330000
v -1.320000 1.020000 -2.330000
v -1.300000 1.020000 -2.330000
v -1.400000 2.350000 -2.320000
v -1.320000 2.500000 -2.320000
v -1.400000 1.200000 -2.320000
v -1.400000 2.350000 -2.300000
v -1.400000 1.200000 -2.300000
v -1.320000 2.500000 -2.300000
v -1.340000 1.020000 -2.320000
v -1.340000 1.020000 -2.320000
v -1.320000 1.020000 -2.320000
v -1.340000 1.020000 -2.300000
v -1.340000 1.020000 -2.300000
v -1.320000 1.020000 -2.300000
v -1.300000 2.040000 -3.170000
v -1.300000 2.070000 -3.170000
v -1.300000 1.640000 -3.170000
v -1.300000 1.670000 -3.170000
v -1.310000 1.150000 -3.110000
v -1.310000 1.150000 -3.110000
v -1.310000 1.150000 -3.210001
v -1.310000 1.150000 -3.210001
v -1.310000 2.500000 -3.210001
v -1.310000 2.500000 -3.210001
v -1.310000 2.500000 -3.110000
v -1.310000 2.500000 -3.110000
v -1.300000 1.150000 -3.110000
v -1.300000 1.150000 -3.110000
v -1.300000 1.150000 -3.200001
v -1.300000 1.150000 -3.200001
v -1.300000 2.500000 -3.200001
v -1.300000 2.500000 -3.200001
v -1.300000 2.500000 -3.110000
v -1.300000 2.500000 -3.110000
v -1.210000 1.090000 -3.210001
v -1.210000 1.090000 -3.210001
v -1.210000 2.500000 -3.210001
v -1.210000 2.500000 -3.210001
v -1.210000 1.090000 -3.200001
v -1.210000 1.090000 -3.200001
v -1.210000 2.500000 -3.200001
v -1.210000 2.500000 -3.200001
v -1.320000 2.500000 -3.150000
v -1.320000 2.530000 -3.150000
v -1.240000 2.500000 -3.150000
v -1.240000 2.530000 -3.150000
v -1.320000 1.200000 -1.219999
v -1.320000 2.500000 -1.219999
v -1.320000 2.500000 -1.100000
v -1.320000 1.200000 -1.100000
v -1.300000 1.020000 -1.219999
v -1.320000 1.020000 -1.219999
v -1.320000 1.020000 -1.219999
v -1.320000 1.020000 -1.189999
v -1.320000 1.020000 -1.189999
v -1.300000 1.020000 -1.189999
v -1.400000 2.350000 -1.200000
v -1.320000 2.500000 -1.199999
v -1.400000 1.200000 -1.200000
v -1.400000 2.350000 -1.220000
v -1.400000 1.200000 -1.220000
v -1.320000 2.500000 -1.220000
v -1.340000 1.020000 -1.199999
v -1.340000 1.020000 -1.199999
v -1.320000 1.020000 -1.199999
v -1.340000 1.020000 -1.220000
v -1.340000 1.020000 -1.220000
v -1.320000 1.020000 -1.220000
v -1.300000 1.020000 -2.290000
v -1.300000 1.020000 -2.290000
v -1.300000 1.020000 -2.410000
v -1.300000 1.020000 -2.410000
v -1.300000 1.140000 -2.410000
v -1.300000 1.140000 -2.410000
v -1.300000 1.140000 -2.290000
v -1.300000 1.140000 -2.290000
v -1.050000 1.020000 -2.290000
v -1.050000 1.140000 -2.290000
v -1.050000 1.020000 -2.410000
v -1.050000 1.140000 -2.410000
v -1.340000 1.100000 -2.320000
v -1.340000 1.085858 -2.325858
v -1.340000 1.090000 -1.170000
v -1.340000 1.095858 -1.184142
v -1.340000 1.110000 -1.190000
v -1.340000 1.124142 -1.184142
v -1.340000 1.080000 -2.340000
v -1.340000 1.085858 -2.354142
v -1.340000 1.095858 -1.155858
v -1.340000 1.100000 -2.360000
v -1.340000 1.114142 -2.354142
v -1.340000 1.120000 -2.340000
v -1.340000 1.114142 -2.325858
v -1.340000 1.110000 -1.150000
v -1.340000 1.130000 -1.170000
v -1.340000 1.124142 -1.155858
v -1.340000 2.400000 -1.150000
v -1.340000 2.405858 -1.164142
v -1.340000 2.420000 -1.170000
v -1.340000 2.434142 -1.164142
v -1.340000 2.405858 -1.135858
v -1.340000 2.420000 -1.130000
v -1.340000 2.440000 -1.150000
v -1.340000 2.434142 -1.135858
v -1.340000 2.420000 -2.370000
v -1.340000 2.425858 -2.384142
v -1.340000 2.440000 -2.390000
v -1.340000 2.454142 -2.384142
v -1.340000 2.425858 -2.355858
v -1.340000 2.440000 -2.350000
v -1.340000 2.460000 -2.370000
v -1.340000 2.454142 -2.355858
v -1.250000 2.410000 -3.230000
v -1.235858 2.415858 -3.230000
v -1.230000 2.430000 -3.230000
v -1.235858 2.444142 -3.230000
v -1.264142 2.415858 -3.230000
v -1.270000 2.430000 -3.230000
v -1.250000 2.450000 -3.230000
v -1.264142 2.444142 -3.230000
v -1.250000 2.030000 -3.230000
v -1.235858 2.035858 -3.230000
v -1.230000 2.050000 -3.230000
v -1.235858 2.064142 -3.230000
v -1.264142 2.035858 -3.230000
v -1.270000 2.050000 -3.230000
v -1.250000 2.070000 -3.230000
v -1.264142 2.064142 -3.230000
v -1.250000 1.640000 -3.230000
v -1.235858 1.645858 -3.230000
v -1.230000 1.660000 -3.230000
v -1.235858 1.674142 -3.230000
v -1.264142 1.645858 -3.230000
v -1.270000 1.660000 -3.230000
v -1.250000 1.680000 -3.230000
v -1.264142 1.674142 -3.230000
v -1.250000 1.130000 -3.230000
v -1.235858 1.135858 -3.230000
v -1.230000 1.150000 -3.230000
v -1.235858 1.164142 -3.230000
v -1.264142 1.135858 -3.230000
v -1.270000 1.150000 -3.230000
v -1.250000 1.170000 -3.230000
v -1.264142 1.164142 -3.230000
v -1.330000 2.410000 -3.160000
v -1.330000 2.415858 -3.174142
v -1.330000 2.430000 -3.180000
v -1.330000 2.444142 -3.174142
v -1.330000 2.415858 -3.145858
v -1.330000 2.430000 -3.140000
v -1.330000 2.450000 -3.160000
v -1.330000 2.444142 -3.145858
v -1.330000 2.030000 -3.160000
v -1.330000 2.035858 -3.174142
v -1.330000 2.050000 -3.180000
v -1.330000 2.064142 -3.174142
v -1.330000 2.035858 -3.145858
v -1.330000 2.050000 -3.140000
v -1.330000 2.070000 -3.160000
v -1.330000 2.064142 -3.145858
v -1.330000 1.640000 -3.160000
v -1.330000 1.645858 -3.174142
v -1.330000 1.660000 -3.180000
v -1.330000 1.674142 -3.174142
v -1.330000 1.645858 -3.145858
v -1.330000 1.660000 -3.140000
v -1.330000 1.680000 -3.160000
v -1.330000 1.674142 -3.145858
v -1.330000 1.130000 -3.160000
v -1.330000 1.135858 -3.174142
v -1.330000 1.150000 -3.180000
v -1.330000 1.164142 -3.174142
v -1.330000 1.135858 -3.145858
v -1.330000 1.150000 -3.140000
v -1.330000 1.170000 -3.160000
v -1.330000 1.164142 -3.145858
v -0.330000 2.410000 -3.230000
v -0.315858 2.415858 -3.230000
v -0.310000 2.430000 -3.230000
v -0.315858 2.444142 -3.230000
v -0.344142 2.415858 -3.230000
v -0.350000 2.430000 -3.230000
v -0.330000 2.450000 -3.230000
v -0.344142 2.444142 -3.230000
v -0.474142 1.144142 -3.230000
v -0.480000 1.130000 -3.230000
v -0.460000 1.150000 -3.230000
v -0.445858 1.144142 -3.230000
v -0.474142 1.115858 -3.230000
v -0.445858 1.115858 -3.230000
v -0.440000 1.130000 -3.230000
v -0.460000 1.110000 -3.230000
v -0.844142 2.454142 -3.230000
v -0.850000 2.440000 -3.230000
v -0.830000 2.460000 -3.230000
v -0.815858 2.454142 -3.230000
v -0.844142 2.425858 -3.230000
v -0.815858 2.425858 -3.230000
v -0.810000 2.440000 -3.230000
v -0.830000 2.420000 -3.230000
v -0.330000 1.130000 -3.230000
v -0.315858 1.135858 -3.230000
v -0.310000 1.150000 -3.230000
v -0.315858 1.164142 -3.230000
v -0.344142 1.135858 -3.230000
v -0.350000 1.150000 -3.230000
v -0.330000 1.170000 -3.230000
v -0.344142 1.164142 -3.230000
v -1.300000 1.020000 -1.110000
v -1.300000 1.020000 -1.110000
v -1.300000 1.020000 -1.230000
v -1.300000 1.020000 -1.230000
v -1.300000 1.140000 -1.230000
v -1.300000 1.140000 -1.230000
v -1.300000 1.140000 -1.110000
v -1.300000 1.140000 -1.110000
v -1.050000 1.020000 -1.110000
v -1.050000 1.140000 -1.110000
v -1.050000 1.020000 -1.230000
v -1.050000 1.140000 -1.230000
v 1.050000 1.000000 -3.080000
v 1.050000 1.000000 -3.180000
v 1.050000 1.000000 -3.180000
v 1.050000 1.180000 -3.180000
v 1.050000 1.180000 -3.180000
v 1.050000 1.180000 -3.080000
v 0.900000 1.000000 -3.080000
v 0.900000 1.000000 -3.080000
v 0.900000 1.000000 -3.180000
v 0.900000 1.180000 -3.180000
v 0.900000 1.180000 -3.080000
v 0.900000 1.180000 -3.080000
v 1.050000 0.900000 -3.180000
v 1.050000 0.900000 -3.180000
v 1.050000 0.900000 -3.200000
v 1.050000 0.900000 -3.200000
v 1.050000 1.180000 -3.180000
v 1.050000 1.180000 -3.200000
v 1.300000 1.170000 -3.200000
v 1.300000 1.180000 -3.200000
v 1.300000 1.180000 -3.200000
v 1.300000 1.180000 -3.180000
v 1.300000 1.180000 -3.180000
v 1.300000 1.170000 -3.180000
v 0.990000 0.450000 -0.040000
v 0.990000 0.450000 -0.040000
v 0.990000 1.000000 -0.040000
v 0.950000 0.450000 -0.040000
v 0.950000 0.450000 -0.040000
v 0.950000 1.000000 -0.040000
v 0.990000 0.450000 -0.040000
v 0.990000 1.000000 -1.640000
v 0.990000 1.040000 -1.640000
v 0.990000 0.490000 -0.040000
v 0.950000 1.040000 -1.640000
v 0.950000 0.490000 -0.040000
v 0.950000 1.000000 -1.640000
v 0.950000 0.450000 -0.040000
v 1.290000 1.181000 -3.190000
v 1.290000 1.181000 -3.190000
v 1.290000 1.200000 -3.190000
v 1.290000 1.200000 -3.190000
v 1.040000 1.020000 -0.450000
v 1.200000 1.080000 -0.450000
v 1.200000 1.110000 -0.450000
v 1.040000 1.050000 -0.450000
v 1.200000 1.080000 -0.550000
v 1.040000 1.020000 -0.550000
v 1.040000 1.050000 -0.550000
v 1.200000 1.110000 -0.550000
v 1.300000 1.170000 -3.200000
v 1.300000 1.180000 -3.200000
v 1.270000 1.140000 -3.200000
v 1.200000 1.110000 -0.530000
v 1.200000 1.110000 -0.530000
v 1.200000 1.080000 -0.530000
v 1.200000 1.080000 -0.530000
v 1.200000 1.110000 -0.470000
v 1.200000 1.110000 -0.470000
v 1.200000 1.080000 -0.470000
v 1.200000 1.080000 -0.470000
v 1.230000 1.080000 -0.470000
v 1.230000 1.080000 -0.470000
v 1.230000 1.080000 -0.530000
v 1.230000 1.080000 -0.530000
v 1.230000 1.110000 -0.530000
v 1.230000 1.110000 -0.530000
v 1.230000 1.110000 -0.470000
v 1.230000 1.110000 -0.470000
v 1.255000 1.170000 -0.530000
v 1.255000 1.170000 -0.550000
v 1.255000 1.140000 -0.470000
v 1.255000 1.140000 -0.450000
v 1.255000 1.170000 -0.450000
v 1.255000 1.170000 -0.470000
v 1.255000 1.140000 -0.550000
v 1.255000 1.140000 -0.530000
v 1.270000 1.170000 -3.200000
v 1.070000 1.000000 -3.200000
v 1.070000 1.020000 -3.200000
v 1.040000 1.020000 -1.450000
v 1.200000 1.080000 -1.450000
v 1.200000 1.110000 -1.450000
v 1.040000 1.050000 -1.450000
v 1.200000 1.080000 -1.550000
v 1.040000 1.020000 -1.550000
v 1.040000 1.050000 -1.550000
v 1.200000 1.110000 -1.550000
v 1.200000 1.110000 -1.530000
v 1.200000 1.110000 -1.530000
v 1.200000 1.080000 -1.530000
v 1.200000 1.080000 -1.530000
v 1.200000 1.110000 -1.470000
v 1.200000 1.110000 -1.470000
v 1.200000 1.080000 -1.470000
v 1.200000 1.080000 -1.470000
v 1.230000 1.080000 -1.470000
v 1.230000 1.080000 -1.470000
v 1.230000 1.080000 -1.530000
v 1.230000 1.080000 -1.530000
v 1.230000 1.110000 -1.530000
v 1.230000 1.110000 -1.530000
v 1.230000 1.110000 -1.470000
v 1.230000 1.110000 -1.470000
v 1.255000 1.170000 -1.530000
v 1.255000 1.170000 -1.550000
v 1.255000 1.140000 -1.470000
v 1.255000 1.140000 -1.450000
v 1.255000 1.170000 -1.450000
v 1.255000 1.170000 -1.470000
v 1.255000 1.140000 -1.550000
v 1.255000 1.140000 -1.530000
v 1.040000 1.020000 -2.450000
v 1.200000 1.080000 -2.450000
v 1.200000 1.110000 -2.450000
v 1.040000 1.050000 -2.450000
v 1.200000 1.080000 -2.550000
v 1.040000 1.020000 -2.550000
v 1.040000 1.050000 -2.550000
v 1.200000 1.110000 -2.550000
v 1.200000 1.110000 -2.530000
v 1.200000 1.110000 -2.530000
v 1.200000 1.080000 -2.530000
v 1.200000 1.080000 -2.530000
v 1.200000 1.110000 -2.470000
v 1.200000 1.110000 -2.470000
v 1.200000 1.080000 -2.470000
v 1.200000 1.080000 -2.470000
v 1.230000 1.080000 -2.470000
v 1.230000 1.080000 -2.470000
v 1.230000 1.080000 -2.530000
v 1.230000 1.080000 -2.530000
v 1.230000 1.110000 -2.530000
v 1.230000 1.110000 -2.530000
v 1.230000 1.110000 -2.470000
v 1.230000 1.110000 -2.470000
v 1.255000 1.170000 -2.530000
v 1.255000 1.170000 -2.550000
v 1.255000 1.140000 -2.470000
v 1.255000 1.140000 -2.450000
v 1.255000 1.170000 -2.450000
v 1.255000 1.170000 -2.470000
v 1.255000 1.140000 -2.550000
v 1.255000 1.140000 -2.530000
v 0.500000 1.000000 -3.080000
v 0.650000 1.000000 -3.080000
v 0.150000 1.000000 -3.080000
v 0.250000 1.000000 -3.080000
v 1.300000 1.200000 -3.170000
v 1.300000 1.200000 -3.170000
v 1.300000 1.200000 -3.200000
v 1.300000 1.200000 -3.200000
v 1.300000 2.500000 -3.200000
v 1.300000 2.500000 -3.200000
v 1.300000 2.500000 -3.170000
v 1.300000 2.500000 -3.170000
v 1.320000 2.500000 -3.150000
v 1.320000 2.500000 -3.150000
v 1.320000 2.500000 -3.320000
v 1.320000 2.500000 -3.320000
v 1.320000 2.530000 -3.320000
v 1.320000 2.530000 -3.320000
v 1.320000 2.530000 -3.150000
v 1.320000 2.530000 -3.150000
v 0.400000 1.200000 -3.220000
v 0.400000 2.500000 -3.220000
v 1.320000 1.200000 -2.300000
v 1.320000 2.500000 -2.300000
v 0.280000 2.500000 -3.220000
v 0.280000 1.200000 -3.220000
v 0.400000 0.900000 -3.200000
v 0.400000 0.900000 -3.220000
v 0.400000 0.900000 -3.220000
v 0.370000 0.900000 -3.220000
v 0.370000 0.900000 -3.220000
v 0.370000 0.900000 -3.200000
v 0.380000 2.500000 -3.320000
v 0.380000 1.200000 -3.320000
v 0.400000 2.500000 -3.320000
v 0.400000 1.200000 -3.320000
v 0.380000 0.900000 -3.240000
v 0.380000 0.900000 -3.240000
v 0.380000 0.900000 -3.220000
v 0.400000 0.900000 -3.240000
v 0.400000 0.900000 -3.240000
v 0.400000 0.900000 -3.220000
v 0.400000 1.200000 -3.220000
v 0.780000 2.500000 -3.220000
v 0.900000 2.500000 -3.220000
v 0.520000 1.200000 -3.220000
v 0.400000 0.900000 -3.200000
v 0.400000 0.900000 -3.220000
v 0.400000 0.900000 -3.220000
v 0.430000 0.900000 -3.220000
v 0.430000 0.900000 -3.220000
v 0.430000 0.900000 -3.200000
v 0.800000 2.500000 -3.320000
v 0.420000 1.200000 -3.320000
v 0.780000 2.500000 -3.320000
v 0.400000 1.200000 -3.320000
v 0.420000 0.900000 -3.240000
v 0.420000 0.900000 -3.240000
v 0.420000 0.900000 -3.220000
v 0.400000 0.900000 -3.240000
v 0.400000 0.900000 -3.240000
v 0.400000 0.900000 -3.220000
v 1.270000 1.200000 -3.170000
v 1.270000 2.500000 -3.170000
v 1.300000 1.200000 -3.170000
v 1.300000 2.500000 -3.170000
v 1.320000 2.500000 -2.420000
v 1.320000 1.200000 -2.420000
v 1.300000 1.020000 -2.300000
v 1.320000 1.020000 -2.300000
v 1.320000 1.020000 -2.300000
v 1.320000 1.020000 -2.330000
v 1.320000 1.020000 -2.330000
v 1.300000 1.020000 -2.330000
v 1.400000 2.350000 -2.320000
v 1.320000 2.500000 -2.320000
v 1.400000 1.200000 -2.320000
v 1.400000 2.350000 -2.300000
v 1.400000 1.200000 -2.300000
v 1.320000 2.500000 -2.300000
v 1.340000 1.020000 -2.320000
v 1.340000 1.020000 -2.320000
v 1.320000 1.020000 -2.320000
v 1.340000 1.020000 -2.300000
v 1.340000 1.020000 -2.300000
v 1.320000 1.020000 -2.300000
v 1.300000 2.040000 -3.170000
v 1.300000 2.070000 -3.170000
v 1.300000 1.640000 -3.170000
v 1.300000 1.670000 -3.170000
v 1.310000 1.150000 -3.110000
v 1.310000 1.150000 -3.110000
v 1.310000 1.150000 -3.210001
v 1.310000 1.150000 -3.210001
v 1.310000 2.500000 -3.210001
v 1.310000 2.500000 -3.210001
v 1.310000 2.500000 -3.110000
v 1.310000 2.500000 -3.110000
v 1.300000 1.150000 -3.110000
v 1.300000 1.150000 -3.110000
v 1.300000 1.150000 -3.200001
v 1.300000 1.150000 -3.200001
v 1.300000 2.500000 -3.200001
v 1.300000 2.500000 -3.200001
v 1.300000 2.500000 -3.110000
v 1.300000 2.500000 -3.110000
v 1.210000 1.090000 -3.210001
v 1.210000 1.090000 -3.210001
v 1.210000 2.500000 -3.210001
v 1.210000 2.500000 -3.210001
v 1.210000 1.090000 -3.200001
v 1.210000 1.090000 -3.200001
v 1.210000 2.500000 -3.200001
v 1.210000 2.500000 -3.200001
v 1.320000 2.500000 -3.150000
v 1.320000 2.530000 -3.150000
v 1.240000 2.500000 -3.150000
v 1.240000 2.530000 -3.150000
v 1.320000 1.200000 -1.219999
v 1.320000 2.500000 -1.219999
v 1.320000 2.500000 -1.100000
v 1.320000 1.200000 -1.100000
v 1.300000 1.020000 -1.219999
v 1.320000 1.020000 -1.219999
v 1.320000 1.020000 -1.219999
v 1.320000 1.020000 -1.189999
v 1.320000 1.020000 -1.189999
v 1.300000 1.020000 -1.189999
v 1.400000 2.350000 -1.200000
v 1.320000 2.500000 -1.199999
v 1.400000 1.200000 -1.200000
v 1.400000 2.350000 -1.220000
v 1.400000 1.200000 -1.220000
v 1.320000 2.500000 -1.220000
v 1.340000 1.020000 -1.199999
v 1.340000 1.020000 -1.199999
v 1.320000 1.020000 -1.199999
v 1.340000 1.020000 -1.220000
v 1.340000 1.020000 -1.220000
v 1.320000 1.020000 -1.220000
v 1.300000 1.020000 -2.290000
v 1.300000 1.020000 -2.290000
v 1.300000 1.020000 -2.410000
v 1.300000 1.020000 -2.410000
v 1.300000 1.140000 -2.410000
v 1.300000 1.140000 -2.410000
v 1.300000 1.140000 -2.290000
v 1.300000 1.140000 -2.290000
v 1.050000 1.020000 -2.290000
v 1.050000 1.140000 -2.290000
v 1.050000 1.020000 -2.410000
v 1.050000 1.140000 -2.410000
v 1.340000 1.100000 -2.320000
v 1.340000 1.085858 -2.325858
v 1.340000 1.090000 -1.170000
v 1.340000 1.095858 -1.184142
v 1.340000 1.110000 -1.190000
v 1.340000 1.124142 -1.184142
v 1.340000 1.080000 -2.340000
v 1.340000 1.085858 -2.354142
v 1.340000 1.095858 -1.155858
v 1.340000 1.100000 -2.360000
v 1.340000 1.114142 -2.354142
v 1.340000 1.120000 -2.340000
v 1.340000 1.114142 -2.325858
v 1.340000 1.110000 -1.150000
v 1.340000 1.130000 -1.170000
v 1.340000 1.124142 -1.155858
v 1.340000 2.400000 -1.150000
v 1.340000 2.405858 -1.164142
v 1.340000 2.420000 -1.170000
v 1.340000 2.434142 -1.164142
v 1.340000 2.405858 -1.135858
v 1.340000 2.420000 -1.130000
v 1.340000 2.440000 -1.150000
v 1.340000 2.434142 -1.135858
v 1.340000 2.420000 -2.370000
v 1.340000 2.425858 -2.384142
v 1.340000 2.440000 -2.390000
v 1.340000 2.454142 -2.384142
v 1.340000 2.425858 -2.355858
v 1.340000 2.440000 -2.350000
v 1.340000 2.460000 -2.370000
v 1.340000 2.454142 -2.355858
v 1.250000 2.410000 -3.230000
v 1.235858 2.415858 -3.230000
v 1.230000 2.430000 -3.230000
v 1.235858 2.444142 -3.230000
v 1.264142 2.415858 -3.230000
v 1.270000 2.430000 -3.230000
v 1.250000 2.450000 -3.230000
v 1.264142 2.444142 -3.230000
v 1.250000 2.030000 -3.230000
v 1.235858 2.035858 -3.230000
v 1.230000 2.050000 -3.230000
v 1.235858 2.064142 -3.230000
v 1.264142 2.035858 -3.230000
v 1.270000 2.050000 -3.230000
v 1.250000 2.070000 -3.230000
v 1.264142 2.064142 -3.230000
v 1.250000 1.640000 -3.230000
v 1.235858 1.645858 -3.230000
v 1.230000 1.660000 -3.230000
v 1.235858 1.674142 -3.230000
v 1.264142 1.645858 -3.230000
v 1.270000 1.660000 -3.230000
v 1.250000 1.680000 -3.230000
v 1.264142 1.674142 -3.230000
v 1.250000 1.130000 -3.230000
v 1.235858 1.135858 -3.230000
v 1.230000 1.150000 -3.230000
v 1.235858 1.164142 -3.230000
v 1.264142 1.135858 -3.230000
v 1.270000 1.150000 -3.230000
v 1.250000 1.170000 -3.230000
v 1.264142 1.164142 -3.230000
v 1.330000 2.410000 -3.160000
v 1.330000 2.415858 -3.174142
v 1.330000 2.430000 -3.180000
v 1.330000 2.444142 -3.174142
v 1.330000 2.415858 -3.145858
v 1.330000 2.430000 -3.140000
v 1.330000 2.450000 -3.160000
v 1.330000 2.444142 -3.145858
v 1.330000 2.030000 -3.160000
v 1.330000 2.035858 -3.174142
v 1.330000 2.050000 -3.180000
v 1.330000 2.064142 -3.174142
v 1.330000 2.035858 -3.145858
v 1.330000 2.050000 -3.140000
v 1.330000 2.070000 -3.160000
v 1.330000 2.064142 -3.145858
v 1.330000 1.640000 -3.160000
v 1.330000 1.645858 -3.174142
v 1.330000 1.660000 -3.180000
v 1.330000 1.674142 -3.174142
v 1.330000 1.645858 -3.145858
v 1.330000 1.660000 -3.140000
v 1.330000 1.680000 -3.160000
v 1.330000 1.674142 -3.145858
v 1.330000 1.130000 -3.160000
v 1.330000 1.135858 -3.174142
v 1.330000 1.150000 -3.180000
v 1.330000 1.164142 -3.174142
v 1.330000 1.135858 -3.145858
v 1.330000 1.150000 -3.140000
v 1.330000 1.170000 -3.160000
v 1.330000 1.164142 -3.145858
v 0.330000 2.410000 -3.230000
v 0.315858 2.415858 -3.230000
v 0.310000 2.430000 -3.230000
v 0.315858 2.444142 -3.230000
v 0.344142 2.415858 -3.230000
v 0.350000 2.430000 -3.230000
v 0.330000 2.450000 -3.230000
v 0.344142 2.444142 -3.230000
v 0.474142 1.144142 -3.230000
v 0.480000 1.130000 -3.230000
v 0.460000 1.150000 -3.230000
v 0.445858 1.144142 -3.230000
v 0.474142 1.115858 -3.230000
v 0.445858 1.115858 -3.230000
v 0.440000 1.130000 -3.230000
v 0.460000 1.110000 -3.230000
v 0.844142 2.454142 -3.230000
v 0.850000 2.440000 -3.230000
v 0.830000 2.460000 -3.230000
v 0.815858 2.454142 -3.230000
v 0.844142 2.425858 -3.230000
v 0.815858 2.425858 -3.230000
v 0.810000 2.440000 -3.230000
v 0.830000 2.420000 -3.230000
v 0.330000 1.130000 -3.230000
v 0.315858 1.135858 -3.230000
v 0.310000 1.150000 -3.230000
v 0.315858 1.164142 -3.230000
v 0.344142 1.135858 -3.230000
v 0.350000 1.150000 -3.230000
v 0.330000 1.170000 -3.230000
v 0.344142 1.164142 -3.230000
v 1.300000 1.020000 -1.110000
v 1.300000 1.020000 -1.110000
v 1.300000 1.020000 -1.230000
v 1.300000 1.020000 -1.230000
v 1.300000 1.140000 -1.230000
v 1.300000 1.140000 -1.230000
v 1.300000 1.140000 -1.110000
v 1.300000 1.140000 -1.110000
v 1.050000 1.020000 -1.110000
v 1.050000 1.140000 -1.110000
v 1.050000 1.020000 -1.230000
v 1.050000 1.140000 -1.230000
vn -1.0000 -0.0000 -0.0000
vn -0.0000 -1.0000 -0.0000
vn -0.0000 1.0000 -0.0000
vn -0.0000 -0.0000 1.0000
vn 1.0000 -0.0000 -0.0000
vn -0.0000 -0.0000 -1.0000
vn -0.7338 -0.6794 -0.0000
vn -0.0000 -0.9457 0.3251
vn -0.0000 0.9457 -0.3251
vn 0.5595 0.8288 -0.0000
vn -0.5595 -0.8288 -0.0000
vn -0.3511 -0.9363 -0.0000
vn 0.3511 0.9363 -0.0000
vn 0.7372 0.6757 -0.0000
vn -0.7372 -0.6757 -0.0000
vn 0.9894 -0.1452 -0.0000
vn 0.9578 -0.2873 -0.0000
vn -0.0000 -0.1299 0.9915
vn -0.0000 -0.2577 0.9662
vn 0.9899 0.1417 -0.0000
vn 0.9598 0.2806 -0.0000
vn -0.9588 -0.2840 -0.0000
vn -0.9598 -0.2806 -0.0000
vn -0.9578 -0.2873 -0.0000
vn -0.9899 -0.1417 -0.0000
vn 0.9880 0.1545 -0.0000
vn -0.0000 -0.1191 0.9929
vn -0.9989 0.0461 -0.0000
vn 0.9989 -0.0461 -0.0000
vn 0.9989 0.0461 -0.0000
vn -0.9989 -0.0461 -0.0000
vn -0.0000 -0.2298 0.9732
vn -0.0000 -0.4472 0.8944
vn -0.8824 0.4706 -0.0000
vn -0.9871 -0.1602 -0.0000
vn -0.9701 0.2425 -0.0000
vn -0.9487 -0.3162 -0.0000
vn -0.9997 -0.0230 -0.0000
vn -0.9997 0.0230 -0.0000
vn 0.9997 0.0231 -0.0000
vn 0.9997 -0.0231 -0.0000
vn -0.5159 -0.8169 -0.2580
vn -0.0000 -0.2298 -0.9732
vn -0.0000 -0.4472 -0.8944
vn -0.0000 -0.7071 -0.7071
vn -0.0000 -0.7071 0.7071
vn -0.0000 0.7071 0.7071
vn -0.0000 0.7071 -0.7071
vn -0.7071 -0.7071 -0.0000
vn 0.7071 -0.7071 -0.0000
vn 0.7071 0.7071 -0.0000
vn -0.7071 0.7071 -0.0000
vn 0.7338 -0.6794 -0.0000
vn -0.5595 0.8288 -0.0000
vn 0.5595 -0.8288 -0.0000
vn 0.3511 -0.9363 -0.0000
vn -0.3511 0.9363 -0.0000
vn -0.7372 0.6757 -0.0000
vn 0.7372 -0.6757 -0.0000
vn -0.9894 -0.1452 -0.0000
vn -0.9899 0.1417 -0.0000
vn -0.9598 0.2806 -0.0000
vn 0.9588 -0.2840 -0.0000
vn 0.9598 -0.2806 -0.0000
vn 0.9899 -0.1417 -0.0000
vn -0.9880 0.1545 -0.0000
vn 0.8824 0.4706 -0.0000
vn 0.9871 -0.1602 -0.0000
vn 0.9701 0.2425 -0.0000
vn 0.9487 -0.3162 -0.0000
vn 0.9997 -0.0230 -0.0000
vn 0.9997 0.0230 -0.0000
vn -0.9997 0.0231 -0.0000
vn -0.9997 -0.0231 -0.0000
vn 0.5159 -0.8169 -0.2580
vn -0.0000 -0.9457 -0.3251
vn -0.0000 0.9457 0.3251
vn -0.0000 -0.1299 -0.9915
vn -0.0000 -0.2577 -0.9662
vn -0.0000 -0.1191 -0.9929
vn -0.5159 -0.8169 0.2580
vn 0.5159 -0.8169 0.2580
vn -0.9311 -0.3649 -0.0000
vn 0.3759 0.9267 -0.0000
vn -0.3759 -0.9267 -0.0000
vn -0.9880 -0.1545 -0.0000
vn -0.0000 -0.1429 0.9897
vn -0.2918 -0.9453 -0.1459
vn -0.2613 -0.9564 -0.1307
vn 0.9311 -0.3649 -0.0000
vn -0.3759 0.9267 -0.0000
vn 0.3759 -0.9267 -0.0000
vn 0.9880 -0.1545 -0.0000
vn 0.2918 -0.9453 -0.1459
vn 0.2613 -0.9564 -0.1307
vn -0.0000 -0.1429 -0.9897
vn -0.2918 -0.9453 0.1459
vn -0.2613 -0.9564 0.1307
vn 0.2918 -0.9453 0.1459
vn 0.2613 -0.9564 0.1307
vt 0.375000 0.125000
vt 0.625000 0.125000
vt 0.625000 0.250000
vt 0.375000 0.250000
vt 0.625000 0.500000
vt 0.375000 0.500000
vt 0.375000 0.750000
vt 0.375000 0.625000
vt 0.625000 0.750000
vt 0.625000 1.000000
vt 0.375000 1.000000
vt 0.125000 0.625000
vt 0.125000 0.750000
vt 0.625000 0.625000
vt 0.875000 0.625000
vt 0.875000 0.750000
vt 0.875000 0.500000
vt 0.125000 0.500000
vt 0.375000 0.000000
vt 0.625000 0.000000
vt 0.125000 0.583333
vt 0.125000 0.666667
vt 0.375000 0.666667
vt 0.625000 0.666667
vt 0.875000 0.666667
vt 0.875000 0.583333
vt 0.625000 0.583333
vt 0.375000 0.583333
vt 0.375000 0.083333
vt 0.625000 0.083333
vt 0.625000 0.166667
vt 0.375000 0.166667
vt 0.541667 0.250000
vt 0.541667 0.500000
vt 0.541667 0.750000
vt 0.541667 1.000000
vt 0.458333 0.750000
vt 0.458333 1.000000
vt 0.500000 0.750000
vt 0.500000 1.000000
vt 0.458333 0.250000
vt 0.458333 0.500000
vt 0.750000 0.500000
vt 0.750000 1.000000
vt 0.125000 1.000000
vt 0.000000 1.000000
vt 0.000000 0.500000
vt 1.000000 0.500000
vt 1.000000 1.000000
vt 0.875000 1.000000
vt 0.250000 0.500000
vt 0.250000 1.000000
vt 0.500000 0.500000
vt 0.500000 1.000000
vt 0.750000 0.490000
vt 0.919706 0.419706
vt 0.990000 0.250000
vt 0.919706 0.080294
vt 0.750000 0.010000
vt 0.580294 0.080294
vt 0.510000 0.250000
vt 0.580294 0.419706
s 1
f 9/1/1 2318/2/1 2319/3/1 2325/4/1
f 2323/4/6 2320/3/6 2334/5/6 2330/6/6
f 5/7/2 2335/8/2 2355/8/2 2351/7/2
f 2337/7/4 6/9/4 2316/10/4 2315/11/4
f 2313/12/2 2335/8/2 5/7/2 2314/13/2
f 2339/14/3 10/15/3 2317/16/3 2338/9/3
f 2331/5/3 2321/17/3 10/15/3 2339/14/3
f 2324/18/2 2327/6/2 2335/8/2 2313/12/2
f 2328/6/5 2332/5/5 2340/14/5 2336/8/5
f 1/19/1 2/20/1 2318/2/1 9/1/1
f 2353/8/5 2344/14/5 2348/9/5 2350/7/5
f 2339/14/3 2338/9/3 2345/9/3 2341/14/3
f 6/9/4 2337/7/4 2349/7/4 2346/9/4
f 11/8/6 12/14/6 2342/14/6 2354/8/6
f 18/16/3 2365/17/3 2382/17/3 2381/16/3
f 2358/4/6 20/3/6 2366/5/6 2361/6/6
f 2362/6/5 2367/5/5 22/9/5 21/7/5
f 2371/7/4 2375/9/4 2378/10/4 2360/11/4
f 2357/18/2 2363/6/2 2370/7/2 2359/13/2
f 2368/5/3 2365/17/3 18/16/3 2374/9/3
f 2379/19/83 2380/20/1 2383/3/1 2384/4/83
f 19/18/7 17/13/7 2379/13/83 2384/18/83
f 20/3/6 2358/4/6 25/4/6 28/3/6
f 2360/11/4 2378/10/4 27/10/4 26/11/4
f 2386/19/1 2388/20/1 32/3/1 2385/4/1
f 35/6/5 36/5/5 2392/9/5 2389/7/5
f 2390/7/4 34/9/4 30/10/4 2387/11/4
f 31/18/2 2391/6/2 33/7/2 29/13/2
f 2393/19/1 2394/20/1 2395/3/1 2396/4/1
f 39/4/9 40/3/9 2397/5/9 2398/6/9
f 43/6/5 44/5/5 2399/9/5 2400/7/5
f 41/7/8 42/9/8 38/10/8 37/11/8
f 2405/19/1 2407/20/1 2409/3/1 2401/4/1
f 2402/4/6 2410/3/6 2424/5/6 2417/6/6
f 2419/6/5 2426/5/5 50/9/5 49/7/5
f 2428/7/4 2432/9/4 2408/10/4 2406/11/4
f 2403/18/2 2413/6/2 2427/7/2 45/13/2
f 2420/5/3 2411/17/3 46/16/3 2431/9/3
f 55/18/11 2455/21/85 2467/21/15 86/18/15
f 2436/4/6 56/3/6 2438/5/6 2435/6/6
f 2440/7/4 58/9/4 2442/10/4 53/11/4
f 2451/22/85 73/23/12 57/7/12 2439/13/11
f 76/24/13 2449/25/84 54/16/10 2441/9/13
f 2444/19/1 2445/20/1 2446/3/1 2443/4/1
f 2447/18/2 95/6/2 93/7/2 89/13/2
f 60/5/13 2437/17/10 2453/26/84 75/27/13
f 2448/19/1 2473/20/1 2474/3/1 91/4/1
f 63/18/2 67/6/2 65/7/2 61/13/2
f 68/5/3 64/17/3 62/16/3 66/9/3
f 75/27/13 2453/26/84 2449/25/84 76/24/13
f 55/18/11 59/6/12 74/28/12 2455/21/85
f 2455/21/85 74/28/12 73/23/12 2451/22/85
f 54/16/10 2449/25/84 2465/25/14 83/16/14
f 2449/25/84 2453/26/84 2463/26/3 2461/25/3
f 2459/29/1 2462/30/1 2464/31/1 2457/32/1
f 2452/29/4 2450/30/4 79/30/4 2460/29/4
f 2455/21/85 2451/22/85 78/22/2 2458/21/2
f 2454/31/6 2456/32/6 77/32/6 80/31/6
f 2453/26/84 2437/17/10 2469/17/14 2470/26/14
f 2451/22/85 2439/13/11 2471/13/15 2472/22/15
f 71/30/6 70/29/6 81/29/6 88/30/6
f 56/3/6 2436/4/6 2468/4/6 85/3/6
f 53/11/4 2442/10/4 2466/10/4 82/11/4
f 69/32/4 72/31/4 84/31/4 87/32/4
f 96/5/3 92/17/3 90/16/3 94/9/3
f 2475/18/2 103/6/2 101/7/2 97/13/2
f 2476/19/1 2477/20/1 2478/3/1 99/4/1
f 104/5/3 100/17/3 98/16/3 102/9/3
f 107/18/11 2493/21/85 2505/21/15 130/18/15
f 2480/4/6 108/3/6 2482/5/6 2479/6/6
f 2484/7/4 110/9/4 2486/10/4 105/11/4
f 2489/22/85 117/23/12 109/7/12 2483/13/11
f 120/24/13 2487/25/84 106/16/10 2485/9/13
f 112/5/13 2481/17/10 2491/26/84 119/27/13
f 119/27/13 2491/26/84 2487/25/84 120/24/13
f 107/18/11 111/6/12 118/28/12 2493/21/85
f 2493/21/85 118/28/12 117/23/12 2489/22/85
f 106/16/10 2487/25/84 2503/25/14 127/16/14
f 2487/25/84 2491/26/84 2501/26/3 2499/25/3
f 2497/29/1 2500/30/1 2502/31/1 2495/32/1
f 2490/29/4 2488/30/4 123/30/4 2498/29/4
f 2493/21/85 2489/22/85 122/22/2 2496/21/2
f 2492/31/6 2494/32/6 121/32/6 124/31/6
f 2491/26/84 2481/17/10 2507/17/14 2508/26/14
f 2489/22/85 2483/13/11 2509/13/15 2510/22/15
f 115/30/6 114/29/6 125/29/6 132/30/6
f 108/3/6 2480/4/6 2506/4/6 129/3/6
f 105/11/4 2486/10/4 2504/10/4 126/11/4
f 113/32/4 116/31/4 128/31/4 131/32/4
f 135/18/11 2525/21/85 2537/21/15 158/18/15
f 2512/4/6 136/3/6 2514/5/6 2511/6/6
f 2516/7/4 138/9/4 2518/10/4 133/11/4
f 2521/22/85 145/23/12 137/7/12 2515/13/11
f 148/24/13 2519/25/84 134/16/10 2517/9/13
f 140/5/13 2513/17/10 2523/26/84 147/27/13
f 147/27/13 2523/26/84 2519/25/84 148/24/13
f 135/18/11 139/6/12 146/28/12 2525/21/85
f 2525/21/85 146/28/12 145/23/12 2521/22/85
f 134/16/10 2519/25/84 2535/25/14 155/16/14
f 2519/25/84 2523/26/84 2533/26/3 2531/25/3
f 2529/29/1 2532/30/1 2534/31/1 2527/32/1
f 2522/29/4 2520/30/4 151/30/4 2530/29/4
f 2525/21/85 2521/22/85 150/22/2 2528/21/2
f 2524/31/6 2526/32/6 149/32/6 152/31/6
f 2523/26/84 2513/17/10 2539/17/14 2540/26/14
f 2521/22/85 2515/13/11 2541/13/15 2542/22/15
f 143/30/6 142/29/6 153/29/6 160/30/6
f 136/3/6 2512/4/6 2538/4/6 157/3/6
f 133/11/4 2518/10/4 2536/10/4 154/11/4
f 141/32/4 144/31/4 156/31/4 159/32/4
f 2546/1/1 166/2/1 162/3/1 2545/4/1
f 161/18/2 2544/6/2 2543/8/2 165/12/2
f 163/6/5 164/5/5 168/14/5 167/8/5
f 2550/1/1 174/2/1 170/3/1 2549/4/1
f 169/18/2 2548/6/2 2547/8/2 173/12/2
f 171/6/5 172/5/5 176/14/5 175/8/5
f 2553/19/1 2555/20/1 2557/3/1 2551/4/1
f 2552/4/6 2558/3/6 2563/5/6 2559/6/6
f 2560/6/5 2564/5/5 182/9/5 181/7/5
f 2568/7/4 2572/9/4 2556/10/4 2554/11/4
f 179/18/2 2561/6/2 2567/7/2 177/13/2
f 2565/5/3 180/17/3 178/16/3 2571/9/3
f 2577/19/1 2579/20/1 2581/3/1 2575/4/1
f 2576/4/6 2582/3/6 2587/5/6 2583/6/6
f 2584/6/5 2588/5/5 190/9/5 189/7/5
f 2592/7/4 2596/9/4 2580/10/4 2578/11/4
f 187/18/2 2585/6/2 2591/7/2 185/13/2
f 2589/5/3 188/17/3 186/16/3 2595/9/3
f 2599/19/1 2600/20/1 196/3/1 195/4/1
f 199/6/16 200/5/5 2603/9/5 2604/7/16
f 197/7/4 198/9/4 194/10/4 193/11/4
f 255/6/32 256/5/4 2649/9/4 2650/7/32
f 2605/18/2 2610/6/2 2608/7/2 2606/13/2
f 2599/19/1 195/4/1 201/4/1 2607/19/1
f 199/6/16 2604/7/16 2609/7/17 203/6/17
f 197/7/4 193/11/4 202/11/4 204/7/4
f 207/4/5 208/3/5 2611/5/5 2612/6/5
f 211/6/18 212/5/4 2613/9/4 2614/7/18
f 209/7/1 210/9/1 206/10/1 205/11/1
f 207/4/5 2612/6/5 2615/6/5 213/4/5
f 2601/19/6 2602/20/6 252/3/6 251/4/6
f 2617/18/2 2616/6/2 2618/7/2 2620/13/2
f 211/6/18 2614/7/18 2619/7/19 215/6/19
f 209/7/1 205/11/1 214/11/1 216/7/1
f 2621/19/20 219/4/20 220/3/21 2622/20/21
f 223/6/22 2624/7/22 2623/9/23 224/5/23
f 221/7/4 217/11/4 218/10/4 222/9/4
f 2625/18/2 2626/13/2 2628/7/2 2630/6/2
f 2621/19/20 2627/19/5 225/4/5 219/4/20
f 223/6/22 227/6/24 2629/7/24 2624/7/22
f 221/7/4 228/7/4 226/11/4 217/11/4
f 231/4/25 2632/6/86 2631/5/23 232/3/23
f 235/6/27 2634/7/87 2633/9/4 236/5/4
f 233/7/26 229/11/20 230/10/21 234/9/21
f 231/4/25 237/4/1 2635/6/1 2632/6/86
f 2637/18/2 2640/13/2 2638/7/2 2636/6/2
f 235/6/27 239/6/19 2639/7/19 2634/7/87
f 233/7/26 240/7/5 238/11/5 229/11/20
f 2651/18/2 2656/6/2 2654/7/2 2652/13/2
f 277/33/40 244/3/30 2644/5/30 279/34/40
f 253/7/1 254/9/1 250/10/1 249/11/1
f 275/35/39 246/9/31 2648/10/31 274/36/39
f 2642/18/2 2641/6/2 2646/7/2 2645/13/2
f 248/5/3 2643/17/3 242/16/3 2647/9/3
f 2601/19/6 251/4/6 257/4/6 2653/19/6
f 255/6/32 2650/7/32 2655/7/33 259/6/33
f 253/7/1 249/11/1 258/11/1 260/7/1
f 263/4/4 2658/3/4 2657/5/4 2659/6/4
f 267/6/35 268/5/36 2660/9/36 2661/7/35
f 265/7/6 266/9/6 2662/10/6 261/11/6
f 263/4/4 2659/6/4 2663/6/4 269/4/4
f 2665/18/2 2664/6/2 2666/7/2 2668/13/2
f 267/6/35 2661/7/35 2667/7/37 271/6/37
f 265/7/6 261/11/6 270/11/6 272/7/6
f 245/7/28 276/37/38 273/38/38 241/11/28
f 298/39/1 275/35/39 274/36/39 297/40/1
f 243/4/29 278/41/41 280/42/41 247/6/29
f 278/41/41 277/33/40 279/34/40 280/42/41
f 2670/19/1 2671/20/1 2672/3/1 2669/4/1
f 2674/19/1 2675/20/1 2676/3/1 2673/4/1
f 296/5/3 292/17/3 290/16/3 294/9/3
f 291/18/2 295/6/2 293/7/2 289/13/2
f 283/18/2 287/6/2 285/7/2 281/13/2
f 288/5/3 284/17/3 282/16/3 286/9/3
f 276/37/38 298/39/1 297/40/1 273/38/38
f 2679/19/1 2681/20/1 2683/3/1 2677/4/1
f 2687/19/5 2685/4/5 2691/3/5 2689/20/5
f 2684/3/6 2692/3/6 2686/4/6 2678/4/6
f 305/20/6 2699/20/6 2697/19/6 304/19/6
f 2682/20/3 2690/20/3 306/3/3 302/3/3
f 301/4/2 303/4/2 2688/19/89 2680/19/88
f 2693/19/5 2698/19/5 2700/20/5 2695/20/5
f 299/19/4 2694/19/4 2696/20/4 300/20/4
f 2682/20/3 308/20/3 310/20/3 2690/20/3
f 2688/19/89 309/19/42 307/19/42 2680/19/88
f 2702/19/1 2703/20/1 2704/3/1 2701/4/1
f 317/6/5 318/5/5 2708/9/5 2705/7/5
f 313/18/2 2706/6/2 315/7/2 311/13/2
f 2707/5/3 314/17/3 312/16/3 316/9/3
f 268/5/36 264/3/34 262/10/34 2660/9/36
f 325/6/43 2712/7/43 2711/9/6 326/5/6
f 2709/19/4 321/4/4 322/3/4 2710/20/4
f 2713/18/2 2714/13/2 2716/7/2 2718/6/2
f 323/7/1 319/11/1 320/10/1 324/9/1
f 2709/19/4 2715/19/4 327/4/4 321/4/4
f 325/6/43 329/6/44 2717/7/44 2712/7/43
f 323/7/1 330/7/1 328/11/1 319/11/1
f 333/4/6 2721/6/6 2719/5/6 2720/3/6
f 337/6/35 2723/7/35 2722/9/36 338/5/36
f 335/7/4 331/11/4 2724/10/4 336/9/4
f 333/4/6 339/4/6 2725/6/6 2721/6/6
f 2727/18/2 2730/13/2 2728/7/2 2726/6/2
f 337/6/35 341/6/37 2729/7/37 2723/7/35
f 335/7/4 342/7/4 340/11/4 331/11/4
f 338/5/36 2722/9/36 332/10/34 334/3/34
f 2733/19/1 2735/20/1 2737/3/1 2731/4/1
f 2732/4/6 2738/3/6 2740/5/6 2739/6/6
f 347/7/4 348/9/4 2736/10/4 2734/11/4
f 345/18/2 349/6/2 2741/7/2 343/13/2
f 350/5/3 346/17/3 344/16/3 2742/9/3
f 2759/43/2 388/44/2 390/10/46 2760/5/46
f 2758/18/48 382/45/48 351/46/6 2756/47/6
f 2743/48/6 354/49/6 356/50/45 2744/17/45
f 2764/48/6 383/49/6 386/50/45 2763/17/45
f 2757/51/3 380/52/3 382/45/48 2758/18/48
f 2744/17/45 356/50/45 358/44/2 2749/43/2
f 2761/53/4 392/54/4 394/11/47 2762/6/47
f 2748/6/47 378/11/47 380/52/3 2757/51/3
f 2749/43/2 358/44/2 360/10/46 2750/5/46
f 2762/6/47 394/11/47 396/52/3 2765/51/3
f 2747/53/4 376/54/4 378/11/47 2748/6/47
f 2750/5/46 360/10/46 362/54/4 2752/53/4
f 2765/51/3 396/52/3 398/45/48 2766/18/48
f 2746/5/46 374/10/46 376/54/4 2747/53/4
f 2752/53/4 362/54/4 364/11/47 2753/6/47
f 2766/18/48 398/45/48 383/46/6 2764/47/6
f 2745/43/2 372/44/2 374/10/46 2746/5/46
f 2753/6/47 364/11/47 366/52/3 2754/51/3
f 2756/48/6 351/49/6 370/50/45 2751/17/45
f 2751/17/45 370/50/45 372/44/2 2745/43/2
f 2754/51/3 366/52/3 368/45/48 2755/18/48
f 2760/5/46 390/10/46 392/54/4 2761/53/4
f 352/55/1 369/56/1 371/57/1 373/58/1 375/59/1 377/60/1 379/61/1 381/62/1
f 2755/18/48 368/45/48 354/46/6 2743/47/6
f 353/55/1 355/56/1 357/57/1 359/58/1 361/59/1 363/60/1 365/61/1 367/62/1
f 2763/17/45 386/50/45 388/44/2 2759/43/2
f 384/55/1 385/56/1 387/57/1 389/58/1 391/59/1 393/60/1 395/61/1 397/62/1
f 2767/43/2 404/44/2 406/10/46 2768/5/46
f 2772/48/6 399/49/6 402/50/45 2771/17/45
f 2769/53/4 408/54/4 410/11/47 2770/6/47
f 2770/6/47 410/11/47 412/52/3 2773/51/3
f 2773/51/3 412/52/3 414/45/48 2774/18/48
f 2774/18/48 414/45/48 399/46/6 2772/47/6
f 2768/5/46 406/10/46 408/54/4 2769/53/4
f 2771/17/45 402/50/45 404/44/2 2767/43/2
f 400/55/1 401/56/1 403/57/1 405/58/1 407/59/1 409/60/1 411/61/1 413/62/1
f 2775/43/2 420/44/2 422/10/50 2776/5/50
f 2780/48/1 415/49/1 418/50/49 2779/17/49
f 2777/53/5 424/54/5 426/11/51 2778/6/51
f 2778/6/51 426/11/51 428/52/3 2781/51/3
f 2781/51/3 428/52/3 430/45/52 2782/18/52
f 2782/18/52 430/45/52 415/46/1 2780/47/1
f 2776/5/50 422/10/50 424/54/5 2777/53/5
f 2779/17/49 418/50/49 420/44/2 2775/43/2
f 416/55/4 417/56/4 419/57/4 421/58/4 423/59/4 425/60/4 427/61/4 429/62/4
f 2783/43/2 436/44/2 438/10/50 2784/5/50
f 2788/48/1 431/49/1 434/50/49 2787/17/49
f 2785/53/5 440/54/5 442/11/51 2786/6/51
f 2786/6/51 442/11/51 444/52/3 2789/51/3
f 2789/51/3 444/52/3 446/45/52 2790/18/52
f 2790/18/52 446/45/52 431/46/1 2788/47/1
f 2784/5/50 438/10/50 440/54/5 2785/53/5
f 2787/17/49 434/50/49 436/44/2 2783/43/2
f 432/55/4 433/56/4 435/57/4 437/58/4 439/59/4 441/60/4 443/61/4 445/62/4
f 2791/43/2 452/44/2 454/10/50 2792/5/50
f 2796/48/1 447/49/1 450/50/49 2795/17/49
f 2793/53/5 456/54/5 458/11/51 2794/6/51
f 2794/6/51 458/11/51 460/52/3 2797/51/3
f 2797/51/3 460/52/3 462/45/52 2798/18/52
f 2798/18/52 462/45/52 447/46/1 2796/47/1
f 2792/5/50 454/10/50 456/54/5 2793/53/5
f 2795/17/49 450/50/49 452/44/2 2791/43/2
f 448/55/4 449/56/4 451/57/4 453/58/4 455/59/4 457/60/4 459/61/4 461/62/4
f 2799/43/2 468/44/2 470/10/50 2800/5/50
f 2804/48/1 463/49/1 466/50/49 2803/17/49
f 2801/53/5 472/54/5 474/11/51 2802/6/51
f 2802/6/51 474/11/51 476/52/3 2805/51/3
f 2805/51/3 476/52/3 478/45/52 2806/18/52
f 2806/18/52 478/45/52 463/46/1 2804/47/1
f 2800/5/50 470/10/50 472/54/5 2801/53/5
f 2803/17/49 466/50/49 468/44/2 2799/43/2
f 464/55/4 465/56/4 467/57/4 469/58/4 471/59/4 473/60/4 475/61/4 477/62/4
f 2807/43/2 484/44/2 486/10/46 2808/5/46
f 2812/48/6 479/49/6 482/50/45 2811/17/45
f 2809/53/4 488/54/4 490/11/47 2810/6/47
f 2810/6/47 490/11/47 492/52/3 2813/51/3
f 2813/51/3 492/52/3 494/45/48 2814/18/48
f 2814/18/48 494/45/48 479/46/6 2812/47/6
f 2808/5/46 486/10/46 488/54/4 2809/53/4
f 2811/17/45 482/50/45 484/44/2 2807/43/2
f 480/55/1 481/56/1 483/57/1 485/58/1 487/59/1 489/60/1 491/61/1 493/62/1
f 2815/43/2 500/44/2 502/10/46 2816/5/46
f 2820/48/6 495/49/6 498/50/45 2819/17/45
f 2817/53/4 504/54/4 506/11/47 2818/6/47
f 2818/6/47 506/11/47 508/52/3 2821/51/3
f 2821/51/3 508/52/3 510/45/48 2822/18/48
f 2822/18/48 510/45/48 495/46/6 2820/47/6
f 2816/5/46 502/10/46 504/54/4 2817/53/4
f 2819/17/45 498/50/45 500/44/2 2815/43/2
f 496/55/1 497/56/1 499/57/1 501/58/1 503/59/1 505/60/1 507/61/1 509/62/1
f 2823/43/2 516/44/2 518/10/46 2824/5/46
f 2828/48/6 511/49/6 514/50/45 2827/17/45
f 2825/53/4 520/54/4 522/11/47 2826/6/47
f 2826/6/47 522/11/47 524/52/3 2829/51/3
f 2829/51/3 524/52/3 526/45/48 2830/18/48
f 2830/18/48 526/45/48 511/46/6 2828/47/6
f 2824/5/46 518/10/46 520/54/4 2825/53/4
f 2827/17/45 514/50/45 516/44/2 2823/43/2
f 512/55/1 513/56/1 515/57/1 517/58/1 519/59/1 521/60/1 523/61/1 525/62/1
f 2831/43/2 532/44/2 534/10/46 2832/5/46
f 2836/48/6 527/49/6 530/50/45 2835/17/45
f 2833/53/4 536/54/4 538/11/47 2834/6/47
f 2834/6/47 538/11/47 540/52/3 2837/51/3
f 2837/51/3 540/52/3 542/45/48 2838/18/48
f 2838/18/48 542/45/48 527/46/6 2836/47/6
f 2832/5/46 534/10/46 536/54/4 2833/53/4
f 2835/17/45 530/50/45 532/44/2 2831/43/2
f 528/55/1 529/56/1 531/57/1 533/58/1 535/59/1 537/60/1 539/61/1 541/62/1
f 2839/43/2 548/44/2 550/10/50 2840/5/50
f 2844/48/1 543/49/1 546/50/49 2843/17/49
f 2841/53/5 552/54/5 554/11/51 2842/6/51
f 2842/6/51 554/11/51 556/52/3 2845/51/3
f 2845/51/3 556/52/3 558/45/52 2846/18/52
f 2846/18/52 558/45/52 543/46/1 2844/47/1
f 2840/5/50 550/10/50 552/54/5 2841/53/5
f 2843/17/49 546/50/49 548/44/2 2839/43/2
f 544/55/4 545/56/4 547/57/4 549/58/4 551/59/4 553/60/4 555/61/4 557/62/4
f 2848/55/4 2851/56/4 2854/57/4 568/58/4 2853/59/4 2850/60/4 2849/61/4 2847/62/4
f 572/17/49 571/50/49 569/44/2 570/43/2
f 2852/5/50 567/10/50 565/54/5 566/53/5
f 560/18/52 559/45/52 574/46/1 573/47/1
f 562/51/3 561/52/3 559/45/52 560/18/52
f 564/6/51 563/11/51 561/52/3 562/51/3
f 566/53/5 565/54/5 563/11/51 564/6/51
f 573/48/1 574/49/1 571/50/49 572/17/49
f 570/43/2 569/44/2 567/10/50 2852/5/50
f 2856/55/4 2859/56/4 2862/57/4 584/58/4 2861/59/4 2858/60/4 2857/61/4 2855/62/4
f 588/17/49 587/50/49 585/44/2 586/43/2
f 2860/5/50 583/10/50 581/54/5 582/53/5
f 576/18/52 575/45/52 590/46/1 589/47/1
f 578/51/3 577/52/3 575/45/52 576/18/52
f 580/6/51 579/11/51 577/52/3 578/51/3
f 582/53/5 581/54/5 579/11/51 580/6/51
f 589/48/1 590/49/1 587/50/49 588/17/49
f 586/43/2 585/44/2 583/10/50 2860/5/50
f 2863/43/2 596/44/2 598/10/50 2864/5/50
f 2868/48/1 591/49/1 594/50/49 2867/17/49
f 2865/53/5 600/54/5 602/11/51 2866/6/51
f 2866/6/51 602/11/51 604/52/3 2869/51/3
f 2869/51/3 604/52/3 606/45/52 2870/18/52
f 2870/18/52 606/45/52 591/46/1 2868/47/1
f 2864/5/50 598/10/50 600/54/5 2865/53/5
f 2867/17/49 594/50/49 596/44/2 2863/43/2
f 592/55/4 593/56/4 595/57/4 597/58/4 599/59/4 601/60/4 603/61/4 605/62/4
f 2873/19/1 2875/20/1 2877/3/1 2871/4/1
f 2872/4/6 2878/3/6 2880/5/6 2879/6/6
f 611/7/4 612/9/4 2876/10/4 2874/11/4
f 609/18/2 613/6/2 2881/7/2 607/13/2
f 614/5/3 610/17/3 608/16/3 2882/9/3
f 623/1/5 2895/4/5 2889/3/5 2888/2/5
f 2893/4/6 2900/6/6 2904/5/6 2890/3/6
f 619/7/2 2352/7/2 2356/8/2 2905/8/2
f 2907/7/4 2885/11/4 2886/10/4 620/9/4
f 2883/12/2 2884/13/2 619/7/2 2905/8/2
f 2909/14/3 2908/9/3 2887/16/3 624/15/3
f 2901/5/3 2909/14/3 624/15/3 2891/17/3
f 2894/18/2 2883/12/2 2905/8/2 2897/6/2
f 2898/6/1 2906/8/1 2910/14/1 2902/5/1
f 615/19/5 623/1/5 2888/2/5 616/20/5
f 2909/14/3 2343/14/3 2347/9/3 2908/9/3
f 620/9/4 14/9/4 15/7/4 2907/7/4
f 625/8/6 16/8/6 13/14/6 626/14/6
f 628/16/3 2919/16/3 2920/17/3 2915/17/3
f 2912/4/6 2364/6/6 2369/5/6 630/3/6
f 2372/7/4 2914/11/4 2916/10/4 2376/9/4
f 2911/18/2 2913/13/2 2373/7/2 23/6/2
f 24/5/3 2377/9/3 628/16/3 2915/17/3
f 2917/19/90 2922/4/90 2921/3/5 2918/20/5
f 629/18/53 2922/18/90 2917/13/90 627/13/53
f 630/3/6 634/3/6 631/4/6 2912/4/6
f 2914/11/4 632/11/4 633/10/4 2916/10/4
f 2924/19/5 2923/4/5 638/3/5 2926/20/5
f 641/6/1 2927/7/1 2930/9/1 642/5/1
f 2928/7/4 2925/11/4 636/10/4 640/9/4
f 637/18/2 635/13/2 639/7/2 2929/6/2
f 2931/19/5 2934/4/5 2933/3/5 2932/20/5
f 645/4/9 2936/6/9 2935/5/9 646/3/9
f 649/6/1 2938/7/1 2937/9/1 650/5/1
f 647/7/8 643/11/8 644/10/8 648/9/8
f 2943/19/5 2939/4/5 2947/3/5 2945/20/5
f 2940/4/6 2414/6/6 2421/5/6 2948/3/6
f 2429/7/4 2944/11/4 2946/10/4 2433/9/4
f 2941/18/2 651/13/2 2430/7/2 2415/6/2
f 2422/5/3 2434/9/3 652/16/3 2949/17/3
f 657/18/55 688/18/59 2983/21/59 2971/21/92
f 2952/4/6 2951/6/6 2954/5/6 658/3/6
f 2956/7/4 655/11/4 2958/10/4 660/9/4
f 2967/22/92 2955/13/55 659/7/56 675/23/56
f 678/24/57 2957/9/57 656/16/54 2965/25/91
f 2960/19/5 2959/4/5 2962/3/5 2961/20/5
f 2963/18/2 691/13/2 695/7/2 697/6/2
f 662/5/57 677/27/57 2969/26/91 2953/17/54
f 2964/19/5 693/4/5 2990/3/5 2989/20/5
f 665/18/2 663/13/2 667/7/2 669/6/2
f 670/5/3 668/9/3 664/16/3 666/17/3
f 677/27/57 678/24/57 2965/25/91 2969/26/91
f 657/18/55 2971/21/92 676/28/56 661/6/56
f 2971/21/92 2967/22/92 675/23/56 676/28/56
f 656/16/54 685/16/58 2981/25/58 2965/25/91
f 2965/25/91 2977/25/3 2979/26/3 2969/26/91
f 2975/29/5 2973/32/5 2980/31/5 2978/30/5
f 2968/29/4 2976/29/4 681/30/4 2966/30/4
f 2971/21/92 2974/21/2 680/22/2 2967/22/92
f 2970/31/6 682/31/6 679/32/6 2972/32/6
f 2969/26/91 2986/26/58 2985/17/58 2953/17/54
f 2967/22/92 2988/22/59 2987/13/59 2955/13/55
f 673/30/6 690/30/6 683/29/6 672/29/6
f 658/3/6 687/3/6 2984/4/6 2952/4/6
f 655/11/4 684/11/4 2982/10/4 2958/10/4
f 671/32/4 689/32/4 686/31/4 674/31/4
f 698/5/3 696/9/3 692/16/3 694/17/3
f 2991/18/2 699/13/2 703/7/2 705/6/2
f 2992/19/5 701/4/5 2994/3/5 2993/20/5
f 706/5/3 704/9/3 700/16/3 702/17/3
f 709/18/55 732/18/59 3021/21/59 3009/21/92
f 2996/4/6 2995/6/6 2998/5/6 710/3/6
f 3000/7/4 707/11/4 3002/10/4 712/9/4
f 3005/22/92 2999/13/55 711/7/56 719/23/56
f 722/24/57 3001/9/57 708/16/54 3003/25/91
f 714/5/57 721/27/57 3007/26/91 2997/17/54
f 721/27/57 722/24/57 3003/25/91 3007/26/91
f 709/18/55 3009/21/92 720/28/56 713/6/56
f 3009/21/92 3005/22/92 719/23/56 720/28/56
f 708/16/54 729/16/58 3019/25/58 3003/25/91
f 3003/25/91 3015/25/3 3017/26/3 3007/26/91
f 3013/29/5 3011/32/5 3018/31/5 3016/30/5
f 3006/29/4 3014/29/4 725/30/4 3004/30/4
f 3009/21/92 3012/21/2 724/22/2 3005/22/92
f 3008/31/6 726/31/6 723/32/6 3010/32/6
f 3007/26/91 3024/26/58 3023/17/58 2997/17/54
f 3005/22/92 3026/22/59 3025/13/59 2999/13/55
f 717/30/6 734/30/6 727/29/6 716/29/6
f 710/3/6 731/3/6 3022/4/6 2996/4/6
f 707/11/4 728/11/4 3020/10/4 3002/10/4
f 715/32/4 733/32/4 730/31/4 718/31/4
f 737/18/55 760/18/59 3053/21/59 3041/21/92
f 3028/4/6 3027/6/6 3030/5/6 738/3/6
f 3032/7/4 735/11/4 3034/10/4 740/9/4
f 3037/22/92 3031/13/55 739/7/56 747/23/56
f 750/24/57 3033/9/57 736/16/54 3035/25/91
f 742/5/57 749/27/57 3039/26/91 3029/17/54
f 749/27/57 750/24/57 3035/25/91 3039/26/91
f 737/18/55 3041/21/92 748/28/56 741/6/56
f 3041/21/92 3037/22/92 747/23/56 748/28/56
f 736/16/54 757/16/58 3051/25/58 3035/25/91
f 3035/25/91 3047/25/3 3049/26/3 3039/26/91
f 3045/29/5 3043/32/5 3050/31/5 3048/30/5
f 3038/29/4 3046/29/4 753/30/4 3036/30/4
f 3041/21/92 3044/21/2 752/22/2 3037/22/92
f 3040/31/6 754/31/6 751/32/6 3042/32/6
f 3039/26/91 3056/26/58 3055/17/58 3029/17/54
f 3037/22/92 3058/22/59 3057/13/59 3031/13/55
f 745/30/6 762/30/6 755/29/6 744/29/6
f 738/3/6 759/3/6 3054/4/6 3028/4/6
f 735/11/4 756/11/4 3052/10/4 3034/10/4
f 743/32/4 761/32/4 758/31/4 746/31/4
f 3062/1/5 3061/4/5 764/3/5 768/2/5
f 763/18/2 767/12/2 3059/8/2 3060/6/2
f 765/6/1 769/8/1 770/14/1 766/5/1
f 3066/1/5 3065/4/5 772/3/5 776/2/5
f 771/18/2 775/12/2 3063/8/2 3064/6/2
f 773/6/1 777/8/1 778/14/1 774/5/1
f 3069/19/5 3067/4/5 3073/3/5 3071/20/5
f 3068/4/6 2562/6/6 2566/5/6 3074/3/6
f 2569/7/4 3070/11/4 3072/10/4 2573/9/4
f 781/18/2 779/13/2 2570/7/2 183/6/2
f 184/5/3 2574/9/3 780/16/3 782/17/3
f 3077/19/5 3075/4/5 3081/3/5 3079/20/5
f 3076/4/6 2586/6/6 2590/5/6 3082/3/6
f 2593/7/4 3078/11/4 3080/10/4 2597/9/4
f 785/18/2 783/13/2 2594/7/2 191/6/2
f 192/5/3 2598/9/3 784/16/3 786/17/3
f 3083/19/5 789/4/5 790/3/5 3084/20/5
f 793/6/60 3088/7/60 3087/9/1 794/5/1
f 791/7/4 787/11/4 788/10/4 792/9/4
f 849/6/32 3134/7/32 3133/9/4 850/5/4
f 3089/18/2 3090/13/2 3092/7/2 3094/6/2
f 3083/19/5 3091/19/5 795/4/5 789/4/5
f 793/6/60 797/6/24 3093/7/24 3088/7/60
f 791/7/4 798/7/4 796/11/4 787/11/4
f 801/4/1 3096/6/1 3095/5/1 802/3/1
f 805/6/18 3098/7/18 3097/9/4 806/5/4
f 803/7/5 799/11/5 800/10/5 804/9/5
f 801/4/1 807/4/1 3099/6/1 3096/6/1
f 3085/19/6 845/4/6 846/3/6 3086/20/6
f 3101/18/2 3104/13/2 3102/7/2 3100/6/2
f 805/6/18 809/6/19 3103/7/19 3098/7/18
f 803/7/5 810/7/5 808/11/5 799/11/5
f 3105/19/61 3106/20/62 814/3/62 813/4/61
f 817/6/63 818/5/64 3107/9/64 3108/7/63
f 815/7/4 816/9/4 812/10/4 811/11/4
f 3109/18/2 3114/6/2 3112/7/2 3110/13/2
f 3105/19/61 813/4/61 819/4/1 3111/19/1
f 817/6/63 3108/7/63 3113/7/17 821/6/17
f 815/7/4 811/11/4 820/11/4 822/7/4
f 825/4/65 826/3/64 3115/5/64 3116/6/93
f 829/6/27 830/5/4 3117/9/4 3118/7/87
f 827/7/66 828/9/62 824/10/62 823/11/61
f 825/4/65 3116/6/93 3119/6/5 831/4/5
f 3121/18/2 3120/6/2 3122/7/2 3124/13/2
f 829/6/27 3118/7/87 3123/7/19 833/6/19
f 827/7/66 823/11/61 832/11/1 834/7/1
f 3135/18/2 3136/13/2 3138/7/2 3140/6/2
f 871/33/73 873/34/73 3128/5/28 838/3/28
f 847/7/5 843/11/5 844/10/5 848/9/5
f 869/35/72 868/36/72 3132/10/29 840/9/29
f 3126/18/2 3129/13/2 3130/7/2 3125/6/2
f 842/5/3 3131/9/3 836/16/3 3127/17/3
f 3085/19/6 3137/19/6 851/4/6 845/4/6
f 849/6/32 853/6/33 3139/7/33 3134/7/32
f 847/7/5 854/7/5 852/11/5 843/11/5
f 857/4/4 3143/6/4 3141/5/4 3142/3/4
f 861/6/68 3145/7/68 3144/9/69 862/5/69
f 859/7/6 855/11/6 3146/10/6 860/9/6
f 857/4/4 863/4/4 3147/6/4 3143/6/4
f 3149/18/2 3152/13/2 3150/7/2 3148/6/2
f 861/6/68 865/6/70 3151/7/70 3145/7/68
f 859/7/6 866/7/6 864/11/6 855/11/6
f 839/7/30 835/11/30 867/38/71 870/37/71
f 892/39/5 891/40/5 868/36/72 869/35/72
f 837/4/31 841/6/31 874/42/74 872/41/74
f 872/41/74 874/42/74 873/34/73 871/33/73
f 3154/19/5 3153/4/5 3156/3/5 3155/20/5
f 3158/19/5 3157/4/5 3160/3/5 3159/20/5
f 890/5/3 888/9/3 884/16/3 886/17/3
f 885/18/2 883/13/2 887/7/2 889/6/2
f 877/18/2 875/13/2 879/7/2 881/6/2
f 882/5/3 880/9/3 876/16/3 878/17/3
f 870/37/71 867/38/71 891/40/5 892/39/5
f 3163/19/5 3161/4/5 3167/3/5 3165/20/5
f 3171/19/1 3173/20/1 3175/3/1 3169/4/1
f 3168/3/6 3162/4/6 3170/4/6 3176/3/6
f 899/20/6 898/19/6 3181/19/6 3183/20/6
f 3166/20/3 896/3/3 900/3/3 3174/20/3
f 895/4/2 3164/19/94 3172/19/95 897/4/2
f 3177/19/1 3179/20/1 3184/20/1 3182/19/1
f 893/19/4 894/20/4 3180/20/4 3178/19/4
f 3166/20/3 3174/20/3 904/20/3 902/20/3
f 3172/19/95 3164/19/94 901/19/75 903/19/75
f 3186/19/5 3185/4/5 3188/3/5 3187/20/5
f 911/6/1 3189/7/1 3192/9/1 912/5/1
f 907/18/2 905/13/2 909/7/2 3190/6/2
f 3191/5/3 910/9/3 906/16/3 908/17/3
f 862/5/69 3144/9/69 856/10/67 858/3/67
f 919/6/43 920/5/6 3195/9/6 3196/7/43
f 3193/19/4 3194/20/4 916/3/4 915/4/4
f 3197/18/2 3202/6/2 3200/7/2 3198/13/2
f 917/7/5 918/9/5 914/10/5 913/11/5
f 3193/19/4 915/4/4 921/4/4 3199/19/4
f 919/6/43 3196/7/43 3201/7/44 923/6/44
f 917/7/5 913/11/5 922/11/5 924/7/5
f 927/4/6 3204/3/6 3203/5/6 3205/6/6
f 931/6/68 932/5/69 3206/9/69 3207/7/68
f 929/7/4 930/9/4 3208/10/4 925/11/4
f 927/4/6 3205/6/6 3209/6/6 933/4/6
f 3211/18/2 3210/6/2 3212/7/2 3214/13/2
f 931/6/68 3207/7/68 3213/7/70 935/6/70
f 929/7/4 925/11/4 934/11/4 936/7/4
f 932/5/69 928/3/67 926/10/67 3206/9/69
f 3217/19/5 3215/4/5 3221/3/5 3219/20/5
f 3216/4/6 3223/6/6 3224/5/6 3222/3/6
f 941/7/4 3218/11/4 3220/10/4 942/9/4
f 939/18/2 937/13/2 3225/7/2 943/6/2
f 944/5/3 3226/9/3 938/16/3 940/17/3
f 3243/43/2 3244/5/46 984/10/46 982/44/2
f 3242/18/48 3240/47/6 945/46/6 976/45/48
f 3227/48/6 3228/17/45 950/50/45 948/49/6
f 3248/48/6 3247/17/45 980/50/45 977/49/6
f 3241/51/3 3242/18/48 976/45/48 974/52/3
f 3228/17/45 3233/43/2 952/44/2 950/50/45
f 3245/53/4 3246/6/47 988/11/47 986/54/4
f 3232/6/47 3241/51/3 974/52/3 972/11/47
f 3233/43/2 3234/5/46 954/10/46 952/44/2
f 3246/6/47 3249/51/3 990/52/3 988/11/47
f 3231/53/4 3232/6/47 972/11/47 970/54/4
f 3234/5/46 3236/53/4 956/54/4 954/10/46
f 3249/51/3 3250/18/48 992/45/48 990/52/3
f 3230/5/46 3231/53/4 970/54/4 968/10/46
f 3236/53/4 3237/6/47 958/11/47 956/54/4
f 3250/18/48 3248/47/6 977/46/6 992/45/48
f 3229/43/2 3230/5/46 968/10/46 966/44/2
f 3237/6/47 3238/51/3 960/52/3 958/11/47
f 3240/48/6 3235/17/45 964/50/45 945/49/6
f 3235/17/45 3229/43/2 966/44/2 964/50/45
f 3238/51/3 3239/18/48 962/45/48 960/52/3
f 3244/5/46 3245/53/4 986/54/4 984/10/46
f 946/55/5 975/62/5 973/61/5 971/60/5 969/59/5 967/58/5 965/57/5 963/56/5
f 3239/18/48 3227/47/6 948/46/6 962/45/48
f 947/55/5 961/62/5 959/61/5 957/60/5 955/59/5 953/58/5 951/57/5 949/56/5
f 3247/17/45 3243/43/2 982/44/2 980/50/45
f 978/55/5 991/62/5 989/61/5 987/60/5 985/59/5 983/58/5 981/57/5 979/56/5
f 3251/43/2 3252/5/46 1000/10/46 998/44/2
f 3256/48/6 3255/17/45 996/50/45 993/49/6
f 3253/53/4 3254/6/47 1004/11/47 1002/54/4
f 3254/6/47 3257/51/3 1006/52/3 1004/11/47
f 3257/51/3 3258/18/48 1008/45/48 1006/52/3
f 3258/18/48 3256/47/6 993/46/6 1008/45/48
f 3252/5/46 3253/53/4 1002/54/4 1000/10/46
f 3255/17/45 3251/43/2 998/44/2 996/50/45
f 994/55/5 1007/62/5 1005/61/5 1003/60/5 1001/59/5 999/58/5 997/57/5 995/56/5
f 3259/43/2 3260/5/49 1016/10/49 1014/44/2
f 3264/48/5 3263/17/50 1012/50/50 1009/49/5
f 3261/53/1 3262/6/52 1020/11/52 1018/54/1
f 3262/6/52 3265/51/3 1022/52/3 1020/11/52
f 3265/51/3 3266/18/51 1024/45/51 1022/52/3
f 3266/18/51 3264/47/5 1009/46/5 1024/45/51
f 3260/5/49 3261/53/1 1018/54/1 1016/10/49
f 3263/17/50 3259/43/2 1014/44/2 1012/50/50
f 1010/55/4 1023/62/4 1021/61/4 1019/60/4 1017/59/4 1015/58/4 1013/57/4 1011/56/4
f 3267/43/2 3268/5/49 1032/10/49 1030/44/2
f 3272/48/5 3271/17/50 1028/50/50 1025/49/5
f 3269/53/1 3270/6/52 1036/11/52 1034/54/1
f 3270/6/52 3273/51/3 1038/52/3 1036/11/52
f 3273/51/3 3274/18/51 1040/45/51 1038/52/3
f 3274/18/51 3272/47/5 1025/46/5 1040/45/51
f 3268/5/49 3269/53/1 1034/54/1 1032/10/49
f 3271/17/50 3267/43/2 1030/44/2 1028/50/50
f 1026/55/4 1039/62/4 1037/61/4 1035/60/4 1033/59/4 1031/58/4 1029/57/4 1027/56/4
f 3275/43/2 3276/5/49 1048/10/49 1046/44/2
f 3280/48/5 3279/17/50 1044/50/50 1041/49/5
f 3277/53/1 3278/6/52 1052/11/52 1050/54/1
f 3278/6/52 3281/51/3 1054/52/3 1052/11/52
f 3281/51/3 3282/18/51 1056/45/51 1054/52/3
f 3282/18/51 3280/47/5 1041/46/5 1056/45/51
f 3276/5/49 3277/53/1 1050/54/1 1048/10/49
f 3279/17/50 3275/43/2 1046/44/2 1044/50/50
f 1042/55/4 1055/62/4 1053/61/4 1051/60/4 1049/59/4 1047/58/4 1045/57/4 1043/56/4
f 3283/43/2 3284/5/49 1064/10/49 1062/44/2
f 3288/48/5 3287/17/50 1060/50/50 1057/49/5
f 3285/53/1 3286/6/52 1068/11/52 1066/54/1
f 3286/6/52 3289/51/3 1070/52/3 1068/11/52
f 3289/51/3 3290/18/51 1072/45/51 1070/52/3
f 3290/18/51 3288/47/5 1057/46/5 1072/45/51
f 3284/5/49 3285/53/1 1066/54/1 1064/10/49
f 3287/17/50 3283/43/2 1062/44/2 1060/50/50
f 1058/55/4 1071/62/4 1069/61/4 1067/60/4 1065/59/4 1063/58/4 1061/57/4 1059/56/4
f 3291/43/2 3292/5/46 1080/10/46 1078/44/2
f 3296/48/6 3295/17/45 1076/50/45 1073/49/6
f 3293/53/4 3294/6/47 1084/11/47 1082/54/4
f 3294/6/47 3297/51/3 1086/52/3 1084/11/47
f 3297/51/3 3298/18/48 1088/45/48 1086/52/3
f 3298/18/48 3296/47/6 1073/46/6 1088/45/48
f 3292/5/46 3293/53/4 1082/54/4 1080/10/46
f 3295/17/45 3291/43/2 1078/44/2 1076/50/45
f 1074/55/5 1087/62/5 1085/61/5 1083/60/5 1081/59/5 1079/58/5 1077/57/5 1075/56/5
f 3299/43/2 3300/5/46 1096/10/46 1094/44/2
f 3304/48/6 3303/17/45 1092/50/45 1089/49/6
f 3301/53/4 3302/6/47 1100/11/47 1098/54/4
f 3302/6/47 3305/51/3 1102/52/3 1100/11/47
f 3305/51/3 3306/18/48 1104/45/48 1102/52/3
f 3306/18/48 3304/47/6 1089/46/6 1104/45/48
f 3300/5/46 3301/53/4 1098/54/4 1096/10/46
f 3303/17/45 3299/43/2 1094/44/2 1092/50/45
f 1090/55/5 1103/62/5 1101/61/5 1099/60/5 1097/59/5 1095/58/5 1093/57/5 1091/56/5
f 3307/43/2 3308/5/46 1112/10/46 1110/44/2
f 3312/48/6 3311/17/45 1108/50/45 1105/49/6
f 3309/53/4 3310/6/47 1116/11/47 1114/54/4
f 3310/6/47 3313/51/3 1118/52/3 1116/11/47
f 3313/51/3 3314/18/48 1120/45/48 1118/52/3
f 3314/18/48 3312/47/6 1105/46/6 1120/45/48
f 3308/5/46 3309/53/4 1114/54/4 1112/10/46
f 3311/17/45 3307/43/2 1110/44/2 1108/50/45
f 1106/55/5 1119/62/5 1117/61/5 1115/60/5 1113/59/5 1111/58/5 1109/57/5 1107/56/5
f 3315/43/2 3316/5/46 1128/10/46 1126/44/2
f 3320/48/6 3319/17/45 1124/50/45 1121/49/6
f 3317/53/4 3318/6/47 1132/11/47 1130/54/4
f 3318/6/47 3321/51/3 1134/52/3 1132/11/47
f 3321/51/3 3322/18/48 1136/45/48 1134/52/3
f 3322/18/48 3320/47/6 1121/46/6 1136/45/48
f 3316/5/46 3317/53/4 1130/54/4 1128/10/46
f 3319/17/45 3315/43/2 1126/44/2 1124/50/45
f 1122/55/5 1135/62/5 1133/61/5 1131/60/5 1129/59/5 1127/58/5 1125/57/5 1123/56/5
f 3323/43/2 3324/5/49 1144/10/49 1142/44/2
f 3328/48/5 3327/17/50 1140/50/50 1137/49/5
f 3325/53/1 3326/6/52 1148/11/52 1146/54/1
f 3326/6/52 3329/51/3 1150/52/3 1148/11/52
f 3329/51/3 3330/18/51 1152/45/51 1150/52/3
f 3330/18/51 3328/47/5 1137/46/5 1152/45/51
f 3324/5/49 3325/53/1 1146/54/1 1144/10/49
f 3327/17/50 3323/43/2 1142/44/2 1140/50/50
f 1138/55/4 1151/62/4 1149/61/4 1147/60/4 1145/59/4 1143/58/4 1141/57/4 1139/56/4
f 3332/55/4 3331/62/4 3333/61/4 3334/60/4 3337/59/4 1162/58/4 3338/57/4 3335/56/4
f 1166/17/50 1164/43/2 1163/44/2 1165/50/50
f 3336/5/49 1160/53/1 1159/54/1 1161/10/49
f 1154/18/51 1167/47/5 1168/46/5 1153/45/51
f 1156/51/3 1154/18/51 1153/45/51 1155/52/3
f 1158/6/52 1156/51/3 1155/52/3 1157/11/52
f 1160/53/1 1158/6/52 1157/11/52 1159/54/1
f 1167/48/5 1166/17/50 1165/50/50 1168/49/5
f 1164/43/2 3336/5/49 1161/10/49 1163/44/2
f 3340/55/4 3339/62/4 3341/61/4 3342/60/4 3345/59/4 1178/58/4 3346/57/4 3343/56/4
f 1182/17/50 1180/43/2 1179/44/2 1181/50/50
f 3344/5/49 1176/53/1 1175/54/1 1177/10/49
f 1170/18/51 1183/47/5 1184/46/5 1169/45/51
f 1172/51/3 1170/18/51 1169/45/51 1171/52/3
f 1174/6/52 1172/51/3 1171/52/3 1173/11/52
f 1176/53/1 1174/6/52 1173/11/52 1175/54/1
f 1183/48/5 1182/17/50 1181/50/50 1184/49/5
f 1180/43/2 3344/5/49 1177/10/49 1179/44/2
f 3347/43/2 3348/5/49 1192/10/49 1190/44/2
f 3352/48/5 3351/17/50 1188/50/50 1185/49/5
f 3349/53/1 3350/6/52 1196/11/52 1194/54/1
f 3350/6/52 3353/51/3 1198/52/3 1196/11/52
f 3353/51/3 3354/18/51 1200/45/51 1198/52/3
f 3354/18/51 3352/47/5 1185/46/5 1200/45/51
f 3348/5/49 3349/53/1 1194/54/1 1192/10/49
f 3351/17/50 3347/43/2 1190/44/2 1188/50/50
f 1186/55/4 1199/62/4 1197/61/4 1195/60/4 1193/59/4 1191/58/4 1189/57/4 1187/56/4
f 3357/19/5 3355/4/5 3361/3/5 3359/20/5
f 3356/4/6 3363/6/6 3364/5/6 3362/3/6
f 1205/7/4 3358/11/4 3360/10/4 1206/9/4
f 1203/18/2 1201/13/2 3365/7/2 1207/6/2
f 1208/5/3 3366/9/3 1202/16/3 1204/17/3
f 1213/1/1 2326/4/1 2322/3/1 3372/2/1
f 1211/7/2 3389/7/2 3393/8/2 3373/8/2
f 3375/7/6 3369/11/6 3370/10/6 1212/9/6
f 3367/12/2 3368/13/2 1211/7/2 3373/8/2
f 3377/14/3 3376/9/3 3371/16/3 1214/15/3
f 2333/5/3 3377/14/3 1214/15/3 4/17/3
f 3/18/2 3367/12/2 3373/8/2 2329/6/2
f 7/6/5 3374/8/5 3378/14/5 8/5/5
f 1209/19/1 1213/1/1 3372/2/1 1210/20/1
f 3391/8/5 3388/7/5 3386/9/5 3382/14/5
f 3377/14/3 3379/14/3 3383/9/3 3376/9/3
f 1212/9/6 3384/9/6 3387/7/6 3375/7/6
f 1215/8/4 3392/8/4 3380/14/4 1216/14/4
f 1222/16/3 3419/16/3 3420/17/3 3403/17/3
f 3396/4/4 3399/6/4 3404/5/4 1224/3/4
f 3400/6/5 1225/7/5 1226/9/5 3405/5/5
f 3409/7/6 3398/11/6 3416/10/6 3413/9/6
f 3395/18/2 3397/13/2 3408/7/2 3401/6/2
f 3406/5/3 3412/9/3 1222/16/3 3403/17/3
f 3417/19/83 3422/4/83 3421/3/1 3418/20/1
f 1223/18/7 3422/18/83 3417/13/83 1221/13/7
f 1224/3/4 1232/3/4 1229/4/4 3396/4/4
f 3398/11/6 1230/11/6 1231/10/6 3416/10/6
f 3423/19/1 2385/4/1 32/3/1 3425/20/1
f 35/6/5 3426/7/5 3428/9/5 36/5/5
f 3427/7/6 3424/11/6 1234/10/6 1236/9/6
f 31/18/2 1233/13/2 1235/7/2 2391/6/2
f 3429/19/1 3432/4/1 3431/3/1 3430/20/1
f 1239/4/77 3434/6/77 3433/5/77 1240/3/77
f 1243/6/5 3436/7/5 3435/9/5 1244/5/5
f 1241/7/76 1237/11/76 1238/10/76 1242/9/76
f 3437/19/1 2404/4/1 2412/3/1 3439/20/1
f 2418/6/5 1247/7/5 1248/9/5 2425/5/5
f 3442/7/6 3438/11/6 3440/10/6 3446/9/6
f 47/18/2 1245/13/2 3441/7/2 2416/6/2
f 2423/5/3 3445/9/3 1246/16/3 48/17/3
f 1251/18/11 1278/18/15 3478/21/15 3466/21/85
f 3450/4/4 3449/6/4 3452/5/4 1252/3/4
f 3454/7/6 1249/11/6 3456/10/6 1254/9/6
f 3462/22/85 3453/13/11 1253/7/12 1265/23/12
f 1268/24/13 3455/9/13 1250/16/10 3460/25/84
f 3457/19/1 2443/4/1 2446/3/1 3458/20/1
f 2447/18/2 1281/13/2 1283/7/2 95/6/2
f 1256/5/13 1267/27/13 3464/26/84 3451/17/10
f 3459/19/1 91/4/1 2474/3/1 3484/20/1
f 63/18/2 1257/13/2 1259/7/2 67/6/2
f 68/5/3 1260/9/3 1258/16/3 64/17/3
f 1267/27/13 1268/24/13 3460/25/84 3464/26/84
f 1251/18/11 3466/21/85 1266/28/12 1255/6/12
f 3466/21/85 3462/22/85 1265/23/12 1266/28/12
f 1250/16/10 1275/16/14 3476/25/14 3460/25/84
f 3460/25/84 3472/25/3 3474/26/3 3464/26/84
f 3470/29/1 3468/32/1 3475/31/1 3473/30/1
f 3463/29/6 3471/29/6 1271/30/6 3461/30/6
f 3466/21/85 3469/21/2 1270/22/2 3462/22/85
f 3465/31/4 1272/31/4 1269/32/4 3467/32/4
f 3464/26/84 3481/26/14 3480/17/14 3451/17/10
f 3462/22/85 3483/22/15 3482/13/15 3453/13/11
f 1263/30/4 1280/30/4 1273/29/4 1262/29/4
f 1252/3/4 1277/3/4 3479/4/4 3450/4/4
f 1249/11/6 1274/11/6 3477/10/6 3456/10/6
f 1261/32/6 1279/32/6 1276/31/6 1264/31/6
f 96/5/3 1284/9/3 1282/16/3 92/17/3
f 2475/18/2 1285/13/2 1287/7/2 103/6/2
f 3485/19/1 99/4/1 2478/3/1 3486/20/1
f 104/5/3 1288/9/3 1286/16/3 100/17/3
f 1291/18/11 1314/18/15 3513/21/15 3501/21/85
f 3488/4/4 3487/6/4 3490/5/4 1292/3/4
f 3492/7/6 1289/11/6 3494/10/6 1294/9/6
f 3497/22/85 3491/13/11 1293/7/12 1301/23/12
f 1304/24/13 3493/9/13 1290/16/10 3495/25/84
f 1296/5/13 1303/27/13 3499/26/84 3489/17/10
f 1303/27/13 1304/24/13 3495/25/84 3499/26/84
f 1291/18/11 3501/21/85 1302/28/12 1295/6/12
f 3501/21/85 3497/22/85 1301/23/12 1302/28/12
f 1290/16/10 1311/16/14 3511/25/14 3495/25/84
f 3495/25/84 3507/25/3 3509/26/3 3499/26/84
f 3505/29/1 3503/32/1 3510/31/1 3508/30/1
f 3498/29/6 3506/29/6 1307/30/6 3496/30/6
f 3501/21/85 3504/21/2 1306/22/2 3497/22/85
f 3500/31/4 1308/31/4 1305/32/4 3502/32/4
f 3499/26/84 3516/26/14 3515/17/14 3489/17/10
f 3497/22/85 3518/22/15 3517/13/15 3491/13/11
f 1299/30/4 1316/30/4 1309/29/4 1298/29/4
f 1292/3/4 1313/3/4 3514/4/4 3488/4/4
f 1289/11/6 1310/11/6 3512/10/6 3494/10/6
f 1297/32/6 1315/32/6 1312/31/6 1300/31/6
f 1319/18/11 1342/18/15 3545/21/15 3533/21/85
f 3520/4/4 3519/6/4 3522/5/4 1320/3/4
f 3524/7/6 1317/11/6 3526/10/6 1322/9/6
f 3529/22/85 3523/13/11 1321/7/12 1329/23/12
f 1332/24/13 3525/9/13 1318/16/10 3527/25/84
f 1324/5/13 1331/27/13 3531/26/84 3521/17/10
f 1331/27/13 1332/24/13 3527/25/84 3531/26/84
f 1319/18/11 3533/21/85 1330/28/12 1323/6/12
f 3533/21/85 3529/22/85 1329/23/12 1330/28/12
f 1318/16/10 1339/16/14 3543/25/14 3527/25/84
f 3527/25/84 3539/25/3 3541/26/3 3531/26/84
f 3537/29/1 3535/32/1 3542/31/1 3540/30/1
f 3530/29/6 3538/29/6 1335/30/6 3528/30/6
f 3533/21/85 3536/21/2 1334/22/2 3529/22/85
f 3532/31/4 1336/31/4 1333/32/4 3534/32/4
f 3531/26/84 3548/26/14 3547/17/14 3521/17/10
f 3529/22/85 3550/22/15 3549/13/15 3523/13/11
f 1327/30/4 1344/30/4 1337/29/4 1326/29/4
f 1320/3/4 1341/3/4 3546/4/4 3520/4/4
f 1317/11/6 1338/11/6 3544/10/6 3526/10/6
f 1325/32/6 1343/32/6 1340/31/6 1328/31/6
f 3552/1/1 2545/4/1 162/3/1 1346/2/1
f 161/18/2 1345/12/2 3551/8/2 2544/6/2
f 163/6/5 1347/8/5 1348/14/5 164/5/5
f 3554/1/1 2549/4/1 170/3/1 1350/2/1
f 169/18/2 1349/12/2 3553/8/2 2548/6/2
f 171/6/5 1351/8/5 1352/14/5 172/5/5
f 3557/19/1 3555/4/1 3561/3/1 3559/20/1
f 3556/4/4 3563/6/4 3567/5/4 3562/3/4
f 3564/6/5 1357/7/5 1358/9/5 3568/5/5
f 3572/7/6 3558/11/6 3560/10/6 3576/9/6
f 1355/18/2 1353/13/2 3571/7/2 3565/6/2
f 3569/5/3 3575/9/3 1354/16/3 1356/17/3
f 3581/19/1 3579/4/1 3585/3/1 3583/20/1
f 3580/4/4 3587/6/4 3591/5/4 3586/3/4
f 3588/6/5 1365/7/5 1366/9/5 3592/5/5
f 3596/7/6 3582/11/6 3584/10/6 3600/9/6
f 1363/18/2 1361/13/2 3595/7/2 3589/6/2
f 3593/5/3 3599/9/3 1362/16/3 1364/17/3
f 3603/19/1 1371/4/1 1372/3/1 3604/20/1
f 1375/6/16 3608/7/16 3607/9/5 1376/5/5
f 1373/7/6 1369/11/6 1370/10/6 1374/9/6
f 1427/6/43 3650/7/43 3649/9/6 1428/5/6
f 3609/18/2 3610/13/2 3612/7/2 3614/6/2
f 3603/19/1 3611/19/1 1377/4/1 1371/4/1
f 1375/6/16 1379/6/17 3613/7/17 3608/7/16
f 1373/7/6 1380/7/6 1378/11/6 1369/11/6
f 1383/4/5 3616/6/5 3615/5/5 1384/3/5
f 1387/6/78 3618/7/78 3617/9/6 1388/5/6
f 1385/7/1 1381/11/1 1382/10/1 1386/9/1
f 1383/4/5 1389/4/5 3619/6/5 3616/6/5
f 3605/19/4 1423/4/4 1424/3/4 3606/20/4
f 3621/18/2 3624/13/2 3622/7/2 3620/6/2
f 1387/6/78 1391/6/79 3623/7/79 3618/7/78
f 1385/7/1 1392/7/1 1390/11/1 1381/11/1
f 3625/19/20 3626/20/21 1396/3/21 1395/4/20
f 1399/6/22 1400/5/23 3627/9/23 3628/7/22
f 1397/7/6 1398/9/6 1394/10/6 1393/11/6
f 3629/18/2 3634/6/2 3632/7/2 3630/13/2
f 3625/19/20 1395/4/20 1401/4/5 3631/19/5
f 1399/6/22 3628/7/22 3633/7/24 1403/6/24
f 1397/7/6 1393/11/6 1402/11/6 1404/7/6
f 1407/4/25 1408/3/23 3635/5/23 3636/6/86
f 1411/6/80 1412/5/6 3637/9/6 3638/7/96
f 1409/7/26 1410/9/21 1406/10/21 1405/11/20
f 1407/4/25 3636/6/86 3639/6/1 1413/4/1
f 3641/18/2 3640/6/2 3642/7/2 3644/13/2
f 1411/6/80 3638/7/96 3643/7/79 1415/6/79
f 1409/7/26 1405/11/20 1414/11/5 1416/7/5
f 3651/18/2 3652/13/2 3654/7/2 3656/6/2
f 277/33/40 1447/34/40 3646/5/30 244/3/30
f 1425/7/1 1421/11/1 1422/10/1 1426/9/1
f 1445/35/39 274/36/39 2648/10/31 1418/9/31
f 2642/18/2 2645/13/2 3647/7/2 3645/6/2
f 1420/5/3 3648/9/3 242/16/3 2643/17/3
f 3605/19/4 3653/19/4 1429/4/4 1423/4/4
f 1427/6/43 1431/6/44 3655/7/44 3650/7/43
f 1425/7/1 1432/7/1 1430/11/1 1421/11/1
f 1435/4/6 3659/6/6 3657/5/6 3658/3/6
f 1439/6/35 3661/7/35 3660/9/36 1440/5/36
f 1437/7/4 1433/11/4 3662/10/4 1438/9/4
f 1435/4/6 1441/4/6 3663/6/6 3659/6/6
f 3665/18/2 3668/13/2 3666/7/2 3664/6/2
f 1439/6/35 1443/6/37 3667/7/37 3661/7/35
f 1437/7/4 1444/7/4 1442/11/4 1433/11/4
f 1417/7/28 241/11/28 273/38/38 1446/37/38
f 1457/39/1 297/40/1 274/36/39 1445/35/39
f 243/4/29 1419/6/29 1448/42/41 278/41/41
f 278/41/41 1448/42/41 1447/34/40 277/33/40
f 3669/19/1 2669/4/1 2672/3/1 3670/20/1
f 3671/19/1 2673/4/1 2676/3/1 3672/20/1
f 296/5/3 1456/9/3 1454/16/3 292/17/3
f 291/18/2 1453/13/2 1455/7/2 295/6/2
f 283/18/2 1449/13/2 1451/7/2 287/6/2
f 288/5/3 1452/9/3 1450/16/3 284/17/3
f 1446/37/38 273/38/38 297/40/1 1457/39/1
f 3675/19/1 3673/4/1 3679/3/1 3677/20/1
f 3683/19/5 3685/20/5 3687/3/5 3681/4/5
f 3680/3/4 3674/4/4 3682/4/4 3688/3/4
f 1464/20/4 1463/19/4 3693/19/4 3695/20/4
f 3678/20/3 1461/3/3 1465/3/3 3686/20/3
f 1460/4/2 3676/19/97 3684/19/98 1462/4/2
f 3689/19/5 3691/20/5 3696/20/5 3694/19/5
f 1458/19/6 1459/20/6 3692/20/6 3690/19/6
f 3678/20/3 3686/20/3 1469/20/3 1467/20/3
f 3684/19/98 3676/19/97 1466/19/81 1468/19/81
f 3697/19/1 2701/4/1 2704/3/1 3698/20/1
f 317/6/5 3699/7/5 3700/9/5 318/5/5
f 313/18/2 1470/13/2 1472/7/2 2706/6/2
f 2707/5/3 1473/9/3 1471/16/3 314/17/3
f 1440/5/36 3660/9/36 1434/10/34 1436/3/34
f 1480/6/32 1481/5/4 3703/9/4 3704/7/32
f 3701/19/6 3702/20/6 1477/3/6 1476/4/6
f 3705/18/2 3710/6/2 3708/7/2 3706/13/2
f 1478/7/1 1479/9/1 1475/10/1 1474/11/1
f 3701/19/6 1476/4/6 1482/4/6 3707/19/6
f 1480/6/32 3704/7/32 3709/7/33 1484/6/33
f 1478/7/1 1474/11/1 1483/11/1 1485/7/1
f 1488/4/4 3712/3/4 3711/5/4 3713/6/4
f 1492/6/35 1493/5/36 3714/9/36 3715/7/35
f 1490/7/6 1491/9/6 3716/10/6 1486/11/6
f 1488/4/4 3713/6/4 3717/6/4 1494/4/4
f 3719/18/2 3718/6/2 3720/7/2 3722/13/2
f 1492/6/35 3715/7/35 3721/7/37 1496/6/37
f 1490/7/6 1486/11/6 1495/11/6 1497/7/6
f 1493/5/36 1489/3/34 1487/10/34 3714/9/36
f 3725/19/1 3723/4/1 3729/3/1 3727/20/1
f 3724/4/4 3731/6/4 3732/5/4 3730/3/4
f 1502/7/6 3726/11/6 3728/10/6 1503/9/6
f 1500/18/2 1498/13/2 3733/7/2 1504/6/2
f 1505/5/3 3734/9/3 1499/16/3 1501/17/3
f 3751/43/2 3752/5/45 1545/10/45 1543/44/2
f 3750/18/47 3748/47/4 1506/46/4 1537/45/47
f 3735/48/4 3736/17/46 1511/50/46 1509/49/4
f 3756/48/4 3755/17/46 1541/50/46 1538/49/4
f 3749/51/3 3750/18/47 1537/45/47 1535/52/3
f 3736/17/46 3741/43/2 1513/44/2 1511/50/46
f 3753/53/6 3754/6/48 1549/11/48 1547/54/6
f 3740/6/48 3749/51/3 1535/52/3 1533/11/48
f 3741/43/2 3742/5/45 1515/10/45 1513/44/2
f 3754/6/48 3757/51/3 1551/52/3 1549/11/48
f 3739/53/6 3740/6/48 1533/11/48 1531/54/6
f 3742/5/45 3744/53/6 1517/54/6 1515/10/45
f 3757/51/3 3758/18/47 1553/45/47 1551/52/3
f 3738/5/45 3739/53/6 1531/54/6 1529/10/45
f 3744/53/6 3745/6/48 1519/11/48 1517/54/6
f 3758/18/47 3756/47/4 1538/46/4 1553/45/47
f 3737/43/2 3738/5/45 1529/10/45 1527/44/2
f 3745/6/48 3746/51/3 1521/52/3 1519/11/48
f 3748/48/4 3743/17/46 1525/50/46 1506/49/4
f 3743/17/46 3737/43/2 1527/44/2 1525/50/46
f 3746/51/3 3747/18/47 1523/45/47 1521/52/3
f 3752/5/45 3753/53/6 1547/54/6 1545/10/45
f 1507/55/1 1536/62/1 1534/61/1 1532/60/1 1530/59/1 1528/58/1 1526/57/1 1524/56/1
f 3747/18/47 3735/47/4 1509/46/4 1523/45/47
f 1508/55/1 1522/62/1 1520/61/1 1518/60/1 1516/59/1 1514/58/1 1512/57/1 1510/56/1
f 3755/17/46 3751/43/2 1543/44/2 1541/50/46
f 1539/55/1 1552/62/1 1550/61/1 1548/60/1 1546/59/1 1544/58/1 1542/57/1 1540/56/1
f 3759/43/2 3760/5/45 1561/10/45 1559/44/2
f 3764/48/4 3763/17/46 1557/50/46 1554/49/4
f 3761/53/6 3762/6/48 1565/11/48 1563/54/6
f 3762/6/48 3765/51/3 1567/52/3 1565/11/48
f 3765/51/3 3766/18/47 1569/45/47 1567/52/3
f 3766/18/47 3764/47/4 1554/46/4 1569/45/47
f 3760/5/45 3761/53/6 1563/54/6 1561/10/45
f 3763/17/46 3759/43/2 1559/44/2 1557/50/46
f 1555/55/1 1568/62/1 1566/61/1 1564/60/1 1562/59/1 1560/58/1 1558/57/1 1556/56/1
f 3767/43/2 3768/5/50 1577/10/50 1575/44/2
f 3772/48/1 3771/17/49 1573/50/49 1570/49/1
f 3769/53/5 3770/6/51 1581/11/51 1579/54/5
f 3770/6/51 3773/51/3 1583/52/3 1581/11/51
f 3773/51/3 3774/18/52 1585/45/52 1583/52/3
f 3774/18/52 3772/47/1 1570/46/1 1585/45/52
f 3768/5/50 3769/53/5 1579/54/5 1577/10/50
f 3771/17/49 3767/43/2 1575/44/2 1573/50/49
f 1571/55/6 1584/62/6 1582/61/6 1580/60/6 1578/59/6 1576/58/6 1574/57/6 1572/56/6
f 3775/43/2 3776/5/50 1593/10/50 1591/44/2
f 3780/48/1 3779/17/49 1589/50/49 1586/49/1
f 3777/53/5 3778/6/51 1597/11/51 1595/54/5
f 3778/6/51 3781/51/3 1599/52/3 1597/11/51
f 3781/51/3 3782/18/52 1601/45/52 1599/52/3
f 3782/18/52 3780/47/1 1586/46/1 1601/45/52
f 3776/5/50 3777/53/5 1595/54/5 1593/10/50
f 3779/17/49 3775/43/2 1591/44/2 1589/50/49
f 1587/55/6 1600/62/6 1598/61/6 1596/60/6 1594/59/6 1592/58/6 1590/57/6 1588/56/6
f 3783/43/2 3784/5/50 1609/10/50 1607/44/2
f 3788/48/1 3787/17/49 1605/50/49 1602/49/1
f 3785/53/5 3786/6/51 1613/11/51 1611/54/5
f 3786/6/51 3789/51/3 1615/52/3 1613/11/51
f 3789/51/3 3790/18/52 1617/45/52 1615/52/3
f 3790/18/52 3788/47/1 1602/46/1 1617/45/52
f 3784/5/50 3785/53/5 1611/54/5 1609/10/50
f 3787/17/49 3783/43/2 1607/44/2 1605/50/49
f 1603/55/6 1616/62/6 1614/61/6 1612/60/6 1610/59/6 1608/58/6 1606/57/6 1604/56/6
f 3791/43/2 3792/5/50 1625/10/50 1623/44/2
f 3796/48/1 3795/17/49 1621/50/49 1618/49/1
f 3793/53/5 3794/6/51 1629/11/51 1627/54/5
f 3794/6/51 3797/51/3 1631/52/3 1629/11/51
f 3797/51/3 3798/18/52 1633/45/52 1631/52/3
f 3798/18/52 3796/47/1 1618/46/1 1633/45/52
f 3792/5/50 3793/53/5 1627/54/5 1625/10/50
f 3795/17/49 3791/43/2 1623/44/2 1621/50/49
f 1619/55/6 1632/62/6 1630/61/6 1628/60/6 1626/59/6 1624/58/6 1622/57/6 1620/56/6
f 3799/43/2 3800/5/45 1641/10/45 1639/44/2
f 3804/48/4 3803/17/46 1637/50/46 1634/49/4
f 3801/53/6 3802/6/48 1645/11/48 1643/54/6
f 3802/6/48 3805/51/3 1647/52/3 1645/11/48
f 3805/51/3 3806/18/47 1649/45/47 1647/52/3
f 3806/18/47 3804/47/4 1634/46/4 1649/45/47
f 3800/5/45 3801/53/6 1643/54/6 1641/10/45
f 3803/17/46 3799/43/2 1639/44/2 1637/50/46
f 1635/55/1 1648/62/1 1646/61/1 1644/60/1 1642/59/1 1640/58/1 1638/57/1 1636/56/1
f 3807/43/2 3808/5/45 1657/10/45 1655/44/2
f 3812/48/4 3811/17/46 1653/50/46 1650/49/4
f 3809/53/6 3810/6/48 1661/11/48 1659/54/6
f 3810/6/48 3813/51/3 1663/52/3 1661/11/48
f 3813/51/3 3814/18/47 1665/45/47 1663/52/3
f 3814/18/47 3812/47/4 1650/46/4 1665/45/47
f 3808/5/45 3809/53/6 1659/54/6 1657/10/45
f 3811/17/46 3807/43/2 1655/44/2 1653/50/46
f 1651/55/1 1664/62/1 1662/61/1 1660/60/1 1658/59/1 1656/58/1 1654/57/1 1652/56/1
f 3815/43/2 3816/5/45 1673/10/45 1671/44/2
f 3820/48/4 3819/17/46 1669/50/46 1666/49/4
f 3817/53/6 3818/6/48 1677/11/48 1675/54/6
f 3818/6/48 3821/51/3 1679/52/3 1677/11/48
f 3821/51/3 3822/18/47 1681/45/47 1679/52/3
f 3822/18/47 3820/47/4 1666/46/4 1681/45/47
f 3816/5/45 3817/53/6 1675/54/6 1673/10/45
f 3819/17/46 3815/43/2 1671/44/2 1669/50/46
f 1667/55/1 1680/62/1 1678/61/1 1676/60/1 1674/59/1 1672/58/1 1670/57/1 1668/56/1
f 3823/43/2 3824/5/45 1689/10/45 1687/44/2
f 3828/48/4 3827/17/46 1685/50/46 1682/49/4
f 3825/53/6 3826/6/48 1693/11/48 1691/54/6
f 3826/6/48 3829/51/3 1695/52/3 1693/11/48
f 3829/51/3 3830/18/47 1697/45/47 1695/52/3
f 3830/18/47 3828/47/4 1682/46/4 1697/45/47
f 3824/5/45 3825/53/6 1691/54/6 1689/10/45
f 3827/17/46 3823/43/2 1687/44/2 1685/50/46
f 1683/55/1 1696/62/1 1694/61/1 1692/60/1 1690/59/1 1688/58/1 1686/57/1 1684/56/1
f 3831/43/2 3832/5/50 1705/10/50 1703/44/2
f 3836/48/1 3835/17/49 1701/50/49 1698/49/1
f 3833/53/5 3834/6/51 1709/11/51 1707/54/5
f 3834/6/51 3837/51/3 1711/52/3 1709/11/51
f 3837/51/3 3838/18/52 1713/45/52 1711/52/3
f 3838/18/52 3836/47/1 1698/46/1 1713/45/52
f 3832/5/50 3833/53/5 1707/54/5 1705/10/50
f 3835/17/49 3831/43/2 1703/44/2 1701/50/49
f 1699/55/6 1712/62/6 1710/61/6 1708/60/6 1706/59/6 1704/58/6 1702/57/6 1700/56/6
f 3840/55/6 3839/62/6 3841/61/6 3842/60/6 3845/59/6 1723/58/6 3846/57/6 3843/56/6
f 1727/17/49 1725/43/2 1724/44/2 1726/50/49
f 3844/5/50 1721/53/5 1720/54/5 1722/10/50
f 1715/18/52 1728/47/1 1729/46/1 1714/45/52
f 1717/51/3 1715/18/52 1714/45/52 1716/52/3
f 1719/6/51 1717/51/3 1716/52/3 1718/11/51
f 1721/53/5 1719/6/51 1718/11/51 1720/54/5
f 1728/48/1 1727/17/49 1726/50/49 1729/49/1
f 1725/43/2 3844/5/50 1722/10/50 1724/44/2
f 3848/55/6 3847/62/6 3849/61/6 3850/60/6 3853/59/6 1739/58/6 3854/57/6 3851/56/6
f 1743/17/49 1741/43/2 1740/44/2 1742/50/49
f 3852/5/50 1737/53/5 1736/54/5 1738/10/50
f 1731/18/52 1744/47/1 1745/46/1 1730/45/52
f 1733/51/3 1731/18/52 1730/45/52 1732/52/3
f 1735/6/51 1733/51/3 1732/52/3 1734/11/51
f 1737/53/5 1735/6/51 1734/11/51 1736/54/5
f 1744/48/1 1743/17/49 1742/50/49 1745/49/1
f 1741/43/2 3852/5/50 1738/10/50 1740/44/2
f 3855/43/2 3856/5/50 1753/10/50 1751/44/2
f 3860/48/1 3859/17/49 1749/50/49 1746/49/1
f 3857/53/5 3858/6/51 1757/11/51 1755/54/5
f 3858/6/51 3861/51/3 1759/52/3 1757/11/51
f 3861/51/3 3862/18/52 1761/45/52 1759/52/3
f 3862/18/52 3860/47/1 1746/46/1 1761/45/52
f 3856/5/50 3857/53/5 1755/54/5 1753/10/50
f 3859/17/49 3855/43/2 1751/44/2 1749/50/49
f 1747/55/6 1760/62/6 1758/61/6 1756/60/6 1754/59/6 1752/58/6 1750/57/6 1748/56/6
f 3865/19/1 3863/4/1 3869/3/1 3867/20/1
f 3864/4/4 3871/6/4 3872/5/4 3870/3/4
f 1766/7/6 3866/11/6 3868/10/6 1767/9/6
f 1764/18/2 1762/13/2 3873/7/2 1768/6/2
f 1769/5/3 3874/9/3 1763/16/3 1765/17/3
f 1774/1/5 3880/2/5 2892/3/5 2896/4/5
f 1772/7/2 3881/8/2 3394/8/2 3390/7/2
f 3883/7/6 1773/9/6 3878/10/6 3877/11/6
f 3875/12/2 3881/8/2 1772/7/2 3876/13/2
f 3885/14/3 1775/15/3 3879/16/3 3884/9/3
f 2903/5/3 618/17/3 1775/15/3 3885/14/3
f 617/18/2 2899/6/2 3881/8/2 3875/12/2
f 621/6/1 622/5/1 3886/14/1 3882/8/1
f 1770/19/5 1771/20/5 3880/2/5 1774/1/5
f 3885/14/3 3884/9/3 3385/9/3 3381/14/3
f 1773/9/6 3883/7/6 1219/7/6 1218/9/6
f 1776/8/4 1777/14/4 1217/14/4 1220/8/4
f 1779/16/3 3891/17/3 3896/17/3 3895/16/3
f 3888/4/4 1781/3/4 3407/5/4 3402/6/4
f 3410/7/6 3414/9/6 3892/10/6 3890/11/6
f 3887/18/2 1227/6/2 3411/7/2 3889/13/2
f 1228/5/3 3891/17/3 1779/16/3 3415/9/3
f 3893/19/90 3894/20/5 3897/3/5 3898/4/90
f 1780/18/53 1778/13/53 3893/13/90 3898/18/90
f 1781/3/4 3888/4/4 1782/4/4 1785/3/4
f 3890/11/6 3892/10/6 1784/10/6 1783/11/6
f 3899/19/5 3901/20/5 638/3/5 2923/4/5
f 641/6/1 642/5/1 3904/9/1 3902/7/1
f 3903/7/6 1789/9/6 1787/10/6 3900/11/6
f 637/18/2 2929/6/2 1788/7/2 1786/13/2
f 3905/19/5 3906/20/5 3907/3/5 3908/4/5
f 1792/4/77 1793/3/77 3909/5/77 3910/6/77
f 1796/6/1 1797/5/1 3911/9/1 3912/7/1
f 1794/7/76 1795/9/76 1791/10/76 1790/11/76
f 3913/19/5 3915/20/5 2950/3/5 2942/4/5
f 3443/7/6 3447/9/6 3916/10/6 3914/11/6
f 653/18/2 51/6/2 3444/7/2 1798/13/2
f 52/5/3 654/17/3 1799/16/3 3448/9/3
f 1802/18/55 3934/21/92 3946/21/59 1829/18/59
f 3918/4/4 1803/3/4 3920/5/4 3917/6/4
f 3922/7/6 1805/9/6 3924/10/6 1800/11/6
f 3930/22/92 1816/23/56 1804/7/56 3921/13/55
f 1819/24/57 3928/25/91 1801/16/54 3923/9/57
f 3925/19/5 3926/20/5 2962/3/5 2959/4/5
f 2963/18/2 697/6/2 1834/7/2 1832/13/2
f 1807/5/57 3919/17/54 3932/26/91 1818/27/57
f 3927/19/5 3952/20/5 2990/3/5 693/4/5
f 665/18/2 669/6/2 1810/7/2 1808/13/2
f 670/5/3 666/17/3 1809/16/3 1811/9/3
f 1818/27/57 3932/26/91 3928/25/91 1819/24/57
f 1802/18/55 1806/6/56 1817/28/56 3934/21/92
f 3934/21/92 1817/28/56 1816/23/56 3930/22/92
f 1801/16/54 3928/25/91 3944/25/58 1826/16/58
f 3928/25/91 3932/26/91 3942/26/3 3940/25/3
f 3938/29/5 3941/30/5 3943/31/5 3936/32/5
f 3931/29/6 3929/30/6 1822/30/6 3939/29/6
f 3934/21/92 3930/22/92 1821/22/2 3937/21/2
f 3933/31/4 3935/32/4 1820/32/4 1823/31/4
f 3932/26/91 3919/17/54 3948/17/58 3949/26/58
f 3930/22/92 3921/13/55 3950/13/59 3951/22/59
f 1814/30/4 1813/29/4 1824/29/4 1831/30/4
f 1803/3/4 3918/4/4 3947/4/4 1828/3/4
f 1800/11/6 3924/10/6 3945/10/6 1825/11/6
f 1812/32/6 1815/31/6 1827/31/6 1830/32/6
f 698/5/3 694/17/3 1833/16/3 1835/9/3
f 2991/18/2 705/6/2 1838/7/2 1836/13/2
f 3953/19/5 3954/20/5 2994/3/5 701/4/5
f 706/5/3 702/17/3 1837/16/3 1839/9/3
f 1842/18/55 3969/21/92 3981/21/59 1865/18/59
f 3956/4/4 1843/3/4 3958/5/4 3955/6/4
f 3960/7/6 1845/9/6 3962/10/6 1840/11/6
f 3965/22/92 1852/23/56 1844/7/56 3959/13/55
f 1855/24/57 3963/25/91 1841/16/54 3961/9/57
f 1847/5/57 3957/17/54 3967/26/91 1854/27/57
f 1854/27/57 3967/26/91 3963/25/91 1855/24/57
f 1842/18/55 1846/6/56 1853/28/56 3969/21/92
f 3969/21/92 1853/28/56 1852/23/56 3965/22/92
f 1841/16/54 3963/25/91 3979/25/58 1862/16/58
f 3963/25/91 3967/26/91 3977/26/3 3975/25/3
f 3973/29/5 3976/30/5 3978/31/5 3971/32/5
f 3966/29/6 3964/30/6 1858/30/6 3974/29/6
f 3969/21/92 3965/22/92 1857/22/2 3972/21/2
f 3968/31/4 3970/32/4 1856/32/4 1859/31/4
f 3967/26/91 3957/17/54 3983/17/58 3984/26/58
f 3965/22/92 3959/13/55 3985/13/59 3986/22/59
f 1850/30/4 1849/29/4 1860/29/4 1867/30/4
f 1843/3/4 3956/4/4 3982/4/4 1864/3/4
f 1840/11/6 3962/10/6 3980/10/6 1861/11/6
f 1848/32/6 1851/31/6 1863/31/6 1866/32/6
f 1870/18/55 4001/21/92 4013/21/59 1893/18/59
f 3988/4/4 1871/3/4 3990/5/4 3987/6/4
f 3992/7/6 1873/9/6 3994/10/6 1868/11/6
f 3997/22/92 1880/23/56 1872/7/56 3991/13/55
f 1883/24/57 3995/25/91 1869/16/54 3993/9/57
f 1875/5/57 3989/17/54 3999/26/91 1882/27/57
f 1882/27/57 3999/26/91 3995/25/91 1883/24/57
f 1870/18/55 1874/6/56 1881/28/56 4001/21/92
f 4001/21/92 1881/28/56 1880/23/56 3997/22/92
f 1869/16/54 3995/25/91 4011/25/58 1890/16/58
f 3995/25/91 3999/26/91 4009/26/3 4007/25/3
f 4005/29/5 4008/30/5 4010/31/5 4003/32/5
f 3998/29/6 3996/30/6 1886/30/6 4006/29/6
f 4001/21/92 3997/22/92 1885/22/2 4004/21/2
f 4000/31/4 4002/32/4 1884/32/4 1887/31/4
f 3999/26/91 3989/17/54 4015/17/58 4016/26/58
f 3997/22/92 3991/13/55 4017/13/59 4018/22/59
f 1878/30/4 1877/29/4 1888/29/4 1895/30/4
f 1871/3/4 3988/4/4 4014/4/4 1892/3/4
f 1868/11/6 3994/10/6 4012/10/6 1889/11/6
f 1876/32/6 1879/31/6 1891/31/6 1894/32/6
f 4020/1/5 1897/2/5 764/3/5 3061/4/5
f 763/18/2 3060/6/2 4019/8/2 1896/12/2
f 765/6/1 766/5/1 1899/14/1 1898/8/1
f 4022/1/5 1901/2/5 772/3/5 3065/4/5
f 771/18/2 3064/6/2 4021/8/2 1900/12/2
f 773/6/1 774/5/1 1903/14/1 1902/8/1
f 4025/19/5 4027/20/5 4029/3/5 4023/4/5
f 4024/4/4 4030/3/4 3570/5/4 3566/6/4
f 3573/7/6 3577/9/6 4028/10/6 4026/11/6
f 1906/18/2 1359/6/2 3574/7/2 1904/13/2
f 1360/5/3 1907/17/3 1905/16/3 3578/9/3
f 4033/19/5 4035/20/5 4037/3/5 4031/4/5
f 4032/4/4 4038/3/4 3594/5/4 3590/6/4
f 3597/7/6 3601/9/6 4036/10/6 4034/11/6
f 1910/18/2 1367/6/2 3598/7/2 1908/13/2
f 1368/5/3 1911/17/3 1909/16/3 3602/9/3
f 4039/19/5 4040/20/5 1915/3/5 1914/4/5
f 1918/6/60 1919/5/1 4043/9/1 4044/7/60
f 1916/7/6 1917/9/6 1913/10/6 1912/11/6
f 1970/6/43 1971/5/6 4085/9/6 4086/7/43
f 4045/18/2 4050/6/2 4048/7/2 4046/13/2
f 4039/19/5 1914/4/5 1920/4/5 4047/19/5
f 1918/6/60 4044/7/60 4049/7/24 1922/6/24
f 1916/7/6 1912/11/6 1921/11/6 1923/7/6
f 1926/4/1 1927/3/1 4051/5/1 4052/6/1
f 1930/6/78 1931/5/6 4053/9/6 4054/7/78
f 1928/7/5 1929/9/5 1925/10/5 1924/11/5
f 1926/4/1 4052/6/1 4055/6/1 1932/4/1
f 4041/19/4 4042/20/4 1967/3/4 1966/4/4
f 4057/18/2 4056/6/2 4058/7/2 4060/13/2
f 1930/6/78 4054/7/78 4059/7/79 1934/6/79
f 1928/7/5 1924/11/5 1933/11/5 1935/7/5
f 4061/19/61 1938/4/61 1939/3/62 4062/20/62
f 1942/6/63 4064/7/63 4063/9/64 1943/5/64
f 1940/7/6 1936/11/6 1937/10/6 1941/9/6
f 4065/18/2 4066/13/2 4068/7/2 4070/6/2
f 4061/19/61 4067/19/1 1944/4/1 1938/4/61
f 1942/6/63 1946/6/17 4069/7/17 4064/7/63
f 1940/7/6 1947/7/6 1945/11/6 1936/11/6
f 1950/4/65 4072/6/93 4071/5/64 1951/3/64
f 1954/6/80 4074/7/96 4073/9/6 1955/5/6
f 1952/7/66 1948/11/61 1949/10/62 1953/9/62
f 1950/4/65 1956/4/5 4075/6/5 4072/6/93
f 4077/18/2 4080/13/2 4078/7/2 4076/6/2
f 1954/6/80 1958/6/79 4079/7/79 4074/7/96
f 1952/7/66 1959/7/1 1957/11/1 1948/11/61
f 4087/18/2 4092/6/2 4090/7/2 4088/13/2
f 871/33/73 838/3/28 4082/5/28 1990/34/73
f 1968/7/5 1969/9/5 1965/10/5 1964/11/5
f 1988/35/72 1961/9/29 3132/10/29 868/36/72
f 3126/18/2 4081/6/2 4083/7/2 3129/13/2
f 1963/5/3 3127/17/3 836/16/3 4084/9/3
f 4041/19/4 1966/4/4 1972/4/4 4089/19/4
f 1970/6/43 4086/7/43 4091/7/44 1974/6/44
f 1968/7/5 1964/11/5 1973/11/5 1975/7/5
f 1978/4/6 4094/3/6 4093/5/6 4095/6/6
f 1982/6/68 1983/5/69 4096/9/69 4097/7/68
f 1980/7/4 1981/9/4 4098/10/4 1976/11/4
f 1978/4/6 4095/6/6 4099/6/6 1984/4/6
f 4101/18/2 4100/6/2 4102/7/2 4104/13/2
f 1982/6/68 4097/7/68 4103/7/70 1986/6/70
f 1980/7/4 1976/11/4 1985/11/4 1987/7/4
f 1960/7/30 1989/37/71 867/38/71 835/11/30
f 2000/39/5 1988/35/72 868/36/72 891/40/5
f 837/4/31 872/41/74 1991/42/74 1962/6/31
f 872/41/74 871/33/73 1990/34/73 1991/42/74
f 4105/19/5 4106/20/5 3156/3/5 3153/4/5
f 4107/19/5 4108/20/5 3160/3/5 3157/4/5
f 890/5/3 886/17/3 1997/16/3 1999/9/3
f 885/18/2 889/6/2 1998/7/2 1996/13/2
f 877/18/2 881/6/2 1994/7/2 1992/13/2
f 882/5/3 878/17/3 1993/16/3 1995/9/3
f 1989/37/71 2000/39/5 891/40/5 867/38/71
f 4111/19/5 4113/20/5 4115/3/5 4109/4/5
f 4119/19/1 4117/4/1 4123/3/1 4121/20/1
f 4116/3/4 4124/3/4 4118/4/4 4110/4/4
f 2007/20/4 4131/20/4 4129/19/4 2006/19/4
f 4114/20/3 4122/20/3 2008/3/3 2004/3/3
f 2003/4/2 2005/4/2 4120/19/100 4112/19/99
f 4125/19/1 4130/19/1 4132/20/1 4127/20/1
f 2001/19/6 4126/19/6 4128/20/6 2002/20/6
f 4114/20/3 2010/20/3 2012/20/3 4122/20/3
f 4120/19/100 2011/19/82 2009/19/82 4112/19/99
f 4133/19/5 4134/20/5 3188/3/5 3185/4/5
f 911/6/1 912/5/1 4136/9/1 4135/7/1
f 907/18/2 3190/6/2 2015/7/2 2013/13/2
f 3191/5/3 908/17/3 2014/16/3 2016/9/3
f 1983/5/69 1979/3/67 1977/10/67 4096/9/69
f 2023/6/32 4140/7/32 4139/9/4 2024/5/4
f 4137/19/6 2019/4/6 2020/3/6 4138/20/6
f 4141/18/2 4142/13/2 4144/7/2 4146/6/2
f 2021/7/5 2017/11/5 2018/10/5 2022/9/5
f 4137/19/6 4143/19/6 2025/4/6 2019/4/6
f 2023/6/32 2027/6/33 4145/7/33 4140/7/32
f 2021/7/5 2028/7/5 2026/11/5 2017/11/5
f 2031/4/4 4149/6/4 4147/5/4 4148/3/4
f 2035/6/68 4151/7/68 4150/9/69 2036/5/69
f 2033/7/6 2029/11/6 4152/10/6 2034/9/6
f 2031/4/4 2037/4/4 4153/6/4 4149/6/4
f 4155/18/2 4158/13/2 4156/7/2 4154/6/2
f 2035/6/68 2039/6/70 4157/7/70 4151/7/68
f 2033/7/6 2040/7/6 2038/11/6 2029/11/6
f 2036/5/69 4150/9/69 2030/10/67 2032/3/67
f 4161/19/5 4163/20/5 4165/3/5 4159/4/5
f 4160/4/4 4166/3/4 4168/5/4 4167/6/4
f 2045/7/6 2046/9/6 4164/10/6 4162/11/6
f 2043/18/2 2047/6/2 4169/7/2 2041/13/2
f 2048/5/3 2044/17/3 2042/16/3 4170/9/3
f 4187/43/2 2086/44/2 2088/10/45 4188/5/45
f 4186/18/47 2080/45/47 2049/46/4 4184/47/4
f 4171/48/4 2052/49/4 2054/50/46 4172/17/46
f 4192/48/4 2081/49/4 2084/50/46 4191/17/46
f 4185/51/3 2078/52/3 2080/45/47 4186/18/47
f 4172/17/46 2054/50/46 2056/44/2 4177/43/2
f 4189/53/6 2090/54/6 2092/11/48 4190/6/48
f 4176/6/48 2076/11/48 2078/52/3 4185/51/3
f 4177/43/2 2056/44/2 2058/10/45 4178/5/45
f 4190/6/48 2092/11/48 2094/52/3 4193/51/3
f 4175/53/6 2074/54/6 2076/11/48 4176/6/48
f 4178/5/45 2058/10/45 2060/54/6 4180/53/6
f 4193/51/3 2094/52/3 2096/45/47 4194/18/47
f 4174/5/45 2072/10/45 2074/54/6 4175/53/6
f 4180/53/6 2060/54/6 2062/11/48 4181/6/48
f 4194/18/47 2096/45/47 2081/46/4 4192/47/4
f 4173/43/2 2070/44/2 2072/10/45 4174/5/45
f 4181/6/48 2062/11/48 2064/52/3 4182/51/3
f 4184/48/4 2049/49/4 2068/50/46 4179/17/46
f 4179/17/46 2068/50/46 2070/44/2 4173/43/2
f 4182/51/3 2064/52/3 2066/45/47 4183/18/47
f 4188/5/45 2088/10/45 2090/54/6 4189/53/6
f 2050/55/5 2067/56/5 2069/57/5 2071/58/5 2073/59/5 2075/60/5 2077/61/5 2079/62/5
f 4183/18/47 2066/45/47 2052/46/4 4171/47/4
f 2051/55/5 2053/56/5 2055/57/5 2057/58/5 2059/59/5 2061/60/5 2063/61/5 2065/62/5
f 4191/17/46 2084/50/46 2086/44/2 4187/43/2
f 2082/55/5 2083/56/5 2085/57/5 2087/58/5 2089/59/5 2091/60/5 2093/61/5 2095/62/5
f 4195/43/2 2102/44/2 2104/10/45 4196/5/45
f 4200/48/4 2097/49/4 2100/50/46 4199/17/46
f 4197/53/6 2106/54/6 2108/11/48 4198/6/48
f 4198/6/48 2108/11/48 2110/52/3 4201/51/3
f 4201/51/3 2110/52/3 2112/45/47 4202/18/47
f 4202/18/47 2112/45/47 2097/46/4 4200/47/4
f 4196/5/45 2104/10/45 2106/54/6 4197/53/6
f 4199/17/46 2100/50/46 2102/44/2 4195/43/2
f 2098/55/5 2099/56/5 2101/57/5 2103/58/5 2105/59/5 2107/60/5 2109/61/5 2111/62/5
f 4203/43/2 2118/44/2 2120/10/49 4204/5/49
f 4208/48/5 2113/49/5 2116/50/50 4207/17/50
f 4205/53/1 2122/54/1 2124/11/52 4206/6/52
f 4206/6/52 2124/11/52 2126/52/3 4209/51/3
f 4209/51/3 2126/52/3 2128/45/51 4210/18/51
f 4210/18/51 2128/45/51 2113/46/5 4208/47/5
f 4204/5/49 2120/10/49 2122/54/1 4205/53/1
f 4207/17/50 2116/50/50 2118/44/2 4203/43/2
f 2114/55/6 2115/56/6 2117/57/6 2119/58/6 2121/59/6 2123/60/6 2125/61/6 2127/62/6
f 4211/43/2 2134/44/2 2136/10/49 4212/5/49
f 4216/48/5 2129/49/5 2132/50/50 4215/17/50
f 4213/53/1 2138/54/1 2140/11/52 4214/6/52
f 4214/6/52 2140/11/52 2142/52/3 4217/51/3
f 4217/51/3 2142/52/3 2144/45/51 4218/18/51
f 4218/18/51 2144/45/51 2129/46/5 4216/47/5
f 4212/5/49 2136/10/49 2138/54/1 4213/53/1
f 4215/17/50 2132/50/50 2134/44/2 4211/43/2
f 2130/55/6 2131/56/6 2133/57/6 2135/58/6 2137/59/6 2139/60/6 2141/61/6 2143/62/6
f 4219/43/2 2150/44/2 2152/10/49 4220/5/49
f 4224/48/5 2145/49/5 2148/50/50 4223/17/50
f 4221/53/1 2154/54/1 2156/11/52 4222/6/52
f 4222/6/52 2156/11/52 2158/52/3 4225/51/3
f 4225/51/3 2158/52/3 2160/45/51 4226/18/51
f 4226/18/51 2160/45/51 2145/46/5 4224/47/5
f 4220/5/49 2152/10/49 2154/54/1 4221/53/1
f 4223/17/50 2148/50/50 2150/44/2 4219/43/2
f 2146/55/6 2147/56/6 2149/57/6 2151/58/6 2153/59/6 2155/60/6 2157/61/6 2159/62/6
f 4227/43/2 2166/44/2 2168/10/49 4228/5/49
f 4232/48/5 2161/49/5 2164/50/50 4231/17/50
f 4229/53/1 2170/54/1 2172/11/52 4230/6/52
f 4230/6/52 2172/11/52 2174/52/3 4233/51/3
f 4233/51/3 2174/52/3 2176/45/51 4234/18/51
f 4234/18/51 2176/45/51 2161/46/5 4232/47/5
f 4228/5/49 2168/10/49 2170/54/1 4229/53/1
f 4231/17/50 2164/50/50 2166/44/2 4227/43/2
f 2162/55/6 2163/56/6 2165/57/6 2167/58/6 2169/59/6 2171/60/6 2173/61/6 2175/62/6
f 4235/43/2 2182/44/2 2184/10/45 4236/5/45
f 4240/48/4 2177/49/4 2180/50/46 4239/17/46
f 4237/53/6 2186/54/6 2188/11/48 4238/6/48
f 4238/6/48 2188/11/48 2190/52/3 4241/51/3
f 4241/51/3 2190/52/3 2192/45/47 4242/18/47
f 4242/18/47 2192/45/47 2177/46/4 4240/47/4
f 4236/5/45 2184/10/45 2186/54/6 4237/53/6
f 4239/17/46 2180/50/46 2182/44/2 4235/43/2
f 2178/55/5 2179/56/5 2181/57/5 2183/58/5 2185/59/5 2187/60/5 2189/61/5 2191/62/5
f 4243/43/2 2198/44/2 2200/10/45 4244/5/45
f 4248/48/4 2193/49/4 2196/50/46 4247/17/46
f 4245/53/6 2202/54/6 2204/11/48 4246/6/48
f 4246/6/48 2204/11/48 2206/52/3 4249/51/3
f 4249/51/3 2206/52/3 2208/45/47 4250/18/47
f 4250/18/47 2208/45/47 2193/46/4 4248/47/4
f 4244/5/45 2200/10/45 2202/54/6 4245/53/6
f 4247/17/46 2196/50/46 2198/44/2 4243/43/2
f 2194/55/5 2195/56/5 2197/57/5 2199/58/5 2201/59/5 2203/60/5 2205/61/5 2207/62/5
f 4251/43/2 2214/44/2 2216/10/45 4252/5/45
f 4256/48/4 2209/49/4 2212/50/46 4255/17/46
f 4253/53/6 2218/54/6 2220/11/48 4254/6/48
f 4254/6/48 2220/11/48 2222/52/3 4257/51/3
f 4257/51/3 2222/52/3 2224/45/47 4258/18/47
f 4258/18/47 2224/45/47 2209/46/4 4256/47/4
f 4252/5/45 2216/10/45 2218/54/6 4253/53/6
f 4255/17/46 2212/50/46 2214/44/2 4251/43/2
f 2210/55/5 2211/56/5 2213/57/5 2215/58/5 2217/59/5 2219/60/5 2221/61/5 2223/62/5
f 4259/43/2 2230/44/2 2232/10/45 4260/5/45
f 4264/48/4 2225/49/4 2228/50/46 4263/17/46
f 4261/53/6 2234/54/6 2236/11/48 4262/6/48
f 4262/6/48 2236/11/48 2238/52/3 4265/51/3
f 4265/51/3 2238/52/3 2240/45/47 4266/18/47
f 4266/18/47 2240/45/47 2225/46/4 4264/47/4
f 4260/5/45 2232/10/45 2234/54/6 4261/53/6
f 4263/17/46 2228/50/46 2230/44/2 4259/43/2
f 2226/55/5 2227/56/5 2229/57/5 2231/58/5 2233/59/5 2235/60/5 2237/61/5 2239/62/5
f 4267/43/2 2246/44/2 2248/10/49 4268/5/49
f 4272/48/5 2241/49/5 2244/50/50 4271/17/50
f 4269/53/1 2250/54/1 2252/11/52 4270/6/52
f 4270/6/52 2252/11/52 2254/52/3 4273/51/3
f 4273/51/3 2254/52/3 2256/45/51 4274/18/51
f 4274/18/51 2256/45/51 2241/46/5 4272/47/5
f 4268/5/49 2248/10/49 2250/54/1 4269/53/1
f 4271/17/50 2244/50/50 2246/44/2 4267/43/2
f 2242/55/6 2243/56/6 2245/57/6 2247/58/6 2249/59/6 2251/60/6 2253/61/6 2255/62/6
f 4276/55/6 4279/56/6 4282/57/6 2266/58/6 4281/59/6 4278/60/6 4277/61/6 4275/62/6
f 2270/17/50 2269/50/50 2267/44/2 2268/43/2
f 4280/5/49 2265/10/49 2263/54/1 2264/53/1
f 2258/18/51 2257/45/51 2272/46/5 2271/47/5
f 2260/51/3 2259/52/3 2257/45/51 2258/18/51
f 2262/6/52 2261/11/52 2259/52/3 2260/51/3
f 2264/53/1 2263/54/1 2261/11/52 2262/6/52
f 2271/48/5 2272/49/5 2269/50/50 2270/17/50
f 2268/43/2 2267/44/2 2265/10/49 4280/5/49
f 4284/55/6 4287/56/6 4290/57/6 2282/58/6 4289/59/6 4286/60/6 4285/61/6 4283/62/6
f 2286/17/50 2285/50/50 2283/44/2 2284/43/2
f 4288/5/49 2281/10/49 2279/54/1 2280/53/1
f 2274/18/51 2273/45/51 2288/46/5 2287/47/5
f 2276/51/3 2275/52/3 2273/45/51 2274/18/51
f 2278/6/52 2277/11/52 2275/52/3 2276/51/3
f 2280/53/1 2279/54/1 2277/11/52 2278/6/52
f 2287/48/5 2288/49/5 2285/50/50 2286/17/50
f 2284/43/2 2283/44/2 2281/10/49 4288/5/49
f 4291/43/2 2294/44/2 2296/10/49 4292/5/49
f 4296/48/5 2289/49/5 2292/50/50 4295/17/50
f 4293/53/1 2298/54/1 2300/11/52 4294/6/52
f 4294/6/52 2300/11/52 2302/52/3 4297/51/3
f 4297/51/3 2302/52/3 2304/45/51 4298/18/51
f 4298/18/51 2304/45/51 2289/46/5 4296/47/5
f 4292/5/49 2296/10/49 2298/54/1 4293/53/1
f 4295/17/50 2292/50/50 2294/44/2 4291/43/2
f 2290/55/6 2291/56/6 2293/57/6 2295/58/6 2297/59/6 2299/60/6 2301/61/6 2303/62/6
f 4301/19/5 4303/20/5 4305/3/5 4299/4/5
f 4300/4/4 4306/3/4 4308/5/4 4307/6/4
f 2309/7/6 2310/9/6 4304/10/6 4302/11/6
f 2307/18/2 2311/6/2 4309/7/2 2305/13/2
f 2312/5/3 2308/17/3 2306/16/3 4310/9/3
o WheelFrame.009
v -1.068000 0.510000 -1.910000
v -1.050000 0.690000 -1.910000
v -0.910000 0.510000 -1.910000
v -0.910000 0.690000 -1.910000
v -0.900000 0.440000 -1.820000
v -0.900000 0.500000 -1.820000
v -0.840000 0.440000 -1.820000
v -0.840000 0.500000 -1.820000
v -0.900000 0.440000 -1.890000
v -0.900000 0.500000 -1.890000
v -0.840000 0.440000 -1.890000
v -0.840000 0.500000 -1.890000
v -0.840000 1.000000 -1.930000
v -0.840000 1.000000 -1.780000
v -0.900000 1.000000 -1.780000
v -0.900000 1.000000 -1.930000
v -0.970000 0.810000 -1.660000
v -0.970000 1.000000 -1.440000
v -0.970000 0.810000 -1.680000
v -0.910000 0.810000 -1.660000
v -0.910000 1.000000 -1.440000
v -0.910000 0.810000 -1.680000
v -0.970000 0.900000 -1.500000
v -0.970000 1.000000 -1.640000
v -0.910000 1.000000 -1.640000
v -0.910000 0.900000 -1.500000
v -0.900000 0.440000 -2.000000
v -0.900000 0.500000 -2.000000
v -0.840000 0.440000 -2.000000
v -0.840000 0.500000 -2.000000
v -1.068000 0.510000 -2.000000
v -1.050000 0.690000 -2.000000
v -0.910000 0.510000 -2.000000
v -0.910000 0.690000 -2.000000
v -0.970000 0.700000 -2.000000
v -0.970000 0.820000 -2.000000
v -0.910000 0.700000 -2.000000
v -0.910000 0.820000 -2.000000
v -1.030000 0.720000 -2.000000
v -1.030000 0.720000 -1.930000
v -1.019394 0.715607 -2.000000
v -1.019394 0.715607 -1.930000
v -1.015000 0.705000 -2.000000
v -1.015000 0.705000 -1.930000
v -1.019394 0.694393 -2.000000
v -1.019394 0.694393 -1.930000
v -1.030000 0.690000 -2.000000
v -1.030000 0.690000 -1.930000
v -1.040607 0.694393 -2.000000
v -1.040607 0.694393 -1.930000
v -1.045000 0.705000 -2.000000
v -1.045000 0.705000 -1.930000
v -1.040607 0.715607 -2.000000
v -1.040607 0.715607 -1.930000
v -1.049000 0.700000 -1.950000
v -1.049000 0.700000 -1.970000
v -1.031500 0.698000 -1.950000
v -1.030500 0.723000 -1.950000
v -1.031500 0.698000 -1.970000
v -1.030500 0.723000 -1.970000
v -1.057000 0.620000 -1.970000
v -1.057000 0.620000 -1.950000
v -1.067000 0.620000 -1.970000
v -1.067000 0.620000 -1.950000
v -1.020000 0.716000 -1.970000
v -1.020000 0.716000 -1.950000
v -1.030000 0.720000 -1.972000
v -1.019394 0.715607 -1.972000
v -1.015000 0.705000 -1.972000
v -1.019394 0.694393 -1.972000
v -1.030000 0.690000 -1.972000
v -1.040607 0.694393 -1.972000
v -1.045000 0.705000 -1.972000
v -1.040607 0.715607 -1.972000
v -1.030000 0.726580 -2.000000
v -1.014741 0.720259 -2.000000
v -1.014741 0.720259 -1.972000
v -1.008420 0.705000 -2.000000
v -1.008420 0.705000 -1.972000
v -1.014741 0.689741 -2.000000
v -1.014741 0.689741 -1.972000
v -1.030000 0.683420 -2.000000
v -1.030000 0.683420 -1.972000
v -1.045259 0.689741 -2.000000
v -1.045259 0.689741 -1.972000
v -1.051580 0.705000 -2.000000
v -1.051580 0.705000 -1.972000
v -1.045259 0.720259 -2.000000
v -1.045259 0.720259 -1.972000
v -1.030000 0.726580 -1.972000
v -0.977071 0.827071 -1.960000
v -0.977071 0.827071 -2.000000
v -0.902929 0.692929 -1.960000
v -0.902929 0.692929 -2.000000
v -0.902929 0.827071 -2.000000
v -0.977071 0.692929 -2.000000
v -0.977071 0.692929 -1.960000
v -0.902929 0.827071 -1.960000
v -0.910000 0.440000 -1.890000
v -0.910000 0.440000 -1.820000
v -0.910000 0.490000 -1.820000
v -0.910000 0.440000 -2.000000
v -0.910000 0.490000 -1.890000
v -0.910000 0.490000 -2.000000
v -0.920000 0.520000 -1.875000
v -0.920000 0.680000 -1.875000
v -0.910000 0.480000 -1.847500
v -0.915000 0.480000 -1.847500
v -0.915000 0.474697 -1.845303
v -0.910000 0.474697 -1.845303
v -0.915000 0.472500 -1.840000
v -0.910000 0.472500 -1.840000
v -0.915000 0.474697 -1.834697
v -0.910000 0.474697 -1.834697
v -0.915000 0.480000 -1.832500
v -0.910000 0.480000 -1.832500
v -0.915000 0.485303 -1.834697
v -0.910000 0.485303 -1.834697
v -0.915000 0.487500 -1.840000
v -0.910000 0.487500 -1.840000
v -0.915000 0.485303 -1.845303
v -0.910000 0.485303 -1.845303
v -0.930000 0.680000 -1.875000
v -0.930000 0.520000 -1.875000
v -0.920000 0.520000 -1.880000
v -0.930000 0.520000 -1.880000
v -0.930000 0.680000 -1.880000
v -0.920000 0.680000 -1.880000
v -0.920000 0.680000 -1.895000
v -0.920000 0.520000 -1.895000
v -0.920000 0.680000 -1.890000
v -0.920000 0.520000 -1.890000
v -0.930000 0.680000 -1.895000
v -0.930000 0.520000 -1.895000
v -0.930000 0.680000 -1.890000
v -0.930000 0.520000 -1.890000
v -0.900000 0.446000 -1.820000
v -0.840000 0.446000 -1.820000
v -0.840000 0.446000 -1.890000
v -0.840000 0.446000 -2.000000
v -0.910000 0.446000 -1.820000
v -0.910000 0.446000 -1.890000
v -0.910000 0.446000 -2.000000
v -0.920000 0.440000 -1.890000
v -0.920000 0.440000 -1.820000
v -0.920000 0.440000 -2.000000
v -0.920000 0.445000 -1.890000
v -0.920000 0.445000 -2.000000
v -0.920000 0.445000 -1.820000
v -0.903750 0.530000 -1.850000
v -0.903750 0.700000 -1.850000
v -0.903750 0.530000 -1.890000
v -0.903750 0.700000 -1.890000
v -0.896250 0.530000 -1.850000
v -0.896250 0.700000 -1.850000
v -0.896250 0.530000 -1.890000
v -0.896250 0.700000 -1.890000
v -0.903750 0.530000 -1.880000
v -0.903750 0.700000 -1.880000
v -0.896250 0.530000 -1.881000
v -0.896250 0.700000 -1.881000
v -0.918750 0.700000 -1.880000
v -0.918750 0.700000 -1.890000
v -0.918750 0.530000 -1.890000
v -0.918750 0.530000 -1.880000
v -0.910000 0.590000 -1.867500
v -0.915000 0.590000 -1.867500
v -0.915000 0.584697 -1.865303
v -0.910000 0.584697 -1.865303
v -0.915000 0.582500 -1.860000
v -0.910000 0.582500 -1.860000
v -0.915000 0.584697 -1.854697
v -0.910000 0.584697 -1.854697
v -0.915000 0.590000 -1.852500
v -0.910000 0.590000 -1.852500
v -0.915000 0.595303 -1.854697
v -0.910000 0.595303 -1.854697
v -0.915000 0.597500 -1.860000
v -0.910000 0.597500 -1.860000
v -0.915000 0.595303 -1.865303
v -0.910000 0.595303 -1.865303
v -0.910000 0.555303 -1.865303
v -0.915000 0.555303 -1.865303
v -0.910000 0.557500 -1.860000
v -0.915000 0.557500 -1.860000
v -0.910000 0.555303 -1.854697
v -0.915000 0.555303 -1.854697
v -0.910000 0.550000 -1.852500
v -0.915000 0.550000 -1.852500
v -0.910000 0.544697 -1.854697
v -0.915000 0.544697 -1.854697
v -0.910000 0.542500 -1.860000
v -0.915000 0.542500 -1.860000
v -0.910000 0.544697 -1.865303
v -0.915000 0.544697 -1.865303
v -0.915000 0.550000 -1.867500
v -0.910000 0.550000 -1.867500
v -0.910000 0.645303 -1.865303
v -0.915000 0.645303 -1.865303
v -0.910000 0.647500 -1.860000
v -0.915000 0.647500 -1.860000
v -0.910000 0.645303 -1.854697
v -0.915000 0.645303 -1.854697
v -0.910000 0.640000 -1.852500
v -0.915000 0.640000 -1.852500
v -0.910000 0.634697 -1.854697
v -0.915000 0.634697 -1.854697
v -0.910000 0.632500 -1.860000
v -0.915000 0.632500 -1.860000
v -0.910000 0.634697 -1.865303
v -0.915000 0.634697 -1.865303
v -0.915000 0.640000 -1.867500
v -0.910000 0.640000 -1.867500
v -0.910000 0.680000 -1.867500
v -0.915000 0.680000 -1.867500
v -0.915000 0.674697 -1.865303
v -0.910000 0.674697 -1.865303
v -0.915000 0.672500 -1.860000
v -0.910000 0.672500 -1.860000
v -0.915000 0.674697 -1.854697
v -0.910000 0.674697 -1.854697
v -0.915000 0.680000 -1.852500
v -0.910000 0.680000 -1.852500
v -0.915000 0.685303 -1.854697
v -0.910000 0.685303 -1.854697
v -0.915000 0.687500 -1.860000
v -0.910000 0.687500 -1.860000
v -0.915000 0.685303 -1.865303
v -0.910000 0.685303 -1.865303
v -0.910000 0.485303 -1.875303
v -0.915000 0.485303 -1.875303
v -0.910000 0.487500 -1.870000
v -0.915000 0.487500 -1.870000
v -0.910000 0.485303 -1.864697
v -0.915000 0.485303 -1.864697
v -0.910000 0.480000 -1.862500
v -0.915000 0.480000 -1.862500
v -0.910000 0.474697 -1.864697
v -0.915000 0.474697 -1.864697
v -0.910000 0.472500 -1.870000
v -0.915000 0.472500 -1.870000
v -0.910000 0.474697 -1.875303
v -0.915000 0.474697 -1.875303
v -0.915000 0.480000 -1.877500
v -0.910000 0.480000 -1.877500
v -0.915000 0.680000 -1.875000
v -0.915000 0.520000 -1.875000
v -0.915000 0.680000 -1.880000
v -0.915000 0.520000 -1.880000
v -0.915000 0.680000 -1.890000
v -0.915000 0.520000 -1.890000
v -0.915000 0.680000 -1.895000
v -0.915000 0.520000 -1.895000
v -0.920000 0.680000 -1.910000
v -0.920000 0.520000 -1.910000
v -0.930000 0.680000 -1.910000
v -0.930000 0.520000 -1.910000
v -0.932000 0.670000 -1.875000
v -0.932000 0.680000 -1.875000
v -0.950000 0.670000 -1.910000
v -0.950000 0.680000 -1.910000
v -0.930000 0.670000 -1.875000
v -0.930000 0.680000 -1.875000
v -0.930000 0.670000 -1.910000
v -0.930000 0.680000 -1.910000
v -0.932000 0.520000 -1.875000
v -0.932000 0.530000 -1.875000
v -0.950000 0.520000 -1.910000
v -0.950000 0.530000 -1.910000
v -0.930000 0.520000 -1.875000
v -0.930000 0.530000 -1.875000
v -0.930000 0.520000 -1.910000
v -0.930000 0.530000 -1.910000
v -0.932000 0.595000 -1.875000
v -0.932000 0.605000 -1.875000
v -0.950000 0.595000 -1.910000
v -0.950000 0.605000 -1.910000
v -0.930000 0.595000 -1.875000
v -0.930000 0.605000 -1.875000
v -0.930000 0.595000 -1.910000
v -0.930000 0.605000 -1.910000
v -1.040998 0.688175 -1.911709
v -1.043002 0.688288 -1.911821
v -1.043002 0.687500 -2.000000
v -1.040998 0.687500 -2.000000
v -1.059098 0.510000 -1.910000
v -1.061102 0.510000 -1.910000
v -1.043002 0.690000 -1.910000
v -1.040998 0.690000 -1.910000
v -1.043002 0.690000 -2.000000
v -1.040998 0.690000 -2.000000
v -1.059098 0.510000 -2.000000
v -1.061102 0.510000 -2.000000
v -1.061102 0.512500 -2.000000
v -1.059098 0.512500 -2.000000
v -1.059098 0.511712 -1.911821
v -1.061102 0.511825 -1.911709
v -0.988000 0.827955 -1.679955
v -0.988000 0.881000 -1.718250
v -0.988000 0.873045 -1.714955
v -0.988000 0.831250 -1.672000
v -0.988000 0.869750 -1.707000
v -0.988000 0.827955 -1.664045
v -0.988000 0.873045 -1.699045
v -0.988000 0.820000 -1.660750
v -0.988000 0.881000 -1.695750
v -0.988000 0.812045 -1.664045
v -0.988000 0.808750 -1.672000
v -0.988000 0.888955 -1.699045
v -0.988000 0.812045 -1.679955
v -0.988000 0.892250 -1.707000
v -0.988000 0.888955 -1.714955
v -0.988000 0.820000 -1.683250
v -0.892000 0.881000 -1.718250
v -0.892000 0.873045 -1.714955
v -0.892000 0.869750 -1.707000
v -0.892000 0.873045 -1.699045
v -0.892000 0.881000 -1.695750
v -0.892000 0.888955 -1.699045
v -0.892000 0.892250 -1.707000
v -0.892000 0.888955 -1.714955
v -0.892000 0.820000 -1.683250
v -0.892000 0.812045 -1.679955
v -0.892000 0.808750 -1.672000
v -0.892000 0.812045 -1.664045
v -0.892000 0.820000 -1.660750
v -0.892000 0.827955 -1.664045
v -0.892000 0.831250 -1.672000
v -0.892000 0.827955 -1.679955
v -0.970000 0.700000 -1.950000
v -0.970000 0.820000 -1.950000
v -0.910000 0.700000 -1.950000
v -0.910000 0.820000 -1.950000
v -0.970000 0.830000 -1.700000
v -0.970000 0.870000 -1.700000
v -0.910000 0.870000 -1.700000
v -0.910000 0.830000 -1.700000
v -0.970000 0.700000 -1.960000
v -0.910000 0.820000 -1.960000
v -0.970000 0.820000 -1.960000
v -0.910000 0.700000 -1.960000
v -1.068000 0.510000 -2.090000
v -1.050000 0.690000 -2.090000
v -0.910000 0.510000 -2.090000
v -0.910000 0.690000 -2.090000
v -0.900000 0.440000 -2.180000
v -0.900000 0.500000 -2.180000
v -0.840000 0.440000 -2.180000
v -0.840000 0.500000 -2.180000
v -0.900000 0.440000 -2.110000
v -0.900000 0.500000 -2.110000
v -0.840000 0.440000 -2.110000
v -0.840000 0.500000 -2.110000
v -0.840000 1.000000 -2.070000
v -0.840000 1.000000 -2.220000
v -0.900000 1.000000 -2.220000
v -0.900000 1.000000 -2.070000
v -0.970000 0.810000 -2.340000
v -0.970000 1.000000 -2.560000
v -0.970000 0.810000 -2.320000
v -0.910000 0.810000 -2.340000
v -0.910000 1.000000 -2.560000
v -0.910000 0.810000 -2.320000
v -0.970000 0.900000 -2.500000
v -0.970000 1.000000 -2.360000
v -0.910000 1.000000 -2.360000
v -0.910000 0.900000 -2.500000
v -1.030000 0.720000 -2.070000
v -1.019394 0.715607 -2.070000
v -1.015000 0.705000 -2.070000
v -1.019394 0.694393 -2.070000
v -1.030000 0.690000 -2.070000
v -1.040607 0.694393 -2.070000
v -1.045000 0.705000 -2.070000
v -1.040607 0.715607 -2.070000
v -1.049000 0.700000 -2.050000
v -1.049000 0.700000 -2.030000
v -1.031500 0.698000 -2.050000
v -1.030500 0.723000 -2.050000
v -1.031500 0.698000 -2.030000
v -1.030500 0.723000 -2.030000
v -1.057000 0.620000 -2.030000
v -1.057000 0.620000 -2.050000
v -1.067000 0.620000 -2.030000
v -1.067000 0.620000 -2.050000
v -1.020000 0.716000 -2.030000
v -1.020000 0.716000 -2.050000
v -1.030000 0.720000 -2.028000
v -1.019394 0.715607 -2.028000
v -1.015000 0.705000 -2.028000
v -1.019394 0.694393 -2.028000
v -1.030000 0.690000 -2.028000
v -1.040607 0.694393 -2.028000
v -1.045000 0.705000 -2.028000
v -1.040607 0.715607 -2.028000
v -1.014741 0.720259 -2.028000
v -1.008420 0.705000 -2.028000
v -1.014741 0.689741 -2.028000
v -1.030000 0.683420 -2.028000
v -1.045259 0.689741 -2.028000
v -1.051580 0.705000 -2.028000
v -1.045259 0.720259 -2.028000
v -1.030000 0.726580 -2.028000
v -0.977071 0.827071 -2.040000
v -0.902929 0.692929 -2.040000
v -0.977071 0.692929 -2.040000
v -0.902929 0.827071 -2.040000
v -0.910000 0.440000 -2.110000
v -0.910000 0.440000 -2.180000
v -0.910000 0.490000 -2.180000
v -0.910000 0.490000 -2.110000
v -0.920000 0.520000 -2.125000
v -0.920000 0.680000 -2.125000
v -0.910000 0.480000 -2.152500
v -0.915000 0.480000 -2.152500
v -0.915000 0.474697 -2.154697
v -0.910000 0.474697 -2.154697
v -0.915000 0.472500 -2.160000
v -0.910000 0.472500 -2.160000
v -0.915000 0.474697 -2.165303
v -0.910000 0.474697 -2.165303
v -0.915000 0.480000 -2.167500
v -0.910000 0.480000 -2.167500
v -0.915000 0.485303 -2.165303
v -0.910000 0.485303 -2.165303
v -0.915000 0.487500 -2.160000
v -0.910000 0.487500 -2.160000
v -0.915000 0.485303 -2.154697
v -0.910000 0.485303 -2.154697
v -0.930000 0.680000 -2.125000
v -0.930000 0.520000 -2.125000
v -0.920000 0.520000 -2.120000
v -0.930000 0.520000 -2.120000
v -0.930000 0.680000 -2.120000
v -0.920000 0.680000 -2.120000
v -0.920000 0.680000 -2.105000
v -0.920000 0.520000 -2.105000
v -0.920000 0.680000 -2.110000
v -0.920000 0.520000 -2.110000
v -0.930000 0.680000 -2.105000
v -0.930000 0.520000 -2.105000
v -0.930000 0.680000 -2.110000
v -0.930000 0.520000 -2.110000
v -0.900000 0.446000 -2.180000
v -0.840000 0.446000 -2.180000
v -0.840000 0.446000 -2.110000
v -0.910000 0.446000 -2.180000
v -0.910000 0.446000 -2.110000
v -0.920000 0.440000 -2.110000
v -0.920000 0.440000 -2.180000
v -0.920000 0.445000 -2.110000
v -0.920000 0.445000 -2.180000
v -0.903750 0.530000 -2.150000
v -0.903750 0.700000 -2.150000
v -0.903750 0.530000 -2.110000
v -0.903750 0.700000 -2.110000
v -0.896250 0.530000 -2.150000
v -0.896250 0.700000 -2.150000
v -0.896250 0.530000 -2.110000
v -0.896250 0.700000 -2.110000
v -0.903750 0.530000 -2.120000
v -0.903750 0.700000 -2.120000
v -0.896250 0.530000 -2.119000
v -0.896250 0.700000 -2.119000
v -0.918750 0.700000 -2.120000
v -0.918750 0.700000 -2.110000
v -0.918750 0.530000 -2.110000
v -0.918750 0.530000 -2.120000
v -0.910000 0.590000 -2.132500
v -0.915000 0.590000 -2.132500
v -0.915000 0.584697 -2.134697
v -0.910000 0.584697 -2.134697
v -0.915000 0.582500 -2.140000
v -0.910000 0.582500 -2.140000
v -0.915000 0.584697 -2.145303
v -0.910000 0.584697 -2.145303
v -0.915000 0.590000 -2.147500
v -0.910000 0.590000 -2.147500
v -0.915000 0.595303 -2.145303
v -0.910000 0.595303 -2.145303
v -0.915000 0.597500 -2.140000
v -0.910000 0.597500 -2.140000
v -0.915000 0.595303 -2.134697
v -0.910000 0.595303 -2.134697
v -0.910000 0.555303 -2.134697
v -0.915000 0.555303 -2.134697
v -0.910000 0.557500 -2.140000
v -0.915000 0.557500 -2.140000
v -0.910000 0.555303 -2.145303
v -0.915000 0.555303 -2.145303
v -0.910000 0.550000 -2.147500
v -0.915000 0.550000 -2.147500
v -0.910000 0.544697 -2.145303
v -0.915000 0.544697 -2.145303
v -0.910000 0.542500 -2.140000
v -0.915000 0.542500 -2.140000
v -0.910000 0.544697 -2.134697
v -0.915000 0.544697 -2.134697
v -0.915000 0.550000 -2.132500
v -0.910000 0.550000 -2.132500
v -0.910000 0.645303 -2.134697
v -0.915000 0.645303 -2.134697
v -0.910000 0.647500 -2.140000
v -0.915000 0.647500 -2.140000
v -0.910000 0.645303 -2.145303
v -0.915000 0.645303 -2.145303
v -0.910000 0.640000 -2.147500
v -0.915000 0.640000 -2.147500
v -0.910000 0.634697 -2.145303
v -0.915000 0.634697 -2.145303
v -0.910000 0.632500 -2.140000
v -0.915000 0.632500 -2.140000
v -0.910000 0.634697 -2.134697
v -0.915000 0.634697 -2.134697
v -0.915000 0.640000 -2.132500
v -0.910000 0.640000 -2.132500
v -0.910000 0.680000 -2.132500
v -0.915000 0.680000 -2.132500
v -0.915000 0.674697 -2.134697
v -0.910000 0.674697 -2.134697
v -0.915000 0.672500 -2.140000
v -0.910000 0.672500 -2.140000
v -0.915000 0.674697 -2.145303
v -0.910000 0.674697 -2.145303
v -0.915000 0.680000 -2.147500
v -0.910000 0.680000 -2.147500
v -0.915000 0.685303 -2.145303
v -0.910000 0.685303 -2.145303
v -0.915000 0.687500 -2.140000
v -0.910000 0.687500 -2.140000
v -0.915000 0.685303 -2.134697
v -0.910000 0.685303 -2.134697
v -0.910000 0.485303 -2.124697
v -0.915000 0.485303 -2.124697
v -0.910000 0.487500 -2.130000
v -0.915000 0.487500 -2.130000
v -0.910000 0.485303 -2.135303
v -0.915000 0.485303 -2.135303
v -0.910000 0.480000 -2.137500
v -0.915000 0.480000 -2.137500
v -0.910000 0.474697 -2.135303
v -0.915000 0.474697 -2.135303
v -0.910000 0.472500 -2.130000
v -0.915000 0.472500 -2.130000
v -0.910000 0.474697 -2.124697
v -0.915000 0.474697 -2.124697
v -0.915000 0.480000 -2.122500
v -0.910000 0.480000 -2.122500
v -0.915000 0.680000 -2.125000
v -0.915000 0.520000 -2.125000
v -0.915000 0.680000 -2.120000
v -0.915000 0.520000 -2.120000
v -0.915000 0.680000 -2.110000
v -0.915000 0.520000 -2.110000
v -0.915000 0.680000 -2.105000
v -0.915000 0.520000 -2.105000
v -0.920000 0.680000 -2.090000
v -0.920000 0.520000 -2.090000
v -0.930000 0.680000 -2.090000
v -0.930000 0.520000 -2.090000
v -0.932000 0.670000 -2.125000
v -0.932000 0.680000 -2.125000
v -0.950000 0.670000 -2.090000
v -0.950000 0.680000 -2.090000
v -0.930000 0.670000 -2.125000
v -0.930000 0.680000 -2.125000
v -0.930000 0.670000 -2.090000
v -0.930000 0.680000 -2.090000
v -0.932000 0.520000 -2.125000
v -0.932000 0.530000 -2.125000
v -0.950000 0.520000 -2.090000
v -0.950000 0.530000 -2.090000
v -0.930000 0.520000 -2.125000
v -0.930000 0.530000 -2.125000
v -0.930000 0.520000 -2.090000
v -0.930000 0.530000 -2.090000
v -0.932000 0.595000 -2.125000
v -0.932000 0.605000 -2.125000
v -0.950000 0.595000 -2.090000
v -0.950000 0.605000 -2.090000
v -0.930000 0.595000 -2.125000
v -0.930000 0.605000 -2.125000
v -0.930000 0.595000 -2.090000
v -0.930000 0.605000 -2.090000
v -1.040998 0.688175 -2.088291
v -1.043002 0.688288 -2.088178
v -1.059098 0.510000 -2.090000
v -1.061102 0.510000 -2.090000
v -1.043002 0.690000 -2.090000
v -1.040998 0.690000 -2.090000
v -1.059098 0.511712 -2.088178
v -1.061102 0.511825 -2.088291
v -0.988000 0.827955 -2.320045
v -0.988000 0.881000 -2.281750
v -0.988000 0.873045 -2.285045
v -0.988000 0.831250 -2.328000
v -0.988000 0.869750 -2.293000
v -0.988000 0.827955 -2.335955
v -0.988000 0.873045 -2.300955
v -0.988000 0.820000 -2.339250
v -0.988000 0.881000 -2.304250
v -0.988000 0.812045 -2.335955
v -0.988000 0.808750 -2.328000
v -0.988000 0.888955 -2.300955
v -0.988000 0.812045 -2.320045
v -0.988000 0.892250 -2.293000
v -0.988000 0.888955 -2.285045
v -0.988000 0.820000 -2.316750
v -0.892000 0.881000 -2.281750
v -0.892000 0.873045 -2.285045
v -0.892000 0.869750 -2.293000
v -0.892000 0.873045 -2.300955
v -0.892000 0.881000 -2.304250
v -0.892000 0.888955 -2.300955
v -0.892000 0.892250 -2.293000
v -0.892000 0.888955 -2.285045
v -0.892000 0.820000 -2.316750
v -0.892000 0.812045 -2.320045
v -0.892000 0.808750 -2.328000
v -0.892000 0.812045 -2.335955
v -0.892000 0.820000 -2.339250
v -0.892000 0.827955 -2.335955
v -0.892000 0.831250 -2.328000
v -0.892000 0.827955 -2.320045
v -0.970000 0.700000 -2.050000
v -0.970000 0.820000 -2.050000
v -0.910000 0.700000 -2.050000
v -0.910000 0.820000 -2.050000
v -0.970000 0.830000 -2.300000
v -0.970000 0.870000 -2.300000
v -0.910000 0.870000 -2.300000
v -0.910000 0.830000 -2.300000
v -0.970000 0.700000 -2.040000
v -0.910000 0.820000 -2.040000
v -0.970000 0.820000 -2.040000
v -0.910000 0.700000 -2.040000
v -0.722000 0.653889 -2.421738
v -0.722000 0.570000 -2.430000
v -0.722000 0.804605 -2.359985
v -0.722000 0.734554 -2.397268
v -0.722000 0.488102 -2.421934
v -0.800000 0.792228 -2.332588
v -0.800000 0.723073 -2.369552
v -0.800000 0.648036 -2.392314
v -0.800000 0.570000 -2.400000
v -0.800000 0.491964 -2.392314
v -0.730000 0.570000 -2.430000
v -0.792000 0.570000 -2.430000
v -0.790000 0.653889 -2.421738
v -0.798000 0.488102 -2.421934
v -0.798000 0.570000 -2.430000
v -0.800000 0.653889 -2.421738
v -0.798000 0.804605 -2.359985
v -0.800000 0.734554 -2.397268
v -0.728000 0.653889 -2.421738
v -0.720000 0.491964 -2.392314
v -0.720000 0.570000 -2.400000
v -0.720000 0.648036 -2.392314
v -0.720000 0.723073 -2.369552
v -0.720000 0.792228 -2.332588
v -0.728000 0.804605 -2.359985
v -0.792000 0.804605 -2.359985
v -0.792000 0.734554 -2.397268
v -0.728000 0.734554 -2.397268
v -0.792000 0.488102 -2.421934
v -0.728000 0.488102 -2.421934
v -0.790000 0.491964 -2.392314
v -0.730000 0.491964 -2.392314
v -0.790000 0.723073 -2.369552
v -0.730000 0.723073 -2.369552
v -0.730000 0.792228 -2.332588
v -0.790000 0.792228 -2.332588
v -0.790000 0.570000 -2.400000
v -0.730000 0.570000 -2.400000
v -0.730000 0.648036 -2.392314
v -0.790000 0.648036 -2.392314
v -0.720000 0.734554 -2.397268
v -0.720000 0.806370 -2.359046
v -0.720000 0.653889 -2.421738
v -0.720000 0.570000 -2.430000
v -0.720000 0.486111 -2.421738
v -0.790000 0.806370 -2.359046
v -0.800000 0.806370 -2.359046
v -0.730000 0.486111 -2.421738
v -0.730000 0.806370 -2.359046
v -0.800000 0.486111 -2.421738
v -0.800000 0.570000 -2.430000
v -0.798000 0.653889 -2.421738
v -0.798000 0.734554 -2.397268
v -0.790000 0.486111 -2.421738
v -0.792000 0.653889 -2.421738
v -0.790000 0.734554 -2.397268
v -0.730000 0.653889 -2.421738
v -0.730000 0.734554 -2.397268
v -0.790000 0.570000 -2.430000
v -0.728000 0.570000 -2.430000
v -0.792000 0.660717 -2.456065
v -0.798000 0.660717 -2.456065
v -0.728000 0.570000 -2.465000
v -0.722000 0.570000 -2.465000
v -0.728000 0.747919 -2.429616
v -0.722000 0.747919 -2.429616
v -0.798000 0.747919 -2.429616
v -0.792000 0.747919 -2.429616
v -0.798000 0.570000 -2.465000
v -0.792000 0.570000 -2.465000
v -0.722000 0.660717 -2.456065
v -0.728000 0.660717 -2.456065
v -0.722000 0.821049 -2.390882
v -0.722000 0.484671 -2.456765
v -0.792000 0.821049 -2.390882
v -0.798000 0.821049 -2.390882
v -0.728000 0.484671 -2.456765
v -0.728000 0.821049 -2.390882
v -0.798000 0.484671 -2.456765
v -0.792000 0.484671 -2.456765
v -0.815000 0.679546 -2.428454
v -0.815000 0.683500 -2.438000
v -0.815000 0.679546 -2.447546
v -0.815000 0.670000 -2.451500
v -0.815000 0.660454 -2.447546
v -0.815000 0.656500 -2.438000
v -0.815000 0.660454 -2.428454
v -0.815000 0.670000 -2.424500
v -0.705000 0.670000 -2.424500
v -0.705000 0.660454 -2.428454
v -0.705000 0.656500 -2.438000
v -0.705000 0.660454 -2.447546
v -0.705000 0.670000 -2.451500
v -0.705000 0.679546 -2.447546
v -0.705000 0.683500 -2.438000
v -0.705000 0.679546 -2.428454
v -0.814000 0.641287 -2.450300
v -0.814000 0.660081 -2.443459
v -0.814000 0.639919 -2.446541
v -0.814000 0.658713 -2.439700
v -0.810000 0.641287 -2.450300
v -0.810000 0.660081 -2.443459
v -0.810000 0.639919 -2.446541
v -0.810000 0.658713 -2.439700
v -0.815000 0.809546 -2.448454
v -0.815000 0.813500 -2.458000
v -0.815000 0.809546 -2.467546
v -0.815000 0.800000 -2.471500
v -0.815000 0.790454 -2.467546
v -0.815000 0.786500 -2.458000
v -0.815000 0.790454 -2.448454
v -0.815000 0.800000 -2.444500
v -0.705000 0.800000 -2.444500
v -0.705000 0.790454 -2.448454
v -0.705000 0.786500 -2.458000
v -0.705000 0.790454 -2.467546
v -0.705000 0.800000 -2.471500
v -0.705000 0.809546 -2.467546
v -0.705000 0.813500 -2.458000
v -0.705000 0.809546 -2.448454
v -0.815000 0.869546 -2.460454
v -0.815000 0.873500 -2.470000
v -0.815000 0.869546 -2.479546
v -0.815000 0.860000 -2.483500
v -0.815000 0.850454 -2.479546
v -0.815000 0.846500 -2.470000
v -0.815000 0.850454 -2.460454
v -0.815000 0.860000 -2.456500
v -0.645000 0.860000 -2.456500
v -0.645000 0.850454 -2.460454
v -0.645000 0.846500 -2.470000
v -0.645000 0.850454 -2.479546
v -0.645000 0.860000 -2.483500
v -0.645000 0.869546 -2.479546
v -0.645000 0.873500 -2.470000
v -0.645000 0.869546 -2.460454
v -0.980000 0.809199 -1.660670
v -0.980000 0.829689 -1.655180
v -0.980000 0.818307 -1.653681
v -0.980000 0.890311 -1.690179
v -0.980000 0.895801 -1.710670
v -0.980000 0.897300 -1.699288
v -0.980000 0.809689 -1.689821
v -0.980000 0.804199 -1.669330
v -0.980000 0.802700 -1.680712
v -0.980000 0.890801 -1.719330
v -0.980000 0.870311 -1.724820
v -0.980000 0.881693 -1.726319
v -0.970000 0.829689 -1.655180
v -0.970000 0.809199 -1.660670
v -0.970000 0.818307 -1.653681
v -0.970000 0.895801 -1.710670
v -0.970000 0.890311 -1.690179
v -0.970000 0.897300 -1.699288
v -0.970000 0.804199 -1.669330
v -0.970000 0.809689 -1.689821
v -0.970000 0.802700 -1.680712
v -0.970000 0.870311 -1.724820
v -0.970000 0.890801 -1.719330
v -0.970000 0.881693 -1.726319
v -1.041544 0.723850 -1.950000
v -1.057993 0.710074 -1.950000
v -1.052190 0.710633 -1.950000
v -1.052557 0.720291 -1.950000
v -1.057993 0.710074 -1.970000
v -1.041544 0.723850 -1.970000
v -1.052190 0.710633 -1.970000
v -1.052557 0.720291 -1.970000
v -0.910000 0.809199 -1.660670
v -0.910000 0.829689 -1.655180
v -0.910000 0.818307 -1.653681
v -0.910000 0.890311 -1.690179
v -0.910000 0.895801 -1.710670
v -0.910000 0.897300 -1.699288
v -0.910000 0.809689 -1.689821
v -0.910000 0.804199 -1.669330
v -0.910000 0.802700 -1.680712
v -0.910000 0.890801 -1.719330
v -0.910000 0.870311 -1.724820
v -0.910000 0.881693 -1.726319
v -0.900000 0.829689 -1.655180
v -0.900000 0.809199 -1.660670
v -0.900000 0.818307 -1.653681
v -0.900000 0.895801 -1.710670
v -0.900000 0.890311 -1.690179
v -0.900000 0.897300 -1.699288
v -0.900000 0.804199 -1.669330
v -0.900000 0.809689 -1.689821
v -0.900000 0.802700 -1.680712
v -0.900000 0.870311 -1.724820
v -0.900000 0.890801 -1.719330
v -0.900000 0.881693 -1.726319
v -0.980000 0.829689 -2.344820
v -0.980000 0.809199 -2.339330
v -0.980000 0.818307 -2.346319
v -0.980000 0.895801 -2.289330
v -0.980000 0.890311 -2.309820
v -0.980000 0.897300 -2.300712
v -0.980000 0.804199 -2.330670
v -0.980000 0.809689 -2.310179
v -0.980000 0.802700 -2.319288
v -0.980000 0.870311 -2.275180
v -0.980000 0.890801 -2.280670
v -0.980000 0.881693 -2.273681
v -0.970000 0.809199 -2.339330
v -0.970000 0.829689 -2.344820
v -0.970000 0.818307 -2.346319
v -0.970000 0.890311 -2.309820
v -0.970000 0.895801 -2.289330
v -0.970000 0.897300 -2.300712
v -0.970000 0.809689 -2.310179
v -0.970000 0.804199 -2.330670
v -0.970000 0.802700 -2.319288
v -0.970000 0.890801 -2.280670
v -0.970000 0.870311 -2.275180
v -0.970000 0.881693 -2.273681
v -1.057993 0.710074 -2.050000
v -1.041544 0.723850 -2.050000
v -1.052190 0.710633 -2.050000
v -1.052557 0.720291 -2.050000
v -1.041544 0.723850 -2.030000
v -1.057993 0.710074 -2.030000
v -1.052190 0.710633 -2.030000
v -1.052557 0.720291 -2.030000
v -0.910000 0.829689 -2.344820
v -0.910000 0.809199 -2.339330
v -0.910000 0.818307 -2.346319
v -0.910000 0.895801 -2.289330
v -0.910000 0.890311 -2.309820
v -0.910000 0.897300 -2.300712
v -0.910000 0.804199 -2.330670
v -0.910000 0.809689 -2.310179
v -0.910000 0.802700 -2.319288
v -0.910000 0.870311 -2.275180
v -0.910000 0.890801 -2.280670
v -0.910000 0.881693 -2.273681
v -0.900000 0.809199 -2.339330
v -0.900000 0.829689 -2.344820
v -0.900000 0.818307 -2.346319
v -0.900000 0.890311 -2.309820
v -0.900000 0.895801 -2.289330
v -0.900000 0.897300 -2.300712
v -0.900000 0.809689 -2.310179
v -0.900000 0.804199 -2.330670
v -0.900000 0.802700 -2.319288
v -0.900000 0.890801 -2.280670
v -0.900000 0.870311 -2.275180
v -0.900000 0.881693 -2.273681
v -0.810000 0.662818 -2.454936
v -0.810000 0.650651 -2.437559
v -0.810000 0.653136 -2.448768
v -0.810000 0.877157 -2.477498
v -0.810000 0.859780 -2.489666
v -0.810000 0.870988 -2.487181
v -0.810000 0.652387 -2.427711
v -0.810000 0.669764 -2.415544
v -0.810000 0.658556 -2.418029
v -0.810000 0.866726 -2.450273
v -0.810000 0.878893 -2.467650
v -0.810000 0.876408 -2.456442
v -0.800000 0.650651 -2.437559
v -0.800000 0.662818 -2.454936
v -0.800000 0.653136 -2.448768
v -0.800000 0.859780 -2.489666
v -0.800000 0.877157 -2.477498
v -0.800000 0.870988 -2.487181
v -0.800000 0.669764 -2.415544
v -0.800000 0.652387 -2.427711
v -0.800000 0.658556 -2.418029
v -0.800000 0.878893 -2.467650
v -0.800000 0.866726 -2.450273
v -0.800000 0.876408 -2.456442
v -0.720000 0.662818 -2.454936
v -0.720000 0.650651 -2.437559
v -0.720000 0.653136 -2.448768
v -0.720000 0.877157 -2.477498
v -0.720000 0.859780 -2.489666
v -0.720000 0.870988 -2.487181
v -0.720000 0.652387 -2.427711
v -0.720000 0.669764 -2.415544
v -0.720000 0.658556 -2.418029
v -0.720000 0.866726 -2.450273
v -0.720000 0.878893 -2.467650
v -0.720000 0.876408 -2.456442
v -0.710000 0.650651 -2.437559
v -0.710000 0.662818 -2.454936
v -0.710000 0.653136 -2.448768
v -0.710000 0.859780 -2.489666
v -0.710000 0.877157 -2.477498
v -0.710000 0.870988 -2.487181
v -0.710000 0.669764 -2.415544
v -0.710000 0.652387 -2.427711
v -0.710000 0.658556 -2.418029
v -0.710000 0.878893 -2.467650
v -0.710000 0.866726 -2.450273
v -0.710000 0.876408 -2.456442
v 1.068000 0.510000 -1.910000
v 1.050000 0.690000 -1.910000
v 0.910000 0.510000 -1.910000
v 0.910000 0.690000 -1.910000
v 0.900000 0.440000 -1.820000
v 0.900000 0.500000 -1.820000
v 0.840000 0.440000 -1.820000
v 0.840000 0.500000 -1.820000
v 0.900000 0.440000 -1.890000
v 0.900000 0.500000 -1.890000
v 0.840000 0.440000 -1.890000
v 0.840000 0.500000 -1.890000
v 0.840000 1.000000 -1.930000
v 0.840000 1.000000 -1.780000
v 0.900000 1.000000 -1.780000
v 0.900000 1.000000 -1.930000
v 0.970000 0.810000 -1.660000
v 0.970000 1.000000 -1.440000
v 0.970000 0.810000 -1.680000
v 0.910000 0.810000 -1.660000
v 0.910000 1.000000 -1.440000
v 0.910000 0.810000 -1.680000
v 0.970000 0.900000 -1.500000
v 0.970000 1.000000 -1.640000
v 0.910000 1.000000 -1.640000
v 0.910000 0.900000 -1.500000
v 0.900000 0.440000 -2.000000
v 0.900000 0.500000 -2.000000
v 0.840000 0.440000 -2.000000
v 0.840000 0.500000 -2.000000
v 1.068000 0.510000 -2.000000
v 1.050000 0.690000 -2.000000
v 0.910000 0.510000 -2.000000
v 0.910000 0.690000 -2.000000
v 0.970000 0.700000 -2.000000
v 0.970000 0.820000 -2.000000
v 0.910000 0.700000 -2.000000
v 0.910000 0.820000 -2.000000
v 1.030000 0.720000 -2.000000
v 1.030000 0.720000 -1.930000
v 1.019394 0.715607 -2.000000
v 1.019394 0.715607 -1.930000
v 1.015000 0.705000 -2.000000
v 1.015000 0.705000 -1.930000
v 1.019394 0.694393 -2.000000
v 1.019394 0.694393 -1.930000
v 1.030000 0.690000 -2.000000
v 1.030000 0.690000 -1.930000
v 1.040607 0.694393 -2.000000
v 1.040607 0.694393 -1.930000
v 1.045000 0.705000 -2.000000
v 1.045000 0.705000 -1.930000
v 1.040607 0.715607 -2.000000
v 1.040607 0.715607 -1.930000
v 1.049000 0.700000 -1.950000
v 1.049000 0.700000 -1.970000
v 1.031500 0.698000 -1.950000
v 1.030500 0.723000 -1.950000
v 1.031500 0.698000 -1.970000
v 1.030500 0.723000 -1.970000
v 1.057000 0.620000 -1.970000
v 1.057000 0.620000 -1.950000
v 1.067000 0.620000 -1.970000
v 1.067000 0.620000 -1.950000
v 1.020000 0.716000 -1.970000
v 1.020000 0.716000 -1.950000
v 1.030000 0.720000 -1.972000
v 1.019394 0.715607 -1.972000
v 1.015000 0.705000 -1.972000
v 1.019394 0.694393 -1.972000
v 1.030000 0.690000 -1.972000
v 1.040607 0.694393 -1.972000
v 1.045000 0.705000 -1.972000
v 1.040607 0.715607 -1.972000
v 1.030000 0.726580 -2.000000
v 1.014741 0.720259 -2.000000
v 1.014741 0.720259 -1.972000
v 1.008420 0.705000 -2.000000
v 1.008420 0.705000 -1.972000
v 1.014741 0.689741 -2.000000
v 1.014741 0.689741 -1.972000
v 1.030000 0.683420 -2.000000
v 1.030000 0.683420 -1.972000
v 1.045259 0.689741 -2.000000
v 1.045259 0.689741 -1.972000
v 1.051580 0.705000 -2.000000
v 1.051580 0.705000 -1.972000
v 1.045259 0.720259 -2.000000
v 1.045259 0.720259 -1.972000
v 1.030000 0.726580 -1.972000
v 0.977071 0.827071 -1.960000
v 0.977071 0.827071 -2.000000
v 0.902929 0.692929 -1.960000
v 0.902929 0.692929 -2.000000
v 0.902929 0.827071 -2.000000
v 0.977071 0.692929 -2.000000
v 0.977071 0.692929 -1.960000
v 0.902929 0.827071 -1.960000
v 0.910000 0.440000 -1.890000
v 0.910000 0.440000 -1.820000
v 0.910000 0.490000 -1.820000
v 0.910000 0.440000 -2.000000
v 0.910000 0.490000 -1.890000
v 0.910000 0.490000 -2.000000
v 0.920000 0.520000 -1.875000
v 0.920000 0.680000 -1.875000
v 0.910000 0.480000 -1.847500
v 0.915000 0.480000 -1.847500
v 0.915000 0.474697 -1.845303
v 0.910000 0.474697 -1.845303
v 0.915000 0.472500 -1.840000
v 0.910000 0.472500 -1.840000
v 0.915000 0.474697 -1.834697
v 0.910000 0.474697 -1.834697
v 0.915000 0.480000 -1.832500
v 0.910000 0.480000 -1.832500
v 0.915000 0.485303 -1.834697
v 0.910000 0.485303 -1.834697
v 0.915000 0.487500 -1.840000
v 0.910000 0.487500 -1.840000
v 0.915000 0.485303 -1.845303
v 0.910000 0.485303 -1.845303
v 0.930000 0.680000 -1.875000
v 0.930000 0.520000 -1.875000
v 0.920000 0.520000 -1.880000
v 0.930000 0.520000 -1.880000
v 0.930000 0.680000 -1.880000
v 0.920000 0.680000 -1.880000
v 0.920000 0.680000 -1.895000
v 0.920000 0.520000 -1.895000
v 0.920000 0.680000 -1.890000
v 0.920000 0.520000 -1.890000
v 0.930000 0.680000 -1.895000
v 0.930000 0.520000 -1.895000
v 0.930000 0.680000 -1.890000
v 0.930000 0.520000 -1.890000
v 0.900000 0.446000 -1.820000
v 0.840000 0.446000 -1.820000
v 0.840000 0.446000 -1.890000
v 0.840000 0.446000 -2.000000
v 0.910000 0.446000 -1.820000
v 0.910000 0.446000 -1.890000
v 0.910000 0.446000 -2.000000
v 0.920000 0.440000 -1.890000
v 0.920000 0.440000 -1.820000
v 0.920000 0.440000 -2.000000
v 0.920000 0.445000 -1.890000
v 0.920000 0.445000 -2.000000
v 0.920000 0.445000 -1.820000
v 0.903750 0.530000 -1.850000
v 0.903750 0.700000 -1.850000
v 0.903750 0.530000 -1.890000
v 0.903750 0.700000 -1.890000
v 0.896250 0.530000 -1.850000
v 0.896250 0.700000 -1.850000
v 0.896250 0.530000 -1.890000
v 0.896250 0.700000 -1.890000
v 0.903750 0.530000 -1.880000
v 0.903750 0.700000 -1.880000
v 0.896250 0.530000 -1.881000
v 0.896250 0.700000 -1.881000
v 0.918750 0.700000 -1.880000
v 0.918750 0.700000 -1.890000
v 0.918750 0.530000 -1.890000
v 0.918750 0.530000 -1.880000
v 0.910000 0.590000 -1.867500
v 0.915000 0.590000 -1.867500
v 0.915000 0.584697 -1.865303
v 0.910000 0.584697 -1.865303
v 0.915000 0.582500 -1.860000
v 0.910000 0.582500 -1.860000
v 0.915000 0.584697 -1.854697
v 0.910000 0.584697 -1.854697
v 0.915000 0.590000 -1.852500
v 0.910000 0.590000 -1.852500
v 0.915000 0.595303 -1.854697
v 0.910000 0.595303 -1.854697
v 0.915000 0.597500 -1.860000
v 0.910000 0.597500 -1.860000
v 0.915000 0.595303 -1.865303
v 0.910000 0.595303 -1.865303
v 0.910000 0.555303 -1.865303
v 0.915000 0.555303 -1.865303
v 0.910000 0.557500 -1.860000
v 0.915000 0.557500 -1.860000
v 0.910000 0.555303 -1.854697
v 0.915000 0.555303 -1.854697
v 0.910000 0.550000 -1.852500
v 0.915000 0.550000 -1.852500
v 0.910000 0.544697 -1.854697
v 0.915000 0.544697 -1.854697
v 0.910000 0.542500 -1.860000
v 0.915000 0.542500 -1.860000
v 0.910000 0.544697 -1.865303
v 0.915000 0.544697 -1.865303
v 0.915000 0.550000 -1.867500
v 0.910000 0.550000 -1.867500
v 0.910000 0.645303 -1.865303
v 0.915000 0.645303 -1.865303
v 0.910000 0.647500 -1.860000
v 0.915000 0.647500 -1.860000
v 0.910000 0.645303 -1.854697
v 0.915000 0.645303 -1.854697
v 0.910000 0.640000 -1.852500
v 0.915000 0.640000 -1.852500
v 0.910000 0.634697 -1.854697
v 0.915000 0.634697 -1.854697
v 0.910000 0.632500 -1.860000
v 0.915000 0.632500 -1.860000
v 0.910000 0.634697 -1.865303
v 0.915000 0.634697 -1.865303
v 0.915000 0.640000 -1.867500
v 0.910000 0.640000 -1.867500
v 0.910000 0.680000 -1.867500
v 0.915000 0.680000 -1.867500
v 0.915000 0.674697 -1.865303
v 0.910000 0.674697 -1.865303
v 0.915000 0.672500 -1.860000
v 0.910000 0.672500 -1.860000
v 0.915000 0.674697 -1.854697
v 0.910000 0.674697 -1.854697
v 0.915000 0.680000 -1.852500
v 0.910000 0.680000 -1.852500
v 0.915000 0.685303 -1.854697
v 0.910000 0.685303 -1.854697
v 0.915000 0.687500 -1.860000
v 0.910000 0.687500 -1.860000
v 0.915000 0.685303 -1.865303
v 0.910000 0.685303 -1.865303
v 0.910000 0.485303 -1.875303
v 0.915000 0.485303 -1.875303
v 0.910000 0.487500 -1.870000
v 0.915000 0.487500 -1.870000
v 0.910000 0.485303 -1.864697
v 0.915000 0.485303 -1.864697
v 0.910000 0.480000 -1.862500
v 0.915000 0.480000 -1.862500
v 0.910000 0.474697 -1.864697
v 0.915000 0.474697 -1.864697
v 0.910000 0.472500 -1.870000
v 0.915000 0.472500 -1.870000
v 0.910000 0.474697 -1.875303
v 0.915000 0.474697 -1.875303
v 0.915000 0.480000 -1.877500
v 0.910000 0.480000 -1.877500
v 0.915000 0.680000 -1.875000
v 0.915000 0.520000 -1.875000
v 0.915000 0.680000 -1.880000
v 0.915000 0.520000 -1.880000
v 0.915000 0.680000 -1.890000
v 0.915000 0.520000 -1.890000
v 0.915000 0.680000 -1.895000
v 0.915000 0.520000 -1.895000
v 0.920000 0.680000 -1.910000
v 0.920000 0.520000 -1.910000
v 0.930000 0.680000 -1.910000
v 0.930000 0.520000 -1.910000
v 0.932000 0.670000 -1.875000
v 0.932000 0.680000 -1.875000
v 0.950000 0.670000 -1.910000
v 0.950000 0.680000 -1.910000
v 0.930000 0.670000 -1.875000
v 0.930000 0.680000 -1.875000
v 0.930000 0.670000 -1.910000
v 0.930000 0.680000 -1.910000
v 0.932000 0.520000 -1.875000
v 0.932000 0.530000 -1.875000
v 0.950000 0.520000 -1.910000
v 0.950000 0.530000 -1.910000
v 0.930000 0.520000 -1.875000
v 0.930000 0.530000 -1.875000
v 0.930000 0.520000 -1.910000
v 0.930000 0.530000 -1.910000
v 0.932000 0.595000 -1.875000
v 0.932000 0.605000 -1.875000
v 0.950000 0.595000 -1.910000
v 0.950000 0.605000 -1.910000
v 0.930000 0.595000 -1.875000
v 0.930000 0.605000 -1.875000
v 0.930000 0.595000 -1.910000
v 0.930000 0.605000 -1.910000
v 1.040998 0.688175 -1.911709
v 1.043002 0.688288 -1.911821
v 1.043002 0.687500 -2.000000
v 1.040998 0.687500 -2.000000
v 1.059098 0.510000 -1.910000
v 1.061102 0.510000 -1.910000
v 1.043002 0.690000 -1.910000
v 1.040998 0.690000 -1.910000
v 1.043002 0.690000 -2.000000
v 1.040998 0.690000 -2.000000
v 1.059098 0.510000 -2.000000
v 1.061102 0.510000 -2.000000
v 1.061102 0.512500 -2.000000
v 1.059098 0.512500 -2.000000
v 1.059098 0.511712 -1.911821
v 1.061102 0.511825 -1.911709
v 0.988000 0.827955 -1.679955
v 0.988000 0.881000 -1.718250
v 0.988000 0.873045 -1.714955
v 0.988000 0.831250 -1.672000
v 0.988000 0.869750 -1.707000
v 0.988000 0.827955 -1.664045
v 0.988000 0.873045 -1.699045
v 0.988000 0.820000 -1.660750
v 0.988000 0.881000 -1.695750
v 0.988000 0.812045 -1.664045
v 0.988000 0.808750 -1.672000
v 0.988000 0.888955 -1.699045
v 0.988000 0.812045 -1.679955
v 0.988000 0.892250 -1.707000
v 0.988000 0.888955 -1.714955
v 0.988000 0.820000 -1.683250
v 0.892000 0.881000 -1.718250
v 0.892000 0.873045 -1.714955
v 0.892000 0.869750 -1.707000
v 0.892000 0.873045 -1.699045
v 0.892000 0.881000 -1.695750
v 0.892000 0.888955 -1.699045
v 0.892000 0.892250 -1.707000
v 0.892000 0.888955 -1.714955
v 0.892000 0.820000 -1.683250
v 0.892000 0.812045 -1.679955
v 0.892000 0.808750 -1.672000
v 0.892000 0.812045 -1.664045
v 0.892000 0.820000 -1.660750
v 0.892000 0.827955 -1.664045
v 0.892000 0.831250 -1.672000
v 0.892000 0.827955 -1.679955
v 0.970000 0.700000 -1.950000
v 0.970000 0.820000 -1.950000
v 0.910000 0.700000 -1.950000
v 0.910000 0.820000 -1.950000
v 0.970000 0.830000 -1.700000
v 0.970000 0.870000 -1.700000
v 0.910000 0.870000 -1.700000
v 0.910000 0.830000 -1.700000
v 0.970000 0.700000 -1.960000
v 0.910000 0.820000 -1.960000
v 0.970000 0.820000 -1.960000
v 0.910000 0.700000 -1.960000
v 1.068000 0.510000 -2.090000
v 1.050000 0.690000 -2.090000
v 0.910000 0.510000 -2.090000
v 0.910000 0.690000 -2.090000
v 0.900000 0.440000 -2.180000
v 0.900000 0.500000 -2.180000
v 0.840000 0.440000 -2.180000
v 0.840000 0.500000 -2.180000
v 0.900000 0.440000 -2.110000
v 0.900000 0.500000 -2.110000
v 0.840000 0.440000 -2.110000
v 0.840000 0.500000 -2.110000
v 0.840000 1.000000 -2.070000
v 0.840000 1.000000 -2.220000
v 0.900000 1.000000 -2.220000
v 0.900000 1.000000 -2.070000
v 0.970000 0.810000 -2.340000
v 0.970000 1.000000 -2.560000
v 0.970000 0.810000 -2.320000
v 0.910000 0.810000 -2.340000
v 0.910000 1.000000 -2.560000
v 0.910000 0.810000 -2.320000
v 0.970000 0.900000 -2.500000
v 0.970000 1.000000 -2.360000
v 0.910000 1.000000 -2.360000
v 0.910000 0.900000 -2.500000
v 1.030000 0.720000 -2.070000
v 1.019394 0.715607 -2.070000
v 1.015000 0.705000 -2.070000
v 1.019394 0.694393 -2.070000
v 1.030000 0.690000 -2.070000
v 1.040607 0.694393 -2.070000
v 1.045000 0.705000 -2.070000
v 1.040607 0.715607 -2.070000
v 1.049000 0.700000 -2.050000
v 1.049000 0.700000 -2.030000
v 1.031500 0.698000 -2.050000
v 1.030500 0.723000 -2.050000
v 1.031500 0.698000 -2.030000
v 1.030500 0.723000 -2.030000
v 1.057000 0.620000 -2.030000
v 1.057000 0.620000 -2.050000
v 1.067000 0.620000 -2.030000
v 1.067000 0.620000 -2.050000
v 1.020000 0.716000 -2.030000
v 1.020000 0.716000 -2.050000
v 1.030000 0.720000 -2.028000
v 1.019394 0.715607 -2.028000
v 1.015000 0.705000 -2.028000
v 1.019394 0.694393 -2.028000
v 1.030000 0.690000 -2.028000
v 1.040607 0.694393 -2.028000
v 1.045000 0.705000 -2.028000
v 1.040607 0.715607 -2.028000
v 1.014741 0.720259 -2.028000
v 1.008420 0.705000 -2.028000
v 1.014741 0.689741 -2.028000
v 1.030000 0.683420 -2.028000
v 1.045259 0.689741 -2.028000
v 1.051580 0.705000 -2.028000
v 1.045259 0.720259 -2.028000
v 1.030000 0.726580 -2.028000
v 0.977071 0.827071 -2.040000
v 0.902929 0.692929 -2.040000
v 0.977071 0.692929 -2.040000
v 0.902929 0.827071 -2.040000
v 0.910000 0.440000 -2.110000
v 0.910000 0.440000 -2.180000
v 0.910000 0.490000 -2.180000
v 0.910000 0.490000 -2.110000
v 0.920000 0.520000 -2.125000
v 0.920000 0.680000 -2.125000
v 0.910000 0.480000 -2.152500
v 0.915000 0.480000 -2.152500
v 0.915000 0.474697 -2.154697
v 0.910000 0.474697 -2.154697
v 0.915000 0.472500 -2.160000
v 0.910000 0.472500 -2.160000
v 0.915000 0.474697 -2.165303
v 0.910000 0.474697 -2.165303
v 0.915000 0.480000 -2.167500
v 0.910000 0.480000 -2.167500
v 0.915000 0.485303 -2.165303
v 0.910000 0.485303 -2.165303
v 0.915000 0.487500 -2.160000
v 0.910000 0.487500 -2.160000
v 0.915000 0.485303 -2.154697
v 0.910000 0.485303 -2.154697
v 0.930000 0.680000 -2.125000
v 0.930000 0.520000 -2.125000
v 0.920000 0.520000 -2.120000
v 0.930000 0.520000 -2.120000
v 0.930000 0.680000 -2.120000
v 0.920000 0.680000 -2.120000
v 0.920000 0.680000 -2.105000
v 0.920000 0.520000 -2.105000
v 0.920000 0.680000 -2.110000
v 0.920000 0.520000 -2.110000
v 0.930000 0.680000 -2.105000
v 0.930000 0.520000 -2.105000
v 0.930000 0.680000 -2.110000
v 0.930000 0.520000 -2.110000
v 0.900000 0.446000 -2.180000
v 0.840000 0.446000 -2.180000
v 0.840000 0.446000 -2.110000
v 0.910000 0.446000 -2.180000
v 0.910000 0.446000 -2.110000
v 0.920000 0.440000 -2.110000
v 0.920000 0.440000 -2.180000
v 0.920000 0.445000 -2.110000
v 0.920000 0.445000 -2.180000
v 0.903750 0.530000 -2.150000
v 0.903750 0.700000 -2.150000
v 0.903750 0.530000 -2.110000
v 0.903750 0.700000 -2.110000
v 0.896250 0.530000 -2.150000
v 0.896250 0.700000 -2.150000
v 0.896250 0.530000 -2.110000
v 0.896250 0.700000 -2.110000
v 0.903750 0.530000 -2.120000
v 0.903750 0.700000 -2.120000
v 0.896250 0.530000 -2.119000
v 0.896250 0.700000 -2.119000
v 0.918750 0.700000 -2.120000
v 0.918750 0.700000 -2.110000
v 0.918750 0.530000 -2.110000
v 0.918750 0.530000 -2.120000
v 0.910000 0.590000 -2.132500
v 0.915000 0.590000 -2.132500
v 0.915000 0.584697 -2.134697
v 0.910000 0.584697 -2.134697
v 0.915000 0.582500 -2.140000
v 0.910000 0.582500 -2.140000
v 0.915000 0.584697 -2.145303
v 0.910000 0.584697 -2.145303
v 0.915000 0.590000 -2.147500
v 0.910000 0.590000 -2.147500
v 0.915000 0.595303 -2.145303
v 0.910000 0.595303 -2.145303
v 0.915000 0.597500 -2.140000
v 0.910000 0.597500 -2.140000
v 0.915000 0.595303 -2.134697
v 0.910000 0.595303 -2.134697
v 0.910000 0.555303 -2.134697
v 0.915000 0.555303 -2.134697
v 0.910000 0.557500 -2.140000
v 0.915000 0.557500 -2.140000
v 0.910000 0.555303 -2.145303
v 0.915000 0.555303 -2.145303
v 0.910000 0.550000 -2.147500
v 0.915000 0.550000 -2.147500
v 0.910000 0.544697 -2.145303
v 0.915000 0.544697 -2.145303
v 0.910000 0.542500 -2.140000
v 0.915000 0.542500 -2.140000
v 0.910000 0.544697 -2.134697
v 0.915000 0.544697 -2.134697
v 0.915000 0.550000 -2.132500
v 0.910000 0.550000 -2.132500
v 0.910000 0.645303 -2.134697
v 0.915000 0.645303 -2.134697
v 0.910000 0.647500 -2.140000
v 0.915000 0.647500 -2.140000
v 0.910000 0.645303 -2.145303
v 0.915000 0.645303 -2.145303
v 0.910000 0.640000 -2.147500
v 0.915000 0.640000 -2.147500
v 0.910000 0.634697 -2.145303
v 0.915000 0.634697 -2.145303
v 0.910000 0.632500 -2.140000
v 0.915000 0.632500 -2.140000
v 0.910000 0.634697 -2.134697
v 0.915000 0.634697 -2.134697
v 0.915000 0.640000 -2.132500
v 0.910000 0.640000 -2.132500
v 0.910000 0.680000 -2.132500
v 0.915000 0.680000 -2.132500
v 0.915000 0.674697 -2.134697
v 0.910000 0.674697 -2.134697
v 0.915000 0.672500 -2.140000
v 0.910000 0.672500 -2.140000
v 0.915000 0.674697 -2.145303
v 0.910000 0.674697 -2.145303
v 0.915000 0.680000 -2.147500
v 0.910000 0.680000 -2.147500
v 0.915000 0.685303 -2.145303
v 0.910000 0.685303 -2.145303
v 0.915000 0.687500 -2.140000
v 0.910000 0.687500 -2.140000
v 0.915000 0.685303 -2.134697
v 0.910000 0.685303 -2.134697
v 0.910000 0.485303 -2.124697
v 0.915000 0.485303 -2.124697
v 0.910000 0.487500 -2.130000
v 0.915000 0.487500 -2.130000
v 0.910000 0.485303 -2.135303
v 0.915000 0.485303 -2.135303
v 0.910000 0.480000 -2.137500
v 0.915000 0.480000 -2.137500
v 0.910000 0.474697 -2.135303
v 0.915000 0.474697 -2.135303
v 0.910000 0.472500 -2.130000
v 0.915000 0.472500 -2.130000
v 0.910000 0.474697 -2.124697
v 0.915000 0.474697 -2.124697
v 0.915000 0.480000 -2.122500
v 0.910000 0.480000 -2.122500
v 0.915000 0.680000 -2.125000
v 0.915000 0.520000 -2.125000
v 0.915000 0.680000 -2.120000
v 0.915000 0.520000 -2.120000
v 0.915000 0.680000 -2.110000
v 0.915000 0.520000 -2.110000
v 0.915000 0.680000 -2.105000
v 0.915000 0.520000 -2.105000
v 0.920000 0.680000 -2.090000
v 0.920000 0.520000 -2.090000
v 0.930000 0.680000 -2.090000
v 0.930000 0.520000 -2.090000
v 0.932000 0.670000 -2.125000
v 0.932000 0.680000 -2.125000
v 0.950000 0.670000 -2.090000
v 0.950000 0.680000 -2.090000
v 0.930000 0.670000 -2.125000
v 0.930000 0.680000 -2.125000
v 0.930000 0.670000 -2.090000
v 0.930000 0.680000 -2.090000
v 0.932000 0.520000 -2.125000
v 0.932000 0.530000 -2.125000
v 0.950000 0.520000 -2.090000
v 0.950000 0.530000 -2.090000
v 0.930000 0.520000 -2.125000
v 0.930000 0.530000 -2.125000
v 0.930000 0.520000 -2.090000
v 0.930000 0.530000 -2.090000
v 0.932000 0.595000 -2.125000
v 0.932000 0.605000 -2.125000
v 0.950000 0.595000 -2.090000
v 0.950000 0.605000 -2.090000
v 0.930000 0.595000 -2.125000
v 0.930000 0.605000 -2.125000
v 0.930000 0.595000 -2.090000
v 0.930000 0.605000 -2.090000
v 1.040998 0.688175 -2.088291
v 1.043002 0.688288 -2.088178
v 1.059098 0.510000 -2.090000
v 1.061102 0.510000 -2.090000
v 1.043002 0.690000 -2.090000
v 1.040998 0.690000 -2.090000
v 1.059098 0.511712 -2.088178
v 1.061102 0.511825 -2.088291
v 0.988000 0.827955 -2.320045
v 0.988000 0.881000 -2.281750
v 0.988000 0.873045 -2.285045
v 0.988000 0.831250 -2.328000
v 0.988000 0.869750 -2.293000
v 0.988000 0.827955 -2.335955
v 0.988000 0.873045 -2.300955
v 0.988000 0.820000 -2.339250
v 0.988000 0.881000 -2.304250
v 0.988000 0.812045 -2.335955
v 0.988000 0.808750 -2.328000
v 0.988000 0.888955 -2.300955
v 0.988000 0.812045 -2.320045
v 0.988000 0.892250 -2.293000
v 0.988000 0.888955 -2.285045
v 0.988000 0.820000 -2.316750
v 0.892000 0.881000 -2.281750
v 0.892000 0.873045 -2.285045
v 0.892000 0.869750 -2.293000
v 0.892000 0.873045 -2.300955
v 0.892000 0.881000 -2.304250
v 0.892000 0.888955 -2.300955
v 0.892000 0.892250 -2.293000
v 0.892000 0.888955 -2.285045
v 0.892000 0.820000 -2.316750
v 0.892000 0.812045 -2.320045
v 0.892000 0.808750 -2.328000
v 0.892000 0.812045 -2.335955
v 0.892000 0.820000 -2.339250
v 0.892000 0.827955 -2.335955
v 0.892000 0.831250 -2.328000
v 0.892000 0.827955 -2.320045
v 0.970000 0.700000 -2.050000
v 0.970000 0.820000 -2.050000
v 0.910000 0.700000 -2.050000
v 0.910000 0.820000 -2.050000
v 0.970000 0.830000 -2.300000
v 0.970000 0.870000 -2.300000
v 0.910000 0.870000 -2.300000
v 0.910000 0.830000 -2.300000
v 0.970000 0.700000 -2.040000
v 0.910000 0.820000 -2.040000
v 0.970000 0.820000 -2.040000
v 0.910000 0.700000 -2.040000
v 0.722000 0.653889 -2.421738
v 0.722000 0.570000 -2.430000
v 0.722000 0.804605 -2.359985
v 0.722000 0.734554 -2.397268
v 0.722000 0.488102 -2.421934
v 0.800000 0.792228 -2.332588
v 0.800000 0.723073 -2.369552
v 0.800000 0.648036 -2.392314
v 0.800000 0.570000 -2.400000
v 0.800000 0.491964 -2.392314
v 0.730000 0.570000 -2.430000
v 0.792000 0.570000 -2.430000
v 0.790000 0.653889 -2.421738
v 0.798000 0.488102 -2.421934
v 0.798000 0.570000 -2.430000
v 0.800000 0.653889 -2.421738
v 0.798000 0.804605 -2.359985
v 0.800000 0.734554 -2.397268
v 0.728000 0.653889 -2.421738
v 0.720000 0.491964 -2.392314
v 0.720000 0.570000 -2.400000
v 0.720000 0.648036 -2.392314
v 0.720000 0.723073 -2.369552
v 0.720000 0.792228 -2.332588
v 0.728000 0.804605 -2.359985
v 0.792000 0.804605 -2.359985
v 0.792000 0.734554 -2.397268
v 0.728000 0.734554 -2.397268
v 0.792000 0.488102 -2.421934
v 0.728000 0.488102 -2.421934
v 0.790000 0.491964 -2.392314
v 0.730000 0.491964 -2.392314
v 0.790000 0.723073 -2.369552
v 0.730000 0.723073 -2.369552
v 0.730000 0.792228 -2.332588
v 0.790000 0.792228 -2.332588
v 0.790000 0.570000 -2.400000
v 0.730000 0.570000 -2.400000
v 0.730000 0.648036 -2.392314
v 0.790000 0.648036 -2.392314
v 0.720000 0.734554 -2.397268
v 0.720000 0.806370 -2.359046
v 0.720000 0.653889 -2.421738
v 0.720000 0.570000 -2.430000
v 0.720000 0.486111 -2.421738
v 0.790000 0.806370 -2.359046
v 0.800000 0.806370 -2.359046
v 0.730000 0.486111 -2.421738
v 0.730000 0.806370 -2.359046
v 0.800000 0.486111 -2.421738
v 0.800000 0.570000 -2.430000
v 0.798000 0.653889 -2.421738
v 0.798000 0.734554 -2.397268
v 0.790000 0.486111 -2.421738
v 0.792000 0.653889 -2.421738
v 0.790000 0.734554 -2.397268
v 0.730000 0.653889 -2.421738
v 0.730000 0.734554 -2.397268
v 0.790000 0.570000 -2.430000
v 0.728000 0.570000 -2.430000
v 0.792000 0.660717 -2.456065
v 0.798000 0.660717 -2.456065
v 0.728000 0.570000 -2.465000
v 0.722000 0.570000 -2.465000
v 0.728000 0.747919 -2.429616
v 0.722000 0.747919 -2.429616
v 0.798000 0.747919 -2.429616
v 0.792000 0.747919 -2.429616
v 0.798000 0.570000 -2.465000
v 0.792000 0.570000 -2.465000
v 0.722000 0.660717 -2.456065
v 0.728000 0.660717 -2.456065
v 0.722000 0.821049 -2.390882
v 0.722000 0.484671 -2.456765
v 0.792000 0.821049 -2.390882
v 0.798000 0.821049 -2.390882
v 0.728000 0.484671 -2.456765
v 0.728000 0.821049 -2.390882
v 0.798000 0.484671 -2.456765
v 0.792000 0.484671 -2.456765
v 0.815000 0.679546 -2.428454
v 0.815000 0.683500 -2.438000
v 0.815000 0.679546 -2.447546
v 0.815000 0.670000 -2.451500
v 0.815000 0.660454 -2.447546
v 0.815000 0.656500 -2.438000
v 0.815000 0.660454 -2.428454
v 0.815000 0.670000 -2.424500
v 0.705000 0.670000 -2.424500
v 0.705000 0.660454 -2.428454
v 0.705000 0.656500 -2.438000
v 0.705000 0.660454 -2.447546
v 0.705000 0.670000 -2.451500
v 0.705000 0.679546 -2.447546
v 0.705000 0.683500 -2.438000
v 0.705000 0.679546 -2.428454
v 0.814000 0.641287 -2.450300
v 0.814000 0.660081 -2.443459
v 0.814000 0.639919 -2.446541
v 0.814000 0.658713 -2.439700
v 0.810000 0.641287 -2.450300
v 0.810000 0.660081 -2.443459
v 0.810000 0.639919 -2.446541
v 0.810000 0.658713 -2.439700
v 0.815000 0.809546 -2.448454
v 0.815000 0.813500 -2.458000
v 0.815000 0.809546 -2.467546
v 0.815000 0.800000 -2.471500
v 0.815000 0.790454 -2.467546
v 0.815000 0.786500 -2.458000
v 0.815000 0.790454 -2.448454
v 0.815000 0.800000 -2.444500
v 0.705000 0.800000 -2.444500
v 0.705000 0.790454 -2.448454
v 0.705000 0.786500 -2.458000
v 0.705000 0.790454 -2.467546
v 0.705000 0.800000 -2.471500
v 0.705000 0.809546 -2.467546
v 0.705000 0.813500 -2.458000
v 0.705000 0.809546 -2.448454
v 0.815000 0.869546 -2.460454
v 0.815000 0.873500 -2.470000
v 0.815000 0.869546 -2.479546
v 0.815000 0.860000 -2.483500
v 0.815000 0.850454 -2.479546
v 0.815000 0.846500 -2.470000
v 0.815000 0.850454 -2.460454
v 0.815000 0.860000 -2.456500
v 0.645000 0.860000 -2.456500
v 0.645000 0.850454 -2.460454
v 0.645000 0.846500 -2.470000
v 0.645000 0.850454 -2.479546
v 0.645000 0.860000 -2.483500
v 0.645000 0.869546 -2.479546
v 0.645000 0.873500 -2.470000
v 0.645000 0.869546 -2.460454
v 0.980000 0.809199 -1.660670
v 0.980000 0.829689 -1.655180
v 0.980000 0.818307 -1.653681
v 0.980000 0.890311 -1.690179
v 0.980000 0.895801 -1.710670
v 0.980000 0.897300 -1.699288
v 0.980000 0.809689 -1.689821
v 0.980000 0.804199 -1.669330
v 0.980000 0.802700 -1.680712
v 0.980000 0.890801 -1.719330
v 0.980000 0.870311 -1.724820
v 0.980000 0.881693 -1.726319
v 0.970000 0.829689 -1.655180
v 0.970000 0.809199 -1.660670
v 0.970000 0.818307 -1.653681
v 0.970000 0.895801 -1.710670
v 0.970000 0.890311 -1.690179
v 0.970000 0.897300 -1.699288
v 0.970000 0.804199 -1.669330
v 0.970000 0.809689 -1.689821
v 0.970000 0.802700 -1.680712
v 0.970000 0.870311 -1.724820
v 0.970000 0.890801 -1.719330
v 0.970000 0.881693 -1.726319
v 1.041544 0.723850 -1.950000
v 1.057993 0.710074 -1.950000
v 1.052190 0.710633 -1.950000
v 1.052557 0.720291 -1.950000
v 1.057993 0.710074 -1.970000
v 1.041544 0.723850 -1.970000
v 1.052190 0.710633 -1.970000
v 1.052557 0.720291 -1.970000
v 0.910000 0.809199 -1.660670
v 0.910000 0.829689 -1.655180
v 0.910000 0.818307 -1.653681
v 0.910000 0.890311 -1.690179
v 0.910000 0.895801 -1.710670
v 0.910000 0.897300 -1.699288
v 0.910000 0.809689 -1.689821
v 0.910000 0.804199 -1.669330
v 0.910000 0.802700 -1.680712
v 0.910000 0.890801 -1.719330
v 0.910000 0.870311 -1.724820
v 0.910000 0.881693 -1.726319
v 0.900000 0.829689 -1.655180
v 0.900000 0.809199 -1.660670
v 0.900000 0.818307 -1.653681
v 0.900000 0.895801 -1.710670
v 0.900000 0.890311 -1.690179
v 0.900000 0.897300 -1.699288
v 0.900000 0.804199 -1.669330
v 0.900000 0.809689 -1.689821
v 0.900000 0.802700 -1.680712
v 0.900000 0.870311 -1.724820
v 0.900000 0.890801 -1.719330
v 0.900000 0.881693 -1.726319
v 0.980000 0.829689 -2.344820
v 0.980000 0.809199 -2.339330
v 0.980000 0.818307 -2.346319
v 0.980000 0.895801 -2.289330
v 0.980000 0.890311 -2.309820
v 0.980000 0.897300 -2.300712
v 0.980000 0.804199 -2.330670
v 0.980000 0.809689 -2.310179
v 0.980000 0.802700 -2.319288
v 0.980000 0.870311 -2.275180
v 0.980000 0.890801 -2.280670
v 0.980000 0.881693 -2.273681
v 0.970000 0.809199 -2.339330
v 0.970000 0.829689 -2.344820
v 0.970000 0.818307 -2.346319
v 0.970000 0.890311 -2.309820
v 0.970000 0.895801 -2.289330
v 0.970000 0.897300 -2.300712
v 0.970000 0.809689 -2.310179
v 0.970000 0.804199 -2.330670
v 0.970000 0.802700 -2.319288
v 0.970000 0.890801 -2.280670
v 0.970000 0.870311 -2.275180
v 0.970000 0.881693 -2.273681
v 1.057993 0.710074 -2.050000
v 1.041544 0.723850 -2.050000
v 1.052190 0.710633 -2.050000
v 1.052557 0.720291 -2.050000
v 1.041544 0.723850 -2.030000
v 1.057993 0.710074 -2.030000
v 1.052190 0.710633 -2.030000
v 1.052557 0.720291 -2.030000
v 0.910000 0.829689 -2.344820
v 0.910000 0.809199 -2.339330
v 0.910000 0.818307 -2.346319
v 0.910000 0.895801 -2.289330
v 0.910000 0.890311 -2.309820
v 0.910000 0.897300 -2.300712
v 0.910000 0.804199 -2.330670
v 0.910000 0.809689 -2.310179
v 0.910000 0.802700 -2.319288
v 0.910000 0.870311 -2.275180
v 0.910000 0.890801 -2.280670
v 0.910000 0.881693 -2.273681
v 0.900000 0.809199 -2.339330
v 0.900000 0.829689 -2.344820
v 0.900000 0.818307 -2.346319
v 0.900000 0.890311 -2.309820
v 0.900000 0.895801 -2.289330
v 0.900000 0.897300 -2.300712
v 0.900000 0.809689 -2.310179
v 0.900000 0.804199 -2.330670
v 0.900000 0.802700 -2.319288
v 0.900000 0.890801 -2.280670
v 0.900000 0.870311 -2.275180
v 0.900000 0.881693 -2.273681
v 0.810000 0.662818 -2.454936
v 0.810000 0.650651 -2.437559
v 0.810000 0.653136 -2.448768
v 0.810000 0.877157 -2.477498
v 0.810000 0.859780 -2.489666
v 0.810000 0.870988 -2.487181
v 0.810000 0.652387 -2.427711
v 0.810000 0.669764 -2.415544
v 0.810000 0.658556 -2.418029
v 0.810000 0.866726 -2.450273
v 0.810000 0.878893 -2.467650
v 0.810000 0.876408 -2.456442
v 0.800000 0.650651 -2.437559
v 0.800000 0.662818 -2.454936
v 0.800000 0.653136 -2.448768
v 0.800000 0.859780 -2.489666
v 0.800000 0.877157 -2.477498
v 0.800000 0.870988 -2.487181
v 0.800000 0.669764 -2.415544
v 0.800000 0.652387 -2.427711
v 0.800000 0.658556 -2.418029
v 0.800000 0.878893 -2.467650
v 0.800000 0.866726 -2.450273
v 0.800000 0.876408 -2.456442
v 0.720000 0.662818 -2.454936
v 0.720000 0.650651 -2.437559
v 0.720000 0.653136 -2.448768
v 0.720000 0.877157 -2.477498
v 0.720000 0.859780 -2.489666
v 0.720000 0.870988 -2.487181
v 0.720000 0.652387 -2.427711
v 0.720000 0.669764 -2.415544
v 0.720000 0.658556 -2.418029
v 0.720000 0.866726 -2.450273
v 0.720000 0.878893 -2.467650
v 0.720000 0.876408 -2.456442
v 0.710000 0.650651 -2.437559
v 0.710000 0.662818 -2.454936
v 0.710000 0.653136 -2.448768
v 0.710000 0.859780 -2.489666
v 0.710000 0.877157 -2.477498
v 0.710000 0.870988 -2.487181
v 0.710000 0.669764 -2.415544
v 0.710000 0.652387 -2.427711
v 0.710000 0.658556 -2.418029
v 0.710000 0.878893 -2.467650
v 0.710000 0.866726 -2.450273
v 0.710000 0.876408 -2.456442
vn 1.0000 -0.0000 -0.0000
vn -0.0000 1.0000 -0.0000
vn -0.0000 -0.0000 1.0000
vn -0.0000 -1.0000 -0.0000
vn -1.0000 -0.0000 -0.0000
vn -0.0000 -0.0797 -0.9968
vn -0.0000 -0.0797 0.9968
vn -0.0000 -0.5145 0.8575
vn -0.0000 -0.8716 0.4903
vn -0.0000 0.2060 -0.9785
vn -0.7071 0.7071 -0.0000
vn -0.9950 0.0995 -0.0000
vn 0.3827 0.9239 -0.0000
vn 0.9239 0.3827 -0.0000
vn 0.9239 -0.3827 -0.0000
vn 0.3827 -0.9239 -0.0000
vn -0.3827 -0.9239 -0.0000
vn -0.9239 -0.3827 -0.0000
vn -0.9239 0.3827 -0.0000
vn -0.3827 0.9239 -0.0000
vn -0.1135 -0.9935 -0.0000
vn 0.9950 -0.0995 -0.0000
vn 0.5547 0.8321 -0.0000
vn -0.0000 -0.0000 -1.0000
vn -0.0000 0.3827 -0.9239
vn -0.0000 0.9239 -0.3827
vn -0.0000 0.9239 0.3827
vn -0.0000 0.3827 0.9239
vn -0.0000 -0.3827 0.9239
vn -0.0000 -0.9239 0.3827
vn -0.0000 -0.3827 -0.9239
vn -0.0000 -0.9239 -0.3827
vn -0.0995 0.9950 -0.0000
vn -0.8893 -0.0000 0.4573
vn 0.0283 0.9996 -0.0083
vn -0.9949 0.1010 -0.0033
vn -0.0283 -0.9996 -0.0083
vn 0.9949 -0.1010 -0.0032
vn -0.0000 -0.8872 0.4614
vn -0.0000 0.9806 -0.1961
vn -0.0000 -0.5145 -0.8575
vn -0.0000 -0.8716 -0.4903
vn -0.0000 0.2060 0.9785
vn -0.8893 -0.0000 -0.4573
vn 0.0283 0.9996 0.0083
vn -0.9949 0.1010 0.0032
vn -0.0283 -0.9996 0.0083
vn 0.9949 -0.1010 0.0032
vn -0.0000 -0.8872 -0.4614
vn -0.0000 0.9806 0.1961
vn -0.0000 -0.0980 0.9952
vn -0.0000 -0.4714 0.8819
vn -0.0000 0.0980 0.9952
vn -0.0000 -0.2903 0.9569
vn -0.0000 -0.9808 0.1951
vn -0.0000 0.8828 0.4698
vn -0.0000 -0.9952 0.0980
vn -0.0000 0.8819 0.4714
vn -0.0000 0.2903 -0.9569
vn -0.0000 -0.0980 -0.9952
vn -0.0000 0.4698 -0.8828
vn -0.0000 0.0980 -0.9952
vn -0.0000 0.4681 -0.8837
vn -0.0000 -0.0961 -0.9954
vn -0.0000 0.2903 -0.9570
vn -0.0000 -0.3420 0.9397
vn -0.0000 0.3420 -0.9397
vn -0.0000 -0.9397 -0.3420
vn -0.0000 -0.9914 0.1305
vn -0.0000 -0.7933 -0.6088
vn -0.0000 0.6088 -0.7934
vn -0.0000 -0.1305 -0.9914
vn -0.0000 -0.6088 0.7934
vn -0.0000 0.1305 0.9914
vn -0.0000 0.9914 -0.1305
vn -0.0000 0.7933 0.6088
vn -0.3074 0.9516 -0.0000
vn -0.8828 0.4697 -0.0000
vn -0.0000 -0.7934 -0.6088
vn -0.0000 0.7934 0.6088
vn -0.0000 -0.7933 0.6088
vn -0.0000 -0.9914 -0.1305
vn -0.0000 -0.1305 0.9914
vn -0.0000 0.6088 0.7934
vn -0.0000 0.1305 -0.9914
vn -0.0000 -0.6088 -0.7934
vn -0.0000 0.7933 -0.6088
vn -0.0000 0.9914 0.1305
vn -0.0000 -0.7934 0.6088
vn -0.0000 0.7934 -0.6088
vn -0.0000 -0.2164 0.9763
vn -0.0000 -0.8434 0.5373
vn -0.0000 0.5373 0.8434
vn -0.0000 0.9763 0.2164
vn -0.0000 -0.5373 -0.8434
vn -0.0000 -0.9763 -0.2164
vn -0.0000 0.2164 -0.9763
vn -0.0000 0.8434 -0.5373
vn -0.0000 -0.8660 0.5000
vn -0.0000 0.5000 0.8660
vn -0.0000 0.8660 -0.5000
vn -0.0000 -0.5000 -0.8660
vn 0.0767 0.9971 -0.0000
vn -0.0000 -0.8660 -0.5000
vn -0.0000 0.5000 -0.8660
vn -0.0000 0.8660 0.5000
vn -0.0000 -0.5000 0.8660
vn -0.0000 -0.9848 0.1736
vn -0.0000 -0.1736 -0.9848
vn -0.0000 0.9848 -0.1736
vn -0.0000 0.1736 0.9848
vn 0.7071 0.7071 -0.0000
vn 0.9950 0.0995 -0.0000
vn 0.1135 -0.9935 -0.0000
vn -0.9950 -0.0995 -0.0000
vn -0.5547 0.8321 -0.0000
vn 0.0995 0.9950 -0.0000
vn 0.8893 -0.0000 0.4573
vn -0.0283 0.9996 -0.0083
vn 0.9949 0.1010 -0.0032
vn 0.0283 -0.9996 -0.0083
vn -0.9949 -0.1010 -0.0032
vn 0.8893 -0.0000 -0.4573
vn -0.0283 0.9996 0.0083
vn 0.9949 0.1010 0.0033
vn 0.0283 -0.9996 0.0083
vn -0.9949 -0.1010 0.0032
vn 0.3074 0.9516 -0.0000
vn 0.8828 0.4697 -0.0000
vn -0.0767 0.9971 -0.0000
vt 0.375000 0.625000
vt 0.625000 0.625000
vt 0.625000 0.750000
vt 0.375000 0.750000
vt 0.864065 0.625000
vt 0.875000 0.625000
vt 0.875000 0.750000
vt 0.864065 0.750000
vt 0.375000 0.989085
vt 0.625000 0.989065
vt 0.625000 1.000000
vt 0.375000 1.000000
vt 0.860698 0.625000
vt 0.860698 0.750000
vt 0.500000 0.666667
vt 0.625000 0.666667
vt 0.500000 0.750000
vt 0.500000 1.000000
vt 0.125000 0.666667
vt 0.375000 0.666667
vt 0.125000 0.750000
vt 0.625000 0.083333
vt 0.625000 0.000000
vt 0.875000 0.666667
vt 0.125000 0.625000
vt 0.500000 0.625000
vt 0.500000 0.000000
vt 0.500000 0.250000
vt 0.625000 0.500000
vt 0.125000 0.500000
vt 0.375000 0.500000
vt 0.875000 0.500000
vt 0.500000 0.500000
vt 0.375000 0.250000
vt 0.375000 0.000000
vt 0.625000 0.125000
vt 0.375000 0.125000
vt 1.000000 0.675000
vt 1.000000 1.000000
vt 0.875000 1.000000
vt 0.875000 0.675000
vt 0.750000 1.000000
vt 0.750000 0.675000
vt 0.625000 0.675000
vt 0.500000 0.675000
vt 0.375000 0.675000
vt 0.250000 1.000000
vt 0.250000 0.675000
vt 0.419706 0.419706
vt 0.250000 0.490000
vt 0.080294 0.419706
vt 0.010000 0.250000
vt 0.080294 0.080294
vt 0.250000 0.010000
vt 0.419706 0.080294
vt 0.490000 0.250000
vt 0.125000 1.000000
vt 0.125000 0.675000
vt 0.000000 1.000000
vt 0.000000 0.675000
vt 0.000000 0.000000
vt 0.000000 0.500000
vt 0.250000 0.500000
vt 0.750000 0.500000
vt 1.000000 0.500000
vt 0.375000 0.031250
vt 0.625000 0.031250
vt 0.875000 0.718750
vt 0.625000 0.718750
vt 0.375000 0.718750
vt 0.125000 0.718750
vt 0.500000 0.083333
vt 0.500000 0.125000
vt 0.625000 0.250000
vt 0.750000 0.490000
vt 0.919706 0.419706
vt 0.990000 0.250000
vt 0.919706 0.080294
vt 0.750000 0.010000
vt 0.580294 0.080294
vt 0.510000 0.250000
vt 0.580294 0.419706
vt 0.375000 0.083333
vt 0.375000 0.125000
vt 0.375000 0.212500
vt 0.625000 0.212500
vt 0.125000 0.537500
vt 0.375000 0.537500
vt 0.625000 0.537500
vt 0.875000 0.537500
vt 0.139085 0.625000
vt 0.139085 0.750000
vt 0.135915 0.625000
vt 0.135915 0.750000
vt 0.375000 0.985915
vt 0.625000 0.985698
vt 0.375000 0.593750
vt 0.125000 0.593750
vt 0.378661 0.509153
vt 0.380492 0.236271
vt 0.412500 0.250000
vt 0.412500 0.500000
vt 0.875000 0.593750
vt 0.625000 0.593750
vt 0.621339 0.509153
vt 0.619508 0.236271
vt 0.587500 0.500000
vt 0.587500 0.250000
vt 0.125000 0.656250
vt 0.375000 0.656250
vt 0.378661 0.740847
vt 0.412500 0.750000
vt 0.412500 1.000000
vt 0.625000 0.656250
vt 0.875000 0.656250
vt 0.621339 0.740847
vt 0.587500 1.000000
vt 0.587500 0.750000
vt 0.731194 0.750000
vt 0.731194 0.500000
vt 0.587500 0.250000
vt 0.587500 0.500000
vt 0.619508 0.236271
vt 0.378661 0.740847
vt 0.587500 0.750000
vt 0.587500 1.000000
vt 0.621339 0.740847
vt 0.731194 0.500000
vt 0.731194 0.750000
vt 0.391304 0.500000
vt 0.391304 0.250000
vt 0.377388 0.236271
vt 0.376592 0.509153
vt 0.125000 0.593750
vt 0.375000 0.593750
vt 0.608696 0.250000
vt 0.608696 0.500000
vt 0.623408 0.509153
vt 0.622612 0.236271
vt 0.625000 0.593750
vt 0.875000 0.593750
vt 0.391304 1.000000
vt 0.391304 0.750000
vt 0.376592 0.740847
vt 0.125000 0.656250
vt 0.608696 0.750000
vt 0.608696 1.000000
vt 0.623408 0.740847
vt 0.875000 0.656250
vt 0.625000 0.656250
vt 0.608696 0.250000
vt 0.375000 0.093750
vt 0.385984 0.027459
vt 0.412500 0.000000
vt 0.587500 0.000000
vt 0.614017 0.027458
vt 0.625000 0.093750
vt 0.625000 0.156250
vt 0.375000 0.156250
vt 0.625000 0.856194
vt 0.481326 1.000000
vt 0.481326 0.250000
vt 0.625000 0.393806
vt 0.614017 0.027458
vt 0.481326 1.000000
vt 0.481326 0.250000
vt 0.391304 0.000000
vt 0.379775 0.027459
vt 0.375000 0.156250
vt 0.625000 0.156250
vt 0.625000 0.093750
vt 0.620225 0.027459
vt 0.608696 0.000000
s 0
f 4343/63/101 4344/64/101 4314/65/101 4313/66/101
f 4600/67/102 4342/68/102 4312/69/102 4598/70/102
f 4597/71/103 4598/72/103 4312/73/103 4311/74/103
f 4344/64/102 4601/75/102 4599/76/102 4314/65/102
f 4449/77/101 4322/78/101 4318/65/101 4448/79/101
f 4448/79/103 4318/65/103 4316/73/103 4447/80/103
f 4319/81/104 4321/82/104 4317/66/104 4315/83/104
f 4320/84/105 4316/85/105 4325/85/105 4326/84/105
f 4340/64/102 4338/68/102 4320/86/102 4322/78/102
f 4337/87/104 4339/63/104 4321/82/104 4319/81/104
f 4450/88/101 4340/64/101 4322/78/101 4449/77/101
f 4315/74/103 4447/80/103 4451/80/103 4410/74/103
f 4323/78/102 4326/86/102 4325/69/102 4324/65/102
f 4322/78/106 4320/86/106 4326/86/106 4323/78/106
f 4318/65/101 4322/78/101 4323/78/101 4324/65/101
f 4316/73/107 4318/65/107 4324/65/107 4325/73/107
f 4333/89/105 4328/85/105 4334/90/105
f 4335/91/101 4331/65/101 4336/79/101
f 4336/79/108 4331/65/108 4328/73/108 4333/80/108
f 4329/92/104 4332/93/104 4330/66/104 4327/83/104
f 4335/91/102 4334/94/102 4328/69/102 4331/65/102
f 4330/66/109 4336/79/109 4333/80/109 4327/74/109
f 4332/93/101 4335/95/101 4336/79/101 4330/66/101
f 4329/96/110 4334/90/110 4335/95/110 4332/93/110
f 4327/97/105 4333/89/105 4334/90/105 4329/96/105
f 4316/85/111 4320/84/111 4413/84/111 4411/85/111
f 4311/97/112 4312/85/112 4342/98/112 4341/99/112
f 4377/100/113 4350/101/113 4352/102/113 4378/103/113
f 4378/103/114 4352/102/114 4354/104/114 4379/105/114
f 4379/105/115 4354/104/115 4356/73/115 4380/106/115
f 4380/106/116 4356/73/116 4358/80/116 4381/107/116
f 4381/107/117 4358/80/117 4360/74/117 4382/108/117
f 4382/108/118 4360/74/118 4362/109/118 4383/110/118
f 4352/111/103 4350/112/103 4364/113/103 4362/114/103 4360/115/103 4358/116/103 4356/117/103 4354/118/103
f 4383/110/119 4362/109/119 4364/119/119 4384/120/119
f 4384/120/120 4364/119/120 4350/121/120 4377/122/120
f 4366/92/121 4369/93/121 4367/66/121 4365/83/121
f 4366/92/122 4365/83/122 4372/83/122 4371/92/122
f 4371/92/104 4372/83/104 4374/83/104 4373/92/104
f 4370/91/123 4368/65/123 4376/65/123 4375/91/123
f 4369/93/124 4370/91/124 4375/91/124
f 4368/65/103 4367/66/103 4376/65/103
f 4383/110/103 4384/120/103 4399/120/103 4397/110/103
f 4359/123/124 4357/123/124 4392/123/124 4394/123/124
f 4384/120/103 4377/122/103 4400/122/103 4399/120/103
f 4377/100/103 4378/103/103 4387/103/103 4400/100/103
f 4363/123/124 4361/123/124 4396/123/124 4398/123/124
f 4353/123/124 4351/123/124 4386/123/124 4388/123/124
f 4378/103/103 4379/105/103 4389/105/103 4387/103/103
f 4379/105/103 4380/106/103 4391/106/103 4389/105/103
f 4398/92/120 4399/120/120 4400/122/120 4385/124/120
f 4396/125/119 4397/110/119 4399/120/119 4398/92/119
f 4394/93/118 4395/108/118 4397/110/118 4396/125/118
f 4392/95/117 4393/107/117 4395/108/117 4394/93/117
f 4390/91/116 4391/106/116 4393/107/116 4392/95/116
f 4388/126/115 4389/105/115 4391/106/115 4390/91/115
f 4386/94/114 4387/103/114 4389/105/114 4388/126/114
f 4385/127/113 4400/100/113 4387/103/113 4386/94/113
f 4355/123/124 4353/123/124 4388/123/124 4390/123/124
f 4349/123/124 4363/123/124 4398/123/124 4385/123/124
f 4382/108/103 4383/110/103 4397/110/103 4395/108/103
f 4351/123/124 4349/123/124 4385/123/124 4386/123/124
f 4381/107/103 4382/108/103 4395/108/103 4393/107/103
f 4361/123/124 4359/123/124 4394/123/124 4396/123/124
f 4380/106/103 4381/107/103 4393/107/103 4391/106/103
f 4357/123/124 4355/123/124 4390/123/124 4392/123/124
f 4345/123/124 4347/123/124 4404/123/124 4406/123/124
f 4346/123/124 4345/123/124 4406/123/124 4402/123/124
f 4407/128/105 4401/129/105 4402/98/105 4406/99/105
f 4405/64/102 4402/68/102 4401/130/102 4408/131/102
f 4406/87/104 4404/63/104 4403/132/104 4407/133/104
f 4404/63/101 4405/64/101 4408/131/101 4403/132/101
f 4347/123/124 4348/123/124 4405/123/124 4404/123/124
f 4348/123/124 4346/123/124 4402/123/124 4405/123/124
f 4451/89/105 4411/85/105 4413/84/105 4452/134/105
f 4452/134/105 4413/84/105 4414/98/105 4453/135/105
f 4447/80/103 4316/73/103 4411/73/103 4451/80/103
f 4320/86/111 4338/68/111 4414/68/111 4413/86/111
f 4337/87/104 4319/81/104 4409/81/104 4412/87/104
f 4319/81/104 4315/83/104 4410/83/104 4409/81/104
f 4442/74/101 4441/73/101 4438/73/101 4435/74/101
f 4431/92/125 4432/119/125 4417/121/125 4418/124/125
f 4445/94/105 4446/91/105 4436/91/105 4437/94/105
f 4429/125/126 4430/109/126 4432/119/126 4431/92/126
f 4415/91/104 4435/91/104 4559/91/104 4557/91/104
f 4427/93/127 4428/74/127 4430/109/127 4429/125/127
f 4439/97/102 4443/85/102 4445/136/102 4441/96/102
f 4425/95/128 4426/80/128 4428/74/128 4427/93/128
f 4444/96/104 4440/136/104 4442/91/104 4446/93/104
f 4423/91/129 4424/73/129 4426/80/129 4425/95/129
f 4441/96/102 4445/136/102 4437/136/102 4438/96/102
f 4421/126/130 4422/104/130 4424/73/130 4423/91/130
f 4439/97/102 4441/96/102 4560/96/102 4562/97/102
f 4444/65/105 4443/69/105 4566/69/105 4567/65/105
f 4418/127/131 4417/101/131 4420/102/131 4419/94/131
f 4446/91/105 4445/94/105 4443/69/105 4444/65/105
f 4419/94/132 4420/102/132 4422/104/132 4421/126/132
f 4418/137/105 4419/138/105 4421/139/105 4423/140/105 4425/141/105 4427/142/105 4429/143/105 4431/144/105
f 4453/123/124 4412/123/124 4456/123/124 4458/123/124
f 4410/74/103 4451/80/103 4459/80/103 4455/74/103
f 4339/63/101 4450/88/101 4449/77/101 4321/82/101
f 4317/66/103 4448/79/103 4447/80/103 4315/74/103
f 4321/82/101 4449/77/101 4448/79/101 4317/66/101
f 4454/145/105 4457/134/105 4458/135/105 4456/146/105
f 4455/97/105 4459/89/105 4457/134/105 4454/145/105
f 4451/89/133 4452/134/133 4457/134/133 4459/89/133
f 4412/87/104 4409/81/104 4454/81/104 4456/87/104
f 4409/81/104 4410/83/104 4455/83/104 4454/81/104
f 4452/134/133 4453/135/133 4458/135/133 4457/134/133
f 4468/147/103 4469/148/103 4472/148/103 4475/147/103
f 4462/96/124 4463/136/124 4467/91/124 4466/93/124
f 4464/66/103 4465/65/103 4461/73/103 4460/74/103
f 4468/149/104 4470/150/104 4464/66/104 4460/83/104
f 4471/151/102 4469/152/102 4461/69/102 4465/65/102
f 4467/91/102 4463/94/102 4469/152/102 4471/151/102
f 4462/92/104 4466/93/104 4470/150/104 4468/149/104
f 4460/97/105 4461/85/105 4469/148/105 4468/147/105
f 4475/147/105 4472/148/105 4473/136/105 4474/96/105
f 4463/136/124 4462/96/124 4474/96/124 4473/136/124
f 4462/92/104 4468/149/104 4475/149/104 4474/92/104
f 4469/152/102 4463/94/102 4473/94/102 4472/152/102
f 4490/92/125 4491/119/125 4476/121/125 4477/124/125
f 4488/125/126 4489/109/126 4491/119/126 4490/92/126
f 4486/93/127 4487/74/127 4489/109/127 4488/125/127
f 4484/95/128 4485/80/128 4487/74/128 4486/93/128
f 4482/91/129 4483/73/129 4485/80/129 4484/95/129
f 4480/126/130 4481/104/130 4483/73/130 4482/91/130
f 4477/127/131 4476/101/131 4479/102/131 4478/94/131
f 4478/94/132 4479/102/132 4481/104/132 4480/126/132
f 4477/137/105 4478/138/105 4480/139/105 4482/140/105 4484/141/105 4486/142/105 4488/143/105 4490/144/105
f 4506/137/105 4505/138/105 4503/139/105 4501/140/105 4499/141/105 4497/142/105 4495/143/105 4493/144/105
f 4505/94/132 4504/102/132 4502/104/132 4503/126/132
f 4506/127/131 4507/101/131 4504/102/131 4505/94/131
f 4503/126/130 4502/104/130 4500/73/130 4501/91/130
f 4501/91/129 4500/73/129 4498/80/129 4499/95/129
f 4499/95/128 4498/80/128 4496/74/128 4497/93/128
f 4497/93/127 4496/74/127 4494/109/127 4495/125/127
f 4495/125/126 4494/109/126 4492/119/126 4493/92/126
f 4493/92/125 4492/119/125 4507/121/125 4506/124/125
f 4522/137/105 4521/138/105 4519/139/105 4517/140/105 4515/141/105 4513/142/105 4511/143/105 4509/144/105
f 4521/94/132 4520/102/132 4518/104/132 4519/126/132
f 4522/127/131 4523/101/131 4520/102/131 4521/94/131
f 4519/126/130 4518/104/130 4516/73/130 4517/91/130
f 4517/91/129 4516/73/129 4514/80/129 4515/95/129
f 4515/95/128 4514/80/128 4512/74/128 4513/93/128
f 4513/93/127 4512/74/127 4510/109/127 4511/125/127
f 4511/125/126 4510/109/126 4508/119/126 4509/92/126
f 4509/92/125 4508/119/125 4523/121/125 4522/124/125
f 4538/92/125 4539/119/125 4524/121/125 4525/124/125
f 4536/125/126 4537/109/126 4539/119/126 4538/92/126
f 4534/93/127 4535/74/127 4537/109/127 4536/125/127
f 4532/95/128 4533/80/128 4535/74/128 4534/93/128
f 4530/91/129 4531/73/129 4533/80/129 4532/95/129
f 4528/126/130 4529/104/130 4531/73/130 4530/91/130
f 4525/127/131 4524/101/131 4527/102/131 4526/94/131
f 4526/94/132 4527/102/132 4529/104/132 4528/126/132
f 4525/137/105 4526/138/105 4528/139/105 4530/140/105 4532/141/105 4534/142/105 4536/143/105 4538/144/105
f 4554/137/105 4553/138/105 4551/139/105 4549/140/105 4547/141/105 4545/142/105 4543/143/105 4541/144/105
f 4553/94/132 4552/102/132 4550/104/132 4551/126/132
f 4554/127/131 4555/101/131 4552/102/131 4553/94/131
f 4551/126/130 4550/104/130 4548/73/130 4549/91/130
f 4549/91/129 4548/73/129 4546/80/129 4547/95/129
f 4547/95/128 4546/80/128 4544/74/128 4545/93/128
f 4545/93/127 4544/74/127 4542/109/127 4543/125/127
f 4543/125/126 4542/109/126 4540/119/126 4541/92/126
f 4541/92/125 4540/119/125 4555/121/125 4554/124/125
f 4446/93/104 4442/91/104 4435/91/104 4436/93/104
f 4415/93/103 4416/91/103 4433/65/103 4434/66/103
f 4437/94/105 4436/91/105 4434/91/105 4433/94/105
f 4438/96/102 4437/136/102 4433/136/102 4416/96/102
f 4436/93/104 4435/91/104 4415/91/104 4434/93/104
f 4559/74/101 4558/73/101 4556/73/101 4557/74/101
f 4563/66/101 4562/65/101 4560/73/101 4561/74/101
f 4441/73/103 4442/74/103 4561/74/103 4560/73/103
f 4435/74/124 4438/73/124 4558/73/124 4559/74/124
f 4442/91/104 4440/136/104 4563/136/104 4561/91/104
f 4416/91/103 4415/93/103 4557/93/103 4556/91/103
f 4438/96/102 4416/96/102 4556/96/102 4558/96/102
f 4440/83/124 4439/66/124 4562/66/124 4563/83/124
f 4567/92/124 4566/93/124 4564/66/124 4565/83/124
f 4443/85/102 4439/97/102 4564/97/102 4566/85/102
f 4440/136/104 4444/96/104 4567/96/104 4565/136/104
f 4439/66/101 4440/83/101 4565/83/101 4564/66/101
f 4568/97/134 4569/85/134 4571/136/134 4570/96/134
f 4580/66/103 4581/65/103 4577/73/103 4576/74/103
f 4576/97/134 4577/85/134 4579/136/134 4578/96/134
f 4572/66/103 4573/65/103 4569/73/103 4568/74/103
f 4570/92/104 4574/93/104 4572/66/104 4568/83/104
f 4575/91/102 4571/94/102 4569/69/102 4573/65/102
f 4578/92/104 4582/93/104 4580/66/104 4576/83/104
f 4583/91/102 4579/94/102 4577/69/102 4581/65/102
f 4588/66/103 4589/65/103 4585/73/103 4584/74/103
f 4584/97/134 4585/85/134 4587/136/134 4586/96/134
f 4586/92/104 4590/93/104 4588/66/104 4584/83/104
f 4591/91/102 4587/94/102 4585/69/102 4589/65/102
f 4594/67/135 4593/70/135 4592/76/135 4595/75/135
f 4602/153/104 4343/63/104 4313/66/104 4596/154/104
f 4341/87/104 4603/155/104 4597/156/104 4311/83/104
f 4596/157/136 4599/158/136 4592/158/136 4606/157/136
f 4601/123/103 4600/123/103 4594/123/103 4595/123/103
f 4603/123/103 4602/123/103 4605/123/103 4604/123/103
f 4313/66/103 4314/65/103 4599/158/103 4596/157/103
f 4605/153/137 4606/154/137 4607/156/137 4604/155/137
f 4593/72/103 4607/71/103 4606/157/103 4592/158/103
f 4597/156/101 4603/155/101 4604/155/101 4607/156/101
f 4602/153/105 4596/154/105 4606/154/105 4605/153/105
f 4599/76/105 4601/75/105 4595/75/105 4592/76/105
f 4600/67/101 4598/70/101 4593/70/101 4594/67/101
f 4598/72/138 4597/71/138 4607/71/138 4593/72/138
f 4620/102/131 4623/101/131 4632/101/131 4633/102/131
f 4611/109/127 4613/74/127 4637/74/127 4638/109/127
f 4615/80/129 4617/73/129 4635/73/129 4636/80/129
f 4613/74/128 4615/80/128 4636/80/128 4637/74/128
f 4623/121/125 4608/119/125 4639/119/125 4632/121/125
f 4617/73/130 4618/104/130 4634/104/130 4635/73/130
f 4618/104/132 4620/102/132 4633/102/132 4634/104/132
f 4623/137/105 4620/138/105 4618/139/105 4617/140/105 4615/141/105 4613/142/105 4611/143/105 4608/144/105
f 4609/137/105 4610/138/105 4612/139/105 4614/140/105 4616/141/105 4619/142/105 4621/143/105 4622/144/105
f 4612/104/132 4610/102/132 4625/102/132 4626/104/132
f 4614/73/130 4612/104/130 4626/104/130 4627/73/130
f 4609/121/125 4622/119/125 4631/119/125 4624/121/125
f 4619/74/128 4616/80/128 4628/80/128 4629/74/128
f 4616/80/129 4614/73/129 4627/73/129 4628/80/129
f 4621/109/127 4619/74/127 4629/74/127 4630/109/127
f 4610/102/131 4609/101/131 4624/101/131 4625/102/131
f 4622/119/126 4621/109/126 4630/109/126 4631/119/126
f 4629/74/101 4628/80/101 4627/73/101 4626/104/101 4625/102/101 4624/121/101 4631/119/101 4630/109/101
f 4608/119/126 4611/109/126 4638/109/126 4639/119/126
f 4637/74/101 4636/80/101 4635/73/101 4634/104/101 4633/102/101 4632/121/101 4639/119/101 4638/109/101
f 4641/85/105 4640/97/105 4644/97/105 4645/85/105
f 4651/132/101 4649/131/101 4643/65/101 4642/66/101
f 4648/133/104 4651/132/104 4642/66/104 4640/83/104
f 4649/131/102 4650/130/102 4641/69/102 4643/65/102
f 4647/66/103 4646/65/103 4645/73/103 4644/74/103
f 4640/83/139 4642/66/139 4647/66/139 4644/83/139
f 4643/65/140 4641/69/140 4645/69/140 4646/65/140
f 4642/66/101 4643/65/101 4646/65/101 4647/66/101
f 4640/97/105 4641/85/105 4650/129/105 4648/128/105
f 4401/133/103 4407/133/103 4403/132/103 4408/131/103
f 4343/63/101 4654/66/101 4655/65/101 4344/64/101
f 4600/67/102 4899/70/102 4653/69/102 4342/68/102
f 4898/71/124 4652/74/124 4653/73/124 4899/72/124
f 4344/64/102 4655/65/102 4900/76/102 4601/75/102
f 4756/77/101 4755/79/101 4659/65/101 4663/78/101
f 4755/79/124 4754/80/124 4657/73/124 4659/65/124
f 4660/81/104 4656/83/104 4658/66/104 4662/82/104
f 4661/84/105 4667/84/105 4666/85/105 4657/85/105
f 4340/64/102 4663/78/102 4661/86/102 4338/68/102
f 4337/87/104 4660/81/104 4662/82/104 4339/63/104
f 4450/88/101 4756/77/101 4663/78/101 4340/64/101
f 4656/74/124 4719/74/124 4757/80/124 4754/80/124
f 4664/78/102 4665/65/102 4666/69/102 4667/86/102
f 4663/78/107 4664/78/107 4667/86/107 4661/86/107
f 4659/65/101 4665/65/101 4664/78/101 4663/78/101
f 4657/73/106 4666/73/106 4665/65/106 4659/65/106
f 4674/89/105 4675/90/105 4669/85/105
f 4676/91/101 4677/79/101 4672/65/101
f 4677/79/141 4674/80/141 4669/73/141 4672/65/141
f 4670/92/104 4668/83/104 4671/66/104 4673/93/104
f 4676/91/102 4672/65/102 4669/69/102 4675/94/102
f 4671/66/142 4668/74/142 4674/80/142 4677/79/142
f 4673/93/101 4671/66/101 4677/79/101 4676/95/101
f 4670/96/143 4673/93/143 4676/95/143 4675/90/143
f 4668/97/105 4670/96/105 4675/90/105 4674/89/105
f 4657/85/111 4720/85/111 4721/84/111 4661/84/111
f 4652/97/112 4341/99/112 4342/98/112 4653/85/112
f 4698/100/113 4699/103/113 4679/102/113 4678/101/113
f 4699/103/114 4700/105/114 4680/104/114 4679/102/114
f 4700/105/115 4701/106/115 4681/73/115 4680/104/115
f 4701/106/116 4702/107/116 4682/80/116 4681/73/116
f 4702/107/117 4703/108/117 4683/74/117 4682/80/117
f 4703/108/118 4704/110/118 4684/109/118 4683/74/118
f 4679/111/124 4680/118/124 4681/117/124 4682/116/124 4683/115/124 4684/114/124 4685/113/124 4678/112/124
f 4704/110/119 4705/120/119 4685/119/119 4684/109/119
f 4705/120/120 4698/122/120 4678/121/120 4685/119/120
f 4687/92/121 4686/83/121 4688/66/121 4690/93/121
f 4687/92/122 4692/92/122 4693/83/122 4686/83/122
f 4692/92/104 4694/92/104 4695/83/104 4693/83/104
f 4691/91/123 4696/91/123 4697/65/123 4689/65/123
f 4690/93/103 4696/91/103 4691/91/103
f 4689/65/124 4697/65/124 4688/66/124
f 4704/110/124 4711/110/124 4712/120/124 4705/120/124
f 4705/120/124 4712/120/124 4713/122/124 4698/122/124
f 4698/100/124 4713/100/124 4706/103/124 4699/103/124
f 4699/103/124 4706/103/124 4707/105/124 4700/105/124
f 4700/105/124 4707/105/124 4708/106/124 4701/106/124
f 4398/92/120 4385/124/120 4713/122/120 4712/120/120
f 4396/125/119 4398/92/119 4712/120/119 4711/110/119
f 4394/93/118 4396/125/118 4711/110/118 4710/108/118
f 4392/95/117 4394/93/117 4710/108/117 4709/107/117
f 4390/91/116 4392/95/116 4709/107/116 4708/106/116
f 4388/126/115 4390/91/115 4708/106/115 4707/105/115
f 4386/94/114 4388/126/114 4707/105/114 4706/103/114
f 4385/127/113 4386/94/113 4706/103/113 4713/100/113
f 4703/108/124 4710/108/124 4711/110/124 4704/110/124
f 4702/107/124 4709/107/124 4710/108/124 4703/108/124
f 4701/106/124 4708/106/124 4709/107/124 4702/107/124
f 4716/128/105 4406/99/105 4402/98/105 4714/129/105
f 4405/64/102 4717/131/102 4714/130/102 4402/68/102
f 4406/87/104 4716/133/104 4715/132/104 4404/63/104
f 4404/63/101 4715/132/101 4717/131/101 4405/64/101
f 4757/89/105 4758/134/105 4721/84/105 4720/85/105
f 4758/134/105 4453/135/105 4414/98/105 4721/84/105
f 4754/80/124 4757/80/124 4720/73/124 4657/73/124
f 4661/86/111 4721/86/111 4414/68/111 4338/68/111
f 4337/87/104 4412/87/104 4718/81/104 4660/81/104
f 4660/81/104 4718/81/104 4719/83/104 4656/83/104
f 4749/74/101 4742/74/101 4745/73/101 4748/73/101
f 4738/92/128 4725/124/128 4724/121/128 4739/119/128
f 4752/94/105 4744/94/105 4743/91/105 4753/91/105
f 4736/125/127 4738/92/127 4739/119/127 4737/109/127
f 4722/91/104 4860/91/104 4862/91/104 4742/91/104
f 4734/93/126 4736/125/126 4737/109/126 4735/74/126
f 4746/97/102 4748/96/102 4752/136/102 4750/85/102
f 4732/95/125 4734/93/125 4735/74/125 4733/80/125
f 4751/96/104 4753/93/104 4749/91/104 4747/136/104
f 4730/91/131 4732/95/131 4733/80/131 4731/73/131
f 4748/96/102 4745/96/102 4744/136/102 4752/136/102
f 4728/126/132 4730/91/132 4731/73/132 4729/104/132
f 4746/97/102 4865/97/102 4863/96/102 4748/96/102
f 4751/65/105 4870/65/105 4869/69/105 4750/69/105
f 4725/127/129 4726/94/129 4727/102/129 4724/101/129
f 4753/91/105 4751/65/105 4750/69/105 4752/94/105
f 4726/94/130 4728/126/130 4729/104/130 4727/102/130
f 4725/137/105 4738/144/105 4736/143/105 4734/142/105 4732/141/105 4730/140/105 4728/139/105 4726/138/105
f 4719/74/124 4760/74/124 4762/80/124 4757/80/124
f 4339/63/101 4662/82/101 4756/77/101 4450/88/101
f 4658/66/124 4656/74/124 4754/80/124 4755/79/124
f 4662/82/101 4658/66/101 4755/79/101 4756/77/101
f 4759/145/105 4456/146/105 4458/135/105 4761/134/105
f 4760/97/105 4759/145/105 4761/134/105 4762/89/105
f 4757/89/133 4762/89/133 4761/134/133 4758/134/133
f 4412/87/104 4456/87/104 4759/81/104 4718/81/104
f 4718/81/104 4759/81/104 4760/83/104 4719/83/104
f 4758/134/133 4761/134/133 4458/135/133 4453/135/133
f 4771/147/124 4778/147/124 4775/148/124 4772/148/124
f 4765/96/103 4769/93/103 4770/91/103 4766/136/103
f 4767/66/124 4763/74/124 4764/73/124 4768/65/124
f 4771/149/104 4763/83/104 4767/66/104 4773/150/104
f 4774/151/102 4768/65/102 4764/69/102 4772/152/102
f 4770/91/102 4774/151/102 4772/152/102 4766/94/102
f 4765/92/104 4771/149/104 4773/150/104 4769/93/104
f 4763/97/105 4771/147/105 4772/148/105 4764/85/105
f 4778/147/105 4777/96/105 4776/136/105 4775/148/105
f 4766/136/103 4776/136/103 4777/96/103 4765/96/103
f 4765/92/104 4777/92/104 4778/149/104 4771/149/104
f 4772/152/102 4775/152/102 4776/94/102 4766/94/102
f 4793/92/128 4780/124/128 4779/121/128 4794/119/128
f 4791/125/127 4793/92/127 4794/119/127 4792/109/127
f 4789/93/126 4791/125/126 4792/109/126 4790/74/126
f 4787/95/125 4789/93/125 4790/74/125 4788/80/125
f 4785/91/131 4787/95/131 4788/80/131 4786/73/131
f 4783/126/132 4785/91/132 4786/73/132 4784/104/132
f 4780/127/129 4781/94/129 4782/102/129 4779/101/129
f 4781/94/130 4783/126/130 4784/104/130 4782/102/130
f 4780/137/105 4793/144/105 4791/143/105 4789/142/105 4787/141/105 4785/140/105 4783/139/105 4781/138/105
f 4809/137/105 4796/144/105 4798/143/105 4800/142/105 4802/141/105 4804/140/105 4806/139/105 4808/138/105
f 4808/94/130 4806/126/130 4805/104/130 4807/102/130
f 4809/127/129 4808/94/129 4807/102/129 4810/101/129
f 4806/126/132 4804/91/132 4803/73/132 4805/104/132
f 4804/91/131 4802/95/131 4801/80/131 4803/73/131
f 4802/95/125 4800/93/125 4799/74/125 4801/80/125
f 4800/93/126 4798/125/126 4797/109/126 4799/74/126
f 4798/125/127 4796/92/127 4795/119/127 4797/109/127
f 4796/92/128 4809/124/128 4810/121/128 4795/119/128
f 4825/137/105 4812/144/105 4814/143/105 4816/142/105 4818/141/105 4820/140/105 4822/139/105 4824/138/105
f 4824/94/130 4822/126/130 4821/104/130 4823/102/130
f 4825/127/129 4824/94/129 4823/102/129 4826/101/129
f 4822/126/132 4820/91/132 4819/73/132 4821/104/132
f 4820/91/131 4818/95/131 4817/80/131 4819/73/131
f 4818/95/125 4816/93/125 4815/74/125 4817/80/125
f 4816/93/126 4814/125/126 4813/109/126 4815/74/126
f 4814/125/127 4812/92/127 4811/119/127 4813/109/127
f 4812/92/128 4825/124/128 4826/121/128 4811/119/128
f 4841/92/128 4828/124/128 4827/121/128 4842/119/128
f 4839/125/127 4841/92/127 4842/119/127 4840/109/127
f 4837/93/126 4839/125/126 4840/109/126 4838/74/126
f 4835/95/125 4837/93/125 4838/74/125 4836/80/125
f 4833/91/131 4835/95/131 4836/80/131 4834/73/131
f 4831/126/132 4833/91/132 4834/73/132 4832/104/132
f 4828/127/129 4829/94/129 4830/102/129 4827/101/129
f 4829/94/130 4831/126/130 4832/104/130 4830/102/130
f 4828/137/105 4841/144/105 4839/143/105 4837/142/105 4835/141/105 4833/140/105 4831/139/105 4829/138/105
f 4857/137/105 4844/144/105 4846/143/105 4848/142/105 4850/141/105 4852/140/105 4854/139/105 4856/138/105
f 4856/94/130 4854/126/130 4853/104/130 4855/102/130
f 4857/127/129 4856/94/129 4855/102/129 4858/101/129
f 4854/126/132 4852/91/132 4851/73/132 4853/104/132
f 4852/91/131 4850/95/131 4849/80/131 4851/73/131
f 4850/95/125 4848/93/125 4847/74/125 4849/80/125
f 4848/93/126 4846/125/126 4845/109/126 4847/74/126
f 4846/125/127 4844/92/127 4843/119/127 4845/109/127
f 4844/92/128 4857/124/128 4858/121/128 4843/119/128
f 4753/93/104 4743/93/104 4742/91/104 4749/91/104
f 4722/93/124 4741/66/124 4740/65/124 4723/91/124
f 4744/94/105 4740/94/105 4741/91/105 4743/91/105
f 4745/96/102 4723/96/102 4740/136/102 4744/136/102
f 4743/93/104 4741/93/104 4722/91/104 4742/91/104
f 4862/74/101 4860/74/101 4859/73/101 4861/73/101
f 4866/66/101 4864/74/101 4863/73/101 4865/65/101
f 4748/73/124 4863/73/124 4864/74/124 4749/74/124
f 4742/74/103 4862/74/103 4861/73/103 4745/73/103
f 4749/91/104 4864/91/104 4866/136/104 4747/136/104
f 4723/91/124 4859/91/124 4860/93/124 4722/93/124
f 4745/96/102 4861/96/102 4859/96/102 4723/96/102
f 4747/83/103 4866/83/103 4865/66/103 4746/66/103
f 4870/92/103 4868/83/103 4867/66/103 4869/93/103
f 4750/85/102 4869/85/102 4867/97/102 4746/97/102
f 4747/136/104 4868/136/104 4870/96/104 4751/96/104
f 4746/66/101 4867/66/101 4868/83/101 4747/83/101
f 4871/97/144 4873/96/144 4874/136/144 4872/85/144
f 4883/66/124 4879/74/124 4880/73/124 4884/65/124
f 4879/97/144 4881/96/144 4882/136/144 4880/85/144
f 4875/66/124 4871/74/124 4872/73/124 4876/65/124
f 4873/92/104 4871/83/104 4875/66/104 4877/93/104
f 4878/91/102 4876/65/102 4872/69/102 4874/94/102
f 4881/92/104 4879/83/104 4883/66/104 4885/93/104
f 4886/91/102 4884/65/102 4880/69/102 4882/94/102
f 4891/66/124 4887/74/124 4888/73/124 4892/65/124
f 4887/97/144 4889/96/144 4890/136/144 4888/85/144
f 4889/92/104 4887/83/104 4891/66/104 4893/93/104
f 4894/91/102 4892/65/102 4888/69/102 4890/94/102
f 4594/67/145 4595/75/145 4895/76/145 4896/70/145
f 4602/153/104 4897/154/104 4654/66/104 4343/63/104
f 4341/87/104 4652/83/104 4898/156/104 4603/155/104
f 4897/157/146 4901/157/146 4895/158/146 4900/158/146
f 4654/66/124 4897/157/124 4900/158/124 4655/65/124
f 4605/153/147 4604/155/147 4902/156/147 4901/154/147
f 4896/72/124 4895/158/124 4901/157/124 4902/71/124
f 4898/156/101 4902/156/101 4604/155/101 4603/155/101
f 4602/153/105 4605/153/105 4901/154/105 4897/154/105
f 4900/76/105 4895/76/105 4595/75/105 4601/75/105
f 4600/67/101 4594/67/101 4896/70/101 4899/70/101
f 4899/72/148 4896/72/148 4902/71/148 4898/71/148
f 4915/102/129 4928/102/129 4927/101/129 4918/101/129
f 4906/109/126 4933/109/126 4932/74/126 4908/74/126
f 4910/80/131 4931/80/131 4930/73/131 4912/73/131
f 4908/74/125 4932/74/125 4931/80/125 4910/80/125
f 4918/121/128 4927/121/128 4934/119/128 4903/119/128
f 4912/73/132 4930/73/132 4929/104/132 4913/104/132
f 4913/104/130 4929/104/130 4928/102/130 4915/102/130
f 4918/137/105 4903/144/105 4906/143/105 4908/142/105 4910/141/105 4912/140/105 4913/139/105 4915/138/105
f 4904/137/105 4917/144/105 4916/143/105 4914/142/105 4911/141/105 4909/140/105 4907/139/105 4905/138/105
f 4907/104/130 4921/104/130 4920/102/130 4905/102/130
f 4909/73/132 4922/73/132 4921/104/132 4907/104/132
f 4904/121/128 4919/121/128 4926/119/128 4917/119/128
f 4914/74/125 4924/74/125 4923/80/125 4911/80/125
f 4911/80/131 4923/80/131 4922/73/131 4909/73/131
f 4916/109/126 4925/109/126 4924/74/126 4914/74/126
f 4905/102/129 4920/102/129 4919/101/129 4904/101/129
f 4917/119/127 4926/119/127 4925/109/127 4916/109/127
f 4924/74/101 4925/109/101 4926/119/101 4919/121/101 4920/102/101 4921/104/101 4922/73/101 4923/80/101
f 4903/119/127 4934/119/127 4933/109/127 4906/109/127
f 4932/74/101 4933/109/101 4934/119/101 4927/121/101 4928/102/101 4929/104/101 4930/73/101 4931/80/101
f 4936/85/105 4940/85/105 4939/97/105 4935/97/105
f 4946/132/101 4937/66/101 4938/65/101 4944/131/101
f 4943/133/104 4935/83/104 4937/66/104 4946/132/104
f 4944/131/102 4938/65/102 4936/69/102 4945/130/102
f 4942/66/124 4939/74/124 4940/73/124 4941/65/124
f 4935/83/149 4939/83/149 4942/66/149 4937/66/149
f 4938/65/150 4941/65/150 4940/69/150 4936/69/150
f 4937/66/101 4942/66/101 4941/65/101 4938/65/101
f 4935/97/105 4943/128/105 4945/129/105 4936/85/105
f 4714/133/124 4717/131/124 4715/132/124 4716/133/124
f 4985/123/151 4984/123/151 4967/123/151 4968/123/151
f 4981/123/152 4980/123/152 4969/123/152 4970/123/152
f 4984/123/153 4978/123/153 4966/123/153 4967/123/153
f 4980/123/154 4985/123/154 4968/123/154 4969/123/154
f 4991/123/155 4966/123/155 4978/123/155 4994/123/155
f 5001/123/101 5007/123/101 5014/123/101 4973/123/101
f 4965/123/105 5018/123/105 5009/123/105 5006/123/105
f 4972/123/156 5021/123/156 5022/123/156 4963/123/156
f 4960/123/157 5025/123/157 5026/123/157 4975/123/157
f 4970/123/158 4988/123/158 4995/123/158 4981/123/158
f 4966/123/101 4991/123/101 4990/123/101 4967/123/101
f 4954/123/105 4962/123/105 4997/123/105 4955/123/105
f 4967/123/101 4990/123/101 4989/123/101 4968/123/101
f 4955/123/105 4997/123/105 4996/123/105 4956/123/105
f 4968/123/101 4989/123/101 4987/123/101 4969/123/101
f 4952/123/105 4993/123/105 4964/123/105 4953/123/105
f 4981/123/158 4995/123/158 4992/123/158 4982/123/158
f 4994/123/155 4978/123/155 4977/123/155 5000/123/155
f 4982/123/158 4992/123/158 4993/123/158 4952/123/158
f 4969/123/101 4987/123/101 4988/123/101 4970/123/101
f 4953/123/105 4964/123/105 4962/123/105 4954/123/105
f 5000/123/155 4977/123/155 4956/123/155 4996/123/155
f 4958/123/101 5016/123/101 5007/123/101 5001/123/101
f 5002/123/159 5004/123/159 5003/123/159 4959/123/159
f 4951/123/101 5020/123/101 5010/123/101 4948/123/101
f 5005/123/160 4957/123/160 4994/123/160 5000/123/160
f 4963/123/105 5022/123/105 5013/123/105 4999/123/105
f 4992/123/161 4995/123/161 5004/123/161 5002/123/161
f 4971/123/105 5024/123/105 5011/123/105 4974/123/105
f 4959/123/162 5003/123/162 4957/123/162 5005/123/162
f 4953/123/154 4954/123/154 4986/123/154 4979/123/154
f 4979/123/154 4986/123/154 4985/123/154 4980/123/154
f 4955/123/153 4956/123/153 4977/123/153 4983/123/153
f 4983/123/153 4977/123/153 4978/123/153 4984/123/153
f 4952/123/152 4953/123/152 4979/123/152 4982/123/152
f 4982/123/152 4979/123/152 4980/123/152 4981/123/152
f 4954/123/151 4955/123/151 4983/123/151 4986/123/151
f 4986/123/151 4983/123/151 4984/123/151 4985/123/151
f 4949/123/161 4988/123/161 4987/123/161 4950/123/161
f 4950/123/159 4987/123/159 4989/123/159 4947/123/159
f 4947/123/162 4989/123/162 4990/123/162 4948/123/162
f 4948/123/160 4990/123/160 4991/123/160 4951/123/160
f 4963/123/161 4993/123/161 4992/123/161 4972/123/161
f 4951/123/160 4991/123/160 4994/123/160 4976/123/160
f 4971/123/161 4995/123/161 4988/123/161 4949/123/161
f 4960/123/160 4996/123/160 4997/123/160 4961/123/160
f 4961/123/162 4997/123/162 4962/123/162 4998/123/162
f 4998/123/159 4962/123/159 4964/123/159 4999/123/159
f 4999/123/161 4964/123/161 4993/123/161 4963/123/161
f 4975/123/160 5000/123/160 4996/123/160 4960/123/160
f 4973/123/159 5002/123/159 4959/123/159 5001/123/159
f 4965/123/159 5003/123/159 5004/123/159 4974/123/159
f 4958/123/160 5005/123/160 5000/123/160 4975/123/160
f 4976/123/160 4994/123/160 4957/123/160 5006/123/160
f 4972/123/161 4992/123/161 5002/123/161 4973/123/161
f 4974/123/161 5004/123/161 4995/123/161 4971/123/161
f 5001/123/162 4959/123/162 5005/123/162 4958/123/162
f 5006/123/162 4957/123/162 5003/123/162 4965/123/162
f 5018/123/162 5017/123/162 5010/123/162 5009/123/162
f 5024/123/163 5019/123/163 5012/123/163 5011/123/163
f 5009/123/164 5010/123/164 5020/123/164 5023/123/164
f 5011/123/165 5012/123/165 5017/123/165 5018/123/165
f 5013/123/165 5014/123/165 5007/123/165 5008/123/165
f 5015/123/164 5016/123/164 5026/123/164 5025/123/164
f 5022/123/163 5021/123/163 5014/123/163 5013/123/163
f 5008/123/162 5007/123/162 5016/123/162 5015/123/162
f 4976/123/157 5023/123/157 5020/123/157 4951/123/157
f 4974/123/105 5011/123/105 5018/123/105 4965/123/105
f 4949/123/156 5019/123/156 5024/123/156 4971/123/156
f 4975/123/101 5026/123/101 5016/123/101 4958/123/101
f 4961/123/105 5015/123/105 5025/123/105 4960/123/105
f 4950/123/101 5012/123/101 5019/123/101 4949/123/101
f 5006/123/105 5009/123/105 5023/123/105 4976/123/105
f 4998/123/105 5008/123/105 5015/123/105 4961/123/105
f 4947/123/101 5017/123/101 5012/123/101 4950/123/101
f 4973/123/101 5014/123/101 5021/123/101 4972/123/101
f 4999/123/105 5013/123/105 5008/123/105 4998/123/105
f 4948/123/101 5010/123/101 5017/123/101 4947/123/101
f 5033/102/129 5036/102/129 5035/101/129 5034/101/129
f 5028/109/126 5041/109/126 5040/74/126 5029/74/126
f 5030/80/131 5039/80/131 5038/73/131 5031/73/131
f 5029/74/125 5040/74/125 5039/80/125 5030/80/125
f 5034/121/128 5035/121/128 5042/119/128 5027/119/128
f 5031/73/132 5038/73/132 5037/104/132 5032/104/132
f 5032/104/130 5037/104/130 5036/102/130 5033/102/130
f 5034/137/105 5027/144/105 5028/143/105 5029/142/105 5030/141/105 5031/140/105 5032/139/105 5033/138/105
f 5027/119/127 5042/119/127 5041/109/127 5028/109/127
f 5040/74/101 5041/109/101 5042/119/101 5035/121/101 5036/102/101 5037/104/101 5038/73/101 5039/80/101
f 5043/97/105 5045/96/105 5046/136/105 5044/85/105
f 5045/96/166 5049/93/166 5050/91/166 5046/136/166
f 5049/93/101 5047/66/101 5048/65/101 5050/91/101
f 5047/66/167 5043/74/167 5044/73/167 5048/65/167
f 5045/92/168 5043/83/168 5047/66/168 5049/93/168
f 5057/102/129 5060/102/129 5059/101/129 5058/101/129
f 5052/109/126 5065/109/126 5064/74/126 5053/74/126
f 5054/80/131 5063/80/131 5062/73/131 5055/73/131
f 5053/74/125 5064/74/125 5063/80/125 5054/80/125
f 5058/121/128 5059/121/128 5066/119/128 5051/119/128
f 5055/73/132 5062/73/132 5061/104/132 5056/104/132
f 5056/104/130 5061/104/130 5060/102/130 5057/102/130
f 5058/137/105 5051/144/105 5052/143/105 5053/142/105 5054/141/105 5055/140/105 5056/139/105 5057/138/105
f 5051/119/127 5066/119/127 5065/109/127 5052/109/127
f 5064/74/101 5065/109/101 5066/119/101 5059/121/101 5060/102/101 5061/104/101 5062/73/101 5063/80/101
f 5073/102/129 5076/102/129 5075/101/129 5074/101/129
f 5068/109/126 5081/109/126 5080/74/126 5069/74/126
f 5070/80/131 5079/80/131 5078/73/131 5071/73/131
f 5069/74/125 5080/74/125 5079/80/125 5070/80/125
f 5074/121/128 5075/121/128 5082/119/128 5067/119/128
f 5071/73/132 5078/73/132 5077/104/132 5072/104/132
f 5072/104/130 5077/104/130 5076/102/130 5073/102/130
f 5074/137/105 5067/144/105 5068/143/105 5069/142/105 5070/141/105 5071/140/105 5072/139/105 5073/138/105
f 5067/119/127 5082/119/127 5081/109/127 5068/109/127
f 5080/74/101 5081/109/101 5082/119/101 5075/121/101 5076/102/101 5077/104/101 5078/73/101 5079/80/101
f 5107/97/103 5110/97/103 5109/97/103
f 5110/97/103 5108/97/103 5109/97/103
f 5111/96/124 5114/96/124 5113/96/124
f 5114/96/124 5112/96/124 5113/96/124
f 5163/97/124 5166/97/124 5165/97/124
f 5166/97/124 5164/97/124 5165/97/124
f 5167/96/103 5170/96/103 5169/96/103
f 5170/96/103 5168/96/103 5169/96/103
f 5101/159/169 5090/160/169 5091/92/169 5103/161/169
f 5103/161/170 5091/162/170 5089/163/170 5102/164/170
f 5092/165/171 5105/166/171 5106/167/171 5094/94/171
f 5094/168/172 5106/167/172 5104/169/172 5093/170/172
f 5083/171/173 5096/172/173 5097/173/173 5085/83/173
f 5085/74/174 5097/173/174 5095/174/174 5084/175/174
f 5098/176/175 5087/177/175 5088/69/175 5100/178/175
f 5100/178/176 5088/73/176 5086/179/176 5099/180/176
f 5107/181/177 5112/182/177 5114/94/177 5110/69/177
f 5110/97/178 5114/96/178 5111/96/178 5108/97/178
f 5133/159/169 5122/160/169 5123/92/169 5135/161/169
f 5135/161/179 5123/162/179 5121/163/179 5134/164/179
f 5124/165/171 5137/166/171 5138/167/171 5126/94/171
f 5126/168/172 5138/167/172 5136/169/172 5125/183/172
f 5115/171/173 5128/172/173 5129/173/173 5117/83/173
f 5117/74/174 5129/173/174 5127/174/174 5116/175/174
f 5130/176/175 5119/177/175 5120/69/175 5132/178/175
f 5132/178/180 5120/73/180 5118/179/180 5131/180/180
f 5157/164/181 5146/163/181 5147/162/181 5159/161/181
f 5159/161/182 5147/92/182 5145/160/182 5158/159/182
f 5148/183/183 5161/184/183 5162/167/183 5150/185/183
f 5150/94/184 5162/167/184 5160/166/184 5149/165/184
f 5139/175/185 5152/174/185 5153/186/185 5141/74/185
f 5141/83/186 5153/186/186 5151/172/186 5140/171/186
f 5154/187/187 5143/188/187 5144/73/187 5156/189/187
f 5156/189/188 5144/69/188 5142/177/188 5155/176/188
f 5163/97/178 5168/96/178 5170/96/178 5166/97/178
f 5166/69/177 5170/94/177 5167/190/177 5164/191/177
f 5189/164/189 5178/163/189 5179/162/189 5191/161/189
f 5191/161/182 5179/92/182 5177/160/182 5190/159/182
f 5180/183/183 5193/169/183 5194/167/183 5182/185/183
f 5182/94/184 5194/167/184 5192/166/184 5181/165/184
f 5171/175/185 5184/174/185 5185/186/185 5173/74/185
f 5173/83/186 5185/186/186 5183/172/186 5172/171/186
f 5186/187/190 5175/188/190 5176/73/190 5188/189/190
f 5188/189/188 5176/69/188 5174/177/188 5187/176/188
f 5213/192/191 5202/193/191 5203/194/191 5215/195/191
f 5215/195/192 5203/92/192 5201/196/192 5214/197/192
f 5204/198/193 5217/199/193 5218/200/193 5206/201/193
f 5206/94/194 5218/200/194 5216/202/194 5205/203/194
f 5195/204/195 5208/205/195 5209/206/195 5197/74/195
f 5197/83/196 5209/206/196 5207/172/196 5196/207/196
f 5210/208/197 5199/209/197 5200/73/197 5212/210/197
f 5212/210/198 5200/69/198 5198/211/198 5211/212/198
f 5237/192/191 5226/193/191 5227/194/191 5239/195/191
f 5239/195/192 5227/92/192 5225/196/192 5238/197/192
f 5228/213/193 5241/199/193 5242/200/193 5230/201/193
f 5230/94/194 5242/200/194 5240/202/194 5229/203/194
f 5219/204/195 5232/205/195 5233/206/195 5221/74/195
f 5221/83/196 5233/206/196 5231/172/196 5220/207/196
f 5234/208/197 5223/209/197 5224/73/197 5236/210/197
f 5236/210/198 5224/69/198 5222/211/198 5235/212/198
f 5090/160/199 5101/159/199 5096/172/199 5083/171/199
f 5083/214/105 5085/215/105 5084/216/105 5086/217/105 5088/218/105 5087/219/105 5092/220/105 5094/168/105 5093/170/105 5089/163/105 5091/162/105 5090/221/105
f 5095/174/200 5099/180/200 5086/179/200 5084/175/200
f 5105/166/201 5092/165/201 5087/177/201 5098/176/201
f 5089/163/202 5093/170/202 5104/169/202 5102/164/202
f 5101/159/101 5103/161/101 5102/164/101 5104/169/101 5106/167/101 5105/166/101 5098/176/101 5100/178/101 5099/180/101 5095/174/101 5097/173/101 5096/172/101
f 4365/74/103 5109/74/103 5108/74/103 4374/74/103 4372/74/103
f 4367/66/103 4368/65/103 5107/222/103 5109/223/103 4365/74/103
f 5108/97/112 5111/96/112 4373/96/112 4374/97/112
f 4370/91/203 5112/182/203 5107/181/203 4368/65/203
f 5111/96/124 5113/96/124 4366/96/124 4371/96/124 4373/96/124
f 4366/96/124 5113/224/124 5112/225/124 4370/91/124 4369/93/124
f 5122/160/199 5133/159/199 5128/172/199 5115/171/199
f 5115/214/105 5117/215/105 5116/216/105 5118/217/105 5120/218/105 5119/219/105 5124/220/105 5126/168/105 5125/183/105 5121/163/105 5123/162/105 5122/221/105
f 5127/174/200 5131/180/200 5118/179/200 5116/175/200
f 5137/166/201 5124/165/201 5119/177/201 5130/176/201
f 5121/163/202 5125/183/202 5136/169/202 5134/164/202
f 5133/159/101 5135/161/101 5134/164/101 5136/169/101 5138/167/101 5137/166/101 5130/176/101 5132/178/101 5131/180/101 5127/174/101 5129/173/101 5128/172/101
f 5145/160/204 5140/171/204 5151/172/204 5158/159/204
f 5139/216/105 5141/215/105 5140/214/105 5145/221/105 5147/162/105 5146/163/105 5148/183/105 5150/185/105 5149/220/105 5142/219/105 5144/226/105 5143/217/105
f 5152/174/205 5139/175/205 5143/188/205 5154/187/205
f 5160/166/206 5155/176/206 5142/177/206 5149/165/206
f 5146/163/207 5157/164/207 5161/184/207 5148/183/207
f 5157/164/101 5159/161/101 5158/159/101 5151/172/101 5153/186/101 5152/174/101 5154/187/101 5156/189/101 5155/176/101 5160/166/101 5162/167/101 5161/184/101
f 4686/74/124 4693/74/124 4695/74/124 5163/74/124 5165/74/124
f 4691/91/203 4689/65/203 5164/191/203 5167/190/203
f 4688/66/124 4686/74/124 5165/227/124 5164/222/124 4689/65/124
f 5163/97/112 4695/97/112 4694/96/112 5168/96/112
f 4687/96/103 4690/93/103 4691/91/103 5167/225/103 5169/228/103
f 5169/96/103 5168/96/103 4694/96/103 4692/96/103 4687/96/103
f 5177/160/204 5172/171/204 5183/172/204 5190/159/204
f 5171/216/105 5173/215/105 5172/214/105 5177/221/105 5179/162/105 5178/163/105 5180/183/105 5182/185/105 5181/220/105 5174/219/105 5176/226/105 5175/217/105
f 5184/174/205 5171/175/205 5175/188/205 5186/187/205
f 5192/166/206 5187/176/206 5174/177/206 5181/165/206
f 5178/163/207 5189/164/207 5193/169/207 5180/183/207
f 5189/164/101 5191/161/101 5190/159/101 5183/172/101 5185/186/101 5184/174/101 5186/187/101 5188/189/101 5187/176/101 5192/166/101 5194/167/101 5193/169/101
f 5201/196/208 5196/207/208 5207/172/208 5214/197/208
f 5195/229/105 5197/230/105 5196/214/105 5201/231/105 5203/194/105 5202/193/105 5204/198/105 5206/201/105 5205/232/105 5198/233/105 5200/234/105 5199/235/105
f 5208/205/209 5195/204/209 5199/209/209 5210/208/209
f 5216/202/210 5211/212/210 5198/211/210 5205/203/210
f 5202/193/211 5213/192/211 5217/199/211 5204/198/211
f 5213/192/101 5215/195/101 5214/197/101 5207/172/101 5209/206/101 5208/205/101 5210/208/101 5212/210/101 5211/212/101 5216/202/101 5218/200/101 5217/199/101
f 5225/196/208 5220/207/208 5231/172/208 5238/197/208
f 5219/229/105 5221/230/105 5220/214/105 5225/231/105 5227/194/105 5226/193/105 5228/213/105 5230/201/105 5229/232/105 5222/233/105 5224/234/105 5223/235/105
f 5232/205/209 5219/204/209 5223/209/209 5234/208/209
f 5240/202/210 5235/212/210 5222/211/210 5229/203/210
f 5226/193/211 5237/192/211 5241/199/211 5228/213/211
f 5237/192/101 5239/195/101 5238/197/101 5231/172/101 5233/206/101 5232/205/101 5234/208/101 5236/210/101 5235/212/101 5240/202/101 5242/200/101 5241/199/101
f 5275/63/105 5245/66/105 5246/65/105 5276/64/105
f 5532/67/102 5530/70/102 5244/69/102 5274/68/102
f 5529/71/103 5243/74/103 5244/73/103 5530/72/103
f 5276/64/102 5246/65/102 5531/76/102 5533/75/102
f 5381/77/105 5380/79/105 5250/65/105 5254/78/105
f 5380/79/103 5379/80/103 5248/73/103 5250/65/103
f 5251/81/104 5247/83/104 5249/66/104 5253/82/104
f 5252/84/101 5258/84/101 5257/85/101 5248/85/101
f 5272/64/102 5254/78/102 5252/86/102 5270/68/102
f 5269/87/104 5251/81/104 5253/82/104 5271/63/104
f 5382/88/105 5381/77/105 5254/78/105 5272/64/105
f 5247/74/103 5342/74/103 5383/80/103 5379/80/103
f 5255/78/102 5256/65/102 5257/69/102 5258/86/102
f 5254/78/106 5255/78/106 5258/86/106 5252/86/106
f 5250/65/105 5256/65/105 5255/78/105 5254/78/105
f 5248/73/107 5257/73/107 5256/65/107 5250/65/107
f 5265/89/101 5266/90/101 5260/85/101
f 5267/91/105 5268/79/105 5263/65/105
f 5268/79/108 5265/80/108 5260/73/108 5263/65/108
f 5261/92/104 5259/83/104 5262/66/104 5264/93/104
f 5267/91/102 5263/65/102 5260/69/102 5266/94/102
f 5262/66/109 5259/74/109 5265/80/109 5268/79/109
f 5264/93/105 5262/66/105 5268/79/105 5267/95/105
f 5261/96/110 5264/93/110 5267/95/110 5266/90/110
f 5259/97/101 5261/96/101 5266/90/101 5265/89/101
f 5248/85/212 5343/85/212 5345/84/212 5252/84/212
f 5243/97/213 5273/99/213 5274/98/213 5244/85/213
f 5309/100/120 5310/103/120 5284/102/120 5282/101/120
f 5310/103/119 5311/105/119 5286/104/119 5284/102/119
f 5311/105/118 5312/106/118 5288/73/118 5286/104/118
f 5312/106/117 5313/107/117 5290/80/117 5288/73/117
f 5313/107/116 5314/108/116 5292/74/116 5290/80/116
f 5314/108/115 5315/110/115 5294/109/115 5292/74/115
f 5284/111/103 5286/118/103 5288/117/103 5290/116/103 5292/115/103 5294/114/103 5296/113/103 5282/112/103
f 5315/110/114 5316/120/114 5296/119/114 5294/109/114
f 5316/120/113 5309/122/113 5282/121/113 5296/119/113
f 5298/92/214 5297/83/214 5299/66/214 5301/93/214
f 5298/92/215 5303/92/215 5304/83/215 5297/83/215
f 5303/92/104 5305/92/104 5306/83/104 5304/83/104
f 5302/91/216 5307/91/216 5308/65/216 5300/65/216
f 5301/93/124 5307/91/124 5302/91/124
f 5300/65/103 5308/65/103 5299/66/103
f 5315/110/103 5329/110/103 5331/120/103 5316/120/103
f 5291/123/124 5326/123/124 5324/123/124 5289/123/124
f 5316/120/103 5331/120/103 5332/122/103 5309/122/103
f 5309/100/103 5332/100/103 5319/103/103 5310/103/103
f 5295/123/124 5330/123/124 5328/123/124 5293/123/124
f 5285/123/124 5320/123/124 5318/123/124 5283/123/124
f 5310/103/103 5319/103/103 5321/105/103 5311/105/103
f 5311/105/103 5321/105/103 5323/106/103 5312/106/103
f 5330/92/113 5317/124/113 5332/122/113 5331/120/113
f 5328/125/114 5330/92/114 5331/120/114 5329/110/114
f 5326/93/115 5328/125/115 5329/110/115 5327/108/115
f 5324/95/116 5326/93/116 5327/108/116 5325/107/116
f 5322/91/117 5324/95/117 5325/107/117 5323/106/117
f 5320/126/118 5322/91/118 5323/106/118 5321/105/118
f 5318/94/119 5320/126/119 5321/105/119 5319/103/119
f 5317/127/120 5318/94/120 5319/103/120 5332/100/120
f 5287/123/124 5322/123/124 5320/123/124 5285/123/124
f 5281/123/124 5317/123/124 5330/123/124 5295/123/124
f 5314/108/103 5327/108/103 5329/110/103 5315/110/103
f 5283/123/124 5318/123/124 5317/123/124 5281/123/124
f 5313/107/103 5325/107/103 5327/108/103 5314/108/103
f 5293/123/124 5328/123/124 5326/123/124 5291/123/124
f 5312/106/103 5323/106/103 5325/107/103 5313/107/103
f 5289/123/124 5324/123/124 5322/123/124 5287/123/124
f 5277/123/124 5338/123/124 5336/123/124 5279/123/124
f 5278/123/124 5334/123/124 5338/123/124 5277/123/124
f 5339/128/101 5338/99/101 5334/98/101 5333/129/101
f 5337/64/102 5340/131/102 5333/130/102 5334/68/102
f 5338/87/104 5339/133/104 5335/132/104 5336/63/104
f 5336/63/105 5335/132/105 5340/131/105 5337/64/105
f 5279/123/124 5336/123/124 5337/123/124 5280/123/124
f 5280/123/124 5337/123/124 5334/123/124 5278/123/124
f 5383/89/101 5384/134/101 5345/84/101 5343/85/101
f 5384/134/101 5385/135/101 5346/98/101 5345/84/101
f 5379/80/103 5383/80/103 5343/73/103 5248/73/103
f 5252/86/212 5345/86/212 5346/68/212 5270/68/212
f 5269/87/104 5344/87/104 5341/81/104 5251/81/104
f 5251/81/104 5341/81/104 5342/83/104 5247/83/104
f 5374/74/105 5367/74/105 5370/73/105 5373/73/105
f 5363/92/125 5350/124/125 5349/121/125 5364/119/125
f 5377/94/101 5369/94/101 5368/91/101 5378/91/101
f 5361/125/126 5363/92/126 5364/119/126 5362/109/126
f 5347/91/104 5489/91/104 5491/91/104 5367/91/104
f 5359/93/127 5361/125/127 5362/109/127 5360/74/127
f 5371/97/102 5373/96/102 5377/136/102 5375/85/102
f 5357/95/128 5359/93/128 5360/74/128 5358/80/128
f 5376/96/104 5378/93/104 5374/91/104 5372/136/104
f 5355/91/129 5357/95/129 5358/80/129 5356/73/129
f 5373/96/102 5370/96/102 5369/136/102 5377/136/102
f 5353/126/130 5355/91/130 5356/73/130 5354/104/130
f 5371/97/102 5494/97/102 5492/96/102 5373/96/102
f 5376/65/101 5499/65/101 5498/69/101 5375/69/101
f 5350/127/131 5351/94/131 5352/102/131 5349/101/131
f 5378/91/101 5376/65/101 5375/69/101 5377/94/101
f 5351/94/132 5353/126/132 5354/104/132 5352/102/132
f 5350/137/101 5363/144/101 5361/143/101 5359/142/101 5357/141/101 5355/140/101 5353/139/101 5351/138/101
f 5385/123/124 5390/123/124 5388/123/124 5344/123/124
f 5342/74/103 5387/74/103 5391/80/103 5383/80/103
f 5271/63/105 5253/82/105 5381/77/105 5382/88/105
f 5249/66/103 5247/74/103 5379/80/103 5380/79/103
f 5253/82/105 5249/66/105 5380/79/105 5381/77/105
f 5386/145/101 5388/146/101 5390/135/101 5389/134/101
f 5387/97/101 5386/145/101 5389/134/101 5391/89/101
f 5383/89/217 5391/89/217 5389/134/217 5384/134/217
f 5344/87/104 5388/87/104 5386/81/104 5341/81/104
f 5341/81/104 5386/81/104 5387/83/104 5342/83/104
f 5384/134/217 5389/134/217 5390/135/217 5385/135/217
f 5400/147/103 5407/147/103 5404/148/103 5401/148/103
f 5394/96/124 5398/93/124 5399/91/124 5395/136/124
f 5396/66/103 5392/74/103 5393/73/103 5397/65/103
f 5400/149/104 5392/83/104 5396/66/104 5402/150/104
f 5403/151/102 5397/65/102 5393/69/102 5401/152/102
f 5399/91/102 5403/151/102 5401/152/102 5395/94/102
f 5394/92/104 5400/149/104 5402/150/104 5398/93/104
f 5392/97/101 5400/147/101 5401/148/101 5393/85/101
f 5407/147/101 5406/96/101 5405/136/101 5404/148/101
f 5395/136/124 5405/136/124 5406/96/124 5394/96/124
f 5394/92/104 5406/92/104 5407/149/104 5400/149/104
f 5401/152/102 5404/152/102 5405/94/102 5395/94/102
f 5422/92/125 5409/124/125 5408/121/125 5423/119/125
f 5420/125/126 5422/92/126 5423/119/126 5421/109/126
f 5418/93/127 5420/125/127 5421/109/127 5419/74/127
f 5416/95/128 5418/93/128 5419/74/128 5417/80/128
f 5414/91/129 5416/95/129 5417/80/129 5415/73/129
f 5412/126/130 5414/91/130 5415/73/130 5413/104/130
f 5409/127/131 5410/94/131 5411/102/131 5408/101/131
f 5410/94/132 5412/126/132 5413/104/132 5411/102/132
f 5409/137/101 5422/144/101 5420/143/101 5418/142/101 5416/141/101 5414/140/101 5412/139/101 5410/138/101
f 5438/137/101 5425/144/101 5427/143/101 5429/142/101 5431/141/101 5433/140/101 5435/139/101 5437/138/101
f 5437/94/132 5435/126/132 5434/104/132 5436/102/132
f 5438/127/131 5437/94/131 5436/102/131 5439/101/131
f 5435/126/130 5433/91/130 5432/73/130 5434/104/130
f 5433/91/129 5431/95/129 5430/80/129 5432/73/129
f 5431/95/128 5429/93/128 5428/74/128 5430/80/128
f 5429/93/127 5427/125/127 5426/109/127 5428/74/127
f 5427/125/126 5425/92/126 5424/119/126 5426/109/126
f 5425/92/125 5438/124/125 5439/121/125 5424/119/125
f 5454/137/101 5441/144/101 5443/143/101 5445/142/101 5447/141/101 5449/140/101 5451/139/101 5453/138/101
f 5453/94/132 5451/126/132 5450/104/132 5452/102/132
f 5454/127/131 5453/94/131 5452/102/131 5455/101/131
f 5451/126/130 5449/91/130 5448/73/130 5450/104/130
f 5449/91/129 5447/95/129 5446/80/129 5448/73/129
f 5447/95/128 5445/93/128 5444/74/128 5446/80/128
f 5445/93/127 5443/125/127 5442/109/127 5444/74/127
f 5443/125/126 5441/92/126 5440/119/126 5442/109/126
f 5441/92/125 5454/124/125 5455/121/125 5440/119/125
f 5470/92/125 5457/124/125 5456/121/125 5471/119/125
f 5468/125/126 5470/92/126 5471/119/126 5469/109/126
f 5466/93/127 5468/125/127 5469/109/127 5467/74/127
f 5464/95/128 5466/93/128 5467/74/128 5465/80/128
f 5462/91/129 5464/95/129 5465/80/129 5463/73/129
f 5460/126/130 5462/91/130 5463/73/130 5461/104/130
f 5457/127/131 5458/94/131 5459/102/131 5456/101/131
f 5458/94/132 5460/126/132 5461/104/132 5459/102/132
f 5457/137/101 5470/144/101 5468/143/101 5466/142/101 5464/141/101 5462/140/101 5460/139/101 5458/138/101
f 5486/137/101 5473/144/101 5475/143/101 5477/142/101 5479/141/101 5481/140/101 5483/139/101 5485/138/101
f 5485/94/132 5483/126/132 5482/104/132 5484/102/132
f 5486/127/131 5485/94/131 5484/102/131 5487/101/131
f 5483/126/130 5481/91/130 5480/73/130 5482/104/130
f 5481/91/129 5479/95/129 5478/80/129 5480/73/129
f 5479/95/128 5477/93/128 5476/74/128 5478/80/128
f 5477/93/127 5475/125/127 5474/109/127 5476/74/127
f 5475/125/126 5473/92/126 5472/119/126 5474/109/126
f 5473/92/125 5486/124/125 5487/121/125 5472/119/125
f 5378/93/104 5368/93/104 5367/91/104 5374/91/104
f 5347/93/103 5366/66/103 5365/65/103 5348/91/103
f 5369/94/101 5365/94/101 5366/91/101 5368/91/101
f 5370/96/102 5348/96/102 5365/136/102 5369/136/102
f 5368/93/104 5366/93/104 5347/91/104 5367/91/104
f 5491/74/105 5489/74/105 5488/73/105 5490/73/105
f 5495/66/105 5493/74/105 5492/73/105 5494/65/105
f 5373/73/103 5492/73/103 5493/74/103 5374/74/103
f 5367/74/124 5491/74/124 5490/73/124 5370/73/124
f 5374/91/104 5493/91/104 5495/136/104 5372/136/104
f 5348/91/103 5488/91/103 5489/93/103 5347/93/103
f 5370/96/102 5490/96/102 5488/96/102 5348/96/102
f 5372/83/124 5495/83/124 5494/66/124 5371/66/124
f 5499/92/124 5497/83/124 5496/66/124 5498/93/124
f 5375/85/102 5498/85/102 5496/97/102 5371/97/102
f 5372/136/104 5497/136/104 5499/96/104 5376/96/104
f 5371/66/105 5496/66/105 5497/83/105 5372/83/105
f 5500/97/218 5502/96/218 5503/136/218 5501/85/218
f 5512/66/103 5508/74/103 5509/73/103 5513/65/103
f 5508/97/218 5510/96/218 5511/136/218 5509/85/218
f 5504/66/103 5500/74/103 5501/73/103 5505/65/103
f 5502/92/104 5500/83/104 5504/66/104 5506/93/104
f 5507/91/102 5505/65/102 5501/69/102 5503/94/102
f 5510/92/104 5508/83/104 5512/66/104 5514/93/104
f 5515/91/102 5513/65/102 5509/69/102 5511/94/102
f 5520/66/103 5516/74/103 5517/73/103 5521/65/103
f 5516/97/218 5518/96/218 5519/136/218 5517/85/218
f 5518/92/104 5516/83/104 5520/66/104 5522/93/104
f 5523/91/102 5521/65/102 5517/69/102 5519/94/102
f 5526/67/219 5527/75/219 5524/76/219 5525/70/219
f 5534/153/104 5528/154/104 5245/66/104 5275/63/104
f 5273/87/104 5243/83/104 5529/156/104 5535/155/104
f 5528/157/220 5538/157/220 5524/158/220 5531/158/220
f 5533/123/103 5527/123/103 5526/123/103 5532/123/103
f 5535/123/103 5536/123/103 5537/123/103 5534/123/103
f 5245/66/103 5528/157/103 5531/158/103 5246/65/103
f 5537/153/221 5536/155/221 5539/156/221 5538/154/221
f 5525/72/103 5524/158/103 5538/157/103 5539/71/103
f 5529/156/105 5539/156/105 5536/155/105 5535/155/105
f 5534/153/101 5537/153/101 5538/154/101 5528/154/101
f 5531/76/101 5524/76/101 5527/75/101 5533/75/101
f 5532/67/105 5526/67/105 5525/70/105 5530/70/105
f 5530/72/222 5525/72/222 5539/71/222 5529/71/222
f 5552/102/131 5565/102/131 5564/101/131 5555/101/131
f 5543/109/127 5570/109/127 5569/74/127 5545/74/127
f 5547/80/129 5568/80/129 5567/73/129 5549/73/129
f 5545/74/128 5569/74/128 5568/80/128 5547/80/128
f 5555/121/125 5564/121/125 5571/119/125 5540/119/125
f 5549/73/130 5567/73/130 5566/104/130 5550/104/130
f 5550/104/132 5566/104/132 5565/102/132 5552/102/132
f 5555/137/101 5540/144/101 5543/143/101 5545/142/101 5547/141/101 5549/140/101 5550/139/101 5552/138/101
f 5541/137/101 5554/144/101 5553/143/101 5551/142/101 5548/141/101 5546/140/101 5544/139/101 5542/138/101
f 5544/104/132 5558/104/132 5557/102/132 5542/102/132
f 5546/73/130 5559/73/130 5558/104/130 5544/104/130
f 5541/121/125 5556/121/125 5563/119/125 5554/119/125
f 5551/74/128 5561/74/128 5560/80/128 5548/80/128
f 5548/80/129 5560/80/129 5559/73/129 5546/73/129
f 5553/109/127 5562/109/127 5561/74/127 5551/74/127
f 5542/102/131 5557/102/131 5556/101/131 5541/101/131
f 5554/119/126 5563/119/126 5562/109/126 5553/109/126
f 5561/74/105 5562/109/105 5563/119/105 5556/121/105 5557/102/105 5558/104/105 5559/73/105 5560/80/105
f 5540/119/126 5571/119/126 5570/109/126 5543/109/126
f 5569/74/105 5570/109/105 5571/119/105 5564/121/105 5565/102/105 5566/104/105 5567/73/105 5568/80/105
f 5573/85/101 5577/85/101 5576/97/101 5572/97/101
f 5583/132/105 5574/66/105 5575/65/105 5581/131/105
f 5580/133/104 5572/83/104 5574/66/104 5583/132/104
f 5581/131/102 5575/65/102 5573/69/102 5582/130/102
f 5579/66/103 5576/74/103 5577/73/103 5578/65/103
f 5572/83/139 5576/83/139 5579/66/139 5574/66/139
f 5575/65/140 5578/65/140 5577/69/140 5573/69/140
f 5574/66/105 5579/66/105 5578/65/105 5575/65/105
f 5572/97/101 5580/128/101 5582/129/101 5573/85/101
f 5333/133/103 5340/131/103 5335/132/103 5339/133/103
f 5275/63/105 5276/64/105 5587/65/105 5586/66/105
f 5532/67/102 5274/68/102 5585/69/102 5831/70/102
f 5830/71/124 5831/72/124 5585/73/124 5584/74/124
f 5276/64/102 5533/75/102 5832/76/102 5587/65/102
f 5688/77/105 5595/78/105 5591/65/105 5687/79/105
f 5687/79/124 5591/65/124 5589/73/124 5686/80/124
f 5592/81/104 5594/82/104 5590/66/104 5588/83/104
f 5593/84/101 5589/85/101 5598/85/101 5599/84/101
f 5272/64/102 5270/68/102 5593/86/102 5595/78/102
f 5269/87/104 5271/63/104 5594/82/104 5592/81/104
f 5382/88/105 5272/64/105 5595/78/105 5688/77/105
f 5588/74/124 5686/80/124 5689/80/124 5651/74/124
f 5596/78/102 5599/86/102 5598/69/102 5597/65/102
f 5595/78/107 5593/86/107 5599/86/107 5596/78/107
f 5591/65/105 5595/78/105 5596/78/105 5597/65/105
f 5589/73/106 5591/65/106 5597/65/106 5598/73/106
f 5606/89/101 5601/85/101 5607/90/101
f 5608/91/105 5604/65/105 5609/79/105
f 5609/79/141 5604/65/141 5601/73/141 5606/80/141
f 5602/92/104 5605/93/104 5603/66/104 5600/83/104
f 5608/91/102 5607/94/102 5601/69/102 5604/65/102
f 5603/66/142 5609/79/142 5606/80/142 5600/74/142
f 5605/93/105 5608/95/105 5609/79/105 5603/66/105
f 5602/96/143 5607/90/143 5608/95/143 5605/93/143
f 5600/97/101 5606/89/101 5607/90/101 5602/96/101
f 5589/85/212 5593/84/212 5653/84/212 5652/85/212
f 5584/97/213 5585/85/213 5274/98/213 5273/99/213
f 5630/100/120 5610/101/120 5611/102/120 5631/103/120
f 5631/103/119 5611/102/119 5612/104/119 5632/105/119
f 5632/105/118 5612/104/118 5613/73/118 5633/106/118
f 5633/106/117 5613/73/117 5614/80/117 5634/107/117
f 5634/107/116 5614/80/116 5615/74/116 5635/108/116
f 5635/108/115 5615/74/115 5616/109/115 5636/110/115
f 5611/111/124 5610/112/124 5617/113/124 5616/114/124 5615/115/124 5614/116/124 5613/117/124 5612/118/124
f 5636/110/114 5616/109/114 5617/119/114 5637/120/114
f 5637/120/113 5617/119/113 5610/121/113 5630/122/113
f 5619/92/214 5622/93/214 5620/66/214 5618/83/214
f 5619/92/215 5618/83/215 5625/83/215 5624/92/215
f 5624/92/104 5625/83/104 5627/83/104 5626/92/104
f 5623/91/216 5621/65/216 5629/65/216 5628/91/216
f 5622/93/103 5623/91/103 5628/91/103
f 5621/65/124 5620/66/124 5629/65/124
f 5636/110/124 5637/120/124 5644/120/124 5643/110/124
f 5637/120/124 5630/122/124 5645/122/124 5644/120/124
f 5630/100/124 5631/103/124 5638/103/124 5645/100/124
f 5631/103/124 5632/105/124 5639/105/124 5638/103/124
f 5632/105/124 5633/106/124 5640/106/124 5639/105/124
f 5330/92/113 5644/120/113 5645/122/113 5317/124/113
f 5328/125/114 5643/110/114 5644/120/114 5330/92/114
f 5326/93/115 5642/108/115 5643/110/115 5328/125/115
f 5324/95/116 5641/107/116 5642/108/116 5326/93/116
f 5322/91/117 5640/106/117 5641/107/117 5324/95/117
f 5320/126/118 5639/105/118 5640/106/118 5322/91/118
f 5318/94/119 5638/103/119 5639/105/119 5320/126/119
f 5317/127/120 5645/100/120 5638/103/120 5318/94/120
f 5635/108/124 5636/110/124 5643/110/124 5642/108/124
f 5634/107/124 5635/108/124 5642/108/124 5641/107/124
f 5633/106/124 5634/107/124 5641/107/124 5640/106/124
f 5648/128/101 5646/129/101 5334/98/101 5338/99/101
f 5337/64/102 5334/68/102 5646/130/102 5649/131/102
f 5338/87/104 5336/63/104 5647/132/104 5648/133/104
f 5336/63/105 5337/64/105 5649/131/105 5647/132/105
f 5689/89/101 5652/85/101 5653/84/101 5690/134/101
f 5690/134/101 5653/84/101 5346/98/101 5385/135/101
f 5686/80/124 5589/73/124 5652/73/124 5689/80/124
f 5593/86/212 5270/68/212 5346/68/212 5653/86/212
f 5269/87/104 5592/81/104 5650/81/104 5344/87/104
f 5592/81/104 5588/83/104 5651/83/104 5650/81/104
f 5681/74/105 5680/73/105 5677/73/105 5674/74/105
f 5670/92/128 5671/119/128 5656/121/128 5657/124/128
f 5684/94/101 5685/91/101 5675/91/101 5676/94/101
f 5668/125/127 5669/109/127 5671/119/127 5670/92/127
f 5654/91/104 5674/91/104 5794/91/104 5792/91/104
f 5666/93/126 5667/74/126 5669/109/126 5668/125/126
f 5678/97/102 5682/85/102 5684/136/102 5680/96/102
f 5664/95/125 5665/80/125 5667/74/125 5666/93/125
f 5683/96/104 5679/136/104 5681/91/104 5685/93/104
f 5662/91/131 5663/73/131 5665/80/131 5664/95/131
f 5680/96/102 5684/136/102 5676/136/102 5677/96/102
f 5660/126/132 5661/104/132 5663/73/132 5662/91/132
f 5678/97/102 5680/96/102 5795/96/102 5797/97/102
f 5683/65/101 5682/69/101 5801/69/101 5802/65/101
f 5657/127/129 5656/101/129 5659/102/129 5658/94/129
f 5685/91/101 5684/94/101 5682/69/101 5683/65/101
f 5658/94/130 5659/102/130 5661/104/130 5660/126/130
f 5657/137/101 5658/138/101 5660/139/101 5662/140/101 5664/141/101 5666/142/101 5668/143/101 5670/144/101
f 5651/74/124 5689/80/124 5694/80/124 5692/74/124
f 5271/63/105 5382/88/105 5688/77/105 5594/82/105
f 5590/66/124 5687/79/124 5686/80/124 5588/74/124
f 5594/82/105 5688/77/105 5687/79/105 5590/66/105
f 5691/145/101 5693/134/101 5390/135/101 5388/146/101
f 5692/97/101 5694/89/101 5693/134/101 5691/145/101
f 5689/89/217 5690/134/217 5693/134/217 5694/89/217
f 5344/87/104 5650/81/104 5691/81/104 5388/87/104
f 5650/81/104 5651/83/104 5692/83/104 5691/81/104
f 5690/134/217 5385/135/217 5390/135/217 5693/134/217
f 5703/147/124 5704/148/124 5707/148/124 5710/147/124
f 5697/96/103 5698/136/103 5702/91/103 5701/93/103
f 5699/66/124 5700/65/124 5696/73/124 5695/74/124
f 5703/149/104 5705/150/104 5699/66/104 5695/83/104
f 5706/151/102 5704/152/102 5696/69/102 5700/65/102
f 5702/91/102 5698/94/102 5704/152/102 5706/151/102
f 5697/92/104 5701/93/104 5705/150/104 5703/149/104
f 5695/97/101 5696/85/101 5704/148/101 5703/147/101
f 5710/147/101 5707/148/101 5708/136/101 5709/96/101
f 5698/136/103 5697/96/103 5709/96/103 5708/136/103
f 5697/92/104 5703/149/104 5710/149/104 5709/92/104
f 5704/152/102 5698/94/102 5708/94/102 5707/152/102
f 5725/92/128 5726/119/128 5711/121/128 5712/124/128
f 5723/125/127 5724/109/127 5726/119/127 5725/92/127
f 5721/93/126 5722/74/126 5724/109/126 5723/125/126
f 5719/95/125 5720/80/125 5722/74/125 5721/93/125
f 5717/91/131 5718/73/131 5720/80/131 5719/95/131
f 5715/126/132 5716/104/132 5718/73/132 5717/91/132
f 5712/127/129 5711/101/129 5714/102/129 5713/94/129
f 5713/94/130 5714/102/130 5716/104/130 5715/126/130
f 5712/137/101 5713/138/101 5715/139/101 5717/140/101 5719/141/101 5721/142/101 5723/143/101 5725/144/101
f 5741/137/101 5740/138/101 5738/139/101 5736/140/101 5734/141/101 5732/142/101 5730/143/101 5728/144/101
f 5740/94/130 5739/102/130 5737/104/130 5738/126/130
f 5741/127/129 5742/101/129 5739/102/129 5740/94/129
f 5738/126/132 5737/104/132 5735/73/132 5736/91/132
f 5736/91/131 5735/73/131 5733/80/131 5734/95/131
f 5734/95/125 5733/80/125 5731/74/125 5732/93/125
f 5732/93/126 5731/74/126 5729/109/126 5730/125/126
f 5730/125/127 5729/109/127 5727/119/127 5728/92/127
f 5728/92/128 5727/119/128 5742/121/128 5741/124/128
f 5757/137/101 5756/138/101 5754/139/101 5752/140/101 5750/141/101 5748/142/101 5746/143/101 5744/144/101
f 5756/94/130 5755/102/130 5753/104/130 5754/126/130
f 5757/127/129 5758/101/129 5755/102/129 5756/94/129
f 5754/126/132 5753/104/132 5751/73/132 5752/91/132
f 5752/91/131 5751/73/131 5749/80/131 5750/95/131
f 5750/95/125 5749/80/125 5747/74/125 5748/93/125
f 5748/93/126 5747/74/126 5745/109/126 5746/125/126
f 5746/125/127 5745/109/127 5743/119/127 5744/92/127
f 5744/92/128 5743/119/128 5758/121/128 5757/124/128
f 5773/92/128 5774/119/128 5759/121/128 5760/124/128
f 5771/125/127 5772/109/127 5774/119/127 5773/92/127
f 5769/93/126 5770/74/126 5772/109/126 5771/125/126
f 5767/95/125 5768/80/125 5770/74/125 5769/93/125
f 5765/91/131 5766/73/131 5768/80/131 5767/95/131
f 5763/126/132 5764/104/132 5766/73/132 5765/91/132
f 5760/127/129 5759/101/129 5762/102/129 5761/94/129
f 5761/94/130 5762/102/130 5764/104/130 5763/126/130
f 5760/137/101 5761/138/101 5763/139/101 5765/140/101 5767/141/101 5769/142/101 5771/143/101 5773/144/101
f 5789/137/101 5788/138/101 5786/139/101 5784/140/101 5782/141/101 5780/142/101 5778/143/101 5776/144/101
f 5788/94/130 5787/102/130 5785/104/130 5786/126/130
f 5789/127/129 5790/101/129 5787/102/129 5788/94/129
f 5786/126/132 5785/104/132 5783/73/132 5784/91/132
f 5784/91/131 5783/73/131 5781/80/131 5782/95/131
f 5782/95/125 5781/80/125 5779/74/125 5780/93/125
f 5780/93/126 5779/74/126 5777/109/126 5778/125/126
f 5778/125/127 5777/109/127 5775/119/127 5776/92/127
f 5776/92/128 5775/119/128 5790/121/128 5789/124/128
f 5685/93/104 5681/91/104 5674/91/104 5675/93/104
f 5654/93/124 5655/91/124 5672/65/124 5673/66/124
f 5676/94/101 5675/91/101 5673/91/101 5672/94/101
f 5677/96/102 5676/136/102 5672/136/102 5655/96/102
f 5675/93/104 5674/91/104 5654/91/104 5673/93/104
f 5794/74/105 5793/73/105 5791/73/105 5792/74/105
f 5798/66/105 5797/65/105 5795/73/105 5796/74/105
f 5680/73/124 5681/74/124 5796/74/124 5795/73/124
f 5674/74/103 5677/73/103 5793/73/103 5794/74/103
f 5681/91/104 5679/136/104 5798/136/104 5796/91/104
f 5655/91/124 5654/93/124 5792/93/124 5791/91/124
f 5677/96/102 5655/96/102 5791/96/102 5793/96/102
f 5679/83/103 5678/66/103 5797/66/103 5798/83/103
f 5802/92/103 5801/93/103 5799/66/103 5800/83/103
f 5682/85/102 5678/97/102 5799/97/102 5801/85/102
f 5679/136/104 5683/96/104 5802/96/104 5800/136/104
f 5678/66/105 5679/83/105 5800/83/105 5799/66/105
f 5803/97/223 5804/85/223 5806/136/223 5805/96/223
f 5815/66/124 5816/65/124 5812/73/124 5811/74/124
f 5811/97/223 5812/85/223 5814/136/223 5813/96/223
f 5807/66/124 5808/65/124 5804/73/124 5803/74/124
f 5805/92/104 5809/93/104 5807/66/104 5803/83/104
f 5810/91/102 5806/94/102 5804/69/102 5808/65/102
f 5813/92/104 5817/93/104 5815/66/104 5811/83/104
f 5818/91/102 5814/94/102 5812/69/102 5816/65/102
f 5823/66/124 5824/65/124 5820/73/124 5819/74/124
f 5819/97/223 5820/85/223 5822/136/223 5821/96/223
f 5821/92/104 5825/93/104 5823/66/104 5819/83/104
f 5826/91/102 5822/94/102 5820/69/102 5824/65/102
f 5526/67/224 5828/70/224 5827/76/224 5527/75/224
f 5534/153/104 5275/63/104 5586/66/104 5829/154/104
f 5273/87/104 5535/155/104 5830/156/104 5584/83/104
f 5829/157/225 5832/158/225 5827/158/225 5833/157/225
f 5586/66/124 5587/65/124 5832/158/124 5829/157/124
f 5537/153/226 5833/154/226 5834/156/226 5536/155/226
f 5828/72/124 5834/71/124 5833/157/124 5827/158/124
f 5830/156/105 5535/155/105 5536/155/105 5834/156/105
f 5534/153/101 5829/154/101 5833/154/101 5537/153/101
f 5832/76/101 5533/75/101 5527/75/101 5827/76/101
f 5532/67/105 5831/70/105 5828/70/105 5526/67/105
f 5831/72/227 5830/71/227 5834/71/227 5828/72/227
f 5847/102/129 5850/101/129 5859/101/129 5860/102/129
f 5838/109/126 5840/74/126 5864/74/126 5865/109/126
f 5842/80/131 5844/73/131 5862/73/131 5863/80/131
f 5840/74/125 5842/80/125 5863/80/125 5864/74/125
f 5850/121/128 5835/119/128 5866/119/128 5859/121/128
f 5844/73/132 5845/104/132 5861/104/132 5862/73/132
f 5845/104/130 5847/102/130 5860/102/130 5861/104/130
f 5850/137/101 5847/138/101 5845/139/101 5844/140/101 5842/141/101 5840/142/101 5838/143/101 5835/144/101
f 5836/137/101 5837/138/101 5839/139/101 5841/140/101 5843/141/101 5846/142/101 5848/143/101 5849/144/101
f 5839/104/130 5837/102/130 5852/102/130 5853/104/130
f 5841/73/132 5839/104/132 5853/104/132 5854/73/132
f 5836/121/128 5849/119/128 5858/119/128 5851/121/128
f 5846/74/125 5843/80/125 5855/80/125 5856/74/125
f 5843/80/131 5841/73/131 5854/73/131 5855/80/131
f 5848/109/126 5846/74/126 5856/74/126 5857/109/126
f 5837/102/129 5836/101/129 5851/101/129 5852/102/129
f 5849/119/127 5848/109/127 5857/109/127 5858/119/127
f 5856/74/105 5855/80/105 5854/73/105 5853/104/105 5852/102/105 5851/121/105 5858/119/105 5857/109/105
f 5835/119/127 5838/109/127 5865/109/127 5866/119/127
f 5864/74/105 5863/80/105 5862/73/105 5861/104/105 5860/102/105 5859/121/105 5866/119/105 5865/109/105
f 5868/85/101 5867/97/101 5871/97/101 5872/85/101
f 5878/132/105 5876/131/105 5870/65/105 5869/66/105
f 5875/133/104 5878/132/104 5869/66/104 5867/83/104
f 5876/131/102 5877/130/102 5868/69/102 5870/65/102
f 5874/66/124 5873/65/124 5872/73/124 5871/74/124
f 5867/83/149 5869/66/149 5874/66/149 5871/83/149
f 5870/65/150 5868/69/150 5872/69/150 5873/65/150
f 5869/66/105 5870/65/105 5873/65/105 5874/66/105
f 5867/97/101 5868/85/101 5877/129/101 5875/128/101
f 5646/133/124 5648/133/124 5647/132/124 5649/131/124
f 5917/123/151 5900/123/151 5899/123/151 5916/123/151
f 5913/123/152 5902/123/152 5901/123/152 5912/123/152
f 5916/123/153 5899/123/153 5898/123/153 5910/123/153
f 5912/123/154 5901/123/154 5900/123/154 5917/123/154
f 5923/123/155 5926/123/155 5910/123/155 5898/123/155
f 5933/123/105 5905/123/105 5946/123/105 5939/123/105
f 5897/123/101 5938/123/101 5941/123/101 5950/123/101
f 5904/123/156 5895/123/156 5954/123/156 5953/123/156
f 5892/123/157 5907/123/157 5958/123/157 5957/123/157
f 5902/123/158 5913/123/158 5927/123/158 5920/123/158
f 5898/123/105 5899/123/105 5922/123/105 5923/123/105
f 5886/123/101 5887/123/101 5929/123/101 5894/123/101
f 5899/123/105 5900/123/105 5921/123/105 5922/123/105
f 5887/123/101 5888/123/101 5928/123/101 5929/123/101
f 5900/123/105 5901/123/105 5919/123/105 5921/123/105
f 5884/123/101 5885/123/101 5896/123/101 5925/123/101
f 5913/123/158 5914/123/158 5924/123/158 5927/123/158
f 5926/123/155 5932/123/155 5909/123/155 5910/123/155
f 5914/123/158 5884/123/158 5925/123/158 5924/123/158
f 5901/123/105 5902/123/105 5920/123/105 5919/123/105
f 5885/123/101 5886/123/101 5894/123/101 5896/123/101
f 5932/123/155 5928/123/155 5888/123/155 5909/123/155
f 5890/123/105 5933/123/105 5939/123/105 5948/123/105
f 5934/123/159 5891/123/159 5935/123/159 5936/123/159
f 5883/123/105 5880/123/105 5942/123/105 5952/123/105
f 5937/123/160 5932/123/160 5926/123/160 5889/123/160
f 5895/123/101 5931/123/101 5945/123/101 5954/123/101
f 5924/123/161 5934/123/161 5936/123/161 5927/123/161
f 5903/123/101 5906/123/101 5943/123/101 5956/123/101
f 5891/123/162 5937/123/162 5889/123/162 5935/123/162
f 5885/123/154 5911/123/154 5918/123/154 5886/123/154
f 5911/123/154 5912/123/154 5917/123/154 5918/123/154
f 5887/123/153 5915/123/153 5909/123/153 5888/123/153
f 5915/123/153 5916/123/153 5910/123/153 5909/123/153
f 5884/123/152 5914/123/152 5911/123/152 5885/123/152
f 5914/123/152 5913/123/152 5912/123/152 5911/123/152
f 5886/123/151 5918/123/151 5915/123/151 5887/123/151
f 5918/123/151 5917/123/151 5916/123/151 5915/123/151
f 5881/123/161 5882/123/161 5919/123/161 5920/123/161
f 5882/123/159 5879/123/159 5921/123/159 5919/123/159
f 5879/123/162 5880/123/162 5922/123/162 5921/123/162
f 5880/123/160 5883/123/160 5923/123/160 5922/123/160
f 5895/123/161 5904/123/161 5924/123/161 5925/123/161
f 5883/123/160 5908/123/160 5926/123/160 5923/123/160
f 5903/123/161 5881/123/161 5920/123/161 5927/123/161
f 5892/123/160 5893/123/160 5929/123/160 5928/123/160
f 5893/123/162 5930/123/162 5894/123/162 5929/123/162
f 5930/123/159 5931/123/159 5896/123/159 5894/123/159
f 5931/123/161 5895/123/161 5925/123/161 5896/123/161
f 5907/123/160 5892/123/160 5928/123/160 5932/123/160
f 5905/123/159 5933/123/159 5891/123/159 5934/123/159
f 5897/123/159 5906/123/159 5936/123/159 5935/123/159
f 5890/123/160 5907/123/160 5932/123/160 5937/123/160
f 5908/123/160 5938/123/160 5889/123/160 5926/123/160
f 5904/123/161 5905/123/161 5934/123/161 5924/123/161
f 5906/123/161 5903/123/161 5927/123/161 5936/123/161
f 5933/123/162 5890/123/162 5937/123/162 5891/123/162
f 5938/123/162 5897/123/162 5935/123/162 5889/123/162
f 5950/123/162 5941/123/162 5942/123/162 5949/123/162
f 5956/123/163 5943/123/163 5944/123/163 5951/123/163
f 5941/123/164 5955/123/164 5952/123/164 5942/123/164
f 5943/123/165 5950/123/165 5949/123/165 5944/123/165
f 5945/123/165 5940/123/165 5939/123/165 5946/123/165
f 5947/123/164 5957/123/164 5958/123/164 5948/123/164
f 5954/123/163 5945/123/163 5946/123/163 5953/123/163
f 5940/123/162 5947/123/162 5948/123/162 5939/123/162
f 5908/123/157 5883/123/157 5952/123/157 5955/123/157
f 5906/123/101 5897/123/101 5950/123/101 5943/123/101
f 5881/123/156 5903/123/156 5956/123/156 5951/123/156
f 5907/123/105 5890/123/105 5948/123/105 5958/123/105
f 5893/123/101 5892/123/101 5957/123/101 5947/123/101
f 5882/123/105 5881/123/105 5951/123/105 5944/123/105
f 5938/123/101 5908/123/101 5955/123/101 5941/123/101
f 5930/123/101 5893/123/101 5947/123/101 5940/123/101
f 5879/123/105 5882/123/105 5944/123/105 5949/123/105
f 5905/123/105 5904/123/105 5953/123/105 5946/123/105
f 5931/123/101 5930/123/101 5940/123/101 5945/123/101
f 5880/123/105 5879/123/105 5949/123/105 5942/123/105
f 5965/102/129 5966/101/129 5967/101/129 5968/102/129
f 5960/109/126 5961/74/126 5972/74/126 5973/109/126
f 5962/80/131 5963/73/131 5970/73/131 5971/80/131
f 5961/74/125 5962/80/125 5971/80/125 5972/74/125
f 5966/121/128 5959/119/128 5974/119/128 5967/121/128
f 5963/73/132 5964/104/132 5969/104/132 5970/73/132
f 5964/104/130 5965/102/130 5968/102/130 5969/104/130
f 5966/137/101 5965/138/101 5964/139/101 5963/140/101 5962/141/101 5961/142/101 5960/143/101 5959/144/101
f 5959/119/127 5960/109/127 5973/109/127 5974/119/127
f 5972/74/105 5971/80/105 5970/73/105 5969/104/105 5968/102/105 5967/121/105 5974/119/105 5973/109/105
f 5975/97/101 5976/85/101 5978/136/101 5977/96/101
f 5977/96/166 5978/136/166 5982/91/166 5981/93/166
f 5981/93/105 5982/91/105 5980/65/105 5979/66/105
f 5979/66/167 5980/65/167 5976/73/167 5975/74/167
f 5977/92/168 5981/93/168 5979/66/168 5975/83/168
f 5989/102/129 5990/101/129 5991/101/129 5992/102/129
f 5984/109/126 5985/74/126 5996/74/126 5997/109/126
f 5986/80/131 5987/73/131 5994/73/131 5995/80/131
f 5985/74/125 5986/80/125 5995/80/125 5996/74/125
f 5990/121/128 5983/119/128 5998/119/128 5991/121/128
f 5987/73/132 5988/104/132 5993/104/132 5994/73/132
f 5988/104/130 5989/102/130 5992/102/130 5993/104/130
f 5990/137/101 5989/138/101 5988/139/101 5987/140/101 5986/141/101 5985/142/101 5984/143/101 5983/144/101
f 5983/119/127 5984/109/127 5997/109/127 5998/119/127
f 5996/74/105 5995/80/105 5994/73/105 5993/104/105 5992/102/105 5991/121/105 5998/119/105 5997/109/105
f 6005/102/129 6006/101/129 6007/101/129 6008/102/129
f 6000/109/126 6001/74/126 6012/74/126 6013/109/126
f 6002/80/131 6003/73/131 6010/73/131 6011/80/131
f 6001/74/125 6002/80/125 6011/80/125 6012/74/125
f 6006/121/128 5999/119/128 6014/119/128 6007/121/128
f 6003/73/132 6004/104/132 6009/104/132 6010/73/132
f 6004/104/130 6005/102/130 6008/102/130 6009/104/130
f 6006/137/101 6005/138/101 6004/139/101 6003/140/101 6002/141/101 6001/142/101 6000/143/101 5999/144/101
f 5999/119/127 6000/109/127 6013/109/127 6014/119/127
f 6012/74/105 6011/80/105 6010/73/105 6009/104/105 6008/102/105 6007/121/105 6014/119/105 6013/109/105
f 6039/97/103 6041/97/103 6042/97/103
f 6042/97/103 6041/97/103 6040/97/103
f 6043/96/124 6045/96/124 6046/96/124
f 6046/96/124 6045/96/124 6044/96/124
f 6095/97/124 6097/97/124 6098/97/124
f 6098/97/124 6097/97/124 6096/97/124
f 6099/96/103 6101/96/103 6102/96/103
f 6102/96/103 6101/96/103 6100/96/103
f 6033/159/169 6035/161/169 6023/92/169 6022/160/169
f 6035/161/170 6034/164/170 6021/163/170 6023/162/170
f 6024/165/171 6026/94/171 6038/167/171 6037/166/171
f 6026/168/172 6025/170/172 6036/169/172 6038/167/172
f 6015/171/173 6017/83/173 6029/173/173 6028/172/173
f 6017/74/174 6016/175/174 6027/174/174 6029/173/174
f 6030/176/175 6032/178/175 6020/69/175 6019/177/175
f 6032/178/176 6031/180/176 6018/179/176 6020/73/176
f 6039/181/228 6042/69/228 6046/94/228 6044/182/228
f 6042/97/229 6040/97/229 6043/96/229 6046/96/229
f 6065/159/169 6067/161/169 6055/92/169 6054/160/169
f 6067/161/179 6066/164/179 6053/163/179 6055/162/179
f 6056/165/171 6058/94/171 6070/167/171 6069/166/171
f 6058/168/172 6057/183/172 6068/169/172 6070/167/172
f 6047/171/173 6049/83/173 6061/173/173 6060/172/173
f 6049/74/174 6048/175/174 6059/174/174 6061/173/174
f 6062/176/175 6064/178/175 6052/69/175 6051/177/175
f 6064/178/180 6063/180/180 6050/179/180 6052/73/180
f 6089/164/181 6091/161/181 6079/162/181 6078/163/181
f 6091/161/182 6090/159/182 6077/160/182 6079/92/182
f 6080/183/183 6082/185/183 6094/167/183 6093/184/183
f 6082/94/184 6081/165/184 6092/166/184 6094/167/184
f 6071/175/185 6073/74/185 6085/186/185 6084/174/185
f 6073/83/186 6072/171/186 6083/172/186 6085/186/186
f 6086/187/187 6088/189/187 6076/73/187 6075/188/187
f 6088/189/188 6087/176/188 6074/177/188 6076/69/188
f 6095/97/229 6098/97/229 6102/96/229 6100/96/229
f 6098/69/228 6096/191/228 6099/190/228 6102/94/228
f 6121/164/189 6123/161/189 6111/162/189 6110/163/189
f 6123/161/182 6122/159/182 6109/160/182 6111/92/182
f 6112/183/183 6114/185/183 6126/167/183 6125/169/183
f 6114/94/184 6113/165/184 6124/166/184 6126/167/184
f 6103/175/185 6105/74/185 6117/186/185 6116/174/185
f 6105/83/186 6104/171/186 6115/172/186 6117/186/186
f 6118/187/190 6120/189/190 6108/73/190 6107/188/190
f 6120/189/188 6119/176/188 6106/177/188 6108/69/188
f 6145/192/191 6147/195/191 6135/194/191 6134/193/191
f 6147/195/192 6146/197/192 6133/196/192 6135/92/192
f 6136/198/193 6138/201/193 6150/200/193 6149/199/193
f 6138/94/194 6137/203/194 6148/202/194 6150/200/194
f 6127/204/195 6129/74/195 6141/206/195 6140/205/195
f 6129/83/196 6128/207/196 6139/172/196 6141/206/196
f 6142/208/197 6144/210/197 6132/73/197 6131/209/197
f 6144/210/198 6143/212/198 6130/211/198 6132/69/198
f 6169/192/191 6171/195/191 6159/194/191 6158/193/191
f 6171/195/192 6170/197/192 6157/196/192 6159/92/192
f 6160/213/193 6162/201/193 6174/200/193 6173/199/193
f 6162/94/194 6161/203/194 6172/202/194 6174/200/194
f 6151/204/195 6153/74/195 6165/206/195 6164/205/195
f 6153/83/196 6152/207/196 6163/172/196 6165/206/196
f 6166/208/197 6168/210/197 6156/73/197 6155/209/197
f 6168/210/198 6167/212/198 6154/211/198 6156/69/198
f 6022/160/199 6015/171/199 6028/172/199 6033/159/199
f 6015/214/101 6022/221/101 6023/162/101 6021/163/101 6025/170/101 6026/168/101 6024/220/101 6019/219/101 6020/218/101 6018/217/101 6016/216/101 6017/215/101
f 6027/174/200 6016/175/200 6018/179/200 6031/180/200
f 6037/166/201 6030/176/201 6019/177/201 6024/165/201
f 6021/163/202 6034/164/202 6036/169/202 6025/170/202
f 6033/159/105 6028/172/105 6029/173/105 6027/174/105 6031/180/105 6032/178/105 6030/176/105 6037/166/105 6038/167/105 6036/169/105 6034/164/105 6035/161/105
f 5297/74/103 5304/74/103 5306/74/103 6040/74/103 6041/74/103
f 5299/66/103 5297/74/103 6041/223/103 6039/222/103 5300/65/103
f 6040/97/213 5306/97/213 5305/96/213 6043/96/213
f 5302/91/230 5300/65/230 6039/181/230 6044/182/230
f 6043/96/124 5305/96/124 5303/96/124 5298/96/124 6045/96/124
f 5298/96/124 5301/93/124 5302/91/124 6044/225/124 6045/224/124
f 6054/160/199 6047/171/199 6060/172/199 6065/159/199
f 6047/214/101 6054/221/101 6055/162/101 6053/163/101 6057/183/101 6058/168/101 6056/220/101 6051/219/101 6052/218/101 6050/217/101 6048/216/101 6049/215/101
f 6059/174/200 6048/175/200 6050/179/200 6063/180/200
f 6069/166/201 6062/176/201 6051/177/201 6056/165/201
f 6053/163/202 6066/164/202 6068/169/202 6057/183/202
f 6065/159/105 6060/172/105 6061/173/105 6059/174/105 6063/180/105 6064/178/105 6062/176/105 6069/166/105 6070/167/105 6068/169/105 6066/164/105 6067/161/105
f 6077/160/204 6090/159/204 6083/172/204 6072/171/204
f 6071/216/101 6075/217/101 6076/226/101 6074/219/101 6081/220/101 6082/185/101 6080/183/101 6078/163/101 6079/162/101 6077/221/101 6072/214/101 6073/215/101
f 6084/174/205 6086/187/205 6075/188/205 6071/175/205
f 6092/166/206 6081/165/206 6074/177/206 6087/176/206
f 6078/163/207 6080/183/207 6093/184/207 6089/164/207
f 6089/164/105 6093/184/105 6094/167/105 6092/166/105 6087/176/105 6088/189/105 6086/187/105 6084/174/105 6085/186/105 6083/172/105 6090/159/105 6091/161/105
f 5618/74/124 6097/74/124 6095/74/124 5627/74/124 5625/74/124
f 5623/91/230 6099/190/230 6096/191/230 5621/65/230
f 5620/66/124 5621/65/124 6096/222/124 6097/227/124 5618/74/124
f 6095/97/213 6100/96/213 5626/96/213 5627/97/213
f 5619/96/103 6101/228/103 6099/225/103 5623/91/103 5622/93/103
f 6101/96/103 5619/96/103 5624/96/103 5626/96/103 6100/96/103
f 6109/160/204 6122/159/204 6115/172/204 6104/171/204
f 6103/216/101 6107/217/101 6108/226/101 6106/219/101 6113/220/101 6114/185/101 6112/183/101 6110/163/101 6111/162/101 6109/221/101 6104/214/101 6105/215/101
f 6116/174/205 6118/187/205 6107/188/205 6103/175/205
f 6124/166/206 6113/165/206 6106/177/206 6119/176/206
f 6110/163/207 6112/183/207 6125/169/207 6121/164/207
f 6121/164/105 6125/169/105 6126/167/105 6124/166/105 6119/176/105 6120/189/105 6118/187/105 6116/174/105 6117/186/105 6115/172/105 6122/159/105 6123/161/105
f 6133/196/208 6146/197/208 6139/172/208 6128/207/208
f 6127/229/101 6131/235/101 6132/234/101 6130/233/101 6137/232/101 6138/201/101 6136/198/101 6134/193/101 6135/194/101 6133/231/101 6128/214/101 6129/230/101
f 6140/205/209 6142/208/209 6131/209/209 6127/204/209
f 6148/202/210 6137/203/210 6130/211/210 6143/212/210
f 6134/193/211 6136/198/211 6149/199/211 6145/192/211
f 6145/192/105 6149/199/105 6150/200/105 6148/202/105 6143/212/105 6144/210/105 6142/208/105 6140/205/105 6141/206/105 6139/172/105 6146/197/105 6147/195/105
f 6157/196/208 6170/197/208 6163/172/208 6152/207/208
f 6151/229/101 6155/235/101 6156/234/101 6154/233/101 6161/232/101 6162/201/101 6160/213/101 6158/193/101 6159/194/101 6157/231/101 6152/214/101 6153/230/101
f 6164/205/209 6166/208/209 6155/209/209 6151/204/209
f 6172/202/210 6161/203/210 6154/211/210 6167/212/210
f 6158/193/211 6160/213/211 6173/199/211 6169/192/211
f 6169/192/105 6173/199/105 6174/200/105 6172/202/105 6167/212/105 6168/210/105 6166/208/105 6164/205/105 6165/206/105 6163/172/105 6170/197/105 6171/195/105
o WheelFrame.010
v -1.068000 0.510000 2.090000
v -1.050000 0.690000 2.090000
v -0.910000 0.510000 2.090000
v -0.910000 0.690000 2.090000
v -0.900000 0.440000 2.180000
v -0.900000 0.500000 2.180000
v -0.840000 0.440000 2.180000
v -0.840000 0.500000 2.180000
v -0.900000 0.440000 2.110000
v -0.900000 0.500000 2.110000
v -0.840000 0.440000 2.110000
v -0.840000 0.500000 2.110000
v -0.840000 1.000000 2.070000
v -0.840000 1.000000 2.220000
v -0.900000 1.000000 2.220000
v -0.900000 1.000000 2.070000
v -0.970000 0.810000 2.340000
v -0.970000 1.000000 2.560000
v -0.970000 0.810000 2.320000
v -0.910000 0.810000 2.340000
v -0.910000 1.000000 2.560000
v -0.910000 0.810000 2.320000
v -0.970000 0.900000 2.500000
v -0.970000 1.000000 2.360000
v -0.910000 1.000000 2.360000
v -0.910000 0.900000 2.500000
v -0.900000 0.440000 2.000000
v -0.900000 0.500000 2.000000
v -0.840000 0.440000 2.000000
v -0.840000 0.500000 2.000000
v -1.068000 0.510000 2.000000
v -1.050000 0.690000 2.000000
v -0.910000 0.510000 2.000000
v -0.910000 0.690000 2.000000
v -0.970000 0.700000 2.000000
v -0.970000 0.820000 2.000000
v -0.910000 0.700000 2.000000
v -0.910000 0.820000 2.000000
v -1.030000 0.720000 2.000000
v -1.030000 0.720000 2.070000
v -1.019394 0.715607 2.000000
v -1.019394 0.715607 2.070000
v -1.015000 0.705000 2.000000
v -1.015000 0.705000 2.070000
v -1.019394 0.694393 2.000000
v -1.019394 0.694393 2.070000
v -1.030000 0.690000 2.000000
v -1.030000 0.690000 2.070000
v -1.040607 0.694393 2.000000
v -1.040607 0.694393 2.070000
v -1.045000 0.705000 2.000000
v -1.045000 0.705000 2.070000
v -1.040607 0.715607 2.000000
v -1.040607 0.715607 2.070000
v -1.049000 0.700000 2.050000
v -1.049000 0.700000 2.030000
v -1.031500 0.698000 2.050000
v -1.030500 0.723000 2.050000
v -1.031500 0.698000 2.030000
v -1.030500 0.723000 2.030000
v -1.057000 0.620000 2.030000
v -1.057000 0.620000 2.050000
v -1.067000 0.620000 2.030000
v -1.067000 0.620000 2.050000
v -1.020000 0.716000 2.030000
v -1.020000 0.716000 2.050000
v -1.030000 0.720000 2.028000
v -1.019394 0.715607 2.028000
v -1.015000 0.705000 2.028000
v -1.019394 0.694393 2.028000
v -1.030000 0.690000 2.028000
v -1.040607 0.694393 2.028000
v -1.045000 0.705000 2.028000
v -1.040607 0.715607 2.028000
v -1.030000 0.726580 2.000000
v -1.014741 0.720259 2.000000
v -1.014741 0.720259 2.028000
v -1.008420 0.705000 2.000000
v -1.008420 0.705000 2.028000
v -1.014741 0.689741 2.000000
v -1.014741 0.689741 2.028000
v -1.030000 0.683420 2.000000
v -1.030000 0.683420 2.028000
v -1.045259 0.689741 2.000000
v -1.045259 0.689741 2.028000
v -1.051580 0.705000 2.000000
v -1.051580 0.705000 2.028000
v -1.045259 0.720259 2.000000
v -1.045259 0.720259 2.028000
v -1.030000 0.726580 2.028000
v -0.977071 0.827071 2.040000
v -0.977071 0.827071 2.000000
v -0.902929 0.692929 2.040000
v -0.902929 0.692929 2.000000
v -0.902929 0.827071 2.000000
v -0.977071 0.692929 2.000000
v -0.977071 0.692929 2.040000
v -0.902929 0.827071 2.040000
v -0.910000 0.440000 2.110000
v -0.910000 0.440000 2.180000
v -0.910000 0.490000 2.180000
v -0.910000 0.440000 2.000000
v -0.910000 0.490000 2.110000
v -0.910000 0.490000 2.000000
v -0.920000 0.520000 2.125000
v -0.920000 0.680000 2.125000
v -0.910000 0.480000 2.152500
v -0.915000 0.480000 2.152500
v -0.915000 0.474697 2.154697
v -0.910000 0.474697 2.154697
v -0.915000 0.472500 2.160000
v -0.910000 0.472500 2.160000
v -0.915000 0.474697 2.165303
v -0.910000 0.474697 2.165303
v -0.915000 0.480000 2.167500
v -0.910000 0.480000 2.167500
v -0.915000 0.485303 2.165303
v -0.910000 0.485303 2.165303
v -0.915000 0.487500 2.160000
v -0.910000 0.487500 2.160000
v -0.915000 0.485303 2.154697
v -0.910000 0.485303 2.154697
v -0.930000 0.680000 2.125000
v -0.930000 0.520000 2.125000
v -0.920000 0.520000 2.120000
v -0.930000 0.520000 2.120000
v -0.930000 0.680000 2.120000
v -0.920000 0.680000 2.120000
v -0.920000 0.680000 2.105000
v -0.920000 0.520000 2.105000
v -0.920000 0.680000 2.110000
v -0.920000 0.520000 2.110000
v -0.930000 0.680000 2.105000
v -0.930000 0.520000 2.105000
v -0.930000 0.680000 2.110000
v -0.930000 0.520000 2.110000
v -0.900000 0.446000 2.180000
v -0.840000 0.446000 2.180000
v -0.840000 0.446000 2.110000
v -0.840000 0.446000 2.000000
v -0.910000 0.446000 2.180000
v -0.910000 0.446000 2.110000
v -0.910000 0.446000 2.000000
v -0.920000 0.440000 2.110000
v -0.920000 0.440000 2.180000
v -0.920000 0.440000 2.000000
v -0.920000 0.445000 2.110000
v -0.920000 0.445000 2.000000
v -0.920000 0.445000 2.180000
v -0.903750 0.530000 2.150000
v -0.903750 0.700000 2.150000
v -0.903750 0.530000 2.110000
v -0.903750 0.700000 2.110000
v -0.896250 0.530000 2.150000
v -0.896250 0.700000 2.150000
v -0.896250 0.530000 2.110000
v -0.896250 0.700000 2.110000
v -0.903750 0.530000 2.120000
v -0.903750 0.700000 2.120000
v -0.896250 0.530000 2.119000
v -0.896250 0.700000 2.119000
v -0.918750 0.700000 2.120000
v -0.918750 0.700000 2.110000
v -0.918750 0.530000 2.110000
v -0.918750 0.530000 2.120000
v -0.910000 0.590000 2.132500
v -0.915000 0.590000 2.132500
v -0.915000 0.584697 2.134697
v -0.910000 0.584697 2.134697
v -0.915000 0.582500 2.140000
v -0.910000 0.582500 2.140000
v -0.915000 0.584697 2.145303
v -0.910000 0.584697 2.145303
v -0.915000 0.590000 2.147500
v -0.910000 0.590000 2.147500
v -0.915000 0.595303 2.145303
v -0.910000 0.595303 2.145303
v -0.915000 0.597500 2.140000
v -0.910000 0.597500 2.140000
v -0.915000 0.595303 2.134697
v -0.910000 0.595303 2.134697
v -0.910000 0.555303 2.134697
v -0.915000 0.555303 2.134697
v -0.910000 0.557500 2.140000
v -0.915000 0.557500 2.140000
v -0.910000 0.555303 2.145303
v -0.915000 0.555303 2.145303
v -0.910000 0.550000 2.147500
v -0.915000 0.550000 2.147500
v -0.910000 0.544697 2.145303
v -0.915000 0.544697 2.145303
v -0.910000 0.542500 2.140000
v -0.915000 0.542500 2.140000
v -0.910000 0.544697 2.134697
v -0.915000 0.544697 2.134697
v -0.915000 0.550000 2.132500
v -0.910000 0.550000 2.132500
v -0.910000 0.645303 2.134697
v -0.915000 0.645303 2.134697
v -0.910000 0.647500 2.140000
v -0.915000 0.647500 2.140000
v -0.910000 0.645303 2.145303
v -0.915000 0.645303 2.145303
v -0.910000 0.640000 2.147500
v -0.915000 0.640000 2.147500
v -0.910000 0.634697 2.145303
v -0.915000 0.634697 2.145303
v -0.910000 0.632500 2.140000
v -0.915000 0.632500 2.140000
v -0.910000 0.634697 2.134697
v -0.915000 0.634697 2.134697
v -0.915000 0.640000 2.132500
v -0.910000 0.640000 2.132500
v -0.910000 0.680000 2.132500
v -0.915000 0.680000 2.132500
v -0.915000 0.674697 2.134697
v -0.910000 0.674697 2.134697
v -0.915000 0.672500 2.140000
v -0.910000 0.672500 2.140000
v -0.915000 0.674697 2.145303
v -0.910000 0.674697 2.145303
v -0.915000 0.680000 2.147500
v -0.910000 0.680000 2.147500
v -0.915000 0.685303 2.145303
v -0.910000 0.685303 2.145303
v -0.915000 0.687500 2.140000
v -0.910000 0.687500 2.140000
v -0.915000 0.685303 2.134697
v -0.910000 0.685303 2.134697
v -0.910000 0.485303 2.124697
v -0.915000 0.485303 2.124697
v -0.910000 0.487500 2.130000
v -0.915000 0.487500 2.130000
v -0.910000 0.485303 2.135303
v -0.915000 0.485303 2.135303
v -0.910000 0.480000 2.137500
v -0.915000 0.480000 2.137500
v -0.910000 0.474697 2.135303
v -0.915000 0.474697 2.135303
v -0.910000 0.472500 2.130000
v -0.915000 0.472500 2.130000
v -0.910000 0.474697 2.124697
v -0.915000 0.474697 2.124697
v -0.915000 0.480000 2.122500
v -0.910000 0.480000 2.122500
v -0.915000 0.680000 2.125000
v -0.915000 0.520000 2.125000
v -0.915000 0.680000 2.120000
v -0.915000 0.520000 2.120000
v -0.915000 0.680000 2.110000
v -0.915000 0.520000 2.110000
v -0.915000 0.680000 2.105000
v -0.915000 0.520000 2.105000
v -0.920000 0.680000 2.090000
v -0.920000 0.520000 2.090000
v -0.930000 0.680000 2.090000
v -0.930000 0.520000 2.090000
v -0.932000 0.670000 2.125000
v -0.932000 0.680000 2.125000
v -0.950000 0.670000 2.090000
v -0.950000 0.680000 2.090000
v -0.930000 0.670000 2.125000
v -0.930000 0.680000 2.125000
v -0.930000 0.670000 2.090000
v -0.930000 0.680000 2.090000
v -0.932000 0.520000 2.125000
v -0.932000 0.530000 2.125000
v -0.950000 0.520000 2.090000
v -0.950000 0.530000 2.090000
v -0.930000 0.520000 2.125000
v -0.930000 0.530000 2.125000
v -0.930000 0.520000 2.090000
v -0.930000 0.530000 2.090000
v -0.932000 0.595000 2.125000
v -0.932000 0.605000 2.125000
v -0.950000 0.595000 2.090000
v -0.950000 0.605000 2.090000
v -0.930000 0.595000 2.125000
v -0.930000 0.605000 2.125000
v -0.930000 0.595000 2.090000
v -0.930000 0.605000 2.090000
v -1.040998 0.688175 2.088291
v -1.043002 0.688288 2.088178
v -1.043002 0.687500 2.000000
v -1.040998 0.687500 2.000000
v -1.059098 0.510000 2.090000
v -1.061102 0.510000 2.090000
v -1.043002 0.690000 2.090000
v -1.040998 0.690000 2.090000
v -1.043002 0.690000 2.000000
v -1.040998 0.690000 2.000000
v -1.059098 0.510000 2.000000
v -1.061102 0.510000 2.000000
v -1.061102 0.512500 2.000000
v -1.059098 0.512500 2.000000
v -1.059098 0.511712 2.088178
v -1.061102 0.511825 2.088291
v -0.988000 0.827955 2.320045
v -0.988000 0.881000 2.281750
v -0.988000 0.873045 2.285045
v -0.988000 0.831250 2.328000
v -0.988000 0.869750 2.293000
v -0.988000 0.827955 2.335955
v -0.988000 0.873045 2.300955
v -0.988000 0.820000 2.339250
v -0.988000 0.881000 2.304250
v -0.988000 0.812045 2.335955
v -0.988000 0.808750 2.328000
v -0.988000 0.888955 2.300955
v -0.988000 0.812045 2.320045
v -0.988000 0.892250 2.293000
v -0.988000 0.888955 2.285045
v -0.988000 0.820000 2.316750
v -0.892000 0.881000 2.281750
v -0.892000 0.873045 2.285045
v -0.892000 0.869750 2.293000
v -0.892000 0.873045 2.300955
v -0.892000 0.881000 2.304250
v -0.892000 0.888955 2.300955
v -0.892000 0.892250 2.293000
v -0.892000 0.888955 2.285045
v -0.892000 0.820000 2.316750
v -0.892000 0.812045 2.320045
v -0.892000 0.808750 2.328000
v -0.892000 0.812045 2.335955
v -0.892000 0.820000 2.339250
v -0.892000 0.827955 2.335955
v -0.892000 0.831250 2.328000
v -0.892000 0.827955 2.320045
v -0.970000 0.700000 2.050000
v -0.970000 0.820000 2.050000
v -0.910000 0.700000 2.050000
v -0.910000 0.820000 2.050000
v -0.970000 0.830000 2.300000
v -0.970000 0.870000 2.300000
v -0.910000 0.870000 2.300000
v -0.910000 0.830000 2.300000
v -0.970000 0.700000 2.040000
v -0.910000 0.820000 2.040000
v -0.970000 0.820000 2.040000
v -0.910000 0.700000 2.040000
v -1.068000 0.510000 1.910000
v -1.050000 0.690000 1.910000
v -0.910000 0.510000 1.910000
v -0.910000 0.690000 1.910000
v -0.900000 0.440000 1.820000
v -0.900000 0.500000 1.820000
v -0.840000 0.440000 1.820000
v -0.840000 0.500000 1.820000
v -0.900000 0.440000 1.890000
v -0.900000 0.500000 1.890000
v -0.840000 0.440000 1.890000
v -0.840000 0.500000 1.890000
v -0.840000 1.000000 1.930000
v -0.840000 1.000000 1.780000
v -0.900000 1.000000 1.780000
v -0.900000 1.000000 1.930000
v -0.970000 0.810000 1.660000
v -0.970000 1.000000 1.440000
v -0.970000 0.810000 1.680000
v -0.910000 0.810000 1.660000
v -0.910000 1.000000 1.440000
v -0.910000 0.810000 1.680000
v -0.970000 0.900000 1.500000
v -0.970000 1.000000 1.640000
v -0.910000 1.000000 1.640000
v -0.910000 0.900000 1.500000
v -1.030000 0.720000 1.930000
v -1.019394 0.715607 1.930000
v -1.015000 0.705000 1.930000
v -1.019394 0.694393 1.930000
v -1.030000 0.690000 1.930000
v -1.040607 0.694393 1.930000
v -1.045000 0.705000 1.930000
v -1.040607 0.715607 1.930000
v -1.049000 0.700000 1.950000
v -1.049000 0.700000 1.970000
v -1.031500 0.698000 1.950000
v -1.030500 0.723000 1.950000
v -1.031500 0.698000 1.970000
v -1.030500 0.723000 1.970000
v -1.057000 0.620000 1.970000
v -1.057000 0.620000 1.950000
v -1.067000 0.620000 1.970000
v -1.067000 0.620000 1.950000
v -1.020000 0.716000 1.970000
v -1.020000 0.716000 1.950000
v -1.030000 0.720000 1.972000
v -1.019394 0.715607 1.972000
v -1.015000 0.705000 1.972000
v -1.019394 0.694393 1.972000
v -1.030000 0.690000 1.972000
v -1.040607 0.694393 1.972000
v -1.045000 0.705000 1.972000
v -1.040607 0.715607 1.972000
v -1.014741 0.720259 1.972000
v -1.008420 0.705000 1.972000
v -1.014741 0.689741 1.972000
v -1.030000 0.683420 1.972000
v -1.045259 0.689741 1.972000
v -1.051580 0.705000 1.972000
v -1.045259 0.720259 1.972000
v -1.030000 0.726580 1.972000
v -0.977071 0.827071 1.960000
v -0.902929 0.692929 1.960000
v -0.977071 0.692929 1.960000
v -0.902929 0.827071 1.960000
v -0.910000 0.440000 1.890000
v -0.910000 0.440000 1.820000
v -0.910000 0.490000 1.820000
v -0.910000 0.490000 1.890000
v -0.920000 0.520000 1.875000
v -0.920000 0.680000 1.875000
v -0.910000 0.480000 1.847500
v -0.915000 0.480000 1.847500
v -0.915000 0.474697 1.845303
v -0.910000 0.474697 1.845303
v -0.915000 0.472500 1.840000
v -0.910000 0.472500 1.840000
v -0.915000 0.474697 1.834697
v -0.910000 0.474697 1.834697
v -0.915000 0.480000 1.832500
v -0.910000 0.480000 1.832500
v -0.915000 0.485303 1.834697
v -0.910000 0.485303 1.834697
v -0.915000 0.487500 1.840000
v -0.910000 0.487500 1.840000
v -0.915000 0.485303 1.845303
v -0.910000 0.485303 1.845303
v -0.930000 0.680000 1.875000
v -0.930000 0.520000 1.875000
v -0.920000 0.520000 1.880000
v -0.930000 0.520000 1.880000
v -0.930000 0.680000 1.880000
v -0.920000 0.680000 1.880000
v -0.920000 0.680000 1.895000
v -0.920000 0.520000 1.895000
v -0.920000 0.680000 1.890000
v -0.920000 0.520000 1.890000
v -0.930000 0.680000 1.895000
v -0.930000 0.520000 1.895000
v -0.930000 0.680000 1.890000
v -0.930000 0.520000 1.890000
v -0.900000 0.446000 1.820000
v -0.840000 0.446000 1.820000
v -0.840000 0.446000 1.890000
v -0.910000 0.446000 1.820000
v -0.910000 0.446000 1.890000
v -0.920000 0.440000 1.890000
v -0.920000 0.440000 1.820000
v -0.920000 0.445000 1.890000
v -0.920000 0.445000 1.820000
v -0.903750 0.530000 1.850000
v -0.903750 0.700000 1.850000
v -0.903750 0.530000 1.890000
v -0.903750 0.700000 1.890000
v -0.896250 0.530000 1.850000
v -0.896250 0.700000 1.850000
v -0.896250 0.530000 1.890000
v -0.896250 0.700000 1.890000
v -0.903750 0.530000 1.880000
v -0.903750 0.700000 1.880000
v -0.896250 0.530000 1.881000
v -0.896250 0.700000 1.881000
v -0.918750 0.700000 1.880000
v -0.918750 0.700000 1.890000
v -0.918750 0.530000 1.890000
v -0.918750 0.530000 1.880000
v -0.910000 0.590000 1.867500
v -0.915000 0.590000 1.867500
v -0.915000 0.584697 1.865303
v -0.910000 0.584697 1.865303
v -0.915000 0.582500 1.860000
v -0.910000 0.582500 1.860000
v -0.915000 0.584697 1.854697
v -0.910000 0.584697 1.854697
v -0.915000 0.590000 1.852500
v -0.910000 0.590000 1.852500
v -0.915000 0.595303 1.854697
v -0.910000 0.595303 1.854697
v -0.915000 0.597500 1.860000
v -0.910000 0.597500 1.860000
v -0.915000 0.595303 1.865303
v -0.910000 0.595303 1.865303
v -0.910000 0.555303 1.865303
v -0.915000 0.555303 1.865303
v -0.910000 0.557500 1.860000
v -0.915000 0.557500 1.860000
v -0.910000 0.555303 1.854697
v -0.915000 0.555303 1.854697
v -0.910000 0.550000 1.852500
v -0.915000 0.550000 1.852500
v -0.910000 0.544697 1.854697
v -0.915000 0.544697 1.854697
v -0.910000 0.542500 1.860000
v -0.915000 0.542500 1.860000
v -0.910000 0.544697 1.865303
v -0.915000 0.544697 1.865303
v -0.915000 0.550000 1.867500
v -0.910000 0.550000 1.867500
v -0.910000 0.645303 1.865303
v -0.915000 0.645303 1.865303
v -0.910000 0.647500 1.860000
v -0.915000 0.647500 1.860000
v -0.910000 0.645303 1.854697
v -0.915000 0.645303 1.854697
v -0.910000 0.640000 1.852500
v -0.915000 0.640000 1.852500
v -0.910000 0.634697 1.854697
v -0.915000 0.634697 1.854697
v -0.910000 0.632500 1.860000
v -0.915000 0.632500 1.860000
v -0.910000 0.634697 1.865303
v -0.915000 0.634697 1.865303
v -0.915000 0.640000 1.867500
v -0.910000 0.640000 1.867500
v -0.910000 0.680000 1.867500
v -0.915000 0.680000 1.867500
v -0.915000 0.674697 1.865303
v -0.910000 0.674697 1.865303
v -0.915000 0.672500 1.860000
v -0.910000 0.672500 1.860000
v -0.915000 0.674697 1.854697
v -0.910000 0.674697 1.854697
v -0.915000 0.680000 1.852500
v -0.910000 0.680000 1.852500
v -0.915000 0.685303 1.854697
v -0.910000 0.685303 1.854697
v -0.915000 0.687500 1.860000
v -0.910000 0.687500 1.860000
v -0.915000 0.685303 1.865303
v -0.910000 0.685303 1.865303
v -0.910000 0.485303 1.875303
v -0.915000 0.485303 1.875303
v -0.910000 0.487500 1.870000
v -0.915000 0.487500 1.870000
v -0.910000 0.485303 1.864697
v -0.915000 0.485303 1.864697
v -0.910000 0.480000 1.862500
v -0.915000 0.480000 1.862500
v -0.910000 0.474697 1.864697
v -0.915000 0.474697 1.864697
v -0.910000 0.472500 1.870000
v -0.915000 0.472500 1.870000
v -0.910000 0.474697 1.875303
v -0.915000 0.474697 1.875303
v -0.915000 0.480000 1.877500
v -0.910000 0.480000 1.877500
v -0.915000 0.680000 1.875000
v -0.915000 0.520000 1.875000
v -0.915000 0.680000 1.880000
v -0.915000 0.520000 1.880000
v -0.915000 0.680000 1.890000
v -0.915000 0.520000 1.890000
v -0.915000 0.680000 1.895000
v -0.915000 0.520000 1.895000
v -0.920000 0.680000 1.910000
v -0.920000 0.520000 1.910000
v -0.930000 0.680000 1.910000
v -0.930000 0.520000 1.910000
v -0.932000 0.670000 1.875000
v -0.932000 0.680000 1.875000
v -0.950000 0.670000 1.910000
v -0.950000 0.680000 1.910000
v -0.930000 0.670000 1.875000
v -0.930000 0.680000 1.875000
v -0.930000 0.670000 1.910000
v -0.930000 0.680000 1.910000
v -0.932000 0.520000 1.875000
v -0.932000 0.530000 1.875000
v -0.950000 0.520000 1.910000
v -0.950000 0.530000 1.910000
v -0.930000 0.520000 1.875000
v -0.930000 0.530000 1.875000
v -0.930000 0.520000 1.910000
v -0.930000 0.530000 1.910000
v -0.932000 0.595000 1.875000
v -0.932000 0.605000 1.875000
v -0.950000 0.595000 1.910000
v -0.950000 0.605000 1.910000
v -0.930000 0.595000 1.875000
v -0.930000 0.605000 1.875000
v -0.930000 0.595000 1.910000
v -0.930000 0.605000 1.910000
v -1.040998 0.688175 1.911709
v -1.043002 0.688288 1.911821
v -1.059098 0.510000 1.910000
v -1.061102 0.510000 1.910000
v -1.043002 0.690000 1.910000
v -1.040998 0.690000 1.910000
v -1.059098 0.511712 1.911821
v -1.061102 0.511825 1.911709
v -0.988000 0.827955 1.679955
v -0.988000 0.881000 1.718250
v -0.988000 0.873045 1.714955
v -0.988000 0.831250 1.672000
v -0.988000 0.869750 1.707000
v -0.988000 0.827955 1.664045
v -0.988000 0.873045 1.699045
v -0.988000 0.820000 1.660750
v -0.988000 0.881000 1.695750
v -0.988000 0.812045 1.664045
v -0.988000 0.808750 1.672000
v -0.988000 0.888955 1.699045
v -0.988000 0.812045 1.679955
v -0.988000 0.892250 1.707000
v -0.988000 0.888955 1.714955
v -0.988000 0.820000 1.683250
v -0.892000 0.881000 1.718250
v -0.892000 0.873045 1.714955
v -0.892000 0.869750 1.707000
v -0.892000 0.873045 1.699045
v -0.892000 0.881000 1.695750
v -0.892000 0.888955 1.699045
v -0.892000 0.892250 1.707000
v -0.892000 0.888955 1.714955
v -0.892000 0.820000 1.683250
v -0.892000 0.812045 1.679955
v -0.892000 0.808750 1.672000
v -0.892000 0.812045 1.664045
v -0.892000 0.820000 1.660750
v -0.892000 0.827955 1.664045
v -0.892000 0.831250 1.672000
v -0.892000 0.827955 1.679955
v -0.970000 0.700000 1.950000
v -0.970000 0.820000 1.950000
v -0.910000 0.700000 1.950000
v -0.910000 0.820000 1.950000
v -0.970000 0.830000 1.700000
v -0.970000 0.870000 1.700000
v -0.910000 0.870000 1.700000
v -0.910000 0.830000 1.700000
v -0.970000 0.700000 1.960000
v -0.910000 0.820000 1.960000
v -0.970000 0.820000 1.960000
v -0.910000 0.700000 1.960000
v -0.722000 0.653889 1.578262
v -0.722000 0.570000 1.570000
v -0.722000 0.804605 1.640015
v -0.722000 0.734554 1.602732
v -0.722000 0.488102 1.578066
v -0.800000 0.792228 1.667412
v -0.800000 0.723073 1.630448
v -0.800000 0.648036 1.607686
v -0.800000 0.570000 1.600000
v -0.800000 0.491964 1.607686
v -0.730000 0.570000 1.570000
v -0.792000 0.570000 1.570000
v -0.790000 0.653889 1.578262
v -0.798000 0.488102 1.578066
v -0.798000 0.570000 1.570000
v -0.800000 0.653889 1.578262
v -0.798000 0.804605 1.640015
v -0.800000 0.734554 1.602732
v -0.728000 0.653889 1.578262
v -0.720000 0.491964 1.607686
v -0.720000 0.570000 1.600000
v -0.720000 0.648036 1.607686
v -0.720000 0.723073 1.630448
v -0.720000 0.792228 1.667412
v -0.728000 0.804605 1.640015
v -0.792000 0.804605 1.640015
v -0.792000 0.734554 1.602732
v -0.728000 0.734554 1.602732
v -0.792000 0.488102 1.578066
v -0.728000 0.488102 1.578066
v -0.790000 0.491964 1.607686
v -0.730000 0.491964 1.607686
v -0.790000 0.723073 1.630448
v -0.730000 0.723073 1.630448
v -0.730000 0.792228 1.667412
v -0.790000 0.792228 1.667412
v -0.790000 0.570000 1.600000
v -0.730000 0.570000 1.600000
v -0.730000 0.648036 1.607686
v -0.790000 0.648036 1.607686
v -0.720000 0.734554 1.602732
v -0.720000 0.806370 1.640954
v -0.720000 0.653889 1.578262
v -0.720000 0.570000 1.570000
v -0.720000 0.486111 1.578262
v -0.790000 0.806370 1.640954
v -0.800000 0.806370 1.640954
v -0.730000 0.486111 1.578262
v -0.730000 0.806370 1.640954
v -0.800000 0.486111 1.578262
v -0.800000 0.570000 1.570000
v -0.798000 0.653889 1.578262
v -0.798000 0.734554 1.602732
v -0.790000 0.486111 1.578262
v -0.792000 0.653889 1.578262
v -0.790000 0.734554 1.602732
v -0.730000 0.653889 1.578262
v -0.730000 0.734554 1.602732
v -0.790000 0.570000 1.570000
v -0.728000 0.570000 1.570000
v -0.792000 0.660717 1.543935
v -0.798000 0.660717 1.543935
v -0.728000 0.570000 1.535000
v -0.722000 0.570000 1.535000
v -0.728000 0.747919 1.570384
v -0.722000 0.747919 1.570384
v -0.798000 0.747919 1.570384
v -0.792000 0.747919 1.570384
v -0.798000 0.570000 1.535000
v -0.792000 0.570000 1.535000
v -0.722000 0.660717 1.543935
v -0.728000 0.660717 1.543935
v -0.722000 0.821049 1.609118
v -0.722000 0.484671 1.543235
v -0.792000 0.821049 1.609118
v -0.798000 0.821049 1.609118
v -0.728000 0.484671 1.543235
v -0.728000 0.821049 1.609118
v -0.798000 0.484671 1.543235
v -0.792000 0.484671 1.543235
v -0.815000 0.679546 1.571546
v -0.815000 0.683500 1.562000
v -0.815000 0.679546 1.552454
v -0.815000 0.670000 1.548500
v -0.815000 0.660454 1.552454
v -0.815000 0.656500 1.562000
v -0.815000 0.660454 1.571546
v -0.815000 0.670000 1.575500
v -0.705000 0.670000 1.575500
v -0.705000 0.660454 1.571546
v -0.705000 0.656500 1.562000
v -0.705000 0.660454 1.552454
v -0.705000 0.670000 1.548500
v -0.705000 0.679546 1.552454
v -0.705000 0.683500 1.562000
v -0.705000 0.679546 1.571546
v -0.814000 0.641287 1.549700
v -0.814000 0.660081 1.556541
v -0.814000 0.639919 1.553459
v -0.814000 0.658713 1.560300
v -0.810000 0.641287 1.549700
v -0.810000 0.660081 1.556541
v -0.810000 0.639919 1.553459
v -0.810000 0.658713 1.560300
v -0.815000 0.809546 1.551546
v -0.815000 0.813500 1.542000
v -0.815000 0.809546 1.532454
v -0.815000 0.800000 1.528500
v -0.815000 0.790454 1.532454
v -0.815000 0.786500 1.542000
v -0.815000 0.790454 1.551546
v -0.815000 0.800000 1.555500
v -0.705000 0.800000 1.555500
v -0.705000 0.790454 1.551546
v -0.705000 0.786500 1.542000
v -0.705000 0.790454 1.532454
v -0.705000 0.800000 1.528500
v -0.705000 0.809546 1.532454
v -0.705000 0.813500 1.542000
v -0.705000 0.809546 1.551546
v -0.815000 0.869546 1.539546
v -0.815000 0.873500 1.530000
v -0.815000 0.869546 1.520454
v -0.815000 0.860000 1.516500
v -0.815000 0.850454 1.520454
v -0.815000 0.846500 1.530000
v -0.815000 0.850454 1.539546
v -0.815000 0.860000 1.543500
v -0.645000 0.860000 1.543500
v -0.645000 0.850454 1.539546
v -0.645000 0.846500 1.530000
v -0.645000 0.850454 1.520454
v -0.645000 0.860000 1.516500
v -0.645000 0.869546 1.520454
v -0.645000 0.873500 1.530000
v -0.645000 0.869546 1.539546
v -0.980000 0.809199 2.339330
v -0.980000 0.829689 2.344820
v -0.980000 0.818307 2.346319
v -0.980000 0.890311 2.309820
v -0.980000 0.895801 2.289330
v -0.980000 0.897300 2.300712
v -0.980000 0.809689 2.310179
v -0.980000 0.804199 2.330670
v -0.980000 0.802700 2.319288
v -0.980000 0.890801 2.280670
v -0.980000 0.870311 2.275180
v -0.980000 0.881693 2.273681
v -0.970000 0.829689 2.344820
v -0.970000 0.809199 2.339330
v -0.970000 0.818307 2.346319
v -0.970000 0.895801 2.289330
v -0.970000 0.890311 2.309820
v -0.970000 0.897300 2.300712
v -0.970000 0.804199 2.330670
v -0.970000 0.809689 2.310179
v -0.970000 0.802700 2.319288
v -0.970000 0.870311 2.275180
v -0.970000 0.890801 2.280670
v -0.970000 0.881693 2.273681
v -1.041544 0.723850 2.050000
v -1.057993 0.710074 2.050000
v -1.052190 0.710633 2.050000
v -1.052557 0.720291 2.050000
v -1.057993 0.710074 2.030000
v -1.041544 0.723850 2.030000
v -1.052190 0.710633 2.030000
v -1.052557 0.720291 2.030000
v -0.910000 0.809199 2.339330
v -0.910000 0.829689 2.344820
v -0.910000 0.818307 2.346319
v -0.910000 0.890311 2.309820
v -0.910000 0.895801 2.289330
v -0.910000 0.897300 2.300712
v -0.910000 0.809689 2.310179
v -0.910000 0.804199 2.330670
v -0.910000 0.802700 2.319288
v -0.910000 0.890801 2.280670
v -0.910000 0.870311 2.275180
v -0.910000 0.881693 2.273681
v -0.900000 0.829689 2.344820
v -0.900000 0.809199 2.339330
v -0.900000 0.818307 2.346319
v -0.900000 0.895801 2.289330
v -0.900000 0.890311 2.309820
v -0.900000 0.897300 2.300712
v -0.900000 0.804199 2.330670
v -0.900000 0.809689 2.310179
v -0.900000 0.802700 2.319288
v -0.900000 0.870311 2.275180
v -0.900000 0.890801 2.280670
v -0.900000 0.881693 2.273681
v -0.980000 0.829689 1.655180
v -0.980000 0.809199 1.660670
v -0.980000 0.818307 1.653681
v -0.980000 0.895801 1.710670
v -0.980000 0.890311 1.690179
v -0.980000 0.897300 1.699288
v -0.980000 0.804199 1.669330
v -0.980000 0.809689 1.689821
v -0.980000 0.802700 1.680712
v -0.980000 0.870311 1.724820
v -0.980000 0.890801 1.719330
v -0.980000 0.881693 1.726319
v -0.970000 0.809199 1.660670
v -0.970000 0.829689 1.655180
v -0.970000 0.818307 1.653681
v -0.970000 0.890311 1.690179
v -0.970000 0.895801 1.710670
v -0.970000 0.897300 1.699288
v -0.970000 0.809689 1.689821
v -0.970000 0.804199 1.669330
v -0.970000 0.802700 1.680712
v -0.970000 0.890801 1.719330
v -0.970000 0.870311 1.724820
v -0.970000 0.881693 1.726319
v -1.057993 0.710074 1.950000
v -1.041544 0.723850 1.950000
v -1.052190 0.710633 1.950000
v -1.052557 0.720291 1.950000
v -1.041544 0.723850 1.970000
v -1.057993 0.710074 1.970000
v -1.052190 0.710633 1.970000
v -1.052557 0.720291 1.970000
v -0.910000 0.829689 1.655180
v -0.910000 0.809199 1.660670
v -0.910000 0.818307 1.653681
v -0.910000 0.895801 1.710670
v -0.910000 0.890311 1.690179
v -0.910000 0.897300 1.699288
v -0.910000 0.804199 1.669330
v -0.910000 0.809689 1.689821
v -0.910000 0.802700 1.680712
v -0.910000 0.870311 1.724820
v -0.910000 0.890801 1.719330
v -0.910000 0.881693 1.726319
v -0.900000 0.809199 1.660670
v -0.900000 0.829689 1.655180
v -0.900000 0.818307 1.653681
v -0.900000 0.890311 1.690179
v -0.900000 0.895801 1.710670
v -0.900000 0.897300 1.699288
v -0.900000 0.809689 1.689821
v -0.900000 0.804199 1.669330
v -0.900000 0.802700 1.680712
v -0.900000 0.890801 1.719330
v -0.900000 0.870311 1.724820
v -0.900000 0.881693 1.726319
v -0.810000 0.662818 1.545064
v -0.810000 0.650651 1.562441
v -0.810000 0.653136 1.551232
v -0.810000 0.877157 1.522502
v -0.810000 0.859780 1.510334
v -0.810000 0.870988 1.512819
v -0.810000 0.652387 1.572289
v -0.810000 0.669764 1.584456
v -0.810000 0.658556 1.581971
v -0.810000 0.866726 1.549727
v -0.810000 0.878893 1.532350
v -0.810000 0.876408 1.543558
v -0.800000 0.650651 1.562441
v -0.800000 0.662818 1.545064
v -0.800000 0.653136 1.551232
v -0.800000 0.859780 1.510334
v -0.800000 0.877157 1.522502
v -0.800000 0.870988 1.512819
v -0.800000 0.669764 1.584456
v -0.800000 0.652387 1.572289
v -0.800000 0.658556 1.581971
v -0.800000 0.878893 1.532350
v -0.800000 0.866726 1.549727
v -0.800000 0.876408 1.543558
v -0.720000 0.662818 1.545064
v -0.720000 0.650651 1.562441
v -0.720000 0.653136 1.551232
v -0.720000 0.877157 1.522502
v -0.720000 0.859780 1.510334
v -0.720000 0.870988 1.512819
v -0.720000 0.652387 1.572289
v -0.720000 0.669764 1.584456
v -0.720000 0.658556 1.581971
v -0.720000 0.866726 1.549727
v -0.720000 0.878893 1.532350
v -0.720000 0.876408 1.543558
v -0.710000 0.650651 1.562441
v -0.710000 0.662818 1.545064
v -0.710000 0.653136 1.551232
v -0.710000 0.859780 1.510334
v -0.710000 0.877157 1.522502
v -0.710000 0.870988 1.512819
v -0.710000 0.669764 1.584456
v -0.710000 0.652387 1.572289
v -0.710000 0.658556 1.581971
v -0.710000 0.878893 1.532350
v -0.710000 0.866726 1.549727
v -0.710000 0.876408 1.543558
v 1.068000 0.510000 2.090000
v 1.050000 0.690000 2.090000
v 0.910000 0.510000 2.090000
v 0.910000 0.690000 2.090000
v 0.900000 0.440000 2.180000
v 0.900000 0.500000 2.180000
v 0.840000 0.440000 2.180000
v 0.840000 0.500000 2.180000
v 0.900000 0.440000 2.110000
v 0.900000 0.500000 2.110000
v 0.840000 0.440000 2.110000
v 0.840000 0.500000 2.110000
v 0.840000 1.000000 2.070000
v 0.840000 1.000000 2.220000
v 0.900000 1.000000 2.220000
v 0.900000 1.000000 2.070000
v 0.970000 0.810000 2.340000
v 0.970000 1.000000 2.560000
v 0.970000 0.810000 2.320000
v 0.910000 0.810000 2.340000
v 0.910000 1.000000 2.560000
v 0.910000 0.810000 2.320000
v 0.970000 0.900000 2.500000
v 0.970000 1.000000 2.360000
v 0.910000 1.000000 2.360000
v 0.910000 0.900000 2.500000
v 0.900000 0.440000 2.000000
v 0.900000 0.500000 2.000000
v 0.840000 0.440000 2.000000
v 0.840000 0.500000 2.000000
v 1.068000 0.510000 2.000000
v 1.050000 0.690000 2.000000
v 0.910000 0.510000 2.000000
v 0.910000 0.690000 2.000000
v 0.970000 0.700000 2.000000
v 0.970000 0.820000 2.000000
v 0.910000 0.700000 2.000000
v 0.910000 0.820000 2.000000
v 1.030000 0.720000 2.000000
v 1.030000 0.720000 2.070000
v 1.019394 0.715607 2.000000
v 1.019394 0.715607 2.070000
v 1.015000 0.705000 2.000000
v 1.015000 0.705000 2.070000
v 1.019394 0.694393 2.000000
v 1.019394 0.694393 2.070000
v 1.030000 0.690000 2.000000
v 1.030000 0.690000 2.070000
v 1.040607 0.694393 2.000000
v 1.040607 0.694393 2.070000
v 1.045000 0.705000 2.000000
v 1.045000 0.705000 2.070000
v 1.040607 0.715607 2.000000
v 1.040607 0.715607 2.070000
v 1.049000 0.700000 2.050000
v 1.049000 0.700000 2.030000
v 1.031500 0.698000 2.050000
v 1.030500 0.723000 2.050000
v 1.031500 0.698000 2.030000
v 1.030500 0.723000 2.030000
v 1.057000 0.620000 2.030000
v 1.057000 0.620000 2.050000
v 1.067000 0.620000 2.030000
v 1.067000 0.620000 2.050000
v 1.020000 0.716000 2.030000
v 1.020000 0.716000 2.050000
v 1.030000 0.720000 2.028000
v 1.019394 0.715607 2.028000
v 1.015000 0.705000 2.028000
v 1.019394 0.694393 2.028000
v 1.030000 0.690000 2.028000
v 1.040607 0.694393 2.028000
v 1.045000 0.705000 2.028000
v 1.040607 0.715607 2.028000
v 1.030000 0.726580 2.000000
v 1.014741 0.720259 2.000000
v 1.014741 0.720259 2.028000
v 1.008420 0.705000 2.000000
v 1.008420 0.705000 2.028000
v 1.014741 0.689741 2.000000
v 1.014741 0.689741 2.028000
v 1.030000 0.683420 2.000000
v 1.030000 0.683420 2.028000
v 1.045259 0.689741 2.000000
v 1.045259 0.689741 2.028000
v 1.051580 0.705000 2.000000
v 1.051580 0.705000 2.028000
v 1.045259 0.720259 2.000000
v 1.045259 0.720259 2.028000
v 1.030000 0.726580 2.028000
v 0.977071 0.827071 2.040000
v 0.977071 0.827071 2.000000
v 0.902929 0.692929 2.040000
v 0.902929 0.692929 2.000000
v 0.902929 0.827071 2.000000
v 0.977071 0.692929 2.000000
v 0.977071 0.692929 2.040000
v 0.902929 0.827071 2.040000
v 0.910000 0.440000 2.110000
v 0.910000 0.440000 2.180000
v 0.910000 0.490000 2.180000
v 0.910000 0.440000 2.000000
v 0.910000 0.490000 2.110000
v 0.910000 0.490000 2.000000
v 0.920000 0.520000 2.125000
v 0.920000 0.680000 2.125000
v 0.910000 0.480000 2.152500
v 0.915000 0.480000 2.152500
v 0.915000 0.474697 2.154697
v 0.910000 0.474697 2.154697
v 0.915000 0.472500 2.160000
v 0.910000 0.472500 2.160000
v 0.915000 0.474697 2.165303
v 0.910000 0.474697 2.165303
v 0.915000 0.480000 2.167500
v 0.910000 0.480000 2.167500
v 0.915000 0.485303 2.165303
v 0.910000 0.485303 2.165303
v 0.915000 0.487500 2.160000
v 0.910000 0.487500 2.160000
v 0.915000 0.485303 2.154697
v 0.910000 0.485303 2.154697
v 0.930000 0.680000 2.125000
v 0.930000 0.520000 2.125000
v 0.920000 0.520000 2.120000
v 0.930000 0.520000 2.120000
v 0.930000 0.680000 2.120000
v 0.920000 0.680000 2.120000
v 0.920000 0.680000 2.105000
v 0.920000 0.520000 2.105000
v 0.920000 0.680000 2.110000
v 0.920000 0.520000 2.110000
v 0.930000 0.680000 2.105000
v 0.930000 0.520000 2.105000
v 0.930000 0.680000 2.110000
v 0.930000 0.520000 2.110000
v 0.900000 0.446000 2.180000
v 0.840000 0.446000 2.180000
v 0.840000 0.446000 2.110000
v 0.840000 0.446000 2.000000
v 0.910000 0.446000 2.180000
v 0.910000 0.446000 2.110000
v 0.910000 0.446000 2.000000
v 0.920000 0.440000 2.110000
v 0.920000 0.440000 2.180000
v 0.920000 0.440000 2.000000
v 0.920000 0.445000 2.110000
v 0.920000 0.445000 2.000000
v 0.920000 0.445000 2.180000
v 0.903750 0.530000 2.150000
v 0.903750 0.700000 2.150000
v 0.903750 0.530000 2.110000
v 0.903750 0.700000 2.110000
v 0.896250 0.530000 2.150000
v 0.896250 0.700000 2.150000
v 0.896250 0.530000 2.110000
v 0.896250 0.700000 2.110000
v 0.903750 0.530000 2.120000
v 0.903750 0.700000 2.120000
v 0.896250 0.530000 2.119000
v 0.896250 0.700000 2.119000
v 0.918750 0.700000 2.120000
v 0.918750 0.700000 2.110000
v 0.918750 0.530000 2.110000
v 0.918750 0.530000 2.120000
v 0.910000 0.590000 2.132500
v 0.915000 0.590000 2.132500
v 0.915000 0.584697 2.134697
v 0.910000 0.584697 2.134697
v 0.915000 0.582500 2.140000
v 0.910000 0.582500 2.140000
v 0.915000 0.584697 2.145303
v 0.910000 0.584697 2.145303
v 0.915000 0.590000 2.147500
v 0.910000 0.590000 2.147500
v 0.915000 0.595303 2.145303
v 0.910000 0.595303 2.145303
v 0.915000 0.597500 2.140000
v 0.910000 0.597500 2.140000
v 0.915000 0.595303 2.134697
v 0.910000 0.595303 2.134697
v 0.910000 0.555303 2.134697
v 0.915000 0.555303 2.134697
v 0.910000 0.557500 2.140000
v 0.915000 0.557500 2.140000
v 0.910000 0.555303 2.145303
v 0.915000 0.555303 2.145303
v 0.910000 0.550000 2.147500
v 0.915000 0.550000 2.147500
v 0.910000 0.544697 2.145303
v 0.915000 0.544697 2.145303
v 0.910000 0.542500 2.140000
v 0.915000 0.542500 2.140000
v 0.910000 0.544697 2.134697
v 0.915000 0.544697 2.134697
v 0.915000 0.550000 2.132500
v 0.910000 0.550000 2.132500
v 0.910000 0.645303 2.134697
v 0.915000 0.645303 2.134697
v 0.910000 0.647500 2.140000
v 0.915000 0.647500 2.140000
v 0.910000 0.645303 2.145303
v 0.915000 0.645303 2.145303
v 0.910000 0.640000 2.147500
v 0.915000 0.640000 2.147500
v 0.910000 0.634697 2.145303
v 0.915000 0.634697 2.145303
v 0.910000 0.632500 2.140000
v 0.915000 0.632500 2.140000
v 0.910000 0.634697 2.134697
v 0.915000 0.634697 2.134697
v 0.915000 0.640000 2.132500
v 0.910000 0.640000 2.132500
v 0.910000 0.680000 2.132500
v 0.915000 0.680000 2.132500
v 0.915000 0.674697 2.134697
v 0.910000 0.674697 2.134697
v 0.915000 0.672500 2.140000
v 0.910000 0.672500 2.140000
v 0.915000 0.674697 2.145303
v 0.910000 0.674697 2.145303
v 0.915000 0.680000 2.147500
v 0.910000 0.680000 2.147500
v 0.915000 0.685303 2.145303
v 0.910000 0.685303 2.145303
v 0.915000 0.687500 2.140000
v 0.910000 0.687500 2.140000
v 0.915000 0.685303 2.134697
v 0.910000 0.685303 2.134697
v 0.910000 0.485303 2.124697
v 0.915000 0.485303 2.124697
v 0.910000 0.487500 2.130000
v 0.915000 0.487500 2.130000
v 0.910000 0.485303 2.135303
v 0.915000 0.485303 2.135303
v 0.910000 0.480000 2.137500
v 0.915000 0.480000 2.137500
v 0.910000 0.474697 2.135303
v 0.915000 0.474697 2.135303
v 0.910000 0.472500 2.130000
v 0.915000 0.472500 2.130000
v 0.910000 0.474697 2.124697
v 0.915000 0.474697 2.124697
v 0.915000 0.480000 2.122500
v 0.910000 0.480000 2.122500
v 0.915000 0.680000 2.125000
v 0.915000 0.520000 2.125000
v 0.915000 0.680000 2.120000
v 0.915000 0.520000 2.120000
v 0.915000 0.680000 2.110000
v 0.915000 0.520000 2.110000
v 0.915000 0.680000 2.105000
v 0.915000 0.520000 2.105000
v 0.920000 0.680000 2.090000
v 0.920000 0.520000 2.090000
v 0.930000 0.680000 2.090000
v 0.930000 0.520000 2.090000
v 0.932000 0.670000 2.125000
v 0.932000 0.680000 2.125000
v 0.950000 0.670000 2.090000
v 0.950000 0.680000 2.090000
v 0.930000 0.670000 2.125000
v 0.930000 0.680000 2.125000
v 0.930000 0.670000 2.090000
v 0.930000 0.680000 2.090000
v 0.932000 0.520000 2.125000
v 0.932000 0.530000 2.125000
v 0.950000 0.520000 2.090000
v 0.950000 0.530000 2.090000
v 0.930000 0.520000 2.125000
v 0.930000 0.530000 2.125000
v 0.930000 0.520000 2.090000
v 0.930000 0.530000 2.090000
v 0.932000 0.595000 2.125000
v 0.932000 0.605000 2.125000
v 0.950000 0.595000 2.090000
v 0.950000 0.605000 2.090000
v 0.930000 0.595000 2.125000
v 0.930000 0.605000 2.125000
v 0.930000 0.595000 2.090000
v 0.930000 0.605000 2.090000
v 1.040998 0.688175 2.088291
v 1.043002 0.688288 2.088178
v 1.043002 0.687500 2.000000
v 1.040998 0.687500 2.000000
v 1.059098 0.510000 2.090000
v 1.061102 0.510000 2.090000
v 1.043002 0.690000 2.090000
v 1.040998 0.690000 2.090000
v 1.043002 0.690000 2.000000
v 1.040998 0.690000 2.000000
v 1.059098 0.510000 2.000000
v 1.061102 0.510000 2.000000
v 1.061102 0.512500 2.000000
v 1.059098 0.512500 2.000000
v 1.059098 0.511712 2.088178
v 1.061102 0.511825 2.088291
v 0.988000 0.827955 2.320045
v 0.988000 0.881000 2.281750
v 0.988000 0.873045 2.285045
v 0.988000 0.831250 2.328000
v 0.988000 0.869750 2.293000
v 0.988000 0.827955 2.335955
v 0.988000 0.873045 2.300955
v 0.988000 0.820000 2.339250
v 0.988000 0.881000 2.304250
v 0.988000 0.812045 2.335955
v 0.988000 0.808750 2.328000
v 0.988000 0.888955 2.300955
v 0.988000 0.812045 2.320045
v 0.988000 0.892250 2.293000
v 0.988000 0.888955 2.285045
v 0.988000 0.820000 2.316750
v 0.892000 0.881000 2.281750
v 0.892000 0.873045 2.285045
v 0.892000 0.869750 2.293000
v 0.892000 0.873045 2.300955
v 0.892000 0.881000 2.304250
v 0.892000 0.888955 2.300955
v 0.892000 0.892250 2.293000
v 0.892000 0.888955 2.285045
v 0.892000 0.820000 2.316750
v 0.892000 0.812045 2.320045
v 0.892000 0.808750 2.328000
v 0.892000 0.812045 2.335955
v 0.892000 0.820000 2.339250
v 0.892000 0.827955 2.335955
v 0.892000 0.831250 2.328000
v 0.892000 0.827955 2.320045
v 0.970000 0.700000 2.050000
v 0.970000 0.820000 2.050000
v 0.910000 0.700000 2.050000
v 0.910000 0.820000 2.050000
v 0.970000 0.830000 2.300000
v 0.970000 0.870000 2.300000
v 0.910000 0.870000 2.300000
v 0.910000 0.830000 2.300000
v 0.970000 0.700000 2.040000
v 0.910000 0.820000 2.040000
v 0.970000 0.820000 2.040000
v 0.910000 0.700000 2.040000
v 1.068000 0.510000 1.910000
v 1.050000 0.690000 1.910000
v 0.910000 0.510000 1.910000
v 0.910000 0.690000 1.910000
v 0.900000 0.440000 1.820000
v 0.900000 0.500000 1.820000
v 0.840000 0.440000 1.820000
v 0.840000 0.500000 1.820000
v 0.900000 0.440000 1.890000
v 0.900000 0.500000 1.890000
v 0.840000 0.440000 1.890000
v 0.840000 0.500000 1.890000
v 0.840000 1.000000 1.930000
v 0.840000 1.000000 1.780000
v 0.900000 1.000000 1.780000
v 0.900000 1.000000 1.930000
v 0.970000 0.810000 1.660000
v 0.970000 1.000000 1.440000
v 0.970000 0.810000 1.680000
v 0.910000 0.810000 1.660000
v 0.910000 1.000000 1.440000
v 0.910000 0.810000 1.680000
v 0.970000 0.900000 1.500000
v 0.970000 1.000000 1.640000
v 0.910000 1.000000 1.640000
v 0.910000 0.900000 1.500000
v 1.030000 0.720000 1.930000
v 1.019394 0.715607 1.930000
v 1.015000 0.705000 1.930000
v 1.019394 0.694393 1.930000
v 1.030000 0.690000 1.930000
v 1.040607 0.694393 1.930000
v 1.045000 0.705000 1.930000
v 1.040607 0.715607 1.930000
v 1.049000 0.700000 1.950000
v 1.049000 0.700000 1.970000
v 1.031500 0.698000 1.950000
v 1.030500 0.723000 1.950000
v 1.031500 0.698000 1.970000
v 1.030500 0.723000 1.970000
v 1.057000 0.620000 1.970000
v 1.057000 0.620000 1.950000
v 1.067000 0.620000 1.970000
v 1.067000 0.620000 1.950000
v 1.020000 0.716000 1.970000
v 1.020000 0.716000 1.950000
v 1.030000 0.720000 1.972000
v 1.019394 0.715607 1.972000
v 1.015000 0.705000 1.972000
v 1.019394 0.694393 1.972000
v 1.030000 0.690000 1.972000
v 1.040607 0.694393 1.972000
v 1.045000 0.705000 1.972000
v 1.040607 0.715607 1.972000
v 1.014741 0.720259 1.972000
v 1.008420 0.705000 1.972000
v 1.014741 0.689741 1.972000
v 1.030000 0.683420 1.972000
v 1.045259 0.689741 1.972000
v 1.051580 0.705000 1.972000
v 1.045259 0.720259 1.972000
v 1.030000 0.726580 1.972000
v 0.977071 0.827071 1.960000
v 0.902929 0.692929 1.960000
v 0.977071 0.692929 1.960000
v 0.902929 0.827071 1.960000
v 0.910000 0.440000 1.890000
v 0.910000 0.440000 1.820000
v 0.910000 0.490000 1.820000
v 0.910000 0.490000 1.890000
v 0.920000 0.520000 1.875000
v 0.920000 0.680000 1.875000
v 0.910000 0.480000 1.847500
v 0.915000 0.480000 1.847500
v 0.915000 0.474697 1.845303
v 0.910000 0.474697 1.845303
v 0.915000 0.472500 1.840000
v 0.910000 0.472500 1.840000
v 0.915000 0.474697 1.834697
v 0.910000 0.474697 1.834697
v 0.915000 0.480000 1.832500
v 0.910000 0.480000 1.832500
v 0.915000 0.485303 1.834697
v 0.910000 0.485303 1.834697
v 0.915000 0.487500 1.840000
v 0.910000 0.487500 1.840000
v 0.915000 0.485303 1.845303
v 0.910000 0.485303 1.845303
v 0.930000 0.680000 1.875000
v 0.930000 0.520000 1.875000
v 0.920000 0.520000 1.880000
v 0.930000 0.520000 1.880000
v 0.930000 0.680000 1.880000
v 0.920000 0.680000 1.880000
v 0.920000 0.680000 1.895000
v 0.920000 0.520000 1.895000
v 0.920000 0.680000 1.890000
v 0.920000 0.520000 1.890000
v 0.930000 0.680000 1.895000
v 0.930000 0.520000 1.895000
v 0.930000 0.680000 1.890000
v 0.930000 0.520000 1.890000
v 0.900000 0.446000 1.820000
v 0.840000 0.446000 1.820000
v 0.840000 0.446000 1.890000
v 0.910000 0.446000 1.820000
v 0.910000 0.446000 1.890000
v 0.920000 0.440000 1.890000
v 0.920000 0.440000 1.820000
v 0.920000 0.445000 1.890000
v 0.920000 0.445000 1.820000
v 0.903750 0.530000 1.850000
v 0.903750 0.700000 1.850000
v 0.903750 0.530000 1.890000
v 0.903750 0.700000 1.890000
v 0.896250 0.530000 1.850000
v 0.896250 0.700000 1.850000
v 0.896250 0.530000 1.890000
v 0.896250 0.700000 1.890000
v 0.903750 0.530000 1.880000
v 0.903750 0.700000 1.880000
v 0.896250 0.530000 1.881000
v 0.896250 0.700000 1.881000
v 0.918750 0.700000 1.880000
v 0.918750 0.700000 1.890000
v 0.918750 0.530000 1.890000
v 0.918750 0.530000 1.880000
v 0.910000 0.590000 1.867500
v 0.915000 0.590000 1.867500
v 0.915000 0.584697 1.865303
v 0.910000 0.584697 1.865303
v 0.915000 0.582500 1.860000
v 0.910000 0.582500 1.860000
v 0.915000 0.584697 1.854697
v 0.910000 0.584697 1.854697
v 0.915000 0.590000 1.852500
v 0.910000 0.590000 1.852500
v 0.915000 0.595303 1.854697
v 0.910000 0.595303 1.854697
v 0.915000 0.597500 1.860000
v 0.910000 0.597500 1.860000
v 0.915000 0.595303 1.865303
v 0.910000 0.595303 1.865303
v 0.910000 0.555303 1.865303
v 0.915000 0.555303 1.865303
v 0.910000 0.557500 1.860000
v 0.915000 0.557500 1.860000
v 0.910000 0.555303 1.854697
v 0.915000 0.555303 1.854697
v 0.910000 0.550000 1.852500
v 0.915000 0.550000 1.852500
v 0.910000 0.544697 1.854697
v 0.915000 0.544697 1.854697
v 0.910000 0.542500 1.860000
v 0.915000 0.542500 1.860000
v 0.910000 0.544697 1.865303
v 0.915000 0.544697 1.865303
v 0.915000 0.550000 1.867500
v 0.910000 0.550000 1.867500
v 0.910000 0.645303 1.865303
v 0.915000 0.645303 1.865303
v 0.910000 0.647500 1.860000
v 0.915000 0.647500 1.860000
v 0.910000 0.645303 1.854697
v 0.915000 0.645303 1.854697
v 0.910000 0.640000 1.852500
v 0.915000 0.640000 1.852500
v 0.910000 0.634697 1.854697
v 0.915000 0.634697 1.854697
v 0.910000 0.632500 1.860000
v 0.915000 0.632500 1.860000
v 0.910000 0.634697 1.865303
v 0.915000 0.634697 1.865303
v 0.915000 0.640000 1.867500
v 0.910000 0.640000 1.867500
v 0.910000 0.680000 1.867500
v 0.915000 0.680000 1.867500
v 0.915000 0.674697 1.865303
v 0.910000 0.674697 1.865303
v 0.915000 0.672500 1.860000
v 0.910000 0.672500 1.860000
v 0.915000 0.674697 1.854697
v 0.910000 0.674697 1.854697
v 0.915000 0.680000 1.852500
v 0.910000 0.680000 1.852500
v 0.915000 0.685303 1.854697
v 0.910000 0.685303 1.854697
v 0.915000 0.687500 1.860000
v 0.910000 0.687500 1.860000
v 0.915000 0.685303 1.865303
v 0.910000 0.685303 1.865303
v 0.910000 0.485303 1.875303
v 0.915000 0.485303 1.875303
v 0.910000 0.487500 1.870000
v 0.915000 0.487500 1.870000
v 0.910000 0.485303 1.864697
v 0.915000 0.485303 1.864697
v 0.910000 0.480000 1.862500
v 0.915000 0.480000 1.862500
v 0.910000 0.474697 1.864697
v 0.915000 0.474697 1.864697
v 0.910000 0.472500 1.870000
v 0.915000 0.472500 1.870000
v 0.910000 0.474697 1.875303
v 0.915000 0.474697 1.875303
v 0.915000 0.480000 1.877500
v 0.910000 0.480000 1.877500
v 0.915000 0.680000 1.875000
v 0.915000 0.520000 1.875000
v 0.915000 0.680000 1.880000
v 0.915000 0.520000 1.880000
v 0.915000 0.680000 1.890000
v 0.915000 0.520000 1.890000
v 0.915000 0.680000 1.895000
v 0.915000 0.520000 1.895000
v 0.920000 0.680000 1.910000
v 0.920000 0.520000 1.910000
v 0.930000 0.680000 1.910000
v 0.930000 0.520000 1.910000
v 0.932000 0.670000 1.875000
v 0.932000 0.680000 1.875000
v 0.950000 0.670000 1.910000
v 0.950000 0.680000 1.910000
v 0.930000 0.670000 1.875000
v 0.930000 0.680000 1.875000
v 0.930000 0.670000 1.910000
v 0.930000 0.680000 1.910000
v 0.932000 0.520000 1.875000
v 0.932000 0.530000 1.875000
v 0.950000 0.520000 1.910000
v 0.950000 0.530000 1.910000
v 0.930000 0.520000 1.875000
v 0.930000 0.530000 1.875000
v 0.930000 0.520000 1.910000
v 0.930000 0.530000 1.910000
v 0.932000 0.595000 1.875000
v 0.932000 0.605000 1.875000
v 0.950000 0.595000 1.910000
v 0.950000 0.605000 1.910000
v 0.930000 0.595000 1.875000
v 0.930000 0.605000 1.875000
v 0.930000 0.595000 1.910000
v 0.930000 0.605000 1.910000
v 1.040998 0.688175 1.911709
v 1.043002 0.688288 1.911821
v 1.059098 0.510000 1.910000
v 1.061102 0.510000 1.910000
v 1.043002 0.690000 1.910000
v 1.040998 0.690000 1.910000
v 1.059098 0.511712 1.911821
v 1.061102 0.511825 1.911709
v 0.988000 0.827955 1.679955
v 0.988000 0.881000 1.718250
v 0.988000 0.873045 1.714955
v 0.988000 0.831250 1.672000
v 0.988000 0.869750 1.707000
v 0.988000 0.827955 1.664045
v 0.988000 0.873045 1.699045
v 0.988000 0.820000 1.660750
v 0.988000 0.881000 1.695750
v 0.988000 0.812045 1.664045
v 0.988000 0.808750 1.672000
v 0.988000 0.888955 1.699045
v 0.988000 0.812045 1.679955
v 0.988000 0.892250 1.707000
v 0.988000 0.888955 1.714955
v 0.988000 0.820000 1.683250
v 0.892000 0.881000 1.718250
v 0.892000 0.873045 1.714955
v 0.892000 0.869750 1.707000
v 0.892000 0.873045 1.699045
v 0.892000 0.881000 1.695750
v 0.892000 0.888955 1.699045
v 0.892000 0.892250 1.707000
v 0.892000 0.888955 1.714955
v 0.892000 0.820000 1.683250
v 0.892000 0.812045 1.679955
v 0.892000 0.808750 1.672000
v 0.892000 0.812045 1.664045
v 0.892000 0.820000 1.660750
v 0.892000 0.827955 1.664045
v 0.892000 0.831250 1.672000
v 0.892000 0.827955 1.679955
v 0.970000 0.700000 1.950000
v 0.970000 0.820000 1.950000
v 0.910000 0.700000 1.950000
v 0.910000 0.820000 1.950000
v 0.970000 0.830000 1.700000
v 0.970000 0.870000 1.700000
v 0.910000 0.870000 1.700000
v 0.910000 0.830000 1.700000
v 0.970000 0.700000 1.960000
v 0.910000 0.820000 1.960000
v 0.970000 0.820000 1.960000
v 0.910000 0.700000 1.960000
v 0.722000 0.653889 1.578262
v 0.722000 0.570000 1.570000
v 0.722000 0.804605 1.640015
v 0.722000 0.734554 1.602732
v 0.722000 0.488102 1.578066
v 0.800000 0.792228 1.667412
v 0.800000 0.723073 1.630448
v 0.800000 0.648036 1.607686
v 0.800000 0.570000 1.600000
v 0.800000 0.491964 1.607686
v 0.730000 0.570000 1.570000
v 0.792000 0.570000 1.570000
v 0.790000 0.653889 1.578262
v 0.798000 0.488102 1.578066
v 0.798000 0.570000 1.570000
v 0.800000 0.653889 1.578262
v 0.798000 0.804605 1.640015
v 0.800000 0.734554 1.602732
v 0.728000 0.653889 1.578262
v 0.720000 0.491964 1.607686
v 0.720000 0.570000 1.600000
v 0.720000 0.648036 1.607686
v 0.720000 0.723073 1.630448
v 0.720000 0.792228 1.667412
v 0.728000 0.804605 1.640015
v 0.792000 0.804605 1.640015
v 0.792000 0.734554 1.602732
v 0.728000 0.734554 1.602732
v 0.792000 0.488102 1.578066
v 0.728000 0.488102 1.578066
v 0.790000 0.491964 1.607686
v 0.730000 0.491964 1.607686
v 0.790000 0.723073 1.630448
v 0.730000 0.723073 1.630448
v 0.730000 0.792228 1.667412
v 0.790000 0.792228 1.667412
v 0.790000 0.570000 1.600000
v 0.730000 0.570000 1.600000
v 0.730000 0.648036 1.607686
v 0.790000 0.648036 1.607686
v 0.720000 0.734554 1.602732
v 0.720000 0.806370 1.640954
v 0.720000 0.653889 1.578262
v 0.720000 0.570000 1.570000
v 0.720000 0.486111 1.578262
v 0.790000 0.806370 1.640954
v 0.800000 0.806370 1.640954
v 0.730000 0.486111 1.578262
v 0.730000 0.806370 1.640954
v 0.800000 0.486111 1.578262
v 0.800000 0.570000 1.570000
v 0.798000 0.653889 1.578262
v 0.798000 0.734554 1.602732
v 0.790000 0.486111 1.578262
v 0.792000 0.653889 1.578262
v 0.790000 0.734554 1.602732
v 0.730000 0.653889 1.578262
v 0.730000 0.734554 1.602732
v 0.790000 0.570000 1.570000
v 0.728000 0.570000 1.570000
v 0.792000 0.660717 1.543935
v 0.798000 0.660717 1.543935
v 0.728000 0.570000 1.535000
v 0.722000 0.570000 1.535000
v 0.728000 0.747919 1.570384
v 0.722000 0.747919 1.570384
v 0.798000 0.747919 1.570384
v 0.792000 0.747919 1.570384
v 0.798000 0.570000 1.535000
v 0.792000 0.570000 1.535000
v 0.722000 0.660717 1.543935
v 0.728000 0.660717 1.543935
v 0.722000 0.821049 1.609118
v 0.722000 0.484671 1.543235
v 0.792000 0.821049 1.609118
v 0.798000 0.821049 1.609118
v 0.728000 0.484671 1.543235
v 0.728000 0.821049 1.609118
v 0.798000 0.484671 1.543235
v 0.792000 0.484671 1.543235
v 0.815000 0.679546 1.571546
v 0.815000 0.683500 1.562000
v 0.815000 0.679546 1.552454
v 0.815000 0.670000 1.548500
v 0.815000 0.660454 1.552454
v 0.815000 0.656500 1.562000
v 0.815000 0.660454 1.571546
v 0.815000 0.670000 1.575500
v 0.705000 0.670000 1.575500
v 0.705000 0.660454 1.571546
v 0.705000 0.656500 1.562000
v 0.705000 0.660454 1.552454
v 0.705000 0.670000 1.548500
v 0.705000 0.679546 1.552454
v 0.705000 0.683500 1.562000
v 0.705000 0.679546 1.571546
v 0.814000 0.641287 1.549700
v 0.814000 0.660081 1.556541
v 0.814000 0.639919 1.553459
v 0.814000 0.658713 1.560300
v 0.810000 0.641287 1.549700
v 0.810000 0.660081 1.556541
v 0.810000 0.639919 1.553459
v 0.810000 0.658713 1.560300
v 0.815000 0.809546 1.551546
v 0.815000 0.813500 1.542000
v 0.815000 0.809546 1.532454
v 0.815000 0.800000 1.528500
v 0.815000 0.790454 1.532454
v 0.815000 0.786500 1.542000
v 0.815000 0.790454 1.551546
v 0.815000 0.800000 1.555500
v 0.705000 0.800000 1.555500
v 0.705000 0.790454 1.551546
v 0.705000 0.786500 1.542000
v 0.705000 0.790454 1.532454
v 0.705000 0.800000 1.528500
v 0.705000 0.809546 1.532454
v 0.705000 0.813500 1.542000
v 0.705000 0.809546 1.551546
v 0.815000 0.869546 1.539546
v 0.815000 0.873500 1.530000
v 0.815000 0.869546 1.520454
v 0.815000 0.860000 1.516500
v 0.815000 0.850454 1.520454
v 0.815000 0.846500 1.530000
v 0.815000 0.850454 1.539546
v 0.815000 0.860000 1.543500
v 0.645000 0.860000 1.543500
v 0.645000 0.850454 1.539546
v 0.645000 0.846500 1.530000
v 0.645000 0.850454 1.520454
v 0.645000 0.860000 1.516500
v 0.645000 0.869546 1.520454
v 0.645000 0.873500 1.530000
v 0.645000 0.869546 1.539546
v 0.980000 0.809199 2.339330
v 0.980000 0.829689 2.344820
v 0.980000 0.818307 2.346319
v 0.980000 0.890311 2.309820
v 0.980000 0.895801 2.289330
v 0.980000 0.897300 2.300712
v 0.980000 0.809689 2.310179
v 0.980000 0.804199 2.330670
v 0.980000 0.802700 2.319288
v 0.980000 0.890801 2.280670
v 0.980000 0.870311 2.275180
v 0.980000 0.881693 2.273681
v 0.970000 0.829689 2.344820
v 0.970000 0.809199 2.339330
v 0.970000 0.818307 2.346319
v 0.970000 0.895801 2.289330
v 0.970000 0.890311 2.309820
v 0.970000 0.897300 2.300712
v 0.970000 0.804199 2.330670
v 0.970000 0.809689 2.310179
v 0.970000 0.802700 2.319288
v 0.970000 0.870311 2.275180
v 0.970000 0.890801 2.280670
v 0.970000 0.881693 2.273681
v 1.041544 0.723850 2.050000
v 1.057993 0.710074 2.050000
v 1.052190 0.710633 2.050000
v 1.052557 0.720291 2.050000
v 1.057993 0.710074 2.030000
v 1.041544 0.723850 2.030000
v 1.052190 0.710633 2.030000
v 1.052557 0.720291 2.030000
v 0.910000 0.809199 2.339330
v 0.910000 0.829689 2.344820
v 0.910000 0.818307 2.346319
v 0.910000 0.890311 2.309820
v 0.910000 0.895801 2.289330
v 0.910000 0.897300 2.300712
v 0.910000 0.809689 2.310179
v 0.910000 0.804199 2.330670
v 0.910000 0.802700 2.319288
v 0.910000 0.890801 2.280670
v 0.910000 0.870311 2.275180
v 0.910000 0.881693 2.273681
v 0.900000 0.829689 2.344820
v 0.900000 0.809199 2.339330
v 0.900000 0.818307 2.346319
v 0.900000 0.895801 2.289330
v 0.900000 0.890311 2.309820
v 0.900000 0.897300 2.300712
v 0.900000 0.804199 2.330670
v 0.900000 0.809689 2.310179
v 0.900000 0.802700 2.319288
v 0.900000 0.870311 2.275180
v 0.900000 0.890801 2.280670
v 0.900000 0.881693 2.273681
v 0.980000 0.829689 1.655180
v 0.980000 0.809199 1.660670
v 0.980000 0.818307 1.653681
v 0.980000 0.895801 1.710670
v 0.980000 0.890311 1.690179
v 0.980000 0.897300 1.699288
v 0.980000 0.804199 1.669330
v 0.980000 0.809689 1.689821
v 0.980000 0.802700 1.680712
v 0.980000 0.870311 1.724820
v 0.980000 0.890801 1.719330
v 0.980000 0.881693 1.726319
v 0.970000 0.809199 1.660670
v 0.970000 0.829689 1.655180
v 0.970000 0.818307 1.653681
v 0.970000 0.890311 1.690179
v 0.970000 0.895801 1.710670
v 0.970000 0.897300 1.699288
v 0.970000 0.809689 1.689821
v 0.970000 0.804199 1.669330
v 0.970000 0.802700 1.680712
v 0.970000 0.890801 1.719330
v 0.970000 0.870311 1.724820
v 0.970000 0.881693 1.726319
v 1.057993 0.710074 1.950000
v 1.041544 0.723850 1.950000
v 1.052190 0.710633 1.950000
v 1.052557 0.720291 1.950000
v 1.041544 0.723850 1.970000
v 1.057993 0.710074 1.970000
v 1.052190 0.710633 1.970000
v 1.052557 0.720291 1.970000
v 0.910000 0.829689 1.655180
v 0.910000 0.809199 1.660670
v 0.910000 0.818307 1.653681
v 0.910000 0.895801 1.710670
v 0.910000 0.890311 1.690179
v 0.910000 0.897300 1.699288
v 0.910000 0.804199 1.669330
v 0.910000 0.809689 1.689821
v 0.910000 0.802700 1.680712
v 0.910000 0.870311 1.724820
v 0.910000 0.890801 1.719330
v 0.910000 0.881693 1.726319
v 0.900000 0.809199 1.660670
v 0.900000 0.829689 1.655180
v 0.900000 0.818307 1.653681
v 0.900000 0.890311 1.690179
v 0.900000 0.895801 1.710670
v 0.900000 0.897300 1.699288
v 0.900000 0.809689 1.689821
v 0.900000 0.804199 1.669330
v 0.900000 0.802700 1.680712
v 0.900000 0.890801 1.719330
v 0.900000 0.870311 1.724820
v 0.900000 0.881693 1.726319
v 0.810000 0.662818 1.545064
v 0.810000 0.650651 1.562441
v 0.810000 0.653136 1.551232
v 0.810000 0.877157 1.522502
v 0.810000 0.859780 1.510334
v 0.810000 0.870988 1.512819
v 0.810000 0.652387 1.572289
v 0.810000 0.669764 1.584456
v 0.810000 0.658556 1.581971
v 0.810000 0.866726 1.549727
v 0.810000 0.878893 1.532350
v 0.810000 0.876408 1.543558
v 0.800000 0.650651 1.562441
v 0.800000 0.662818 1.545064
v 0.800000 0.653136 1.551232
v 0.800000 0.859780 1.510334
v 0.800000 0.877157 1.522502
v 0.800000 0.870988 1.512819
v 0.800000 0.669764 1.584456
v 0.800000 0.652387 1.572289
v 0.800000 0.658556 1.581971
v 0.800000 0.878893 1.532350
v 0.800000 0.866726 1.549727
v 0.800000 0.876408 1.543558
v 0.720000 0.662818 1.545064
v 0.720000 0.650651 1.562441
v 0.720000 0.653136 1.551232
v 0.720000 0.877157 1.522502
v 0.720000 0.859780 1.510334
v 0.720000 0.870988 1.512819
v 0.720000 0.652387 1.572289
v 0.720000 0.669764 1.584456
v 0.720000 0.658556 1.581971
v 0.720000 0.866726 1.549727
v 0.720000 0.878893 1.532350
v 0.720000 0.876408 1.543558
v 0.710000 0.650651 1.562441
v 0.710000 0.662818 1.545064
v 0.710000 0.653136 1.551232
v 0.710000 0.859780 1.510334
v 0.710000 0.877157 1.522502
v 0.710000 0.870988 1.512819
v 0.710000 0.669764 1.584456
v 0.710000 0.652387 1.572289
v 0.710000 0.658556 1.581971
v 0.710000 0.878893 1.532350
v 0.710000 0.866726 1.549727
v 0.710000 0.876408 1.543558
vn 1.0000 -0.0000 -0.0000
vn -0.0000 1.0000 -0.0000
vn -0.0000 -0.0000 1.0000
vn -0.0000 -1.0000 -0.0000
vn -1.0000 -0.0000 -0.0000
vn -0.0000 -0.0797 -0.9968
vn -0.0000 -0.0797 0.9968
vn -0.0000 -0.5145 0.8575
vn -0.0000 -0.8716 0.4903
vn -0.0000 0.2060 -0.9785
vn -0.7071 0.7071 -0.0000
vn -0.9950 0.0995 -0.0000
vn 0.3827 0.9239 -0.0000
vn 0.9239 0.3827 -0.0000
vn 0.9239 -0.3827 -0.0000
vn 0.3827 -0.9239 -0.0000
vn -0.3827 -0.9239 -0.0000
vn -0.9239 -0.3827 -0.0000
vn -0.9239 0.3827 -0.0000
vn -0.3827 0.9239 -0.0000
vn -0.1135 -0.9935 -0.0000
vn 0.9950 -0.0995 -0.0000
vn 0.5547 0.8321 -0.0000
vn -0.0000 -0.0000 -1.0000
vn -0.0000 0.3827 -0.9239
vn -0.0000 0.9239 -0.3827
vn -0.0000 0.9239 0.3827
vn -0.0000 0.3827 0.9239
vn -0.0000 -0.3827 0.9239
vn -0.0000 -0.9239 0.3827
vn -0.0000 -0.3827 -0.9239
vn -0.0000 -0.9239 -0.3827
vn -0.0995 0.9950 -0.0000
vn -0.8893 -0.0000 0.4573
vn 0.0283 0.9996 -0.0083
vn -0.9949 0.1010 -0.0033
vn -0.0283 -0.9996 -0.0083
vn 0.9949 -0.1010 -0.0032
vn -0.0000 -0.8872 0.4614
vn -0.0000 0.9806 -0.1961
vn -0.0000 -0.5145 -0.8575
vn -0.0000 -0.8716 -0.4903
vn -0.0000 0.2060 0.9785
vn -0.8893 -0.0000 -0.4573
vn 0.0283 0.9996 0.0083
vn -0.9949 0.1010 0.0032
vn -0.0283 -0.9996 0.0083
vn 0.9949 -0.1010 0.0032
vn -0.0000 -0.8872 -0.4614
vn -0.0000 0.9806 0.1961
vn -0.0000 -0.0980 0.9952
vn -0.0000 -0.4714 0.8819
vn -0.0000 0.0980 0.9952
vn -0.0000 -0.2903 0.9569
vn -0.0000 -0.9808 0.1951
vn -0.0000 0.8828 0.4698
vn -0.0000 -0.9952 0.0980
vn -0.0000 0.8819 0.4714
vn -0.0000 0.2903 -0.9569
vn -0.0000 -0.0980 -0.9952
vn -0.0000 0.4698 -0.8828
vn -0.0000 0.0980 -0.9952
vn -0.0000 0.4681 -0.8837
vn -0.0000 -0.0961 -0.9954
vn -0.0000 0.2903 -0.9570
vn -0.0000 -0.3420 0.9397
vn -0.0000 0.3420 -0.9397
vn -0.0000 -0.9397 -0.3420
vn -0.0000 -0.9914 0.1305
vn -0.0000 -0.7933 -0.6088
vn -0.0000 0.6088 -0.7934
vn -0.0000 -0.1305 -0.9914
vn -0.0000 -0.6088 0.7934
vn -0.0000 0.1305 0.9914
vn -0.0000 0.9914 -0.1305
vn -0.0000 0.7933 0.6088
vn -0.3074 0.9516 -0.0000
vn -0.8828 0.4697 -0.0000
vn -0.0000 -0.7934 -0.6088
vn -0.0000 0.7934 0.6088
vn -0.0000 -0.7933 0.6088
vn -0.0000 -0.9914 -0.1305
vn -0.0000 -0.1305 0.9914
vn -0.0000 0.6088 0.7934
vn -0.0000 0.1305 -0.9914
vn -0.0000 -0.6088 -0.7934
vn -0.0000 0.7933 -0.6088
vn -0.0000 0.9914 0.1305
vn -0.0000 -0.7934 0.6088
vn -0.0000 0.7934 -0.6088
vn -0.0000 -0.2164 0.9763
vn -0.0000 -0.8434 0.5373
vn -0.0000 0.5373 0.8434
vn -0.0000 0.9763 0.2164
vn -0.0000 -0.5373 -0.8434
vn -0.0000 -0.9763 -0.2164
vn -0.0000 0.2164 -0.9763
vn -0.0000 0.8434 -0.5373
vn -0.0000 -0.8660 0.5000
vn -0.0000 0.5000 0.8660
vn -0.0000 0.8660 -0.5000
vn -0.0000 -0.5000 -0.8660
vn 0.0767 0.9971 -0.0000
vn -0.0000 -0.8660 -0.5000
vn -0.0000 0.5000 -0.8660
vn -0.0000 0.8660 0.5000
vn -0.0000 -0.5000 0.8660
vn -0.0000 -0.9848 0.1736
vn -0.0000 -0.1736 -0.9848
vn -0.0000 0.9848 -0.1736
vn -0.0000 0.1736 0.9848
vn 0.7071 0.7071 -0.0000
vn 0.9950 0.0995 -0.0000
vn 0.1135 -0.9935 -0.0000
vn -0.9950 -0.0995 -0.0000
vn -0.5547 0.8321 -0.0000
vn 0.0995 0.9950 -0.0000
vn 0.8893 -0.0000 0.4573
vn -0.0283 0.9996 -0.0083
vn 0.9949 0.1010 -0.0032
vn 0.0283 -0.9996 -0.0083
vn -0.9949 -0.1010 -0.0032
vn 0.8893 -0.0000 -0.4573
vn -0.0283 0.9996 0.0083
vn 0.9949 0.1010 0.0033
vn 0.0283 -0.9996 0.0083
vn -0.9949 -0.1010 0.0032
vn 0.3074 0.9516 -0.0000
vn 0.8828 0.4697 -0.0000
vn -0.0767 0.9971 -0.0000
vt 0.375000 0.625000
vt 0.625000 0.625000
vt 0.625000 0.750000
vt 0.375000 0.750000
vt 0.864065 0.625000
vt 0.875000 0.625000
vt 0.875000 0.750000
vt 0.864065 0.750000
vt 0.375000 0.989085
vt 0.625000 0.989065
vt 0.625000 1.000000
vt 0.375000 1.000000
vt 0.860698 0.625000
vt 0.860698 0.750000
vt 0.500000 0.666667
vt 0.625000 0.666667
vt 0.500000 0.750000
vt 0.500000 1.000000
vt 0.125000 0.666667
vt 0.375000 0.666667
vt 0.125000 0.750000
vt 0.625000 0.083333
vt 0.625000 0.000000
vt 0.875000 0.666667
vt 0.125000 0.625000
vt 0.500000 0.625000
vt 0.500000 0.000000
vt 0.500000 0.250000
vt 0.625000 0.500000
vt 0.125000 0.500000
vt 0.375000 0.500000
vt 0.875000 0.500000
vt 0.500000 0.500000
vt 0.375000 0.250000
vt 0.375000 0.000000
vt 0.625000 0.125000
vt 0.375000 0.125000
vt 1.000000 0.675000
vt 1.000000 1.000000
vt 0.875000 1.000000
vt 0.875000 0.675000
vt 0.750000 1.000000
vt 0.750000 0.675000
vt 0.625000 0.675000
vt 0.500000 0.675000
vt 0.375000 0.675000
vt 0.250000 1.000000
vt 0.250000 0.675000
vt 0.419706 0.419706
vt 0.250000 0.490000
vt 0.080294 0.419706
vt 0.010000 0.250000
vt 0.080294 0.080294
vt 0.250000 0.010000
vt 0.419706 0.080294
vt 0.490000 0.250000
vt 0.125000 1.000000
vt 0.125000 0.675000
vt 0.000000 1.000000
vt 0.000000 0.675000
vt 0.000000 0.000000
vt 0.000000 0.500000
vt 0.250000 0.500000
vt 0.750000 0.500000
vt 1.000000 0.500000
vt 0.375000 0.031250
vt 0.625000 0.031250
vt 0.875000 0.718750
vt 0.625000 0.718750
vt 0.375000 0.718750
vt 0.125000 0.718750
vt 0.500000 0.083333
vt 0.500000 0.125000
vt 0.625000 0.250000
vt 0.750000 0.490000
vt 0.919706 0.419706
vt 0.990000 0.250000
vt 0.919706 0.080294
vt 0.750000 0.010000
vt 0.580294 0.080294
vt 0.510000 0.250000
vt 0.580294 0.419706
vt 0.375000 0.083333
vt 0.375000 0.125000
vt 0.375000 0.212500
vt 0.625000 0.212500
vt 0.125000 0.537500
vt 0.375000 0.537500
vt 0.625000 0.537500
vt 0.875000 0.537500
vt 0.139085 0.625000
vt 0.139085 0.750000
vt 0.135915 0.625000
vt 0.135915 0.750000
vt 0.375000 0.985915
vt 0.625000 0.985698
vt 0.375000 0.593750
vt 0.125000 0.593750
vt 0.378661 0.509153
vt 0.380492 0.236271
vt 0.412500 0.250000
vt 0.412500 0.500000
vt 0.875000 0.593750
vt 0.625000 0.593750
vt 0.621339 0.509153
vt 0.619508 0.236271
vt 0.587500 0.500000
vt 0.587500 0.250000
vt 0.125000 0.656250
vt 0.375000 0.656250
vt 0.378661 0.740847
vt 0.412500 0.750000
vt 0.412500 1.000000
vt 0.625000 0.656250
vt 0.875000 0.656250
vt 0.621339 0.740847
vt 0.587500 1.000000
vt 0.587500 0.750000
vt 0.731194 0.750000
vt 0.731194 0.500000
vt 0.587500 0.250000
vt 0.587500 0.500000
vt 0.619508 0.236271
vt 0.378661 0.740847
vt 0.587500 0.750000
vt 0.587500 1.000000
vt 0.621339 0.740847
vt 0.731194 0.500000
vt 0.731194 0.750000
vt 0.391304 0.500000
vt 0.391304 0.250000
vt 0.377388 0.236271
vt 0.376592 0.509153
vt 0.125000 0.593750
vt 0.375000 0.593750
vt 0.608696 0.250000
vt 0.608696 0.500000
vt 0.623408 0.509153
vt 0.622612 0.236271
vt 0.625000 0.593750
vt 0.875000 0.593750
vt 0.391304 1.000000
vt 0.391304 0.750000
vt 0.376592 0.740847
vt 0.125000 0.656250
vt 0.608696 0.750000
vt 0.608696 1.000000
vt 0.623408 0.740847
vt 0.875000 0.656250
vt 0.625000 0.656250
vt 0.608696 0.250000
vt 0.375000 0.093750
vt 0.385984 0.027459
vt 0.412500 0.000000
vt 0.587500 0.000000
vt 0.614017 0.027458
vt 0.625000 0.093750
vt 0.625000 0.156250
vt 0.375000 0.156250
vt 0.625000 0.856194
vt 0.481326 1.000000
vt 0.481326 0.250000
vt 0.625000 0.393806
vt 0.614017 0.027458
vt 0.481326 1.000000
vt 0.481326 0.250000
vt 0.391304 0.000000
vt 0.379775 0.027459
vt 0.375000 0.156250
vt 0.625000 0.156250
vt 0.625000 0.093750
vt 0.620225 0.027459
vt 0.608696 0.000000
s 0
f 6207/236/231 6208/237/231 6178/238/231 6177/239/231
f 6464/240/232 6206/241/232 6176/242/232 6462/243/232
f 6461/244/233 6462/245/233 6176/246/233 6175/247/233
f 6208/237/232 6465/248/232 6463/249/232 6178/238/232
f 6313/250/231 6186/251/231 6182/238/231 6312/252/231
f 6312/252/233 6182/238/233 6180/246/233 6311/253/233
f 6183/254/234 6185/255/234 6181/239/234 6179/256/234
f 6184/257/235 6180/258/235 6189/258/235 6190/257/235
f 6204/237/232 6202/241/232 6184/259/232 6186/251/232
f 6201/260/234 6203/236/234 6185/255/234 6183/254/234
f 6314/261/231 6204/237/231 6186/251/231 6313/250/231
f 6179/247/233 6311/253/233 6315/253/233 6274/247/233
f 6187/251/232 6190/259/232 6189/242/232 6188/238/232
f 6186/251/236 6184/259/236 6190/259/236 6187/251/236
f 6182/238/231 6186/251/231 6187/251/231 6188/238/231
f 6180/246/237 6182/238/237 6188/238/237 6189/246/237
f 6197/262/235 6192/258/235 6198/263/235
f 6199/264/231 6195/238/231 6200/252/231
f 6200/252/238 6195/238/238 6192/246/238 6197/253/238
f 6193/265/234 6196/266/234 6194/239/234 6191/256/234
f 6199/264/232 6198/267/232 6192/242/232 6195/238/232
f 6194/239/239 6200/252/239 6197/253/239 6191/247/239
f 6196/266/231 6199/268/231 6200/252/231 6194/239/231
f 6193/269/240 6198/263/240 6199/268/240 6196/266/240
f 6191/270/235 6197/262/235 6198/263/235 6193/269/235
f 6180/258/241 6184/257/241 6277/257/241 6275/258/241
f 6175/270/242 6176/258/242 6206/271/242 6205/272/242
f 6241/273/243 6214/274/243 6216/275/243 6242/276/243
f 6242/276/244 6216/275/244 6218/277/244 6243/278/244
f 6243/278/245 6218/277/245 6220/246/245 6244/279/245
f 6244/279/246 6220/246/246 6222/253/246 6245/280/246
f 6245/280/247 6222/253/247 6224/247/247 6246/281/247
f 6246/281/248 6224/247/248 6226/282/248 6247/283/248
f 6216/284/233 6214/285/233 6228/286/233 6226/287/233 6224/288/233 6222/289/233 6220/290/233 6218/291/233
f 6247/283/249 6226/282/249 6228/292/249 6248/293/249
f 6248/293/250 6228/292/250 6214/294/250 6241/295/250
f 6230/265/251 6233/266/251 6231/239/251 6229/256/251
f 6230/265/252 6229/256/252 6236/256/252 6235/265/252
f 6235/265/234 6236/256/234 6238/256/234 6237/265/234
f 6234/264/253 6232/238/253 6240/238/253 6239/264/253
f 6233/266/254 6234/264/254 6239/264/254
f 6232/238/233 6231/239/233 6240/238/233
f 6247/283/233 6248/293/233 6263/293/233 6261/283/233
f 6223/296/254 6221/296/254 6256/296/254 6258/296/254
f 6248/293/233 6241/295/233 6264/295/233 6263/293/233
f 6241/273/233 6242/276/233 6251/276/233 6264/273/233
f 6227/296/254 6225/296/254 6260/296/254 6262/296/254
f 6217/296/254 6215/296/254 6250/296/254 6252/296/254
f 6242/276/233 6243/278/233 6253/278/233 6251/276/233
f 6243/278/233 6244/279/233 6255/279/233 6253/278/233
f 6262/265/250 6263/293/250 6264/295/250 6249/297/250
f 6260/298/249 6261/283/249 6263/293/249 6262/265/249
f 6258/266/248 6259/281/248 6261/283/248 6260/298/248
f 6256/268/247 6257/280/247 6259/281/247 6258/266/247
f 6254/264/246 6255/279/246 6257/280/246 6256/268/246
f 6252/299/245 6253/278/245 6255/279/245 6254/264/245
f 6250/267/244 6251/276/244 6253/278/244 6252/299/244
f 6249/300/243 6264/273/243 6251/276/243 6250/267/243
f 6219/296/254 6217/296/254 6252/296/254 6254/296/254
f 6213/296/254 6227/296/254 6262/296/254 6249/296/254
f 6246/281/233 6247/283/233 6261/283/233 6259/281/233
f 6215/296/254 6213/296/254 6249/296/254 6250/296/254
f 6245/280/233 6246/281/233 6259/281/233 6257/280/233
f 6225/296/254 6223/296/254 6258/296/254 6260/296/254
f 6244/279/233 6245/280/233 6257/280/233 6255/279/233
f 6221/296/254 6219/296/254 6254/296/254 6256/296/254
f 6209/296/254 6211/296/254 6268/296/254 6270/296/254
f 6210/296/254 6209/296/254 6270/296/254 6266/296/254
f 6271/301/235 6265/302/235 6266/271/235 6270/272/235
f 6269/237/232 6266/241/232 6265/303/232 6272/304/232
f 6270/260/234 6268/236/234 6267/305/234 6271/306/234
f 6268/236/231 6269/237/231 6272/304/231 6267/305/231
f 6211/296/254 6212/296/254 6269/296/254 6268/296/254
f 6212/296/254 6210/296/254 6266/296/254 6269/296/254
f 6315/262/235 6275/258/235 6277/257/235 6316/307/235
f 6316/307/235 6277/257/235 6278/271/235 6317/308/235
f 6311/253/233 6180/246/233 6275/246/233 6315/253/233
f 6184/259/241 6202/241/241 6278/241/241 6277/259/241
f 6201/260/234 6183/254/234 6273/254/234 6276/260/234
f 6183/254/234 6179/256/234 6274/256/234 6273/254/234
f 6306/247/231 6305/246/231 6302/246/231 6299/247/231
f 6295/265/255 6296/292/255 6281/294/255 6282/297/255
f 6309/267/235 6310/264/235 6300/264/235 6301/267/235
f 6293/298/256 6294/282/256 6296/292/256 6295/265/256
f 6279/264/234 6299/264/234 6423/264/234 6421/264/234
f 6291/266/257 6292/247/257 6294/282/257 6293/298/257
f 6303/270/232 6307/258/232 6309/309/232 6305/269/232
f 6289/268/258 6290/253/258 6292/247/258 6291/266/258
f 6308/269/234 6304/309/234 6306/264/234 6310/266/234
f 6287/264/259 6288/246/259 6290/253/259 6289/268/259
f 6305/269/232 6309/309/232 6301/309/232 6302/269/232
f 6285/299/260 6286/277/260 6288/246/260 6287/264/260
f 6303/270/232 6305/269/232 6424/269/232 6426/270/232
f 6308/238/235 6307/242/235 6430/242/235 6431/238/235
f 6282/300/261 6281/274/261 6284/275/261 6283/267/261
f 6310/264/235 6309/267/235 6307/242/235 6308/238/235
f 6283/267/262 6284/275/262 6286/277/262 6285/299/262
f 6282/310/235 6283/311/235 6285/312/235 6287/313/235 6289/314/235 6291/315/235 6293/316/235 6295/317/235
f 6317/296/254 6276/296/254 6320/296/254 6322/296/254
f 6274/247/233 6315/253/233 6323/253/233 6319/247/233
f 6203/236/231 6314/261/231 6313/250/231 6185/255/231
f 6181/239/233 6312/252/233 6311/253/233 6179/247/233
f 6185/255/231 6313/250/231 6312/252/231 6181/239/231
f 6318/318/235 6321/307/235 6322/308/235 6320/319/235
f 6319/270/235 6323/262/235 6321/307/235 6318/318/235
f 6315/262/263 6316/307/263 6321/307/263 6323/262/263
f 6276/260/234 6273/254/234 6318/254/234 6320/260/234
f 6273/254/234 6274/256/234 6319/256/234 6318/254/234
f 6316/307/263 6317/308/263 6322/308/263 6321/307/263
f 6332/320/233 6333/321/233 6336/321/233 6339/320/233
f 6326/269/254 6327/309/254 6331/264/254 6330/266/254
f 6328/239/233 6329/238/233 6325/246/233 6324/247/233
f 6332/322/234 6334/323/234 6328/239/234 6324/256/234
f 6335/324/232 6333/325/232 6325/242/232 6329/238/232
f 6331/264/232 6327/267/232 6333/325/232 6335/324/232
f 6326/265/234 6330/266/234 6334/323/234 6332/322/234
f 6324/270/235 6325/258/235 6333/321/235 6332/320/235
f 6339/320/235 6336/321/235 6337/309/235 6338/269/235
f 6327/309/254 6326/269/254 6338/269/254 6337/309/254
f 6326/265/234 6332/322/234 6339/322/234 6338/265/234
f 6333/325/232 6327/267/232 6337/267/232 6336/325/232
f 6354/265/255 6355/292/255 6340/294/255 6341/297/255
f 6352/298/256 6353/282/256 6355/292/256 6354/265/256
f 6350/266/257 6351/247/257 6353/282/257 6352/298/257
f 6348/268/258 6349/253/258 6351/247/258 6350/266/258
f 6346/264/259 6347/246/259 6349/253/259 6348/268/259
f 6344/299/260 6345/277/260 6347/246/260 6346/264/260
f 6341/300/261 6340/274/261 6343/275/261 6342/267/261
f 6342/267/262 6343/275/262 6345/277/262 6344/299/262
f 6341/310/235 6342/311/235 6344/312/235 6346/313/235 6348/314/235 6350/315/235 6352/316/235 6354/317/235
f 6370/310/235 6369/311/235 6367/312/235 6365/313/235 6363/314/235 6361/315/235 6359/316/235 6357/317/235
f 6369/267/262 6368/275/262 6366/277/262 6367/299/262
f 6370/300/261 6371/274/261 6368/275/261 6369/267/261
f 6367/299/260 6366/277/260 6364/246/260 6365/264/260
f 6365/264/259 6364/246/259 6362/253/259 6363/268/259
f 6363/268/258 6362/253/258 6360/247/258 6361/266/258
f 6361/266/257 6360/247/257 6358/282/257 6359/298/257
f 6359/298/256 6358/282/256 6356/292/256 6357/265/256
f 6357/265/255 6356/292/255 6371/294/255 6370/297/255
f 6386/310/235 6385/311/235 6383/312/235 6381/313/235 6379/314/235 6377/315/235 6375/316/235 6373/317/235
f 6385/267/262 6384/275/262 6382/277/262 6383/299/262
f 6386/300/261 6387/274/261 6384/275/261 6385/267/261
f 6383/299/260 6382/277/260 6380/246/260 6381/264/260
f 6381/264/259 6380/246/259 6378/253/259 6379/268/259
f 6379/268/258 6378/253/258 6376/247/258 6377/266/258
f 6377/266/257 6376/247/257 6374/282/257 6375/298/257
f 6375/298/256 6374/282/256 6372/292/256 6373/265/256
f 6373/265/255 6372/292/255 6387/294/255 6386/297/255
f 6402/265/255 6403/292/255 6388/294/255 6389/297/255
f 6400/298/256 6401/282/256 6403/292/256 6402/265/256
f 6398/266/257 6399/247/257 6401/282/257 6400/298/257
f 6396/268/258 6397/253/258 6399/247/258 6398/266/258
f 6394/264/259 6395/246/259 6397/253/259 6396/268/259
f 6392/299/260 6393/277/260 6395/246/260 6394/264/260
f 6389/300/261 6388/274/261 6391/275/261 6390/267/261
f 6390/267/262 6391/275/262 6393/277/262 6392/299/262
f 6389/310/235 6390/311/235 6392/312/235 6394/313/235 6396/314/235 6398/315/235 6400/316/235 6402/317/235
f 6418/310/235 6417/311/235 6415/312/235 6413/313/235 6411/314/235 6409/315/235 6407/316/235 6405/317/235
f 6417/267/262 6416/275/262 6414/277/262 6415/299/262
f 6418/300/261 6419/274/261 6416/275/261 6417/267/261
f 6415/299/260 6414/277/260 6412/246/260 6413/264/260
f 6413/264/259 6412/246/259 6410/253/259 6411/268/259
f 6411/268/258 6410/253/258 6408/247/258 6409/266/258
f 6409/266/257 6408/247/257 6406/282/257 6407/298/257
f 6407/298/256 6406/282/256 6404/292/256 6405/265/256
f 6405/265/255 6404/292/255 6419/294/255 6418/297/255
f 6310/266/234 6306/264/234 6299/264/234 6300/266/234
f 6279/266/233 6280/264/233 6297/238/233 6298/239/233
f 6301/267/235 6300/264/235 6298/264/235 6297/267/235
f 6302/269/232 6301/309/232 6297/309/232 6280/269/232
f 6300/266/234 6299/264/234 6279/264/234 6298/266/234
f 6423/247/231 6422/246/231 6420/246/231 6421/247/231
f 6427/239/231 6426/238/231 6424/246/231 6425/247/231
f 6305/246/233 6306/247/233 6425/247/233 6424/246/233
f 6299/247/254 6302/246/254 6422/246/254 6423/247/254
f 6306/264/234 6304/309/234 6427/309/234 6425/264/234
f 6280/264/233 6279/266/233 6421/266/233 6420/264/233
f 6302/269/232 6280/269/232 6420/269/232 6422/269/232
f 6304/256/254 6303/239/254 6426/239/254 6427/256/254
f 6431/265/254 6430/266/254 6428/239/254 6429/256/254
f 6307/258/232 6303/270/232 6428/270/232 6430/258/232
f 6304/309/234 6308/269/234 6431/269/234 6429/309/234
f 6303/239/231 6304/256/231 6429/256/231 6428/239/231
f 6432/270/264 6433/258/264 6435/309/264 6434/269/264
f 6444/239/233 6445/238/233 6441/246/233 6440/247/233
f 6440/270/264 6441/258/264 6443/309/264 6442/269/264
f 6436/239/233 6437/238/233 6433/246/233 6432/247/233
f 6434/265/234 6438/266/234 6436/239/234 6432/256/234
f 6439/264/232 6435/267/232 6433/242/232 6437/238/232
f 6442/265/234 6446/266/234 6444/239/234 6440/256/234
f 6447/264/232 6443/267/232 6441/242/232 6445/238/232
f 6452/239/233 6453/238/233 6449/246/233 6448/247/233
f 6448/270/264 6449/258/264 6451/309/264 6450/269/264
f 6450/265/234 6454/266/234 6452/239/234 6448/256/234
f 6455/264/232 6451/267/232 6449/242/232 6453/238/232
f 6458/240/265 6457/243/265 6456/249/265 6459/248/265
f 6466/326/234 6207/236/234 6177/239/234 6460/327/234
f 6205/260/234 6467/328/234 6461/329/234 6175/256/234
f 6460/330/266 6463/331/266 6456/331/266 6470/330/266
f 6465/296/233 6464/296/233 6458/296/233 6459/296/233
f 6467/296/233 6466/296/233 6469/296/233 6468/296/233
f 6177/239/233 6178/238/233 6463/331/233 6460/330/233
f 6469/326/267 6470/327/267 6471/329/267 6468/328/267
f 6457/245/233 6471/244/233 6470/330/233 6456/331/233
f 6461/329/231 6467/328/231 6468/328/231 6471/329/231
f 6466/326/235 6460/327/235 6470/327/235 6469/326/235
f 6463/249/235 6465/248/235 6459/248/235 6456/249/235
f 6464/240/231 6462/243/231 6457/243/231 6458/240/231
f 6462/245/268 6461/244/268 6471/244/268 6457/245/268
f 6484/275/261 6487/274/261 6496/274/261 6497/275/261
f 6475/282/257 6477/247/257 6501/247/257 6502/282/257
f 6479/253/259 6481/246/259 6499/246/259 6500/253/259
f 6477/247/258 6479/253/258 6500/253/258 6501/247/258
f 6487/294/255 6472/292/255 6503/292/255 6496/294/255
f 6481/246/260 6482/277/260 6498/277/260 6499/246/260
f 6482/277/262 6484/275/262 6497/275/262 6498/277/262
f 6487/310/235 6484/311/235 6482/312/235 6481/313/235 6479/314/235 6477/315/235 6475/316/235 6472/317/235
f 6473/310/235 6474/311/235 6476/312/235 6478/313/235 6480/314/235 6483/315/235 6485/316/235 6486/317/235
f 6476/277/262 6474/275/262 6489/275/262 6490/277/262
f 6478/246/260 6476/277/260 6490/277/260 6491/246/260
f 6473/294/255 6486/292/255 6495/292/255 6488/294/255
f 6483/247/258 6480/253/258 6492/253/258 6493/247/258
f 6480/253/259 6478/246/259 6491/246/259 6492/253/259
f 6485/282/257 6483/247/257 6493/247/257 6494/282/257
f 6474/275/261 6473/274/261 6488/274/261 6489/275/261
f 6486/292/256 6485/282/256 6494/282/256 6495/292/256
f 6493/247/231 6492/253/231 6491/246/231 6490/277/231 6489/275/231 6488/294/231 6495/292/231 6494/282/231
f 6472/292/256 6475/282/256 6502/282/256 6503/292/256
f 6501/247/231 6500/253/231 6499/246/231 6498/277/231 6497/275/231 6496/294/231 6503/292/231 6502/282/231
f 6505/258/235 6504/270/235 6508/270/235 6509/258/235
f 6515/305/231 6513/304/231 6507/238/231 6506/239/231
f 6512/306/234 6515/305/234 6506/239/234 6504/256/234
f 6513/304/232 6514/303/232 6505/242/232 6507/238/232
f 6511/239/233 6510/238/233 6509/246/233 6508/247/233
f 6504/256/269 6506/239/269 6511/239/269 6508/256/269
f 6507/238/270 6505/242/270 6509/242/270 6510/238/270
f 6506/239/231 6507/238/231 6510/238/231 6511/239/231
f 6504/270/235 6505/258/235 6514/302/235 6512/301/235
f 6265/306/233 6271/306/233 6267/305/233 6272/304/233
f 6207/236/231 6518/239/231 6519/238/231 6208/237/231
f 6464/240/232 6763/243/232 6517/242/232 6206/241/232
f 6762/244/254 6516/247/254 6517/246/254 6763/245/254
f 6208/237/232 6519/238/232 6764/249/232 6465/248/232
f 6620/250/231 6619/252/231 6523/238/231 6527/251/231
f 6619/252/254 6618/253/254 6521/246/254 6523/238/254
f 6524/254/234 6520/256/234 6522/239/234 6526/255/234
f 6525/257/235 6531/257/235 6530/258/235 6521/258/235
f 6204/237/232 6527/251/232 6525/259/232 6202/241/232
f 6201/260/234 6524/254/234 6526/255/234 6203/236/234
f 6314/261/231 6620/250/231 6527/251/231 6204/237/231
f 6520/247/254 6583/247/254 6621/253/254 6618/253/254
f 6528/251/232 6529/238/232 6530/242/232 6531/259/232
f 6527/251/237 6528/251/237 6531/259/237 6525/259/237
f 6523/238/231 6529/238/231 6528/251/231 6527/251/231
f 6521/246/236 6530/246/236 6529/238/236 6523/238/236
f 6538/262/235 6539/263/235 6533/258/235
f 6540/264/231 6541/252/231 6536/238/231
f 6541/252/271 6538/253/271 6533/246/271 6536/238/271
f 6534/265/234 6532/256/234 6535/239/234 6537/266/234
f 6540/264/232 6536/238/232 6533/242/232 6539/267/232
f 6535/239/272 6532/247/272 6538/253/272 6541/252/272
f 6537/266/231 6535/239/231 6541/252/231 6540/268/231
f 6534/269/273 6537/266/273 6540/268/273 6539/263/273
f 6532/270/235 6534/269/235 6539/263/235 6538/262/235
f 6521/258/241 6584/258/241 6585/257/241 6525/257/241
f 6516/270/242 6205/272/242 6206/271/242 6517/258/242
f 6562/273/243 6563/276/243 6543/275/243 6542/274/243
f 6563/276/244 6564/278/244 6544/277/244 6543/275/244
f 6564/278/245 6565/279/245 6545/246/245 6544/277/245
f 6565/279/246 6566/280/246 6546/253/246 6545/246/246
f 6566/280/247 6567/281/247 6547/247/247 6546/253/247
f 6567/281/248 6568/283/248 6548/282/248 6547/247/248
f 6543/284/254 6544/291/254 6545/290/254 6546/289/254 6547/288/254 6548/287/254 6549/286/254 6542/285/254
f 6568/283/249 6569/293/249 6549/292/249 6548/282/249
f 6569/293/250 6562/295/250 6542/294/250 6549/292/250
f 6551/265/251 6550/256/251 6552/239/251 6554/266/251
f 6551/265/252 6556/265/252 6557/256/252 6550/256/252
f 6556/265/234 6558/265/234 6559/256/234 6557/256/234
f 6555/264/253 6560/264/253 6561/238/253 6553/238/253
f 6554/266/233 6560/264/233 6555/264/233
f 6553/238/254 6561/238/254 6552/239/254
f 6568/283/254 6575/283/254 6576/293/254 6569/293/254
f 6569/293/254 6576/293/254 6577/295/254 6562/295/254
f 6562/273/254 6577/273/254 6570/276/254 6563/276/254
f 6563/276/254 6570/276/254 6571/278/254 6564/278/254
f 6564/278/254 6571/278/254 6572/279/254 6565/279/254
f 6262/265/250 6249/297/250 6577/295/250 6576/293/250
f 6260/298/249 6262/265/249 6576/293/249 6575/283/249
f 6258/266/248 6260/298/248 6575/283/248 6574/281/248
f 6256/268/247 6258/266/247 6574/281/247 6573/280/247
f 6254/264/246 6256/268/246 6573/280/246 6572/279/246
f 6252/299/245 6254/264/245 6572/279/245 6571/278/245
f 6250/267/244 6252/299/244 6571/278/244 6570/276/244
f 6249/300/243 6250/267/243 6570/276/243 6577/273/243
f 6567/281/254 6574/281/254 6575/283/254 6568/283/254
f 6566/280/254 6573/280/254 6574/281/254 6567/281/254
f 6565/279/254 6572/279/254 6573/280/254 6566/280/254
f 6580/301/235 6270/272/235 6266/271/235 6578/302/235
f 6269/237/232 6581/304/232 6578/303/232 6266/241/232
f 6270/260/234 6580/306/234 6579/305/234 6268/236/234
f 6268/236/231 6579/305/231 6581/304/231 6269/237/231
f 6621/262/235 6622/307/235 6585/257/235 6584/258/235
f 6622/307/235 6317/308/235 6278/271/235 6585/257/235
f 6618/253/254 6621/253/254 6584/246/254 6521/246/254
f 6525/259/241 6585/259/241 6278/241/241 6202/241/241
f 6201/260/234 6276/260/234 6582/254/234 6524/254/234
f 6524/254/234 6582/254/234 6583/256/234 6520/256/234
f 6613/247/231 6606/247/231 6609/246/231 6612/246/231
f 6602/265/258 6589/297/258 6588/294/258 6603/292/258
f 6616/267/235 6608/267/235 6607/264/235 6617/264/235
f 6600/298/257 6602/265/257 6603/292/257 6601/282/257
f 6586/264/234 6724/264/234 6726/264/234 6606/264/234
f 6598/266/256 6600/298/256 6601/282/256 6599/247/256
f 6610/270/232 6612/269/232 6616/309/232 6614/258/232
f 6596/268/255 6598/266/255 6599/247/255 6597/253/255
f 6615/269/234 6617/266/234 6613/264/234 6611/309/234
f 6594/264/261 6596/268/261 6597/253/261 6595/246/261
f 6612/269/232 6609/269/232 6608/309/232 6616/309/232
f 6592/299/262 6594/264/262 6595/246/262 6593/277/262
f 6610/270/232 6729/270/232 6727/269/232 6612/269/232
f 6615/238/235 6734/238/235 6733/242/235 6614/242/235
f 6589/300/259 6590/267/259 6591/275/259 6588/274/259
f 6617/264/235 6615/238/235 6614/242/235 6616/267/235
f 6590/267/260 6592/299/260 6593/277/260 6591/275/260
f 6589/310/235 6602/317/235 6600/316/235 6598/315/235 6596/314/235 6594/313/235 6592/312/235 6590/311/235
f 6583/247/254 6624/247/254 6626/253/254 6621/253/254
f 6203/236/231 6526/255/231 6620/250/231 6314/261/231
f 6522/239/254 6520/247/254 6618/253/254 6619/252/254
f 6526/255/231 6522/239/231 6619/252/231 6620/250/231
f 6623/318/235 6320/319/235 6322/308/235 6625/307/235
f 6624/270/235 6623/318/235 6625/307/235 6626/262/235
f 6621/262/263 6626/262/263 6625/307/263 6622/307/263
f 6276/260/234 6320/260/234 6623/254/234 6582/254/234
f 6582/254/234 6623/254/234 6624/256/234 6583/256/234
f 6622/307/263 6625/307/263 6322/308/263 6317/308/263
f 6635/320/254 6642/320/254 6639/321/254 6636/321/254
f 6629/269/233 6633/266/233 6634/264/233 6630/309/233
f 6631/239/254 6627/247/254 6628/246/254 6632/238/254
f 6635/322/234 6627/256/234 6631/239/234 6637/323/234
f 6638/324/232 6632/238/232 6628/242/232 6636/325/232
f 6634/264/232 6638/324/232 6636/325/232 6630/267/232
f 6629/265/234 6635/322/234 6637/323/234 6633/266/234
f 6627/270/235 6635/320/235 6636/321/235 6628/258/235
f 6642/320/235 6641/269/235 6640/309/235 6639/321/235
f 6630/309/233 6640/309/233 6641/269/233 6629/269/233
f 6629/265/234 6641/265/234 6642/322/234 6635/322/234
f 6636/325/232 6639/325/232 6640/267/232 6630/267/232
f 6657/265/258 6644/297/258 6643/294/258 6658/292/258
f 6655/298/257 6657/265/257 6658/292/257 6656/282/257
f 6653/266/256 6655/298/256 6656/282/256 6654/247/256
f 6651/268/255 6653/266/255 6654/247/255 6652/253/255
f 6649/264/261 6651/268/261 6652/253/261 6650/246/261
f 6647/299/262 6649/264/262 6650/246/262 6648/277/262
f 6644/300/259 6645/267/259 6646/275/259 6643/274/259
f 6645/267/260 6647/299/260 6648/277/260 6646/275/260
f 6644/310/235 6657/317/235 6655/316/235 6653/315/235 6651/314/235 6649/313/235 6647/312/235 6645/311/235
f 6673/310/235 6660/317/235 6662/316/235 6664/315/235 6666/314/235 6668/313/235 6670/312/235 6672/311/235
f 6672/267/260 6670/299/260 6669/277/260 6671/275/260
f 6673/300/259 6672/267/259 6671/275/259 6674/274/259
f 6670/299/262 6668/264/262 6667/246/262 6669/277/262
f 6668/264/261 6666/268/261 6665/253/261 6667/246/261
f 6666/268/255 6664/266/255 6663/247/255 6665/253/255
f 6664/266/256 6662/298/256 6661/282/256 6663/247/256
f 6662/298/257 6660/265/257 6659/292/257 6661/282/257
f 6660/265/258 6673/297/258 6674/294/258 6659/292/258
f 6689/310/235 6676/317/235 6678/316/235 6680/315/235 6682/314/235 6684/313/235 6686/312/235 6688/311/235
f 6688/267/260 6686/299/260 6685/277/260 6687/275/260
f 6689/300/259 6688/267/259 6687/275/259 6690/274/259
f 6686/299/262 6684/264/262 6683/246/262 6685/277/262
f 6684/264/261 6682/268/261 6681/253/261 6683/246/261
f 6682/268/255 6680/266/255 6679/247/255 6681/253/255
f 6680/266/256 6678/298/256 6677/282/256 6679/247/256
f 6678/298/257 6676/265/257 6675/292/257 6677/282/257
f 6676/265/258 6689/297/258 6690/294/258 6675/292/258
f 6705/265/258 6692/297/258 6691/294/258 6706/292/258
f 6703/298/257 6705/265/257 6706/292/257 6704/282/257
f 6701/266/256 6703/298/256 6704/282/256 6702/247/256
f 6699/268/255 6701/266/255 6702/247/255 6700/253/255
f 6697/264/261 6699/268/261 6700/253/261 6698/246/261
f 6695/299/262 6697/264/262 6698/246/262 6696/277/262
f 6692/300/259 6693/267/259 6694/275/259 6691/274/259
f 6693/267/260 6695/299/260 6696/277/260 6694/275/260
f 6692/310/235 6705/317/235 6703/316/235 6701/315/235 6699/314/235 6697/313/235 6695/312/235 6693/311/235
f 6721/310/235 6708/317/235 6710/316/235 6712/315/235 6714/314/235 6716/313/235 6718/312/235 6720/311/235
f 6720/267/260 6718/299/260 6717/277/260 6719/275/260
f 6721/300/259 6720/267/259 6719/275/259 6722/274/259
f 6718/299/262 6716/264/262 6715/246/262 6717/277/262
f 6716/264/261 6714/268/261 6713/253/261 6715/246/261
f 6714/268/255 6712/266/255 6711/247/255 6713/253/255
f 6712/266/256 6710/298/256 6709/282/256 6711/247/256
f 6710/298/257 6708/265/257 6707/292/257 6709/282/257
f 6708/265/258 6721/297/258 6722/294/258 6707/292/258
f 6617/266/234 6607/266/234 6606/264/234 6613/264/234
f 6586/266/254 6605/239/254 6604/238/254 6587/264/254
f 6608/267/235 6604/267/235 6605/264/235 6607/264/235
f 6609/269/232 6587/269/232 6604/309/232 6608/309/232
f 6607/266/234 6605/266/234 6586/264/234 6606/264/234
f 6726/247/231 6724/247/231 6723/246/231 6725/246/231
f 6730/239/231 6728/247/231 6727/246/231 6729/238/231
f 6612/246/254 6727/246/254 6728/247/254 6613/247/254
f 6606/247/233 6726/247/233 6725/246/233 6609/246/233
f 6613/264/234 6728/264/234 6730/309/234 6611/309/234
f 6587/264/254 6723/264/254 6724/266/254 6586/266/254
f 6609/269/232 6725/269/232 6723/269/232 6587/269/232
f 6611/256/233 6730/256/233 6729/239/233 6610/239/233
f 6734/265/233 6732/256/233 6731/239/233 6733/266/233
f 6614/258/232 6733/258/232 6731/270/232 6610/270/232
f 6611/309/234 6732/309/234 6734/269/234 6615/269/234
f 6610/239/231 6731/239/231 6732/256/231 6611/256/231
f 6735/270/274 6737/269/274 6738/309/274 6736/258/274
f 6747/239/254 6743/247/254 6744/246/254 6748/238/254
f 6743/270/274 6745/269/274 6746/309/274 6744/258/274
f 6739/239/254 6735/247/254 6736/246/254 6740/238/254
f 6737/265/234 6735/256/234 6739/239/234 6741/266/234
f 6742/264/232 6740/238/232 6736/242/232 6738/267/232
f 6745/265/234 6743/256/234 6747/239/234 6749/266/234
f 6750/264/232 6748/238/232 6744/242/232 6746/267/232
f 6755/239/254 6751/247/254 6752/246/254 6756/238/254
f 6751/270/274 6753/269/274 6754/309/274 6752/258/274
f 6753/265/234 6751/256/234 6755/239/234 6757/266/234
f 6758/264/232 6756/238/232 6752/242/232 6754/267/232
f 6458/240/275 6459/248/275 6759/249/275 6760/243/275
f 6466/326/234 6761/327/234 6518/239/234 6207/236/234
f 6205/260/234 6516/256/234 6762/329/234 6467/328/234
f 6761/330/276 6765/330/276 6759/331/276 6764/331/276
f 6518/239/254 6761/330/254 6764/331/254 6519/238/254
f 6469/326/277 6468/328/277 6766/329/277 6765/327/277
f 6760/245/254 6759/331/254 6765/330/254 6766/244/254
f 6762/329/231 6766/329/231 6468/328/231 6467/328/231
f 6466/326/235 6469/326/235 6765/327/235 6761/327/235
f 6764/249/235 6759/249/235 6459/248/235 6465/248/235
f 6464/240/231 6458/240/231 6760/243/231 6763/243/231
f 6763/245/278 6760/245/278 6766/244/278 6762/244/278
f 6779/275/259 6792/275/259 6791/274/259 6782/274/259
f 6770/282/256 6797/282/256 6796/247/256 6772/247/256
f 6774/253/261 6795/253/261 6794/246/261 6776/246/261
f 6772/247/255 6796/247/255 6795/253/255 6774/253/255
f 6782/294/258 6791/294/258 6798/292/258 6767/292/258
f 6776/246/262 6794/246/262 6793/277/262 6777/277/262
f 6777/277/260 6793/277/260 6792/275/260 6779/275/260
f 6782/310/235 6767/317/235 6770/316/235 6772/315/235 6774/314/235 6776/313/235 6777/312/235 6779/311/235
f 6768/310/235 6781/317/235 6780/316/235 6778/315/235 6775/314/235 6773/313/235 6771/312/235 6769/311/235
f 6771/277/260 6785/277/260 6784/275/260 6769/275/260
f 6773/246/262 6786/246/262 6785/277/262 6771/277/262
f 6768/294/258 6783/294/258 6790/292/258 6781/292/258
f 6778/247/255 6788/247/255 6787/253/255 6775/253/255
f 6775/253/261 6787/253/261 6786/246/261 6773/246/261
f 6780/282/256 6789/282/256 6788/247/256 6778/247/256
f 6769/275/259 6784/275/259 6783/274/259 6768/274/259
f 6781/292/257 6790/292/257 6789/282/257 6780/282/257
f 6788/247/231 6789/282/231 6790/292/231 6783/294/231 6784/275/231 6785/277/231 6786/246/231 6787/253/231
f 6767/292/257 6798/292/257 6797/282/257 6770/282/257
f 6796/247/231 6797/282/231 6798/292/231 6791/294/231 6792/275/231 6793/277/231 6794/246/231 6795/253/231
f 6800/258/235 6804/258/235 6803/270/235 6799/270/235
f 6810/305/231 6801/239/231 6802/238/231 6808/304/231
f 6807/306/234 6799/256/234 6801/239/234 6810/305/234
f 6808/304/232 6802/238/232 6800/242/232 6809/303/232
f 6806/239/254 6803/247/254 6804/246/254 6805/238/254
f 6799/256/279 6803/256/279 6806/239/279 6801/239/279
f 6802/238/280 6805/238/280 6804/242/280 6800/242/280
f 6801/239/231 6806/239/231 6805/238/231 6802/238/231
f 6799/270/235 6807/301/235 6809/302/235 6800/258/235
f 6578/306/254 6581/304/254 6579/305/254 6580/306/254
f 6849/296/281 6848/296/281 6831/296/281 6832/296/281
f 6845/296/282 6844/296/282 6833/296/282 6834/296/282
f 6848/296/283 6842/296/283 6830/296/283 6831/296/283
f 6844/296/284 6849/296/284 6832/296/284 6833/296/284
f 6855/296/285 6830/296/285 6842/296/285 6858/296/285
f 6865/296/231 6871/296/231 6878/296/231 6837/296/231
f 6829/296/235 6882/296/235 6873/296/235 6870/296/235
f 6836/296/286 6885/296/286 6886/296/286 6827/296/286
f 6824/296/287 6889/296/287 6890/296/287 6839/296/287
f 6834/296/288 6852/296/288 6859/296/288 6845/296/288
f 6830/296/231 6855/296/231 6854/296/231 6831/296/231
f 6818/296/235 6826/296/235 6861/296/235 6819/296/235
f 6831/296/231 6854/296/231 6853/296/231 6832/296/231
f 6819/296/235 6861/296/235 6860/296/235 6820/296/235
f 6832/296/231 6853/296/231 6851/296/231 6833/296/231
f 6816/296/235 6857/296/235 6828/296/235 6817/296/235
f 6845/296/288 6859/296/288 6856/296/288 6846/296/288
f 6858/296/285 6842/296/285 6841/296/285 6864/296/285
f 6846/296/288 6856/296/288 6857/296/288 6816/296/288
f 6833/296/231 6851/296/231 6852/296/231 6834/296/231
f 6817/296/235 6828/296/235 6826/296/235 6818/296/235
f 6864/296/285 6841/296/285 6820/296/285 6860/296/285
f 6822/296/231 6880/296/231 6871/296/231 6865/296/231
f 6866/296/289 6868/296/289 6867/296/289 6823/296/289
f 6815/296/231 6884/296/231 6874/296/231 6812/296/231
f 6869/296/290 6821/296/290 6858/296/290 6864/296/290
f 6827/296/235 6886/296/235 6877/296/235 6863/296/235
f 6856/296/291 6859/296/291 6868/296/291 6866/296/291
f 6835/296/235 6888/296/235 6875/296/235 6838/296/235
f 6823/296/292 6867/296/292 6821/296/292 6869/296/292
f 6817/296/284 6818/296/284 6850/296/284 6843/296/284
f 6843/296/284 6850/296/284 6849/296/284 6844/296/284
f 6819/296/283 6820/296/283 6841/296/283 6847/296/283
f 6847/296/283 6841/296/283 6842/296/283 6848/296/283
f 6816/296/282 6817/296/282 6843/296/282 6846/296/282
f 6846/296/282 6843/296/282 6844/296/282 6845/296/282
f 6818/296/281 6819/296/281 6847/296/281 6850/296/281
f 6850/296/281 6847/296/281 6848/296/281 6849/296/281
f 6813/296/291 6852/296/291 6851/296/291 6814/296/291
f 6814/296/289 6851/296/289 6853/296/289 6811/296/289
f 6811/296/292 6853/296/292 6854/296/292 6812/296/292
f 6812/296/290 6854/296/290 6855/296/290 6815/296/290
f 6827/296/291 6857/296/291 6856/296/291 6836/296/291
f 6815/296/290 6855/296/290 6858/296/290 6840/296/290
f 6835/296/291 6859/296/291 6852/296/291 6813/296/291
f 6824/296/290 6860/296/290 6861/296/290 6825/296/290
f 6825/296/292 6861/296/292 6826/296/292 6862/296/292
f 6862/296/289 6826/296/289 6828/296/289 6863/296/289
f 6863/296/291 6828/296/291 6857/296/291 6827/296/291
f 6839/296/290 6864/296/290 6860/296/290 6824/296/290
f 6837/296/289 6866/296/289 6823/296/289 6865/296/289
f 6829/296/289 6867/296/289 6868/296/289 6838/296/289
f 6822/296/290 6869/296/290 6864/296/290 6839/296/290
f 6840/296/290 6858/296/290 6821/296/290 6870/296/290
f 6836/296/291 6856/296/291 6866/296/291 6837/296/291
f 6838/296/291 6868/296/291 6859/296/291 6835/296/291
f 6865/296/292 6823/296/292 6869/296/292 6822/296/292
f 6870/296/292 6821/296/292 6867/296/292 6829/296/292
f 6882/296/292 6881/296/292 6874/296/292 6873/296/292
f 6888/296/293 6883/296/293 6876/296/293 6875/296/293
f 6873/296/294 6874/296/294 6884/296/294 6887/296/294
f 6875/296/295 6876/296/295 6881/296/295 6882/296/295
f 6877/296/295 6878/296/295 6871/296/295 6872/296/295
f 6879/296/294 6880/296/294 6890/296/294 6889/296/294
f 6886/296/293 6885/296/293 6878/296/293 6877/296/293
f 6872/296/292 6871/296/292 6880/296/292 6879/296/292
f 6840/296/287 6887/296/287 6884/296/287 6815/296/287
f 6838/296/235 6875/296/235 6882/296/235 6829/296/235
f 6813/296/286 6883/296/286 6888/296/286 6835/296/286
f 6839/296/231 6890/296/231 6880/296/231 6822/296/231
f 6825/296/235 6879/296/235 6889/296/235 6824/296/235
f 6814/296/231 6876/296/231 6883/296/231 6813/296/231
f 6870/296/235 6873/296/235 6887/296/235 6840/296/235
f 6862/296/235 6872/296/235 6879/296/235 6825/296/235
f 6811/296/231 6881/296/231 6876/296/231 6814/296/231
f 6837/296/231 6878/296/231 6885/296/231 6836/296/231
f 6863/296/235 6877/296/235 6872/296/235 6862/296/235
f 6812/296/231 6874/296/231 6881/296/231 6811/296/231
f 6897/275/259 6900/275/259 6899/274/259 6898/274/259
f 6892/282/256 6905/282/256 6904/247/256 6893/247/256
f 6894/253/261 6903/253/261 6902/246/261 6895/246/261
f 6893/247/255 6904/247/255 6903/253/255 6894/253/255
f 6898/294/258 6899/294/258 6906/292/258 6891/292/258
f 6895/246/262 6902/246/262 6901/277/262 6896/277/262
f 6896/277/260 6901/277/260 6900/275/260 6897/275/260
f 6898/310/235 6891/317/235 6892/316/235 6893/315/235 6894/314/235 6895/313/235 6896/312/235 6897/311/235
f 6891/292/257 6906/292/257 6905/282/257 6892/282/257
f 6904/247/231 6905/282/231 6906/292/231 6899/294/231 6900/275/231 6901/277/231 6902/246/231 6903/253/231
f 6907/270/235 6909/269/235 6910/309/235 6908/258/235
f 6909/269/296 6913/266/296 6914/264/296 6910/309/296
f 6913/266/231 6911/239/231 6912/238/231 6914/264/231
f 6911/239/297 6907/247/297 6908/246/297 6912/238/297
f 6909/265/298 6907/256/298 6911/239/298 6913/266/298
f 6921/275/259 6924/275/259 6923/274/259 6922/274/259
f 6916/282/256 6929/282/256 6928/247/256 6917/247/256
f 6918/253/261 6927/253/261 6926/246/261 6919/246/261
f 6917/247/255 6928/247/255 6927/253/255 6918/253/255
f 6922/294/258 6923/294/258 6930/292/258 6915/292/258
f 6919/246/262 6926/246/262 6925/277/262 6920/277/262
f 6920/277/260 6925/277/260 6924/275/260 6921/275/260
f 6922/310/235 6915/317/235 6916/316/235 6917/315/235 6918/314/235 6919/313/235 6920/312/235 6921/311/235
f 6915/292/257 6930/292/257 6929/282/257 6916/282/257
f 6928/247/231 6929/282/231 6930/292/231 6923/294/231 6924/275/231 6925/277/231 6926/246/231 6927/253/231
f 6937/275/259 6940/275/259 6939/274/259 6938/274/259
f 6932/282/256 6945/282/256 6944/247/256 6933/247/256
f 6934/253/261 6943/253/261 6942/246/261 6935/246/261
f 6933/247/255 6944/247/255 6943/253/255 6934/253/255
f 6938/294/258 6939/294/258 6946/292/258 6931/292/258
f 6935/246/262 6942/246/262 6941/277/262 6936/277/262
f 6936/277/260 6941/277/260 6940/275/260 6937/275/260
f 6938/310/235 6931/317/235 6932/316/235 6933/315/235 6934/314/235 6935/313/235 6936/312/235 6937/311/235
f 6931/292/257 6946/292/257 6945/282/257 6932/282/257
f 6944/247/231 6945/282/231 6946/292/231 6939/294/231 6940/275/231 6941/277/231 6942/246/231 6943/253/231
f 6971/270/233 6974/270/233 6973/270/233
f 6974/270/233 6972/270/233 6973/270/233
f 6975/269/254 6978/269/254 6977/269/254
f 6978/269/254 6976/269/254 6977/269/254
f 7027/270/254 7030/270/254 7029/270/254
f 7030/270/254 7028/270/254 7029/270/254
f 7031/269/233 7034/269/233 7033/269/233
f 7034/269/233 7032/269/233 7033/269/233
f 6965/332/299 6954/333/299 6955/265/299 6967/334/299
f 6967/334/300 6955/335/300 6953/336/300 6966/337/300
f 6956/338/301 6969/339/301 6970/340/301 6958/267/301
f 6958/341/302 6970/340/302 6968/342/302 6957/343/302
f 6947/344/303 6960/345/303 6961/346/303 6949/256/303
f 6949/247/304 6961/346/304 6959/347/304 6948/348/304
f 6962/349/305 6951/350/305 6952/242/305 6964/351/305
f 6964/351/306 6952/246/306 6950/352/306 6963/353/306
f 6971/354/307 6976/355/307 6978/267/307 6974/242/307
f 6974/270/308 6978/269/308 6975/269/308 6972/270/308
f 6997/332/299 6986/333/299 6987/265/299 6999/334/299
f 6999/334/309 6987/335/309 6985/336/309 6998/337/309
f 6988/338/301 7001/339/301 7002/340/301 6990/267/301
f 6990/341/302 7002/340/302 7000/342/302 6989/356/302
f 6979/344/303 6992/345/303 6993/346/303 6981/256/303
f 6981/247/304 6993/346/304 6991/347/304 6980/348/304
f 6994/349/305 6983/350/305 6984/242/305 6996/351/305
f 6996/351/310 6984/246/310 6982/352/310 6995/353/310
f 7021/337/311 7010/336/311 7011/335/311 7023/334/311
f 7023/334/312 7011/265/312 7009/333/312 7022/332/312
f 7012/356/313 7025/357/313 7026/340/313 7014/358/313
f 7014/267/314 7026/340/314 7024/339/314 7013/338/314
f 7003/348/315 7016/347/315 7017/359/315 7005/247/315
f 7005/256/316 7017/359/316 7015/345/316 7004/344/316
f 7018/360/317 7007/361/317 7008/246/317 7020/362/317
f 7020/362/318 7008/242/318 7006/350/318 7019/349/318
f 7027/270/308 7032/269/308 7034/269/308 7030/270/308
f 7030/242/307 7034/267/307 7031/363/307 7028/364/307
f 7053/337/319 7042/336/319 7043/335/319 7055/334/319
f 7055/334/312 7043/265/312 7041/333/312 7054/332/312
f 7044/356/313 7057/342/313 7058/340/313 7046/358/313
f 7046/267/314 7058/340/314 7056/339/314 7045/338/314
f 7035/348/315 7048/347/315 7049/359/315 7037/247/315
f 7037/256/316 7049/359/316 7047/345/316 7036/344/316
f 7050/360/320 7039/361/320 7040/246/320 7052/362/320
f 7052/362/318 7040/242/318 7038/350/318 7051/349/318
f 7077/365/321 7066/366/321 7067/367/321 7079/368/321
f 7079/368/322 7067/265/322 7065/369/322 7078/370/322
f 7068/371/323 7081/372/323 7082/373/323 7070/374/323
f 7070/267/324 7082/373/324 7080/375/324 7069/376/324
f 7059/377/325 7072/378/325 7073/379/325 7061/247/325
f 7061/256/326 7073/379/326 7071/345/326 7060/380/326
f 7074/381/327 7063/382/327 7064/246/327 7076/383/327
f 7076/383/328 7064/242/328 7062/384/328 7075/385/328
f 7101/365/321 7090/366/321 7091/367/321 7103/368/321
f 7103/368/322 7091/265/322 7089/369/322 7102/370/322
f 7092/386/323 7105/372/323 7106/373/323 7094/374/323
f 7094/267/324 7106/373/324 7104/375/324 7093/376/324
f 7083/377/325 7096/378/325 7097/379/325 7085/247/325
f 7085/256/326 7097/379/326 7095/345/326 7084/380/326
f 7098/381/327 7087/382/327 7088/246/327 7100/383/327
f 7100/383/328 7088/242/328 7086/384/328 7099/385/328
f 6954/333/329 6965/332/329 6960/345/329 6947/344/329
f 6947/387/235 6949/388/235 6948/389/235 6950/390/235 6952/391/235 6951/392/235 6956/393/235 6958/341/235 6957/343/235 6953/336/235 6955/335/235 6954/394/235
f 6959/347/330 6963/353/330 6950/352/330 6948/348/330
f 6969/339/331 6956/338/331 6951/350/331 6962/349/331
f 6953/336/332 6957/343/332 6968/342/332 6966/337/332
f 6965/332/231 6967/334/231 6966/337/231 6968/342/231 6970/340/231 6969/339/231 6962/349/231 6964/351/231 6963/353/231 6959/347/231 6961/346/231 6960/345/231
f 6229/247/233 6973/247/233 6972/247/233 6238/247/233 6236/247/233
f 6231/239/233 6232/238/233 6971/395/233 6973/396/233 6229/247/233
f 6972/270/242 6975/269/242 6237/269/242 6238/270/242
f 6234/264/333 6976/355/333 6971/354/333 6232/238/333
f 6975/269/254 6977/269/254 6230/269/254 6235/269/254 6237/269/254
f 6230/269/254 6977/397/254 6976/398/254 6234/264/254 6233/266/254
f 6986/333/329 6997/332/329 6992/345/329 6979/344/329
f 6979/387/235 6981/388/235 6980/389/235 6982/390/235 6984/391/235 6983/392/235 6988/393/235 6990/341/235 6989/356/235 6985/336/235 6987/335/235 6986/394/235
f 6991/347/330 6995/353/330 6982/352/330 6980/348/330
f 7001/339/331 6988/338/331 6983/350/331 6994/349/331
f 6985/336/332 6989/356/332 7000/342/332 6998/337/332
f 6997/332/231 6999/334/231 6998/337/231 7000/342/231 7002/340/231 7001/339/231 6994/349/231 6996/351/231 6995/353/231 6991/347/231 6993/346/231 6992/345/231
f 7009/333/334 7004/344/334 7015/345/334 7022/332/334
f 7003/389/235 7005/388/235 7004/387/235 7009/394/235 7011/335/235 7010/336/235 7012/356/235 7014/358/235 7013/393/235 7006/392/235 7008/399/235 7007/390/235
f 7016/347/335 7003/348/335 7007/361/335 7018/360/335
f 7024/339/336 7019/349/336 7006/350/336 7013/338/336
f 7010/336/337 7021/337/337 7025/357/337 7012/356/337
f 7021/337/231 7023/334/231 7022/332/231 7015/345/231 7017/359/231 7016/347/231 7018/360/231 7020/362/231 7019/349/231 7024/339/231 7026/340/231 7025/357/231
f 6550/247/254 6557/247/254 6559/247/254 7027/247/254 7029/247/254
f 6555/264/333 6553/238/333 7028/364/333 7031/363/333
f 6552/239/254 6550/247/254 7029/400/254 7028/395/254 6553/238/254
f 7027/270/242 6559/270/242 6558/269/242 7032/269/242
f 6551/269/233 6554/266/233 6555/264/233 7031/398/233 7033/401/233
f 7033/269/233 7032/269/233 6558/269/233 6556/269/233 6551/269/233
f 7041/333/334 7036/344/334 7047/345/334 7054/332/334
f 7035/389/235 7037/388/235 7036/387/235 7041/394/235 7043/335/235 7042/336/235 7044/356/235 7046/358/235 7045/393/235 7038/392/235 7040/399/235 7039/390/235
f 7048/347/335 7035/348/335 7039/361/335 7050/360/335
f 7056/339/336 7051/349/336 7038/350/336 7045/338/336
f 7042/336/337 7053/337/337 7057/342/337 7044/356/337
f 7053/337/231 7055/334/231 7054/332/231 7047/345/231 7049/359/231 7048/347/231 7050/360/231 7052/362/231 7051/349/231 7056/339/231 7058/340/231 7057/342/231
f 7065/369/338 7060/380/338 7071/345/338 7078/370/338
f 7059/402/235 7061/403/235 7060/387/235 7065/404/235 7067/367/235 7066/366/235 7068/371/235 7070/374/235 7069/405/235 7062/406/235 7064/407/235 7063/408/235
f 7072/378/339 7059/377/339 7063/382/339 7074/381/339
f 7080/375/340 7075/385/340 7062/384/340 7069/376/340
f 7066/366/341 7077/365/341 7081/372/341 7068/371/341
f 7077/365/231 7079/368/231 7078/370/231 7071/345/231 7073/379/231 7072/378/231 7074/381/231 7076/383/231 7075/385/231 7080/375/231 7082/373/231 7081/372/231
f 7089/369/338 7084/380/338 7095/345/338 7102/370/338
f 7083/402/235 7085/403/235 7084/387/235 7089/404/235 7091/367/235 7090/366/235 7092/386/235 7094/374/235 7093/405/235 7086/406/235 7088/407/235 7087/408/235
f 7096/378/339 7083/377/339 7087/382/339 7098/381/339
f 7104/375/340 7099/385/340 7086/384/340 7093/376/340
f 7090/366/341 7101/365/341 7105/372/341 7092/386/341
f 7101/365/231 7103/368/231 7102/370/231 7095/345/231 7097/379/231 7096/378/231 7098/381/231 7100/383/231 7099/385/231 7104/375/231 7106/373/231 7105/372/231
f 7139/236/235 7109/239/235 7110/238/235 7140/237/235
f 7396/240/232 7394/243/232 7108/242/232 7138/241/232
f 7393/244/233 7107/247/233 7108/246/233 7394/245/233
f 7140/237/232 7110/238/232 7395/249/232 7397/248/232
f 7245/250/235 7244/252/235 7114/238/235 7118/251/235
f 7244/252/233 7243/253/233 7112/246/233 7114/238/233
f 7115/254/234 7111/256/234 7113/239/234 7117/255/234
f 7116/257/231 7122/257/231 7121/258/231 7112/258/231
f 7136/237/232 7118/251/232 7116/259/232 7134/241/232
f 7133/260/234 7115/254/234 7117/255/234 7135/236/234
f 7246/261/235 7245/250/235 7118/251/235 7136/237/235
f 7111/247/233 7206/247/233 7247/253/233 7243/253/233
f 7119/251/232 7120/238/232 7121/242/232 7122/259/232
f 7118/251/236 7119/251/236 7122/259/236 7116/259/236
f 7114/238/235 7120/238/235 7119/251/235 7118/251/235
f 7112/246/237 7121/246/237 7120/238/237 7114/238/237
f 7129/262/231 7130/263/231 7124/258/231
f 7131/264/235 7132/252/235 7127/238/235
f 7132/252/238 7129/253/238 7124/246/238 7127/238/238
f 7125/265/234 7123/256/234 7126/239/234 7128/266/234
f 7131/264/232 7127/238/232 7124/242/232 7130/267/232
f 7126/239/239 7123/247/239 7129/253/239 7132/252/239
f 7128/266/235 7126/239/235 7132/252/235 7131/268/235
f 7125/269/240 7128/266/240 7131/268/240 7130/263/240
f 7123/270/231 7125/269/231 7130/263/231 7129/262/231
f 7112/258/342 7207/258/342 7209/257/342 7116/257/342
f 7107/270/343 7137/272/343 7138/271/343 7108/258/343
f 7173/273/250 7174/276/250 7148/275/250 7146/274/250
f 7174/276/249 7175/278/249 7150/277/249 7148/275/249
f 7175/278/248 7176/279/248 7152/246/248 7150/277/248
f 7176/279/247 7177/280/247 7154/253/247 7152/246/247
f 7177/280/246 7178/281/246 7156/247/246 7154/253/246
f 7178/281/245 7179/283/245 7158/282/245 7156/247/245
f 7148/284/233 7150/291/233 7152/290/233 7154/289/233 7156/288/233 7158/287/233 7160/286/233 7146/285/233
f 7179/283/244 7180/293/244 7160/292/244 7158/282/244
f 7180/293/243 7173/295/243 7146/294/243 7160/292/243
f 7162/265/344 7161/256/344 7163/239/344 7165/266/344
f 7162/265/345 7167/265/345 7168/256/345 7161/256/345
f 7167/265/234 7169/265/234 7170/256/234 7168/256/234
f 7166/264/346 7171/264/346 7172/238/346 7164/238/346
f 7165/266/254 7171/264/254 7166/264/254
f 7164/238/233 7172/238/233 7163/239/233
f 7179/283/233 7193/283/233 7195/293/233 7180/293/233
f 7155/296/254 7190/296/254 7188/296/254 7153/296/254
f 7180/293/233 7195/293/233 7196/295/233 7173/295/233
f 7173/273/233 7196/273/233 7183/276/233 7174/276/233
f 7159/296/254 7194/296/254 7192/296/254 7157/296/254
f 7149/296/254 7184/296/254 7182/296/254 7147/296/254
f 7174/276/233 7183/276/233 7185/278/233 7175/278/233
f 7175/278/233 7185/278/233 7187/279/233 7176/279/233
f 7194/265/243 7181/297/243 7196/295/243 7195/293/243
f 7192/298/244 7194/265/244 7195/293/244 7193/283/244
f 7190/266/245 7192/298/245 7193/283/245 7191/281/245
f 7188/268/246 7190/266/246 7191/281/246 7189/280/246
f 7186/264/247 7188/268/247 7189/280/247 7187/279/247
f 7184/299/248 7186/264/248 7187/279/248 7185/278/248
f 7182/267/249 7184/299/249 7185/278/249 7183/276/249
f 7181/300/250 7182/267/250 7183/276/250 7196/273/250
f 7151/296/254 7186/296/254 7184/296/254 7149/296/254
f 7145/296/254 7181/296/254 7194/296/254 7159/296/254
f 7178/281/233 7191/281/233 7193/283/233 7179/283/233
f 7147/296/254 7182/296/254 7181/296/254 7145/296/254
f 7177/280/233 7189/280/233 7191/281/233 7178/281/233
f 7157/296/254 7192/296/254 7190/296/254 7155/296/254
f 7176/279/233 7187/279/233 7189/280/233 7177/280/233
f 7153/296/254 7188/296/254 7186/296/254 7151/296/254
f 7141/296/254 7202/296/254 7200/296/254 7143/296/254
f 7142/296/254 7198/296/254 7202/296/254 7141/296/254
f 7203/301/231 7202/272/231 7198/271/231 7197/302/231
f 7201/237/232 7204/304/232 7197/303/232 7198/241/232
f 7202/260/234 7203/306/234 7199/305/234 7200/236/234
f 7200/236/235 7199/305/235 7204/304/235 7201/237/235
f 7143/296/254 7200/296/254 7201/296/254 7144/296/254
f 7144/296/254 7201/296/254 7198/296/254 7142/296/254
f 7247/262/231 7248/307/231 7209/257/231 7207/258/231
f 7248/307/231 7249/308/231 7210/271/231 7209/257/231
f 7243/253/233 7247/253/233 7207/246/233 7112/246/233
f 7116/259/342 7209/259/342 7210/241/342 7134/241/342
f 7133/260/234 7208/260/234 7205/254/234 7115/254/234
f 7115/254/234 7205/254/234 7206/256/234 7111/256/234
f 7238/247/235 7231/247/235 7234/246/235 7237/246/235
f 7227/265/255 7214/297/255 7213/294/255 7228/292/255
f 7241/267/231 7233/267/231 7232/264/231 7242/264/231
f 7225/298/256 7227/265/256 7228/292/256 7226/282/256
f 7211/264/234 7353/264/234 7355/264/234 7231/264/234
f 7223/266/257 7225/298/257 7226/282/257 7224/247/257
f 7235/270/232 7237/269/232 7241/309/232 7239/258/232
f 7221/268/258 7223/266/258 7224/247/258 7222/253/258
f 7240/269/234 7242/266/234 7238/264/234 7236/309/234
f 7219/264/259 7221/268/259 7222/253/259 7220/246/259
f 7237/269/232 7234/269/232 7233/309/232 7241/309/232
f 7217/299/260 7219/264/260 7220/246/260 7218/277/260
f 7235/270/232 7358/270/232 7356/269/232 7237/269/232
f 7240/238/231 7363/238/231 7362/242/231 7239/242/231
f 7214/300/261 7215/267/261 7216/275/261 7213/274/261
f 7242/264/231 7240/238/231 7239/242/231 7241/267/231
f 7215/267/262 7217/299/262 7218/277/262 7216/275/262
f 7214/310/231 7227/317/231 7225/316/231 7223/315/231 7221/314/231 7219/313/231 7217/312/231 7215/311/231
f 7249/296/254 7254/296/254 7252/296/254 7208/296/254
f 7206/247/233 7251/247/233 7255/253/233 7247/253/233
f 7135/236/235 7117/255/235 7245/250/235 7246/261/235
f 7113/239/233 7111/247/233 7243/253/233 7244/252/233
f 7117/255/235 7113/239/235 7244/252/235 7245/250/235
f 7250/318/231 7252/319/231 7254/308/231 7253/307/231
f 7251/270/231 7250/318/231 7253/307/231 7255/262/231
f 7247/262/347 7255/262/347 7253/307/347 7248/307/347
f 7208/260/234 7252/260/234 7250/254/234 7205/254/234
f 7205/254/234 7250/254/234 7251/256/234 7206/256/234
f 7248/307/347 7253/307/347 7254/308/347 7249/308/347
f 7264/320/233 7271/320/233 7268/321/233 7265/321/233
f 7258/269/254 7262/266/254 7263/264/254 7259/309/254
f 7260/239/233 7256/247/233 7257/246/233 7261/238/233
f 7264/322/234 7256/256/234 7260/239/234 7266/323/234
f 7267/324/232 7261/238/232 7257/242/232 7265/325/232
f 7263/264/232 7267/324/232 7265/325/232 7259/267/232
f 7258/265/234 7264/322/234 7266/323/234 7262/266/234
f 7256/270/231 7264/320/231 7265/321/231 7257/258/231
f 7271/320/231 7270/269/231 7269/309/231 7268/321/231
f 7259/309/254 7269/309/254 7270/269/254 7258/269/254
f 7258/265/234 7270/265/234 7271/322/234 7264/322/234
f 7265/325/232 7268/325/232 7269/267/232 7259/267/232
f 7286/265/255 7273/297/255 7272/294/255 7287/292/255
f 7284/298/256 7286/265/256 7287/292/256 7285/282/256
f 7282/266/257 7284/298/257 7285/282/257 7283/247/257
f 7280/268/258 7282/266/258 7283/247/258 7281/253/258
f 7278/264/259 7280/268/259 7281/253/259 7279/246/259
f 7276/299/260 7278/264/260 7279/246/260 7277/277/260
f 7273/300/261 7274/267/261 7275/275/261 7272/274/261
f 7274/267/262 7276/299/262 7277/277/262 7275/275/262
f 7273/310/231 7286/317/231 7284/316/231 7282/315/231 7280/314/231 7278/313/231 7276/312/231 7274/311/231
f 7302/310/231 7289/317/231 7291/316/231 7293/315/231 7295/314/231 7297/313/231 7299/312/231 7301/311/231
f 7301/267/262 7299/299/262 7298/277/262 7300/275/262
f 7302/300/261 7301/267/261 7300/275/261 7303/274/261
f 7299/299/260 7297/264/260 7296/246/260 7298/277/260
f 7297/264/259 7295/268/259 7294/253/259 7296/246/259
f 7295/268/258 7293/266/258 7292/247/258 7294/253/258
f 7293/266/257 7291/298/257 7290/282/257 7292/247/257
f 7291/298/256 7289/265/256 7288/292/256 7290/282/256
f 7289/265/255 7302/297/255 7303/294/255 7288/292/255
f 7318/310/231 7305/317/231 7307/316/231 7309/315/231 7311/314/231 7313/313/231 7315/312/231 7317/311/231
f 7317/267/262 7315/299/262 7314/277/262 7316/275/262
f 7318/300/261 7317/267/261 7316/275/261 7319/274/261
f 7315/299/260 7313/264/260 7312/246/260 7314/277/260
f 7313/264/259 7311/268/259 7310/253/259 7312/246/259
f 7311/268/258 7309/266/258 7308/247/258 7310/253/258
f 7309/266/257 7307/298/257 7306/282/257 7308/247/257
f 7307/298/256 7305/265/256 7304/292/256 7306/282/256
f 7305/265/255 7318/297/255 7319/294/255 7304/292/255
f 7334/265/255 7321/297/255 7320/294/255 7335/292/255
f 7332/298/256 7334/265/256 7335/292/256 7333/282/256
f 7330/266/257 7332/298/257 7333/282/257 7331/247/257
f 7328/268/258 7330/266/258 7331/247/258 7329/253/258
f 7326/264/259 7328/268/259 7329/253/259 7327/246/259
f 7324/299/260 7326/264/260 7327/246/260 7325/277/260
f 7321/300/261 7322/267/261 7323/275/261 7320/274/261
f 7322/267/262 7324/299/262 7325/277/262 7323/275/262
f 7321/310/231 7334/317/231 7332/316/231 7330/315/231 7328/314/231 7326/313/231 7324/312/231 7322/311/231
f 7350/310/231 7337/317/231 7339/316/231 7341/315/231 7343/314/231 7345/313/231 7347/312/231 7349/311/231
f 7349/267/262 7347/299/262 7346/277/262 7348/275/262
f 7350/300/261 7349/267/261 7348/275/261 7351/274/261
f 7347/299/260 7345/264/260 7344/246/260 7346/277/260
f 7345/264/259 7343/268/259 7342/253/259 7344/246/259
f 7343/268/258 7341/266/258 7340/247/258 7342/253/258
f 7341/266/257 7339/298/257 7338/282/257 7340/247/257
f 7339/298/256 7337/265/256 7336/292/256 7338/282/256
f 7337/265/255 7350/297/255 7351/294/255 7336/292/255
f 7242/266/234 7232/266/234 7231/264/234 7238/264/234
f 7211/266/233 7230/239/233 7229/238/233 7212/264/233
f 7233/267/231 7229/267/231 7230/264/231 7232/264/231
f 7234/269/232 7212/269/232 7229/309/232 7233/309/232
f 7232/266/234 7230/266/234 7211/264/234 7231/264/234
f 7355/247/235 7353/247/235 7352/246/235 7354/246/235
f 7359/239/235 7357/247/235 7356/246/235 7358/238/235
f 7237/246/233 7356/246/233 7357/247/233 7238/247/233
f 7231/247/254 7355/247/254 7354/246/254 7234/246/254
f 7238/264/234 7357/264/234 7359/309/234 7236/309/234
f 7212/264/233 7352/264/233 7353/266/233 7211/266/233
f 7234/269/232 7354/269/232 7352/269/232 7212/269/232
f 7236/256/254 7359/256/254 7358/239/254 7235/239/254
f 7363/265/254 7361/256/254 7360/239/254 7362/266/254
f 7239/258/232 7362/258/232 7360/270/232 7235/270/232
f 7236/309/234 7361/309/234 7363/269/234 7240/269/234
f 7235/239/235 7360/239/235 7361/256/235 7236/256/235
f 7364/270/348 7366/269/348 7367/309/348 7365/258/348
f 7376/239/233 7372/247/233 7373/246/233 7377/238/233
f 7372/270/348 7374/269/348 7375/309/348 7373/258/348
f 7368/239/233 7364/247/233 7365/246/233 7369/238/233
f 7366/265/234 7364/256/234 7368/239/234 7370/266/234
f 7371/264/232 7369/238/232 7365/242/232 7367/267/232
f 7374/265/234 7372/256/234 7376/239/234 7378/266/234
f 7379/264/232 7377/238/232 7373/242/232 7375/267/232
f 7384/239/233 7380/247/233 7381/246/233 7385/238/233
f 7380/270/348 7382/269/348 7383/309/348 7381/258/348
f 7382/265/234 7380/256/234 7384/239/234 7386/266/234
f 7387/264/232 7385/238/232 7381/242/232 7383/267/232
f 7390/240/349 7391/248/349 7388/249/349 7389/243/349
f 7398/326/234 7392/327/234 7109/239/234 7139/236/234
f 7137/260/234 7107/256/234 7393/329/234 7399/328/234
f 7392/330/350 7402/330/350 7388/331/350 7395/331/350
f 7397/296/233 7391/296/233 7390/296/233 7396/296/233
f 7399/296/233 7400/296/233 7401/296/233 7398/296/233
f 7109/239/233 7392/330/233 7395/331/233 7110/238/233
f 7401/326/351 7400/328/351 7403/329/351 7402/327/351
f 7389/245/233 7388/331/233 7402/330/233 7403/244/233
f 7393/329/235 7403/329/235 7400/328/235 7399/328/235
f 7398/326/231 7401/326/231 7402/327/231 7392/327/231
f 7395/249/231 7388/249/231 7391/248/231 7397/248/231
f 7396/240/235 7390/240/235 7389/243/235 7394/243/235
f 7394/245/352 7389/245/352 7403/244/352 7393/244/352
f 7416/275/261 7429/275/261 7428/274/261 7419/274/261
f 7407/282/257 7434/282/257 7433/247/257 7409/247/257
f 7411/253/259 7432/253/259 7431/246/259 7413/246/259
f 7409/247/258 7433/247/258 7432/253/258 7411/253/258
f 7419/294/255 7428/294/255 7435/292/255 7404/292/255
f 7413/246/260 7431/246/260 7430/277/260 7414/277/260
f 7414/277/262 7430/277/262 7429/275/262 7416/275/262
f 7419/310/231 7404/317/231 7407/316/231 7409/315/231 7411/314/231 7413/313/231 7414/312/231 7416/311/231
f 7405/310/231 7418/317/231 7417/316/231 7415/315/231 7412/314/231 7410/313/231 7408/312/231 7406/311/231
f 7408/277/262 7422/277/262 7421/275/262 7406/275/262
f 7410/246/260 7423/246/260 7422/277/260 7408/277/260
f 7405/294/255 7420/294/255 7427/292/255 7418/292/255
f 7415/247/258 7425/247/258 7424/253/258 7412/253/258
f 7412/253/259 7424/253/259 7423/246/259 7410/246/259
f 7417/282/257 7426/282/257 7425/247/257 7415/247/257
f 7406/275/261 7421/275/261 7420/274/261 7405/274/261
f 7418/292/256 7427/292/256 7426/282/256 7417/282/256
f 7425/247/235 7426/282/235 7427/292/235 7420/294/235 7421/275/235 7422/277/235 7423/246/235 7424/253/235
f 7404/292/256 7435/292/256 7434/282/256 7407/282/256
f 7433/247/235 7434/282/235 7435/292/235 7428/294/235 7429/275/235 7430/277/235 7431/246/235 7432/253/235
f 7437/258/231 7441/258/231 7440/270/231 7436/270/231
f 7447/305/235 7438/239/235 7439/238/235 7445/304/235
f 7444/306/234 7436/256/234 7438/239/234 7447/305/234
f 7445/304/232 7439/238/232 7437/242/232 7446/303/232
f 7443/239/233 7440/247/233 7441/246/233 7442/238/233
f 7436/256/269 7440/256/269 7443/239/269 7438/239/269
f 7439/238/270 7442/238/270 7441/242/270 7437/242/270
f 7438/239/235 7443/239/235 7442/238/235 7439/238/235
f 7436/270/231 7444/301/231 7446/302/231 7437/258/231
f 7197/306/233 7204/304/233 7199/305/233 7203/306/233
f 7139/236/235 7140/237/235 7451/238/235 7450/239/235
f 7396/240/232 7138/241/232 7449/242/232 7695/243/232
f 7694/244/254 7695/245/254 7449/246/254 7448/247/254
f 7140/237/232 7397/248/232 7696/249/232 7451/238/232
f 7552/250/235 7459/251/235 7455/238/235 7551/252/235
f 7551/252/254 7455/238/254 7453/246/254 7550/253/254
f 7456/254/234 7458/255/234 7454/239/234 7452/256/234
f 7457/257/231 7453/258/231 7462/258/231 7463/257/231
f 7136/237/232 7134/241/232 7457/259/232 7459/251/232
f 7133/260/234 7135/236/234 7458/255/234 7456/254/234
f 7246/261/235 7136/237/235 7459/251/235 7552/250/235
f 7452/247/254 7550/253/254 7553/253/254 7515/247/254
f 7460/251/232 7463/259/232 7462/242/232 7461/238/232
f 7459/251/237 7457/259/237 7463/259/237 7460/251/237
f 7455/238/235 7459/251/235 7460/251/235 7461/238/235
f 7453/246/236 7455/238/236 7461/238/236 7462/246/236
f 7470/262/231 7465/258/231 7471/263/231
f 7472/264/235 7468/238/235 7473/252/235
f 7473/252/271 7468/238/271 7465/246/271 7470/253/271
f 7466/265/234 7469/266/234 7467/239/234 7464/256/234
f 7472/264/232 7471/267/232 7465/242/232 7468/238/232
f 7467/239/272 7473/252/272 7470/253/272 7464/247/272
f 7469/266/235 7472/268/235 7473/252/235 7467/239/235
f 7466/269/273 7471/263/273 7472/268/273 7469/266/273
f 7464/270/231 7470/262/231 7471/263/231 7466/269/231
f 7453/258/342 7457/257/342 7517/257/342 7516/258/342
f 7448/270/343 7449/258/343 7138/271/343 7137/272/343
f 7494/273/250 7474/274/250 7475/275/250 7495/276/250
f 7495/276/249 7475/275/249 7476/277/249 7496/278/249
f 7496/278/248 7476/277/248 7477/246/248 7497/279/248
f 7497/279/247 7477/246/247 7478/253/247 7498/280/247
f 7498/280/246 7478/253/246 7479/247/246 7499/281/246
f 7499/281/245 7479/247/245 7480/282/245 7500/283/245
f 7475/284/254 7474/285/254 7481/286/254 7480/287/254 7479/288/254 7478/289/254 7477/290/254 7476/291/254
f 7500/283/244 7480/282/244 7481/292/244 7501/293/244
f 7501/293/243 7481/292/243 7474/294/243 7494/295/243
f 7483/265/344 7486/266/344 7484/239/344 7482/256/344
f 7483/265/345 7482/256/345 7489/256/345 7488/265/345
f 7488/265/234 7489/256/234 7491/256/234 7490/265/234
f 7487/264/346 7485/238/346 7493/238/346 7492/264/346
f 7486/266/233 7487/264/233 7492/264/233
f 7485/238/254 7484/239/254 7493/238/254
f 7500/283/254 7501/293/254 7508/293/254 7507/283/254
f 7501/293/254 7494/295/254 7509/295/254 7508/293/254
f 7494/273/254 7495/276/254 7502/276/254 7509/273/254
f 7495/276/254 7496/278/254 7503/278/254 7502/276/254
f 7496/278/254 7497/279/254 7504/279/254 7503/278/254
f 7194/265/243 7508/293/243 7509/295/243 7181/297/243
f 7192/298/244 7507/283/244 7508/293/244 7194/265/244
f 7190/266/245 7506/281/245 7507/283/245 7192/298/245
f 7188/268/246 7505/280/246 7506/281/246 7190/266/246
f 7186/264/247 7504/279/247 7505/280/247 7188/268/247
f 7184/299/248 7503/278/248 7504/279/248 7186/264/248
f 7182/267/249 7502/276/249 7503/278/249 7184/299/249
f 7181/300/250 7509/273/250 7502/276/250 7182/267/250
f 7499/281/254 7500/283/254 7507/283/254 7506/281/254
f 7498/280/254 7499/281/254 7506/281/254 7505/280/254
f 7497/279/254 7498/280/254 7505/280/254 7504/279/254
f 7512/301/231 7510/302/231 7198/271/231 7202/272/231
f 7201/237/232 7198/241/232 7510/303/232 7513/304/232
f 7202/260/234 7200/236/234 7511/305/234 7512/306/234
f 7200/236/235 7201/237/235 7513/304/235 7511/305/235
f 7553/262/231 7516/258/231 7517/257/231 7554/307/231
f 7554/307/231 7517/257/231 7210/271/231 7249/308/231
f 7550/253/254 7453/246/254 7516/246/254 7553/253/254
f 7457/259/342 7134/241/342 7210/241/342 7517/259/342
f 7133/260/234 7456/254/234 7514/254/234 7208/260/234
f 7456/254/234 7452/256/234 7515/256/234 7514/254/234
f 7545/247/235 7544/246/235 7541/246/235 7538/247/235
f 7534/265/258 7535/292/258 7520/294/258 7521/297/258
f 7548/267/231 7549/264/231 7539/264/231 7540/267/231
f 7532/298/257 7533/282/257 7535/292/257 7534/265/257
f 7518/264/234 7538/264/234 7658/264/234 7656/264/234
f 7530/266/256 7531/247/256 7533/282/256 7532/298/256
f 7542/270/232 7546/258/232 7548/309/232 7544/269/232
f 7528/268/255 7529/253/255 7531/247/255 7530/266/255
f 7547/269/234 7543/309/234 7545/264/234 7549/266/234
f 7526/264/261 7527/246/261 7529/253/261 7528/268/261
f 7544/269/232 7548/309/232 7540/309/232 7541/269/232
f 7524/299/262 7525/277/262 7527/246/262 7526/264/262
f 7542/270/232 7544/269/232 7659/269/232 7661/270/232
f 7547/238/231 7546/242/231 7665/242/231 7666/238/231
f 7521/300/259 7520/274/259 7523/275/259 7522/267/259
f 7549/264/231 7548/267/231 7546/242/231 7547/238/231
f 7522/267/260 7523/275/260 7525/277/260 7524/299/260
f 7521/310/231 7522/311/231 7524/312/231 7526/313/231 7528/314/231 7530/315/231 7532/316/231 7534/317/231
f 7515/247/254 7553/253/254 7558/253/254 7556/247/254
f 7135/236/235 7246/261/235 7552/250/235 7458/255/235
f 7454/239/254 7551/252/254 7550/253/254 7452/247/254
f 7458/255/235 7552/250/235 7551/252/235 7454/239/235
f 7555/318/231 7557/307/231 7254/308/231 7252/319/231
f 7556/270/231 7558/262/231 7557/307/231 7555/318/231
f 7553/262/347 7554/307/347 7557/307/347 7558/262/347
f 7208/260/234 7514/254/234 7555/254/234 7252/260/234
f 7514/254/234 7515/256/234 7556/256/234 7555/254/234
f 7554/307/347 7249/308/347 7254/308/347 7557/307/347
f 7567/320/254 7568/321/254 7571/321/254 7574/320/254
f 7561/269/233 7562/309/233 7566/264/233 7565/266/233
f 7563/239/254 7564/238/254 7560/246/254 7559/247/254
f 7567/322/234 7569/323/234 7563/239/234 7559/256/234
f 7570/324/232 7568/325/232 7560/242/232 7564/238/232
f 7566/264/232 7562/267/232 7568/325/232 7570/324/232
f 7561/265/234 7565/266/234 7569/323/234 7567/322/234
f 7559/270/231 7560/258/231 7568/321/231 7567/320/231
f 7574/320/231 7571/321/231 7572/309/231 7573/269/231
f 7562/309/233 7561/269/233 7573/269/233 7572/309/233
f 7561/265/234 7567/322/234 7574/322/234 7573/265/234
f 7568/325/232 7562/267/232 7572/267/232 7571/325/232
f 7589/265/258 7590/292/258 7575/294/258 7576/297/258
f 7587/298/257 7588/282/257 7590/292/257 7589/265/257
f 7585/266/256 7586/247/256 7588/282/256 7587/298/256
f 7583/268/255 7584/253/255 7586/247/255 7585/266/255
f 7581/264/261 7582/246/261 7584/253/261 7583/268/261
f 7579/299/262 7580/277/262 7582/246/262 7581/264/262
f 7576/300/259 7575/274/259 7578/275/259 7577/267/259
f 7577/267/260 7578/275/260 7580/277/260 7579/299/260
f 7576/310/231 7577/311/231 7579/312/231 7581/313/231 7583/314/231 7585/315/231 7587/316/231 7589/317/231
f 7605/310/231 7604/311/231 7602/312/231 7600/313/231 7598/314/231 7596/315/231 7594/316/231 7592/317/231
f 7604/267/260 7603/275/260 7601/277/260 7602/299/260
f 7605/300/259 7606/274/259 7603/275/259 7604/267/259
f 7602/299/262 7601/277/262 7599/246/262 7600/264/262
f 7600/264/261 7599/246/261 7597/253/261 7598/268/261
f 7598/268/255 7597/253/255 7595/247/255 7596/266/255
f 7596/266/256 7595/247/256 7593/282/256 7594/298/256
f 7594/298/257 7593/282/257 7591/292/257 7592/265/257
f 7592/265/258 7591/292/258 7606/294/258 7605/297/258
f 7621/310/231 7620/311/231 7618/312/231 7616/313/231 7614/314/231 7612/315/231 7610/316/231 7608/317/231
f 7620/267/260 7619/275/260 7617/277/260 7618/299/260
f 7621/300/259 7622/274/259 7619/275/259 7620/267/259
f 7618/299/262 7617/277/262 7615/246/262 7616/264/262
f 7616/264/261 7615/246/261 7613/253/261 7614/268/261
f 7614/268/255 7613/253/255 7611/247/255 7612/266/255
f 7612/266/256 7611/247/256 7609/282/256 7610/298/256
f 7610/298/257 7609/282/257 7607/292/257 7608/265/257
f 7608/265/258 7607/292/258 7622/294/258 7621/297/258
f 7637/265/258 7638/292/258 7623/294/258 7624/297/258
f 7635/298/257 7636/282/257 7638/292/257 7637/265/257
f 7633/266/256 7634/247/256 7636/282/256 7635/298/256
f 7631/268/255 7632/253/255 7634/247/255 7633/266/255
f 7629/264/261 7630/246/261 7632/253/261 7631/268/261
f 7627/299/262 7628/277/262 7630/246/262 7629/264/262
f 7624/300/259 7623/274/259 7626/275/259 7625/267/259
f 7625/267/260 7626/275/260 7628/277/260 7627/299/260
f 7624/310/231 7625/311/231 7627/312/231 7629/313/231 7631/314/231 7633/315/231 7635/316/231 7637/317/231
f 7653/310/231 7652/311/231 7650/312/231 7648/313/231 7646/314/231 7644/315/231 7642/316/231 7640/317/231
f 7652/267/260 7651/275/260 7649/277/260 7650/299/260
f 7653/300/259 7654/274/259 7651/275/259 7652/267/259
f 7650/299/262 7649/277/262 7647/246/262 7648/264/262
f 7648/264/261 7647/246/261 7645/253/261 7646/268/261
f 7646/268/255 7645/253/255 7643/247/255 7644/266/255
f 7644/266/256 7643/247/256 7641/282/256 7642/298/256
f 7642/298/257 7641/282/257 7639/292/257 7640/265/257
f 7640/265/258 7639/292/258 7654/294/258 7653/297/258
f 7549/266/234 7545/264/234 7538/264/234 7539/266/234
f 7518/266/254 7519/264/254 7536/238/254 7537/239/254
f 7540/267/231 7539/264/231 7537/264/231 7536/267/231
f 7541/269/232 7540/309/232 7536/309/232 7519/269/232
f 7539/266/234 7538/264/234 7518/264/234 7537/266/234
f 7658/247/235 7657/246/235 7655/246/235 7656/247/235
f 7662/239/235 7661/238/235 7659/246/235 7660/247/235
f 7544/246/254 7545/247/254 7660/247/254 7659/246/254
f 7538/247/233 7541/246/233 7657/246/233 7658/247/233
f 7545/264/234 7543/309/234 7662/309/234 7660/264/234
f 7519/264/254 7518/266/254 7656/266/254 7655/264/254
f 7541/269/232 7519/269/232 7655/269/232 7657/269/232
f 7543/256/233 7542/239/233 7661/239/233 7662/256/233
f 7666/265/233 7665/266/233 7663/239/233 7664/256/233
f 7546/258/232 7542/270/232 7663/270/232 7665/258/232
f 7543/309/234 7547/269/234 7666/269/234 7664/309/234
f 7542/239/235 7543/256/235 7664/256/235 7663/239/235
f 7667/270/353 7668/258/353 7670/309/353 7669/269/353
f 7679/239/254 7680/238/254 7676/246/254 7675/247/254
f 7675/270/353 7676/258/353 7678/309/353 7677/269/353
f 7671/239/254 7672/238/254 7668/246/254 7667/247/254
f 7669/265/234 7673/266/234 7671/239/234 7667/256/234
f 7674/264/232 7670/267/232 7668/242/232 7672/238/232
f 7677/265/234 7681/266/234 7679/239/234 7675/256/234
f 7682/264/232 7678/267/232 7676/242/232 7680/238/232
f 7687/239/254 7688/238/254 7684/246/254 7683/247/254
f 7683/270/353 7684/258/353 7686/309/353 7685/269/353
f 7685/265/234 7689/266/234 7687/239/234 7683/256/234
f 7690/264/232 7686/267/232 7684/242/232 7688/238/232
f 7390/240/354 7692/243/354 7691/249/354 7391/248/354
f 7398/326/234 7139/236/234 7450/239/234 7693/327/234
f 7137/260/234 7399/328/234 7694/329/234 7448/256/234
f 7693/330/355 7696/331/355 7691/331/355 7697/330/355
f 7450/239/254 7451/238/254 7696/331/254 7693/330/254
f 7401/326/356 7697/327/356 7698/329/356 7400/328/356
f 7692/245/254 7698/244/254 7697/330/254 7691/331/254
f 7694/329/235 7399/328/235 7400/328/235 7698/329/235
f 7398/326/231 7693/327/231 7697/327/231 7401/326/231
f 7696/249/231 7397/248/231 7391/248/231 7691/249/231
f 7396/240/235 7695/243/235 7692/243/235 7390/240/235
f 7695/245/357 7694/244/357 7698/244/357 7692/245/357
f 7711/275/259 7714/274/259 7723/274/259 7724/275/259
f 7702/282/256 7704/247/256 7728/247/256 7729/282/256
f 7706/253/261 7708/246/261 7726/246/261 7727/253/261
f 7704/247/255 7706/253/255 7727/253/255 7728/247/255
f 7714/294/258 7699/292/258 7730/292/258 7723/294/258
f 7708/246/262 7709/277/262 7725/277/262 7726/246/262
f 7709/277/260 7711/275/260 7724/275/260 7725/277/260
f 7714/310/231 7711/311/231 7709/312/231 7708/313/231 7706/314/231 7704/315/231 7702/316/231 7699/317/231
f 7700/310/231 7701/311/231 7703/312/231 7705/313/231 7707/314/231 7710/315/231 7712/316/231 7713/317/231
f 7703/277/260 7701/275/260 7716/275/260 7717/277/260
f 7705/246/262 7703/277/262 7717/277/262 7718/246/262
f 7700/294/258 7713/292/258 7722/292/258 7715/294/258
f 7710/247/255 7707/253/255 7719/253/255 7720/247/255
f 7707/253/261 7705/246/261 7718/246/261 7719/253/261
f 7712/282/256 7710/247/256 7720/247/256 7721/282/256
f 7701/275/259 7700/274/259 7715/274/259 7716/275/259
f 7713/292/257 7712/282/257 7721/282/257 7722/292/257
f 7720/247/235 7719/253/235 7718/246/235 7717/277/235 7716/275/235 7715/294/235 7722/292/235 7721/282/235
f 7699/292/257 7702/282/257 7729/282/257 7730/292/257
f 7728/247/235 7727/253/235 7726/246/235 7725/277/235 7724/275/235 7723/294/235 7730/292/235 7729/282/235
f 7732/258/231 7731/270/231 7735/270/231 7736/258/231
f 7742/305/235 7740/304/235 7734/238/235 7733/239/235
f 7739/306/234 7742/305/234 7733/239/234 7731/256/234
f 7740/304/232 7741/303/232 7732/242/232 7734/238/232
f 7738/239/254 7737/238/254 7736/246/254 7735/247/254
f 7731/256/279 7733/239/279 7738/239/279 7735/256/279
f 7734/238/280 7732/242/280 7736/242/280 7737/238/280
f 7733/239/235 7734/238/235 7737/238/235 7738/239/235
f 7731/270/231 7732/258/231 7741/302/231 7739/301/231
f 7510/306/254 7512/306/254 7511/305/254 7513/304/254
f 7781/296/281 7764/296/281 7763/296/281 7780/296/281
f 7777/296/282 7766/296/282 7765/296/282 7776/296/282
f 7780/296/283 7763/296/283 7762/296/283 7774/296/283
f 7776/296/284 7765/296/284 7764/296/284 7781/296/284
f 7787/296/285 7790/296/285 7774/296/285 7762/296/285
f 7797/296/235 7769/296/235 7810/296/235 7803/296/235
f 7761/296/231 7802/296/231 7805/296/231 7814/296/231
f 7768/296/286 7759/296/286 7818/296/286 7817/296/286
f 7756/296/287 7771/296/287 7822/296/287 7821/296/287
f 7766/296/288 7777/296/288 7791/296/288 7784/296/288
f 7762/296/235 7763/296/235 7786/296/235 7787/296/235
f 7750/296/231 7751/296/231 7793/296/231 7758/296/231
f 7763/296/235 7764/296/235 7785/296/235 7786/296/235
f 7751/296/231 7752/296/231 7792/296/231 7793/296/231
f 7764/296/235 7765/296/235 7783/296/235 7785/296/235
f 7748/296/231 7749/296/231 7760/296/231 7789/296/231
f 7777/296/288 7778/296/288 7788/296/288 7791/296/288
f 7790/296/285 7796/296/285 7773/296/285 7774/296/285
f 7778/296/288 7748/296/288 7789/296/288 7788/296/288
f 7765/296/235 7766/296/235 7784/296/235 7783/296/235
f 7749/296/231 7750/296/231 7758/296/231 7760/296/231
f 7796/296/285 7792/296/285 7752/296/285 7773/296/285
f 7754/296/235 7797/296/235 7803/296/235 7812/296/235
f 7798/296/289 7755/296/289 7799/296/289 7800/296/289
f 7747/296/235 7744/296/235 7806/296/235 7816/296/235
f 7801/296/290 7796/296/290 7790/296/290 7753/296/290
f 7759/296/231 7795/296/231 7809/296/231 7818/296/231
f 7788/296/291 7798/296/291 7800/296/291 7791/296/291
f 7767/296/231 7770/296/231 7807/296/231 7820/296/231
f 7755/296/292 7801/296/292 7753/296/292 7799/296/292
f 7749/296/284 7775/296/284 7782/296/284 7750/296/284
f 7775/296/284 7776/296/284 7781/296/284 7782/296/284
f 7751/296/283 7779/296/283 7773/296/283 7752/296/283
f 7779/296/283 7780/296/283 7774/296/283 7773/296/283
f 7748/296/282 7778/296/282 7775/296/282 7749/296/282
f 7778/296/282 7777/296/282 7776/296/282 7775/296/282
f 7750/296/281 7782/296/281 7779/296/281 7751/296/281
f 7782/296/281 7781/296/281 7780/296/281 7779/296/281
f 7745/296/291 7746/296/291 7783/296/291 7784/296/291
f 7746/296/289 7743/296/289 7785/296/289 7783/296/289
f 7743/296/292 7744/296/292 7786/296/292 7785/296/292
f 7744/296/290 7747/296/290 7787/296/290 7786/296/290
f 7759/296/291 7768/296/291 7788/296/291 7789/296/291
f 7747/296/290 7772/296/290 7790/296/290 7787/296/290
f 7767/296/291 7745/296/291 7784/296/291 7791/296/291
f 7756/296/290 7757/296/290 7793/296/290 7792/296/290
f 7757/296/292 7794/296/292 7758/296/292 7793/296/292
f 7794/296/289 7795/296/289 7760/296/289 7758/296/289
f 7795/296/291 7759/296/291 7789/296/291 7760/296/291
f 7771/296/290 7756/296/290 7792/296/290 7796/296/290
f 7769/296/289 7797/296/289 7755/296/289 7798/296/289
f 7761/296/289 7770/296/289 7800/296/289 7799/296/289
f 7754/296/290 7771/296/290 7796/296/290 7801/296/290
f 7772/296/290 7802/296/290 7753/296/290 7790/296/290
f 7768/296/291 7769/296/291 7798/296/291 7788/296/291
f 7770/296/291 7767/296/291 7791/296/291 7800/296/291
f 7797/296/292 7754/296/292 7801/296/292 7755/296/292
f 7802/296/292 7761/296/292 7799/296/292 7753/296/292
f 7814/296/292 7805/296/292 7806/296/292 7813/296/292
f 7820/296/293 7807/296/293 7808/296/293 7815/296/293
f 7805/296/294 7819/296/294 7816/296/294 7806/296/294
f 7807/296/295 7814/296/295 7813/296/295 7808/296/295
f 7809/296/295 7804/296/295 7803/296/295 7810/296/295
f 7811/296/294 7821/296/294 7822/296/294 7812/296/294
f 7818/296/293 7809/296/293 7810/296/293 7817/296/293
f 7804/296/292 7811/296/292 7812/296/292 7803/296/292
f 7772/296/287 7747/296/287 7816/296/287 7819/296/287
f 7770/296/231 7761/296/231 7814/296/231 7807/296/231
f 7745/296/286 7767/296/286 7820/296/286 7815/296/286
f 7771/296/235 7754/296/235 7812/296/235 7822/296/235
f 7757/296/231 7756/296/231 7821/296/231 7811/296/231
f 7746/296/235 7745/296/235 7815/296/235 7808/296/235
f 7802/296/231 7772/296/231 7819/296/231 7805/296/231
f 7794/296/231 7757/296/231 7811/296/231 7804/296/231
f 7743/296/235 7746/296/235 7808/296/235 7813/296/235
f 7769/296/235 7768/296/235 7817/296/235 7810/296/235
f 7795/296/231 7794/296/231 7804/296/231 7809/296/231
f 7744/296/235 7743/296/235 7813/296/235 7806/296/235
f 7829/275/259 7830/274/259 7831/274/259 7832/275/259
f 7824/282/256 7825/247/256 7836/247/256 7837/282/256
f 7826/253/261 7827/246/261 7834/246/261 7835/253/261
f 7825/247/255 7826/253/255 7835/253/255 7836/247/255
f 7830/294/258 7823/292/258 7838/292/258 7831/294/258
f 7827/246/262 7828/277/262 7833/277/262 7834/246/262
f 7828/277/260 7829/275/260 7832/275/260 7833/277/260
f 7830/310/231 7829/311/231 7828/312/231 7827/313/231 7826/314/231 7825/315/231 7824/316/231 7823/317/231
f 7823/292/257 7824/282/257 7837/282/257 7838/292/257
f 7836/247/235 7835/253/235 7834/246/235 7833/277/235 7832/275/235 7831/294/235 7838/292/235 7837/282/235
f 7839/270/231 7840/258/231 7842/309/231 7841/269/231
f 7841/269/296 7842/309/296 7846/264/296 7845/266/296
f 7845/266/235 7846/264/235 7844/238/235 7843/239/235
f 7843/239/297 7844/238/297 7840/246/297 7839/247/297
f 7841/265/298 7845/266/298 7843/239/298 7839/256/298
f 7853/275/259 7854/274/259 7855/274/259 7856/275/259
f 7848/282/256 7849/247/256 7860/247/256 7861/282/256
f 7850/253/261 7851/246/261 7858/246/261 7859/253/261
f 7849/247/255 7850/253/255 7859/253/255 7860/247/255
f 7854/294/258 7847/292/258 7862/292/258 7855/294/258
f 7851/246/262 7852/277/262 7857/277/262 7858/246/262
f 7852/277/260 7853/275/260 7856/275/260 7857/277/260
f 7854/310/231 7853/311/231 7852/312/231 7851/313/231 7850/314/231 7849/315/231 7848/316/231 7847/317/231
f 7847/292/257 7848/282/257 7861/282/257 7862/292/257
f 7860/247/235 7859/253/235 7858/246/235 7857/277/235 7856/275/235 7855/294/235 7862/292/235 7861/282/235
f 7869/275/259 7870/274/259 7871/274/259 7872/275/259
f 7864/282/256 7865/247/256 7876/247/256 7877/282/256
f 7866/253/261 7867/246/261 7874/246/261 7875/253/261
f 7865/247/255 7866/253/255 7875/253/255 7876/247/255
f 7870/294/258 7863/292/258 7878/292/258 7871/294/258
f 7867/246/262 7868/277/262 7873/277/262 7874/246/262
f 7868/277/260 7869/275/260 7872/275/260 7873/277/260
f 7870/310/231 7869/311/231 7868/312/231 7867/313/231 7866/314/231 7865/315/231 7864/316/231 7863/317/231
f 7863/292/257 7864/282/257 7877/282/257 7878/292/257
f 7876/247/235 7875/253/235 7874/246/235 7873/277/235 7872/275/235 7871/294/235 7878/292/235 7877/282/235
f 7903/270/233 7905/270/233 7906/270/233
f 7906/270/233 7905/270/233 7904/270/233
f 7907/269/254 7909/269/254 7910/269/254
f 7910/269/254 7909/269/254 7908/269/254
f 7959/270/254 7961/270/254 7962/270/254
f 7962/270/254 7961/270/254 7960/270/254
f 7963/269/233 7965/269/233 7966/269/233
f 7966/269/233 7965/269/233 7964/269/233
f 7897/332/299 7899/334/299 7887/265/299 7886/333/299
f 7899/334/300 7898/337/300 7885/336/300 7887/335/300
f 7888/338/301 7890/267/301 7902/340/301 7901/339/301
f 7890/341/302 7889/343/302 7900/342/302 7902/340/302
f 7879/344/303 7881/256/303 7893/346/303 7892/345/303
f 7881/247/304 7880/348/304 7891/347/304 7893/346/304
f 7894/349/305 7896/351/305 7884/242/305 7883/350/305
f 7896/351/306 7895/353/306 7882/352/306 7884/246/306
f 7903/354/358 7906/242/358 7910/267/358 7908/355/358
f 7906/270/359 7904/270/359 7907/269/359 7910/269/359
f 7929/332/299 7931/334/299 7919/265/299 7918/333/299
f 7931/334/309 7930/337/309 7917/336/309 7919/335/309
f 7920/338/301 7922/267/301 7934/340/301 7933/339/301
f 7922/341/302 7921/356/302 7932/342/302 7934/340/302
f 7911/344/303 7913/256/303 7925/346/303 7924/345/303
f 7913/247/304 7912/348/304 7923/347/304 7925/346/304
f 7926/349/305 7928/351/305 7916/242/305 7915/350/305
f 7928/351/310 7927/353/310 7914/352/310 7916/246/310
f 7953/337/311 7955/334/311 7943/335/311 7942/336/311
f 7955/334/312 7954/332/312 7941/333/312 7943/265/312
f 7944/356/313 7946/358/313 7958/340/313 7957/357/313
f 7946/267/314 7945/338/314 7956/339/314 7958/340/314
f 7935/348/315 7937/247/315 7949/359/315 7948/347/315
f 7937/256/316 7936/344/316 7947/345/316 7949/359/316
f 7950/360/317 7952/362/317 7940/246/317 7939/361/317
f 7952/362/318 7951/349/318 7938/350/318 7940/242/318
f 7959/270/359 7962/270/359 7966/269/359 7964/269/359
f 7962/242/358 7960/364/358 7963/363/358 7966/267/358
f 7985/337/319 7987/334/319 7975/335/319 7974/336/319
f 7987/334/312 7986/332/312 7973/333/312 7975/265/312
f 7976/356/313 7978/358/313 7990/340/313 7989/342/313
f 7978/267/314 7977/338/314 7988/339/314 7990/340/314
f 7967/348/315 7969/247/315 7981/359/315 7980/347/315
f 7969/256/316 7968/344/316 7979/345/316 7981/359/316
f 7982/360/320 7984/362/320 7972/246/320 7971/361/320
f 7984/362/318 7983/349/318 7970/350/318 7972/242/318
f 8009/365/321 8011/368/321 7999/367/321 7998/366/321
f 8011/368/322 8010/370/322 7997/369/322 7999/265/322
f 8000/371/323 8002/374/323 8014/373/323 8013/372/323
f 8002/267/324 8001/376/324 8012/375/324 8014/373/324
f 7991/377/325 7993/247/325 8005/379/325 8004/378/325
f 7993/256/326 7992/380/326 8003/345/326 8005/379/326
f 8006/381/327 8008/383/327 7996/246/327 7995/382/327
f 8008/383/328 8007/385/328 7994/384/328 7996/242/328
f 8033/365/321 8035/368/321 8023/367/321 8022/366/321
f 8035/368/322 8034/370/322 8021/369/322 8023/265/322
f 8024/386/323 8026/374/323 8038/373/323 8037/372/323
f 8026/267/324 8025/376/324 8036/375/324 8038/373/324
f 8015/377/325 8017/247/325 8029/379/325 8028/378/325
f 8017/256/326 8016/380/326 8027/345/326 8029/379/326
f 8030/381/327 8032/383/327 8020/246/327 8019/382/327
f 8032/383/328 8031/385/328 8018/384/328 8020/242/328
f 7886/333/329 7879/344/329 7892/345/329 7897/332/329
f 7879/387/231 7886/394/231 7887/335/231 7885/336/231 7889/343/231 7890/341/231 7888/393/231 7883/392/231 7884/391/231 7882/390/231 7880/389/231 7881/388/231
f 7891/347/330 7880/348/330 7882/352/330 7895/353/330
f 7901/339/331 7894/349/331 7883/350/331 7888/338/331
f 7885/336/332 7898/337/332 7900/342/332 7889/343/332
f 7897/332/235 7892/345/235 7893/346/235 7891/347/235 7895/353/235 7896/351/235 7894/349/235 7901/339/235 7902/340/235 7900/342/235 7898/337/235 7899/334/235
f 7161/247/233 7168/247/233 7170/247/233 7904/247/233 7905/247/233
f 7163/239/233 7161/247/233 7905/396/233 7903/395/233 7164/238/233
f 7904/270/343 7170/270/343 7169/269/343 7907/269/343
f 7166/264/360 7164/238/360 7903/354/360 7908/355/360
f 7907/269/254 7169/269/254 7167/269/254 7162/269/254 7909/269/254
f 7162/269/254 7165/266/254 7166/264/254 7908/398/254 7909/397/254
f 7918/333/329 7911/344/329 7924/345/329 7929/332/329
f 7911/387/231 7918/394/231 7919/335/231 7917/336/231 7921/356/231 7922/341/231 7920/393/231 7915/392/231 7916/391/231 7914/390/231 7912/389/231 7913/388/231
f 7923/347/330 7912/348/330 7914/352/330 7927/353/330
f 7933/339/331 7926/349/331 7915/350/331 7920/338/331
f 7917/336/332 7930/337/332 7932/342/332 7921/356/332
f 7929/332/235 7924/345/235 7925/346/235 7923/347/235 7927/353/235 7928/351/235 7926/349/235 7933/339/235 7934/340/235 7932/342/235 7930/337/235 7931/334/235
f 7941/333/334 7954/332/334 7947/345/334 7936/344/334
f 7935/389/231 7939/390/231 7940/399/231 7938/392/231 7945/393/231 7946/358/231 7944/356/231 7942/336/231 7943/335/231 7941/394/231 7936/387/231 7937/388/231
f 7948/347/335 7950/360/335 7939/361/335 7935/348/335
f 7956/339/336 7945/338/336 7938/350/336 7951/349/336
f 7942/336/337 7944/356/337 7957/357/337 7953/337/337
f 7953/337/235 7957/357/235 7958/340/235 7956/339/235 7951/349/235 7952/362/235 7950/360/235 7948/347/235 7949/359/235 7947/345/235 7954/332/235 7955/334/235
f 7482/247/254 7961/247/254 7959/247/254 7491/247/254 7489/247/254
f 7487/264/360 7963/363/360 7960/364/360 7485/238/360
f 7484/239/254 7485/238/254 7960/395/254 7961/400/254 7482/247/254
f 7959/270/343 7964/269/343 7490/269/343 7491/270/343
f 7483/269/233 7965/401/233 7963/398/233 7487/264/233 7486/266/233
f 7965/269/233 7483/269/233 7488/269/233 7490/269/233 7964/269/233
f 7973/333/334 7986/332/334 7979/345/334 7968/344/334
f 7967/389/231 7971/390/231 7972/399/231 7970/392/231 7977/393/231 7978/358/231 7976/356/231 7974/336/231 7975/335/231 7973/394/231 7968/387/231 7969/388/231
f 7980/347/335 7982/360/335 7971/361/335 7967/348/335
f 7988/339/336 7977/338/336 7970/350/336 7983/349/336
f 7974/336/337 7976/356/337 7989/342/337 7985/337/337
f 7985/337/235 7989/342/235 7990/340/235 7988/339/235 7983/349/235 7984/362/235 7982/360/235 7980/347/235 7981/359/235 7979/345/235 7986/332/235 7987/334/235
f 7997/369/338 8010/370/338 8003/345/338 7992/380/338
f 7991/402/231 7995/408/231 7996/407/231 7994/406/231 8001/405/231 8002/374/231 8000/371/231 7998/366/231 7999/367/231 7997/404/231 7992/387/231 7993/403/231
f 8004/378/339 8006/381/339 7995/382/339 7991/377/339
f 8012/375/340 8001/376/340 7994/384/340 8007/385/340
f 7998/366/341 8000/371/341 8013/372/341 8009/365/341
f 8009/365/235 8013/372/235 8014/373/235 8012/375/235 8007/385/235 8008/383/235 8006/381/235 8004/378/235 8005/379/235 8003/345/235 8010/370/235 8011/368/235
f 8021/369/338 8034/370/338 8027/345/338 8016/380/338
f 8015/402/231 8019/408/231 8020/407/231 8018/406/231 8025/405/231 8026/374/231 8024/386/231 8022/366/231 8023/367/231 8021/404/231 8016/387/231 8017/403/231
f 8028/378/339 8030/381/339 8019/382/339 8015/377/339
f 8036/375/340 8025/376/340 8018/384/340 8031/385/340
f 8022/366/341 8024/386/341 8037/372/341 8033/365/341
f 8033/365/235 8037/372/235 8038/373/235 8036/375/235 8031/385/235 8032/383/235 8030/381/235 8028/378/235 8029/379/235 8027/345/235 8034/370/235 8035/368/235
