# Blender 5.1.0
# www.blender.org
mtllib TankCar_2Axle.mtl
o Cube.043
v -1.050000 1.000000 3.200000
v -1.050000 1.200000 3.200000
v -1.050000 1.000000 0.000000
v -1.050000 1.200000 0.000000
v -0.900000 1.000000 3.200000
v -0.900000 1.200000 3.200000
v -0.900000 1.000000 0.000000
v -0.900000 1.200000 0.000000
v -1.050000 1.000000 3.100000
v -1.050000 1.200000 3.100000
v -0.900000 1.000000 3.100000
v -0.900000 1.200000 3.100000
v 0.000000 1.200000 3.100000
v 0.000000 1.200000 3.200000
v 0.000000 1.000000 3.200000
v 0.000000 1.000000 3.100000
v -0.990000 0.450000 0.040000
v -0.990000 1.000000 0.040000
v -0.990000 0.450000 0.000000
v -0.990000 1.000000 0.000000
v -0.950000 0.450000 0.040000
v -0.950000 1.000000 0.040000
v -0.950000 0.450000 0.000000
v -0.950000 1.000000 0.000000
v -0.990000 0.450000 0.040000
v -0.990000 1.000000 1.640000
v -0.990000 0.490000 0.040000
v -0.990000 1.040000 1.640000
v -0.950000 0.450000 0.040000
v -0.950000 1.000000 1.640000
v -0.950000 0.490000 0.040000
v -0.950000 1.040000 1.640000
v -1.070000 1.000000 3.200000
v -1.070000 1.020000 3.180000
v -1.070000 1.000000 0.000000
v -1.070000 1.020000 0.000000
v -1.050000 1.000000 3.200000
v -1.050000 1.020000 3.180000
v -1.050000 1.000000 0.000000
v -1.050000 1.020000 0.000000
v -1.050000 1.180000 3.180000
v -1.050000 1.200000 3.200000
v -1.050000 1.020000 3.180000
v -1.050000 1.000000 3.200000
v -1.070000 1.180000 3.180000
v -1.070000 1.200000 3.200000
v -1.070000 1.020000 3.180000
v -1.070000 1.000000 3.200000
v -1.050000 1.200000 0.000000
v -1.050000 1.180000 0.000000
v -1.050000 1.200000 3.200000
v -1.050000 1.180000 3.180000
v -1.070000 1.200000 0.000000
v -1.070000 1.180000 0.000000
v -1.070000 1.200000 3.200000
v -1.070000 1.180000 3.180000
v -0.500000 1.000000 0.000000
v -0.500000 1.200000 0.000000
v -0.350000 1.000000 0.000000
v -0.350000 1.200000 0.000000
v -0.500000 1.000000 3.100000
v -0.500000 1.200000 3.100000
v -0.350000 1.000000 3.100000
v -0.350000 1.200000 3.100000
v -0.900000 1.200000 1.300000
v -0.900000 1.000000 1.300000
v -0.900000 1.200000 1.150000
v -0.900000 1.000000 1.150000
v 0.000000 1.200000 1.300000
v 0.000000 1.000000 1.300000
v 0.000000 1.200000 1.150000
v 0.000000 1.000000 1.150000
v -1.200000 1.000000 3.300000
v -1.200000 1.250000 3.300000
v -1.200000 1.000000 3.200000
v -1.200000 1.250000 3.200000
v 0.000000 1.000000 3.300000
v 0.000000 1.250000 3.300000
v 0.000000 1.000000 3.200000
v 0.000000 1.250000 3.200000
v -0.500000 1.000000 3.200000
v -1.000000 1.250000 3.200000
v -0.500000 1.000000 3.300000
v -1.000000 1.250000 3.300000
v -0.800000 1.400000 3.200000
v 0.000000 1.400000 3.200000
v 0.000000 1.400000 3.300000
v -0.800000 1.400000 3.300000
v 0.000000 0.900000 3.300000
v 0.000000 0.900000 3.200000
v -0.300000 0.900000 3.300000
v -0.300000 0.900000 3.200000
v 1.050000 1.000000 3.200000
v 1.050000 1.200000 3.200000
v 1.050000 1.000000 0.000000
v 1.050000 1.200000 0.000000
v 0.900000 1.000000 3.200000
v 0.900000 1.200000 3.200000
v 0.900000 1.000000 0.000000
v 0.900000 1.200000 0.000000
v 1.050000 1.000000 3.100000
v 1.050000 1.200000 3.100000
v 0.900000 1.000000 3.100000
v 0.900000 1.200000 3.100000
v 0.990000 0.450000 0.040000
v 0.990000 1.000000 0.040000
v 0.990000 0.450000 0.000000
v 0.990000 1.000000 0.000000
v 0.950000 0.450000 0.040000
v 0.950000 1.000000 0.040000
v 0.950000 0.450000 0.000000
v 0.950000 1.000000 0.000000
v 0.990000 0.450000 0.040000
v 0.990000 1.000000 1.640000
v 0.990000 0.490000 0.040000
v 0.990000 1.040000 1.640000
v 0.950000 0.450000 0.040000
v 0.950000 1.000000 1.640000
v 0.950000 0.490000 0.040000
v 0.950000 1.040000 1.640000
v 1.070000 1.000000 3.200000
v 1.070000 1.020000 3.180000
v 1.070000 1.000000 0.000000
v 1.070000 1.020000 0.000000
v 1.050000 1.000000 3.200000
v 1.050000 1.020000 3.180000
v 1.050000 1.000000 0.000000
v 1.050000 1.020000 0.000000
v 1.050000 1.180000 3.180000
v 1.050000 1.200000 3.200000
v 1.050000 1.020000 3.180000
v 1.050000 1.000000 3.200000
v 1.070000 1.180000 3.180000
v 1.070000 1.200000 3.200000
v 1.070000 1.020000 3.180000
v 1.070000 1.000000 3.200000
v 1.050000 1.200000 0.000000
v 1.050000 1.180000 0.000000
v 1.050000 1.200000 3.200000
v 1.050000 1.180000 3.180000
v 1.070000 1.200000 0.000000
v 1.070000 1.180000 0.000000
v 1.070000 1.200000 3.200000
v 1.070000 1.180000 3.180000
v 0.500000 1.000000 0.000000
v 0.500000 1.200000 0.000000
v 0.350000 1.000000 0.000000
v 0.350000 1.200000 0.000000
v 0.500000 1.000000 3.100000
v 0.500000 1.200000 3.100000
v 0.350000 1.000000 3.100000
v 0.350000 1.200000 3.100000
v 0.900000 1.200000 1.300000
v 0.900000 1.000000 1.300000
v 0.900000 1.200000 1.150000
v 0.900000 1.000000 1.150000
v 1.200000 1.000000 3.300000
v 1.200000 1.250000 3.300000
v 1.200000 1.000000 3.200000
v 1.200000 1.250000 3.200000
v 0.500000 1.000000 3.200000
v 1.000000 1.250000 3.200000
v 0.500000 1.000000 3.300000
v 1.000000 1.250000 3.300000
v 0.800000 1.400000 3.200000
v 0.800000 1.400000 3.300000
v 0.300000 0.900000 3.300000
v 0.300000 0.900000 3.200000
v -1.050000 1.000000 -3.200000
v -1.050000 1.200000 -3.200000
v -0.900000 1.000000 -3.200000
v -0.900000 1.200000 -3.200000
v -1.050000 1.000000 -3.100000
v -1.050000 1.200000 -3.100000
v -0.900000 1.000000 -3.100000
v -0.900000 1.200000 -3.100000
v 0.000000 1.200000 -3.100000
v 0.000000 1.200000 -3.200000
v 0.000000 1.000000 -3.200000
v 0.000000 1.000000 -3.100000
v -0.990000 0.450000 -0.040000
v -0.990000 1.000000 -0.040000
v -0.950000 0.450000 -0.040000
v -0.950000 1.000000 -0.040000
v -0.990000 0.450000 -0.040000
v -0.990000 1.000000 -1.640000
v -0.990000 0.490000 -0.040000
v -0.990000 1.040000 -1.640000
v -0.950000 0.450000 -0.040000
v -0.950000 1.000000 -1.640000
v -0.950000 0.490000 -0.040000
v -0.950000 1.040000 -1.640000
v -1.070000 1.000000 -3.200000
v -1.070000 1.020000 -3.180000
v -1.050000 1.000000 -3.200000
v -1.050000 1.020000 -3.180000
v -1.050000 1.180000 -3.180000
v -1.050000 1.200000 -3.200000
v -1.050000 1.020000 -3.180000
v -1.050000 1.000000 -3.200000
v -1.070000 1.180000 -3.180000
v -1.070000 1.200000 -3.200000
v -1.070000 1.020000 -3.180000
v -1.070000 1.000000 -3.200000
v -1.050000 1.200000 -3.200000
v -1.050000 1.180000 -3.180000
v -1.070000 1.200000 -3.200000
v -1.070000 1.180000 -3.180000
v -0.500000 1.000000 -3.100000
v -0.500000 1.200000 -3.100000
v -0.350000 1.000000 -3.100000
v -0.350000 1.200000 -3.100000
v -0.900000 1.200000 -1.300000
v -0.900000 1.000000 -1.300000
v -0.900000 1.200000 -1.150000
v -0.900000 1.000000 -1.150000
v 0.000000 1.200000 -1.300000
v 0.000000 1.000000 -1.300000
v 0.000000 1.200000 -1.150000
v 0.000000 1.000000 -1.150000
v -1.200000 1.000000 -3.300000
v -1.200000 1.250000 -3.300000
v -1.200000 1.000000 -3.200000
v -1.200000 1.250000 -3.200000
v 0.000000 1.000000 -3.300000
v 0.000000 1.250000 -3.300000
v 0.000000 1.000000 -3.200000
v 0.000000 1.250000 -3.200000
v -0.500000 1.000000 -3.200000
v -1.000000 1.250000 -3.200000
v -0.500000 1.000000 -3.300000
v -1.000000 1.250000 -3.300000
v -0.800000 1.400000 -3.200000
v 0.000000 1.400000 -3.200000
v 0.000000 1.400000 -3.300000
v -0.800000 1.400000 -3.300000
v 0.000000 0.900000 -3.300000
v 0.000000 0.900000 -3.200000
v -0.300000 0.900000 -3.300000
v -0.300000 0.900000 -3.200000
v 1.050000 1.000000 -3.200000
v 1.050000 1.200000 -3.200000
v 0.900000 1.000000 -3.200000
v 0.900000 1.200000 -3.200000
v 1.050000 1.000000 -3.100000
v 1.050000 1.200000 -3.100000
v 0.900000 1.000000 -3.100000
v 0.900000 1.200000 -3.100000
v 0.990000 0.450000 -0.040000
v 0.990000 1.000000 -0.040000
v 0.950000 0.450000 -0.040000
v 0.950000 1.000000 -0.040000
v 0.990000 0.450000 -0.040000
v 0.990000 1.000000 -1.640000
v 0.990000 0.490000 -0.040000
v 0.990000 1.040000 -1.640000
v 0.950000 0.450000 -0.040000
v 0.950000 1.000000 -1.640000
v 0.950000 0.490000 -0.040000
v 0.950000 1.040000 -1.640000
v 1.070000 1.000000 -3.200000
v 1.070000 1.020000 -3.180000
v 1.050000 1.000000 -3.200000
v 1.050000 1.020000 -3.180000
v 1.050000 1.180000 -3.180000
v 1.050000 1.200000 -3.200000
v 1.050000 1.020000 -3.180000
v 1.050000 1.000000 -3.200000
v 1.070000 1.180000 -3.180000
v 1.070000 1.200000 -3.200000
v 1.070000 1.020000 -3.180000
v 1.070000 1.000000 -3.200000
v 1.050000 1.200000 -3.200000
v 1.050000 1.180000 -3.180000
v 1.070000 1.200000 -3.200000
v 1.070000 1.180000 -3.180000
v 0.500000 1.000000 -3.100000
v 0.500000 1.200000 -3.100000
v 0.350000 1.000000 -3.100000
v 0.350000 1.200000 -3.100000
v 0.900000 1.200000 -1.300000
v 0.900000 1.000000 -1.300000
v 0.900000 1.200000 -1.150000
v 0.900000 1.000000 -1.150000
v 1.200000 1.000000 -3.300000
v 1.200000 1.250000 -3.300000
v 1.200000 1.000000 -3.200000
v 1.200000 1.250000 -3.200000
v 0.500000 1.000000 -3.200000
v 1.000000 1.250000 -3.200000
v 0.500000 1.000000 -3.300000
v 1.000000 1.250000 -3.300000
v 0.800000 1.400000 -3.200000
v 0.800000 1.400000 -3.300000
v 0.300000 0.900000 -3.300000
v 0.300000 0.900000 -3.200000
vn -1.0000 -0.0000 -0.0000
vn -0.0000 -0.0000 -1.0000
vn -0.0000 -1.0000 -0.0000
vn -0.0000 -0.0000 1.0000
vn -0.0000 1.0000 -0.0000
vn 1.0000 -0.0000 -0.0000
vn -0.0000 0.9457 -0.3251
vn -0.0000 -0.9457 0.3251
vn -0.6000 0.8000 -0.0000
vn -0.4472 -0.8944 -0.0000
vn 0.6000 0.8000 -0.0000
vn 0.4472 -0.8944 -0.0000
vn -0.0000 0.9457 0.3251
vn -0.0000 -0.9457 -0.3251
vt 0.625000 0.125000
vt 0.375000 0.250000
vt 0.375000 0.125000
vt 0.625000 0.250000
vt 0.375000 0.500000
vt 0.375000 0.625000
vt 0.375000 0.750000
vt 0.625000 0.750000
vt 0.375000 1.000000
vt 0.125000 0.750000
vt 0.125000 0.625000
vt 0.875000 0.625000
vt 0.625000 0.625000
vt 0.875000 0.500000
vt 0.625000 0.500000
vt 0.125000 0.500000
vt 0.625000 0.000000
vt 0.375000 0.000000
vt 0.375000 0.287500
vt 0.625000 0.962500
vt 0.375000 0.962500
vt 0.837500 0.750000
vt 0.837500 0.500000
vt 0.625000 0.287500
vt 0.162500 0.500000
vt 0.162500 0.750000
vt 0.625000 1.000000
vt 0.875000 0.750000
s 0
f 10/1/1 3/2/1 9/3/1
f 4/4/2 7/5/2 3/2/2
f 11/6/3 15/7/3 5/7/3
f 6/8/4 1/9/4 5/7/4
f 11/6/3 1/10/3 9/11/3
f 10/12/5 6/8/5 12/13/5
f 4/14/5 12/13/5 8/15/5
f 7/5/3 9/11/3 3/16/3
f 8/15/6 11/6/6 7/5/6
f 2/17/1 9/3/1 1/18/1
f 13/13/6 15/7/6 16/6/6
f 6/8/5 13/13/5 12/13/5
f 5/7/4 14/8/4 6/8/4
f 12/13/2 16/6/2 11/6/2
f 18/17/1 19/2/1 17/18/1
f 24/15/6 21/7/6 23/5/6
f 22/8/4 17/9/4 21/7/4
f 23/5/3 17/10/3 19/16/3
f 26/17/1 27/2/1 25/18/1
f 28/4/7 31/5/7 27/2/7
f 31/5/6 30/8/6 29/7/6
f 30/8/8 25/9/8 29/7/8
f 39/5/3 33/10/3 35/16/3
f 34/17/1 35/2/1 33/18/1
f 36/14/5 38/8/5 40/15/5
f 43/8/2 45/14/2 41/15/2
f 48/18/1 45/4/1 47/17/1
f 48/10/4 42/5/4 46/16/4
f 53/14/5 51/8/5 49/15/5
f 56/18/1 53/4/1 54/2/1
f 50/5/3 56/10/3 54/16/3
f 62/1/1 57/2/1 61/3/1
f 59/5/3 61/11/3 57/16/3
f 60/15/6 63/6/6 59/5/6
f 65/13/5 71/4/5 67/1/5
f 69/15/4 66/6/4 70/5/4
f 70/5/3 68/11/3 72/16/3
f 64/13/5 58/4/5 62/1/5
f 67/1/2 72/2/2 68/3/2
f 74/17/1 75/2/1 73/18/1
f 81/19/2 80/15/2 79/5/2
f 80/15/6 77/7/6 79/5/6
f 84/20/4 73/9/4 83/21/4
f 79/5/2 92/19/2 81/19/2
f 76/14/5 84/22/5 82/23/5
f 80/15/2 85/24/2 86/15/2
f 81/25/3 73/10/3 75/16/3
f 78/8/4 83/21/4 77/7/4
f 75/2/2 82/24/2 81/19/2
f 85/23/5 87/8/5 86/15/5
f 84/22/9 85/23/9 82/23/9
f 80/15/6 87/8/6 78/8/6
f 78/8/4 88/20/4 84/20/4
f 90/5/3 91/26/3 92/25/3
f 77/7/4 91/21/4 89/7/4
f 81/25/10 91/26/10 83/26/10
f 77/7/6 90/5/6 79/5/6
f 95/2/6 102/1/6 101/3/6
f 99/5/2 96/4/2 95/2/2
f 15/7/3 103/6/3 97/7/3
f 93/9/4 98/8/4 97/7/4
f 93/10/3 103/6/3 101/11/3
f 98/8/5 102/12/5 104/13/5
f 104/13/5 96/14/5 100/15/5
f 101/11/3 99/5/3 95/16/3
f 103/6/1 100/15/1 99/5/1
f 101/3/6 94/17/6 93/18/6
f 13/13/5 98/8/5 104/13/5
f 14/8/4 97/7/4 98/8/4
f 16/6/2 104/13/2 103/6/2
f 107/2/6 106/17/6 105/18/6
f 109/7/1 112/15/1 111/5/1
f 105/9/4 110/8/4 109/7/4
f 105/10/3 111/5/3 107/16/3
f 115/2/6 114/17/6 113/18/6
f 119/5/7 116/4/7 115/2/7
f 119/5/1 118/8/1 120/15/1
f 113/9/8 118/8/8 117/7/8
f 121/10/3 127/5/3 123/16/3
f 123/2/6 122/17/6 121/18/6
f 126/8/5 124/14/5 128/15/5
f 133/14/2 131/8/2 129/15/2
f 136/18/6 133/4/6 134/2/6
f 130/5/4 136/10/4 134/16/4
f 139/8/5 141/14/5 137/15/5
f 144/18/6 141/4/6 143/17/6
f 144/10/3 138/5/3 142/16/3
f 145/2/6 150/1/6 149/3/6
f 149/11/3 147/5/3 145/16/3
f 151/6/1 148/15/1 147/5/1
f 71/4/5 153/13/5 155/1/5
f 154/6/4 69/15/4 70/5/4
f 156/11/3 70/5/3 72/16/3
f 146/4/5 152/13/5 150/1/5
f 72/2/2 155/1/2 156/3/2
f 159/2/6 158/17/6 157/18/6
f 161/19/2 80/15/2 162/24/2
f 157/9/4 164/20/4 163/21/4
f 168/19/2 79/5/2 161/19/2
f 164/22/5 160/14/5 162/23/5
f 80/15/2 165/24/2 162/24/2
f 157/10/3 161/25/3 159/16/3
f 163/21/4 78/8/4 77/7/4
f 159/2/2 162/24/2 160/4/2
f 87/8/5 165/23/5 86/15/5
f 165/23/11 164/22/11 162/23/11
f 166/20/4 78/8/4 164/20/4
f 167/26/3 90/5/3 168/25/3
f 77/7/4 167/21/4 163/21/4
f 167/26/12 161/25/12 163/26/12
f 3/2/1 174/1/1 173/3/1
f 179/7/3 175/6/3 171/7/3
f 169/9/2 172/8/2 171/7/2
f 169/10/3 175/6/3 173/11/3
f 172/8/5 174/12/5 176/13/5
f 176/13/5 4/14/5 8/15/5
f 173/11/3 7/5/3 3/16/3
f 175/6/6 8/15/6 7/5/6
f 173/3/1 170/17/1 169/18/1
f 179/7/6 177/13/6 180/6/6
f 177/13/5 172/8/5 176/13/5
f 178/8/2 171/7/2 172/8/2
f 180/6/4 176/13/4 175/6/4
f 19/2/1 182/17/1 181/18/1
f 183/7/6 24/15/6 23/5/6
f 181/9/2 184/8/2 183/7/2
f 181/10/3 23/5/3 19/16/3
f 187/2/1 186/17/1 185/18/1
f 191/5/13 188/4/13 187/2/13
f 191/5/6 190/8/6 192/15/6
f 185/9/14 190/8/14 189/7/14
f 193/10/3 39/5/3 35/16/3
f 35/2/1 194/17/1 193/18/1
f 196/8/5 36/14/5 40/15/5
f 201/14/4 199/8/4 197/15/4
f 204/18/1 201/4/1 202/2/1
f 198/5/2 204/10/2 202/16/2
f 205/8/5 53/14/5 49/15/5
f 208/18/1 53/4/1 207/17/1
f 208/10/3 50/5/3 54/16/3
f 57/2/1 210/1/1 209/3/1
f 209/11/3 59/5/3 57/16/3
f 211/6/6 60/15/6 59/5/6
f 219/4/5 213/13/5 215/1/5
f 214/6/2 217/15/2 218/5/2
f 216/11/3 218/5/3 220/16/3
f 58/4/5 212/13/5 210/1/5
f 220/2/4 215/1/4 216/3/4
f 223/2/1 222/17/1 221/18/1
f 229/19/4 228/15/4 230/24/4
f 225/7/6 228/15/6 227/5/6
f 221/9/2 232/20/2 231/21/2
f 240/19/4 227/5/4 229/19/4
f 232/22/5 224/14/5 230/23/5
f 228/15/4 233/24/4 230/24/4
f 221/10/3 229/25/3 223/16/3
f 231/21/2 226/8/2 225/7/2
f 223/2/4 230/24/4 224/4/4
f 235/8/5 233/23/5 234/15/5
f 233/23/9 232/22/9 230/23/9
f 235/8/6 228/15/6 226/8/6
f 236/20/2 226/8/2 232/20/2
f 239/26/3 238/5/3 240/25/3
f 225/7/2 239/21/2 231/21/2
f 239/26/10 229/25/10 231/26/10
f 238/5/6 225/7/6 227/5/6
f 246/1/6 95/2/6 245/3/6
f 247/6/3 179/7/3 243/7/3
f 244/8/2 241/9/2 243/7/2
f 247/6/3 241/10/3 245/11/3
f 246/12/5 244/8/5 248/13/5
f 96/14/5 248/13/5 100/15/5
f 99/5/3 245/11/3 95/16/3
f 100/15/1 247/6/1 99/5/1
f 242/17/6 245/3/6 241/18/6
f 244/8/5 177/13/5 248/13/5
f 243/7/2 178/8/2 244/8/2
f 248/13/4 180/6/4 247/6/4
f 250/17/6 107/2/6 249/18/6
f 112/15/1 251/7/1 111/5/1
f 252/8/2 249/9/2 251/7/2
f 111/5/3 249/10/3 107/16/3
f 254/17/6 255/2/6 253/18/6
f 256/4/13 259/5/13 255/2/13
f 259/5/1 258/8/1 257/7/1
f 258/8/14 253/9/14 257/7/14
f 127/5/3 261/10/3 123/16/3
f 262/17/6 123/2/6 261/18/6
f 124/14/5 264/8/5 128/15/5
f 267/8/4 269/14/4 265/15/4
f 272/18/6 269/4/6 271/17/6
f 272/10/2 266/5/2 270/16/2
f 141/14/5 273/8/5 137/15/5
f 276/18/6 141/4/6 142/2/6
f 138/5/3 276/10/3 142/16/3
f 278/1/6 145/2/6 277/3/6
f 147/5/3 277/11/3 145/16/3
f 148/15/1 279/6/1 147/5/1
f 281/13/5 219/4/5 283/1/5
f 217/15/2 282/6/2 218/5/2
f 218/5/3 284/11/3 220/16/3
f 280/13/5 146/4/5 278/1/5
f 283/1/4 220/2/4 284/3/4
f 286/17/6 287/2/6 285/18/6
f 289/19/4 228/15/4 227/5/4
f 292/20/2 285/9/2 291/21/2
f 227/5/4 296/19/4 289/19/4
f 288/14/5 292/22/5 290/23/5
f 228/15/4 293/24/4 234/15/4
f 289/25/3 285/10/3 287/16/3
f 226/8/2 291/21/2 225/7/2
f 287/2/4 290/24/4 289/19/4
f 293/23/5 235/8/5 234/15/5
f 292/22/11 293/23/11 290/23/11
f 226/8/2 294/20/2 292/20/2
f 238/5/3 295/26/3 296/25/3
f 225/7/2 295/21/2 237/7/2
f 289/25/12 295/26/12 291/26/12
f 10/1/1 4/4/1 3/2/1
f 4/4/2 8/15/2 7/5/2
f 11/6/3 16/6/3 15/7/3
f 6/8/4 2/27/4 1/9/4
f 11/6/3 5/7/3 1/10/3
f 10/12/5 2/28/5 6/8/5
f 4/14/5 10/12/5 12/13/5
f 7/5/3 11/6/3 9/11/3
f 8/15/6 12/13/6 11/6/6
f 2/17/1 10/1/1 9/3/1
f 13/13/6 14/8/6 15/7/6
f 6/8/5 14/8/5 13/13/5
f 5/7/4 15/7/4 14/8/4
f 12/13/2 13/13/2 16/6/2
f 18/17/1 20/4/1 19/2/1
f 24/15/6 22/8/6 21/7/6
f 22/8/4 18/27/4 17/9/4
f 23/5/3 21/7/3 17/10/3
f 26/17/1 28/4/1 27/2/1
f 28/4/7 32/15/7 31/5/7
f 31/5/6 32/15/6 30/8/6
f 30/8/8 26/27/8 25/9/8
f 39/5/3 37/7/3 33/10/3
f 34/17/1 36/4/1 35/2/1
f 36/14/5 34/28/5 38/8/5
f 43/8/2 47/28/2 45/14/2
f 48/18/1 46/2/1 45/4/1
f 48/10/4 44/7/4 42/5/4
f 53/14/5 55/28/5 51/8/5
f 56/18/1 55/17/1 53/4/1
f 50/5/3 52/7/3 56/10/3
f 62/1/1 58/4/1 57/2/1
f 59/5/3 63/6/3 61/11/3
f 60/15/6 64/13/6 63/6/6
f 65/13/5 69/15/5 71/4/5
f 69/15/4 65/13/4 66/6/4
f 70/5/3 66/6/3 68/11/3
f 64/13/5 60/15/5 58/4/5
f 67/1/2 71/4/2 72/2/2
f 74/17/1 76/4/1 75/2/1
f 81/19/2 82/24/2 80/15/2
f 80/15/6 78/8/6 77/7/6
f 84/20/4 74/27/4 73/9/4
f 79/5/2 90/5/2 92/19/2
f 76/14/5 74/28/5 84/22/5
f 80/15/2 82/24/2 85/24/2
f 81/25/3 83/26/3 73/10/3
f 78/8/4 84/20/4 83/21/4
f 75/2/2 76/4/2 82/24/2
f 85/23/5 88/22/5 87/8/5
f 84/22/9 88/22/9 85/23/9
f 80/15/6 86/15/6 87/8/6
f 78/8/4 87/8/4 88/20/4
f 90/5/3 89/7/3 91/26/3
f 77/7/4 83/21/4 91/21/4
f 81/25/10 92/25/10 91/26/10
f 77/7/6 89/7/6 90/5/6
f 95/2/6 96/4/6 102/1/6
f 99/5/2 100/15/2 96/4/2
f 15/7/3 16/6/3 103/6/3
f 93/9/4 94/27/4 98/8/4
f 93/10/3 97/7/3 103/6/3
f 98/8/5 94/28/5 102/12/5
f 104/13/5 102/12/5 96/14/5
f 101/11/3 103/6/3 99/5/3
f 103/6/1 104/13/1 100/15/1
f 101/3/6 102/1/6 94/17/6
f 13/13/5 14/8/5 98/8/5
f 14/8/4 15/7/4 97/7/4
f 16/6/2 13/13/2 104/13/2
f 107/2/6 108/4/6 106/17/6
f 109/7/1 110/8/1 112/15/1
f 105/9/4 106/27/4 110/8/4
f 105/10/3 109/7/3 111/5/3
f 115/2/6 116/4/6 114/17/6
f 119/5/7 120/15/7 116/4/7
f 119/5/1 117/7/1 118/8/1
f 113/9/8 114/27/8 118/8/8
f 121/10/3 125/7/3 127/5/3
f 123/2/6 124/4/6 122/17/6
f 126/8/5 122/28/5 124/14/5
f 133/14/2 135/28/2 131/8/2
f 136/18/6 135/17/6 133/4/6
f 130/5/4 132/7/4 136/10/4
f 139/8/5 143/28/5 141/14/5
f 144/18/6 142/2/6 141/4/6
f 144/10/3 140/7/3 138/5/3
f 145/2/6 146/4/6 150/1/6
f 149/11/3 151/6/3 147/5/3
f 151/6/1 152/13/1 148/15/1
f 71/4/5 69/15/5 153/13/5
f 154/6/4 153/13/4 69/15/4
f 156/11/3 154/6/3 70/5/3
f 146/4/5 148/15/5 152/13/5
f 72/2/2 71/4/2 155/1/2
f 159/2/6 160/4/6 158/17/6
f 161/19/2 79/5/2 80/15/2
f 157/9/4 158/27/4 164/20/4
f 168/19/2 90/5/2 79/5/2
f 164/22/5 158/28/5 160/14/5
f 80/15/2 86/15/2 165/24/2
f 157/10/3 163/26/3 161/25/3
f 163/21/4 164/20/4 78/8/4
f 159/2/2 161/19/2 162/24/2
f 87/8/5 166/22/5 165/23/5
f 165/23/11 166/22/11 164/22/11
f 166/20/4 87/8/4 78/8/4
f 167/26/3 89/7/3 90/5/3
f 77/7/4 89/7/4 167/21/4
f 167/26/12 168/25/12 161/25/12
f 3/2/1 4/4/1 174/1/1
f 179/7/3 180/6/3 175/6/3
f 169/9/2 170/27/2 172/8/2
f 169/10/3 171/7/3 175/6/3
f 172/8/5 170/28/5 174/12/5
f 176/13/5 174/12/5 4/14/5
f 173/11/3 175/6/3 7/5/3
f 175/6/6 176/13/6 8/15/6
f 173/3/1 174/1/1 170/17/1
f 179/7/6 178/8/6 177/13/6
f 177/13/5 178/8/5 172/8/5
f 178/8/2 179/7/2 171/7/2
f 180/6/4 177/13/4 176/13/4
f 19/2/1 20/4/1 182/17/1
f 183/7/6 184/8/6 24/15/6
f 181/9/2 182/27/2 184/8/2
f 181/10/3 183/7/3 23/5/3
f 187/2/1 188/4/1 186/17/1
f 191/5/13 192/15/13 188/4/13
f 191/5/6 189/7/6 190/8/6
f 185/9/14 186/27/14 190/8/14
f 193/10/3 195/7/3 39/5/3
f 35/2/1 36/4/1 194/17/1
f 196/8/5 194/28/5 36/14/5
f 201/14/4 203/28/4 199/8/4
f 204/18/1 203/17/1 201/4/1
f 198/5/2 200/7/2 204/10/2
f 205/8/5 207/28/5 53/14/5
f 208/18/1 54/2/1 53/4/1
f 208/10/3 206/7/3 50/5/3
f 57/2/1 58/4/1 210/1/1
f 209/11/3 211/6/3 59/5/3
f 211/6/6 212/13/6 60/15/6
f 219/4/5 217/15/5 213/13/5
f 214/6/2 213/13/2 217/15/2
f 216/11/3 214/6/3 218/5/3
f 58/4/5 60/15/5 212/13/5
f 220/2/4 219/4/4 215/1/4
f 223/2/1 224/4/1 222/17/1
f 229/19/4 227/5/4 228/15/4
f 225/7/6 226/8/6 228/15/6
f 221/9/2 222/27/2 232/20/2
f 240/19/4 238/5/4 227/5/4
f 232/22/5 222/28/5 224/14/5
f 228/15/4 234/15/4 233/24/4
f 221/10/3 231/26/3 229/25/3
f 231/21/2 232/20/2 226/8/2
f 223/2/4 229/19/4 230/24/4
f 235/8/5 236/22/5 233/23/5
f 233/23/9 236/22/9 232/22/9
f 235/8/6 234/15/6 228/15/6
f 236/20/2 235/8/2 226/8/2
f 239/26/3 237/7/3 238/5/3
f 225/7/2 237/7/2 239/21/2
f 239/26/10 240/25/10 229/25/10
f 238/5/6 237/7/6 225/7/6
f 246/1/6 96/4/6 95/2/6
f 247/6/3 180/6/3 179/7/3
f 244/8/2 242/27/2 241/9/2
f 247/6/3 243/7/3 241/10/3
f 246/12/5 242/28/5 244/8/5
f 96/14/5 246/12/5 248/13/5
f 99/5/3 247/6/3 245/11/3
f 100/15/1 248/13/1 247/6/1
f 242/17/6 246/1/6 245/3/6
f 244/8/5 178/8/5 177/13/5
f 243/7/2 179/7/2 178/8/2
f 248/13/4 177/13/4 180/6/4
f 250/17/6 108/4/6 107/2/6
f 112/15/1 252/8/1 251/7/1
f 252/8/2 250/27/2 249/9/2
f 111/5/3 251/7/3 249/10/3
f 254/17/6 256/4/6 255/2/6
f 256/4/13 260/15/13 259/5/13
f 259/5/1 260/15/1 258/8/1
f 258/8/14 254/27/14 253/9/14
f 127/5/3 263/7/3 261/10/3
f 262/17/6 124/4/6 123/2/6
f 124/14/5 262/28/5 264/8/5
f 267/8/4 271/28/4 269/14/4
f 272/18/6 270/2/6 269/4/6
f 272/10/2 268/7/2 266/5/2
f 141/14/5 275/28/5 273/8/5
f 276/18/6 275/17/6 141/4/6
f 138/5/3 274/7/3 276/10/3
f 278/1/6 146/4/6 145/2/6
f 147/5/3 279/6/3 277/11/3
f 148/15/1 280/13/1 279/6/1
f 281/13/5 217/15/5 219/4/5
f 217/15/2 281/13/2 282/6/2
f 218/5/3 282/6/3 284/11/3
f 280/13/5 148/15/5 146/4/5
f 283/1/4 219/4/4 220/2/4
f 286/17/6 288/4/6 287/2/6
f 289/19/4 290/24/4 228/15/4
f 292/20/2 286/27/2 285/9/2
f 227/5/4 238/5/4 296/19/4
f 288/14/5 286/28/5 292/22/5
f 228/15/4 290/24/4 293/24/4
f 289/25/3 291/26/3 285/10/3
f 226/8/2 292/20/2 291/21/2
f 287/2/4 288/4/4 290/24/4
f 293/23/5 294/22/5 235/8/5
f 292/22/11 294/22/11 293/23/11
f 226/8/2 235/8/2 294/20/2
f 238/5/3 237/7/3 295/26/3
f 225/7/2 291/21/2 295/21/2
f 289/25/12 296/25/12 295/26/12
o WheelFrame.008
v -1.068000 0.510000 2.090000
v -1.050000 0.690000 2.090000
v -0.910000 0.510000 2.090000
v -0.910000 0.690000 2.090000
v -0.900000 0.440000 2.180000
v -0.900000 0.500000 2.180000
v -0.840000 0.440000 2.180000
v -0.840000 0.500000 2.180000
v -0.900000 0.440000 2.110000
v -0.900000 0.500000 2.110000
v -0.840000 0.440000 2.110000
v -0.840000 0.500000 2.110000
v -0.840000 1.000000 2.070000
v -0.840000 1.000000 2.220000
v -0.900000 1.000000 2.220000
v -0.900000 1.000000 2.070000
v -0.970000 0.810000 2.340000
v -0.970000 1.000000 2.560000
v -0.970000 0.810000 2.320000
v -0.910000 0.810000 2.340000
v -0.910000 1.000000 2.560000
v -0.910000 0.810000 2.320000
v -0.970000 0.900000 2.500000
v -0.970000 1.000000 2.360000
v -0.910000 1.000000 2.360000
v -0.910000 0.900000 2.500000
v -0.900000 0.440000 2.000000
v -0.900000 0.500000 2.000000
v -0.840000 0.440000 2.000000
v -0.840000 0.500000 2.000000
v -1.068000 0.510000 2.000000
v -1.050000 0.690000 2.000000
v -0.910000 0.510000 2.000000
v -0.910000 0.690000 2.000000
v -0.970000 0.700000 2.000000
v -0.970000 0.820000 2.000000
v -0.910000 0.700000 2.000000
v -0.910000 0.820000 2.000000
v -1.030000 0.720000 2.000000
v -1.030000 0.720000 2.070000
v -1.019394 0.715607 2.000000
v -1.019394 0.715607 2.070000
v -1.015000 0.705000 2.000000
v -1.015000 0.705000 2.070000
v -1.019394 0.694393 2.000000
v -1.019394 0.694393 2.070000
v -1.030000 0.690000 2.000000
v -1.030000 0.690000 2.070000
v -1.040607 0.694393 2.000000
v -1.040607 0.694393 2.070000
v -1.045000 0.705000 2.000000
v -1.045000 0.705000 2.070000
v -1.040607 0.715607 2.000000
v -1.040607 0.715607 2.070000
v -1.049000 0.700000 2.050000
v -1.049000 0.700000 2.030000
v -1.031500 0.698000 2.050000
v -1.030500 0.723000 2.050000
v -1.031500 0.698000 2.030000
v -1.030500 0.723000 2.030000
v -1.057000 0.620000 2.030000
v -1.057000 0.620000 2.050000
v -1.067000 0.620000 2.030000
v -1.067000 0.620000 2.050000
v -1.020000 0.716000 2.030000
v -1.020000 0.716000 2.050000
v -1.030000 0.720000 2.028000
v -1.019394 0.715607 2.028000
v -1.015000 0.705000 2.028000
v -1.019394 0.694393 2.028000
v -1.030000 0.690000 2.028000
v -1.040607 0.694393 2.028000
v -1.045000 0.705000 2.028000
v -1.040607 0.715607 2.028000
v -1.030000 0.726580 2.000000
v -1.014741 0.720259 2.000000
v -1.014741 0.720259 2.028000
v -1.008420 0.705000 2.000000
v -1.008420 0.705000 2.028000
v -1.014741 0.689741 2.000000
v -1.014741 0.689741 2.028000
v -1.030000 0.683420 2.000000
v -1.030000 0.683420 2.028000
v -1.045259 0.689741 2.000000
v -1.045259 0.689741 2.028000
v -1.051580 0.705000 2.000000
v -1.051580 0.705000 2.028000
v -1.045259 0.720259 2.000000
v -1.045259 0.720259 2.028000
v -1.030000 0.726580 2.028000
v -0.977071 0.827071 2.040000
v -0.977071 0.827071 2.000000
v -0.902929 0.692929 2.040000
v -0.902929 0.692929 2.000000
v -0.902929 0.827071 2.000000
v -0.977071 0.692929 2.000000
v -0.977071 0.692929 2.040000
v -0.902929 0.827071 2.040000
v -0.910000 0.440000 2.110000
v -0.910000 0.440000 2.180000
v -0.910000 0.490000 2.180000
v -0.910000 0.440000 2.000000
v -0.910000 0.490000 2.110000
v -0.910000 0.490000 2.000000
v -0.920000 0.520000 2.125000
v -0.920000 0.680000 2.125000
v -0.910000 0.480000 2.152500
v -0.915000 0.480000 2.152500
v -0.915000 0.474697 2.154697
v -0.910000 0.474697 2.154697
v -0.915000 0.472500 2.160000
v -0.910000 0.472500 2.160000
v -0.915000 0.474697 2.165303
v -0.910000 0.474697 2.165303
v -0.915000 0.480000 2.167500
v -0.910000 0.480000 2.167500
v -0.915000 0.485303 2.165303
v -0.910000 0.485303 2.165303
v -0.915000 0.487500 2.160000
v -0.910000 0.487500 2.160000
v -0.915000 0.485303 2.154697
v -0.910000 0.485303 2.154697
v -0.930000 0.680000 2.125000
v -0.930000 0.520000 2.125000
v -0.920000 0.520000 2.120000
v -0.930000 0.520000 2.120000
v -0.930000 0.680000 2.120000
v -0.920000 0.680000 2.120000
v -0.920000 0.680000 2.105000
v -0.920000 0.520000 2.105000
v -0.920000 0.680000 2.110000
v -0.920000 0.520000 2.110000
v -0.930000 0.680000 2.105000
v -0.930000 0.520000 2.105000
v -0.930000 0.680000 2.110000
v -0.930000 0.520000 2.110000
v -0.900000 0.446000 2.180000
v -0.840000 0.446000 2.180000
v -0.840000 0.446000 2.110000
v -0.840000 0.446000 2.000000
v -0.910000 0.446000 2.180000
v -0.910000 0.446000 2.110000
v -0.910000 0.446000 2.000000
v -0.920000 0.440000 2.110000
v -0.920000 0.440000 2.180000
v -0.920000 0.440000 2.000000
v -0.920000 0.445000 2.110000
v -0.920000 0.445000 2.000000
v -0.920000 0.445000 2.180000
v -0.903750 0.530000 2.150000
v -0.903750 0.700000 2.150000
v -0.903750 0.530000 2.110000
v -0.903750 0.700000 2.110000
v -0.896250 0.530000 2.150000
v -0.896250 0.700000 2.150000
v -0.896250 0.530000 2.110000
v -0.896250 0.700000 2.110000
v -0.903750 0.530000 2.120000
v -0.903750 0.700000 2.120000
v -0.896250 0.530000 2.119000
v -0.896250 0.700000 2.119000
v -0.918750 0.700000 2.120000
v -0.918750 0.700000 2.110000
v -0.918750 0.530000 2.110000
v -0.918750 0.530000 2.120000
v -0.910000 0.590000 2.132500
v -0.915000 0.590000 2.132500
v -0.915000 0.584697 2.134697
v -0.910000 0.584697 2.134697
v -0.915000 0.582500 2.140000
v -0.910000 0.582500 2.140000
v -0.915000 0.584697 2.145303
v -0.910000 0.584697 2.145303
v -0.915000 0.590000 2.147500
v -0.910000 0.590000 2.147500
v -0.915000 0.595303 2.145303
v -0.910000 0.595303 2.145303
v -0.915000 0.597500 2.140000
v -0.910000 0.597500 2.140000
v -0.915000 0.595303 2.134697
v -0.910000 0.595303 2.134697
v -0.910000 0.555303 2.134697
v -0.915000 0.555303 2.134697
v -0.910000 0.557500 2.140000
v -0.915000 0.557500 2.140000
v -0.910000 0.555303 2.145303
v -0.915000 0.555303 2.145303
v -0.910000 0.550000 2.147500
v -0.915000 0.550000 2.147500
v -0.910000 0.544697 2.145303
v -0.915000 0.544697 2.145303
v -0.910000 0.542500 2.140000
v -0.915000 0.542500 2.140000
v -0.910000 0.544697 2.134697
v -0.915000 0.544697 2.134697
v -0.915000 0.550000 2.132500
v -0.910000 0.550000 2.132500
v -0.910000 0.645303 2.134697
v -0.915000 0.645303 2.134697
v -0.910000 0.647500 2.140000
v -0.915000 0.647500 2.140000
v -0.910000 0.645303 2.145303
v -0.915000 0.645303 2.145303
v -0.910000 0.640000 2.147500
v -0.915000 0.640000 2.147500
v -0.910000 0.634697 2.145303
v -0.915000 0.634697 2.145303
v -0.910000 0.632500 2.140000
v -0.915000 0.632500 2.140000
v -0.910000 0.634697 2.134697
v -0.915000 0.634697 2.134697
v -0.915000 0.640000 2.132500
v -0.910000 0.640000 2.132500
v -0.910000 0.680000 2.132500
v -0.915000 0.680000 2.132500
v -0.915000 0.674697 2.134697
v -0.910000 0.674697 2.134697
v -0.915000 0.672500 2.140000
v -0.910000 0.672500 2.140000
v -0.915000 0.674697 2.145303
v -0.910000 0.674697 2.145303
v -0.915000 0.680000 2.147500
v -0.910000 0.680000 2.147500
v -0.915000 0.685303 2.145303
v -0.910000 0.685303 2.145303
v -0.915000 0.687500 2.140000
v -0.910000 0.687500 2.140000
v -0.915000 0.685303 2.134697
v -0.910000 0.685303 2.134697
v -0.910000 0.485303 2.124697
v -0.915000 0.485303 2.124697
v -0.910000 0.487500 2.130000
v -0.915000 0.487500 2.130000
v -0.910000 0.485303 2.135303
v -0.915000 0.485303 2.135303
v -0.910000 0.480000 2.137500
v -0.915000 0.480000 2.137500
v -0.910000 0.474697 2.135303
v -0.915000 0.474697 2.135303
v -0.910000 0.472500 2.130000
v -0.915000 0.472500 2.130000
v -0.910000 0.474697 2.124697
v -0.915000 0.474697 2.124697
v -0.915000 0.480000 2.122500
v -0.910000 0.480000 2.122500
v -0.915000 0.680000 2.125000
v -0.915000 0.520000 2.125000
v -0.915000 0.680000 2.120000
v -0.915000 0.520000 2.120000
v -0.915000 0.680000 2.110000
v -0.915000 0.520000 2.110000
v -0.915000 0.680000 2.105000
v -0.915000 0.520000 2.105000
v -0.920000 0.680000 2.090000
v -0.920000 0.520000 2.090000
v -0.930000 0.680000 2.090000
v -0.930000 0.520000 2.090000
v -0.932000 0.670000 2.125000
v -0.932000 0.680000 2.125000
v -0.950000 0.670000 2.090000
v -0.950000 0.680000 2.090000
v -0.930000 0.670000 2.125000
v -0.930000 0.680000 2.125000
v -0.930000 0.670000 2.090000
v -0.930000 0.680000 2.090000
v -0.932000 0.520000 2.125000
v -0.932000 0.530000 2.125000
v -0.950000 0.520000 2.090000
v -0.950000 0.530000 2.090000
v -0.930000 0.520000 2.125000
v -0.930000 0.530000 2.125000
v -0.930000 0.520000 2.090000
v -0.930000 0.530000 2.090000
v -0.932000 0.595000 2.125000
v -0.932000 0.605000 2.125000
v -0.950000 0.595000 2.090000
v -0.950000 0.605000 2.090000
v -0.930000 0.595000 2.125000
v -0.930000 0.605000 2.125000
v -0.930000 0.595000 2.090000
v -0.930000 0.605000 2.090000
v -1.040998 0.688175 2.088291
v -1.043002 0.688288 2.088178
v -1.043002 0.687500 2.000000
v -1.040998 0.687500 2.000000
v -1.059098 0.510000 2.090000
v -1.061102 0.510000 2.090000
v -1.043002 0.690000 2.090000
v -1.040998 0.690000 2.090000
v -1.043002 0.690000 2.000000
v -1.040998 0.690000 2.000000
v -1.059098 0.510000 2.000000
v -1.061102 0.510000 2.000000
v -1.061102 0.512500 2.000000
v -1.059098 0.512500 2.000000
v -1.059098 0.511712 2.088178
v -1.061102 0.511825 2.088291
v -0.988000 0.827955 2.320045
v -0.988000 0.881000 2.281750
v -0.988000 0.873045 2.285045
v -0.988000 0.831250 2.328000
v -0.988000 0.869750 2.293000
v -0.988000 0.827955 2.335955
v -0.988000 0.873045 2.300955
v -0.988000 0.820000 2.339250
v -0.988000 0.881000 2.304250
v -0.988000 0.812045 2.335955
v -0.988000 0.808750 2.328000
v -0.988000 0.888955 2.300955
v -0.988000 0.812045 2.320045
v -0.988000 0.892250 2.293000
v -0.988000 0.888955 2.285045
v -0.988000 0.820000 2.316750
v -0.892000 0.881000 2.281750
v -0.892000 0.873045 2.285045
v -0.892000 0.869750 2.293000
v -0.892000 0.873045 2.300955
v -0.892000 0.881000 2.304250
v -0.892000 0.888955 2.300955
v -0.892000 0.892250 2.293000
v -0.892000 0.888955 2.285045
v -0.892000 0.820000 2.316750
v -0.892000 0.812045 2.320045
v -0.892000 0.808750 2.328000
v -0.892000 0.812045 2.335955
v -0.892000 0.820000 2.339250
v -0.892000 0.827955 2.335955
v -0.892000 0.831250 2.328000
v -0.892000 0.827955 2.320045
v -0.970000 0.700000 2.050000
v -0.970000 0.820000 2.050000
v -0.910000 0.700000 2.050000
v -0.910000 0.820000 2.050000
v -0.970000 0.830000 2.300000
v -0.970000 0.870000 2.300000
v -0.910000 0.870000 2.300000
v -0.910000 0.830000 2.300000
v -0.970000 0.700000 2.040000
v -0.910000 0.820000 2.040000
v -0.970000 0.820000 2.040000
v -0.910000 0.700000 2.040000
v -1.068000 0.510000 1.910000
v -1.050000 0.690000 1.910000
v -0.910000 0.510000 1.910000
v -0.910000 0.690000 1.910000
v -0.900000 0.440000 1.820000
v -0.900000 0.500000 1.820000
v -0.840000 0.440000 1.820000
v -0.840000 0.500000 1.820000
v -0.900000 0.440000 1.890000
v -0.900000 0.500000 1.890000
v -0.840000 0.440000 1.890000
v -0.840000 0.500000 1.890000
v -0.840000 1.000000 1.930000
v -0.840000 1.000000 1.780000
v -0.900000 1.000000 1.780000
v -0.900000 1.000000 1.930000
v -0.970000 0.810000 1.660000
v -0.970000 1.000000 1.440000
v -0.970000 0.810000 1.680000
v -0.910000 0.810000 1.660000
v -0.910000 1.000000 1.440000
v -0.910000 0.810000 1.680000
v -0.970000 0.900000 1.500000
v -0.970000 1.000000 1.640000
v -0.910000 1.000000 1.640000
v -0.910000 0.900000 1.500000
v -1.030000 0.720000 1.930000
v -1.019394 0.715607 1.930000
v -1.015000 0.705000 1.930000
v -1.019394 0.694393 1.930000
v -1.030000 0.690000 1.930000
v -1.040607 0.694393 1.930000
v -1.045000 0.705000 1.930000
v -1.040607 0.715607 1.930000
v -1.049000 0.700000 1.950000
v -1.049000 0.700000 1.970000
v -1.031500 0.698000 1.950000
v -1.030500 0.723000 1.950000
v -1.031500 0.698000 1.970000
v -1.030500 0.723000 1.970000
v -1.057000 0.620000 1.970000
v -1.057000 0.620000 1.950000
v -1.067000 0.620000 1.970000
v -1.067000 0.620000 1.950000
v -1.020000 0.716000 1.970000
v -1.020000 0.716000 1.950000
v -1.030000 0.720000 1.972000
v -1.019394 0.715607 1.972000
v -1.015000 0.705000 1.972000
v -1.019394 0.694393 1.972000
v -1.030000 0.690000 1.972000
v -1.040607 0.694393 1.972000
v -1.045000 0.705000 1.972000
v -1.040607 0.715607 1.972000
v -1.014741 0.720259 1.972000
v -1.008420 0.705000 1.972000
v -1.014741 0.689741 1.972000
v -1.030000 0.683420 1.972000
v -1.045259 0.689741 1.972000
v -1.051580 0.705000 1.972000
v -1.045259 0.720259 1.972000
v -1.030000 0.726580 1.972000
v -0.977071 0.827071 1.960000
v -0.902929 0.692929 1.960000
v -0.977071 0.692929 1.960000
v -0.902929 0.827071 1.960000
v -0.910000 0.440000 1.890000
v -0.910000 0.440000 1.820000
v -0.910000 0.490000 1.820000
v -0.910000 0.490000 1.890000
v -0.920000 0.520000 1.875000
v -0.920000 0.680000 1.875000
v -0.910000 0.480000 1.847500
v -0.915000 0.480000 1.847500
v -0.915000 0.474697 1.845303
v -0.910000 0.474697 1.845303
v -0.915000 0.472500 1.840000
v -0.910000 0.472500 1.840000
v -0.915000 0.474697 1.834697
v -0.910000 0.474697 1.834697
v -0.915000 0.480000 1.832500
v -0.910000 0.480000 1.832500
v -0.915000 0.485303 1.834697
v -0.910000 0.485303 1.834697
v -0.915000 0.487500 1.840000
v -0.910000 0.487500 1.840000
v -0.915000 0.485303 1.845303
v -0.910000 0.485303 1.845303
v -0.930000 0.680000 1.875000
v -0.930000 0.520000 1.875000
v -0.920000 0.520000 1.880000
v -0.930000 0.520000 1.880000
v -0.930000 0.680000 1.880000
v -0.920000 0.680000 1.880000
v -0.920000 0.680000 1.895000
v -0.920000 0.520000 1.895000
v -0.920000 0.680000 1.890000
v -0.920000 0.520000 1.890000
v -0.930000 0.680000 1.895000
v -0.930000 0.520000 1.895000
v -0.930000 0.680000 1.890000
v -0.930000 0.520000 1.890000
v -0.900000 0.446000 1.820000
v -0.840000 0.446000 1.820000
v -0.840000 0.446000 1.890000
v -0.910000 0.446000 1.820000
v -0.910000 0.446000 1.890000
v -0.920000 0.440000 1.890000
v -0.920000 0.440000 1.820000
v -0.920000 0.445000 1.890000
v -0.920000 0.445000 1.820000
v -0.903750 0.530000 1.850000
v -0.903750 0.700000 1.850000
v -0.903750 0.530000 1.890000
v -0.903750 0.700000 1.890000
v -0.896250 0.530000 1.850000
v -0.896250 0.700000 1.850000
v -0.896250 0.530000 1.890000
v -0.896250 0.700000 1.890000
v -0.903750 0.530000 1.880000
v -0.903750 0.700000 1.880000
v -0.896250 0.530000 1.881000
v -0.896250 0.700000 1.881000
v -0.918750 0.700000 1.880000
v -0.918750 0.700000 1.890000
v -0.918750 0.530000 1.890000
v -0.918750 0.530000 1.880000
v -0.910000 0.590000 1.867500
v -0.915000 0.590000 1.867500
v -0.915000 0.584697 1.865303
v -0.910000 0.584697 1.865303
v -0.915000 0.582500 1.860000
v -0.910000 0.582500 1.860000
v -0.915000 0.584697 1.854697
v -0.910000 0.584697 1.854697
v -0.915000 0.590000 1.852500
v -0.910000 0.590000 1.852500
v -0.915000 0.595303 1.854697
v -0.910000 0.595303 1.854697
v -0.915000 0.597500 1.860000
v -0.910000 0.597500 1.860000
v -0.915000 0.595303 1.865303
v -0.910000 0.595303 1.865303
v -0.910000 0.555303 1.865303
v -0.915000 0.555303 1.865303
v -0.910000 0.557500 1.860000
v -0.915000 0.557500 1.860000
v -0.910000 0.555303 1.854697
v -0.915000 0.555303 1.854697
v -0.910000 0.550000 1.852500
v -0.915000 0.550000 1.852500
v -0.910000 0.544697 1.854697
v -0.915000 0.544697 1.854697
v -0.910000 0.542500 1.860000
v -0.915000 0.542500 1.860000
v -0.910000 0.544697 1.865303
v -0.915000 0.544697 1.865303
v -0.915000 0.550000 1.867500
v -0.910000 0.550000 1.867500
v -0.910000 0.645303 1.865303
v -0.915000 0.645303 1.865303
v -0.910000 0.647500 1.860000
v -0.915000 0.647500 1.860000
v -0.910000 0.645303 1.854697
v -0.915000 0.645303 1.854697
v -0.910000 0.640000 1.852500
v -0.915000 0.640000 1.852500
v -0.910000 0.634697 1.854697
v -0.915000 0.634697 1.854697
v -0.910000 0.632500 1.860000
v -0.915000 0.632500 1.860000
v -0.910000 0.634697 1.865303
v -0.915000 0.634697 1.865303
v -0.915000 0.640000 1.867500
v -0.910000 0.640000 1.867500
v -0.910000 0.680000 1.867500
v -0.915000 0.680000 1.867500
v -0.915000 0.674697 1.865303
v -0.910000 0.674697 1.865303
v -0.915000 0.672500 1.860000
v -0.910000 0.672500 1.860000
v -0.915000 0.674697 1.854697
v -0.910000 0.674697 1.854697
v -0.915000 0.680000 1.852500
v -0.910000 0.680000 1.852500
v -0.915000 0.685303 1.854697
v -0.910000 0.685303 1.854697
v -0.915000 0.687500 1.860000
v -0.910000 0.687500 1.860000
v -0.915000 0.685303 1.865303
v -0.910000 0.685303 1.865303
v -0.910000 0.485303 1.875303
v -0.915000 0.485303 1.875303
v -0.910000 0.487500 1.870000
v -0.915000 0.487500 1.870000
v -0.910000 0.485303 1.864697
v -0.915000 0.485303 1.864697
v -0.910000 0.480000 1.862500
v -0.915000 0.480000 1.862500
v -0.910000 0.474697 1.864697
v -0.915000 0.474697 1.864697
v -0.910000 0.472500 1.870000
v -0.915000 0.472500 1.870000
v -0.910000 0.474697 1.875303
v -0.915000 0.474697 1.875303
v -0.915000 0.480000 1.877500
v -0.910000 0.480000 1.877500
v -0.915000 0.680000 1.875000
v -0.915000 0.520000 1.875000
v -0.915000 0.680000 1.880000
v -0.915000 0.520000 1.880000
v -0.915000 0.680000 1.890000
v -0.915000 0.520000 1.890000
v -0.915000 0.680000 1.895000
v -0.915000 0.520000 1.895000
v -0.920000 0.680000 1.910000
v -0.920000 0.520000 1.910000
v -0.930000 0.680000 1.910000
v -0.930000 0.520000 1.910000
v -0.932000 0.670000 1.875000
v -0.932000 0.680000 1.875000
v -0.950000 0.670000 1.910000
v -0.950000 0.680000 1.910000
v -0.930000 0.670000 1.875000
v -0.930000 0.680000 1.875000
v -0.930000 0.670000 1.910000
v -0.930000 0.680000 1.910000
v -0.932000 0.520000 1.875000
v -0.932000 0.530000 1.875000
v -0.950000 0.520000 1.910000
v -0.950000 0.530000 1.910000
v -0.930000 0.520000 1.875000
v -0.930000 0.530000 1.875000
v -0.930000 0.520000 1.910000
v -0.930000 0.530000 1.910000
v -0.932000 0.595000 1.875000
v -0.932000 0.605000 1.875000
v -0.950000 0.595000 1.910000
v -0.950000 0.605000 1.910000
v -0.930000 0.595000 1.875000
v -0.930000 0.605000 1.875000
v -0.930000 0.595000 1.910000
v -0.930000 0.605000 1.910000
v -1.040998 0.688175 1.911709
v -1.043002 0.688288 1.911821
v -1.059098 0.510000 1.910000
v -1.061102 0.510000 1.910000
v -1.043002 0.690000 1.910000
v -1.040998 0.690000 1.910000
v -1.059098 0.511712 1.911821
v -1.061102 0.511825 1.911709
v -0.988000 0.827955 1.679955
v -0.988000 0.881000 1.718250
v -0.988000 0.873045 1.714955
v -0.988000 0.831250 1.672000
v -0.988000 0.869750 1.707000
v -0.988000 0.827955 1.664045
v -0.988000 0.873045 1.699045
v -0.988000 0.820000 1.660750
v -0.988000 0.881000 1.695750
v -0.988000 0.812045 1.664045
v -0.988000 0.808750 1.672000
v -0.988000 0.888955 1.699045
v -0.988000 0.812045 1.679955
v -0.988000 0.892250 1.707000
v -0.988000 0.888955 1.714955
v -0.988000 0.820000 1.683250
v -0.892000 0.881000 1.718250
v -0.892000 0.873045 1.714955
v -0.892000 0.869750 1.707000
v -0.892000 0.873045 1.699045
v -0.892000 0.881000 1.695750
v -0.892000 0.888955 1.699045
v -0.892000 0.892250 1.707000
v -0.892000 0.888955 1.714955
v -0.892000 0.820000 1.683250
v -0.892000 0.812045 1.679955
v -0.892000 0.808750 1.672000
v -0.892000 0.812045 1.664045
v -0.892000 0.820000 1.660750
v -0.892000 0.827955 1.664045
v -0.892000 0.831250 1.672000
v -0.892000 0.827955 1.679955
v -0.970000 0.700000 1.950000
v -0.970000 0.820000 1.950000
v -0.910000 0.700000 1.950000
v -0.910000 0.820000 1.950000
v -0.970000 0.830000 1.700000
v -0.970000 0.870000 1.700000
v -0.910000 0.870000 1.700000
v -0.910000 0.830000 1.700000
v -0.970000 0.700000 1.960000
v -0.910000 0.820000 1.960000
v -0.970000 0.820000 1.960000
v -0.910000 0.700000 1.960000
v -0.722000 0.653889 1.578262
v -0.722000 0.570000 1.570000
v -0.722000 0.804605 1.640015
v -0.722000 0.734554 1.602732
v -0.722000 0.488102 1.578066
v -0.800000 0.792228 1.667412
v -0.800000 0.723073 1.630448
v -0.800000 0.648036 1.607686
v -0.800000 0.570000 1.600000
v -0.800000 0.491964 1.607686
v -0.730000 0.570000 1.570000
v -0.792000 0.570000 1.570000
v -0.790000 0.653889 1.578262
v -0.798000 0.488102 1.578066
v -0.798000 0.570000 1.570000
v -0.800000 0.653889 1.578262
v -0.798000 0.804605 1.640015
v -0.800000 0.734554 1.602732
v -0.728000 0.653889 1.578262
v -0.720000 0.491964 1.607686
v -0.720000 0.570000 1.600000
v -0.720000 0.648036 1.607686
v -0.720000 0.723073 1.630448
v -0.720000 0.792228 1.667412
v -0.728000 0.804605 1.640015
v -0.792000 0.804605 1.640015
v -0.792000 0.734554 1.602732
v -0.728000 0.734554 1.602732
v -0.792000 0.488102 1.578066
v -0.728000 0.488102 1.578066
v -0.790000 0.491964 1.607686
v -0.730000 0.491964 1.607686
v -0.790000 0.723073 1.630448
v -0.730000 0.723073 1.630448
v -0.730000 0.792228 1.667412
v -0.790000 0.792228 1.667412
v -0.790000 0.570000 1.600000
v -0.730000 0.570000 1.600000
v -0.730000 0.648036 1.607686
v -0.790000 0.648036 1.607686
v -0.720000 0.734554 1.602732
v -0.720000 0.806370 1.640954
v -0.720000 0.653889 1.578262
v -0.720000 0.570000 1.570000
v -0.720000 0.486111 1.578262
v -0.790000 0.806370 1.640954
v -0.800000 0.806370 1.640954
v -0.730000 0.486111 1.578262
v -0.730000 0.806370 1.640954
v -0.800000 0.486111 1.578262
v -0.800000 0.570000 1.570000
v -0.798000 0.653889 1.578262
v -0.798000 0.734554 1.602732
v -0.790000 0.486111 1.578262
v -0.792000 0.653889 1.578262
v -0.790000 0.734554 1.602732
v -0.730000 0.653889 1.578262
v -0.730000 0.734554 1.602732
v -0.790000 0.570000 1.570000
v -0.728000 0.570000 1.570000
v -0.792000 0.660717 1.543935
v -0.798000 0.660717 1.543935
v -0.728000 0.570000 1.535000
v -0.722000 0.570000 1.535000
v -0.728000 0.747919 1.570384
v -0.722000 0.747919 1.570384
v -0.798000 0.747919 1.570384
v -0.792000 0.747919 1.570384
v -0.798000 0.570000 1.535000
v -0.792000 0.570000 1.535000
v -0.722000 0.660717 1.543935
v -0.728000 0.660717 1.543935
v -0.722000 0.821049 1.609118
v -0.722000 0.484671 1.543235
v -0.792000 0.821049 1.609118
v -0.798000 0.821049 1.609118
v -0.728000 0.484671 1.543235
v -0.728000 0.821049 1.609118
v -0.798000 0.484671 1.543235
v -0.792000 0.484671 1.543235
v -0.815000 0.679546 1.571546
v -0.815000 0.683500 1.562000
v -0.815000 0.679546 1.552454
v -0.815000 0.670000 1.548500
v -0.815000 0.660454 1.552454
v -0.815000 0.656500 1.562000
v -0.815000 0.660454 1.571546
v -0.815000 0.670000 1.575500
v -0.705000 0.670000 1.575500
v -0.705000 0.660454 1.571546
v -0.705000 0.656500 1.562000
v -0.705000 0.660454 1.552454
v -0.705000 0.670000 1.548500
v -0.705000 0.679546 1.552454
v -0.705000 0.683500 1.562000
v -0.705000 0.679546 1.571546
v -0.814000 0.641287 1.549700
v -0.814000 0.660081 1.556541
v -0.814000 0.639919 1.553459
v -0.814000 0.658713 1.560300
v -0.810000 0.641287 1.549700
v -0.810000 0.660081 1.556541
v -0.810000 0.639919 1.553459
v -0.810000 0.658713 1.560300
v -0.815000 0.809546 1.551546
v -0.815000 0.813500 1.542000
v -0.815000 0.809546 1.532454
v -0.815000 0.800000 1.528500
v -0.815000 0.790454 1.532454
v -0.815000 0.786500 1.542000
v -0.815000 0.790454 1.551546
v -0.815000 0.800000 1.555500
v -0.705000 0.800000 1.555500
v -0.705000 0.790454 1.551546
v -0.705000 0.786500 1.542000
v -0.705000 0.790454 1.532454
v -0.705000 0.800000 1.528500
v -0.705000 0.809546 1.532454
v -0.705000 0.813500 1.542000
v -0.705000 0.809546 1.551546
v -0.815000 0.869546 1.539546
v -0.815000 0.873500 1.530000
v -0.815000 0.869546 1.520454
v -0.815000 0.860000 1.516500
v -0.815000 0.850454 1.520454
v -0.815000 0.846500 1.530000
v -0.815000 0.850454 1.539546
v -0.815000 0.860000 1.543500
v -0.645000 0.860000 1.543500
v -0.645000 0.850454 1.539546
v -0.645000 0.846500 1.530000
v -0.645000 0.850454 1.520454
v -0.645000 0.860000 1.516500
v -0.645000 0.869546 1.520454
v -0.645000 0.873500 1.530000
v -0.645000 0.869546 1.539546
v -0.980000 0.809199 2.339330
v -0.980000 0.829689 2.344820
v -0.980000 0.818307 2.346319
v -0.980000 0.890311 2.309820
v -0.980000 0.895801 2.289330
v -0.980000 0.897300 2.300712
v -0.980000 0.809689 2.310179
v -0.980000 0.804199 2.330670
v -0.980000 0.802700 2.319288
v -0.980000 0.890801 2.280670
v -0.980000 0.870311 2.275180
v -0.980000 0.881693 2.273681
v -0.970000 0.829689 2.344820
v -0.970000 0.809199 2.339330
v -0.970000 0.818307 2.346319
v -0.970000 0.895801 2.289330
v -0.970000 0.890311 2.309820
v -0.970000 0.897300 2.300712
v -0.970000 0.804199 2.330670
v -0.970000 0.809689 2.310179
v -0.970000 0.802700 2.319288
v -0.970000 0.870311 2.275180
v -0.970000 0.890801 2.280670
v -0.970000 0.881693 2.273681
v -1.041544 0.723850 2.050000
v -1.057993 0.710074 2.050000
v -1.052190 0.710633 2.050000
v -1.052557 0.720291 2.050000
v -1.057993 0.710074 2.030000
v -1.041544 0.723850 2.030000
v -1.052190 0.710633 2.030000
v -1.052557 0.720291 2.030000
v -0.910000 0.809199 2.339330
v -0.910000 0.829689 2.344820
v -0.910000 0.818307 2.346319
v -0.910000 0.890311 2.309820
v -0.910000 0.895801 2.289330
v -0.910000 0.897300 2.300712
v -0.910000 0.809689 2.310179
v -0.910000 0.804199 2.330670
v -0.910000 0.802700 2.319288
v -0.910000 0.890801 2.280670
v -0.910000 0.870311 2.275180
v -0.910000 0.881693 2.273681
v -0.900000 0.829689 2.344820
v -0.900000 0.809199 2.339330
v -0.900000 0.818307 2.346319
v -0.900000 0.895801 2.289330
v -0.900000 0.890311 2.309820
v -0.900000 0.897300 2.300712
v -0.900000 0.804199 2.330670
v -0.900000 0.809689 2.310179
v -0.900000 0.802700 2.319288
v -0.900000 0.870311 2.275180
v -0.900000 0.890801 2.280670
v -0.900000 0.881693 2.273681
v -0.980000 0.829689 1.655180
v -0.980000 0.809199 1.660670
v -0.980000 0.818307 1.653681
v -0.980000 0.895801 1.710670
v -0.980000 0.890311 1.690179
v -0.980000 0.897300 1.699288
v -0.980000 0.804199 1.669330
v -0.980000 0.809689 1.689821
v -0.980000 0.802700 1.680712
v -0.980000 0.870311 1.724820
v -0.980000 0.890801 1.719330
v -0.980000 0.881693 1.726319
v -0.970000 0.809199 1.660670
v -0.970000 0.829689 1.655180
v -0.970000 0.818307 1.653681
v -0.970000 0.890311 1.690179
v -0.970000 0.895801 1.710670
v -0.970000 0.897300 1.699288
v -0.970000 0.809689 1.689821
v -0.970000 0.804199 1.669330
v -0.970000 0.802700 1.680712
v -0.970000 0.890801 1.719330
v -0.970000 0.870311 1.724820
v -0.970000 0.881693 1.726319
v -1.057993 0.710074 1.950000
v -1.041544 0.723850 1.950000
v -1.052190 0.710633 1.950000
v -1.052557 0.720291 1.950000
v -1.041544 0.723850 1.970000
v -1.057993 0.710074 1.970000
v -1.052190 0.710633 1.970000
v -1.052557 0.720291 1.970000
v -0.910000 0.829689 1.655180
v -0.910000 0.809199 1.660670
v -0.910000 0.818307 1.653681
v -0.910000 0.895801 1.710670
v -0.910000 0.890311 1.690179
v -0.910000 0.897300 1.699288
v -0.910000 0.804199 1.669330
v -0.910000 0.809689 1.689821
v -0.910000 0.802700 1.680712
v -0.910000 0.870311 1.724820
v -0.910000 0.890801 1.719330
v -0.910000 0.881693 1.726319
v -0.900000 0.809199 1.660670
v -0.900000 0.829689 1.655180
v -0.900000 0.818307 1.653681
v -0.900000 0.890311 1.690179
v -0.900000 0.895801 1.710670
v -0.900000 0.897300 1.699288
v -0.900000 0.809689 1.689821
v -0.900000 0.804199 1.669330
v -0.900000 0.802700 1.680712
v -0.900000 0.890801 1.719330
v -0.900000 0.870311 1.724820
v -0.900000 0.881693 1.726319
v -0.810000 0.662818 1.545064
v -0.810000 0.650651 1.562441
v -0.810000 0.653136 1.551232
v -0.810000 0.877157 1.522502
v -0.810000 0.859780 1.510334
v -0.810000 0.870988 1.512819
v -0.810000 0.652387 1.572289
v -0.810000 0.669764 1.584456
v -0.810000 0.658556 1.581971
v -0.810000 0.866726 1.549727
v -0.810000 0.878893 1.532350
v -0.810000 0.876408 1.543558
v -0.800000 0.650651 1.562441
v -0.800000 0.662818 1.545064
v -0.800000 0.653136 1.551232
v -0.800000 0.859780 1.510334
v -0.800000 0.877157 1.522502
v -0.800000 0.870988 1.512819
v -0.800000 0.669764 1.584456
v -0.800000 0.652387 1.572289
v -0.800000 0.658556 1.581971
v -0.800000 0.878893 1.532350
v -0.800000 0.866726 1.549727
v -0.800000 0.876408 1.543558
v -0.720000 0.662818 1.545064
v -0.720000 0.650651 1.562441
v -0.720000 0.653136 1.551232
v -0.720000 0.877157 1.522502
v -0.720000 0.859780 1.510334
v -0.720000 0.870988 1.512819
v -0.720000 0.652387 1.572289
v -0.720000 0.669764 1.584456
v -0.720000 0.658556 1.581971
v -0.720000 0.866726 1.549727
v -0.720000 0.878893 1.532350
v -0.720000 0.876408 1.543558
v -0.710000 0.650651 1.562441
v -0.710000 0.662818 1.545064
v -0.710000 0.653136 1.551232
v -0.710000 0.859780 1.510334
v -0.710000 0.877157 1.522502
v -0.710000 0.870988 1.512819
v -0.710000 0.669764 1.584456
v -0.710000 0.652387 1.572289
v -0.710000 0.658556 1.581971
v -0.710000 0.878893 1.532350
v -0.710000 0.866726 1.549727
v -0.710000 0.876408 1.543558
v 1.068000 0.510000 2.090000
v 1.050000 0.690000 2.090000
v 0.910000 0.510000 2.090000
v 0.910000 0.690000 2.090000
v 0.900000 0.440000 2.180000
v 0.900000 0.500000 2.180000
v 0.840000 0.440000 2.180000
v 0.840000 0.500000 2.180000
v 0.900000 0.440000 2.110000
v 0.900000 0.500000 2.110000
v 0.840000 0.440000 2.110000
v 0.840000 0.500000 2.110000
v 0.840000 1.000000 2.070000
v 0.840000 1.000000 2.220000
v 0.900000 1.000000 2.220000
v 0.900000 1.000000 2.070000
v 0.970000 0.810000 2.340000
v 0.970000 1.000000 2.560000
v 0.970000 0.810000 2.320000
v 0.910000 0.810000 2.340000
v 0.910000 1.000000 2.560000
v 0.910000 0.810000 2.320000
v 0.970000 0.900000 2.500000
v 0.970000 1.000000 2.360000
v 0.910000 1.000000 2.360000
v 0.910000 0.900000 2.500000
v 0.900000 0.440000 2.000000
v 0.900000 0.500000 2.000000
v 0.840000 0.440000 2.000000
v 0.840000 0.500000 2.000000
v 1.068000 0.510000 2.000000
v 1.050000 0.690000 2.000000
v 0.910000 0.510000 2.000000
v 0.910000 0.690000 2.000000
v 0.970000 0.700000 2.000000
v 0.970000 0.820000 2.000000
v 0.910000 0.700000 2.000000
v 0.910000 0.820000 2.000000
v 1.030000 0.720000 2.000000
v 1.030000 0.720000 2.070000
v 1.019394 0.715607 2.000000
v 1.019394 0.715607 2.070000
v 1.015000 0.705000 2.000000
v 1.015000 0.705000 2.070000
v 1.019394 0.694393 2.000000
v 1.019394 0.694393 2.070000
v 1.030000 0.690000 2.000000
v 1.030000 0.690000 2.070000
v 1.040607 0.694393 2.000000
v 1.040607 0.694393 2.070000
v 1.045000 0.705000 2.000000
v 1.045000 0.705000 2.070000
v 1.040607 0.715607 2.000000
v 1.040607 0.715607 2.070000
v 1.049000 0.700000 2.050000
v 1.049000 0.700000 2.030000
v 1.031500 0.698000 2.050000
v 1.030500 0.723000 2.050000
v 1.031500 0.698000 2.030000
v 1.030500 0.723000 2.030000
v 1.057000 0.620000 2.030000
v 1.057000 0.620000 2.050000
v 1.067000 0.620000 2.030000
v 1.067000 0.620000 2.050000
v 1.020000 0.716000 2.030000
v 1.020000 0.716000 2.050000
v 1.030000 0.720000 2.028000
v 1.019394 0.715607 2.028000
v 1.015000 0.705000 2.028000
v 1.019394 0.694393 2.028000
v 1.030000 0.690000 2.028000
v 1.040607 0.694393 2.028000
v 1.045000 0.705000 2.028000
v 1.040607 0.715607 2.028000
v 1.030000 0.726580 2.000000
v 1.014741 0.720259 2.000000
v 1.014741 0.720259 2.028000
v 1.008420 0.705000 2.000000
v 1.008420 0.705000 2.028000
v 1.014741 0.689741 2.000000
v 1.014741 0.689741 2.028000
v 1.030000 0.683420 2.000000
v 1.030000 0.683420 2.028000
v 1.045259 0.689741 2.000000
v 1.045259 0.689741 2.028000
v 1.051580 0.705000 2.000000
v 1.051580 0.705000 2.028000
v 1.045259 0.720259 2.000000
v 1.045259 0.720259 2.028000
v 1.030000 0.726580 2.028000
v 0.977071 0.827071 2.040000
v 0.977071 0.827071 2.000000
v 0.902929 0.692929 2.040000
v 0.902929 0.692929 2.000000
v 0.902929 0.827071 2.000000
v 0.977071 0.692929 2.000000
v 0.977071 0.692929 2.040000
v 0.902929 0.827071 2.040000
v 0.910000 0.440000 2.110000
v 0.910000 0.440000 2.180000
v 0.910000 0.490000 2.180000
v 0.910000 0.440000 2.000000
v 0.910000 0.490000 2.110000
v 0.910000 0.490000 2.000000
v 0.920000 0.520000 2.125000
v 0.920000 0.680000 2.125000
v 0.910000 0.480000 2.152500
v 0.915000 0.480000 2.152500
v 0.915000 0.474697 2.154697
v 0.910000 0.474697 2.154697
v 0.915000 0.472500 2.160000
v 0.910000 0.472500 2.160000
v 0.915000 0.474697 2.165303
v 0.910000 0.474697 2.165303
v 0.915000 0.480000 2.167500
v 0.910000 0.480000 2.167500
v 0.915000 0.485303 2.165303
v 0.910000 0.485303 2.165303
v 0.915000 0.487500 2.160000
v 0.910000 0.487500 2.160000
v 0.915000 0.485303 2.154697
v 0.910000 0.485303 2.154697
v 0.930000 0.680000 2.125000
v 0.930000 0.520000 2.125000
v 0.920000 0.520000 2.120000
v 0.930000 0.520000 2.120000
v 0.930000 0.680000 2.120000
v 0.920000 0.680000 2.120000
v 0.920000 0.680000 2.105000
v 0.920000 0.520000 2.105000
v 0.920000 0.680000 2.110000
v 0.920000 0.520000 2.110000
v 0.930000 0.680000 2.105000
v 0.930000 0.520000 2.105000
v 0.930000 0.680000 2.110000
v 0.930000 0.520000 2.110000
v 0.900000 0.446000 2.180000
v 0.840000 0.446000 2.180000
v 0.840000 0.446000 2.110000
v 0.840000 0.446000 2.000000
v 0.910000 0.446000 2.180000
v 0.910000 0.446000 2.110000
v 0.910000 0.446000 2.000000
v 0.920000 0.440000 2.110000
v 0.920000 0.440000 2.180000
v 0.920000 0.440000 2.000000
v 0.920000 0.445000 2.110000
v 0.920000 0.445000 2.000000
v 0.920000 0.445000 2.180000
v 0.903750 0.530000 2.150000
v 0.903750 0.700000 2.150000
v 0.903750 0.530000 2.110000
v 0.903750 0.700000 2.110000
v 0.896250 0.530000 2.150000
v 0.896250 0.700000 2.150000
v 0.896250 0.530000 2.110000
v 0.896250 0.700000 2.110000
v 0.903750 0.530000 2.120000
v 0.903750 0.700000 2.120000
v 0.896250 0.530000 2.119000
v 0.896250 0.700000 2.119000
v 0.918750 0.700000 2.120000
v 0.918750 0.700000 2.110000
v 0.918750 0.530000 2.110000
v 0.918750 0.530000 2.120000
v 0.910000 0.590000 2.132500
v 0.915000 0.590000 2.132500
v 0.915000 0.584697 2.134697
v 0.910000 0.584697 2.134697
v 0.915000 0.582500 2.140000
v 0.910000 0.582500 2.140000
v 0.915000 0.584697 2.145303
v 0.910000 0.584697 2.145303
v 0.915000 0.590000 2.147500
v 0.910000 0.590000 2.147500
v 0.915000 0.595303 2.145303
v 0.910000 0.595303 2.145303
v 0.915000 0.597500 2.140000
v 0.910000 0.597500 2.140000
v 0.915000 0.595303 2.134697
v 0.910000 0.595303 2.134697
v 0.910000 0.555303 2.134697
v 0.915000 0.555303 2.134697
v 0.910000 0.557500 2.140000
v 0.915000 0.557500 2.140000
v 0.910000 0.555303 2.145303
v 0.915000 0.555303 2.145303
v 0.910000 0.550000 2.147500
v 0.915000 0.550000 2.147500
v 0.910000 0.544697 2.145303
v 0.915000 0.544697 2.145303
v 0.910000 0.542500 2.140000
v 0.915000 0.542500 2.140000
v 0.910000 0.544697 2.134697
v 0.915000 0.544697 2.134697
v 0.915000 0.550000 2.132500
v 0.910000 0.550000 2.132500
v 0.910000 0.645303 2.134697
v 0.915000 0.645303 2.134697
v 0.910000 0.647500 2.140000
v 0.915000 0.647500 2.140000
v 0.910000 0.645303 2.145303
v 0.915000 0.645303 2.145303
v 0.910000 0.640000 2.147500
v 0.915000 0.640000 2.147500
v 0.910000 0.634697 2.145303
v 0.915000 0.634697 2.145303
v 0.910000 0.632500 2.140000
v 0.915000 0.632500 2.140000
v 0.910000 0.634697 2.134697
v 0.915000 0.634697 2.134697
v 0.915000 0.640000 2.132500
v 0.910000 0.640000 2.132500
v 0.910000 0.680000 2.132500
v 0.915000 0.680000 2.132500
v 0.915000 0.674697 2.134697
v 0.910000 0.674697 2.134697
v 0.915000 0.672500 2.140000
v 0.910000 0.672500 2.140000
v 0.915000 0.674697 2.145303
v 0.910000 0.674697 2.145303
v 0.915000 0.680000 2.147500
v 0.910000 0.680000 2.147500
v 0.915000 0.685303 2.145303
v 0.910000 0.685303 2.145303
v 0.915000 0.687500 2.140000
v 0.910000 0.687500 2.140000
v 0.915000 0.685303 2.134697
v 0.910000 0.685303 2.134697
v 0.910000 0.485303 2.124697
v 0.915000 0.485303 2.124697
v 0.910000 0.487500 2.130000
v 0.915000 0.487500 2.130000
v 0.910000 0.485303 2.135303
v 0.915000 0.485303 2.135303
v 0.910000 0.480000 2.137500
v 0.915000 0.480000 2.137500
v 0.910000 0.474697 2.135303
v 0.915000 0.474697 2.135303
v 0.910000 0.472500 2.130000
v 0.915000 0.472500 2.130000
v 0.910000 0.474697 2.124697
v 0.915000 0.474697 2.124697
v 0.915000 0.480000 2.122500
v 0.910000 0.480000 2.122500
v 0.915000 0.680000 2.125000
v 0.915000 0.520000 2.125000
v 0.915000 0.680000 2.120000
v 0.915000 0.520000 2.120000
v 0.915000 0.680000 2.110000
v 0.915000 0.520000 2.110000
v 0.915000 0.680000 2.105000
v 0.915000 0.520000 2.105000
v 0.920000 0.680000 2.090000
v 0.920000 0.520000 2.090000
v 0.930000 0.680000 2.090000
v 0.930000 0.520000 2.090000
v 0.932000 0.670000 2.125000
v 0.932000 0.680000 2.125000
v 0.950000 0.670000 2.090000
v 0.950000 0.680000 2.090000
v 0.930000 0.670000 2.125000
v 0.930000 0.680000 2.125000
v 0.930000 0.670000 2.090000
v 0.930000 0.680000 2.090000
v 0.932000 0.520000 2.125000
v 0.932000 0.530000 2.125000
v 0.950000 0.520000 2.090000
v 0.950000 0.530000 2.090000
v 0.930000 0.520000 2.125000
v 0.930000 0.530000 2.125000
v 0.930000 0.520000 2.090000
v 0.930000 0.530000 2.090000
v 0.932000 0.595000 2.125000
v 0.932000 0.605000 2.125000
v 0.950000 0.595000 2.090000
v 0.950000 0.605000 2.090000
v 0.930000 0.595000 2.125000
v 0.930000 0.605000 2.125000
v 0.930000 0.595000 2.090000
v 0.930000 0.605000 2.090000
v 1.040998 0.688175 2.088291
v 1.043002 0.688288 2.088178
v 1.043002 0.687500 2.000000
v 1.040998 0.687500 2.000000
v 1.059098 0.510000 2.090000
v 1.061102 0.510000 2.090000
v 1.043002 0.690000 2.090000
v 1.040998 0.690000 2.090000
v 1.043002 0.690000 2.000000
v 1.040998 0.690000 2.000000
v 1.059098 0.510000 2.000000
v 1.061102 0.510000 2.000000
v 1.061102 0.512500 2.000000
v 1.059098 0.512500 2.000000
v 1.059098 0.511712 2.088178
v 1.061102 0.511825 2.088291
v 0.988000 0.827955 2.320045
v 0.988000 0.881000 2.281750
v 0.988000 0.873045 2.285045
v 0.988000 0.831250 2.328000
v 0.988000 0.869750 2.293000
v 0.988000 0.827955 2.335955
v 0.988000 0.873045 2.300955
v 0.988000 0.820000 2.339250
v 0.988000 0.881000 2.304250
v 0.988000 0.812045 2.335955
v 0.988000 0.808750 2.328000
v 0.988000 0.888955 2.300955
v 0.988000 0.812045 2.320045
v 0.988000 0.892250 2.293000
v 0.988000 0.888955 2.285045
v 0.988000 0.820000 2.316750
v 0.892000 0.881000 2.281750
v 0.892000 0.873045 2.285045
v 0.892000 0.869750 2.293000
v 0.892000 0.873045 2.300955
v 0.892000 0.881000 2.304250
v 0.892000 0.888955 2.300955
v 0.892000 0.892250 2.293000
v 0.892000 0.888955 2.285045
v 0.892000 0.820000 2.316750
v 0.892000 0.812045 2.320045
v 0.892000 0.808750 2.328000
v 0.892000 0.812045 2.335955
v 0.892000 0.820000 2.339250
v 0.892000 0.827955 2.335955
v 0.892000 0.831250 2.328000
v 0.892000 0.827955 2.320045
v 0.970000 0.700000 2.050000
v 0.970000 0.820000 2.050000
v 0.910000 0.700000 2.050000
v 0.910000 0.820000 2.050000
v 0.970000 0.830000 2.300000
v 0.970000 0.870000 2.300000
v 0.910000 0.870000 2.300000
v 0.910000 0.830000 2.300000
v 0.970000 0.700000 2.040000
v 0.910000 0.820000 2.040000
v 0.970000 0.820000 2.040000
v 0.910000 0.700000 2.040000
v 1.068000 0.510000 1.910000
v 1.050000 0.690000 1.910000
v 0.910000 0.510000 1.910000
v 0.910000 0.690000 1.910000
v 0.900000 0.440000 1.820000
v 0.900000 0.500000 1.820000
v 0.840000 0.440000 1.820000
v 0.840000 0.500000 1.820000
v 0.900000 0.440000 1.890000
v 0.900000 0.500000 1.890000
v 0.840000 0.440000 1.890000
v 0.840000 0.500000 1.890000
v 0.840000 1.000000 1.930000
v 0.840000 1.000000 1.780000
v 0.900000 1.000000 1.780000
v 0.900000 1.000000 1.930000
v 0.970000 0.810000 1.660000
v 0.970000 1.000000 1.440000
v 0.970000 0.810000 1.680000
v 0.910000 0.810000 1.660000
v 0.910000 1.000000 1.440000
v 0.910000 0.810000 1.680000
v 0.970000 0.900000 1.500000
v 0.970000 1.000000 1.640000
v 0.910000 1.000000 1.640000
v 0.910000 0.900000 1.500000
v 1.030000 0.720000 1.930000
v 1.019394 0.715607 1.930000
v 1.015000 0.705000 1.930000
v 1.019394 0.694393 1.930000
v 1.030000 0.690000 1.930000
v 1.040607 0.694393 1.930000
v 1.045000 0.705000 1.930000
v 1.040607 0.715607 1.930000
v 1.049000 0.700000 1.950000
v 1.049000 0.700000 1.970000
v 1.031500 0.698000 1.950000
v 1.030500 0.723000 1.950000
v 1.031500 0.698000 1.970000
v 1.030500 0.723000 1.970000
v 1.057000 0.620000 1.970000
v 1.057000 0.620000 1.950000
v 1.067000 0.620000 1.970000
v 1.067000 0.620000 1.950000
v 1.020000 0.716000 1.970000
v 1.020000 0.716000 1.950000
v 1.030000 0.720000 1.972000
v 1.019394 0.715607 1.972000
v 1.015000 0.705000 1.972000
v 1.019394 0.694393 1.972000
v 1.030000 0.690000 1.972000
v 1.040607 0.694393 1.972000
v 1.045000 0.705000 1.972000
v 1.040607 0.715607 1.972000
v 1.014741 0.720259 1.972000
v 1.008420 0.705000 1.972000
v 1.014741 0.689741 1.972000
v 1.030000 0.683420 1.972000
v 1.045259 0.689741 1.972000
v 1.051580 0.705000 1.972000
v 1.045259 0.720259 1.972000
v 1.030000 0.726580 1.972000
v 0.977071 0.827071 1.960000
v 0.902929 0.692929 1.960000
v 0.977071 0.692929 1.960000
v 0.902929 0.827071 1.960000
v 0.910000 0.440000 1.890000
v 0.910000 0.440000 1.820000
v 0.910000 0.490000 1.820000
v 0.910000 0.490000 1.890000
v 0.920000 0.520000 1.875000
v 0.920000 0.680000 1.875000
v 0.910000 0.480000 1.847500
v 0.915000 0.480000 1.847500
v 0.915000 0.474697 1.845303
v 0.910000 0.474697 1.845303
v 0.915000 0.472500 1.840000
v 0.910000 0.472500 1.840000
v 0.915000 0.474697 1.834697
v 0.910000 0.474697 1.834697
v 0.915000 0.480000 1.832500
v 0.910000 0.480000 1.832500
v 0.915000 0.485303 1.834697
v 0.910000 0.485303 1.834697
v 0.915000 0.487500 1.840000
v 0.910000 0.487500 1.840000
v 0.915000 0.485303 1.845303
v 0.910000 0.485303 1.845303
v 0.930000 0.680000 1.875000
v 0.930000 0.520000 1.875000
v 0.920000 0.520000 1.880000
v 0.930000 0.520000 1.880000
v 0.930000 0.680000 1.880000
v 0.920000 0.680000 1.880000
v 0.920000 0.680000 1.895000
v 0.920000 0.520000 1.895000
v 0.920000 0.680000 1.890000
v 0.920000 0.520000 1.890000
v 0.930000 0.680000 1.895000
v 0.930000 0.520000 1.895000
v 0.930000 0.680000 1.890000
v 0.930000 0.520000 1.890000
v 0.900000 0.446000 1.820000
v 0.840000 0.446000 1.820000
v 0.840000 0.446000 1.890000
v 0.910000 0.446000 1.820000
v 0.910000 0.446000 1.890000
v 0.920000 0.440000 1.890000
v 0.920000 0.440000 1.820000
v 0.920000 0.445000 1.890000
v 0.920000 0.445000 1.820000
v 0.903750 0.530000 1.850000
v 0.903750 0.700000 1.850000
v 0.903750 0.530000 1.890000
v 0.903750 0.700000 1.890000
v 0.896250 0.530000 1.850000
v 0.896250 0.700000 1.850000
v 0.896250 0.530000 1.890000
v 0.896250 0.700000 1.890000
v 0.903750 0.530000 1.880000
v 0.903750 0.700000 1.880000
v 0.896250 0.530000 1.881000
v 0.896250 0.700000 1.881000
v 0.918750 0.700000 1.880000
v 0.918750 0.700000 1.890000
v 0.918750 0.530000 1.890000
v 0.918750 0.530000 1.880000
v 0.910000 0.590000 1.867500
v 0.915000 0.590000 1.867500
v 0.915000 0.584697 1.865303
v 0.910000 0.584697 1.865303
v 0.915000 0.582500 1.860000
v 0.910000 0.582500 1.860000
v 0.915000 0.584697 1.854697
v 0.910000 0.584697 1.854697
v 0.915000 0.590000 1.852500
v 0.910000 0.590000 1.852500
v 0.915000 0.595303 1.854697
v 0.910000 0.595303 1.854697
v 0.915000 0.597500 1.860000
v 0.910000 0.597500 1.860000
v 0.915000 0.595303 1.865303
v 0.910000 0.595303 1.865303
v 0.910000 0.555303 1.865303
v 0.915000 0.555303 1.865303
v 0.910000 0.557500 1.860000
v 0.915000 0.557500 1.860000
v 0.910000 0.555303 1.854697
v 0.915000 0.555303 1.854697
v 0.910000 0.550000 1.852500
v 0.915000 0.550000 1.852500
v 0.910000 0.544697 1.854697
v 0.915000 0.544697 1.854697
v 0.910000 0.542500 1.860000
v 0.915000 0.542500 1.860000
v 0.910000 0.544697 1.865303
v 0.915000 0.544697 1.865303
v 0.915000 0.550000 1.867500
v 0.910000 0.550000 1.867500
v 0.910000 0.645303 1.865303
v 0.915000 0.645303 1.865303
v 0.910000 0.647500 1.860000
v 0.915000 0.647500 1.860000
v 0.910000 0.645303 1.854697
v 0.915000 0.645303 1.854697
v 0.910000 0.640000 1.852500
v 0.915000 0.640000 1.852500
v 0.910000 0.634697 1.854697
v 0.915000 0.634697 1.854697
v 0.910000 0.632500 1.860000
v 0.915000 0.632500 1.860000
v 0.910000 0.634697 1.865303
v 0.915000 0.634697 1.865303
v 0.915000 0.640000 1.867500
v 0.910000 0.640000 1.867500
v 0.910000 0.680000 1.867500
v 0.915000 0.680000 1.867500
v 0.915000 0.674697 1.865303
v 0.910000 0.674697 1.865303
v 0.915000 0.672500 1.860000
v 0.910000 0.672500 1.860000
v 0.915000 0.674697 1.854697
v 0.910000 0.674697 1.854697
v 0.915000 0.680000 1.852500
v 0.910000 0.680000 1.852500
v 0.915000 0.685303 1.854697
v 0.910000 0.685303 1.854697
v 0.915000 0.687500 1.860000
v 0.910000 0.687500 1.860000
v 0.915000 0.685303 1.865303
v 0.910000 0.685303 1.865303
v 0.910000 0.485303 1.875303
v 0.915000 0.485303 1.875303
v 0.910000 0.487500 1.870000
v 0.915000 0.487500 1.870000
v 0.910000 0.485303 1.864697
v 0.915000 0.485303 1.864697
v 0.910000 0.480000 1.862500
v 0.915000 0.480000 1.862500
v 0.910000 0.474697 1.864697
v 0.915000 0.474697 1.864697
v 0.910000 0.472500 1.870000
v 0.915000 0.472500 1.870000
v 0.910000 0.474697 1.875303
v 0.915000 0.474697 1.875303
v 0.915000 0.480000 1.877500
v 0.910000 0.480000 1.877500
v 0.915000 0.680000 1.875000
v 0.915000 0.520000 1.875000
v 0.915000 0.680000 1.880000
v 0.915000 0.520000 1.880000
v 0.915000 0.680000 1.890000
v 0.915000 0.520000 1.890000
v 0.915000 0.680000 1.895000
v 0.915000 0.520000 1.895000
v 0.920000 0.680000 1.910000
v 0.920000 0.520000 1.910000
v 0.930000 0.680000 1.910000
v 0.930000 0.520000 1.910000
v 0.932000 0.670000 1.875000
v 0.932000 0.680000 1.875000
v 0.950000 0.670000 1.910000
v 0.950000 0.680000 1.910000
v 0.930000 0.670000 1.875000
v 0.930000 0.680000 1.875000
v 0.930000 0.670000 1.910000
v 0.930000 0.680000 1.910000
v 0.932000 0.520000 1.875000
v 0.932000 0.530000 1.875000
v 0.950000 0.520000 1.910000
v 0.950000 0.530000 1.910000
v 0.930000 0.520000 1.875000
v 0.930000 0.530000 1.875000
v 0.930000 0.520000 1.910000
v 0.930000 0.530000 1.910000
v 0.932000 0.595000 1.875000
v 0.932000 0.605000 1.875000
v 0.950000 0.595000 1.910000
v 0.950000 0.605000 1.910000
v 0.930000 0.595000 1.875000
v 0.930000 0.605000 1.875000
v 0.930000 0.595000 1.910000
v 0.930000 0.605000 1.910000
v 1.040998 0.688175 1.911709
v 1.043002 0.688288 1.911821
v 1.059098 0.510000 1.910000
v 1.061102 0.510000 1.910000
v 1.043002 0.690000 1.910000
v 1.040998 0.690000 1.910000
v 1.059098 0.511712 1.911821
v 1.061102 0.511825 1.911709
v 0.988000 0.827955 1.679955
v 0.988000 0.881000 1.718250
v 0.988000 0.873045 1.714955
v 0.988000 0.831250 1.672000
v 0.988000 0.869750 1.707000
v 0.988000 0.827955 1.664045
v 0.988000 0.873045 1.699045
v 0.988000 0.820000 1.660750
v 0.988000 0.881000 1.695750
v 0.988000 0.812045 1.664045
v 0.988000 0.808750 1.672000
v 0.988000 0.888955 1.699045
v 0.988000 0.812045 1.679955
v 0.988000 0.892250 1.707000
v 0.988000 0.888955 1.714955
v 0.988000 0.820000 1.683250
v 0.892000 0.881000 1.718250
v 0.892000 0.873045 1.714955
v 0.892000 0.869750 1.707000
v 0.892000 0.873045 1.699045
v 0.892000 0.881000 1.695750
v 0.892000 0.888955 1.699045
v 0.892000 0.892250 1.707000
v 0.892000 0.888955 1.714955
v 0.892000 0.820000 1.683250
v 0.892000 0.812045 1.679955
v 0.892000 0.808750 1.672000
v 0.892000 0.812045 1.664045
v 0.892000 0.820000 1.660750
v 0.892000 0.827955 1.664045
v 0.892000 0.831250 1.672000
v 0.892000 0.827955 1.679955
v 0.970000 0.700000 1.950000
v 0.970000 0.820000 1.950000
v 0.910000 0.700000 1.950000
v 0.910000 0.820000 1.950000
v 0.970000 0.830000 1.700000
v 0.970000 0.870000 1.700000
v 0.910000 0.870000 1.700000
v 0.910000 0.830000 1.700000
v 0.970000 0.700000 1.960000
v 0.910000 0.820000 1.960000
v 0.970000 0.820000 1.960000
v 0.910000 0.700000 1.960000
v 0.722000 0.653889 1.578262
v 0.722000 0.570000 1.570000
v 0.722000 0.804605 1.640015
v 0.722000 0.734554 1.602732
v 0.722000 0.488102 1.578066
v 0.800000 0.792228 1.667412
v 0.800000 0.723073 1.630448
v 0.800000 0.648036 1.607686
v 0.800000 0.570000 1.600000
v 0.800000 0.491964 1.607686
v 0.730000 0.570000 1.570000
v 0.792000 0.570000 1.570000
v 0.790000 0.653889 1.578262
v 0.798000 0.488102 1.578066
v 0.798000 0.570000 1.570000
v 0.800000 0.653889 1.578262
v 0.798000 0.804605 1.640015
v 0.800000 0.734554 1.602732
v 0.728000 0.653889 1.578262
v 0.720000 0.491964 1.607686
v 0.720000 0.570000 1.600000
v 0.720000 0.648036 1.607686
v 0.720000 0.723073 1.630448
v 0.720000 0.792228 1.667412
v 0.728000 0.804605 1.640015
v 0.792000 0.804605 1.640015
v 0.792000 0.734554 1.602732
v 0.728000 0.734554 1.602732
v 0.792000 0.488102 1.578066
v 0.728000 0.488102 1.578066
v 0.790000 0.491964 1.607686
v 0.730000 0.491964 1.607686
v 0.790000 0.723073 1.630448
v 0.730000 0.723073 1.630448
v 0.730000 0.792228 1.667412
v 0.790000 0.792228 1.667412
v 0.790000 0.570000 1.600000
v 0.730000 0.570000 1.600000
v 0.730000 0.648036 1.607686
v 0.790000 0.648036 1.607686
v 0.720000 0.734554 1.602732
v 0.720000 0.806370 1.640954
v 0.720000 0.653889 1.578262
v 0.720000 0.570000 1.570000
v 0.720000 0.486111 1.578262
v 0.790000 0.806370 1.640954
v 0.800000 0.806370 1.640954
v 0.730000 0.486111 1.578262
v 0.730000 0.806370 1.640954
v 0.800000 0.486111 1.578262
v 0.800000 0.570000 1.570000
v 0.798000 0.653889 1.578262
v 0.798000 0.734554 1.602732
v 0.790000 0.486111 1.578262
v 0.792000 0.653889 1.578262
v 0.790000 0.734554 1.602732
v 0.730000 0.653889 1.578262
v 0.730000 0.734554 1.602732
v 0.790000 0.570000 1.570000
v 0.728000 0.570000 1.570000
v 0.792000 0.660717 1.543935
v 0.798000 0.660717 1.543935
v 0.728000 0.570000 1.535000
v 0.722000 0.570000 1.535000
v 0.728000 0.747919 1.570384
v 0.722000 0.747919 1.570384
v 0.798000 0.747919 1.570384
v 0.792000 0.747919 1.570384
v 0.798000 0.570000 1.535000
v 0.792000 0.570000 1.535000
v 0.722000 0.660717 1.543935
v 0.728000 0.660717 1.543935
v 0.722000 0.821049 1.609118
v 0.722000 0.484671 1.543235
v 0.792000 0.821049 1.609118
v 0.798000 0.821049 1.609118
v 0.728000 0.484671 1.543235
v 0.728000 0.821049 1.609118
v 0.798000 0.484671 1.543235
v 0.792000 0.484671 1.543235
v 0.815000 0.679546 1.571546
v 0.815000 0.683500 1.562000
v 0.815000 0.679546 1.552454
v 0.815000 0.670000 1.548500
v 0.815000 0.660454 1.552454
v 0.815000 0.656500 1.562000
v 0.815000 0.660454 1.571546
v 0.815000 0.670000 1.575500
v 0.705000 0.670000 1.575500
v 0.705000 0.660454 1.571546
v 0.705000 0.656500 1.562000
v 0.705000 0.660454 1.552454
v 0.705000 0.670000 1.548500
v 0.705000 0.679546 1.552454
v 0.705000 0.683500 1.562000
v 0.705000 0.679546 1.571546
v 0.814000 0.641287 1.549700
v 0.814000 0.660081 1.556541
v 0.814000 0.639919 1.553459
v 0.814000 0.658713 1.560300
v 0.810000 0.641287 1.549700
v 0.810000 0.660081 1.556541
v 0.810000 0.639919 1.553459
v 0.810000 0.658713 1.560300
v 0.815000 0.809546 1.551546
v 0.815000 0.813500 1.542000
v 0.815000 0.809546 1.532454
v 0.815000 0.800000 1.528500
v 0.815000 0.790454 1.532454
v 0.815000 0.786500 1.542000
v 0.815000 0.790454 1.551546
v 0.815000 0.800000 1.555500
v 0.705000 0.800000 1.555500
v 0.705000 0.790454 1.551546
v 0.705000 0.786500 1.542000
v 0.705000 0.790454 1.532454
v 0.705000 0.800000 1.528500
v 0.705000 0.809546 1.532454
v 0.705000 0.813500 1.542000
v 0.705000 0.809546 1.551546
v 0.815000 0.869546 1.539546
v 0.815000 0.873500 1.530000
v 0.815000 0.869546 1.520454
v 0.815000 0.860000 1.516500
v 0.815000 0.850454 1.520454
v 0.815000 0.846500 1.530000
v 0.815000 0.850454 1.539546
v 0.815000 0.860000 1.543500
v 0.645000 0.860000 1.543500
v 0.645000 0.850454 1.539546
v 0.645000 0.846500 1.530000
v 0.645000 0.850454 1.520454
v 0.645000 0.860000 1.516500
v 0.645000 0.869546 1.520454
v 0.645000 0.873500 1.530000
v 0.645000 0.869546 1.539546
v 0.980000 0.809199 2.339330
v 0.980000 0.829689 2.344820
v 0.980000 0.818307 2.346319
v 0.980000 0.890311 2.309820
v 0.980000 0.895801 2.289330
v 0.980000 0.897300 2.300712
v 0.980000 0.809689 2.310179
v 0.980000 0.804199 2.330670
v 0.980000 0.802700 2.319288
v 0.980000 0.890801 2.280670
v 0.980000 0.870311 2.275180
v 0.980000 0.881693 2.273681
v 0.970000 0.829689 2.344820
v 0.970000 0.809199 2.339330
v 0.970000 0.818307 2.346319
v 0.970000 0.895801 2.289330
v 0.970000 0.890311 2.309820
v 0.970000 0.897300 2.300712
v 0.970000 0.804199 2.330670
v 0.970000 0.809689 2.310179
v 0.970000 0.802700 2.319288
v 0.970000 0.870311 2.275180
v 0.970000 0.890801 2.280670
v 0.970000 0.881693 2.273681
v 1.041544 0.723850 2.050000
v 1.057993 0.710074 2.050000
v 1.052190 0.710633 2.050000
v 1.052557 0.720291 2.050000
v 1.057993 0.710074 2.030000
v 1.041544 0.723850 2.030000
v 1.052190 0.710633 2.030000
v 1.052557 0.720291 2.030000
v 0.910000 0.809199 2.339330
v 0.910000 0.829689 2.344820
v 0.910000 0.818307 2.346319
v 0.910000 0.890311 2.309820
v 0.910000 0.895801 2.289330
v 0.910000 0.897300 2.300712
v 0.910000 0.809689 2.310179
v 0.910000 0.804199 2.330670
v 0.910000 0.802700 2.319288
v 0.910000 0.890801 2.280670
v 0.910000 0.870311 2.275180
v 0.910000 0.881693 2.273681
v 0.900000 0.829689 2.344820
v 0.900000 0.809199 2.339330
v 0.900000 0.818307 2.346319
v 0.900000 0.895801 2.289330
v 0.900000 0.890311 2.309820
v 0.900000 0.897300 2.300712
v 0.900000 0.804199 2.330670
v 0.900000 0.809689 2.310179
v 0.900000 0.802700 2.319288
v 0.900000 0.870311 2.275180
v 0.900000 0.890801 2.280670
v 0.900000 0.881693 2.273681
v 0.980000 0.829689 1.655180
v 0.980000 0.809199 1.660670
v 0.980000 0.818307 1.653681
v 0.980000 0.895801 1.710670
v 0.980000 0.890311 1.690179
v 0.980000 0.897300 1.699288
v 0.980000 0.804199 1.669330
v 0.980000 0.809689 1.689821
v 0.980000 0.802700 1.680712
v 0.980000 0.870311 1.724820
v 0.980000 0.890801 1.719330
v 0.980000 0.881693 1.726319
v 0.970000 0.809199 1.660670
v 0.970000 0.829689 1.655180
v 0.970000 0.818307 1.653681
v 0.970000 0.890311 1.690179
v 0.970000 0.895801 1.710670
v 0.970000 0.897300 1.699288
v 0.970000 0.809689 1.689821
v 0.970000 0.804199 1.669330
v 0.970000 0.802700 1.680712
v 0.970000 0.890801 1.719330
v 0.970000 0.870311 1.724820
v 0.970000 0.881693 1.726319
v 1.057993 0.710074 1.950000
v 1.041544 0.723850 1.950000
v 1.052190 0.710633 1.950000
v 1.052557 0.720291 1.950000
v 1.041544 0.723850 1.970000
v 1.057993 0.710074 1.970000
v 1.052190 0.710633 1.970000
v 1.052557 0.720291 1.970000
v 0.910000 0.829689 1.655180
v 0.910000 0.809199 1.660670
v 0.910000 0.818307 1.653681
v 0.910000 0.895801 1.710670
v 0.910000 0.890311 1.690179
v 0.910000 0.897300 1.699288
v 0.910000 0.804199 1.669330
v 0.910000 0.809689 1.689821
v 0.910000 0.802700 1.680712
v 0.910000 0.870311 1.724820
v 0.910000 0.890801 1.719330
v 0.910000 0.881693 1.726319
v 0.900000 0.809199 1.660670
v 0.900000 0.829689 1.655180
v 0.900000 0.818307 1.653681
v 0.900000 0.890311 1.690179
v 0.900000 0.895801 1.710670
v 0.900000 0.897300 1.699288
v 0.900000 0.809689 1.689821
v 0.900000 0.804199 1.669330
v 0.900000 0.802700 1.680712
v 0.900000 0.890801 1.719330
v 0.900000 0.870311 1.724820
v 0.900000 0.881693 1.726319
v 0.810000 0.662818 1.545064
v 0.810000 0.650651 1.562441
v 0.810000 0.653136 1.551232
v 0.810000 0.877157 1.522502
v 0.810000 0.859780 1.510334
v 0.810000 0.870988 1.512819
v 0.810000 0.652387 1.572289
v 0.810000 0.669764 1.584456
v 0.810000 0.658556 1.581971
v 0.810000 0.866726 1.549727
v 0.810000 0.878893 1.532350
v 0.810000 0.876408 1.543558
v 0.800000 0.650651 1.562441
v 0.800000 0.662818 1.545064
v 0.800000 0.653136 1.551232
v 0.800000 0.859780 1.510334
v 0.800000 0.877157 1.522502
v 0.800000 0.870988 1.512819
v 0.800000 0.669764 1.584456
v 0.800000 0.652387 1.572289
v 0.800000 0.658556 1.581971
v 0.800000 0.878893 1.532350
v 0.800000 0.866726 1.549727
v 0.800000 0.876408 1.543558
v 0.720000 0.662818 1.545064
v 0.720000 0.650651 1.562441
v 0.720000 0.653136 1.551232
v 0.720000 0.877157 1.522502
v 0.720000 0.859780 1.510334
v 0.720000 0.870988 1.512819
v 0.720000 0.652387 1.572289
v 0.720000 0.669764 1.584456
v 0.720000 0.658556 1.581971
v 0.720000 0.866726 1.549727
v 0.720000 0.878893 1.532350
v 0.720000 0.876408 1.543558
v 0.710000 0.650651 1.562441
v 0.710000 0.662818 1.545064
v 0.710000 0.653136 1.551232
v 0.710000 0.859780 1.510334
v 0.710000 0.877157 1.522502
v 0.710000 0.870988 1.512819
v 0.710000 0.669764 1.584456
v 0.710000 0.652387 1.572289
v 0.710000 0.658556 1.581971
v 0.710000 0.878893 1.532350
v 0.710000 0.866726 1.549727
v 0.710000 0.876408 1.543558
vn 1.0000 -0.0000 -0.0000
vn -0.0000 1.0000 -0.0000
vn -0.0000 -0.0000 1.0000
vn -0.0000 -1.0000 -0.0000
vn -1.0000 -0.0000 -0.0000
vn -0.0000 -0.0797 -0.9968
vn -0.0000 -0.0797 0.9968
vn -0.0000 -0.5145 0.8575
vn -0.0000 -0.8716 0.4903
vn -0.0000 0.2060 -0.9785
vn -0.7071 0.7071 -0.0000
vn -0.9950 0.0995 -0.0000
vn 0.3827 0.9239 -0.0000
vn 0.9239 0.3827 -0.0000
vn 0.9239 -0.3827 -0.0000
vn 0.3827 -0.9239 -0.0000
vn -0.3827 -0.9239 -0.0000
vn -0.9239 -0.3827 -0.0000
vn -0.9239 0.3827 -0.0000
vn -0.3827 0.9239 -0.0000
vn -0.1135 -0.9935 -0.0000
vn 0.9950 -0.0995 -0.0000
vn 0.5547 0.8320 -0.0000
vn -0.0000 -0.0000 -1.0000
vn -0.0000 0.3827 -0.9239
vn -0.0000 0.9239 -0.3827
vn -0.0000 0.9239 0.3827
vn -0.0000 0.3827 0.9239
vn -0.0000 -0.3827 0.9239
vn -0.0000 -0.9239 0.3827
vn -0.0000 -0.3827 -0.9239
vn -0.0000 -0.9239 -0.3827
vn -0.0995 0.9950 -0.0000
vn -0.8893 -0.0000 0.4573
vn -0.8893 -0.0000 0.4574
vn -0.0000 1.0000 -0.0089
vn -0.9903 0.1015 0.0953
vn -0.0000 -1.0000 -0.0089
vn -0.0560 0.0051 0.9984
vn 0.9902 -0.1015 0.0955
vn -0.0000 -0.8872 0.4614
vn -0.0000 0.9806 -0.1961
vn -0.0000 -0.5145 -0.8575
vn -0.0000 -0.8716 -0.4903
vn -0.0000 0.2060 0.9785
vn -0.8893 -0.0000 -0.4573
vn -0.8893 -0.0000 -0.4574
vn -0.0000 1.0000 0.0089
vn -0.9894 0.0995 0.1062
vn -0.0000 -1.0000 0.0089
vn 0.0560 -0.0051 -0.9984
vn 0.9894 -0.0995 0.1062
vn -0.0000 -0.8872 -0.4614
vn -0.0000 0.9806 0.1961
vn -0.0000 -0.0980 0.9952
vn -0.0000 -0.4714 0.8819
vn -0.0000 0.0980 0.9952
vn -0.0000 -0.2903 0.9569
vn -0.0000 -0.9808 0.1951
vn -0.0000 0.8828 0.4698
vn -0.0000 -0.9952 0.0980
vn -0.0000 0.8819 0.4714
vn -0.0000 0.2903 -0.9569
vn -0.0000 -0.0980 -0.9952
vn -0.0000 0.4698 -0.8828
vn -0.0000 0.0980 -0.9952
vn -0.0000 0.4698 -0.8827
vn -0.0000 0.4681 -0.8837
vn -0.0000 -0.0961 -0.9954
vn -0.0000 -0.3420 0.9397
vn -0.0000 0.3420 -0.9397
vn -0.0000 -0.9397 -0.3420
vn -0.0000 -0.9914 0.1305
vn -0.0000 -0.7933 -0.6088
vn -0.0000 0.6088 -0.7934
vn -0.0000 -0.1305 -0.9914
vn -0.0000 -0.6088 0.7934
vn -0.0000 0.1305 0.9914
vn -0.0000 0.9914 -0.1305
vn -0.0000 0.7933 0.6088
vn -0.3075 0.9516 -0.0000
vn -0.8828 0.4697 -0.0000
vn -0.0000 -0.7934 -0.6088
vn -0.0000 0.7934 0.6088
vn -0.0000 -0.7933 0.6088
vn -0.0000 -0.9914 -0.1305
vn -0.0000 -0.1305 0.9914
vn -0.0000 0.6088 0.7933
vn -0.0000 0.1305 -0.9914
vn -0.0000 -0.6088 -0.7933
vn -0.0000 0.7933 -0.6088
vn -0.0000 0.9914 0.1305
vn -0.3074 0.9516 -0.0000
vn -0.0000 -0.7934 0.6088
vn -0.0000 0.6088 0.7934
vn -0.0000 -0.6088 -0.7934
vn -0.0000 0.7934 -0.6088
vn -0.0000 -0.2164 0.9763
vn -0.0000 -0.8434 0.5373
vn -0.0000 0.5373 0.8434
vn -0.0000 0.9763 0.2164
vn -0.0000 -0.5373 -0.8434
vn -0.0000 -0.9763 -0.2164
vn -0.0000 0.2164 -0.9763
vn -0.0000 0.8434 -0.5373
vn -0.0000 -0.8660 0.5000
vn -0.0000 0.5000 0.8660
vn -0.0000 0.8660 -0.5000
vn -0.0000 -0.5000 -0.8660
vn 0.0767 0.9971 -0.0000
vn -0.0000 -0.8660 -0.5000
vn -0.0000 0.5000 -0.8660
vn -0.0000 0.8660 0.5000
vn -0.0000 -0.5000 0.8660
vn -0.0000 -0.9848 0.1736
vn -0.0000 -0.1737 -0.9848
vn -0.0000 0.9848 -0.1736
vn -0.0000 0.1736 0.9848
vn -0.0000 -0.1736 -0.9848
vn 0.7071 0.7071 -0.0000
vn 0.9950 0.0995 -0.0000
vn 0.1135 -0.9935 -0.0000
vn -0.9950 -0.0995 -0.0000
vn -0.5547 0.8320 -0.0000
vn 0.0995 0.9950 -0.0000
vn 0.8893 -0.0000 0.4573
vn 0.8893 -0.0000 0.4574
vn 0.9894 0.0995 -0.1062
vn -0.0560 -0.0051 0.9984
vn -0.9894 -0.0995 -0.1062
vn 0.8893 -0.0000 -0.4573
vn 0.8893 -0.0000 -0.4574
vn 0.9903 0.1015 -0.0953
vn 0.0560 0.0051 -0.9984
vn -0.9902 -0.1015 -0.0955
vn -0.0000 0.4699 -0.8827
vn 0.3075 0.9516 -0.0000
vn 0.8828 0.4697 -0.0000
vn 0.3074 0.9516 -0.0000
vn -0.0767 0.9971 -0.0000
vn 0.5547 0.8321 -0.0000
vn 0.0565 0.9984 -0.0076
vn -0.9894 0.0995 -0.1062
vn -0.0565 -0.9984 -0.0076
vn 0.0560 -0.0051 0.9984
vn 0.9894 -0.0995 -0.1062
vn 0.0565 0.9984 0.0076
vn -0.9903 0.1015 -0.0953
vn -0.0565 -0.9984 0.0076
vn -0.0560 0.0051 -0.9984
vn 0.9902 -0.1015 -0.0955
vn -0.0000 0.2902 -0.9570
vn -0.0000 0.2903 -0.9570
vn -0.0000 0.6088 -0.7933
vn -0.0000 -0.6088 0.7933
vn -0.0000 0.1737 0.9848
vn -0.5547 0.8321 -0.0000
vn -0.0565 0.9984 -0.0076
vn 0.9903 0.1015 0.0953
vn 0.0565 -0.9984 -0.0076
vn 0.0560 0.0051 0.9984
vn -0.9902 -0.1015 0.0955
vn -0.0565 0.9984 0.0076
vn 0.9894 0.0995 0.1062
vn 0.0565 -0.9984 0.0076
vn -0.0560 -0.0051 -0.9984
vn -0.9894 -0.0995 0.1062
vt 0.625000 0.625000
vt 0.375000 0.750000
vt 0.375000 0.625000
vt 0.875000 0.625000
vt 0.864065 0.750000
vt 0.864065 0.625000
vt 0.375000 0.989085
vt 0.625000 1.000000
vt 0.375000 1.000000
vt 0.860698 0.750000
vt 0.625000 0.750000
vt 0.625000 0.666667
vt 0.500000 0.750000
vt 0.500000 0.666667
vt 0.500000 1.000000
vt 0.375000 0.666667
vt 0.125000 0.750000
vt 0.125000 0.666667
vt 0.625000 0.000000
vt 0.625000 0.083333
vt 0.125000 0.625000
vt 0.500000 0.625000
vt 0.875000 0.666667
vt 0.500000 0.000000
vt 0.500000 0.250000
vt 0.625000 0.500000
vt 0.375000 0.500000
vt 0.125000 0.500000
vt 0.875000 0.500000
vt 0.500000 0.500000
vt 0.375000 0.250000
vt 0.375000 0.000000
vt 0.375000 0.125000
vt 1.000000 0.675000
vt 0.875000 1.000000
vt 0.875000 0.675000
vt 0.750000 0.675000
vt 0.750000 1.000000
vt 0.625000 0.675000
vt 0.500000 0.675000
vt 0.375000 0.675000
vt 0.250000 0.675000
vt 0.010000 0.250000
vt 0.250000 0.010000
vt 0.490000 0.250000
vt 0.250000 1.000000
vt 0.125000 0.675000
vt 0.000000 1.000000
vt 0.000000 0.675000
vt 0.000000 0.000000
vt 0.000000 0.500000
vt 0.250000 0.500000
vt 0.750000 0.500000
vt 1.000000 0.500000
vt 0.625000 0.031250
vt 0.375000 0.031250
vt 0.625000 0.718750
vt 0.375000 0.718750
vt 0.125000 0.718750
vt 0.500000 0.083333
vt 0.500000 0.125000
vt 0.125000 1.000000
vt 0.625000 0.250000
vt 0.875000 0.750000
vt 1.000000 1.000000
vt 0.919706 0.080294
vt 0.580294 0.080294
vt 0.580294 0.419706
vt 0.375000 0.125000
vt 0.375000 0.083333
vt 0.625000 0.212500
vt 0.375000 0.212500
vt 0.125000 0.537500
vt 0.875000 0.537500
vt 0.625000 0.537500
vt 0.375000 0.537500
vt 0.860698 0.625000
vt 0.139085 0.750000
vt 0.139085 0.625000
vt 0.135915 0.750000
vt 0.375000 0.985915
vt 0.625000 0.985698
vt 0.135915 0.625000
vt 0.625000 0.989065
vt 0.250000 0.490000
vt 0.919706 0.419706
vt 0.875000 0.718750
vt 0.125000 0.593750
vt 0.378661 0.509153
vt 0.375000 0.593750
vt 0.380492 0.236271
vt 0.412500 0.500000
vt 0.625000 0.593750
vt 0.875000 0.593750
vt 0.621339 0.509153
vt 0.587500 0.250000
vt 0.619508 0.236271
vt 0.375000 0.656250
vt 0.125000 0.656250
vt 0.378661 0.740847
vt 0.412500 1.000000
vt 0.875000 0.656250
vt 0.621339 0.740847
vt 0.625000 0.656250
vt 0.587500 0.750000
vt 0.731194 0.500000
vt 0.731194 0.750000
vt 0.412500 0.250000
vt 0.587500 0.500000
vt 0.619508 0.236271
vt 0.412500 0.750000
vt 0.378661 0.740847
vt 0.587500 1.000000
vt 0.621339 0.740847
vt 0.587500 0.750000
vt 0.731194 0.750000
vt 0.587500 0.500000
vt 0.391304 0.250000
vt 0.376592 0.509153
vt 0.391304 0.500000
vt 0.375000 0.593750
vt 0.608696 0.500000
vt 0.622612 0.236271
vt 0.608696 0.250000
vt 0.623408 0.509153
vt 0.875000 0.593750
vt 0.391304 0.750000
vt 0.391304 1.000000
vt 0.376592 0.740847
vt 0.125000 0.656250
vt 0.608696 1.000000
vt 0.623408 0.740847
vt 0.608696 0.750000
vt 0.625000 0.656250
vt 0.608696 0.250000
vt 0.587500 0.000000
vt 0.375000 0.156250
vt 0.481326 1.000000
vt 0.481326 0.250000
vt 0.731194 0.500000
vt 0.625000 0.856194
vt 0.625000 0.393806
vt 0.481326 0.250000
vt 0.125000 0.593750
vt 0.375000 0.156250
vt 0.608696 0.000000
vt 0.625000 0.593750
vt 0.625000 0.093750
vt 0.385984 0.027459
vt 0.481326 1.000000
vt 0.625000 0.093750
vt 0.379775 0.027459
vt 0.625000 0.125000
vt 0.419706 0.419706
vt 0.080294 0.419706
vt 0.080294 0.080294
vt 0.419706 0.080294
vt 0.750000 0.490000
vt 0.990000 0.250000
vt 0.750000 0.010000
vt 0.510000 0.250000
vt 0.587500 1.000000
vt 0.377388 0.236271
vt 0.875000 0.656250
vt 0.375000 0.093750
vt 0.412500 0.000000
vt 0.614017 0.027458
vt 0.625000 0.156250
vt 0.614017 0.027458
vt 0.391304 0.000000
vt 0.625000 0.156250
vt 0.620225 0.027459
s 0
f 330/29/15 299/30/15 329/31/15
f 328/32/16 584/33/16 586/34/16
f 583/35/17 298/36/17 297/37/17
f 330/29/16 585/38/16 300/39/16
f 308/40/15 434/41/15 435/42/15
f 304/39/17 433/43/17 434/41/17
f 307/44/18 301/45/18 305/46/18
f 302/47/19 312/48/19 306/48/19
f 324/32/16 308/40/16 326/29/16
f 325/31/18 305/46/18 323/49/18
f 326/29/15 435/42/15 436/50/15
f 433/43/17 396/37/17 301/37/17
f 312/51/16 310/39/16 309/40/16
f 306/51/20 309/40/20 308/40/20
f 308/40/15 310/39/15 304/39/15
f 304/39/21 311/36/21 302/36/21
f 319/52/19 314/47/19 320/53/19
f 321/54/15 317/39/15 322/41/15
f 317/39/22 319/43/22 322/41/22
f 318/55/18 313/45/18 315/56/18
f 320/57/16 317/39/16 321/54/16
f 322/41/23 313/37/23 316/30/23
f 321/58/15 316/30/15 318/55/15
f 320/53/24 318/55/24 315/59/24
f 313/60/19 320/53/19 315/59/19
f 306/48/25 397/47/25 302/47/25
f 298/47/26 327/61/26 297/60/26
f 363/62/27 338/63/27 364/64/27
f 338/63/28 365/65/28 364/64/28
f 340/66/29 366/67/29 365/65/29
f 342/36/30 367/68/30 366/67/30
f 344/43/31 368/69/31 367/68/31
f 346/37/32 369/70/32 368/69/32
f 348/71/17 344/72/17 340/73/17
f 348/74/33 370/75/33 369/70/33
f 370/75/34 336/76/34 363/77/34
f 355/55/35 351/45/35 352/56/35
f 351/45/36 357/56/36 352/56/36
f 358/45/18 359/56/18 357/56/18
f 354/39/37 361/54/37 356/54/37
f 355/55/38 356/54/38 361/54/38
f 354/39/17 353/30/17 362/39/17
f 369/70/17 385/75/17 383/70/17
f 345/78/38 378/78/38 380/78/38
f 370/75/17 386/77/17 385/75/17
f 364/64/17 386/62/17 363/62/17
f 347/78/38 384/78/38 349/78/38
f 339/78/38 372/78/38 374/78/38
f 365/65/17 373/64/17 364/64/17
f 365/65/17 377/67/17 375/65/17
f 385/75/34 371/79/34 384/56/34
f 383/70/33 384/56/33 382/80/33
f 381/69/32 382/80/32 380/55/32
f 379/68/31 380/55/31 378/58/31
f 377/67/30 378/58/30 376/54/30
f 375/65/29 376/54/29 374/81/29
f 373/64/28 374/81/28 372/57/28
f 386/62/27 372/57/27 371/82/27
f 339/78/38 376/78/38 341/78/38
f 349/78/38 371/78/38 335/78/38
f 369/70/17 381/69/17 368/69/17
f 337/78/38 371/78/38 372/78/38
f 368/69/17 379/68/17 367/68/17
f 347/78/38 380/78/38 382/78/38
f 366/67/17 379/68/17 377/67/17
f 341/78/38 378/78/38 343/78/38
f 333/78/38 392/78/38 331/78/38
f 331/78/38 388/78/38 332/78/38
f 387/83/19 392/61/19 393/84/19
f 388/32/16 394/85/16 391/29/16
f 392/49/18 389/86/18 393/87/18
f 391/29/15 389/86/15 390/31/15
f 334/78/38 390/78/38 333/78/38
f 332/78/38 391/78/38 334/78/38
f 397/47/19 438/88/19 437/52/19
f 399/48/19 439/89/19 438/88/19
f 433/43/17 397/36/17 437/43/17
f 324/32/25 399/51/25 306/51/25
f 305/46/18 398/49/18 323/49/18
f 301/45/18 395/46/18 305/46/18
f 427/36/15 421/37/15 428/37/15
f 418/90/39 404/79/39 417/56/39
f 432/54/19 423/57/19 431/57/19
f 416/74/40 417/56/40 415/80/40
f 421/54/18 543/54/18 401/54/18
f 414/37/41 415/80/41 413/55/41
f 429/47/16 427/59/16 425/60/16
f 412/43/42 413/55/42 411/58/42
f 426/91/18 432/55/18 430/59/18
f 410/36/43 411/58/43 409/54/43
f 431/91/16 424/59/16 427/59/16
f 408/66/44 409/54/44 407/81/44
f 427/59/16 548/60/16 425/60/16
f 429/92/19 553/39/19 430/39/19
f 403/93/45 405/57/45 404/82/45
f 431/57/19 430/39/19 432/54/19
f 406/63/46 407/81/46 405/57/46
f 409/94/19 413/95/19 417/96/19
f 398/78/38 444/78/38 439/78/38
f 396/37/17 445/43/17 441/37/17
f 436/50/15 307/44/15 325/31/15
f 434/41/17 301/37/17 303/30/17
f 435/42/15 303/30/15 307/44/15
f 443/88/19 442/97/19 440/98/19
f 445/52/19 440/98/19 441/60/19
f 438/88/47 445/52/47 437/52/47
f 395/46/18 442/49/18 398/49/18
f 396/45/18 440/46/18 395/46/18
f 439/89/47 443/88/47 438/88/47
f 455/99/17 461/100/17 454/100/17
f 449/91/38 452/55/38 448/59/38
f 451/39/17 446/37/17 450/30/17
f 454/101/18 450/30/18 446/45/18
f 455/102/16 451/39/16 457/103/16
f 449/57/16 457/103/16 453/54/16
f 448/56/18 456/104/18 454/101/18
f 447/47/19 454/100/19 446/60/19
f 458/99/19 460/59/19 461/100/19
f 448/59/38 459/91/38 449/91/38
f 454/101/18 460/56/18 448/56/18
f 449/57/16 458/102/16 455/102/16
f 477/90/39 463/79/39 476/56/39
f 475/74/40 476/56/40 474/80/40
f 473/37/41 474/80/41 472/55/41
f 471/43/42 472/55/42 470/58/42
f 469/36/43 470/58/43 468/54/43
f 467/66/44 468/54/44 466/81/44
f 462/93/45 464/57/45 463/82/45
f 465/63/46 466/81/46 464/57/46
f 468/94/19 472/95/19 476/96/19
f 487/94/19 483/95/19 479/96/19
f 490/63/46 489/81/46 491/57/46
f 493/93/45 491/57/45 492/82/45
f 488/66/44 487/54/44 489/81/44
f 486/36/43 485/58/43 487/54/43
f 484/43/42 483/55/42 485/58/42
f 482/37/41 481/80/41 483/55/41
f 480/74/40 479/56/40 481/80/40
f 478/90/39 492/79/39 479/56/39
f 503/94/19 499/95/19 495/96/19
f 506/63/46 505/81/46 507/57/46
f 509/93/45 507/57/45 508/82/45
f 504/66/44 503/54/44 505/81/44
f 502/36/43 501/58/43 503/54/43
f 500/43/42 499/55/42 501/58/42
f 498/37/41 497/80/41 499/55/41
f 496/74/40 495/56/40 497/80/40
f 494/90/39 508/79/39 495/56/39
f 525/90/39 511/79/39 524/56/39
f 523/74/40 524/56/40 522/80/40
f 521/37/41 522/80/41 520/55/41
f 519/43/42 520/55/42 518/58/42
f 517/36/43 518/58/43 516/54/43
f 515/66/44 516/54/44 514/81/44
f 510/93/45 512/57/45 511/82/45
f 513/63/46 514/81/46 512/57/46
f 516/94/19 520/95/19 524/96/19
f 535/94/19 531/95/19 527/96/19
f 538/63/46 537/81/46 539/57/46
f 541/93/45 539/57/45 540/82/45
f 536/66/44 535/54/44 537/81/44
f 534/36/43 533/58/43 535/54/43
f 532/43/42 531/55/42 533/58/42
f 530/37/41 529/80/41 531/55/41
f 528/74/40 527/56/40 529/80/40
f 526/90/39 540/79/39 527/56/39
f 428/54/18 422/55/18 432/55/18
f 402/54/17 420/30/17 401/55/17
f 422/54/19 419/57/19 423/57/19
f 423/91/16 402/59/16 424/59/16
f 421/54/18 420/55/18 422/55/18
f 544/36/15 543/37/15 545/37/15
f 548/39/15 547/37/15 549/30/15
f 428/37/17 546/36/17 427/36/17
f 424/36/38 545/37/38 421/37/38
f 426/91/18 547/54/18 428/54/18
f 401/55/17 542/54/17 402/54/17
f 402/59/16 544/59/16 424/59/16
f 425/30/38 549/45/38 426/45/38
f 552/55/38 551/45/38 553/56/38
f 425/60/16 552/47/16 429/47/16
f 430/59/18 551/91/18 426/91/18
f 426/45/15 550/30/15 425/30/15
f 555/47/48 556/59/48 554/60/48
f 567/39/17 562/37/17 566/30/17
f 563/47/49 564/59/49 562/60/49
f 559/39/17 554/37/17 558/30/17
f 560/55/18 554/45/18 556/56/18
f 561/54/16 555/92/16 559/39/16
f 568/55/18 562/45/18 564/56/18
f 569/54/16 563/92/16 567/39/16
f 575/39/17 570/37/17 574/30/17
f 571/47/48 572/59/48 570/60/48
f 576/55/18 570/45/18 572/56/18
f 577/54/16 571/92/16 575/39/16
f 579/33/50 581/105/50 580/34/50
f 329/31/18 582/106/18 588/107/18
f 327/49/18 583/108/18 297/45/18
f 582/109/51 578/110/51 592/109/51
f 586/78/17 581/78/17 587/78/17
f 588/78/17 590/78/17 589/78/17
f 299/30/17 585/110/17 582/109/17
f 592/106/52 590/111/52 591/107/52
f 579/112/53 592/109/53 578/110/53
f 589/111/15 593/108/15 583/108/15
f 588/107/19 592/106/19 591/107/19
f 587/105/19 578/38/19 585/38/19
f 586/34/15 579/33/15 580/34/15
f 584/112/54 593/35/54 579/112/54
f 609/93/45 619/63/45 606/63/45
f 599/37/41 624/74/41 597/74/41
f 603/36/43 622/43/43 601/43/43
f 599/37/42 622/43/42 623/37/42
f 594/90/39 618/76/39 609/76/39
f 604/66/44 621/36/44 603/36/44
f 606/63/46 620/66/46 604/66/46
f 603/94/19 599/95/19 594/96/19
f 600/94/19 605/95/19 608/96/19
f 598/66/46 611/63/46 612/66/46
f 598/66/44 613/36/44 600/36/44
f 608/90/39 610/76/39 595/76/39
f 605/37/42 614/43/42 615/37/42
f 600/36/43 614/43/43 602/43/43
f 605/37/41 616/74/41 607/74/41
f 595/93/45 611/63/45 596/63/45
f 607/74/40 617/90/40 608/90/40
f 612/66/15 610/76/15 616/74/15
f 597/74/40 625/90/40 594/90/40
f 620/66/15 618/76/15 624/74/15
f 627/47/19 630/60/19 631/47/19
f 635/85/15 628/30/15 637/86/15
f 637/86/18 626/45/18 634/87/18
f 635/85/16 627/92/16 629/39/16
f 632/39/17 630/37/17 633/30/17
f 628/30/55 630/45/55 626/45/55
f 627/92/56 632/39/56 629/39/56
f 629/39/15 633/30/15 628/30/15
f 627/47/19 634/84/19 626/60/19
f 393/87/17 394/85/17 387/87/17
f 640/30/15 330/29/15 329/31/15
f 885/33/16 328/32/16 586/34/16
f 884/35/38 639/36/38 885/112/38
f 330/29/16 886/38/16 587/105/16
f 741/41/15 649/40/15 742/42/15
f 740/43/38 645/39/38 741/41/38
f 642/45/18 648/44/18 646/46/18
f 653/48/19 643/47/19 647/48/19
f 649/40/16 324/32/16 326/29/16
f 646/46/18 325/31/18 323/49/18
f 742/42/15 326/29/15 436/50/15
f 705/37/38 740/43/38 642/37/38
f 651/39/16 653/51/16 650/40/16
f 650/40/21 647/51/21 649/40/21
f 651/39/15 649/40/15 645/39/15
f 652/36/20 645/39/20 643/36/20
f 660/52/19 661/53/19 655/47/19
f 662/54/15 663/41/15 658/39/15
f 660/43/57 658/39/57 663/41/57
f 654/45/18 659/55/18 656/56/18
f 658/39/16 661/57/16 662/54/16
f 654/37/58 663/41/58 657/30/58
f 657/30/15 662/58/15 659/55/15
f 659/55/59 661/53/59 656/59/59
f 654/60/19 661/53/19 660/52/19
f 706/47/25 647/48/25 643/47/25
f 327/61/26 639/47/26 638/60/26
f 685/64/27 664/93/27 684/62/27
f 686/65/28 665/63/28 685/64/28
f 687/67/29 666/66/29 686/65/29
f 688/68/30 667/36/30 687/67/30
f 689/69/31 668/43/31 688/68/31
f 690/70/32 669/37/32 689/69/32
f 668/72/38 670/71/38 664/113/38
f 691/75/33 670/74/33 690/70/33
f 691/75/34 664/76/34 671/90/34
f 672/45/35 676/55/35 673/56/35
f 678/56/36 672/45/36 673/56/36
f 680/56/18 679/45/18 678/56/18
f 682/54/37 675/39/37 677/54/37
f 676/55/17 682/54/17 677/54/17
f 675/39/38 683/39/38 674/30/38
f 690/70/38 698/75/38 691/75/38
f 691/75/38 699/77/38 684/77/38
f 699/62/38 685/64/38 684/62/38
f 692/64/38 686/65/38 685/64/38
f 686/65/38 694/67/38 687/67/38
f 371/79/34 698/75/34 384/56/34
f 384/56/33 697/70/33 382/80/33
f 382/80/32 696/69/32 380/55/32
f 380/55/31 695/68/31 378/58/31
f 378/58/30 694/67/30 376/54/30
f 376/54/29 693/65/29 374/81/29
f 374/81/28 692/64/28 372/57/28
f 372/57/27 699/62/27 371/82/27
f 696/69/38 690/70/38 689/69/38
f 695/68/38 689/69/38 688/68/38
f 687/67/38 695/68/38 688/68/38
f 392/61/19 700/83/19 702/84/19
f 703/85/16 388/32/16 391/29/16
f 392/49/18 701/86/18 390/31/18
f 701/86/15 391/29/15 390/31/15
f 744/88/19 706/47/19 743/52/19
f 439/89/19 707/48/19 744/88/19
f 740/43/38 706/36/38 643/36/38
f 707/51/25 324/32/25 647/51/25
f 398/49/18 646/46/18 323/49/18
f 704/46/18 642/45/18 646/46/18
f 728/37/15 734/36/15 735/37/15
f 711/79/42 725/90/42 724/56/42
f 730/57/19 739/54/19 738/57/19
f 724/56/41 723/74/41 722/80/41
f 846/54/18 728/54/18 708/54/18
f 722/80/40 721/37/40 720/55/40
f 734/59/16 736/47/16 732/60/16
f 720/55/39 719/43/39 718/58/39
f 739/55/18 733/91/18 737/59/18
f 718/58/45 717/36/45 716/54/45
f 731/59/16 738/91/16 734/59/16
f 716/54/46 715/66/46 714/81/46
f 851/60/16 734/59/16 732/60/16
f 856/39/19 736/92/19 737/39/19
f 712/57/43 710/93/43 711/82/43
f 737/39/19 738/57/19 739/54/19
f 714/81/44 713/63/44 712/57/44
f 720/95/19 716/94/19 712/114/19
f 705/37/38 748/43/38 743/43/38
f 648/44/15 436/50/15 325/31/15
f 642/37/38 741/41/38 644/30/38
f 644/30/15 742/42/15 648/44/15
f 442/97/19 747/88/19 745/98/19
f 745/98/19 748/52/19 746/60/19
f 748/52/47 744/88/47 743/52/47
f 442/49/18 704/46/18 398/49/18
f 745/46/18 705/45/18 704/46/18
f 747/88/47 439/89/47 744/88/47
f 764/100/38 758/99/38 757/100/38
f 755/55/17 752/91/17 751/59/17
f 749/37/38 754/39/38 753/30/38
f 757/101/18 753/30/18 759/104/18
f 754/39/16 758/102/16 760/103/16
f 760/103/16 752/57/16 756/54/16
f 751/56/18 759/104/18 755/55/18
f 757/100/19 750/47/19 749/60/19
f 763/59/19 761/99/19 764/100/19
f 762/91/17 751/59/17 752/91/17
f 763/56/18 757/101/18 751/56/18
f 761/102/16 752/57/16 758/102/16
f 766/79/42 780/90/42 779/56/42
f 779/56/41 778/74/41 777/80/41
f 777/80/40 776/37/40 775/55/40
f 775/55/39 774/43/39 773/58/39
f 773/58/45 772/36/45 771/54/45
f 771/54/46 770/66/46 769/81/46
f 767/57/43 765/93/43 766/82/43
f 769/81/44 768/63/44 767/57/44
f 775/95/19 771/94/19 767/114/19
f 786/95/19 790/94/19 794/114/19
f 792/81/44 793/63/44 794/57/44
f 794/57/43 796/93/43 795/82/43
f 790/54/46 791/66/46 792/81/46
f 788/58/45 789/36/45 790/54/45
f 786/55/39 787/43/39 788/58/39
f 784/80/40 785/37/40 786/55/40
f 782/56/41 783/74/41 784/80/41
f 795/79/42 781/90/42 782/56/42
f 802/95/19 806/94/19 810/114/19
f 808/81/44 809/63/44 810/57/44
f 810/57/43 812/93/43 811/82/43
f 806/54/46 807/66/46 808/81/46
f 804/58/45 805/36/45 806/54/45
f 802/55/39 803/43/39 804/58/39
f 800/80/40 801/37/40 802/55/40
f 798/56/41 799/74/41 800/80/41
f 811/79/42 797/90/42 798/56/42
f 814/79/42 828/90/42 827/56/42
f 827/56/41 826/74/41 825/80/41
f 825/80/40 824/37/40 823/55/40
f 823/55/39 822/43/39 821/58/39
f 821/58/45 820/36/45 819/54/45
f 819/54/46 818/66/46 817/81/46
f 815/57/43 813/93/43 814/82/43
f 817/81/44 816/63/44 815/57/44
f 823/95/19 819/94/19 815/114/19
f 834/95/19 838/94/19 842/114/19
f 840/81/44 841/63/44 842/57/44
f 842/57/43 844/93/43 843/82/43
f 838/54/46 839/66/46 840/81/46
f 836/58/45 837/36/45 838/54/45
f 834/55/39 835/43/39 836/58/39
f 832/80/40 833/37/40 834/55/40
f 830/56/41 831/74/41 832/80/41
f 843/79/42 829/90/42 830/56/42
f 729/55/18 735/54/18 739/55/18
f 727/30/38 709/54/38 708/55/38
f 726/57/19 729/54/19 730/57/19
f 709/59/16 730/91/16 731/59/16
f 727/55/18 728/54/18 729/55/18
f 846/37/15 847/36/15 848/37/15
f 850/37/15 851/39/15 852/30/15
f 849/36/38 735/37/38 734/36/38
f 848/37/17 731/36/17 728/37/17
f 850/54/18 733/91/18 735/54/18
f 845/54/38 708/55/38 709/54/38
f 847/59/16 709/59/16 731/59/16
f 852/45/17 732/30/17 733/45/17
f 854/45/17 855/55/17 856/56/17
f 855/47/16 732/60/16 736/47/16
f 854/91/18 737/59/18 733/91/18
f 853/30/15 733/45/15 732/30/15
f 859/59/60 858/47/60 857/60/60
f 865/37/38 870/39/38 869/30/38
f 867/59/61 866/47/61 865/60/61
f 857/37/38 862/39/38 861/30/38
f 857/45/18 863/55/18 859/56/18
f 864/54/16 858/92/16 860/57/16
f 865/45/18 871/55/18 867/56/18
f 872/54/16 866/92/16 868/57/16
f 873/37/38 878/39/38 877/30/38
f 875/59/60 874/47/60 873/60/60
f 873/45/18 879/55/18 875/56/18
f 880/54/16 874/92/16 876/57/16
f 581/105/62 882/33/62 580/34/62
f 883/106/18 329/31/18 588/107/18
f 327/49/18 884/108/18 589/111/18
f 883/109/63 881/110/63 886/110/63
f 640/30/38 886/110/38 641/39/38
f 590/111/64 887/106/64 591/107/64
f 882/112/65 887/109/65 888/35/65
f 888/108/15 589/111/15 884/108/15
f 588/107/19 887/106/19 883/106/19
f 881/38/19 587/105/19 886/38/19
f 586/34/15 882/33/15 885/33/15
f 885/112/66 888/35/66 884/35/66
f 914/63/43 904/93/43 901/63/43
f 919/74/40 894/37/40 892/74/40
f 917/43/45 898/36/45 896/43/45
f 894/37/39 917/43/39 896/43/39
f 913/76/42 889/90/42 904/76/42
f 916/36/46 899/66/46 898/36/46
f 915/66/44 901/63/44 899/66/44
f 894/95/19 898/94/19 901/114/19
f 900/95/19 895/94/19 891/114/19
f 893/66/44 906/63/44 891/63/44
f 908/36/46 893/66/46 895/36/46
f 905/76/42 903/90/42 890/76/42
f 900/37/39 909/43/39 897/43/39
f 909/43/45 895/36/45 897/43/45
f 911/74/40 900/37/40 902/74/40
f 906/63/43 890/93/43 891/63/43
f 912/90/41 902/74/41 903/90/41
f 905/76/15 907/66/15 909/43/15
f 920/90/41 892/74/41 889/90/41
f 913/76/15 915/66/15 917/43/15
f 922/47/19 925/60/19 921/60/19
f 923/30/15 930/85/15 932/86/15
f 921/45/18 932/86/18 929/87/18
f 930/85/16 922/92/16 931/115/16
f 925/37/38 927/39/38 928/30/38
f 925/45/67 923/30/67 921/45/67
f 927/39/68 922/92/68 924/39/68
f 928/30/15 924/39/15 923/30/15
f 929/84/19 922/47/19 921/60/19
f 703/85/38 702/87/38 700/87/38
f 970/78/69 954/78/69 971/78/69
f 966/78/70 956/78/70 967/78/70
f 964/78/71 953/78/71 970/78/71
f 971/78/72 955/78/72 966/78/72
f 952/78/73 980/78/73 977/78/73
f 987/78/15 1000/78/15 959/78/15
f 951/78/19 995/78/19 992/78/19
f 1007/78/74 949/78/74 958/78/74
f 1011/78/75 961/78/75 946/78/75
f 974/78/76 967/78/76 956/78/76
f 977/78/15 953/78/15 952/78/15
f 948/78/19 941/78/19 940/78/19
f 976/78/15 954/78/15 953/78/15
f 941/78/19 982/78/19 942/78/19
f 954/78/15 973/78/15 955/78/15
f 979/78/19 939/78/19 938/78/19
f 981/78/76 968/78/76 967/78/76
f 964/78/73 986/78/73 980/78/73
f 978/78/76 938/78/76 968/78/76
f 955/78/15 974/78/15 956/78/15
f 950/78/19 940/78/19 939/78/19
f 963/78/73 982/78/73 986/78/73
f 1002/78/15 987/78/15 944/78/15
f 990/78/77 945/78/77 988/78/77
f 1006/78/15 934/78/15 937/78/15
f 943/78/78 986/78/78 991/78/78
f 1008/78/19 985/78/19 949/78/19
f 978/78/79 990/78/79 988/78/79
f 1010/78/19 960/78/19 957/78/19
f 945/78/80 943/78/80 991/78/80
f 940/78/72 965/78/72 939/78/72
f 972/78/72 966/78/72 965/78/72
f 942/78/71 969/78/71 941/78/71
f 963/78/71 970/78/71 969/78/71
f 939/78/70 968/78/70 938/78/70
f 968/78/70 966/78/70 967/78/70
f 940/78/69 969/78/69 972/78/69
f 972/78/69 970/78/69 971/78/69
f 935/78/79 973/78/79 936/78/79
f 973/78/77 933/78/77 936/78/77
f 975/78/80 934/78/80 933/78/80
f 976/78/78 937/78/78 934/78/78
f 979/78/81 958/78/81 949/78/81
f 977/78/78 962/78/78 937/78/78
f 957/78/81 974/78/81 935/78/81
f 946/78/78 983/78/78 947/78/78
f 983/78/80 984/78/80 947/78/80
f 948/78/77 985/78/77 984/78/77
f 950/78/81 949/78/81 985/78/81
f 986/78/78 946/78/78 961/78/78
f 988/78/77 987/78/77 959/78/77
f 989/78/77 960/78/77 951/78/77
f 991/78/78 961/78/78 944/78/78
f 962/78/78 943/78/78 992/78/78
f 958/78/79 988/78/79 959/78/79
f 990/78/79 957/78/79 960/78/79
f 945/78/80 944/78/80 987/78/80
f 943/78/80 951/78/80 992/78/80
f 1003/78/80 995/78/80 1004/78/80
f 1005/78/82 997/78/82 1010/78/82
f 996/78/83 1009/78/83 995/78/83
f 998/78/77 1004/78/77 997/78/77
f 1000/78/77 994/78/77 999/78/77
f 1002/78/83 1011/78/83 1001/78/83
f 1007/78/82 999/78/82 1008/78/82
f 994/78/80 1002/78/80 1001/78/80
f 1009/78/75 937/78/75 962/78/75
f 997/78/19 951/78/19 960/78/19
f 1005/78/74 957/78/74 935/78/74
f 1012/78/15 944/78/15 961/78/15
f 947/78/19 1011/78/19 946/78/19
f 936/78/15 1005/78/15 935/78/15
f 992/78/19 1009/78/19 962/78/19
f 984/78/19 1001/78/19 947/78/19
f 933/78/15 998/78/15 936/78/15
f 959/78/15 1007/78/15 958/78/15
f 999/78/19 984/78/19 985/78/19
f 996/78/15 933/78/15 934/78/15
f 1022/63/43 1020/93/43 1019/63/43
f 1027/74/40 1015/37/40 1014/74/40
f 1025/43/45 1017/36/45 1016/43/45
f 1015/37/39 1025/43/39 1016/43/39
f 1021/76/42 1013/90/42 1020/76/42
f 1024/36/46 1018/66/46 1017/36/46
f 1023/66/44 1019/63/44 1018/66/44
f 1015/95/19 1017/94/19 1019/114/19
f 1028/90/41 1014/74/41 1013/90/41
f 1021/76/15 1023/66/15 1025/43/15
f 1029/60/19 1032/91/19 1030/47/19
f 1035/55/84 1032/91/84 1031/59/84
f 1033/30/15 1036/54/15 1035/55/15
f 1029/37/85 1034/39/85 1033/30/85
f 1029/45/86 1035/55/86 1031/56/86
f 1043/63/43 1045/93/43 1044/93/43
f 1051/74/40 1039/37/40 1038/74/40
f 1049/43/45 1041/36/45 1040/43/45
f 1039/37/39 1049/43/39 1040/43/39
f 1045/76/42 1037/90/42 1044/76/42
f 1048/36/46 1042/66/46 1041/36/46
f 1047/66/44 1043/63/44 1042/66/44
f 1039/95/19 1041/94/19 1043/114/19
f 1052/90/41 1038/74/41 1037/90/41
f 1045/76/15 1047/66/15 1049/43/15
f 1062/63/43 1060/93/43 1059/63/43
f 1067/74/40 1055/37/40 1054/74/40
f 1065/43/45 1057/36/45 1056/43/45
f 1055/37/39 1065/43/39 1056/43/39
f 1061/76/42 1053/90/42 1060/76/42
f 1064/36/46 1058/66/46 1057/36/46
f 1063/66/44 1059/63/44 1058/66/44
f 1055/95/19 1057/94/19 1059/114/19
f 1068/90/41 1054/74/41 1053/90/41
f 1061/76/15 1063/66/15 1065/43/15
f 1093/60/17 1096/60/17 1095/60/17
f 1096/60/17 1094/60/17 1095/60/17
f 1097/59/38 1100/59/38 1099/59/38
f 1100/59/38 1098/59/38 1099/59/38
f 1149/60/38 1152/60/38 1151/60/38
f 1152/60/38 1150/60/38 1151/60/38
f 1153/59/17 1156/59/17 1155/59/17
f 1156/59/17 1154/59/17 1155/59/17
f 1076/116/87 1089/117/87 1087/118/87
f 1077/119/88 1088/120/88 1089/117/88
f 1091/121/89 1080/57/89 1078/122/89
f 1092/123/90 1079/124/90 1080/125/90
f 1082/126/91 1071/45/91 1069/127/91
f 1083/128/92 1070/129/92 1071/37/92
f 1073/130/93 1086/131/93 1084/132/93
f 1074/36/94 1085/133/94 1086/131/94
f 1098/134/95 1096/92/95 1093/135/95
f 1100/59/96 1094/60/96 1096/60/96
f 1108/116/87 1121/117/87 1119/118/87
f 1109/119/97 1120/120/97 1121/117/97
f 1123/121/89 1112/57/89 1110/122/89
f 1124/123/90 1111/124/90 1112/125/90
f 1114/126/91 1103/45/91 1101/127/91
f 1115/128/92 1102/129/92 1103/37/92
f 1105/130/93 1118/131/93 1116/132/93
f 1106/36/98 1117/133/98 1118/131/98
f 1132/136/99 1145/117/99 1143/120/99
f 1133/56/100 1144/118/100 1145/117/100
f 1147/137/101 1136/138/101 1134/124/101
f 1148/123/102 1135/122/102 1136/57/102
f 1138/139/103 1127/37/103 1125/129/103
f 1139/140/104 1126/127/104 1127/45/104
f 1129/141/105 1142/142/105 1140/143/105
f 1130/92/106 1141/132/106 1142/142/106
f 1154/59/96 1152/60/96 1149/60/96
f 1156/57/107 1150/144/107 1152/92/107
f 1164/136/108 1177/117/108 1175/120/108
f 1165/56/100 1176/118/100 1177/117/100
f 1179/145/101 1168/138/101 1166/124/101
f 1180/123/109 1167/122/109 1168/57/109
f 1170/139/103 1159/37/103 1157/129/103
f 1171/140/110 1158/127/110 1159/45/110
f 1161/141/111 1174/142/111 1172/143/111
f 1162/92/106 1173/132/106 1174/142/106
f 1188/146/112 1201/147/112 1199/148/112
f 1189/56/113 1200/149/113 1201/147/113
f 1203/150/114 1192/151/114 1190/152/114
f 1204/153/115 1191/154/115 1192/57/115
f 1194/155/116 1183/37/116 1181/156/116
f 1195/157/117 1182/158/117 1183/45/117
f 1185/159/118 1198/160/118 1196/161/118
f 1186/92/119 1197/162/119 1198/160/119
f 1212/146/112 1225/147/112 1223/148/112
f 1213/56/113 1224/149/113 1225/147/113
f 1227/150/114 1216/151/114 1214/163/114
f 1228/153/115 1215/154/115 1216/57/115
f 1218/155/116 1207/37/116 1205/156/116
f 1219/157/117 1206/158/117 1207/45/117
f 1209/159/118 1222/160/118 1220/161/118
f 1210/92/119 1221/162/119 1222/160/119
f 1087/118/120 1069/127/120 1076/116/120
f 1072/164/19 1080/125/19 1076/165/19
f 1085/133/121 1070/129/121 1081/139/121
f 1078/122/122 1084/132/122 1091/121/122
f 1079/124/123 1088/120/123 1075/136/123
f 1090/145/15 1086/131/15 1082/126/15
f 1095/37/17 360/37/17 358/37/17
f 354/39/17 1095/166/17 351/37/17
f 1097/59/26 360/60/26 1094/60/26
f 1098/134/124 354/39/124 356/54/124
f 1099/59/38 357/59/38 359/59/38
f 1099/167/38 356/54/38 355/55/38
f 1119/118/120 1101/127/120 1108/116/120
f 1104/164/19 1112/125/19 1108/165/19
f 1117/133/121 1102/129/121 1113/139/121
f 1110/122/122 1116/132/122 1123/121/122
f 1111/124/123 1120/120/123 1107/136/123
f 1122/145/15 1118/131/15 1114/126/15
f 1126/127/125 1144/118/125 1131/116/125
f 1131/165/19 1136/138/19 1129/164/19
f 1125/129/126 1140/143/126 1138/139/126
f 1141/132/127 1135/122/127 1146/121/127
f 1143/120/128 1134/124/128 1132/136/128
f 1137/126/15 1142/142/15 1147/137/15
f 679/37/38 1149/37/38 1151/37/38
f 675/39/124 1153/168/124 677/54/124
f 672/37/38 1150/169/38 675/39/38
f 681/60/26 1154/59/26 1149/60/26
f 676/55/17 1153/170/17 1155/171/17
f 1154/59/17 678/59/17 673/59/17
f 1158/127/125 1176/118/125 1163/116/125
f 1163/165/19 1168/138/19 1161/164/19
f 1157/129/126 1172/143/126 1170/139/126
f 1173/132/127 1167/122/127 1178/121/127
f 1175/120/128 1166/124/128 1164/136/128
f 1169/126/15 1174/142/15 1179/145/15
f 1182/158/129 1200/149/129 1187/172/129
f 1187/173/19 1192/151/19 1185/174/19
f 1181/156/130 1196/161/130 1194/155/130
f 1197/162/131 1191/154/131 1202/175/131
f 1199/148/132 1190/152/132 1188/146/132
f 1193/126/15 1198/160/15 1203/150/15
f 1206/158/129 1224/149/129 1211/172/129
f 1211/173/19 1216/151/19 1209/174/19
f 1205/156/133 1220/161/133 1218/155/133
f 1221/162/131 1215/154/131 1226/175/131
f 1223/148/132 1214/163/132 1212/146/132
f 1217/126/15 1222/160/15 1227/150/15
f 1231/30/19 1262/29/19 1261/31/19
f 1516/33/16 1260/32/16 1518/34/16
f 1515/35/17 1230/36/17 1516/112/17
f 1262/29/16 1517/38/16 1519/105/16
f 1366/41/19 1240/40/19 1367/42/19
f 1365/43/17 1236/39/17 1366/41/17
f 1233/45/18 1239/44/18 1237/46/18
f 1244/48/15 1234/47/15 1238/48/15
f 1240/40/16 1256/32/16 1258/29/16
f 1237/46/18 1257/31/18 1255/49/18
f 1367/42/19 1258/29/19 1368/50/19
f 1328/37/17 1365/43/17 1233/37/17
f 1242/39/16 1244/51/16 1241/40/16
f 1241/40/20 1238/51/20 1240/40/20
f 1242/39/19 1240/40/19 1236/39/19
f 1243/36/21 1236/39/21 1234/36/21
f 1251/52/15 1252/53/15 1246/47/15
f 1253/54/19 1254/41/19 1249/39/19
f 1251/43/22 1249/39/22 1254/41/22
f 1245/45/18 1250/55/18 1247/56/18
f 1249/39/16 1252/57/16 1253/54/16
f 1245/37/23 1254/41/23 1248/30/23
f 1248/30/19 1253/58/19 1250/55/19
f 1250/55/24 1252/53/24 1247/59/24
f 1245/60/15 1252/53/15 1251/52/15
f 1329/47/134 1238/48/134 1234/47/134
f 1259/61/135 1230/47/135 1229/60/135
f 1296/64/34 1268/93/34 1295/62/34
f 1297/65/33 1270/63/33 1296/64/33
f 1298/67/32 1272/66/32 1297/65/32
f 1299/68/31 1274/36/31 1298/67/31
f 1300/69/30 1276/43/30 1299/68/30
f 1301/70/29 1278/37/29 1300/69/29
f 1276/72/17 1280/71/17 1268/113/17
f 1302/75/28 1280/74/28 1301/70/28
f 1302/75/27 1268/76/27 1282/90/27
f 1283/45/136 1287/55/136 1284/56/136
f 1289/56/137 1283/45/137 1284/56/137
f 1291/56/18 1290/45/18 1289/56/18
f 1293/54/138 1286/39/138 1288/54/138
f 1287/55/38 1293/54/38 1288/54/38
f 1286/39/17 1294/39/17 1285/30/17
f 1301/70/17 1317/75/17 1302/75/17
f 1277/78/38 1310/78/38 1275/78/38
f 1302/75/17 1318/77/17 1295/77/17
f 1318/62/17 1296/64/17 1295/62/17
f 1316/78/38 1279/78/38 1281/78/38
f 1271/78/38 1304/78/38 1269/78/38
f 1305/64/17 1297/65/17 1296/64/17
f 1297/65/17 1309/67/17 1298/67/17
f 1303/79/27 1317/75/27 1316/56/27
f 1316/56/28 1315/70/28 1314/80/28
f 1314/80/29 1313/69/29 1312/55/29
f 1312/55/30 1311/68/30 1310/58/30
f 1310/58/31 1309/67/31 1308/54/31
f 1308/54/32 1307/65/32 1306/81/32
f 1306/81/33 1305/64/33 1304/57/33
f 1304/57/34 1318/62/34 1303/82/34
f 1308/78/38 1271/78/38 1273/78/38
f 1303/78/38 1281/78/38 1267/78/38
f 1313/69/17 1301/70/17 1300/69/17
f 1269/78/38 1303/78/38 1267/78/38
f 1311/68/17 1300/69/17 1299/68/17
f 1279/78/38 1312/78/38 1277/78/38
f 1298/67/17 1311/68/17 1299/68/17
f 1310/78/38 1273/78/38 1275/78/38
f 1324/78/38 1265/78/38 1263/78/38
f 1320/78/38 1263/78/38 1264/78/38
f 1324/61/15 1319/83/15 1325/84/15
f 1326/85/16 1320/32/16 1323/29/16
f 1324/49/18 1321/86/18 1322/31/18
f 1321/86/19 1323/29/19 1322/31/19
f 1322/78/38 1266/78/38 1265/78/38
f 1323/78/38 1264/78/38 1266/78/38
f 1370/88/15 1329/47/15 1369/52/15
f 1371/89/15 1331/48/15 1370/88/15
f 1365/43/17 1329/36/17 1234/36/17
f 1331/51/134 1256/32/134 1238/51/134
f 1330/49/18 1237/46/18 1255/49/18
f 1327/46/18 1233/45/18 1237/46/18
f 1353/37/19 1359/36/19 1360/37/19
f 1336/79/39 1350/90/39 1349/56/39
f 1355/57/15 1364/54/15 1363/57/15
f 1349/56/40 1348/74/40 1347/80/40
f 1475/54/18 1353/54/18 1333/54/18
f 1347/80/41 1346/37/41 1345/55/41
f 1359/59/16 1361/47/16 1357/60/16
f 1345/55/42 1344/43/42 1343/58/42
f 1364/55/18 1358/91/18 1362/59/18
f 1343/58/43 1342/36/43 1341/54/43
f 1356/59/16 1363/91/16 1359/59/16
f 1341/54/44 1340/66/44 1339/81/44
f 1480/60/16 1359/59/16 1357/60/16
f 1485/39/15 1361/92/15 1362/39/15
f 1337/57/45 1335/93/45 1336/82/45
f 1362/39/15 1363/57/15 1364/54/15
f 1339/81/46 1338/63/46 1337/57/46
f 1345/95/15 1341/94/15 1337/114/15
f 1376/78/38 1330/78/38 1371/78/38
f 1328/37/17 1377/43/17 1369/43/17
f 1239/44/19 1368/50/19 1257/31/19
f 1233/37/17 1366/41/17 1235/30/17
f 1235/30/19 1367/42/19 1239/44/19
f 1374/97/15 1375/88/15 1372/98/15
f 1372/98/15 1377/52/15 1373/60/15
f 1377/52/139 1370/88/139 1369/52/139
f 1374/49/18 1327/46/18 1330/49/18
f 1372/46/18 1328/45/18 1327/46/18
f 1375/88/139 1371/89/139 1370/88/139
f 1393/100/17 1387/99/17 1386/100/17
f 1384/55/38 1381/91/38 1380/59/38
f 1378/37/17 1383/39/17 1382/30/17
f 1386/101/18 1382/30/18 1388/104/18
f 1383/39/16 1387/102/16 1389/103/16
f 1389/103/16 1381/57/16 1385/54/16
f 1380/56/18 1388/104/18 1384/55/18
f 1386/100/15 1379/47/15 1378/60/15
f 1392/59/15 1390/99/15 1393/100/15
f 1391/91/38 1380/59/38 1381/91/38
f 1392/56/18 1386/101/18 1380/56/18
f 1390/102/16 1381/57/16 1387/102/16
f 1395/79/39 1409/90/39 1408/56/39
f 1408/56/40 1407/74/40 1406/80/40
f 1406/80/41 1405/37/41 1404/55/41
f 1404/55/42 1403/43/42 1402/58/42
f 1402/58/43 1401/36/43 1400/54/43
f 1400/54/44 1399/66/44 1398/81/44
f 1396/57/45 1394/93/45 1395/82/45
f 1398/81/46 1397/63/46 1396/57/46
f 1404/95/15 1400/94/15 1396/114/15
f 1415/95/15 1419/94/15 1423/114/15
f 1421/81/46 1422/63/46 1423/57/46
f 1423/57/45 1425/93/45 1424/82/45
f 1419/54/44 1420/66/44 1421/81/44
f 1417/58/43 1418/36/43 1419/54/43
f 1415/55/42 1416/43/42 1417/58/42
f 1413/80/41 1414/37/41 1415/55/41
f 1411/56/40 1412/74/40 1413/80/40
f 1424/79/39 1410/90/39 1411/56/39
f 1431/95/15 1435/94/15 1439/114/15
f 1437/81/46 1438/63/46 1439/57/46
f 1439/57/45 1441/93/45 1440/82/45
f 1435/54/44 1436/66/44 1437/81/44
f 1433/58/43 1434/36/43 1435/54/43
f 1431/55/42 1432/43/42 1433/58/42
f 1429/80/41 1430/37/41 1431/55/41
f 1427/56/40 1428/74/40 1429/80/40
f 1440/79/39 1426/90/39 1427/56/39
f 1443/79/39 1457/90/39 1456/56/39
f 1456/56/40 1455/74/40 1454/80/40
f 1454/80/41 1453/37/41 1452/55/41
f 1452/55/42 1451/43/42 1450/58/42
f 1450/58/43 1449/36/43 1448/54/43
f 1448/54/44 1447/66/44 1446/81/44
f 1444/57/45 1442/93/45 1443/82/45
f 1446/81/46 1445/63/46 1444/57/46
f 1452/95/15 1448/94/15 1444/114/15
f 1463/95/15 1467/94/15 1471/114/15
f 1469/81/46 1470/63/46 1471/57/46
f 1471/57/45 1473/93/45 1472/82/45
f 1467/54/44 1468/66/44 1469/81/44
f 1465/58/43 1466/36/43 1467/54/43
f 1463/55/42 1464/43/42 1465/58/42
f 1461/80/41 1462/37/41 1463/55/41
f 1459/56/40 1460/74/40 1461/80/40
f 1472/79/39 1458/90/39 1459/56/39
f 1354/55/18 1360/54/18 1364/55/18
f 1352/30/17 1334/54/17 1333/55/17
f 1351/57/15 1354/54/15 1355/57/15
f 1334/59/16 1355/91/16 1356/59/16
f 1352/55/18 1353/54/18 1354/55/18
f 1475/37/19 1476/36/19 1477/37/19
f 1479/37/19 1480/39/19 1481/30/19
f 1478/36/17 1360/37/17 1359/36/17
f 1477/37/38 1356/36/38 1353/37/38
f 1479/54/18 1358/91/18 1360/54/18
f 1474/54/17 1333/55/17 1334/54/17
f 1476/59/16 1334/59/16 1356/59/16
f 1481/45/38 1357/30/38 1358/45/38
f 1483/45/38 1484/55/38 1485/56/38
f 1484/47/16 1357/60/16 1361/47/16
f 1483/91/18 1362/59/18 1358/91/18
f 1482/30/19 1358/45/19 1357/30/19
f 1488/59/140 1487/47/140 1486/60/140
f 1494/37/17 1499/39/17 1498/30/17
f 1496/59/141 1495/47/141 1494/60/141
f 1486/37/17 1491/39/17 1490/30/17
f 1486/45/18 1492/55/18 1488/56/18
f 1493/54/16 1487/92/16 1489/57/16
f 1494/45/18 1500/55/18 1496/56/18
f 1501/54/16 1495/92/16 1497/57/16
f 1502/37/17 1507/39/17 1506/30/17
f 1504/59/140 1503/47/140 1502/60/140
f 1502/45/18 1508/55/18 1504/56/18
f 1509/54/16 1503/92/16 1505/57/16
f 1513/105/50 1511/33/50 1512/34/50
f 1514/106/18 1261/31/18 1520/107/18
f 1259/49/18 1515/108/18 1521/111/18
f 1514/109/142 1510/110/142 1517/110/142
f 1513/78/17 1518/78/17 1519/78/17
f 1522/78/17 1520/78/17 1521/78/17
f 1231/30/17 1517/110/17 1232/39/17
f 1522/111/52 1524/106/52 1523/107/52
f 1511/112/143 1524/109/143 1525/35/143
f 1525/108/19 1521/111/19 1515/108/19
f 1520/107/15 1524/106/15 1514/106/15
f 1510/38/15 1519/105/15 1517/38/15
f 1518/34/19 1511/33/19 1516/33/19
f 1516/112/144 1525/35/144 1515/35/144
f 1551/63/45 1541/93/45 1538/63/45
f 1556/74/41 1531/37/41 1529/74/41
f 1554/43/43 1535/36/43 1533/43/43
f 1531/37/42 1554/43/42 1533/43/42
f 1550/76/39 1526/90/39 1541/76/39
f 1553/36/44 1536/66/44 1535/36/44
f 1552/66/46 1538/63/46 1536/66/46
f 1531/95/15 1535/94/15 1538/114/15
f 1537/95/15 1532/94/15 1528/114/15
f 1530/66/46 1543/63/46 1528/63/46
f 1545/36/44 1530/66/44 1532/36/44
f 1542/76/39 1540/90/39 1527/76/39
f 1537/37/42 1546/43/42 1534/43/42
f 1546/43/43 1532/36/43 1534/43/43
f 1548/74/41 1537/37/41 1539/74/41
f 1543/63/45 1527/93/45 1528/63/45
f 1549/90/40 1539/74/40 1540/90/40
f 1542/76/19 1544/66/19 1546/43/19
f 1557/90/40 1529/74/40 1526/90/40
f 1550/76/19 1552/66/19 1554/43/19
f 1559/47/15 1562/60/15 1558/60/15
f 1560/30/19 1567/85/19 1569/86/19
f 1558/45/18 1569/86/18 1566/87/18
f 1567/85/16 1559/92/16 1568/115/16
f 1562/37/17 1564/39/17 1565/30/17
f 1562/45/55 1560/30/55 1558/45/55
f 1564/39/56 1559/92/56 1561/39/56
f 1565/30/19 1561/39/19 1560/30/19
f 1566/84/15 1559/47/15 1558/60/15
f 1326/85/17 1325/87/17 1319/87/17
f 1262/29/19 1572/30/19 1261/31/19
f 1260/32/16 1817/33/16 1518/34/16
f 1816/35/38 1571/36/38 1570/37/38
f 1262/29/16 1818/38/16 1573/39/16
f 1581/40/19 1673/41/19 1674/42/19
f 1577/39/38 1672/43/38 1673/41/38
f 1580/44/18 1574/45/18 1578/46/18
f 1575/47/15 1585/48/15 1579/48/15
f 1256/32/16 1581/40/16 1258/29/16
f 1257/31/18 1578/46/18 1255/49/18
f 1258/29/19 1674/42/19 1368/50/19
f 1672/43/38 1637/37/38 1574/37/38
f 1585/51/16 1583/39/16 1582/40/16
f 1579/51/21 1582/40/21 1581/40/21
f 1581/40/19 1583/39/19 1577/39/19
f 1577/39/20 1584/36/20 1575/36/20
f 1592/52/15 1587/47/15 1593/53/15
f 1594/54/19 1590/39/19 1595/41/19
f 1590/39/57 1592/43/57 1595/41/57
f 1591/55/18 1586/45/18 1588/56/18
f 1593/57/16 1590/39/16 1594/54/16
f 1595/41/58 1586/37/58 1589/30/58
f 1594/58/19 1589/30/19 1591/55/19
f 1593/53/59 1591/55/59 1588/59/59
f 1586/60/15 1593/53/15 1588/59/15
f 1579/48/134 1638/47/134 1575/47/134
f 1571/47/135 1259/61/135 1570/60/135
f 1616/62/34 1597/63/34 1617/64/34
f 1597/63/33 1618/65/33 1617/64/33
f 1598/66/32 1619/67/32 1618/65/32
f 1599/36/31 1620/68/31 1619/67/31
f 1600/43/30 1621/69/30 1620/68/30
f 1601/37/29 1622/70/29 1621/69/29
f 1602/71/38 1600/72/38 1598/73/38
f 1602/74/28 1623/75/28 1622/70/28
f 1623/75/27 1596/76/27 1616/77/27
f 1608/55/136 1604/45/136 1605/56/136
f 1604/45/137 1610/56/137 1605/56/137
f 1611/45/18 1612/56/18 1610/56/18
f 1607/39/138 1614/54/138 1609/54/138
f 1608/55/17 1609/54/17 1614/54/17
f 1607/39/38 1606/30/38 1615/39/38
f 1622/70/38 1630/75/38 1629/70/38
f 1623/75/38 1631/77/38 1630/75/38
f 1617/64/38 1631/62/38 1616/62/38
f 1618/65/38 1624/64/38 1617/64/38
f 1618/65/38 1626/67/38 1625/65/38
f 1630/75/27 1303/79/27 1316/56/27
f 1629/70/28 1316/56/28 1314/80/28
f 1628/69/29 1314/80/29 1312/55/29
f 1627/68/30 1312/55/30 1310/58/30
f 1626/67/31 1310/58/31 1308/54/31
f 1625/65/32 1308/54/32 1306/81/32
f 1624/64/33 1306/81/33 1304/57/33
f 1631/62/34 1304/57/34 1303/82/34
f 1622/70/38 1628/69/38 1621/69/38
f 1621/69/38 1627/68/38 1620/68/38
f 1619/67/38 1627/68/38 1626/67/38
f 1632/83/15 1324/61/15 1634/84/15
f 1320/32/16 1635/85/16 1323/29/16
f 1324/49/18 1633/86/18 1634/87/18
f 1323/29/19 1633/86/19 1322/31/19
f 1638/47/15 1676/88/15 1675/52/15
f 1639/48/15 1371/89/15 1676/88/15
f 1672/43/38 1638/36/38 1675/43/38
f 1256/32/134 1639/51/134 1579/51/134
f 1578/46/18 1330/49/18 1255/49/18
f 1574/45/18 1636/46/18 1578/46/18
f 1666/36/19 1660/37/19 1667/37/19
f 1657/90/42 1643/79/42 1656/56/42
f 1671/54/15 1662/57/15 1670/57/15
f 1655/74/41 1656/56/41 1654/80/41
f 1660/54/18 1778/54/18 1640/54/18
f 1653/37/40 1654/80/40 1652/55/40
f 1668/47/16 1666/59/16 1664/60/16
f 1651/43/39 1652/55/39 1650/58/39
f 1665/91/18 1671/55/18 1669/59/18
f 1649/36/45 1650/58/45 1648/54/45
f 1670/91/16 1663/59/16 1666/59/16
f 1647/66/46 1648/54/46 1646/81/46
f 1666/59/16 1783/60/16 1664/60/16
f 1668/92/15 1788/39/15 1669/39/15
f 1642/93/43 1644/57/43 1643/82/43
f 1670/57/15 1669/39/15 1671/54/15
f 1645/63/44 1646/81/44 1644/57/44
f 1648/94/15 1652/95/15 1656/96/15
f 1637/37/38 1680/43/38 1678/37/38
f 1368/50/19 1580/44/19 1257/31/19
f 1673/41/38 1574/37/38 1576/30/38
f 1674/42/19 1576/30/19 1580/44/19
f 1679/88/15 1374/97/15 1677/98/15
f 1680/52/15 1677/98/15 1678/60/15
f 1676/88/139 1680/52/139 1675/52/139
f 1636/46/18 1374/49/18 1330/49/18
f 1637/45/18 1677/46/18 1636/46/18
f 1371/89/139 1679/88/139 1676/88/139
f 1690/99/38 1696/100/38 1689/100/38
f 1684/91/17 1687/55/17 1683/59/17
f 1686/39/38 1681/37/38 1685/30/38
f 1689/101/18 1685/30/18 1681/45/18
f 1690/102/16 1686/39/16 1692/103/16
f 1684/57/16 1692/103/16 1688/54/16
f 1683/56/18 1691/104/18 1689/101/18
f 1682/47/15 1689/100/15 1681/60/15
f 1693/99/15 1695/59/15 1696/100/15
f 1683/59/17 1694/91/17 1684/91/17
f 1689/101/18 1695/56/18 1683/56/18
f 1684/57/16 1693/102/16 1690/102/16
f 1712/90/42 1698/79/42 1711/56/42
f 1710/74/41 1711/56/41 1709/80/41
f 1708/37/40 1709/80/40 1707/55/40
f 1706/43/39 1707/55/39 1705/58/39
f 1704/36/45 1705/58/45 1703/54/45
f 1702/66/46 1703/54/46 1701/81/46
f 1697/93/43 1699/57/43 1698/82/43
f 1700/63/44 1701/81/44 1699/57/44
f 1703/94/15 1707/95/15 1711/96/15
f 1722/94/15 1718/95/15 1714/96/15
f 1725/63/44 1724/81/44 1726/57/44
f 1728/93/43 1726/57/43 1727/82/43
f 1723/66/46 1722/54/46 1724/81/46
f 1721/36/45 1720/58/45 1722/54/45
f 1719/43/39 1718/55/39 1720/58/39
f 1717/37/40 1716/80/40 1718/55/40
f 1715/74/41 1714/56/41 1716/80/41
f 1713/90/42 1727/79/42 1714/56/42
f 1738/94/15 1734/95/15 1730/96/15
f 1741/63/44 1740/81/44 1742/57/44
f 1744/93/43 1742/57/43 1743/82/43
f 1739/66/46 1738/54/46 1740/81/46
f 1737/36/45 1736/58/45 1738/54/45
f 1735/43/39 1734/55/39 1736/58/39
f 1733/37/40 1732/80/40 1734/55/40
f 1731/74/41 1730/56/41 1732/80/41
f 1729/90/42 1743/79/42 1730/56/42
f 1760/90/42 1746/79/42 1759/56/42
f 1758/74/41 1759/56/41 1757/80/41
f 1756/37/40 1757/80/40 1755/55/40
f 1754/43/39 1755/55/39 1753/58/39
f 1752/36/45 1753/58/45 1751/54/45
f 1750/66/46 1751/54/46 1749/81/46
f 1745/93/43 1747/57/43 1746/82/43
f 1748/63/44 1749/81/44 1747/57/44
f 1751/94/15 1755/95/15 1759/96/15
f 1770/94/15 1766/95/15 1762/96/15
f 1773/63/44 1772/81/44 1774/57/44
f 1776/93/43 1774/57/43 1775/82/43
f 1771/66/46 1770/54/46 1772/81/46
f 1769/36/45 1768/58/45 1770/54/45
f 1767/43/39 1766/55/39 1768/58/39
f 1765/37/40 1764/80/40 1766/55/40
f 1763/74/41 1762/56/41 1764/80/41
f 1761/90/42 1775/79/42 1762/56/42
f 1667/54/18 1661/55/18 1671/55/18
f 1641/54/38 1659/30/38 1640/55/38
f 1661/54/15 1658/57/15 1662/57/15
f 1662/91/16 1641/59/16 1663/59/16
f 1660/54/18 1659/55/18 1661/55/18
f 1779/36/19 1778/37/19 1780/37/19
f 1783/39/19 1782/37/19 1784/30/19
f 1667/37/38 1781/36/38 1666/36/38
f 1663/36/17 1780/37/17 1660/37/17
f 1665/91/18 1782/54/18 1667/54/18
f 1640/55/38 1777/54/38 1641/54/38
f 1641/59/16 1779/59/16 1663/59/16
f 1664/30/17 1784/45/17 1665/45/17
f 1787/55/17 1786/45/17 1788/56/17
f 1664/60/16 1787/47/16 1668/47/16
f 1669/59/18 1786/91/18 1665/91/18
f 1665/45/19 1785/30/19 1664/30/19
f 1790/47/145 1791/59/145 1789/60/145
f 1802/39/38 1797/37/38 1801/30/38
f 1798/47/146 1799/59/146 1797/60/146
f 1794/39/38 1789/37/38 1793/30/38
f 1795/55/18 1789/45/18 1791/56/18
f 1796/54/16 1790/92/16 1794/39/16
f 1803/55/18 1797/45/18 1799/56/18
f 1804/54/16 1798/92/16 1802/39/16
f 1810/39/38 1805/37/38 1809/30/38
f 1806/47/145 1807/59/145 1805/60/145
f 1811/55/18 1805/45/18 1807/56/18
f 1812/54/16 1806/92/16 1810/39/16
f 1814/33/62 1513/105/62 1512/34/62
f 1261/31/18 1815/106/18 1520/107/18
f 1259/49/18 1816/108/18 1570/45/18
f 1815/109/147 1813/110/147 1819/109/147
f 1572/30/38 1818/110/38 1815/109/38
f 1819/106/64 1522/111/64 1523/107/64
f 1814/112/148 1819/109/148 1813/110/148
f 1521/111/19 1820/108/19 1816/108/19
f 1520/107/15 1819/106/15 1523/107/15
f 1519/105/15 1813/38/15 1818/38/15
f 1518/34/19 1814/33/19 1512/34/19
f 1817/112/149 1820/35/149 1814/112/149
f 1836/93/43 1846/63/43 1833/63/43
f 1826/37/40 1851/74/40 1824/74/40
f 1830/36/45 1849/43/45 1828/43/45
f 1826/37/39 1849/43/39 1850/37/39
f 1821/90/42 1845/76/42 1836/76/42
f 1831/66/46 1848/36/46 1830/36/46
f 1833/63/44 1847/66/44 1831/66/44
f 1830/94/15 1826/95/15 1821/96/15
f 1827/94/15 1832/95/15 1835/96/15
f 1825/66/44 1838/63/44 1839/66/44
f 1825/66/46 1840/36/46 1827/36/46
f 1835/90/42 1837/76/42 1822/76/42
f 1832/37/39 1841/43/39 1842/37/39
f 1827/36/45 1841/43/45 1829/43/45
f 1832/37/40 1843/74/40 1834/74/40
f 1822/93/43 1838/63/43 1823/63/43
f 1834/74/41 1844/90/41 1835/90/41
f 1839/66/19 1837/76/19 1843/74/19
f 1824/74/41 1852/90/41 1821/90/41
f 1847/66/19 1845/76/19 1851/74/19
f 1854/47/15 1857/60/15 1858/47/15
f 1862/85/19 1855/30/19 1864/86/19
f 1864/86/18 1853/45/18 1861/87/18
f 1862/85/16 1854/92/16 1856/39/16
f 1859/39/38 1857/37/38 1860/30/38
f 1855/30/67 1857/45/67 1853/45/67
f 1854/92/68 1859/39/68 1856/39/68
f 1856/39/19 1860/30/19 1855/30/19
f 1854/47/15 1861/84/15 1853/60/15
f 1634/87/38 1635/85/38 1632/87/38
f 1886/78/69 1902/78/69 1903/78/69
f 1888/78/70 1898/78/70 1899/78/70
f 1885/78/71 1896/78/71 1902/78/71
f 1887/78/72 1903/78/72 1898/78/72
f 1912/78/73 1884/78/73 1909/78/73
f 1919/78/19 1932/78/19 1925/78/19
f 1883/78/15 1927/78/15 1936/78/15
f 1881/78/74 1939/78/74 1890/78/74
f 1893/78/75 1943/78/75 1878/78/75
f 1899/78/76 1906/78/76 1888/78/76
f 1885/78/19 1909/78/19 1884/78/19
f 1873/78/15 1880/78/15 1872/78/15
f 1886/78/19 1908/78/19 1885/78/19
f 1873/78/15 1914/78/15 1915/78/15
f 1886/78/19 1905/78/19 1907/78/19
f 1871/78/15 1911/78/15 1870/78/15
f 1900/78/76 1913/78/76 1899/78/76
f 1918/78/73 1896/78/73 1912/78/73
f 1870/78/76 1910/78/76 1900/78/76
f 1887/78/19 1906/78/19 1905/78/19
f 1872/78/15 1882/78/15 1871/78/15
f 1914/78/73 1895/78/73 1918/78/73
f 1919/78/19 1934/78/19 1876/78/19
f 1877/78/77 1922/78/77 1920/78/77
f 1866/78/19 1938/78/19 1869/78/19
f 1918/78/78 1875/78/78 1923/78/78
f 1917/78/15 1940/78/15 1881/78/15
f 1910/78/79 1922/78/79 1913/78/79
f 1892/78/15 1942/78/15 1889/78/15
f 1877/78/80 1875/78/80 1921/78/80
f 1897/78/72 1872/78/72 1871/78/72
f 1898/78/72 1904/78/72 1897/78/72
f 1901/78/71 1874/78/71 1873/78/71
f 1902/78/71 1895/78/71 1901/78/71
f 1900/78/70 1871/78/70 1870/78/70
f 1900/78/70 1898/78/70 1897/78/70
f 1872/78/69 1901/78/69 1873/78/69
f 1904/78/69 1902/78/69 1901/78/69
f 1867/78/81 1905/78/81 1906/78/81
f 1865/78/77 1905/78/77 1868/78/77
f 1866/78/80 1907/78/80 1865/78/80
f 1869/78/78 1908/78/78 1866/78/78
f 1890/78/81 1911/78/81 1881/78/81
f 1894/78/78 1909/78/78 1869/78/78
f 1867/78/150 1913/78/150 1889/78/150
f 1878/78/78 1915/78/78 1914/78/78
f 1916/78/80 1915/78/80 1879/78/80
f 1917/78/77 1880/78/77 1916/78/77
f 1881/78/81 1882/78/81 1917/78/81
f 1878/78/78 1918/78/78 1893/78/78
f 1919/78/77 1920/78/77 1891/78/77
f 1892/78/77 1921/78/77 1883/78/77
f 1893/78/78 1923/78/78 1876/78/78
f 1894/78/78 1875/78/78 1912/78/78
f 1890/78/79 1920/78/79 1910/78/79
f 1889/78/79 1922/78/79 1892/78/79
f 1919/78/80 1923/78/80 1877/78/80
f 1883/78/80 1875/78/80 1924/78/80
f 1927/78/80 1935/78/80 1936/78/80
f 1929/78/82 1937/78/82 1942/78/82
f 1941/78/83 1928/78/83 1927/78/83
f 1936/78/77 1930/78/77 1929/78/77
f 1926/78/77 1932/78/77 1931/78/77
f 1943/78/83 1934/78/83 1933/78/83
f 1931/78/82 1939/78/82 1940/78/82
f 1926/78/80 1934/78/80 1925/78/80
f 1869/78/75 1941/78/75 1894/78/75
f 1883/78/15 1929/78/15 1892/78/15
f 1889/78/74 1937/78/74 1867/78/74
f 1876/78/19 1944/78/19 1893/78/19
f 1879/78/15 1943/78/15 1933/78/15
f 1868/78/19 1937/78/19 1930/78/19
f 1924/78/15 1941/78/15 1927/78/15
f 1916/78/15 1933/78/15 1926/78/15
f 1865/78/19 1930/78/19 1935/78/19
f 1891/78/19 1939/78/19 1932/78/19
f 1916/78/15 1931/78/15 1917/78/15
f 1865/78/19 1928/78/19 1866/78/19
f 1952/93/43 1954/63/43 1951/63/43
f 1947/37/40 1959/74/40 1946/74/40
f 1949/36/45 1957/43/45 1948/43/45
f 1947/37/39 1957/43/39 1958/37/39
f 1945/90/42 1953/76/42 1952/76/42
f 1950/66/46 1956/36/46 1949/36/46
f 1951/63/44 1955/66/44 1950/66/44
f 1949/94/15 1947/95/15 1945/96/15
f 1946/74/41 1960/90/41 1945/90/41
f 1955/66/19 1953/76/19 1959/74/19
f 1961/60/15 1964/91/15 1963/59/15
f 1964/91/84 1967/55/84 1963/59/84
f 1968/54/19 1965/30/19 1967/55/19
f 1966/39/85 1961/37/85 1965/30/85
f 1967/55/86 1961/45/86 1963/56/86
f 1976/93/43 1978/63/43 1975/63/43
f 1971/37/40 1983/74/40 1970/74/40
f 1973/36/45 1981/43/45 1972/43/45
f 1971/37/39 1981/43/39 1982/37/39
f 1969/90/42 1977/76/42 1976/76/42
f 1974/66/46 1980/36/46 1973/36/46
f 1975/63/44 1979/66/44 1974/66/44
f 1973/94/15 1971/95/15 1969/96/15
f 1970/74/41 1984/90/41 1969/90/41
f 1979/66/19 1977/76/19 1983/74/19
f 1992/93/43 1994/63/43 1991/63/43
f 1987/37/40 1999/74/40 1986/74/40
f 1989/36/45 1997/43/45 1988/43/45
f 1987/37/39 1997/43/39 1998/37/39
f 1985/90/42 1993/76/42 1992/76/42
f 1990/66/46 1996/36/46 1989/36/46
f 1991/63/44 1995/66/44 1990/66/44
f 1989/94/15 1987/95/15 1985/96/15
f 1986/74/41 2000/90/41 1985/90/41
f 1995/66/19 1993/76/19 1999/74/19
f 2025/60/17 2027/60/17 2028/60/17
f 2028/60/17 2027/60/17 2026/60/17
f 2029/59/38 2031/59/38 2032/59/38
f 2032/59/38 2031/59/38 2030/59/38
f 2081/60/38 2083/60/38 2084/60/38
f 2084/60/38 2083/60/38 2082/60/38
f 2085/59/17 2087/59/17 2088/59/17
f 2088/59/17 2087/59/17 2086/59/17
f 2021/117/87 2008/116/87 2019/118/87
f 2020/120/88 2009/119/88 2021/117/88
f 2012/57/89 2023/121/89 2010/122/89
f 2011/124/90 2024/123/90 2012/125/90
f 2003/45/91 2014/126/91 2001/127/91
f 2002/129/92 2015/128/92 2003/37/92
f 2018/131/93 2005/130/93 2016/132/93
f 2017/133/94 2006/36/94 2018/131/94
f 2028/92/151 2030/134/151 2025/135/151
f 2026/60/152 2032/59/152 2028/60/152
f 2053/117/87 2040/116/87 2051/118/87
f 2052/120/97 2041/119/97 2053/117/97
f 2044/57/89 2055/121/89 2042/122/89
f 2043/124/90 2056/123/90 2044/125/90
f 2035/45/91 2046/126/91 2033/127/91
f 2034/129/92 2047/128/92 2035/37/92
f 2050/131/93 2037/130/93 2048/132/93
f 2049/133/98 2038/36/98 2050/131/98
f 2077/117/99 2064/136/99 2075/120/99
f 2076/118/100 2065/56/100 2077/117/100
f 2068/138/101 2079/137/101 2066/124/101
f 2067/122/102 2080/123/102 2068/57/102
f 2059/37/103 2070/139/103 2057/129/103
f 2058/127/104 2071/140/104 2059/45/104
f 2074/142/105 2061/141/105 2072/143/105
f 2073/132/106 2062/92/106 2074/142/106
f 2084/60/152 2086/59/152 2081/60/152
f 2082/144/153 2088/57/153 2084/92/153
f 2109/117/108 2096/136/108 2107/120/108
f 2108/118/100 2097/56/100 2109/117/100
f 2100/138/101 2111/145/101 2098/124/101
f 2099/122/109 2112/123/109 2100/57/109
f 2091/37/103 2102/139/103 2089/129/103
f 2090/127/110 2103/140/110 2091/45/110
f 2106/142/111 2093/141/111 2104/143/111
f 2105/132/106 2094/92/106 2106/142/106
f 2133/147/112 2120/146/112 2131/148/112
f 2132/149/113 2121/56/113 2133/147/113
f 2124/151/114 2135/150/114 2122/152/114
f 2123/154/115 2136/153/115 2124/57/115
f 2115/37/116 2126/155/116 2113/156/116
f 2114/158/117 2127/157/117 2115/45/117
f 2130/160/118 2117/159/118 2128/161/118
f 2129/162/119 2118/92/119 2130/160/119
f 2157/147/112 2144/146/112 2155/148/112
f 2156/149/113 2145/56/113 2157/147/113
f 2148/151/114 2159/150/114 2146/163/114
f 2147/154/115 2160/153/115 2148/57/115
f 2139/37/116 2150/155/116 2137/156/116
f 2138/158/117 2151/157/117 2139/45/117
f 2154/160/118 2141/159/118 2152/161/118
f 2153/162/119 2142/92/119 2154/160/119
f 2001/127/120 2019/118/120 2008/116/120
f 2007/136/15 2005/176/15 2003/177/15
f 2002/129/121 2017/133/121 2013/139/121
f 2016/132/122 2010/122/122 2023/121/122
f 2020/120/123 2011/124/123 2007/136/123
f 2013/139/19 2023/121/19 2021/117/19
f 1290/37/17 2026/37/17 2027/37/17
f 1283/37/17 2025/169/17 1286/39/17
f 1292/60/135 2029/59/135 2026/60/135
f 1286/39/154 2030/134/154 1288/54/154
f 1291/59/38 1284/59/38 2031/59/38
f 1287/55/38 2030/170/38 2031/167/38
f 2033/127/120 2051/118/120 2040/116/120
f 2039/136/15 2037/176/15 2035/177/15
f 2034/129/121 2049/133/121 2045/139/121
f 2048/132/122 2042/122/122 2055/121/122
f 2052/120/123 2043/124/123 2039/136/123
f 2045/139/19 2055/121/19 2053/117/19
f 2076/118/125 2058/127/125 2063/116/125
f 2060/176/15 2064/136/15 2059/177/15
f 2072/143/126 2057/129/126 2070/139/126
f 2067/122/127 2073/132/127 2078/121/127
f 2066/124/128 2075/120/128 2064/136/128
f 2078/121/19 2070/139/19 2077/117/19
f 2083/37/38 1613/37/38 1611/37/38
f 2085/168/154 1607/39/154 1609/54/154
f 1607/39/38 2083/178/38 1604/37/38
f 2086/59/135 1613/60/135 2081/60/135
f 2087/171/17 1609/54/17 1608/55/17
f 1605/59/17 1612/59/17 2086/59/17
f 2108/118/125 2090/127/125 2095/116/125
f 2092/176/15 2096/136/15 2091/177/15
f 2104/143/126 2089/129/126 2102/139/126
f 2099/122/127 2105/132/127 2110/121/127
f 2098/124/128 2107/120/128 2096/136/128
f 2110/121/19 2102/139/19 2109/117/19
f 2132/149/129 2114/158/129 2119/172/129
f 2116/179/15 2120/146/15 2115/180/15
f 2128/161/130 2113/156/130 2126/155/130
f 2123/154/131 2129/162/131 2134/175/131
f 2122/152/132 2131/148/132 2120/146/132
f 2134/175/19 2126/155/19 2133/147/19
f 2156/149/129 2138/158/129 2143/172/129
f 2140/179/15 2144/146/15 2139/180/15
f 2152/161/133 2137/156/133 2150/155/133
f 2147/154/131 2153/162/131 2158/175/131
f 2146/163/132 2155/148/132 2144/146/132
f 2158/175/19 2150/155/19 2157/147/19
f 330/29/15 300/39/15 299/30/15
f 328/32/16 298/92/16 584/33/16
f 583/35/17 584/112/17 298/36/17
f 330/29/16 587/105/16 585/38/16
f 308/40/15 304/39/15 434/41/15
f 304/39/17 302/36/17 433/43/17
f 307/44/18 303/30/18 301/45/18
f 302/47/19 311/47/19 312/48/19
f 324/32/16 306/51/16 308/40/16
f 325/31/18 307/44/18 305/46/18
f 326/29/15 308/40/15 435/42/15
f 433/43/17 437/43/17 396/37/17
f 312/51/16 311/92/16 310/39/16
f 306/51/20 312/51/20 309/40/20
f 308/40/15 309/40/15 310/39/15
f 304/39/21 310/39/21 311/36/21
f 317/39/22 314/36/22 319/43/22
f 318/55/18 316/30/18 313/45/18
f 320/57/16 314/92/16 317/39/16
f 322/41/23 319/43/23 313/37/23
f 321/58/15 322/41/15 316/30/15
f 320/53/24 321/58/24 318/55/24
f 313/60/19 319/52/19 320/53/19
f 306/48/25 399/48/25 397/47/25
f 298/47/26 328/181/26 327/61/26
f 363/62/27 336/93/27 338/63/27
f 338/63/28 340/66/28 365/65/28
f 340/66/29 342/36/29 366/67/29
f 342/36/30 344/43/30 367/68/30
f 344/43/31 346/37/31 368/69/31
f 346/37/32 348/74/32 369/70/32
f 340/73/17 338/182/17 336/113/17
f 336/113/17 350/183/17 348/71/17
f 348/71/17 346/184/17 344/72/17
f 344/72/17 342/185/17 340/73/17
f 340/73/17 336/113/17 348/71/17
f 348/74/33 350/90/33 370/75/33
f 370/75/34 350/90/34 336/76/34
f 355/55/35 353/30/35 351/45/35
f 351/45/36 358/45/36 357/56/36
f 358/45/18 360/45/18 359/56/18
f 354/39/155 362/39/155 361/54/155
f 369/70/17 370/75/17 385/75/17
f 345/78/38 343/78/38 378/78/38
f 370/75/17 363/77/17 386/77/17
f 364/64/17 373/64/17 386/62/17
f 347/78/38 382/78/38 384/78/38
f 339/78/38 337/78/38 372/78/38
f 365/65/17 375/65/17 373/64/17
f 365/65/17 366/67/17 377/67/17
f 385/75/34 386/77/34 371/79/34
f 383/70/33 385/75/33 384/56/33
f 381/69/32 383/70/32 382/80/32
f 379/68/31 381/69/31 380/55/31
f 377/67/30 379/68/30 378/58/30
f 375/65/29 377/67/29 376/54/29
f 373/64/28 375/65/28 374/81/28
f 386/62/27 373/64/27 372/57/27
f 339/78/38 374/78/38 376/78/38
f 349/78/38 384/78/38 371/78/38
f 369/70/17 383/70/17 381/69/17
f 337/78/38 335/78/38 371/78/38
f 368/69/17 381/69/17 379/68/17
f 347/78/38 345/78/38 380/78/38
f 366/67/17 367/68/17 379/68/17
f 341/78/38 376/78/38 378/78/38
f 333/78/38 390/78/38 392/78/38
f 331/78/38 392/78/38 388/78/38
f 387/83/19 388/181/19 392/61/19
f 388/32/16 387/115/16 394/85/16
f 392/49/18 390/31/18 389/86/18
f 391/29/15 394/85/15 389/86/15
f 334/78/38 391/78/38 390/78/38
f 332/78/38 388/78/38 391/78/38
f 397/47/19 399/48/19 438/88/19
f 399/48/19 400/181/19 439/89/19
f 433/43/17 302/36/17 397/36/17
f 324/32/25 400/32/25 399/51/25
f 305/46/18 395/46/18 398/49/18
f 301/45/18 396/45/18 395/46/18
f 427/36/15 424/36/15 421/37/15
f 418/90/39 403/76/39 404/79/39
f 432/54/19 422/54/19 423/57/19
f 416/74/40 418/90/40 417/56/40
f 421/54/18 545/54/18 543/54/18
f 414/37/41 416/74/41 415/80/41
f 429/47/16 431/91/16 427/59/16
f 412/43/42 414/37/42 413/55/42
f 426/91/18 428/54/18 432/55/18
f 410/36/43 412/43/43 411/58/43
f 431/91/16 423/91/16 424/59/16
f 408/66/44 410/36/44 409/54/44
f 427/59/16 546/59/16 548/60/16
f 429/92/19 552/92/19 553/39/19
f 403/93/45 406/63/45 405/57/45
f 431/57/19 429/92/19 430/39/19
f 406/63/46 408/66/46 407/81/46
f 417/96/19 404/186/19 405/114/19
f 405/114/19 407/187/19 409/94/19
f 409/94/19 411/188/19 413/95/19
f 413/95/19 415/189/19 417/96/19
f 417/96/19 405/114/19 409/94/19
f 398/78/38 442/78/38 444/78/38
f 396/37/17 437/43/17 445/43/17
f 436/50/15 435/42/15 307/44/15
f 434/41/17 433/43/17 301/37/17
f 435/42/15 434/41/15 303/30/15
f 443/88/19 444/89/19 442/97/19
f 445/52/19 443/88/19 440/98/19
f 438/88/47 443/88/47 445/52/47
f 395/46/18 440/46/18 442/49/18
f 396/45/18 441/45/18 440/46/18
f 439/89/47 444/89/47 443/88/47
f 455/99/17 458/99/17 461/100/17
f 449/91/38 453/54/38 452/55/38
f 451/39/17 447/36/17 446/37/17
f 454/101/18 456/104/18 450/30/18
f 455/102/16 447/92/16 451/39/16
f 449/57/16 455/102/16 457/103/16
f 448/56/18 452/55/18 456/104/18
f 447/47/19 455/99/19 454/100/19
f 458/99/19 459/91/19 460/59/19
f 448/59/38 460/59/38 459/91/38
f 454/101/18 461/101/18 460/56/18
f 449/57/16 459/57/16 458/102/16
f 477/90/39 462/76/39 463/79/39
f 475/74/40 477/90/40 476/56/40
f 473/37/41 475/74/41 474/80/41
f 471/43/42 473/37/42 472/55/42
f 469/36/43 471/43/43 470/58/43
f 467/66/44 469/36/44 468/54/44
f 462/93/45 465/63/45 464/57/45
f 465/63/46 467/66/46 466/81/46
f 476/96/19 463/186/19 464/114/19
f 464/114/19 466/187/19 468/94/19
f 468/94/19 470/188/19 472/95/19
f 472/95/19 474/189/19 476/96/19
f 476/96/19 464/114/19 468/94/19
f 479/96/19 492/186/19 491/114/19
f 491/114/19 489/187/19 487/94/19
f 487/94/19 485/188/19 483/95/19
f 483/95/19 481/189/19 479/96/19
f 479/96/19 491/114/19 487/94/19
f 490/63/46 488/66/46 489/81/46
f 493/93/45 490/63/45 491/57/45
f 488/66/44 486/36/44 487/54/44
f 486/36/43 484/43/43 485/58/43
f 484/43/42 482/37/42 483/55/42
f 482/37/41 480/74/41 481/80/41
f 480/74/40 478/90/40 479/56/40
f 478/90/39 493/76/39 492/79/39
f 495/96/19 508/186/19 507/114/19
f 507/114/19 505/187/19 503/94/19
f 503/94/19 501/188/19 499/95/19
f 499/95/19 497/189/19 495/96/19
f 495/96/19 507/114/19 503/94/19
f 506/63/46 504/66/46 505/81/46
f 509/93/45 506/63/45 507/57/45
f 504/66/44 502/36/44 503/54/44
f 502/36/43 500/43/43 501/58/43
f 500/43/42 498/37/42 499/55/42
f 498/37/41 496/74/41 497/80/41
f 496/74/40 494/90/40 495/56/40
f 494/90/39 509/76/39 508/79/39
f 525/90/39 510/76/39 511/79/39
f 523/74/40 525/90/40 524/56/40
f 521/37/41 523/74/41 522/80/41
f 519/43/42 521/37/42 520/55/42
f 517/36/43 519/43/43 518/58/43
f 515/66/44 517/36/44 516/54/44
f 510/93/45 513/63/45 512/57/45
f 513/63/46 515/66/46 514/81/46
f 524/96/19 511/186/19 512/114/19
f 512/114/19 514/187/19 516/94/19
f 516/94/19 518/188/19 520/95/19
f 520/95/19 522/189/19 524/96/19
f 524/96/19 512/114/19 516/94/19
f 527/96/19 540/186/19 539/114/19
f 539/114/19 537/187/19 535/94/19
f 535/94/19 533/188/19 531/95/19
f 531/95/19 529/189/19 527/96/19
f 527/96/19 539/114/19 535/94/19
f 538/63/46 536/66/46 537/81/46
f 541/93/45 538/63/45 539/57/45
f 536/66/44 534/36/44 535/54/44
f 534/36/43 532/43/43 533/58/43
f 532/43/42 530/37/42 531/55/42
f 530/37/41 528/74/41 529/80/41
f 528/74/40 526/90/40 527/56/40
f 526/90/39 541/76/39 540/79/39
f 428/54/18 421/54/18 422/55/18
f 402/54/17 419/39/17 420/30/17
f 422/54/19 420/54/19 419/57/19
f 423/91/16 419/91/16 402/59/16
f 421/54/18 401/54/18 420/55/18
f 544/36/15 542/36/15 543/37/15
f 548/39/15 546/36/15 547/37/15
f 428/37/17 547/37/17 546/36/17
f 424/36/38 544/36/38 545/37/38
f 426/91/18 549/91/18 547/54/18
f 401/55/17 543/55/17 542/54/17
f 402/59/16 542/59/16 544/59/16
f 425/30/38 548/30/38 549/45/38
f 552/55/38 550/30/38 551/45/38
f 425/60/16 550/60/16 552/47/16
f 430/59/18 553/59/18 551/91/18
f 426/45/15 551/45/15 550/30/15
f 555/47/48 557/91/48 556/59/48
f 567/39/17 563/36/17 562/37/17
f 563/47/48 565/91/48 564/59/48
f 559/39/17 555/36/17 554/37/17
f 560/55/18 558/30/18 554/45/18
f 561/54/16 557/57/16 555/92/16
f 568/55/18 566/30/18 562/45/18
f 569/54/16 565/57/16 563/92/16
f 575/39/17 571/36/17 570/37/17
f 571/47/48 573/91/48 572/59/48
f 576/55/18 574/30/18 570/45/18
f 577/54/16 573/57/16 571/92/16
f 579/33/156 578/38/156 581/105/156
f 329/31/18 299/30/18 582/106/18
f 327/49/18 589/111/18 583/108/18
f 582/109/157 585/110/157 578/110/157
f 586/78/17 580/78/17 581/78/17
f 588/78/17 591/78/17 590/78/17
f 299/30/17 300/39/17 585/110/17
f 592/106/158 593/108/158 590/111/158
f 579/112/159 593/35/159 592/109/159
f 589/111/15 590/111/15 593/108/15
f 588/107/19 582/106/19 592/106/19
f 587/105/19 581/105/19 578/38/19
f 586/34/15 584/33/15 579/33/15
f 584/112/160 583/35/160 593/35/160
f 609/93/45 618/93/45 619/63/45
f 599/37/41 623/37/41 624/74/41
f 603/36/43 621/36/43 622/43/43
f 599/37/42 601/43/42 622/43/42
f 594/90/39 625/90/39 618/76/39
f 604/66/44 620/66/44 621/36/44
f 606/63/46 619/63/46 620/66/46
f 594/96/19 609/186/19 606/114/19
f 606/114/19 604/187/19 603/94/19
f 603/94/19 601/188/19 599/95/19
f 599/95/19 597/189/19 594/96/19
f 594/96/19 606/114/19 603/94/19
f 608/96/19 595/186/19 596/114/19
f 596/114/19 598/187/19 600/94/19
f 600/94/19 602/188/19 605/95/19
f 605/95/19 607/189/19 608/96/19
f 608/96/19 596/114/19 600/94/19
f 598/66/46 596/63/46 611/63/46
f 598/66/44 612/66/44 613/36/44
f 608/90/39 617/90/39 610/76/39
f 605/37/42 602/43/42 614/43/42
f 600/36/43 613/36/43 614/43/43
f 605/37/41 615/37/41 616/74/41
f 595/93/45 610/93/45 611/63/45
f 607/74/40 616/74/40 617/90/40
f 616/74/15 615/37/15 614/43/15
f 614/43/15 613/36/15 612/66/15
f 612/66/15 611/63/15 610/76/15
f 610/76/15 617/90/15 616/74/15
f 616/74/15 614/43/15 612/66/15
f 597/74/40 624/74/40 625/90/40
f 624/74/15 623/37/15 622/43/15
f 622/43/15 621/36/15 620/66/15
f 620/66/15 619/63/15 618/76/15
f 618/76/15 625/90/15 624/74/15
f 624/74/15 622/43/15 620/66/15
f 627/47/19 626/60/19 630/60/19
f 635/85/15 629/39/15 628/30/15
f 637/86/18 628/30/18 626/45/18
f 635/85/16 636/115/16 627/92/16
f 632/39/17 631/36/17 630/37/17
f 628/30/55 633/30/55 630/45/55
f 627/92/56 631/92/56 632/39/56
f 629/39/15 632/39/15 633/30/15
f 627/47/19 636/83/19 634/84/19
f 393/87/17 389/86/17 394/85/17
f 640/30/15 641/39/15 330/29/15
f 885/33/16 639/92/16 328/32/16
f 884/35/38 638/37/38 639/36/38
f 330/29/16 641/39/16 886/38/16
f 741/41/15 645/39/15 649/40/15
f 740/43/38 643/36/38 645/39/38
f 642/45/18 644/30/18 648/44/18
f 653/48/19 652/47/19 643/47/19
f 649/40/16 647/51/16 324/32/16
f 646/46/18 648/44/18 325/31/18
f 742/42/15 649/40/15 326/29/15
f 705/37/38 743/43/38 740/43/38
f 651/39/16 652/92/16 653/51/16
f 650/40/21 653/51/21 647/51/21
f 651/39/15 650/40/15 649/40/15
f 652/36/20 651/39/20 645/39/20
f 660/43/57 655/36/57 658/39/57
f 654/45/18 657/30/18 659/55/18
f 658/39/16 655/92/16 661/57/16
f 654/37/58 660/43/58 663/41/58
f 657/30/15 663/41/15 662/58/15
f 659/55/59 662/58/59 661/53/59
f 654/60/19 656/59/19 661/53/19
f 706/47/25 707/48/25 647/48/25
f 327/61/26 328/181/26 639/47/26
f 685/64/27 665/63/27 664/93/27
f 686/65/28 666/66/28 665/63/28
f 687/67/29 667/36/29 666/66/29
f 688/68/30 668/43/30 667/36/30
f 689/69/31 669/37/31 668/43/31
f 690/70/32 670/74/32 669/37/32
f 664/113/38 665/182/38 666/73/38
f 666/73/38 667/185/38 668/72/38
f 668/72/38 669/184/38 670/71/38
f 670/71/38 671/183/38 664/113/38
f 664/113/38 666/73/38 668/72/38
f 691/75/33 671/90/33 670/74/33
f 691/75/34 684/77/34 664/76/34
f 672/45/35 674/30/35 676/55/35
f 678/56/36 679/45/36 672/45/36
f 680/56/18 681/45/18 679/45/18
f 682/54/155 683/39/155 675/39/155
f 690/70/38 697/70/38 698/75/38
f 691/75/38 698/75/38 699/77/38
f 699/62/38 692/64/38 685/64/38
f 692/64/38 693/65/38 686/65/38
f 686/65/38 693/65/38 694/67/38
f 371/79/34 699/77/34 698/75/34
f 384/56/33 698/75/33 697/70/33
f 382/80/32 697/70/32 696/69/32
f 380/55/31 696/69/31 695/68/31
f 378/58/30 695/68/30 694/67/30
f 376/54/29 694/67/29 693/65/29
f 374/81/28 693/65/28 692/64/28
f 372/57/27 692/64/27 699/62/27
f 696/69/38 697/70/38 690/70/38
f 695/68/38 696/69/38 689/69/38
f 687/67/38 694/67/38 695/68/38
f 392/61/19 388/181/19 700/83/19
f 703/85/16 700/115/16 388/32/16
f 392/49/18 702/87/18 701/86/18
f 701/86/15 703/85/15 391/29/15
f 744/88/19 707/48/19 706/47/19
f 439/89/19 400/181/19 707/48/19
f 740/43/38 743/43/38 706/36/38
f 707/51/25 400/32/25 324/32/25
f 398/49/18 704/46/18 646/46/18
f 704/46/18 705/45/18 642/45/18
f 728/37/15 731/36/15 734/36/15
f 711/79/42 710/76/42 725/90/42
f 730/57/19 729/54/19 739/54/19
f 724/56/41 725/90/41 723/74/41
f 846/54/18 848/54/18 728/54/18
f 722/80/40 723/74/40 721/37/40
f 734/59/16 738/91/16 736/47/16
f 720/55/39 721/37/39 719/43/39
f 739/55/18 735/54/18 733/91/18
f 718/58/45 719/43/45 717/36/45
f 731/59/16 730/91/16 738/91/16
f 716/54/46 717/36/46 715/66/46
f 851/60/16 849/59/16 734/59/16
f 856/39/19 855/92/19 736/92/19
f 712/57/43 713/63/43 710/93/43
f 737/39/19 736/92/19 738/57/19
f 714/81/44 715/66/44 713/63/44
f 712/114/19 711/186/19 724/96/19
f 724/96/19 722/189/19 720/95/19
f 720/95/19 718/188/19 716/94/19
f 716/94/19 714/187/19 712/114/19
f 712/114/19 724/96/19 720/95/19
f 705/37/38 746/37/38 748/43/38
f 648/44/15 742/42/15 436/50/15
f 642/37/38 740/43/38 741/41/38
f 644/30/15 741/41/15 742/42/15
f 442/97/19 444/89/19 747/88/19
f 745/98/19 747/88/19 748/52/19
f 748/52/47 747/88/47 744/88/47
f 442/49/18 745/46/18 704/46/18
f 745/46/18 746/45/18 705/45/18
f 747/88/47 444/89/47 439/89/47
f 764/100/38 761/99/38 758/99/38
f 755/55/17 756/54/17 752/91/17
f 749/37/38 750/36/38 754/39/38
f 757/101/18 749/45/18 753/30/18
f 754/39/16 750/92/16 758/102/16
f 760/103/16 758/102/16 752/57/16
f 751/56/18 757/101/18 759/104/18
f 757/100/19 758/99/19 750/47/19
f 763/59/19 762/91/19 761/99/19
f 762/91/17 763/59/17 751/59/17
f 763/56/18 764/101/18 757/101/18
f 761/102/16 762/57/16 752/57/16
f 766/79/42 765/76/42 780/90/42
f 779/56/41 780/90/41 778/74/41
f 777/80/40 778/74/40 776/37/40
f 775/55/39 776/37/39 774/43/39
f 773/58/45 774/43/45 772/36/45
f 771/54/46 772/36/46 770/66/46
f 767/57/43 768/63/43 765/93/43
f 769/81/44 770/66/44 768/63/44
f 767/114/19 766/186/19 779/96/19
f 779/96/19 777/189/19 775/95/19
f 775/95/19 773/188/19 771/94/19
f 771/94/19 769/187/19 767/114/19
f 767/114/19 779/96/19 775/95/19
f 794/114/19 795/186/19 782/96/19
f 782/96/19 784/189/19 786/95/19
f 786/95/19 788/188/19 790/94/19
f 790/94/19 792/187/19 794/114/19
f 794/114/19 782/96/19 786/95/19
f 792/81/44 791/66/44 793/63/44
f 794/57/43 793/63/43 796/93/43
f 790/54/46 789/36/46 791/66/46
f 788/58/45 787/43/45 789/36/45
f 786/55/39 785/37/39 787/43/39
f 784/80/40 783/74/40 785/37/40
f 782/56/41 781/90/41 783/74/41
f 795/79/42 796/76/42 781/90/42
f 810/114/19 811/186/19 798/96/19
f 798/96/19 800/189/19 802/95/19
f 802/95/19 804/188/19 806/94/19
f 806/94/19 808/187/19 810/114/19
f 810/114/19 798/96/19 802/95/19
f 808/81/44 807/66/44 809/63/44
f 810/57/43 809/63/43 812/93/43
f 806/54/46 805/36/46 807/66/46
f 804/58/45 803/43/45 805/36/45
f 802/55/39 801/37/39 803/43/39
f 800/80/40 799/74/40 801/37/40
f 798/56/41 797/90/41 799/74/41
f 811/79/42 812/76/42 797/90/42
f 814/79/42 813/76/42 828/90/42
f 827/56/41 828/90/41 826/74/41
f 825/80/40 826/74/40 824/37/40
f 823/55/39 824/37/39 822/43/39
f 821/58/45 822/43/45 820/36/45
f 819/54/46 820/36/46 818/66/46
f 815/57/43 816/63/43 813/93/43
f 817/81/44 818/66/44 816/63/44
f 815/114/19 814/186/19 827/96/19
f 827/96/19 825/189/19 823/95/19
f 823/95/19 821/188/19 819/94/19
f 819/94/19 817/187/19 815/114/19
f 815/114/19 827/96/19 823/95/19
f 842/114/19 843/186/19 830/96/19
f 830/96/19 832/189/19 834/95/19
f 834/95/19 836/188/19 838/94/19
f 838/94/19 840/187/19 842/114/19
f 842/114/19 830/96/19 834/95/19
f 840/81/44 839/66/44 841/63/44
f 842/57/43 841/63/43 844/93/43
f 838/54/46 837/36/46 839/66/46
f 836/58/45 835/43/45 837/36/45
f 834/55/39 833/37/39 835/43/39
f 832/80/40 831/74/40 833/37/40
f 830/56/41 829/90/41 831/74/41
f 843/79/42 844/76/42 829/90/42
f 729/55/18 728/54/18 735/54/18
f 727/30/38 726/39/38 709/54/38
f 726/57/19 727/54/19 729/54/19
f 709/59/16 726/91/16 730/91/16
f 727/55/18 708/54/18 728/54/18
f 846/37/15 845/36/15 847/36/15
f 850/37/15 849/36/15 851/39/15
f 849/36/38 850/37/38 735/37/38
f 848/37/17 847/36/17 731/36/17
f 850/54/18 852/91/18 733/91/18
f 845/54/38 846/55/38 708/55/38
f 847/59/16 845/59/16 709/59/16
f 852/45/17 851/30/17 732/30/17
f 854/45/17 853/30/17 855/55/17
f 855/47/16 853/60/16 732/60/16
f 854/91/18 856/59/18 737/59/18
f 853/30/15 854/45/15 733/45/15
f 859/59/60 860/91/60 858/47/60
f 865/37/38 866/36/38 870/39/38
f 867/59/60 868/91/60 866/47/60
f 857/37/38 858/36/38 862/39/38
f 857/45/18 861/30/18 863/55/18
f 864/54/16 862/39/16 858/92/16
f 865/45/18 869/30/18 871/55/18
f 872/54/16 870/39/16 866/92/16
f 873/37/38 874/36/38 878/39/38
f 875/59/60 876/91/60 874/47/60
f 873/45/18 877/30/18 879/55/18
f 880/54/16 878/39/16 874/92/16
f 581/105/161 881/38/161 882/33/161
f 883/106/18 640/30/18 329/31/18
f 327/49/18 638/45/18 884/108/18
f 883/109/162 887/109/162 881/110/162
f 640/30/38 883/109/38 886/110/38
f 590/111/163 888/108/163 887/106/163
f 882/112/164 881/110/164 887/109/164
f 888/108/15 590/111/15 589/111/15
f 588/107/19 591/107/19 887/106/19
f 881/38/19 581/105/19 587/105/19
f 586/34/15 580/34/15 882/33/15
f 885/112/165 882/112/165 888/35/165
f 914/63/43 913/93/43 904/93/43
f 919/74/40 918/37/40 894/37/40
f 917/43/45 916/36/45 898/36/45
f 894/37/39 918/37/39 917/43/39
f 913/76/42 920/90/42 889/90/42
f 916/36/46 915/66/46 899/66/46
f 915/66/44 914/63/44 901/63/44
f 901/114/19 904/186/19 889/96/19
f 889/96/19 892/189/19 894/95/19
f 894/95/19 896/188/19 898/94/19
f 898/94/19 899/187/19 901/114/19
f 901/114/19 889/96/19 894/95/19
f 891/114/19 890/186/19 903/96/19
f 903/96/19 902/189/19 900/95/19
f 900/95/19 897/188/19 895/94/19
f 895/94/19 893/187/19 891/114/19
f 891/114/19 903/96/19 900/95/19
f 893/66/44 907/66/44 906/63/44
f 908/36/46 907/66/46 893/66/46
f 905/76/42 912/90/42 903/90/42
f 900/37/39 910/37/39 909/43/39
f 909/43/45 908/36/45 895/36/45
f 911/74/40 910/37/40 900/37/40
f 906/63/43 905/93/43 890/93/43
f 912/90/41 911/74/41 902/74/41
f 909/43/15 910/37/15 911/74/15
f 911/74/15 912/90/15 905/76/15
f 905/76/15 906/63/15 907/66/15
f 907/66/15 908/36/15 909/43/15
f 909/43/15 911/74/15 905/76/15
f 920/90/41 919/74/41 892/74/41
f 917/43/15 918/37/15 919/74/15
f 919/74/15 920/90/15 913/76/15
f 913/76/15 914/63/15 915/66/15
f 915/66/15 916/36/15 917/43/15
f 917/43/15 919/74/15 913/76/15
f 922/47/19 926/47/19 925/60/19
f 923/30/15 924/39/15 930/85/15
f 921/45/18 923/30/18 932/86/18
f 930/85/16 924/39/16 922/92/16
f 925/37/38 926/36/38 927/39/38
f 925/45/67 928/30/67 923/30/67
f 927/39/68 926/92/68 922/92/68
f 928/30/15 927/39/15 924/39/15
f 929/84/19 931/83/19 922/47/19
f 703/85/38 701/86/38 702/87/38
f 970/78/69 953/78/69 954/78/69
f 966/78/70 955/78/70 956/78/70
f 964/78/71 952/78/71 953/78/71
f 971/78/72 954/78/72 955/78/72
f 952/78/73 964/78/73 980/78/73
f 987/78/15 993/78/15 1000/78/15
f 951/78/19 1004/78/19 995/78/19
f 1007/78/74 1008/78/74 949/78/74
f 1011/78/75 1012/78/75 961/78/75
f 974/78/76 981/78/76 967/78/76
f 977/78/15 976/78/15 953/78/15
f 948/78/19 983/78/19 941/78/19
f 976/78/15 975/78/15 954/78/15
f 941/78/19 983/78/19 982/78/19
f 954/78/15 975/78/15 973/78/15
f 979/78/19 950/78/19 939/78/19
f 981/78/76 978/78/76 968/78/76
f 964/78/73 963/78/73 986/78/73
f 978/78/76 979/78/76 938/78/76
f 955/78/15 973/78/15 974/78/15
f 950/78/19 948/78/19 940/78/19
f 963/78/73 942/78/73 982/78/73
f 1002/78/15 993/78/15 987/78/15
f 990/78/77 989/78/77 945/78/77
f 1006/78/15 996/78/15 934/78/15
f 943/78/78 980/78/78 986/78/78
f 1008/78/19 999/78/19 985/78/19
f 978/78/79 981/78/79 990/78/79
f 1010/78/19 997/78/19 960/78/19
f 945/78/80 989/78/80 943/78/80
f 940/78/72 972/78/72 965/78/72
f 972/78/72 971/78/72 966/78/72
f 942/78/71 963/78/71 969/78/71
f 963/78/71 964/78/71 970/78/71
f 939/78/70 965/78/70 968/78/70
f 968/78/70 965/78/70 966/78/70
f 940/78/69 941/78/69 969/78/69
f 972/78/69 969/78/69 970/78/69
f 935/78/81 974/78/81 973/78/81
f 973/78/77 975/78/77 933/78/77
f 975/78/80 976/78/80 934/78/80
f 976/78/78 977/78/78 937/78/78
f 979/78/79 978/78/79 958/78/79
f 977/78/78 980/78/78 962/78/78
f 957/78/79 981/78/79 974/78/79
f 946/78/78 982/78/78 983/78/78
f 983/78/80 948/78/80 984/78/80
f 948/78/77 950/78/77 985/78/77
f 950/78/79 979/78/79 949/78/79
f 986/78/78 982/78/78 946/78/78
f 988/78/77 945/78/77 987/78/77
f 989/78/77 990/78/77 960/78/77
f 991/78/78 986/78/78 961/78/78
f 962/78/78 980/78/78 943/78/78
f 958/78/79 978/78/79 988/78/79
f 990/78/79 981/78/79 957/78/79
f 945/78/80 991/78/80 944/78/80
f 943/78/80 989/78/80 951/78/80
f 1003/78/80 996/78/80 995/78/80
f 1005/78/82 998/78/82 997/78/82
f 996/78/83 1006/78/83 1009/78/83
f 998/78/166 1003/78/166 1004/78/166
f 1000/78/167 993/78/167 994/78/167
f 1002/78/83 1012/78/83 1011/78/83
f 1007/78/82 1000/78/82 999/78/82
f 994/78/80 993/78/80 1002/78/80
f 1009/78/75 1006/78/75 937/78/75
f 997/78/19 1004/78/19 951/78/19
f 1005/78/74 1010/78/74 957/78/74
f 1012/78/15 1002/78/15 944/78/15
f 947/78/19 1001/78/19 1011/78/19
f 936/78/15 998/78/15 1005/78/15
f 992/78/19 995/78/19 1009/78/19
f 984/78/19 994/78/19 1001/78/19
f 933/78/15 1003/78/15 998/78/15
f 959/78/15 1000/78/15 1007/78/15
f 999/78/19 994/78/19 984/78/19
f 996/78/15 1003/78/15 933/78/15
f 1022/63/43 1021/93/43 1020/93/43
f 1027/74/40 1026/37/40 1015/37/40
f 1025/43/45 1024/36/45 1017/36/45
f 1015/37/39 1026/37/39 1025/43/39
f 1021/76/42 1028/90/42 1013/90/42
f 1024/36/46 1023/66/46 1018/66/46
f 1023/66/44 1022/63/44 1019/63/44
f 1019/114/19 1020/186/19 1013/96/19
f 1013/96/19 1014/189/19 1015/95/19
f 1015/95/19 1016/188/19 1017/94/19
f 1017/94/19 1018/187/19 1019/114/19
f 1019/114/19 1013/96/19 1015/95/19
f 1028/90/41 1027/74/41 1014/74/41
f 1025/43/15 1026/37/15 1027/74/15
f 1027/74/15 1028/90/15 1021/76/15
f 1021/76/15 1022/63/15 1023/66/15
f 1023/66/15 1024/36/15 1025/43/15
f 1025/43/15 1027/74/15 1021/76/15
f 1029/60/19 1031/59/19 1032/91/19
f 1035/55/84 1036/54/84 1032/91/84
f 1033/30/15 1034/39/15 1036/54/15
f 1029/37/85 1030/36/85 1034/39/85
f 1029/45/86 1033/30/86 1035/55/86
f 1043/63/43 1046/63/43 1045/93/43
f 1051/74/40 1050/37/40 1039/37/40
f 1049/43/45 1048/36/45 1041/36/45
f 1039/37/39 1050/37/39 1049/43/39
f 1045/76/42 1052/90/42 1037/90/42
f 1048/36/46 1047/66/46 1042/66/46
f 1047/66/44 1046/63/44 1043/63/44
f 1043/114/19 1044/186/19 1037/96/19
f 1037/96/19 1038/189/19 1039/95/19
f 1039/95/19 1040/188/19 1041/94/19
f 1041/94/19 1042/187/19 1043/114/19
f 1043/114/19 1037/96/19 1039/95/19
f 1052/90/41 1051/74/41 1038/74/41
f 1049/43/15 1050/37/15 1051/74/15
f 1051/74/15 1052/90/15 1045/76/15
f 1045/76/15 1046/63/15 1047/66/15
f 1047/66/15 1048/36/15 1049/43/15
f 1049/43/15 1051/74/15 1045/76/15
f 1062/63/43 1061/93/43 1060/93/43
f 1067/74/40 1066/37/40 1055/37/40
f 1065/43/45 1064/36/45 1057/36/45
f 1055/37/39 1066/37/39 1065/43/39
f 1061/76/42 1068/90/42 1053/90/42
f 1064/36/46 1063/66/46 1058/66/46
f 1063/66/44 1062/63/44 1059/63/44
f 1059/114/19 1060/186/19 1053/96/19
f 1053/96/19 1054/189/19 1055/95/19
f 1055/95/19 1056/188/19 1057/94/19
f 1057/94/19 1058/187/19 1059/114/19
f 1059/114/19 1053/96/19 1055/95/19
f 1068/90/41 1067/74/41 1054/74/41
f 1065/43/15 1066/37/15 1067/74/15
f 1067/74/15 1068/90/15 1061/76/15
f 1061/76/15 1062/63/15 1063/66/15
f 1063/66/15 1064/36/15 1065/43/15
f 1065/43/15 1067/74/15 1061/76/15
f 1076/116/87 1077/56/87 1089/117/87
f 1077/119/88 1075/136/88 1088/120/88
f 1091/121/89 1092/123/89 1080/57/89
f 1092/123/90 1090/145/90 1079/124/90
f 1082/126/91 1083/128/91 1071/45/91
f 1083/128/92 1081/139/92 1070/129/92
f 1073/130/93 1074/92/93 1086/131/93
f 1074/36/94 1072/190/94 1085/133/94
f 1098/134/107 1100/57/107 1096/92/107
f 1100/59/96 1097/59/96 1094/60/96
f 1108/116/87 1109/56/87 1121/117/87
f 1109/119/88 1107/136/88 1120/120/88
f 1123/121/168 1124/123/168 1112/57/168
f 1124/123/90 1122/145/90 1111/124/90
f 1114/126/169 1115/128/169 1103/45/169
f 1115/128/92 1113/139/92 1102/129/92
f 1105/130/93 1106/92/93 1118/131/93
f 1106/36/94 1104/190/94 1117/133/94
f 1132/136/99 1133/119/99 1145/117/99
f 1133/56/100 1131/116/100 1144/118/100
f 1147/137/101 1148/123/101 1136/138/101
f 1148/123/109 1146/121/109 1135/122/109
f 1138/139/103 1139/140/103 1127/37/103
f 1139/140/110 1137/126/110 1126/127/110
f 1129/141/105 1130/36/105 1142/142/105
f 1130/92/106 1128/130/106 1141/132/106
f 1154/59/96 1156/59/96 1152/60/96
f 1156/57/95 1153/168/95 1150/144/95
f 1164/136/99 1165/119/99 1177/117/99
f 1165/56/100 1163/116/100 1176/118/100
f 1179/145/101 1180/123/101 1168/138/101
f 1180/123/109 1178/121/109 1167/122/109
f 1170/139/103 1171/140/103 1159/37/103
f 1171/140/110 1169/126/110 1158/127/110
f 1161/141/105 1162/36/105 1174/142/105
f 1162/92/106 1160/130/106 1173/132/106
f 1188/146/112 1189/191/112 1201/147/112
f 1189/56/113 1187/172/113 1200/149/113
f 1203/150/114 1204/153/114 1192/151/114
f 1204/153/115 1202/175/115 1191/154/115
f 1194/155/116 1195/157/116 1183/37/116
f 1195/157/117 1193/126/117 1182/158/117
f 1185/159/118 1186/36/118 1198/160/118
f 1186/92/119 1184/192/119 1197/162/119
f 1212/146/112 1213/191/112 1225/147/112
f 1213/56/113 1211/172/113 1224/149/113
f 1227/150/114 1228/153/114 1216/151/114
f 1228/153/115 1226/175/115 1215/154/115
f 1218/155/116 1219/157/116 1207/37/116
f 1219/157/117 1217/126/117 1206/158/117
f 1209/159/118 1210/36/118 1222/160/118
f 1210/92/119 1208/192/119 1221/162/119
f 1087/118/120 1082/126/120 1069/127/120
f 1076/165/19 1069/193/19 1071/177/19
f 1071/177/19 1070/194/19 1072/164/19
f 1072/164/19 1074/195/19 1073/176/19
f 1073/176/19 1078/196/19 1080/125/19
f 1080/125/19 1079/124/19 1075/136/19
f 1075/136/19 1077/119/19 1076/165/19
f 1076/165/19 1071/177/19 1072/164/19
f 1072/164/19 1073/176/19 1080/125/19
f 1080/125/19 1075/136/19 1076/165/19
f 1085/133/121 1072/190/121 1070/129/121
f 1078/122/122 1073/130/122 1084/132/122
f 1079/124/123 1090/145/123 1088/120/123
f 1082/126/15 1087/118/15 1089/117/15
f 1089/117/15 1088/120/15 1090/145/15
f 1090/145/15 1092/123/15 1091/121/15
f 1091/121/15 1084/132/15 1086/131/15
f 1086/131/15 1085/133/15 1081/139/15
f 1081/139/15 1083/128/15 1082/126/15
f 1082/126/15 1089/117/15 1090/145/15
f 1090/145/15 1091/121/15 1086/131/15
f 1086/131/15 1081/139/15 1082/126/15
f 358/37/17 351/37/17 1095/37/17
f 1095/37/17 1094/37/17 360/37/17
f 351/37/17 353/30/17 354/39/17
f 354/39/17 1093/169/17 1095/166/17
f 1097/59/26 359/59/26 360/60/26
f 1098/134/124 1093/135/124 354/39/124
f 359/59/38 1097/59/38 1099/59/38
f 1099/59/38 352/59/38 357/59/38
f 355/55/38 352/59/38 1099/167/38
f 1099/167/38 1098/170/38 356/54/38
f 1119/118/120 1114/126/120 1101/127/120
f 1108/165/19 1101/193/19 1103/177/19
f 1103/177/19 1102/194/19 1104/164/19
f 1104/164/19 1106/195/19 1105/176/19
f 1105/176/19 1110/196/19 1112/125/19
f 1112/125/19 1111/124/19 1107/136/19
f 1107/136/19 1109/119/19 1108/165/19
f 1108/165/19 1103/177/19 1104/164/19
f 1104/164/19 1105/176/19 1112/125/19
f 1112/125/19 1107/136/19 1108/165/19
f 1117/133/121 1104/190/121 1102/129/121
f 1110/122/122 1105/130/122 1116/132/122
f 1111/124/123 1122/145/123 1120/120/123
f 1114/126/15 1119/118/15 1121/117/15
f 1121/117/15 1120/120/15 1122/145/15
f 1122/145/15 1124/123/15 1123/121/15
f 1123/121/15 1116/132/15 1118/131/15
f 1118/131/15 1117/133/15 1113/139/15
f 1113/139/15 1115/128/15 1114/126/15
f 1114/126/15 1121/117/15 1122/145/15
f 1122/145/15 1123/121/15 1118/131/15
f 1118/131/15 1113/139/15 1114/126/15
f 1126/127/125 1137/126/125 1144/118/125
f 1129/164/19 1125/194/19 1127/177/19
f 1127/177/19 1126/193/19 1131/165/19
f 1131/165/19 1133/119/19 1132/136/19
f 1132/136/19 1134/124/19 1136/138/19
f 1136/138/19 1135/196/19 1128/176/19
f 1128/176/19 1130/197/19 1129/164/19
f 1129/164/19 1127/177/19 1131/165/19
f 1131/165/19 1132/136/19 1136/138/19
f 1136/138/19 1128/176/19 1129/164/19
f 1125/129/126 1129/141/126 1140/143/126
f 1141/132/127 1128/130/127 1135/122/127
f 1143/120/128 1147/137/128 1134/124/128
f 1147/137/15 1143/120/15 1145/117/15
f 1145/117/15 1144/118/15 1137/126/15
f 1137/126/15 1139/140/15 1138/139/15
f 1138/139/15 1140/143/15 1142/142/15
f 1142/142/15 1141/132/15 1146/121/15
f 1146/121/15 1148/123/15 1147/137/15
f 1147/137/15 1145/117/15 1137/126/15
f 1137/126/15 1138/139/15 1142/142/15
f 1142/142/15 1146/121/15 1147/137/15
f 1151/37/38 672/37/38 679/37/38
f 679/37/38 681/37/38 1149/37/38
f 675/39/124 1150/144/124 1153/168/124
f 675/39/38 674/30/38 672/37/38
f 672/37/38 1151/178/38 1150/169/38
f 681/60/26 680/59/26 1154/59/26
f 1155/171/17 673/59/17 676/55/17
f 676/55/17 677/54/17 1153/170/17
f 673/59/17 1155/59/17 1154/59/17
f 1154/59/17 680/59/17 678/59/17
f 1158/127/125 1169/126/125 1176/118/125
f 1161/164/19 1157/194/19 1159/177/19
f 1159/177/19 1158/193/19 1163/165/19
f 1163/165/19 1165/119/19 1164/136/19
f 1164/136/19 1166/124/19 1168/138/19
f 1168/138/19 1167/196/19 1160/176/19
f 1160/176/19 1162/197/19 1161/164/19
f 1161/164/19 1159/177/19 1163/165/19
f 1163/165/19 1164/136/19 1168/138/19
f 1168/138/19 1160/176/19 1161/164/19
f 1157/129/126 1161/141/126 1172/143/126
f 1173/132/127 1160/130/127 1167/122/127
f 1175/120/128 1179/145/128 1166/124/128
f 1179/145/15 1175/120/15 1177/117/15
f 1177/117/15 1176/118/15 1169/126/15
f 1169/126/15 1171/140/15 1170/139/15
f 1170/139/15 1172/143/15 1174/142/15
f 1174/142/15 1173/132/15 1178/121/15
f 1178/121/15 1180/123/15 1179/145/15
f 1179/145/15 1177/117/15 1169/126/15
f 1169/126/15 1170/139/15 1174/142/15
f 1174/142/15 1178/121/15 1179/145/15
f 1182/158/129 1193/126/129 1200/149/129
f 1185/174/19 1181/198/19 1183/180/19
f 1183/180/19 1182/193/19 1187/173/19
f 1187/173/19 1189/191/19 1188/146/19
f 1188/146/19 1190/152/19 1192/151/19
f 1192/151/19 1191/199/19 1184/179/19
f 1184/179/19 1186/200/19 1185/174/19
f 1185/174/19 1183/180/19 1187/173/19
f 1187/173/19 1188/146/19 1192/151/19
f 1192/151/19 1184/179/19 1185/174/19
f 1181/156/133 1185/159/133 1196/161/133
f 1197/162/131 1184/192/131 1191/154/131
f 1199/148/170 1203/150/170 1190/152/170
f 1203/150/15 1199/148/15 1201/147/15
f 1201/147/15 1200/149/15 1193/126/15
f 1193/126/15 1195/157/15 1194/155/15
f 1194/155/15 1196/161/15 1198/160/15
f 1198/160/15 1197/162/15 1202/175/15
f 1202/175/15 1204/153/15 1203/150/15
f 1203/150/15 1201/147/15 1193/126/15
f 1193/126/15 1194/155/15 1198/160/15
f 1198/160/15 1202/175/15 1203/150/15
f 1206/158/129 1217/126/129 1224/149/129
f 1209/174/19 1205/198/19 1207/180/19
f 1207/180/19 1206/193/19 1211/173/19
f 1211/173/19 1213/191/19 1212/146/19
f 1212/146/19 1214/163/19 1216/151/19
f 1216/151/19 1215/199/19 1208/179/19
f 1208/179/19 1210/200/19 1209/174/19
f 1209/174/19 1207/180/19 1211/173/19
f 1211/173/19 1212/146/19 1216/151/19
f 1216/151/19 1208/179/19 1209/174/19
f 1205/156/133 1209/159/133 1220/161/133
f 1221/162/131 1208/192/131 1215/154/131
f 1223/148/132 1227/150/132 1214/163/132
f 1227/150/15 1223/148/15 1225/147/15
f 1225/147/15 1224/149/15 1217/126/15
f 1217/126/15 1219/157/15 1218/155/15
f 1218/155/15 1220/161/15 1222/160/15
f 1222/160/15 1221/162/15 1226/175/15
f 1226/175/15 1228/153/15 1227/150/15
f 1227/150/15 1225/147/15 1217/126/15
f 1217/126/15 1218/155/15 1222/160/15
f 1222/160/15 1226/175/15 1227/150/15
f 1231/30/19 1232/39/19 1262/29/19
f 1516/33/16 1230/92/16 1260/32/16
f 1515/35/17 1229/37/17 1230/36/17
f 1262/29/16 1232/39/16 1517/38/16
f 1366/41/19 1236/39/19 1240/40/19
f 1365/43/17 1234/36/17 1236/39/17
f 1233/45/18 1235/30/18 1239/44/18
f 1244/48/15 1243/47/15 1234/47/15
f 1240/40/16 1238/51/16 1256/32/16
f 1237/46/18 1239/44/18 1257/31/18
f 1367/42/19 1240/40/19 1258/29/19
f 1328/37/17 1369/43/17 1365/43/17
f 1242/39/16 1243/92/16 1244/51/16
f 1241/40/20 1244/51/20 1238/51/20
f 1242/39/19 1241/40/19 1240/40/19
f 1243/36/21 1242/39/21 1236/39/21
f 1251/43/22 1246/36/22 1249/39/22
f 1245/45/18 1248/30/18 1250/55/18
f 1249/39/16 1246/92/16 1252/57/16
f 1245/37/23 1251/43/23 1254/41/23
f 1248/30/19 1254/41/19 1253/58/19
f 1250/55/24 1253/58/24 1252/53/24
f 1245/60/15 1247/59/15 1252/53/15
f 1329/47/134 1331/48/134 1238/48/134
f 1259/61/135 1260/181/135 1230/47/135
f 1296/64/34 1270/63/34 1268/93/34
f 1297/65/33 1272/66/33 1270/63/33
f 1298/67/32 1274/36/32 1272/66/32
f 1299/68/31 1276/43/31 1274/36/31
f 1300/69/30 1278/37/30 1276/43/30
f 1301/70/29 1280/74/29 1278/37/29
f 1268/113/17 1270/182/17 1272/73/17
f 1272/73/17 1274/185/17 1276/72/17
f 1276/72/17 1278/184/17 1280/71/17
f 1280/71/17 1282/183/17 1268/113/17
f 1268/113/17 1272/73/17 1276/72/17
f 1302/75/28 1282/90/28 1280/74/28
f 1302/75/27 1295/77/27 1268/76/27
f 1283/45/136 1285/30/136 1287/55/136
f 1289/56/137 1290/45/137 1283/45/137
f 1291/56/18 1292/45/18 1290/45/18
f 1293/54/171 1294/39/171 1286/39/171
f 1301/70/17 1315/70/17 1317/75/17
f 1277/78/38 1312/78/38 1310/78/38
f 1302/75/17 1317/75/17 1318/77/17
f 1318/62/17 1305/64/17 1296/64/17
f 1316/78/38 1314/78/38 1279/78/38
f 1271/78/38 1306/78/38 1304/78/38
f 1305/64/17 1307/65/17 1297/65/17
f 1297/65/17 1307/65/17 1309/67/17
f 1303/79/27 1318/77/27 1317/75/27
f 1316/56/28 1317/75/28 1315/70/28
f 1314/80/29 1315/70/29 1313/69/29
f 1312/55/30 1313/69/30 1311/68/30
f 1310/58/31 1311/68/31 1309/67/31
f 1308/54/32 1309/67/32 1307/65/32
f 1306/81/33 1307/65/33 1305/64/33
f 1304/57/34 1305/64/34 1318/62/34
f 1308/78/38 1306/78/38 1271/78/38
f 1303/78/38 1316/78/38 1281/78/38
f 1313/69/17 1315/70/17 1301/70/17
f 1269/78/38 1304/78/38 1303/78/38
f 1311/68/17 1313/69/17 1300/69/17
f 1279/78/38 1314/78/38 1312/78/38
f 1298/67/17 1309/67/17 1311/68/17
f 1310/78/38 1308/78/38 1273/78/38
f 1324/78/38 1322/78/38 1265/78/38
f 1320/78/38 1324/78/38 1263/78/38
f 1324/61/15 1320/181/15 1319/83/15
f 1326/85/16 1319/115/16 1320/32/16
f 1324/49/18 1325/87/18 1321/86/18
f 1321/86/19 1326/85/19 1323/29/19
f 1322/78/38 1323/78/38 1266/78/38
f 1323/78/38 1320/78/38 1264/78/38
f 1370/88/15 1331/48/15 1329/47/15
f 1371/89/15 1332/181/15 1331/48/15
f 1365/43/17 1369/43/17 1329/36/17
f 1331/51/134 1332/32/134 1256/32/134
f 1330/49/18 1327/46/18 1237/46/18
f 1327/46/18 1328/45/18 1233/45/18
f 1353/37/19 1356/36/19 1359/36/19
f 1336/79/39 1335/76/39 1350/90/39
f 1355/57/15 1354/54/15 1364/54/15
f 1349/56/40 1350/90/40 1348/74/40
f 1475/54/18 1477/54/18 1353/54/18
f 1347/80/41 1348/74/41 1346/37/41
f 1359/59/16 1363/91/16 1361/47/16
f 1345/55/42 1346/37/42 1344/43/42
f 1364/55/18 1360/54/18 1358/91/18
f 1343/58/43 1344/43/43 1342/36/43
f 1356/59/16 1355/91/16 1363/91/16
f 1341/54/44 1342/36/44 1340/66/44
f 1480/60/16 1478/59/16 1359/59/16
f 1485/39/15 1484/92/15 1361/92/15
f 1337/57/45 1338/63/45 1335/93/45
f 1362/39/15 1361/92/15 1363/57/15
f 1339/81/46 1340/66/46 1338/63/46
f 1337/114/15 1336/186/15 1349/96/15
f 1349/96/15 1347/189/15 1345/95/15
f 1345/95/15 1343/188/15 1341/94/15
f 1341/94/15 1339/187/15 1337/114/15
f 1337/114/15 1349/96/15 1345/95/15
f 1376/78/38 1374/78/38 1330/78/38
f 1328/37/17 1373/37/17 1377/43/17
f 1239/44/19 1367/42/19 1368/50/19
f 1233/37/17 1365/43/17 1366/41/17
f 1235/30/19 1366/41/19 1367/42/19
f 1374/97/15 1376/89/15 1375/88/15
f 1372/98/15 1375/88/15 1377/52/15
f 1377/52/139 1375/88/139 1370/88/139
f 1374/49/18 1372/46/18 1327/46/18
f 1372/46/18 1373/45/18 1328/45/18
f 1375/88/139 1376/89/139 1371/89/139
f 1393/100/17 1390/99/17 1387/99/17
f 1384/55/38 1385/54/38 1381/91/38
f 1378/37/17 1379/36/17 1383/39/17
f 1386/101/18 1378/45/18 1382/30/18
f 1383/39/16 1379/92/16 1387/102/16
f 1389/103/16 1387/102/16 1381/57/16
f 1380/56/18 1386/101/18 1388/104/18
f 1386/100/15 1387/99/15 1379/47/15
f 1392/59/15 1391/91/15 1390/99/15
f 1391/91/38 1392/59/38 1380/59/38
f 1392/56/18 1393/101/18 1386/101/18
f 1390/102/16 1391/57/16 1381/57/16
f 1395/79/39 1394/76/39 1409/90/39
f 1408/56/40 1409/90/40 1407/74/40
f 1406/80/41 1407/74/41 1405/37/41
f 1404/55/42 1405/37/42 1403/43/42
f 1402/58/43 1403/43/43 1401/36/43
f 1400/54/44 1401/36/44 1399/66/44
f 1396/57/45 1397/63/45 1394/93/45
f 1398/81/46 1399/66/46 1397/63/46
f 1396/114/15 1395/186/15 1408/96/15
f 1408/96/15 1406/189/15 1404/95/15
f 1404/95/15 1402/188/15 1400/94/15
f 1400/94/15 1398/187/15 1396/114/15
f 1396/114/15 1408/96/15 1404/95/15
f 1423/114/15 1424/186/15 1411/96/15
f 1411/96/15 1413/189/15 1415/95/15
f 1415/95/15 1417/188/15 1419/94/15
f 1419/94/15 1421/187/15 1423/114/15
f 1423/114/15 1411/96/15 1415/95/15
f 1421/81/46 1420/66/46 1422/63/46
f 1423/57/45 1422/63/45 1425/93/45
f 1419/54/44 1418/36/44 1420/66/44
f 1417/58/43 1416/43/43 1418/36/43
f 1415/55/42 1414/37/42 1416/43/42
f 1413/80/41 1412/74/41 1414/37/41
f 1411/56/40 1410/90/40 1412/74/40
f 1424/79/39 1425/76/39 1410/90/39
f 1439/114/15 1440/186/15 1427/96/15
f 1427/96/15 1429/189/15 1431/95/15
f 1431/95/15 1433/188/15 1435/94/15
f 1435/94/15 1437/187/15 1439/114/15
f 1439/114/15 1427/96/15 1431/95/15
f 1437/81/46 1436/66/46 1438/63/46
f 1439/57/45 1438/63/45 1441/93/45
f 1435/54/44 1434/36/44 1436/66/44
f 1433/58/43 1432/43/43 1434/36/43
f 1431/55/42 1430/37/42 1432/43/42
f 1429/80/41 1428/74/41 1430/37/41
f 1427/56/40 1426/90/40 1428/74/40
f 1440/79/39 1441/76/39 1426/90/39
f 1443/79/39 1442/76/39 1457/90/39
f 1456/56/40 1457/90/40 1455/74/40
f 1454/80/41 1455/74/41 1453/37/41
f 1452/55/42 1453/37/42 1451/43/42
f 1450/58/43 1451/43/43 1449/36/43
f 1448/54/44 1449/36/44 1447/66/44
f 1444/57/45 1445/63/45 1442/93/45
f 1446/81/46 1447/66/46 1445/63/46
f 1444/114/15 1443/186/15 1456/96/15
f 1456/96/15 1454/189/15 1452/95/15
f 1452/95/15 1450/188/15 1448/94/15
f 1448/94/15 1446/187/15 1444/114/15
f 1444/114/15 1456/96/15 1452/95/15
f 1471/114/15 1472/186/15 1459/96/15
f 1459/96/15 1461/189/15 1463/95/15
f 1463/95/15 1465/188/15 1467/94/15
f 1467/94/15 1469/187/15 1471/114/15
f 1471/114/15 1459/96/15 1463/95/15
f 1469/81/46 1468/66/46 1470/63/46
f 1471/57/45 1470/63/45 1473/93/45
f 1467/54/44 1466/36/44 1468/66/44
f 1465/58/43 1464/43/43 1466/36/43
f 1463/55/42 1462/37/42 1464/43/42
f 1461/80/41 1460/74/41 1462/37/41
f 1459/56/40 1458/90/40 1460/74/40
f 1472/79/39 1473/76/39 1458/90/39
f 1354/55/18 1353/54/18 1360/54/18
f 1352/30/17 1351/39/17 1334/54/17
f 1351/57/15 1352/54/15 1354/54/15
f 1334/59/16 1351/91/16 1355/91/16
f 1352/55/18 1333/54/18 1353/54/18
f 1475/37/19 1474/36/19 1476/36/19
f 1479/37/19 1478/36/19 1480/39/19
f 1478/36/17 1479/37/17 1360/37/17
f 1477/37/38 1476/36/38 1356/36/38
f 1479/54/18 1481/91/18 1358/91/18
f 1474/54/17 1475/55/17 1333/55/17
f 1476/59/16 1474/59/16 1334/59/16
f 1481/45/38 1480/30/38 1357/30/38
f 1483/45/38 1482/30/38 1484/55/38
f 1484/47/16 1482/60/16 1357/60/16
f 1483/91/18 1485/59/18 1362/59/18
f 1482/30/19 1483/45/19 1358/45/19
f 1488/59/140 1489/91/140 1487/47/140
f 1494/37/17 1495/36/17 1499/39/17
f 1496/59/140 1497/91/140 1495/47/140
f 1486/37/17 1487/36/17 1491/39/17
f 1486/45/18 1490/30/18 1492/55/18
f 1493/54/16 1491/39/16 1487/92/16
f 1494/45/18 1498/30/18 1500/55/18
f 1501/54/16 1499/39/16 1495/92/16
f 1502/37/17 1503/36/17 1507/39/17
f 1504/59/140 1505/91/140 1503/47/140
f 1502/45/18 1506/30/18 1508/55/18
f 1509/54/16 1507/39/16 1503/92/16
f 1513/105/172 1510/38/172 1511/33/172
f 1514/106/18 1231/30/18 1261/31/18
f 1259/49/18 1229/45/18 1515/108/18
f 1514/109/173 1524/109/173 1510/110/173
f 1513/78/17 1512/78/17 1518/78/17
f 1522/78/17 1523/78/17 1520/78/17
f 1231/30/17 1514/109/17 1517/110/17
f 1522/111/174 1525/108/174 1524/106/174
f 1511/112/175 1510/110/175 1524/109/175
f 1525/108/19 1522/111/19 1521/111/19
f 1520/107/15 1523/107/15 1524/106/15
f 1510/38/15 1513/105/15 1519/105/15
f 1518/34/19 1512/34/19 1511/33/19
f 1516/112/176 1511/112/176 1525/35/176
f 1551/63/45 1550/93/45 1541/93/45
f 1556/74/41 1555/37/41 1531/37/41
f 1554/43/43 1553/36/43 1535/36/43
f 1531/37/42 1555/37/42 1554/43/42
f 1550/76/39 1557/90/39 1526/90/39
f 1553/36/44 1552/66/44 1536/66/44
f 1552/66/46 1551/63/46 1538/63/46
f 1538/114/15 1541/186/15 1526/96/15
f 1526/96/15 1529/189/15 1531/95/15
f 1531/95/15 1533/188/15 1535/94/15
f 1535/94/15 1536/187/15 1538/114/15
f 1538/114/15 1526/96/15 1531/95/15
f 1528/114/15 1527/186/15 1540/96/15
f 1540/96/15 1539/189/15 1537/95/15
f 1537/95/15 1534/188/15 1532/94/15
f 1532/94/15 1530/187/15 1528/114/15
f 1528/114/15 1540/96/15 1537/95/15
f 1530/66/46 1544/66/46 1543/63/46
f 1545/36/44 1544/66/44 1530/66/44
f 1542/76/39 1549/90/39 1540/90/39
f 1537/37/42 1547/37/42 1546/43/42
f 1546/43/43 1545/36/43 1532/36/43
f 1548/74/41 1547/37/41 1537/37/41
f 1543/63/45 1542/93/45 1527/93/45
f 1549/90/40 1548/74/40 1539/74/40
f 1546/43/19 1547/37/19 1548/74/19
f 1548/74/19 1549/90/19 1542/76/19
f 1542/76/19 1543/63/19 1544/66/19
f 1544/66/19 1545/36/19 1546/43/19
f 1546/43/19 1548/74/19 1542/76/19
f 1557/90/40 1556/74/40 1529/74/40
f 1554/43/19 1555/37/19 1556/74/19
f 1556/74/19 1557/90/19 1550/76/19
f 1550/76/19 1551/63/19 1552/66/19
f 1552/66/19 1553/36/19 1554/43/19
f 1554/43/19 1556/74/19 1550/76/19
f 1559/47/15 1563/47/15 1562/60/15
f 1560/30/19 1561/39/19 1567/85/19
f 1558/45/18 1560/30/18 1569/86/18
f 1567/85/16 1561/39/16 1559/92/16
f 1562/37/17 1563/36/17 1564/39/17
f 1562/45/55 1565/30/55 1560/30/55
f 1564/39/56 1563/92/56 1559/92/56
f 1565/30/19 1564/39/19 1561/39/19
f 1566/84/15 1568/83/15 1559/47/15
f 1326/85/17 1321/86/17 1325/87/17
f 1262/29/19 1573/39/19 1572/30/19
f 1260/32/16 1571/92/16 1817/33/16
f 1816/35/38 1817/112/38 1571/36/38
f 1262/29/16 1519/105/16 1818/38/16
f 1581/40/19 1577/39/19 1673/41/19
f 1577/39/38 1575/36/38 1672/43/38
f 1580/44/18 1576/30/18 1574/45/18
f 1575/47/15 1584/47/15 1585/48/15
f 1256/32/16 1579/51/16 1581/40/16
f 1257/31/18 1580/44/18 1578/46/18
f 1258/29/19 1581/40/19 1674/42/19
f 1672/43/38 1675/43/38 1637/37/38
f 1585/51/16 1584/92/16 1583/39/16
f 1579/51/21 1585/51/21 1582/40/21
f 1581/40/19 1582/40/19 1583/39/19
f 1577/39/20 1583/39/20 1584/36/20
f 1590/39/57 1587/36/57 1592/43/57
f 1591/55/18 1589/30/18 1586/45/18
f 1593/57/16 1587/92/16 1590/39/16
f 1595/41/58 1592/43/58 1586/37/58
f 1594/58/19 1595/41/19 1589/30/19
f 1593/53/59 1594/58/59 1591/55/59
f 1586/60/15 1592/52/15 1593/53/15
f 1579/48/134 1639/48/134 1638/47/134
f 1571/47/135 1260/181/135 1259/61/135
f 1616/62/34 1596/93/34 1597/63/34
f 1597/63/33 1598/66/33 1618/65/33
f 1598/66/32 1599/36/32 1619/67/32
f 1599/36/31 1600/43/31 1620/68/31
f 1600/43/30 1601/37/30 1621/69/30
f 1601/37/29 1602/74/29 1622/70/29
f 1598/73/38 1597/182/38 1596/113/38
f 1596/113/38 1603/183/38 1602/71/38
f 1602/71/38 1601/184/38 1600/72/38
f 1600/72/38 1599/185/38 1598/73/38
f 1598/73/38 1596/113/38 1602/71/38
f 1602/74/28 1603/90/28 1623/75/28
f 1623/75/27 1603/90/27 1596/76/27
f 1608/55/136 1606/30/136 1604/45/136
f 1604/45/137 1611/45/137 1610/56/137
f 1611/45/18 1613/45/18 1612/56/18
f 1607/39/171 1615/39/171 1614/54/171
f 1622/70/38 1623/75/38 1630/75/38
f 1623/75/38 1616/77/38 1631/77/38
f 1617/64/38 1624/64/38 1631/62/38
f 1618/65/38 1625/65/38 1624/64/38
f 1618/65/38 1619/67/38 1626/67/38
f 1630/75/27 1631/77/27 1303/79/27
f 1629/70/28 1630/75/28 1316/56/28
f 1628/69/29 1629/70/29 1314/80/29
f 1627/68/30 1628/69/30 1312/55/30
f 1626/67/31 1627/68/31 1310/58/31
f 1625/65/32 1626/67/32 1308/54/32
f 1624/64/33 1625/65/33 1306/81/33
f 1631/62/34 1624/64/34 1304/57/34
f 1622/70/38 1629/70/38 1628/69/38
f 1621/69/38 1628/69/38 1627/68/38
f 1619/67/38 1620/68/38 1627/68/38
f 1632/83/15 1320/181/15 1324/61/15
f 1320/32/16 1632/115/16 1635/85/16
f 1324/49/18 1322/31/18 1633/86/18
f 1323/29/19 1635/85/19 1633/86/19
f 1638/47/15 1639/48/15 1676/88/15
f 1639/48/15 1332/181/15 1371/89/15
f 1672/43/38 1575/36/38 1638/36/38
f 1256/32/134 1332/32/134 1639/51/134
f 1578/46/18 1636/46/18 1330/49/18
f 1574/45/18 1637/45/18 1636/46/18
f 1666/36/19 1663/36/19 1660/37/19
f 1657/90/42 1642/76/42 1643/79/42
f 1671/54/15 1661/54/15 1662/57/15
f 1655/74/41 1657/90/41 1656/56/41
f 1660/54/18 1780/54/18 1778/54/18
f 1653/37/40 1655/74/40 1654/80/40
f 1668/47/16 1670/91/16 1666/59/16
f 1651/43/39 1653/37/39 1652/55/39
f 1665/91/18 1667/54/18 1671/55/18
f 1649/36/45 1651/43/45 1650/58/45
f 1670/91/16 1662/91/16 1663/59/16
f 1647/66/46 1649/36/46 1648/54/46
f 1666/59/16 1781/59/16 1783/60/16
f 1668/92/15 1787/92/15 1788/39/15
f 1642/93/43 1645/63/43 1644/57/43
f 1670/57/15 1668/92/15 1669/39/15
f 1645/63/44 1647/66/44 1646/81/44
f 1656/96/15 1643/186/15 1644/114/15
f 1644/114/15 1646/187/15 1648/94/15
f 1648/94/15 1650/188/15 1652/95/15
f 1652/95/15 1654/189/15 1656/96/15
f 1656/96/15 1644/114/15 1648/94/15
f 1637/37/38 1675/43/38 1680/43/38
f 1368/50/19 1674/42/19 1580/44/19
f 1673/41/38 1672/43/38 1574/37/38
f 1674/42/19 1673/41/19 1576/30/19
f 1679/88/15 1376/89/15 1374/97/15
f 1680/52/15 1679/88/15 1677/98/15
f 1676/88/139 1679/88/139 1680/52/139
f 1636/46/18 1677/46/18 1374/49/18
f 1637/45/18 1678/45/18 1677/46/18
f 1371/89/139 1376/89/139 1679/88/139
f 1690/99/38 1693/99/38 1696/100/38
f 1684/91/17 1688/54/17 1687/55/17
f 1686/39/38 1682/36/38 1681/37/38
f 1689/101/18 1691/104/18 1685/30/18
f 1690/102/16 1682/92/16 1686/39/16
f 1684/57/16 1690/102/16 1692/103/16
f 1683/56/18 1687/55/18 1691/104/18
f 1682/47/15 1690/99/15 1689/100/15
f 1693/99/15 1694/91/15 1695/59/15
f 1683/59/17 1695/59/17 1694/91/17
f 1689/101/18 1696/101/18 1695/56/18
f 1684/57/16 1694/57/16 1693/102/16
f 1712/90/42 1697/76/42 1698/79/42
f 1710/74/41 1712/90/41 1711/56/41
f 1708/37/40 1710/74/40 1709/80/40
f 1706/43/39 1708/37/39 1707/55/39
f 1704/36/45 1706/43/45 1705/58/45
f 1702/66/46 1704/36/46 1703/54/46
f 1697/93/43 1700/63/43 1699/57/43
f 1700/63/44 1702/66/44 1701/81/44
f 1711/96/15 1698/186/15 1699/114/15
f 1699/114/15 1701/187/15 1703/94/15
f 1703/94/15 1705/188/15 1707/95/15
f 1707/95/15 1709/189/15 1711/96/15
f 1711/96/15 1699/114/15 1703/94/15
f 1714/96/15 1727/186/15 1726/114/15
f 1726/114/15 1724/187/15 1722/94/15
f 1722/94/15 1720/188/15 1718/95/15
f 1718/95/15 1716/189/15 1714/96/15
f 1714/96/15 1726/114/15 1722/94/15
f 1725/63/44 1723/66/44 1724/81/44
f 1728/93/43 1725/63/43 1726/57/43
f 1723/66/46 1721/36/46 1722/54/46
f 1721/36/45 1719/43/45 1720/58/45
f 1719/43/39 1717/37/39 1718/55/39
f 1717/37/40 1715/74/40 1716/80/40
f 1715/74/41 1713/90/41 1714/56/41
f 1713/90/42 1728/76/42 1727/79/42
f 1730/96/15 1743/186/15 1742/114/15
f 1742/114/15 1740/187/15 1738/94/15
f 1738/94/15 1736/188/15 1734/95/15
f 1734/95/15 1732/189/15 1730/96/15
f 1730/96/15 1742/114/15 1738/94/15
f 1741/63/44 1739/66/44 1740/81/44
f 1744/93/43 1741/63/43 1742/57/43
f 1739/66/46 1737/36/46 1738/54/46
f 1737/36/45 1735/43/45 1736/58/45
f 1735/43/39 1733/37/39 1734/55/39
f 1733/37/40 1731/74/40 1732/80/40
f 1731/74/41 1729/90/41 1730/56/41
f 1729/90/42 1744/76/42 1743/79/42
f 1760/90/42 1745/76/42 1746/79/42
f 1758/74/41 1760/90/41 1759/56/41
f 1756/37/40 1758/74/40 1757/80/40
f 1754/43/39 1756/37/39 1755/55/39
f 1752/36/45 1754/43/45 1753/58/45
f 1750/66/46 1752/36/46 1751/54/46
f 1745/93/43 1748/63/43 1747/57/43
f 1748/63/44 1750/66/44 1749/81/44
f 1759/96/15 1746/186/15 1747/114/15
f 1747/114/15 1749/187/15 1751/94/15
f 1751/94/15 1753/188/15 1755/95/15
f 1755/95/15 1757/189/15 1759/96/15
f 1759/96/15 1747/114/15 1751/94/15
f 1762/96/15 1775/186/15 1774/114/15
f 1774/114/15 1772/187/15 1770/94/15
f 1770/94/15 1768/188/15 1766/95/15
f 1766/95/15 1764/189/15 1762/96/15
f 1762/96/15 1774/114/15 1770/94/15
f 1773/63/44 1771/66/44 1772/81/44
f 1776/93/43 1773/63/43 1774/57/43
f 1771/66/46 1769/36/46 1770/54/46
f 1769/36/45 1767/43/45 1768/58/45
f 1767/43/39 1765/37/39 1766/55/39
f 1765/37/40 1763/74/40 1764/80/40
f 1763/74/41 1761/90/41 1762/56/41
f 1761/90/42 1776/76/42 1775/79/42
f 1667/54/18 1660/54/18 1661/55/18
f 1641/54/38 1658/39/38 1659/30/38
f 1661/54/15 1659/54/15 1658/57/15
f 1662/91/16 1658/91/16 1641/59/16
f 1660/54/18 1640/54/18 1659/55/18
f 1779/36/19 1777/36/19 1778/37/19
f 1783/39/19 1781/36/19 1782/37/19
f 1667/37/38 1782/37/38 1781/36/38
f 1663/36/17 1779/36/17 1780/37/17
f 1665/91/18 1784/91/18 1782/54/18
f 1640/55/38 1778/55/38 1777/54/38
f 1641/59/16 1777/59/16 1779/59/16
f 1664/30/17 1783/30/17 1784/45/17
f 1787/55/17 1785/30/17 1786/45/17
f 1664/60/16 1785/60/16 1787/47/16
f 1669/59/18 1788/59/18 1786/91/18
f 1665/45/19 1786/45/19 1785/30/19
f 1790/47/145 1792/91/145 1791/59/145
f 1802/39/38 1798/36/38 1797/37/38
f 1798/47/145 1800/91/145 1799/59/145
f 1794/39/38 1790/36/38 1789/37/38
f 1795/55/18 1793/30/18 1789/45/18
f 1796/54/16 1792/57/16 1790/92/16
f 1803/55/18 1801/30/18 1797/45/18
f 1804/54/16 1800/57/16 1798/92/16
f 1810/39/38 1806/36/38 1805/37/38
f 1806/47/145 1808/91/145 1807/59/145
f 1811/55/18 1809/30/18 1805/45/18
f 1812/54/16 1808/57/16 1806/92/16
f 1814/33/177 1813/38/177 1513/105/177
f 1261/31/18 1572/30/18 1815/106/18
f 1259/49/18 1521/111/18 1816/108/18
f 1815/109/178 1818/110/178 1813/110/178
f 1572/30/38 1573/39/38 1818/110/38
f 1819/106/179 1820/108/179 1522/111/179
f 1814/112/180 1820/35/180 1819/109/180
f 1521/111/19 1522/111/19 1820/108/19
f 1520/107/15 1815/106/15 1819/106/15
f 1519/105/15 1513/105/15 1813/38/15
f 1518/34/19 1817/33/19 1814/33/19
f 1817/112/181 1816/35/181 1820/35/181
f 1836/93/43 1845/93/43 1846/63/43
f 1826/37/40 1850/37/40 1851/74/40
f 1830/36/45 1848/36/45 1849/43/45
f 1826/37/39 1828/43/39 1849/43/39
f 1821/90/42 1852/90/42 1845/76/42
f 1831/66/46 1847/66/46 1848/36/46
f 1833/63/44 1846/63/44 1847/66/44
f 1821/96/15 1836/186/15 1833/114/15
f 1833/114/15 1831/187/15 1830/94/15
f 1830/94/15 1828/188/15 1826/95/15
f 1826/95/15 1824/189/15 1821/96/15
f 1821/96/15 1833/114/15 1830/94/15
f 1835/96/15 1822/186/15 1823/114/15
f 1823/114/15 1825/187/15 1827/94/15
f 1827/94/15 1829/188/15 1832/95/15
f 1832/95/15 1834/189/15 1835/96/15
f 1835/96/15 1823/114/15 1827/94/15
f 1825/66/44 1823/63/44 1838/63/44
f 1825/66/46 1839/66/46 1840/36/46
f 1835/90/42 1844/90/42 1837/76/42
f 1832/37/39 1829/43/39 1841/43/39
f 1827/36/45 1840/36/45 1841/43/45
f 1832/37/40 1842/37/40 1843/74/40
f 1822/93/43 1837/93/43 1838/63/43
f 1834/74/41 1843/74/41 1844/90/41
f 1843/74/19 1842/37/19 1841/43/19
f 1841/43/19 1840/36/19 1839/66/19
f 1839/66/19 1838/63/19 1837/76/19
f 1837/76/19 1844/90/19 1843/74/19
f 1843/74/19 1841/43/19 1839/66/19
f 1824/74/41 1851/74/41 1852/90/41
f 1851/74/19 1850/37/19 1849/43/19
f 1849/43/19 1848/36/19 1847/66/19
f 1847/66/19 1846/63/19 1845/76/19
f 1845/76/19 1852/90/19 1851/74/19
f 1851/74/19 1849/43/19 1847/66/19
f 1854/47/15 1853/60/15 1857/60/15
f 1862/85/19 1856/39/19 1855/30/19
f 1864/86/18 1855/30/18 1853/45/18
f 1862/85/16 1863/115/16 1854/92/16
f 1859/39/38 1858/36/38 1857/37/38
f 1855/30/67 1860/30/67 1857/45/67
f 1854/92/68 1858/92/68 1859/39/68
f 1856/39/19 1859/39/19 1860/30/19
f 1854/47/15 1863/83/15 1861/84/15
f 1634/87/38 1633/86/38 1635/85/38
f 1886/78/69 1885/78/69 1902/78/69
f 1888/78/70 1887/78/70 1898/78/70
f 1885/78/71 1884/78/71 1896/78/71
f 1887/78/72 1886/78/72 1903/78/72
f 1912/78/73 1896/78/73 1884/78/73
f 1919/78/19 1891/78/19 1932/78/19
f 1883/78/15 1924/78/15 1927/78/15
f 1881/78/74 1940/78/74 1939/78/74
f 1893/78/75 1944/78/75 1943/78/75
f 1899/78/76 1913/78/76 1906/78/76
f 1885/78/19 1908/78/19 1909/78/19
f 1873/78/15 1915/78/15 1880/78/15
f 1886/78/19 1907/78/19 1908/78/19
f 1873/78/15 1874/78/15 1914/78/15
f 1886/78/19 1887/78/19 1905/78/19
f 1871/78/15 1882/78/15 1911/78/15
f 1900/78/76 1910/78/76 1913/78/76
f 1918/78/73 1895/78/73 1896/78/73
f 1870/78/76 1911/78/76 1910/78/76
f 1887/78/19 1888/78/19 1906/78/19
f 1872/78/15 1880/78/15 1882/78/15
f 1914/78/73 1874/78/73 1895/78/73
f 1919/78/19 1925/78/19 1934/78/19
f 1877/78/77 1921/78/77 1922/78/77
f 1866/78/19 1928/78/19 1938/78/19
f 1918/78/78 1912/78/78 1875/78/78
f 1917/78/15 1931/78/15 1940/78/15
f 1910/78/79 1920/78/79 1922/78/79
f 1892/78/15 1929/78/15 1942/78/15
f 1877/78/80 1923/78/80 1875/78/80
f 1897/78/72 1904/78/72 1872/78/72
f 1898/78/72 1903/78/72 1904/78/72
f 1901/78/71 1895/78/71 1874/78/71
f 1902/78/71 1896/78/71 1895/78/71
f 1900/78/70 1897/78/70 1871/78/70
f 1900/78/70 1899/78/70 1898/78/70
f 1872/78/69 1904/78/69 1901/78/69
f 1904/78/69 1903/78/69 1902/78/69
f 1867/78/79 1868/78/79 1905/78/79
f 1865/78/77 1907/78/77 1905/78/77
f 1866/78/80 1908/78/80 1907/78/80
f 1869/78/78 1909/78/78 1908/78/78
f 1890/78/79 1910/78/79 1911/78/79
f 1894/78/78 1912/78/78 1909/78/78
f 1867/78/79 1906/78/79 1913/78/79
f 1878/78/78 1879/78/78 1915/78/78
f 1916/78/80 1880/78/80 1915/78/80
f 1917/78/77 1882/78/77 1880/78/77
f 1881/78/79 1911/78/79 1882/78/79
f 1878/78/78 1914/78/78 1918/78/78
f 1919/78/77 1877/78/77 1920/78/77
f 1892/78/77 1922/78/77 1921/78/77
f 1893/78/78 1918/78/78 1923/78/78
f 1894/78/78 1924/78/78 1875/78/78
f 1890/78/79 1891/78/79 1920/78/79
f 1889/78/81 1913/78/81 1922/78/81
f 1919/78/80 1876/78/80 1923/78/80
f 1883/78/80 1921/78/80 1875/78/80
f 1927/78/80 1928/78/80 1935/78/80
f 1929/78/82 1930/78/82 1937/78/82
f 1941/78/83 1938/78/83 1928/78/83
f 1936/78/166 1935/78/166 1930/78/166
f 1926/78/167 1925/78/167 1932/78/167
f 1943/78/83 1944/78/83 1934/78/83
f 1931/78/82 1932/78/82 1939/78/82
f 1926/78/80 1933/78/80 1934/78/80
f 1869/78/75 1938/78/75 1941/78/75
f 1883/78/15 1936/78/15 1929/78/15
f 1889/78/74 1942/78/74 1937/78/74
f 1876/78/19 1934/78/19 1944/78/19
f 1879/78/15 1878/78/15 1943/78/15
f 1868/78/19 1867/78/19 1937/78/19
f 1924/78/15 1894/78/15 1941/78/15
f 1916/78/15 1879/78/15 1933/78/15
f 1865/78/19 1868/78/19 1930/78/19
f 1891/78/19 1890/78/19 1939/78/19
f 1916/78/15 1926/78/15 1931/78/15
f 1865/78/19 1935/78/19 1928/78/19
f 1952/93/43 1953/93/43 1954/63/43
f 1947/37/40 1958/37/40 1959/74/40
f 1949/36/45 1956/36/45 1957/43/45
f 1947/37/39 1948/43/39 1957/43/39
f 1945/90/42 1960/90/42 1953/76/42
f 1950/66/46 1955/66/46 1956/36/46
f 1951/63/44 1954/63/44 1955/66/44
f 1945/96/15 1952/186/15 1951/114/15
f 1951/114/15 1950/187/15 1949/94/15
f 1949/94/15 1948/188/15 1947/95/15
f 1947/95/15 1946/189/15 1945/96/15
f 1945/96/15 1951/114/15 1949/94/15
f 1946/74/41 1959/74/41 1960/90/41
f 1959/74/19 1958/37/19 1957/43/19
f 1957/43/19 1956/36/19 1955/66/19
f 1955/66/19 1954/63/19 1953/76/19
f 1953/76/19 1960/90/19 1959/74/19
f 1959/74/19 1957/43/19 1955/66/19
f 1961/60/15 1962/47/15 1964/91/15
f 1964/91/84 1968/54/84 1967/55/84
f 1968/54/19 1966/39/19 1965/30/19
f 1966/39/85 1962/36/85 1961/37/85
f 1967/55/86 1965/30/86 1961/45/86
f 1976/93/43 1977/93/43 1978/63/43
f 1971/37/40 1982/37/40 1983/74/40
f 1973/36/45 1980/36/45 1981/43/45
f 1971/37/39 1972/43/39 1981/43/39
f 1969/90/42 1984/90/42 1977/76/42
f 1974/66/46 1979/66/46 1980/36/46
f 1975/63/44 1978/63/44 1979/66/44
f 1969/96/15 1976/186/15 1975/114/15
f 1975/114/15 1974/187/15 1973/94/15
f 1973/94/15 1972/188/15 1971/95/15
f 1971/95/15 1970/189/15 1969/96/15
f 1969/96/15 1975/114/15 1973/94/15
f 1970/74/41 1983/74/41 1984/90/41
f 1983/74/19 1982/37/19 1981/43/19
f 1981/43/19 1980/36/19 1979/66/19
f 1979/66/19 1978/63/19 1977/76/19
f 1977/76/19 1984/90/19 1983/74/19
f 1983/74/19 1981/43/19 1979/66/19
f 1992/93/43 1993/93/43 1994/63/43
f 1987/37/40 1998/37/40 1999/74/40
f 1989/36/45 1996/36/45 1997/43/45
f 1987/37/39 1988/43/39 1997/43/39
f 1985/90/42 2000/90/42 1993/76/42
f 1990/66/46 1995/66/46 1996/36/46
f 1991/63/44 1994/63/44 1995/66/44
f 1985/96/15 1992/186/15 1991/114/15
f 1991/114/15 1990/187/15 1989/94/15
f 1989/94/15 1988/188/15 1987/95/15
f 1987/95/15 1986/189/15 1985/96/15
f 1985/96/15 1991/114/15 1989/94/15
f 1986/74/41 1999/74/41 2000/90/41
f 1999/74/19 1998/37/19 1997/43/19
f 1997/43/19 1996/36/19 1995/66/19
f 1995/66/19 1994/63/19 1993/76/19
f 1993/76/19 2000/90/19 1999/74/19
f 1999/74/19 1997/43/19 1995/66/19
f 2021/117/87 2009/56/87 2008/116/87
f 2020/120/88 2007/136/88 2009/119/88
f 2012/57/89 2024/123/89 2023/121/89
f 2011/124/90 2022/145/90 2024/123/90
f 2003/45/91 2015/128/91 2014/126/91
f 2002/129/92 2013/139/92 2015/128/92
f 2018/131/93 2006/92/93 2005/130/93
f 2017/133/94 2004/190/94 2006/36/94
f 2028/92/153 2032/57/153 2030/134/153
f 2026/60/152 2029/59/152 2032/59/152
f 2053/117/87 2041/56/87 2040/116/87
f 2052/120/88 2039/136/88 2041/119/88
f 2044/57/168 2056/123/168 2055/121/168
f 2043/124/90 2054/145/90 2056/123/90
f 2035/45/169 2047/128/169 2046/126/169
f 2034/129/92 2045/139/92 2047/128/92
f 2050/131/93 2038/92/93 2037/130/93
f 2049/133/94 2036/190/94 2038/36/94
f 2077/117/99 2065/119/99 2064/136/99
f 2076/118/100 2063/116/100 2065/56/100
f 2068/138/101 2080/123/101 2079/137/101
f 2067/122/109 2078/121/109 2080/123/109
f 2059/37/103 2071/140/103 2070/139/103
f 2058/127/110 2069/126/110 2071/140/110
f 2074/142/105 2062/36/105 2061/141/105
f 2073/132/106 2060/130/106 2062/92/106
f 2084/60/152 2088/59/152 2086/59/152
f 2082/144/151 2085/168/151 2088/57/151
f 2109/117/99 2097/119/99 2096/136/99
f 2108/118/100 2095/116/100 2097/56/100
f 2100/138/101 2112/123/101 2111/145/101
f 2099/122/109 2110/121/109 2112/123/109
f 2091/37/103 2103/140/103 2102/139/103
f 2090/127/110 2101/126/110 2103/140/110
f 2106/142/105 2094/36/105 2093/141/105
f 2105/132/106 2092/130/106 2094/92/106
f 2133/147/112 2121/191/112 2120/146/112
f 2132/149/113 2119/172/113 2121/56/113
f 2124/151/114 2136/153/114 2135/150/114
f 2123/154/115 2134/175/115 2136/153/115
f 2115/37/116 2127/157/116 2126/155/116
f 2114/158/117 2125/126/117 2127/157/117
f 2130/160/118 2118/36/118 2117/159/118
f 2129/162/119 2116/192/119 2118/92/119
f 2157/147/112 2145/191/112 2144/146/112
f 2156/149/113 2143/172/113 2145/56/113
f 2148/151/114 2160/153/114 2159/150/114
f 2147/154/115 2158/175/115 2160/153/115
f 2139/37/116 2151/157/116 2150/155/116
f 2138/158/117 2149/126/117 2151/157/117
f 2154/160/118 2142/36/118 2141/159/118
f 2153/162/119 2140/192/119 2142/92/119
f 2001/127/120 2014/126/120 2019/118/120
f 2003/177/15 2001/193/15 2008/165/15
f 2008/165/15 2009/119/15 2007/136/15
f 2007/136/15 2011/124/15 2012/125/15
f 2012/125/15 2010/196/15 2005/176/15
f 2005/176/15 2006/195/15 2004/164/15
f 2004/164/15 2002/194/15 2003/177/15
f 2003/177/15 2008/165/15 2007/136/15
f 2007/136/15 2012/125/15 2005/176/15
f 2005/176/15 2004/164/15 2003/177/15
f 2002/129/121 2004/190/121 2017/133/121
f 2016/132/122 2005/130/122 2010/122/122
f 2020/120/123 2022/145/123 2011/124/123
f 2021/117/19 2019/118/19 2014/126/19
f 2014/126/19 2015/128/19 2013/139/19
f 2013/139/19 2017/133/19 2018/131/19
f 2018/131/19 2016/132/19 2023/121/19
f 2023/121/19 2024/123/19 2022/145/19
f 2022/145/19 2020/120/19 2021/117/19
f 2021/117/19 2014/126/19 2013/139/19
f 2013/139/19 2018/131/19 2023/121/19
f 2023/121/19 2022/145/19 2021/117/19
f 2027/37/17 1283/37/17 1290/37/17
f 1290/37/17 1292/37/17 2026/37/17
f 1286/39/17 1285/30/17 1283/37/17
f 1283/37/17 2027/166/17 2025/169/17
f 1292/60/135 1291/59/135 2029/59/135
f 1286/39/154 2025/135/154 2030/134/154
f 2031/59/38 2029/59/38 1291/59/38
f 1291/59/38 1289/59/38 1284/59/38
f 2031/167/38 1284/59/38 1287/55/38
f 1287/55/38 1288/54/38 2030/170/38
f 2033/127/120 2046/126/120 2051/118/120
f 2035/177/15 2033/193/15 2040/165/15
f 2040/165/15 2041/119/15 2039/136/15
f 2039/136/15 2043/124/15 2044/125/15
f 2044/125/15 2042/196/15 2037/176/15
f 2037/176/15 2038/195/15 2036/164/15
f 2036/164/15 2034/194/15 2035/177/15
f 2035/177/15 2040/165/15 2039/136/15
f 2039/136/15 2044/125/15 2037/176/15
f 2037/176/15 2036/164/15 2035/177/15
f 2034/129/121 2036/190/121 2049/133/121
f 2048/132/122 2037/130/122 2042/122/122
f 2052/120/123 2054/145/123 2043/124/123
f 2053/117/19 2051/118/19 2046/126/19
f 2046/126/19 2047/128/19 2045/139/19
f 2045/139/19 2049/133/19 2050/131/19
f 2050/131/19 2048/132/19 2055/121/19
f 2055/121/19 2056/123/19 2054/145/19
f 2054/145/19 2052/120/19 2053/117/19
f 2053/117/19 2046/126/19 2045/139/19
f 2045/139/19 2050/131/19 2055/121/19
f 2055/121/19 2054/145/19 2053/117/19
f 2076/118/125 2069/126/125 2058/127/125
f 2059/177/15 2057/194/15 2061/164/15
f 2061/164/15 2062/197/15 2060/176/15
f 2060/176/15 2067/196/15 2068/138/15
f 2068/138/15 2066/124/15 2064/136/15
f 2064/136/15 2065/119/15 2063/165/15
f 2063/165/15 2058/193/15 2059/177/15
f 2059/177/15 2061/164/15 2060/176/15
f 2060/176/15 2068/138/15 2064/136/15
f 2064/136/15 2063/165/15 2059/177/15
f 2072/143/126 2061/141/126 2057/129/126
f 2067/122/127 2060/130/127 2073/132/127
f 2066/124/128 2079/137/128 2075/120/128
f 2077/117/19 2075/120/19 2079/137/19
f 2079/137/19 2080/123/19 2078/121/19
f 2078/121/19 2073/132/19 2074/142/19
f 2074/142/19 2072/143/19 2070/139/19
f 2070/139/19 2071/140/19 2069/126/19
f 2069/126/19 2076/118/19 2077/117/19
f 2077/117/19 2079/137/19 2078/121/19
f 2078/121/19 2074/142/19 2070/139/19
f 2070/139/19 2069/126/19 2077/117/19
f 1611/37/38 1604/37/38 2083/37/38
f 2083/37/38 2081/37/38 1613/37/38
f 2085/168/154 2082/144/154 1607/39/154
f 1604/37/38 1606/30/38 1607/39/38
f 1607/39/38 2082/169/38 2083/178/38
f 2086/59/135 1612/59/135 1613/60/135
f 1608/55/17 1605/59/17 2087/171/17
f 2087/171/17 2085/170/17 1609/54/17
f 2086/59/17 2087/59/17 1605/59/17
f 1605/59/17 1610/59/17 1612/59/17
f 2108/118/125 2101/126/125 2090/127/125
f 2091/177/15 2089/194/15 2093/164/15
f 2093/164/15 2094/197/15 2092/176/15
f 2092/176/15 2099/196/15 2100/138/15
f 2100/138/15 2098/124/15 2096/136/15
f 2096/136/15 2097/119/15 2095/165/15
f 2095/165/15 2090/193/15 2091/177/15
f 2091/177/15 2093/164/15 2092/176/15
f 2092/176/15 2100/138/15 2096/136/15
f 2096/136/15 2095/165/15 2091/177/15
f 2104/143/126 2093/141/126 2089/129/126
f 2099/122/127 2092/130/127 2105/132/127
f 2098/124/128 2111/145/128 2107/120/128
f 2109/117/19 2107/120/19 2111/145/19
f 2111/145/19 2112/123/19 2110/121/19
f 2110/121/19 2105/132/19 2106/142/19
f 2106/142/19 2104/143/19 2102/139/19
f 2102/139/19 2103/140/19 2101/126/19
f 2101/126/19 2108/118/19 2109/117/19
f 2109/117/19 2111/145/19 2110/121/19
f 2110/121/19 2106/142/19 2102/139/19
f 2102/139/19 2101/126/19 2109/117/19
f 2132/149/129 2125/126/129 2114/158/129
f 2115/180/15 2113/198/15 2117/174/15
f 2117/174/15 2118/200/15 2116/179/15
f 2116/179/15 2123/199/15 2124/151/15
f 2124/151/15 2122/152/15 2120/146/15
f 2120/146/15 2121/191/15 2119/173/15
f 2119/173/15 2114/193/15 2115/180/15
f 2115/180/15 2117/174/15 2116/179/15
f 2116/179/15 2124/151/15 2120/146/15
f 2120/146/15 2119/173/15 2115/180/15
f 2128/161/133 2117/159/133 2113/156/133
f 2123/154/131 2116/192/131 2129/162/131
f 2122/152/170 2135/150/170 2131/148/170
f 2133/147/19 2131/148/19 2135/150/19
f 2135/150/19 2136/153/19 2134/175/19
f 2134/175/19 2129/162/19 2130/160/19
f 2130/160/19 2128/161/19 2126/155/19
f 2126/155/19 2127/157/19 2125/126/19
f 2125/126/19 2132/149/19 2133/147/19
f 2133/147/19 2135/150/19 2134/175/19
f 2134/175/19 2130/160/19 2126/155/19
f 2126/155/19 2125/126/19 2133/147/19
f 2156/149/129 2149/126/129 2138/158/129
f 2139/180/15 2137/198/15 2141/174/15
f 2141/174/15 2142/200/15 2140/179/15
f 2140/179/15 2147/199/15 2148/151/15
f 2148/151/15 2146/163/15 2144/146/15
f 2144/146/15 2145/191/15 2143/173/15
f 2143/173/15 2138/193/15 2139/180/15
f 2139/180/15 2141/174/15 2140/179/15
f 2140/179/15 2148/151/15 2144/146/15
f 2144/146/15 2143/173/15 2139/180/15
f 2152/161/133 2141/159/133 2137/156/133
f 2147/154/131 2140/192/131 2153/162/131
f 2146/163/132 2159/150/132 2155/148/132
f 2157/147/19 2155/148/19 2159/150/19
f 2159/150/19 2160/153/19 2158/175/19
f 2158/175/19 2153/162/19 2154/160/19
f 2154/160/19 2152/161/19 2150/155/19
f 2150/155/19 2151/157/19 2149/126/19
f 2149/126/19 2156/149/19 2157/147/19
f 2157/147/19 2159/150/19 2158/175/19
f 2158/175/19 2154/160/19 2150/155/19
f 2150/155/19 2149/126/19 2157/147/19
o WheelFrame.007
v -1.068000 0.510000 -1.910000
v -1.050000 0.690000 -1.910000
v -0.910000 0.510000 -1.910000
v -0.910000 0.690000 -1.910000
v -0.900000 0.440000 -1.820000
v -0.900000 0.500000 -1.820000
v -0.840000 0.440000 -1.820000
v -0.840000 0.500000 -1.820000
v -0.900000 0.440000 -1.890000
v -0.900000 0.500000 -1.890000
v -0.840000 0.440000 -1.890000
v -0.840000 0.500000 -1.890000
v -0.840000 1.000000 -1.930000
v -0.840000 1.000000 -1.780000
v -0.900000 1.000000 -1.780000
v -0.900000 1.000000 -1.930000
v -0.970000 0.810000 -1.660000
v -0.970000 1.000000 -1.440000
v -0.970000 0.810000 -1.680000
v -0.910000 0.810000 -1.660000
v -0.910000 1.000000 -1.440000
v -0.910000 0.810000 -1.680000
v -0.970000 0.900000 -1.500000
v -0.970000 1.000000 -1.640000
v -0.910000 1.000000 -1.640000
v -0.910000 0.900000 -1.500000
v -0.900000 0.440000 -2.000000
v -0.900000 0.500000 -2.000000
v -0.840000 0.440000 -2.000000
v -0.840000 0.500000 -2.000000
v -1.068000 0.510000 -2.000000
v -1.050000 0.690000 -2.000000
v -0.910000 0.510000 -2.000000
v -0.910000 0.690000 -2.000000
v -0.970000 0.700000 -2.000000
v -0.970000 0.820000 -2.000000
v -0.910000 0.700000 -2.000000
v -0.910000 0.820000 -2.000000
v -1.030000 0.720000 -2.000000
v -1.030000 0.720000 -1.930000
v -1.019394 0.715607 -2.000000
v -1.019394 0.715607 -1.930000
v -1.015000 0.705000 -2.000000
v -1.015000 0.705000 -1.930000
v -1.019394 0.694393 -2.000000
v -1.019394 0.694393 -1.930000
v -1.030000 0.690000 -2.000000
v -1.030000 0.690000 -1.930000
v -1.040607 0.694393 -2.000000
v -1.040607 0.694393 -1.930000
v -1.045000 0.705000 -2.000000
v -1.045000 0.705000 -1.930000
v -1.040607 0.715607 -2.000000
v -1.040607 0.715607 -1.930000
v -1.049000 0.700000 -1.950000
v -1.049000 0.700000 -1.970000
v -1.031500 0.698000 -1.950000
v -1.030500 0.723000 -1.950000
v -1.031500 0.698000 -1.970000
v -1.030500 0.723000 -1.970000
v -1.057000 0.620000 -1.970000
v -1.057000 0.620000 -1.950000
v -1.067000 0.620000 -1.970000
v -1.067000 0.620000 -1.950000
v -1.020000 0.716000 -1.970000
v -1.020000 0.716000 -1.950000
v -1.030000 0.720000 -1.972000
v -1.019394 0.715607 -1.972000
v -1.015000 0.705000 -1.972000
v -1.019394 0.694393 -1.972000
v -1.030000 0.690000 -1.972000
v -1.040607 0.694393 -1.972000
v -1.045000 0.705000 -1.972000
v -1.040607 0.715607 -1.972000
v -1.030000 0.726580 -2.000000
v -1.014741 0.720259 -2.000000
v -1.014741 0.720259 -1.972000
v -1.008420 0.705000 -2.000000
v -1.008420 0.705000 -1.972000
v -1.014741 0.689741 -2.000000
v -1.014741 0.689741 -1.972000
v -1.030000 0.683420 -2.000000
v -1.030000 0.683420 -1.972000
v -1.045259 0.689741 -2.000000
v -1.045259 0.689741 -1.972000
v -1.051580 0.705000 -2.000000
v -1.051580 0.705000 -1.972000
v -1.045259 0.720259 -2.000000
v -1.045259 0.720259 -1.972000
v -1.030000 0.726580 -1.972000
v -0.977071 0.827071 -1.960000
v -0.977071 0.827071 -2.000000
v -0.902929 0.692929 -1.960000
v -0.902929 0.692929 -2.000000
v -0.902929 0.827071 -2.000000
v -0.977071 0.692929 -2.000000
v -0.977071 0.692929 -1.960000
v -0.902929 0.827071 -1.960000
v -0.910000 0.440000 -1.890000
v -0.910000 0.440000 -1.820000
v -0.910000 0.490000 -1.820000
v -0.910000 0.440000 -2.000000
v -0.910000 0.490000 -1.890000
v -0.910000 0.490000 -2.000000
v -0.920000 0.520000 -1.875000
v -0.920000 0.680000 -1.875000
v -0.910000 0.480000 -1.847500
v -0.915000 0.480000 -1.847500
v -0.915000 0.474697 -1.845303
v -0.910000 0.474697 -1.845303
v -0.915000 0.472500 -1.840000
v -0.910000 0.472500 -1.840000
v -0.915000 0.474697 -1.834697
v -0.910000 0.474697 -1.834697
v -0.915000 0.480000 -1.832500
v -0.910000 0.480000 -1.832500
v -0.915000 0.485303 -1.834697
v -0.910000 0.485303 -1.834697
v -0.915000 0.487500 -1.840000
v -0.910000 0.487500 -1.840000
v -0.915000 0.485303 -1.845303
v -0.910000 0.485303 -1.845303
v -0.930000 0.680000 -1.875000
v -0.930000 0.520000 -1.875000
v -0.920000 0.520000 -1.880000
v -0.930000 0.520000 -1.880000
v -0.930000 0.680000 -1.880000
v -0.920000 0.680000 -1.880000
v -0.920000 0.680000 -1.895000
v -0.920000 0.520000 -1.895000
v -0.920000 0.680000 -1.890000
v -0.920000 0.520000 -1.890000
v -0.930000 0.680000 -1.895000
v -0.930000 0.520000 -1.895000
v -0.930000 0.680000 -1.890000
v -0.930000 0.520000 -1.890000
v -0.900000 0.446000 -1.820000
v -0.840000 0.446000 -1.820000
v -0.840000 0.446000 -1.890000
v -0.840000 0.446000 -2.000000
v -0.910000 0.446000 -1.820000
v -0.910000 0.446000 -1.890000
v -0.910000 0.446000 -2.000000
v -0.920000 0.440000 -1.890000
v -0.920000 0.440000 -1.820000
v -0.920000 0.440000 -2.000000
v -0.920000 0.445000 -1.890000
v -0.920000 0.445000 -2.000000
v -0.920000 0.445000 -1.820000
v -0.903750 0.530000 -1.850000
v -0.903750 0.700000 -1.850000
v -0.903750 0.530000 -1.890000
v -0.903750 0.700000 -1.890000
v -0.896250 0.530000 -1.850000
v -0.896250 0.700000 -1.850000
v -0.896250 0.530000 -1.890000
v -0.896250 0.700000 -1.890000
v -0.903750 0.530000 -1.880000
v -0.903750 0.700000 -1.880000
v -0.896250 0.530000 -1.881000
v -0.896250 0.700000 -1.881000
v -0.918750 0.700000 -1.880000
v -0.918750 0.700000 -1.890000
v -0.918750 0.530000 -1.890000
v -0.918750 0.530000 -1.880000
v -0.910000 0.590000 -1.867500
v -0.915000 0.590000 -1.867500
v -0.915000 0.584697 -1.865303
v -0.910000 0.584697 -1.865303
v -0.915000 0.582500 -1.860000
v -0.910000 0.582500 -1.860000
v -0.915000 0.584697 -1.854697
v -0.910000 0.584697 -1.854697
v -0.915000 0.590000 -1.852500
v -0.910000 0.590000 -1.852500
v -0.915000 0.595303 -1.854697
v -0.910000 0.595303 -1.854697
v -0.915000 0.597500 -1.860000
v -0.910000 0.597500 -1.860000
v -0.915000 0.595303 -1.865303
v -0.910000 0.595303 -1.865303
v -0.910000 0.555303 -1.865303
v -0.915000 0.555303 -1.865303
v -0.910000 0.557500 -1.860000
v -0.915000 0.557500 -1.860000
v -0.910000 0.555303 -1.854697
v -0.915000 0.555303 -1.854697
v -0.910000 0.550000 -1.852500
v -0.915000 0.550000 -1.852500
v -0.910000 0.544697 -1.854697
v -0.915000 0.544697 -1.854697
v -0.910000 0.542500 -1.860000
v -0.915000 0.542500 -1.860000
v -0.910000 0.544697 -1.865303
v -0.915000 0.544697 -1.865303
v -0.915000 0.550000 -1.867500
v -0.910000 0.550000 -1.867500
v -0.910000 0.645303 -1.865303
v -0.915000 0.645303 -1.865303
v -0.910000 0.647500 -1.860000
v -0.915000 0.647500 -1.860000
v -0.910000 0.645303 -1.854697
v -0.915000 0.645303 -1.854697
v -0.910000 0.640000 -1.852500
v -0.915000 0.640000 -1.852500
v -0.910000 0.634697 -1.854697
v -0.915000 0.634697 -1.854697
v -0.910000 0.632500 -1.860000
v -0.915000 0.632500 -1.860000
v -0.910000 0.634697 -1.865303
v -0.915000 0.634697 -1.865303
v -0.915000 0.640000 -1.867500
v -0.910000 0.640000 -1.867500
v -0.910000 0.680000 -1.867500
v -0.915000 0.680000 -1.867500
v -0.915000 0.674697 -1.865303
v -0.910000 0.674697 -1.865303
v -0.915000 0.672500 -1.860000
v -0.910000 0.672500 -1.860000
v -0.915000 0.674697 -1.854697
v -0.910000 0.674697 -1.854697
v -0.915000 0.680000 -1.852500
v -0.910000 0.680000 -1.852500
v -0.915000 0.685303 -1.854697
v -0.910000 0.685303 -1.854697
v -0.915000 0.687500 -1.860000
v -0.910000 0.687500 -1.860000
v -0.915000 0.685303 -1.865303
v -0.910000 0.685303 -1.865303
v -0.910000 0.485303 -1.875303
v -0.915000 0.485303 -1.875303
v -0.910000 0.487500 -1.870000
v -0.915000 0.487500 -1.870000
v -0.910000 0.485303 -1.864697
v -0.915000 0.485303 -1.864697
v -0.910000 0.480000 -1.862500
v -0.915000 0.480000 -1.862500
v -0.910000 0.474697 -1.864697
v -0.915000 0.474697 -1.864697
v -0.910000 0.472500 -1.870000
v -0.915000 0.472500 -1.870000
v -0.910000 0.474697 -1.875303
v -0.915000 0.474697 -1.875303
v -0.915000 0.480000 -1.877500
v -0.910000 0.480000 -1.877500
v -0.915000 0.680000 -1.875000
v -0.915000 0.520000 -1.875000
v -0.915000 0.680000 -1.880000
v -0.915000 0.520000 -1.880000
v -0.915000 0.680000 -1.890000
v -0.915000 0.520000 -1.890000
v -0.915000 0.680000 -1.895000
v -0.915000 0.520000 -1.895000
v -0.920000 0.680000 -1.910000
v -0.920000 0.520000 -1.910000
v -0.930000 0.680000 -1.910000
v -0.930000 0.520000 -1.910000
v -0.932000 0.670000 -1.875000
v -0.932000 0.680000 -1.875000
v -0.950000 0.670000 -1.910000
v -0.950000 0.680000 -1.910000
v -0.930000 0.670000 -1.875000
v -0.930000 0.680000 -1.875000
v -0.930000 0.670000 -1.910000
v -0.930000 0.680000 -1.910000
v -0.932000 0.520000 -1.875000
v -0.932000 0.530000 -1.875000
v -0.950000 0.520000 -1.910000
v -0.950000 0.530000 -1.910000
v -0.930000 0.520000 -1.875000
v -0.930000 0.530000 -1.875000
v -0.930000 0.520000 -1.910000
v -0.930000 0.530000 -1.910000
v -0.932000 0.595000 -1.875000
v -0.932000 0.605000 -1.875000
v -0.950000 0.595000 -1.910000
v -0.950000 0.605000 -1.910000
v -0.930000 0.595000 -1.875000
v -0.930000 0.605000 -1.875000
v -0.930000 0.595000 -1.910000
v -0.930000 0.605000 -1.910000
v -1.040998 0.688175 -1.911709
v -1.043002 0.688288 -1.911821
v -1.043002 0.687500 -2.000000
v -1.040998 0.687500 -2.000000
v -1.059098 0.510000 -1.910000
v -1.061102 0.510000 -1.910000
v -1.043002 0.690000 -1.910000
v -1.040998 0.690000 -1.910000
v -1.043002 0.690000 -2.000000
v -1.040998 0.690000 -2.000000
v -1.059098 0.510000 -2.000000
v -1.061102 0.510000 -2.000000
v -1.061102 0.512500 -2.000000
v -1.059098 0.512500 -2.000000
v -1.059098 0.511712 -1.911821
v -1.061102 0.511825 -1.911709
v -0.988000 0.827955 -1.679955
v -0.988000 0.881000 -1.718250
v -0.988000 0.873045 -1.714955
v -0.988000 0.831250 -1.672000
v -0.988000 0.869750 -1.707000
v -0.988000 0.827955 -1.664045
v -0.988000 0.873045 -1.699045
v -0.988000 0.820000 -1.660750
v -0.988000 0.881000 -1.695750
v -0.988000 0.812045 -1.664045
v -0.988000 0.808750 -1.672000
v -0.988000 0.888955 -1.699045
v -0.988000 0.812045 -1.679955
v -0.988000 0.892250 -1.707000
v -0.988000 0.888955 -1.714955
v -0.988000 0.820000 -1.683250
v -0.892000 0.881000 -1.718250
v -0.892000 0.873045 -1.714955
v -0.892000 0.869750 -1.707000
v -0.892000 0.873045 -1.699045
v -0.892000 0.881000 -1.695750
v -0.892000 0.888955 -1.699045
v -0.892000 0.892250 -1.707000
v -0.892000 0.888955 -1.714955
v -0.892000 0.820000 -1.683250
v -0.892000 0.812045 -1.679955
v -0.892000 0.808750 -1.672000
v -0.892000 0.812045 -1.664045
v -0.892000 0.820000 -1.660750
v -0.892000 0.827955 -1.664045
v -0.892000 0.831250 -1.672000
v -0.892000 0.827955 -1.679955
v -0.970000 0.700000 -1.950000
v -0.970000 0.820000 -1.950000
v -0.910000 0.700000 -1.950000
v -0.910000 0.820000 -1.950000
v -0.970000 0.830000 -1.700000
v -0.970000 0.870000 -1.700000
v -0.910000 0.870000 -1.700000
v -0.910000 0.830000 -1.700000
v -0.970000 0.700000 -1.960000
v -0.910000 0.820000 -1.960000
v -0.970000 0.820000 -1.960000
v -0.910000 0.700000 -1.960000
v -1.068000 0.510000 -2.090000
v -1.050000 0.690000 -2.090000
v -0.910000 0.510000 -2.090000
v -0.910000 0.690000 -2.090000
v -0.900000 0.440000 -2.180000
v -0.900000 0.500000 -2.180000
v -0.840000 0.440000 -2.180000
v -0.840000 0.500000 -2.180000
v -0.900000 0.440000 -2.110000
v -0.900000 0.500000 -2.110000
v -0.840000 0.440000 -2.110000
v -0.840000 0.500000 -2.110000
v -0.840000 1.000000 -2.070000
v -0.840000 1.000000 -2.220000
v -0.900000 1.000000 -2.220000
v -0.900000 1.000000 -2.070000
v -0.970000 0.810000 -2.340000
v -0.970000 1.000000 -2.560000
v -0.970000 0.810000 -2.320000
v -0.910000 0.810000 -2.340000
v -0.910000 1.000000 -2.560000
v -0.910000 0.810000 -2.320000
v -0.970000 0.900000 -2.500000
v -0.970000 1.000000 -2.360000
v -0.910000 1.000000 -2.360000
v -0.910000 0.900000 -2.500000
v -1.030000 0.720000 -2.070000
v -1.019394 0.715607 -2.070000
v -1.015000 0.705000 -2.070000
v -1.019394 0.694393 -2.070000
v -1.030000 0.690000 -2.070000
v -1.040607 0.694393 -2.070000
v -1.045000 0.705000 -2.070000
v -1.040607 0.715607 -2.070000
v -1.049000 0.700000 -2.050000
v -1.049000 0.700000 -2.030000
v -1.031500 0.698000 -2.050000
v -1.030500 0.723000 -2.050000
v -1.031500 0.698000 -2.030000
v -1.030500 0.723000 -2.030000
v -1.057000 0.620000 -2.030000
v -1.057000 0.620000 -2.050000
v -1.067000 0.620000 -2.030000
v -1.067000 0.620000 -2.050000
v -1.020000 0.716000 -2.030000
v -1.020000 0.716000 -2.050000
v -1.030000 0.720000 -2.028000
v -1.019394 0.715607 -2.028000
v -1.015000 0.705000 -2.028000
v -1.019394 0.694393 -2.028000
v -1.030000 0.690000 -2.028000
v -1.040607 0.694393 -2.028000
v -1.045000 0.705000 -2.028000
v -1.040607 0.715607 -2.028000
v -1.014741 0.720259 -2.028000
v -1.008420 0.705000 -2.028000
v -1.014741 0.689741 -2.028000
v -1.030000 0.683420 -2.028000
v -1.045259 0.689741 -2.028000
v -1.051580 0.705000 -2.028000
v -1.045259 0.720259 -2.028000
v -1.030000 0.726580 -2.028000
v -0.977071 0.827071 -2.040000
v -0.902929 0.692929 -2.040000
v -0.977071 0.692929 -2.040000
v -0.902929 0.827071 -2.040000
v -0.910000 0.440000 -2.110000
v -0.910000 0.440000 -2.180000
v -0.910000 0.490000 -2.180000
v -0.910000 0.490000 -2.110000
v -0.920000 0.520000 -2.125000
v -0.920000 0.680000 -2.125000
v -0.910000 0.480000 -2.152500
v -0.915000 0.480000 -2.152500
v -0.915000 0.474697 -2.154697
v -0.910000 0.474697 -2.154697
v -0.915000 0.472500 -2.160000
v -0.910000 0.472500 -2.160000
v -0.915000 0.474697 -2.165303
v -0.910000 0.474697 -2.165303
v -0.915000 0.480000 -2.167500
v -0.910000 0.480000 -2.167500
v -0.915000 0.485303 -2.165303
v -0.910000 0.485303 -2.165303
v -0.915000 0.487500 -2.160000
v -0.910000 0.487500 -2.160000
v -0.915000 0.485303 -2.154697
v -0.910000 0.485303 -2.154697
v -0.930000 0.680000 -2.125000
v -0.930000 0.520000 -2.125000
v -0.920000 0.520000 -2.120000
v -0.930000 0.520000 -2.120000
v -0.930000 0.680000 -2.120000
v -0.920000 0.680000 -2.120000
v -0.920000 0.680000 -2.105000
v -0.920000 0.520000 -2.105000
v -0.920000 0.680000 -2.110000
v -0.920000 0.520000 -2.110000
v -0.930000 0.680000 -2.105000
v -0.930000 0.520000 -2.105000
v -0.930000 0.680000 -2.110000
v -0.930000 0.520000 -2.110000
v -0.900000 0.446000 -2.180000
v -0.840000 0.446000 -2.180000
v -0.840000 0.446000 -2.110000
v -0.910000 0.446000 -2.180000
v -0.910000 0.446000 -2.110000
v -0.920000 0.440000 -2.110000
v -0.920000 0.440000 -2.180000
v -0.920000 0.445000 -2.110000
v -0.920000 0.445000 -2.180000
v -0.903750 0.530000 -2.150000
v -0.903750 0.700000 -2.150000
v -0.903750 0.530000 -2.110000
v -0.903750 0.700000 -2.110000
v -0.896250 0.530000 -2.150000
v -0.896250 0.700000 -2.150000
v -0.896250 0.530000 -2.110000
v -0.896250 0.700000 -2.110000
v -0.903750 0.530000 -2.120000
v -0.903750 0.700000 -2.120000
v -0.896250 0.530000 -2.119000
v -0.896250 0.700000 -2.119000
v -0.918750 0.700000 -2.120000
v -0.918750 0.700000 -2.110000
v -0.918750 0.530000 -2.110000
v -0.918750 0.530000 -2.120000
v -0.910000 0.590000 -2.132500
v -0.915000 0.590000 -2.132500
v -0.915000 0.584697 -2.134697
v -0.910000 0.584697 -2.134697
v -0.915000 0.582500 -2.140000
v -0.910000 0.582500 -2.140000
v -0.915000 0.584697 -2.145303
v -0.910000 0.584697 -2.145303
v -0.915000 0.590000 -2.147500
v -0.910000 0.590000 -2.147500
v -0.915000 0.595303 -2.145303
v -0.910000 0.595303 -2.145303
v -0.915000 0.597500 -2.140000
v -0.910000 0.597500 -2.140000
v -0.915000 0.595303 -2.134697
v -0.910000 0.595303 -2.134697
v -0.910000 0.555303 -2.134697
v -0.915000 0.555303 -2.134697
v -0.910000 0.557500 -2.140000
v -0.915000 0.557500 -2.140000
v -0.910000 0.555303 -2.145303
v -0.915000 0.555303 -2.145303
v -0.910000 0.550000 -2.147500
v -0.915000 0.550000 -2.147500
v -0.910000 0.544697 -2.145303
v -0.915000 0.544697 -2.145303
v -0.910000 0.542500 -2.140000
v -0.915000 0.542500 -2.140000
v -0.910000 0.544697 -2.134697
v -0.915000 0.544697 -2.134697
v -0.915000 0.550000 -2.132500
v -0.910000 0.550000 -2.132500
v -0.910000 0.645303 -2.134697
v -0.915000 0.645303 -2.134697
v -0.910000 0.647500 -2.140000
v -0.915000 0.647500 -2.140000
v -0.910000 0.645303 -2.145303
v -0.915000 0.645303 -2.145303
v -0.910000 0.640000 -2.147500
v -0.915000 0.640000 -2.147500
v -0.910000 0.634697 -2.145303
v -0.915000 0.634697 -2.145303
v -0.910000 0.632500 -2.140000
v -0.915000 0.632500 -2.140000
v -0.910000 0.634697 -2.134697
v -0.915000 0.634697 -2.134697
v -0.915000 0.640000 -2.132500
v -0.910000 0.640000 -2.132500
v -0.910000 0.680000 -2.132500
v -0.915000 0.680000 -2.132500
v -0.915000 0.674697 -2.134697
v -0.910000 0.674697 -2.134697
v -0.915000 0.672500 -2.140000
v -0.910000 0.672500 -2.140000
v -0.915000 0.674697 -2.145303
v -0.910000 0.674697 -2.145303
v -0.915000 0.680000 -2.147500
v -0.910000 0.680000 -2.147500
v -0.915000 0.685303 -2.145303
v -0.910000 0.685303 -2.145303
v -0.915000 0.687500 -2.140000
v -0.910000 0.687500 -2.140000
v -0.915000 0.685303 -2.134697
v -0.910000 0.685303 -2.134697
v -0.910000 0.485303 -2.124697
v -0.915000 0.485303 -2.124697
v -0.910000 0.487500 -2.130000
v -0.915000 0.487500 -2.130000
v -0.910000 0.485303 -2.135303
v -0.915000 0.485303 -2.135303
v -0.910000 0.480000 -2.137500
v -0.915000 0.480000 -2.137500
v -0.910000 0.474697 -2.135303
v -0.915000 0.474697 -2.135303
v -0.910000 0.472500 -2.130000
v -0.915000 0.472500 -2.130000
v -0.910000 0.474697 -2.124697
v -0.915000 0.474697 -2.124697
v -0.915000 0.480000 -2.122500
v -0.910000 0.480000 -2.122500
v -0.915000 0.680000 -2.125000
v -0.915000 0.520000 -2.125000
v -0.915000 0.680000 -2.120000
v -0.915000 0.520000 -2.120000
v -0.915000 0.680000 -2.110000
v -0.915000 0.520000 -2.110000
v -0.915000 0.680000 -2.105000
v -0.915000 0.520000 -2.105000
v -0.920000 0.680000 -2.090000
v -0.920000 0.520000 -2.090000
v -0.930000 0.680000 -2.090000
v -0.930000 0.520000 -2.090000
v -0.932000 0.670000 -2.125000
v -0.932000 0.680000 -2.125000
v -0.950000 0.670000 -2.090000
v -0.950000 0.680000 -2.090000
v -0.930000 0.670000 -2.125000
v -0.930000 0.680000 -2.125000
v -0.930000 0.670000 -2.090000
v -0.930000 0.680000 -2.090000
v -0.932000 0.520000 -2.125000
v -0.932000 0.530000 -2.125000
v -0.950000 0.520000 -2.090000
v -0.950000 0.530000 -2.090000
v -0.930000 0.520000 -2.125000
v -0.930000 0.530000 -2.125000
v -0.930000 0.520000 -2.090000
v -0.930000 0.530000 -2.090000
v -0.932000 0.595000 -2.125000
v -0.932000 0.605000 -2.125000
v -0.950000 0.595000 -2.090000
v -0.950000 0.605000 -2.090000
v -0.930000 0.595000 -2.125000
v -0.930000 0.605000 -2.125000
v -0.930000 0.595000 -2.090000
v -0.930000 0.605000 -2.090000
v -1.040998 0.688175 -2.088291
v -1.043002 0.688288 -2.088178
v -1.059098 0.510000 -2.090000
v -1.061102 0.510000 -2.090000
v -1.043002 0.690000 -2.090000
v -1.040998 0.690000 -2.090000
v -1.059098 0.511712 -2.088178
v -1.061102 0.511825 -2.088291
v -0.988000 0.827955 -2.320045
v -0.988000 0.881000 -2.281750
v -0.988000 0.873045 -2.285045
v -0.988000 0.831250 -2.328000
v -0.988000 0.869750 -2.293000
v -0.988000 0.827955 -2.335955
v -0.988000 0.873045 -2.300955
v -0.988000 0.820000 -2.339250
v -0.988000 0.881000 -2.304250
v -0.988000 0.812045 -2.335955
v -0.988000 0.808750 -2.328000
v -0.988000 0.888955 -2.300955
v -0.988000 0.812045 -2.320045
v -0.988000 0.892250 -2.293000
v -0.988000 0.888955 -2.285045
v -0.988000 0.820000 -2.316750
v -0.892000 0.881000 -2.281750
v -0.892000 0.873045 -2.285045
v -0.892000 0.869750 -2.293000
v -0.892000 0.873045 -2.300955
v -0.892000 0.881000 -2.304250
v -0.892000 0.888955 -2.300955
v -0.892000 0.892250 -2.293000
v -0.892000 0.888955 -2.285045
v -0.892000 0.820000 -2.316750
v -0.892000 0.812045 -2.320045
v -0.892000 0.808750 -2.328000
v -0.892000 0.812045 -2.335955
v -0.892000 0.820000 -2.339250
v -0.892000 0.827955 -2.335955
v -0.892000 0.831250 -2.328000
v -0.892000 0.827955 -2.320045
v -0.970000 0.700000 -2.050000
v -0.970000 0.820000 -2.050000
v -0.910000 0.700000 -2.050000
v -0.910000 0.820000 -2.050000
v -0.970000 0.830000 -2.300000
v -0.970000 0.870000 -2.300000
v -0.910000 0.870000 -2.300000
v -0.910000 0.830000 -2.300000
v -0.970000 0.700000 -2.040000
v -0.910000 0.820000 -2.040000
v -0.970000 0.820000 -2.040000
v -0.910000 0.700000 -2.040000
v -0.722000 0.653889 -2.421738
v -0.722000 0.570000 -2.430000
v -0.722000 0.804605 -2.359985
v -0.722000 0.734554 -2.397268
v -0.722000 0.488102 -2.421934
v -0.800000 0.792228 -2.332588
v -0.800000 0.723073 -2.369552
v -0.800000 0.648036 -2.392314
v -0.800000 0.570000 -2.400000
v -0.800000 0.491964 -2.392314
v -0.730000 0.570000 -2.430000
v -0.792000 0.570000 -2.430000
v -0.790000 0.653889 -2.421738
v -0.798000 0.488102 -2.421934
v -0.798000 0.570000 -2.430000
v -0.800000 0.653889 -2.421738
v -0.798000 0.804605 -2.359985
v -0.800000 0.734554 -2.397268
v -0.728000 0.653889 -2.421738
v -0.720000 0.491964 -2.392314
v -0.720000 0.570000 -2.400000
v -0.720000 0.648036 -2.392314
v -0.720000 0.723073 -2.369552
v -0.720000 0.792228 -2.332588
v -0.728000 0.804605 -2.359985
v -0.792000 0.804605 -2.359985
v -0.792000 0.734554 -2.397268
v -0.728000 0.734554 -2.397268
v -0.792000 0.488102 -2.421934
v -0.728000 0.488102 -2.421934
v -0.790000 0.491964 -2.392314
v -0.730000 0.491964 -2.392314
v -0.790000 0.723073 -2.369552
v -0.730000 0.723073 -2.369552
v -0.730000 0.792228 -2.332588
v -0.790000 0.792228 -2.332588
v -0.790000 0.570000 -2.400000
v -0.730000 0.570000 -2.400000
v -0.730000 0.648036 -2.392314
v -0.790000 0.648036 -2.392314
v -0.720000 0.734554 -2.397268
v -0.720000 0.806370 -2.359046
v -0.720000 0.653889 -2.421738
v -0.720000 0.570000 -2.430000
v -0.720000 0.486111 -2.421738
v -0.790000 0.806370 -2.359046
v -0.800000 0.806370 -2.359046
v -0.730000 0.486111 -2.421738
v -0.730000 0.806370 -2.359046
v -0.800000 0.486111 -2.421738
v -0.800000 0.570000 -2.430000
v -0.798000 0.653889 -2.421738
v -0.798000 0.734554 -2.397268
v -0.790000 0.486111 -2.421738
v -0.792000 0.653889 -2.421738
v -0.790000 0.734554 -2.397268
v -0.730000 0.653889 -2.421738
v -0.730000 0.734554 -2.397268
v -0.790000 0.570000 -2.430000
v -0.728000 0.570000 -2.430000
v -0.792000 0.660717 -2.456065
v -0.798000 0.660717 -2.456065
v -0.728000 0.570000 -2.465000
v -0.722000 0.570000 -2.465000
v -0.728000 0.747919 -2.429616
v -0.722000 0.747919 -2.429616
v -0.798000 0.747919 -2.429616
v -0.792000 0.747919 -2.429616
v -0.798000 0.570000 -2.465000
v -0.792000 0.570000 -2.465000
v -0.722000 0.660717 -2.456065
v -0.728000 0.660717 -2.456065
v -0.722000 0.821049 -2.390882
v -0.722000 0.484671 -2.456765
v -0.792000 0.821049 -2.390882
v -0.798000 0.821049 -2.390882
v -0.728000 0.484671 -2.456765
v -0.728000 0.821049 -2.390882
v -0.798000 0.484671 -2.456765
v -0.792000 0.484671 -2.456765
v -0.815000 0.679546 -2.428454
v -0.815000 0.683500 -2.438000
v -0.815000 0.679546 -2.447546
v -0.815000 0.670000 -2.451500
v -0.815000 0.660454 -2.447546
v -0.815000 0.656500 -2.438000
v -0.815000 0.660454 -2.428454
v -0.815000 0.670000 -2.424500
v -0.705000 0.670000 -2.424500
v -0.705000 0.660454 -2.428454
v -0.705000 0.656500 -2.438000
v -0.705000 0.660454 -2.447546
v -0.705000 0.670000 -2.451500
v -0.705000 0.679546 -2.447546
v -0.705000 0.683500 -2.438000
v -0.705000 0.679546 -2.428454
v -0.814000 0.641287 -2.450300
v -0.814000 0.660081 -2.443459
v -0.814000 0.639919 -2.446541
v -0.814000 0.658713 -2.439700
v -0.810000 0.641287 -2.450300
v -0.810000 0.660081 -2.443459
v -0.810000 0.639919 -2.446541
v -0.810000 0.658713 -2.439700
v -0.815000 0.809546 -2.448454
v -0.815000 0.813500 -2.458000
v -0.815000 0.809546 -2.467546
v -0.815000 0.800000 -2.471500
v -0.815000 0.790454 -2.467546
v -0.815000 0.786500 -2.458000
v -0.815000 0.790454 -2.448454
v -0.815000 0.800000 -2.444500
v -0.705000 0.800000 -2.444500
v -0.705000 0.790454 -2.448454
v -0.705000 0.786500 -2.458000
v -0.705000 0.790454 -2.467546
v -0.705000 0.800000 -2.471500
v -0.705000 0.809546 -2.467546
v -0.705000 0.813500 -2.458000
v -0.705000 0.809546 -2.448454
v -0.815000 0.869546 -2.460454
v -0.815000 0.873500 -2.470000
v -0.815000 0.869546 -2.479546
v -0.815000 0.860000 -2.483500
v -0.815000 0.850454 -2.479546
v -0.815000 0.846500 -2.470000
v -0.815000 0.850454 -2.460454
v -0.815000 0.860000 -2.456500
v -0.645000 0.860000 -2.456500
v -0.645000 0.850454 -2.460454
v -0.645000 0.846500 -2.470000
v -0.645000 0.850454 -2.479546
v -0.645000 0.860000 -2.483500
v -0.645000 0.869546 -2.479546
v -0.645000 0.873500 -2.470000
v -0.645000 0.869546 -2.460454
v -0.980000 0.809199 -1.660670
v -0.980000 0.829689 -1.655180
v -0.980000 0.818307 -1.653681
v -0.980000 0.890311 -1.690179
v -0.980000 0.895801 -1.710670
v -0.980000 0.897300 -1.699288
v -0.980000 0.809689 -1.689821
v -0.980000 0.804199 -1.669330
v -0.980000 0.802700 -1.680712
v -0.980000 0.890801 -1.719330
v -0.980000 0.870311 -1.724820
v -0.980000 0.881693 -1.726319
v -0.970000 0.829689 -1.655180
v -0.970000 0.809199 -1.660670
v -0.970000 0.818307 -1.653681
v -0.970000 0.895801 -1.710670
v -0.970000 0.890311 -1.690179
v -0.970000 0.897300 -1.699288
v -0.970000 0.804199 -1.669330
v -0.970000 0.809689 -1.689821
v -0.970000 0.802700 -1.680712
v -0.970000 0.870311 -1.724820
v -0.970000 0.890801 -1.719330
v -0.970000 0.881693 -1.726319
v -1.041544 0.723850 -1.950000
v -1.057993 0.710074 -1.950000
v -1.052190 0.710633 -1.950000
v -1.052557 0.720291 -1.950000
v -1.057993 0.710074 -1.970000
v -1.041544 0.723850 -1.970000
v -1.052190 0.710633 -1.970000
v -1.052557 0.720291 -1.970000
v -0.910000 0.809199 -1.660670
v -0.910000 0.829689 -1.655180
v -0.910000 0.818307 -1.653681
v -0.910000 0.890311 -1.690179
v -0.910000 0.895801 -1.710670
v -0.910000 0.897300 -1.699288
v -0.910000 0.809689 -1.689821
v -0.910000 0.804199 -1.669330
v -0.910000 0.802700 -1.680712
v -0.910000 0.890801 -1.719330
v -0.910000 0.870311 -1.724820
v -0.910000 0.881693 -1.726319
v -0.900000 0.829689 -1.655180
v -0.900000 0.809199 -1.660670
v -0.900000 0.818307 -1.653681
v -0.900000 0.895801 -1.710670
v -0.900000 0.890311 -1.690179
v -0.900000 0.897300 -1.699288
v -0.900000 0.804199 -1.669330
v -0.900000 0.809689 -1.689821
v -0.900000 0.802700 -1.680712
v -0.900000 0.870311 -1.724820
v -0.900000 0.890801 -1.719330
v -0.900000 0.881693 -1.726319
v -0.980000 0.829689 -2.344820
v -0.980000 0.809199 -2.339330
v -0.980000 0.818307 -2.346319
v -0.980000 0.895801 -2.289330
v -0.980000 0.890311 -2.309820
v -0.980000 0.897300 -2.300712
v -0.980000 0.804199 -2.330670
v -0.980000 0.809689 -2.310179
v -0.980000 0.802700 -2.319288
v -0.980000 0.870311 -2.275180
v -0.980000 0.890801 -2.280670
v -0.980000 0.881693 -2.273681
v -0.970000 0.809199 -2.339330
v -0.970000 0.829689 -2.344820
v -0.970000 0.818307 -2.346319
v -0.970000 0.890311 -2.309820
v -0.970000 0.895801 -2.289330
v -0.970000 0.897300 -2.300712
v -0.970000 0.809689 -2.310179
v -0.970000 0.804199 -2.330670
v -0.970000 0.802700 -2.319288
v -0.970000 0.890801 -2.280670
v -0.970000 0.870311 -2.275180
v -0.970000 0.881693 -2.273681
v -1.057993 0.710074 -2.050000
v -1.041544 0.723850 -2.050000
v -1.052190 0.710633 -2.050000
v -1.052557 0.720291 -2.050000
v -1.041544 0.723850 -2.030000
v -1.057993 0.710074 -2.030000
v -1.052190 0.710633 -2.030000
v -1.052557 0.720291 -2.030000
v -0.910000 0.829689 -2.344820
v -0.910000 0.809199 -2.339330
v -0.910000 0.818307 -2.346319
v -0.910000 0.895801 -2.289330
v -0.910000 0.890311 -2.309820
v -0.910000 0.897300 -2.300712
v -0.910000 0.804199 -2.330670
v -0.910000 0.809689 -2.310179
v -0.910000 0.802700 -2.319288
v -0.910000 0.870311 -2.275180
v -0.910000 0.890801 -2.280670
v -0.910000 0.881693 -2.273681
v -0.900000 0.809199 -2.339330
v -0.900000 0.829689 -2.344820
v -0.900000 0.818307 -2.346319
v -0.900000 0.890311 -2.309820
v -0.900000 0.895801 -2.289330
v -0.900000 0.897300 -2.300712
v -0.900000 0.809689 -2.310179
v -0.900000 0.804199 -2.330670
v -0.900000 0.802700 -2.319288
v -0.900000 0.890801 -2.280670
v -0.900000 0.870311 -2.275180
v -0.900000 0.881693 -2.273681
v -0.810000 0.662818 -2.454936
v -0.810000 0.650651 -2.437559
v -0.810000 0.653136 -2.448768
v -0.810000 0.877157 -2.477498
v -0.810000 0.859780 -2.489666
v -0.810000 0.870988 -2.487181
v -0.810000 0.652387 -2.427711
v -0.810000 0.669764 -2.415544
v -0.810000 0.658556 -2.418029
v -0.810000 0.866726 -2.450273
v -0.810000 0.878893 -2.467650
v -0.810000 0.876408 -2.456442
v -0.800000 0.650651 -2.437559
v -0.800000 0.662818 -2.454936
v -0.800000 0.653136 -2.448768
v -0.800000 0.859780 -2.489666
v -0.800000 0.877157 -2.477498
v -0.800000 0.870988 -2.487181
v -0.800000 0.669764 -2.415544
v -0.800000 0.652387 -2.427711
v -0.800000 0.658556 -2.418029
v -0.800000 0.878893 -2.467650
v -0.800000 0.866726 -2.450273
v -0.800000 0.876408 -2.456442
v -0.720000 0.662818 -2.454936
v -0.720000 0.650651 -2.437559
v -0.720000 0.653136 -2.448768
v -0.720000 0.877157 -2.477498
v -0.720000 0.859780 -2.489666
v -0.720000 0.870988 -2.487181
v -0.720000 0.652387 -2.427711
v -0.720000 0.669764 -2.415544
v -0.720000 0.658556 -2.418029
v -0.720000 0.866726 -2.450273
v -0.720000 0.878893 -2.467650
v -0.720000 0.876408 -2.456442
v -0.710000 0.650651 -2.437559
v -0.710000 0.662818 -2.454936
v -0.710000 0.653136 -2.448768
v -0.710000 0.859780 -2.489666
v -0.710000 0.877157 -2.477498
v -0.710000 0.870988 -2.487181
v -0.710000 0.669764 -2.415544
v -0.710000 0.652387 -2.427711
v -0.710000 0.658556 -2.418029
v -0.710000 0.878893 -2.467650
v -0.710000 0.866726 -2.450273
v -0.710000 0.876408 -2.456442
v 1.068000 0.510000 -1.910000
v 1.050000 0.690000 -1.910000
v 0.910000 0.510000 -1.910000
v 0.910000 0.690000 -1.910000
v 0.900000 0.440000 -1.820000
v 0.900000 0.500000 -1.820000
v 0.840000 0.440000 -1.820000
v 0.840000 0.500000 -1.820000
v 0.900000 0.440000 -1.890000
v 0.900000 0.500000 -1.890000
v 0.840000 0.440000 -1.890000
v 0.840000 0.500000 -1.890000
v 0.840000 1.000000 -1.930000
v 0.840000 1.000000 -1.780000
v 0.900000 1.000000 -1.780000
v 0.900000 1.000000 -1.930000
v 0.970000 0.810000 -1.660000
v 0.970000 1.000000 -1.440000
v 0.970000 0.810000 -1.680000
v 0.910000 0.810000 -1.660000
v 0.910000 1.000000 -1.440000
v 0.910000 0.810000 -1.680000
v 0.970000 0.900000 -1.500000
v 0.970000 1.000000 -1.640000
v 0.910000 1.000000 -1.640000
v 0.910000 0.900000 -1.500000
v 0.900000 0.440000 -2.000000
v 0.900000 0.500000 -2.000000
v 0.840000 0.440000 -2.000000
v 0.840000 0.500000 -2.000000
v 1.068000 0.510000 -2.000000
v 1.050000 0.690000 -2.000000
v 0.910000 0.510000 -2.000000
v 0.910000 0.690000 -2.000000
v 0.970000 0.700000 -2.000000
v 0.970000 0.820000 -2.000000
v 0.910000 0.700000 -2.000000
v 0.910000 0.820000 -2.000000
v 1.030000 0.720000 -2.000000
v 1.030000 0.720000 -1.930000
v 1.019394 0.715607 -2.000000
v 1.019394 0.715607 -1.930000
v 1.015000 0.705000 -2.000000
v 1.015000 0.705000 -1.930000
v 1.019394 0.694393 -2.000000
v 1.019394 0.694393 -1.930000
v 1.030000 0.690000 -2.000000
v 1.030000 0.690000 -1.930000
v 1.040607 0.694393 -2.000000
v 1.040607 0.694393 -1.930000
v 1.045000 0.705000 -2.000000
v 1.045000 0.705000 -1.930000
v 1.040607 0.715607 -2.000000
v 1.040607 0.715607 -1.930000
v 1.049000 0.700000 -1.950000
v 1.049000 0.700000 -1.970000
v 1.031500 0.698000 -1.950000
v 1.030500 0.723000 -1.950000
v 1.031500 0.698000 -1.970000
v 1.030500 0.723000 -1.970000
v 1.057000 0.620000 -1.970000
v 1.057000 0.620000 -1.950000
v 1.067000 0.620000 -1.970000
v 1.067000 0.620000 -1.950000
v 1.020000 0.716000 -1.970000
v 1.020000 0.716000 -1.950000
v 1.030000 0.720000 -1.972000
v 1.019394 0.715607 -1.972000
v 1.015000 0.705000 -1.972000
v 1.019394 0.694393 -1.972000
v 1.030000 0.690000 -1.972000
v 1.040607 0.694393 -1.972000
v 1.045000 0.705000 -1.972000
v 1.040607 0.715607 -1.972000
v 1.030000 0.726580 -2.000000
v 1.014741 0.720259 -2.000000
v 1.014741 0.720259 -1.972000
v 1.008420 0.705000 -2.000000
v 1.008420 0.705000 -1.972000
v 1.014741 0.689741 -2.000000
v 1.014741 0.689741 -1.972000
v 1.030000 0.683420 -2.000000
v 1.030000 0.683420 -1.972000
v 1.045259 0.689741 -2.000000
v 1.045259 0.689741 -1.972000
v 1.051580 0.705000 -2.000000
v 1.051580 0.705000 -1.972000
v 1.045259 0.720259 -2.000000
v 1.045259 0.720259 -1.972000
v 1.030000 0.726580 -1.972000
v 0.977071 0.827071 -1.960000
v 0.977071 0.827071 -2.000000
v 0.902929 0.692929 -1.960000
v 0.902929 0.692929 -2.000000
v 0.902929 0.827071 -2.000000
v 0.977071 0.692929 -2.000000
v 0.977071 0.692929 -1.960000
v 0.902929 0.827071 -1.960000
v 0.910000 0.440000 -1.890000
v 0.910000 0.440000 -1.820000
v 0.910000 0.490000 -1.820000
v 0.910000 0.440000 -2.000000
v 0.910000 0.490000 -1.890000
v 0.910000 0.490000 -2.000000
v 0.920000 0.520000 -1.875000
v 0.920000 0.680000 -1.875000
v 0.910000 0.480000 -1.847500
v 0.915000 0.480000 -1.847500
v 0.915000 0.474697 -1.845303
v 0.910000 0.474697 -1.845303
v 0.915000 0.472500 -1.840000
v 0.910000 0.472500 -1.840000
v 0.915000 0.474697 -1.834697
v 0.910000 0.474697 -1.834697
v 0.915000 0.480000 -1.832500
v 0.910000 0.480000 -1.832500
v 0.915000 0.485303 -1.834697
v 0.910000 0.485303 -1.834697
v 0.915000 0.487500 -1.840000
v 0.910000 0.487500 -1.840000
v 0.915000 0.485303 -1.845303
v 0.910000 0.485303 -1.845303
v 0.930000 0.680000 -1.875000
v 0.930000 0.520000 -1.875000
v 0.920000 0.520000 -1.880000
v 0.930000 0.520000 -1.880000
v 0.930000 0.680000 -1.880000
v 0.920000 0.680000 -1.880000
v 0.920000 0.680000 -1.895000
v 0.920000 0.520000 -1.895000
v 0.920000 0.680000 -1.890000
v 0.920000 0.520000 -1.890000
v 0.930000 0.680000 -1.895000
v 0.930000 0.520000 -1.895000
v 0.930000 0.680000 -1.890000
v 0.930000 0.520000 -1.890000
v 0.900000 0.446000 -1.820000
v 0.840000 0.446000 -1.820000
v 0.840000 0.446000 -1.890000
v 0.840000 0.446000 -2.000000
v 0.910000 0.446000 -1.820000
v 0.910000 0.446000 -1.890000
v 0.910000 0.446000 -2.000000
v 0.920000 0.440000 -1.890000
v 0.920000 0.440000 -1.820000
v 0.920000 0.440000 -2.000000
v 0.920000 0.445000 -1.890000
v 0.920000 0.445000 -2.000000
v 0.920000 0.445000 -1.820000
v 0.903750 0.530000 -1.850000
v 0.903750 0.700000 -1.850000
v 0.903750 0.530000 -1.890000
v 0.903750 0.700000 -1.890000
v 0.896250 0.530000 -1.850000
v 0.896250 0.700000 -1.850000
v 0.896250 0.530000 -1.890000
v 0.896250 0.700000 -1.890000
v 0.903750 0.530000 -1.880000
v 0.903750 0.700000 -1.880000
v 0.896250 0.530000 -1.881000
v 0.896250 0.700000 -1.881000
v 0.918750 0.700000 -1.880000
v 0.918750 0.700000 -1.890000
v 0.918750 0.530000 -1.890000
v 0.918750 0.530000 -1.880000
v 0.910000 0.590000 -1.867500
v 0.915000 0.590000 -1.867500
v 0.915000 0.584697 -1.865303
v 0.910000 0.584697 -1.865303
v 0.915000 0.582500 -1.860000
v 0.910000 0.582500 -1.860000
v 0.915000 0.584697 -1.854697
v 0.910000 0.584697 -1.854697
v 0.915000 0.590000 -1.852500
v 0.910000 0.590000 -1.852500
v 0.915000 0.595303 -1.854697
v 0.910000 0.595303 -1.854697
v 0.915000 0.597500 -1.860000
v 0.910000 0.597500 -1.860000
v 0.915000 0.595303 -1.865303
v 0.910000 0.595303 -1.865303
v 0.910000 0.555303 -1.865303
v 0.915000 0.555303 -1.865303
v 0.910000 0.557500 -1.860000
v 0.915000 0.557500 -1.860000
v 0.910000 0.555303 -1.854697
v 0.915000 0.555303 -1.854697
v 0.910000 0.550000 -1.852500
v 0.915000 0.550000 -1.852500
v 0.910000 0.544697 -1.854697
v 0.915000 0.544697 -1.854697
v 0.910000 0.542500 -1.860000
v 0.915000 0.542500 -1.860000
v 0.910000 0.544697 -1.865303
v 0.915000 0.544697 -1.865303
v 0.915000 0.550000 -1.867500
v 0.910000 0.550000 -1.867500
v 0.910000 0.645303 -1.865303
v 0.915000 0.645303 -1.865303
v 0.910000 0.647500 -1.860000
v 0.915000 0.647500 -1.860000
v 0.910000 0.645303 -1.854697
v 0.915000 0.645303 -1.854697
v 0.910000 0.640000 -1.852500
v 0.915000 0.640000 -1.852500
v 0.910000 0.634697 -1.854697
v 0.915000 0.634697 -1.854697
v 0.910000 0.632500 -1.860000
v 0.915000 0.632500 -1.860000
v 0.910000 0.634697 -1.865303
v 0.915000 0.634697 -1.865303
v 0.915000 0.640000 -1.867500
v 0.910000 0.640000 -1.867500
v 0.910000 0.680000 -1.867500
v 0.915000 0.680000 -1.867500
v 0.915000 0.674697 -1.865303
v 0.910000 0.674697 -1.865303
v 0.915000 0.672500 -1.860000
v 0.910000 0.672500 -1.860000
v 0.915000 0.674697 -1.854697
v 0.910000 0.674697 -1.854697
v 0.915000 0.680000 -1.852500
v 0.910000 0.680000 -1.852500
v 0.915000 0.685303 -1.854697
v 0.910000 0.685303 -1.854697
v 0.915000 0.687500 -1.860000
v 0.910000 0.687500 -1.860000
v 0.915000 0.685303 -1.865303
v 0.910000 0.685303 -1.865303
v 0.910000 0.485303 -1.875303
v 0.915000 0.485303 -1.875303
v 0.910000 0.487500 -1.870000
v 0.915000 0.487500 -1.870000
v 0.910000 0.485303 -1.864697
v 0.915000 0.485303 -1.864697
v 0.910000 0.480000 -1.862500
v 0.915000 0.480000 -1.862500
v 0.910000 0.474697 -1.864697
v 0.915000 0.474697 -1.864697
v 0.910000 0.472500 -1.870000
v 0.915000 0.472500 -1.870000
v 0.910000 0.474697 -1.875303
v 0.915000 0.474697 -1.875303
v 0.915000 0.480000 -1.877500
v 0.910000 0.480000 -1.877500
v 0.915000 0.680000 -1.875000
v 0.915000 0.520000 -1.875000
v 0.915000 0.680000 -1.880000
v 0.915000 0.520000 -1.880000
v 0.915000 0.680000 -1.890000
v 0.915000 0.520000 -1.890000
v 0.915000 0.680000 -1.895000
v 0.915000 0.520000 -1.895000
v 0.920000 0.680000 -1.910000
v 0.920000 0.520000 -1.910000
v 0.930000 0.680000 -1.910000
v 0.930000 0.520000 -1.910000
v 0.932000 0.670000 -1.875000
v 0.932000 0.680000 -1.875000
v 0.950000 0.670000 -1.910000
v 0.950000 0.680000 -1.910000
v 0.930000 0.670000 -1.875000
v 0.930000 0.680000 -1.875000
v 0.930000 0.670000 -1.910000
v 0.930000 0.680000 -1.910000
v 0.932000 0.520000 -1.875000
v 0.932000 0.530000 -1.875000
v 0.950000 0.520000 -1.910000
v 0.950000 0.530000 -1.910000
v 0.930000 0.520000 -1.875000
v 0.930000 0.530000 -1.875000
v 0.930000 0.520000 -1.910000
v 0.930000 0.530000 -1.910000
v 0.932000 0.595000 -1.875000
v 0.932000 0.605000 -1.875000
v 0.950000 0.595000 -1.910000
v 0.950000 0.605000 -1.910000
v 0.930000 0.595000 -1.875000
v 0.930000 0.605000 -1.875000
v 0.930000 0.595000 -1.910000
v 0.930000 0.605000 -1.910000
v 1.040998 0.688175 -1.911709
v 1.043002 0.688288 -1.911821
v 1.043002 0.687500 -2.000000
v 1.040998 0.687500 -2.000000
v 1.059098 0.510000 -1.910000
v 1.061102 0.510000 -1.910000
v 1.043002 0.690000 -1.910000
v 1.040998 0.690000 -1.910000
v 1.043002 0.690000 -2.000000
v 1.040998 0.690000 -2.000000
v 1.059098 0.510000 -2.000000
v 1.061102 0.510000 -2.000000
v 1.061102 0.512500 -2.000000
v 1.059098 0.512500 -2.000000
v 1.059098 0.511712 -1.911821
v 1.061102 0.511825 -1.911709
v 0.988000 0.827955 -1.679955
v 0.988000 0.881000 -1.718250
v 0.988000 0.873045 -1.714955
v 0.988000 0.831250 -1.672000
v 0.988000 0.869750 -1.707000
v 0.988000 0.827955 -1.664045
v 0.988000 0.873045 -1.699045
v 0.988000 0.820000 -1.660750
v 0.988000 0.881000 -1.695750
v 0.988000 0.812045 -1.664045
v 0.988000 0.808750 -1.672000
v 0.988000 0.888955 -1.699045
v 0.988000 0.812045 -1.679955
v 0.988000 0.892250 -1.707000
v 0.988000 0.888955 -1.714955
v 0.988000 0.820000 -1.683250
v 0.892000 0.881000 -1.718250
v 0.892000 0.873045 -1.714955
v 0.892000 0.869750 -1.707000
v 0.892000 0.873045 -1.699045
v 0.892000 0.881000 -1.695750
v 0.892000 0.888955 -1.699045
v 0.892000 0.892250 -1.707000
v 0.892000 0.888955 -1.714955
v 0.892000 0.820000 -1.683250
v 0.892000 0.812045 -1.679955
v 0.892000 0.808750 -1.672000
v 0.892000 0.812045 -1.664045
v 0.892000 0.820000 -1.660750
v 0.892000 0.827955 -1.664045
v 0.892000 0.831250 -1.672000
v 0.892000 0.827955 -1.679955
v 0.970000 0.700000 -1.950000
v 0.970000 0.820000 -1.950000
v 0.910000 0.700000 -1.950000
v 0.910000 0.820000 -1.950000
v 0.970000 0.830000 -1.700000
v 0.970000 0.870000 -1.700000
v 0.910000 0.870000 -1.700000
v 0.910000 0.830000 -1.700000
v 0.970000 0.700000 -1.960000
v 0.910000 0.820000 -1.960000
v 0.970000 0.820000 -1.960000
v 0.910000 0.700000 -1.960000
v 1.068000 0.510000 -2.090000
v 1.050000 0.690000 -2.090000
v 0.910000 0.510000 -2.090000
v 0.910000 0.690000 -2.090000
v 0.900000 0.440000 -2.180000
v 0.900000 0.500000 -2.180000
v 0.840000 0.440000 -2.180000
v 0.840000 0.500000 -2.180000
v 0.900000 0.440000 -2.110000
v 0.900000 0.500000 -2.110000
v 0.840000 0.440000 -2.110000
v 0.840000 0.500000 -2.110000
v 0.840000 1.000000 -2.070000
v 0.840000 1.000000 -2.220000
v 0.900000 1.000000 -2.220000
v 0.900000 1.000000 -2.070000
v 0.970000 0.810000 -2.340000
v 0.970000 1.000000 -2.560000
v 0.970000 0.810000 -2.320000
v 0.910000 0.810000 -2.340000
v 0.910000 1.000000 -2.560000
v 0.910000 0.810000 -2.320000
v 0.970000 0.900000 -2.500000
v 0.970000 1.000000 -2.360000
v 0.910000 1.000000 -2.360000
v 0.910000 0.900000 -2.500000
v 1.030000 0.720000 -2.070000
v 1.019394 0.715607 -2.070000
v 1.015000 0.705000 -2.070000
v 1.019394 0.694393 -2.070000
v 1.030000 0.690000 -2.070000
v 1.040607 0.694393 -2.070000
v 1.045000 0.705000 -2.070000
v 1.040607 0.715607 -2.070000
v 1.049000 0.700000 -2.050000
v 1.049000 0.700000 -2.030000
v 1.031500 0.698000 -2.050000
v 1.030500 0.723000 -2.050000
v 1.031500 0.698000 -2.030000
v 1.030500 0.723000 -2.030000
v 1.057000 0.620000 -2.030000
v 1.057000 0.620000 -2.050000
v 1.067000 0.620000 -2.030000
v 1.067000 0.620000 -2.050000
v 1.020000 0.716000 -2.030000
v 1.020000 0.716000 -2.050000
v 1.030000 0.720000 -2.028000
v 1.019394 0.715607 -2.028000
v 1.015000 0.705000 -2.028000
v 1.019394 0.694393 -2.028000
v 1.030000 0.690000 -2.028000
v 1.040607 0.694393 -2.028000
v 1.045000 0.705000 -2.028000
v 1.040607 0.715607 -2.028000
v 1.014741 0.720259 -2.028000
v 1.008420 0.705000 -2.028000
v 1.014741 0.689741 -2.028000
v 1.030000 0.683420 -2.028000
v 1.045259 0.689741 -2.028000
v 1.051580 0.705000 -2.028000
v 1.045259 0.720259 -2.028000
v 1.030000 0.726580 -2.028000
v 0.977071 0.827071 -2.040000
v 0.902929 0.692929 -2.040000
v 0.977071 0.692929 -2.040000
v 0.902929 0.827071 -2.040000
v 0.910000 0.440000 -2.110000
v 0.910000 0.440000 -2.180000
v 0.910000 0.490000 -2.180000
v 0.910000 0.490000 -2.110000
v 0.920000 0.520000 -2.125000
v 0.920000 0.680000 -2.125000
v 0.910000 0.480000 -2.152500
v 0.915000 0.480000 -2.152500
v 0.915000 0.474697 -2.154697
v 0.910000 0.474697 -2.154697
v 0.915000 0.472500 -2.160000
v 0.910000 0.472500 -2.160000
v 0.915000 0.474697 -2.165303
v 0.910000 0.474697 -2.165303
v 0.915000 0.480000 -2.167500
v 0.910000 0.480000 -2.167500
v 0.915000 0.485303 -2.165303
v 0.910000 0.485303 -2.165303
v 0.915000 0.487500 -2.160000
v 0.910000 0.487500 -2.160000
v 0.915000 0.485303 -2.154697
v 0.910000 0.485303 -2.154697
v 0.930000 0.680000 -2.125000
v 0.930000 0.520000 -2.125000
v 0.920000 0.520000 -2.120000
v 0.930000 0.520000 -2.120000
v 0.930000 0.680000 -2.120000
v 0.920000 0.680000 -2.120000
v 0.920000 0.680000 -2.105000
v 0.920000 0.520000 -2.105000
v 0.920000 0.680000 -2.110000
v 0.920000 0.520000 -2.110000
v 0.930000 0.680000 -2.105000
v 0.930000 0.520000 -2.105000
v 0.930000 0.680000 -2.110000
v 0.930000 0.520000 -2.110000
v 0.900000 0.446000 -2.180000
v 0.840000 0.446000 -2.180000
v 0.840000 0.446000 -2.110000
v 0.910000 0.446000 -2.180000
v 0.910000 0.446000 -2.110000
v 0.920000 0.440000 -2.110000
v 0.920000 0.440000 -2.180000
v 0.920000 0.445000 -2.110000
v 0.920000 0.445000 -2.180000
v 0.903750 0.530000 -2.150000
v 0.903750 0.700000 -2.150000
v 0.903750 0.530000 -2.110000
v 0.903750 0.700000 -2.110000
v 0.896250 0.530000 -2.150000
v 0.896250 0.700000 -2.150000
v 0.896250 0.530000 -2.110000
v 0.896250 0.700000 -2.110000
v 0.903750 0.530000 -2.120000
v 0.903750 0.700000 -2.120000
v 0.896250 0.530000 -2.119000
v 0.896250 0.700000 -2.119000
v 0.918750 0.700000 -2.120000
v 0.918750 0.700000 -2.110000
v 0.918750 0.530000 -2.110000
v 0.918750 0.530000 -2.120000
v 0.910000 0.590000 -2.132500
v 0.915000 0.590000 -2.132500
v 0.915000 0.584697 -2.134697
v 0.910000 0.584697 -2.134697
v 0.915000 0.582500 -2.140000
v 0.910000 0.582500 -2.140000
v 0.915000 0.584697 -2.145303
v 0.910000 0.584697 -2.145303
v 0.915000 0.590000 -2.147500
v 0.910000 0.590000 -2.147500
v 0.915000 0.595303 -2.145303
v 0.910000 0.595303 -2.145303
v 0.915000 0.597500 -2.140000
v 0.910000 0.597500 -2.140000
v 0.915000 0.595303 -2.134697
v 0.910000 0.595303 -2.134697
v 0.910000 0.555303 -2.134697
v 0.915000 0.555303 -2.134697
v 0.910000 0.557500 -2.140000
v 0.915000 0.557500 -2.140000
v 0.910000 0.555303 -2.145303
v 0.915000 0.555303 -2.145303
v 0.910000 0.550000 -2.147500
v 0.915000 0.550000 -2.147500
v 0.910000 0.544697 -2.145303
v 0.915000 0.544697 -2.145303
v 0.910000 0.542500 -2.140000
v 0.915000 0.542500 -2.140000
v 0.910000 0.544697 -2.134697
v 0.915000 0.544697 -2.134697
v 0.915000 0.550000 -2.132500
v 0.910000 0.550000 -2.132500
v 0.910000 0.645303 -2.134697
v 0.915000 0.645303 -2.134697
v 0.910000 0.647500 -2.140000
v 0.915000 0.647500 -2.140000
v 0.910000 0.645303 -2.145303
v 0.915000 0.645303 -2.145303
v 0.910000 0.640000 -2.147500
v 0.915000 0.640000 -2.147500
v 0.910000 0.634697 -2.145303
v 0.915000 0.634697 -2.145303
v 0.910000 0.632500 -2.140000
v 0.915000 0.632500 -2.140000
v 0.910000 0.634697 -2.134697
v 0.915000 0.634697 -2.134697
v 0.915000 0.640000 -2.132500
v 0.910000 0.640000 -2.132500
v 0.910000 0.680000 -2.132500
v 0.915000 0.680000 -2.132500
v 0.915000 0.674697 -2.134697
v 0.910000 0.674697 -2.134697
v 0.915000 0.672500 -2.140000
v 0.910000 0.672500 -2.140000
v 0.915000 0.674697 -2.145303
v 0.910000 0.674697 -2.145303
v 0.915000 0.680000 -2.147500
v 0.910000 0.680000 -2.147500
v 0.915000 0.685303 -2.145303
v 0.910000 0.685303 -2.145303
v 0.915000 0.687500 -2.140000
v 0.910000 0.687500 -2.140000
v 0.915000 0.685303 -2.134697
v 0.910000 0.685303 -2.134697
v 0.910000 0.485303 -2.124697
v 0.915000 0.485303 -2.124697
v 0.910000 0.487500 -2.130000
v 0.915000 0.487500 -2.130000
v 0.910000 0.485303 -2.135303
v 0.915000 0.485303 -2.135303
v 0.910000 0.480000 -2.137500
v 0.915000 0.480000 -2.137500
v 0.910000 0.474697 -2.135303
v 0.915000 0.474697 -2.135303
v 0.910000 0.472500 -2.130000
v 0.915000 0.472500 -2.130000
v 0.910000 0.474697 -2.124697
v 0.915000 0.474697 -2.124697
v 0.915000 0.480000 -2.122500
v 0.910000 0.480000 -2.122500
v 0.915000 0.680000 -2.125000
v 0.915000 0.520000 -2.125000
v 0.915000 0.680000 -2.120000
v 0.915000 0.520000 -2.120000
v 0.915000 0.680000 -2.110000
v 0.915000 0.520000 -2.110000
v 0.915000 0.680000 -2.105000
v 0.915000 0.520000 -2.105000
v 0.920000 0.680000 -2.090000
v 0.920000 0.520000 -2.090000
v 0.930000 0.680000 -2.090000
v 0.930000 0.520000 -2.090000
v 0.932000 0.670000 -2.125000
v 0.932000 0.680000 -2.125000
v 0.950000 0.670000 -2.090000
v 0.950000 0.680000 -2.090000
v 0.930000 0.670000 -2.125000
v 0.930000 0.680000 -2.125000
v 0.930000 0.670000 -2.090000
v 0.930000 0.680000 -2.090000
v 0.932000 0.520000 -2.125000
v 0.932000 0.530000 -2.125000
v 0.950000 0.520000 -2.090000
v 0.950000 0.530000 -2.090000
v 0.930000 0.520000 -2.125000
v 0.930000 0.530000 -2.125000
v 0.930000 0.520000 -2.090000
v 0.930000 0.530000 -2.090000
v 0.932000 0.595000 -2.125000
v 0.932000 0.605000 -2.125000
v 0.950000 0.595000 -2.090000
v 0.950000 0.605000 -2.090000
v 0.930000 0.595000 -2.125000
v 0.930000 0.605000 -2.125000
v 0.930000 0.595000 -2.090000
v 0.930000 0.605000 -2.090000
v 1.040998 0.688175 -2.088291
v 1.043002 0.688288 -2.088178
v 1.059098 0.510000 -2.090000
v 1.061102 0.510000 -2.090000
v 1.043002 0.690000 -2.090000
v 1.040998 0.690000 -2.090000
v 1.059098 0.511712 -2.088178
v 1.061102 0.511825 -2.088291
v 0.988000 0.827955 -2.320045
v 0.988000 0.881000 -2.281750
v 0.988000 0.873045 -2.285045
v 0.988000 0.831250 -2.328000
v 0.988000 0.869750 -2.293000
v 0.988000 0.827955 -2.335955
v 0.988000 0.873045 -2.300955
v 0.988000 0.820000 -2.339250
v 0.988000 0.881000 -2.304250
v 0.988000 0.812045 -2.335955
v 0.988000 0.808750 -2.328000
v 0.988000 0.888955 -2.300955
v 0.988000 0.812045 -2.320045
v 0.988000 0.892250 -2.293000
v 0.988000 0.888955 -2.285045
v 0.988000 0.820000 -2.316750
v 0.892000 0.881000 -2.281750
v 0.892000 0.873045 -2.285045
v 0.892000 0.869750 -2.293000
v 0.892000 0.873045 -2.300955
v 0.892000 0.881000 -2.304250
v 0.892000 0.888955 -2.300955
v 0.892000 0.892250 -2.293000
v 0.892000 0.888955 -2.285045
v 0.892000 0.820000 -2.316750
v 0.892000 0.812045 -2.320045
v 0.892000 0.808750 -2.328000
v 0.892000 0.812045 -2.335955
v 0.892000 0.820000 -2.339250
v 0.892000 0.827955 -2.335955
v 0.892000 0.831250 -2.328000
v 0.892000 0.827955 -2.320045
v 0.970000 0.700000 -2.050000
v 0.970000 0.820000 -2.050000
v 0.910000 0.700000 -2.050000
v 0.910000 0.820000 -2.050000
v 0.970000 0.830000 -2.300000
v 0.970000 0.870000 -2.300000
v 0.910000 0.870000 -2.300000
v 0.910000 0.830000 -2.300000
v 0.970000 0.700000 -2.040000
v 0.910000 0.820000 -2.040000
v 0.970000 0.820000 -2.040000
v 0.910000 0.700000 -2.040000
v 0.722000 0.653889 -2.421738
v 0.722000 0.570000 -2.430000
v 0.722000 0.804605 -2.359985
v 0.722000 0.734554 -2.397268
v 0.722000 0.488102 -2.421934
v 0.800000 0.792228 -2.332588
v 0.800000 0.723073 -2.369552
v 0.800000 0.648036 -2.392314
v 0.800000 0.570000 -2.400000
v 0.800000 0.491964 -2.392314
v 0.730000 0.570000 -2.430000
v 0.792000 0.570000 -2.430000
v 0.790000 0.653889 -2.421738
v 0.798000 0.488102 -2.421934
v 0.798000 0.570000 -2.430000
v 0.800000 0.653889 -2.421738
v 0.798000 0.804605 -2.359985
v 0.800000 0.734554 -2.397268
v 0.728000 0.653889 -2.421738
v 0.720000 0.491964 -2.392314
v 0.720000 0.570000 -2.400000
v 0.720000 0.648036 -2.392314
v 0.720000 0.723073 -2.369552
v 0.720000 0.792228 -2.332588
v 0.728000 0.804605 -2.359985
v 0.792000 0.804605 -2.359985
v 0.792000 0.734554 -2.397268
v 0.728000 0.734554 -2.397268
v 0.792000 0.488102 -2.421934
v 0.728000 0.488102 -2.421934
v 0.790000 0.491964 -2.392314
v 0.730000 0.491964 -2.392314
v 0.790000 0.723073 -2.369552
v 0.730000 0.723073 -2.369552
v 0.730000 0.792228 -2.332588
v 0.790000 0.792228 -2.332588
v 0.790000 0.570000 -2.400000
v 0.730000 0.570000 -2.400000
v 0.730000 0.648036 -2.392314
v 0.790000 0.648036 -2.392314
v 0.720000 0.734554 -2.397268
v 0.720000 0.806370 -2.359046
v 0.720000 0.653889 -2.421738
v 0.720000 0.570000 -2.430000
v 0.720000 0.486111 -2.421738
v 0.790000 0.806370 -2.359046
v 0.800000 0.806370 -2.359046
v 0.730000 0.486111 -2.421738
v 0.730000 0.806370 -2.359046
v 0.800000 0.486111 -2.421738
v 0.800000 0.570000 -2.430000
v 0.798000 0.653889 -2.421738
v 0.798000 0.734554 -2.397268
v 0.790000 0.486111 -2.421738
v 0.792000 0.653889 -2.421738
v 0.790000 0.734554 -2.397268
v 0.730000 0.653889 -2.421738
v 0.730000 0.734554 -2.397268
v 0.790000 0.570000 -2.430000
v 0.728000 0.570000 -2.430000
v 0.792000 0.660717 -2.456065
v 0.798000 0.660717 -2.456065
v 0.728000 0.570000 -2.465000
v 0.722000 0.570000 -2.465000
v 0.728000 0.747919 -2.429616
v 0.722000 0.747919 -2.429616
v 0.798000 0.747919 -2.429616
v 0.792000 0.747919 -2.429616
v 0.798000 0.570000 -2.465000
v 0.792000 0.570000 -2.465000
v 0.722000 0.660717 -2.456065
v 0.728000 0.660717 -2.456065
v 0.722000 0.821049 -2.390882
v 0.722000 0.484671 -2.456765
v 0.792000 0.821049 -2.390882
v 0.798000 0.821049 -2.390882
v 0.728000 0.484671 -2.456765
v 0.728000 0.821049 -2.390882
v 0.798000 0.484671 -2.456765
v 0.792000 0.484671 -2.456765
v 0.815000 0.679546 -2.428454
v 0.815000 0.683500 -2.438000
v 0.815000 0.679546 -2.447546
v 0.815000 0.670000 -2.451500
v 0.815000 0.660454 -2.447546
v 0.815000 0.656500 -2.438000
v 0.815000 0.660454 -2.428454
v 0.815000 0.670000 -2.424500
v 0.705000 0.670000 -2.424500
v 0.705000 0.660454 -2.428454
v 0.705000 0.656500 -2.438000
v 0.705000 0.660454 -2.447546
v 0.705000 0.670000 -2.451500
v 0.705000 0.679546 -2.447546
v 0.705000 0.683500 -2.438000
v 0.705000 0.679546 -2.428454
v 0.814000 0.641287 -2.450300
v 0.814000 0.660081 -2.443459
v 0.814000 0.639919 -2.446541
v 0.814000 0.658713 -2.439700
v 0.810000 0.641287 -2.450300
v 0.810000 0.660081 -2.443459
v 0.810000 0.639919 -2.446541
v 0.810000 0.658713 -2.439700
v 0.815000 0.809546 -2.448454
v 0.815000 0.813500 -2.458000
v 0.815000 0.809546 -2.467546
v 0.815000 0.800000 -2.471500
v 0.815000 0.790454 -2.467546
v 0.815000 0.786500 -2.458000
v 0.815000 0.790454 -2.448454
v 0.815000 0.800000 -2.444500
v 0.705000 0.800000 -2.444500
v 0.705000 0.790454 -2.448454
v 0.705000 0.786500 -2.458000
v 0.705000 0.790454 -2.467546
v 0.705000 0.800000 -2.471500
v 0.705000 0.809546 -2.467546
v 0.705000 0.813500 -2.458000
v 0.705000 0.809546 -2.448454
v 0.815000 0.869546 -2.460454
v 0.815000 0.873500 -2.470000
v 0.815000 0.869546 -2.479546
v 0.815000 0.860000 -2.483500
v 0.815000 0.850454 -2.479546
v 0.815000 0.846500 -2.470000
v 0.815000 0.850454 -2.460454
v 0.815000 0.860000 -2.456500
v 0.645000 0.860000 -2.456500
v 0.645000 0.850454 -2.460454
v 0.645000 0.846500 -2.470000
v 0.645000 0.850454 -2.479546
v 0.645000 0.860000 -2.483500
v 0.645000 0.869546 -2.479546
v 0.645000 0.873500 -2.470000
v 0.645000 0.869546 -2.460454
v 0.980000 0.809199 -1.660670
v 0.980000 0.829689 -1.655180
v 0.980000 0.818307 -1.653681
v 0.980000 0.890311 -1.690179
v 0.980000 0.895801 -1.710670
v 0.980000 0.897300 -1.699288
v 0.980000 0.809689 -1.689821
v 0.980000 0.804199 -1.669330
v 0.980000 0.802700 -1.680712
v 0.980000 0.890801 -1.719330
v 0.980000 0.870311 -1.724820
v 0.980000 0.881693 -1.726319
v 0.970000 0.829689 -1.655180
v 0.970000 0.809199 -1.660670
v 0.970000 0.818307 -1.653681
v 0.970000 0.895801 -1.710670
v 0.970000 0.890311 -1.690179
v 0.970000 0.897300 -1.699288
v 0.970000 0.804199 -1.669330
v 0.970000 0.809689 -1.689821
v 0.970000 0.802700 -1.680712
v 0.970000 0.870311 -1.724820
v 0.970000 0.890801 -1.719330
v 0.970000 0.881693 -1.726319
v 1.041544 0.723850 -1.950000
v 1.057993 0.710074 -1.950000
v 1.052190 0.710633 -1.950000
v 1.052557 0.720291 -1.950000
v 1.057993 0.710074 -1.970000
v 1.041544 0.723850 -1.970000
v 1.052190 0.710633 -1.970000
v 1.052557 0.720291 -1.970000
v 0.910000 0.809199 -1.660670
v 0.910000 0.829689 -1.655180
v 0.910000 0.818307 -1.653681
v 0.910000 0.890311 -1.690179
v 0.910000 0.895801 -1.710670
v 0.910000 0.897300 -1.699288
v 0.910000 0.809689 -1.689821
v 0.910000 0.804199 -1.669330
v 0.910000 0.802700 -1.680712
v 0.910000 0.890801 -1.719330
v 0.910000 0.870311 -1.724820
v 0.910000 0.881693 -1.726319
v 0.900000 0.829689 -1.655180
v 0.900000 0.809199 -1.660670
v 0.900000 0.818307 -1.653681
v 0.900000 0.895801 -1.710670
v 0.900000 0.890311 -1.690179
v 0.900000 0.897300 -1.699288
v 0.900000 0.804199 -1.669330
v 0.900000 0.809689 -1.689821
v 0.900000 0.802700 -1.680712
v 0.900000 0.870311 -1.724820
v 0.900000 0.890801 -1.719330
v 0.900000 0.881693 -1.726319
v 0.980000 0.829689 -2.344820
v 0.980000 0.809199 -2.339330
v 0.980000 0.818307 -2.346319
v 0.980000 0.895801 -2.289330
v 0.980000 0.890311 -2.309820
v 0.980000 0.897300 -2.300712
v 0.980000 0.804199 -2.330670
v 0.980000 0.809689 -2.310179
v 0.980000 0.802700 -2.319288
v 0.980000 0.870311 -2.275180
v 0.980000 0.890801 -2.280670
v 0.980000 0.881693 -2.273681
v 0.970000 0.809199 -2.339330
v 0.970000 0.829689 -2.344820
v 0.970000 0.818307 -2.346319
v 0.970000 0.890311 -2.309820
v 0.970000 0.895801 -2.289330
v 0.970000 0.897300 -2.300712
v 0.970000 0.809689 -2.310179
v 0.970000 0.804199 -2.330670
v 0.970000 0.802700 -2.319288
v 0.970000 0.890801 -2.280670
v 0.970000 0.870311 -2.275180
v 0.970000 0.881693 -2.273681
v 1.057993 0.710074 -2.050000
v 1.041544 0.723850 -2.050000
v 1.052190 0.710633 -2.050000
v 1.052557 0.720291 -2.050000
v 1.041544 0.723850 -2.030000
v 1.057993 0.710074 -2.030000
v 1.052190 0.710633 -2.030000
v 1.052557 0.720291 -2.030000
v 0.910000 0.829689 -2.344820
v 0.910000 0.809199 -2.339330
v 0.910000 0.818307 -2.346319
v 0.910000 0.895801 -2.289330
v 0.910000 0.890311 -2.309820
v 0.910000 0.897300 -2.300712
v 0.910000 0.804199 -2.330670
v 0.910000 0.809689 -2.310179
v 0.910000 0.802700 -2.319288
v 0.910000 0.870311 -2.275180
v 0.910000 0.890801 -2.280670
v 0.910000 0.881693 -2.273681
v 0.900000 0.809199 -2.339330
v 0.900000 0.829689 -2.344820
v 0.900000 0.818307 -2.346319
v 0.900000 0.890311 -2.309820
v 0.900000 0.895801 -2.289330
v 0.900000 0.897300 -2.300712
v 0.900000 0.809689 -2.310179
v 0.900000 0.804199 -2.330670
v 0.900000 0.802700 -2.319288
v 0.900000 0.890801 -2.280670
v 0.900000 0.870311 -2.275180
v 0.900000 0.881693 -2.273681
v 0.810000 0.662818 -2.454936
v 0.810000 0.650651 -2.437559
v 0.810000 0.653136 -2.448768
v 0.810000 0.877157 -2.477498
v 0.810000 0.859780 -2.489666
v 0.810000 0.870988 -2.487181
v 0.810000 0.652387 -2.427711
v 0.810000 0.669764 -2.415544
v 0.810000 0.658556 -2.418029
v 0.810000 0.866726 -2.450273
v 0.810000 0.878893 -2.467650
v 0.810000 0.876408 -2.456442
v 0.800000 0.650651 -2.437559
v 0.800000 0.662818 -2.454936
v 0.800000 0.653136 -2.448768
v 0.800000 0.859780 -2.489666
v 0.800000 0.877157 -2.477498
v 0.800000 0.870988 -2.487181
v 0.800000 0.669764 -2.415544
v 0.800000 0.652387 -2.427711
v 0.800000 0.658556 -2.418029
v 0.800000 0.878893 -2.467650
v 0.800000 0.866726 -2.450273
v 0.800000 0.876408 -2.456442
v 0.720000 0.662818 -2.454936
v 0.720000 0.650651 -2.437559
v 0.720000 0.653136 -2.448768
v 0.720000 0.877157 -2.477498
v 0.720000 0.859780 -2.489666
v 0.720000 0.870988 -2.487181
v 0.720000 0.652387 -2.427711
v 0.720000 0.669764 -2.415544
v 0.720000 0.658556 -2.418029
v 0.720000 0.866726 -2.450273
v 0.720000 0.878893 -2.467650
v 0.720000 0.876408 -2.456442
v 0.710000 0.650651 -2.437559
v 0.710000 0.662818 -2.454936
v 0.710000 0.653136 -2.448768
v 0.710000 0.859780 -2.489666
v 0.710000 0.877157 -2.477498
v 0.710000 0.870988 -2.487181
v 0.710000 0.669764 -2.415544
v 0.710000 0.652387 -2.427711
v 0.710000 0.658556 -2.418029
v 0.710000 0.878893 -2.467650
v 0.710000 0.866726 -2.450273
v 0.710000 0.876408 -2.456442
vn 1.0000 -0.0000 -0.0000
vn -0.0000 1.0000 -0.0000
vn -0.0000 -0.0000 1.0000
vn -0.0000 -1.0000 -0.0000
vn -1.0000 -0.0000 -0.0000
vn -0.0000 -0.0797 -0.9968
vn -0.0000 -0.0797 0.9968
vn -0.0000 -0.5145 0.8575
vn -0.0000 -0.8716 0.4903
vn -0.0000 0.2060 -0.9785
vn -0.7071 0.7071 -0.0000
vn -0.9950 0.0995 -0.0000
vn 0.3827 0.9239 -0.0000
vn 0.9239 0.3827 -0.0000
vn 0.9239 -0.3827 -0.0000
vn 0.3827 -0.9239 -0.0000
vn -0.3827 -0.9239 -0.0000
vn -0.9239 -0.3827 -0.0000
vn -0.9239 0.3827 -0.0000
vn -0.3827 0.9239 -0.0000
vn -0.1135 -0.9935 -0.0000
vn 0.9950 -0.0995 -0.0000
vn 0.5547 0.8320 -0.0000
vn -0.0000 -0.0000 -1.0000
vn -0.0000 0.3827 -0.9239
vn -0.0000 0.9239 -0.3827
vn -0.0000 0.9239 0.3827
vn -0.0000 0.3827 0.9239
vn -0.0000 -0.3827 0.9239
vn -0.0000 -0.9239 0.3827
vn -0.0000 -0.3827 -0.9239
vn -0.0000 -0.9239 -0.3827
vn -0.0995 0.9950 -0.0000
vn -0.8893 -0.0000 0.4573
vn -0.8893 -0.0000 0.4574
vn -0.0000 1.0000 -0.0089
vn -0.9903 0.1015 0.0953
vn -0.0000 -1.0000 -0.0089
vn -0.0560 0.0051 0.9984
vn 0.9902 -0.1015 0.0955
vn -0.0000 -0.8872 0.4614
vn -0.0000 0.9806 -0.1961
vn -0.0000 -0.5145 -0.8575
vn -0.0000 -0.8716 -0.4903
vn -0.0000 0.2060 0.9785
vn -0.8893 -0.0000 -0.4573
vn -0.8893 -0.0000 -0.4574
vn -0.0000 1.0000 0.0089
vn -0.9894 0.0995 0.1062
vn -0.0000 -1.0000 0.0089
vn 0.0560 -0.0051 -0.9984
vn 0.9894 -0.0995 0.1062
vn -0.0000 -0.8872 -0.4614
vn -0.0000 0.9806 0.1961
vn -0.0000 -0.0980 0.9952
vn -0.0000 -0.4714 0.8819
vn -0.0000 0.0980 0.9952
vn -0.0000 -0.2903 0.9569
vn -0.0000 -0.9808 0.1951
vn -0.0000 0.8828 0.4698
vn -0.0000 -0.9952 0.0980
vn -0.0000 0.8819 0.4714
vn -0.0000 0.2903 -0.9569
vn -0.0000 -0.0980 -0.9952
vn -0.0000 0.4698 -0.8828
vn -0.0000 0.0980 -0.9952
vn -0.0000 0.4698 -0.8827
vn -0.0000 0.4681 -0.8837
vn -0.0000 -0.0961 -0.9954
vn -0.0000 -0.3420 0.9397
vn -0.0000 0.3420 -0.9397
vn -0.0000 -0.9397 -0.3420
vn -0.0000 -0.9914 0.1305
vn -0.0000 -0.7933 -0.6088
vn -0.0000 0.6088 -0.7934
vn -0.0000 -0.1305 -0.9914
vn -0.0000 -0.6088 0.7934
vn -0.0000 0.1305 0.9914
vn -0.0000 0.9914 -0.1305
vn -0.0000 0.7933 0.6088
vn -0.3075 0.9516 -0.0000
vn -0.8828 0.4697 -0.0000
vn -0.0000 -0.7934 -0.6088
vn -0.0000 0.7934 0.6088
vn -0.0000 -0.7933 0.6088
vn -0.0000 -0.9914 -0.1305
vn -0.0000 -0.1305 0.9914
vn -0.0000 0.6088 0.7933
vn -0.0000 0.1305 -0.9914
vn -0.0000 -0.6088 -0.7933
vn -0.0000 0.7933 -0.6088
vn -0.0000 0.9914 0.1305
vn -0.3074 0.9516 -0.0000
vn -0.0000 -0.7934 0.6088
vn -0.0000 0.6088 0.7934
vn -0.0000 -0.6088 -0.7934
vn -0.0000 0.7934 -0.6088
vn -0.0000 -0.2164 0.9763
vn -0.0000 -0.8434 0.5373
vn -0.0000 0.5373 0.8434
vn -0.0000 0.9763 0.2164
vn -0.0000 -0.5373 -0.8434
vn -0.0000 -0.9763 -0.2164
vn -0.0000 0.2164 -0.9763
vn -0.0000 0.8434 -0.5373
vn -0.0000 -0.8660 0.5000
vn -0.0000 0.5000 0.8660
vn -0.0000 0.8660 -0.5000
vn -0.0000 -0.5000 -0.8660
vn 0.0767 0.9971 -0.0000
vn -0.0000 -0.8660 -0.5000
vn -0.0000 0.5000 -0.8660
vn -0.0000 0.8660 0.5000
vn -0.0000 -0.5000 0.8660
vn -0.0000 -0.9848 0.1736
vn -0.0000 -0.1737 -0.9848
vn -0.0000 0.9848 -0.1736
vn -0.0000 0.1736 0.9848
vn -0.0000 -0.1736 -0.9848
vn 0.7071 0.7071 -0.0000
vn 0.9950 0.0995 -0.0000
vn 0.1135 -0.9935 -0.0000
vn -0.9950 -0.0995 -0.0000
vn -0.5547 0.8320 -0.0000
vn 0.0995 0.9950 -0.0000
vn 0.8893 -0.0000 0.4573
vn 0.8893 -0.0000 0.4574
vn 0.9894 0.0995 -0.1062
vn -0.0560 -0.0051 0.9984
vn -0.9894 -0.0995 -0.1062
vn 0.8893 -0.0000 -0.4573
vn 0.8893 -0.0000 -0.4574
vn 0.9903 0.1015 -0.0953
vn 0.0560 0.0051 -0.9984
vn -0.9902 -0.1015 -0.0955
vn -0.0000 0.4699 -0.8827
vn 0.3075 0.9516 -0.0000
vn 0.8828 0.4697 -0.0000
vn 0.3074 0.9516 -0.0000
vn -0.0767 0.9971 -0.0000
vn 0.5547 0.8321 -0.0000
vn 0.0565 0.9984 -0.0076
vn -0.9894 0.0995 -0.1062
vn -0.0565 -0.9984 -0.0076
vn 0.0560 -0.0051 0.9984
vn 0.9894 -0.0995 -0.1062
vn 0.0565 0.9984 0.0076
vn -0.9903 0.1015 -0.0953
vn -0.0565 -0.9984 0.0076
vn -0.0560 0.0051 -0.9984
vn 0.9902 -0.1015 -0.0955
vn -0.0000 0.2902 -0.9570
vn -0.0000 0.2903 -0.9570
vn -0.0000 0.6088 -0.7933
vn -0.0000 -0.6088 0.7933
vn -0.0000 0.1737 0.9848
vn -0.5547 0.8321 -0.0000
vn -0.0565 0.9984 -0.0076
vn 0.9903 0.1015 0.0953
vn 0.0565 -0.9984 -0.0076
vn 0.0560 0.0051 0.9984
vn -0.9902 -0.1015 0.0955
vn -0.0565 0.9984 0.0076
vn 0.9894 0.0995 0.1062
vn 0.0565 -0.9984 0.0076
vn -0.0560 -0.0051 -0.9984
vn -0.9894 -0.0995 0.1062
vt 0.625000 0.625000
vt 0.375000 0.750000
vt 0.375000 0.625000
vt 0.875000 0.625000
vt 0.864065 0.750000
vt 0.864065 0.625000
vt 0.375000 0.989085
vt 0.625000 1.000000
vt 0.375000 1.000000
vt 0.860698 0.750000
vt 0.625000 0.750000
vt 0.625000 0.666667
vt 0.500000 0.750000
vt 0.500000 0.666667
vt 0.500000 1.000000
vt 0.375000 0.666667
vt 0.125000 0.750000
vt 0.125000 0.666667
vt 0.625000 0.000000
vt 0.625000 0.083333
vt 0.125000 0.625000
vt 0.500000 0.625000
vt 0.875000 0.666667
vt 0.500000 0.000000
vt 0.500000 0.250000
vt 0.625000 0.500000
vt 0.375000 0.500000
vt 0.125000 0.500000
vt 0.875000 0.500000
vt 0.500000 0.500000
vt 0.375000 0.250000
vt 0.375000 0.000000
vt 0.375000 0.125000
vt 1.000000 0.675000
vt 0.875000 1.000000
vt 0.875000 0.675000
vt 0.750000 0.675000
vt 0.750000 1.000000
vt 0.625000 0.675000
vt 0.500000 0.675000
vt 0.375000 0.675000
vt 0.250000 0.675000
vt 0.010000 0.250000
vt 0.250000 0.010000
vt 0.490000 0.250000
vt 0.250000 1.000000
vt 0.125000 0.675000
vt 0.000000 1.000000
vt 0.000000 0.675000
vt 0.000000 0.000000
vt 0.000000 0.500000
vt 0.250000 0.500000
vt 0.750000 0.500000
vt 1.000000 0.500000
vt 0.625000 0.031250
vt 0.375000 0.031250
vt 0.625000 0.718750
vt 0.375000 0.718750
vt 0.125000 0.718750
vt 0.500000 0.083333
vt 0.500000 0.125000
vt 0.125000 1.000000
vt 0.625000 0.250000
vt 0.875000 0.750000
vt 1.000000 1.000000
vt 0.919706 0.080294
vt 0.580294 0.080294
vt 0.580294 0.419706
vt 0.375000 0.125000
vt 0.375000 0.083333
vt 0.625000 0.212500
vt 0.375000 0.212500
vt 0.125000 0.537500
vt 0.875000 0.537500
vt 0.625000 0.537500
vt 0.375000 0.537500
vt 0.860698 0.625000
vt 0.139085 0.750000
vt 0.139085 0.625000
vt 0.135915 0.750000
vt 0.375000 0.985915
vt 0.625000 0.985698
vt 0.135915 0.625000
vt 0.625000 0.989065
vt 0.250000 0.490000
vt 0.919706 0.419706
vt 0.875000 0.718750
vt 0.125000 0.593750
vt 0.378661 0.509153
vt 0.375000 0.593750
vt 0.380492 0.236271
vt 0.412500 0.500000
vt 0.625000 0.593750
vt 0.875000 0.593750
vt 0.621339 0.509153
vt 0.587500 0.250000
vt 0.619508 0.236271
vt 0.375000 0.656250
vt 0.125000 0.656250
vt 0.378661 0.740847
vt 0.412500 1.000000
vt 0.875000 0.656250
vt 0.621339 0.740847
vt 0.625000 0.656250
vt 0.587500 0.750000
vt 0.731194 0.500000
vt 0.731194 0.750000
vt 0.412500 0.250000
vt 0.587500 0.500000
vt 0.619508 0.236271
vt 0.412500 0.750000
vt 0.378661 0.740847
vt 0.587500 1.000000
vt 0.621339 0.740847
vt 0.587500 0.750000
vt 0.731194 0.750000
vt 0.587500 0.500000
vt 0.391304 0.250000
vt 0.376592 0.509153
vt 0.391304 0.500000
vt 0.375000 0.593750
vt 0.608696 0.500000
vt 0.622612 0.236271
vt 0.608696 0.250000
vt 0.623408 0.509153
vt 0.875000 0.593750
vt 0.391304 0.750000
vt 0.391304 1.000000
vt 0.376592 0.740847
vt 0.125000 0.656250
vt 0.608696 1.000000
vt 0.623408 0.740847
vt 0.608696 0.750000
vt 0.625000 0.656250
vt 0.608696 0.250000
vt 0.587500 0.000000
vt 0.375000 0.156250
vt 0.481326 1.000000
vt 0.481326 0.250000
vt 0.731194 0.500000
vt 0.625000 0.856194
vt 0.625000 0.393806
vt 0.481326 0.250000
vt 0.125000 0.593750
vt 0.375000 0.156250
vt 0.608696 0.000000
vt 0.625000 0.593750
vt 0.625000 0.093750
vt 0.385984 0.027459
vt 0.481326 1.000000
vt 0.625000 0.093750
vt 0.379775 0.027459
vt 0.625000 0.125000
vt 0.419706 0.419706
vt 0.080294 0.419706
vt 0.080294 0.080294
vt 0.419706 0.080294
vt 0.750000 0.490000
vt 0.990000 0.250000
vt 0.750000 0.010000
vt 0.510000 0.250000
vt 0.587500 1.000000
vt 0.377388 0.236271
vt 0.875000 0.656250
vt 0.375000 0.093750
vt 0.412500 0.000000
vt 0.614017 0.027458
vt 0.625000 0.156250
vt 0.614017 0.027458
vt 0.391304 0.000000
vt 0.625000 0.156250
vt 0.620225 0.027459
s 0
f 2194/201/182 2163/202/182 2193/203/182
f 2192/204/183 2448/205/183 2450/206/183
f 2447/207/184 2162/208/184 2161/209/184
f 2194/201/183 2449/210/183 2164/211/183
f 2172/212/182 2298/213/182 2299/214/182
f 2168/211/184 2297/215/184 2298/213/184
f 2171/216/185 2165/217/185 2169/218/185
f 2166/219/186 2176/220/186 2170/220/186
f 2188/204/183 2172/212/183 2190/201/183
f 2189/203/185 2169/218/185 2187/221/185
f 2190/201/182 2299/214/182 2300/222/182
f 2297/215/184 2260/209/184 2165/209/184
f 2176/223/183 2174/211/183 2173/212/183
f 2170/223/187 2173/212/187 2172/212/187
f 2172/212/182 2174/211/182 2168/211/182
f 2168/211/188 2175/208/188 2166/208/188
f 2183/224/186 2178/219/186 2184/225/186
f 2185/226/182 2181/211/182 2186/213/182
f 2181/211/189 2183/215/189 2186/213/189
f 2182/227/185 2177/217/185 2179/228/185
f 2184/229/183 2181/211/183 2185/226/183
f 2186/213/190 2177/209/190 2180/202/190
f 2185/230/182 2180/202/182 2182/227/182
f 2184/225/191 2182/227/191 2179/231/191
f 2177/232/186 2184/225/186 2179/231/186
f 2170/220/192 2261/219/192 2166/219/192
f 2162/219/193 2191/233/193 2161/232/193
f 2227/234/194 2202/235/194 2228/236/194
f 2202/235/195 2229/237/195 2228/236/195
f 2204/238/196 2230/239/196 2229/237/196
f 2206/208/197 2231/240/197 2230/239/197
f 2208/215/198 2232/241/198 2231/240/198
f 2210/209/199 2233/242/199 2232/241/199
f 2212/243/184 2208/244/184 2204/245/184
f 2212/246/200 2234/247/200 2233/242/200
f 2234/247/201 2200/248/201 2227/249/201
f 2219/227/202 2215/217/202 2216/228/202
f 2215/217/203 2221/228/203 2216/228/203
f 2222/217/185 2223/228/185 2221/228/185
f 2218/211/204 2225/226/204 2220/226/204
f 2219/227/205 2220/226/205 2225/226/205
f 2218/211/184 2217/202/184 2226/211/184
f 2233/242/184 2249/247/184 2247/242/184
f 2209/250/205 2242/250/205 2244/250/205
f 2234/247/184 2250/249/184 2249/247/184
f 2228/236/184 2250/234/184 2227/234/184
f 2211/250/205 2248/250/205 2213/250/205
f 2203/250/205 2236/250/205 2238/250/205
f 2229/237/184 2237/236/184 2228/236/184
f 2229/237/184 2241/239/184 2239/237/184
f 2249/247/201 2235/251/201 2248/228/201
f 2247/242/200 2248/228/200 2246/252/200
f 2245/241/199 2246/252/199 2244/227/199
f 2243/240/198 2244/227/198 2242/230/198
f 2241/239/197 2242/230/197 2240/226/197
f 2239/237/196 2240/226/196 2238/253/196
f 2237/236/195 2238/253/195 2236/229/195
f 2250/234/194 2236/229/194 2235/254/194
f 2203/250/205 2240/250/205 2205/250/205
f 2213/250/205 2235/250/205 2199/250/205
f 2233/242/184 2245/241/184 2232/241/184
f 2201/250/205 2235/250/205 2236/250/205
f 2232/241/184 2243/240/184 2231/240/184
f 2211/250/205 2244/250/205 2246/250/205
f 2230/239/184 2243/240/184 2241/239/184
f 2205/250/205 2242/250/205 2207/250/205
f 2197/250/205 2256/250/205 2195/250/205
f 2195/250/205 2252/250/205 2196/250/205
f 2251/255/186 2256/233/186 2257/256/186
f 2252/204/183 2258/257/183 2255/201/183
f 2256/221/185 2253/258/185 2257/259/185
f 2255/201/182 2253/258/182 2254/203/182
f 2198/250/205 2254/250/205 2197/250/205
f 2196/250/205 2255/250/205 2198/250/205
f 2261/219/186 2302/260/186 2301/224/186
f 2263/220/186 2303/261/186 2302/260/186
f 2297/215/184 2261/208/184 2301/215/184
f 2188/204/192 2263/223/192 2170/223/192
f 2169/218/185 2262/221/185 2187/221/185
f 2165/217/185 2259/218/185 2169/218/185
f 2291/208/182 2285/209/182 2292/209/182
f 2282/262/206 2268/251/206 2281/228/206
f 2296/226/186 2287/229/186 2295/229/186
f 2280/246/207 2281/228/207 2279/252/207
f 2285/226/185 2407/226/185 2265/226/185
f 2278/209/208 2279/252/208 2277/227/208
f 2293/219/183 2291/231/183 2289/232/183
f 2276/215/209 2277/227/209 2275/230/209
f 2290/263/185 2296/227/185 2294/231/185
f 2274/208/210 2275/230/210 2273/226/210
f 2295/263/183 2288/231/183 2291/231/183
f 2272/238/211 2273/226/211 2271/253/211
f 2291/231/183 2412/232/183 2289/232/183
f 2293/264/186 2417/211/186 2294/211/186
f 2267/265/212 2269/229/212 2268/254/212
f 2295/229/186 2294/211/186 2296/226/186
f 2270/235/213 2271/253/213 2269/229/213
f 2273/266/186 2277/267/186 2281/268/186
f 2262/250/205 2308/250/205 2303/250/205
f 2260/209/184 2309/215/184 2305/209/184
f 2300/222/182 2171/216/182 2189/203/182
f 2298/213/184 2165/209/184 2167/202/184
f 2299/214/182 2167/202/182 2171/216/182
f 2307/260/186 2306/269/186 2304/270/186
f 2309/224/186 2304/270/186 2305/232/186
f 2302/260/214 2309/224/214 2301/224/214
f 2259/218/185 2306/221/185 2262/221/185
f 2260/217/185 2304/218/185 2259/218/185
f 2303/261/214 2307/260/214 2302/260/214
f 2319/271/184 2325/272/184 2318/272/184
f 2313/263/205 2316/227/205 2312/231/205
f 2315/211/184 2310/209/184 2314/202/184
f 2318/273/185 2314/202/185 2310/217/185
f 2319/274/183 2315/211/183 2321/275/183
f 2313/229/183 2321/275/183 2317/226/183
f 2312/228/185 2320/276/185 2318/273/185
f 2311/219/186 2318/272/186 2310/232/186
f 2322/271/186 2324/231/186 2325/272/186
f 2312/231/205 2323/263/205 2313/263/205
f 2318/273/185 2324/228/185 2312/228/185
f 2313/229/183 2322/274/183 2319/274/183
f 2341/262/206 2327/251/206 2340/228/206
f 2339/246/207 2340/228/207 2338/252/207
f 2337/209/208 2338/252/208 2336/227/208
f 2335/215/209 2336/227/209 2334/230/209
f 2333/208/210 2334/230/210 2332/226/210
f 2331/238/211 2332/226/211 2330/253/211
f 2326/265/212 2328/229/212 2327/254/212
f 2329/235/213 2330/253/213 2328/229/213
f 2332/266/186 2336/267/186 2340/268/186
f 2351/266/186 2347/267/186 2343/268/186
f 2354/235/213 2353/253/213 2355/229/213
f 2357/265/212 2355/229/212 2356/254/212
f 2352/238/211 2351/226/211 2353/253/211
f 2350/208/210 2349/230/210 2351/226/210
f 2348/215/209 2347/227/209 2349/230/209
f 2346/209/208 2345/252/208 2347/227/208
f 2344/246/207 2343/228/207 2345/252/207
f 2342/262/206 2356/251/206 2343/228/206
f 2367/266/186 2363/267/186 2359/268/186
f 2370/235/213 2369/253/213 2371/229/213
f 2373/265/212 2371/229/212 2372/254/212
f 2368/238/211 2367/226/211 2369/253/211
f 2366/208/210 2365/230/210 2367/226/210
f 2364/215/209 2363/227/209 2365/230/209
f 2362/209/208 2361/252/208 2363/227/208
f 2360/246/207 2359/228/207 2361/252/207
f 2358/262/206 2372/251/206 2359/228/206
f 2389/262/206 2375/251/206 2388/228/206
f 2387/246/207 2388/228/207 2386/252/207
f 2385/209/208 2386/252/208 2384/227/208
f 2383/215/209 2384/227/209 2382/230/209
f 2381/208/210 2382/230/210 2380/226/210
f 2379/238/211 2380/226/211 2378/253/211
f 2374/265/212 2376/229/212 2375/254/212
f 2377/235/213 2378/253/213 2376/229/213
f 2380/266/186 2384/267/186 2388/268/186
f 2399/266/186 2395/267/186 2391/268/186
f 2402/235/213 2401/253/213 2403/229/213
f 2405/265/212 2403/229/212 2404/254/212
f 2400/238/211 2399/226/211 2401/253/211
f 2398/208/210 2397/230/210 2399/226/210
f 2396/215/209 2395/227/209 2397/230/209
f 2394/209/208 2393/252/208 2395/227/208
f 2392/246/207 2391/228/207 2393/252/207
f 2390/262/206 2404/251/206 2391/228/206
f 2292/226/185 2286/227/185 2296/227/185
f 2266/226/184 2284/202/184 2265/227/184
f 2286/226/186 2283/229/186 2287/229/186
f 2287/263/183 2266/231/183 2288/231/183
f 2285/226/185 2284/227/185 2286/227/185
f 2408/208/182 2407/209/182 2409/209/182
f 2412/211/182 2411/209/182 2413/202/182
f 2292/209/184 2410/208/184 2291/208/184
f 2288/208/205 2409/209/205 2285/209/205
f 2290/263/185 2411/226/185 2292/226/185
f 2265/227/184 2406/226/184 2266/226/184
f 2266/231/183 2408/231/183 2288/231/183
f 2289/202/205 2413/217/205 2290/217/205
f 2416/227/205 2415/217/205 2417/228/205
f 2289/232/183 2416/219/183 2293/219/183
f 2294/231/185 2415/263/185 2290/263/185
f 2290/217/182 2414/202/182 2289/202/182
f 2419/219/215 2420/231/215 2418/232/215
f 2431/211/184 2426/209/184 2430/202/184
f 2427/219/216 2428/231/216 2426/232/216
f 2423/211/184 2418/209/184 2422/202/184
f 2424/227/185 2418/217/185 2420/228/185
f 2425/226/183 2419/264/183 2423/211/183
f 2432/227/185 2426/217/185 2428/228/185
f 2433/226/183 2427/264/183 2431/211/183
f 2439/211/184 2434/209/184 2438/202/184
f 2435/219/215 2436/231/215 2434/232/215
f 2440/227/185 2434/217/185 2436/228/185
f 2441/226/183 2435/264/183 2439/211/183
f 2443/205/217 2445/277/217 2444/206/217
f 2193/203/185 2446/278/185 2452/279/185
f 2191/221/185 2447/280/185 2161/217/185
f 2446/281/218 2442/282/218 2456/281/218
f 2450/250/184 2445/250/184 2451/250/184
f 2452/250/184 2454/250/184 2453/250/184
f 2163/202/184 2449/282/184 2446/281/184
f 2456/278/219 2454/283/219 2455/279/219
f 2443/284/220 2456/281/220 2442/282/220
f 2453/283/182 2457/280/182 2447/280/182
f 2452/279/186 2456/278/186 2455/279/186
f 2451/277/186 2442/210/186 2449/210/186
f 2450/206/182 2443/205/182 2444/206/182
f 2448/284/221 2457/207/221 2443/284/221
f 2473/265/212 2483/235/212 2470/235/212
f 2463/209/208 2488/246/208 2461/246/208
f 2467/208/210 2486/215/210 2465/215/210
f 2463/209/209 2486/215/209 2487/209/209
f 2458/262/206 2482/248/206 2473/248/206
f 2468/238/211 2485/208/211 2467/208/211
f 2470/235/213 2484/238/213 2468/238/213
f 2467/266/186 2463/267/186 2458/268/186
f 2464/266/186 2469/267/186 2472/268/186
f 2462/238/213 2475/235/213 2476/238/213
f 2462/238/211 2477/208/211 2464/208/211
f 2472/262/206 2474/248/206 2459/248/206
f 2469/209/209 2478/215/209 2479/209/209
f 2464/208/210 2478/215/210 2466/215/210
f 2469/209/208 2480/246/208 2471/246/208
f 2459/265/212 2475/235/212 2460/235/212
f 2471/246/207 2481/262/207 2472/262/207
f 2476/238/182 2474/248/182 2480/246/182
f 2461/246/207 2489/262/207 2458/262/207
f 2484/238/182 2482/248/182 2488/246/182
f 2491/219/186 2494/232/186 2495/219/186
f 2499/257/182 2492/202/182 2501/258/182
f 2501/258/185 2490/217/185 2498/259/185
f 2499/257/183 2491/264/183 2493/211/183
f 2496/211/184 2494/209/184 2497/202/184
f 2492/202/222 2494/217/222 2490/217/222
f 2491/264/223 2496/211/223 2493/211/223
f 2493/211/182 2497/202/182 2492/202/182
f 2491/219/186 2498/256/186 2490/232/186
f 2257/259/184 2258/257/184 2251/259/184
f 2504/202/182 2194/201/182 2193/203/182
f 2749/205/183 2192/204/183 2450/206/183
f 2748/207/205 2503/208/205 2749/284/205
f 2194/201/183 2750/210/183 2451/277/183
f 2605/213/182 2513/212/182 2606/214/182
f 2604/215/205 2509/211/205 2605/213/205
f 2506/217/185 2512/216/185 2510/218/185
f 2517/220/186 2507/219/186 2511/220/186
f 2513/212/183 2188/204/183 2190/201/183
f 2510/218/185 2189/203/185 2187/221/185
f 2606/214/182 2190/201/182 2300/222/182
f 2569/209/205 2604/215/205 2506/209/205
f 2515/211/183 2517/223/183 2514/212/183
f 2514/212/188 2511/223/188 2513/212/188
f 2515/211/182 2513/212/182 2509/211/182
f 2516/208/187 2509/211/187 2507/208/187
f 2524/224/186 2525/225/186 2519/219/186
f 2526/226/182 2527/213/182 2522/211/182
f 2524/215/224 2522/211/224 2527/213/224
f 2518/217/185 2523/227/185 2520/228/185
f 2522/211/183 2525/229/183 2526/226/183
f 2518/209/225 2527/213/225 2521/202/225
f 2521/202/182 2526/230/182 2523/227/182
f 2523/227/226 2525/225/226 2520/231/226
f 2518/232/186 2525/225/186 2524/224/186
f 2570/219/192 2511/220/192 2507/219/192
f 2191/233/193 2503/219/193 2502/232/193
f 2549/236/194 2528/265/194 2548/234/194
f 2550/237/195 2529/235/195 2549/236/195
f 2551/239/196 2530/238/196 2550/237/196
f 2552/240/197 2531/208/197 2551/239/197
f 2553/241/198 2532/215/198 2552/240/198
f 2554/242/199 2533/209/199 2553/241/199
f 2532/244/205 2534/243/205 2528/285/205
f 2555/247/200 2534/246/200 2554/242/200
f 2555/247/201 2528/248/201 2535/262/201
f 2536/217/202 2540/227/202 2537/228/202
f 2542/228/203 2536/217/203 2537/228/203
f 2544/228/185 2543/217/185 2542/228/185
f 2546/226/204 2539/211/204 2541/226/204
f 2540/227/184 2546/226/184 2541/226/184
f 2539/211/205 2547/211/205 2538/202/205
f 2554/242/205 2562/247/205 2555/247/205
f 2555/247/205 2563/249/205 2548/249/205
f 2563/234/205 2549/236/205 2548/234/205
f 2556/236/205 2550/237/205 2549/236/205
f 2550/237/205 2558/239/205 2551/239/205
f 2235/251/201 2562/247/201 2248/228/201
f 2248/228/200 2561/242/200 2246/252/200
f 2246/252/199 2560/241/199 2244/227/199
f 2244/227/198 2559/240/198 2242/230/198
f 2242/230/197 2558/239/197 2240/226/197
f 2240/226/196 2557/237/196 2238/253/196
f 2238/253/195 2556/236/195 2236/229/195
f 2236/229/194 2563/234/194 2235/254/194
f 2560/241/205 2554/242/205 2553/241/205
f 2559/240/205 2553/241/205 2552/240/205
f 2551/239/205 2559/240/205 2552/240/205
f 2256/233/186 2564/255/186 2566/256/186
f 2567/257/183 2252/204/183 2255/201/183
f 2256/221/185 2565/258/185 2254/203/185
f 2565/258/182 2255/201/182 2254/203/182
f 2608/260/186 2570/219/186 2607/224/186
f 2303/261/186 2571/220/186 2608/260/186
f 2604/215/205 2570/208/205 2507/208/205
f 2571/223/192 2188/204/192 2511/223/192
f 2262/221/185 2510/218/185 2187/221/185
f 2568/218/185 2506/217/185 2510/218/185
f 2592/209/182 2598/208/182 2599/209/182
f 2575/251/209 2589/262/209 2588/228/209
f 2594/229/186 2603/226/186 2602/229/186
f 2588/228/208 2587/246/208 2586/252/208
f 2710/226/185 2592/226/185 2572/226/185
f 2586/252/207 2585/209/207 2584/227/207
f 2598/231/183 2600/219/183 2596/232/183
f 2584/227/206 2583/215/206 2582/230/206
f 2603/227/185 2597/263/185 2601/231/185
f 2582/230/212 2581/208/212 2580/226/212
f 2595/231/183 2602/263/183 2598/231/183
f 2580/226/213 2579/238/213 2578/253/213
f 2715/232/183 2598/231/183 2596/232/183
f 2720/211/186 2600/264/186 2601/211/186
f 2576/229/210 2574/265/210 2575/254/210
f 2601/211/186 2602/229/186 2603/226/186
f 2578/253/211 2577/235/211 2576/229/211
f 2584/267/186 2580/266/186 2576/286/186
f 2569/209/205 2612/215/205 2607/215/205
f 2512/216/182 2300/222/182 2189/203/182
f 2506/209/205 2605/213/205 2508/202/205
f 2508/202/182 2606/214/182 2512/216/182
f 2306/269/186 2611/260/186 2609/270/186
f 2609/270/186 2612/224/186 2610/232/186
f 2612/224/214 2608/260/214 2607/224/214
f 2306/221/185 2568/218/185 2262/221/185
f 2609/218/185 2569/217/185 2568/218/185
f 2611/260/214 2303/261/214 2608/260/214
f 2628/272/205 2622/271/205 2621/272/205
f 2619/227/184 2616/263/184 2615/231/184
f 2613/209/205 2618/211/205 2617/202/205
f 2621/273/185 2617/202/185 2623/276/185
f 2618/211/183 2622/274/183 2624/275/183
f 2624/275/183 2616/229/183 2620/226/183
f 2615/228/185 2623/276/185 2619/227/185
f 2621/272/186 2614/219/186 2613/232/186
f 2627/231/186 2625/271/186 2628/272/186
f 2626/263/184 2615/231/184 2616/263/184
f 2627/228/185 2621/273/185 2615/228/185
f 2625/274/183 2616/229/183 2622/274/183
f 2630/251/209 2644/262/209 2643/228/209
f 2643/228/208 2642/246/208 2641/252/208
f 2641/252/207 2640/209/207 2639/227/207
f 2639/227/206 2638/215/206 2637/230/206
f 2637/230/212 2636/208/212 2635/226/212
f 2635/226/213 2634/238/213 2633/253/213
f 2631/229/210 2629/265/210 2630/254/210
f 2633/253/211 2632/235/211 2631/229/211
f 2639/267/186 2635/266/186 2631/286/186
f 2650/267/186 2654/266/186 2658/286/186
f 2656/253/211 2657/235/211 2658/229/211
f 2658/229/210 2660/265/210 2659/254/210
f 2654/226/213 2655/238/213 2656/253/213
f 2652/230/212 2653/208/212 2654/226/212
f 2650/227/206 2651/215/206 2652/230/206
f 2648/252/207 2649/209/207 2650/227/207
f 2646/228/208 2647/246/208 2648/252/208
f 2659/251/209 2645/262/209 2646/228/209
f 2666/267/186 2670/266/186 2674/286/186
f 2672/253/211 2673/235/211 2674/229/211
f 2674/229/210 2676/265/210 2675/254/210
f 2670/226/213 2671/238/213 2672/253/213
f 2668/230/212 2669/208/212 2670/226/212
f 2666/227/206 2667/215/206 2668/230/206
f 2664/252/207 2665/209/207 2666/227/207
f 2662/228/208 2663/246/208 2664/252/208
f 2675/251/209 2661/262/209 2662/228/209
f 2678/251/209 2692/262/209 2691/228/209
f 2691/228/208 2690/246/208 2689/252/208
f 2689/252/207 2688/209/207 2687/227/207
f 2687/227/206 2686/215/206 2685/230/206
f 2685/230/212 2684/208/212 2683/226/212
f 2683/226/213 2682/238/213 2681/253/213
f 2679/229/210 2677/265/210 2678/254/210
f 2681/253/211 2680/235/211 2679/229/211
f 2687/267/186 2683/266/186 2679/286/186
f 2698/267/186 2702/266/186 2706/286/186
f 2704/253/211 2705/235/211 2706/229/211
f 2706/229/210 2708/265/210 2707/254/210
f 2702/226/213 2703/238/213 2704/253/213
f 2700/230/212 2701/208/212 2702/226/212
f 2698/227/206 2699/215/206 2700/230/206
f 2696/252/207 2697/209/207 2698/227/207
f 2694/228/208 2695/246/208 2696/252/208
f 2707/251/209 2693/262/209 2694/228/209
f 2593/227/185 2599/226/185 2603/227/185
f 2591/202/205 2573/226/205 2572/227/205
f 2590/229/186 2593/226/186 2594/229/186
f 2573/231/183 2594/263/183 2595/231/183
f 2591/227/185 2592/226/185 2593/227/185
f 2710/209/182 2711/208/182 2712/209/182
f 2714/209/182 2715/211/182 2716/202/182
f 2713/208/205 2599/209/205 2598/208/205
f 2712/209/184 2595/208/184 2592/209/184
f 2714/226/185 2597/263/185 2599/226/185
f 2709/226/205 2572/227/205 2573/226/205
f 2711/231/183 2573/231/183 2595/231/183
f 2716/217/184 2596/202/184 2597/217/184
f 2718/217/184 2719/227/184 2720/228/184
f 2719/219/183 2596/232/183 2600/219/183
f 2718/263/185 2601/231/185 2597/263/185
f 2717/202/182 2597/217/182 2596/202/182
f 2723/231/227 2722/219/227 2721/232/227
f 2729/209/205 2734/211/205 2733/202/205
f 2731/231/228 2730/219/228 2729/232/228
f 2721/209/205 2726/211/205 2725/202/205
f 2721/217/185 2727/227/185 2723/228/185
f 2728/226/183 2722/264/183 2724/229/183
f 2729/217/185 2735/227/185 2731/228/185
f 2736/226/183 2730/264/183 2732/229/183
f 2737/209/205 2742/211/205 2741/202/205
f 2739/231/227 2738/219/227 2737/232/227
f 2737/217/185 2743/227/185 2739/228/185
f 2744/226/183 2738/264/183 2740/229/183
f 2445/277/229 2746/205/229 2444/206/229
f 2747/278/185 2193/203/185 2452/279/185
f 2191/221/185 2748/280/185 2453/283/185
f 2747/281/230 2745/282/230 2750/282/230
f 2504/202/205 2750/282/205 2505/211/205
f 2454/283/231 2751/278/231 2455/279/231
f 2746/284/232 2751/281/232 2752/207/232
f 2752/280/182 2453/283/182 2748/280/182
f 2452/279/186 2751/278/186 2747/278/186
f 2745/210/186 2451/277/186 2750/210/186
f 2450/206/182 2746/205/182 2749/205/182
f 2749/284/233 2752/207/233 2748/207/233
f 2778/235/210 2768/265/210 2765/235/210
f 2783/246/207 2758/209/207 2756/246/207
f 2781/215/212 2762/208/212 2760/215/212
f 2758/209/206 2781/215/206 2760/215/206
f 2777/248/209 2753/262/209 2768/248/209
f 2780/208/213 2763/238/213 2762/208/213
f 2779/238/211 2765/235/211 2763/238/211
f 2758/267/186 2762/266/186 2765/286/186
f 2764/267/186 2759/266/186 2755/286/186
f 2757/238/211 2770/235/211 2755/235/211
f 2772/208/213 2757/238/213 2759/208/213
f 2769/248/209 2767/262/209 2754/248/209
f 2764/209/206 2773/215/206 2761/215/206
f 2773/215/212 2759/208/212 2761/215/212
f 2775/246/207 2764/209/207 2766/246/207
f 2770/235/210 2754/265/210 2755/235/210
f 2776/262/208 2766/246/208 2767/262/208
f 2769/248/182 2771/238/182 2773/215/182
f 2784/262/208 2756/246/208 2753/262/208
f 2777/248/182 2779/238/182 2781/215/182
f 2786/219/186 2789/232/186 2785/232/186
f 2787/202/182 2794/257/182 2796/258/182
f 2785/217/185 2796/258/185 2793/259/185
f 2794/257/183 2786/264/183 2795/287/183
f 2789/209/205 2791/211/205 2792/202/205
f 2789/217/234 2787/202/234 2785/217/234
f 2791/211/235 2786/264/235 2788/211/235
f 2792/202/182 2788/211/182 2787/202/182
f 2793/256/186 2786/219/186 2785/232/186
f 2567/257/205 2566/259/205 2564/259/205
f 2834/250/236 2818/250/236 2835/250/236
f 2830/250/237 2820/250/237 2831/250/237
f 2828/250/238 2817/250/238 2834/250/238
f 2835/250/239 2819/250/239 2830/250/239
f 2816/250/240 2844/250/240 2841/250/240
f 2851/250/182 2864/250/182 2823/250/182
f 2815/250/186 2859/250/186 2856/250/186
f 2871/250/241 2813/250/241 2822/250/241
f 2875/250/242 2825/250/242 2810/250/242
f 2838/250/243 2831/250/243 2820/250/243
f 2841/250/182 2817/250/182 2816/250/182
f 2812/250/186 2805/250/186 2804/250/186
f 2840/250/182 2818/250/182 2817/250/182
f 2805/250/186 2846/250/186 2806/250/186
f 2818/250/182 2837/250/182 2819/250/182
f 2843/250/186 2803/250/186 2802/250/186
f 2845/250/243 2832/250/243 2831/250/243
f 2828/250/240 2850/250/240 2844/250/240
f 2842/250/243 2802/250/243 2832/250/243
f 2819/250/182 2838/250/182 2820/250/182
f 2814/250/186 2804/250/186 2803/250/186
f 2827/250/240 2846/250/240 2850/250/240
f 2866/250/182 2851/250/182 2808/250/182
f 2854/250/244 2809/250/244 2852/250/244
f 2870/250/182 2798/250/182 2801/250/182
f 2807/250/245 2850/250/245 2855/250/245
f 2872/250/186 2849/250/186 2813/250/186
f 2842/250/246 2854/250/246 2852/250/246
f 2874/250/186 2824/250/186 2821/250/186
f 2809/250/247 2807/250/247 2855/250/247
f 2804/250/239 2829/250/239 2803/250/239
f 2836/250/239 2830/250/239 2829/250/239
f 2806/250/238 2833/250/238 2805/250/238
f 2827/250/238 2834/250/238 2833/250/238
f 2803/250/237 2832/250/237 2802/250/237
f 2832/250/237 2830/250/237 2831/250/237
f 2804/250/236 2833/250/236 2836/250/236
f 2836/250/236 2834/250/236 2835/250/236
f 2799/250/246 2837/250/246 2800/250/246
f 2837/250/244 2797/250/244 2800/250/244
f 2839/250/247 2798/250/247 2797/250/247
f 2840/250/245 2801/250/245 2798/250/245
f 2843/250/248 2822/250/248 2813/250/248
f 2841/250/245 2826/250/245 2801/250/245
f 2821/250/248 2838/250/248 2799/250/248
f 2810/250/245 2847/250/245 2811/250/245
f 2847/250/247 2848/250/247 2811/250/247
f 2812/250/244 2849/250/244 2848/250/244
f 2814/250/248 2813/250/248 2849/250/248
f 2850/250/245 2810/250/245 2825/250/245
f 2852/250/244 2851/250/244 2823/250/244
f 2853/250/244 2824/250/244 2815/250/244
f 2855/250/245 2825/250/245 2808/250/245
f 2826/250/245 2807/250/245 2856/250/245
f 2822/250/246 2852/250/246 2823/250/246
f 2854/250/246 2821/250/246 2824/250/246
f 2809/250/247 2808/250/247 2851/250/247
f 2807/250/247 2815/250/247 2856/250/247
f 2867/250/247 2859/250/247 2868/250/247
f 2869/250/249 2861/250/249 2874/250/249
f 2860/250/250 2873/250/250 2859/250/250
f 2862/250/244 2868/250/244 2861/250/244
f 2864/250/244 2858/250/244 2863/250/244
f 2866/250/250 2875/250/250 2865/250/250
f 2871/250/249 2863/250/249 2872/250/249
f 2858/250/247 2866/250/247 2865/250/247
f 2873/250/242 2801/250/242 2826/250/242
f 2861/250/186 2815/250/186 2824/250/186
f 2869/250/241 2821/250/241 2799/250/241
f 2876/250/182 2808/250/182 2825/250/182
f 2811/250/186 2875/250/186 2810/250/186
f 2800/250/182 2869/250/182 2799/250/182
f 2856/250/186 2873/250/186 2826/250/186
f 2848/250/186 2865/250/186 2811/250/186
f 2797/250/182 2862/250/182 2800/250/182
f 2823/250/182 2871/250/182 2822/250/182
f 2863/250/186 2848/250/186 2849/250/186
f 2860/250/182 2797/250/182 2798/250/182
f 2886/235/210 2884/265/210 2883/235/210
f 2891/246/207 2879/209/207 2878/246/207
f 2889/215/212 2881/208/212 2880/215/212
f 2879/209/206 2889/215/206 2880/215/206
f 2885/248/209 2877/262/209 2884/248/209
f 2888/208/213 2882/238/213 2881/208/213
f 2887/238/211 2883/235/211 2882/238/211
f 2879/267/186 2881/266/186 2883/286/186
f 2892/262/208 2878/246/208 2877/262/208
f 2885/248/182 2887/238/182 2889/215/182
f 2893/232/186 2896/263/186 2894/219/186
f 2899/227/251 2896/263/251 2895/231/251
f 2897/202/182 2900/226/182 2899/227/182
f 2893/209/252 2898/211/252 2897/202/252
f 2893/217/253 2899/227/253 2895/228/253
f 2907/235/210 2909/265/210 2908/265/210
f 2915/246/207 2903/209/207 2902/246/207
f 2913/215/212 2905/208/212 2904/215/212
f 2903/209/206 2913/215/206 2904/215/206
f 2909/248/209 2901/262/209 2908/248/209
f 2912/208/213 2906/238/213 2905/208/213
f 2911/238/211 2907/235/211 2906/238/211
f 2903/267/186 2905/266/186 2907/286/186
f 2916/262/208 2902/246/208 2901/262/208
f 2909/248/182 2911/238/182 2913/215/182
f 2926/235/210 2924/265/210 2923/235/210
f 2931/246/207 2919/209/207 2918/246/207
f 2929/215/212 2921/208/212 2920/215/212
f 2919/209/206 2929/215/206 2920/215/206
f 2925/248/209 2917/262/209 2924/248/209
f 2928/208/213 2922/238/213 2921/208/213
f 2927/238/211 2923/235/211 2922/238/211
f 2919/267/186 2921/266/186 2923/286/186
f 2932/262/208 2918/246/208 2917/262/208
f 2925/248/182 2927/238/182 2929/215/182
f 2957/232/184 2960/232/184 2959/232/184
f 2960/232/184 2958/232/184 2959/232/184
f 2961/231/205 2964/231/205 2963/231/205
f 2964/231/205 2962/231/205 2963/231/205
f 3013/232/205 3016/232/205 3015/232/205
f 3016/232/205 3014/232/205 3015/232/205
f 3017/231/184 3020/231/184 3019/231/184
f 3020/231/184 3018/231/184 3019/231/184
f 2940/288/254 2953/289/254 2951/290/254
f 2941/291/255 2952/292/255 2953/289/255
f 2955/293/256 2944/229/256 2942/294/256
f 2956/295/257 2943/296/257 2944/297/257
f 2946/298/258 2935/217/258 2933/299/258
f 2947/300/259 2934/301/259 2935/209/259
f 2937/302/260 2950/303/260 2948/304/260
f 2938/208/261 2949/305/261 2950/303/261
f 2962/306/262 2960/264/262 2957/307/262
f 2964/231/263 2958/232/263 2960/232/263
f 2972/288/254 2985/289/254 2983/290/254
f 2973/291/264 2984/292/264 2985/289/264
f 2987/293/256 2976/229/256 2974/294/256
f 2988/295/257 2975/296/257 2976/297/257
f 2978/298/258 2967/217/258 2965/299/258
f 2979/300/259 2966/301/259 2967/209/259
f 2969/302/260 2982/303/260 2980/304/260
f 2970/208/265 2981/305/265 2982/303/265
f 2996/308/266 3009/289/266 3007/292/266
f 2997/228/267 3008/290/267 3009/289/267
f 3011/309/268 3000/310/268 2998/296/268
f 3012/295/269 2999/294/269 3000/229/269
f 3002/311/270 2991/209/270 2989/301/270
f 3003/312/271 2990/299/271 2991/217/271
f 2993/313/272 3006/314/272 3004/315/272
f 2994/264/273 3005/304/273 3006/314/273
f 3018/231/263 3016/232/263 3013/232/263
f 3020/229/274 3014/316/274 3016/264/274
f 3028/308/275 3041/289/275 3039/292/275
f 3029/228/267 3040/290/267 3041/289/267
f 3043/317/268 3032/310/268 3030/296/268
f 3044/295/276 3031/294/276 3032/229/276
f 3034/311/270 3023/209/270 3021/301/270
f 3035/312/277 3022/299/277 3023/217/277
f 3025/313/278 3038/314/278 3036/315/278
f 3026/264/273 3037/304/273 3038/314/273
f 3052/318/279 3065/319/279 3063/320/279
f 3053/228/280 3064/321/280 3065/319/280
f 3067/322/281 3056/323/281 3054/324/281
f 3068/325/282 3055/326/282 3056/229/282
f 3058/327/283 3047/209/283 3045/328/283
f 3059/329/284 3046/330/284 3047/217/284
f 3049/331/285 3062/332/285 3060/333/285
f 3050/264/286 3061/334/286 3062/332/286
f 3076/318/279 3089/319/279 3087/320/279
f 3077/228/280 3088/321/280 3089/319/280
f 3091/322/281 3080/323/281 3078/335/281
f 3092/325/282 3079/326/282 3080/229/282
f 3082/327/283 3071/209/283 3069/328/283
f 3083/329/284 3070/330/284 3071/217/284
f 3073/331/285 3086/332/285 3084/333/285
f 3074/264/286 3085/334/286 3086/332/286
f 2951/290/287 2933/299/287 2940/288/287
f 2936/336/186 2944/297/186 2940/337/186
f 2949/305/288 2934/301/288 2945/311/288
f 2942/294/289 2948/304/289 2955/293/289
f 2943/296/290 2952/292/290 2939/308/290
f 2954/317/182 2950/303/182 2946/298/182
f 2959/209/184 2224/209/184 2222/209/184
f 2218/211/184 2959/338/184 2215/209/184
f 2961/231/193 2224/232/193 2958/232/193
f 2962/306/291 2218/211/291 2220/226/291
f 2963/231/205 2221/231/205 2223/231/205
f 2963/339/205 2220/226/205 2219/227/205
f 2983/290/287 2965/299/287 2972/288/287
f 2968/336/186 2976/297/186 2972/337/186
f 2981/305/288 2966/301/288 2977/311/288
f 2974/294/289 2980/304/289 2987/293/289
f 2975/296/290 2984/292/290 2971/308/290
f 2986/317/182 2982/303/182 2978/298/182
f 2990/299/292 3008/290/292 2995/288/292
f 2995/337/186 3000/310/186 2993/336/186
f 2989/301/293 3004/315/293 3002/311/293
f 3005/304/294 2999/294/294 3010/293/294
f 3007/292/295 2998/296/295 2996/308/295
f 3001/298/182 3006/314/182 3011/309/182
f 2543/209/205 3013/209/205 3015/209/205
f 2539/211/291 3017/340/291 2541/226/291
f 2536/209/205 3014/341/205 2539/211/205
f 2545/232/193 3018/231/193 3013/232/193
f 2540/227/184 3017/342/184 3019/343/184
f 3018/231/184 2542/231/184 2537/231/184
f 3022/299/292 3040/290/292 3027/288/292
f 3027/337/186 3032/310/186 3025/336/186
f 3021/301/293 3036/315/293 3034/311/293
f 3037/304/294 3031/294/294 3042/293/294
f 3039/292/295 3030/296/295 3028/308/295
f 3033/298/182 3038/314/182 3043/317/182
f 3046/330/296 3064/321/296 3051/344/296
f 3051/345/186 3056/323/186 3049/346/186
f 3045/328/297 3060/333/297 3058/327/297
f 3061/334/298 3055/326/298 3066/347/298
f 3063/320/299 3054/324/299 3052/318/299
f 3057/298/182 3062/332/182 3067/322/182
f 3070/330/296 3088/321/296 3075/344/296
f 3075/345/186 3080/323/186 3073/346/186
f 3069/328/300 3084/333/300 3082/327/300
f 3085/334/298 3079/326/298 3090/347/298
f 3087/320/299 3078/335/299 3076/318/299
f 3081/298/182 3086/332/182 3091/322/182
f 3095/202/186 3126/201/186 3125/203/186
f 3380/205/183 3124/204/183 3382/206/183
f 3379/207/184 3094/208/184 3380/284/184
f 3126/201/183 3381/210/183 3383/277/183
f 3230/213/186 3104/212/186 3231/214/186
f 3229/215/184 3100/211/184 3230/213/184
f 3097/217/185 3103/216/185 3101/218/185
f 3108/220/182 3098/219/182 3102/220/182
f 3104/212/183 3120/204/183 3122/201/183
f 3101/218/185 3121/203/185 3119/221/185
f 3231/214/186 3122/201/186 3232/222/186
f 3192/209/184 3229/215/184 3097/209/184
f 3106/211/183 3108/223/183 3105/212/183
f 3105/212/187 3102/223/187 3104/212/187
f 3106/211/186 3104/212/186 3100/211/186
f 3107/208/188 3100/211/188 3098/208/188
f 3115/224/182 3116/225/182 3110/219/182
f 3117/226/186 3118/213/186 3113/211/186
f 3115/215/189 3113/211/189 3118/213/189
f 3109/217/185 3114/227/185 3111/228/185
f 3113/211/183 3116/229/183 3117/226/183
f 3109/209/190 3118/213/190 3112/202/190
f 3112/202/186 3117/230/186 3114/227/186
f 3114/227/191 3116/225/191 3111/231/191
f 3109/232/182 3116/225/182 3115/224/182
f 3193/219/301 3102/220/301 3098/219/301
f 3123/233/302 3094/219/302 3093/232/302
f 3160/236/201 3132/265/201 3159/234/201
f 3161/237/200 3134/235/200 3160/236/200
f 3162/239/199 3136/238/199 3161/237/199
f 3163/240/198 3138/208/198 3162/239/198
f 3164/241/197 3140/215/197 3163/240/197
f 3165/242/196 3142/209/196 3164/241/196
f 3140/244/184 3144/243/184 3132/285/184
f 3166/247/195 3144/246/195 3165/242/195
f 3166/247/194 3132/248/194 3146/262/194
f 3147/217/303 3151/227/303 3148/228/303
f 3153/228/304 3147/217/304 3148/228/304
f 3155/228/185 3154/217/185 3153/228/185
f 3157/226/305 3150/211/305 3152/226/305
f 3151/227/205 3157/226/205 3152/226/205
f 3150/211/184 3158/211/184 3149/202/184
f 3165/242/184 3181/247/184 3166/247/184
f 3141/250/205 3174/250/205 3139/250/205
f 3166/247/184 3182/249/184 3159/249/184
f 3182/234/184 3160/236/184 3159/234/184
f 3180/250/205 3143/250/205 3145/250/205
f 3135/250/205 3168/250/205 3133/250/205
f 3169/236/184 3161/237/184 3160/236/184
f 3161/237/184 3173/239/184 3162/239/184
f 3167/251/194 3181/247/194 3180/228/194
f 3180/228/195 3179/242/195 3178/252/195
f 3178/252/196 3177/241/196 3176/227/196
f 3176/227/197 3175/240/197 3174/230/197
f 3174/230/198 3173/239/198 3172/226/198
f 3172/226/199 3171/237/199 3170/253/199
f 3170/253/200 3169/236/200 3168/229/200
f 3168/229/201 3182/234/201 3167/254/201
f 3172/250/205 3135/250/205 3137/250/205
f 3167/250/205 3145/250/205 3131/250/205
f 3177/241/184 3165/242/184 3164/241/184
f 3133/250/205 3167/250/205 3131/250/205
f 3175/240/184 3164/241/184 3163/240/184
f 3143/250/205 3176/250/205 3141/250/205
f 3162/239/184 3175/240/184 3163/240/184
f 3174/250/205 3137/250/205 3139/250/205
f 3188/250/205 3129/250/205 3127/250/205
f 3184/250/205 3127/250/205 3128/250/205
f 3188/233/182 3183/255/182 3189/256/182
f 3190/257/183 3184/204/183 3187/201/183
f 3188/221/185 3185/258/185 3186/203/185
f 3185/258/186 3187/201/186 3186/203/186
f 3186/250/205 3130/250/205 3129/250/205
f 3187/250/205 3128/250/205 3130/250/205
f 3234/260/182 3193/219/182 3233/224/182
f 3235/261/182 3195/220/182 3234/260/182
f 3229/215/184 3193/208/184 3098/208/184
f 3195/223/301 3120/204/301 3102/223/301
f 3194/221/185 3101/218/185 3119/221/185
f 3191/218/185 3097/217/185 3101/218/185
f 3217/209/186 3223/208/186 3224/209/186
f 3200/251/206 3214/262/206 3213/228/206
f 3219/229/182 3228/226/182 3227/229/182
f 3213/228/207 3212/246/207 3211/252/207
f 3339/226/185 3217/226/185 3197/226/185
f 3211/252/208 3210/209/208 3209/227/208
f 3223/231/183 3225/219/183 3221/232/183
f 3209/227/209 3208/215/209 3207/230/209
f 3228/227/185 3222/263/185 3226/231/185
f 3207/230/210 3206/208/210 3205/226/210
f 3220/231/183 3227/263/183 3223/231/183
f 3205/226/211 3204/238/211 3203/253/211
f 3344/232/183 3223/231/183 3221/232/183
f 3349/211/182 3225/264/182 3226/211/182
f 3201/229/212 3199/265/212 3200/254/212
f 3226/211/182 3227/229/182 3228/226/182
f 3203/253/213 3202/235/213 3201/229/213
f 3209/267/182 3205/266/182 3201/286/182
f 3240/250/205 3194/250/205 3235/250/205
f 3192/209/184 3241/215/184 3233/215/184
f 3103/216/186 3232/222/186 3121/203/186
f 3097/209/184 3230/213/184 3099/202/184
f 3099/202/186 3231/214/186 3103/216/186
f 3238/269/182 3239/260/182 3236/270/182
f 3236/270/182 3241/224/182 3237/232/182
f 3241/224/306 3234/260/306 3233/224/306
f 3238/221/185 3191/218/185 3194/221/185
f 3236/218/185 3192/217/185 3191/218/185
f 3239/260/306 3235/261/306 3234/260/306
f 3257/272/184 3251/271/184 3250/272/184
f 3248/227/205 3245/263/205 3244/231/205
f 3242/209/184 3247/211/184 3246/202/184
f 3250/273/185 3246/202/185 3252/276/185
f 3247/211/183 3251/274/183 3253/275/183
f 3253/275/183 3245/229/183 3249/226/183
f 3244/228/185 3252/276/185 3248/227/185
f 3250/272/182 3243/219/182 3242/232/182
f 3256/231/182 3254/271/182 3257/272/182
f 3255/263/205 3244/231/205 3245/263/205
f 3256/228/185 3250/273/185 3244/228/185
f 3254/274/183 3245/229/183 3251/274/183
f 3259/251/206 3273/262/206 3272/228/206
f 3272/228/207 3271/246/207 3270/252/207
f 3270/252/208 3269/209/208 3268/227/208
f 3268/227/209 3267/215/209 3266/230/209
f 3266/230/210 3265/208/210 3264/226/210
f 3264/226/211 3263/238/211 3262/253/211
f 3260/229/212 3258/265/212 3259/254/212
f 3262/253/213 3261/235/213 3260/229/213
f 3268/267/182 3264/266/182 3260/286/182
f 3279/267/182 3283/266/182 3287/286/182
f 3285/253/213 3286/235/213 3287/229/213
f 3287/229/212 3289/265/212 3288/254/212
f 3283/226/211 3284/238/211 3285/253/211
f 3281/230/210 3282/208/210 3283/226/210
f 3279/227/209 3280/215/209 3281/230/209
f 3277/252/208 3278/209/208 3279/227/208
f 3275/228/207 3276/246/207 3277/252/207
f 3288/251/206 3274/262/206 3275/228/206
f 3295/267/182 3299/266/182 3303/286/182
f 3301/253/213 3302/235/213 3303/229/213
f 3303/229/212 3305/265/212 3304/254/212
f 3299/226/211 3300/238/211 3301/253/211
f 3297/230/210 3298/208/210 3299/226/210
f 3295/227/209 3296/215/209 3297/230/209
f 3293/252/208 3294/209/208 3295/227/208
f 3291/228/207 3292/246/207 3293/252/207
f 3304/251/206 3290/262/206 3291/228/206
f 3307/251/206 3321/262/206 3320/228/206
f 3320/228/207 3319/246/207 3318/252/207
f 3318/252/208 3317/209/208 3316/227/208
f 3316/227/209 3315/215/209 3314/230/209
f 3314/230/210 3313/208/210 3312/226/210
f 3312/226/211 3311/238/211 3310/253/211
f 3308/229/212 3306/265/212 3307/254/212
f 3310/253/213 3309/235/213 3308/229/213
f 3316/267/182 3312/266/182 3308/286/182
f 3327/267/182 3331/266/182 3335/286/182
f 3333/253/213 3334/235/213 3335/229/213
f 3335/229/212 3337/265/212 3336/254/212
f 3331/226/211 3332/238/211 3333/253/211
f 3329/230/210 3330/208/210 3331/226/210
f 3327/227/209 3328/215/209 3329/230/209
f 3325/252/208 3326/209/208 3327/227/208
f 3323/228/207 3324/246/207 3325/252/207
f 3336/251/206 3322/262/206 3323/228/206
f 3218/227/185 3224/226/185 3228/227/185
f 3216/202/184 3198/226/184 3197/227/184
f 3215/229/182 3218/226/182 3219/229/182
f 3198/231/183 3219/263/183 3220/231/183
f 3216/227/185 3217/226/185 3218/227/185
f 3339/209/186 3340/208/186 3341/209/186
f 3343/209/186 3344/211/186 3345/202/186
f 3342/208/184 3224/209/184 3223/208/184
f 3341/209/205 3220/208/205 3217/209/205
f 3343/226/185 3222/263/185 3224/226/185
f 3338/226/184 3197/227/184 3198/226/184
f 3340/231/183 3198/231/183 3220/231/183
f 3345/217/205 3221/202/205 3222/217/205
f 3347/217/205 3348/227/205 3349/228/205
f 3348/219/183 3221/232/183 3225/219/183
f 3347/263/185 3226/231/185 3222/263/185
f 3346/202/186 3222/217/186 3221/202/186
f 3352/231/307 3351/219/307 3350/232/307
f 3358/209/184 3363/211/184 3362/202/184
f 3360/231/308 3359/219/308 3358/232/308
f 3350/209/184 3355/211/184 3354/202/184
f 3350/217/185 3356/227/185 3352/228/185
f 3357/226/183 3351/264/183 3353/229/183
f 3358/217/185 3364/227/185 3360/228/185
f 3365/226/183 3359/264/183 3361/229/183
f 3366/209/184 3371/211/184 3370/202/184
f 3368/231/307 3367/219/307 3366/232/307
f 3366/217/185 3372/227/185 3368/228/185
f 3373/226/183 3367/264/183 3369/229/183
f 3377/277/217 3375/205/217 3376/206/217
f 3378/278/185 3125/203/185 3384/279/185
f 3123/221/185 3379/280/185 3385/283/185
f 3378/281/309 3374/282/309 3381/282/309
f 3377/250/184 3382/250/184 3383/250/184
f 3386/250/184 3384/250/184 3385/250/184
f 3095/202/184 3381/282/184 3096/211/184
f 3386/283/219 3388/278/219 3387/279/219
f 3375/284/310 3388/281/310 3389/207/310
f 3389/280/186 3385/283/186 3379/280/186
f 3384/279/182 3388/278/182 3378/278/182
f 3374/210/182 3383/277/182 3381/210/182
f 3382/206/186 3375/205/186 3380/205/186
f 3380/284/311 3389/207/311 3379/207/311
f 3415/235/212 3405/265/212 3402/235/212
f 3420/246/208 3395/209/208 3393/246/208
f 3418/215/210 3399/208/210 3397/215/210
f 3395/209/209 3418/215/209 3397/215/209
f 3414/248/206 3390/262/206 3405/248/206
f 3417/208/211 3400/238/211 3399/208/211
f 3416/238/213 3402/235/213 3400/238/213
f 3395/267/182 3399/266/182 3402/286/182
f 3401/267/182 3396/266/182 3392/286/182
f 3394/238/213 3407/235/213 3392/235/213
f 3409/208/211 3394/238/211 3396/208/211
f 3406/248/206 3404/262/206 3391/248/206
f 3401/209/209 3410/215/209 3398/215/209
f 3410/215/210 3396/208/210 3398/215/210
f 3412/246/208 3401/209/208 3403/246/208
f 3407/235/212 3391/265/212 3392/235/212
f 3413/262/207 3403/246/207 3404/262/207
f 3406/248/186 3408/238/186 3410/215/186
f 3421/262/207 3393/246/207 3390/262/207
f 3414/248/186 3416/238/186 3418/215/186
f 3423/219/182 3426/232/182 3422/232/182
f 3424/202/186 3431/257/186 3433/258/186
f 3422/217/185 3433/258/185 3430/259/185
f 3431/257/183 3423/264/183 3432/287/183
f 3426/209/184 3428/211/184 3429/202/184
f 3426/217/222 3424/202/222 3422/217/222
f 3428/211/223 3423/264/223 3425/211/223
f 3429/202/186 3425/211/186 3424/202/186
f 3430/256/182 3423/219/182 3422/232/182
f 3190/257/184 3189/259/184 3183/259/184
f 3126/201/186 3436/202/186 3125/203/186
f 3124/204/183 3681/205/183 3382/206/183
f 3680/207/205 3435/208/205 3434/209/205
f 3126/201/183 3682/210/183 3437/211/183
f 3445/212/186 3537/213/186 3538/214/186
f 3441/211/205 3536/215/205 3537/213/205
f 3444/216/185 3438/217/185 3442/218/185
f 3439/219/182 3449/220/182 3443/220/182
f 3120/204/183 3445/212/183 3122/201/183
f 3121/203/185 3442/218/185 3119/221/185
f 3122/201/186 3538/214/186 3232/222/186
f 3536/215/205 3501/209/205 3438/209/205
f 3449/223/183 3447/211/183 3446/212/183
f 3443/223/188 3446/212/188 3445/212/188
f 3445/212/186 3447/211/186 3441/211/186
f 3441/211/187 3448/208/187 3439/208/187
f 3456/224/182 3451/219/182 3457/225/182
f 3458/226/186 3454/211/186 3459/213/186
f 3454/211/224 3456/215/224 3459/213/224
f 3455/227/185 3450/217/185 3452/228/185
f 3457/229/183 3454/211/183 3458/226/183
f 3459/213/225 3450/209/225 3453/202/225
f 3458/230/186 3453/202/186 3455/227/186
f 3457/225/226 3455/227/226 3452/231/226
f 3450/232/182 3457/225/182 3452/231/182
f 3443/220/301 3502/219/301 3439/219/301
f 3435/219/302 3123/233/302 3434/232/302
f 3480/234/201 3461/235/201 3481/236/201
f 3461/235/200 3482/237/200 3481/236/200
f 3462/238/199 3483/239/199 3482/237/199
f 3463/208/198 3484/240/198 3483/239/198
f 3464/215/197 3485/241/197 3484/240/197
f 3465/209/196 3486/242/196 3485/241/196
f 3466/243/205 3464/244/205 3462/245/205
f 3466/246/195 3487/247/195 3486/242/195
f 3487/247/194 3460/248/194 3480/249/194
f 3472/227/303 3468/217/303 3469/228/303
f 3468/217/304 3474/228/304 3469/228/304
f 3475/217/185 3476/228/185 3474/228/185
f 3471/211/305 3478/226/305 3473/226/305
f 3472/227/184 3473/226/184 3478/226/184
f 3471/211/205 3470/202/205 3479/211/205
f 3486/242/205 3494/247/205 3493/242/205
f 3487/247/205 3495/249/205 3494/247/205
f 3481/236/205 3495/234/205 3480/234/205
f 3482/237/205 3488/236/205 3481/236/205
f 3482/237/205 3490/239/205 3489/237/205
f 3494/247/194 3167/251/194 3180/228/194
f 3493/242/195 3180/228/195 3178/252/195
f 3492/241/196 3178/252/196 3176/227/196
f 3491/240/197 3176/227/197 3174/230/197
f 3490/239/198 3174/230/198 3172/226/198
f 3489/237/199 3172/226/199 3170/253/199
f 3488/236/200 3170/253/200 3168/229/200
f 3495/234/201 3168/229/201 3167/254/201
f 3486/242/205 3492/241/205 3485/241/205
f 3485/241/205 3491/240/205 3484/240/205
f 3483/239/205 3491/240/205 3490/239/205
f 3496/255/182 3188/233/182 3498/256/182
f 3184/204/183 3499/257/183 3187/201/183
f 3188/221/185 3497/258/185 3498/259/185
f 3187/201/186 3497/258/186 3186/203/186
f 3502/219/182 3540/260/182 3539/224/182
f 3503/220/182 3235/261/182 3540/260/182
f 3536/215/205 3502/208/205 3539/215/205
f 3120/204/301 3503/223/301 3443/223/301
f 3442/218/185 3194/221/185 3119/221/185
f 3438/217/185 3500/218/185 3442/218/185
f 3530/208/186 3524/209/186 3531/209/186
f 3521/262/209 3507/251/209 3520/228/209
f 3535/226/182 3526/229/182 3534/229/182
f 3519/246/208 3520/228/208 3518/252/208
f 3524/226/185 3642/226/185 3504/226/185
f 3517/209/207 3518/252/207 3516/227/207
f 3532/219/183 3530/231/183 3528/232/183
f 3515/215/206 3516/227/206 3514/230/206
f 3529/263/185 3535/227/185 3533/231/185
f 3513/208/212 3514/230/212 3512/226/212
f 3534/263/183 3527/231/183 3530/231/183
f 3511/238/213 3512/226/213 3510/253/213
f 3530/231/183 3647/232/183 3528/232/183
f 3532/264/182 3652/211/182 3533/211/182
f 3506/265/210 3508/229/210 3507/254/210
f 3534/229/182 3533/211/182 3535/226/182
f 3509/235/211 3510/253/211 3508/229/211
f 3512/266/182 3516/267/182 3520/268/182
f 3501/209/205 3544/215/205 3542/209/205
f 3232/222/186 3444/216/186 3121/203/186
f 3537/213/205 3438/209/205 3440/202/205
f 3538/214/186 3440/202/186 3444/216/186
f 3543/260/182 3238/269/182 3541/270/182
f 3544/224/182 3541/270/182 3542/232/182
f 3540/260/306 3544/224/306 3539/224/306
f 3500/218/185 3238/221/185 3194/221/185
f 3501/217/185 3541/218/185 3500/218/185
f 3235/261/306 3543/260/306 3540/260/306
f 3554/271/205 3560/272/205 3553/272/205
f 3548/263/184 3551/227/184 3547/231/184
f 3550/211/205 3545/209/205 3549/202/205
f 3553/273/185 3549/202/185 3545/217/185
f 3554/274/183 3550/211/183 3556/275/183
f 3548/229/183 3556/275/183 3552/226/183
f 3547/228/185 3555/276/185 3553/273/185
f 3546/219/182 3553/272/182 3545/232/182
f 3557/271/182 3559/231/182 3560/272/182
f 3547/231/184 3558/263/184 3548/263/184
f 3553/273/185 3559/228/185 3547/228/185
f 3548/229/183 3557/274/183 3554/274/183
f 3576/262/209 3562/251/209 3575/228/209
f 3574/246/208 3575/228/208 3573/252/208
f 3572/209/207 3573/252/207 3571/227/207
f 3570/215/206 3571/227/206 3569/230/206
f 3568/208/212 3569/230/212 3567/226/212
f 3566/238/213 3567/226/213 3565/253/213
f 3561/265/210 3563/229/210 3562/254/210
f 3564/235/211 3565/253/211 3563/229/211
f 3567/266/182 3571/267/182 3575/268/182
f 3586/266/182 3582/267/182 3578/268/182
f 3589/235/211 3588/253/211 3590/229/211
f 3592/265/210 3590/229/210 3591/254/210
f 3587/238/213 3586/226/213 3588/253/213
f 3585/208/212 3584/230/212 3586/226/212
f 3583/215/206 3582/227/206 3584/230/206
f 3581/209/207 3580/252/207 3582/227/207
f 3579/246/208 3578/228/208 3580/252/208
f 3577/262/209 3591/251/209 3578/228/209
f 3602/266/182 3598/267/182 3594/268/182
f 3605/235/211 3604/253/211 3606/229/211
f 3608/265/210 3606/229/210 3607/254/210
f 3603/238/213 3602/226/213 3604/253/213
f 3601/208/212 3600/230/212 3602/226/212
f 3599/215/206 3598/227/206 3600/230/206
f 3597/209/207 3596/252/207 3598/227/207
f 3595/246/208 3594/228/208 3596/252/208
f 3593/262/209 3607/251/209 3594/228/209
f 3624/262/209 3610/251/209 3623/228/209
f 3622/246/208 3623/228/208 3621/252/208
f 3620/209/207 3621/252/207 3619/227/207
f 3618/215/206 3619/227/206 3617/230/206
f 3616/208/212 3617/230/212 3615/226/212
f 3614/238/213 3615/226/213 3613/253/213
f 3609/265/210 3611/229/210 3610/254/210
f 3612/235/211 3613/253/211 3611/229/211
f 3615/266/182 3619/267/182 3623/268/182
f 3634/266/182 3630/267/182 3626/268/182
f 3637/235/211 3636/253/211 3638/229/211
f 3640/265/210 3638/229/210 3639/254/210
f 3635/238/213 3634/226/213 3636/253/213
f 3633/208/212 3632/230/212 3634/226/212
f 3631/215/206 3630/227/206 3632/230/206
f 3629/209/207 3628/252/207 3630/227/207
f 3627/246/208 3626/228/208 3628/252/208
f 3625/262/209 3639/251/209 3626/228/209
f 3531/226/185 3525/227/185 3535/227/185
f 3505/226/205 3523/202/205 3504/227/205
f 3525/226/182 3522/229/182 3526/229/182
f 3526/263/183 3505/231/183 3527/231/183
f 3524/226/185 3523/227/185 3525/227/185
f 3643/208/186 3642/209/186 3644/209/186
f 3647/211/186 3646/209/186 3648/202/186
f 3531/209/205 3645/208/205 3530/208/205
f 3527/208/184 3644/209/184 3524/209/184
f 3529/263/185 3646/226/185 3531/226/185
f 3504/227/205 3641/226/205 3505/226/205
f 3505/231/183 3643/231/183 3527/231/183
f 3528/202/184 3648/217/184 3529/217/184
f 3651/227/184 3650/217/184 3652/228/184
f 3528/232/183 3651/219/183 3532/219/183
f 3533/231/185 3650/263/185 3529/263/185
f 3529/217/186 3649/202/186 3528/202/186
f 3654/219/312 3655/231/312 3653/232/312
f 3666/211/205 3661/209/205 3665/202/205
f 3662/219/313 3663/231/313 3661/232/313
f 3658/211/205 3653/209/205 3657/202/205
f 3659/227/185 3653/217/185 3655/228/185
f 3660/226/183 3654/264/183 3658/211/183
f 3667/227/185 3661/217/185 3663/228/185
f 3668/226/183 3662/264/183 3666/211/183
f 3674/211/205 3669/209/205 3673/202/205
f 3670/219/312 3671/231/312 3669/232/312
f 3675/227/185 3669/217/185 3671/228/185
f 3676/226/183 3670/264/183 3674/211/183
f 3678/205/229 3377/277/229 3376/206/229
f 3125/203/185 3679/278/185 3384/279/185
f 3123/221/185 3680/280/185 3434/217/185
f 3679/281/314 3677/282/314 3683/281/314
f 3436/202/205 3682/282/205 3679/281/205
f 3683/278/231 3386/283/231 3387/279/231
f 3678/284/315 3683/281/315 3677/282/315
f 3385/283/186 3684/280/186 3680/280/186
f 3384/279/182 3683/278/182 3387/279/182
f 3383/277/182 3677/210/182 3682/210/182
f 3382/206/186 3678/205/186 3376/206/186
f 3681/284/316 3684/207/316 3678/284/316
f 3700/265/210 3710/235/210 3697/235/210
f 3690/209/207 3715/246/207 3688/246/207
f 3694/208/212 3713/215/212 3692/215/212
f 3690/209/206 3713/215/206 3714/209/206
f 3685/262/209 3709/248/209 3700/248/209
f 3695/238/213 3712/208/213 3694/208/213
f 3697/235/211 3711/238/211 3695/238/211
f 3694/266/182 3690/267/182 3685/268/182
f 3691/266/182 3696/267/182 3699/268/182
f 3689/238/211 3702/235/211 3703/238/211
f 3689/238/213 3704/208/213 3691/208/213
f 3699/262/209 3701/248/209 3686/248/209
f 3696/209/206 3705/215/206 3706/209/206
f 3691/208/212 3705/215/212 3693/215/212
f 3696/209/207 3707/246/207 3698/246/207
f 3686/265/210 3702/235/210 3687/235/210
f 3698/246/208 3708/262/208 3699/262/208
f 3703/238/186 3701/248/186 3707/246/186
f 3688/246/208 3716/262/208 3685/262/208
f 3711/238/186 3709/248/186 3715/246/186
f 3718/219/182 3721/232/182 3722/219/182
f 3726/257/186 3719/202/186 3728/258/186
f 3728/258/185 3717/217/185 3725/259/185
f 3726/257/183 3718/264/183 3720/211/183
f 3723/211/205 3721/209/205 3724/202/205
f 3719/202/234 3721/217/234 3717/217/234
f 3718/264/235 3723/211/235 3720/211/235
f 3720/211/186 3724/202/186 3719/202/186
f 3718/219/182 3725/256/182 3717/232/182
f 3498/259/205 3499/257/205 3496/259/205
f 3750/250/236 3766/250/236 3767/250/236
f 3752/250/237 3762/250/237 3763/250/237
f 3749/250/238 3760/250/238 3766/250/238
f 3751/250/239 3767/250/239 3762/250/239
f 3776/250/240 3748/250/240 3773/250/240
f 3783/250/186 3796/250/186 3789/250/186
f 3747/250/182 3791/250/182 3800/250/182
f 3745/250/241 3803/250/241 3754/250/241
f 3757/250/242 3807/250/242 3742/250/242
f 3763/250/243 3770/250/243 3752/250/243
f 3749/250/186 3773/250/186 3748/250/186
f 3737/250/182 3744/250/182 3736/250/182
f 3750/250/186 3772/250/186 3749/250/186
f 3737/250/182 3778/250/182 3779/250/182
f 3750/250/186 3769/250/186 3771/250/186
f 3735/250/182 3775/250/182 3734/250/182
f 3764/250/243 3777/250/243 3763/250/243
f 3782/250/240 3760/250/240 3776/250/240
f 3734/250/243 3774/250/243 3764/250/243
f 3751/250/186 3770/250/186 3769/250/186
f 3736/250/182 3746/250/182 3735/250/182
f 3778/250/240 3759/250/240 3782/250/240
f 3783/250/186 3798/250/186 3740/250/186
f 3741/250/244 3786/250/244 3784/250/244
f 3730/250/186 3802/250/186 3733/250/186
f 3782/250/245 3739/250/245 3787/250/245
f 3781/250/182 3804/250/182 3745/250/182
f 3774/250/246 3786/250/246 3777/250/246
f 3756/250/182 3806/250/182 3753/250/182
f 3741/250/247 3739/250/247 3785/250/247
f 3761/250/239 3736/250/239 3735/250/239
f 3762/250/239 3768/250/239 3761/250/239
f 3765/250/238 3738/250/238 3737/250/238
f 3766/250/238 3759/250/238 3765/250/238
f 3764/250/237 3735/250/237 3734/250/237
f 3764/250/237 3762/250/237 3761/250/237
f 3736/250/236 3765/250/236 3737/250/236
f 3768/250/236 3766/250/236 3765/250/236
f 3731/250/248 3769/250/248 3770/250/248
f 3729/250/244 3769/250/244 3732/250/244
f 3730/250/247 3771/250/247 3729/250/247
f 3733/250/245 3772/250/245 3730/250/245
f 3754/250/248 3775/250/248 3745/250/248
f 3758/250/245 3773/250/245 3733/250/245
f 3731/250/317 3777/250/317 3753/250/317
f 3742/250/245 3779/250/245 3778/250/245
f 3780/250/247 3779/250/247 3743/250/247
f 3781/250/244 3744/250/244 3780/250/244
f 3745/250/248 3746/250/248 3781/250/248
f 3742/250/245 3782/250/245 3757/250/245
f 3783/250/244 3784/250/244 3755/250/244
f 3756/250/244 3785/250/244 3747/250/244
f 3757/250/245 3787/250/245 3740/250/245
f 3758/250/245 3739/250/245 3776/250/245
f 3754/250/246 3784/250/246 3774/250/246
f 3753/250/246 3786/250/246 3756/250/246
f 3783/250/247 3787/250/247 3741/250/247
f 3747/250/247 3739/250/247 3788/250/247
f 3791/250/247 3799/250/247 3800/250/247
f 3793/250/249 3801/250/249 3806/250/249
f 3805/250/250 3792/250/250 3791/250/250
f 3800/250/244 3794/250/244 3793/250/244
f 3790/250/244 3796/250/244 3795/250/244
f 3807/250/250 3798/250/250 3797/250/250
f 3795/250/249 3803/250/249 3804/250/249
f 3790/250/247 3798/250/247 3789/250/247
f 3733/250/242 3805/250/242 3758/250/242
f 3747/250/182 3793/250/182 3756/250/182
f 3753/250/241 3801/250/241 3731/250/241
f 3740/250/186 3808/250/186 3757/250/186
f 3743/250/182 3807/250/182 3797/250/182
f 3732/250/186 3801/250/186 3794/250/186
f 3788/250/182 3805/250/182 3791/250/182
f 3780/250/182 3797/250/182 3790/250/182
f 3729/250/186 3794/250/186 3799/250/186
f 3755/250/186 3803/250/186 3796/250/186
f 3780/250/182 3795/250/182 3781/250/182
f 3729/250/186 3792/250/186 3730/250/186
f 3816/265/210 3818/235/210 3815/235/210
f 3811/209/207 3823/246/207 3810/246/207
f 3813/208/212 3821/215/212 3812/215/212
f 3811/209/206 3821/215/206 3822/209/206
f 3809/262/209 3817/248/209 3816/248/209
f 3814/238/213 3820/208/213 3813/208/213
f 3815/235/211 3819/238/211 3814/238/211
f 3813/266/182 3811/267/182 3809/268/182
f 3810/246/208 3824/262/208 3809/262/208
f 3819/238/186 3817/248/186 3823/246/186
f 3825/232/182 3828/263/182 3827/231/182
f 3828/263/251 3831/227/251 3827/231/251
f 3832/226/186 3829/202/186 3831/227/186
f 3830/211/252 3825/209/252 3829/202/252
f 3831/227/253 3825/217/253 3827/228/253
f 3840/265/210 3842/235/210 3839/235/210
f 3835/209/207 3847/246/207 3834/246/207
f 3837/208/212 3845/215/212 3836/215/212
f 3835/209/206 3845/215/206 3846/209/206
f 3833/262/209 3841/248/209 3840/248/209
f 3838/238/213 3844/208/213 3837/208/213
f 3839/235/211 3843/238/211 3838/238/211
f 3837/266/182 3835/267/182 3833/268/182
f 3834/246/208 3848/262/208 3833/262/208
f 3843/238/186 3841/248/186 3847/246/186
f 3856/265/210 3858/235/210 3855/235/210
f 3851/209/207 3863/246/207 3850/246/207
f 3853/208/212 3861/215/212 3852/215/212
f 3851/209/206 3861/215/206 3862/209/206
f 3849/262/209 3857/248/209 3856/248/209
f 3854/238/213 3860/208/213 3853/208/213
f 3855/235/211 3859/238/211 3854/238/211
f 3853/266/182 3851/267/182 3849/268/182
f 3850/246/208 3864/262/208 3849/262/208
f 3859/238/186 3857/248/186 3863/246/186
f 3889/232/184 3891/232/184 3892/232/184
f 3892/232/184 3891/232/184 3890/232/184
f 3893/231/205 3895/231/205 3896/231/205
f 3896/231/205 3895/231/205 3894/231/205
f 3945/232/205 3947/232/205 3948/232/205
f 3948/232/205 3947/232/205 3946/232/205
f 3949/231/184 3951/231/184 3952/231/184
f 3952/231/184 3951/231/184 3950/231/184
f 3885/289/254 3872/288/254 3883/290/254
f 3884/292/255 3873/291/255 3885/289/255
f 3876/229/256 3887/293/256 3874/294/256
f 3875/296/257 3888/295/257 3876/297/257
f 3867/217/258 3878/298/258 3865/299/258
f 3866/301/259 3879/300/259 3867/209/259
f 3882/303/260 3869/302/260 3880/304/260
f 3881/305/261 3870/208/261 3882/303/261
f 3892/264/318 3894/306/318 3889/307/318
f 3890/232/319 3896/231/319 3892/232/319
f 3917/289/254 3904/288/254 3915/290/254
f 3916/292/264 3905/291/264 3917/289/264
f 3908/229/256 3919/293/256 3906/294/256
f 3907/296/257 3920/295/257 3908/297/257
f 3899/217/258 3910/298/258 3897/299/258
f 3898/301/259 3911/300/259 3899/209/259
f 3914/303/260 3901/302/260 3912/304/260
f 3913/305/265 3902/208/265 3914/303/265
f 3941/289/266 3928/308/266 3939/292/266
f 3940/290/267 3929/228/267 3941/289/267
f 3932/310/268 3943/309/268 3930/296/268
f 3931/294/269 3944/295/269 3932/229/269
f 3923/209/270 3934/311/270 3921/301/270
f 3922/299/271 3935/312/271 3923/217/271
f 3938/314/272 3925/313/272 3936/315/272
f 3937/304/273 3926/264/273 3938/314/273
f 3948/232/319 3950/231/319 3945/232/319
f 3946/316/320 3952/229/320 3948/264/320
f 3973/289/275 3960/308/275 3971/292/275
f 3972/290/267 3961/228/267 3973/289/267
f 3964/310/268 3975/317/268 3962/296/268
f 3963/294/276 3976/295/276 3964/229/276
f 3955/209/270 3966/311/270 3953/301/270
f 3954/299/277 3967/312/277 3955/217/277
f 3970/314/278 3957/313/278 3968/315/278
f 3969/304/273 3958/264/273 3970/314/273
f 3997/319/279 3984/318/279 3995/320/279
f 3996/321/280 3985/228/280 3997/319/280
f 3988/323/281 3999/322/281 3986/324/281
f 3987/326/282 4000/325/282 3988/229/282
f 3979/209/283 3990/327/283 3977/328/283
f 3978/330/284 3991/329/284 3979/217/284
f 3994/332/285 3981/331/285 3992/333/285
f 3993/334/286 3982/264/286 3994/332/286
f 4021/319/279 4008/318/279 4019/320/279
f 4020/321/280 4009/228/280 4021/319/280
f 4012/323/281 4023/322/281 4010/335/281
f 4011/326/282 4024/325/282 4012/229/282
f 4003/209/283 4014/327/283 4001/328/283
f 4002/330/284 4015/329/284 4003/217/284
f 4018/332/285 4005/331/285 4016/333/285
f 4017/334/286 4006/264/286 4018/332/286
f 3865/299/287 3883/290/287 3872/288/287
f 3871/308/182 3869/348/182 3867/349/182
f 3866/301/288 3881/305/288 3877/311/288
f 3880/304/289 3874/294/289 3887/293/289
f 3884/292/290 3875/296/290 3871/308/290
f 3877/311/186 3887/293/186 3885/289/186
f 3154/209/184 3890/209/184 3891/209/184
f 3147/209/184 3889/341/184 3150/211/184
f 3156/232/302 3893/231/302 3890/232/302
f 3150/211/321 3894/306/321 3152/226/321
f 3155/231/205 3148/231/205 3895/231/205
f 3151/227/205 3894/342/205 3895/339/205
f 3897/299/287 3915/290/287 3904/288/287
f 3903/308/182 3901/348/182 3899/349/182
f 3898/301/288 3913/305/288 3909/311/288
f 3912/304/289 3906/294/289 3919/293/289
f 3916/292/290 3907/296/290 3903/308/290
f 3909/311/186 3919/293/186 3917/289/186
f 3940/290/292 3922/299/292 3927/288/292
f 3924/348/182 3928/308/182 3923/349/182
f 3936/315/293 3921/301/293 3934/311/293
f 3931/294/294 3937/304/294 3942/293/294
f 3930/296/295 3939/292/295 3928/308/295
f 3942/293/186 3934/311/186 3941/289/186
f 3947/209/205 3477/209/205 3475/209/205
f 3949/340/321 3471/211/321 3473/226/321
f 3471/211/205 3947/350/205 3468/209/205
f 3950/231/302 3477/232/302 3945/232/302
f 3951/343/184 3473/226/184 3472/227/184
f 3469/231/184 3476/231/184 3950/231/184
f 3972/290/292 3954/299/292 3959/288/292
f 3956/348/182 3960/308/182 3955/349/182
f 3968/315/293 3953/301/293 3966/311/293
f 3963/294/294 3969/304/294 3974/293/294
f 3962/296/295 3971/292/295 3960/308/295
f 3974/293/186 3966/311/186 3973/289/186
f 3996/321/296 3978/330/296 3983/344/296
f 3980/351/182 3984/318/182 3979/352/182
f 3992/333/297 3977/328/297 3990/327/297
f 3987/326/298 3993/334/298 3998/347/298
f 3986/324/299 3995/320/299 3984/318/299
f 3998/347/186 3990/327/186 3997/319/186
f 4020/321/296 4002/330/296 4007/344/296
f 4004/351/182 4008/318/182 4003/352/182
f 4016/333/300 4001/328/300 4014/327/300
f 4011/326/298 4017/334/298 4022/347/298
f 4010/335/299 4019/320/299 4008/318/299
f 4022/347/186 4014/327/186 4021/319/186
f 2194/201/182 2164/211/182 2163/202/182
f 2192/204/183 2162/264/183 2448/205/183
f 2447/207/184 2448/284/184 2162/208/184
f 2194/201/183 2451/277/183 2449/210/183
f 2172/212/182 2168/211/182 2298/213/182
f 2168/211/184 2166/208/184 2297/215/184
f 2171/216/185 2167/202/185 2165/217/185
f 2166/219/186 2175/219/186 2176/220/186
f 2188/204/183 2170/223/183 2172/212/183
f 2189/203/185 2171/216/185 2169/218/185
f 2190/201/182 2172/212/182 2299/214/182
f 2297/215/184 2301/215/184 2260/209/184
f 2176/223/183 2175/264/183 2174/211/183
f 2170/223/187 2176/223/187 2173/212/187
f 2172/212/182 2173/212/182 2174/211/182
f 2168/211/188 2174/211/188 2175/208/188
f 2181/211/189 2178/208/189 2183/215/189
f 2182/227/185 2180/202/185 2177/217/185
f 2184/229/183 2178/264/183 2181/211/183
f 2186/213/190 2183/215/190 2177/209/190
f 2185/230/182 2186/213/182 2180/202/182
f 2184/225/191 2185/230/191 2182/227/191
f 2177/232/186 2183/224/186 2184/225/186
f 2170/220/192 2263/220/192 2261/219/192
f 2162/219/193 2192/353/193 2191/233/193
f 2227/234/194 2200/265/194 2202/235/194
f 2202/235/195 2204/238/195 2229/237/195
f 2204/238/196 2206/208/196 2230/239/196
f 2206/208/197 2208/215/197 2231/240/197
f 2208/215/198 2210/209/198 2232/241/198
f 2210/209/199 2212/246/199 2233/242/199
f 2204/245/184 2202/354/184 2200/285/184
f 2200/285/184 2214/355/184 2212/243/184
f 2212/243/184 2210/356/184 2208/244/184
f 2208/244/184 2206/357/184 2204/245/184
f 2204/245/184 2200/285/184 2212/243/184
f 2212/246/200 2214/262/200 2234/247/200
f 2234/247/201 2214/262/201 2200/248/201
f 2219/227/202 2217/202/202 2215/217/202
f 2215/217/203 2222/217/203 2221/228/203
f 2222/217/185 2224/217/185 2223/228/185
f 2218/211/322 2226/211/322 2225/226/322
f 2233/242/184 2234/247/184 2249/247/184
f 2209/250/205 2207/250/205 2242/250/205
f 2234/247/184 2227/249/184 2250/249/184
f 2228/236/184 2237/236/184 2250/234/184
f 2211/250/205 2246/250/205 2248/250/205
f 2203/250/205 2201/250/205 2236/250/205
f 2229/237/184 2239/237/184 2237/236/184
f 2229/237/184 2230/239/184 2241/239/184
f 2249/247/201 2250/249/201 2235/251/201
f 2247/242/200 2249/247/200 2248/228/200
f 2245/241/199 2247/242/199 2246/252/199
f 2243/240/198 2245/241/198 2244/227/198
f 2241/239/197 2243/240/197 2242/230/197
f 2239/237/196 2241/239/196 2240/226/196
f 2237/236/195 2239/237/195 2238/253/195
f 2250/234/194 2237/236/194 2236/229/194
f 2203/250/205 2238/250/205 2240/250/205
f 2213/250/205 2248/250/205 2235/250/205
f 2233/242/184 2247/242/184 2245/241/184
f 2201/250/205 2199/250/205 2235/250/205
f 2232/241/184 2245/241/184 2243/240/184
f 2211/250/205 2209/250/205 2244/250/205
f 2230/239/184 2231/240/184 2243/240/184
f 2205/250/205 2240/250/205 2242/250/205
f 2197/250/205 2254/250/205 2256/250/205
f 2195/250/205 2256/250/205 2252/250/205
f 2251/255/186 2252/353/186 2256/233/186
f 2252/204/183 2251/287/183 2258/257/183
f 2256/221/185 2254/203/185 2253/258/185
f 2255/201/182 2258/257/182 2253/258/182
f 2198/250/205 2255/250/205 2254/250/205
f 2196/250/205 2252/250/205 2255/250/205
f 2261/219/186 2263/220/186 2302/260/186
f 2263/220/186 2264/353/186 2303/261/186
f 2297/215/184 2166/208/184 2261/208/184
f 2188/204/192 2264/204/192 2263/223/192
f 2169/218/185 2259/218/185 2262/221/185
f 2165/217/185 2260/217/185 2259/218/185
f 2291/208/182 2288/208/182 2285/209/182
f 2282/262/206 2267/248/206 2268/251/206
f 2296/226/186 2286/226/186 2287/229/186
f 2280/246/207 2282/262/207 2281/228/207
f 2285/226/185 2409/226/185 2407/226/185
f 2278/209/208 2280/246/208 2279/252/208
f 2293/219/183 2295/263/183 2291/231/183
f 2276/215/209 2278/209/209 2277/227/209
f 2290/263/185 2292/226/185 2296/227/185
f 2274/208/210 2276/215/210 2275/230/210
f 2295/263/183 2287/263/183 2288/231/183
f 2272/238/211 2274/208/211 2273/226/211
f 2291/231/183 2410/231/183 2412/232/183
f 2293/264/186 2416/264/186 2417/211/186
f 2267/265/212 2270/235/212 2269/229/212
f 2295/229/186 2293/264/186 2294/211/186
f 2270/235/213 2272/238/213 2271/253/213
f 2281/268/186 2268/358/186 2269/286/186
f 2269/286/186 2271/359/186 2273/266/186
f 2273/266/186 2275/360/186 2277/267/186
f 2277/267/186 2279/361/186 2281/268/186
f 2281/268/186 2269/286/186 2273/266/186
f 2262/250/205 2306/250/205 2308/250/205
f 2260/209/184 2301/215/184 2309/215/184
f 2300/222/182 2299/214/182 2171/216/182
f 2298/213/184 2297/215/184 2165/209/184
f 2299/214/182 2298/213/182 2167/202/182
f 2307/260/186 2308/261/186 2306/269/186
f 2309/224/186 2307/260/186 2304/270/186
f 2302/260/214 2307/260/214 2309/224/214
f 2259/218/185 2304/218/185 2306/221/185
f 2260/217/185 2305/217/185 2304/218/185
f 2303/261/214 2308/261/214 2307/260/214
f 2319/271/184 2322/271/184 2325/272/184
f 2313/263/205 2317/226/205 2316/227/205
f 2315/211/184 2311/208/184 2310/209/184
f 2318/273/185 2320/276/185 2314/202/185
f 2319/274/183 2311/264/183 2315/211/183
f 2313/229/183 2319/274/183 2321/275/183
f 2312/228/185 2316/227/185 2320/276/185
f 2311/219/186 2319/271/186 2318/272/186
f 2322/271/186 2323/263/186 2324/231/186
f 2312/231/205 2324/231/205 2323/263/205
f 2318/273/185 2325/273/185 2324/228/185
f 2313/229/183 2323/229/183 2322/274/183
f 2341/262/206 2326/248/206 2327/251/206
f 2339/246/207 2341/262/207 2340/228/207
f 2337/209/208 2339/246/208 2338/252/208
f 2335/215/209 2337/209/209 2336/227/209
f 2333/208/210 2335/215/210 2334/230/210
f 2331/238/211 2333/208/211 2332/226/211
f 2326/265/212 2329/235/212 2328/229/212
f 2329/235/213 2331/238/213 2330/253/213
f 2340/268/186 2327/358/186 2328/286/186
f 2328/286/186 2330/359/186 2332/266/186
f 2332/266/186 2334/360/186 2336/267/186
f 2336/267/186 2338/361/186 2340/268/186
f 2340/268/186 2328/286/186 2332/266/186
f 2343/268/186 2356/358/186 2355/286/186
f 2355/286/186 2353/359/186 2351/266/186
f 2351/266/186 2349/360/186 2347/267/186
f 2347/267/186 2345/361/186 2343/268/186
f 2343/268/186 2355/286/186 2351/266/186
f 2354/235/213 2352/238/213 2353/253/213
f 2357/265/212 2354/235/212 2355/229/212
f 2352/238/211 2350/208/211 2351/226/211
f 2350/208/210 2348/215/210 2349/230/210
f 2348/215/209 2346/209/209 2347/227/209
f 2346/209/208 2344/246/208 2345/252/208
f 2344/246/207 2342/262/207 2343/228/207
f 2342/262/206 2357/248/206 2356/251/206
f 2359/268/186 2372/358/186 2371/286/186
f 2371/286/186 2369/359/186 2367/266/186
f 2367/266/186 2365/360/186 2363/267/186
f 2363/267/186 2361/361/186 2359/268/186
f 2359/268/186 2371/286/186 2367/266/186
f 2370/235/213 2368/238/213 2369/253/213
f 2373/265/212 2370/235/212 2371/229/212
f 2368/238/211 2366/208/211 2367/226/211
f 2366/208/210 2364/215/210 2365/230/210
f 2364/215/209 2362/209/209 2363/227/209
f 2362/209/208 2360/246/208 2361/252/208
f 2360/246/207 2358/262/207 2359/228/207
f 2358/262/206 2373/248/206 2372/251/206
f 2389/262/206 2374/248/206 2375/251/206
f 2387/246/207 2389/262/207 2388/228/207
f 2385/209/208 2387/246/208 2386/252/208
f 2383/215/209 2385/209/209 2384/227/209
f 2381/208/210 2383/215/210 2382/230/210
f 2379/238/211 2381/208/211 2380/226/211
f 2374/265/212 2377/235/212 2376/229/212
f 2377/235/213 2379/238/213 2378/253/213
f 2388/268/186 2375/358/186 2376/286/186
f 2376/286/186 2378/359/186 2380/266/186
f 2380/266/186 2382/360/186 2384/267/186
f 2384/267/186 2386/361/186 2388/268/186
f 2388/268/186 2376/286/186 2380/266/186
f 2391/268/186 2404/358/186 2403/286/186
f 2403/286/186 2401/359/186 2399/266/186
f 2399/266/186 2397/360/186 2395/267/186
f 2395/267/186 2393/361/186 2391/268/186
f 2391/268/186 2403/286/186 2399/266/186
f 2402/235/213 2400/238/213 2401/253/213
f 2405/265/212 2402/235/212 2403/229/212
f 2400/238/211 2398/208/211 2399/226/211
f 2398/208/210 2396/215/210 2397/230/210
f 2396/215/209 2394/209/209 2395/227/209
f 2394/209/208 2392/246/208 2393/252/208
f 2392/246/207 2390/262/207 2391/228/207
f 2390/262/206 2405/248/206 2404/251/206
f 2292/226/185 2285/226/185 2286/227/185
f 2266/226/184 2283/211/184 2284/202/184
f 2286/226/186 2284/226/186 2283/229/186
f 2287/263/183 2283/263/183 2266/231/183
f 2285/226/185 2265/226/185 2284/227/185
f 2408/208/182 2406/208/182 2407/209/182
f 2412/211/182 2410/208/182 2411/209/182
f 2292/209/184 2411/209/184 2410/208/184
f 2288/208/205 2408/208/205 2409/209/205
f 2290/263/185 2413/263/185 2411/226/185
f 2265/227/184 2407/227/184 2406/226/184
f 2266/231/183 2406/231/183 2408/231/183
f 2289/202/205 2412/202/205 2413/217/205
f 2416/227/205 2414/202/205 2415/217/205
f 2289/232/183 2414/232/183 2416/219/183
f 2294/231/185 2417/231/185 2415/263/185
f 2290/217/182 2415/217/182 2414/202/182
f 2419/219/215 2421/263/215 2420/231/215
f 2431/211/184 2427/208/184 2426/209/184
f 2427/219/215 2429/263/215 2428/231/215
f 2423/211/184 2419/208/184 2418/209/184
f 2424/227/185 2422/202/185 2418/217/185
f 2425/226/183 2421/229/183 2419/264/183
f 2432/227/185 2430/202/185 2426/217/185
f 2433/226/183 2429/229/183 2427/264/183
f 2439/211/184 2435/208/184 2434/209/184
f 2435/219/215 2437/263/215 2436/231/215
f 2440/227/185 2438/202/185 2434/217/185
f 2441/226/183 2437/229/183 2435/264/183
f 2443/205/323 2442/210/323 2445/277/323
f 2193/203/185 2163/202/185 2446/278/185
f 2191/221/185 2453/283/185 2447/280/185
f 2446/281/324 2449/282/324 2442/282/324
f 2450/250/184 2444/250/184 2445/250/184
f 2452/250/184 2455/250/184 2454/250/184
f 2163/202/184 2164/211/184 2449/282/184
f 2456/278/325 2457/280/325 2454/283/325
f 2443/284/326 2457/207/326 2456/281/326
f 2453/283/182 2454/283/182 2457/280/182
f 2452/279/186 2446/278/186 2456/278/186
f 2451/277/186 2445/277/186 2442/210/186
f 2450/206/182 2448/205/182 2443/205/182
f 2448/284/327 2447/207/327 2457/207/327
f 2473/265/212 2482/265/212 2483/235/212
f 2463/209/208 2487/209/208 2488/246/208
f 2467/208/210 2485/208/210 2486/215/210
f 2463/209/209 2465/215/209 2486/215/209
f 2458/262/206 2489/262/206 2482/248/206
f 2468/238/211 2484/238/211 2485/208/211
f 2470/235/213 2483/235/213 2484/238/213
f 2458/268/186 2473/358/186 2470/286/186
f 2470/286/186 2468/359/186 2467/266/186
f 2467/266/186 2465/360/186 2463/267/186
f 2463/267/186 2461/361/186 2458/268/186
f 2458/268/186 2470/286/186 2467/266/186
f 2472/268/186 2459/358/186 2460/286/186
f 2460/286/186 2462/359/186 2464/266/186
f 2464/266/186 2466/360/186 2469/267/186
f 2469/267/186 2471/361/186 2472/268/186
f 2472/268/186 2460/286/186 2464/266/186
f 2462/238/213 2460/235/213 2475/235/213
f 2462/238/211 2476/238/211 2477/208/211
f 2472/262/206 2481/262/206 2474/248/206
f 2469/209/209 2466/215/209 2478/215/209
f 2464/208/210 2477/208/210 2478/215/210
f 2469/209/208 2479/209/208 2480/246/208
f 2459/265/212 2474/265/212 2475/235/212
f 2471/246/207 2480/246/207 2481/262/207
f 2480/246/182 2479/209/182 2478/215/182
f 2478/215/182 2477/208/182 2476/238/182
f 2476/238/182 2475/235/182 2474/248/182
f 2474/248/182 2481/262/182 2480/246/182
f 2480/246/182 2478/215/182 2476/238/182
f 2461/246/207 2488/246/207 2489/262/207
f 2488/246/182 2487/209/182 2486/215/182
f 2486/215/182 2485/208/182 2484/238/182
f 2484/238/182 2483/235/182 2482/248/182
f 2482/248/182 2489/262/182 2488/246/182
f 2488/246/182 2486/215/182 2484/238/182
f 2491/219/186 2490/232/186 2494/232/186
f 2499/257/182 2493/211/182 2492/202/182
f 2501/258/185 2492/202/185 2490/217/185
f 2499/257/183 2500/287/183 2491/264/183
f 2496/211/184 2495/208/184 2494/209/184
f 2492/202/222 2497/202/222 2494/217/222
f 2491/264/223 2495/264/223 2496/211/223
f 2493/211/182 2496/211/182 2497/202/182
f 2491/219/186 2500/255/186 2498/256/186
f 2257/259/184 2253/258/184 2258/257/184
f 2504/202/182 2505/211/182 2194/201/182
f 2749/205/183 2503/264/183 2192/204/183
f 2748/207/205 2502/209/205 2503/208/205
f 2194/201/183 2505/211/183 2750/210/183
f 2605/213/182 2509/211/182 2513/212/182
f 2604/215/205 2507/208/205 2509/211/205
f 2506/217/185 2508/202/185 2512/216/185
f 2517/220/186 2516/219/186 2507/219/186
f 2513/212/183 2511/223/183 2188/204/183
f 2510/218/185 2512/216/185 2189/203/185
f 2606/214/182 2513/212/182 2190/201/182
f 2569/209/205 2607/215/205 2604/215/205
f 2515/211/183 2516/264/183 2517/223/183
f 2514/212/188 2517/223/188 2511/223/188
f 2515/211/182 2514/212/182 2513/212/182
f 2516/208/187 2515/211/187 2509/211/187
f 2524/215/224 2519/208/224 2522/211/224
f 2518/217/185 2521/202/185 2523/227/185
f 2522/211/183 2519/264/183 2525/229/183
f 2518/209/225 2524/215/225 2527/213/225
f 2521/202/182 2527/213/182 2526/230/182
f 2523/227/226 2526/230/226 2525/225/226
f 2518/232/186 2520/231/186 2525/225/186
f 2570/219/192 2571/220/192 2511/220/192
f 2191/233/193 2192/353/193 2503/219/193
f 2549/236/194 2529/235/194 2528/265/194
f 2550/237/195 2530/238/195 2529/235/195
f 2551/239/196 2531/208/196 2530/238/196
f 2552/240/197 2532/215/197 2531/208/197
f 2553/241/198 2533/209/198 2532/215/198
f 2554/242/199 2534/246/199 2533/209/199
f 2528/285/205 2529/354/205 2530/245/205
f 2530/245/205 2531/357/205 2532/244/205
f 2532/244/205 2533/356/205 2534/243/205
f 2534/243/205 2535/355/205 2528/285/205
f 2528/285/205 2530/245/205 2532/244/205
f 2555/247/200 2535/262/200 2534/246/200
f 2555/247/201 2548/249/201 2528/248/201
f 2536/217/202 2538/202/202 2540/227/202
f 2542/228/203 2543/217/203 2536/217/203
f 2544/228/185 2545/217/185 2543/217/185
f 2546/226/322 2547/211/322 2539/211/322
f 2554/242/205 2561/242/205 2562/247/205
f 2555/247/205 2562/247/205 2563/249/205
f 2563/234/205 2556/236/205 2549/236/205
f 2556/236/205 2557/237/205 2550/237/205
f 2550/237/205 2557/237/205 2558/239/205
f 2235/251/201 2563/249/201 2562/247/201
f 2248/228/200 2562/247/200 2561/242/200
f 2246/252/199 2561/242/199 2560/241/199
f 2244/227/198 2560/241/198 2559/240/198
f 2242/230/197 2559/240/197 2558/239/197
f 2240/226/196 2558/239/196 2557/237/196
f 2238/253/195 2557/237/195 2556/236/195
f 2236/229/194 2556/236/194 2563/234/194
f 2560/241/205 2561/242/205 2554/242/205
f 2559/240/205 2560/241/205 2553/241/205
f 2551/239/205 2558/239/205 2559/240/205
f 2256/233/186 2252/353/186 2564/255/186
f 2567/257/183 2564/287/183 2252/204/183
f 2256/221/185 2566/259/185 2565/258/185
f 2565/258/182 2567/257/182 2255/201/182
f 2608/260/186 2571/220/186 2570/219/186
f 2303/261/186 2264/353/186 2571/220/186
f 2604/215/205 2607/215/205 2570/208/205
f 2571/223/192 2264/204/192 2188/204/192
f 2262/221/185 2568/218/185 2510/218/185
f 2568/218/185 2569/217/185 2506/217/185
f 2592/209/182 2595/208/182 2598/208/182
f 2575/251/209 2574/248/209 2589/262/209
f 2594/229/186 2593/226/186 2603/226/186
f 2588/228/208 2589/262/208 2587/246/208
f 2710/226/185 2712/226/185 2592/226/185
f 2586/252/207 2587/246/207 2585/209/207
f 2598/231/183 2602/263/183 2600/219/183
f 2584/227/206 2585/209/206 2583/215/206
f 2603/227/185 2599/226/185 2597/263/185
f 2582/230/212 2583/215/212 2581/208/212
f 2595/231/183 2594/263/183 2602/263/183
f 2580/226/213 2581/208/213 2579/238/213
f 2715/232/183 2713/231/183 2598/231/183
f 2720/211/186 2719/264/186 2600/264/186
f 2576/229/210 2577/235/210 2574/265/210
f 2601/211/186 2600/264/186 2602/229/186
f 2578/253/211 2579/238/211 2577/235/211
f 2576/286/186 2575/358/186 2588/268/186
f 2588/268/186 2586/361/186 2584/267/186
f 2584/267/186 2582/360/186 2580/266/186
f 2580/266/186 2578/359/186 2576/286/186
f 2576/286/186 2588/268/186 2584/267/186
f 2569/209/205 2610/209/205 2612/215/205
f 2512/216/182 2606/214/182 2300/222/182
f 2506/209/205 2604/215/205 2605/213/205
f 2508/202/182 2605/213/182 2606/214/182
f 2306/269/186 2308/261/186 2611/260/186
f 2609/270/186 2611/260/186 2612/224/186
f 2612/224/214 2611/260/214 2608/260/214
f 2306/221/185 2609/218/185 2568/218/185
f 2609/218/185 2610/217/185 2569/217/185
f 2611/260/214 2308/261/214 2303/261/214
f 2628/272/205 2625/271/205 2622/271/205
f 2619/227/184 2620/226/184 2616/263/184
f 2613/209/205 2614/208/205 2618/211/205
f 2621/273/185 2613/217/185 2617/202/185
f 2618/211/183 2614/264/183 2622/274/183
f 2624/275/183 2622/274/183 2616/229/183
f 2615/228/185 2621/273/185 2623/276/185
f 2621/272/186 2622/271/186 2614/219/186
f 2627/231/186 2626/263/186 2625/271/186
f 2626/263/184 2627/231/184 2615/231/184
f 2627/228/185 2628/273/185 2621/273/185
f 2625/274/183 2626/229/183 2616/229/183
f 2630/251/209 2629/248/209 2644/262/209
f 2643/228/208 2644/262/208 2642/246/208
f 2641/252/207 2642/246/207 2640/209/207
f 2639/227/206 2640/209/206 2638/215/206
f 2637/230/212 2638/215/212 2636/208/212
f 2635/226/213 2636/208/213 2634/238/213
f 2631/229/210 2632/235/210 2629/265/210
f 2633/253/211 2634/238/211 2632/235/211
f 2631/286/186 2630/358/186 2643/268/186
f 2643/268/186 2641/361/186 2639/267/186
f 2639/267/186 2637/360/186 2635/266/186
f 2635/266/186 2633/359/186 2631/286/186
f 2631/286/186 2643/268/186 2639/267/186
f 2658/286/186 2659/358/186 2646/268/186
f 2646/268/186 2648/361/186 2650/267/186
f 2650/267/186 2652/360/186 2654/266/186
f 2654/266/186 2656/359/186 2658/286/186
f 2658/286/186 2646/268/186 2650/267/186
f 2656/253/211 2655/238/211 2657/235/211
f 2658/229/210 2657/235/210 2660/265/210
f 2654/226/213 2653/208/213 2655/238/213
f 2652/230/212 2651/215/212 2653/208/212
f 2650/227/206 2649/209/206 2651/215/206
f 2648/252/207 2647/246/207 2649/209/207
f 2646/228/208 2645/262/208 2647/246/208
f 2659/251/209 2660/248/209 2645/262/209
f 2674/286/186 2675/358/186 2662/268/186
f 2662/268/186 2664/361/186 2666/267/186
f 2666/267/186 2668/360/186 2670/266/186
f 2670/266/186 2672/359/186 2674/286/186
f 2674/286/186 2662/268/186 2666/267/186
f 2672/253/211 2671/238/211 2673/235/211
f 2674/229/210 2673/235/210 2676/265/210
f 2670/226/213 2669/208/213 2671/238/213
f 2668/230/212 2667/215/212 2669/208/212
f 2666/227/206 2665/209/206 2667/215/206
f 2664/252/207 2663/246/207 2665/209/207
f 2662/228/208 2661/262/208 2663/246/208
f 2675/251/209 2676/248/209 2661/262/209
f 2678/251/209 2677/248/209 2692/262/209
f 2691/228/208 2692/262/208 2690/246/208
f 2689/252/207 2690/246/207 2688/209/207
f 2687/227/206 2688/209/206 2686/215/206
f 2685/230/212 2686/215/212 2684/208/212
f 2683/226/213 2684/208/213 2682/238/213
f 2679/229/210 2680/235/210 2677/265/210
f 2681/253/211 2682/238/211 2680/235/211
f 2679/286/186 2678/358/186 2691/268/186
f 2691/268/186 2689/361/186 2687/267/186
f 2687/267/186 2685/360/186 2683/266/186
f 2683/266/186 2681/359/186 2679/286/186
f 2679/286/186 2691/268/186 2687/267/186
f 2706/286/186 2707/358/186 2694/268/186
f 2694/268/186 2696/361/186 2698/267/186
f 2698/267/186 2700/360/186 2702/266/186
f 2702/266/186 2704/359/186 2706/286/186
f 2706/286/186 2694/268/186 2698/267/186
f 2704/253/211 2703/238/211 2705/235/211
f 2706/229/210 2705/235/210 2708/265/210
f 2702/226/213 2701/208/213 2703/238/213
f 2700/230/212 2699/215/212 2701/208/212
f 2698/227/206 2697/209/206 2699/215/206
f 2696/252/207 2695/246/207 2697/209/207
f 2694/228/208 2693/262/208 2695/246/208
f 2707/251/209 2708/248/209 2693/262/209
f 2593/227/185 2592/226/185 2599/226/185
f 2591/202/205 2590/211/205 2573/226/205
f 2590/229/186 2591/226/186 2593/226/186
f 2573/231/183 2590/263/183 2594/263/183
f 2591/227/185 2572/226/185 2592/226/185
f 2710/209/182 2709/208/182 2711/208/182
f 2714/209/182 2713/208/182 2715/211/182
f 2713/208/205 2714/209/205 2599/209/205
f 2712/209/184 2711/208/184 2595/208/184
f 2714/226/185 2716/263/185 2597/263/185
f 2709/226/205 2710/227/205 2572/227/205
f 2711/231/183 2709/231/183 2573/231/183
f 2716/217/184 2715/202/184 2596/202/184
f 2718/217/184 2717/202/184 2719/227/184
f 2719/219/183 2717/232/183 2596/232/183
f 2718/263/185 2720/231/185 2601/231/185
f 2717/202/182 2718/217/182 2597/217/182
f 2723/231/227 2724/263/227 2722/219/227
f 2729/209/205 2730/208/205 2734/211/205
f 2731/231/227 2732/263/227 2730/219/227
f 2721/209/205 2722/208/205 2726/211/205
f 2721/217/185 2725/202/185 2727/227/185
f 2728/226/183 2726/211/183 2722/264/183
f 2729/217/185 2733/202/185 2735/227/185
f 2736/226/183 2734/211/183 2730/264/183
f 2737/209/205 2738/208/205 2742/211/205
f 2739/231/227 2740/263/227 2738/219/227
f 2737/217/185 2741/202/185 2743/227/185
f 2744/226/183 2742/211/183 2738/264/183
f 2445/277/328 2745/210/328 2746/205/328
f 2747/278/185 2504/202/185 2193/203/185
f 2191/221/185 2502/217/185 2748/280/185
f 2747/281/329 2751/281/329 2745/282/329
f 2504/202/205 2747/281/205 2750/282/205
f 2454/283/330 2752/280/330 2751/278/330
f 2746/284/331 2745/282/331 2751/281/331
f 2752/280/182 2454/283/182 2453/283/182
f 2452/279/186 2455/279/186 2751/278/186
f 2745/210/186 2445/277/186 2451/277/186
f 2450/206/182 2444/206/182 2746/205/182
f 2749/284/332 2746/284/332 2752/207/332
f 2778/235/210 2777/265/210 2768/265/210
f 2783/246/207 2782/209/207 2758/209/207
f 2781/215/212 2780/208/212 2762/208/212
f 2758/209/206 2782/209/206 2781/215/206
f 2777/248/209 2784/262/209 2753/262/209
f 2780/208/213 2779/238/213 2763/238/213
f 2779/238/211 2778/235/211 2765/235/211
f 2765/286/186 2768/358/186 2753/268/186
f 2753/268/186 2756/361/186 2758/267/186
f 2758/267/186 2760/360/186 2762/266/186
f 2762/266/186 2763/359/186 2765/286/186
f 2765/286/186 2753/268/186 2758/267/186
f 2755/286/186 2754/358/186 2767/268/186
f 2767/268/186 2766/361/186 2764/267/186
f 2764/267/186 2761/360/186 2759/266/186
f 2759/266/186 2757/359/186 2755/286/186
f 2755/286/186 2767/268/186 2764/267/186
f 2757/238/211 2771/238/211 2770/235/211
f 2772/208/213 2771/238/213 2757/238/213
f 2769/248/209 2776/262/209 2767/262/209
f 2764/209/206 2774/209/206 2773/215/206
f 2773/215/212 2772/208/212 2759/208/212
f 2775/246/207 2774/209/207 2764/209/207
f 2770/235/210 2769/265/210 2754/265/210
f 2776/262/208 2775/246/208 2766/246/208
f 2773/215/182 2774/209/182 2775/246/182
f 2775/246/182 2776/262/182 2769/248/182
f 2769/248/182 2770/235/182 2771/238/182
f 2771/238/182 2772/208/182 2773/215/182
f 2773/215/182 2775/246/182 2769/248/182
f 2784/262/208 2783/246/208 2756/246/208
f 2781/215/182 2782/209/182 2783/246/182
f 2783/246/182 2784/262/182 2777/248/182
f 2777/248/182 2778/235/182 2779/238/182
f 2779/238/182 2780/208/182 2781/215/182
f 2781/215/182 2783/246/182 2777/248/182
f 2786/219/186 2790/219/186 2789/232/186
f 2787/202/182 2788/211/182 2794/257/182
f 2785/217/185 2787/202/185 2796/258/185
f 2794/257/183 2788/211/183 2786/264/183
f 2789/209/205 2790/208/205 2791/211/205
f 2789/217/234 2792/202/234 2787/202/234
f 2791/211/235 2790/264/235 2786/264/235
f 2792/202/182 2791/211/182 2788/211/182
f 2793/256/186 2795/255/186 2786/219/186
f 2567/257/205 2565/258/205 2566/259/205
f 2834/250/236 2817/250/236 2818/250/236
f 2830/250/237 2819/250/237 2820/250/237
f 2828/250/238 2816/250/238 2817/250/238
f 2835/250/239 2818/250/239 2819/250/239
f 2816/250/240 2828/250/240 2844/250/240
f 2851/250/182 2857/250/182 2864/250/182
f 2815/250/186 2868/250/186 2859/250/186
f 2871/250/241 2872/250/241 2813/250/241
f 2875/250/242 2876/250/242 2825/250/242
f 2838/250/243 2845/250/243 2831/250/243
f 2841/250/182 2840/250/182 2817/250/182
f 2812/250/186 2847/250/186 2805/250/186
f 2840/250/182 2839/250/182 2818/250/182
f 2805/250/186 2847/250/186 2846/250/186
f 2818/250/182 2839/250/182 2837/250/182
f 2843/250/186 2814/250/186 2803/250/186
f 2845/250/243 2842/250/243 2832/250/243
f 2828/250/240 2827/250/240 2850/250/240
f 2842/250/243 2843/250/243 2802/250/243
f 2819/250/182 2837/250/182 2838/250/182
f 2814/250/186 2812/250/186 2804/250/186
f 2827/250/240 2806/250/240 2846/250/240
f 2866/250/182 2857/250/182 2851/250/182
f 2854/250/244 2853/250/244 2809/250/244
f 2870/250/182 2860/250/182 2798/250/182
f 2807/250/245 2844/250/245 2850/250/245
f 2872/250/186 2863/250/186 2849/250/186
f 2842/250/246 2845/250/246 2854/250/246
f 2874/250/186 2861/250/186 2824/250/186
f 2809/250/247 2853/250/247 2807/250/247
f 2804/250/239 2836/250/239 2829/250/239
f 2836/250/239 2835/250/239 2830/250/239
f 2806/250/238 2827/250/238 2833/250/238
f 2827/250/238 2828/250/238 2834/250/238
f 2803/250/237 2829/250/237 2832/250/237
f 2832/250/237 2829/250/237 2830/250/237
f 2804/250/236 2805/250/236 2833/250/236
f 2836/250/236 2833/250/236 2834/250/236
f 2799/250/248 2838/250/248 2837/250/248
f 2837/250/244 2839/250/244 2797/250/244
f 2839/250/247 2840/250/247 2798/250/247
f 2840/250/245 2841/250/245 2801/250/245
f 2843/250/246 2842/250/246 2822/250/246
f 2841/250/245 2844/250/245 2826/250/245
f 2821/250/246 2845/250/246 2838/250/246
f 2810/250/245 2846/250/245 2847/250/245
f 2847/250/247 2812/250/247 2848/250/247
f 2812/250/244 2814/250/244 2849/250/244
f 2814/250/246 2843/250/246 2813/250/246
f 2850/250/245 2846/250/245 2810/250/245
f 2852/250/244 2809/250/244 2851/250/244
f 2853/250/244 2854/250/244 2824/250/244
f 2855/250/245 2850/250/245 2825/250/245
f 2826/250/245 2844/250/245 2807/250/245
f 2822/250/246 2842/250/246 2852/250/246
f 2854/250/246 2845/250/246 2821/250/246
f 2809/250/247 2855/250/247 2808/250/247
f 2807/250/247 2853/250/247 2815/250/247
f 2867/250/247 2860/250/247 2859/250/247
f 2869/250/249 2862/250/249 2861/250/249
f 2860/250/250 2870/250/250 2873/250/250
f 2862/250/333 2867/250/333 2868/250/333
f 2864/250/334 2857/250/334 2858/250/334
f 2866/250/250 2876/250/250 2875/250/250
f 2871/250/249 2864/250/249 2863/250/249
f 2858/250/247 2857/250/247 2866/250/247
f 2873/250/242 2870/250/242 2801/250/242
f 2861/250/186 2868/250/186 2815/250/186
f 2869/250/241 2874/250/241 2821/250/241
f 2876/250/182 2866/250/182 2808/250/182
f 2811/250/186 2865/250/186 2875/250/186
f 2800/250/182 2862/250/182 2869/250/182
f 2856/250/186 2859/250/186 2873/250/186
f 2848/250/186 2858/250/186 2865/250/186
f 2797/250/182 2867/250/182 2862/250/182
f 2823/250/182 2864/250/182 2871/250/182
f 2863/250/186 2858/250/186 2848/250/186
f 2860/250/182 2867/250/182 2797/250/182
f 2886/235/210 2885/265/210 2884/265/210
f 2891/246/207 2890/209/207 2879/209/207
f 2889/215/212 2888/208/212 2881/208/212
f 2879/209/206 2890/209/206 2889/215/206
f 2885/248/209 2892/262/209 2877/262/209
f 2888/208/213 2887/238/213 2882/238/213
f 2887/238/211 2886/235/211 2883/235/211
f 2883/286/186 2884/358/186 2877/268/186
f 2877/268/186 2878/361/186 2879/267/186
f 2879/267/186 2880/360/186 2881/266/186
f 2881/266/186 2882/359/186 2883/286/186
f 2883/286/186 2877/268/186 2879/267/186
f 2892/262/208 2891/246/208 2878/246/208
f 2889/215/182 2890/209/182 2891/246/182
f 2891/246/182 2892/262/182 2885/248/182
f 2885/248/182 2886/235/182 2887/238/182
f 2887/238/182 2888/208/182 2889/215/182
f 2889/215/182 2891/246/182 2885/248/182
f 2893/232/186 2895/231/186 2896/263/186
f 2899/227/251 2900/226/251 2896/263/251
f 2897/202/182 2898/211/182 2900/226/182
f 2893/209/252 2894/208/252 2898/211/252
f 2893/217/253 2897/202/253 2899/227/253
f 2907/235/210 2910/235/210 2909/265/210
f 2915/246/207 2914/209/207 2903/209/207
f 2913/215/212 2912/208/212 2905/208/212
f 2903/209/206 2914/209/206 2913/215/206
f 2909/248/209 2916/262/209 2901/262/209
f 2912/208/213 2911/238/213 2906/238/213
f 2911/238/211 2910/235/211 2907/235/211
f 2907/286/186 2908/358/186 2901/268/186
f 2901/268/186 2902/361/186 2903/267/186
f 2903/267/186 2904/360/186 2905/266/186
f 2905/266/186 2906/359/186 2907/286/186
f 2907/286/186 2901/268/186 2903/267/186
f 2916/262/208 2915/246/208 2902/246/208
f 2913/215/182 2914/209/182 2915/246/182
f 2915/246/182 2916/262/182 2909/248/182
f 2909/248/182 2910/235/182 2911/238/182
f 2911/238/182 2912/208/182 2913/215/182
f 2913/215/182 2915/246/182 2909/248/182
f 2926/235/210 2925/265/210 2924/265/210
f 2931/246/207 2930/209/207 2919/209/207
f 2929/215/212 2928/208/212 2921/208/212
f 2919/209/206 2930/209/206 2929/215/206
f 2925/248/209 2932/262/209 2917/262/209
f 2928/208/213 2927/238/213 2922/238/213
f 2927/238/211 2926/235/211 2923/235/211
f 2923/286/186 2924/358/186 2917/268/186
f 2917/268/186 2918/361/186 2919/267/186
f 2919/267/186 2920/360/186 2921/266/186
f 2921/266/186 2922/359/186 2923/286/186
f 2923/286/186 2917/268/186 2919/267/186
f 2932/262/208 2931/246/208 2918/246/208
f 2929/215/182 2930/209/182 2931/246/182
f 2931/246/182 2932/262/182 2925/248/182
f 2925/248/182 2926/235/182 2927/238/182
f 2927/238/182 2928/208/182 2929/215/182
f 2929/215/182 2931/246/182 2925/248/182
f 2940/288/254 2941/228/254 2953/289/254
f 2941/291/255 2939/308/255 2952/292/255
f 2955/293/256 2956/295/256 2944/229/256
f 2956/295/257 2954/317/257 2943/296/257
f 2946/298/258 2947/300/258 2935/217/258
f 2947/300/259 2945/311/259 2934/301/259
f 2937/302/260 2938/264/260 2950/303/260
f 2938/208/261 2936/362/261 2949/305/261
f 2962/306/274 2964/229/274 2960/264/274
f 2964/231/263 2961/231/263 2958/232/263
f 2972/288/254 2973/228/254 2985/289/254
f 2973/291/255 2971/308/255 2984/292/255
f 2987/293/335 2988/295/335 2976/229/335
f 2988/295/257 2986/317/257 2975/296/257
f 2978/298/336 2979/300/336 2967/217/336
f 2979/300/259 2977/311/259 2966/301/259
f 2969/302/260 2970/264/260 2982/303/260
f 2970/208/261 2968/362/261 2981/305/261
f 2996/308/266 2997/291/266 3009/289/266
f 2997/228/267 2995/288/267 3008/290/267
f 3011/309/268 3012/295/268 3000/310/268
f 3012/295/276 3010/293/276 2999/294/276
f 3002/311/270 3003/312/270 2991/209/270
f 3003/312/277 3001/298/277 2990/299/277
f 2993/313/272 2994/208/272 3006/314/272
f 2994/264/273 2992/302/273 3005/304/273
f 3018/231/263 3020/231/263 3016/232/263
f 3020/229/262 3017/340/262 3014/316/262
f 3028/308/266 3029/291/266 3041/289/266
f 3029/228/267 3027/288/267 3040/290/267
f 3043/317/268 3044/295/268 3032/310/268
f 3044/295/276 3042/293/276 3031/294/276
f 3034/311/270 3035/312/270 3023/209/270
f 3035/312/277 3033/298/277 3022/299/277
f 3025/313/272 3026/208/272 3038/314/272
f 3026/264/273 3024/302/273 3037/304/273
f 3052/318/279 3053/363/279 3065/319/279
f 3053/228/280 3051/344/280 3064/321/280
f 3067/322/281 3068/325/281 3056/323/281
f 3068/325/282 3066/347/282 3055/326/282
f 3058/327/283 3059/329/283 3047/209/283
f 3059/329/284 3057/298/284 3046/330/284
f 3049/331/285 3050/208/285 3062/332/285
f 3050/264/286 3048/364/286 3061/334/286
f 3076/318/279 3077/363/279 3089/319/279
f 3077/228/280 3075/344/280 3088/321/280
f 3091/322/281 3092/325/281 3080/323/281
f 3092/325/282 3090/347/282 3079/326/282
f 3082/327/283 3083/329/283 3071/209/283
f 3083/329/284 3081/298/284 3070/330/284
f 3073/331/285 3074/208/285 3086/332/285
f 3074/264/286 3072/364/286 3085/334/286
f 2951/290/287 2946/298/287 2933/299/287
f 2940/337/186 2933/365/186 2935/349/186
f 2935/349/186 2934/366/186 2936/336/186
f 2936/336/186 2938/367/186 2937/348/186
f 2937/348/186 2942/368/186 2944/297/186
f 2944/297/186 2943/296/186 2939/308/186
f 2939/308/186 2941/291/186 2940/337/186
f 2940/337/186 2935/349/186 2936/336/186
f 2936/336/186 2937/348/186 2944/297/186
f 2944/297/186 2939/308/186 2940/337/186
f 2949/305/288 2936/362/288 2934/301/288
f 2942/294/289 2937/302/289 2948/304/289
f 2943/296/290 2954/317/290 2952/292/290
f 2946/298/182 2951/290/182 2953/289/182
f 2953/289/182 2952/292/182 2954/317/182
f 2954/317/182 2956/295/182 2955/293/182
f 2955/293/182 2948/304/182 2950/303/182
f 2950/303/182 2949/305/182 2945/311/182
f 2945/311/182 2947/300/182 2946/298/182
f 2946/298/182 2953/289/182 2954/317/182
f 2954/317/182 2955/293/182 2950/303/182
f 2950/303/182 2945/311/182 2946/298/182
f 2222/209/184 2215/209/184 2959/209/184
f 2959/209/184 2958/209/184 2224/209/184
f 2215/209/184 2217/202/184 2218/211/184
f 2218/211/184 2957/341/184 2959/338/184
f 2961/231/193 2223/231/193 2224/232/193
f 2962/306/291 2957/307/291 2218/211/291
f 2223/231/205 2961/231/205 2963/231/205
f 2963/231/205 2216/231/205 2221/231/205
f 2219/227/205 2216/231/205 2963/339/205
f 2963/339/205 2962/342/205 2220/226/205
f 2983/290/287 2978/298/287 2965/299/287
f 2972/337/186 2965/365/186 2967/349/186
f 2967/349/186 2966/366/186 2968/336/186
f 2968/336/186 2970/367/186 2969/348/186
f 2969/348/186 2974/368/186 2976/297/186
f 2976/297/186 2975/296/186 2971/308/186
f 2971/308/186 2973/291/186 2972/337/186
f 2972/337/186 2967/349/186 2968/336/186
f 2968/336/186 2969/348/186 2976/297/186
f 2976/297/186 2971/308/186 2972/337/186
f 2981/305/288 2968/362/288 2966/301/288
f 2974/294/289 2969/302/289 2980/304/289
f 2975/296/290 2986/317/290 2984/292/290
f 2978/298/182 2983/290/182 2985/289/182
f 2985/289/182 2984/292/182 2986/317/182
f 2986/317/182 2988/295/182 2987/293/182
f 2987/293/182 2980/304/182 2982/303/182
f 2982/303/182 2981/305/182 2977/311/182
f 2977/311/182 2979/300/182 2978/298/182
f 2978/298/182 2985/289/182 2986/317/182
f 2986/317/182 2987/293/182 2982/303/182
f 2982/303/182 2977/311/182 2978/298/182
f 2990/299/292 3001/298/292 3008/290/292
f 2993/336/186 2989/366/186 2991/349/186
f 2991/349/186 2990/365/186 2995/337/186
f 2995/337/186 2997/291/186 2996/308/186
f 2996/308/186 2998/296/186 3000/310/186
f 3000/310/186 2999/368/186 2992/348/186
f 2992/348/186 2994/369/186 2993/336/186
f 2993/336/186 2991/349/186 2995/337/186
f 2995/337/186 2996/308/186 3000/310/186
f 3000/310/186 2992/348/186 2993/336/186
f 2989/301/293 2993/313/293 3004/315/293
f 3005/304/294 2992/302/294 2999/294/294
f 3007/292/295 3011/309/295 2998/296/295
f 3011/309/182 3007/292/182 3009/289/182
f 3009/289/182 3008/290/182 3001/298/182
f 3001/298/182 3003/312/182 3002/311/182
f 3002/311/182 3004/315/182 3006/314/182
f 3006/314/182 3005/304/182 3010/293/182
f 3010/293/182 3012/295/182 3011/309/182
f 3011/309/182 3009/289/182 3001/298/182
f 3001/298/182 3002/311/182 3006/314/182
f 3006/314/182 3010/293/182 3011/309/182
f 3015/209/205 2536/209/205 2543/209/205
f 2543/209/205 2545/209/205 3013/209/205
f 2539/211/291 3014/316/291 3017/340/291
f 2539/211/205 2538/202/205 2536/209/205
f 2536/209/205 3015/350/205 3014/341/205
f 2545/232/193 2544/231/193 3018/231/193
f 3019/343/184 2537/231/184 2540/227/184
f 2540/227/184 2541/226/184 3017/342/184
f 2537/231/184 3019/231/184 3018/231/184
f 3018/231/184 2544/231/184 2542/231/184
f 3022/299/292 3033/298/292 3040/290/292
f 3025/336/186 3021/366/186 3023/349/186
f 3023/349/186 3022/365/186 3027/337/186
f 3027/337/186 3029/291/186 3028/308/186
f 3028/308/186 3030/296/186 3032/310/186
f 3032/310/186 3031/368/186 3024/348/186
f 3024/348/186 3026/369/186 3025/336/186
f 3025/336/186 3023/349/186 3027/337/186
f 3027/337/186 3028/308/186 3032/310/186
f 3032/310/186 3024/348/186 3025/336/186
f 3021/301/293 3025/313/293 3036/315/293
f 3037/304/294 3024/302/294 3031/294/294
f 3039/292/295 3043/317/295 3030/296/295
f 3043/317/182 3039/292/182 3041/289/182
f 3041/289/182 3040/290/182 3033/298/182
f 3033/298/182 3035/312/182 3034/311/182
f 3034/311/182 3036/315/182 3038/314/182
f 3038/314/182 3037/304/182 3042/293/182
f 3042/293/182 3044/295/182 3043/317/182
f 3043/317/182 3041/289/182 3033/298/182
f 3033/298/182 3034/311/182 3038/314/182
f 3038/314/182 3042/293/182 3043/317/182
f 3046/330/296 3057/298/296 3064/321/296
f 3049/346/186 3045/370/186 3047/352/186
f 3047/352/186 3046/365/186 3051/345/186
f 3051/345/186 3053/363/186 3052/318/186
f 3052/318/186 3054/324/186 3056/323/186
f 3056/323/186 3055/371/186 3048/351/186
f 3048/351/186 3050/372/186 3049/346/186
f 3049/346/186 3047/352/186 3051/345/186
f 3051/345/186 3052/318/186 3056/323/186
f 3056/323/186 3048/351/186 3049/346/186
f 3045/328/300 3049/331/300 3060/333/300
f 3061/334/298 3048/364/298 3055/326/298
f 3063/320/337 3067/322/337 3054/324/337
f 3067/322/182 3063/320/182 3065/319/182
f 3065/319/182 3064/321/182 3057/298/182
f 3057/298/182 3059/329/182 3058/327/182
f 3058/327/182 3060/333/182 3062/332/182
f 3062/332/182 3061/334/182 3066/347/182
f 3066/347/182 3068/325/182 3067/322/182
f 3067/322/182 3065/319/182 3057/298/182
f 3057/298/182 3058/327/182 3062/332/182
f 3062/332/182 3066/347/182 3067/322/182
f 3070/330/296 3081/298/296 3088/321/296
f 3073/346/186 3069/370/186 3071/352/186
f 3071/352/186 3070/365/186 3075/345/186
f 3075/345/186 3077/363/186 3076/318/186
f 3076/318/186 3078/335/186 3080/323/186
f 3080/323/186 3079/371/186 3072/351/186
f 3072/351/186 3074/372/186 3073/346/186
f 3073/346/186 3071/352/186 3075/345/186
f 3075/345/186 3076/318/186 3080/323/186
f 3080/323/186 3072/351/186 3073/346/186
f 3069/328/300 3073/331/300 3084/333/300
f 3085/334/298 3072/364/298 3079/326/298
f 3087/320/299 3091/322/299 3078/335/299
f 3091/322/182 3087/320/182 3089/319/182
f 3089/319/182 3088/321/182 3081/298/182
f 3081/298/182 3083/329/182 3082/327/182
f 3082/327/182 3084/333/182 3086/332/182
f 3086/332/182 3085/334/182 3090/347/182
f 3090/347/182 3092/325/182 3091/322/182
f 3091/322/182 3089/319/182 3081/298/182
f 3081/298/182 3082/327/182 3086/332/182
f 3086/332/182 3090/347/182 3091/322/182
f 3095/202/186 3096/211/186 3126/201/186
f 3380/205/183 3094/264/183 3124/204/183
f 3379/207/184 3093/209/184 3094/208/184
f 3126/201/183 3096/211/183 3381/210/183
f 3230/213/186 3100/211/186 3104/212/186
f 3229/215/184 3098/208/184 3100/211/184
f 3097/217/185 3099/202/185 3103/216/185
f 3108/220/182 3107/219/182 3098/219/182
f 3104/212/183 3102/223/183 3120/204/183
f 3101/218/185 3103/216/185 3121/203/185
f 3231/214/186 3104/212/186 3122/201/186
f 3192/209/184 3233/215/184 3229/215/184
f 3106/211/183 3107/264/183 3108/223/183
f 3105/212/187 3108/223/187 3102/223/187
f 3106/211/186 3105/212/186 3104/212/186
f 3107/208/188 3106/211/188 3100/211/188
f 3115/215/189 3110/208/189 3113/211/189
f 3109/217/185 3112/202/185 3114/227/185
f 3113/211/183 3110/264/183 3116/229/183
f 3109/209/190 3115/215/190 3118/213/190
f 3112/202/186 3118/213/186 3117/230/186
f 3114/227/191 3117/230/191 3116/225/191
f 3109/232/182 3111/231/182 3116/225/182
f 3193/219/301 3195/220/301 3102/220/301
f 3123/233/302 3124/353/302 3094/219/302
f 3160/236/201 3134/235/201 3132/265/201
f 3161/237/200 3136/238/200 3134/235/200
f 3162/239/199 3138/208/199 3136/238/199
f 3163/240/198 3140/215/198 3138/208/198
f 3164/241/197 3142/209/197 3140/215/197
f 3165/242/196 3144/246/196 3142/209/196
f 3132/285/184 3134/354/184 3136/245/184
f 3136/245/184 3138/357/184 3140/244/184
f 3140/244/184 3142/356/184 3144/243/184
f 3144/243/184 3146/355/184 3132/285/184
f 3132/285/184 3136/245/184 3140/244/184
f 3166/247/195 3146/262/195 3144/246/195
f 3166/247/194 3159/249/194 3132/248/194
f 3147/217/303 3149/202/303 3151/227/303
f 3153/228/304 3154/217/304 3147/217/304
f 3155/228/185 3156/217/185 3154/217/185
f 3157/226/338 3158/211/338 3150/211/338
f 3165/242/184 3179/242/184 3181/247/184
f 3141/250/205 3176/250/205 3174/250/205
f 3166/247/184 3181/247/184 3182/249/184
f 3182/234/184 3169/236/184 3160/236/184
f 3180/250/205 3178/250/205 3143/250/205
f 3135/250/205 3170/250/205 3168/250/205
f 3169/236/184 3171/237/184 3161/237/184
f 3161/237/184 3171/237/184 3173/239/184
f 3167/251/194 3182/249/194 3181/247/194
f 3180/228/195 3181/247/195 3179/242/195
f 3178/252/196 3179/242/196 3177/241/196
f 3176/227/197 3177/241/197 3175/240/197
f 3174/230/198 3175/240/198 3173/239/198
f 3172/226/199 3173/239/199 3171/237/199
f 3170/253/200 3171/237/200 3169/236/200
f 3168/229/201 3169/236/201 3182/234/201
f 3172/250/205 3170/250/205 3135/250/205
f 3167/250/205 3180/250/205 3145/250/205
f 3177/241/184 3179/242/184 3165/242/184
f 3133/250/205 3168/250/205 3167/250/205
f 3175/240/184 3177/241/184 3164/241/184
f 3143/250/205 3178/250/205 3176/250/205
f 3162/239/184 3173/239/184 3175/240/184
f 3174/250/205 3172/250/205 3137/250/205
f 3188/250/205 3186/250/205 3129/250/205
f 3184/250/205 3188/250/205 3127/250/205
f 3188/233/182 3184/353/182 3183/255/182
f 3190/257/183 3183/287/183 3184/204/183
f 3188/221/185 3189/259/185 3185/258/185
f 3185/258/186 3190/257/186 3187/201/186
f 3186/250/205 3187/250/205 3130/250/205
f 3187/250/205 3184/250/205 3128/250/205
f 3234/260/182 3195/220/182 3193/219/182
f 3235/261/182 3196/353/182 3195/220/182
f 3229/215/184 3233/215/184 3193/208/184
f 3195/223/301 3196/204/301 3120/204/301
f 3194/221/185 3191/218/185 3101/218/185
f 3191/218/185 3192/217/185 3097/217/185
f 3217/209/186 3220/208/186 3223/208/186
f 3200/251/206 3199/248/206 3214/262/206
f 3219/229/182 3218/226/182 3228/226/182
f 3213/228/207 3214/262/207 3212/246/207
f 3339/226/185 3341/226/185 3217/226/185
f 3211/252/208 3212/246/208 3210/209/208
f 3223/231/183 3227/263/183 3225/219/183
f 3209/227/209 3210/209/209 3208/215/209
f 3228/227/185 3224/226/185 3222/263/185
f 3207/230/210 3208/215/210 3206/208/210
f 3220/231/183 3219/263/183 3227/263/183
f 3205/226/211 3206/208/211 3204/238/211
f 3344/232/183 3342/231/183 3223/231/183
f 3349/211/182 3348/264/182 3225/264/182
f 3201/229/212 3202/235/212 3199/265/212
f 3226/211/182 3225/264/182 3227/229/182
f 3203/253/213 3204/238/213 3202/235/213
f 3201/286/182 3200/358/182 3213/268/182
f 3213/268/182 3211/361/182 3209/267/182
f 3209/267/182 3207/360/182 3205/266/182
f 3205/266/182 3203/359/182 3201/286/182
f 3201/286/182 3213/268/182 3209/267/182
f 3240/250/205 3238/250/205 3194/250/205
f 3192/209/184 3237/209/184 3241/215/184
f 3103/216/186 3231/214/186 3232/222/186
f 3097/209/184 3229/215/184 3230/213/184
f 3099/202/186 3230/213/186 3231/214/186
f 3238/269/182 3240/261/182 3239/260/182
f 3236/270/182 3239/260/182 3241/224/182
f 3241/224/306 3239/260/306 3234/260/306
f 3238/221/185 3236/218/185 3191/218/185
f 3236/218/185 3237/217/185 3192/217/185
f 3239/260/306 3240/261/306 3235/261/306
f 3257/272/184 3254/271/184 3251/271/184
f 3248/227/205 3249/226/205 3245/263/205
f 3242/209/184 3243/208/184 3247/211/184
f 3250/273/185 3242/217/185 3246/202/185
f 3247/211/183 3243/264/183 3251/274/183
f 3253/275/183 3251/274/183 3245/229/183
f 3244/228/185 3250/273/185 3252/276/185
f 3250/272/182 3251/271/182 3243/219/182
f 3256/231/182 3255/263/182 3254/271/182
f 3255/263/205 3256/231/205 3244/231/205
f 3256/228/185 3257/273/185 3250/273/185
f 3254/274/183 3255/229/183 3245/229/183
f 3259/251/206 3258/248/206 3273/262/206
f 3272/228/207 3273/262/207 3271/246/207
f 3270/252/208 3271/246/208 3269/209/208
f 3268/227/209 3269/209/209 3267/215/209
f 3266/230/210 3267/215/210 3265/208/210
f 3264/226/211 3265/208/211 3263/238/211
f 3260/229/212 3261/235/212 3258/265/212
f 3262/253/213 3263/238/213 3261/235/213
f 3260/286/182 3259/358/182 3272/268/182
f 3272/268/182 3270/361/182 3268/267/182
f 3268/267/182 3266/360/182 3264/266/182
f 3264/266/182 3262/359/182 3260/286/182
f 3260/286/182 3272/268/182 3268/267/182
f 3287/286/182 3288/358/182 3275/268/182
f 3275/268/182 3277/361/182 3279/267/182
f 3279/267/182 3281/360/182 3283/266/182
f 3283/266/182 3285/359/182 3287/286/182
f 3287/286/182 3275/268/182 3279/267/182
f 3285/253/213 3284/238/213 3286/235/213
f 3287/229/212 3286/235/212 3289/265/212
f 3283/226/211 3282/208/211 3284/238/211
f 3281/230/210 3280/215/210 3282/208/210
f 3279/227/209 3278/209/209 3280/215/209
f 3277/252/208 3276/246/208 3278/209/208
f 3275/228/207 3274/262/207 3276/246/207
f 3288/251/206 3289/248/206 3274/262/206
f 3303/286/182 3304/358/182 3291/268/182
f 3291/268/182 3293/361/182 3295/267/182
f 3295/267/182 3297/360/182 3299/266/182
f 3299/266/182 3301/359/182 3303/286/182
f 3303/286/182 3291/268/182 3295/267/182
f 3301/253/213 3300/238/213 3302/235/213
f 3303/229/212 3302/235/212 3305/265/212
f 3299/226/211 3298/208/211 3300/238/211
f 3297/230/210 3296/215/210 3298/208/210
f 3295/227/209 3294/209/209 3296/215/209
f 3293/252/208 3292/246/208 3294/209/208
f 3291/228/207 3290/262/207 3292/246/207
f 3304/251/206 3305/248/206 3290/262/206
f 3307/251/206 3306/248/206 3321/262/206
f 3320/228/207 3321/262/207 3319/246/207
f 3318/252/208 3319/246/208 3317/209/208
f 3316/227/209 3317/209/209 3315/215/209
f 3314/230/210 3315/215/210 3313/208/210
f 3312/226/211 3313/208/211 3311/238/211
f 3308/229/212 3309/235/212 3306/265/212
f 3310/253/213 3311/238/213 3309/235/213
f 3308/286/182 3307/358/182 3320/268/182
f 3320/268/182 3318/361/182 3316/267/182
f 3316/267/182 3314/360/182 3312/266/182
f 3312/266/182 3310/359/182 3308/286/182
f 3308/286/182 3320/268/182 3316/267/182
f 3335/286/182 3336/358/182 3323/268/182
f 3323/268/182 3325/361/182 3327/267/182
f 3327/267/182 3329/360/182 3331/266/182
f 3331/266/182 3333/359/182 3335/286/182
f 3335/286/182 3323/268/182 3327/267/182
f 3333/253/213 3332/238/213 3334/235/213
f 3335/229/212 3334/235/212 3337/265/212
f 3331/226/211 3330/208/211 3332/238/211
f 3329/230/210 3328/215/210 3330/208/210
f 3327/227/209 3326/209/209 3328/215/209
f 3325/252/208 3324/246/208 3326/209/208
f 3323/228/207 3322/262/207 3324/246/207
f 3336/251/206 3337/248/206 3322/262/206
f 3218/227/185 3217/226/185 3224/226/185
f 3216/202/184 3215/211/184 3198/226/184
f 3215/229/182 3216/226/182 3218/226/182
f 3198/231/183 3215/263/183 3219/263/183
f 3216/227/185 3197/226/185 3217/226/185
f 3339/209/186 3338/208/186 3340/208/186
f 3343/209/186 3342/208/186 3344/211/186
f 3342/208/184 3343/209/184 3224/209/184
f 3341/209/205 3340/208/205 3220/208/205
f 3343/226/185 3345/263/185 3222/263/185
f 3338/226/184 3339/227/184 3197/227/184
f 3340/231/183 3338/231/183 3198/231/183
f 3345/217/205 3344/202/205 3221/202/205
f 3347/217/205 3346/202/205 3348/227/205
f 3348/219/183 3346/232/183 3221/232/183
f 3347/263/185 3349/231/185 3226/231/185
f 3346/202/186 3347/217/186 3222/217/186
f 3352/231/307 3353/263/307 3351/219/307
f 3358/209/184 3359/208/184 3363/211/184
f 3360/231/307 3361/263/307 3359/219/307
f 3350/209/184 3351/208/184 3355/211/184
f 3350/217/185 3354/202/185 3356/227/185
f 3357/226/183 3355/211/183 3351/264/183
f 3358/217/185 3362/202/185 3364/227/185
f 3365/226/183 3363/211/183 3359/264/183
f 3366/209/184 3367/208/184 3371/211/184
f 3368/231/307 3369/263/307 3367/219/307
f 3366/217/185 3370/202/185 3372/227/185
f 3373/226/183 3371/211/183 3367/264/183
f 3377/277/339 3374/210/339 3375/205/339
f 3378/278/185 3095/202/185 3125/203/185
f 3123/221/185 3093/217/185 3379/280/185
f 3378/281/340 3388/281/340 3374/282/340
f 3377/250/184 3376/250/184 3382/250/184
f 3386/250/184 3387/250/184 3384/250/184
f 3095/202/184 3378/281/184 3381/282/184
f 3386/283/341 3389/280/341 3388/278/341
f 3375/284/342 3374/282/342 3388/281/342
f 3389/280/186 3386/283/186 3385/283/186
f 3384/279/182 3387/279/182 3388/278/182
f 3374/210/182 3377/277/182 3383/277/182
f 3382/206/186 3376/206/186 3375/205/186
f 3380/284/343 3375/284/343 3389/207/343
f 3415/235/212 3414/265/212 3405/265/212
f 3420/246/208 3419/209/208 3395/209/208
f 3418/215/210 3417/208/210 3399/208/210
f 3395/209/209 3419/209/209 3418/215/209
f 3414/248/206 3421/262/206 3390/262/206
f 3417/208/211 3416/238/211 3400/238/211
f 3416/238/213 3415/235/213 3402/235/213
f 3402/286/182 3405/358/182 3390/268/182
f 3390/268/182 3393/361/182 3395/267/182
f 3395/267/182 3397/360/182 3399/266/182
f 3399/266/182 3400/359/182 3402/286/182
f 3402/286/182 3390/268/182 3395/267/182
f 3392/286/182 3391/358/182 3404/268/182
f 3404/268/182 3403/361/182 3401/267/182
f 3401/267/182 3398/360/182 3396/266/182
f 3396/266/182 3394/359/182 3392/286/182
f 3392/286/182 3404/268/182 3401/267/182
f 3394/238/213 3408/238/213 3407/235/213
f 3409/208/211 3408/238/211 3394/238/211
f 3406/248/206 3413/262/206 3404/262/206
f 3401/209/209 3411/209/209 3410/215/209
f 3410/215/210 3409/208/210 3396/208/210
f 3412/246/208 3411/209/208 3401/209/208
f 3407/235/212 3406/265/212 3391/265/212
f 3413/262/207 3412/246/207 3403/246/207
f 3410/215/186 3411/209/186 3412/246/186
f 3412/246/186 3413/262/186 3406/248/186
f 3406/248/186 3407/235/186 3408/238/186
f 3408/238/186 3409/208/186 3410/215/186
f 3410/215/186 3412/246/186 3406/248/186
f 3421/262/207 3420/246/207 3393/246/207
f 3418/215/186 3419/209/186 3420/246/186
f 3420/246/186 3421/262/186 3414/248/186
f 3414/248/186 3415/235/186 3416/238/186
f 3416/238/186 3417/208/186 3418/215/186
f 3418/215/186 3420/246/186 3414/248/186
f 3423/219/182 3427/219/182 3426/232/182
f 3424/202/186 3425/211/186 3431/257/186
f 3422/217/185 3424/202/185 3433/258/185
f 3431/257/183 3425/211/183 3423/264/183
f 3426/209/184 3427/208/184 3428/211/184
f 3426/217/222 3429/202/222 3424/202/222
f 3428/211/223 3427/264/223 3423/264/223
f 3429/202/186 3428/211/186 3425/211/186
f 3430/256/182 3432/255/182 3423/219/182
f 3190/257/184 3185/258/184 3189/259/184
f 3126/201/186 3437/211/186 3436/202/186
f 3124/204/183 3435/264/183 3681/205/183
f 3680/207/205 3681/284/205 3435/208/205
f 3126/201/183 3383/277/183 3682/210/183
f 3445/212/186 3441/211/186 3537/213/186
f 3441/211/205 3439/208/205 3536/215/205
f 3444/216/185 3440/202/185 3438/217/185
f 3439/219/182 3448/219/182 3449/220/182
f 3120/204/183 3443/223/183 3445/212/183
f 3121/203/185 3444/216/185 3442/218/185
f 3122/201/186 3445/212/186 3538/214/186
f 3536/215/205 3539/215/205 3501/209/205
f 3449/223/183 3448/264/183 3447/211/183
f 3443/223/188 3449/223/188 3446/212/188
f 3445/212/186 3446/212/186 3447/211/186
f 3441/211/187 3447/211/187 3448/208/187
f 3454/211/224 3451/208/224 3456/215/224
f 3455/227/185 3453/202/185 3450/217/185
f 3457/229/183 3451/264/183 3454/211/183
f 3459/213/225 3456/215/225 3450/209/225
f 3458/230/186 3459/213/186 3453/202/186
f 3457/225/226 3458/230/226 3455/227/226
f 3450/232/182 3456/224/182 3457/225/182
f 3443/220/301 3503/220/301 3502/219/301
f 3435/219/302 3124/353/302 3123/233/302
f 3480/234/201 3460/265/201 3461/235/201
f 3461/235/200 3462/238/200 3482/237/200
f 3462/238/199 3463/208/199 3483/239/199
f 3463/208/198 3464/215/198 3484/240/198
f 3464/215/197 3465/209/197 3485/241/197
f 3465/209/196 3466/246/196 3486/242/196
f 3462/245/205 3461/354/205 3460/285/205
f 3460/285/205 3467/355/205 3466/243/205
f 3466/243/205 3465/356/205 3464/244/205
f 3464/244/205 3463/357/205 3462/245/205
f 3462/245/205 3460/285/205 3466/243/205
f 3466/246/195 3467/262/195 3487/247/195
f 3487/247/194 3467/262/194 3460/248/194
f 3472/227/303 3470/202/303 3468/217/303
f 3468/217/304 3475/217/304 3474/228/304
f 3475/217/185 3477/217/185 3476/228/185
f 3471/211/338 3479/211/338 3478/226/338
f 3486/242/205 3487/247/205 3494/247/205
f 3487/247/205 3480/249/205 3495/249/205
f 3481/236/205 3488/236/205 3495/234/205
f 3482/237/205 3489/237/205 3488/236/205
f 3482/237/205 3483/239/205 3490/239/205
f 3494/247/194 3495/249/194 3167/251/194
f 3493/242/195 3494/247/195 3180/228/195
f 3492/241/196 3493/242/196 3178/252/196
f 3491/240/197 3492/241/197 3176/227/197
f 3490/239/198 3491/240/198 3174/230/198
f 3489/237/199 3490/239/199 3172/226/199
f 3488/236/200 3489/237/200 3170/253/200
f 3495/234/201 3488/236/201 3168/229/201
f 3486/242/205 3493/242/205 3492/241/205
f 3485/241/205 3492/241/205 3491/240/205
f 3483/239/205 3484/240/205 3491/240/205
f 3496/255/182 3184/353/182 3188/233/182
f 3184/204/183 3496/287/183 3499/257/183
f 3188/221/185 3186/203/185 3497/258/185
f 3187/201/186 3499/257/186 3497/258/186
f 3502/219/182 3503/220/182 3540/260/182
f 3503/220/182 3196/353/182 3235/261/182
f 3536/215/205 3439/208/205 3502/208/205
f 3120/204/301 3196/204/301 3503/223/301
f 3442/218/185 3500/218/185 3194/221/185
f 3438/217/185 3501/217/185 3500/218/185
f 3530/208/186 3527/208/186 3524/209/186
f 3521/262/209 3506/248/209 3507/251/209
f 3535/226/182 3525/226/182 3526/229/182
f 3519/246/208 3521/262/208 3520/228/208
f 3524/226/185 3644/226/185 3642/226/185
f 3517/209/207 3519/246/207 3518/252/207
f 3532/219/183 3534/263/183 3530/231/183
f 3515/215/206 3517/209/206 3516/227/206
f 3529/263/185 3531/226/185 3535/227/185
f 3513/208/212 3515/215/212 3514/230/212
f 3534/263/183 3526/263/183 3527/231/183
f 3511/238/213 3513/208/213 3512/226/213
f 3530/231/183 3645/231/183 3647/232/183
f 3532/264/182 3651/264/182 3652/211/182
f 3506/265/210 3509/235/210 3508/229/210
f 3534/229/182 3532/264/182 3533/211/182
f 3509/235/211 3511/238/211 3510/253/211
f 3520/268/182 3507/358/182 3508/286/182
f 3508/286/182 3510/359/182 3512/266/182
f 3512/266/182 3514/360/182 3516/267/182
f 3516/267/182 3518/361/182 3520/268/182
f 3520/268/182 3508/286/182 3512/266/182
f 3501/209/205 3539/215/205 3544/215/205
f 3232/222/186 3538/214/186 3444/216/186
f 3537/213/205 3536/215/205 3438/209/205
f 3538/214/186 3537/213/186 3440/202/186
f 3543/260/182 3240/261/182 3238/269/182
f 3544/224/182 3543/260/182 3541/270/182
f 3540/260/306 3543/260/306 3544/224/306
f 3500/218/185 3541/218/185 3238/221/185
f 3501/217/185 3542/217/185 3541/218/185
f 3235/261/306 3240/261/306 3543/260/306
f 3554/271/205 3557/271/205 3560/272/205
f 3548/263/184 3552/226/184 3551/227/184
f 3550/211/205 3546/208/205 3545/209/205
f 3553/273/185 3555/276/185 3549/202/185
f 3554/274/183 3546/264/183 3550/211/183
f 3548/229/183 3554/274/183 3556/275/183
f 3547/228/185 3551/227/185 3555/276/185
f 3546/219/182 3554/271/182 3553/272/182
f 3557/271/182 3558/263/182 3559/231/182
f 3547/231/184 3559/231/184 3558/263/184
f 3553/273/185 3560/273/185 3559/228/185
f 3548/229/183 3558/229/183 3557/274/183
f 3576/262/209 3561/248/209 3562/251/209
f 3574/246/208 3576/262/208 3575/228/208
f 3572/209/207 3574/246/207 3573/252/207
f 3570/215/206 3572/209/206 3571/227/206
f 3568/208/212 3570/215/212 3569/230/212
f 3566/238/213 3568/208/213 3567/226/213
f 3561/265/210 3564/235/210 3563/229/210
f 3564/235/211 3566/238/211 3565/253/211
f 3575/268/182 3562/358/182 3563/286/182
f 3563/286/182 3565/359/182 3567/266/182
f 3567/266/182 3569/360/182 3571/267/182
f 3571/267/182 3573/361/182 3575/268/182
f 3575/268/182 3563/286/182 3567/266/182
f 3578/268/182 3591/358/182 3590/286/182
f 3590/286/182 3588/359/182 3586/266/182
f 3586/266/182 3584/360/182 3582/267/182
f 3582/267/182 3580/361/182 3578/268/182
f 3578/268/182 3590/286/182 3586/266/182
f 3589/235/211 3587/238/211 3588/253/211
f 3592/265/210 3589/235/210 3590/229/210
f 3587/238/213 3585/208/213 3586/226/213
f 3585/208/212 3583/215/212 3584/230/212
f 3583/215/206 3581/209/206 3582/227/206
f 3581/209/207 3579/246/207 3580/252/207
f 3579/246/208 3577/262/208 3578/228/208
f 3577/262/209 3592/248/209 3591/251/209
f 3594/268/182 3607/358/182 3606/286/182
f 3606/286/182 3604/359/182 3602/266/182
f 3602/266/182 3600/360/182 3598/267/182
f 3598/267/182 3596/361/182 3594/268/182
f 3594/268/182 3606/286/182 3602/266/182
f 3605/235/211 3603/238/211 3604/253/211
f 3608/265/210 3605/235/210 3606/229/210
f 3603/238/213 3601/208/213 3602/226/213
f 3601/208/212 3599/215/212 3600/230/212
f 3599/215/206 3597/209/206 3598/227/206
f 3597/209/207 3595/246/207 3596/252/207
f 3595/246/208 3593/262/208 3594/228/208
f 3593/262/209 3608/248/209 3607/251/209
f 3624/262/209 3609/248/209 3610/251/209
f 3622/246/208 3624/262/208 3623/228/208
f 3620/209/207 3622/246/207 3621/252/207
f 3618/215/206 3620/209/206 3619/227/206
f 3616/208/212 3618/215/212 3617/230/212
f 3614/238/213 3616/208/213 3615/226/213
f 3609/265/210 3612/235/210 3611/229/210
f 3612/235/211 3614/238/211 3613/253/211
f 3623/268/182 3610/358/182 3611/286/182
f 3611/286/182 3613/359/182 3615/266/182
f 3615/266/182 3617/360/182 3619/267/182
f 3619/267/182 3621/361/182 3623/268/182
f 3623/268/182 3611/286/182 3615/266/182
f 3626/268/182 3639/358/182 3638/286/182
f 3638/286/182 3636/359/182 3634/266/182
f 3634/266/182 3632/360/182 3630/267/182
f 3630/267/182 3628/361/182 3626/268/182
f 3626/268/182 3638/286/182 3634/266/182
f 3637/235/211 3635/238/211 3636/253/211
f 3640/265/210 3637/235/210 3638/229/210
f 3635/238/213 3633/208/213 3634/226/213
f 3633/208/212 3631/215/212 3632/230/212
f 3631/215/206 3629/209/206 3630/227/206
f 3629/209/207 3627/246/207 3628/252/207
f 3627/246/208 3625/262/208 3626/228/208
f 3625/262/209 3640/248/209 3639/251/209
f 3531/226/185 3524/226/185 3525/227/185
f 3505/226/205 3522/211/205 3523/202/205
f 3525/226/182 3523/226/182 3522/229/182
f 3526/263/183 3522/263/183 3505/231/183
f 3524/226/185 3504/226/185 3523/227/185
f 3643/208/186 3641/208/186 3642/209/186
f 3647/211/186 3645/208/186 3646/209/186
f 3531/209/205 3646/209/205 3645/208/205
f 3527/208/184 3643/208/184 3644/209/184
f 3529/263/185 3648/263/185 3646/226/185
f 3504/227/205 3642/227/205 3641/226/205
f 3505/231/183 3641/231/183 3643/231/183
f 3528/202/184 3647/202/184 3648/217/184
f 3651/227/184 3649/202/184 3650/217/184
f 3528/232/183 3649/232/183 3651/219/183
f 3533/231/185 3652/231/185 3650/263/185
f 3529/217/186 3650/217/186 3649/202/186
f 3654/219/312 3656/263/312 3655/231/312
f 3666/211/205 3662/208/205 3661/209/205
f 3662/219/312 3664/263/312 3663/231/312
f 3658/211/205 3654/208/205 3653/209/205
f 3659/227/185 3657/202/185 3653/217/185
f 3660/226/183 3656/229/183 3654/264/183
f 3667/227/185 3665/202/185 3661/217/185
f 3668/226/183 3664/229/183 3662/264/183
f 3674/211/205 3670/208/205 3669/209/205
f 3670/219/312 3672/263/312 3671/231/312
f 3675/227/185 3673/202/185 3669/217/185
f 3676/226/183 3672/229/183 3670/264/183
f 3678/205/344 3677/210/344 3377/277/344
f 3125/203/185 3436/202/185 3679/278/185
f 3123/221/185 3385/283/185 3680/280/185
f 3679/281/345 3682/282/345 3677/282/345
f 3436/202/205 3437/211/205 3682/282/205
f 3683/278/346 3684/280/346 3386/283/346
f 3678/284/347 3684/207/347 3683/281/347
f 3385/283/186 3386/283/186 3684/280/186
f 3384/279/182 3679/278/182 3683/278/182
f 3383/277/182 3377/277/182 3677/210/182
f 3382/206/186 3681/205/186 3678/205/186
f 3681/284/348 3680/207/348 3684/207/348
f 3700/265/210 3709/265/210 3710/235/210
f 3690/209/207 3714/209/207 3715/246/207
f 3694/208/212 3712/208/212 3713/215/212
f 3690/209/206 3692/215/206 3713/215/206
f 3685/262/209 3716/262/209 3709/248/209
f 3695/238/213 3711/238/213 3712/208/213
f 3697/235/211 3710/235/211 3711/238/211
f 3685/268/182 3700/358/182 3697/286/182
f 3697/286/182 3695/359/182 3694/266/182
f 3694/266/182 3692/360/182 3690/267/182
f 3690/267/182 3688/361/182 3685/268/182
f 3685/268/182 3697/286/182 3694/266/182
f 3699/268/182 3686/358/182 3687/286/182
f 3687/286/182 3689/359/182 3691/266/182
f 3691/266/182 3693/360/182 3696/267/182
f 3696/267/182 3698/361/182 3699/268/182
f 3699/268/182 3687/286/182 3691/266/182
f 3689/238/211 3687/235/211 3702/235/211
f 3689/238/213 3703/238/213 3704/208/213
f 3699/262/209 3708/262/209 3701/248/209
f 3696/209/206 3693/215/206 3705/215/206
f 3691/208/212 3704/208/212 3705/215/212
f 3696/209/207 3706/209/207 3707/246/207
f 3686/265/210 3701/265/210 3702/235/210
f 3698/246/208 3707/246/208 3708/262/208
f 3707/246/186 3706/209/186 3705/215/186
f 3705/215/186 3704/208/186 3703/238/186
f 3703/238/186 3702/235/186 3701/248/186
f 3701/248/186 3708/262/186 3707/246/186
f 3707/246/186 3705/215/186 3703/238/186
f 3688/246/208 3715/246/208 3716/262/208
f 3715/246/186 3714/209/186 3713/215/186
f 3713/215/186 3712/208/186 3711/238/186
f 3711/238/186 3710/235/186 3709/248/186
f 3709/248/186 3716/262/186 3715/246/186
f 3715/246/186 3713/215/186 3711/238/186
f 3718/219/182 3717/232/182 3721/232/182
f 3726/257/186 3720/211/186 3719/202/186
f 3728/258/185 3719/202/185 3717/217/185
f 3726/257/183 3727/287/183 3718/264/183
f 3723/211/205 3722/208/205 3721/209/205
f 3719/202/234 3724/202/234 3721/217/234
f 3718/264/235 3722/264/235 3723/211/235
f 3720/211/186 3723/211/186 3724/202/186
f 3718/219/182 3727/255/182 3725/256/182
f 3498/259/205 3497/258/205 3499/257/205
f 3750/250/236 3749/250/236 3766/250/236
f 3752/250/237 3751/250/237 3762/250/237
f 3749/250/238 3748/250/238 3760/250/238
f 3751/250/239 3750/250/239 3767/250/239
f 3776/250/240 3760/250/240 3748/250/240
f 3783/250/186 3755/250/186 3796/250/186
f 3747/250/182 3788/250/182 3791/250/182
f 3745/250/241 3804/250/241 3803/250/241
f 3757/250/242 3808/250/242 3807/250/242
f 3763/250/243 3777/250/243 3770/250/243
f 3749/250/186 3772/250/186 3773/250/186
f 3737/250/182 3779/250/182 3744/250/182
f 3750/250/186 3771/250/186 3772/250/186
f 3737/250/182 3738/250/182 3778/250/182
f 3750/250/186 3751/250/186 3769/250/186
f 3735/250/182 3746/250/182 3775/250/182
f 3764/250/243 3774/250/243 3777/250/243
f 3782/250/240 3759/250/240 3760/250/240
f 3734/250/243 3775/250/243 3774/250/243
f 3751/250/186 3752/250/186 3770/250/186
f 3736/250/182 3744/250/182 3746/250/182
f 3778/250/240 3738/250/240 3759/250/240
f 3783/250/186 3789/250/186 3798/250/186
f 3741/250/244 3785/250/244 3786/250/244
f 3730/250/186 3792/250/186 3802/250/186
f 3782/250/245 3776/250/245 3739/250/245
f 3781/250/182 3795/250/182 3804/250/182
f 3774/250/246 3784/250/246 3786/250/246
f 3756/250/182 3793/250/182 3806/250/182
f 3741/250/247 3787/250/247 3739/250/247
f 3761/250/239 3768/250/239 3736/250/239
f 3762/250/239 3767/250/239 3768/250/239
f 3765/250/238 3759/250/238 3738/250/238
f 3766/250/238 3760/250/238 3759/250/238
f 3764/250/237 3761/250/237 3735/250/237
f 3764/250/237 3763/250/237 3762/250/237
f 3736/250/236 3768/250/236 3765/250/236
f 3768/250/236 3767/250/236 3766/250/236
f 3731/250/246 3732/250/246 3769/250/246
f 3729/250/244 3771/250/244 3769/250/244
f 3730/250/247 3772/250/247 3771/250/247
f 3733/250/245 3773/250/245 3772/250/245
f 3754/250/246 3774/250/246 3775/250/246
f 3758/250/245 3776/250/245 3773/250/245
f 3731/250/246 3770/250/246 3777/250/246
f 3742/250/245 3743/250/245 3779/250/245
f 3780/250/247 3744/250/247 3779/250/247
f 3781/250/244 3746/250/244 3744/250/244
f 3745/250/246 3775/250/246 3746/250/246
f 3742/250/245 3778/250/245 3782/250/245
f 3783/250/244 3741/250/244 3784/250/244
f 3756/250/244 3786/250/244 3785/250/244
f 3757/250/245 3782/250/245 3787/250/245
f 3758/250/245 3788/250/245 3739/250/245
f 3754/250/246 3755/250/246 3784/250/246
f 3753/250/248 3777/250/248 3786/250/248
f 3783/250/247 3740/250/247 3787/250/247
f 3747/250/247 3785/250/247 3739/250/247
f 3791/250/247 3792/250/247 3799/250/247
f 3793/250/249 3794/250/249 3801/250/249
f 3805/250/250 3802/250/250 3792/250/250
f 3800/250/333 3799/250/333 3794/250/333
f 3790/250/334 3789/250/334 3796/250/334
f 3807/250/250 3808/250/250 3798/250/250
f 3795/250/249 3796/250/249 3803/250/249
f 3790/250/247 3797/250/247 3798/250/247
f 3733/250/242 3802/250/242 3805/250/242
f 3747/250/182 3800/250/182 3793/250/182
f 3753/250/241 3806/250/241 3801/250/241
f 3740/250/186 3798/250/186 3808/250/186
f 3743/250/182 3742/250/182 3807/250/182
f 3732/250/186 3731/250/186 3801/250/186
f 3788/250/182 3758/250/182 3805/250/182
f 3780/250/182 3743/250/182 3797/250/182
f 3729/250/186 3732/250/186 3794/250/186
f 3755/250/186 3754/250/186 3803/250/186
f 3780/250/182 3790/250/182 3795/250/182
f 3729/250/186 3799/250/186 3792/250/186
f 3816/265/210 3817/265/210 3818/235/210
f 3811/209/207 3822/209/207 3823/246/207
f 3813/208/212 3820/208/212 3821/215/212
f 3811/209/206 3812/215/206 3821/215/206
f 3809/262/209 3824/262/209 3817/248/209
f 3814/238/213 3819/238/213 3820/208/213
f 3815/235/211 3818/235/211 3819/238/211
f 3809/268/182 3816/358/182 3815/286/182
f 3815/286/182 3814/359/182 3813/266/182
f 3813/266/182 3812/360/182 3811/267/182
f 3811/267/182 3810/361/182 3809/268/182
f 3809/268/182 3815/286/182 3813/266/182
f 3810/246/208 3823/246/208 3824/262/208
f 3823/246/186 3822/209/186 3821/215/186
f 3821/215/186 3820/208/186 3819/238/186
f 3819/238/186 3818/235/186 3817/248/186
f 3817/248/186 3824/262/186 3823/246/186
f 3823/246/186 3821/215/186 3819/238/186
f 3825/232/182 3826/219/182 3828/263/182
f 3828/263/251 3832/226/251 3831/227/251
f 3832/226/186 3830/211/186 3829/202/186
f 3830/211/252 3826/208/252 3825/209/252
f 3831/227/253 3829/202/253 3825/217/253
f 3840/265/210 3841/265/210 3842/235/210
f 3835/209/207 3846/209/207 3847/246/207
f 3837/208/212 3844/208/212 3845/215/212
f 3835/209/206 3836/215/206 3845/215/206
f 3833/262/209 3848/262/209 3841/248/209
f 3838/238/213 3843/238/213 3844/208/213
f 3839/235/211 3842/235/211 3843/238/211
f 3833/268/182 3840/358/182 3839/286/182
f 3839/286/182 3838/359/182 3837/266/182
f 3837/266/182 3836/360/182 3835/267/182
f 3835/267/182 3834/361/182 3833/268/182
f 3833/268/182 3839/286/182 3837/266/182
f 3834/246/208 3847/246/208 3848/262/208
f 3847/246/186 3846/209/186 3845/215/186
f 3845/215/186 3844/208/186 3843/238/186
f 3843/238/186 3842/235/186 3841/248/186
f 3841/248/186 3848/262/186 3847/246/186
f 3847/246/186 3845/215/186 3843/238/186
f 3856/265/210 3857/265/210 3858/235/210
f 3851/209/207 3862/209/207 3863/246/207
f 3853/208/212 3860/208/212 3861/215/212
f 3851/209/206 3852/215/206 3861/215/206
f 3849/262/209 3864/262/209 3857/248/209
f 3854/238/213 3859/238/213 3860/208/213
f 3855/235/211 3858/235/211 3859/238/211
f 3849/268/182 3856/358/182 3855/286/182
f 3855/286/182 3854/359/182 3853/266/182
f 3853/266/182 3852/360/182 3851/267/182
f 3851/267/182 3850/361/182 3849/268/182
f 3849/268/182 3855/286/182 3853/266/182
f 3850/246/208 3863/246/208 3864/262/208
f 3863/246/186 3862/209/186 3861/215/186
f 3861/215/186 3860/208/186 3859/238/186
f 3859/238/186 3858/235/186 3857/248/186
f 3857/248/186 3864/262/186 3863/246/186
f 3863/246/186 3861/215/186 3859/238/186
f 3885/289/254 3873/228/254 3872/288/254
f 3884/292/255 3871/308/255 3873/291/255
f 3876/229/256 3888/295/256 3887/293/256
f 3875/296/257 3886/317/257 3888/295/257
f 3867/217/258 3879/300/258 3878/298/258
f 3866/301/259 3877/311/259 3879/300/259
f 3882/303/260 3870/264/260 3869/302/260
f 3881/305/261 3868/362/261 3870/208/261
f 3892/264/320 3896/229/320 3894/306/320
f 3890/232/319 3893/231/319 3896/231/319
f 3917/289/254 3905/228/254 3904/288/254
f 3916/292/255 3903/308/255 3905/291/255
f 3908/229/335 3920/295/335 3919/293/335
f 3907/296/257 3918/317/257 3920/295/257
f 3899/217/336 3911/300/336 3910/298/336
f 3898/301/259 3909/311/259 3911/300/259
f 3914/303/260 3902/264/260 3901/302/260
f 3913/305/261 3900/362/261 3902/208/261
f 3941/289/266 3929/291/266 3928/308/266
f 3940/290/267 3927/288/267 3929/228/267
f 3932/310/268 3944/295/268 3943/309/268
f 3931/294/276 3942/293/276 3944/295/276
f 3923/209/270 3935/312/270 3934/311/270
f 3922/299/277 3933/298/277 3935/312/277
f 3938/314/272 3926/208/272 3925/313/272
f 3937/304/273 3924/302/273 3926/264/273
f 3948/232/319 3952/231/319 3950/231/319
f 3946/316/318 3949/340/318 3952/229/318
f 3973/289/266 3961/291/266 3960/308/266
f 3972/290/267 3959/288/267 3961/228/267
f 3964/310/268 3976/295/268 3975/317/268
f 3963/294/276 3974/293/276 3976/295/276
f 3955/209/270 3967/312/270 3966/311/270
f 3954/299/277 3965/298/277 3967/312/277
f 3970/314/272 3958/208/272 3957/313/272
f 3969/304/273 3956/302/273 3958/264/273
f 3997/319/279 3985/363/279 3984/318/279
f 3996/321/280 3983/344/280 3985/228/280
f 3988/323/281 4000/325/281 3999/322/281
f 3987/326/282 3998/347/282 4000/325/282
f 3979/209/283 3991/329/283 3990/327/283
f 3978/330/284 3989/298/284 3991/329/284
f 3994/332/285 3982/208/285 3981/331/285
f 3993/334/286 3980/364/286 3982/264/286
f 4021/319/279 4009/363/279 4008/318/279
f 4020/321/280 4007/344/280 4009/228/280
f 4012/323/281 4024/325/281 4023/322/281
f 4011/326/282 4022/347/282 4024/325/282
f 4003/209/283 4015/329/283 4014/327/283
f 4002/330/284 4013/298/284 4015/329/284
f 4018/332/285 4006/208/285 4005/331/285
f 4017/334/286 4004/364/286 4006/264/286
f 3865/299/287 3878/298/287 3883/290/287
f 3867/349/182 3865/365/182 3872/337/182
f 3872/337/182 3873/291/182 3871/308/182
f 3871/308/182 3875/296/182 3876/297/182
f 3876/297/182 3874/368/182 3869/348/182
f 3869/348/182 3870/367/182 3868/336/182
f 3868/336/182 3866/366/182 3867/349/182
f 3867/349/182 3872/337/182 3871/308/182
f 3871/308/182 3876/297/182 3869/348/182
f 3869/348/182 3868/336/182 3867/349/182
f 3866/301/288 3868/362/288 3881/305/288
f 3880/304/289 3869/302/289 3874/294/289
f 3884/292/290 3886/317/290 3875/296/290
f 3885/289/186 3883/290/186 3878/298/186
f 3878/298/186 3879/300/186 3877/311/186
f 3877/311/186 3881/305/186 3882/303/186
f 3882/303/186 3880/304/186 3887/293/186
f 3887/293/186 3888/295/186 3886/317/186
f 3886/317/186 3884/292/186 3885/289/186
f 3885/289/186 3878/298/186 3877/311/186
f 3877/311/186 3882/303/186 3887/293/186
f 3887/293/186 3886/317/186 3885/289/186
f 3891/209/184 3147/209/184 3154/209/184
f 3154/209/184 3156/209/184 3890/209/184
f 3150/211/184 3149/202/184 3147/209/184
f 3147/209/184 3891/338/184 3889/341/184
f 3156/232/302 3155/231/302 3893/231/302
f 3150/211/321 3889/307/321 3894/306/321
f 3895/231/205 3893/231/205 3155/231/205
f 3155/231/205 3153/231/205 3148/231/205
f 3895/339/205 3148/231/205 3151/227/205
f 3151/227/205 3152/226/205 3894/342/205
f 3897/299/287 3910/298/287 3915/290/287
f 3899/349/182 3897/365/182 3904/337/182
f 3904/337/182 3905/291/182 3903/308/182
f 3903/308/182 3907/296/182 3908/297/182
f 3908/297/182 3906/368/182 3901/348/182
f 3901/348/182 3902/367/182 3900/336/182
f 3900/336/182 3898/366/182 3899/349/182
f 3899/349/182 3904/337/182 3903/308/182
f 3903/308/182 3908/297/182 3901/348/182
f 3901/348/182 3900/336/182 3899/349/182
f 3898/301/288 3900/362/288 3913/305/288
f 3912/304/289 3901/302/289 3906/294/289
f 3916/292/290 3918/317/290 3907/296/290
f 3917/289/186 3915/290/186 3910/298/186
f 3910/298/186 3911/300/186 3909/311/186
f 3909/311/186 3913/305/186 3914/303/186
f 3914/303/186 3912/304/186 3919/293/186
f 3919/293/186 3920/295/186 3918/317/186
f 3918/317/186 3916/292/186 3917/289/186
f 3917/289/186 3910/298/186 3909/311/186
f 3909/311/186 3914/303/186 3919/293/186
f 3919/293/186 3918/317/186 3917/289/186
f 3940/290/292 3933/298/292 3922/299/292
f 3923/349/182 3921/366/182 3925/336/182
f 3925/336/182 3926/369/182 3924/348/182
f 3924/348/182 3931/368/182 3932/310/182
f 3932/310/182 3930/296/182 3928/308/182
f 3928/308/182 3929/291/182 3927/337/182
f 3927/337/182 3922/365/182 3923/349/182
f 3923/349/182 3925/336/182 3924/348/182
f 3924/348/182 3932/310/182 3928/308/182
f 3928/308/182 3927/337/182 3923/349/182
f 3936/315/293 3925/313/293 3921/301/293
f 3931/294/294 3924/302/294 3937/304/294
f 3930/296/295 3943/309/295 3939/292/295
f 3941/289/186 3939/292/186 3943/309/186
f 3943/309/186 3944/295/186 3942/293/186
f 3942/293/186 3937/304/186 3938/314/186
f 3938/314/186 3936/315/186 3934/311/186
f 3934/311/186 3935/312/186 3933/298/186
f 3933/298/186 3940/290/186 3941/289/186
f 3941/289/186 3943/309/186 3942/293/186
f 3942/293/186 3938/314/186 3934/311/186
f 3934/311/186 3933/298/186 3941/289/186
f 3475/209/205 3468/209/205 3947/209/205
f 3947/209/205 3945/209/205 3477/209/205
f 3949/340/321 3946/316/321 3471/211/321
f 3468/209/205 3470/202/205 3471/211/205
f 3471/211/205 3946/341/205 3947/350/205
f 3950/231/302 3476/231/302 3477/232/302
f 3472/227/184 3469/231/184 3951/343/184
f 3951/343/184 3949/342/184 3473/226/184
f 3950/231/184 3951/231/184 3469/231/184
f 3469/231/184 3474/231/184 3476/231/184
f 3972/290/292 3965/298/292 3954/299/292
f 3955/349/182 3953/366/182 3957/336/182
f 3957/336/182 3958/369/182 3956/348/182
f 3956/348/182 3963/368/182 3964/310/182
f 3964/310/182 3962/296/182 3960/308/182
f 3960/308/182 3961/291/182 3959/337/182
f 3959/337/182 3954/365/182 3955/349/182
f 3955/349/182 3957/336/182 3956/348/182
f 3956/348/182 3964/310/182 3960/308/182
f 3960/308/182 3959/337/182 3955/349/182
f 3968/315/293 3957/313/293 3953/301/293
f 3963/294/294 3956/302/294 3969/304/294
f 3962/296/295 3975/317/295 3971/292/295
f 3973/289/186 3971/292/186 3975/317/186
f 3975/317/186 3976/295/186 3974/293/186
f 3974/293/186 3969/304/186 3970/314/186
f 3970/314/186 3968/315/186 3966/311/186
f 3966/311/186 3967/312/186 3965/298/186
f 3965/298/186 3972/290/186 3973/289/186
f 3973/289/186 3975/317/186 3974/293/186
f 3974/293/186 3970/314/186 3966/311/186
f 3966/311/186 3965/298/186 3973/289/186
f 3996/321/296 3989/298/296 3978/330/296
f 3979/352/182 3977/370/182 3981/346/182
f 3981/346/182 3982/372/182 3980/351/182
f 3980/351/182 3987/371/182 3988/323/182
f 3988/323/182 3986/324/182 3984/318/182
f 3984/318/182 3985/363/182 3983/345/182
f 3983/345/182 3978/365/182 3979/352/182
f 3979/352/182 3981/346/182 3980/351/182
f 3980/351/182 3988/323/182 3984/318/182
f 3984/318/182 3983/345/182 3979/352/182
f 3992/333/300 3981/331/300 3977/328/300
f 3987/326/298 3980/364/298 3993/334/298
f 3986/324/337 3999/322/337 3995/320/337
f 3997/319/186 3995/320/186 3999/322/186
f 3999/322/186 4000/325/186 3998/347/186
f 3998/347/186 3993/334/186 3994/332/186
f 3994/332/186 3992/333/186 3990/327/186
f 3990/327/186 3991/329/186 3989/298/186
f 3989/298/186 3996/321/186 3997/319/186
f 3997/319/186 3999/322/186 3998/347/186
f 3998/347/186 3994/332/186 3990/327/186
f 3990/327/186 3989/298/186 3997/319/186
f 4020/321/296 4013/298/296 4002/330/296
f 4003/352/182 4001/370/182 4005/346/182
f 4005/346/182 4006/372/182 4004/351/182
f 4004/351/182 4011/371/182 4012/323/182
f 4012/323/182 4010/335/182 4008/318/182
f 4008/318/182 4009/363/182 4007/345/182
f 4007/345/182 4002/365/182 4003/352/182
f 4003/352/182 4005/346/182 4004/351/182
f 4004/351/182 4012/323/182 4008/318/182
f 4008/318/182 4007/345/182 4003/352/182
f 4016/333/300 4005/331/300 4001/328/300
f 4011/326/298 4004/364/298 4017/334/298
f 4010/335/299 4023/322/299 4019/320/299
f 4021/319/186 4019/320/186 4023/322/186
f 4023/322/186 4024/325/186 4022/347/186
f 4022/347/186 4017/334/186 4018/332/186
f 4018/332/186 4016/333/186 4014/327/186
f 4014/327/186 4015/329/186 4013/298/186
f 4013/298/186 4020/321/186 4021/319/186
f 4021/319/186 4023/322/186 4022/347/186
f 4022/347/186 4018/332/186 4014/327/186
f 4014/327/186 4013/298/186 4021/319/186
o Cube.044
v -0.600000 3.000000 1.290000
v -0.600000 3.330000 1.290000
v -0.600000 3.000000 0.570000
v -0.600000 3.330000 0.570000
v 0.000000 3.000000 1.290000
v 0.000000 3.330000 1.290000
v 0.000000 3.000000 0.570000
v 0.000000 3.330000 0.570000
v -0.600000 3.330000 1.310000
v -0.600000 3.330000 0.550000
v 0.000000 3.330000 1.310000
v 0.000000 3.330000 0.550000
v -1.150000 0.700000 1.180000
v -1.150000 2.300000 1.180000
v -1.135858 0.700000 1.185858
v -1.135858 2.300000 1.185858
v -1.130000 0.700000 1.200000
v -1.130000 2.300000 1.200000
v -1.135858 0.700000 1.214142
v -1.135858 2.300000 1.214142
v -1.150000 0.700000 1.220000
v -1.150000 2.300000 1.220000
v -1.164142 0.700000 1.214142
v -1.164142 2.300000 1.214142
v -1.170000 0.700000 1.200000
v -1.170000 2.300000 1.200000
v -1.164142 0.700000 1.185858
v -1.164142 2.300000 1.185858
v -1.132529 2.499696 1.180000
v -1.118602 2.497240 1.185858
v -1.112833 2.496223 1.200000
v -1.118602 2.497240 1.214142
v -1.132529 2.499696 1.220000
v -1.146456 2.502151 1.214142
v -1.152225 2.503169 1.200000
v -1.146456 2.502151 1.185858
v -1.080646 2.693323 1.180000
v -1.067357 2.688486 1.185858
v -1.061853 2.686483 1.200000
v -1.067357 2.688486 1.214142
v -1.080646 2.693323 1.220000
v -1.093936 2.698160 1.214142
v -1.099440 2.700164 1.200000
v -1.093936 2.698160 1.185858
v -0.995929 2.875000 1.180000
v -0.983682 2.867929 1.185858
v -0.978608 2.865000 1.200000
v -0.983682 2.867929 1.214142
v -0.995929 2.875000 1.220000
v -1.008177 2.882071 1.214142
v -1.013250 2.885000 1.200000
v -1.008177 2.882071 1.185858
v -0.880951 3.039206 1.180000
v -0.870117 3.030115 1.185858
v -0.865630 3.026350 1.200000
v -0.870117 3.030115 1.214142
v -0.880951 3.039206 1.220000
v -0.891784 3.048296 1.214142
v -0.896272 3.052062 1.200000
v -0.891784 3.048296 1.185858
v -0.739206 3.180951 1.180000
v -0.730115 3.170117 1.185858
v -0.726350 3.165630 1.200000
v -0.730115 3.170117 1.214142
v -0.739206 3.180951 1.220000
v -0.748296 3.191785 1.214142
v -0.752061 3.196272 1.200000
v -0.748296 3.191785 1.185858
v -0.575000 3.295929 1.180000
v -0.567929 3.283681 1.185858
v -0.565000 3.278609 1.200000
v -0.567929 3.283681 1.214142
v -0.575000 3.295929 1.220000
v -0.582071 3.308177 1.214142
v -0.585000 3.313249 1.200000
v -0.582071 3.308177 1.185858
v -1.150000 0.700000 0.780000
v -1.150000 2.300000 0.780000
v -1.135858 0.700000 0.785858
v -1.135858 2.300000 0.785858
v -1.130000 0.700000 0.800000
v -1.130000 2.300000 0.800000
v -1.135858 0.700000 0.814142
v -1.135858 2.300000 0.814142
v -1.150000 0.700000 0.820000
v -1.150000 2.300000 0.820000
v -1.164142 0.700000 0.814142
v -1.164142 2.300000 0.814142
v -1.170000 0.700000 0.800000
v -1.170000 2.300000 0.800000
v -1.164142 0.700000 0.785858
v -1.164142 2.300000 0.785858
v -1.132529 2.499696 0.780000
v -1.118602 2.497240 0.785858
v -1.112833 2.496223 0.800000
v -1.118602 2.497240 0.814142
v -1.132529 2.499696 0.820000
v -1.146456 2.502151 0.814142
v -1.152225 2.503169 0.800000
v -1.146456 2.502151 0.785858
v -1.080646 2.693323 0.780000
v -1.067357 2.688486 0.785858
v -1.061853 2.686483 0.800000
v -1.067357 2.688486 0.814142
v -1.080646 2.693323 0.820000
v -1.093936 2.698160 0.814142
v -1.099440 2.700164 0.800000
v -1.093936 2.698160 0.785858
v -0.995929 2.875000 0.780000
v -0.983682 2.867929 0.785858
v -0.978608 2.865000 0.800000
v -0.983682 2.867929 0.814142
v -0.995929 2.875000 0.820000
v -1.008177 2.882071 0.814142
v -1.013250 2.885000 0.800000
v -1.008177 2.882071 0.785858
v -0.880951 3.039206 0.780000
v -0.870117 3.030115 0.785858
v -0.865630 3.026350 0.800000
v -0.870117 3.030115 0.814142
v -0.880951 3.039206 0.820000
v -0.891784 3.048296 0.814142
v -0.896272 3.052062 0.800000
v -0.891784 3.048296 0.785858
v -0.739206 3.180951 0.780000
v -0.730115 3.170117 0.785858
v -0.726350 3.165630 0.800000
v -0.730115 3.170117 0.814142
v -0.739206 3.180951 0.820000
v -0.748296 3.191785 0.814142
v -0.752061 3.196272 0.800000
v -0.748296 3.191785 0.785858
v -0.575000 3.295929 0.780000
v -0.567929 3.283681 0.785858
v -0.565000 3.278609 0.800000
v -0.567929 3.283681 0.814142
v -0.575000 3.295929 0.820000
v -0.582071 3.308177 0.814142
v -0.585000 3.313249 0.800000
v -0.582071 3.308177 0.785858
v -1.150000 1.116000 1.200000
v -1.150000 1.116000 0.800000
v -1.150000 0.816000 0.800000
v -1.150000 0.816000 1.200000
v -1.138686 0.811314 0.800000
v -1.138686 0.811314 1.200000
v -1.134000 0.800000 0.800000
v -1.134000 0.800000 1.200000
v -1.138686 0.788686 0.800000
v -1.138686 0.788686 1.200000
v -1.150000 0.784000 0.800000
v -1.150000 0.784000 1.200000
v -1.161314 0.788686 0.800000
v -1.161314 0.788686 1.200000
v -1.166000 0.800000 0.800000
v -1.166000 0.800000 1.200000
v -1.161314 0.811314 0.800000
v -1.161314 0.811314 1.200000
v -1.138686 1.111314 0.800000
v -1.138686 1.111314 1.200000
v -1.134000 1.100000 0.800000
v -1.134000 1.100000 1.200000
v -1.138686 1.088686 0.800000
v -1.138686 1.088686 1.200000
v -1.150000 1.084000 0.800000
v -1.150000 1.084000 1.200000
v -1.161314 1.088686 0.800000
v -1.161314 1.088686 1.200000
v -1.166000 1.100000 0.800000
v -1.166000 1.100000 1.200000
v -1.161314 1.111314 0.800000
v -1.161314 1.111314 1.200000
v -1.161314 1.411314 1.200000
v -1.161314 1.411314 0.800000
v -1.166000 1.400000 1.200000
v -1.166000 1.400000 0.800000
v -1.161314 1.388686 1.200000
v -1.161314 1.388686 0.800000
v -1.150000 1.384000 1.200000
v -1.150000 1.384000 0.800000
v -1.138686 1.388686 1.200000
v -1.138686 1.388686 0.800000
v -1.134000 1.400000 1.200000
v -1.134000 1.400000 0.800000
v -1.138686 1.411314 1.200000
v -1.138686 1.411314 0.800000
v -1.150000 1.416000 0.800000
v -1.150000 1.416000 1.200000
v -1.161314 1.711314 1.200000
v -1.161314 1.711314 0.800000
v -1.166000 1.700000 1.200000
v -1.166000 1.700000 0.800000
v -1.161314 1.688686 1.200000
v -1.161314 1.688686 0.800000
v -1.150000 1.684000 1.200000
v -1.150000 1.684000 0.800000
v -1.138686 1.688686 1.200000
v -1.138686 1.688686 0.800000
v -1.134000 1.700000 1.200000
v -1.134000 1.700000 0.800000
v -1.138686 1.711314 1.200000
v -1.138686 1.711314 0.800000
v -1.150000 1.716000 0.800000
v -1.150000 1.716000 1.200000
v -1.161314 2.011314 1.200000
v -1.161314 2.011314 0.800000
v -1.166000 2.000000 1.200000
v -1.166000 2.000000 0.800000
v -1.161314 1.988686 1.200000
v -1.161314 1.988686 0.800000
v -1.150000 1.984000 1.200000
v -1.150000 1.984000 0.800000
v -1.138686 1.988686 1.200000
v -1.138686 1.988686 0.800000
v -1.134000 2.000000 1.200000
v -1.134000 2.000000 0.800000
v -1.138686 2.011314 1.200000
v -1.138686 2.011314 0.800000
v -1.150000 2.016000 0.800000
v -1.150000 2.016000 1.200000
v -1.161314 2.311314 1.200000
v -1.161314 2.311314 0.800000
v -1.166000 2.300000 1.200000
v -1.166000 2.300000 0.800000
v -1.161314 2.288687 1.200000
v -1.161314 2.288687 0.800000
v -1.150000 2.284000 1.200000
v -1.150000 2.284000 0.800000
v -1.138686 2.288687 1.200000
v -1.138686 2.288687 0.800000
v -1.134000 2.300000 1.200000
v -1.134000 2.300000 0.800000
v -1.138686 2.311314 1.200000
v -1.138686 2.311314 0.800000
v -1.150000 2.316000 0.800000
v -1.150000 2.316000 1.200000
v -1.116314 2.611314 1.200000
v -1.116314 2.611314 0.800000
v -1.121000 2.600000 1.200000
v -1.121000 2.600000 0.800000
v -1.116314 2.588686 1.200000
v -1.116314 2.588686 0.800000
v -1.105000 2.584000 1.200000
v -1.105000 2.584000 0.800000
v -1.093686 2.588686 1.200000
v -1.093686 2.588686 0.800000
v -1.089000 2.600000 1.200000
v -1.089000 2.600000 0.800000
v -1.093686 2.611314 1.200000
v -1.093686 2.611314 0.800000
v -1.105000 2.616000 0.800000
v -1.105000 2.616000 1.200000
v -0.991314 2.911314 1.200000
v -0.991314 2.911314 0.800000
v -0.996000 2.900000 1.200000
v -0.996000 2.900000 0.800000
v -0.991314 2.888686 1.200000
v -0.991314 2.888686 0.800000
v -0.980000 2.884000 1.200000
v -0.980000 2.884000 0.800000
v -0.968686 2.888686 1.200000
v -0.968686 2.888686 0.800000
v -0.964000 2.900000 1.200000
v -0.964000 2.900000 0.800000
v -0.968686 2.911314 1.200000
v -0.968686 2.911314 0.800000
v -0.980000 2.916000 0.800000
v -0.980000 2.916000 1.200000
v -0.801314 3.141314 1.200000
v -0.801314 3.141314 0.800000
v -0.806000 3.130000 1.200000
v -0.806000 3.130000 0.800000
v -0.801314 3.118686 1.200000
v -0.801314 3.118686 0.800000
v -0.790000 3.114000 1.200000
v -0.790000 3.114000 0.800000
v -0.778686 3.118686 1.200000
v -0.778686 3.118686 0.800000
v -0.774000 3.130000 1.200000
v -0.774000 3.130000 0.800000
v -0.778686 3.141314 1.200000
v -0.778686 3.141314 0.800000
v -0.790000 3.146000 0.800000
v -0.790000 3.146000 1.200000
v -1.200000 3.500000 1.260000
v -1.186711 3.495162 1.265858
v -1.300000 1.230000 1.260000
v -1.300000 3.000000 1.260000
v -1.285858 1.230000 1.265858
v -1.285858 3.000000 1.265858
v -1.280000 1.230000 1.280000
v -1.280000 3.000000 1.280000
v -1.285858 1.230000 1.294142
v -1.285858 3.000000 1.294142
v -1.300000 1.230000 1.300000
v -1.300000 3.000000 1.300000
v -1.314142 1.230000 1.294142
v -1.314142 3.000000 1.294142
v -1.320000 1.230000 1.280000
v -1.320000 3.000000 1.280000
v -1.314142 1.230000 1.265858
v -1.314142 3.000000 1.265858
v -1.181207 3.493158 1.280000
v -1.186711 3.495162 1.294142
v -1.200000 3.500000 1.300000
v -1.213289 3.504838 1.294142
v -1.218793 3.506842 1.280000
v -1.213289 3.504838 1.265858
v -0.900000 3.800000 1.260000
v -0.910000 3.810000 1.265858
v -0.914142 3.814142 1.280000
v -0.910000 3.810000 1.294142
v -0.900000 3.800000 1.300000
v -0.890000 3.790000 1.294142
v -0.885858 3.785858 1.280000
v -0.890000 3.790000 1.265858
v -0.499999 4.000000 1.260000
v -0.499999 4.014142 1.265858
v -0.499999 4.020000 1.280000
v -0.499999 4.014142 1.294142
v -0.499999 4.000000 1.300000
v -0.499999 3.985858 1.294142
v -0.499999 3.980000 1.280000
v -0.499999 3.985858 1.265858
v 0.000000 4.000000 1.260000
v 0.000000 4.014142 1.265858
v 0.000000 4.020000 1.280000
v 0.000000 4.014142 1.294142
v 0.000000 4.000000 1.300000
v 0.000000 3.985858 1.294142
v 0.000000 3.980000 1.280000
v 0.000000 3.985858 1.265858
v -0.374999 4.000000 1.252000
v -0.374999 4.019799 1.260201
v -0.374999 4.028000 1.280000
v -0.374999 4.019799 1.299799
v -0.374999 4.000000 1.308000
v -0.374999 3.980201 1.299799
v -0.374999 3.972000 1.280000
v -0.374999 3.980201 1.260201
v -0.324999 4.000000 1.252000
v -0.324999 4.019799 1.260201
v -0.324999 4.028000 1.280000
v -0.324999 4.019799 1.299799
v -0.324999 4.000000 1.308000
v -0.324999 3.980201 1.299799
v -0.324999 3.972000 1.280000
v -0.324999 3.980201 1.260201
v -0.349999 3.980000 1.260000
v -0.335857 3.980000 1.265858
v -0.329999 3.980000 1.280000
v -0.335857 3.980000 1.294142
v -0.349999 3.980000 1.300000
v -0.364142 3.980000 1.294142
v -0.369999 3.980000 1.280000
v -0.364141 3.980000 1.265858
v -0.349999 3.350000 1.260000
v -0.335857 3.350000 1.265858
v -0.329999 3.350000 1.280000
v -0.335857 3.350000 1.294142
v -0.349999 3.350000 1.300000
v -0.364142 3.350000 1.294142
v -0.369999 3.350000 1.280000
v -0.364141 3.350000 1.265858
v -1.299999 2.775000 1.252000
v -1.319798 2.775000 1.260201
v -1.327999 2.775000 1.280000
v -1.319798 2.775000 1.299799
v -1.299999 2.775000 1.308000
v -1.280200 2.775000 1.299799
v -1.271999 2.775000 1.280000
v -1.280201 2.775000 1.260201
v -1.299999 2.825000 1.252000
v -1.319798 2.825000 1.260201
v -1.327999 2.825000 1.280000
v -1.319798 2.825000 1.299799
v -1.299999 2.825000 1.308000
v -1.280200 2.825000 1.299799
v -1.271999 2.825000 1.280000
v -1.280201 2.825000 1.260201
v -1.279999 2.800000 1.260000
v -1.279999 2.814142 1.265858
v -1.279999 2.820000 1.280000
v -1.279999 2.814142 1.294142
v -1.279999 2.800000 1.300000
v -1.279999 2.785858 1.294142
v -1.279999 2.780000 1.280000
v -1.279999 2.785858 1.265858
v -1.049999 2.810000 1.180000
v -1.044023 2.822817 1.185858
v -1.041547 2.828126 1.200000
v -1.044023 2.822817 1.214142
v -1.049999 2.810000 1.220000
v -1.055976 2.797183 1.214142
v -1.058452 2.791874 1.200000
v -1.055976 2.797183 1.185858
v -1.040565 2.777342 1.172000
v -1.058509 2.785710 1.180201
v -1.065941 2.789176 1.200000
v -1.058509 2.785710 1.219799
v -1.040565 2.777342 1.228000
v -1.022621 2.768975 1.219799
v -1.015188 2.765509 1.200000
v -1.022621 2.768975 1.180201
v -1.019434 2.822658 1.172000
v -1.037378 2.831025 1.180201
v -1.044811 2.834491 1.200000
v -1.037378 2.831025 1.219799
v -1.019434 2.822658 1.228000
v -1.001490 2.814290 1.219799
v -0.994057 2.810825 1.200000
v -1.001490 2.814291 1.180201
v -1.270000 1.130000 1.230000
v -1.260000 1.140000 1.235858
v -1.255858 1.144142 1.250000
v -1.260000 1.140000 1.264142
v -1.270000 1.130000 1.270000
v -1.280000 1.120000 1.264142
v -1.284142 1.115858 1.250000
v -1.280000 1.120000 1.235858
v -1.170000 1.100000 1.180000
v -1.170000 1.114142 1.185858
v -1.170000 1.120000 1.200000
v -1.170000 1.114142 1.214142
v -1.170000 1.100000 1.220000
v -1.170000 1.085858 1.214142
v -1.170000 1.080000 1.200000
v -1.170000 1.085858 1.185858
v -1.149999 1.075000 1.172000
v -1.169798 1.075000 1.180201
v -1.177999 1.075000 1.200000
v -1.169798 1.075000 1.219799
v -1.149999 1.075000 1.228000
v -1.130200 1.075000 1.219799
v -1.121999 1.075000 1.200000
v -1.130201 1.075000 1.180201
v -1.149999 1.125000 1.172000
v -1.169798 1.125000 1.180201
v -1.177999 1.125000 1.200000
v -1.169798 1.125000 1.219799
v -1.149999 1.125000 1.228000
v -1.130200 1.125000 1.219799
v -1.121999 1.125000 1.200000
v -1.130201 1.125000 1.180201
v -1.149999 1.075000 0.772000
v -1.169798 1.075000 0.780201
v -1.177999 1.075000 0.800000
v -1.169798 1.075000 0.819799
v -1.149999 1.075000 0.828000
v -1.130200 1.075000 0.819799
v -1.121999 1.075000 0.800000
v -1.130201 1.075000 0.780201
v -1.149999 1.125000 0.772000
v -1.169798 1.125000 0.780201
v -1.177999 1.125000 0.800000
v -1.169798 1.125000 0.819799
v -1.149999 1.125000 0.828000
v -1.130200 1.125000 0.819799
v -1.121999 1.125000 0.800000
v -1.130201 1.125000 0.780201
v -1.050000 1.100000 1.180000
v -1.050000 1.085858 1.185858
v -1.050000 1.080000 1.200000
v -1.050000 1.085858 1.214142
v -1.050000 1.100000 1.220000
v -1.050000 1.114142 1.214142
v -1.050000 1.120000 1.200000
v -1.050000 1.114142 1.185858
v -1.130500 1.100000 1.180000
v -1.130500 1.085858 1.185858
v -1.130500 1.080000 1.200000
v -1.130500 1.085858 1.214142
v -1.130500 1.100000 1.220000
v -1.130500 1.114142 1.214142
v -1.130500 1.120000 1.200000
v -1.130500 1.114142 1.185858
v -1.050000 1.100000 0.780000
v -1.050000 1.085858 0.785858
v -1.050000 1.080000 0.800000
v -1.050000 1.085858 0.814142
v -1.050000 1.100000 0.820000
v -1.050000 1.114142 0.814142
v -1.050000 1.120000 0.800000
v -1.050000 1.114142 0.785858
v -1.130500 1.100000 0.780000
v -1.130500 1.085858 0.785858
v -1.130500 1.080000 0.800000
v -1.130500 1.085858 0.814142
v -1.130500 1.100000 0.820000
v -1.130500 1.114142 0.814142
v -1.130500 1.120000 0.800000
v -1.130500 1.114142 0.785858
v -0.600000 3.330000 0.570000
v -0.600000 3.350000 0.570000
v 0.000000 3.350000 0.570000
v 0.000000 3.330000 0.570000
v -0.600000 3.370000 0.560000
v -0.600000 3.370000 0.540000
v 0.000000 3.370000 0.540000
v 0.000000 3.370000 0.560000
v 0.000000 3.350000 1.290000
v 0.000000 3.330000 1.290000
v -0.600000 3.330000 1.290000
v -0.600000 3.350000 1.290000
v 0.000000 3.370000 1.300000
v 0.000000 3.370000 1.320000
v -0.600000 3.370000 1.320000
v -0.600000 3.370000 1.300000
v 0.600000 3.000000 1.290000
v 0.600000 3.330000 1.290000
v 0.600000 3.000000 0.570000
v 0.600000 3.330000 0.570000
v 0.600000 3.330000 1.310000
v 0.600000 3.330000 0.550000
v 1.150000 0.700000 1.180000
v 1.150000 2.300000 1.180000
v 1.135858 0.700000 1.185858
v 1.135858 2.300000 1.185858
v 1.130000 0.700000 1.200000
v 1.130000 2.300000 1.200000
v 1.135858 0.700000 1.214142
v 1.135858 2.300000 1.214142
v 1.150000 0.700000 1.220000
v 1.150000 2.300000 1.220000
v 1.164142 0.700000 1.214142
v 1.164142 2.300000 1.214142
v 1.170000 0.700000 1.200000
v 1.170000 2.300000 1.200000
v 1.164142 0.700000 1.185858
v 1.164142 2.300000 1.185858
v 1.132529 2.499696 1.180000
v 1.118602 2.497240 1.185858
v 1.112833 2.496223 1.200000
v 1.118602 2.497240 1.214142
v 1.132529 2.499696 1.220000
v 1.146456 2.502151 1.214142
v 1.152225 2.503169 1.200000
v 1.146456 2.502151 1.185858
v 1.080646 2.693323 1.180000
v 1.067357 2.688486 1.185858
v 1.061853 2.686483 1.200000
v 1.067357 2.688486 1.214142
v 1.080646 2.693323 1.220000
v 1.093936 2.698160 1.214142
v 1.099440 2.700164 1.200000
v 1.093936 2.698160 1.185858
v 0.995929 2.875000 1.180000
v 0.983682 2.867929 1.185858
v 0.978608 2.865000 1.200000
v 0.983682 2.867929 1.214142
v 0.995929 2.875000 1.220000
v 1.008177 2.882071 1.214142
v 1.013250 2.885000 1.200000
v 1.008177 2.882071 1.185858
v 0.880951 3.039206 1.180000
v 0.870117 3.030115 1.185858
v 0.865630 3.026350 1.200000
v 0.870117 3.030115 1.214142
v 0.880951 3.039206 1.220000
v 0.891784 3.048296 1.214142
v 0.896272 3.052062 1.200000
v 0.891784 3.048296 1.185858
v 0.739206 3.180951 1.180000
v 0.730115 3.170117 1.185858
v 0.726350 3.165630 1.200000
v 0.730115 3.170117 1.214142
v 0.739206 3.180951 1.220000
v 0.748296 3.191785 1.214142
v 0.752061 3.196272 1.200000
v 0.748296 3.191785 1.185858
v 0.575000 3.295929 1.180000
v 0.567929 3.283681 1.185858
v 0.565000 3.278609 1.200000
v 0.567929 3.283681 1.214142
v 0.575000 3.295929 1.220000
v 0.582071 3.308177 1.214142
v 0.585000 3.313249 1.200000
v 0.582071 3.308177 1.185858
v 1.150000 0.700000 0.780000
v 1.150000 2.300000 0.780000
v 1.135858 0.700000 0.785858
v 1.135858 2.300000 0.785858
v 1.130000 0.700000 0.800000
v 1.130000 2.300000 0.800000
v 1.135858 0.700000 0.814142
v 1.135858 2.300000 0.814142
v 1.150000 0.700000 0.820000
v 1.150000 2.300000 0.820000
v 1.164142 0.700000 0.814142
v 1.164142 2.300000 0.814142
v 1.170000 0.700000 0.800000
v 1.170000 2.300000 0.800000
v 1.164142 0.700000 0.785858
v 1.164142 2.300000 0.785858
v 1.132529 2.499696 0.780000
v 1.118602 2.497240 0.785858
v 1.112833 2.496223 0.800000
v 1.118602 2.497240 0.814142
v 1.132529 2.499696 0.820000
v 1.146456 2.502151 0.814142
v 1.152225 2.503169 0.800000
v 1.146456 2.502151 0.785858
v 1.080646 2.693323 0.780000
v 1.067357 2.688486 0.785858
v 1.061853 2.686483 0.800000
v 1.067357 2.688486 0.814142
v 1.080646 2.693323 0.820000
v 1.093936 2.698160 0.814142
v 1.099440 2.700164 0.800000
v 1.093936 2.698160 0.785858
v 0.995929 2.875000 0.780000
v 0.983682 2.867929 0.785858
v 0.978608 2.865000 0.800000
v 0.983682 2.867929 0.814142
v 0.995929 2.875000 0.820000
v 1.008177 2.882071 0.814142
v 1.013250 2.885000 0.800000
v 1.008177 2.882071 0.785858
v 0.880951 3.039206 0.780000
v 0.870117 3.030115 0.785858
v 0.865630 3.026350 0.800000
v 0.870117 3.030115 0.814142
v 0.880951 3.039206 0.820000
v 0.891784 3.048296 0.814142
v 0.896272 3.052062 0.800000
v 0.891784 3.048296 0.785858
v 0.739206 3.180951 0.780000
v 0.730115 3.170117 0.785858
v 0.726350 3.165630 0.800000
v 0.730115 3.170117 0.814142
v 0.739206 3.180951 0.820000
v 0.748296 3.191785 0.814142
v 0.752061 3.196272 0.800000
v 0.748296 3.191785 0.785858
v 0.575000 3.295929 0.780000
v 0.567929 3.283681 0.785858
v 0.565000 3.278609 0.800000
v 0.567929 3.283681 0.814142
v 0.575000 3.295929 0.820000
v 0.582071 3.308177 0.814142
v 0.585000 3.313249 0.800000
v 0.582071 3.308177 0.785858
v 1.150000 1.116000 1.200000
v 1.150000 1.116000 0.800000
v 1.150000 0.816000 0.800000
v 1.150000 0.816000 1.200000
v 1.138686 0.811314 0.800000
v 1.138686 0.811314 1.200000
v 1.134000 0.800000 0.800000
v 1.134000 0.800000 1.200000
v 1.138686 0.788686 0.800000
v 1.138686 0.788686 1.200000
v 1.150000 0.784000 0.800000
v 1.150000 0.784000 1.200000
v 1.161314 0.788686 0.800000
v 1.161314 0.788686 1.200000
v 1.166000 0.800000 0.800000
v 1.166000 0.800000 1.200000
v 1.161314 0.811314 0.800000
v 1.161314 0.811314 1.200000
v 1.138686 1.111314 0.800000
v 1.138686 1.111314 1.200000
v 1.134000 1.100000 0.800000
v 1.134000 1.100000 1.200000
v 1.138686 1.088686 0.800000
v 1.138686 1.088686 1.200000
v 1.150000 1.084000 0.800000
v 1.150000 1.084000 1.200000
v 1.161314 1.088686 0.800000
v 1.161314 1.088686 1.200000
v 1.166000 1.100000 0.800000
v 1.166000 1.100000 1.200000
v 1.161314 1.111314 0.800000
v 1.161314 1.111314 1.200000
v 1.161314 1.411314 1.200000
v 1.161314 1.411314 0.800000
v 1.166000 1.400000 1.200000
v 1.166000 1.400000 0.800000
v 1.161314 1.388686 1.200000
v 1.161314 1.388686 0.800000
v 1.150000 1.384000 1.200000
v 1.150000 1.384000 0.800000
v 1.138686 1.388686 1.200000
v 1.138686 1.388686 0.800000
v 1.134000 1.400000 1.200000
v 1.134000 1.400000 0.800000
v 1.138686 1.411314 1.200000
v 1.138686 1.411314 0.800000
v 1.150000 1.416000 0.800000
v 1.150000 1.416000 1.200000
v 1.161314 1.711314 1.200000
v 1.161314 1.711314 0.800000
v 1.166000 1.700000 1.200000
v 1.166000 1.700000 0.800000
v 1.161314 1.688686 1.200000
v 1.161314 1.688686 0.800000
v 1.150000 1.684000 1.200000
v 1.150000 1.684000 0.800000
v 1.138686 1.688686 1.200000
v 1.138686 1.688686 0.800000
v 1.134000 1.700000 1.200000
v 1.134000 1.700000 0.800000
v 1.138686 1.711314 1.200000
v 1.138686 1.711314 0.800000
v 1.150000 1.716000 0.800000
v 1.150000 1.716000 1.200000
v 1.161314 2.011314 1.200000
v 1.161314 2.011314 0.800000
v 1.166000 2.000000 1.200000
v 1.166000 2.000000 0.800000
v 1.161314 1.988686 1.200000
v 1.161314 1.988686 0.800000
v 1.150000 1.984000 1.200000
v 1.150000 1.984000 0.800000
v 1.138686 1.988686 1.200000
v 1.138686 1.988686 0.800000
v 1.134000 2.000000 1.200000
v 1.134000 2.000000 0.800000
v 1.138686 2.011314 1.200000
v 1.138686 2.011314 0.800000
v 1.150000 2.016000 0.800000
v 1.150000 2.016000 1.200000
v 1.161314 2.311314 1.200000
v 1.161314 2.311314 0.800000
v 1.166000 2.300000 1.200000
v 1.166000 2.300000 0.800000
v 1.161314 2.288687 1.200000
v 1.161314 2.288687 0.800000
v 1.150000 2.284000 1.200000
v 1.150000 2.284000 0.800000
v 1.138686 2.288687 1.200000
v 1.138686 2.288687 0.800000
v 1.134000 2.300000 1.200000
v 1.134000 2.300000 0.800000
v 1.138686 2.311314 1.200000
v 1.138686 2.311314 0.800000
v 1.150000 2.316000 0.800000
v 1.150000 2.316000 1.200000
v 1.116314 2.611314 1.200000
v 1.116314 2.611314 0.800000
v 1.121000 2.600000 1.200000
v 1.121000 2.600000 0.800000
v 1.116314 2.588686 1.200000
v 1.116314 2.588686 0.800000
v 1.105000 2.584000 1.200000
v 1.105000 2.584000 0.800000
v 1.093686 2.588686 1.200000
v 1.093686 2.588686 0.800000
v 1.089000 2.600000 1.200000
v 1.089000 2.600000 0.800000
v 1.093686 2.611314 1.200000
v 1.093686 2.611314 0.800000
v 1.105000 2.616000 0.800000
v 1.105000 2.616000 1.200000
v 0.991314 2.911314 1.200000
v 0.991314 2.911314 0.800000
v 0.996000 2.900000 1.200000
v 0.996000 2.900000 0.800000
v 0.991314 2.888686 1.200000
v 0.991314 2.888686 0.800000
v 0.980000 2.884000 1.200000
v 0.980000 2.884000 0.800000
v 0.968686 2.888686 1.200000
v 0.968686 2.888686 0.800000
v 0.964000 2.900000 1.200000
v 0.964000 2.900000 0.800000
v 0.968686 2.911314 1.200000
v 0.968686 2.911314 0.800000
v 0.980000 2.916000 0.800000
v 0.980000 2.916000 1.200000
v 0.801314 3.141314 1.200000
v 0.801314 3.141314 0.800000
v 0.806000 3.130000 1.200000
v 0.806000 3.130000 0.800000
v 0.801314 3.118686 1.200000
v 0.801314 3.118686 0.800000
v 0.790000 3.114000 1.200000
v 0.790000 3.114000 0.800000
v 0.778686 3.118686 1.200000
v 0.778686 3.118686 0.800000
v 0.774000 3.130000 1.200000
v 0.774000 3.130000 0.800000
v 0.778686 3.141314 1.200000
v 0.778686 3.141314 0.800000
v 0.790000 3.146000 0.800000
v 0.790000 3.146000 1.200000
v 1.200000 3.500000 1.260000
v 1.186711 3.495162 1.265858
v 1.300000 1.230000 1.260000
v 1.300000 3.000000 1.260000
v 1.285858 1.230000 1.265858
v 1.285858 3.000000 1.265858
v 1.280000 1.230000 1.280000
v 1.280000 3.000000 1.280000
v 1.285858 1.230000 1.294142
v 1.285858 3.000000 1.294142
v 1.300000 1.230000 1.300000
v 1.300000 3.000000 1.300000
v 1.314142 1.230000 1.294142
v 1.314142 3.000000 1.294142
v 1.320000 1.230000 1.280000
v 1.320000 3.000000 1.280000
v 1.314142 1.230000 1.265858
v 1.314142 3.000000 1.265858
v 1.181207 3.493158 1.280000
v 1.186711 3.495162 1.294142
v 1.200000 3.500000 1.300000
v 1.213289 3.504838 1.294142
v 1.218793 3.506842 1.280000
v 1.213289 3.504838 1.265858
v 0.900000 3.800000 1.260000
v 0.910000 3.810000 1.265858
v 0.914142 3.814142 1.280000
v 0.910000 3.810000 1.294142
v 0.900000 3.800000 1.300000
v 0.890000 3.790000 1.294142
v 0.885858 3.785858 1.280000
v 0.890000 3.790000 1.265858
v 0.499999 4.000000 1.260000
v 0.499999 4.014142 1.265858
v 0.499999 4.020000 1.280000
v 0.499999 4.014142 1.294142
v 0.499999 4.000000 1.300000
v 0.499999 3.985858 1.294142
v 0.499999 3.980000 1.280000
v 0.499999 3.985858 1.265858
v 0.374999 4.000000 1.252000
v 0.374999 4.019799 1.260201
v 0.374999 4.028000 1.280000
v 0.374999 4.019799 1.299799
v 0.374999 4.000000 1.308000
v 0.374999 3.980201 1.299799
v 0.374999 3.972000 1.280000
v 0.374999 3.980201 1.260201
v 0.324999 4.000000 1.252000
v 0.324999 4.019799 1.260201
v 0.324999 4.028000 1.280000
v 0.324999 4.019799 1.299799
v 0.324999 4.000000 1.308000
v 0.324999 3.980201 1.299799
v 0.324999 3.972000 1.280000
v 0.324999 3.980201 1.260201
v 0.349999 3.980000 1.260000
v 0.335857 3.980000 1.265858
v 0.329999 3.980000 1.280000
v 0.335857 3.980000 1.294142
v 0.349999 3.980000 1.300000
v 0.364142 3.980000 1.294142
v 0.369999 3.980000 1.280000
v 0.364141 3.980000 1.265858
v 0.349999 3.350000 1.260000
v 0.335857 3.350000 1.265858
v 0.329999 3.350000 1.280000
v 0.335857 3.350000 1.294142
v 0.349999 3.350000 1.300000
v 0.364142 3.350000 1.294142
v 0.369999 3.350000 1.280000
v 0.364141 3.350000 1.265858
v 1.299999 2.775000 1.252000
v 1.319798 2.775000 1.260201
v 1.327999 2.775000 1.280000
v 1.319798 2.775000 1.299799
v 1.299999 2.775000 1.308000
v 1.280200 2.775000 1.299799
v 1.271999 2.775000 1.280000
v 1.280201 2.775000 1.260201
v 1.299999 2.825000 1.252000
v 1.319798 2.825000 1.260201
v 1.327999 2.825000 1.280000
v 1.319798 2.825000 1.299799
v 1.299999 2.825000 1.308000
v 1.280200 2.825000 1.299799
v 1.271999 2.825000 1.280000
v 1.280201 2.825000 1.260201
v 1.279999 2.800000 1.260000
v 1.279999 2.814142 1.265858
v 1.279999 2.820000 1.280000
v 1.279999 2.814142 1.294142
v 1.279999 2.800000 1.300000
v 1.279999 2.785858 1.294142
v 1.279999 2.780000 1.280000
v 1.279999 2.785858 1.265858
v 1.049999 2.810000 1.180000
v 1.044023 2.822817 1.185858
v 1.041547 2.828126 1.200000
v 1.044023 2.822817 1.214142
v 1.049999 2.810000 1.220000
v 1.055976 2.797183 1.214142
v 1.058452 2.791874 1.200000
v 1.055976 2.797183 1.185858
v 1.040565 2.777342 1.172000
v 1.058509 2.785710 1.180201
v 1.065941 2.789176 1.200000
v 1.058509 2.785710 1.219799
v 1.040565 2.777342 1.228000
v 1.022621 2.768975 1.219799
v 1.015188 2.765509 1.200000
v 1.022621 2.768975 1.180201
v 1.019434 2.822658 1.172000
v 1.037378 2.831025 1.180201
v 1.044811 2.834491 1.200000
v 1.037378 2.831025 1.219799
v 1.019434 2.822658 1.228000
v 1.001490 2.814290 1.219799
v 0.994057 2.810825 1.200000
v 1.001490 2.814291 1.180201
v 1.270000 1.130000 1.230000
v 1.260000 1.140000 1.235858
v 1.255858 1.144142 1.250000
v 1.260000 1.140000 1.264142
v 1.270000 1.130000 1.270000
v 1.280000 1.120000 1.264142
v 1.284142 1.115858 1.250000
v 1.280000 1.120000 1.235858
v 1.170000 1.100000 1.180000
v 1.170000 1.114142 1.185858
v 1.170000 1.120000 1.200000
v 1.170000 1.114142 1.214142
v 1.170000 1.100000 1.220000
v 1.170000 1.085858 1.214142
v 1.170000 1.080000 1.200000
v 1.170000 1.085858 1.185858
v 1.149999 1.075000 1.172000
v 1.169798 1.075000 1.180201
v 1.177999 1.075000 1.200000
v 1.169798 1.075000 1.219799
v 1.149999 1.075000 1.228000
v 1.130200 1.075000 1.219799
v 1.121999 1.075000 1.200000
v 1.130201 1.075000 1.180201
v 1.149999 1.125000 1.172000
v 1.169798 1.125000 1.180201
v 1.177999 1.125000 1.200000
v 1.169798 1.125000 1.219799
v 1.149999 1.125000 1.228000
v 1.130200 1.125000 1.219799
v 1.121999 1.125000 1.200000
v 1.130201 1.125000 1.180201
v 1.149999 1.075000 0.772000
v 1.169798 1.075000 0.780201
v 1.177999 1.075000 0.800000
v 1.169798 1.075000 0.819799
v 1.149999 1.075000 0.828000
v 1.130200 1.075000 0.819799
v 1.121999 1.075000 0.800000
v 1.130201 1.075000 0.780201
v 1.149999 1.125000 0.772000
v 1.169798 1.125000 0.780201
v 1.177999 1.125000 0.800000
v 1.169798 1.125000 0.819799
v 1.149999 1.125000 0.828000
v 1.130200 1.125000 0.819799
v 1.121999 1.125000 0.800000
v 1.130201 1.125000 0.780201
v 1.050000 1.100000 1.180000
v 1.050000 1.085858 1.185858
v 1.050000 1.080000 1.200000
v 1.050000 1.085858 1.214142
v 1.050000 1.100000 1.220000
v 1.050000 1.114142 1.214142
v 1.050000 1.120000 1.200000
v 1.050000 1.114142 1.185858
v 1.130500 1.100000 1.180000
v 1.130500 1.085858 1.185858
v 1.130500 1.080000 1.200000
v 1.130500 1.085858 1.214142
v 1.130500 1.100000 1.220000
v 1.130500 1.114142 1.214142
v 1.130500 1.120000 1.200000
v 1.130500 1.114142 1.185858
v 1.050000 1.100000 0.780000
v 1.050000 1.085858 0.785858
v 1.050000 1.080000 0.800000
v 1.050000 1.085858 0.814142
v 1.050000 1.100000 0.820000
v 1.050000 1.114142 0.814142
v 1.050000 1.120000 0.800000
v 1.050000 1.114142 0.785858
v 1.130500 1.100000 0.780000
v 1.130500 1.085858 0.785858
v 1.130500 1.080000 0.800000
v 1.130500 1.085858 0.814142
v 1.130500 1.100000 0.820000
v 1.130500 1.114142 0.814142
v 1.130500 1.120000 0.800000
v 1.130500 1.114142 0.785858
v 0.600000 3.330000 0.570000
v 0.600000 3.350000 0.570000
v 0.600000 3.370000 0.560000
v 0.600000 3.370000 0.540000
v 0.600000 3.330000 1.290000
v 0.600000 3.350000 1.290000
v 0.600000 3.370000 1.320000
v 0.600000 3.370000 1.300000
v -0.600000 3.000000 1.290000
v -0.600000 3.330000 1.290000
v -0.600000 3.330000 1.290000
v -0.600000 3.330000 0.570000
v -0.600000 3.330000 0.570000
v -0.600000 3.000000 0.570000
v 0.000000 3.330000 0.570000
v 0.000000 3.330000 1.290000
v -0.600000 3.330000 0.570000
v -0.600000 3.330000 0.550000
v 0.000000 3.370000 0.540000
v 0.000000 3.370000 0.540000
v 0.000000 3.370000 0.540000
v 0.000000 3.370000 0.540000
v 0.000000 3.330000 0.550000
v -1.150000 0.700000 1.180000
v -1.135858 0.700000 1.185858
v -1.130000 0.700000 1.200000
v -1.135858 0.700000 1.214142
v -1.150000 0.700000 1.220000
v -1.164142 0.700000 1.214142
v -1.170000 0.700000 1.200000
v -1.164142 0.700000 1.185858
v -0.567929 3.283681 1.185858
v -0.575000 3.295929 1.180000
v -0.565000 3.278609 1.200000
v -0.567929 3.283681 1.214142
v -0.575000 3.295929 1.220000
v -0.582071 3.308177 1.214142
v -0.585000 3.313249 1.200000
v -0.582071 3.308177 1.185858
v -1.150000 0.700000 0.780000
v -1.135858 0.700000 0.785858
v -1.130000 0.700000 0.800000
v -1.135858 0.700000 0.814142
v -1.150000 0.700000 0.820000
v -1.164142 0.700000 0.814142
v -1.170000 0.700000 0.800000
v -1.164142 0.700000 0.785858
v -0.567929 3.283681 0.785858
v -0.575000 3.295929 0.780000
v -0.565000 3.278609 0.800000
v -0.567929 3.283681 0.814142
v -0.575000 3.295929 0.820000
v -0.582071 3.308177 0.814142
v -0.585000 3.313249 0.800000
v -0.582071 3.308177 0.785858
v -0.374999 4.000000 1.252000
v -0.374999 4.019799 1.260201
v -0.374999 4.028000 1.280000
v -0.374999 4.019799 1.299799
v -0.374999 4.000000 1.308000
v -0.374999 3.980201 1.299799
v -0.374999 3.972000 1.280000
v -0.374999 3.980201 1.260201
v -0.324999 4.000000 1.252000
v -0.324999 4.019799 1.260201
v -0.324999 4.028000 1.280000
v -0.324999 4.019799 1.299799
v -0.324999 4.000000 1.308000
v -0.324999 3.980201 1.299799
v -0.324999 3.972000 1.280000
v -0.324999 3.980201 1.260201
v -1.299999 2.775000 1.252000
v -1.319798 2.775000 1.260201
v -1.327999 2.775000 1.280000
v -1.319798 2.775000 1.299799
v -1.299999 2.775000 1.308000
v -1.280200 2.775000 1.299799
v -1.271999 2.775000 1.280000
v -1.280201 2.775000 1.260201
v -1.299999 2.825000 1.252000
v -1.319798 2.825000 1.260201
v -1.327999 2.825000 1.280000
v -1.319798 2.825000 1.299799
v -1.299999 2.825000 1.308000
v -1.280200 2.825000 1.299799
v -1.271999 2.825000 1.280000
v -1.280201 2.825000 1.260201
v -1.040565 2.777342 1.172000
v -1.058509 2.785710 1.180201
v -1.065941 2.789176 1.200000
v -1.058509 2.785710 1.219799
v -1.040565 2.777342 1.228000
v -1.022621 2.768975 1.219799
v -1.015188 2.765509 1.200000
v -1.022621 2.768975 1.180201
v -1.019434 2.822658 1.172000
v -1.037378 2.831025 1.180201
v -1.044811 2.834491 1.200000
v -1.037378 2.831025 1.219799
v -1.019434 2.822658 1.228000
v -1.001490 2.814290 1.219799
v -0.994057 2.810825 1.200000
v -1.001490 2.814291 1.180201
v -1.170000 1.100000 1.180000
v -1.170000 1.114142 1.185858
v -1.170000 1.080000 1.200000
v -1.170000 1.085858 1.185858
v -1.149999 1.075000 1.172000
v -1.169798 1.075000 1.180201
v -1.177999 1.075000 1.200000
v -1.169798 1.075000 1.219799
v -1.149999 1.075000 1.228000
v -1.130200 1.075000 1.219799
v -1.121999 1.075000 1.200000
v -1.130201 1.075000 1.180201
v -1.149999 1.125000 1.172000
v -1.169798 1.125000 1.180201
v -1.177999 1.125000 1.200000
v -1.169798 1.125000 1.219799
v -1.149999 1.125000 1.228000
v -1.130200 1.125000 1.219799
v -1.121999 1.125000 1.200000
v -1.130201 1.125000 1.180201
v -1.149999 1.075000 0.772000
v -1.169798 1.075000 0.780201
v -1.177999 1.075000 0.800000
v -1.169798 1.075000 0.819799
v -1.149999 1.075000 0.828000
v -1.130200 1.075000 0.819799
v -1.121999 1.075000 0.800000
v -1.130201 1.075000 0.780201
v -1.149999 1.125000 0.772000
v -1.169798 1.125000 0.780201
v -1.177999 1.125000 0.800000
v -1.169798 1.125000 0.819799
v -1.149999 1.125000 0.828000
v -1.130200 1.125000 0.819799
v -1.121999 1.125000 0.800000
v -1.130201 1.125000 0.780201
v -0.600000 3.330000 1.290000
v -0.600000 3.350000 1.290000
v -0.600000 3.350000 0.570000
v -0.600000 3.370000 0.560000
v -0.600000 3.370000 0.540000
v -0.600000 3.370000 0.540000
v 0.000000 3.370000 0.560000
v 0.000000 3.370000 0.560000
v 0.000000 3.350000 0.570000
v -0.600000 3.330000 1.310000
v 0.000000 3.370000 1.300000
v 0.000000 3.370000 1.300000
v 0.000000 3.370000 1.320000
v 0.000000 3.370000 1.320000
v 0.000000 3.370000 1.320000
v 0.000000 3.370000 1.320000
v -0.600000 3.370000 1.320000
v -0.600000 3.370000 1.320000
v -0.600000 3.370000 1.300000
v 0.000000 3.350000 1.290000
v 0.000000 3.330000 1.310000
v 0.600000 3.000000 1.290000
v 0.600000 3.330000 1.290000
v 0.600000 3.330000 1.290000
v 0.600000 3.330000 0.570000
v 0.600000 3.330000 0.570000
v 0.600000 3.000000 0.570000
v 0.600000 3.330000 0.570000
v 0.600000 3.330000 0.550000
v 1.150000 0.700000 1.180000
v 1.135858 0.700000 1.185858
v 1.130000 0.700000 1.200000
v 1.135858 0.700000 1.214142
v 1.150000 0.700000 1.220000
v 1.164142 0.700000 1.214142
v 1.170000 0.700000 1.200000
v 1.164142 0.700000 1.185858
v 0.567929 3.283681 1.185858
v 0.575000 3.295929 1.180000
v 0.565000 3.278609 1.200000
v 0.567929 3.283681 1.214142
v 0.575000 3.295929 1.220000
v 0.582071 3.308177 1.214142
v 0.585000 3.313249 1.200000
v 0.582071 3.308177 1.185858
v 1.150000 0.700000 0.780000
v 1.135858 0.700000 0.785858
v 1.130000 0.700000 0.800000
v 1.135858 0.700000 0.814142
v 1.150000 0.700000 0.820000
v 1.164142 0.700000 0.814142
v 1.170000 0.700000 0.800000
v 1.164142 0.700000 0.785858
v 0.567929 3.283681 0.785858
v 0.575000 3.295929 0.780000
v 0.565000 3.278609 0.800000
v 0.567929 3.283681 0.814142
v 0.575000 3.295929 0.820000
v 0.582071 3.308177 0.814142
v 0.585000 3.313249 0.800000
v 0.582071 3.308177 0.785858
v 0.374999 4.000000 1.252000
v 0.374999 4.019799 1.260201
v 0.374999 4.028000 1.280000
v 0.374999 4.019799 1.299799
v 0.374999 4.000000 1.308000
v 0.374999 3.980201 1.299799
v 0.374999 3.972000 1.280000
v 0.374999 3.980201 1.260201
v 0.324999 4.000000 1.252000
v 0.324999 4.019799 1.260201
v 0.324999 4.028000 1.280000
v 0.324999 4.019799 1.299799
v 0.324999 4.000000 1.308000
v 0.324999 3.980201 1.299799
v 0.324999 3.972000 1.280000
v 0.324999 3.980201 1.260201
v 1.299999 2.775000 1.252000
v 1.319798 2.775000 1.260201
v 1.327999 2.775000 1.280000
v 1.319798 2.775000 1.299799
v 1.299999 2.775000 1.308000
v 1.280200 2.775000 1.299799
v 1.271999 2.775000 1.280000
v 1.280201 2.775000 1.260201
v 1.299999 2.825000 1.252000
v 1.319798 2.825000 1.260201
v 1.327999 2.825000 1.280000
v 1.319798 2.825000 1.299799
v 1.299999 2.825000 1.308000
v 1.280200 2.825000 1.299799
v 1.271999 2.825000 1.280000
v 1.280201 2.825000 1.260201
v 1.040565 2.777342 1.172000
v 1.058509 2.785710 1.180201
v 1.065941 2.789176 1.200000
v 1.058509 2.785710 1.219799
v 1.040565 2.777342 1.228000
v 1.022621 2.768975 1.219799
v 1.015188 2.765509 1.200000
v 1.022621 2.768975 1.180201
v 1.019434 2.822658 1.172000
v 1.037378 2.831025 1.180201
v 1.044811 2.834491 1.200000
v 1.037378 2.831025 1.219799
v 1.019434 2.822658 1.228000
v 1.001490 2.814290 1.219799
v 0.994057 2.810825 1.200000
v 1.001490 2.814291 1.180201
v 1.170000 1.100000 1.180000
v 1.170000 1.114142 1.185858
v 1.170000 1.080000 1.200000
v 1.170000 1.085858 1.185858
v 1.149999 1.075000 1.172000
v 1.169798 1.075000 1.180201
v 1.177999 1.075000 1.200000
v 1.169798 1.075000 1.219799
v 1.149999 1.075000 1.228000
v 1.130200 1.075000 1.219799
v 1.121999 1.075000 1.200000
v 1.130201 1.075000 1.180201
v 1.149999 1.125000 1.172000
v 1.169798 1.125000 1.180201
v 1.177999 1.125000 1.200000
v 1.169798 1.125000 1.219799
v 1.149999 1.125000 1.228000
v 1.130200 1.125000 1.219799
v 1.121999 1.125000 1.200000
v 1.130201 1.125000 1.180201
v 1.149999 1.075000 0.772000
v 1.169798 1.075000 0.780201
v 1.177999 1.075000 0.800000
v 1.169798 1.075000 0.819799
v 1.149999 1.075000 0.828000
v 1.130200 1.075000 0.819799
v 1.121999 1.075000 0.800000
v 1.130201 1.075000 0.780201
v 1.149999 1.125000 0.772000
v 1.169798 1.125000 0.780201
v 1.177999 1.125000 0.800000
v 1.169798 1.125000 0.819799
v 1.149999 1.125000 0.828000
v 1.130200 1.125000 0.819799
v 1.121999 1.125000 0.800000
v 1.130201 1.125000 0.780201
v 0.600000 3.330000 1.290000
v 0.600000 3.350000 1.290000
v 0.600000 3.350000 0.570000
v 0.600000 3.370000 0.560000
v 0.600000 3.370000 0.540000
v 0.600000 3.370000 0.540000
v 0.600000 3.330000 1.310000
v 0.600000 3.370000 1.320000
v 0.600000 3.370000 1.320000
v 0.600000 3.370000 1.300000
vn -1.0000 -0.0000 -0.0000
vn -0.0000 -0.0000 -1.0000
vn -0.0000 -0.0000 1.0000
vn -0.0000 1.0000 -0.0000
vn -0.0000 0.4472 -0.8944
vn -0.0000 -1.0000 -0.0000
vn -0.0106 0.0009 -0.9999
vn 0.7071 -0.0000 -0.7071
vn 0.7013 -0.0306 -0.7122
vn 1.0000 -0.0000 -0.0000
vn 0.9990 -0.0441 -0.0000
vn 0.7071 -0.0000 0.7071
vn 0.7013 -0.0306 0.7122
vn -0.0106 0.0009 0.9999
vn -0.7071 -0.0000 0.7071
vn -0.7119 0.0311 0.7016
vn -0.7119 0.0311 -0.7016
vn -0.0209 0.0037 -0.9998
vn -0.9991 0.0432 -0.0000
vn -0.7071 -0.0000 -0.7071
vn -0.9848 0.1736 -0.0000
vn -0.6742 0.2454 -0.6966
vn -0.7065 0.1246 -0.6966
vn 0.6856 -0.1209 -0.7179
vn 0.6856 -0.1209 0.7179
vn -0.0209 0.0037 0.9998
vn 0.9848 -0.1737 -0.0000
vn -0.7065 0.1246 0.6966
vn -0.9397 0.3420 -0.0000
vn -0.6213 0.3587 0.6966
vn -0.8660 0.5000 -0.0000
vn -0.0200 0.0073 0.9998
vn -0.6742 0.2454 0.6966
vn 0.6542 -0.2381 0.7179
vn -0.0200 0.0073 -0.9998
vn 0.6542 -0.2381 -0.7179
vn 0.9397 -0.3420 -0.0000
vn -0.0184 0.0106 -0.9998
vn 0.5333 -0.4475 -0.7179
vn 0.6029 -0.3481 -0.7179
vn -0.0184 0.0106 0.9998
vn 0.8660 -0.5000 -0.0000
vn -0.6213 0.3587 -0.6966
vn 0.6029 -0.3481 0.7179
vn -0.5496 0.4611 -0.6966
vn -0.6428 0.7660 -0.0000
vn -0.4611 0.5496 -0.6966
vn -0.0163 0.0136 -0.9998
vn -0.7660 0.6428 -0.0000
vn 0.5333 -0.4475 0.7179
vn -0.0163 0.0136 0.9998
vn 0.7660 -0.6428 -0.0000
vn -0.5496 0.4612 0.6966
vn 0.6428 -0.7660 -0.0000
vn 0.4001 -0.5714 -0.7165
vn 0.5736 -0.8191 -0.0000
vn -0.0137 0.0163 0.9998
vn -0.4611 0.5496 0.6966
vn 0.4475 -0.5333 0.7179
vn -0.0137 0.0163 -0.9998
vn 0.4475 -0.5333 -0.7179
vn 0.8660 0.5000 -0.0000
vn -0.5736 0.8192 -0.0000
vn -0.4123 0.5888 -0.6953
vn -0.0122 0.0175 0.9998
vn -0.4123 0.5888 0.6953
vn 0.4001 -0.5714 0.7165
vn -0.0122 0.0175 -0.9998
vn -0.0163 0.0137 -0.9998
vn -0.0163 0.0137 0.9998
vn -0.5496 0.4611 0.6966
vn 0.5736 -0.8192 -0.0000
vn -0.4612 0.5496 0.6966
vn 0.7071 0.7071 -0.0000
vn 0.7071 -0.7071 -0.0000
vn -0.7071 0.7071 -0.0000
vn -0.7071 -0.7071 -0.0000
vn 0.8754 -0.4834 -0.0000
vn 0.4024 -0.5614 -0.7231
vn 0.5786 -0.8156 -0.0000
vn -0.0240 0.0048 -0.9997
vn -0.6531 0.3506 -0.6712
vn -0.0593 0.0439 -0.9973
vn 0.6933 0.2161 -0.6875
vn -0.0466 0.1331 -0.9900
vn -0.5901 0.8073 -0.0000
vn -0.4258 0.5918 -0.6845
vn 0.6926 -0.0689 0.7181
vn -0.0593 0.0439 0.9973
vn -0.0240 0.0048 0.9997
vn 0.6926 -0.0689 -0.7181
vn 0.9906 0.1303 0.0420
vn -0.0183 0.0363 -0.9992
vn -0.7163 0.0711 -0.6941
vn -0.8869 0.4620 -0.0000
vn 0.9949 -0.1011 -0.0000
vn 0.6747 -0.0247 0.7377
vn 0.4024 -0.5614 0.7231
vn 0.5893 -0.3204 0.7416
vn -0.0287 -0.1481 0.9886
vn -0.0183 0.0363 0.9992
vn 0.5893 -0.3204 -0.7416
vn -0.6942 -0.1898 0.6943
vn 0.2443 -0.9697 -0.0000
vn -0.7163 0.0711 0.6941
vn -0.9954 0.0961 -0.0000
vn -0.9880 -0.1523 0.0251
vn -0.7394 -0.0349 -0.6724
vn -0.6531 0.3506 0.6712
vn 0.1773 -0.3378 0.9244
vn -0.4258 0.5918 0.6845
vn -0.2171 0.9761 -0.0000
vn -0.0000 0.7071 -0.7071
vn -0.1715 0.7187 -0.6738
vn 0.1614 -0.6656 0.7287
vn -0.0275 0.0555 0.9981
vn -0.1715 0.7187 0.6738
vn -0.0275 0.0555 -0.9981
vn 0.1614 -0.6656 -0.7287
vn -0.0000 -0.7071 -0.7071
vn -0.0000 -0.7071 0.7071
vn -0.0000 0.7071 0.7071
vn -0.2472 0.7245 -0.6434
vn -0.0566 0.9966 -0.0606
vn -0.2279 0.7761 -0.5880
vn -0.1910 -0.7425 -0.6420
vn 0.0198 -0.9957 -0.0906
vn 0.0797 -0.9935 0.0808
vn 0.3340 -0.0113 0.9425
vn 0.2518 -0.7518 0.6094
vn 0.3256 -0.0192 0.9453
vn -0.0082 0.9968 0.0790
vn 0.1757 0.7803 0.6002
vn -0.3217 0.2455 -0.9145
vn -0.3308 -0.0088 -0.9437
vn -0.2536 -0.5436 -0.8001
vn 0.2854 -0.6462 0.7078
vn 0.2263 0.6470 0.7282
vn -0.6408 0.2988 -0.7071
vn -0.9063 0.4226 -0.0000
vn -0.6409 0.2988 -0.7071
vn 0.9063 -0.4226 -0.0000
vn 0.6409 -0.2988 -0.7071
vn 0.6409 -0.2988 0.7071
vn -0.6409 0.2988 0.7071
vn 0.4226 0.9063 -0.0000
vn -0.4226 -0.9063 -0.0000
vn 0.6762 0.1628 0.7185
vn 0.7820 -0.0648 0.6199
vn 0.8158 0.4276 0.3894
vn 0.1953 0.6767 -0.7099
vn -0.3574 0.1855 -0.9153
vn 0.7245 0.6887 0.0265
vn -0.3901 -0.6537 0.6485
vn -0.6667 -0.4020 -0.6276
vn -0.7005 -0.7135 0.0153
vn 0.6388 -0.6079 0.4716
vn 0.7059 0.7023 -0.0928
vn -0.2117 0.6122 -0.7618
vn -0.3328 -0.9394 -0.0824
vn -0.4584 -0.0489 -0.8874
vn -0.4908 -0.5990 -0.6327
vn -0.0000 0.4472 0.8944
vn -0.0000 -0.2425 -0.9701
vn -0.0000 -0.2425 0.9701
vn 0.0106 0.0009 -0.9999
vn -0.7013 -0.0306 -0.7122
vn -0.9990 -0.0441 -0.0000
vn -0.7013 -0.0306 0.7122
vn 0.0106 0.0009 0.9999
vn 0.7119 0.0311 0.7016
vn 0.0209 0.0037 -0.9998
vn 0.7119 0.0311 -0.7016
vn 0.9991 0.0432 -0.0000
vn 0.6742 0.2454 -0.6966
vn 0.9848 0.1736 -0.0000
vn 0.7065 0.1246 -0.6966
vn -0.6856 -0.1209 -0.7179
vn -0.6856 -0.1209 0.7179
vn 0.0209 0.0037 0.9998
vn 0.6742 0.2454 0.6966
vn 0.9397 0.3420 -0.0000
vn 0.7065 0.1246 0.6966
vn 0.0200 0.0073 0.9998
vn -0.6542 -0.2381 0.7179
vn -0.9848 -0.1737 -0.0000
vn 0.0200 0.0073 -0.9998
vn -0.6542 -0.2381 -0.7179
vn -0.6029 -0.3481 -0.7179
vn 0.0163 0.0137 -0.9998
vn 0.0184 0.0106 -0.9998
vn 0.0184 0.0106 0.9998
vn -0.9397 -0.3420 -0.0000
vn 0.6213 0.3587 -0.6966
vn -0.6029 -0.3481 0.7179
vn 0.5496 0.4611 -0.6966
vn 0.6428 0.7660 -0.0000
vn 0.7660 0.6428 -0.0000
vn 0.6213 0.3587 0.6966
vn -0.5333 -0.4475 0.7179
vn -0.8660 -0.5000 -0.0000
vn -0.5333 -0.4475 -0.7179
vn 0.0163 0.0136 0.9998
vn -0.6428 -0.7660 -0.0000
vn -0.4001 -0.5714 -0.7165
vn -0.4475 -0.5333 -0.7179
vn 0.5496 0.4612 0.6966
vn 0.0137 0.0163 0.9998
vn -0.7660 -0.6428 -0.0000
vn 0.0137 0.0163 -0.9998
vn 0.4611 0.5496 -0.6966
vn 0.5736 0.8192 -0.0000
vn 0.4611 0.5496 0.6966
vn 0.0122 0.0175 0.9998
vn -0.4001 -0.5714 0.7165
vn -0.4475 -0.5333 0.7179
vn 0.0122 0.0175 -0.9998
vn 0.5496 0.4612 -0.6966
vn 0.0163 0.0136 -0.9998
vn 0.0163 0.0137 0.9998
vn -0.5736 -0.8192 -0.0000
vn 0.4612 0.5496 0.6966
vn -0.8754 -0.4834 -0.0000
vn -0.4024 -0.5614 -0.7231
vn -0.5893 -0.3204 -0.7416
vn 0.0240 0.0048 -0.9997
vn 0.6531 0.3506 -0.6712
vn 0.7163 0.0711 -0.6941
vn -0.6933 0.2161 -0.6875
vn 0.0466 0.1331 -0.9900
vn 0.5901 0.8073 -0.0000
vn 0.8869 0.4620 -0.0000
vn 0.0593 0.0439 0.9973
vn -0.6926 -0.0689 0.7181
vn 0.0240 0.0048 0.9997
vn -0.9906 0.1303 0.0420
vn -0.6926 -0.0689 -0.7181
vn 0.0593 0.0439 -0.9973
vn 0.4258 0.5918 -0.6845
vn 0.9954 0.0961 -0.0000
vn -0.6747 -0.0247 0.7377
vn -0.9949 -0.1011 -0.0000
vn -0.4024 -0.5614 0.7231
vn -0.5893 -0.3204 0.7416
vn 0.0287 -0.1481 0.9886
vn 0.0183 0.0363 0.9992
vn 0.6942 -0.1898 0.6943
vn -0.2443 -0.9697 -0.0000
vn -0.5786 -0.8156 -0.0000
vn 0.7163 0.0711 0.6941
vn 0.9880 -0.1523 0.0251
vn 0.0183 0.0363 -0.9992
vn 0.7394 -0.0349 -0.6724
vn 0.6531 0.3506 0.6712
vn -0.1773 -0.3378 0.9244
vn 0.4258 0.5918 0.6845
vn 0.2171 0.9761 -0.0000
vn 0.1715 0.7187 -0.6738
vn -0.1614 -0.6656 0.7287
vn 0.1715 0.7187 0.6738
vn 0.0275 0.0555 -0.9981
vn -0.1614 -0.6656 -0.7287
vn 0.0275 0.0555 0.9981
vn 0.2472 0.7245 -0.6434
vn 0.0566 0.9966 -0.0606
vn 0.0082 0.9968 0.0790
vn -0.0198 -0.9957 -0.0906
vn 0.1910 -0.7425 -0.6420
vn -0.0797 -0.9935 0.0808
vn -0.3340 -0.0113 0.9425
vn -0.2518 -0.7518 0.6094
vn -0.2854 -0.6462 0.7078
vn -0.1757 0.7803 0.6002
vn -0.2263 0.6470 0.7282
vn 0.3216 0.2455 -0.9145
vn 0.3308 -0.0088 -0.9437
vn 0.2536 -0.5436 -0.8001
vn -0.3256 -0.0192 0.9453
vn 0.6408 0.2988 -0.7071
vn 0.9063 0.4226 -0.0000
vn -0.9063 -0.4226 -0.0000
vn -0.6409 -0.2988 -0.7071
vn -0.6409 -0.2988 0.7071
vn 0.6409 0.2988 0.7071
vn 0.6409 0.2988 -0.7071
vn -0.4226 0.9063 -0.0000
vn 0.4226 -0.9063 -0.0000
vn -0.6762 0.1628 0.7185
vn -0.7820 -0.0648 0.6199
vn -0.1953 0.6767 -0.7099
vn -0.7245 0.6887 0.0265
vn 0.3901 -0.6537 0.6485
vn 0.6667 -0.4020 -0.6276
vn 0.7005 -0.7135 0.0153
vn -0.6388 -0.6078 0.4716
vn -0.8158 0.4276 0.3895
vn -0.7059 0.7023 -0.0928
vn 0.3328 -0.9394 -0.0824
vn 0.3574 0.1855 -0.9153
vn 0.2117 0.6122 -0.7618
vn 0.4908 -0.5990 -0.6327
vn -0.5736 -0.8191 -0.0000
vn 0.4123 0.5888 -0.6953
vn 0.4123 0.5888 0.6953
vn 0.2279 0.7761 -0.5879
vn 0.4584 -0.0489 -0.8874
vt 0.625000 0.000000
vt 0.375000 0.250000
vt 0.375000 0.000000
vt 0.625000 0.250000
vt 0.375000 0.500000
vt 0.625000 0.750000
vt 0.375000 1.000000
vt 0.375000 0.750000
vt 0.875000 0.500000
vt 0.625000 0.500000
vt 0.375000 0.125000
vt 0.625000 0.125000
vt 0.875000 0.687500
vt 0.625000 0.687500
vt 0.375000 0.625000
vt 1.000000 1.000000
vt 1.000000 0.500000
vt 0.875000 1.000000
vt 0.750000 0.500000
vt 0.750000 1.000000
vt 0.625000 1.000000
vt 0.500000 0.500000
vt 0.500000 1.000000
vt 0.250000 0.500000
vt 0.125000 1.000000
vt 0.000000 1.000000
vt 0.250000 1.000000
vt 0.125000 0.500000
vt 0.000000 0.500000
vt 0.919706 0.080294
vt 0.580294 0.080294
vt 0.580294 0.419706
vt 0.010000 0.250000
vt 0.250000 0.010000
vt 0.490000 0.250000
vt 0.375000 0.687500
vt 0.375000 0.812500
vt 0.625000 0.625000
vt 0.875000 0.625000
vt 0.625000 0.062500
vt 0.375000 0.062500
vt 0.000000 0.000000
vt 0.919706 0.419706
vt 0.250000 0.490000
vt 0.875000 0.750000
vt 0.750000 0.490000
vt 0.990000 0.250000
vt 0.750000 0.010000
vt 0.510000 0.250000
vt 0.419706 0.419706
vt 0.080294 0.419706
vt 0.080294 0.080294
vt 0.419706 0.080294
s 0
f 5020/373/349 5024/374/349 5019/375/349
f 5023/376/350 4031/377/350 4027/374/350
f 4030/378/351 4025/379/351 4029/380/351
f 4028/381/352 5026/378/352 4032/382/352
f 5027/383/349 5152/384/349 5028/374/349
f 4528/385/353 5161/386/353 5169/386/353
f 4034/374/354 4520/387/354 4517/387/354
s 1
f 4038/388/355 5035/381/356 5034/389/350
f 4040/390/357 5036/391/358 5035/381/356
f 4042/392/359 5037/382/360 5036/391/358
f 4044/393/361 5038/394/351 5037/382/360
f 4046/395/362 5039/377/363 5038/394/351
f 4048/379/364 5040/396/349 5039/377/363
f 4052/397/365 4053/398/366 4038/398/355
f 4050/399/367 5041/400/368 5040/396/349
f 4052/397/365 5034/401/350 5041/400/368
f 4043/402/354 4047/403/354 4051/404/354
f 4059/399/369 4068/397/370 4060/397/371
f 4038/388/355 4054/390/372 4040/390/357
f 4042/392/359 4056/393/373 4044/393/361
f 4048/379/364 4059/399/369 4050/399/367
f 4046/395/362 4056/393/373 4057/395/374
f 4052/397/365 4059/399/369 4060/397/371
f 4042/392/359 4054/390/372 4055/392/375
f 4048/379/364 4057/395/374 4058/379/376
f 4067/399/377 4074/379/378 4075/399/379
f 4058/379/376 4065/395/380 4066/379/381
f 4055/392/375 4064/393/382 4056/393/373
f 4054/390/372 4061/388/383 4062/390/384
f 4060/397/371 4061/398/383 4053/398/366
f 4058/379/376 4067/399/377 4059/399/369
f 4056/393/373 4065/395/380 4057/395/374
f 4055/392/375 4062/390/384 4063/392/385
f 4069/388/386 4078/390/387 4070/390/388
f 4064/393/382 4073/395/389 4065/395/380
f 4063/392/385 4070/390/388 4071/392/390
f 4067/399/377 4076/397/391 4068/397/370
f 4066/379/381 4073/395/389 4074/379/378
f 4063/392/385 4072/393/392 4064/393/382
f 4061/388/383 4070/390/388 4062/390/384
f 4068/397/370 4069/398/386 4061/398/383
f 4084/397/393 4091/399/394 4092/397/395
f 4076/397/391 4077/398/396 4069/398/386
f 4074/379/378 4083/399/397 4075/399/379
f 4073/395/389 4080/393/398 4081/395/399
f 4071/392/390 4078/390/387 4079/392/400
f 4075/399/379 4084/397/393 4076/397/391
f 4074/379/378 4081/395/399 4082/379/401
f 4071/392/390 4080/393/398 4072/393/392
f 4087/392/402 4094/390/403 5044/392/404
f 4082/379/401 4089/395/405 4090/379/406
f 4079/392/400 4088/393/407 4080/393/398
f 4078/390/387 4085/388/408 4086/390/409
f 4084/397/393 4085/398/408 4077/398/396
f 4082/379/401 4091/399/394 4083/399/397
f 4080/393/398 4089/395/405 4081/395/399
f 4079/392/400 4086/390/409 4087/392/402
f 5048/405/410 5046/406/410 4095/407/410
f 4092/397/395 4099/399/411 4100/397/412
f 4090/379/406 4097/395/413 4098/379/414
f 4087/392/402 4096/393/415 4088/393/407
f 4085/388/408 4094/390/403 4086/390/409
f 4092/397/395 4093/398/416 4085/398/408
f 4090/379/406 4099/399/411 4091/399/394
f 4089/395/405 4096/393/415 4097/395/413
f 4102/388/355 5051/381/356 5050/389/350
f 4104/390/357 5052/391/358 5051/381/356
f 4106/392/359 5053/382/360 5052/391/358
f 4108/393/361 5054/394/351 5053/382/360
f 4110/395/362 5055/377/363 5054/394/351
f 4112/379/364 5056/396/349 5055/377/363
f 4116/397/365 4117/398/366 4102/398/355
f 4114/399/367 5057/400/368 5056/396/349
f 4116/397/365 5050/401/350 5057/400/368
f 4107/402/354 4111/403/354 4115/404/354
f 4124/397/371 4131/399/377 4132/397/370
f 4104/390/357 4117/388/366 4118/390/372
f 4106/392/359 4120/393/373 4108/393/361
f 4112/379/364 4123/399/369 4114/399/367
f 4108/393/361 4121/395/374 4110/395/362
f 4116/397/365 4123/399/369 4124/397/371
f 4106/392/359 4118/390/372 4119/392/375
f 4112/379/364 4121/395/374 4122/379/376
f 4131/399/377 4138/379/378 4139/399/379
f 4122/379/376 4129/395/380 4130/379/381
f 4119/392/375 4128/393/382 4120/393/373
f 4118/390/372 4125/388/383 4126/390/384
f 4124/397/371 4125/398/383 4117/398/366
f 4122/379/376 4131/399/377 4123/399/369
f 4120/393/373 4129/395/380 4121/395/374
f 4119/392/375 4126/390/384 4127/392/385
f 4134/390/388 4141/388/417 4142/390/387
f 4128/393/382 4137/395/389 4129/395/380
f 4127/392/385 4134/390/388 4135/392/390
f 4131/399/377 4140/397/391 4132/397/370
f 4130/379/381 4137/395/389 4138/379/378
f 4127/392/385 4136/393/392 4128/393/382
f 4125/388/383 4134/390/388 4126/390/384
f 4132/397/370 4133/398/386 4125/398/383
f 4148/397/393 4155/399/394 4156/397/395
f 4140/397/391 4141/398/417 4133/398/386
f 4138/379/378 4147/399/397 4139/399/379
f 4136/393/392 4145/395/418 4137/395/389
f 4135/392/390 4142/390/387 4143/392/400
f 4140/397/391 4147/399/397 4148/397/393
f 4138/379/378 4145/395/418 4146/379/419
f 4135/392/390 4144/393/398 4136/393/392
f 4151/392/402 4158/390/403 5060/392/420
f 4146/379/419 4153/395/405 4154/379/421
f 4143/392/400 4152/393/407 4144/393/398
f 4142/390/387 4149/388/408 4150/390/409
f 4148/397/393 4149/398/408 4141/398/417
f 4146/379/419 4155/399/394 4147/399/397
f 4144/393/398 4153/395/405 4145/395/418
f 4143/392/400 4150/390/409 4151/392/402
f 5064/405/410 5062/406/410 4159/407/410
f 4156/397/395 4163/399/411 4164/397/412
f 4154/379/421 4161/395/413 4162/379/414
f 4152/393/407 5060/392/420 4160/393/415
f 4149/388/408 4158/390/403 4150/390/409
f 4156/397/395 4157/398/416 4149/398/408
f 4154/379/421 4163/399/411 4155/399/394
f 4152/393/407 4161/395/413 4153/395/405
f 4212/388/352 4210/381/422 4211/389/352
f 4207/392/358 4206/382/423 4208/391/358
f 4168/388/352 4169/381/422 4167/389/352
f 4196/397/424 4166/401/352 4195/400/424
f 4170/390/422 4171/391/358 4169/381/422
f 4209/390/422 4208/391/358 4210/381/422
f 4194/399/349 4195/400/424 4193/396/349
f 4172/392/358 4173/382/423 4171/391/358
f 4205/393/423 4204/394/354 4206/382/423
f 4192/379/425 4193/396/349 4191/377/425
f 4174/393/423 4175/394/354 4173/382/423
f 4203/395/354 4202/377/425 4204/394/354
f 4190/395/354 4191/377/425 4189/394/354
f 4176/395/354 4177/377/425 4175/394/354
f 4201/379/425 4200/396/349 4202/377/425
f 4188/393/423 4189/394/354 4187/382/423
f 4178/379/425 4179/396/349 4177/377/425
f 4184/390/422 4185/391/358 4183/381/422
f 4186/392/358 4187/382/423 4185/391/358
f 4180/399/349 4181/400/424 4179/396/349
f 4199/399/349 4198/400/424 4200/396/349
f 4197/397/424 4211/401/352 4198/400/424
f 4182/397/424 4167/401/352 4181/400/424
f 4165/388/352 4183/381/422 4166/389/352
f 4228/388/352 4226/381/422 4227/389/352
f 4223/392/358 4222/382/423 4224/391/358
f 4225/390/422 4224/391/358 4226/381/422
f 4221/393/423 4220/394/354 4222/382/423
f 4219/395/354 4218/377/425 4220/394/354
f 4217/379/425 4216/396/349 4218/377/425
f 4215/399/349 4214/400/424 4216/396/349
f 4213/397/424 4227/401/352 4214/400/424
f 4244/388/352 4242/381/422 4243/389/352
f 4239/392/358 4238/382/423 4240/391/358
f 4241/390/422 4240/391/358 4242/381/422
f 4237/393/423 4236/394/354 4238/382/423
f 4235/395/354 4234/377/425 4236/394/354
f 4233/379/425 4232/396/349 4234/377/425
f 4231/399/349 4230/400/424 4232/396/349
f 4229/397/424 4243/401/352 4230/400/424
f 4260/388/352 4258/381/422 4259/389/352
f 4255/392/358 4254/382/423 4256/391/358
f 4257/390/422 4256/391/358 4258/381/422
f 4253/393/423 4252/394/354 4254/382/423
f 4251/395/354 4250/377/425 4252/394/354
f 4249/379/425 4248/396/349 4250/377/425
f 4247/399/349 4246/400/424 4248/396/349
f 4245/397/424 4259/401/352 4246/400/424
f 4276/388/352 4274/381/422 4275/389/352
f 4271/392/358 4270/382/423 4272/391/358
f 4273/390/422 4272/391/358 4274/381/422
f 4269/393/423 4268/394/354 4270/382/423
f 4267/395/354 4266/377/425 4268/394/354
f 4265/379/425 4264/396/349 4266/377/425
f 4263/399/349 4262/400/424 4264/396/349
f 4261/397/424 4275/401/352 4262/400/424
f 4292/388/352 4290/381/422 4291/389/352
f 4287/392/358 4286/382/423 4288/391/358
f 4289/390/422 4288/391/358 4290/381/422
f 4285/393/423 4284/394/354 4286/382/423
f 4283/395/354 4282/377/425 4284/394/354
f 4281/379/425 4280/396/349 4282/377/425
f 4279/399/349 4278/400/424 4280/396/349
f 4277/397/424 4291/401/352 4278/400/424
f 4308/388/352 4306/381/422 4307/389/352
f 4303/392/358 4302/382/423 4304/391/358
f 4305/390/422 4304/391/358 4306/381/422
f 4301/393/423 4300/394/354 4302/382/423
f 4299/395/354 4298/377/425 4300/394/354
f 4297/379/425 4296/396/349 4298/377/425
f 4295/399/349 4294/400/424 4296/396/349
f 4293/397/424 4307/401/352 4294/400/424
f 4327/392/426 4340/390/427 4339/392/428
f 4312/398/429 4332/397/430 4309/398/431
f 4312/388/429 4313/381/432 4311/389/433
f 4332/397/430 4335/399/434 4334/397/435
f 4318/393/436 4329/395/437 4320/395/438
f 4314/390/439 4315/391/440 4313/381/432
f 4309/398/431 4334/397/435 4333/398/441
f 4326/397/442 4331/399/443 4332/397/430
f 4316/392/444 4317/382/445 4315/391/440
f 4327/392/426 4338/393/446 4328/393/447
f 4316/392/444 4328/393/447 4318/393/436
f 4318/393/436 4319/394/448 4317/382/445
f 4328/393/447 4337/395/449 4329/395/437
f 4314/390/439 4309/388/431 4310/390/450
f 4320/395/438 4321/377/451 4319/394/448
f 4340/390/427 4347/392/452 4339/392/428
f 4322/379/453 4331/399/443 4324/399/454
f 4322/379/453 4323/396/455 4321/377/451
f 4316/392/444 4310/390/450 4327/392/426
f 4310/390/450 4333/388/441 4340/390/427
f 4324/399/454 4325/400/456 4323/396/455
f 4330/379/457 4335/399/434 4331/399/443
f 4320/395/438 4330/379/457 4322/379/453
f 4326/397/442 4311/401/433 4325/400/456
f 4321/377/451 4441/394/458 4319/394/448
f 4329/395/437 4336/379/459 4330/379/457
f 4343/399/460 4350/397/461 4342/397/462
f 4337/395/449 4346/393/463 4345/395/464
f 4335/399/434 4344/379/465 4343/399/460
f 4334/397/435 4341/398/466 4333/398/441
f 4333/388/441 4348/390/467 4340/390/427
f 4338/393/446 4347/392/452 4346/393/463
f 4336/379/459 4345/395/464 4344/379/465
f 4335/399/434 4342/397/462 4334/397/435
f 4348/390/467 4355/392/354 4347/392/452
f 4346/393/463 4353/395/351 4345/395/464
f 4344/379/465 4351/399/352 4343/399/460
f 4342/397/462 4349/398/350 4341/398/466
f 4341/388/466 4356/390/468 4348/390/467
f 4347/392/452 4354/393/469 4346/393/463
f 4345/395/464 4352/379/470 4344/379/465
f 5068/399/352 5075/397/461 5067/397/461
f 5073/390/468 5080/392/354 5072/392/354
f 5071/393/469 5078/395/351 5070/395/351
f 5069/379/470 5076/399/352 5068/399/352
f 5067/397/461 5074/398/350 5066/398/350
f 5066/388/350 5081/390/468 5073/390/468
f 5072/392/354 5079/393/469 5071/393/469
f 5070/395/351 5077/379/470 5069/379/470
f 4368/379/358 4370/393/358 4372/390/358
f 4362/393/349 4360/379/349 4358/397/349
f 4375/399/358 4382/397/356 4374/397/356
f 4380/390/368 4387/392/349 4379/392/349
f 4378/393/363 4385/395/351 4377/395/351
f 4376/379/360 4383/399/358 4375/399/358
f 4374/397/356 4381/398/350 4373/398/350
f 4373/388/350 4388/390/368 4380/390/368
f 4379/392/349 4386/393/363 4378/393/363
f 4377/395/351 4384/379/360 4376/379/360
f 5083/397/368 5092/399/349 5091/397/368
f 5089/390/356 5096/392/358 5088/392/358
f 5087/393/360 5094/395/351 5086/395/351
f 5085/379/363 5092/399/349 5084/399/349
f 5083/397/368 5090/398/350 5082/398/350
f 5082/388/350 5097/390/356 5089/390/356
f 5088/392/358 5095/393/360 5087/393/360
f 5086/395/351 5093/379/363 5085/379/363
f 4400/379/352 4402/393/352 4404/390/352
f 4394/393/354 4392/379/354 4390/397/354
f 4406/397/471 4415/399/472 4414/397/473
f 4412/390/474 4419/392/475 4411/392/476
f 4409/395/477 4418/393/478 4417/395/479
f 4407/399/480 4416/379/481 4415/399/472
f 4406/397/471 4413/398/482 4405/398/483
f 4405/388/483 4420/390/484 4412/390/474
f 4411/392/476 4418/393/478 4410/393/485
f 4408/379/486 4417/395/479 4416/379/481
f 5099/397/487 5108/399/488 5107/397/489
f 5104/392/490 5113/390/491 5112/392/490
f 5102/395/351 5111/393/492 5110/395/351
f 5100/399/488 5109/379/493 5108/399/488
f 5098/398/350 5107/397/489 5106/398/350
f 5098/388/350 5113/390/491 5105/390/491
f 5104/392/490 5111/393/492 5103/393/492
f 5101/379/493 5110/395/351 5109/379/493
f 4432/379/494 4434/393/494 4436/390/494
f 4426/393/495 4424/379/495 4422/397/495
f 4440/382/496 4449/394/497 4448/382/498
f 4311/389/433 4438/381/499 4437/389/500
f 4313/381/432 4439/391/501 4438/381/499
f 4323/396/455 4442/377/502 4321/377/451
f 4311/401/433 4444/400/503 4325/400/456
f 4315/391/440 4440/382/496 4439/391/501
f 4325/400/456 4443/396/504 4323/396/455
f 4317/382/445 4441/394/458 4440/382/496
f 4448/402/498 4450/403/505 5117/404/358
f 4438/381/499 4447/391/506 4446/381/507
f 4444/400/503 4451/396/508 4443/396/504
f 4442/377/502 4449/394/497 4441/394/458
f 4439/391/501 4448/382/498 4447/391/506
f 4437/389/500 4446/381/507 4445/389/509
f 4437/401/500 4452/400/510 4444/400/503
f 4443/396/504 4450/377/505 4442/377/502
f 5119/397/368 5128/399/349 5127/397/368
f 5125/390/356 5132/392/358 5124/392/358
f 5123/393/360 5130/395/351 5122/395/351
f 5121/379/363 5128/399/349 5120/399/349
f 5119/397/368 5126/398/350 5118/398/350
f 5118/388/350 5133/390/356 5125/390/356
f 5124/392/358 5131/393/360 5123/393/360
f 5122/395/351 5129/379/363 5121/379/363
f 4464/379/352 4466/393/352 4468/390/352
f 4458/393/354 4456/379/354 4454/397/354
f 5135/397/368 5144/399/349 5143/397/368
f 5141/390/356 5148/392/358 5140/392/358
f 5139/393/360 5146/395/351 5138/395/351
f 5137/379/363 5144/399/349 5136/399/349
f 5135/397/368 5142/398/350 5134/398/350
f 5134/388/350 5149/390/356 5141/390/356
f 5140/392/358 5147/393/360 5139/393/360
f 5138/395/351 5145/379/363 5137/379/363
f 4480/379/352 4482/393/352 4484/390/352
f 4474/393/354 4472/379/354 4470/397/354
f 4487/399/354 4494/397/468 4486/397/468
f 4492/390/461 4499/392/352 4491/392/352
f 4490/393/470 4497/395/351 4489/395/351
f 4488/379/469 4495/399/354 4487/399/354
f 4486/397/468 4493/398/350 4485/398/350
f 4485/388/350 4500/390/461 4492/390/461
f 4491/392/352 4498/393/470 4490/393/470
f 4489/395/351 4496/379/469 4488/379/469
f 4503/399/354 4510/397/468 4502/397/468
f 4508/390/461 4515/392/352 4507/392/352
f 4506/393/470 4513/395/351 4505/395/351
f 4504/379/469 4511/399/354 4503/399/354
f 4502/397/468 4509/398/350 4501/398/350
f 4501/388/350 4516/390/461 4508/390/461
f 4507/392/352 4514/393/470 4506/393/470
f 4505/395/351 4512/379/469 4504/379/469
s 0
f 4517/387/354 4526/408/354 5150/409/354
f 5158/410/511 5153/411/511 4518/411/511
f 5151/412/349 5027/383/349 4527/413/349
f 5154/381/352 5157/410/352 5030/382/352
f 5152/384/349 5155/376/349 5028/376/349
f 4034/376/512 4523/382/512 5033/382/512
f 4519/414/358 5029/414/358 5156/414/358
f 4033/373/349 5151/412/349 4527/413/349
f 5150/409/354 5170/380/354 5159/379/354
f 4518/411/352 5169/386/352 5158/410/352
f 5168/385/352 5163/378/352 5161/386/352
f 4525/414/358 5162/414/358 4035/414/358
f 5170/378/513 5167/393/513 5159/393/513
f 5151/412/349 4531/373/349 4532/412/349
f 5176/374/358 5172/373/358 5171/375/358
f 4031/377/350 5175/376/350 4535/374/350
f 4533/379/351 4030/378/351 4029/380/351
f 5026/378/352 4536/381/352 4032/382/352
f 5177/383/358 5178/374/358 5297/384/358
f 4529/386/353 5016/385/353 5169/386/353
f 4520/387/354 4538/374/354 5011/387/354
s 1
f 5180/381/368 4540/388/514 5179/389/350
f 5181/391/349 4542/390/515 5180/381/368
f 5182/382/363 4544/392/516 5181/391/349
f 5183/394/351 4546/393/517 5182/382/363
f 5184/377/360 4548/395/518 5183/394/351
f 5185/396/358 4550/379/519 5184/377/360
f 4555/398/520 4554/397/521 4540/398/514
f 5186/400/356 4552/399/522 5185/396/358
f 5179/401/350 4554/397/521 5186/400/356
f 4549/403/354 4545/402/354 4541/415/354
f 4570/397/523 4561/399/524 4562/397/525
f 4556/390/526 4540/388/514 4542/390/515
f 4558/393/527 4544/392/516 4546/393/517
f 4561/399/524 4550/379/519 4552/399/522
f 4548/395/518 4558/393/527 4546/393/517
f 4554/397/521 4561/399/524 4552/399/522
f 4544/392/516 4556/390/526 4542/390/515
f 4550/379/519 4559/395/528 4548/395/518
f 4577/399/410 4568/379/529 4569/399/530
f 4560/379/531 4567/395/532 4559/395/528
f 4566/393/533 4557/392/534 4558/393/527
f 4556/390/526 4563/388/535 4555/388/520
f 4563/398/535 4562/397/525 4555/398/520
f 4569/399/530 4560/379/531 4561/399/524
f 4567/395/532 4558/393/527 4559/395/528
f 4557/392/534 4564/390/536 4556/390/526
f 4572/390/537 4579/388/538 4571/388/539
f 4575/395/540 4566/393/533 4567/395/532
f 4565/392/541 4572/390/537 4564/390/536
f 4578/397/542 4569/399/530 4570/397/523
f 4568/379/529 4575/395/540 4567/395/532
f 4574/393/543 4565/392/541 4566/393/533
f 4572/390/537 4563/388/535 4564/390/536
f 4571/398/539 4570/397/523 4563/398/535
f 4586/397/544 4593/399/545 4585/399/546
f 4579/398/538 4578/397/542 4571/398/539
f 4585/399/546 4576/379/547 4577/399/410
f 4575/395/540 4582/393/548 4574/393/543
f 4573/392/549 4580/390/550 4572/390/537
f 4586/397/544 4577/399/410 4578/397/542
f 4576/379/547 4583/395/551 4575/395/540
f 4582/393/548 4573/392/549 4574/393/543
f 4589/392/552 4596/390/553 4588/390/554
f 4584/379/555 4591/395/556 4583/395/551
f 4582/393/548 4589/392/552 4581/392/557
f 4580/390/550 4587/388/558 4579/388/538
f 4587/398/558 4586/397/544 4579/398/538
f 4593/399/545 4584/379/555 4585/399/546
f 4591/395/556 4582/393/548 4583/395/551
f 4581/392/557 4588/390/554 4580/390/550
f 5191/406/379 5193/405/379 5188/416/379
f 4594/397/559 4601/399/560 4593/399/545
f 4592/379/561 4599/395/562 4591/395/556
f 4598/393/563 4589/392/552 4590/393/564
f 4588/390/554 4595/388/565 4587/388/558
f 4595/398/565 4594/397/559 4587/398/558
f 4601/399/560 4592/379/561 4593/399/545
f 4591/395/556 4598/393/563 4590/393/564
f 5196/381/368 4604/388/514 5195/389/350
f 5197/391/349 4606/390/515 5196/381/368
f 5198/382/363 4608/392/516 5197/391/349
f 5199/394/351 4610/393/517 5198/382/363
f 5200/377/360 4612/395/518 5199/394/351
f 5201/396/358 4614/379/519 5200/377/360
f 4619/398/520 4618/397/521 4604/398/514
f 5202/400/356 4616/399/522 5201/396/358
f 5195/401/350 4618/397/521 5202/400/356
f 4613/403/354 4609/402/354 4605/415/354
f 4626/397/525 4633/399/530 4625/399/524
f 4606/390/515 4619/388/520 4604/388/514
f 4622/393/527 4608/392/516 4610/393/517
f 4625/399/524 4614/379/519 4616/399/522
f 4623/395/528 4610/393/517 4612/395/518
f 4618/397/521 4625/399/524 4616/399/522
f 4608/392/516 4620/390/526 4606/390/515
f 4614/379/519 4623/395/528 4612/395/518
f 4633/399/530 4640/379/547 4632/379/529
f 4624/379/531 4631/395/532 4623/395/528
f 4630/393/533 4621/392/534 4622/393/527
f 4620/390/526 4627/388/535 4619/388/520
f 4627/398/535 4626/397/525 4619/398/520
f 4625/399/524 4632/379/529 4624/379/531
f 4631/395/532 4622/393/527 4623/395/528
f 4621/392/534 4628/390/536 4620/390/526
f 4644/390/550 4635/388/539 4636/390/537
f 4631/395/532 4638/393/543 4630/393/533
f 4629/392/541 4636/390/537 4628/390/536
f 4642/397/542 4633/399/530 4634/397/523
f 4632/379/529 4639/395/540 4631/395/532
f 4638/393/543 4629/392/541 4630/393/533
f 4628/390/536 4635/388/539 4627/388/535
f 4635/398/539 4634/397/523 4627/398/535
f 4650/397/566 4657/399/545 4649/399/546
f 4643/398/567 4642/397/542 4635/398/539
f 4649/399/546 4640/379/547 4641/399/410
f 4647/395/568 4638/393/543 4639/395/540
f 4637/392/549 4644/390/550 4636/390/537
f 4650/397/566 4641/399/410 4642/397/542
f 4640/379/547 4647/395/568 4639/395/540
f 4646/393/548 4637/392/549 4638/393/543
f 5205/392/569 4652/390/554 4653/392/552
f 4648/379/555 4655/395/556 4647/395/568
f 4646/393/548 4653/392/552 4645/392/557
f 4644/390/550 4651/388/558 4643/388/567
f 4651/398/558 4650/397/566 4643/398/567
f 4657/399/545 4648/379/555 4649/399/546
f 4655/395/556 4646/393/548 4647/395/568
f 4653/392/552 4644/390/550 4645/392/557
f 5207/406/379 5209/405/379 5204/416/379
f 4658/397/559 4665/399/560 4657/399/545
f 4656/379/570 4663/395/562 4655/395/556
f 4662/393/563 4653/392/552 4654/393/564
f 4652/390/554 4659/388/565 4651/388/558
f 4659/398/565 4658/397/559 4651/398/558
f 4665/399/560 4656/379/570 4657/399/545
f 4655/395/556 4662/393/563 4654/393/564
f 4712/381/424 4714/388/352 4713/389/352
f 4708/382/425 4709/392/349 4710/391/349
f 4671/381/424 4670/388/352 4669/389/352
f 4668/401/352 4698/397/422 4697/400/422
f 4673/391/349 4672/390/424 4671/381/424
f 4710/391/349 4711/390/424 4712/381/424
f 4697/400/422 4696/399/358 4695/396/358
f 4675/382/425 4674/392/349 4673/391/349
f 4706/394/354 4707/393/425 4708/382/425
f 4695/396/358 4694/379/423 4693/377/423
f 4677/394/354 4676/393/425 4675/382/425
f 4704/377/423 4705/395/354 4706/394/354
f 4693/377/423 4692/395/354 4691/394/354
f 4679/377/423 4678/395/354 4677/394/354
f 4702/396/358 4703/379/423 4704/377/423
f 4691/394/354 4690/393/425 4689/382/425
f 4681/396/358 4680/379/423 4679/377/423
f 4687/391/349 4686/390/424 4685/381/424
f 4689/382/425 4688/392/349 4687/391/349
f 4683/400/422 4682/399/358 4681/396/358
f 4700/400/422 4701/399/358 4702/396/358
f 4713/401/352 4699/397/422 4700/400/422
f 4669/401/352 4684/397/422 4683/400/422
f 4685/381/424 4667/388/352 4668/389/352
f 4728/381/424 4730/388/352 4729/389/352
f 4724/382/425 4725/392/349 4726/391/349
f 4726/391/349 4727/390/424 4728/381/424
f 4722/394/354 4723/393/425 4724/382/425
f 4720/377/423 4721/395/354 4722/394/354
f 4718/396/358 4719/379/423 4720/377/423
f 4716/400/422 4717/399/358 4718/396/358
f 4729/401/352 4715/397/422 4716/400/422
f 4744/381/424 4746/388/352 4745/389/352
f 4740/382/425 4741/392/349 4742/391/349
f 4742/391/349 4743/390/424 4744/381/424
f 4738/394/354 4739/393/425 4740/382/425
f 4736/377/423 4737/395/354 4738/394/354
f 4734/396/358 4735/379/423 4736/377/423
f 4732/400/422 4733/399/358 4734/396/358
f 4745/401/352 4731/397/422 4732/400/422
f 4760/381/424 4762/388/352 4761/389/352
f 4756/382/425 4757/392/349 4758/391/349
f 4758/391/349 4759/390/424 4760/381/424
f 4754/394/354 4755/393/425 4756/382/425
f 4752/377/423 4753/395/354 4754/394/354
f 4750/396/358 4751/379/423 4752/377/423
f 4748/400/422 4749/399/358 4750/396/358
f 4761/401/352 4747/397/422 4748/400/422
f 4776/381/424 4778/388/352 4777/389/352
f 4772/382/425 4773/392/349 4774/391/349
f 4774/391/349 4775/390/424 4776/381/424
f 4770/394/354 4771/393/425 4772/382/425
f 4768/377/423 4769/395/354 4770/394/354
f 4766/396/358 4767/379/423 4768/377/423
f 4764/400/422 4765/399/358 4766/396/358
f 4777/401/352 4763/397/422 4764/400/422
f 4792/381/424 4794/388/352 4793/389/352
f 4788/382/425 4789/392/349 4790/391/349
f 4790/391/349 4791/390/424 4792/381/424
f 4786/394/354 4787/393/425 4788/382/425
f 4784/377/423 4785/395/354 4786/394/354
f 4782/396/358 4783/379/423 4784/377/423
f 4780/400/422 4781/399/358 4782/396/358
f 4793/401/352 4779/397/422 4780/400/422
f 4808/381/424 4810/388/352 4809/389/352
f 4804/382/425 4805/392/349 4806/391/349
f 4806/391/349 4807/390/424 4808/381/424
f 4802/394/354 4803/393/425 4804/382/425
f 4800/377/423 4801/395/354 4802/394/354
f 4798/396/358 4799/379/423 4800/377/423
f 4796/400/422 4797/399/358 4798/396/358
f 4809/401/352 4795/397/422 4796/400/422
f 4829/392/571 4842/390/572 4812/390/573
f 4814/398/574 4834/397/575 4828/397/576
f 4815/381/577 4814/388/574 4813/389/578
f 4834/397/575 4837/399/579 4833/399/580
f 4831/395/581 4820/393/582 4822/395/583
f 4817/391/584 4816/390/585 4815/381/577
f 4811/398/586 4836/397/587 4834/397/575
f 4828/397/576 4833/399/580 4826/399/588
f 4819/382/589 4818/392/590 4817/391/584
f 4840/393/591 4829/392/571 4830/393/592
f 4830/393/592 4818/392/590 4820/393/582
f 4821/394/593 4820/393/582 4819/382/589
f 4839/395/594 4830/393/592 4831/395/581
f 4816/390/585 4811/388/586 4814/388/574
f 4823/377/595 4822/395/583 4821/394/593
f 4849/392/596 4842/390/572 4841/392/597
f 4833/399/580 4824/379/598 4826/399/588
f 4825/396/599 4824/379/598 4823/377/595
f 4818/392/590 4812/390/573 4816/390/585
f 4812/390/573 4835/388/600 4811/388/586
f 4827/400/601 4826/399/588 4825/396/599
f 4837/399/579 4832/379/602 4833/399/580
f 4832/379/602 4822/395/583 4824/379/598
f 4813/401/578 4828/397/576 4827/400/601
f 4935/394/603 4823/377/595 4821/394/593
f 4838/379/604 4831/395/581 4832/379/602
f 4350/397/461 4845/399/605 4844/397/606
f 4839/395/594 4848/393/607 4840/393/591
f 4837/399/579 4846/379/608 4838/379/604
f 4843/398/609 4836/397/587 4835/398/600
f 4850/390/610 4835/388/600 4842/390/572
f 4840/393/591 4849/392/596 4841/392/597
f 4838/379/604 4847/395/611 4839/395/594
f 4844/397/606 4837/399/579 4836/397/587
f 4355/392/354 4850/390/610 4849/392/596
f 4353/395/351 4848/393/607 4847/395/611
f 4351/399/352 4846/379/608 4845/399/605
f 4349/398/350 4844/397/606 4843/398/609
f 4356/390/468 4843/388/609 4850/390/610
f 4354/393/469 4849/392/596 4848/393/607
f 4352/379/470 4847/395/611 4846/379/608
f 5220/397/461 5213/399/352 5212/397/461
f 5225/392/354 5218/390/468 5217/392/354
f 5223/395/351 5216/393/469 5215/395/351
f 5221/399/352 5214/379/470 5213/399/352
f 5219/398/350 5212/397/461 5211/398/350
f 5226/390/468 5211/388/350 5218/390/468
f 5224/393/469 5217/392/354 5216/393/469
f 5222/379/470 5215/395/351 5214/379/470
f 4864/393/349 4862/379/349 4860/397/349
f 4854/379/358 4856/393/358 4858/390/358
f 4876/397/368 4869/399/349 4868/397/368
f 4881/392/358 4874/390/356 4873/392/358
f 4879/395/351 4872/393/360 4871/395/351
f 4877/399/349 4870/379/363 4869/399/349
f 4875/398/350 4868/397/368 4867/398/350
f 4882/390/356 4867/388/350 4874/390/356
f 4880/393/360 4873/392/358 4872/393/360
f 4878/379/363 4871/395/351 4870/379/363
f 5228/397/356 5237/399/358 5229/399/358
f 5241/392/349 5234/390/368 5233/392/349
f 5239/395/351 5232/393/363 5231/395/351
f 5237/399/358 5230/379/360 5229/399/358
f 5235/398/350 5228/397/356 5227/398/350
f 5242/390/368 5227/388/350 5234/390/368
f 5240/393/363 5233/392/349 5232/393/363
f 5238/379/360 5231/395/351 5230/379/360
f 4896/393/352 4894/379/352 4892/397/352
f 4886/379/354 4888/393/354 4890/390/354
f 4900/397/612 4909/399/613 4901/399/614
f 4913/392/615 4906/390/616 4905/392/617
f 4903/395/618 4912/393/619 4904/393/620
f 4901/399/614 4910/379/621 4902/379/622
f 4907/398/623 4900/397/612 4899/398/624
f 4914/390/625 4899/388/624 4906/390/616
f 4912/393/619 4905/392/617 4904/393/620
f 4902/379/622 4911/395/626 4903/395/618
f 5244/397/627 5253/399/628 5245/399/628
f 5249/392/629 5258/390/630 5250/390/630
f 5247/395/351 5256/393/631 5248/393/631
f 5245/399/628 5254/379/632 5246/379/632
f 5243/398/350 5252/397/633 5244/397/627
f 5258/390/630 5243/388/350 5250/390/630
f 5256/393/631 5249/392/629 5248/393/631
f 5246/379/632 5255/395/351 5247/395/351
f 4928/393/634 4926/379/634 4924/397/634
f 4918/379/635 4920/393/635 4922/390/635
f 4934/382/636 4943/394/637 4935/394/603
f 4813/389/578 4932/381/638 4815/381/577
f 4815/381/577 4933/391/639 4817/391/584
f 4936/377/640 4825/396/599 4823/377/595
f 4938/400/641 4813/401/578 4827/400/601
f 4817/391/584 4934/382/636 4819/382/589
f 4937/396/642 4827/400/601 4825/396/599
f 4819/382/589 4935/394/603 4821/394/593
f 4944/403/643 4942/402/644 5260/415/349
f 4932/381/638 4941/391/645 4933/391/639
f 4945/396/646 4938/400/641 4937/396/642
f 4943/394/637 4936/377/640 4935/394/603
f 4933/391/639 4942/382/644 4934/382/636
f 4931/389/647 4940/381/648 4932/381/638
f 4946/400/649 4931/401/647 4938/400/641
f 4944/377/643 4937/396/642 4936/377/640
f 5264/397/356 5273/399/358 5265/399/358
f 5277/392/349 5270/390/368 5269/392/349
f 5275/395/351 5268/393/363 5267/395/351
f 5273/399/358 5266/379/360 5265/399/358
f 5271/398/350 5264/397/356 5263/398/350
f 5278/390/368 5263/388/350 5270/390/368
f 5276/393/363 5269/392/349 5268/393/363
f 5274/379/360 5267/395/351 5266/379/360
f 4960/393/352 4958/379/352 4956/397/352
f 4950/379/354 4952/393/354 4954/390/354
f 5280/397/356 5289/399/358 5281/399/358
f 5293/392/349 5286/390/368 5285/392/349
f 5291/395/351 5284/393/363 5283/395/351
f 5289/399/358 5282/379/360 5281/399/358
f 5287/398/350 5280/397/356 5279/398/350
f 5294/390/368 5279/388/350 5286/390/368
f 5292/393/363 5285/392/349 5284/393/363
f 5290/379/360 5283/395/351 5282/379/360
f 4976/393/352 4974/379/352 4972/397/352
f 4966/379/354 4968/393/354 4970/390/354
f 4988/397/468 4981/399/354 4980/397/468
f 4993/392/352 4986/390/461 4985/392/352
f 4991/395/351 4984/393/470 4983/395/351
f 4989/399/354 4982/379/469 4981/399/354
f 4987/398/350 4980/397/468 4979/398/350
f 4994/390/461 4979/388/350 4986/390/461
f 4992/393/470 4985/392/352 4984/393/470
f 4990/379/469 4983/395/351 4982/379/469
f 5004/397/468 4997/399/354 4996/397/468
f 5009/392/352 5002/390/461 5001/392/352
f 5007/395/351 5000/393/470 4999/395/351
f 5005/399/354 4998/379/469 4997/399/354
f 5003/398/350 4996/397/468 4995/398/350
f 5010/390/461 4995/388/350 5002/390/461
f 5008/393/470 5001/392/352 5000/393/470
f 5006/379/469 4999/395/351 4998/379/469
s 0
f 4526/408/354 5011/387/354 5295/409/354
f 5298/411/511 5158/410/511 5012/411/511
f 5177/383/358 5296/412/358 5015/413/358
f 4524/410/352 5299/381/352 5031/382/352
f 5300/376/358 5297/384/358 5178/376/358
f 5032/382/512 4538/376/512 5033/382/512
f 4537/373/358 5015/413/358 5296/412/358
f 5170/380/354 5295/409/354 5301/379/354
f 5169/386/352 5012/411/352 5158/410/352
f 5165/378/352 5304/385/352 4529/386/352
f 5303/393/513 5170/378/513 5301/393/513
f 5296/412/358 5017/373/358 4537/373/358
f 5020/373/349 5022/376/349 5024/374/349
f 5023/376/350 5025/382/350 4031/377/350
f 4030/378/351 5021/393/351 4025/379/351
f 4028/381/352 4026/417/352 5026/378/352
f 4528/385/353 5168/385/353 5161/386/353
f 4034/374/354 5033/377/354 4520/387/354
s 1
f 4038/388/355 4040/390/357 5035/381/356
f 4040/390/357 4042/392/359 5036/391/358
f 4042/392/359 4044/393/361 5037/382/360
f 4044/393/361 4046/395/362 5038/394/351
f 4046/395/362 4048/379/364 5039/377/363
f 4048/379/364 4050/399/367 5040/396/349
f 4052/397/365 4060/397/371 4053/398/366
f 4050/399/367 4052/397/365 5041/400/368
f 4052/397/365 4038/398/355 5034/401/350
f 4051/404/354 4037/418/354 4039/415/354
f 4039/415/354 4041/419/354 4043/402/354
f 4043/402/354 4045/420/354 4047/403/354
f 4047/403/354 4049/421/354 4051/404/354
f 4051/404/354 4039/415/354 4043/402/354
f 4059/399/369 4067/399/377 4068/397/370
f 4038/388/355 4053/388/366 4054/390/372
f 4042/392/359 4055/392/375 4056/393/373
f 4048/379/364 4058/379/376 4059/399/369
f 4046/395/362 4044/393/361 4056/393/373
f 4052/397/365 4050/399/367 4059/399/369
f 4042/392/359 4040/390/357 4054/390/372
f 4048/379/364 4046/395/362 4057/395/374
f 4067/399/377 4066/379/381 4074/379/378
f 4058/379/376 4057/395/374 4065/395/380
f 4055/392/375 4063/392/385 4064/393/382
f 4054/390/372 4053/388/366 4061/388/383
f 4060/397/371 4068/397/370 4061/398/383
f 4058/379/376 4066/379/381 4067/399/377
f 4056/393/373 4064/393/382 4065/395/380
f 4055/392/375 4054/390/372 4062/390/384
f 4069/388/386 4077/388/396 4078/390/387
f 4064/393/382 4072/393/392 4073/395/389
f 4063/392/385 4062/390/384 4070/390/388
f 4067/399/377 4075/399/379 4076/397/391
f 4066/379/381 4065/395/380 4073/395/389
f 4063/392/385 4071/392/390 4072/393/392
f 4061/388/383 4069/388/386 4070/390/388
f 4068/397/370 4076/397/391 4069/398/386
f 4084/397/393 4083/399/397 4091/399/394
f 4076/397/391 4084/397/393 4077/398/396
f 4074/379/378 4082/379/401 4083/399/397
f 4073/395/389 4072/393/392 4080/393/398
f 4071/392/390 4070/390/388 4078/390/387
f 4075/399/379 4083/399/397 4084/397/393
f 4074/379/378 4073/395/389 4081/395/399
f 4071/392/390 4079/392/400 4080/393/398
f 4087/392/402 4086/390/409 4094/390/403
f 4082/379/401 4081/395/399 4089/395/405
f 4079/392/400 4087/392/402 4088/393/407
f 4078/390/387 4077/388/396 4085/388/408
f 4084/397/393 4092/397/395 4085/398/408
f 4082/379/401 4090/379/406 4091/399/394
f 4080/393/398 4088/393/407 4089/395/405
f 4079/392/400 4078/390/387 4086/390/409
f 4095/407/410 5042/422/410 5043/416/410
f 5043/416/410 5049/423/410 5048/405/410
f 5048/405/410 5047/424/410 5046/406/410
f 5046/406/410 5045/425/410 4095/407/410
f 4095/407/410 5043/416/410 5048/405/410
f 4092/397/395 4091/399/394 4099/399/411
f 4090/379/406 4089/395/405 4097/395/413
f 4087/392/402 5044/392/404 4096/393/415
f 4085/388/408 4093/388/416 4094/390/403
f 4092/397/395 4100/397/412 4093/398/416
f 4090/379/406 4098/379/414 4099/399/411
f 4089/395/405 4088/393/407 4096/393/415
f 4102/388/355 4104/390/357 5051/381/356
f 4104/390/357 4106/392/359 5052/391/358
f 4106/392/359 4108/393/361 5053/382/360
f 4108/393/361 4110/395/362 5054/394/351
f 4110/395/362 4112/379/364 5055/377/363
f 4112/379/364 4114/399/367 5056/396/349
f 4116/397/365 4124/397/371 4117/398/366
f 4114/399/367 4116/397/365 5057/400/368
f 4116/397/365 4102/398/355 5050/401/350
f 4115/404/354 4101/418/354 4103/415/354
f 4103/415/354 4105/419/354 4107/402/354
f 4107/402/354 4109/420/354 4111/403/354
f 4111/403/354 4113/421/354 4115/404/354
f 4115/404/354 4103/415/354 4107/402/354
f 4124/397/371 4123/399/369 4131/399/377
f 4104/390/357 4102/388/355 4117/388/366
f 4106/392/359 4119/392/375 4120/393/373
f 4112/379/364 4122/379/376 4123/399/369
f 4108/393/361 4120/393/373 4121/395/374
f 4116/397/365 4114/399/367 4123/399/369
f 4106/392/359 4104/390/357 4118/390/372
f 4112/379/364 4110/395/362 4121/395/374
f 4131/399/377 4130/379/381 4138/379/378
f 4122/379/376 4121/395/374 4129/395/380
f 4119/392/375 4127/392/385 4128/393/382
f 4118/390/372 4117/388/366 4125/388/383
f 4124/397/371 4132/397/370 4125/398/383
f 4122/379/376 4130/379/381 4131/399/377
f 4120/393/373 4128/393/382 4129/395/380
f 4119/392/375 4118/390/372 4126/390/384
f 4134/390/388 4133/388/386 4141/388/417
f 4128/393/382 4136/393/392 4137/395/389
f 4127/392/385 4126/390/384 4134/390/388
f 4131/399/377 4139/399/379 4140/397/391
f 4130/379/381 4129/395/380 4137/395/389
f 4127/392/385 4135/392/390 4136/393/392
f 4125/388/383 4133/388/386 4134/390/388
f 4132/397/370 4140/397/391 4133/398/386
f 4148/397/393 4147/399/397 4155/399/394
f 4140/397/391 4148/397/393 4141/398/417
f 4138/379/378 4146/379/419 4147/399/397
f 4136/393/392 4144/393/398 4145/395/418
f 4135/392/390 4134/390/388 4142/390/387
f 4140/397/391 4139/399/379 4147/399/397
f 4138/379/378 4137/395/389 4145/395/418
f 4135/392/390 4143/392/400 4144/393/398
f 4151/392/402 4150/390/409 4158/390/403
f 4146/379/419 4145/395/418 4153/395/405
f 4143/392/400 4151/392/402 4152/393/407
f 4142/390/387 4141/388/417 4149/388/408
f 4148/397/393 4156/397/395 4149/398/408
f 4146/379/419 4154/379/421 4155/399/394
f 4144/393/398 4152/393/407 4153/395/405
f 4143/392/400 4142/390/387 4150/390/409
f 4159/407/410 5058/422/410 5059/416/410
f 5059/416/410 5065/423/410 5064/405/410
f 5064/405/410 5063/424/410 5062/406/410
f 5062/406/410 5061/425/410 4159/407/410
f 4159/407/410 5059/416/410 5064/405/410
f 4156/397/395 4155/399/394 4163/399/411
f 4154/379/421 4153/395/405 4161/395/413
f 4152/393/407 4151/392/402 5060/392/420
f 4149/388/408 4157/388/416 4158/390/403
f 4156/397/395 4164/397/412 4157/398/416
f 4154/379/421 4162/379/414 4163/399/411
f 4152/393/407 4160/393/415 4161/395/413
f 4212/388/352 4209/390/422 4210/381/422
f 4207/392/358 4205/393/423 4206/382/423
f 4168/388/352 4170/390/422 4169/381/422
f 4196/397/424 4165/398/352 4166/401/352
f 4170/390/422 4172/392/358 4171/391/358
f 4209/390/422 4207/392/358 4208/391/358
f 4194/399/349 4196/397/424 4195/400/424
f 4172/392/358 4174/393/423 4173/382/423
f 4205/393/423 4203/395/354 4204/394/354
f 4192/379/425 4194/399/349 4193/396/349
f 4174/393/423 4176/395/354 4175/394/354
f 4203/395/354 4201/379/425 4202/377/425
f 4190/395/354 4192/379/425 4191/377/425
f 4176/395/354 4178/379/425 4177/377/425
f 4201/379/425 4199/399/349 4200/396/349
f 4188/393/423 4190/395/354 4189/394/354
f 4178/379/425 4180/399/349 4179/396/349
f 4184/390/422 4186/392/358 4185/391/358
f 4186/392/358 4188/393/423 4187/382/423
f 4180/399/349 4182/397/424 4181/400/424
f 4199/399/349 4197/397/424 4198/400/424
f 4197/397/424 4212/398/352 4211/401/352
f 4182/397/424 4168/398/352 4167/401/352
f 4165/388/352 4184/390/422 4183/381/422
f 4228/388/352 4225/390/422 4226/381/422
f 4223/392/358 4221/393/423 4222/382/423
f 4225/390/422 4223/392/358 4224/391/358
f 4221/393/423 4219/395/354 4220/394/354
f 4219/395/354 4217/379/425 4218/377/425
f 4217/379/425 4215/399/349 4216/396/349
f 4215/399/349 4213/397/424 4214/400/424
f 4213/397/424 4228/398/352 4227/401/352
f 4244/388/352 4241/390/422 4242/381/422
f 4239/392/358 4237/393/423 4238/382/423
f 4241/390/422 4239/392/358 4240/391/358
f 4237/393/423 4235/395/354 4236/394/354
f 4235/395/354 4233/379/425 4234/377/425
f 4233/379/425 4231/399/349 4232/396/349
f 4231/399/349 4229/397/424 4230/400/424
f 4229/397/424 4244/398/352 4243/401/352
f 4260/388/352 4257/390/422 4258/381/422
f 4255/392/358 4253/393/423 4254/382/423
f 4257/390/422 4255/392/358 4256/391/358
f 4253/393/423 4251/395/354 4252/394/354
f 4251/395/354 4249/379/425 4250/377/425
f 4249/379/425 4247/399/349 4248/396/349
f 4247/399/349 4245/397/424 4246/400/424
f 4245/397/424 4260/398/352 4259/401/352
f 4276/388/352 4273/390/422 4274/381/422
f 4271/392/358 4269/393/423 4270/382/423
f 4273/390/422 4271/392/358 4272/391/358
f 4269/393/423 4267/395/354 4268/394/354
f 4267/395/354 4265/379/425 4266/377/425
f 4265/379/425 4263/399/349 4264/396/349
f 4263/399/349 4261/397/424 4262/400/424
f 4261/397/424 4276/398/352 4275/401/352
f 4292/388/352 4289/390/422 4290/381/422
f 4287/392/358 4285/393/423 4286/382/423
f 4289/390/422 4287/392/358 4288/391/358
f 4285/393/423 4283/395/354 4284/394/354
f 4283/395/354 4281/379/425 4282/377/425
f 4281/379/425 4279/399/349 4280/396/349
f 4279/399/349 4277/397/424 4278/400/424
f 4277/397/424 4292/398/352 4291/401/352
f 4308/388/352 4305/390/422 4306/381/422
f 4303/392/358 4301/393/423 4302/382/423
f 4305/390/422 4303/392/358 4304/391/358
f 4301/393/423 4299/395/354 4300/394/354
f 4299/395/354 4297/379/425 4298/377/425
f 4297/379/425 4295/399/349 4296/396/349
f 4295/399/349 4293/397/424 4294/400/424
f 4293/397/424 4308/398/352 4307/401/352
f 4327/392/426 4310/390/450 4340/390/427
f 4312/398/429 4326/397/442 4332/397/430
f 4312/388/429 4314/390/439 4313/381/432
f 4332/397/430 4331/399/443 4335/399/434
f 4318/393/436 4328/393/447 4329/395/437
f 4314/390/439 4316/392/444 4315/391/440
f 4309/398/431 4332/397/430 4334/397/435
f 4326/397/442 4324/399/454 4331/399/443
f 4316/392/444 4318/393/436 4317/382/445
f 4327/392/426 4339/392/428 4338/393/446
f 4316/392/444 4327/392/426 4328/393/447
f 4318/393/436 4320/395/438 4319/394/448
f 4328/393/447 4338/393/446 4337/395/449
f 4314/390/439 4312/388/429 4309/388/431
f 4320/395/438 4322/379/453 4321/377/451
f 4340/390/427 4348/390/467 4347/392/452
f 4322/379/453 4330/379/457 4331/399/443
f 4322/379/453 4324/399/454 4323/396/455
f 4316/392/444 4314/390/439 4310/390/450
f 4310/390/450 4309/388/431 4333/388/441
f 4324/399/454 4326/397/442 4325/400/456
f 4330/379/457 4336/379/459 4335/399/434
f 4320/395/438 4329/395/437 4330/379/457
f 4326/397/442 4312/398/429 4311/401/433
f 4321/377/451 4442/377/502 4441/394/458
f 4329/395/437 4337/395/449 4336/379/459
f 4343/399/460 4351/399/352 4350/397/461
f 4337/395/449 4338/393/446 4346/393/463
f 4335/399/434 4336/379/459 4344/379/465
f 4334/397/435 4342/397/462 4341/398/466
f 4333/388/441 4341/388/466 4348/390/467
f 4338/393/446 4339/392/428 4347/392/452
f 4336/379/459 4337/395/449 4345/395/464
f 4335/399/434 4343/399/460 4342/397/462
f 4348/390/467 4356/390/468 4355/392/354
f 4346/393/463 4354/393/469 4353/395/351
f 4344/379/465 4352/379/470 4351/399/352
f 4342/397/462 4350/397/461 4349/398/350
f 4341/388/466 4349/388/350 4356/390/468
f 4347/392/452 4355/392/354 4354/393/469
f 4345/395/464 4353/395/351 4352/379/470
f 5068/399/352 5076/399/352 5075/397/461
f 5073/390/468 5081/390/468 5080/392/354
f 5071/393/469 5079/393/469 5078/395/351
f 5069/379/470 5077/379/470 5076/399/352
f 5067/397/461 5075/397/461 5074/398/350
f 5066/388/350 5074/388/350 5081/390/468
f 5072/392/354 5080/392/354 5079/393/469
f 5070/395/351 5078/395/351 5077/379/470
f 4372/390/358 4365/388/358 4366/397/358
f 4366/397/358 4367/399/358 4368/379/358
f 4368/379/358 4369/395/358 4370/393/358
f 4370/393/358 4371/392/358 4372/390/358
f 4372/390/358 4366/397/358 4368/379/358
f 4358/397/349 4357/388/349 4364/390/349
f 4364/390/349 4363/392/349 4362/393/349
f 4362/393/349 4361/395/349 4360/379/349
f 4360/379/349 4359/399/349 4358/397/349
f 4358/397/349 4364/390/349 4362/393/349
f 4375/399/358 4383/399/358 4382/397/356
f 4380/390/368 4388/390/368 4387/392/349
f 4378/393/363 4386/393/363 4385/395/351
f 4376/379/360 4384/379/360 4383/399/358
f 4374/397/356 4382/397/356 4381/398/350
f 4373/388/350 4381/388/350 4388/390/368
f 4379/392/349 4387/392/349 4386/393/363
f 4377/395/351 4385/395/351 4384/379/360
f 5083/397/368 5084/399/349 5092/399/349
f 5089/390/356 5097/390/356 5096/392/358
f 5087/393/360 5095/393/360 5094/395/351
f 5085/379/363 5093/379/363 5092/399/349
f 5083/397/368 5091/397/368 5090/398/350
f 5082/388/350 5090/388/350 5097/390/356
f 5088/392/358 5096/392/358 5095/393/360
f 5086/395/351 5094/395/351 5093/379/363
f 4404/390/352 4397/388/352 4398/397/352
f 4398/397/352 4399/399/352 4400/379/352
f 4400/379/352 4401/395/352 4402/393/352
f 4402/393/352 4403/392/352 4404/390/352
f 4404/390/352 4398/397/352 4400/379/352
f 4390/397/354 4389/388/354 4396/390/354
f 4396/390/354 4395/392/354 4394/393/354
f 4394/393/354 4393/395/354 4392/379/354
f 4392/379/354 4391/399/354 4390/397/354
f 4390/397/354 4396/390/354 4394/393/354
f 4406/397/471 4407/399/480 4415/399/472
f 4412/390/474 4420/390/484 4419/392/475
f 4409/395/477 4410/393/485 4418/393/478
f 4407/399/480 4408/379/486 4416/379/481
f 4406/397/471 4414/397/473 4413/398/482
f 4405/388/483 4413/388/482 4420/390/484
f 4411/392/476 4419/392/475 4418/393/478
f 4408/379/486 4409/395/477 4417/395/479
f 5099/397/487 5100/399/488 5108/399/488
f 5104/392/490 5105/390/491 5113/390/491
f 5102/395/351 5103/393/492 5111/393/492
f 5100/399/488 5101/379/493 5109/379/493
f 5098/398/350 5099/397/487 5107/397/489
f 5098/388/350 5106/388/350 5113/390/491
f 5104/392/490 5112/392/490 5111/393/492
f 5101/379/493 5102/395/351 5110/395/351
f 4436/390/494 4429/388/494 4430/397/494
f 4430/397/494 4431/399/494 4432/379/494
f 4432/379/494 4433/395/494 4434/393/494
f 4434/393/494 4435/392/494 4436/390/494
f 4436/390/494 4430/397/494 4432/379/494
f 4422/397/495 4421/388/495 4428/390/495
f 4428/390/495 4427/392/495 4426/393/495
f 4426/393/495 4425/395/495 4424/379/495
f 4424/379/495 4423/399/495 4422/397/495
f 4422/397/495 4428/390/495 4426/393/495
f 4440/382/496 4441/394/458 4449/394/497
f 4311/389/433 4313/381/432 4438/381/499
f 4313/381/432 4315/391/440 4439/391/501
f 4323/396/455 4443/396/504 4442/377/502
f 4311/401/433 4437/401/500 4444/400/503
f 4315/391/440 4317/382/445 4440/382/496
f 4325/400/456 4444/400/503 4443/396/504
f 4317/382/445 4319/394/448 4441/394/458
f 5117/404/358 5114/418/358 5115/415/358
f 5115/415/358 4447/419/506 4448/402/498
f 4448/402/498 4449/420/497 4450/403/505
f 4450/403/505 5116/421/358 5117/404/358
f 5117/404/358 5115/415/358 4448/402/498
f 4438/381/499 4439/391/501 4447/391/506
f 4444/400/503 4452/400/510 4451/396/508
f 4442/377/502 4450/377/505 4449/394/497
f 4439/391/501 4440/382/496 4448/382/498
f 4437/389/500 4438/381/499 4446/381/507
f 4437/401/500 4445/401/509 4452/400/510
f 4443/396/504 4451/396/508 4450/377/505
f 5119/397/368 5120/399/349 5128/399/349
f 5125/390/356 5133/390/356 5132/392/358
f 5123/393/360 5131/393/360 5130/395/351
f 5121/379/363 5129/379/363 5128/399/349
f 5119/397/368 5127/397/368 5126/398/350
f 5118/388/350 5126/388/350 5133/390/356
f 5124/392/358 5132/392/358 5131/393/360
f 5122/395/351 5130/395/351 5129/379/363
f 4468/390/352 4461/388/352 4462/397/352
f 4462/397/352 4463/399/352 4464/379/352
f 4464/379/352 4465/395/352 4466/393/352
f 4466/393/352 4467/392/352 4468/390/352
f 4468/390/352 4462/397/352 4464/379/352
f 4454/397/354 4453/388/354 4460/390/354
f 4460/390/354 4459/392/354 4458/393/354
f 4458/393/354 4457/395/354 4456/379/354
f 4456/379/354 4455/399/354 4454/397/354
f 4454/397/354 4460/390/354 4458/393/354
f 5135/397/368 5136/399/349 5144/399/349
f 5141/390/356 5149/390/356 5148/392/358
f 5139/393/360 5147/393/360 5146/395/351
f 5137/379/363 5145/379/363 5144/399/349
f 5135/397/368 5143/397/368 5142/398/350
f 5134/388/350 5142/388/350 5149/390/356
f 5140/392/358 5148/392/358 5147/393/360
f 5138/395/351 5146/395/351 5145/379/363
f 4484/390/352 4477/388/352 4478/397/352
f 4478/397/352 4479/399/352 4480/379/352
f 4480/379/352 4481/395/352 4482/393/352
f 4482/393/352 4483/392/352 4484/390/352
f 4484/390/352 4478/397/352 4480/379/352
f 4470/397/354 4469/388/354 4476/390/354
f 4476/390/354 4475/392/354 4474/393/354
f 4474/393/354 4473/395/354 4472/379/354
f 4472/379/354 4471/399/354 4470/397/354
f 4470/397/354 4476/390/354 4474/393/354
f 4487/399/354 4495/399/354 4494/397/468
f 4492/390/461 4500/390/461 4499/392/352
f 4490/393/470 4498/393/470 4497/395/351
f 4488/379/469 4496/379/469 4495/399/354
f 4486/397/468 4494/397/468 4493/398/350
f 4485/388/350 4493/388/350 4500/390/461
f 4491/392/352 4499/392/352 4498/393/470
f 4489/395/351 4497/395/351 4496/379/469
f 4503/399/354 4511/399/354 4510/397/468
f 4508/390/461 4516/390/461 4515/392/352
f 4506/393/470 4514/393/470 4513/395/351
f 4504/379/469 4512/379/469 4511/399/354
f 4502/397/468 4510/397/468 4509/398/350
f 4501/388/350 4509/388/350 4516/390/461
f 4507/392/352 4515/392/352 4514/393/470
f 4505/395/351 4513/395/351 4512/379/469
s 0
f 4517/387/354 4520/387/354 4526/408/354
f 5158/410/511 5157/410/511 5153/411/511
f 5151/412/349 5152/384/349 5027/383/349
f 5154/381/352 5153/411/352 5157/410/352
f 5152/384/349 4521/384/349 5155/376/349
f 4034/376/512 4522/376/512 4523/382/512
f 4519/414/358 4036/414/358 5029/414/358
f 5150/409/354 4526/408/354 5170/380/354
f 4518/411/352 4528/385/352 5169/386/352
f 5168/385/352 5166/417/352 5163/378/352
f 4525/414/358 5160/414/358 5162/414/358
f 5170/378/513 5164/378/513 5167/393/513
f 5151/412/349 4033/373/349 4531/373/349
f 5176/374/358 5174/376/358 5172/373/358
f 4031/377/350 5025/382/350 5175/376/350
f 4533/379/351 5173/393/351 4030/378/351
f 5026/378/352 4534/417/352 4536/381/352
f 4529/386/353 5304/385/353 5016/385/353
f 4520/387/354 5033/377/354 4538/374/354
s 1
f 5180/381/368 4542/390/515 4540/388/514
f 5181/391/349 4544/392/516 4542/390/515
f 5182/382/363 4546/393/517 4544/392/516
f 5183/394/351 4548/395/518 4546/393/517
f 5184/377/360 4550/379/519 4548/395/518
f 5185/396/358 4552/399/522 4550/379/519
f 4555/398/520 4562/397/525 4554/397/521
f 5186/400/356 4554/397/521 4552/399/522
f 5179/401/350 4540/398/514 4554/397/521
f 4541/415/354 4539/418/354 4553/404/354
f 4553/404/354 4551/421/354 4549/403/354
f 4549/403/354 4547/420/354 4545/402/354
f 4545/402/354 4543/419/354 4541/415/354
f 4541/415/354 4553/404/354 4549/403/354
f 4570/397/523 4569/399/530 4561/399/524
f 4556/390/526 4555/388/520 4540/388/514
f 4558/393/527 4557/392/534 4544/392/516
f 4561/399/524 4560/379/531 4550/379/519
f 4548/395/518 4559/395/528 4558/393/527
f 4554/397/521 4562/397/525 4561/399/524
f 4544/392/516 4557/392/534 4556/390/526
f 4550/379/519 4560/379/531 4559/395/528
f 4577/399/410 4576/379/547 4568/379/529
f 4560/379/531 4568/379/529 4567/395/532
f 4566/393/533 4565/392/541 4557/392/534
f 4556/390/526 4564/390/536 4563/388/535
f 4563/398/535 4570/397/523 4562/397/525
f 4569/399/530 4568/379/529 4560/379/531
f 4567/395/532 4566/393/533 4558/393/527
f 4557/392/534 4565/392/541 4564/390/536
f 4572/390/537 4580/390/550 4579/388/538
f 4575/395/540 4574/393/543 4566/393/533
f 4565/392/541 4573/392/549 4572/390/537
f 4578/397/542 4577/399/410 4569/399/530
f 4568/379/529 4576/379/547 4575/395/540
f 4574/393/543 4573/392/549 4565/392/541
f 4572/390/537 4571/388/539 4563/388/535
f 4571/398/539 4578/397/542 4570/397/523
f 4586/397/544 4594/397/559 4593/399/545
f 4579/398/538 4586/397/544 4578/397/542
f 4585/399/546 4584/379/555 4576/379/547
f 4575/395/540 4583/395/551 4582/393/548
f 4573/392/549 4581/392/557 4580/390/550
f 4586/397/544 4585/399/546 4577/399/410
f 4576/379/547 4584/379/555 4583/395/551
f 4582/393/548 4581/392/557 4573/392/549
f 4589/392/552 5189/392/650 4596/390/553
f 4584/379/555 4592/379/561 4591/395/556
f 4582/393/548 4590/393/564 4589/392/552
f 4580/390/550 4588/390/554 4587/388/558
f 4587/398/558 4594/397/559 4586/397/544
f 4593/399/545 4592/379/561 4584/379/555
f 4591/395/556 4590/393/564 4582/393/548
f 4581/392/557 4589/392/552 4588/390/554
f 5188/416/379 5187/422/379 4597/407/379
f 4597/407/379 5190/425/379 5191/406/379
f 5191/406/379 5192/424/379 5193/405/379
f 5193/405/379 5194/423/379 5188/416/379
f 5188/416/379 4597/407/379 5191/406/379
f 4594/397/559 4602/397/651 4601/399/560
f 4592/379/561 4600/379/652 4599/395/562
f 4598/393/563 5189/392/650 4589/392/552
f 4588/390/554 4596/390/553 4595/388/565
f 4595/398/565 4602/397/651 4594/397/559
f 4601/399/560 4600/379/652 4592/379/561
f 4591/395/556 4599/395/562 4598/393/563
f 5196/381/368 4606/390/515 4604/388/514
f 5197/391/349 4608/392/516 4606/390/515
f 5198/382/363 4610/393/517 4608/392/516
f 5199/394/351 4612/395/518 4610/393/517
f 5200/377/360 4614/379/519 4612/395/518
f 5201/396/358 4616/399/522 4614/379/519
f 4619/398/520 4626/397/525 4618/397/521
f 5202/400/356 4618/397/521 4616/399/522
f 5195/401/350 4604/398/514 4618/397/521
f 4605/415/354 4603/418/354 4617/404/354
f 4617/404/354 4615/421/354 4613/403/354
f 4613/403/354 4611/420/354 4609/402/354
f 4609/402/354 4607/419/354 4605/415/354
f 4605/415/354 4617/404/354 4613/403/354
f 4626/397/525 4634/397/523 4633/399/530
f 4606/390/515 4620/390/526 4619/388/520
f 4622/393/527 4621/392/534 4608/392/516
f 4625/399/524 4624/379/531 4614/379/519
f 4623/395/528 4622/393/527 4610/393/517
f 4618/397/521 4626/397/525 4625/399/524
f 4608/392/516 4621/392/534 4620/390/526
f 4614/379/519 4624/379/531 4623/395/528
f 4633/399/530 4641/399/410 4640/379/547
f 4624/379/531 4632/379/529 4631/395/532
f 4630/393/533 4629/392/541 4621/392/534
f 4620/390/526 4628/390/536 4627/388/535
f 4627/398/535 4634/397/523 4626/397/525
f 4625/399/524 4633/399/530 4632/379/529
f 4631/395/532 4630/393/533 4622/393/527
f 4621/392/534 4629/392/541 4628/390/536
f 4644/390/550 4643/388/567 4635/388/539
f 4631/395/532 4639/395/540 4638/393/543
f 4629/392/541 4637/392/549 4636/390/537
f 4642/397/542 4641/399/410 4633/399/530
f 4632/379/529 4640/379/547 4639/395/540
f 4638/393/543 4637/392/549 4629/392/541
f 4628/390/536 4636/390/537 4635/388/539
f 4635/398/539 4642/397/542 4634/397/523
f 4650/397/566 4658/397/559 4657/399/545
f 4643/398/567 4650/397/566 4642/397/542
f 4649/399/546 4648/379/555 4640/379/547
f 4647/395/568 4646/393/548 4638/393/543
f 4637/392/549 4645/392/557 4644/390/550
f 4650/397/566 4649/399/546 4641/399/410
f 4640/379/547 4648/379/555 4647/395/568
f 4646/393/548 4645/392/557 4637/392/549
f 5205/392/569 4660/390/553 4652/390/554
f 4648/379/555 4656/379/570 4655/395/556
f 4646/393/548 4654/393/564 4653/392/552
f 4644/390/550 4652/390/554 4651/388/558
f 4651/398/558 4658/397/559 4650/397/566
f 4657/399/545 4656/379/570 4648/379/555
f 4655/395/556 4654/393/564 4646/393/548
f 4653/392/552 4652/390/554 4644/390/550
f 5204/416/379 5203/422/379 4661/407/379
f 4661/407/379 5206/425/379 5207/406/379
f 5207/406/379 5208/424/379 5209/405/379
f 5209/405/379 5210/423/379 5204/416/379
f 5204/416/379 4661/407/379 5207/406/379
f 4658/397/559 4666/397/651 4665/399/560
f 4656/379/570 4664/379/652 4663/395/562
f 4662/393/563 5205/392/569 4653/392/552
f 4652/390/554 4660/390/553 4659/388/565
f 4659/398/565 4666/397/651 4658/397/559
f 4665/399/560 4664/379/652 4656/379/570
f 4655/395/556 4663/395/562 4662/393/563
f 4712/381/424 4711/390/424 4714/388/352
f 4708/382/425 4707/393/425 4709/392/349
f 4671/381/424 4672/390/424 4670/388/352
f 4668/401/352 4667/398/352 4698/397/422
f 4673/391/349 4674/392/349 4672/390/424
f 4710/391/349 4709/392/349 4711/390/424
f 4697/400/422 4698/397/422 4696/399/358
f 4675/382/425 4676/393/425 4674/392/349
f 4706/394/354 4705/395/354 4707/393/425
f 4695/396/358 4696/399/358 4694/379/423
f 4677/394/354 4678/395/354 4676/393/425
f 4704/377/423 4703/379/423 4705/395/354
f 4693/377/423 4694/379/423 4692/395/354
f 4679/377/423 4680/379/423 4678/395/354
f 4702/396/358 4701/399/358 4703/379/423
f 4691/394/354 4692/395/354 4690/393/425
f 4681/396/358 4682/399/358 4680/379/423
f 4687/391/349 4688/392/349 4686/390/424
f 4689/382/425 4690/393/425 4688/392/349
f 4683/400/422 4684/397/422 4682/399/358
f 4700/400/422 4699/397/422 4701/399/358
f 4713/401/352 4714/398/352 4699/397/422
f 4669/401/352 4670/398/352 4684/397/422
f 4685/381/424 4686/390/424 4667/388/352
f 4728/381/424 4727/390/424 4730/388/352
f 4724/382/425 4723/393/425 4725/392/349
f 4726/391/349 4725/392/349 4727/390/424
f 4722/394/354 4721/395/354 4723/393/425
f 4720/377/423 4719/379/423 4721/395/354
f 4718/396/358 4717/399/358 4719/379/423
f 4716/400/422 4715/397/422 4717/399/358
f 4729/401/352 4730/398/352 4715/397/422
f 4744/381/424 4743/390/424 4746/388/352
f 4740/382/425 4739/393/425 4741/392/349
f 4742/391/349 4741/392/349 4743/390/424
f 4738/394/354 4737/395/354 4739/393/425
f 4736/377/423 4735/379/423 4737/395/354
f 4734/396/358 4733/399/358 4735/379/423
f 4732/400/422 4731/397/422 4733/399/358
f 4745/401/352 4746/398/352 4731/397/422
f 4760/381/424 4759/390/424 4762/388/352
f 4756/382/425 4755/393/425 4757/392/349
f 4758/391/349 4757/392/349 4759/390/424
f 4754/394/354 4753/395/354 4755/393/425
f 4752/377/423 4751/379/423 4753/395/354
f 4750/396/358 4749/399/358 4751/379/423
f 4748/400/422 4747/397/422 4749/399/358
f 4761/401/352 4762/398/352 4747/397/422
f 4776/381/424 4775/390/424 4778/388/352
f 4772/382/425 4771/393/425 4773/392/349
f 4774/391/349 4773/392/349 4775/390/424
f 4770/394/354 4769/395/354 4771/393/425
f 4768/377/423 4767/379/423 4769/395/354
f 4766/396/358 4765/399/358 4767/379/423
f 4764/400/422 4763/397/422 4765/399/358
f 4777/401/352 4778/398/352 4763/397/422
f 4792/381/424 4791/390/424 4794/388/352
f 4788/382/425 4787/393/425 4789/392/349
f 4790/391/349 4789/392/349 4791/390/424
f 4786/394/354 4785/395/354 4787/393/425
f 4784/377/423 4783/379/423 4785/395/354
f 4782/396/358 4781/399/358 4783/379/423
f 4780/400/422 4779/397/422 4781/399/358
f 4793/401/352 4794/398/352 4779/397/422
f 4808/381/424 4807/390/424 4810/388/352
f 4804/382/425 4803/393/425 4805/392/349
f 4806/391/349 4805/392/349 4807/390/424
f 4802/394/354 4801/395/354 4803/393/425
f 4800/377/423 4799/379/423 4801/395/354
f 4798/396/358 4797/399/358 4799/379/423
f 4796/400/422 4795/397/422 4797/399/358
f 4809/401/352 4810/398/352 4795/397/422
f 4829/392/571 4841/392/597 4842/390/572
f 4814/398/574 4811/398/586 4834/397/575
f 4815/381/577 4816/390/585 4814/388/574
f 4834/397/575 4836/397/587 4837/399/579
f 4831/395/581 4830/393/592 4820/393/582
f 4817/391/584 4818/392/590 4816/390/585
f 4811/398/586 4835/398/600 4836/397/587
f 4828/397/576 4834/397/575 4833/399/580
f 4819/382/589 4820/393/582 4818/392/590
f 4840/393/591 4841/392/597 4829/392/571
f 4830/393/592 4829/392/571 4818/392/590
f 4821/394/593 4822/395/583 4820/393/582
f 4839/395/594 4840/393/591 4830/393/592
f 4816/390/585 4812/390/573 4811/388/586
f 4823/377/595 4824/379/598 4822/395/583
f 4849/392/596 4850/390/610 4842/390/572
f 4833/399/580 4832/379/602 4824/379/598
f 4825/396/599 4826/399/588 4824/379/598
f 4818/392/590 4829/392/571 4812/390/573
f 4812/390/573 4842/390/572 4835/388/600
f 4827/400/601 4828/397/576 4826/399/588
f 4837/399/579 4838/379/604 4832/379/602
f 4832/379/602 4831/395/581 4822/395/583
f 4813/401/578 4814/398/574 4828/397/576
f 4935/394/603 4936/377/640 4823/377/595
f 4838/379/604 4839/395/594 4831/395/581
f 4350/397/461 4351/399/352 4845/399/605
f 4839/395/594 4847/395/611 4848/393/607
f 4837/399/579 4845/399/605 4846/379/608
f 4843/398/609 4844/397/606 4836/397/587
f 4850/390/610 4843/388/609 4835/388/600
f 4840/393/591 4848/393/607 4849/392/596
f 4838/379/604 4846/379/608 4847/395/611
f 4844/397/606 4845/399/605 4837/399/579
f 4355/392/354 4356/390/468 4850/390/610
f 4353/395/351 4354/393/469 4848/393/607
f 4351/399/352 4352/379/470 4846/379/608
f 4349/398/350 4350/397/461 4844/397/606
f 4356/390/468 4349/388/350 4843/388/609
f 4354/393/469 4355/392/354 4849/392/596
f 4352/379/470 4353/395/351 4847/395/611
f 5220/397/461 5221/399/352 5213/399/352
f 5225/392/354 5226/390/468 5218/390/468
f 5223/395/351 5224/393/469 5216/393/469
f 5221/399/352 5222/379/470 5214/379/470
f 5219/398/350 5220/397/461 5212/397/461
f 5226/390/468 5219/388/350 5211/388/350
f 5224/393/469 5225/392/354 5217/392/354
f 5222/379/470 5223/395/351 5215/395/351
f 4860/397/349 4859/388/349 4866/390/349
f 4866/390/349 4865/392/349 4864/393/349
f 4864/393/349 4863/395/349 4862/379/349
f 4862/379/349 4861/399/349 4860/397/349
f 4860/397/349 4866/390/349 4864/393/349
f 4858/390/358 4851/388/358 4852/397/358
f 4852/397/358 4853/399/358 4854/379/358
f 4854/379/358 4855/395/358 4856/393/358
f 4856/393/358 4857/392/358 4858/390/358
f 4858/390/358 4852/397/358 4854/379/358
f 4876/397/368 4877/399/349 4869/399/349
f 4881/392/358 4882/390/356 4874/390/356
f 4879/395/351 4880/393/360 4872/393/360
f 4877/399/349 4878/379/363 4870/379/363
f 4875/398/350 4876/397/368 4868/397/368
f 4882/390/356 4875/388/350 4867/388/350
f 4880/393/360 4881/392/358 4873/392/358
f 4878/379/363 4879/395/351 4871/395/351
f 5228/397/356 5236/397/356 5237/399/358
f 5241/392/349 5242/390/368 5234/390/368
f 5239/395/351 5240/393/363 5232/393/363
f 5237/399/358 5238/379/360 5230/379/360
f 5235/398/350 5236/397/356 5228/397/356
f 5242/390/368 5235/388/350 5227/388/350
f 5240/393/363 5241/392/349 5233/392/349
f 5238/379/360 5239/395/351 5231/395/351
f 4892/397/352 4891/388/352 4898/390/352
f 4898/390/352 4897/392/352 4896/393/352
f 4896/393/352 4895/395/352 4894/379/352
f 4894/379/352 4893/399/352 4892/397/352
f 4892/397/352 4898/390/352 4896/393/352
f 4890/390/354 4883/388/354 4884/397/354
f 4884/397/354 4885/399/354 4886/379/354
f 4886/379/354 4887/395/354 4888/393/354
f 4888/393/354 4889/392/354 4890/390/354
f 4890/390/354 4884/397/354 4886/379/354
f 4900/397/612 4908/397/653 4909/399/613
f 4913/392/615 4914/390/625 4906/390/616
f 4903/395/618 4911/395/626 4912/393/619
f 4901/399/614 4909/399/613 4910/379/621
f 4907/398/623 4908/397/653 4900/397/612
f 4914/390/625 4907/388/623 4899/388/624
f 4912/393/619 4913/392/615 4905/392/617
f 4902/379/622 4910/379/621 4911/395/626
f 5244/397/627 5252/397/633 5253/399/628
f 5249/392/629 5257/392/629 5258/390/630
f 5247/395/351 5255/395/351 5256/393/631
f 5245/399/628 5253/399/628 5254/379/632
f 5243/398/350 5251/398/350 5252/397/633
f 5258/390/630 5251/388/350 5243/388/350
f 5256/393/631 5257/392/629 5249/392/629
f 5246/379/632 5254/379/632 5255/395/351
f 4924/397/634 4923/388/634 4930/390/634
f 4930/390/634 4929/392/634 4928/393/634
f 4928/393/634 4927/395/634 4926/379/634
f 4926/379/634 4925/399/634 4924/397/634
f 4924/397/634 4930/390/634 4928/393/634
f 4922/390/635 4915/388/635 4916/397/635
f 4916/397/635 4917/399/635 4918/379/635
f 4918/379/635 4919/395/635 4920/393/635
f 4920/393/635 4921/392/635 4922/390/635
f 4922/390/635 4916/397/635 4918/379/635
f 4934/382/636 4942/382/644 4943/394/637
f 4813/389/578 4931/389/647 4932/381/638
f 4815/381/577 4932/381/638 4933/391/639
f 4936/377/640 4937/396/642 4825/396/599
f 4938/400/641 4931/401/647 4813/401/578
f 4817/391/584 4933/391/639 4934/382/636
f 4937/396/642 4938/400/641 4827/400/601
f 4819/382/589 4934/382/636 4935/394/603
f 5260/415/349 5259/418/349 5262/404/349
f 5262/404/349 5261/421/349 4944/403/643
f 4944/403/643 4943/420/637 4942/402/644
f 4942/402/644 4941/419/645 5260/415/349
f 5260/415/349 5262/404/349 4944/403/643
f 4932/381/638 4940/381/648 4941/391/645
f 4945/396/646 4946/400/649 4938/400/641
f 4943/394/637 4944/377/643 4936/377/640
f 4933/391/639 4941/391/645 4942/382/644
f 4931/389/647 4939/389/654 4940/381/648
f 4946/400/649 4939/401/654 4931/401/647
f 4944/377/643 4945/396/646 4937/396/642
f 5264/397/356 5272/397/356 5273/399/358
f 5277/392/349 5278/390/368 5270/390/368
f 5275/395/351 5276/393/363 5268/393/363
f 5273/399/358 5274/379/360 5266/379/360
f 5271/398/350 5272/397/356 5264/397/356
f 5278/390/368 5271/388/350 5263/388/350
f 5276/393/363 5277/392/349 5269/392/349
f 5274/379/360 5275/395/351 5267/395/351
f 4956/397/352 4955/388/352 4962/390/352
f 4962/390/352 4961/392/352 4960/393/352
f 4960/393/352 4959/395/352 4958/379/352
f 4958/379/352 4957/399/352 4956/397/352
f 4956/397/352 4962/390/352 4960/393/352
f 4954/390/354 4947/388/354 4948/397/354
f 4948/397/354 4949/399/354 4950/379/354
f 4950/379/354 4951/395/354 4952/393/354
f 4952/393/354 4953/392/354 4954/390/354
f 4954/390/354 4948/397/354 4950/379/354
f 5280/397/356 5288/397/356 5289/399/358
f 5293/392/349 5294/390/368 5286/390/368
f 5291/395/351 5292/393/363 5284/393/363
f 5289/399/358 5290/379/360 5282/379/360
f 5287/398/350 5288/397/356 5280/397/356
f 5294/390/368 5287/388/350 5279/388/350
f 5292/393/363 5293/392/349 5285/392/349
f 5290/379/360 5291/395/351 5283/395/351
f 4972/397/352 4971/388/352 4978/390/352
f 4978/390/352 4977/392/352 4976/393/352
f 4976/393/352 4975/395/352 4974/379/352
f 4974/379/352 4973/399/352 4972/397/352
f 4972/397/352 4978/390/352 4976/393/352
f 4970/390/354 4963/388/354 4964/397/354
f 4964/397/354 4965/399/354 4966/379/354
f 4966/379/354 4967/395/354 4968/393/354
f 4968/393/354 4969/392/354 4970/390/354
f 4970/390/354 4964/397/354 4966/379/354
f 4988/397/468 4989/399/354 4981/399/354
f 4993/392/352 4994/390/461 4986/390/461
f 4991/395/351 4992/393/470 4984/393/470
f 4989/399/354 4990/379/469 4982/379/469
f 4987/398/350 4988/397/468 4980/397/468
f 4994/390/461 4987/388/350 4979/388/350
f 4992/393/470 4993/392/352 4985/392/352
f 4990/379/469 4991/395/351 4983/395/351
f 5004/397/468 5005/399/354 4997/399/354
f 5009/392/352 5010/390/461 5002/390/461
f 5007/395/351 5008/393/470 5000/393/470
f 5005/399/354 5006/379/469 4998/379/469
f 5003/398/350 5004/397/468 4996/397/468
f 5010/390/461 5003/388/350 4995/388/350
f 5008/393/470 5009/392/352 5001/392/352
f 5006/379/469 5007/395/351 4999/395/351
s 0
f 4526/408/354 4520/387/354 5011/387/354
f 5298/411/511 4524/410/511 5158/410/511
f 5177/383/358 5297/384/358 5296/412/358
f 4524/410/352 5298/411/352 5299/381/352
f 5300/376/358 5013/384/358 5297/384/358
f 5032/382/512 5014/376/512 4538/376/512
f 5170/380/354 4526/408/354 5295/409/354
f 5169/386/352 5016/385/352 5012/411/352
f 5165/378/352 5302/417/352 5304/385/352
f 5303/393/513 4530/378/513 5170/378/513
f 5296/412/358 5018/412/358 5017/373/358
o Cube.045
v -1.000000 1.200000 2.760000
v -1.000000 1.200000 2.640000
v 0.000000 1.200000 2.760000
v 0.000000 1.400000 2.760000
v 0.000000 1.200000 2.640000
v 0.000000 1.400000 2.640000
v -0.800000 1.400000 2.760000
v -1.000000 1.250000 2.760000
v -1.000000 1.250000 2.640000
v -0.800000 1.400000 2.640000
v -0.390000 1.400000 2.760000
v -0.390000 1.300000 2.760000
v -0.390000 1.200000 2.960000
v -0.390000 1.200000 2.860000
v -0.490000 1.400000 2.760000
v -0.490000 1.300000 2.760000
v -0.490000 1.200000 2.960000
v -0.490000 1.200000 2.860000
v -0.490000 1.200000 2.540000
v -0.490000 1.200000 2.440000
v -0.490000 1.300000 2.640000
v -0.490000 1.400000 2.640000
v -0.390000 1.200000 2.540000
v -0.390000 1.200000 2.440000
v -0.390000 1.300000 2.640000
v -0.390000 1.400000 2.640000
v 1.000000 1.200000 2.760000
v 1.000000 1.200000 2.640000
v 0.800000 1.400000 2.760000
v 1.000000 1.250000 2.760000
v 1.000000 1.250000 2.640000
v 0.800000 1.400000 2.640000
v 0.390000 1.400000 2.760000
v 0.390000 1.300000 2.760000
v 0.390000 1.200000 2.960000
v 0.390000 1.200000 2.860000
v 0.490000 1.400000 2.760000
v 0.490000 1.300000 2.760000
v 0.490000 1.200000 2.960000
v 0.490000 1.200000 2.860000
v 0.490000 1.200000 2.540000
v 0.490000 1.200000 2.440000
v 0.490000 1.300000 2.640000
v 0.490000 1.400000 2.640000
v 0.390000 1.200000 2.540000
v 0.390000 1.200000 2.440000
v 0.390000 1.300000 2.640000
v 0.390000 1.400000 2.640000
v -1.000000 1.200000 1.988600
v -1.000000 1.200000 1.868600
v 0.000000 1.200000 1.988600
v 0.000000 1.400000 1.988600
v 0.000000 1.200000 1.868600
v 0.000000 1.400000 1.868600
v -0.800000 1.400000 1.988600
v -1.000000 1.250000 1.988600
v -1.000000 1.250000 1.868600
v -0.800000 1.400000 1.868600
v -0.390000 1.400000 1.988600
v -0.390000 1.300000 1.988600
v -0.390000 1.200000 2.188600
v -0.390000 1.200000 2.088600
v -0.490000 1.400000 1.988600
v -0.490000 1.300000 1.988600
v -0.490000 1.200000 2.188600
v -0.490000 1.200000 2.088600
v -0.490000 1.200000 1.768600
v -0.490000 1.200000 1.668600
v -0.490000 1.300000 1.868600
v -0.490000 1.400000 1.868600
v -0.390000 1.200000 1.768600
v -0.390000 1.200000 1.668600
v -0.390000 1.300000 1.868600
v -0.390000 1.400000 1.868600
v 1.000000 1.200000 1.988600
v 1.000000 1.200000 1.868600
v 0.800000 1.400000 1.988600
v 1.000000 1.250000 1.988600
v 1.000000 1.250000 1.868600
v 0.800000 1.400000 1.868600
v 0.390000 1.400000 1.988600
v 0.390000 1.300000 1.988600
v 0.390000 1.200000 2.188600
v 0.390000 1.200000 2.088600
v 0.490000 1.400000 1.988600
v 0.490000 1.300000 1.988600
v 0.490000 1.200000 2.188600
v 0.490000 1.200000 2.088600
v 0.490000 1.200000 1.768600
v 0.490000 1.200000 1.668600
v 0.490000 1.300000 1.868600
v 0.490000 1.400000 1.868600
v 0.390000 1.200000 1.768600
v 0.390000 1.200000 1.668600
v 0.390000 1.300000 1.868600
v 0.390000 1.400000 1.868600
v -1.000000 1.200000 1.217200
v -1.000000 1.200000 1.097200
v 0.000000 1.200000 1.217200
v 0.000000 1.400000 1.217200
v 0.000000 1.200000 1.097200
v 0.000000 1.400000 1.097200
v -0.800000 1.400000 1.217200
v -1.000000 1.250000 1.217200
v -1.000000 1.250000 1.097200
v -0.800000 1.400000 1.097200
v -0.390000 1.400000 1.217200
v -0.390000 1.300000 1.217200
v -0.390000 1.200000 1.417200
v -0.390000 1.200000 1.317200
v -0.490000 1.400000 1.217200
v -0.490000 1.300000 1.217200
v -0.490000 1.200000 1.417200
v -0.490000 1.200000 1.317200
v -0.490000 1.200000 0.997200
v -0.490000 1.200000 0.897200
v -0.490000 1.300000 1.097200
v -0.490000 1.400000 1.097200
v -0.390000 1.200000 0.997200
v -0.390000 1.200000 0.897200
v -0.390000 1.300000 1.097200
v -0.390000 1.400000 1.097200
v 1.000000 1.200000 1.217200
v 1.000000 1.200000 1.097200
v 0.800000 1.400000 1.217200
v 1.000000 1.250000 1.217200
v 1.000000 1.250000 1.097200
v 0.800000 1.400000 1.097200
v 0.390000 1.400000 1.217200
v 0.390000 1.300000 1.217200
v 0.390000 1.200000 1.417200
v 0.390000 1.200000 1.317200
v 0.490000 1.400000 1.217200
v 0.490000 1.300000 1.217200
v 0.490000 1.200000 1.417200
v 0.490000 1.200000 1.317200
v 0.490000 1.200000 0.997200
v 0.490000 1.200000 0.897200
v 0.490000 1.300000 1.097200
v 0.490000 1.400000 1.097200
v 0.390000 1.200000 0.997200
v 0.390000 1.200000 0.897200
v 0.390000 1.300000 1.097200
v 0.390000 1.400000 1.097200
v -1.000000 1.200000 0.445800
v -1.000000 1.200000 0.325800
v 0.000000 1.200000 0.445800
v 0.000000 1.400000 0.445800
v 0.000000 1.200000 0.325800
v 0.000000 1.400000 0.325800
v -0.800000 1.400000 0.445800
v -1.000000 1.250000 0.445800
v -1.000000 1.250000 0.325800
v -0.800000 1.400000 0.325800
v -0.390000 1.400000 0.445800
v -0.390000 1.300000 0.445800
v -0.390000 1.200000 0.645800
v -0.390000 1.200000 0.545800
v -0.490000 1.400000 0.445800
v -0.490000 1.300000 0.445800
v -0.490000 1.200000 0.645800
v -0.490000 1.200000 0.545800
v -0.490000 1.200000 0.225800
v -0.490000 1.200000 0.125800
v -0.490000 1.300000 0.325800
v -0.490000 1.400000 0.325800
v -0.390000 1.200000 0.225800
v -0.390000 1.200000 0.125800
v -0.390000 1.300000 0.325800
v -0.390000 1.400000 0.325800
v 1.000000 1.200000 0.445800
v 1.000000 1.200000 0.325800
v 0.800000 1.400000 0.445800
v 1.000000 1.250000 0.445800
v 1.000000 1.250000 0.325800
v 0.800000 1.400000 0.325800
v 0.390000 1.400000 0.445800
v 0.390000 1.300000 0.445800
v 0.390000 1.200000 0.645800
v 0.390000 1.200000 0.545800
v 0.490000 1.400000 0.445800
v 0.490000 1.300000 0.445800
v 0.490000 1.200000 0.645800
v 0.490000 1.200000 0.545800
v 0.490000 1.200000 0.225800
v 0.490000 1.200000 0.125800
v 0.490000 1.300000 0.325800
v 0.490000 1.400000 0.325800
v 0.390000 1.200000 0.225800
v 0.390000 1.200000 0.125800
v 0.390000 1.300000 0.325800
v 0.390000 1.400000 0.325800
v -1.000000 1.200000 -0.325600
v -1.000000 1.200000 -0.445600
v 0.000000 1.200000 -0.325600
v 0.000000 1.400000 -0.325600
v 0.000000 1.200000 -0.445600
v 0.000000 1.400000 -0.445600
v -0.800000 1.400000 -0.325600
v -1.000000 1.250000 -0.325600
v -1.000000 1.250000 -0.445600
v -0.800000 1.400000 -0.445600
v -0.390000 1.400000 -0.325600
v -0.390000 1.300000 -0.325600
v -0.390000 1.200000 -0.125600
v -0.390000 1.200000 -0.225600
v -0.490000 1.400000 -0.325600
v -0.490000 1.300000 -0.325600
v -0.490000 1.200000 -0.125600
v -0.490000 1.200000 -0.225600
v -0.490000 1.200000 -0.545600
v -0.490000 1.200000 -0.645600
v -0.490000 1.300000 -0.445600
v -0.490000 1.400000 -0.445600
v -0.390000 1.200000 -0.545600
v -0.390000 1.200000 -0.645600
v -0.390000 1.300000 -0.445600
v -0.390000 1.400000 -0.445600
v 1.000000 1.200000 -0.325600
v 1.000000 1.200000 -0.445600
v 0.800000 1.400000 -0.325600
v 1.000000 1.250000 -0.325600
v 1.000000 1.250000 -0.445600
v 0.800000 1.400000 -0.445600
v 0.390000 1.400000 -0.325600
v 0.390000 1.300000 -0.325600
v 0.390000 1.200000 -0.125600
v 0.390000 1.200000 -0.225600
v 0.490000 1.400000 -0.325600
v 0.490000 1.300000 -0.325600
v 0.490000 1.200000 -0.125600
v 0.490000 1.200000 -0.225600
v 0.490000 1.200000 -0.545600
v 0.490000 1.200000 -0.645600
v 0.490000 1.300000 -0.445600
v 0.490000 1.400000 -0.445600
v 0.390000 1.200000 -0.545600
v 0.390000 1.200000 -0.645600
v 0.390000 1.300000 -0.445600
v 0.390000 1.400000 -0.445600
v -1.000000 1.200000 -1.097000
v -1.000000 1.200000 -1.217000
v 0.000000 1.200000 -1.097000
v 0.000000 1.400000 -1.097000
v 0.000000 1.200000 -1.217000
v 0.000000 1.400000 -1.217000
v -0.800000 1.400000 -1.097000
v -1.000000 1.250000 -1.097000
v -1.000000 1.250000 -1.217000
v -0.800000 1.400000 -1.217000
v -0.390000 1.400000 -1.097000
v -0.390000 1.300000 -1.097000
v -0.390000 1.200000 -0.897000
v -0.390000 1.200000 -0.997000
v -0.490000 1.400000 -1.097000
v -0.490000 1.300000 -1.097000
v -0.490000 1.200000 -0.897000
v -0.490000 1.200000 -0.997000
v -0.490000 1.200000 -1.317000
v -0.490000 1.200000 -1.417000
v -0.490000 1.300000 -1.217000
v -0.490000 1.400000 -1.217000
v -0.390000 1.200000 -1.317000
v -0.390000 1.200000 -1.417000
v -0.390000 1.300000 -1.217000
v -0.390000 1.400000 -1.217000
v 1.000000 1.200000 -1.097000
v 1.000000 1.200000 -1.217000
v 0.800000 1.400000 -1.097000
v 1.000000 1.250000 -1.097000
v 1.000000 1.250000 -1.217000
v 0.800000 1.400000 -1.217000
v 0.390000 1.400000 -1.097000
v 0.390000 1.300000 -1.097000
v 0.390000 1.200000 -0.897000
v 0.390000 1.200000 -0.997000
v 0.490000 1.400000 -1.097000
v 0.490000 1.300000 -1.097000
v 0.490000 1.200000 -0.897000
v 0.490000 1.200000 -0.997000
v 0.490000 1.200000 -1.317000
v 0.490000 1.200000 -1.417000
v 0.490000 1.300000 -1.217000
v 0.490000 1.400000 -1.217000
v 0.390000 1.200000 -1.317000
v 0.390000 1.200000 -1.417000
v 0.390000 1.300000 -1.217000
v 0.390000 1.400000 -1.217000
v -1.000000 1.200000 -1.868400
v -1.000000 1.200000 -1.988400
v 0.000000 1.200000 -1.868400
v 0.000000 1.400000 -1.868400
v 0.000000 1.200000 -1.988400
v 0.000000 1.400000 -1.988400
v -0.800000 1.400000 -1.868400
v -1.000000 1.250000 -1.868400
v -1.000000 1.250000 -1.988400
v -0.800000 1.400000 -1.988400
v -0.390000 1.400000 -1.868400
v -0.390000 1.300000 -1.868400
v -0.390000 1.200000 -1.668400
v -0.390000 1.200000 -1.768400
v -0.490000 1.400000 -1.868400
v -0.490000 1.300000 -1.868400
v -0.490000 1.200000 -1.668400
v -0.490000 1.200000 -1.768400
v -0.490000 1.200000 -2.088400
v -0.490000 1.200000 -2.188400
v -0.490000 1.300000 -1.988400
v -0.490000 1.400000 -1.988400
v -0.390000 1.200000 -2.088400
v -0.390000 1.200000 -2.188400
v -0.390000 1.300000 -1.988400
v -0.390000 1.400000 -1.988400
v 1.000000 1.200000 -1.868400
v 1.000000 1.200000 -1.988400
v 0.800000 1.400000 -1.868400
v 1.000000 1.250000 -1.868400
v 1.000000 1.250000 -1.988400
v 0.800000 1.400000 -1.988400
v 0.390000 1.400000 -1.868400
v 0.390000 1.300000 -1.868400
v 0.390000 1.200000 -1.668400
v 0.390000 1.200000 -1.768400
v 0.490000 1.400000 -1.868400
v 0.490000 1.300000 -1.868400
v 0.490000 1.200000 -1.668400
v 0.490000 1.200000 -1.768400
v 0.490000 1.200000 -2.088400
v 0.490000 1.200000 -2.188400
v 0.490000 1.300000 -1.988400
v 0.490000 1.400000 -1.988400
v 0.390000 1.200000 -2.088400
v 0.390000 1.200000 -2.188400
v 0.390000 1.300000 -1.988400
v 0.390000 1.400000 -1.988400
v -1.000000 1.200000 -2.639800
v -1.000000 1.200000 -2.759800
v 0.000000 1.200000 -2.639800
v 0.000000 1.400000 -2.639800
v 0.000000 1.200000 -2.759800
v 0.000000 1.400000 -2.759800
v -0.800000 1.400000 -2.639800
v -1.000000 1.250000 -2.639800
v -1.000000 1.250000 -2.759800
v -0.800000 1.400000 -2.759800
v -0.390000 1.400000 -2.639800
v -0.390000 1.300000 -2.639800
v -0.390000 1.200000 -2.439800
v -0.390000 1.200000 -2.539800
v -0.490000 1.400000 -2.639800
v -0.490000 1.300000 -2.639800
v -0.490000 1.200000 -2.439800
v -0.490000 1.200000 -2.539800
v -0.490000 1.200000 -2.859800
v -0.490000 1.200000 -2.959800
v -0.490000 1.300000 -2.759800
v -0.490000 1.400000 -2.759800
v -0.390000 1.200000 -2.859800
v -0.390000 1.200000 -2.959800
v -0.390000 1.300000 -2.759800
v -0.390000 1.400000 -2.759800
v 1.000000 1.200000 -2.639800
v 1.000000 1.200000 -2.759800
v 0.800000 1.400000 -2.639800
v 1.000000 1.250000 -2.639800
v 1.000000 1.250000 -2.759800
v 0.800000 1.400000 -2.759800
v 0.390000 1.400000 -2.639800
v 0.390000 1.300000 -2.639800
v 0.390000 1.200000 -2.439800
v 0.390000 1.200000 -2.539800
v 0.490000 1.400000 -2.639800
v 0.490000 1.300000 -2.639800
v 0.490000 1.200000 -2.439800
v 0.490000 1.200000 -2.539800
v 0.490000 1.200000 -2.859800
v 0.490000 1.200000 -2.959800
v 0.490000 1.300000 -2.759800
v 0.490000 1.400000 -2.759800
v 0.390000 1.200000 -2.859800
v 0.390000 1.200000 -2.959800
v 0.390000 1.300000 -2.759800
v 0.390000 1.400000 -2.759800
vn -0.0000 -1.0000 -0.0000
vn -0.6000 0.8000 -0.0000
vn -0.0000 -0.0000 1.0000
vn -1.0000 -0.0000 -0.0000
vn -0.0000 1.0000 -0.0000
vn -0.0000 -0.0000 -1.0000
vn -0.0000 0.7071 0.7071
vn -0.0000 -0.7071 -0.7071
vn 1.0000 -0.0000 -0.0000
vn -0.0000 -0.7071 0.7071
vn -0.0000 0.7071 -0.7071
vn 0.6000 0.8000 -0.0000
vt 0.375000 0.500000
vt 0.125000 0.750000
vt 0.125000 0.500000
vt 0.837500 0.500000
vt 0.875000 0.750000
vt 0.837500 0.750000
vt 0.625000 0.750000
vt 0.437500 1.000000
vt 0.375000 1.000000
vt 0.437500 0.000000
vt 0.375000 0.250000
vt 0.375000 0.000000
vt 0.625000 0.500000
vt 0.437500 0.250000
vt 0.625000 0.000000
vt 0.625000 0.250000
vt 0.375000 0.750000
vt 0.875000 0.500000
vt 0.625000 0.962500
vt 0.625000 0.287500
vt 0.625000 1.000000
s 0
usemtl 
f 5309/426/655 5305/427/655 5306/428/655
f 5314/429/656 5312/430/656 5311/431/656
f 5308/432/657 5312/433/657 5305/434/657
f 5312/435/658 5306/436/658 5305/437/658
f 5314/429/659 5308/432/659 5310/438/659
f 5313/439/660 5310/438/660 5309/426/660
f 5319/440/661 5317/436/661 5315/437/661
f 5316/441/662 5322/426/662 5320/436/662
f 5315/432/663 5318/434/663 5316/442/663
f 5322/438/658 5319/430/658 5320/432/658
f 5323/438/658 5326/430/658 5324/443/658
f 5327/434/663 5330/432/663 5329/442/663
f 5323/426/664 5329/441/664 5325/436/664
f 5328/436/665 5326/440/665 5330/437/665
f 5331/427/655 5309/426/655 5332/428/655
f 5334/430/666 5336/429/666 5333/431/666
f 5331/434/657 5333/444/657 5308/432/657
f 5332/436/663 5334/435/663 5331/437/663
f 5308/432/659 5336/429/659 5310/438/659
f 5309/426/660 5336/445/660 5335/439/660
f 5339/436/661 5341/440/661 5337/437/661
f 5344/426/662 5338/441/662 5342/436/662
f 5340/434/658 5337/432/658 5338/442/658
f 5344/438/663 5341/430/663 5343/443/663
f 5345/438/663 5348/430/663 5347/432/663
f 5352/432/658 5349/434/658 5351/442/658
f 5351/441/664 5345/426/664 5347/436/664
f 5348/440/665 5350/436/665 5352/437/665
f 5357/426/655 5353/427/655 5354/428/655
f 5362/429/656 5360/430/656 5359/431/656
f 5356/432/657 5360/433/657 5353/434/657
f 5360/435/658 5354/436/658 5353/437/658
f 5362/429/659 5356/432/659 5358/438/659
f 5361/439/660 5358/438/660 5357/426/660
f 5367/440/661 5365/436/661 5363/437/661
f 5364/441/662 5370/426/662 5368/436/662
f 5364/442/663 5365/446/663 5366/434/663
f 5369/443/658 5368/432/658 5370/438/658
f 5371/438/658 5374/430/658 5372/443/658
f 5375/434/663 5378/432/663 5377/442/663
f 5371/426/664 5377/441/664 5373/436/664
f 5376/436/665 5374/440/665 5378/437/665
f 5379/427/655 5357/426/655 5380/428/655
f 5382/430/666 5384/429/666 5381/431/666
f 5379/434/657 5381/444/657 5356/432/657
f 5380/436/663 5382/435/663 5379/437/663
f 5356/432/659 5384/429/659 5358/438/659
f 5357/426/660 5384/445/660 5383/439/660
f 5387/436/661 5389/440/661 5385/437/661
f 5392/426/662 5386/441/662 5390/436/662
f 5388/434/658 5385/432/658 5386/442/658
f 5390/432/663 5391/443/663 5392/438/663
f 5393/438/663 5396/430/663 5395/432/663
f 5400/432/658 5397/434/658 5399/442/658
f 5399/441/664 5393/426/664 5395/436/664
f 5396/440/665 5398/436/665 5400/437/665
f 5405/426/655 5401/427/655 5402/428/655
f 5410/429/656 5408/430/656 5407/431/656
f 5404/432/657 5408/433/657 5401/434/657
f 5408/435/658 5402/436/658 5401/437/658
f 5410/429/659 5404/432/659 5406/438/659
f 5409/439/660 5406/438/660 5405/426/660
f 5415/440/661 5413/436/661 5411/437/661
f 5412/441/662 5418/426/662 5416/436/662
f 5412/442/663 5413/446/663 5414/434/663
f 5417/443/658 5416/432/658 5418/438/658
f 5421/432/658 5420/443/658 5419/438/658
f 5423/434/663 5426/432/663 5425/442/663
f 5419/426/664 5425/441/664 5421/436/664
f 5424/436/665 5422/440/665 5426/437/665
f 5427/427/655 5405/426/655 5428/428/655
f 5430/430/666 5432/429/666 5429/431/666
f 5427/434/657 5429/444/657 5404/432/657
f 5428/436/663 5430/435/663 5427/437/663
f 5404/432/659 5432/429/659 5406/438/659
f 5405/426/660 5432/445/660 5431/439/660
f 5435/436/661 5437/440/661 5433/437/661
f 5440/426/662 5434/441/662 5438/436/662
f 5436/434/658 5433/432/658 5434/442/658
f 5438/432/663 5439/443/663 5440/438/663
f 5442/443/663 5443/432/663 5441/438/663
f 5447/442/658 5446/446/658 5445/434/658
f 5447/441/664 5441/426/664 5443/436/664
f 5444/440/665 5446/436/665 5448/437/665
f 5453/426/655 5449/427/655 5450/428/655
f 5458/429/656 5456/430/656 5455/431/656
f 5452/432/657 5456/433/657 5449/434/657
f 5456/435/658 5450/436/658 5449/437/658
f 5458/429/659 5452/432/659 5454/438/659
f 5457/439/660 5454/438/660 5453/426/660
f 5463/440/661 5461/436/661 5459/437/661
f 5460/441/662 5466/426/662 5464/436/662
f 5460/442/663 5461/446/663 5462/434/663
f 5465/443/658 5464/432/658 5466/438/658
f 5469/432/658 5468/443/658 5467/438/658
f 5471/434/663 5474/432/663 5473/442/663
f 5467/426/664 5473/441/664 5469/436/664
f 5472/436/665 5470/440/665 5474/437/665
f 5475/427/655 5453/426/655 5476/428/655
f 5478/430/666 5480/429/666 5477/431/666
f 5475/434/657 5477/444/657 5452/432/657
f 5476/436/663 5478/435/663 5475/437/663
f 5452/432/659 5480/429/659 5454/438/659
f 5453/426/660 5480/445/660 5479/439/660
f 5483/436/661 5485/440/661 5481/437/661
f 5488/426/662 5482/441/662 5486/436/662
f 5484/434/658 5481/432/658 5482/442/658
f 5486/432/663 5487/443/663 5488/438/663
f 5490/443/663 5491/432/663 5489/438/663
f 5495/442/658 5494/446/658 5493/434/658
f 5495/441/664 5489/426/664 5491/436/664
f 5492/440/665 5494/436/665 5496/437/665
f 5501/426/655 5497/427/655 5498/428/655
f 5506/429/656 5504/430/656 5503/431/656
f 5500/432/657 5504/433/657 5497/434/657
f 5504/435/658 5498/436/658 5497/437/658
f 5506/429/659 5500/432/659 5502/438/659
f 5505/439/660 5502/438/660 5501/426/660
f 5511/440/661 5509/436/661 5507/437/661
f 5508/441/662 5514/426/662 5512/436/662
f 5508/442/663 5509/446/663 5510/434/663
f 5513/443/658 5512/432/658 5514/438/658
f 5517/432/658 5516/443/658 5515/438/658
f 5519/434/663 5522/432/663 5521/442/663
f 5515/426/664 5521/441/664 5517/436/664
f 5520/436/665 5518/440/665 5522/437/665
f 5523/427/655 5501/426/655 5524/428/655
f 5526/430/666 5528/429/666 5525/431/666
f 5523/434/657 5525/444/657 5500/432/657
f 5524/436/663 5526/435/663 5523/437/663
f 5500/432/659 5528/429/659 5502/438/659
f 5501/426/660 5528/445/660 5527/439/660
f 5531/436/661 5533/440/661 5529/437/661
f 5536/426/662 5530/441/662 5534/436/662
f 5532/434/658 5529/432/658 5530/442/658
f 5534/432/663 5535/443/663 5536/438/663
f 5538/443/663 5539/432/663 5537/438/663
f 5543/442/658 5542/446/658 5541/434/658
f 5543/441/664 5537/426/664 5539/436/664
f 5540/440/665 5542/436/665 5544/437/665
f 5549/426/655 5545/427/655 5546/428/655
f 5554/429/656 5552/430/656 5551/431/656
f 5548/432/657 5552/433/657 5545/434/657
f 5552/435/658 5546/436/658 5545/437/658
f 5554/429/659 5548/432/659 5550/438/659
f 5553/439/660 5550/438/660 5549/426/660
f 5559/440/661 5557/436/661 5555/437/661
f 5556/441/662 5562/426/662 5560/436/662
f 5556/442/663 5557/446/663 5558/434/663
f 5561/443/658 5560/432/658 5562/438/658
f 5565/432/658 5564/443/658 5563/438/658
f 5569/442/663 5568/446/663 5570/432/663
f 5563/426/664 5569/441/664 5565/436/664
f 5568/436/665 5566/440/665 5570/437/665
f 5571/427/655 5549/426/655 5572/428/655
f 5574/430/666 5576/429/666 5573/431/666
f 5571/434/657 5573/444/657 5548/432/657
f 5572/436/663 5574/435/663 5571/437/663
f 5548/432/659 5576/429/659 5550/438/659
f 5549/426/660 5576/445/660 5575/439/660
f 5579/436/661 5581/440/661 5577/437/661
f 5584/426/662 5578/441/662 5582/436/662
f 5580/434/658 5577/432/658 5578/442/658
f 5582/432/663 5583/443/663 5584/438/663
f 5586/443/663 5587/432/663 5585/438/663
f 5591/442/658 5590/446/658 5589/434/658
f 5591/441/664 5585/426/664 5587/436/664
f 5588/440/665 5590/436/665 5592/437/665
f 5597/426/655 5593/427/655 5594/428/655
f 5602/429/656 5600/430/656 5599/431/656
f 5596/432/657 5600/433/657 5593/434/657
f 5600/435/658 5594/436/658 5593/437/658
f 5602/429/659 5596/432/659 5598/438/659
f 5601/439/660 5598/438/660 5597/426/660
f 5607/440/661 5605/436/661 5603/437/661
f 5604/441/662 5610/426/662 5608/436/662
f 5604/442/663 5605/446/663 5606/434/663
f 5609/443/658 5608/432/658 5610/438/658
f 5613/432/658 5612/443/658 5611/438/658
f 5615/434/663 5618/432/663 5617/442/663
f 5611/426/664 5617/441/664 5613/436/664
f 5616/436/665 5614/440/665 5618/437/665
f 5619/427/655 5597/426/655 5620/428/655
f 5622/430/666 5624/429/666 5621/431/666
f 5619/434/657 5621/444/657 5596/432/657
f 5620/436/663 5622/435/663 5619/437/663
f 5596/432/659 5624/429/659 5598/438/659
f 5597/426/660 5624/445/660 5623/439/660
f 5627/436/661 5629/440/661 5625/437/661
f 5632/426/662 5626/441/662 5630/436/662
f 5628/434/658 5625/432/658 5626/442/658
f 5630/432/663 5631/443/663 5632/438/663
f 5634/443/663 5635/432/663 5633/438/663
f 5639/442/658 5638/446/658 5637/434/658
f 5639/441/664 5633/426/664 5635/436/664
f 5636/440/665 5638/436/665 5640/437/665
f 5645/426/655 5641/427/655 5642/428/655
f 5650/429/656 5648/430/656 5647/431/656
f 5644/432/657 5648/433/657 5641/434/657
f 5648/435/658 5642/436/658 5641/437/658
f 5650/429/659 5644/432/659 5646/438/659
f 5649/439/660 5646/438/660 5645/426/660
f 5655/440/661 5653/436/661 5651/437/661
f 5652/441/662 5658/426/662 5656/436/662
f 5652/442/663 5653/446/663 5654/434/663
f 5657/443/658 5656/432/658 5658/438/658
f 5661/432/658 5660/443/658 5659/438/658
f 5663/434/663 5666/432/663 5665/442/663
f 5659/426/664 5665/441/664 5661/436/664
f 5664/436/665 5662/440/665 5666/437/665
f 5667/427/655 5645/426/655 5668/428/655
f 5670/430/666 5672/429/666 5669/431/666
f 5667/434/657 5669/444/657 5644/432/657
f 5668/436/663 5670/435/663 5667/437/663
f 5644/432/659 5672/429/659 5646/438/659
f 5645/426/660 5672/445/660 5671/439/660
f 5675/436/661 5677/440/661 5673/437/661
f 5680/426/662 5674/441/662 5678/436/662
f 5676/434/658 5673/432/658 5674/442/658
f 5678/432/663 5679/443/663 5680/438/663
f 5682/443/663 5683/432/663 5681/438/663
f 5687/442/658 5686/446/658 5685/434/658
f 5687/441/664 5681/426/664 5683/436/664
f 5684/440/665 5686/436/665 5688/437/665
f 5309/426/655 5307/442/655 5305/427/655
f 5314/429/656 5313/443/656 5312/430/656
f 5305/434/657 5307/442/657 5308/432/657
f 5308/432/657 5311/444/657 5312/433/657
f 5312/435/658 5313/439/658 5306/436/658
f 5314/429/659 5311/431/659 5308/432/659
f 5309/426/660 5306/436/660 5313/439/660
f 5313/439/660 5314/445/660 5310/438/660
f 5319/440/661 5321/441/661 5317/436/661
f 5316/441/662 5318/438/662 5322/426/662
f 5315/432/663 5317/446/663 5318/434/663
f 5322/438/658 5321/443/658 5319/430/658
f 5323/438/658 5325/432/658 5326/430/658
f 5327/434/663 5328/446/663 5330/432/663
f 5323/426/664 5327/438/664 5329/441/664
f 5328/436/665 5324/441/665 5326/440/665
f 5331/427/655 5307/442/655 5309/426/655
f 5334/430/666 5335/443/666 5336/429/666
f 5308/432/657 5307/442/657 5331/434/657
f 5331/434/657 5334/433/657 5333/444/657
f 5332/436/663 5335/439/663 5334/435/663
f 5308/432/659 5333/431/659 5336/429/659
f 5335/439/660 5332/436/660 5309/426/660
f 5309/426/660 5310/438/660 5336/445/660
f 5339/436/661 5343/441/661 5341/440/661
f 5344/426/662 5340/438/662 5338/441/662
f 5340/434/658 5339/446/658 5337/432/658
f 5344/438/663 5342/432/663 5341/430/663
f 5345/438/663 5346/443/663 5348/430/663
f 5352/432/658 5350/446/658 5349/434/658
f 5351/441/664 5349/438/664 5345/426/664
f 5348/440/665 5346/441/665 5350/436/665
f 5357/426/655 5355/442/655 5353/427/655
f 5362/429/656 5361/443/656 5360/430/656
f 5353/434/657 5355/442/657 5356/432/657
f 5356/432/657 5359/444/657 5360/433/657
f 5360/435/658 5361/439/658 5354/436/658
f 5362/429/659 5359/431/659 5356/432/659
f 5357/426/660 5354/436/660 5361/439/660
f 5361/439/660 5362/445/660 5358/438/660
f 5367/440/661 5369/441/661 5365/436/661
f 5364/441/662 5366/438/662 5370/426/662
f 5364/442/663 5363/432/663 5365/446/663
f 5369/443/658 5367/430/658 5368/432/658
f 5371/438/658 5373/432/658 5374/430/658
f 5375/434/663 5376/446/663 5378/432/663
f 5371/426/664 5375/438/664 5377/441/664
f 5376/436/665 5372/441/665 5374/440/665
f 5379/427/655 5355/442/655 5357/426/655
f 5382/430/666 5383/443/666 5384/429/666
f 5356/432/657 5355/442/657 5379/434/657
f 5379/434/657 5382/433/657 5381/444/657
f 5380/436/663 5383/439/663 5382/435/663
f 5356/432/659 5381/431/659 5384/429/659
f 5383/439/660 5380/436/660 5357/426/660
f 5357/426/660 5358/438/660 5384/445/660
f 5387/436/661 5391/441/661 5389/440/661
f 5392/426/662 5388/438/662 5386/441/662
f 5388/434/658 5387/446/658 5385/432/658
f 5390/432/663 5389/430/663 5391/443/663
f 5393/438/663 5394/443/663 5396/430/663
f 5400/432/658 5398/446/658 5397/434/658
f 5399/441/664 5397/438/664 5393/426/664
f 5396/440/665 5394/441/665 5398/436/665
f 5405/426/655 5403/442/655 5401/427/655
f 5410/429/656 5409/443/656 5408/430/656
f 5401/434/657 5403/442/657 5404/432/657
f 5404/432/657 5407/444/657 5408/433/657
f 5408/435/658 5409/439/658 5402/436/658
f 5410/429/659 5407/431/659 5404/432/659
f 5405/426/660 5402/436/660 5409/439/660
f 5409/439/660 5410/445/660 5406/438/660
f 5415/440/661 5417/441/661 5413/436/661
f 5412/441/662 5414/438/662 5418/426/662
f 5412/442/663 5411/432/663 5413/446/663
f 5417/443/658 5415/430/658 5416/432/658
f 5421/432/658 5422/430/658 5420/443/658
f 5423/434/663 5424/446/663 5426/432/663
f 5419/426/664 5423/438/664 5425/441/664
f 5424/436/665 5420/441/665 5422/440/665
f 5427/427/655 5403/442/655 5405/426/655
f 5430/430/666 5431/443/666 5432/429/666
f 5404/432/657 5403/442/657 5427/434/657
f 5427/434/657 5430/433/657 5429/444/657
f 5428/436/663 5431/439/663 5430/435/663
f 5404/432/659 5429/431/659 5432/429/659
f 5431/439/660 5428/436/660 5405/426/660
f 5405/426/660 5406/438/660 5432/445/660
f 5435/436/661 5439/441/661 5437/440/661
f 5440/426/662 5436/438/662 5434/441/662
f 5436/434/658 5435/446/658 5433/432/658
f 5438/432/663 5437/430/663 5439/443/663
f 5442/443/663 5444/430/663 5443/432/663
f 5447/442/658 5448/432/658 5446/446/658
f 5447/441/664 5445/438/664 5441/426/664
f 5444/440/665 5442/441/665 5446/436/665
f 5453/426/655 5451/442/655 5449/427/655
f 5458/429/656 5457/443/656 5456/430/656
f 5449/434/657 5451/442/657 5452/432/657
f 5452/432/657 5455/444/657 5456/433/657
f 5456/435/658 5457/439/658 5450/436/658
f 5458/429/659 5455/431/659 5452/432/659
f 5453/426/660 5450/436/660 5457/439/660
f 5457/439/660 5458/445/660 5454/438/660
f 5463/440/661 5465/441/661 5461/436/661
f 5460/441/662 5462/438/662 5466/426/662
f 5460/442/663 5459/432/663 5461/446/663
f 5465/443/658 5463/430/658 5464/432/658
f 5469/432/658 5470/430/658 5468/443/658
f 5471/434/663 5472/446/663 5474/432/663
f 5467/426/664 5471/438/664 5473/441/664
f 5472/436/665 5468/441/665 5470/440/665
f 5475/427/655 5451/442/655 5453/426/655
f 5478/430/666 5479/443/666 5480/429/666
f 5452/432/657 5451/442/657 5475/434/657
f 5475/434/657 5478/433/657 5477/444/657
f 5476/436/663 5479/439/663 5478/435/663
f 5452/432/659 5477/431/659 5480/429/659
f 5479/439/660 5476/436/660 5453/426/660
f 5453/426/660 5454/438/660 5480/445/660
f 5483/436/661 5487/441/661 5485/440/661
f 5488/426/662 5484/438/662 5482/441/662
f 5484/434/658 5483/446/658 5481/432/658
f 5486/432/663 5485/430/663 5487/443/663
f 5490/443/663 5492/430/663 5491/432/663
f 5495/442/658 5496/432/658 5494/446/658
f 5495/441/664 5493/438/664 5489/426/664
f 5492/440/665 5490/441/665 5494/436/665
f 5501/426/655 5499/442/655 5497/427/655
f 5506/429/656 5505/443/656 5504/430/656
f 5497/434/657 5499/442/657 5500/432/657
f 5500/432/657 5503/444/657 5504/433/657
f 5504/435/658 5505/439/658 5498/436/658
f 5506/429/659 5503/431/659 5500/432/659
f 5501/426/660 5498/436/660 5505/439/660
f 5505/439/660 5506/445/660 5502/438/660
f 5511/440/661 5513/441/661 5509/436/661
f 5508/441/662 5510/438/662 5514/426/662
f 5508/442/663 5507/432/663 5509/446/663
f 5513/443/658 5511/430/658 5512/432/658
f 5517/432/658 5518/430/658 5516/443/658
f 5519/434/663 5520/446/663 5522/432/663
f 5515/426/664 5519/438/664 5521/441/664
f 5520/436/665 5516/441/665 5518/440/665
f 5523/427/655 5499/442/655 5501/426/655
f 5526/430/666 5527/443/666 5528/429/666
f 5500/432/657 5499/442/657 5523/434/657
f 5523/434/657 5526/433/657 5525/444/657
f 5524/436/663 5527/439/663 5526/435/663
f 5500/432/659 5525/431/659 5528/429/659
f 5527/439/660 5524/436/660 5501/426/660
f 5501/426/660 5502/438/660 5528/445/660
f 5531/436/661 5535/441/661 5533/440/661
f 5536/426/662 5532/438/662 5530/441/662
f 5532/434/658 5531/446/658 5529/432/658
f 5534/432/663 5533/430/663 5535/443/663
f 5538/443/663 5540/430/663 5539/432/663
f 5543/442/658 5544/432/658 5542/446/658
f 5543/441/664 5541/438/664 5537/426/664
f 5540/440/665 5538/441/665 5542/436/665
f 5549/426/655 5547/442/655 5545/427/655
f 5554/429/656 5553/443/656 5552/430/656
f 5545/434/657 5547/442/657 5548/432/657
f 5548/432/657 5551/444/657 5552/433/657
f 5552/435/658 5553/439/658 5546/436/658
f 5554/429/659 5551/431/659 5548/432/659
f 5549/426/660 5546/436/660 5553/439/660
f 5553/439/660 5554/445/660 5550/438/660
f 5559/440/661 5561/441/661 5557/436/661
f 5556/441/662 5558/438/662 5562/426/662
f 5556/442/663 5555/432/663 5557/446/663
f 5561/443/658 5559/430/658 5560/432/658
f 5565/432/658 5566/430/658 5564/443/658
f 5569/442/663 5567/434/663 5568/446/663
f 5563/426/664 5567/438/664 5569/441/664
f 5568/436/665 5564/441/665 5566/440/665
f 5571/427/655 5547/442/655 5549/426/655
f 5574/430/666 5575/443/666 5576/429/666
f 5548/432/657 5547/442/657 5571/434/657
f 5571/434/657 5574/433/657 5573/444/657
f 5572/436/663 5575/439/663 5574/435/663
f 5548/432/659 5573/431/659 5576/429/659
f 5575/439/660 5572/436/660 5549/426/660
f 5549/426/660 5550/438/660 5576/445/660
f 5579/436/661 5583/441/661 5581/440/661
f 5584/426/662 5580/438/662 5578/441/662
f 5580/434/658 5579/446/658 5577/432/658
f 5582/432/663 5581/430/663 5583/443/663
f 5586/443/663 5588/430/663 5587/432/663
f 5591/442/658 5592/432/658 5590/446/658
f 5591/441/664 5589/438/664 5585/426/664
f 5588/440/665 5586/441/665 5590/436/665
f 5597/426/655 5595/442/655 5593/427/655
f 5602/429/656 5601/443/656 5600/430/656
f 5593/434/657 5595/442/657 5596/432/657
f 5596/432/657 5599/444/657 5600/433/657
f 5600/435/658 5601/439/658 5594/436/658
f 5602/429/659 5599/431/659 5596/432/659
f 5597/426/660 5594/436/660 5601/439/660
f 5601/439/660 5602/445/660 5598/438/660
f 5607/440/661 5609/441/661 5605/436/661
f 5604/441/662 5606/438/662 5610/426/662
f 5604/442/663 5603/432/663 5605/446/663
f 5609/443/658 5607/430/658 5608/432/658
f 5613/432/658 5614/430/658 5612/443/658
f 5615/434/663 5616/446/663 5618/432/663
f 5611/426/664 5615/438/664 5617/441/664
f 5616/436/665 5612/441/665 5614/440/665
f 5619/427/655 5595/442/655 5597/426/655
f 5622/430/666 5623/443/666 5624/429/666
f 5596/432/657 5595/442/657 5619/434/657
f 5619/434/657 5622/433/657 5621/444/657
f 5620/436/663 5623/439/663 5622/435/663
f 5596/432/659 5621/431/659 5624/429/659
f 5623/439/660 5620/436/660 5597/426/660
f 5597/426/660 5598/438/660 5624/445/660
f 5627/436/661 5631/441/661 5629/440/661
f 5632/426/662 5628/438/662 5626/441/662
f 5628/434/658 5627/446/658 5625/432/658
f 5630/432/663 5629/430/663 5631/443/663
f 5634/443/663 5636/430/663 5635/432/663
f 5639/442/658 5640/432/658 5638/446/658
f 5639/441/664 5637/438/664 5633/426/664
f 5636/440/665 5634/441/665 5638/436/665
f 5645/426/655 5643/442/655 5641/427/655
f 5650/429/656 5649/443/656 5648/430/656
f 5641/434/657 5643/442/657 5644/432/657
f 5644/432/657 5647/444/657 5648/433/657
f 5648/435/658 5649/439/658 5642/436/658
f 5650/429/659 5647/431/659 5644/432/659
f 5645/426/660 5642/436/660 5649/439/660
f 5649/439/660 5650/445/660 5646/438/660
f 5655/440/661 5657/441/661 5653/436/661
f 5652/441/662 5654/438/662 5658/426/662
f 5652/442/663 5651/432/663 5653/446/663
f 5657/443/658 5655/430/658 5656/432/658
f 5661/432/658 5662/430/658 5660/443/658
f 5663/434/663 5664/446/663 5666/432/663
f 5659/426/664 5663/438/664 5665/441/664
f 5664/436/665 5660/441/665 5662/440/665
f 5667/427/655 5643/442/655 5645/426/655
f 5670/430/666 5671/443/666 5672/429/666
f 5644/432/657 5643/442/657 5667/434/657
f 5667/434/657 5670/433/657 5669/444/657
f 5668/436/663 5671/439/663 5670/435/663
f 5644/432/659 5669/431/659 5672/429/659
f 5671/439/660 5668/436/660 5645/426/660
f 5645/426/660 5646/438/660 5672/445/660
f 5675/436/661 5679/441/661 5677/440/661
f 5680/426/662 5676/438/662 5674/441/662
f 5676/434/658 5675/446/658 5673/432/658
f 5678/432/663 5677/430/663 5679/443/663
f 5682/443/663 5684/430/663 5683/432/663
f 5687/442/658 5688/432/658 5686/446/658
f 5687/441/664 5685/438/664 5681/426/664
f 5684/440/665 5682/441/665 5686/436/665
o Cube.046
v -0.750000 1.400000 3.350001
v -0.750000 1.550000 3.350001
v -0.750000 1.400000 -3.350001
v -0.750000 1.550000 -3.350001
v -0.600000 1.400000 3.350001
v -0.600000 1.550000 3.350001
v -0.600000 1.400000 -3.350001
v -0.600000 1.550000 -3.350001
v 0.750000 1.400000 3.350001
v 0.750000 1.550000 3.350001
v 0.750000 1.400000 -3.350001
v 0.750000 1.550000 -3.350001
v 0.600000 1.400000 3.350001
v 0.600000 1.550000 3.350001
v 0.600000 1.400000 -3.350001
v 0.600000 1.550000 -3.350001
vn -1.0000 -0.0000 -0.0000
vn -0.0000 -0.0000 -1.0000
vn 1.0000 -0.0000 -0.0000
vn -0.0000 -0.0000 1.0000
vn -0.0000 -1.0000 -0.0000
vn -0.0000 1.0000 -0.0000
vt 0.625000 0.000000
vt 0.375000 0.250000
vt 0.375000 0.000000
vt 0.625000 0.250000
vt 0.375000 0.500000
vt 0.625000 0.500000
vt 0.375000 0.750000
vt 0.625000 0.750000
vt 0.375000 1.000000
vt 0.125000 0.750000
vt 0.125000 0.500000
vt 0.875000 0.500000
vt 0.625000 1.000000
vt 0.875000 0.750000
s 0
f 5690/447/667 5691/448/667 5689/449/667
f 5692/450/668 5695/451/668 5691/448/668
f 5696/452/669 5693/453/669 5695/451/669
f 5694/454/670 5689/455/670 5693/453/670
f 5695/451/671 5689/456/671 5691/457/671
f 5692/458/672 5694/454/672 5696/452/672
f 5699/448/669 5698/447/669 5697/449/669
f 5703/451/668 5700/450/668 5699/448/668
f 5701/453/667 5704/452/667 5703/451/667
f 5697/455/670 5702/454/670 5701/453/670
f 5697/456/671 5703/451/671 5699/457/671
f 5702/454/672 5700/458/672 5704/452/672
f 5690/447/667 5692/450/667 5691/448/667
f 5692/450/668 5696/452/668 5695/451/668
f 5696/452/669 5694/454/669 5693/453/669
f 5694/454/670 5690/459/670 5689/455/670
f 5695/451/671 5693/453/671 5689/456/671
f 5692/458/672 5690/460/672 5694/454/672
f 5699/448/669 5700/450/669 5698/447/669
f 5703/451/668 5704/452/668 5700/450/668
f 5701/453/667 5702/454/667 5704/452/667
f 5697/455/670 5698/459/670 5702/454/670
f 5697/456/671 5701/453/671 5703/451/671
f 5702/454/672 5698/460/672 5700/458/672
o Cylinder.016
v 0.000000 3.300000 2.800000
v 0.707107 3.007107 2.800000
v 0.258819 1.334074 2.800000
v -0.500000 1.433975 2.800000
v -1.000000 2.300000 2.800000
v -0.500000 3.166025 2.800000
v 0.000000 2.300000 3.000000
v 0.000000 2.682683 2.984776
v 0.000000 3.007107 2.941422
v 0.000000 3.223879 2.876537
v 0.099046 2.669644 2.984776
v 0.183013 2.983012 2.941422
v 0.239118 3.192399 2.876537
v 0.258819 3.265926 2.800000
v 0.191342 2.631413 2.984776
v 0.353553 2.912372 2.941422
v 0.461940 3.100103 2.876537
v 0.500000 3.166025 2.800000
v 0.270598 2.570598 2.984776
v 0.500000 2.800000 2.941422
v 0.653281 2.953281 2.876537
v 0.331414 2.491342 2.984776
v 0.612372 2.653553 2.941422
v 0.800103 2.761940 2.876537
v 0.866025 2.800000 2.800000
v 0.369644 2.399045 2.984776
v 0.683013 2.483012 2.941422
v 0.892399 2.539117 2.876537
v 0.965926 2.558819 2.800000
v 0.382683 2.300000 2.984776
v 0.707107 2.300000 2.941422
v 0.923879 2.300000 2.876537
v 1.000000 2.300000 2.800000
v 0.369644 2.200954 2.984776
v 0.683012 2.116987 2.941422
v 0.892399 2.060882 2.876537
v 0.965926 2.041181 2.800000
v 0.331413 2.108658 2.984776
v 0.612372 1.946446 2.941422
v 0.800103 1.838060 2.876537
v 0.866025 1.800000 2.800000
v 0.270598 2.029402 2.984776
v 0.500000 1.800000 2.941422
v 0.653281 1.646719 2.876537
v 0.707107 1.592893 2.800000
v 0.191342 1.968586 2.984776
v 0.353553 1.687628 2.941422
v 0.461940 1.499897 2.876537
v 0.500000 1.433975 2.800000
v 0.099046 1.930356 2.984776
v 0.183013 1.616987 2.941422
v 0.239117 1.407601 2.876537
v -0.000000 1.917316 2.984776
v 0.000000 1.592893 2.941422
v -0.000000 1.376121 2.876537
v -0.000000 1.300000 2.800000
v -0.099046 1.930356 2.984776
v -0.183013 1.616987 2.941422
v -0.239118 1.407601 2.876537
v -0.258819 1.334074 2.800000
v -0.191342 1.968586 2.984776
v -0.353553 1.687628 2.941422
v -0.461940 1.499897 2.876537
v -0.270598 2.029402 2.984776
v -0.500000 1.800000 2.941422
v -0.653281 1.646719 2.876537
v -0.707107 1.592893 2.800000
v -0.331413 2.108658 2.984776
v -0.612372 1.946447 2.941422
v -0.800103 1.838060 2.876537
v -0.866025 1.800000 2.800000
v -0.369644 2.200954 2.984776
v -0.683012 2.116987 2.941422
v -0.892399 2.060882 2.876537
v -0.965926 2.041181 2.800000
v -0.382683 2.300000 2.984776
v -0.707106 2.300000 2.941422
v -0.923879 2.300000 2.876537
v -0.369644 2.399045 2.984776
v -0.683012 2.483012 2.941422
v -0.892399 2.539117 2.876537
v -0.965925 2.558819 2.800000
v -0.331413 2.491342 2.984776
v -0.612372 2.653553 2.941422
v -0.800103 2.761940 2.876537
v -0.866025 2.800000 2.800000
v -0.270598 2.570598 2.984776
v -0.500000 2.799999 2.941422
v -0.653281 2.953281 2.876537
v -0.707106 3.007107 2.800000
v -0.191342 2.631413 2.984776
v -0.353553 2.912372 2.941422
v -0.461939 3.100103 2.876537
v -0.099046 2.669643 2.984776
v -0.183013 2.983012 2.941422
v -0.239117 3.192399 2.876537
v -0.258819 3.265925 2.800000
v 0.000000 3.289655 0.650000
v 0.000000 3.289655 0.750000
v 0.256141 3.255933 0.650000
v 0.256141 3.255933 0.750000
v 0.494827 3.157066 0.650000
v 0.494827 3.157066 0.750000
v 0.699792 2.999792 0.650000
v 0.699792 2.999791 0.750000
v 0.857066 2.794827 0.650000
v 0.857066 2.794827 0.750000
v 0.955933 2.556142 0.650000
v 0.955933 2.556141 0.750000
v 0.989655 2.300000 0.650000
v 0.989655 2.300000 0.750000
v 0.955933 2.043859 0.650000
v 0.955933 2.043858 0.750000
v 0.857066 1.805173 0.650000
v 0.857066 1.805173 0.750000
v 0.699792 1.600208 0.650000
v 0.699792 1.600208 0.750000
v 0.494827 1.442934 0.650000
v 0.494827 1.442934 0.750000
v 0.256141 1.344067 0.650000
v 0.256142 1.344067 0.750000
v 0.000000 1.310345 0.650000
v 0.000000 1.310345 0.750000
v -0.256141 1.344067 0.650000
v -0.256141 1.344067 0.750000
v -0.494827 1.442934 0.650000
v -0.494827 1.442934 0.750000
v -0.699792 1.600208 0.650000
v -0.699792 1.600208 0.750000
v -0.857066 1.805173 0.650000
v -0.857066 1.805173 0.750000
v -0.955933 2.043859 0.650000
v -0.955933 2.043858 0.750000
v -0.989655 2.300000 0.650000
v -0.989655 2.300000 0.750000
v -0.955933 2.556142 0.650000
v -0.955933 2.556141 0.750000
v -0.857066 2.794827 0.650000
v -0.857066 2.794827 0.750000
v -0.699792 2.999792 0.650000
v -0.699792 2.999791 0.750000
v -0.494827 3.157066 0.650000
v -0.494827 3.157066 0.750000
v -0.256141 3.255933 0.650000
v -0.256141 3.255933 0.750000
v 0.000000 3.320000 0.650000
v 0.263995 3.285244 0.650000
v 0.263995 3.285244 0.750000
v 0.000000 3.320000 0.750000
v 0.510000 3.183346 0.650000
v 0.510000 3.183346 0.750000
v 0.721249 3.021249 0.650000
v 0.721249 3.021249 0.750000
v 0.883346 2.810000 0.650000
v 0.883346 2.810000 0.750000
v 0.985244 2.563995 0.650000
v 0.985244 2.563995 0.750000
v 1.020000 2.300000 0.650000
v 1.020000 2.300000 0.750000
v 0.985244 2.036005 0.650000
v 0.985244 2.036005 0.750000
v 0.883346 1.790000 0.650000
v 0.883346 1.790000 0.750000
v 0.721249 1.578751 0.650000
v 0.721249 1.578751 0.750000
v 0.510000 1.416654 0.650000
v 0.510000 1.416654 0.750000
v 0.263995 1.314756 0.650000
v 0.263995 1.314756 0.750000
v 0.000000 1.280000 0.650000
v 0.000000 1.280000 0.750000
v -0.263995 1.314756 0.650000
v -0.263995 1.314756 0.750000
v -0.510000 1.416654 0.650000
v -0.510000 1.416654 0.750000
v -0.721249 1.578751 0.650000
v -0.721249 1.578751 0.750000
v -0.883346 1.790000 0.650000
v -0.883346 1.790000 0.750000
v -0.985244 2.036005 0.650000
v -0.985244 2.036005 0.750000
v -1.020000 2.300000 0.650000
v -1.020000 2.300000 0.750000
v -0.985244 2.563995 0.650000
v -0.985244 2.563995 0.750000
v -0.883346 2.810000 0.650000
v -0.883346 2.810000 0.750000
v -0.721249 3.021249 0.650000
v -0.721249 3.021249 0.750000
v -0.510000 3.183346 0.650000
v -0.510000 3.183346 0.750000
v -0.263995 3.285244 0.650000
v -0.263995 3.285244 0.750000
v 0.258819 3.265926 0.000000
v 0.500000 3.166025 0.000000
v 0.965926 2.558819 0.000000
v 0.965926 2.041181 0.000000
v 0.866025 1.800000 0.000000
v 0.707107 1.592893 0.000000
v -0.000000 1.300000 0.000000
v -0.866025 1.800000 0.000000
v -0.965926 2.041181 0.000000
v -0.965926 2.558819 0.000000
v -1.000000 2.300000 0.000000
v 0.866025 2.800000 0.000000
v 1.000000 2.300000 0.000000
v 0.500000 1.433975 0.000000
v -0.258819 1.334074 0.000000
v -0.707107 1.592893 0.000000
v -0.866025 2.800000 0.000000
v -0.707107 3.007107 0.000000
v -0.258819 3.265925 0.000000
v -0.500000 3.166025 0.000000
v -0.500000 1.433975 0.000000
v 0.258819 1.334074 0.000000
v 0.707107 3.007107 0.000000
v 0.000000 3.300000 0.000000
v 0.000000 3.289655 2.650000
v 0.000000 3.289655 2.750000
v 0.256141 3.255933 2.650000
v 0.256141 3.255933 2.750000
v 0.494827 3.157066 2.650000
v 0.494827 3.157066 2.750000
v 0.699792 2.999792 2.650000
v 0.699792 2.999791 2.750000
v 0.857066 2.794827 2.650000
v 0.857066 2.794827 2.750000
v 0.955933 2.556142 2.650000
v 0.955933 2.556141 2.750000
v 0.989655 2.300000 2.650000
v 0.989655 2.300000 2.750000
v 0.955933 2.043859 2.650000
v 0.955933 2.043858 2.750000
v 0.857066 1.805173 2.650000
v 0.857066 1.805173 2.750000
v 0.699792 1.600208 2.650000
v 0.699792 1.600208 2.750000
v 0.494827 1.442934 2.650000
v 0.494827 1.442934 2.750000
v 0.256141 1.344067 2.650000
v 0.256142 1.344067 2.750000
v 0.000000 1.310345 2.650000
v 0.000000 1.310345 2.750000
v -0.256141 1.344067 2.650000
v -0.256141 1.344067 2.750000
v -0.494827 1.442934 2.650000
v -0.494827 1.442934 2.750000
v -0.699792 1.600208 2.650000
v -0.699792 1.600208 2.750000
v -0.857066 1.805173 2.650000
v -0.857066 1.805173 2.750000
v -0.955933 2.043859 2.650000
v -0.955933 2.043858 2.750000
v -0.989655 2.300000 2.650000
v -0.989655 2.300000 2.750000
v -0.955933 2.556142 2.650000
v -0.955933 2.556141 2.750000
v -0.857066 2.794827 2.650000
v -0.857066 2.794827 2.750000
v -0.699792 2.999792 2.650000
v -0.699792 2.999791 2.750000
v -0.494827 3.157066 2.650000
v -0.494827 3.157066 2.750000
v -0.256141 3.255933 2.650000
v -0.256141 3.255933 2.750000
v 0.000000 3.320000 2.650000
v 0.263995 3.285244 2.650000
v 0.263995 3.285244 2.750000
v 0.000000 3.320000 2.750000
v 0.510000 3.183346 2.650000
v 0.510000 3.183346 2.750000
v 0.721249 3.021249 2.650000
v 0.721249 3.021249 2.750000
v 0.883346 2.810000 2.650000
v 0.883346 2.810000 2.750000
v 0.985244 2.563995 2.650000
v 0.985244 2.563995 2.750000
v 1.020000 2.300000 2.650000
v 1.020000 2.300000 2.750000
v 0.985244 2.036005 2.650000
v 0.985244 2.036005 2.750000
v 0.883346 1.790000 2.650000
v 0.883346 1.790000 2.750000
v 0.721249 1.578751 2.650000
v 0.721249 1.578751 2.750000
v 0.510000 1.416654 2.650000
v 0.510000 1.416654 2.750000
v 0.263995 1.314756 2.650000
v 0.263995 1.314756 2.750000
v 0.000000 1.280000 2.650000
v 0.000000 1.280000 2.750000
v -0.263995 1.314756 2.650000
v -0.263995 1.314756 2.750000
v -0.510000 1.416654 2.650000
v -0.510000 1.416654 2.750000
v -0.721249 1.578751 2.650000
v -0.721249 1.578751 2.750000
v -0.883346 1.790000 2.650000
v -0.883346 1.790000 2.750000
v -0.985244 2.036005 2.650000
v -0.985244 2.036005 2.750000
v -1.020000 2.300000 2.650000
v -1.020000 2.300000 2.750000
v -0.985244 2.563995 2.650000
v -0.985244 2.563995 2.750000
v -0.883346 2.810000 2.650000
v -0.883346 2.810000 2.750000
v -0.721249 3.021249 2.650000
v -0.721249 3.021249 2.750000
v -0.510000 3.183346 2.650000
v -0.510000 3.183346 2.750000
v -0.263995 3.285244 2.650000
v -0.263995 3.285244 2.750000
v -0.263995 3.285244 1.750000
v -0.263995 3.285244 1.650000
v -0.510000 3.183346 1.750000
v -0.510000 3.183346 1.650000
v -0.721249 3.021249 1.750000
v -0.721249 3.021249 1.650000
v -0.883346 2.810000 1.750000
v -0.883346 2.810000 1.650000
v -0.985244 2.563995 1.750000
v -0.985244 2.563995 1.650000
v -1.020000 2.300000 1.750000
v -1.020000 2.300000 1.650000
v -0.985244 2.036005 1.750000
v -0.985244 2.036005 1.650000
v -0.883346 1.790000 1.750000
v -0.883346 1.790000 1.650000
v -0.721249 1.578751 1.750000
v -0.721249 1.578751 1.650000
v -0.510000 1.416654 1.750000
v -0.510000 1.416654 1.650000
v -0.263995 1.314756 1.750000
v -0.263995 1.314756 1.650000
v 0.000000 1.280000 1.750000
v 0.000000 1.280000 1.650000
v 0.263995 1.314756 1.750000
v 0.263995 1.314756 1.650000
v 0.510000 1.416654 1.750000
v 0.510000 1.416654 1.650000
v 0.721249 1.578751 1.750000
v 0.721249 1.578751 1.650000
v 0.883346 1.790000 1.750000
v 0.883346 1.790000 1.650000
v 0.985244 2.036005 1.750000
v 0.985244 2.036005 1.650000
v 1.020000 2.300000 1.750000
v 1.020000 2.300000 1.650000
v 0.985244 2.563995 1.750000
v 0.985244 2.563995 1.650000
v 0.883346 2.810000 1.750000
v 0.883346 2.810000 1.650000
v 0.721249 3.021249 1.750000
v 0.721249 3.021249 1.650000
v 0.510000 3.183346 1.750000
v 0.510000 3.183346 1.650000
v 0.000000 3.320000 1.750000
v 0.263995 3.285244 1.750000
v 0.263995 3.285244 1.650000
v 0.000000 3.320000 1.650000
v -0.256141 3.255933 1.750000
v -0.256141 3.255933 1.650000
v -0.494827 3.157066 1.750000
v -0.494827 3.157066 1.650000
v -0.699792 2.999791 1.750000
v -0.699792 2.999792 1.650000
v -0.857066 2.794827 1.750000
v -0.857066 2.794827 1.650000
v -0.955933 2.556141 1.750000
v -0.955933 2.556142 1.650000
v -0.989655 2.300000 1.750000
v -0.989655 2.300000 1.650000
v -0.955933 2.043858 1.750000
v -0.955933 2.043859 1.650000
v -0.857066 1.805173 1.750000
v -0.857066 1.805173 1.650000
v -0.699792 1.600208 1.750000
v -0.699792 1.600208 1.650000
v -0.494827 1.442934 1.750000
v -0.494827 1.442934 1.650000
v -0.256141 1.344067 1.750000
v -0.256141 1.344067 1.650000
v 0.000000 1.310345 1.750000
v 0.000000 1.310345 1.650000
v 0.256142 1.344067 1.750000
v 0.256141 1.344067 1.650000
v 0.494827 1.442934 1.750000
v 0.494827 1.442934 1.650000
v 0.699792 1.600208 1.750000
v 0.699792 1.600208 1.650000
v 0.857066 1.805173 1.750000
v 0.857066 1.805173 1.650000
v 0.955933 2.043858 1.750000
v 0.955933 2.043859 1.650000
v 0.989655 2.300000 1.750000
v 0.989655 2.300000 1.650000
v 0.955933 2.556141 1.750000
v 0.955933 2.556142 1.650000
v 0.857066 2.794827 1.750000
v 0.857066 2.794827 1.650000
v 0.699792 2.999791 1.750000
v 0.699792 2.999792 1.650000
v 0.494827 3.157066 1.750000
v 0.494827 3.157066 1.650000
v 0.256141 3.255933 1.750000
v 0.256141 3.255933 1.650000
v 0.000000 3.289655 1.750000
v 0.000000 3.289655 1.650000
v -0.896524 1.955794 0.750000
v -0.857451 1.863743 0.750000
v -0.896524 1.955794 1.650000
v -0.857451 1.863743 1.650000
v -0.937947 1.938211 0.750000
v -0.898874 1.846160 0.750000
v -0.937947 1.938211 1.650000
v -0.898874 1.846160 1.650000
v -0.854323 1.855734 1.750000
v -0.802819 1.770018 1.750000
v -0.854323 1.855734 2.650000
v -0.802819 1.770018 2.650000
v -0.892895 1.832558 1.750000
v -0.841391 1.746841 1.750000
v -0.892895 1.832558 2.650000
v -0.841392 1.746841 2.650000
v -0.928793 2.054767 0.000000
v -0.902911 1.958174 0.000000
v -0.928793 2.054767 0.650000
v -0.902911 1.958174 0.650000
v -0.972260 2.043120 0.000000
v -0.946378 1.946527 0.000000
v -0.972260 2.043120 0.650000
v -0.946378 1.946527 0.650000
v 0.896524 1.955794 0.750000
v 0.857451 1.863743 0.750000
v 0.896524 1.955794 1.650000
v 0.857451 1.863743 1.650000
v 0.937947 1.938211 0.750000
v 0.898874 1.846160 0.750000
v 0.937947 1.938211 1.650000
v 0.898874 1.846160 1.650000
v 0.854323 1.855734 1.750000
v 0.802819 1.770018 1.750000
v 0.854323 1.855734 2.650000
v 0.802819 1.770018 2.650000
v 0.892895 1.832558 1.750000
v 0.841391 1.746841 1.750000
v 0.892895 1.832558 2.650000
v 0.841392 1.746841 2.650000
v 0.928793 2.054767 0.000000
v 0.902911 1.958174 0.000000
v 0.928793 2.054767 0.650000
v 0.902911 1.958174 0.650000
v 0.972260 2.043120 0.000000
v 0.946378 1.946527 0.000000
v 0.972260 2.043120 0.650000
v 0.946378 1.946527 0.650000
v -0.690000 1.576667 0.650000
v -0.744667 1.616667 0.650000
v -0.690000 1.576667 0.000000
v -0.744667 1.616667 0.000000
v -0.744667 1.616667 0.750000
v -0.735667 1.631667 0.650000
v -0.690000 1.576667 0.750000
v -0.735667 1.631667 0.000000
v -0.744667 1.616667 1.650000
v -0.690000 1.576667 1.650000
v -0.730417 1.550041 0.000000
v -0.730417 1.550041 0.650000
v -0.650000 1.550000 0.000000
v -0.650000 1.550000 0.650000
v -0.735667 1.631667 1.650000
v -0.735667 1.631667 0.750000
v -0.730417 1.550041 0.750000
v -0.730417 1.550041 1.650000
v -0.650000 1.550000 0.750000
v -0.650000 1.550000 1.650000
v -0.744667 1.616667 1.750000
v -0.690000 1.576667 1.750000
v -0.744667 1.616667 2.650000
v -0.690000 1.576667 2.650000
v -0.735667 1.631667 2.650000
v -0.735667 1.631667 1.750000
v -0.730417 1.550041 1.750000
v -0.730417 1.550041 2.650000
v -0.650000 1.550000 1.750000
v -0.650000 1.550000 2.650000
v 0.258819 3.265926 2.800000
v 0.500000 3.166025 2.800000
v 0.965926 2.558819 2.800000
v 0.866025 2.800000 2.800000
v 1.000000 2.300000 2.800000
v 0.965926 2.041181 2.800000
v 0.866025 1.800000 2.800000
v 0.707107 1.592893 2.800000
v 0.500000 1.433975 2.800000
v -0.000000 1.300000 2.800000
v -0.258819 1.334074 2.800000
v -0.866025 1.800000 2.800000
v -0.707107 1.592893 2.800000
v -0.965926 2.041181 2.800000
v -0.965925 2.558819 2.800000
v -0.866025 2.800000 2.800000
v -0.707106 3.007107 2.800000
v 0.000000 3.300000 2.800000
v -0.258819 3.265925 2.800000
v -0.500000 3.166025 2.800000
v -1.000000 2.300000 2.800000
v -0.500000 1.433975 2.800000
v 0.258819 1.334074 2.800000
v 0.707107 3.007107 2.800000
v 0.000000 3.320000 0.650000
v 0.263995 3.285244 0.650000
v 0.263995 3.285244 0.750000
v 0.000000 3.320000 0.750000
v 0.510000 3.183346 0.650000
v 0.510000 3.183346 0.750000
v 0.721249 3.021249 0.650000
v 0.721249 3.021249 0.750000
v 0.883346 2.810000 0.650000
v 0.883346 2.810000 0.750000
v 0.985244 2.563995 0.650000
v 0.985244 2.563995 0.750000
v 1.020000 2.300000 0.650000
v 1.020000 2.300000 0.750000
v 0.985244 2.036005 0.650000
v 0.985244 2.036005 0.750000
v 0.883346 1.790000 0.650000
v 0.883346 1.790000 0.750000
v 0.721249 1.578751 0.650000
v 0.721249 1.578751 0.750000
v 0.510000 1.416654 0.650000
v 0.510000 1.416654 0.750000
v 0.263995 1.314756 0.650000
v 0.263995 1.314756 0.750000
v 0.000000 1.280000 0.650000
v 0.000000 1.280000 0.750000
v -0.263995 1.314756 0.650000
v -0.263995 1.314756 0.750000
v -0.510000 1.416654 0.650000
v -0.510000 1.416654 0.750000
v -0.721249 1.578751 0.650000
v -0.721249 1.578751 0.750000
v -0.883346 1.790000 0.650000
v -0.883346 1.790000 0.750000
v -0.985244 2.036005 0.650000
v -0.985244 2.036005 0.750000
v -1.020000 2.300000 0.650000
v -1.020000 2.300000 0.750000
v -0.985244 2.563995 0.650000
v -0.985244 2.563995 0.750000
v -0.883346 2.810000 0.650000
v -0.883346 2.810000 0.750000
v -0.721249 3.021249 0.650000
v -0.721249 3.021249 0.750000
v -0.510000 3.183346 0.650000
v -0.510000 3.183346 0.750000
v -0.263995 3.285244 0.650000
v -0.263995 3.285244 0.750000
v 0.000000 3.320000 2.650000
v 0.263995 3.285244 2.650000
v 0.263995 3.285244 2.750000
v 0.000000 3.320000 2.750000
v 0.510000 3.183346 2.650000
v 0.510000 3.183346 2.750000
v 0.721249 3.021249 2.650000
v 0.721249 3.021249 2.750000
v 0.883346 2.810000 2.650000
v 0.883346 2.810000 2.750000
v 0.985244 2.563995 2.650000
v 0.985244 2.563995 2.750000
v 1.020000 2.300000 2.650000
v 1.020000 2.300000 2.750000
v 0.985244 2.036005 2.650000
v 0.985244 2.036005 2.750000
v 0.883346 1.790000 2.650000
v 0.883346 1.790000 2.750000
v 0.721249 1.578751 2.650000
v 0.721249 1.578751 2.750000
v 0.510000 1.416654 2.650000
v 0.510000 1.416654 2.750000
v 0.263995 1.314756 2.650000
v 0.263995 1.314756 2.750000
v 0.000000 1.280000 2.650000
v 0.000000 1.280000 2.750000
v -0.263995 1.314756 2.650000
v -0.263995 1.314756 2.750000
v -0.510000 1.416654 2.650000
v -0.510000 1.416654 2.750000
v -0.721249 1.578751 2.650000
v -0.721249 1.578751 2.750000
v -0.883346 1.790000 2.650000
v -0.883346 1.790000 2.750000
v -0.985244 2.036005 2.650000
v -0.985244 2.036005 2.750000
v -1.020000 2.300000 2.650000
v -1.020000 2.300000 2.750000
v -0.985244 2.563995 2.650000
v -0.985244 2.563995 2.750000
v -0.883346 2.810000 2.650000
v -0.883346 2.810000 2.750000
v -0.721249 3.021249 2.650000
v -0.721249 3.021249 2.750000
v -0.510000 3.183346 2.650000
v -0.510000 3.183346 2.750000
v -0.263995 3.285244 2.650000
v -0.263995 3.285244 2.750000
v 0.000000 3.320000 1.750000
v -0.263995 3.285244 1.750000
v -0.263995 3.285244 1.650000
v 0.000000 3.320000 1.650000
v -0.510000 3.183346 1.750000
v -0.510000 3.183346 1.650000
v -0.721249 3.021249 1.750000
v -0.721249 3.021249 1.650000
v -0.883346 2.810000 1.750000
v -0.883346 2.810000 1.650000
v -0.985244 2.563995 1.750000
v -0.985244 2.563995 1.650000
v -1.020000 2.300000 1.750000
v -1.020000 2.300000 1.650000
v -0.985244 2.036005 1.750000
v -0.985244 2.036005 1.650000
v -0.883346 1.790000 1.750000
v -0.883346 1.790000 1.650000
v -0.721249 1.578751 1.750000
v -0.721249 1.578751 1.650000
v -0.510000 1.416654 1.750000
v -0.510000 1.416654 1.650000
v -0.263995 1.314756 1.750000
v -0.263995 1.314756 1.650000
v 0.000000 1.280000 1.750000
v 0.000000 1.280000 1.650000
v 0.263995 1.314756 1.750000
v 0.263995 1.314756 1.650000
v 0.510000 1.416654 1.750000
v 0.510000 1.416654 1.650000
v 0.721249 1.578751 1.750000
v 0.721249 1.578751 1.650000
v 0.883346 1.790000 1.750000
v 0.883346 1.790000 1.650000
v 0.985244 2.036005 1.750000
v 0.985244 2.036005 1.650000
v 1.020000 2.300000 1.750000
v 1.020000 2.300000 1.650000
v 0.985244 2.563995 1.750000
v 0.985244 2.563995 1.650000
v 0.883346 2.810000 1.750000
v 0.883346 2.810000 1.650000
v 0.721249 3.021249 1.750000
v 0.721249 3.021249 1.650000
v 0.510000 3.183346 1.750000
v 0.510000 3.183346 1.650000
v 0.263995 3.285244 1.750000
v 0.263995 3.285244 1.650000
v -0.937947 1.938211 1.650000
v -0.937947 1.938211 0.750000
v -0.898874 1.846160 0.750000
v -0.898874 1.846160 1.650000
v -0.892895 1.832558 2.650000
v -0.892895 1.832558 1.750000
v -0.841391 1.746841 1.750000
v -0.841392 1.746841 2.650000
v -0.972260 2.043120 0.650000
v -0.972260 2.043120 0.000000
v -0.946378 1.946527 0.000000
v -0.946378 1.946527 0.650000
v 0.937947 1.938211 1.650000
v 0.937947 1.938211 0.750000
v 0.898874 1.846160 0.750000
v 0.898874 1.846160 1.650000
v 0.892895 1.832558 2.650000
v 0.892895 1.832558 1.750000
v 0.841391 1.746841 1.750000
v 0.841392 1.746841 2.650000
v 0.972260 2.043120 0.650000
v 0.972260 2.043120 0.000000
v 0.946378 1.946527 0.000000
v 0.946378 1.946527 0.650000
v -0.690000 1.576667 0.000000
v -0.690000 1.576667 0.000000
v -0.690000 1.576667 0.650000
v -0.690000 1.576667 0.650000
v -0.744667 1.616667 0.650000
v -0.744667 1.616667 0.000000
v -0.690000 1.576667 0.750000
v -0.690000 1.576667 0.750000
v -0.730417 1.550041 0.750000
v -0.744667 1.616667 1.650000
v -0.744667 1.616667 0.750000
v -0.730417 1.550041 0.000000
v -0.730417 1.550041 0.650000
v -0.690000 1.576667 1.650000
v -0.690000 1.576667 1.650000
v -0.730417 1.550041 1.650000
v -0.690000 1.576667 1.750000
v -0.690000 1.576667 1.750000
v -0.730417 1.550041 1.750000
v -0.744667 1.616667 2.650000
v -0.744667 1.616667 1.750000
v -0.690000 1.576667 2.650000
v -0.690000 1.576667 2.650000
v -0.730417 1.550041 2.650000
v 0.000000 3.300000 -2.800000
v 0.707107 3.007107 -2.800000
v 0.258819 1.334074 -2.800000
v -0.500000 1.433975 -2.800000
v -1.000000 2.300000 -2.800000
v -0.500000 3.166025 -2.800000
v 0.000000 2.300000 -3.000000
v 0.000000 2.682683 -2.984776
v 0.000000 3.007107 -2.941422
v 0.000000 3.223879 -2.876537
v 0.099046 2.669644 -2.984776
v 0.183013 2.983012 -2.941422
v 0.239118 3.192399 -2.876537
v 0.258819 3.265926 -2.800000
v 0.191342 2.631413 -2.984776
v 0.353553 2.912372 -2.941422
v 0.461940 3.100103 -2.876537
v 0.500000 3.166025 -2.800000
v 0.270598 2.570598 -2.984776
v 0.500000 2.800000 -2.941422
v 0.653281 2.953281 -2.876537
v 0.331414 2.491342 -2.984776
v 0.612372 2.653553 -2.941422
v 0.800103 2.761940 -2.876537
v 0.866025 2.800000 -2.800000
v 0.369644 2.399045 -2.984776
v 0.683013 2.483012 -2.941422
v 0.892399 2.539117 -2.876537
v 0.965926 2.558819 -2.800000
v 0.382683 2.300000 -2.984776
v 0.707107 2.300000 -2.941422
v 0.923879 2.300000 -2.876537
v 1.000000 2.300000 -2.800000
v 0.369644 2.200954 -2.984776
v 0.683012 2.116987 -2.941422
v 0.892399 2.060882 -2.876537
v 0.965926 2.041181 -2.800000
v 0.331413 2.108658 -2.984776
v 0.612372 1.946446 -2.941422
v 0.800103 1.838060 -2.876537
v 0.866025 1.800000 -2.800000
v 0.270598 2.029402 -2.984776
v 0.500000 1.800000 -2.941422
v 0.653281 1.646719 -2.876537
v 0.707107 1.592893 -2.800000
v 0.191342 1.968586 -2.984776
v 0.353553 1.687628 -2.941422
v 0.461940 1.499897 -2.876537
v 0.500000 1.433975 -2.800000
v 0.099046 1.930356 -2.984776
v 0.183013 1.616987 -2.941422
v 0.239117 1.407601 -2.876537
v -0.000000 1.917316 -2.984776
v 0.000000 1.592893 -2.941422
v -0.000000 1.376121 -2.876537
v -0.000000 1.300000 -2.800000
v -0.099046 1.930356 -2.984776
v -0.183013 1.616987 -2.941422
v -0.239118 1.407601 -2.876537
v -0.258819 1.334074 -2.800000
v -0.191342 1.968586 -2.984776
v -0.353553 1.687628 -2.941422
v -0.461940 1.499897 -2.876537
v -0.270598 2.029402 -2.984776
v -0.500000 1.800000 -2.941422
v -0.653281 1.646719 -2.876537
v -0.707107 1.592893 -2.800000
v -0.331413 2.108658 -2.984776
v -0.612372 1.946447 -2.941422
v -0.800103 1.838060 -2.876537
v -0.866025 1.800000 -2.800000
v -0.369644 2.200954 -2.984776
v -0.683012 2.116987 -2.941422
v -0.892399 2.060882 -2.876537
v -0.965926 2.041181 -2.800000
v -0.382683 2.300000 -2.984776
v -0.707106 2.300000 -2.941422
v -0.923879 2.300000 -2.876537
v -0.369644 2.399045 -2.984776
v -0.683012 2.483012 -2.941422
v -0.892399 2.539117 -2.876537
v -0.965925 2.558819 -2.800000
v -0.331413 2.491342 -2.984776
v -0.612372 2.653553 -2.941422
v -0.800103 2.761940 -2.876537
v -0.866025 2.800000 -2.800000
v -0.270598 2.570598 -2.984776
v -0.500000 2.799999 -2.941422
v -0.653281 2.953281 -2.876537
v -0.707106 3.007107 -2.800000
v -0.191342 2.631413 -2.984776
v -0.353553 2.912372 -2.941422
v -0.461939 3.100103 -2.876537
v -0.099046 2.669643 -2.984776
v -0.183013 2.983012 -2.941422
v -0.239117 3.192399 -2.876537
v -0.258819 3.265925 -2.800000
v 0.000000 3.289655 -0.650000
v 0.000000 3.289655 -0.750000
v 0.256141 3.255933 -0.650000
v 0.256141 3.255933 -0.750000
v 0.494827 3.157066 -0.650000
v 0.494827 3.157066 -0.750000
v 0.699792 2.999792 -0.650000
v 0.699792 2.999791 -0.750000
v 0.857066 2.794827 -0.650000
v 0.857066 2.794827 -0.750000
v 0.955933 2.556142 -0.650000
v 0.955933 2.556141 -0.750000
v 0.989655 2.300000 -0.650000
v 0.989655 2.300000 -0.750000
v 0.955933 2.043859 -0.650000
v 0.955933 2.043858 -0.750000
v 0.857066 1.805173 -0.650000
v 0.857066 1.805173 -0.750000
v 0.699792 1.600208 -0.650000
v 0.699792 1.600208 -0.750000
v 0.494827 1.442934 -0.650000
v 0.494827 1.442934 -0.750000
v 0.256141 1.344067 -0.650000
v 0.256142 1.344067 -0.750000
v 0.000000 1.310345 -0.650000
v 0.000000 1.310345 -0.750000
v -0.256141 1.344067 -0.650000
v -0.256141 1.344067 -0.750000
v -0.494827 1.442934 -0.650000
v -0.494827 1.442934 -0.750000
v -0.699792 1.600208 -0.650000
v -0.699792 1.600208 -0.750000
v -0.857066 1.805173 -0.650000
v -0.857066 1.805173 -0.750000
v -0.955933 2.043859 -0.650000
v -0.955933 2.043858 -0.750000
v -0.989655 2.300000 -0.650000
v -0.989655 2.300000 -0.750000
v -0.955933 2.556142 -0.650000
v -0.955933 2.556141 -0.750000
v -0.857066 2.794827 -0.650000
v -0.857066 2.794827 -0.750000
v -0.699792 2.999792 -0.650000
v -0.699792 2.999791 -0.750000
v -0.494827 3.157066 -0.650000
v -0.494827 3.157066 -0.750000
v -0.256141 3.255933 -0.650000
v -0.256141 3.255933 -0.750000
v 0.000000 3.320000 -0.650000
v 0.263995 3.285244 -0.650000
v 0.263995 3.285244 -0.750000
v 0.000000 3.320000 -0.750000
v 0.510000 3.183346 -0.650000
v 0.510000 3.183346 -0.750000
v 0.721249 3.021249 -0.650000
v 0.721249 3.021249 -0.750000
v 0.883346 2.810000 -0.650000
v 0.883346 2.810000 -0.750000
v 0.985244 2.563995 -0.650000
v 0.985244 2.563995 -0.750000
v 1.020000 2.300000 -0.650000
v 1.020000 2.300000 -0.750000
v 0.985244 2.036005 -0.650000
v 0.985244 2.036005 -0.750000
v 0.883346 1.790000 -0.650000
v 0.883346 1.790000 -0.750000
v 0.721249 1.578751 -0.650000
v 0.721249 1.578751 -0.750000
v 0.510000 1.416654 -0.650000
v 0.510000 1.416654 -0.750000
v 0.263995 1.314756 -0.650000
v 0.263995 1.314756 -0.750000
v 0.000000 1.280000 -0.650000
v 0.000000 1.280000 -0.750000
v -0.263995 1.314756 -0.650000
v -0.263995 1.314756 -0.750000
v -0.510000 1.416654 -0.650000
v -0.510000 1.416654 -0.750000
v -0.721249 1.578751 -0.650000
v -0.721249 1.578751 -0.750000
v -0.883346 1.790000 -0.650000
v -0.883346 1.790000 -0.750000
v -0.985244 2.036005 -0.650000
v -0.985244 2.036005 -0.750000
v -1.020000 2.300000 -0.650000
v -1.020000 2.300000 -0.750000
v -0.985244 2.563995 -0.650000
v -0.985244 2.563995 -0.750000
v -0.883346 2.810000 -0.650000
v -0.883346 2.810000 -0.750000
v -0.721249 3.021249 -0.650000
v -0.721249 3.021249 -0.750000
v -0.510000 3.183346 -0.650000
v -0.510000 3.183346 -0.750000
v -0.263995 3.285244 -0.650000
v -0.263995 3.285244 -0.750000
v 0.000000 3.289655 -2.650000
v 0.000000 3.289655 -2.750000
v 0.256141 3.255933 -2.650000
v 0.256141 3.255933 -2.750000
v 0.494827 3.157066 -2.650000
v 0.494827 3.157066 -2.750000
v 0.699792 2.999792 -2.650000
v 0.699792 2.999791 -2.750000
v 0.857066 2.794827 -2.650000
v 0.857066 2.794827 -2.750000
v 0.955933 2.556142 -2.650000
v 0.955933 2.556141 -2.750000
v 0.989655 2.300000 -2.650000
v 0.989655 2.300000 -2.750000
v 0.955933 2.043859 -2.650000
v 0.955933 2.043858 -2.750000
v 0.857066 1.805173 -2.650000
v 0.857066 1.805173 -2.750000
v 0.699792 1.600208 -2.650000
v 0.699792 1.600208 -2.750000
v 0.494827 1.442934 -2.650000
v 0.494827 1.442934 -2.750000
v 0.256141 1.344067 -2.650000
v 0.256142 1.344067 -2.750000
v 0.000000 1.310345 -2.650000
v 0.000000 1.310345 -2.750000
v -0.256141 1.344067 -2.650000
v -0.256141 1.344067 -2.750000
v -0.494827 1.442934 -2.650000
v -0.494827 1.442934 -2.750000
v -0.699792 1.600208 -2.650000
v -0.699792 1.600208 -2.750000
v -0.857066 1.805173 -2.650000
v -0.857066 1.805173 -2.750000
v -0.955933 2.043859 -2.650000
v -0.955933 2.043858 -2.750000
v -0.989655 2.300000 -2.650000
v -0.989655 2.300000 -2.750000
v -0.955933 2.556142 -2.650000
v -0.955933 2.556141 -2.750000
v -0.857066 2.794827 -2.650000
v -0.857066 2.794827 -2.750000
v -0.699792 2.999792 -2.650000
v -0.699792 2.999791 -2.750000
v -0.494827 3.157066 -2.650000
v -0.494827 3.157066 -2.750000
v -0.256141 3.255933 -2.650000
v -0.256141 3.255933 -2.750000
v 0.000000 3.320000 -2.650000
v 0.263995 3.285244 -2.650000
v 0.263995 3.285244 -2.750000
v 0.000000 3.320000 -2.750000
v 0.510000 3.183346 -2.650000
v 0.510000 3.183346 -2.750000
v 0.721249 3.021249 -2.650000
v 0.721249 3.021249 -2.750000
v 0.883346 2.810000 -2.650000
v 0.883346 2.810000 -2.750000
v 0.985244 2.563995 -2.650000
v 0.985244 2.563995 -2.750000
v 1.020000 2.300000 -2.650000
v 1.020000 2.300000 -2.750000
v 0.985244 2.036005 -2.650000
v 0.985244 2.036005 -2.750000
v 0.883346 1.790000 -2.650000
v 0.883346 1.790000 -2.750000
v 0.721249 1.578751 -2.650000
v 0.721249 1.578751 -2.750000
v 0.510000 1.416654 -2.650000
v 0.510000 1.416654 -2.750000
v 0.263995 1.314756 -2.650000
v 0.263995 1.314756 -2.750000
v 0.000000 1.280000 -2.650000
v 0.000000 1.280000 -2.750000
v -0.263995 1.314756 -2.650000
v -0.263995 1.314756 -2.750000
v -0.510000 1.416654 -2.650000
v -0.510000 1.416654 -2.750000
v -0.721249 1.578751 -2.650000
v -0.721249 1.578751 -2.750000
v -0.883346 1.790000 -2.650000
v -0.883346 1.790000 -2.750000
v -0.985244 2.036005 -2.650000
v -0.985244 2.036005 -2.750000
v -1.020000 2.300000 -2.650000
v -1.020000 2.300000 -2.750000
v -0.985244 2.563995 -2.650000
v -0.985244 2.563995 -2.750000
v -0.883346 2.810000 -2.650000
v -0.883346 2.810000 -2.750000
v -0.721249 3.021249 -2.650000
v -0.721249 3.021249 -2.750000
v -0.510000 3.183346 -2.650000
v -0.510000 3.183346 -2.750000
v -0.263995 3.285244 -2.650000
v -0.263995 3.285244 -2.750000
v -0.263995 3.285244 -1.750000
v -0.263995 3.285244 -1.650000
v -0.510000 3.183346 -1.750000
v -0.510000 3.183346 -1.650000
v -0.721249 3.021249 -1.750000
v -0.721249 3.021249 -1.650000
v -0.883346 2.810000 -1.750000
v -0.883346 2.810000 -1.650000
v -0.985244 2.563995 -1.750000
v -0.985244 2.563995 -1.650000
v -1.020000 2.300000 -1.750000
v -1.020000 2.300000 -1.650000
v -0.985244 2.036005 -1.750000
v -0.985244 2.036005 -1.650000
v -0.883346 1.790000 -1.750000
v -0.883346 1.790000 -1.650000
v -0.721249 1.578751 -1.750000
v -0.721249 1.578751 -1.650000
v -0.510000 1.416654 -1.750000
v -0.510000 1.416654 -1.650000
v -0.263995 1.314756 -1.750000
v -0.263995 1.314756 -1.650000
v 0.000000 1.280000 -1.750000
v 0.000000 1.280000 -1.650000
v 0.263995 1.314756 -1.750000
v 0.263995 1.314756 -1.650000
v 0.510000 1.416654 -1.750000
v 0.510000 1.416654 -1.650000
v 0.721249 1.578751 -1.750000
v 0.721249 1.578751 -1.650000
v 0.883346 1.790000 -1.750000
v 0.883346 1.790000 -1.650000
v 0.985244 2.036005 -1.750000
v 0.985244 2.036005 -1.650000
v 1.020000 2.300000 -1.750000
v 1.020000 2.300000 -1.650000
v 0.985244 2.563995 -1.750000
v 0.985244 2.563995 -1.650000
v 0.883346 2.810000 -1.750000
v 0.883346 2.810000 -1.650000
v 0.721249 3.021249 -1.750000
v 0.721249 3.021249 -1.650000
v 0.510000 3.183346 -1.750000
v 0.510000 3.183346 -1.650000
v 0.000000 3.320000 -1.750000
v 0.263995 3.285244 -1.750000
v 0.263995 3.285244 -1.650000
v 0.000000 3.320000 -1.650000
v -0.256141 3.255933 -1.750000
v -0.256141 3.255933 -1.650000
v -0.494827 3.157066 -1.750000
v -0.494827 3.157066 -1.650000
v -0.699792 2.999791 -1.750000
v -0.699792 2.999792 -1.650000
v -0.857066 2.794827 -1.750000
v -0.857066 2.794827 -1.650000
v -0.955933 2.556141 -1.750000
v -0.955933 2.556142 -1.650000
v -0.989655 2.300000 -1.750000
v -0.989655 2.300000 -1.650000
v -0.955933 2.043858 -1.750000
v -0.955933 2.043859 -1.650000
v -0.857066 1.805173 -1.750000
v -0.857066 1.805173 -1.650000
v -0.699792 1.600208 -1.750000
v -0.699792 1.600208 -1.650000
v -0.494827 1.442934 -1.750000
v -0.494827 1.442934 -1.650000
v -0.256141 1.344067 -1.750000
v -0.256141 1.344067 -1.650000
v 0.000000 1.310345 -1.750000
v 0.000000 1.310345 -1.650000
v 0.256142 1.344067 -1.750000
v 0.256141 1.344067 -1.650000
v 0.494827 1.442934 -1.750000
v 0.494827 1.442934 -1.650000
v 0.699792 1.600208 -1.750000
v 0.699792 1.600208 -1.650000
v 0.857066 1.805173 -1.750000
v 0.857066 1.805173 -1.650000
v 0.955933 2.043858 -1.750000
v 0.955933 2.043859 -1.650000
v 0.989655 2.300000 -1.750000
v 0.989655 2.300000 -1.650000
v 0.955933 2.556141 -1.750000
v 0.955933 2.556142 -1.650000
v 0.857066 2.794827 -1.750000
v 0.857066 2.794827 -1.650000
v 0.699792 2.999791 -1.750000
v 0.699792 2.999792 -1.650000
v 0.494827 3.157066 -1.750000
v 0.494827 3.157066 -1.650000
v 0.256141 3.255933 -1.750000
v 0.256141 3.255933 -1.650000
v 0.000000 3.289655 -1.750000
v 0.000000 3.289655 -1.650000
v -0.896524 1.955794 -0.750000
v -0.857451 1.863743 -0.750000
v -0.896524 1.955794 -1.650000
v -0.857451 1.863743 -1.650000
v -0.937947 1.938211 -0.750000
v -0.898874 1.846160 -0.750000
v -0.937947 1.938211 -1.650000
v -0.898874 1.846160 -1.650000
v -0.854323 1.855734 -1.750000
v -0.802819 1.770018 -1.750000
v -0.854323 1.855734 -2.650000
v -0.802819 1.770018 -2.650000
v -0.892895 1.832558 -1.750000
v -0.841391 1.746841 -1.750000
v -0.892895 1.832558 -2.650000
v -0.841392 1.746841 -2.650000
v -0.928793 2.054767 -0.650000
v -0.902911 1.958174 -0.650000
v -0.972260 2.043120 -0.650000
v -0.946378 1.946527 -0.650000
v 0.896524 1.955794 -0.750000
v 0.857451 1.863743 -0.750000
v 0.896524 1.955794 -1.650000
v 0.857451 1.863743 -1.650000
v 0.937947 1.938211 -0.750000
v 0.898874 1.846160 -0.750000
v 0.937947 1.938211 -1.650000
v 0.898874 1.846160 -1.650000
v 0.854323 1.855734 -1.750000
v 0.802819 1.770018 -1.750000
v 0.854323 1.855734 -2.650000
v 0.802819 1.770018 -2.650000
v 0.892895 1.832558 -1.750000
v 0.841391 1.746841 -1.750000
v 0.892895 1.832558 -2.650000
v 0.841392 1.746841 -2.650000
v 0.928793 2.054767 -0.650000
v 0.902911 1.958174 -0.650000
v 0.972260 2.043120 -0.650000
v 0.946378 1.946527 -0.650000
v -0.690000 1.576667 -0.650000
v -0.744667 1.616667 -0.650000
v -0.744667 1.616667 -0.750000
v -0.735667 1.631667 -0.650000
v -0.690000 1.576667 -0.750000
v -0.744667 1.616667 -1.650000
v -0.690000 1.576667 -1.650000
v -0.730417 1.550041 -0.650000
v -0.650000 1.550000 -0.650000
v -0.735667 1.631667 -1.650000
v -0.735667 1.631667 -0.750000
v -0.730417 1.550041 -0.750000
v -0.730417 1.550041 -1.650000
v -0.650000 1.550000 -0.750000
v -0.650000 1.550000 -1.650000
v -0.744667 1.616667 -1.750000
v -0.690000 1.576667 -1.750000
v -0.744667 1.616667 -2.650000
v -0.690000 1.576667 -2.650000
v -0.735667 1.631667 -2.650000
v -0.735667 1.631667 -1.750000
v -0.730417 1.550041 -1.750000
v -0.730417 1.550041 -2.650000
v -0.650000 1.550000 -1.750000
v -0.650000 1.550000 -2.650000
v 0.258819 3.265926 -2.800000
v 0.500000 3.166025 -2.800000
v 0.965926 2.558819 -2.800000
v 0.866025 2.800000 -2.800000
v 1.000000 2.300000 -2.800000
v 0.965926 2.041181 -2.800000
v 0.866025 1.800000 -2.800000
v 0.707107 1.592893 -2.800000
v 0.500000 1.433975 -2.800000
v -0.000000 1.300000 -2.800000
v -0.258819 1.334074 -2.800000
v -0.866025 1.800000 -2.800000
v -0.707107 1.592893 -2.800000
v -0.965926 2.041181 -2.800000
v -0.965925 2.558819 -2.800000
v -0.866025 2.800000 -2.800000
v -0.707106 3.007107 -2.800000
v 0.000000 3.300000 -2.800000
v -0.258819 3.265925 -2.800000
v -0.500000 3.166025 -2.800000
v -1.000000 2.300000 -2.800000
v -0.500000 1.433975 -2.800000
v 0.258819 1.334074 -2.800000
v 0.707107 3.007107 -2.800000
v 0.000000 3.320000 -0.650000
v 0.263995 3.285244 -0.650000
v 0.263995 3.285244 -0.750000
v 0.000000 3.320000 -0.750000
v 0.510000 3.183346 -0.650000
v 0.510000 3.183346 -0.750000
v 0.721249 3.021249 -0.650000
v 0.721249 3.021249 -0.750000
v 0.883346 2.810000 -0.650000
v 0.883346 2.810000 -0.750000
v 0.985244 2.563995 -0.650000
v 0.985244 2.563995 -0.750000
v 1.020000 2.300000 -0.650000
v 1.020000 2.300000 -0.750000
v 0.985244 2.036005 -0.650000
v 0.985244 2.036005 -0.750000
v 0.883346 1.790000 -0.650000
v 0.883346 1.790000 -0.750000
v 0.721249 1.578751 -0.650000
v 0.721249 1.578751 -0.750000
v 0.510000 1.416654 -0.650000
v 0.510000 1.416654 -0.750000
v 0.263995 1.314756 -0.650000
v 0.263995 1.314756 -0.750000
v 0.000000 1.280000 -0.650000
v 0.000000 1.280000 -0.750000
v -0.263995 1.314756 -0.650000
v -0.263995 1.314756 -0.750000
v -0.510000 1.416654 -0.650000
v -0.510000 1.416654 -0.750000
v -0.721249 1.578751 -0.650000
v -0.721249 1.578751 -0.750000
v -0.883346 1.790000 -0.650000
v -0.883346 1.790000 -0.750000
v -0.985244 2.036005 -0.650000
v -0.985244 2.036005 -0.750000
v -1.020000 2.300000 -0.650000
v -1.020000 2.300000 -0.750000
v -0.985244 2.563995 -0.650000
v -0.985244 2.563995 -0.750000
v -0.883346 2.810000 -0.650000
v -0.883346 2.810000 -0.750000
v -0.721249 3.021249 -0.650000
v -0.721249 3.021249 -0.750000
v -0.510000 3.183346 -0.650000
v -0.510000 3.183346 -0.750000
v -0.263995 3.285244 -0.650000
v -0.263995 3.285244 -0.750000
v 0.000000 3.320000 -2.650000
v 0.263995 3.285244 -2.650000
v 0.263995 3.285244 -2.750000
v 0.000000 3.320000 -2.750000
v 0.510000 3.183346 -2.650000
v 0.510000 3.183346 -2.750000
v 0.721249 3.021249 -2.650000
v 0.721249 3.021249 -2.750000
v 0.883346 2.810000 -2.650000
v 0.883346 2.810000 -2.750000
v 0.985244 2.563995 -2.650000
v 0.985244 2.563995 -2.750000
v 1.020000 2.300000 -2.650000
v 1.020000 2.300000 -2.750000
v 0.985244 2.036005 -2.650000
v 0.985244 2.036005 -2.750000
v 0.883346 1.790000 -2.650000
v 0.883346 1.790000 -2.750000
v 0.721249 1.578751 -2.650000
v 0.721249 1.578751 -2.750000
v 0.510000 1.416654 -2.650000
v 0.510000 1.416654 -2.750000
v 0.263995 1.314756 -2.650000
v 0.263995 1.314756 -2.750000
v 0.000000 1.280000 -2.650000
v 0.000000 1.280000 -2.750000
v -0.263995 1.314756 -2.650000
v -0.263995 1.314756 -2.750000
v -0.510000 1.416654 -2.650000
v -0.510000 1.416654 -2.750000
v -0.721249 1.578751 -2.650000
v -0.721249 1.578751 -2.750000
v -0.883346 1.790000 -2.650000
v -0.883346 1.790000 -2.750000
v -0.985244 2.036005 -2.650000
v -0.985244 2.036005 -2.750000
v -1.020000 2.300000 -2.650000
v -1.020000 2.300000 -2.750000
v -0.985244 2.563995 -2.650000
v -0.985244 2.563995 -2.750000
v -0.883346 2.810000 -2.650000
v -0.883346 2.810000 -2.750000
v -0.721249 3.021249 -2.650000
v -0.721249 3.021249 -2.750000
v -0.510000 3.183346 -2.650000
v -0.510000 3.183346 -2.750000
v -0.263995 3.285244 -2.650000
v -0.263995 3.285244 -2.750000
v 0.000000 3.320000 -1.750000
v -0.263995 3.285244 -1.750000
v -0.263995 3.285244 -1.650000
v 0.000000 3.320000 -1.650000
v -0.510000 3.183346 -1.750000
v -0.510000 3.183346 -1.650000
v -0.721249 3.021249 -1.750000
v -0.721249 3.021249 -1.650000
v -0.883346 2.810000 -1.750000
v -0.883346 2.810000 -1.650000
v -0.985244 2.563995 -1.750000
v -0.985244 2.563995 -1.650000
v -1.020000 2.300000 -1.750000
v -1.020000 2.300000 -1.650000
v -0.985244 2.036005 -1.750000
v -0.985244 2.036005 -1.650000
v -0.883346 1.790000 -1.750000
v -0.883346 1.790000 -1.650000
v -0.721249 1.578751 -1.750000
v -0.721249 1.578751 -1.650000
v -0.510000 1.416654 -1.750000
v -0.510000 1.416654 -1.650000
v -0.263995 1.314756 -1.750000
v -0.263995 1.314756 -1.650000
v 0.000000 1.280000 -1.750000
v 0.000000 1.280000 -1.650000
v 0.263995 1.314756 -1.750000
v 0.263995 1.314756 -1.650000
v 0.510000 1.416654 -1.750000
v 0.510000 1.416654 -1.650000
v 0.721249 1.578751 -1.750000
v 0.721249 1.578751 -1.650000
v 0.883346 1.790000 -1.750000
v 0.883346 1.790000 -1.650000
v 0.985244 2.036005 -1.750000
v 0.985244 2.036005 -1.650000
v 1.020000 2.300000 -1.750000
v 1.020000 2.300000 -1.650000
v 0.985244 2.563995 -1.750000
v 0.985244 2.563995 -1.650000
v 0.883346 2.810000 -1.750000
v 0.883346 2.810000 -1.650000
v 0.721249 3.021249 -1.750000
v 0.721249 3.021249 -1.650000
v 0.510000 3.183346 -1.750000
v 0.510000 3.183346 -1.650000
v 0.263995 3.285244 -1.750000
v 0.263995 3.285244 -1.650000
v -0.937947 1.938211 -1.650000
v -0.937947 1.938211 -0.750000
v -0.898874 1.846160 -0.750000
v -0.898874 1.846160 -1.650000
v -0.892895 1.832558 -2.650000
v -0.892895 1.832558 -1.750000
v -0.841391 1.746841 -1.750000
v -0.841392 1.746841 -2.650000
v -0.972260 2.043120 -0.650000
v -0.946378 1.946527 -0.650000
v 0.937947 1.938211 -1.650000
v 0.937947 1.938211 -0.750000
v 0.898874 1.846160 -0.750000
v 0.898874 1.846160 -1.650000
v 0.892895 1.832558 -2.650000
v 0.892895 1.832558 -1.750000
v 0.841391 1.746841 -1.750000
v 0.841392 1.746841 -2.650000
v 0.972260 2.043120 -0.650000
v 0.946378 1.946527 -0.650000
v -0.690000 1.576667 -0.650000
v -0.690000 1.576667 -0.650000
v -0.744667 1.616667 -0.650000
v -0.690000 1.576667 -0.750000
v -0.690000 1.576667 -0.750000
v -0.730417 1.550041 -0.750000
v -0.744667 1.616667 -1.650000
v -0.744667 1.616667 -0.750000
v -0.730417 1.550041 -0.650000
v -0.690000 1.576667 -1.650000
v -0.690000 1.576667 -1.650000
v -0.730417 1.550041 -1.650000
v -0.690000 1.576667 -1.750000
v -0.690000 1.576667 -1.750000
v -0.730417 1.550041 -1.750000
v -0.744667 1.616667 -2.650000
v -0.744667 1.616667 -1.750000
v -0.690000 1.576667 -2.650000
v -0.690000 1.576667 -2.650000
v -0.730417 1.550041 -2.650000
vn -0.0000 1.0000 -0.0000
vn 0.2588 0.9659 -0.0000
vn 0.5000 0.8660 -0.0000
vn 0.7071 0.7071 -0.0000
vn 0.8660 0.5000 -0.0000
vn 0.9659 0.2588 -0.0000
vn 1.0000 -0.0000 -0.0000
vn 0.9659 -0.2588 -0.0000
vn 0.8660 -0.5000 -0.0000
vn 0.7071 -0.7071 -0.0000
vn 0.5000 -0.8660 -0.0000
vn 0.2588 -0.9659 -0.0000
vn -0.0000 -1.0000 -0.0000
vn -0.2588 -0.9659 -0.0000
vn -0.5000 -0.8660 -0.0000
vn -0.7071 -0.7071 -0.0000
vn -0.8660 -0.5000 -0.0000
vn -0.9659 -0.2588 -0.0000
vn -1.0000 -0.0000 -0.0000
vn -0.9659 0.2588 -0.0000
vn -0.8660 0.5000 -0.0000
vn -0.7071 0.7071 -0.0000
vn -0.5000 0.8660 -0.0000
vn -0.2588 0.9659 -0.0000
vn -0.0000 0.7090 0.7052
vn 0.1368 0.5104 0.8490
vn 0.1835 0.6849 0.7052
vn -0.0000 0.0900 0.9959
vn 0.0560 0.2092 0.9763
vn -0.0000 0.2165 0.9763
vn -0.0000 0.5285 0.8490
vn -0.0000 -0.0000 1.0000
vn 0.0233 0.0870 0.9959
vn 0.2642 0.4577 0.8490
vn 0.0450 0.0780 0.9959
vn 0.3545 0.6140 0.7052
vn 0.1083 0.1875 0.9763
vn 0.3737 0.3737 0.8490
vn 0.0637 0.0637 0.9959
vn 0.5014 0.5014 0.7052
vn 0.1531 0.1531 0.9763
vn 0.6140 0.3545 0.7052
vn 0.1875 0.1083 0.9763
vn 0.4577 0.2642 0.8490
vn 0.0780 0.0450 0.9959
vn 0.6849 0.1835 0.7052
vn 0.2091 0.0560 0.9763
vn 0.5104 0.1368 0.8490
vn 0.0870 0.0233 0.9959
vn 0.2165 -0.0000 0.9763
vn 0.5285 -0.0000 0.8490
vn 0.0900 -0.0000 0.9959
vn 0.7090 -0.0000 0.7052
vn 0.5104 -0.1368 0.8490
vn 0.0870 -0.0233 0.9959
vn 0.6849 -0.1835 0.7052
vn 0.2091 -0.0560 0.9763
vn 0.6140 -0.3545 0.7052
vn 0.1875 -0.1083 0.9763
vn 0.4577 -0.2642 0.8490
vn 0.0780 -0.0450 0.9959
vn 0.1531 -0.1531 0.9763
vn 0.3737 -0.3737 0.8490
vn 0.0637 -0.0637 0.9959
vn 0.5014 -0.5014 0.7052
vn 0.1083 -0.1875 0.9763
vn 0.2642 -0.4577 0.8490
vn 0.0450 -0.0780 0.9959
vn 0.3545 -0.6140 0.7052
vn 0.0233 -0.0870 0.9959
vn 0.1835 -0.6849 0.7052
vn 0.0560 -0.2091 0.9763
vn 0.1368 -0.5105 0.8490
vn -0.0000 -0.5285 0.8490
vn -0.0000 -0.7090 0.7052
vn -0.0000 -0.2165 0.9763
vn -0.0000 -0.0900 0.9959
vn -0.0560 -0.2092 0.9763
vn -0.1368 -0.5104 0.8490
vn -0.0233 -0.0870 0.9959
vn -0.1835 -0.6849 0.7052
vn -0.1083 -0.1875 0.9763
vn -0.2642 -0.4577 0.8490
vn -0.0450 -0.0780 0.9959
vn -0.3545 -0.6140 0.7052
vn -0.5014 -0.5014 0.7052
vn -0.1531 -0.1531 0.9763
vn -0.3737 -0.3737 0.8490
vn -0.0637 -0.0637 0.9959
vn -0.6140 -0.3545 0.7052
vn -0.1875 -0.1083 0.9763
vn -0.4577 -0.2642 0.8490
vn -0.0780 -0.0450 0.9959
vn -0.5104 -0.1368 0.8490
vn -0.0870 -0.0233 0.9959
vn -0.6849 -0.1835 0.7052
vn -0.2091 -0.0560 0.9763
vn -0.2165 -0.0000 0.9763
vn -0.5285 -0.0000 0.8490
vn -0.0900 -0.0000 0.9959
vn -0.7090 -0.0000 0.7052
vn -0.5104 0.1368 0.8490
vn -0.6849 0.1835 0.7052
vn -0.0870 0.0233 0.9959
vn -0.2092 0.0560 0.9763
vn -0.0780 0.0450 0.9959
vn -0.1875 0.1083 0.9763
vn -0.4577 0.2642 0.8490
vn -0.6140 0.3545 0.7052
vn -0.1531 0.1531 0.9763
vn -0.3737 0.3737 0.8490
vn -0.0637 0.0637 0.9959
vn -0.5014 0.5014 0.7052
vn -0.0450 0.0780 0.9959
vn -0.3545 0.6140 0.7052
vn -0.1083 0.1875 0.9763
vn -0.2642 0.4577 0.8490
vn -0.1835 0.6849 0.7052
vn -0.0560 0.2092 0.9763
vn -0.1368 0.5104 0.8490
vn -0.0233 0.0870 0.9959
vn -0.0000 -0.0000 -1.0000
vn -0.3907 0.9205 -0.0000
vn 0.3907 -0.9205 -0.0000
vn 0.5150 -0.8572 -0.0000
vn -0.8572 -0.5150 -0.0000
vn -0.5150 0.8572 -0.0000
vn -0.9205 -0.3907 -0.0000
vn 0.3907 0.9205 -0.0000
vn -0.3907 -0.9205 -0.0000
vn -0.5150 -0.8572 -0.0000
vn 0.8572 -0.5150 -0.0000
vn 0.5150 0.8572 -0.0000
vn 0.9205 -0.3907 -0.0000
vn -0.5905 -0.8070 -0.0000
vn -0.5501 0.8351 -0.0000
vn -0.8575 0.5145 -0.0000
vn -0.0000 0.7090 -0.7052
vn 0.1368 0.5104 -0.8490
vn -0.0000 0.5285 -0.8490
vn -0.0000 0.2165 -0.9763
vn 0.0233 0.0870 -0.9959
vn -0.0000 0.0900 -0.9959
vn 0.2642 0.4577 -0.8490
vn 0.0560 0.2091 -0.9763
vn 0.0450 0.0780 -0.9959
vn 0.1835 0.6849 -0.7052
vn 0.1083 0.1875 -0.9763
vn 0.3737 0.3737 -0.8490
vn 0.0637 0.0637 -0.9959
vn 0.5014 0.5014 -0.7052
vn 0.3545 0.6140 -0.7052
vn 0.1531 0.1531 -0.9763
vn 0.6140 0.3545 -0.7052
vn 0.1875 0.1083 -0.9763
vn 0.4577 0.2642 -0.8490
vn 0.0780 0.0450 -0.9959
vn 0.6849 0.1835 -0.7052
vn 0.2092 0.0560 -0.9763
vn 0.5104 0.1368 -0.8490
vn 0.0870 0.0233 -0.9959
vn 0.5285 -0.0000 -0.8490
vn 0.0900 -0.0000 -0.9959
vn 0.7090 -0.0000 -0.7052
vn 0.2165 -0.0000 -0.9763
vn 0.5104 -0.1368 -0.8490
vn 0.0870 -0.0233 -0.9959
vn 0.6849 -0.1835 -0.7052
vn 0.2091 -0.0560 -0.9763
vn 0.6140 -0.3545 -0.7052
vn 0.1875 -0.1083 -0.9763
vn 0.0780 -0.0450 -0.9959
vn 0.1531 -0.1531 -0.9763
vn 0.3737 -0.3737 -0.8490
vn 0.4577 -0.2642 -0.8490
vn 0.0637 -0.0637 -0.9959
vn 0.2642 -0.4577 -0.8490
vn 0.0450 -0.0780 -0.9959
vn 0.3545 -0.6140 -0.7052
vn 0.5014 -0.5014 -0.7052
vn 0.0233 -0.0870 -0.9959
vn 0.1835 -0.6849 -0.7052
vn 0.1083 -0.1875 -0.9763
vn 0.0560 -0.2091 -0.9763
vn -0.0000 -0.5285 -0.8490
vn 0.1368 -0.5105 -0.8490
vn -0.0000 -0.2165 -0.9763
vn -0.0000 -0.0900 -0.9959
vn -0.1368 -0.5104 -0.8490
vn -0.0233 -0.0870 -0.9959
vn -0.1835 -0.6849 -0.7052
vn -0.0000 -0.7090 -0.7052
vn -0.0560 -0.2091 -0.9763
vn -0.1083 -0.1875 -0.9763
vn -0.0450 -0.0780 -0.9959
vn -0.3545 -0.6140 -0.7052
vn -0.5014 -0.5014 -0.7052
vn -0.2642 -0.4577 -0.8490
vn -0.1531 -0.1531 -0.9763
vn -0.0637 -0.0637 -0.9959
vn -0.6140 -0.3545 -0.7052
vn -0.3737 -0.3737 -0.8490
vn -0.1875 -0.1083 -0.9763
vn -0.0780 -0.0450 -0.9959
vn -0.5104 -0.1368 -0.8490
vn -0.4577 -0.2642 -0.8490
vn -0.0870 -0.0233 -0.9959
vn -0.6849 -0.1835 -0.7052
vn -0.2165 -0.0000 -0.9763
vn -0.2091 -0.0560 -0.9763
vn -0.0900 -0.0000 -0.9959
vn -0.7090 -0.0000 -0.7052
vn -0.5104 0.1368 -0.8490
vn -0.5285 -0.0000 -0.8490
vn -0.0870 0.0233 -0.9959
vn -0.2092 0.0560 -0.9763
vn -0.0780 0.0450 -0.9959
vn -0.1875 0.1083 -0.9763
vn -0.6140 0.3545 -0.7052
vn -0.6849 0.1835 -0.7052
vn -0.4577 0.2642 -0.8490
vn -0.1531 0.1531 -0.9763
vn -0.0637 0.0637 -0.9959
vn -0.5014 0.5014 -0.7052
vn -0.0450 0.0780 -0.9959
vn -0.3545 0.6140 -0.7052
vn -0.3737 0.3737 -0.8490
vn -0.1083 0.1875 -0.9763
vn -0.2642 0.4577 -0.8490
vn -0.1835 0.6849 -0.7052
vn -0.0560 0.2092 -0.9763
vn -0.0233 0.0870 -0.9959
vn -0.1368 0.5104 -0.8490
vt 1.000000 1.000000
vt 0.958333 0.750000
vt 1.000000 0.750000
vt 0.958333 1.000000
vt 0.916667 0.750000
vt 0.916667 1.000000
vt 0.875000 0.750000
vt 0.875000 1.000000
vt 0.833333 0.750000
vt 0.833333 1.000000
vt 0.791667 0.750000
vt 0.791667 1.000000
vt 0.750000 0.750000
vt 0.750000 1.000000
vt 0.708333 0.750000
vt 0.708333 1.000000
vt 0.666667 0.750000
vt 0.666667 1.000000
vt 0.625000 0.750000
vt 0.625000 1.000000
vt 0.583333 0.750000
vt 0.583333 1.000000
vt 0.541666 0.750000
vt 0.541666 1.000000
vt 0.500000 0.750000
vt 0.500000 1.000000
vt 0.458333 0.750000
vt 0.416666 1.000000
vt 0.416666 0.750000
vt 0.375000 1.000000
vt 0.375000 0.750000
vt 0.333333 0.750000
vt 0.333333 1.000000
vt 0.291667 0.750000
vt 0.291667 1.000000
vt 0.250000 0.750000
vt 0.250000 1.000000
vt 0.208333 0.750000
vt 0.208333 1.000000
vt 0.166666 0.750000
vt 0.166666 1.000000
vt 0.125000 0.750000
vt 0.125000 1.000000
vt 0.083333 0.750000
vt 0.083333 1.000000
vt 0.041666 0.750000
vt 0.041666 1.000000
vt -0.000000 0.750000
vt 0.750000 0.500000
vt 0.708333 0.625000
vt 0.708333 0.500000
vt 0.750000 0.875000
vt 0.708333 0.750000
vt 0.750000 0.750000
vt 0.750000 0.625000
vt 0.729167 1.000000
vt 0.708333 0.875000
vt 0.666667 0.625000
vt 0.687500 1.000000
vt 0.666667 0.875000
vt 0.666667 0.500000
vt 0.666667 0.750000
vt 0.625000 0.625000
vt 0.645833 1.000000
vt 0.625000 0.875000
vt 0.625000 0.500000
vt 0.625000 0.750000
vt 0.583333 0.500000
vt 0.583333 0.750000
vt 0.583333 0.625000
vt 0.604167 1.000000
vt 0.583333 0.875000
vt 0.541667 0.500000
vt 0.541667 0.750000
vt 0.541667 0.625000
vt 0.562500 1.000000
vt 0.541667 0.875000
vt 0.500000 0.750000
vt 0.500000 0.625000
vt 0.520833 1.000000
vt 0.500000 0.875000
vt 0.500000 0.500000
vt 0.458333 0.625000
vt 0.479167 1.000000
vt 0.458333 0.875000
vt 0.458333 0.500000
vt 0.458333 0.750000
vt 0.416667 0.500000
vt 0.416667 0.750000
vt 0.416667 0.625000
vt 0.437500 1.000000
vt 0.416667 0.875000
vt 0.375000 0.750000
vt 0.375000 0.625000
vt 0.395833 1.000000
vt 0.375000 0.875000
vt 0.375000 0.500000
vt 0.333333 0.750000
vt 0.333333 0.625000
vt 0.354167 1.000000
vt 0.333333 0.875000
vt 0.333333 0.500000
vt 0.312500 1.000000
vt 0.291667 0.875000
vt 0.291667 0.500000
vt 0.291667 0.750000
vt 0.291667 0.625000
vt 0.250000 0.625000
vt 0.250000 0.500000
vt 0.250000 0.750000
vt 0.270833 1.000000
vt 0.250000 0.875000
vt 0.208333 0.750000
vt 0.208333 0.625000
vt 0.229167 1.000000
vt 0.208333 0.875000
vt 0.208333 0.500000
vt 0.166667 0.750000
vt 0.166667 0.625000
vt 0.187500 1.000000
vt 0.166667 0.875000
vt 0.166667 0.500000
vt 0.125000 0.500000
vt 0.125000 0.750000
vt 0.125000 0.625000
vt 0.145833 1.000000
vt 0.125000 0.875000
vt 0.083333 0.500000
vt 0.083333 0.750000
vt 0.083333 0.625000
vt 0.104167 1.000000
vt 0.083333 0.875000
vt 0.041667 0.625000
vt 0.062500 1.000000
vt 0.041667 0.875000
vt 0.041667 0.500000
vt 0.041667 0.750000
vt 0.000000 0.750000
vt 0.000000 0.625000
vt 0.020833 1.000000
vt 0.000000 0.875000
vt 0.000000 0.500000
vt 1.000000 0.500000
vt 0.958333 0.625000
vt 0.958333 0.500000
vt 1.000000 0.750000
vt 0.958333 0.875000
vt 0.958333 0.750000
vt 1.000000 0.625000
vt 1.000000 0.875000
vt 0.979167 1.000000
vt 0.916667 0.875000
vt 0.916667 0.750000
vt 0.916667 0.625000
vt 0.937500 1.000000
vt 0.916667 0.500000
vt 0.875000 0.750000
vt 0.875000 0.625000
vt 0.895833 1.000000
vt 0.875000 0.875000
vt 0.875000 0.500000
vt 0.854167 1.000000
vt 0.833333 0.875000
vt 0.833333 0.500000
vt 0.833333 0.750000
vt 0.833333 0.625000
vt 0.791667 0.500000
vt 0.791667 0.750000
vt 0.791667 0.625000
vt 0.812500 1.000000
vt 0.791667 0.875000
vt 0.770833 1.000000
vt 0.791667 0.500000
vt 0.750000 0.500000
vt 0.708333 0.500000
vt 0.666667 0.500000
vt 0.625000 0.500000
vt 0.583333 0.500000
vt 0.541666 0.500000
vt 0.500000 0.500000
vt 0.458333 1.000000
vt 0.458333 0.500000
vt 0.416666 0.500000
vt 0.375000 0.500000
vt 0.333333 0.500000
vt 0.291667 0.500000
vt 0.250000 0.500000
vt 0.208333 0.500000
vt 0.166666 0.500000
vt 0.125000 0.500000
vt 0.083333 0.500000
vt 0.041666 0.500000
vt -0.000000 1.000000
vt -0.000000 0.500000
vt 0.809684 0.472742
vt 0.750000 0.490000
vt 0.812117 0.481822
vt 0.250000 0.480599
vt 0.312117 0.481822
vt 0.250000 0.490000
vt 0.870000 0.457846
vt 0.865300 0.449705
vt 0.365300 0.449705
vt 0.309684 0.472742
vt 0.913058 0.413058
vt 0.919706 0.419706
vt 0.419706 0.419706
vt 0.370000 0.457846
vt 0.949705 0.365300
vt 0.957846 0.370000
vt 0.449705 0.365300
vt 0.413058 0.413058
vt 0.972742 0.309684
vt 0.981822 0.312117
vt 0.472742 0.309683
vt 0.457846 0.370000
vt 0.980599 0.250000
vt 0.990000 0.250000
vt 0.480599 0.250000
vt 0.481822 0.312117
vt 0.981822 0.187883
vt 0.972742 0.190317
vt 0.481822 0.187883
vt 0.490000 0.250000
vt 0.957846 0.130000
vt 0.949705 0.134700
vt 0.472742 0.190317
vt 0.457846 0.130000
vt 0.913058 0.086942
vt 0.919706 0.080294
vt 0.413058 0.086942
vt 0.449705 0.134700
vt 0.865300 0.050295
vt 0.870000 0.042154
vt 0.365300 0.050295
vt 0.419706 0.080294
vt 0.812117 0.018178
vt 0.809684 0.027258
vt 0.309683 0.027258
vt 0.370000 0.042154
vt 0.750000 0.019401
vt 0.750000 0.010000
vt 0.250000 0.019401
vt 0.312117 0.018178
vt 0.687883 0.018178
vt 0.690317 0.027258
vt 0.190317 0.027258
vt 0.250000 0.010000
vt 0.634701 0.050295
vt 0.630000 0.042154
vt 0.134700 0.050295
vt 0.187883 0.018178
vt 0.580294 0.080294
vt 0.586942 0.086942
vt 0.080294 0.080294
vt 0.130000 0.042154
vt 0.542154 0.130000
vt 0.550295 0.134700
vt 0.050295 0.134700
vt 0.086942 0.086942
vt 0.527258 0.190317
vt 0.518178 0.187883
vt 0.027258 0.190317
vt 0.042154 0.130000
vt 0.519401 0.250000
vt 0.510000 0.250000
vt 0.019401 0.250000
vt 0.018178 0.187883
vt 0.518178 0.312117
vt 0.527258 0.309683
vt 0.018178 0.312117
vt 0.010000 0.250000
vt 0.542154 0.370000
vt 0.550295 0.365300
vt 0.027258 0.309684
vt 0.042154 0.370000
vt 0.580294 0.419706
vt 0.586942 0.413058
vt 0.086942 0.413058
vt 0.050295 0.365300
vt 0.630000 0.457846
vt 0.634700 0.449705
vt 0.134700 0.449705
vt 0.080294 0.419706
vt 0.687883 0.481822
vt 0.690317 0.472742
vt 0.190317 0.472742
vt 0.130000 0.457846
vt 0.750000 0.480599
vt 0.187883 0.481822
vt 0.625000 0.000000
vt 0.375000 0.250000
vt 0.375000 0.000000
vt 0.625000 0.250000
vt 0.875000 0.500000
vt 0.625000 0.750000
vt 0.375000 1.000000
vt 0.875000 0.750000
s 1
f 6209/461/673 5898/462/674 5921/463/673
f 5718/464/674 5899/465/675 5898/462/674
f 5722/466/675 5920/467/676 5899/465/675
f 5706/468/676 5909/469/677 5920/467/676
f 5729/470/677 5900/471/678 5909/469/677
f 5733/472/678 5910/473/679 5900/471/678
f 5737/474/679 5901/475/680 5910/473/679
f 5741/476/680 5902/477/681 5901/475/680
f 5745/478/681 5903/479/682 5902/477/681
f 5749/480/682 5911/481/683 5903/479/682
f 5753/482/683 5919/483/684 5911/481/683
f 5707/484/684 5904/485/685 5919/483/684
f 5760/486/685 5912/487/686 5904/485/685
f 5912/487/686 5708/488/687 5918/489/687
f 5918/489/687 5771/490/688 5913/491/688
f 5771/490/688 5905/492/689 5913/491/688
f 5775/493/689 5906/494/690 5905/492/689
f 5779/495/690 5908/496/691 5906/494/690
f 5709/497/691 5907/498/692 5908/496/691
f 5786/499/692 5914/500/693 5907/498/692
f 5790/501/693 5915/502/694 5914/500/693
f 5794/503/694 5917/504/695 5915/502/694
f 5710/505/695 5916/506/696 5917/504/695
f 5801/507/696 5921/508/673 5916/506/696
f 5705/509/697 5717/510/698 6192/511/699
f 5712/512/700 5716/513/701 5713/514/702
f 5713/514/702 5717/510/698 5714/515/703
f 5712/512/700 5711/516/704 5715/517/705
f 5716/513/701 5721/518/706 5717/510/698
f 5715/517/705 5711/519/704 5719/520/707
f 5717/510/698 6193/521/708 6192/511/699
f 5715/517/705 5720/522/709 5716/513/701
f 5720/522/709 5725/523/710 5721/518/706
f 5719/520/707 5711/524/704 5723/525/711
f 5721/518/706 6215/526/712 6193/521/708
f 5719/520/707 5724/527/713 5720/522/709
f 5725/523/710 6195/528/714 6215/526/712
f 5723/525/711 5727/529/715 5724/527/713
f 5724/527/713 5728/530/716 5725/523/710
f 5723/525/711 5711/531/704 5726/532/717
f 5728/530/716 6194/533/718 6195/528/714
f 5726/532/717 5731/534/719 5727/529/715
f 5727/529/715 5732/535/720 5728/530/716
f 5726/532/717 5711/536/704 5730/537/721
f 5732/535/720 5735/538/722 5736/539/723
f 5730/537/721 5711/540/704 5734/541/724
f 5732/535/720 6196/542/725 6194/533/718
f 5730/537/721 5735/538/722 5731/534/719
f 5735/538/722 5740/543/726 5736/539/723
f 5734/541/724 5711/544/704 5738/545/727
f 5736/539/723 6197/546/728 6196/542/725
f 5734/541/724 5739/547/729 5735/538/722
f 5740/543/726 6198/548/730 6197/546/728
f 5738/545/727 5743/549/731 5739/547/729
f 5740/543/726 5743/549/731 5744/550/732
f 5738/545/727 5711/551/704 5742/552/733
f 5742/552/733 5747/553/734 5743/549/731
f 5743/549/731 5748/554/735 5744/550/732
f 5742/552/733 5711/555/704 5746/556/736
f 6198/548/730 5748/554/735 6199/557/737
f 5748/554/735 5751/558/738 5752/559/739
f 5746/556/736 5711/560/704 5750/561/740
f 5748/554/735 6200/562/741 6199/557/737
f 5747/553/734 5750/561/740 5751/558/738
f 5750/561/740 5711/563/704 5754/564/742
f 5752/559/739 6214/565/743 6200/562/741
f 5751/558/738 5754/564/742 5755/566/744
f 5752/559/739 5755/566/744 5756/567/745
f 6214/565/743 5759/568/746 6201/569/747
f 5754/564/742 5758/570/748 5755/566/744
f 5755/566/744 5759/568/746 5756/567/745
f 5754/564/742 5711/571/704 5757/572/749
f 5759/568/746 5762/573/750 5763/574/751
f 5757/572/749 5711/575/704 5761/576/752
f 5759/568/746 6202/577/753 6201/569/747
f 5757/572/749 5762/573/750 5758/570/748
f 5763/574/751 5766/578/754 5767/579/755
f 5761/576/752 5711/580/704 5765/581/756
f 5763/574/751 6213/582/757 6202/577/753
f 5761/576/752 5766/578/754 5762/573/750
f 5767/579/755 6204/583/758 6213/582/757
f 5765/581/756 5769/584/759 5766/578/754
f 5767/579/755 5769/584/759 5770/585/760
f 5765/581/756 5711/586/704 5768/587/761
f 5770/585/760 6203/588/762 6204/583/758
f 5768/587/761 5773/589/763 5769/584/759
f 5770/585/760 5773/589/763 5774/590/764
f 5768/587/761 5711/591/704 5772/592/765
f 5773/589/763 5778/593/766 5774/590/764
f 5772/592/765 5711/594/704 5776/595/767
f 5774/590/764 6205/596/768 6203/588/762
f 5773/589/763 5776/595/767 5777/597/769
f 5778/593/766 5781/598/770 5782/599/771
f 5776/595/767 5711/600/704 5780/601/772
f 6205/596/768 5782/599/771 6212/602/773
f 5776/595/767 5781/598/770 5777/597/769
f 6212/603/773 5785/604/774 6206/605/775
f 5781/606/770 5783/607/776 5784/608/777
f 5782/609/771 5784/608/777 5785/604/774
f 5780/610/772 5711/611/704 5783/607/776
f 5784/608/777 5787/612/778 5788/613/779
f 5785/604/774 5788/613/779 5789/614/780
f 5783/607/776 5711/615/704 5787/612/778
f 5785/604/774 6207/616/781 6206/605/775
f 5789/614/780 5792/617/782 5793/618/783
f 5787/612/778 5711/619/704 5791/620/784
f 5789/614/780 6208/621/785 6207/616/781
f 5788/613/779 5791/620/784 5792/617/782
f 5791/620/784 5711/622/704 5795/623/786
f 5793/618/783 6211/624/787 6208/621/785
f 5791/620/784 5796/625/788 5792/617/782
f 5792/617/782 5797/626/789 5793/618/783
f 5797/626/789 6210/627/790 6211/624/787
f 5795/623/786 5799/628/791 5796/625/788
f 5797/626/789 5799/628/791 5800/629/792
f 5795/623/786 5711/630/704 5798/631/793
f 5800/629/792 5713/514/702 5714/515/703
f 5798/631/793 5711/632/704 5712/512/700
f 6210/627/790 5714/515/703 5705/509/697
f 5799/628/791 5712/512/700 5713/514/702
f 6219/461/673 6217/605/674 6216/603/673
f 6218/464/674 6220/616/675 6217/605/674
f 6221/466/675 6222/621/676 6220/616/675
f 6223/468/676 6224/624/677 6222/621/676
f 6225/470/677 6226/633/678 6224/624/677
f 6227/472/678 6228/634/679 6226/633/678
f 6229/474/679 6230/635/680 6228/634/679
f 6231/476/680 6232/636/681 6230/635/680
f 6233/478/681 6234/637/682 6232/636/681
f 6235/480/682 6236/638/683 6234/637/682
f 6237/482/683 6238/639/684 6236/638/683
f 6239/484/684 6240/640/685 6238/639/684
f 6240/640/685 6243/641/686 6242/642/686
f 6242/642/686 6245/488/687 6244/643/687
f 6244/643/687 6247/490/688 6246/644/688
f 6246/644/688 6249/493/689 6248/645/689
f 6248/645/689 6251/495/690 6250/646/690
f 6250/646/690 6253/497/691 6252/647/691
f 6252/647/691 6255/499/692 6254/648/692
f 6254/648/692 6257/501/693 6256/649/693
f 6257/501/693 6258/650/694 6256/649/693
f 6259/503/694 6260/651/695 6258/650/694
f 6260/651/695 6263/507/696 6262/652/696
f 6262/652/696 6219/653/673 6216/654/673
f 5804/655/794 5850/656/794 5851/657/794
f 5803/658/704 5852/659/704 5853/660/704
f 5804/655/794 5854/661/794 5806/662/794
f 5807/663/704 5852/659/704 5805/664/704
f 5808/665/794 5854/661/794 5856/666/794
f 5807/663/704 5857/667/704 5855/668/704
f 5810/669/794 5856/666/794 5858/670/794
f 5811/671/704 5857/667/704 5809/672/704
f 5812/673/794 5858/670/794 5860/674/794
f 5813/675/704 5859/676/704 5811/671/704
f 5814/677/794 5860/674/794 5862/678/794
f 5815/679/704 5861/680/704 5813/675/704
f 5814/677/794 5864/681/794 5816/682/794
f 5815/679/704 5865/683/704 5863/684/704
f 5816/682/794 5866/685/794 5818/686/794
f 5817/687/704 5867/688/704 5865/683/704
f 5820/689/794 5866/685/794 5868/690/794
f 5821/691/704 5867/688/704 5819/692/704
f 5822/693/794 5868/690/794 5870/694/794
f 5823/695/704 5869/696/704 5821/691/704
f 5822/693/794 5872/697/794 5824/698/794
f 5825/699/704 5871/700/704 5823/695/704
f 5826/701/794 5872/697/794 5874/702/794
f 5827/703/704 5873/704/704 5825/699/704
f 5826/701/794 5876/705/794 5828/706/794
f 5829/707/704 5875/708/704 5827/703/704
f 5830/709/794 5876/705/794 5878/710/794
f 5831/711/704 5877/712/704 5829/707/704
f 5830/709/794 5880/713/794 5832/714/794
f 5831/711/704 5881/715/704 5879/716/704
f 5832/714/794 5882/717/794 5834/718/794
f 5835/719/704 5881/715/704 5833/720/704
f 5836/721/794 5882/717/794 5884/722/794
f 5837/723/704 5883/724/704 5835/719/704
f 5838/725/794 5884/722/794 5886/726/794
f 5839/727/704 5885/728/704 5837/723/704
f 5838/725/794 5888/729/794 5840/730/794
f 5839/727/704 5889/731/704 5887/732/704
f 5840/730/794 5890/733/794 5842/734/794
f 5841/735/704 5891/736/704 5889/731/704
f 5842/734/794 5892/737/794 5844/738/794
f 5845/739/704 5891/736/704 5843/740/704
f 5844/738/794 5894/741/794 5846/742/794
f 5847/743/704 5893/744/704 5845/739/704
f 5846/742/794 5896/745/794 5848/746/794
f 5849/747/704 5895/748/704 5847/743/704
f 5848/746/794 5850/656/794 5802/749/794
f 5803/658/704 5897/750/704 5849/747/704
f 6267/461/673 6265/605/674 6264/603/673
f 6266/464/674 6268/616/675 6265/605/674
f 6269/466/675 6270/621/676 6268/616/675
f 6271/468/676 6272/624/677 6270/621/676
f 6273/470/677 6274/633/678 6272/624/677
f 6275/472/678 6276/634/679 6274/633/678
f 6277/474/679 6278/635/680 6276/634/679
f 6279/476/680 6280/636/681 6278/635/680
f 6281/478/681 6282/637/682 6280/636/681
f 6282/637/682 6285/482/683 6284/638/683
f 6285/482/683 6286/639/684 6284/638/683
f 6287/484/684 6288/640/685 6286/639/684
f 6288/640/685 6291/641/686 6290/642/686
f 6290/642/686 6293/488/687 6292/643/687
f 6293/488/687 6294/644/688 6292/643/687
f 6295/490/688 6296/645/689 6294/644/688
f 6296/645/689 6299/495/690 6298/646/690
f 6298/646/690 6301/497/691 6300/647/691
f 6300/647/691 6303/499/692 6302/648/692
f 6302/648/692 6305/501/693 6304/649/693
f 6305/501/693 6306/650/694 6304/649/693
f 6306/650/694 6309/505/695 6308/651/695
f 6308/651/695 6311/507/696 6310/652/696
f 6310/652/696 6267/653/673 6264/654/673
f 5924/655/794 5970/656/794 5971/657/794
f 5923/658/704 5972/659/704 5973/660/704
f 5924/655/794 5974/661/794 5926/662/794
f 5927/663/704 5972/659/704 5925/664/704
f 5928/665/794 5974/661/794 5976/666/794
f 5927/663/704 5977/667/704 5975/668/704
f 5930/669/794 5976/666/794 5978/670/794
f 5931/671/704 5977/667/704 5929/672/704
f 5932/673/794 5978/670/794 5980/674/794
f 5933/675/704 5979/676/704 5931/671/704
f 5934/677/794 5980/674/794 5982/678/794
f 5935/679/704 5981/680/704 5933/675/704
f 5934/677/794 5984/681/794 5936/682/794
f 5935/679/704 5985/683/704 5983/684/704
f 5936/682/794 5986/685/794 5938/686/794
f 5937/687/704 5987/688/704 5985/683/704
f 5940/689/794 5986/685/794 5988/690/794
f 5941/691/704 5987/688/704 5939/692/704
f 5942/693/794 5988/690/794 5990/694/794
f 5943/695/704 5989/696/704 5941/691/704
f 5942/693/794 5992/697/794 5944/698/794
f 5945/699/704 5991/700/704 5943/695/704
f 5946/701/794 5992/697/794 5994/702/794
f 5947/703/704 5993/704/704 5945/699/704
f 5946/701/794 5996/705/794 5948/706/794
f 5949/707/704 5995/708/704 5947/703/704
f 5950/709/794 5996/705/794 5998/710/794
f 5951/711/704 5997/712/704 5949/707/704
f 5950/709/794 6000/713/794 5952/714/794
f 5951/711/704 6001/715/704 5999/716/704
f 5952/714/794 6002/717/794 5954/718/794
f 5955/719/704 6001/715/704 5953/720/704
f 5956/721/794 6002/717/794 6004/722/794
f 5957/723/704 6003/724/704 5955/719/704
f 5958/725/794 6004/722/794 6006/726/794
f 5959/727/704 6005/728/704 5957/723/704
f 5958/725/794 6008/729/794 5960/730/794
f 5959/727/704 6009/731/704 6007/732/704
f 5960/730/794 6010/733/794 5962/734/794
f 5961/735/704 6011/736/704 6009/731/704
f 5962/734/794 6012/737/794 5964/738/794
f 5965/739/704 6011/736/704 5963/740/704
f 5964/738/794 6014/741/794 5966/742/794
f 5967/743/704 6013/744/704 5965/739/704
f 5966/742/794 6016/745/794 5968/746/794
f 5969/747/704 6015/748/704 5967/743/704
f 5968/746/794 5970/656/794 5922/749/794
f 5923/658/704 6017/750/704 5969/747/704
f 6112/658/704 6313/750/704 6066/747/704
f 6067/746/794 6315/656/794 6113/749/794
f 6066/747/704 6316/748/704 6068/743/704
f 6069/742/794 6314/745/794 6067/746/794
f 6068/743/704 6318/744/704 6070/739/704
f 6071/738/794 6317/741/794 6069/742/794
f 6070/739/704 6320/736/704 6072/740/704
f 6073/734/794 6319/737/794 6071/738/794
f 6074/735/704 6320/736/704 6322/731/704
f 6075/730/794 6321/733/794 6073/734/794
f 6076/727/704 6322/731/704 6324/732/704
f 6077/725/794 6323/729/794 6075/730/794
f 6076/727/704 6326/728/704 6078/723/704
f 6077/725/794 6327/722/794 6325/726/794
f 6078/723/704 6328/724/704 6080/719/704
f 6079/721/794 6329/717/794 6327/722/794
f 6080/719/704 6330/715/704 6082/720/704
f 6083/714/794 6329/717/794 6081/718/794
f 6084/711/704 6330/715/704 6332/716/704
f 6085/709/794 6331/713/794 6083/714/794
f 6084/711/704 6334/712/704 6086/707/704
f 6085/709/794 6335/705/794 6333/710/794
f 6086/707/704 6336/708/704 6088/703/704
f 6089/701/794 6335/705/794 6087/706/794
f 6088/703/704 6338/704/704 6090/699/704
f 6089/701/794 6339/697/794 6337/702/794
f 6090/699/704 6340/700/704 6092/695/704
f 6093/693/794 6339/697/794 6091/698/794
f 6092/695/704 6342/696/704 6094/691/704
f 6093/693/794 6343/690/794 6341/694/794
f 6094/691/704 6344/688/704 6096/692/704
f 6095/689/794 6345/685/794 6343/690/794
f 6098/687/704 6344/688/704 6346/683/704
f 6099/682/794 6345/685/794 6097/686/794
f 6100/679/704 6346/683/704 6348/684/704
f 6101/677/794 6347/681/794 6099/682/794
f 6100/679/704 6350/680/704 6102/675/704
f 6101/677/794 6351/674/794 6349/678/794
f 6102/675/704 6352/676/704 6104/671/704
f 6103/673/794 6353/670/794 6351/674/794
f 6104/671/704 6354/667/704 6106/672/704
f 6105/669/794 6355/666/794 6353/670/794
f 6108/663/704 6354/667/704 6356/668/704
f 6107/665/794 6357/661/794 6355/666/794
f 6108/663/704 6358/659/704 6110/664/704
f 6111/655/794 6357/661/794 6109/662/794
f 6112/658/704 6358/659/704 6312/660/704
f 6111/655/794 6315/656/794 6359/657/794
f 6019/652/696 6062/653/673 6065/654/673
f 6021/651/695 6018/507/696 6019/652/696
f 6023/650/694 6020/505/695 6021/651/695
f 6024/501/693 6023/650/694 6025/649/693
f 6027/648/692 6024/501/693 6025/649/693
f 6028/497/691 6027/648/692 6029/647/691
f 6031/646/690 6028/497/691 6029/647/691
f 6033/645/689 6030/495/690 6031/646/690
f 6035/644/688 6032/493/689 6033/645/689
f 6037/643/687 6034/490/688 6035/644/688
f 6039/642/686 6036/488/687 6037/643/687
f 6041/640/685 6038/641/686 6039/642/686
f 6042/484/684 6041/640/685 6043/639/684
f 6044/482/683 6043/639/684 6045/638/683
f 6046/480/682 6045/638/683 6047/637/682
f 6048/478/681 6047/637/682 6049/636/681
f 6050/476/680 6049/636/681 6051/635/680
f 6052/474/679 6051/635/680 6053/634/679
f 6054/472/678 6053/634/679 6055/633/678
f 6056/470/677 6055/633/678 6057/624/677
f 6058/468/676 6057/624/677 6059/621/676
f 6060/466/675 6059/621/676 6061/616/675
f 6063/464/674 6061/616/675 6064/605/674
f 6062/461/673 6064/605/674 6065/603/673
s 0
f 6361/751/795 6116/752/795 6114/753/795
f 6115/754/796 6363/557/796 6362/752/796
f 6123/754/797 6367/557/797 6366/752/797
f 6128/755/798 6127/756/798 6129/526/798
f 6365/751/799 6124/752/799 6122/753/799
f 6120/755/800 6119/756/800 6121/526/800
f 6131/754/684 6371/557/684 6370/752/684
f 6136/755/690 6135/756/690 6137/526/690
f 6369/751/696 6132/752/696 6130/753/696
f 6140/752/801 6373/751/801 6138/753/801
f 6375/557/802 6139/754/802 6374/752/802
f 6379/557/803 6147/754/803 6378/752/803
f 6151/756/804 6152/755/804 6153/526/804
f 6148/752/805 6377/751/805 6146/753/805
f 6143/756/806 6144/755/806 6145/526/806
f 6382/752/686 6157/526/686 6155/754/686
f 6159/756/680 6160/755/680 6161/526/680
f 6156/752/674 6381/751/674 6154/753/674
f 6388/751/807 6384/752/807 6386/753/807
f 6390/752/794 6180/752/794 6392/752/794
f 6168/752/808 6399/753/808 6398/753/808
f 6385/752/808 6396/753/808 6387/753/808
f 6165/755/809 6167/756/809 6169/526/809
f 6170/751/807 6391/752/807 6397/753/807
f 6181/757/704 6171/757/704 6179/757/704
f 6394/755/809 6176/756/809 6177/526/809
f 6164/752/794 6174/752/794 6172/752/794
f 6175/757/704 6162/757/704 6173/757/704
f 6400/752/794 6190/752/794 6402/752/794
f 6183/752/808 6407/753/808 6406/753/808
f 6184/751/807 6401/752/807 6405/753/807
f 6191/757/704 6185/757/704 6189/757/704
f 6404/755/809 6186/756/809 6187/526/809
s 1
f 5898/462/674 6875/461/673 5921/463/673
f 5899/465/675 6421/464/674 5898/462/674
f 5920/467/676 6425/466/675 5899/465/675
f 5909/469/677 6409/468/676 5920/467/676
f 5900/471/678 6432/470/677 5909/469/677
f 5910/473/679 6436/472/678 5900/471/678
f 5901/475/680 6440/474/679 5910/473/679
f 5902/477/681 6444/476/680 5901/475/680
f 5903/479/682 6448/478/681 5902/477/681
f 5911/481/683 6452/480/682 5903/479/682
f 5919/483/684 6456/482/683 5911/481/683
f 5904/485/685 6410/484/684 5919/483/684
f 5904/485/685 6467/641/686 6463/486/685
f 5912/487/686 6411/488/687 6467/641/686
f 5913/491/688 6411/488/687 5918/489/687
f 5905/492/689 6474/490/688 5913/491/688
f 5906/494/690 6478/493/689 5905/492/689
f 5908/496/691 6482/495/690 5906/494/690
f 5907/498/692 6412/497/691 5908/496/691
f 5914/500/693 6489/499/692 5907/498/692
f 5915/502/694 6493/501/693 5914/500/693
f 5917/504/695 6497/503/694 5915/502/694
f 5916/506/696 6413/505/695 5917/504/695
f 5921/508/673 6504/507/696 5916/506/696
f 6408/509/810 6420/510/811 6417/515/812
f 6416/514/813 6418/517/814 6415/512/815
f 6420/510/811 6416/514/813 6417/515/812
f 6415/512/815 6418/517/814 6414/516/794
f 6424/518/816 6419/513/817 6420/510/811
f 6418/517/814 6422/520/818 6414/519/794
f 6858/511/819 6424/518/816 6420/510/811
f 6423/522/820 6418/517/814 6419/513/817
f 6428/523/821 6423/522/820 6424/518/816
f 6422/520/818 6426/525/822 6414/524/794
f 6881/526/823 6424/518/816 6859/521/824
f 6427/527/825 6422/520/818 6423/522/820
f 6861/528/826 6428/523/821 6881/526/823
f 6430/529/827 6426/525/822 6427/527/825
f 6431/530/828 6427/527/825 6428/523/821
f 6426/525/822 6429/532/829 6414/531/794
f 6860/533/830 6431/530/828 6861/528/826
f 6434/534/831 6429/532/829 6430/529/827
f 6435/535/832 6430/529/827 6431/530/828
f 6429/532/829 6433/537/833 6414/536/794
f 6439/539/834 6434/534/831 6435/535/832
f 6433/537/833 6437/541/835 6414/540/794
f 6862/542/836 6435/535/832 6860/533/830
f 6438/538/837 6433/537/833 6434/534/831
f 6443/543/838 6438/538/837 6439/539/834
f 6437/541/835 6441/545/839 6414/544/794
f 6863/546/840 6439/539/834 6862/542/836
f 6442/547/841 6437/541/835 6438/538/837
f 6864/548/842 6443/543/838 6863/546/840
f 6446/549/843 6441/545/839 6442/547/841
f 6443/543/838 6446/549/843 6442/547/841
f 6441/545/839 6445/552/844 6414/551/794
f 6450/553/845 6445/552/844 6446/549/843
f 6451/554/846 6446/549/843 6447/550/847
f 6445/552/844 6449/556/848 6414/555/794
f 6864/548/842 6451/554/846 6447/550/847
f 6455/559/849 6450/553/845 6451/554/846
f 6449/556/848 6453/561/850 6414/560/794
f 6866/562/851 6451/554/846 6865/557/852
f 6450/553/845 6453/561/850 6449/556/848
f 6453/561/850 6457/564/853 6414/563/794
f 6880/565/854 6455/559/849 6866/562/851
f 6454/558/855 6457/564/853 6453/561/850
f 6455/559/849 6458/566/856 6454/558/855
f 6880/565/854 6462/568/857 6459/567/858
f 6461/570/859 6457/564/853 6458/566/856
f 6462/568/857 6458/566/856 6459/567/858
f 6457/564/853 6460/572/860 6414/571/794
f 6466/574/861 6461/570/859 6462/568/857
f 6460/572/860 6464/576/862 6414/575/794
f 6868/577/863 6462/568/857 6867/569/864
f 6465/573/865 6460/572/860 6461/570/859
f 6466/574/861 6469/578/866 6465/573/865
f 6464/576/862 6468/581/867 6414/580/794
f 6879/582/868 6466/574/861 6868/577/863
f 6469/578/866 6464/576/862 6465/573/865
f 6870/583/869 6470/579/870 6879/582/868
f 6472/584/871 6468/581/867 6469/578/866
f 6470/579/870 6472/584/871 6469/578/866
f 6468/581/867 6471/587/872 6414/586/794
f 6869/588/873 6473/585/874 6870/583/869
f 6476/589/875 6471/587/872 6472/584/871
f 6473/585/874 6476/589/875 6472/584/871
f 6471/587/872 6475/592/876 6414/591/794
f 6481/593/877 6476/589/875 6477/590/878
f 6475/592/876 6479/595/879 6414/594/794
f 6871/596/880 6477/590/878 6869/588/873
f 6476/589/875 6479/595/879 6475/592/876
f 6481/593/877 6484/598/881 6480/597/882
f 6479/595/879 6483/601/883 6414/600/794
f 6878/602/884 6481/593/877 6871/596/880
f 6484/598/881 6479/595/879 6480/597/882
f 6878/603/884 6488/604/885 6485/609/886
f 6484/606/881 6486/607/887 6483/610/883
f 6485/609/886 6487/608/888 6484/606/881
f 6483/610/883 6486/607/887 6414/611/794
f 6487/608/888 6490/612/889 6486/607/887
f 6488/604/885 6491/613/890 6487/608/888
f 6486/607/887 6490/612/889 6414/615/794
f 6873/616/891 6488/604/885 6872/605/892
f 6492/614/893 6495/617/894 6491/613/890
f 6490/612/889 6494/620/895 6414/619/794
f 6874/621/896 6492/614/893 6873/616/891
f 6495/617/894 6490/612/889 6491/613/890
f 6494/620/895 6498/623/897 6414/622/794
f 6877/624/898 6496/618/899 6874/621/896
f 6499/625/900 6494/620/895 6495/617/894
f 6500/626/901 6495/617/894 6496/618/899
f 6876/627/902 6500/626/901 6877/624/898
f 6502/628/903 6498/623/897 6499/625/900
f 6500/626/901 6502/628/903 6499/625/900
f 6498/623/897 6501/631/904 6414/630/794
f 6503/629/905 6416/514/813 6502/628/903
f 6501/631/904 6415/512/815 6414/632/794
f 6408/509/810 6503/629/905 6876/627/902
f 6502/628/903 6415/512/815 6501/631/904
f 6883/605/674 6885/461/673 6882/603/673
f 6886/616/675 6884/464/674 6883/605/674
f 6888/621/676 6887/466/675 6886/616/675
f 6890/624/677 6889/468/676 6888/621/676
f 6892/633/678 6891/470/677 6890/624/677
f 6894/634/679 6893/472/678 6892/633/678
f 6896/635/680 6895/474/679 6894/634/679
f 6898/636/681 6897/476/680 6896/635/680
f 6900/637/682 6899/478/681 6898/636/681
f 6902/638/683 6901/480/682 6900/637/682
f 6904/639/684 6903/482/683 6902/638/683
f 6906/640/685 6905/484/684 6904/639/684
f 6906/640/685 6909/641/686 6907/486/685
f 6910/643/687 6909/641/686 6908/642/686
f 6910/643/687 6913/490/688 6911/488/687
f 6912/644/688 6915/493/689 6913/490/688
f 6914/645/689 6917/495/690 6915/493/689
f 6916/646/690 6919/497/691 6917/495/690
f 6918/647/691 6921/499/692 6919/497/691
f 6920/648/692 6923/501/693 6921/499/692
f 6924/650/694 6923/501/693 6922/649/693
f 6926/651/695 6925/503/694 6924/650/694
f 6926/651/695 6929/507/696 6927/505/695
f 6882/654/673 6929/507/696 6928/652/696
f 6507/655/704 6553/656/704 6505/749/704
f 6506/658/794 6555/659/794 6508/664/794
f 6557/661/704 6507/655/704 6509/662/704
f 6555/659/794 6510/663/794 6508/664/794
f 6511/665/704 6557/661/704 6509/662/704
f 6510/663/794 6560/667/794 6512/672/794
f 6513/669/704 6559/666/704 6511/665/704
f 6512/672/794 6562/676/794 6514/671/794
f 6515/673/704 6561/670/704 6513/669/704
f 6562/676/794 6516/675/794 6514/671/794
f 6517/677/704 6563/674/704 6515/673/704
f 6564/680/794 6518/679/794 6516/675/794
f 6567/681/704 6517/677/704 6519/682/704
f 6518/679/794 6568/683/794 6520/687/794
f 6569/685/704 6519/682/704 6521/686/704
f 6520/687/794 6570/688/794 6522/692/794
f 6523/689/704 6569/685/704 6521/686/704
f 6522/692/794 6572/696/794 6524/691/794
f 6525/693/704 6571/690/704 6523/689/704
f 6572/696/794 6526/695/794 6524/691/794
f 6575/697/704 6525/693/704 6527/698/704
f 6574/700/794 6528/699/794 6526/695/794
f 6529/701/704 6575/697/704 6527/698/704
f 6576/704/794 6530/703/794 6528/699/794
f 6579/705/704 6529/701/704 6531/706/704
f 6578/708/794 6532/707/794 6530/703/794
f 6581/710/704 6531/706/704 6533/709/704
f 6580/712/794 6534/711/794 6532/707/794
f 6583/713/704 6533/709/704 6535/714/704
f 6534/711/794 6584/715/794 6536/720/794
f 6585/717/704 6535/714/704 6537/718/704
f 6536/720/794 6586/724/794 6538/719/794
f 6539/721/704 6585/717/704 6537/718/704
f 6586/724/794 6540/723/794 6538/719/794
f 6541/725/704 6587/722/704 6539/721/704
f 6588/728/794 6542/727/794 6540/723/794
f 6591/729/704 6541/725/704 6543/730/704
f 6542/727/794 6592/731/794 6544/735/794
f 6593/733/704 6543/730/704 6545/734/704
f 6544/735/794 6594/736/794 6546/740/794
f 6595/737/704 6545/734/704 6547/738/704
f 6594/736/794 6548/739/794 6546/740/794
f 6597/741/704 6547/738/704 6549/742/704
f 6596/744/794 6550/743/794 6548/739/794
f 6599/745/704 6549/742/704 6551/746/704
f 6598/748/794 6552/747/794 6550/743/794
f 6553/656/704 6551/746/704 6505/749/704
f 6600/750/794 6506/658/794 6552/747/794
f 6931/605/674 6933/461/673 6930/603/673
f 6934/616/675 6932/464/674 6931/605/674
f 6936/621/676 6935/466/675 6934/616/675
f 6938/624/677 6937/468/676 6936/621/676
f 6940/633/678 6939/470/677 6938/624/677
f 6942/634/679 6941/472/678 6940/633/678
f 6944/635/680 6943/474/679 6942/634/679
f 6946/636/681 6945/476/680 6944/635/680
f 6948/637/682 6947/478/681 6946/636/681
f 6950/638/683 6949/480/682 6948/637/682
f 6952/639/684 6951/482/683 6950/638/683
f 6954/640/685 6953/484/684 6952/639/684
f 6954/640/685 6957/641/686 6955/486/685
f 6956/642/686 6959/488/687 6957/641/686
f 6958/643/687 6961/490/688 6959/488/687
f 6962/645/689 6961/490/688 6960/644/688
f 6962/645/689 6965/495/690 6963/493/689
f 6964/646/690 6967/497/691 6965/495/690
f 6966/647/691 6969/499/692 6967/497/691
f 6968/648/692 6971/501/693 6969/499/692
f 6972/650/694 6971/501/693 6970/649/693
f 6974/651/695 6973/503/694 6972/650/694
f 6974/651/695 6977/507/696 6975/505/695
f 6930/654/673 6977/507/696 6976/652/696
f 6603/655/704 6649/656/704 6601/749/704
f 6602/658/794 6651/659/794 6604/664/794
f 6653/661/704 6603/655/704 6605/662/704
f 6651/659/794 6606/663/794 6604/664/794
f 6607/665/704 6653/661/704 6605/662/704
f 6606/663/794 6656/667/794 6608/672/794
f 6609/669/704 6655/666/704 6607/665/704
f 6608/672/794 6658/676/794 6610/671/794
f 6611/673/704 6657/670/704 6609/669/704
f 6658/676/794 6612/675/794 6610/671/794
f 6613/677/704 6659/674/704 6611/673/704
f 6660/680/794 6614/679/794 6612/675/794
f 6663/681/704 6613/677/704 6615/682/704
f 6614/679/794 6664/683/794 6616/687/794
f 6665/685/704 6615/682/704 6617/686/704
f 6616/687/794 6666/688/794 6618/692/794
f 6619/689/704 6665/685/704 6617/686/704
f 6618/692/794 6668/696/794 6620/691/794
f 6621/693/704 6667/690/704 6619/689/704
f 6668/696/794 6622/695/794 6620/691/794
f 6671/697/704 6621/693/704 6623/698/704
f 6670/700/794 6624/699/794 6622/695/794
f 6625/701/704 6671/697/704 6623/698/704
f 6672/704/794 6626/703/794 6624/699/794
f 6675/705/704 6625/701/704 6627/706/704
f 6674/708/794 6628/707/794 6626/703/794
f 6677/710/704 6627/706/704 6629/709/704
f 6676/712/794 6630/711/794 6628/707/794
f 6679/713/704 6629/709/704 6631/714/704
f 6630/711/794 6680/715/794 6632/720/794
f 6681/717/704 6631/714/704 6633/718/704
f 6632/720/794 6682/724/794 6634/719/794
f 6635/721/704 6681/717/704 6633/718/704
f 6682/724/794 6636/723/794 6634/719/794
f 6637/725/704 6683/722/704 6635/721/704
f 6684/728/794 6638/727/794 6636/723/794
f 6687/729/704 6637/725/704 6639/730/704
f 6638/727/794 6688/731/794 6640/735/794
f 6689/733/704 6639/730/704 6641/734/704
f 6640/735/794 6690/736/794 6642/740/794
f 6691/737/704 6641/734/704 6643/738/704
f 6690/736/794 6644/739/794 6642/740/794
f 6693/741/704 6643/738/704 6645/742/704
f 6692/744/794 6646/743/794 6644/739/794
f 6695/745/704 6645/742/704 6647/746/704
f 6694/748/794 6648/747/794 6646/743/794
f 6649/656/704 6647/746/704 6601/749/704
f 6696/750/794 6602/658/794 6648/747/794
f 6979/750/794 6791/658/794 6745/747/794
f 6981/656/704 6746/746/704 6792/749/704
f 6982/748/794 6745/747/794 6747/743/794
f 6980/745/704 6748/742/704 6746/746/704
f 6984/744/794 6747/743/794 6749/739/794
f 6983/741/704 6750/738/704 6748/742/704
f 6986/736/794 6749/739/794 6751/740/794
f 6985/737/704 6752/734/704 6750/738/704
f 6753/735/794 6986/736/794 6751/740/794
f 6987/733/704 6754/730/704 6752/734/704
f 6755/727/794 6988/731/794 6753/735/794
f 6989/729/704 6756/725/704 6754/730/704
f 6992/728/794 6755/727/794 6757/723/794
f 6756/725/704 6993/722/704 6758/721/704
f 6994/724/794 6757/723/794 6759/719/794
f 6758/721/704 6995/717/704 6760/718/704
f 6761/720/794 6994/724/794 6759/719/794
f 6995/717/704 6762/714/704 6760/718/704
f 6763/711/794 6996/715/794 6761/720/794
f 6997/713/704 6764/709/704 6762/714/704
f 7000/712/794 6763/711/794 6765/707/794
f 6999/710/704 6766/706/704 6764/709/704
f 7002/708/794 6765/707/794 6767/703/794
f 7001/705/704 6768/701/704 6766/706/704
f 7004/704/794 6767/703/794 6769/699/794
f 6768/701/704 7005/697/704 6770/698/704
f 7006/700/794 6769/699/794 6771/695/794
f 7005/697/704 6772/693/704 6770/698/704
f 7008/696/794 6771/695/794 6773/691/794
f 6772/693/704 7009/690/704 6774/689/704
f 6775/692/794 7008/696/794 6773/691/794
f 6774/689/704 7011/685/704 6776/686/704
f 6777/687/794 7010/688/794 6775/692/794
f 7011/685/704 6778/682/704 6776/686/704
f 6779/679/794 7012/683/794 6777/687/794
f 7013/681/704 6780/677/704 6778/682/704
f 7016/680/794 6779/679/794 6781/675/794
f 6780/677/704 7017/674/704 6782/673/704
f 7018/676/794 6781/675/794 6783/671/794
f 6782/673/704 7019/670/704 6784/669/704
f 6785/672/794 7018/676/794 6783/671/794
f 6784/669/704 7021/666/704 6786/665/704
f 6787/663/794 7020/667/794 6785/672/794
f 6786/665/704 7023/661/704 6788/662/704
f 7024/659/794 6787/663/794 6789/664/794
f 7023/661/704 6790/655/704 6788/662/704
f 6791/658/794 7024/659/794 6789/664/794
f 6790/655/704 6981/656/704 6792/749/704
f 6744/654/673 6697/507/696 6698/652/696
f 6700/651/695 6697/507/696 6699/505/695
f 6700/651/695 6701/503/694 6702/650/694
f 6702/650/694 6703/501/693 6704/649/693
f 6706/648/692 6703/501/693 6705/499/692
f 6706/648/692 6707/497/691 6708/647/691
f 6710/646/690 6707/497/691 6709/495/690
f 6712/645/689 6709/495/690 6711/493/689
f 6714/644/688 6711/493/689 6713/490/688
f 6714/644/688 6715/488/687 6716/643/687
f 6718/642/686 6715/488/687 6717/641/686
f 6720/640/685 6717/641/686 6719/486/685
f 6720/640/685 6721/484/684 6722/639/684
f 6722/639/684 6723/482/683 6724/638/683
f 6724/638/683 6725/480/682 6726/637/682
f 6726/637/682 6727/478/681 6728/636/681
f 6728/636/681 6729/476/680 6730/635/680
f 6730/635/680 6731/474/679 6732/634/679
f 6732/634/679 6733/472/678 6734/633/678
f 6734/633/678 6735/470/677 6736/624/677
f 6736/624/677 6737/468/676 6738/621/676
f 6738/621/676 6739/466/675 6740/616/675
f 6740/616/675 6742/464/674 6743/605/674
f 6743/605/674 6741/461/673 6744/603/673
s 0
f 6795/752/795 7027/751/795 6793/753/795
f 7029/557/796 6794/754/796 7028/752/796
f 7033/557/797 6802/754/797 7032/752/797
f 6806/756/798 6807/755/798 6808/526/798
f 6803/752/799 7031/751/799 6801/753/799
f 6798/756/800 6799/755/800 6800/526/800
f 6370/752/684 6810/526/684 6131/754/684
f 6135/756/690 6811/755/690 6812/526/690
f 6809/752/696 6369/751/696 6130/753/696
f 7037/751/801 6815/752/801 6813/753/801
f 6814/754/802 7039/557/802 7038/752/802
f 6822/754/803 7043/557/803 7042/752/803
f 6827/755/804 6826/756/804 6828/526/804
f 7041/751/805 6823/752/805 6821/753/805
f 6819/755/806 6818/756/806 6820/526/806
f 6155/754/686 7045/557/686 6382/752/686
f 6831/755/680 6159/756/680 6832/526/680
f 6381/751/674 6829/752/674 6154/753/674
f 6384/752/807 7048/751/807 7046/753/807
f 7049/752/704 7051/752/704 6846/752/704
f 7057/753/808 6837/752/808 7056/753/808
f 7054/753/808 6385/752/808 7047/753/808
f 6836/756/809 6165/755/809 6169/526/809
f 7050/752/807 6838/751/807 7055/753/807
f 6847/757/794 6845/757/794 6839/757/794
f 6842/756/809 7053/755/809 6843/526/809
f 6841/757/794 6840/757/794 6833/757/794
f 7058/752/704 7060/752/704 6856/752/704
f 7065/753/808 6849/752/808 7064/753/808
f 7059/752/807 6850/751/807 7063/753/807
f 6857/757/794 6855/757/794 6851/757/794
f 6852/756/809 7062/755/809 6853/526/809
s 1
f 6209/461/673 5718/464/674 5898/462/674
f 5718/464/674 5722/466/675 5899/465/675
f 5722/466/675 5706/468/676 5920/467/676
f 5706/468/676 5729/470/677 5909/469/677
f 5729/470/677 5733/472/678 5900/471/678
f 5733/472/678 5737/474/679 5910/473/679
f 5737/474/679 5741/476/680 5901/475/680
f 5741/476/680 5745/478/681 5902/477/681
f 5745/478/681 5749/480/682 5903/479/682
f 5749/480/682 5753/482/683 5911/481/683
f 5753/482/683 5707/484/684 5919/483/684
f 5707/484/684 5760/486/685 5904/485/685
f 5760/486/685 5764/641/686 5912/487/686
f 5912/487/686 5764/641/686 5708/488/687
f 5918/489/687 5708/488/687 5771/490/688
f 5771/490/688 5775/493/689 5905/492/689
f 5775/493/689 5779/495/690 5906/494/690
f 5779/495/690 5709/497/691 5908/496/691
f 5709/497/691 5786/499/692 5907/498/692
f 5786/499/692 5790/501/693 5914/500/693
f 5790/501/693 5794/503/694 5915/502/694
f 5794/503/694 5710/505/695 5917/504/695
f 5710/505/695 5801/507/696 5916/506/696
f 5801/507/696 6209/653/673 5921/508/673
f 5705/509/697 5714/515/703 5717/510/698
f 5712/512/700 5715/517/705 5716/513/701
f 5713/514/702 5716/513/701 5717/510/698
f 5716/513/701 5720/522/709 5721/518/706
f 5717/510/698 5721/518/706 6193/521/708
f 5715/517/705 5719/520/707 5720/522/709
f 5720/522/709 5724/527/713 5725/523/710
f 5721/518/706 5725/523/710 6215/526/712
f 5719/520/707 5723/525/711 5724/527/713
f 5725/523/710 5728/530/716 6195/528/714
f 5723/525/711 5726/532/717 5727/529/715
f 5724/527/713 5727/529/715 5728/530/716
f 5728/530/716 5732/535/720 6194/533/718
f 5726/532/717 5730/537/721 5731/534/719
f 5727/529/715 5731/534/719 5732/535/720
f 5732/535/720 5731/534/719 5735/538/722
f 5732/535/720 5736/539/723 6196/542/725
f 5730/537/721 5734/541/724 5735/538/722
f 5735/538/722 5739/547/729 5740/543/726
f 5736/539/723 5740/543/726 6197/546/728
f 5734/541/724 5738/545/727 5739/547/729
f 5740/543/726 5744/550/732 6198/548/730
f 5738/545/727 5742/552/733 5743/549/731
f 5740/543/726 5739/547/729 5743/549/731
f 5742/552/733 5746/556/736 5747/553/734
f 5743/549/731 5747/553/734 5748/554/735
f 6198/548/730 5744/550/732 5748/554/735
f 5748/554/735 5747/553/734 5751/558/738
f 5748/554/735 5752/559/739 6200/562/741
f 5747/553/734 5746/556/736 5750/561/740
f 5752/559/739 5756/567/745 6214/565/743
f 5751/558/738 5750/561/740 5754/564/742
f 5752/559/739 5751/558/738 5755/566/744
f 6214/565/743 5756/567/745 5759/568/746
f 5754/564/742 5757/572/749 5758/570/748
f 5755/566/744 5758/570/748 5759/568/746
f 5759/568/746 5758/570/748 5762/573/750
f 5759/568/746 5763/574/751 6202/577/753
f 5757/572/749 5761/576/752 5762/573/750
f 5763/574/751 5762/573/750 5766/578/754
f 5763/574/751 5767/579/755 6213/582/757
f 5761/576/752 5765/581/756 5766/578/754
f 5767/579/755 5770/585/760 6204/583/758
f 5765/581/756 5768/587/761 5769/584/759
f 5767/579/755 5766/578/754 5769/584/759
f 5770/585/760 5774/590/764 6203/588/762
f 5768/587/761 5772/592/765 5773/589/763
f 5770/585/760 5769/584/759 5773/589/763
f 5773/589/763 5777/597/769 5778/593/766
f 5774/590/764 5778/593/766 6205/596/768
f 5773/589/763 5772/592/765 5776/595/767
f 5778/593/766 5777/597/769 5781/598/770
f 6205/596/768 5778/593/766 5782/599/771
f 5776/595/767 5780/601/772 5781/598/770
f 6212/603/773 5782/609/771 5785/604/774
f 5781/606/770 5780/610/772 5783/607/776
f 5782/609/771 5781/606/770 5784/608/777
f 5784/608/777 5783/607/776 5787/612/778
f 5785/604/774 5784/608/777 5788/613/779
f 5785/604/774 5789/614/780 6207/616/781
f 5789/614/780 5788/613/779 5792/617/782
f 5789/614/780 5793/618/783 6208/621/785
f 5788/613/779 5787/612/778 5791/620/784
f 5793/618/783 5797/626/789 6211/624/787
f 5791/620/784 5795/623/786 5796/625/788
f 5792/617/782 5796/625/788 5797/626/789
f 5797/626/789 5800/629/792 6210/627/790
f 5795/623/786 5798/631/793 5799/628/791
f 5797/626/789 5796/625/788 5799/628/791
f 5800/629/792 5799/628/791 5713/514/702
f 6210/627/790 5800/629/792 5714/515/703
f 5799/628/791 5798/631/793 5712/512/700
f 6219/461/673 6218/464/674 6217/605/674
f 6218/464/674 6221/466/675 6220/616/675
f 6221/466/675 6223/468/676 6222/621/676
f 6223/468/676 6225/470/677 6224/624/677
f 6225/470/677 6227/472/678 6226/633/678
f 6227/472/678 6229/474/679 6228/634/679
f 6229/474/679 6231/476/680 6230/635/680
f 6231/476/680 6233/478/681 6232/636/681
f 6233/478/681 6235/480/682 6234/637/682
f 6235/480/682 6237/482/683 6236/638/683
f 6237/482/683 6239/484/684 6238/639/684
f 6239/484/684 6241/486/685 6240/640/685
f 6240/640/685 6241/486/685 6243/641/686
f 6242/642/686 6243/641/686 6245/488/687
f 6244/643/687 6245/488/687 6247/490/688
f 6246/644/688 6247/490/688 6249/493/689
f 6248/645/689 6249/493/689 6251/495/690
f 6250/646/690 6251/495/690 6253/497/691
f 6252/647/691 6253/497/691 6255/499/692
f 6254/648/692 6255/499/692 6257/501/693
f 6257/501/693 6259/503/694 6258/650/694
f 6259/503/694 6261/505/695 6260/651/695
f 6260/651/695 6261/505/695 6263/507/696
f 6262/652/696 6263/507/696 6219/653/673
f 5804/655/794 5802/749/794 5850/656/794
f 5803/658/704 5805/664/704 5852/659/704
f 5804/655/794 5851/657/794 5854/661/794
f 5807/663/704 5855/668/704 5852/659/704
f 5808/665/794 5806/662/794 5854/661/794
f 5807/663/704 5809/672/704 5857/667/704
f 5810/669/794 5808/665/794 5856/666/794
f 5811/671/704 5859/676/704 5857/667/704
f 5812/673/794 5810/669/794 5858/670/794
f 5813/675/704 5861/680/704 5859/676/704
f 5814/677/794 5812/673/794 5860/674/794
f 5815/679/704 5863/684/704 5861/680/704
f 5814/677/794 5862/678/794 5864/681/794
f 5815/679/704 5817/687/704 5865/683/704
f 5816/682/794 5864/681/794 5866/685/794
f 5817/687/704 5819/692/704 5867/688/704
f 5820/689/794 5818/686/794 5866/685/794
f 5821/691/704 5869/696/704 5867/688/704
f 5822/693/794 5820/689/794 5868/690/794
f 5823/695/704 5871/700/704 5869/696/704
f 5822/693/794 5870/694/794 5872/697/794
f 5825/699/704 5873/704/704 5871/700/704
f 5826/701/794 5824/698/794 5872/697/794
f 5827/703/704 5875/708/704 5873/704/704
f 5826/701/794 5874/702/794 5876/705/794
f 5829/707/704 5877/712/704 5875/708/704
f 5830/709/794 5828/706/794 5876/705/794
f 5831/711/704 5879/716/704 5877/712/704
f 5830/709/794 5878/710/794 5880/713/794
f 5831/711/704 5833/720/704 5881/715/704
f 5832/714/794 5880/713/794 5882/717/794
f 5835/719/704 5883/724/704 5881/715/704
f 5836/721/794 5834/718/794 5882/717/794
f 5837/723/704 5885/728/704 5883/724/704
f 5838/725/794 5836/721/794 5884/722/794
f 5839/727/704 5887/732/704 5885/728/704
f 5838/725/794 5886/726/794 5888/729/794
f 5839/727/704 5841/735/704 5889/731/704
f 5840/730/794 5888/729/794 5890/733/794
f 5841/735/704 5843/740/704 5891/736/704
f 5842/734/794 5890/733/794 5892/737/794
f 5845/739/704 5893/744/704 5891/736/704
f 5844/738/794 5892/737/794 5894/741/794
f 5847/743/704 5895/748/704 5893/744/704
f 5846/742/794 5894/741/794 5896/745/794
f 5849/747/704 5897/750/704 5895/748/704
f 5848/746/794 5896/745/794 5850/656/794
f 5803/658/704 5853/660/704 5897/750/704
f 6267/461/673 6266/464/674 6265/605/674
f 6266/464/674 6269/466/675 6268/616/675
f 6269/466/675 6271/468/676 6270/621/676
f 6271/468/676 6273/470/677 6272/624/677
f 6273/470/677 6275/472/678 6274/633/678
f 6275/472/678 6277/474/679 6276/634/679
f 6277/474/679 6279/476/680 6278/635/680
f 6279/476/680 6281/478/681 6280/636/681
f 6281/478/681 6283/480/682 6282/637/682
f 6282/637/682 6283/480/682 6285/482/683
f 6285/482/683 6287/484/684 6286/639/684
f 6287/484/684 6289/486/685 6288/640/685
f 6288/640/685 6289/486/685 6291/641/686
f 6290/642/686 6291/641/686 6293/488/687
f 6293/488/687 6295/490/688 6294/644/688
f 6295/490/688 6297/493/689 6296/645/689
f 6296/645/689 6297/493/689 6299/495/690
f 6298/646/690 6299/495/690 6301/497/691
f 6300/647/691 6301/497/691 6303/499/692
f 6302/648/692 6303/499/692 6305/501/693
f 6305/501/693 6307/503/694 6306/650/694
f 6306/650/694 6307/503/694 6309/505/695
f 6308/651/695 6309/505/695 6311/507/696
f 6310/652/696 6311/507/696 6267/653/673
f 5924/655/794 5922/749/794 5970/656/794
f 5923/658/704 5925/664/704 5972/659/704
f 5924/655/794 5971/657/794 5974/661/794
f 5927/663/704 5975/668/704 5972/659/704
f 5928/665/794 5926/662/794 5974/661/794
f 5927/663/704 5929/672/704 5977/667/704
f 5930/669/794 5928/665/794 5976/666/794
f 5931/671/704 5979/676/704 5977/667/704
f 5932/673/794 5930/669/794 5978/670/794
f 5933/675/704 5981/680/704 5979/676/704
f 5934/677/794 5932/673/794 5980/674/794
f 5935/679/704 5983/684/704 5981/680/704
f 5934/677/794 5982/678/794 5984/681/794
f 5935/679/704 5937/687/704 5985/683/704
f 5936/682/794 5984/681/794 5986/685/794
f 5937/687/704 5939/692/704 5987/688/704
f 5940/689/794 5938/686/794 5986/685/794
f 5941/691/704 5989/696/704 5987/688/704
f 5942/693/794 5940/689/794 5988/690/794
f 5943/695/704 5991/700/704 5989/696/704
f 5942/693/794 5990/694/794 5992/697/794
f 5945/699/704 5993/704/704 5991/700/704
f 5946/701/794 5944/698/794 5992/697/794
f 5947/703/704 5995/708/704 5993/704/704
f 5946/701/794 5994/702/794 5996/705/794
f 5949/707/704 5997/712/704 5995/708/704
f 5950/709/794 5948/706/794 5996/705/794
f 5951/711/704 5999/716/704 5997/712/704
f 5950/709/794 5998/710/794 6000/713/794
f 5951/711/704 5953/720/704 6001/715/704
f 5952/714/794 6000/713/794 6002/717/794
f 5955/719/704 6003/724/704 6001/715/704
f 5956/721/794 5954/718/794 6002/717/794
f 5957/723/704 6005/728/704 6003/724/704
f 5958/725/794 5956/721/794 6004/722/794
f 5959/727/704 6007/732/704 6005/728/704
f 5958/725/794 6006/726/794 6008/729/794
f 5959/727/704 5961/735/704 6009/731/704
f 5960/730/794 6008/729/794 6010/733/794
f 5961/735/704 5963/740/704 6011/736/704
f 5962/734/794 6010/733/794 6012/737/794
f 5965/739/704 6013/744/704 6011/736/704
f 5964/738/794 6012/737/794 6014/741/794
f 5967/743/704 6015/748/704 6013/744/704
f 5966/742/794 6014/741/794 6016/745/794
f 5969/747/704 6017/750/704 6015/748/704
f 5968/746/794 6016/745/794 5970/656/794
f 5923/658/704 5973/660/704 6017/750/704
f 6112/658/704 6312/660/704 6313/750/704
f 6067/746/794 6314/745/794 6315/656/794
f 6066/747/704 6313/750/704 6316/748/704
f 6069/742/794 6317/741/794 6314/745/794
f 6068/743/704 6316/748/704 6318/744/704
f 6071/738/794 6319/737/794 6317/741/794
f 6070/739/704 6318/744/704 6320/736/704
f 6073/734/794 6321/733/794 6319/737/794
f 6074/735/704 6072/740/704 6320/736/704
f 6075/730/794 6323/729/794 6321/733/794
f 6076/727/704 6074/735/704 6322/731/704
f 6077/725/794 6325/726/794 6323/729/794
f 6076/727/704 6324/732/704 6326/728/704
f 6077/725/794 6079/721/794 6327/722/794
f 6078/723/704 6326/728/704 6328/724/704
f 6079/721/794 6081/718/794 6329/717/794
f 6080/719/704 6328/724/704 6330/715/704
f 6083/714/794 6331/713/794 6329/717/794
f 6084/711/704 6082/720/704 6330/715/704
f 6085/709/794 6333/710/794 6331/713/794
f 6084/711/704 6332/716/704 6334/712/704
f 6085/709/794 6087/706/794 6335/705/794
f 6086/707/704 6334/712/704 6336/708/704
f 6089/701/794 6337/702/794 6335/705/794
f 6088/703/704 6336/708/704 6338/704/704
f 6089/701/794 6091/698/794 6339/697/794
f 6090/699/704 6338/704/704 6340/700/704
f 6093/693/794 6341/694/794 6339/697/794
f 6092/695/704 6340/700/704 6342/696/704
f 6093/693/794 6095/689/794 6343/690/794
f 6094/691/704 6342/696/704 6344/688/704
f 6095/689/794 6097/686/794 6345/685/794
f 6098/687/704 6096/692/704 6344/688/704
f 6099/682/794 6347/681/794 6345/685/794
f 6100/679/704 6098/687/704 6346/683/704
f 6101/677/794 6349/678/794 6347/681/794
f 6100/679/704 6348/684/704 6350/680/704
f 6101/677/794 6103/673/794 6351/674/794
f 6102/675/704 6350/680/704 6352/676/704
f 6103/673/794 6105/669/794 6353/670/794
f 6104/671/704 6352/676/704 6354/667/704
f 6105/669/794 6107/665/794 6355/666/794
f 6108/663/704 6106/672/704 6354/667/704
f 6107/665/794 6109/662/794 6357/661/794
f 6108/663/704 6356/668/704 6358/659/704
f 6111/655/794 6359/657/794 6357/661/794
f 6112/658/704 6110/664/704 6358/659/704
f 6111/655/794 6113/749/794 6315/656/794
f 6019/652/696 6018/507/696 6062/653/673
f 6021/651/695 6020/505/695 6018/507/696
f 6023/650/694 6022/503/694 6020/505/695
f 6024/501/693 6022/503/694 6023/650/694
f 6027/648/692 6026/499/692 6024/501/693
f 6028/497/691 6026/499/692 6027/648/692
f 6031/646/690 6030/495/690 6028/497/691
f 6033/645/689 6032/493/689 6030/495/690
f 6035/644/688 6034/490/688 6032/493/689
f 6037/643/687 6036/488/687 6034/490/688
f 6039/642/686 6038/641/686 6036/488/687
f 6041/640/685 6040/486/685 6038/641/686
f 6042/484/684 6040/486/685 6041/640/685
f 6044/482/683 6042/484/684 6043/639/684
f 6046/480/682 6044/482/683 6045/638/683
f 6048/478/681 6046/480/682 6047/637/682
f 6050/476/680 6048/478/681 6049/636/681
f 6052/474/679 6050/476/680 6051/635/680
f 6054/472/678 6052/474/679 6053/634/679
f 6056/470/677 6054/472/678 6055/633/678
f 6058/468/676 6056/470/677 6057/624/677
f 6060/466/675 6058/468/676 6059/621/676
f 6063/464/674 6060/466/675 6061/616/675
f 6062/461/673 6063/464/674 6064/605/674
s 0
f 6361/751/795 6360/754/795 6116/752/795
f 6115/754/796 6117/526/796 6363/557/796
f 6123/754/797 6125/526/797 6367/557/797
f 6128/755/798 6126/758/798 6127/756/798
f 6365/751/799 6364/754/799 6124/752/799
f 6120/755/800 6118/758/800 6119/756/800
f 6131/754/684 6133/526/684 6371/557/684
f 6136/755/690 6134/758/690 6135/756/690
f 6369/751/696 6368/754/696 6132/752/696
f 6140/752/801 6372/754/801 6373/751/801
f 6375/557/802 6141/526/802 6139/754/802
f 6379/557/803 6149/526/803 6147/754/803
f 6151/756/804 6150/758/804 6152/755/804
f 6148/752/805 6376/754/805 6377/751/805
f 6143/756/806 6142/758/806 6144/755/806
f 6382/752/686 6383/557/686 6157/526/686
f 6159/756/680 6158/758/680 6160/755/680
f 6156/752/674 6380/754/674 6381/751/674
f 6388/751/807 6389/754/807 6384/752/807
f 6168/752/808 6178/752/808 6399/753/808
f 6385/752/808 6395/752/808 6396/753/808
f 6165/755/809 6163/758/809 6167/756/809
f 6170/751/807 6166/754/807 6391/752/807
f 6394/755/809 6393/758/809 6176/756/809
f 6183/752/808 6188/752/808 6407/753/808
f 6184/751/807 6182/754/807 6401/752/807
f 6404/755/809 6403/758/809 6186/756/809
s 1
f 5898/462/674 6421/464/674 6875/461/673
f 5899/465/675 6425/466/675 6421/464/674
f 5920/467/676 6409/468/676 6425/466/675
f 5909/469/677 6432/470/677 6409/468/676
f 5900/471/678 6436/472/678 6432/470/677
f 5910/473/679 6440/474/679 6436/472/678
f 5901/475/680 6444/476/680 6440/474/679
f 5902/477/681 6448/478/681 6444/476/680
f 5903/479/682 6452/480/682 6448/478/681
f 5911/481/683 6456/482/683 6452/480/682
f 5919/483/684 6410/484/684 6456/482/683
f 5904/485/685 6463/486/685 6410/484/684
f 5904/485/685 5912/487/686 6467/641/686
f 5912/487/686 5918/489/687 6411/488/687
f 5913/491/688 6474/490/688 6411/488/687
f 5905/492/689 6478/493/689 6474/490/688
f 5906/494/690 6482/495/690 6478/493/689
f 5908/496/691 6412/497/691 6482/495/690
f 5907/498/692 6489/499/692 6412/497/691
f 5914/500/693 6493/501/693 6489/499/692
f 5915/502/694 6497/503/694 6493/501/693
f 5917/504/695 6413/505/695 6497/503/694
f 5916/506/696 6504/507/696 6413/505/695
f 5921/508/673 6875/653/673 6504/507/696
f 6408/509/810 6858/511/819 6420/510/811
f 6416/514/813 6419/513/817 6418/517/814
f 6420/510/811 6419/513/817 6416/514/813
f 6424/518/816 6423/522/820 6419/513/817
f 6858/511/819 6859/521/824 6424/518/816
f 6423/522/820 6422/520/818 6418/517/814
f 6428/523/821 6427/527/825 6423/522/820
f 6881/526/823 6428/523/821 6424/518/816
f 6427/527/825 6426/525/822 6422/520/818
f 6861/528/826 6431/530/828 6428/523/821
f 6430/529/827 6429/532/829 6426/525/822
f 6431/530/828 6430/529/827 6427/527/825
f 6860/533/830 6435/535/832 6431/530/828
f 6434/534/831 6433/537/833 6429/532/829
f 6435/535/832 6434/534/831 6430/529/827
f 6439/539/834 6438/538/837 6434/534/831
f 6862/542/836 6439/539/834 6435/535/832
f 6438/538/837 6437/541/835 6433/537/833
f 6443/543/838 6442/547/841 6438/538/837
f 6863/546/840 6443/543/838 6439/539/834
f 6442/547/841 6441/545/839 6437/541/835
f 6864/548/842 6447/550/847 6443/543/838
f 6446/549/843 6445/552/844 6441/545/839
f 6443/543/838 6447/550/847 6446/549/843
f 6450/553/845 6449/556/848 6445/552/844
f 6451/554/846 6450/553/845 6446/549/843
f 6864/548/842 6865/557/852 6451/554/846
f 6455/559/849 6454/558/855 6450/553/845
f 6866/562/851 6455/559/849 6451/554/846
f 6450/553/845 6454/558/855 6453/561/850
f 6880/565/854 6459/567/858 6455/559/849
f 6454/558/855 6458/566/856 6457/564/853
f 6455/559/849 6459/567/858 6458/566/856
f 6880/565/854 6867/569/864 6462/568/857
f 6461/570/859 6460/572/860 6457/564/853
f 6462/568/857 6461/570/859 6458/566/856
f 6466/574/861 6465/573/865 6461/570/859
f 6868/577/863 6466/574/861 6462/568/857
f 6465/573/865 6464/576/862 6460/572/860
f 6466/574/861 6470/579/870 6469/578/866
f 6879/582/868 6470/579/870 6466/574/861
f 6469/578/866 6468/581/867 6464/576/862
f 6870/583/869 6473/585/874 6470/579/870
f 6472/584/871 6471/587/872 6468/581/867
f 6470/579/870 6473/585/874 6472/584/871
f 6869/588/873 6477/590/878 6473/585/874
f 6476/589/875 6475/592/876 6471/587/872
f 6473/585/874 6477/590/878 6476/589/875
f 6481/593/877 6480/597/882 6476/589/875
f 6871/596/880 6481/593/877 6477/590/878
f 6476/589/875 6480/597/882 6479/595/879
f 6481/593/877 6485/599/886 6484/598/881
f 6878/602/884 6485/599/886 6481/593/877
f 6484/598/881 6483/601/883 6479/595/879
f 6878/603/884 6872/605/892 6488/604/885
f 6484/606/881 6487/608/888 6486/607/887
f 6485/609/886 6488/604/885 6487/608/888
f 6487/608/888 6491/613/890 6490/612/889
f 6488/604/885 6492/614/893 6491/613/890
f 6873/616/891 6492/614/893 6488/604/885
f 6492/614/893 6496/618/899 6495/617/894
f 6874/621/896 6496/618/899 6492/614/893
f 6495/617/894 6494/620/895 6490/612/889
f 6877/624/898 6500/626/901 6496/618/899
f 6499/625/900 6498/623/897 6494/620/895
f 6500/626/901 6499/625/900 6495/617/894
f 6876/627/902 6503/629/905 6500/626/901
f 6502/628/903 6501/631/904 6498/623/897
f 6500/626/901 6503/629/905 6502/628/903
f 6503/629/905 6417/515/812 6416/514/813
f 6408/509/810 6417/515/812 6503/629/905
f 6502/628/903 6416/514/813 6415/512/815
f 6883/605/674 6884/464/674 6885/461/673
f 6886/616/675 6887/466/675 6884/464/674
f 6888/621/676 6889/468/676 6887/466/675
f 6890/624/677 6891/470/677 6889/468/676
f 6892/633/678 6893/472/678 6891/470/677
f 6894/634/679 6895/474/679 6893/472/678
f 6896/635/680 6897/476/680 6895/474/679
f 6898/636/681 6899/478/681 6897/476/680
f 6900/637/682 6901/480/682 6899/478/681
f 6902/638/683 6903/482/683 6901/480/682
f 6904/639/684 6905/484/684 6903/482/683
f 6906/640/685 6907/486/685 6905/484/684
f 6906/640/685 6908/642/686 6909/641/686
f 6910/643/687 6911/488/687 6909/641/686
f 6910/643/687 6912/644/688 6913/490/688
f 6912/644/688 6914/645/689 6915/493/689
f 6914/645/689 6916/646/690 6917/495/690
f 6916/646/690 6918/647/691 6919/497/691
f 6918/647/691 6920/648/692 6921/499/692
f 6920/648/692 6922/649/693 6923/501/693
f 6924/650/694 6925/503/694 6923/501/693
f 6926/651/695 6927/505/695 6925/503/694
f 6926/651/695 6928/652/696 6929/507/696
f 6882/654/673 6885/653/673 6929/507/696
f 6507/655/704 6554/657/704 6553/656/704
f 6506/658/794 6556/660/794 6555/659/794
f 6557/661/704 6554/657/704 6507/655/704
f 6555/659/794 6558/668/794 6510/663/794
f 6511/665/704 6559/666/704 6557/661/704
f 6510/663/794 6558/668/794 6560/667/794
f 6513/669/704 6561/670/704 6559/666/704
f 6512/672/794 6560/667/794 6562/676/794
f 6515/673/704 6563/674/704 6561/670/704
f 6562/676/794 6564/680/794 6516/675/794
f 6517/677/704 6565/678/704 6563/674/704
f 6564/680/794 6566/684/794 6518/679/794
f 6567/681/704 6565/678/704 6517/677/704
f 6518/679/794 6566/684/794 6568/683/794
f 6569/685/704 6567/681/704 6519/682/704
f 6520/687/794 6568/683/794 6570/688/794
f 6523/689/704 6571/690/704 6569/685/704
f 6522/692/794 6570/688/794 6572/696/794
f 6525/693/704 6573/694/704 6571/690/704
f 6572/696/794 6574/700/794 6526/695/794
f 6575/697/704 6573/694/704 6525/693/704
f 6574/700/794 6576/704/794 6528/699/794
f 6529/701/704 6577/702/704 6575/697/704
f 6576/704/794 6578/708/794 6530/703/794
f 6579/705/704 6577/702/704 6529/701/704
f 6578/708/794 6580/712/794 6532/707/794
f 6581/710/704 6579/705/704 6531/706/704
f 6580/712/794 6582/716/794 6534/711/794
f 6583/713/704 6581/710/704 6533/709/704
f 6534/711/794 6582/716/794 6584/715/794
f 6585/717/704 6583/713/704 6535/714/704
f 6536/720/794 6584/715/794 6586/724/794
f 6539/721/704 6587/722/704 6585/717/704
f 6586/724/794 6588/728/794 6540/723/794
f 6541/725/704 6589/726/704 6587/722/704
f 6588/728/794 6590/732/794 6542/727/794
f 6591/729/704 6589/726/704 6541/725/704
f 6542/727/794 6590/732/794 6592/731/794
f 6593/733/704 6591/729/704 6543/730/704
f 6544/735/794 6592/731/794 6594/736/794
f 6595/737/704 6593/733/704 6545/734/704
f 6594/736/794 6596/744/794 6548/739/794
f 6597/741/704 6595/737/704 6547/738/704
f 6596/744/794 6598/748/794 6550/743/794
f 6599/745/704 6597/741/704 6549/742/704
f 6598/748/794 6600/750/794 6552/747/794
f 6553/656/704 6599/745/704 6551/746/704
f 6600/750/794 6556/660/794 6506/658/794
f 6931/605/674 6932/464/674 6933/461/673
f 6934/616/675 6935/466/675 6932/464/674
f 6936/621/676 6937/468/676 6935/466/675
f 6938/624/677 6939/470/677 6937/468/676
f 6940/633/678 6941/472/678 6939/470/677
f 6942/634/679 6943/474/679 6941/472/678
f 6944/635/680 6945/476/680 6943/474/679
f 6946/636/681 6947/478/681 6945/476/680
f 6948/637/682 6949/480/682 6947/478/681
f 6950/638/683 6951/482/683 6949/480/682
f 6952/639/684 6953/484/684 6951/482/683
f 6954/640/685 6955/486/685 6953/484/684
f 6954/640/685 6956/642/686 6957/641/686
f 6956/642/686 6958/643/687 6959/488/687
f 6958/643/687 6960/644/688 6961/490/688
f 6962/645/689 6963/493/689 6961/490/688
f 6962/645/689 6964/646/690 6965/495/690
f 6964/646/690 6966/647/691 6967/497/691
f 6966/647/691 6968/648/692 6969/499/692
f 6968/648/692 6970/649/693 6971/501/693
f 6972/650/694 6973/503/694 6971/501/693
f 6974/651/695 6975/505/695 6973/503/694
f 6974/651/695 6976/652/696 6977/507/696
f 6930/654/673 6933/653/673 6977/507/696
f 6603/655/704 6650/657/704 6649/656/704
f 6602/658/794 6652/660/794 6651/659/794
f 6653/661/704 6650/657/704 6603/655/704
f 6651/659/794 6654/668/794 6606/663/794
f 6607/665/704 6655/666/704 6653/661/704
f 6606/663/794 6654/668/794 6656/667/794
f 6609/669/704 6657/670/704 6655/666/704
f 6608/672/794 6656/667/794 6658/676/794
f 6611/673/704 6659/674/704 6657/670/704
f 6658/676/794 6660/680/794 6612/675/794
f 6613/677/704 6661/678/704 6659/674/704
f 6660/680/794 6662/684/794 6614/679/794
f 6663/681/704 6661/678/704 6613/677/704
f 6614/679/794 6662/684/794 6664/683/794
f 6665/685/704 6663/681/704 6615/682/704
f 6616/687/794 6664/683/794 6666/688/794
f 6619/689/704 6667/690/704 6665/685/704
f 6618/692/794 6666/688/794 6668/696/794
f 6621/693/704 6669/694/704 6667/690/704
f 6668/696/794 6670/700/794 6622/695/794
f 6671/697/704 6669/694/704 6621/693/704
f 6670/700/794 6672/704/794 6624/699/794
f 6625/701/704 6673/702/704 6671/697/704
f 6672/704/794 6674/708/794 6626/703/794
f 6675/705/704 6673/702/704 6625/701/704
f 6674/708/794 6676/712/794 6628/707/794
f 6677/710/704 6675/705/704 6627/706/704
f 6676/712/794 6678/716/794 6630/711/794
f 6679/713/704 6677/710/704 6629/709/704
f 6630/711/794 6678/716/794 6680/715/794
f 6681/717/704 6679/713/704 6631/714/704
f 6632/720/794 6680/715/794 6682/724/794
f 6635/721/704 6683/722/704 6681/717/704
f 6682/724/794 6684/728/794 6636/723/794
f 6637/725/704 6685/726/704 6683/722/704
f 6684/728/794 6686/732/794 6638/727/794
f 6687/729/704 6685/726/704 6637/725/704
f 6638/727/794 6686/732/794 6688/731/794
f 6689/733/704 6687/729/704 6639/730/704
f 6640/735/794 6688/731/794 6690/736/794
f 6691/737/704 6689/733/704 6641/734/704
f 6690/736/794 6692/744/794 6644/739/794
f 6693/741/704 6691/737/704 6643/738/704
f 6692/744/794 6694/748/794 6646/743/794
f 6695/745/704 6693/741/704 6645/742/704
f 6694/748/794 6696/750/794 6648/747/794
f 6649/656/704 6695/745/704 6647/746/704
f 6696/750/794 6652/660/794 6602/658/794
f 6979/750/794 6978/660/794 6791/658/794
f 6981/656/704 6980/745/704 6746/746/704
f 6982/748/794 6979/750/794 6745/747/794
f 6980/745/704 6983/741/704 6748/742/704
f 6984/744/794 6982/748/794 6747/743/794
f 6983/741/704 6985/737/704 6750/738/704
f 6986/736/794 6984/744/794 6749/739/794
f 6985/737/704 6987/733/704 6752/734/704
f 6753/735/794 6988/731/794 6986/736/794
f 6987/733/704 6989/729/704 6754/730/704
f 6755/727/794 6990/732/794 6988/731/794
f 6989/729/704 6991/726/704 6756/725/704
f 6992/728/794 6990/732/794 6755/727/794
f 6756/725/704 6991/726/704 6993/722/704
f 6994/724/794 6992/728/794 6757/723/794
f 6758/721/704 6993/722/704 6995/717/704
f 6761/720/794 6996/715/794 6994/724/794
f 6995/717/704 6997/713/704 6762/714/704
f 6763/711/794 6998/716/794 6996/715/794
f 6997/713/704 6999/710/704 6764/709/704
f 7000/712/794 6998/716/794 6763/711/794
f 6999/710/704 7001/705/704 6766/706/704
f 7002/708/794 7000/712/794 6765/707/794
f 7001/705/704 7003/702/704 6768/701/704
f 7004/704/794 7002/708/794 6767/703/794
f 6768/701/704 7003/702/704 7005/697/704
f 7006/700/794 7004/704/794 6769/699/794
f 7005/697/704 7007/694/704 6772/693/704
f 7008/696/794 7006/700/794 6771/695/794
f 6772/693/704 7007/694/704 7009/690/704
f 6775/692/794 7010/688/794 7008/696/794
f 6774/689/704 7009/690/704 7011/685/704
f 6777/687/794 7012/683/794 7010/688/794
f 7011/685/704 7013/681/704 6778/682/704
f 6779/679/794 7014/684/794 7012/683/794
f 7013/681/704 7015/678/704 6780/677/704
f 7016/680/794 7014/684/794 6779/679/794
f 6780/677/704 7015/678/704 7017/674/704
f 7018/676/794 7016/680/794 6781/675/794
f 6782/673/704 7017/674/704 7019/670/704
f 6785/672/794 7020/667/794 7018/676/794
f 6784/669/704 7019/670/704 7021/666/704
f 6787/663/794 7022/668/794 7020/667/794
f 6786/665/704 7021/666/704 7023/661/704
f 7024/659/794 7022/668/794 6787/663/794
f 7023/661/704 7025/657/704 6790/655/704
f 6791/658/794 6978/660/794 7024/659/794
f 6790/655/704 7025/657/704 6981/656/704
f 6744/654/673 6741/653/673 6697/507/696
f 6700/651/695 6698/652/696 6697/507/696
f 6700/651/695 6699/505/695 6701/503/694
f 6702/650/694 6701/503/694 6703/501/693
f 6706/648/692 6704/649/693 6703/501/693
f 6706/648/692 6705/499/692 6707/497/691
f 6710/646/690 6708/647/691 6707/497/691
f 6712/645/689 6710/646/690 6709/495/690
f 6714/644/688 6712/645/689 6711/493/689
f 6714/644/688 6713/490/688 6715/488/687
f 6718/642/686 6716/643/687 6715/488/687
f 6720/640/685 6718/642/686 6717/641/686
f 6720/640/685 6719/486/685 6721/484/684
f 6722/639/684 6721/484/684 6723/482/683
f 6724/638/683 6723/482/683 6725/480/682
f 6726/637/682 6725/480/682 6727/478/681
f 6728/636/681 6727/478/681 6729/476/680
f 6730/635/680 6729/476/680 6731/474/679
f 6732/634/679 6731/474/679 6733/472/678
f 6734/633/678 6733/472/678 6735/470/677
f 6736/624/677 6735/470/677 6737/468/676
f 6738/621/676 6737/468/676 6739/466/675
f 6740/616/675 6739/466/675 6742/464/674
f 6743/605/674 6742/464/674 6741/461/673
s 0
f 6795/752/795 7026/754/795 7027/751/795
f 7029/557/796 6796/526/796 6794/754/796
f 7033/557/797 6804/526/797 6802/754/797
f 6806/756/798 6805/758/798 6807/755/798
f 6803/752/799 7030/754/799 7031/751/799
f 6798/756/800 6797/758/800 6799/755/800
f 6370/752/684 7035/557/684 6810/526/684
f 6135/756/690 6134/758/690 6811/755/690
f 6809/752/696 7034/754/696 6369/751/696
f 7037/751/801 7036/754/801 6815/752/801
f 6814/754/802 6816/526/802 7039/557/802
f 6822/754/803 6824/526/803 7043/557/803
f 6827/755/804 6825/758/804 6826/756/804
f 7041/751/805 7040/754/805 6823/752/805
f 6819/755/806 6817/758/806 6818/756/806
f 6155/754/686 6830/526/686 7045/557/686
f 6831/755/680 6158/758/680 6159/756/680
f 6381/751/674 7044/754/674 6829/752/674
f 6384/752/807 6389/754/807 7048/751/807
f 7057/753/808 6844/752/808 6837/752/808
f 7054/753/808 6395/752/808 6385/752/808
f 6836/756/809 6834/758/809 6165/755/809
f 7050/752/807 6835/754/807 6838/751/807
f 6842/756/809 7052/758/809 7053/755/809
f 7065/753/808 6854/752/808 6849/752/808
f 7059/752/807 6848/754/807 6850/751/807
f 6852/756/809 7061/758/809 7062/755/809
o Cylinder.017
v 0.000000 3.100000 -0.500000
v 0.000000 3.800000 -0.500000
v 0.154509 3.100000 -0.475528
v 0.154509 3.800000 -0.475528
v 0.293893 3.100000 -0.404509
v 0.293893 3.800000 -0.404509
v 0.404509 3.100000 -0.293893
v 0.404509 3.800000 -0.293893
v 0.475528 3.100000 -0.154509
v 0.475528 3.800000 -0.154509
v 0.500000 3.100000 0.000000
v 0.500000 3.800000 0.000000
v 0.475528 3.100000 0.154509
v 0.475528 3.800000 0.154509
v 0.404509 3.100000 0.293893
v 0.404509 3.800000 0.293893
v 0.293893 3.100000 0.404509
v 0.293893 3.800000 0.404509
v 0.154509 3.100000 0.475528
v 0.154509 3.800000 0.475528
v 0.000000 3.100000 0.500000
v 0.000000 3.800000 0.500000
v -0.154509 3.100000 0.475528
v -0.154509 3.800000 0.475528
v -0.293893 3.100000 0.404509
v -0.293893 3.800000 0.404509
v -0.404509 3.100000 0.293893
v -0.404509 3.800000 0.293893
v -0.475528 3.100000 0.154509
v -0.475528 3.800000 0.154509
v -0.500000 3.100000 0.000000
v -0.500000 3.800000 0.000000
v -0.475528 3.100000 -0.154509
v -0.475528 3.800000 -0.154509
v -0.404509 3.100000 -0.293893
v -0.404509 3.800000 -0.293893
v -0.293893 3.100000 -0.404509
v -0.293893 3.800000 -0.404509
v -0.154509 3.100000 -0.475528
v -0.154509 3.800000 -0.475528
v 0.000000 3.800000 -0.510000
v 0.000000 3.820000 -0.510000
v 0.157599 3.800000 -0.485039
v 0.157599 3.820000 -0.485039
v 0.299770 3.800000 -0.412599
v 0.299770 3.820000 -0.412599
v 0.412599 3.800000 -0.299770
v 0.412599 3.820000 -0.299770
v 0.485039 3.800000 -0.157599
v 0.485039 3.820000 -0.157599
v 0.510000 3.800000 0.000000
v 0.510000 3.820000 0.000000
v 0.485039 3.800000 0.157599
v 0.485039 3.820000 0.157599
v 0.412599 3.800000 0.299770
v 0.412599 3.820000 0.299770
v 0.299770 3.800000 0.412599
v 0.299770 3.820000 0.412599
v 0.157599 3.800000 0.485039
v 0.157599 3.820000 0.485039
v 0.000000 3.800000 0.510000
v 0.000000 3.820000 0.510000
v -0.157599 3.800000 0.485039
v -0.157599 3.820000 0.485039
v -0.299770 3.800000 0.412599
v -0.299770 3.820000 0.412599
v -0.412599 3.800000 0.299770
v -0.412599 3.820000 0.299770
v -0.485039 3.800000 0.157599
v -0.485039 3.820000 0.157599
v -0.510000 3.800000 0.000000
v -0.510000 3.820000 0.000000
v -0.485039 3.800000 -0.157599
v -0.485039 3.820000 -0.157599
v -0.412599 3.800000 -0.299770
v -0.412599 3.820000 -0.299770
v -0.299770 3.800000 -0.412599
v -0.299770 3.820000 -0.412599
v -0.157599 3.800000 -0.485039
v -0.157599 3.820000 -0.485039
v 0.000000 3.820000 -0.350000
v 0.000000 3.860000 -0.350000
v 0.108156 3.820000 -0.332870
v 0.108156 3.860000 -0.332870
v 0.205725 3.820000 -0.283156
v 0.205725 3.860000 -0.283156
v 0.283156 3.820000 -0.205725
v 0.283156 3.860000 -0.205725
v 0.332870 3.820000 -0.108156
v 0.332870 3.860000 -0.108156
v 0.350000 3.820000 0.000000
v 0.350000 3.860000 0.000000
v 0.332870 3.820000 0.108156
v 0.332870 3.860000 0.108156
v 0.283156 3.820000 0.205725
v 0.283156 3.860000 0.205725
v 0.205725 3.820000 0.283156
v 0.205725 3.860000 0.283156
v 0.108156 3.820000 0.332870
v 0.108156 3.860000 0.332870
v 0.000000 3.820000 0.350000
v 0.000000 3.860000 0.350000
v -0.108156 3.820000 0.332870
v -0.108156 3.860000 0.332870
v -0.205725 3.820000 0.283156
v -0.205725 3.860000 0.283156
v -0.283156 3.820000 0.205725
v -0.283156 3.860000 0.205725
v -0.332870 3.820000 0.108156
v -0.332870 3.860000 0.108156
v -0.350000 3.820000 0.000000
v -0.350000 3.860000 0.000000
v -0.332870 3.820000 -0.108156
v -0.332870 3.860000 -0.108156
v -0.283156 3.820000 -0.205725
v -0.283156 3.860000 -0.205725
v -0.205725 3.820000 -0.283156
v -0.205725 3.860000 -0.283156
v -0.108156 3.820000 -0.332870
v -0.108156 3.860000 -0.332870
v 0.120000 3.795000 -0.485000
v 0.020000 3.795000 -0.485000
v -0.120000 3.795000 -0.485000
v -0.020000 3.795000 -0.485000
v -0.120000 3.780858 -0.490858
v -0.020000 3.780858 -0.490858
v -0.120000 3.775000 -0.505000
v -0.020000 3.775000 -0.505000
v -0.120000 3.780858 -0.519142
v -0.020000 3.780858 -0.519142
v -0.120000 3.795000 -0.525000
v -0.020000 3.795000 -0.525000
v -0.120000 3.809142 -0.519142
v -0.020000 3.809142 -0.519142
v -0.120000 3.815000 -0.505000
v -0.020000 3.815000 -0.505000
v -0.120000 3.809142 -0.490858
v -0.020000 3.809142 -0.490858
v 0.020000 3.780858 -0.490858
v 0.120000 3.780858 -0.490858
v 0.020000 3.775000 -0.505000
v 0.120000 3.775000 -0.505000
v 0.020000 3.780858 -0.519142
v 0.120000 3.780858 -0.519142
v 0.020000 3.795000 -0.525000
v 0.120000 3.795000 -0.525000
v 0.020000 3.809142 -0.519142
v 0.120000 3.809142 -0.519142
v 0.020000 3.815000 -0.505000
v 0.120000 3.815000 -0.505000
v 0.020000 3.809142 -0.490858
v 0.120000 3.809142 -0.490858
v -0.040000 3.790000 0.510000
v -0.040000 3.830000 0.510000
v -0.040000 3.790000 0.430000
v -0.040000 3.830000 0.430000
v 0.040000 3.790000 0.510000
v 0.040000 3.830000 0.510000
v 0.040000 3.790000 0.430000
v 0.040000 3.830000 0.430000
v 0.000000 3.800000 -0.510000
v 0.157599 3.800000 -0.485039
v 0.157599 3.820000 -0.485039
v 0.000000 3.820000 -0.510000
v 0.299770 3.800000 -0.412599
v 0.299770 3.820000 -0.412599
v 0.412599 3.800000 -0.299770
v 0.412599 3.820000 -0.299770
v 0.485039 3.800000 -0.157599
v 0.485039 3.820000 -0.157599
v 0.510000 3.800000 0.000000
v 0.510000 3.820000 0.000000
v 0.485039 3.800000 0.157599
v 0.485039 3.820000 0.157599
v 0.412599 3.800000 0.299770
v 0.412599 3.820000 0.299770
v 0.299770 3.800000 0.412599
v 0.299770 3.820000 0.412599
v 0.157599 3.800000 0.485039
v 0.157599 3.820000 0.485039
v 0.000000 3.800000 0.510000
v 0.000000 3.820000 0.510000
v -0.157599 3.800000 0.485039
v -0.157599 3.820000 0.485039
v -0.299770 3.800000 0.412599
v -0.299770 3.820000 0.412599
v -0.412599 3.800000 0.299770
v -0.412599 3.820000 0.299770
v -0.485039 3.800000 0.157599
v -0.485039 3.820000 0.157599
v -0.510000 3.800000 0.000000
v -0.510000 3.820000 0.000000
v -0.485039 3.800000 -0.157599
v -0.485039 3.820000 -0.157599
v -0.412599 3.800000 -0.299770
v -0.412599 3.820000 -0.299770
v -0.299770 3.800000 -0.412599
v -0.299770 3.820000 -0.412599
v -0.157599 3.800000 -0.485039
v -0.157599 3.820000 -0.485039
v 0.108156 3.860000 -0.332870
v 0.000000 3.860000 -0.350000
v 0.205725 3.860000 -0.283156
v 0.283156 3.860000 -0.205725
v 0.332870 3.860000 -0.108156
v 0.350000 3.860000 0.000000
v 0.332870 3.860000 0.108156
v 0.283156 3.860000 0.205725
v 0.205725 3.860000 0.283156
v 0.108156 3.860000 0.332870
v 0.000000 3.860000 0.350000
v -0.108156 3.860000 0.332870
v -0.205725 3.860000 0.283156
v -0.283156 3.860000 0.205725
v -0.332870 3.860000 0.108156
v -0.350000 3.860000 0.000000
v -0.332870 3.860000 -0.108156
v -0.283156 3.860000 -0.205725
v -0.205725 3.860000 -0.283156
v -0.108156 3.860000 -0.332870
v 0.120000 3.809142 -0.519142
v 0.120000 3.795000 -0.525000
v -0.120000 3.795000 -0.485000
v -0.120000 3.780858 -0.490858
v 0.020000 3.775000 -0.505000
v 0.020000 3.780858 -0.519142
v -0.020000 3.780858 -0.490858
v -0.020000 3.795000 -0.485000
v 0.020000 3.795000 -0.525000
v 0.020000 3.809142 -0.519142
v -0.120000 3.775000 -0.505000
v 0.120000 3.775000 -0.505000
v 0.120000 3.780858 -0.490858
v -0.020000 3.775000 -0.505000
v -0.120000 3.780858 -0.519142
v 0.020000 3.780858 -0.490858
v -0.020000 3.780858 -0.519142
v 0.120000 3.780858 -0.519142
v -0.120000 3.795000 -0.525000
v -0.020000 3.795000 -0.525000
v -0.120000 3.809142 -0.519142
v -0.020000 3.809142 -0.519142
v -0.120000 3.815000 -0.505000
v 0.120000 3.795000 -0.485000
v -0.020000 3.815000 -0.505000
v -0.120000 3.809142 -0.490858
v 0.020000 3.795000 -0.485000
v -0.020000 3.809142 -0.490858
v 0.020000 3.815000 -0.505000
v 0.120000 3.815000 -0.505000
v 0.020000 3.809142 -0.490858
v 0.120000 3.809142 -0.490858
v -0.040000 3.790000 0.430000
v -0.040000 3.790000 0.430000
v -0.040000 3.790000 0.510000
v -0.040000 3.790000 0.510000
v -0.040000 3.830000 0.510000
v -0.040000 3.830000 0.510000
v -0.040000 3.830000 0.430000
v -0.040000 3.830000 0.430000
v 0.040000 3.790000 0.430000
v 0.040000 3.790000 0.430000
v 0.040000 3.830000 0.430000
v 0.040000 3.830000 0.430000
v 0.040000 3.790000 0.510000
v 0.040000 3.790000 0.510000
v 0.040000 3.830000 0.510000
v 0.040000 3.830000 0.510000
vn -0.0000 -0.0000 -1.0000
vn 0.3090 -0.0000 -0.9511
vn 0.5878 -0.0000 -0.8090
vn 0.8090 -0.0000 -0.5878
vn 0.9511 -0.0000 -0.3090
vn 1.0000 -0.0000 -0.0000
vn 0.9511 -0.0000 0.3090
vn 0.8090 -0.0000 0.5878
vn 0.5878 -0.0000 0.8090
vn 0.3090 -0.0000 0.9511
vn -0.0000 -0.0000 1.0000
vn -0.3090 -0.0000 0.9511
vn -0.5878 -0.0000 0.8090
vn -0.8090 -0.0000 0.5878
vn -0.9511 -0.0000 0.3090
vn -1.0000 -0.0000 -0.0000
vn -0.9511 -0.0000 -0.3090
vn -0.8090 -0.0000 -0.5878
vn -0.5878 -0.0000 -0.8090
vn -0.3090 -0.0000 -0.9511
vn -0.0000 1.0000 -0.0000
vn -0.0000 -1.0000 -0.0000
vn -0.0000 -0.7071 0.7071
vn -0.0000 0.7071 -0.7071
vn -0.0000 -0.7071 -0.7071
vn -0.0000 0.7071 0.7071
vt 1.000000 1.000000
vt 0.950000 0.500000
vt 1.000000 0.500000
vt 0.950000 1.000000
vt 0.900000 0.500000
vt 0.900000 1.000000
vt 0.850000 0.500000
vt 0.850000 1.000000
vt 0.800000 0.500000
vt 0.800000 1.000000
vt 0.750000 0.500000
vt 0.750000 1.000000
vt 0.700000 0.500000
vt 0.700000 1.000000
vt 0.650000 0.500000
vt 0.650000 1.000000
vt 0.600000 0.500000
vt 0.600000 1.000000
vt 0.550000 0.500000
vt 0.550000 1.000000
vt 0.500000 0.500000
vt 0.500000 1.000000
vt 0.450000 0.500000
vt 0.450000 1.000000
vt 0.400000 0.500000
vt 0.400000 1.000000
vt 0.350000 0.500000
vt 0.350000 1.000000
vt 0.300000 0.500000
vt 0.300000 1.000000
vt 0.250000 0.500000
vt 0.250000 1.000000
vt 0.200000 0.500000
vt 0.200000 1.000000
vt 0.150000 0.500000
vt 0.150000 1.000000
vt 0.100000 0.500000
vt 0.100000 1.000000
vt 0.050000 0.500000
vt 0.050000 1.000000
vt -0.000000 0.500000
vt 0.021746 0.175836
vt 0.478254 0.175836
vt 0.391068 0.444164
vt 0.250000 0.010000
vt 0.010000 0.250000
vt 0.250000 0.490000
vt 0.875000 0.500000
vt 0.250000 0.500000
vt 0.375000 1.000000
vt 0.375000 0.500000
vt 0.750000 0.500000
vt 0.875000 1.000000
vt 0.500000 1.000000
vt 0.500000 0.500000
vt 0.625000 0.500000
vt 0.750000 1.000000
vt 0.625000 1.000000
vt 0.580294 0.080294
vt 0.919706 0.080294
vt 0.919706 0.419706
vt 0.000000 0.500000
vt 0.125000 1.000000
vt 0.125000 0.500000
vt 0.250000 1.000000
vt 0.625000 0.000000
vt 0.375000 0.250000
vt 0.375000 0.000000
vt 0.625000 0.250000
vt 0.375000 0.750000
vt 0.625000 0.750000
vt 0.125000 0.750000
vt -0.000000 1.000000
vt 0.324164 0.478254
vt 0.175836 0.478254
vt 0.108932 0.444164
vt 0.055836 0.391068
vt 0.021746 0.324164
vt 0.055836 0.108932
vt 0.108932 0.055836
vt 0.175836 0.021746
vt 0.324164 0.021746
vt 0.391068 0.055836
vt 0.444164 0.108932
vt 0.490000 0.250000
vt 0.478254 0.324164
vt 0.444164 0.391068
vt 0.419706 0.419706
vt 0.419706 0.080294
vt 0.080294 0.080294
vt 0.080294 0.419706
vt 0.750000 0.490000
vt 0.580294 0.419706
vt 0.510000 0.250000
vt 0.750000 0.010000
vt 0.990000 0.250000
vt 0.000000 1.000000
vt 0.875000 0.750000
s 1
f 7067/759/906 7068/760/907 7066/761/906
f 7069/762/907 7070/763/908 7068/760/907
f 7071/764/908 7072/765/909 7070/763/908
f 7073/766/909 7074/767/910 7072/765/909
f 7075/768/910 7076/769/911 7074/767/910
f 7077/770/911 7078/771/912 7076/769/911
f 7079/772/912 7080/773/913 7078/771/912
f 7081/774/913 7082/775/914 7080/773/913
f 7083/776/914 7084/777/915 7082/775/914
f 7085/778/915 7086/779/916 7084/777/915
f 7087/780/916 7088/781/917 7086/779/916
f 7089/782/917 7090/783/918 7088/781/917
f 7091/784/918 7092/785/919 7090/783/918
f 7093/786/919 7094/787/920 7092/785/919
f 7095/788/920 7096/789/921 7094/787/920
f 7097/790/921 7098/791/922 7096/789/921
f 7099/792/922 7100/793/923 7098/791/922
f 7101/794/923 7102/795/924 7100/793/923
f 7267/759/906 7148/760/907 7146/761/906
f 7103/796/924 7104/797/925 7102/795/924
f 7105/798/925 7066/799/906 7104/797/925
f 7229/759/906 7227/760/907 7226/761/906
f 7228/762/907 7230/763/908 7227/760/907
f 7231/764/908 7232/765/909 7230/763/908
f 7233/766/909 7234/767/910 7232/765/909
f 7235/768/910 7236/769/911 7234/767/910
f 7237/770/911 7238/771/912 7236/769/911
f 7239/772/912 7240/773/913 7238/771/912
f 7241/774/913 7242/775/914 7240/773/913
f 7243/776/914 7244/777/915 7242/775/914
f 7245/778/915 7246/779/916 7244/777/915
f 7247/780/916 7248/781/917 7246/779/916
f 7249/782/917 7250/783/918 7248/781/917
f 7251/784/918 7252/785/919 7250/783/918
f 7253/786/919 7254/787/920 7252/785/919
f 7255/788/920 7256/789/921 7254/787/920
f 7257/790/921 7258/791/922 7256/789/921
f 7259/792/922 7260/793/923 7258/791/922
f 7261/794/923 7262/795/924 7260/793/923
f 7135/800/926 7119/801/926 7111/802/926
f 7263/796/924 7264/797/925 7262/795/924
f 7145/798/925 7226/799/906 7264/797/925
f 7120/773/927 7136/789/927 7144/797/927
f 7266/762/907 7150/763/908 7148/760/907
f 7268/764/908 7152/765/909 7150/763/908
f 7269/766/909 7154/767/910 7152/765/909
f 7270/768/910 7156/769/911 7154/767/910
f 7271/770/911 7158/771/912 7156/769/911
f 7272/772/912 7160/773/913 7158/771/912
f 7273/774/913 7162/775/914 7160/773/913
f 7274/776/914 7164/777/915 7162/775/914
f 7275/778/915 7166/779/916 7164/777/915
f 7276/780/916 7168/781/917 7166/779/916
f 7277/782/917 7170/783/918 7168/781/917
f 7278/784/918 7172/785/919 7170/783/918
f 7279/786/919 7174/787/920 7172/785/919
f 7280/788/920 7176/789/921 7174/787/920
f 7281/790/921 7178/791/922 7176/789/921
f 7282/792/922 7180/793/923 7178/791/922
f 7283/794/923 7182/795/924 7180/793/923
f 7284/796/924 7184/797/925 7182/795/924
f 7285/798/925 7146/799/906 7184/797/925
f 7175/788/926 7159/772/926 7151/764/926
f 7287/803/911 7315/804/911 7186/805/911
f 7289/806/928 7293/759/916 7288/761/916
f 7314/807/926 7286/808/929 7295/809/929
f 7296/810/927 7292/811/928 7289/806/928
f 7295/809/929 7211/812/906 7294/813/906
f 7300/814/930 7299/815/927 7296/810/927
f 7294/813/906 7209/816/930 7208/814/930
f 7304/813/906 7302/816/930 7300/814/930
f 7212/817/921 7291/818/921 7301/819/921
f 7208/814/930 7297/815/927 7206/810/927
f 7306/809/929 7305/812/906 7304/813/906
f 7312/820/916 7217/821/931 7216/822/931
f 7206/810/927 7205/811/928 7204/806/928
f 7308/807/926 7307/808/929 7306/809/929
f 7197/803/911 7201/804/911 7189/805/911
f 7204/806/928 7309/759/916 7312/761/916
f 7311/822/931 7310/823/926 7308/807/926
f 7216/822/931 7215/823/926 7314/807/926
f 7288/820/916 7203/821/931 7311/822/931
f 7198/817/921 7194/818/921 7190/819/921
s 0
f 7322/824/921 7318/825/921 7320/826/921
f 7325/827/906 7326/809/906 7319/825/906
f 7329/814/911 7330/828/911 7327/809/911
f 7333/829/916 7321/808/916 7331/828/916
f 7224/809/927 7218/830/927 7220/822/927
f 7221/806/926 7223/829/926 7225/814/926
s 1
f 7067/759/906 7069/762/907 7068/760/907
f 7069/762/907 7071/764/908 7070/763/908
f 7071/764/908 7073/766/909 7072/765/909
f 7073/766/909 7075/768/910 7074/767/910
f 7075/768/910 7077/770/911 7076/769/911
f 7077/770/911 7079/772/912 7078/771/912
f 7079/772/912 7081/774/913 7080/773/913
f 7081/774/913 7083/776/914 7082/775/914
f 7083/776/914 7085/778/915 7084/777/915
f 7085/778/915 7087/780/916 7086/779/916
f 7087/780/916 7089/782/917 7088/781/917
f 7089/782/917 7091/784/918 7090/783/918
f 7091/784/918 7093/786/919 7092/785/919
f 7093/786/919 7095/788/920 7094/787/920
f 7095/788/920 7097/790/921 7096/789/921
f 7097/790/921 7099/792/922 7098/791/922
f 7099/792/922 7101/794/923 7100/793/923
f 7101/794/923 7103/796/924 7102/795/924
f 7267/759/906 7266/762/907 7148/760/907
f 7103/796/924 7105/798/925 7104/797/925
f 7105/798/925 7067/831/906 7066/799/906
f 7229/759/906 7228/762/907 7227/760/907
f 7228/762/907 7231/764/908 7230/763/908
f 7231/764/908 7233/766/909 7232/765/909
f 7233/766/909 7235/768/910 7234/767/910
f 7235/768/910 7237/770/911 7236/769/911
f 7237/770/911 7239/772/912 7238/771/912
f 7239/772/912 7241/774/913 7240/773/913
f 7241/774/913 7243/776/914 7242/775/914
f 7243/776/914 7245/778/915 7244/777/915
f 7245/778/915 7247/780/916 7246/779/916
f 7247/780/916 7249/782/917 7248/781/917
f 7249/782/917 7251/784/918 7250/783/918
f 7251/784/918 7253/786/919 7252/785/919
f 7253/786/919 7255/788/920 7254/787/920
f 7255/788/920 7257/790/921 7256/789/921
f 7257/790/921 7259/792/922 7258/791/922
f 7259/792/922 7261/794/923 7260/793/923
f 7261/794/923 7263/796/924 7262/795/924
f 7111/802/926 7109/832/926 7107/805/926
f 7107/805/926 7265/833/926 7143/834/926
f 7143/834/926 7141/835/926 7139/836/926
f 7139/836/926 7137/804/926 7135/800/926
f 7135/800/926 7133/837/926 7131/838/926
f 7131/838/926 7129/839/926 7127/803/926
f 7127/803/926 7125/840/926 7123/841/926
f 7123/841/926 7121/842/926 7119/801/926
f 7119/801/926 7117/843/926 7115/844/926
f 7115/844/926 7113/845/926 7111/802/926
f 7111/802/926 7107/805/926 7143/834/926
f 7143/834/926 7139/836/926 7135/800/926
f 7135/800/926 7131/838/926 7127/803/926
f 7127/803/926 7123/841/926 7119/801/926
f 7119/801/926 7115/844/926 7111/802/926
f 7111/802/926 7143/834/926 7135/800/926
f 7135/800/926 7127/803/926 7119/801/926
f 7263/796/924 7145/798/925 7264/797/925
f 7145/798/925 7229/831/906 7226/799/906
f 7144/797/927 7106/799/927 7108/760/927
f 7108/760/927 7110/763/927 7112/765/927
f 7112/765/927 7114/767/927 7116/769/927
f 7116/769/927 7118/771/927 7120/773/927
f 7120/773/927 7122/775/927 7124/777/927
f 7124/777/927 7126/779/927 7128/781/927
f 7128/781/927 7130/783/927 7132/785/927
f 7132/785/927 7134/787/927 7136/789/927
f 7136/789/927 7138/791/927 7140/793/927
f 7140/793/927 7142/795/927 7144/797/927
f 7144/797/927 7108/760/927 7112/765/927
f 7112/765/927 7116/769/927 7120/773/927
f 7120/773/927 7124/777/927 7128/781/927
f 7128/781/927 7132/785/927 7136/789/927
f 7136/789/927 7140/793/927 7144/797/927
f 7144/797/927 7112/765/927 7120/773/927
f 7120/773/927 7128/781/927 7136/789/927
f 7266/762/907 7268/764/908 7150/763/908
f 7268/764/908 7269/766/909 7152/765/909
f 7269/766/909 7270/768/910 7154/767/910
f 7270/768/910 7271/770/911 7156/769/911
f 7271/770/911 7272/772/912 7158/771/912
f 7272/772/912 7273/774/913 7160/773/913
f 7273/774/913 7274/776/914 7162/775/914
f 7274/776/914 7275/778/915 7164/777/915
f 7275/778/915 7276/780/916 7166/779/916
f 7276/780/916 7277/782/917 7168/781/917
f 7277/782/917 7278/784/918 7170/783/918
f 7278/784/918 7279/786/919 7172/785/919
f 7279/786/919 7280/788/920 7174/787/920
f 7280/788/920 7281/790/921 7176/789/921
f 7281/790/921 7282/792/922 7178/791/922
f 7282/792/922 7283/794/923 7180/793/923
f 7283/794/923 7284/796/924 7182/795/924
f 7284/796/924 7285/798/925 7184/797/925
f 7285/798/925 7267/831/906 7146/799/906
f 7151/764/926 7149/762/926 7147/831/926
f 7147/831/926 7185/798/926 7183/796/926
f 7183/796/926 7181/794/926 7179/792/926
f 7179/792/926 7177/790/926 7175/788/926
f 7175/788/926 7173/786/926 7171/784/926
f 7171/784/926 7169/782/926 7167/780/926
f 7167/780/926 7165/778/926 7163/776/926
f 7163/776/926 7161/774/926 7159/772/926
f 7159/772/926 7157/770/926 7155/768/926
f 7155/768/926 7153/766/926 7151/764/926
f 7151/764/926 7147/831/926 7183/796/926
f 7183/796/926 7179/792/926 7175/788/926
f 7175/788/926 7171/784/926 7167/780/926
f 7167/780/926 7163/776/926 7159/772/926
f 7159/772/926 7155/768/926 7151/764/926
f 7151/764/926 7183/796/926 7175/788/926
f 7175/788/926 7167/780/926 7159/772/926
f 7186/805/911 7298/846/911 7207/843/911
f 7207/843/911 7303/847/911 7287/803/911
f 7287/803/911 7213/848/911 7315/804/911
f 7315/804/911 7317/849/911 7186/805/911
f 7186/805/911 7207/843/911 7287/803/911
f 7289/806/928 7292/811/928 7293/759/916
f 7314/807/926 7215/823/926 7286/808/929
f 7296/810/927 7299/815/927 7292/811/928
f 7295/809/929 7286/808/929 7211/812/906
f 7300/814/930 7302/816/930 7299/815/927
f 7294/813/906 7211/812/906 7209/816/930
f 7304/813/906 7305/812/906 7302/816/930
f 7301/819/921 7187/850/921 7316/851/921
f 7316/851/921 7214/852/921 7212/817/921
f 7212/817/921 7210/853/921 7291/818/921
f 7291/818/921 7290/854/921 7301/819/921
f 7301/819/921 7316/851/921 7212/817/921
f 7208/814/930 7209/816/930 7297/815/927
f 7306/809/929 7307/808/929 7305/812/906
f 7312/820/916 7309/855/916 7217/821/931
f 7206/810/927 7297/815/927 7205/811/928
f 7308/807/926 7310/823/926 7307/808/929
f 7189/805/911 7191/846/911 7193/843/911
f 7193/843/911 7195/847/911 7197/803/911
f 7197/803/911 7199/848/911 7201/804/911
f 7201/804/911 7313/849/911 7189/805/911
f 7189/805/911 7193/843/911 7197/803/911
f 7204/806/928 7205/811/928 7309/759/916
f 7311/822/931 7203/821/931 7310/823/926
f 7216/822/931 7217/821/931 7215/823/926
f 7288/820/916 7293/855/916 7203/821/931
f 7190/819/921 7188/850/921 7202/851/921
f 7202/851/921 7200/852/921 7198/817/921
f 7198/817/921 7196/853/921 7194/818/921
f 7194/818/921 7192/854/921 7190/819/921
f 7190/819/921 7202/851/921 7198/817/921
s 0
f 7322/824/921 7324/827/921 7318/825/921
f 7325/827/906 7328/814/906 7326/809/906
f 7329/814/911 7332/829/911 7330/828/911
f 7333/829/916 7323/816/916 7321/808/916
f 7224/809/927 7222/828/927 7218/830/927
f 7221/806/926 7219/856/926 7223/829/926
