# Blender 4.4.3
# www.blender.org
mtllib WaterTower.mtl
o WaterTower
v -6.000000 0.000000 -1.250000
v -6.000000 3.800000 -1.250000
v -5.521646 0.000000 -1.154849
v -5.521646 3.800000 -1.154849
v -5.116117 0.000000 -0.883883
v -5.116117 3.800000 -0.883883
v -4.845150 0.000000 -0.478354
v -4.845150 3.800000 -0.478354
v -4.750000 0.000000 0.000000
v -4.750000 3.800000 0.000000
v -4.845150 0.000000 0.478354
v -4.845150 3.800000 0.478354
v -5.116117 0.000000 0.883883
v -5.116117 3.800000 0.883883
v -5.521646 0.000000 1.154849
v -5.521646 3.800000 1.154849
v -6.000000 0.000000 1.250000
v -6.000000 3.800000 1.250000
v -6.478354 0.000000 1.154849
v -6.478354 3.800000 1.154849
v -6.883883 0.000000 0.883883
v -6.883883 3.800000 0.883883
v -7.154850 0.000000 0.478354
v -7.154850 3.800000 0.478354
v -7.250000 0.000000 0.000000
v -7.250000 3.800000 0.000000
v -7.154850 0.000000 -0.478354
v -7.154850 3.800000 -0.478354
v -6.883883 0.000000 -0.883883
v -6.883883 3.800000 -0.883883
v -6.478354 0.000000 -1.154849
v -6.478354 3.800000 -1.154849
v -6.000000 3.800000 -2.000000
v -6.000000 7.800000 -2.000000
v -5.234633 3.800000 -1.847759
v -5.234633 7.800000 -1.847759
v -4.585786 3.800000 -1.414214
v -4.585786 7.800000 -1.414214
v -4.152241 3.800000 -0.765367
v -4.152241 7.800000 -0.765367
v -4.000000 3.800000 0.000000
v -4.000000 7.800000 0.000000
v -4.152241 3.800000 0.765367
v -4.152241 7.800000 0.765367
v -4.585786 3.800000 1.414214
v -4.585786 7.800000 1.414214
v -5.234633 3.800000 1.847759
v -5.234633 7.800000 1.847759
v -6.000000 3.800000 2.000000
v -6.000000 7.800000 2.000000
v -6.765367 3.800000 1.847759
v -6.765367 7.800000 1.847759
v -7.414213 3.800000 1.414214
v -7.414213 7.800000 1.414214
v -7.847759 3.800000 0.765367
v -7.847759 7.800000 0.765367
v -8.000000 3.800000 0.000000
v -8.000000 7.800000 0.000000
v -7.847759 3.800000 -0.765367
v -7.847759 7.800000 -0.765367
v -7.414213 3.800000 -1.414214
v -7.414213 7.800000 -1.414214
v -6.765367 3.800000 -1.847759
v -6.765367 7.800000 -1.847759
v -6.000000 10.000000 0.000000
v -8.699575 8.000000 -1.118201
v -3.375425 7.800000 -1.087135
v -8.699575 8.000000 1.118201
v -8.624575 7.800000 1.087135
v -7.118201 8.000000 2.699576
v -7.087135 7.800000 2.624576
v -4.881799 8.000000 2.699576
v -4.912865 7.800000 2.624576
v -3.300425 8.000000 1.118201
v -3.375425 7.800000 1.087135
v -3.300425 8.000000 -1.118201
v -7.087135 7.800000 -2.624576
v -4.881799 8.000000 -2.699576
v -8.624575 7.800000 -1.087135
v -7.118201 8.000000 -2.699576
v -3.600000 7.500000 1.000000
v -4.912865 7.800000 -2.624576
v -3.600000 7.800000 1.000000
v -3.600000 7.500000 -1.000000
v -3.600000 7.800000 -1.000000
v -3.400000 7.500000 1.000000
v -3.400000 7.800000 1.000000
v -3.400000 7.500000 -1.000000
v -3.400000 7.800000 -1.000000
v -3.600000 3.300000 1.000000
v -3.600000 7.500000 1.000000
v -3.600000 3.300000 0.700000
v -3.600000 7.500000 0.700000
v -3.400000 3.300000 1.000000
v -3.400000 7.500000 1.000000
v -3.400000 3.300000 0.700000
v -3.400000 7.500000 0.700000
v -3.600000 3.300000 -0.700000
v -3.600000 7.500000 -0.700000
v -3.600000 3.300000 -1.000000
v -3.600000 7.500000 -1.000000
v -3.400000 3.300000 -0.700000
v -3.400000 7.500000 -0.700000
v -3.400000 3.300000 -1.000000
v -3.400000 7.500000 -1.000000
v -7.118201 7.800000 -2.699576
v -4.881799 7.800000 -2.699576
v -4.881799 7.800000 2.699576
v -7.118201 7.800000 2.699576
v -3.300425 7.800000 -1.118201
v -8.699575 7.800000 1.118201
v -8.699575 7.800000 -1.118201
v -3.300425 7.800000 1.118201
v -7.107845 7.800000 -2.674576
v -4.892155 7.800000 -2.674576
v -4.892155 7.800000 2.674576
v -7.107845 7.800000 2.674576
v -3.325425 7.800000 -1.107846
v -8.674576 7.800000 1.107846
v -8.674576 7.800000 -1.107846
v -3.325425 7.800000 1.107846
v -7.107845 7.680000 -2.674576
v -4.892155 7.680000 -2.674576
v -4.892155 7.680000 2.674576
v -7.107845 7.680000 2.674576
v -3.325425 7.680000 -1.107846
v -8.674576 7.680000 1.107846
v -8.674576 7.680000 -1.107846
v -3.325425 7.680000 1.107846
v -7.087135 7.680000 -2.624576
v -4.912865 7.680000 -2.624576
v -4.912865 7.680000 2.624576
v -7.087135 7.680000 2.624576
v -3.375425 7.680000 -1.087135
v -8.624575 7.680000 1.087135
v -8.624575 7.680000 -1.087135
v -3.375425 7.680000 1.087135
v -7.500000 3.500000 1.700000
v -7.500000 3.800000 1.700000
v -7.500000 3.500000 1.550000
v -7.500000 3.800000 1.550000
v -4.600000 3.500000 1.700000
v -4.600000 3.800000 1.700000
v -4.600000 3.500000 1.550000
v -4.600000 3.800000 1.550000
v -4.900000 3.200000 1.700000
v -4.900000 3.500000 1.700000
v -4.900000 3.200000 -1.700000
v -4.900000 3.500000 -1.700000
v -4.600000 3.200000 1.700000
v -4.600000 3.500000 1.700000
v -4.600000 3.200000 -1.700000
v -4.600000 3.500000 -1.700000
v -4.900000 0.300000 1.300000
v -4.900000 3.200000 1.300000
v -4.900000 0.300000 1.000000
v -4.900000 3.200000 1.000000
v -4.600000 0.300000 1.300000
v -4.600000 3.200000 1.300000
v -4.600000 0.300000 1.000000
v -4.600000 3.200000 1.000000
v -7.500000 3.500000 1.300000
v -7.500000 3.800000 1.300000
v -7.500000 3.500000 1.000000
v -7.500000 3.800000 1.000000
v -4.600000 3.500000 1.300000
v -4.600000 3.800000 1.300000
v -4.600000 3.500000 1.000000
v -4.600000 3.800000 1.000000
v -7.700000 3.500000 1.000000
v -7.700000 3.800000 1.000000
v -7.700000 3.500000 0.900000
v -7.700000 3.800000 0.900000
v -4.400000 3.500000 1.000000
v -4.400000 3.800000 1.000000
v -4.400000 3.500000 0.900000
v -4.400000 3.800000 0.900000
v -7.700000 3.500000 0.700000
v -7.700000 3.800000 0.700000
v -7.700000 3.500000 0.550000
v -7.700000 3.800000 0.550000
v -3.350000 3.500000 0.700000
v -3.350000 3.800000 0.700000
v -3.350000 3.500000 0.550000
v -3.350000 3.800000 0.550000
v -3.600000 3.300000 0.700000
v -3.600000 3.500000 0.700000
v -3.600000 3.300000 -0.700000
v -3.600000 3.500000 -0.700000
v -3.450000 3.300000 0.700000
v -3.450000 3.500000 0.700000
v -3.450000 3.300000 -0.700000
v -3.450000 3.500000 -0.700000
v -4.900000 0.300000 -1.000000
v -4.900000 3.200000 -1.000000
v -4.900000 0.300000 -1.300000
v -4.900000 3.200000 -1.300000
v -4.600000 0.300000 -1.000000
v -4.600000 3.200000 -1.000000
v -4.600000 0.300000 -1.300000
v -4.600000 3.200000 -1.300000
v -4.600000 -0.009914 -1.560513
v -4.600000 3.370984 1.704381
v -4.600000 0.129017 -1.704381
v -4.600000 3.509915 1.560513
v -4.400000 -0.009914 -1.560513
v -4.400000 3.370984 1.704381
v -4.400000 0.129017 -1.704381
v -4.400000 3.509915 1.560513
v -4.600000 -0.009914 1.560513
v -4.600000 3.370983 -1.704381
v -4.600000 0.129017 1.704381
v -4.600000 3.509915 -1.560513
v -4.500000 -0.009914 1.560513
v -4.500000 3.370983 -1.704381
v -4.500000 0.129017 1.704381
v -4.500000 3.509915 -1.560513
v -4.500000 1.680534 0.071934
v -4.500000 1.819466 -0.071934
v -4.400000 1.819466 -0.071934
v -4.400000 1.680534 0.071934
v -4.600000 0.659530 -1.192071
v -4.600000 0.520599 -1.048203
v -4.400000 0.659530 -1.192071
v -4.400000 0.520599 -1.048203
v -4.600000 2.840470 1.192071
v -4.600000 2.979401 1.048203
v -4.400000 2.979401 1.048203
v -4.400000 2.840470 1.192071
v -4.400000 0.717527 -1.136064
v -4.400000 0.578595 -0.992196
v -4.500000 0.717527 -1.136064
v -4.500000 0.578595 -0.992196
v -4.500000 2.921405 0.992196
v -4.400000 2.921405 0.992196
v -4.400000 2.782473 1.136064
v -4.500000 2.782473 1.136064
v -7.500000 3.500000 -1.700000
v -7.500000 3.800000 -1.700000
v -7.500000 3.500000 -1.550000
v -7.500000 3.800000 -1.550000
v -4.600000 3.500000 -1.700000
v -4.600000 3.800000 -1.700000
v -4.600000 3.500000 -1.550000
v -4.600000 3.800000 -1.550000
v -7.500000 3.500000 -1.300000
v -7.500000 3.800000 -1.300000
v -7.500000 3.500000 -1.000000
v -7.500000 3.800000 -1.000000
v -4.600000 3.500000 -1.300000
v -4.600000 3.800000 -1.300000
v -4.600000 3.500000 -1.000000
v -4.600000 3.800000 -1.000000
v -7.700000 3.500000 -1.000000
v -7.700000 3.800000 -1.000000
v -7.700000 3.500000 -0.900000
v -7.700000 3.800000 -0.900000
v -4.400000 3.500000 -1.000000
v -4.400000 3.800000 -1.000000
v -4.400000 3.500000 -0.900000
v -4.400000 3.800000 -0.900000
v -7.700000 3.500000 -0.700000
v -7.700000 3.800000 -0.700000
v -7.700000 3.500000 -0.550000
v -7.700000 3.800000 -0.550000
v -3.350000 3.500000 -0.700000
v -3.350000 3.800000 -0.700000
v -3.350000 3.500000 -0.550000
v -3.350000 3.800000 -0.550000
v -4.900001 3.650000 -0.150000
v -4.900001 3.725000 -0.129904
v -4.900001 3.779904 -0.075000
v -3.151702 3.789778 0.000001
v -4.900001 3.800000 0.000000
v -4.900001 3.779904 0.075000
v -4.900001 3.725000 0.129904
v -4.900001 3.650000 0.150000
v -4.900001 3.575000 0.129904
v -4.900001 3.520096 0.075000
v -4.900001 3.500000 -0.000000
v -4.900001 3.520096 -0.075000
v -4.900001 3.575000 -0.129904
v -3.200000 3.650000 -0.150000
v -3.200000 3.725000 -0.129904
v -3.200000 3.779904 -0.075000
v -3.200000 3.800000 0.000000
v -3.200000 3.779904 0.075000
v -3.200000 3.725000 0.129904
v -3.200000 3.650000 0.150000
v -3.200000 3.575000 0.129904
v -3.200000 3.520096 0.075000
v -3.198298 3.510221 -0.000000
v -3.200000 3.520096 -0.075000
v -3.200000 3.575000 -0.129904
v -3.175053 3.650000 -0.139657
v -3.186683 3.580058 -0.120916
v -3.195188 3.528918 -0.069775
v -3.154920 3.771083 -0.069774
v -3.163423 3.719941 -0.120916
v -3.195183 3.528918 0.069775
v -3.186660 3.580059 0.120916
v -3.175002 3.650001 0.139657
v -3.163344 3.719942 0.120916
v -3.154820 3.771082 0.069775
v -3.187528 3.575000 -0.129904
v -3.196658 3.520096 -0.075000
v -3.175055 3.650000 -0.150000
v -3.150000 3.800000 0.000000
v -3.153452 3.779904 -0.075000
v -3.162582 3.725000 -0.129904
v -3.200000 3.500000 -0.000000
v -3.153349 3.779904 0.075000
v -3.162500 3.725000 0.129904
v -3.196651 3.520096 0.075000
v -3.187500 3.575000 0.129904
v -3.175000 3.650000 0.150000
v -3.350000 3.580058 -0.120916
v -3.350000 3.528918 -0.069775
v -3.350000 3.650000 -0.139657
v -3.350000 3.789778 0.000001
v -3.350000 3.771083 -0.069774
v -3.350000 3.719941 -0.120916
v -3.350000 3.510221 -0.000000
v -3.350000 3.771082 0.069775
v -3.350000 3.719942 0.120916
v -3.350000 3.528918 0.069775
v -3.350000 3.580059 0.120916
v -3.350000 3.650001 0.139657
v -3.550000 4.100000 0.700000
v -3.550000 4.250000 0.700000
v -3.550000 4.100000 -0.700000
v -3.550000 4.250000 -0.700000
v -3.460000 4.100000 0.700000
v -3.460000 4.250000 0.700000
v -3.460000 4.100000 -0.700000
v -3.460000 4.250000 -0.700000
v -3.550000 3.800000 0.700000
v -3.550000 4.100000 0.700000
v -3.550000 3.800000 0.600000
v -3.550000 4.100000 0.600000
v -3.460000 3.800000 0.700000
v -3.460000 4.100000 0.700000
v -3.460000 3.800000 0.600000
v -3.460000 4.100000 0.600000
v -3.550000 3.800000 -0.700000
v -3.550000 4.100000 -0.700000
v -3.550000 3.800000 -0.600000
v -3.550000 4.100000 -0.600000
v -3.460000 3.800000 -0.700000
v -3.460000 4.100000 -0.700000
v -3.460000 3.800000 -0.600000
v -3.460000 4.100000 -0.600000
v -3.460000 3.350000 0.250000
v -3.460000 4.200000 0.250000
v -3.460000 3.350000 -0.250000
v -3.460000 4.200000 -0.250000
v -3.430000 3.350000 0.250000
v -3.430000 4.200000 0.250000
v -3.430000 3.350000 -0.250000
v -3.430000 4.200000 -0.250000
v -7.100000 3.200000 -1.700000
v -7.100000 3.500000 -1.700000
v -7.100000 3.200000 1.700000
v -7.100000 3.500000 1.700000
v -7.400000 3.200000 -1.700000
v -7.400000 3.500000 -1.700000
v -7.400000 3.200000 1.700000
v -7.400000 3.500000 1.700000
v -7.100000 0.300000 -1.300000
v -7.100000 3.200000 -1.300000
v -7.100000 0.300000 -1.000000
v -7.100000 3.200000 -1.000000
v -7.400000 0.300000 -1.300000
v -7.400000 3.200000 -1.300000
v -7.400000 0.300000 -1.000000
v -7.400000 3.200000 -1.000000
v -7.100000 0.300000 1.000000
v -7.100000 3.200000 1.000000
v -7.100000 0.300000 1.300000
v -7.100000 3.200000 1.300000
v -7.400000 0.300000 1.000000
v -7.400000 3.200000 1.000000
v -7.400000 0.300000 1.300000
v -7.400000 3.200000 1.300000
v -5.650000 -0.000000 4.380000
v -5.650000 8.000000 2.780000
v -5.650000 -0.000000 4.280000
v -5.650000 8.000000 2.680000
v -5.580000 -0.000000 4.380000
v -5.580000 8.000000 2.780000
v -5.580000 -0.000000 4.280000
v -5.580000 8.000000 2.680000
v -6.420000 -0.000000 4.380000
v -6.420000 8.000000 2.780000
v -6.420000 -0.000000 4.280000
v -6.420000 8.000000 2.680000
v -6.350000 -0.000000 4.380000
v -6.350000 8.000000 2.780000
v -6.350000 -0.000000 4.280000
v -6.350000 8.000000 2.680000
v -5.600000 3.350000 3.800000
v -5.600000 3.500000 3.800000
v -5.600000 3.350000 1.000000
v -5.600000 3.500000 1.000000
v -5.500000 3.350000 3.800000
v -5.500000 3.500000 3.800000
v -5.500000 3.350000 1.000000
v -5.500000 3.500000 1.000000
v -6.500000 3.350000 3.800000
v -6.500000 3.500000 3.800000
v -6.500000 3.350000 1.000000
v -6.500000 3.500000 1.000000
v -6.400000 3.350000 3.800000
v -6.400000 3.500000 3.800000
v -6.400000 3.350000 1.000000
v -6.400000 3.500000 1.000000
v -6.420000 0.200000 4.240000
v -6.420000 3.300000 3.620000
v -6.420000 0.200000 4.190000
v -6.420000 3.300000 3.570000
v -5.580000 0.200000 4.240000
v -5.580000 3.300000 3.620000
v -5.580000 0.200000 4.190000
v -5.580000 3.300000 3.570000
v -5.650000 9.200001 2.540000
v -5.650000 9.200001 2.440000
v -5.580000 9.200001 2.440000
v -5.580000 9.200001 2.540000
v -6.420000 9.200001 2.540000
v -6.420000 9.200001 2.440000
v -6.350000 9.200001 2.440000
v -6.350000 9.200001 2.540000
v -5.650000 9.200001 2.540000
v -5.650000 9.300001 2.540000
v -5.650000 9.200001 0.540000
v -5.650000 9.300001 0.540000
v -5.580000 9.200001 2.540000
v -5.580000 9.300001 2.540000
v -5.580000 9.200001 0.540000
v -5.580000 9.300001 0.540000
v -6.420000 9.200001 2.540000
v -6.420000 9.300001 2.540000
v -6.420000 9.200001 0.540000
v -6.420000 9.300001 0.540000
v -6.350000 9.200001 2.540000
v -6.350000 9.300001 2.540000
v -6.350000 9.200001 0.540000
v -6.350000 9.300001 0.540000
v -6.600000 8.070000 2.600000
v -6.600000 8.170000 2.600000
v -6.600000 8.879999 1.500000
v -6.600000 8.979999 1.500000
v -5.400000 8.070000 2.600000
v -5.400000 8.170000 2.600000
v -5.400000 8.879999 1.500000
v -5.400000 8.979999 1.500000
v -3.950000 3.900000 0.000000
v -3.962500 3.921651 0.000000
v -3.987500 3.921651 0.000000
v -4.000000 3.900000 0.000000
v -3.987500 3.878350 0.000000
v -3.962500 3.878350 0.000000
v -4.106047 3.900000 -0.784501
v -4.117595 3.921651 -0.779717
v -4.140692 3.921651 -0.770150
v -4.152241 3.900000 -0.765367
v -4.140692 3.878350 -0.770150
v -4.117595 3.878350 -0.779717
v -4.550431 3.900000 -1.449569
v -4.559270 3.921651 -1.440730
v -4.576948 3.921651 -1.423053
v -4.585787 3.900000 -1.414214
v -4.576948 3.878350 -1.423053
v -4.559270 3.878350 -1.440730
v -5.215498 3.900000 -1.893953
v -5.220282 3.921651 -1.882404
v -5.229849 3.921651 -1.859307
v -5.234632 3.900000 -1.847759
v -5.229849 3.878350 -1.859307
v -5.220282 3.878350 -1.882404
v -6.000000 3.900000 -2.050000
v -6.000000 3.921651 -2.037500
v -6.000000 3.921651 -2.012500
v -6.000000 3.900000 -2.000000
v -6.000000 3.878350 -2.012500
v -6.000000 3.878350 -2.037500
v -6.784501 3.900000 -1.893953
v -6.779718 3.921651 -1.882405
v -6.770151 3.921651 -1.859308
v -6.765367 3.900000 -1.847759
v -6.770151 3.878350 -1.859308
v -6.779718 3.878350 -1.882405
v -7.449569 3.900000 -1.449569
v -7.440731 3.921651 -1.440730
v -7.423053 3.921651 -1.423052
v -7.414214 3.900000 -1.414213
v -7.423053 3.878350 -1.423052
v -7.440731 3.878350 -1.440730
v -7.893953 3.900000 -0.784501
v -7.882404 3.921651 -0.779718
v -7.859307 3.921651 -0.770151
v -7.847759 3.900000 -0.765367
v -7.859307 3.878350 -0.770151
v -7.882404 3.878350 -0.779718
v -8.050000 3.900000 -0.000000
v -8.037500 3.921651 -0.000000
v -8.012500 3.921651 -0.000000
v -8.000000 3.900000 -0.000000
v -8.012500 3.878350 -0.000000
v -8.037500 3.878350 -0.000000
v -7.893953 3.900000 0.784500
v -7.882405 3.921651 0.779717
v -7.859308 3.921651 0.770150
v -7.847759 3.900000 0.765366
v -7.859308 3.878350 0.770150
v -7.882405 3.878350 0.779717
v -7.449569 3.900000 1.449569
v -7.440731 3.921651 1.440730
v -7.423053 3.921651 1.423052
v -7.414214 3.900000 1.414213
v -7.423053 3.878350 1.423052
v -7.440731 3.878350 1.440730
v -6.784501 3.900000 1.893953
v -6.779718 3.921651 1.882405
v -6.770151 3.921651 1.859308
v -6.765367 3.900000 1.847759
v -6.770151 3.878350 1.859308
v -6.779718 3.878350 1.882405
v -6.000000 3.900000 2.050000
v -6.000000 3.921651 2.037500
v -6.000000 3.921651 2.012500
v -6.000000 3.900000 2.000000
v -6.000000 3.878350 2.012500
v -6.000000 3.878350 2.037500
v -5.215498 3.900000 1.893953
v -5.220282 3.921651 1.882404
v -5.229849 3.921651 1.859307
v -5.234632 3.900000 1.847759
v -5.229849 3.878350 1.859307
v -5.220282 3.878350 1.882404
v -4.550432 3.900000 1.449570
v -4.559271 3.921651 1.440731
v -4.576948 3.921651 1.423053
v -4.585787 3.900000 1.414214
v -4.576948 3.878350 1.423053
v -4.559271 3.878350 1.440731
v -4.106047 3.900000 0.784502
v -4.117596 3.921651 0.779718
v -4.140693 3.921651 0.770151
v -4.152241 3.900000 0.765368
v -4.140693 3.878350 0.770151
v -4.117596 3.878350 0.779718
v -3.950000 4.000000 0.000000
v -3.962500 4.021650 0.000000
v -3.987500 4.021650 0.000000
v -4.000000 4.000000 0.000000
v -3.987500 3.978349 0.000000
v -3.962500 3.978349 0.000000
v -4.106047 4.000000 -0.784501
v -4.117595 4.021650 -0.779717
v -4.140692 4.021650 -0.770150
v -4.152241 4.000000 -0.765367
v -4.140692 3.978349 -0.770150
v -4.117595 3.978349 -0.779717
v -4.550431 4.000000 -1.449569
v -4.559270 4.021650 -1.440730
v -4.576948 4.021650 -1.423053
v -4.585787 4.000000 -1.414214
v -4.576948 3.978349 -1.423053
v -4.559270 3.978349 -1.440730
v -5.215498 4.000000 -1.893953
v -5.220282 4.021650 -1.882404
v -5.229849 4.021650 -1.859307
v -5.234632 4.000000 -1.847759
v -5.229849 3.978349 -1.859307
v -5.220282 3.978349 -1.882404
v -6.000000 4.000000 -2.050000
v -6.000000 4.021650 -2.037500
v -6.000000 4.021650 -2.012500
v -6.000000 4.000000 -2.000000
v -6.000000 3.978349 -2.012500
v -6.000000 3.978349 -2.037500
v -6.784501 4.000000 -1.893953
v -6.779718 4.021650 -1.882405
v -6.770151 4.021650 -1.859308
v -6.765367 4.000000 -1.847759
v -6.770151 3.978349 -1.859308
v -6.779718 3.978349 -1.882405
v -7.449569 4.000000 -1.449569
v -7.440731 4.021650 -1.440730
v -7.423053 4.021650 -1.423052
v -7.414214 4.000000 -1.414213
v -7.423053 3.978349 -1.423052
v -7.440731 3.978349 -1.440730
v -7.893953 4.000000 -0.784501
v -7.882404 4.021650 -0.779718
v -7.859307 4.021650 -0.770151
v -7.847759 4.000000 -0.765367
v -7.859307 3.978349 -0.770151
v -7.882404 3.978349 -0.779718
v -8.050000 4.000000 -0.000000
v -8.037500 4.021650 -0.000000
v -8.012500 4.021650 -0.000000
v -8.000000 4.000000 -0.000000
v -8.012500 3.978349 -0.000000
v -8.037500 3.978349 -0.000000
v -7.893953 4.000000 0.784500
v -7.882405 4.021650 0.779717
v -7.859308 4.021650 0.770150
v -7.847759 4.000000 0.765366
v -7.859308 3.978349 0.770150
v -7.882405 3.978349 0.779717
v -7.449569 4.000000 1.449569
v -7.440731 4.021650 1.440730
v -7.423053 4.021650 1.423052
v -7.414214 4.000000 1.414213
v -7.423053 3.978349 1.423052
v -7.440731 3.978349 1.440730
v -6.784501 4.000000 1.893953
v -6.779718 4.021650 1.882405
v -6.770151 4.021650 1.859308
v -6.765367 4.000000 1.847759
v -6.770151 3.978349 1.859308
v -6.779718 3.978349 1.882405
v -6.000000 4.000000 2.050000
v -6.000000 4.021650 2.037500
v -6.000000 4.021650 2.012500
v -6.000000 4.000000 2.000000
v -6.000000 3.978349 2.012500
v -6.000000 3.978349 2.037500
v -5.215498 4.000000 1.893953
v -5.220282 4.021650 1.882404
v -5.229849 4.021650 1.859307
v -5.234632 4.000000 1.847759
v -5.229849 3.978349 1.859307
v -5.220282 3.978349 1.882404
v -4.550432 4.000000 1.449570
v -4.559271 4.021650 1.440731
v -4.576948 4.021650 1.423053
v -4.585787 4.000000 1.414214
v -4.576948 3.978349 1.423053
v -4.559271 3.978349 1.440731
v -4.106047 4.000000 0.784502
v -4.117596 4.021650 0.779718
v -4.140693 4.021650 0.770151
v -4.152241 4.000000 0.765368
v -4.140693 3.978349 0.770151
v -4.117596 3.978349 0.779718
v -3.950000 4.200000 0.000000
v -3.962500 4.221651 0.000000
v -3.987500 4.221651 0.000000
v -4.000000 4.200000 0.000000
v -3.987500 4.178349 0.000000
v -3.962500 4.178349 0.000000
v -4.106047 4.200000 -0.784501
v -4.117595 4.221651 -0.779717
v -4.140692 4.221651 -0.770150
v -4.152241 4.200000 -0.765367
v -4.140692 4.178349 -0.770150
v -4.117595 4.178349 -0.779717
v -4.550431 4.200000 -1.449569
v -4.559270 4.221651 -1.440730
v -4.576948 4.221651 -1.423053
v -4.585787 4.200000 -1.414214
v -4.576948 4.178349 -1.423053
v -4.559270 4.178349 -1.440730
v -5.215498 4.200000 -1.893953
v -5.220282 4.221651 -1.882404
v -5.229849 4.221651 -1.859307
v -5.234632 4.200000 -1.847759
v -5.229849 4.178349 -1.859307
v -5.220282 4.178349 -1.882404
v -6.000000 4.200000 -2.050000
v -6.000000 4.221651 -2.037500
v -6.000000 4.221651 -2.012500
v -6.000000 4.200000 -2.000000
v -6.000000 4.178349 -2.012500
v -6.000000 4.178349 -2.037500
v -6.784501 4.200000 -1.893953
v -6.779718 4.221651 -1.882405
v -6.770151 4.221651 -1.859308
v -6.765367 4.200000 -1.847759
v -6.770151 4.178349 -1.859308
v -6.779718 4.178349 -1.882405
v -7.449569 4.200000 -1.449569
v -7.440731 4.221651 -1.440730
v -7.423053 4.221651 -1.423052
v -7.414214 4.200000 -1.414213
v -7.423053 4.178349 -1.423052
v -7.440731 4.178349 -1.440730
v -7.893953 4.200000 -0.784501
v -7.882404 4.221651 -0.779718
v -7.859307 4.221651 -0.770151
v -7.847759 4.200000 -0.765367
v -7.859307 4.178349 -0.770151
v -7.882404 4.178349 -0.779718
v -8.050000 4.200000 -0.000000
v -8.037500 4.221651 -0.000000
v -8.012500 4.221651 -0.000000
v -8.000000 4.200000 -0.000000
v -8.012500 4.178349 -0.000000
v -8.037500 4.178349 -0.000000
v -7.893953 4.200000 0.784500
v -7.882405 4.221651 0.779717
v -7.859308 4.221651 0.770150
v -7.847759 4.200000 0.765366
v -7.859308 4.178349 0.770150
v -7.882405 4.178349 0.779717
v -7.449569 4.200000 1.449569
v -7.440731 4.221651 1.440730
v -7.423053 4.221651 1.423052
v -7.414214 4.200000 1.414213
v -7.423053 4.178349 1.423052
v -7.440731 4.178349 1.440730
v -6.784501 4.200000 1.893953
v -6.779718 4.221651 1.882405
v -6.770151 4.221651 1.859308
v -6.765367 4.200000 1.847759
v -6.770151 4.178349 1.859308
v -6.779718 4.178349 1.882405
v -6.000000 4.200000 2.050000
v -6.000000 4.221651 2.037500
v -6.000000 4.221651 2.012500
v -6.000000 4.200000 2.000000
v -6.000000 4.178349 2.012500
v -6.000000 4.178349 2.037500
v -5.215498 4.200000 1.893953
v -5.220282 4.221651 1.882404
v -5.229849 4.221651 1.859307
v -5.234632 4.200000 1.847759
v -5.229849 4.178349 1.859307
v -5.220282 4.178349 1.882404
v -4.550432 4.200000 1.449570
v -4.559271 4.221651 1.440731
v -4.576948 4.221651 1.423053
v -4.585787 4.200000 1.414214
v -4.576948 4.178349 1.423053
v -4.559271 4.178349 1.440731
v -4.106047 4.200000 0.784502
v -4.117596 4.221651 0.779718
v -4.140693 4.221651 0.770151
v -4.152241 4.200000 0.765368
v -4.140693 4.178349 0.770151
v -4.117596 4.178349 0.779718
v -3.950000 4.500000 0.000000
v -3.962500 4.521651 0.000000
v -3.987500 4.521651 0.000000
v -4.000000 4.500000 0.000000
v -3.987500 4.478350 0.000000
v -3.962500 4.478350 0.000000
v -4.106047 4.500000 -0.784501
v -4.117595 4.521651 -0.779717
v -4.140692 4.521651 -0.770150
v -4.152241 4.500000 -0.765367
v -4.140692 4.478350 -0.770150
v -4.117595 4.478350 -0.779717
v -4.550431 4.500000 -1.449569
v -4.559270 4.521651 -1.440730
v -4.576948 4.521651 -1.423053
v -4.585787 4.500000 -1.414214
v -4.576948 4.478350 -1.423053
v -4.559270 4.478350 -1.440730
v -5.215498 4.500000 -1.893953
v -5.220282 4.521651 -1.882404
v -5.229849 4.521651 -1.859307
v -5.234632 4.500000 -1.847759
v -5.229849 4.478350 -1.859307
v -5.220282 4.478350 -1.882404
v -6.000000 4.500000 -2.050000
v -6.000000 4.521651 -2.037500
v -6.000000 4.521651 -2.012500
v -6.000000 4.500000 -2.000000
v -6.000000 4.478350 -2.012500
v -6.000000 4.478350 -2.037500
v -6.784501 4.500000 -1.893953
v -6.779718 4.521651 -1.882405
v -6.770151 4.521651 -1.859308
v -6.765367 4.500000 -1.847759
v -6.770151 4.478350 -1.859308
v -6.779718 4.478350 -1.882405
v -7.449569 4.500000 -1.449569
v -7.440731 4.521651 -1.440730
v -7.423053 4.521651 -1.423052
v -7.414214 4.500000 -1.414213
v -7.423053 4.478350 -1.423052
v -7.440731 4.478350 -1.440730
v -7.893953 4.500000 -0.784501
v -7.882404 4.521651 -0.779718
v -7.859307 4.521651 -0.770151
v -7.847759 4.500000 -0.765367
v -7.859307 4.478350 -0.770151
v -7.882404 4.478350 -0.779718
v -8.050000 4.500000 -0.000000
v -8.037500 4.521651 -0.000000
v -8.012500 4.521651 -0.000000
v -8.000000 4.500000 -0.000000
v -8.012500 4.478350 -0.000000
v -8.037500 4.478350 -0.000000
v -7.893953 4.500000 0.784500
v -7.882405 4.521651 0.779717
v -7.859308 4.521651 0.770150
v -7.847759 4.500000 0.765366
v -7.859308 4.478350 0.770150
v -7.882405 4.478350 0.779717
v -7.449569 4.500000 1.449569
v -7.440731 4.521651 1.440730
v -7.423053 4.521651 1.423052
v -7.414214 4.500000 1.414213
v -7.423053 4.478350 1.423052
v -7.440731 4.478350 1.440730
v -6.784501 4.500000 1.893953
v -6.779718 4.521651 1.882405
v -6.770151 4.521651 1.859308
v -6.765367 4.500000 1.847759
v -6.770151 4.478350 1.859308
v -6.779718 4.478350 1.882405
v -6.000000 4.500000 2.050000
v -6.000000 4.521651 2.037500
v -6.000000 4.521651 2.012500
v -6.000000 4.500000 2.000000
v -6.000000 4.478350 2.012500
v -6.000000 4.478350 2.037500
v -5.215498 4.500000 1.893953
v -5.220282 4.521651 1.882404
v -5.229849 4.521651 1.859307
v -5.234632 4.500000 1.847759
v -5.229849 4.478350 1.859307
v -5.220282 4.478350 1.882404
v -4.550432 4.500000 1.449570
v -4.559271 4.521651 1.440731
v -4.576948 4.521651 1.423053
v -4.585787 4.500000 1.414214
v -4.576948 4.478350 1.423053
v -4.559271 4.478350 1.440731
v -4.106047 4.500000 0.784502
v -4.117596 4.521651 0.779718
v -4.140693 4.521651 0.770151
v -4.152241 4.500000 0.765368
v -4.140693 4.478350 0.770151
v -4.117596 4.478350 0.779718
v -3.950000 4.900001 0.000000
v -3.962500 4.921651 0.000000
v -3.987500 4.921651 0.000000
v -4.000000 4.900001 0.000000
v -3.987500 4.878350 0.000000
v -3.962500 4.878350 0.000000
v -4.106047 4.900001 -0.784501
v -4.117595 4.921651 -0.779717
v -4.140692 4.921651 -0.770150
v -4.152241 4.900001 -0.765367
v -4.140692 4.878350 -0.770150
v -4.117595 4.878350 -0.779717
v -4.550431 4.900001 -1.449569
v -4.559270 4.921651 -1.440730
v -4.576948 4.921651 -1.423053
v -4.585787 4.900001 -1.414214
v -4.576948 4.878350 -1.423053
v -4.559270 4.878350 -1.440730
v -5.215498 4.900001 -1.893953
v -5.220282 4.921651 -1.882404
v -5.229849 4.921651 -1.859307
v -5.234632 4.900001 -1.847759
v -5.229849 4.878350 -1.859307
v -5.220282 4.878350 -1.882404
v -6.000000 4.900001 -2.050000
v -6.000000 4.921651 -2.037500
v -6.000000 4.921651 -2.012500
v -6.000000 4.900001 -2.000000
v -6.000000 4.878350 -2.012500
v -6.000000 4.878350 -2.037500
v -6.784501 4.900001 -1.893953
v -6.779718 4.921651 -1.882405
v -6.770151 4.921651 -1.859308
v -6.765367 4.900001 -1.847759
v -6.770151 4.878350 -1.859308
v -6.779718 4.878350 -1.882405
v -7.449569 4.900001 -1.449569
v -7.440731 4.921651 -1.440730
v -7.423053 4.921651 -1.423052
v -7.414214 4.900001 -1.414213
v -7.423053 4.878350 -1.423052
v -7.440731 4.878350 -1.440730
v -7.893953 4.900001 -0.784501
v -7.882404 4.921651 -0.779718
v -7.859307 4.921651 -0.770151
v -7.847759 4.900001 -0.765367
v -7.859307 4.878350 -0.770151
v -7.882404 4.878350 -0.779718
v -8.050000 4.900001 -0.000000
v -8.037500 4.921651 -0.000000
v -8.012500 4.921651 -0.000000
v -8.000000 4.900001 -0.000000
v -8.012500 4.878350 -0.000000
v -8.037500 4.878350 -0.000000
v -7.893953 4.900001 0.784500
v -7.882405 4.921651 0.779717
v -7.859308 4.921651 0.770150
v -7.847759 4.900001 0.765366
v -7.859308 4.878350 0.770150
v -7.882405 4.878350 0.779717
v -7.449569 4.900001 1.449569
v -7.440731 4.921651 1.440730
v -7.423053 4.921651 1.423052
v -7.414214 4.900001 1.414213
v -7.423053 4.878350 1.423052
v -7.440731 4.878350 1.440730
v -6.784501 4.900001 1.893953
v -6.779718 4.921651 1.882405
v -6.770151 4.921651 1.859308
v -6.765367 4.900001 1.847759
v -6.770151 4.878350 1.859308
v -6.779718 4.878350 1.882405
v -6.000000 4.900001 2.050000
v -6.000000 4.921651 2.037500
v -6.000000 4.921651 2.012500
v -6.000000 4.900001 2.000000
v -6.000000 4.878350 2.012500
v -6.000000 4.878350 2.037500
v -5.215498 4.900001 1.893953
v -5.220282 4.921651 1.882404
v -5.229849 4.921651 1.859307
v -5.234632 4.900001 1.847759
v -5.229849 4.878350 1.859307
v -5.220282 4.878350 1.882404
v -4.550432 4.900001 1.449570
v -4.559271 4.921651 1.440731
v -4.576948 4.921651 1.423053
v -4.585787 4.900001 1.414214
v -4.576948 4.878350 1.423053
v -4.559271 4.878350 1.440731
v -4.106047 4.900001 0.784502
v -4.117596 4.921651 0.779718
v -4.140693 4.921651 0.770151
v -4.152241 4.900001 0.765368
v -4.140693 4.878350 0.770151
v -4.117596 4.878350 0.779718
v -3.950000 5.400001 0.000000
v -3.962500 5.421651 0.000000
v -3.987500 5.421651 0.000000
v -4.000000 5.400001 0.000000
v -3.987500 5.378350 0.000000
v -3.962500 5.378350 0.000000
v -4.106047 5.400001 -0.784501
v -4.117595 5.421651 -0.779717
v -4.140692 5.421651 -0.770150
v -4.152241 5.400001 -0.765367
v -4.140692 5.378350 -0.770150
v -4.117595 5.378350 -0.779717
v -4.550431 5.400001 -1.449569
v -4.559270 5.421651 -1.440730
v -4.576948 5.421651 -1.423053
v -4.585787 5.400001 -1.414214
v -4.576948 5.378350 -1.423053
v -4.559270 5.378350 -1.440730
v -5.215498 5.400001 -1.893953
v -5.220282 5.421651 -1.882404
v -5.229849 5.421651 -1.859307
v -5.234632 5.400001 -1.847759
v -5.229849 5.378350 -1.859307
v -5.220282 5.378350 -1.882404
v -6.000000 5.400001 -2.050000
v -6.000000 5.421651 -2.037500
v -6.000000 5.421651 -2.012500
v -6.000000 5.400001 -2.000000
v -6.000000 5.378350 -2.012500
v -6.000000 5.378350 -2.037500
v -6.784501 5.400001 -1.893953
v -6.779718 5.421651 -1.882405
v -6.770151 5.421651 -1.859308
v -6.765367 5.400001 -1.847759
v -6.770151 5.378350 -1.859308
v -6.779718 5.378350 -1.882405
v -7.449569 5.400001 -1.449569
v -7.440731 5.421651 -1.440730
v -7.423053 5.421651 -1.423052
v -7.414214 5.400001 -1.414213
v -7.423053 5.378350 -1.423052
v -7.440731 5.378350 -1.440730
v -7.893953 5.400001 -0.784501
v -7.882404 5.421651 -0.779718
v -7.859307 5.421651 -0.770151
v -7.847759 5.400001 -0.765367
v -7.859307 5.378350 -0.770151
v -7.882404 5.378350 -0.779718
v -8.050000 5.400001 -0.000000
v -8.037500 5.421651 -0.000000
v -8.012500 5.421651 -0.000000
v -8.000000 5.400001 -0.000000
v -8.012500 5.378350 -0.000000
v -8.037500 5.378350 -0.000000
v -7.893953 5.400001 0.784500
v -7.882405 5.421651 0.779717
v -7.859308 5.421651 0.770150
v -7.847759 5.400001 0.765366
v -7.859308 5.378350 0.770150
v -7.882405 5.378350 0.779717
v -7.449569 5.400001 1.449569
v -7.440731 5.421651 1.440730
v -7.423053 5.421651 1.423052
v -7.414214 5.400001 1.414213
v -7.423053 5.378350 1.423052
v -7.440731 5.378350 1.440730
v -6.784501 5.400001 1.893953
v -6.779718 5.421651 1.882405
v -6.770151 5.421651 1.859308
v -6.765367 5.400001 1.847759
v -6.770151 5.378350 1.859308
v -6.779718 5.378350 1.882405
v -6.000000 5.400001 2.050000
v -6.000000 5.421651 2.037500
v -6.000000 5.421651 2.012500
v -6.000000 5.400001 2.000000
v -6.000000 5.378350 2.012500
v -6.000000 5.378350 2.037500
v -5.215498 5.400001 1.893953
v -5.220282 5.421651 1.882404
v -5.229849 5.421651 1.859307
v -5.234632 5.400001 1.847759
v -5.229849 5.378350 1.859307
v -5.220282 5.378350 1.882404
v -4.550432 5.400001 1.449570
v -4.559271 5.421651 1.440731
v -4.576948 5.421651 1.423053
v -4.585787 5.400001 1.414214
v -4.576948 5.378350 1.423053
v -4.559271 5.378350 1.440731
v -4.106047 5.400001 0.784502
v -4.117596 5.421651 0.779718
v -4.140693 5.421651 0.770151
v -4.152241 5.400001 0.765368
v -4.140693 5.378350 0.770151
v -4.117596 5.378350 0.779718
v -3.950000 6.000000 0.000000
v -3.962500 6.021651 0.000000
v -3.987500 6.021651 0.000000
v -4.000000 6.000000 0.000000
v -3.987500 5.978350 0.000000
v -3.962500 5.978350 0.000000
v -4.106047 6.000000 -0.784501
v -4.117595 6.021651 -0.779717
v -4.140692 6.021651 -0.770150
v -4.152241 6.000000 -0.765367
v -4.140692 5.978350 -0.770150
v -4.117595 5.978350 -0.779717
v -4.550431 6.000000 -1.449569
v -4.559270 6.021651 -1.440730
v -4.576948 6.021651 -1.423053
v -4.585787 6.000000 -1.414214
v -4.576948 5.978350 -1.423053
v -4.559270 5.978350 -1.440730
v -5.215498 6.000000 -1.893953
v -5.220282 6.021651 -1.882404
v -5.229849 6.021651 -1.859307
v -5.234632 6.000000 -1.847759
v -5.229849 5.978350 -1.859307
v -5.220282 5.978350 -1.882404
v -6.000000 6.000000 -2.050000
v -6.000000 6.021651 -2.037500
v -6.000000 6.021651 -2.012500
v -6.000000 6.000000 -2.000000
v -6.000000 5.978350 -2.012500
v -6.000000 5.978350 -2.037500
v -6.784501 6.000000 -1.893953
v -6.779718 6.021651 -1.882405
v -6.770151 6.021651 -1.859308
v -6.765367 6.000000 -1.847759
v -6.770151 5.978350 -1.859308
v -6.779718 5.978350 -1.882405
v -7.449569 6.000000 -1.449569
v -7.440731 6.021651 -1.440730
v -7.423053 6.021651 -1.423052
v -7.414214 6.000000 -1.414213
v -7.423053 5.978350 -1.423052
v -7.440731 5.978350 -1.440730
v -7.893953 6.000000 -0.784501
v -7.882404 6.021651 -0.779718
v -7.859307 6.021651 -0.770151
v -7.847759 6.000000 -0.765367
v -7.859307 5.978350 -0.770151
v -7.882404 5.978350 -0.779718
v -8.050000 6.000000 -0.000000
v -8.037500 6.021651 -0.000000
v -8.012500 6.021651 -0.000000
v -8.000000 6.000000 -0.000000
v -8.012500 5.978350 -0.000000
v -8.037500 5.978350 -0.000000
v -7.893953 6.000000 0.784500
v -7.882405 6.021651 0.779717
v -7.859308 6.021651 0.770150
v -7.847759 6.000000 0.765366
v -7.859308 5.978350 0.770150
v -7.882405 5.978350 0.779717
v -7.449569 6.000000 1.449569
v -7.440731 6.021651 1.440730
v -7.423053 6.021651 1.423052
v -7.414214 6.000000 1.414213
v -7.423053 5.978350 1.423052
v -7.440731 5.978350 1.440730
v -6.784501 6.000000 1.893953
v -6.779718 6.021651 1.882405
v -6.770151 6.021651 1.859308
v -6.765367 6.000000 1.847759
v -6.770151 5.978350 1.859308
v -6.779718 5.978350 1.882405
v -6.000000 6.000000 2.050000
v -6.000000 6.021651 2.037500
v -6.000000 6.021651 2.012500
v -6.000000 6.000000 2.000000
v -6.000000 5.978350 2.012500
v -6.000000 5.978350 2.037500
v -5.215498 6.000000 1.893953
v -5.220282 6.021651 1.882404
v -5.229849 6.021651 1.859307
v -5.234632 6.000000 1.847759
v -5.229849 5.978350 1.859307
v -5.220282 5.978350 1.882404
v -4.550432 6.000000 1.449570
v -4.559271 6.021651 1.440731
v -4.576948 6.021651 1.423053
v -4.585787 6.000000 1.414214
v -4.576948 5.978350 1.423053
v -4.559271 5.978350 1.440731
v -4.106047 6.000000 0.784502
v -4.117596 6.021651 0.779718
v -4.140693 6.021651 0.770151
v -4.152241 6.000000 0.765368
v -4.140693 5.978350 0.770151
v -4.117596 5.978350 0.779718
v -3.950000 6.700000 0.000000
v -3.962500 6.721651 0.000000
v -3.987500 6.721651 0.000000
v -4.000000 6.700000 0.000000
v -3.987500 6.678349 0.000000
v -3.962500 6.678349 0.000000
v -4.106047 6.700000 -0.784501
v -4.117595 6.721651 -0.779717
v -4.140692 6.721651 -0.770150
v -4.152241 6.700000 -0.765367
v -4.140692 6.678349 -0.770150
v -4.117595 6.678349 -0.779717
v -4.550431 6.700000 -1.449569
v -4.559270 6.721651 -1.440730
v -4.576948 6.721651 -1.423053
v -4.585787 6.700000 -1.414214
v -4.576948 6.678349 -1.423053
v -4.559270 6.678349 -1.440730
v -5.215498 6.700000 -1.893953
v -5.220282 6.721651 -1.882404
v -5.229849 6.721651 -1.859307
v -5.234632 6.700000 -1.847759
v -5.229849 6.678349 -1.859307
v -5.220282 6.678349 -1.882404
v -6.000000 6.700000 -2.050000
v -6.000000 6.721651 -2.037500
v -6.000000 6.721651 -2.012500
v -6.000000 6.700000 -2.000000
v -6.000000 6.678349 -2.012500
v -6.000000 6.678349 -2.037500
v -6.784501 6.700000 -1.893953
v -6.779718 6.721651 -1.882405
v -6.770151 6.721651 -1.859308
v -6.765367 6.700000 -1.847759
v -6.770151 6.678349 -1.859308
v -6.779718 6.678349 -1.882405
v -7.449569 6.700000 -1.449569
v -7.440731 6.721651 -1.440730
v -7.423053 6.721651 -1.423052
v -7.414214 6.700000 -1.414213
v -7.423053 6.678349 -1.423052
v -7.440731 6.678349 -1.440730
v -7.893953 6.700000 -0.784501
v -7.882404 6.721651 -0.779718
v -7.859307 6.721651 -0.770151
v -7.847759 6.700000 -0.765367
v -7.859307 6.678349 -0.770151
v -7.882404 6.678349 -0.779718
v -8.050000 6.700000 -0.000000
v -8.037500 6.721651 -0.000000
v -8.012500 6.721651 -0.000000
v -8.000000 6.700000 -0.000000
v -8.012500 6.678349 -0.000000
v -8.037500 6.678349 -0.000000
v -7.893953 6.700000 0.784500
v -7.882405 6.721651 0.779717
v -7.859308 6.721651 0.770150
v -7.847759 6.700000 0.765366
v -7.859308 6.678349 0.770150
v -7.882405 6.678349 0.779717
v -7.449569 6.700000 1.449569
v -7.440731 6.721651 1.440730
v -7.423053 6.721651 1.423052
v -7.414214 6.700000 1.414213
v -7.423053 6.678349 1.423052
v -7.440731 6.678349 1.440730
v -6.784501 6.700000 1.893953
v -6.779718 6.721651 1.882405
v -6.770151 6.721651 1.859308
v -6.765367 6.700000 1.847759
v -6.770151 6.678349 1.859308
v -6.779718 6.678349 1.882405
v -6.000000 6.700000 2.050000
v -6.000000 6.721651 2.037500
v -6.000000 6.721651 2.012500
v -6.000000 6.700000 2.000000
v -6.000000 6.678349 2.012500
v -6.000000 6.678349 2.037500
v -5.215498 6.700000 1.893953
v -5.220282 6.721651 1.882404
v -5.229849 6.721651 1.859307
v -5.234632 6.700000 1.847759
v -5.229849 6.678349 1.859307
v -5.220282 6.678349 1.882404
v -4.550432 6.700000 1.449570
v -4.559271 6.721651 1.440731
v -4.576948 6.721651 1.423053
v -4.585787 6.700000 1.414214
v -4.576948 6.678349 1.423053
v -4.559271 6.678349 1.440731
v -4.106047 6.700000 0.784502
v -4.117596 6.721651 0.779718
v -4.140693 6.721651 0.770151
v -4.152241 6.700000 0.765368
v -4.140693 6.678349 0.770151
v -4.117596 6.678349 0.779718
v -3.950000 7.500000 0.000000
v -3.962500 7.521651 0.000000
v -3.987500 7.521651 0.000000
v -4.000000 7.500000 0.000000
v -3.987500 7.478350 0.000000
v -3.962500 7.478350 0.000000
v -4.106047 7.500000 -0.784501
v -4.117595 7.521651 -0.779717
v -4.140692 7.521651 -0.770150
v -4.152241 7.500000 -0.765367
v -4.140692 7.478350 -0.770150
v -4.117595 7.478350 -0.779717
v -4.550431 7.500000 -1.449569
v -4.559270 7.521651 -1.440730
v -4.576948 7.521651 -1.423053
v -4.585787 7.500000 -1.414214
v -4.576948 7.478350 -1.423053
v -4.559270 7.478350 -1.440730
v -5.215498 7.500000 -1.893953
v -5.220282 7.521651 -1.882404
v -5.229849 7.521651 -1.859307
v -5.234632 7.500000 -1.847759
v -5.229849 7.478350 -1.859307
v -5.220282 7.478350 -1.882404
v -6.000000 7.500000 -2.050000
v -6.000000 7.521651 -2.037500
v -6.000000 7.521651 -2.012500
v -6.000000 7.500000 -2.000000
v -6.000000 7.478350 -2.012500
v -6.000000 7.478350 -2.037500
v -6.784501 7.500000 -1.893953
v -6.779718 7.521651 -1.882405
v -6.770151 7.521651 -1.859308
v -6.765367 7.500000 -1.847759
v -6.770151 7.478350 -1.859308
v -6.779718 7.478350 -1.882405
v -7.449569 7.500000 -1.449569
v -7.440731 7.521651 -1.440730
v -7.423053 7.521651 -1.423052
v -7.414214 7.500000 -1.414213
v -7.423053 7.478350 -1.423052
v -7.440731 7.478350 -1.440730
v -7.893953 7.500000 -0.784501
v -7.882404 7.521651 -0.779718
v -7.859307 7.521651 -0.770151
v -7.847759 7.500000 -0.765367
v -7.859307 7.478350 -0.770151
v -7.882404 7.478350 -0.779718
v -8.050000 7.500000 -0.000000
v -8.037500 7.521651 -0.000000
v -8.012500 7.521651 -0.000000
v -8.000000 7.500000 -0.000000
v -8.012500 7.478350 -0.000000
v -8.037500 7.478350 -0.000000
v -7.893953 7.500000 0.784500
v -7.882405 7.521651 0.779717
v -7.859308 7.521651 0.770150
v -7.847759 7.500000 0.765366
v -7.859308 7.478350 0.770150
v -7.882405 7.478350 0.779717
v -7.449569 7.500000 1.449569
v -7.440731 7.521651 1.440730
v -7.423053 7.521651 1.423052
v -7.414214 7.500000 1.414213
v -7.423053 7.478350 1.423052
v -7.440731 7.478350 1.440730
v -6.784501 7.500000 1.893953
v -6.779718 7.521651 1.882405
v -6.770151 7.521651 1.859308
v -6.765367 7.500000 1.847759
v -6.770151 7.478350 1.859308
v -6.779718 7.478350 1.882405
v -6.000000 7.500000 2.050000
v -6.000000 7.521651 2.037500
v -6.000000 7.521651 2.012500
v -6.000000 7.500000 2.000000
v -6.000000 7.478350 2.012500
v -6.000000 7.478350 2.037500
v -5.215498 7.500000 1.893953
v -5.220282 7.521651 1.882404
v -5.229849 7.521651 1.859307
v -5.234632 7.500000 1.847759
v -5.229849 7.478350 1.859307
v -5.220282 7.478350 1.882404
v -4.550432 7.500000 1.449570
v -4.559271 7.521651 1.440731
v -4.576948 7.521651 1.423053
v -4.585787 7.500000 1.414214
v -4.576948 7.478350 1.423053
v -4.559271 7.478350 1.440731
v -4.106047 7.500000 0.784502
v -4.117596 7.521651 0.779718
v -4.140693 7.521651 0.770151
v -4.152241 7.500000 0.765368
v -4.140693 7.478350 0.770151
v -4.117596 7.478350 0.779718
v -6.100000 3.870000 2.055000
v -6.100000 3.930000 2.055000
v -6.100000 3.870000 1.990000
v -6.100000 3.930000 1.990000
v -5.900000 3.870000 2.055000
v -5.900000 3.930000 2.055000
v -5.900000 3.870000 1.990000
v -5.900000 3.930000 1.990000
v -6.100000 3.870000 -2.055000
v -6.100000 3.930000 -2.055000
v -6.100000 3.870000 -1.990000
v -6.100000 3.930000 -1.990000
v -5.900000 3.870000 -2.055000
v -5.900000 3.930000 -2.055000
v -5.900000 3.870000 -1.990000
v -5.900000 3.930000 -1.990000
v -7.638498 3.970000 1.244326
v -7.638498 4.030000 1.244326
v -7.588706 3.970000 1.202545
v -7.588706 4.030000 1.202545
v -7.509941 3.970000 1.397534
v -7.509941 4.030000 1.397534
v -7.460148 3.970000 1.355753
v -7.460148 4.030000 1.355753
v -4.490059 3.970000 -1.397534
v -4.490059 4.030000 -1.397534
v -4.539852 3.970000 -1.355753
v -4.539852 4.030000 -1.355753
v -4.361502 3.970000 -1.244326
v -4.361502 4.030000 -1.244326
v -4.411294 3.970000 -1.202545
v -4.411294 4.030000 -1.202545
v -7.285608 4.170000 1.606311
v -7.285608 4.230000 1.606311
v -7.247508 4.170000 1.553649
v -7.247508 4.230000 1.553649
v -7.123572 4.170000 1.723546
v -7.123572 4.230000 1.723546
v -7.085471 4.170000 1.670884
v -7.085471 4.230000 1.670884
v -4.876428 4.170000 -1.723546
v -4.876428 4.230000 -1.723546
v -4.914529 4.170000 -1.670884
v -4.914529 4.230000 -1.670884
v -4.714391 4.170000 -1.606311
v -4.714391 4.230000 -1.606311
v -4.752492 4.170000 -1.553649
v -4.752492 4.230000 -1.553649
v -7.275933 4.470000 -1.614007
v -7.275933 4.530000 -1.614007
v -7.233192 4.470000 -1.565036
v -7.233192 4.530000 -1.565036
v -7.426614 4.470000 -1.482497
v -7.426614 4.530000 -1.482497
v -7.383873 4.470000 -1.433525
v -7.383873 4.530000 -1.433525
v -4.573386 4.470000 1.482497
v -4.573386 4.530000 1.482497
v -4.616127 4.470000 1.433525
v -4.616127 4.530000 1.433525
v -4.724067 4.470000 1.614008
v -4.724067 4.530000 1.614008
v -4.766808 4.470000 1.565036
v -4.766808 4.530000 1.565036
v -8.035738 4.870000 0.297987
v -8.035738 4.930000 0.297987
v -7.971957 4.870000 0.285457
v -7.971957 4.930000 0.285457
v -7.997188 4.870000 0.494236
v -7.997188 4.930000 0.494236
v -7.933406 4.870000 0.481707
v -7.933406 4.930000 0.481707
v -4.002813 4.870000 -0.494236
v -4.002813 4.930000 -0.494236
v -4.066594 4.870000 -0.481707
v -4.066594 4.930000 -0.481707
v -3.964262 4.870000 -0.297987
v -3.964262 4.930000 -0.297987
v -4.028043 4.870000 -0.285457
v -4.028043 4.930000 -0.285457
v -7.411358 5.370000 -1.497028
v -7.411358 5.430000 -1.497028
v -7.364523 5.370000 -1.451957
v -7.364523 5.430000 -1.451957
v -7.550041 5.370000 -1.352922
v -7.550041 5.430000 -1.352922
v -7.503206 5.370000 -1.307850
v -7.503206 5.430000 -1.307850
v -4.449959 5.370000 1.352921
v -4.449959 5.430000 1.352921
v -4.496794 5.370000 1.307849
v -4.496794 5.430000 1.307849
v -4.588643 5.370000 1.497029
v -4.588643 5.430000 1.497029
v -4.635477 5.370000 1.451957
v -4.635477 5.430000 1.451957
v -5.653789 5.970000 -2.028093
v -5.653789 6.030000 -2.028093
v -5.661599 5.970000 -1.963565
v -5.661599 6.030000 -1.963565
v -5.852338 5.970000 -2.052126
v -5.852338 6.030000 -2.052126
v -5.860149 5.970000 -1.987597
v -5.860149 6.030000 -1.987597
v -6.147661 5.970000 2.052126
v -6.147661 6.030000 2.052126
v -6.139850 5.970000 1.987597
v -6.139850 6.030000 1.987597
v -6.346212 5.970000 2.028093
v -6.346212 6.030000 2.028093
v -6.338401 5.970000 1.963565
v -6.338401 6.030000 1.963565
v -7.964221 6.670000 0.612259
v -7.964221 6.730000 0.612259
v -7.903180 6.670000 0.589922
v -7.903180 6.730000 0.589922
v -7.895495 6.670000 0.800079
v -7.895495 6.730000 0.800079
v -7.834453 6.670000 0.777743
v -7.834453 6.730000 0.777743
v -4.104506 6.670000 -0.800079
v -4.104506 6.730000 -0.800079
v -4.165548 6.670000 -0.777743
v -4.165548 6.730000 -0.777743
v -4.035779 6.670000 -0.612258
v -4.035779 6.730000 -0.612258
v -4.096820 6.670000 -0.589922
v -4.096820 6.730000 -0.589922
v -7.560102 7.470000 -1.341307
v -7.560102 7.530000 -1.341307
v -7.508813 7.470000 -1.301378
v -7.508813 7.530000 -1.301378
v -7.682964 7.470000 -1.183495
v -7.682964 7.530000 -1.183495
v -7.631674 7.470000 -1.143564
v -7.631674 7.530000 -1.143564
v -4.317036 7.470000 1.183494
v -4.317036 7.530000 1.183494
v -4.368326 7.470000 1.143564
v -4.368326 7.530000 1.143564
v -4.439898 7.470000 1.341308
v -4.439898 7.530000 1.341308
v -4.491187 7.470000 1.301378
v -4.491187 7.530000 1.301378
v -4.900000 0.000000 1.700000
v -4.900000 0.300000 1.700000
v -4.900000 0.000000 -1.700000
v -4.900000 0.300000 -1.700000
v -4.600000 0.000000 1.700000
v -4.600000 0.300000 1.700000
v -4.600000 0.000000 -1.700000
v -4.600000 0.300000 -1.700000
v -7.100000 0.000000 -1.700000
v -7.100000 0.300000 -1.700000
v -7.100000 0.000000 1.700000
v -7.100000 0.300000 1.700000
v -7.400000 0.000000 -1.700000
v -7.400000 0.300000 -1.700000
v -7.400000 0.000000 1.700000
v -7.400000 0.300000 1.700000
v -3.367677 7.575000 0.752322
v -3.332322 7.575000 0.787678
v -3.341161 7.564952 0.725806
v -3.305806 7.564952 0.761161
v -3.321750 7.537500 0.706394
v -3.286394 7.537500 0.741750
v -3.314645 7.500000 0.699289
v -3.279289 7.500000 0.734645
v -3.321750 7.462500 0.706394
v -3.286394 7.462500 0.741750
v -3.341161 7.435048 0.725806
v -3.305806 7.435048 0.761161
v -3.367677 7.425000 0.752322
v -3.332322 7.425000 0.787678
v -3.394194 7.435048 0.778839
v -3.358839 7.435048 0.814194
v -3.413605 7.462500 0.798250
v -3.378250 7.462500 0.833606
v -3.420711 7.500000 0.805355
v -3.385355 7.500000 0.840711
v -3.413605 7.537500 0.798250
v -3.378250 7.537500 0.833606
v -3.394194 7.564952 0.778839
v -3.358839 7.564952 0.814194
v -3.372627 7.680000 0.770000
v -3.372627 7.540000 0.770000
v -3.348232 7.500000 0.718735
v -3.298735 7.500000 0.768232
v -3.361490 7.467524 0.731993
v -3.311993 7.467524 0.781490
v -3.388007 7.467524 0.758509
v -3.338509 7.467524 0.808007
v -3.401265 7.500000 0.771768
v -3.351768 7.500000 0.821265
v -3.388007 7.532476 0.758509
v -3.338509 7.532476 0.808007
v -3.361490 7.532476 0.731993
v -3.311993 7.532476 0.781490
v -3.350000 7.540000 0.747373
v -3.350000 7.680000 0.747373
v -3.350000 7.540000 0.792627
v -3.350000 7.680000 0.792627
v -3.327373 7.540000 0.770000
v -3.327373 7.680000 0.770000
v -7.400000 -0.009914 1.560513
v -7.400000 3.370984 -1.704381
v -7.400000 0.129017 1.704381
v -7.400000 3.509915 -1.560513
v -7.600000 -0.009914 1.560513
v -7.600000 3.370984 -1.704381
v -7.600000 0.129017 1.704381
v -7.600000 3.509915 -1.560513
v -7.400000 -0.009914 -1.560513
v -7.400000 3.370983 1.704381
v -7.400000 0.129017 -1.704381
v -7.400000 3.509915 1.560513
v -7.500000 -0.009914 -1.560513
v -7.500000 3.370983 1.704381
v -7.500000 0.129017 -1.704381
v -7.500000 3.509915 1.560513
v -7.500000 1.680534 -0.071934
v -7.500000 1.819466 0.071934
v -7.600000 1.819466 0.071934
v -7.600000 1.680534 -0.071934
v -7.400000 0.659530 1.192071
v -7.400000 0.520599 1.048203
v -7.600000 0.659530 1.192071
v -7.600000 0.520599 1.048203
v -7.400000 2.840470 -1.192071
v -7.400000 2.979401 -1.048203
v -7.600000 2.979401 -1.048203
v -7.600000 2.840470 -1.192071
v -7.600000 0.717527 1.136064
v -7.600000 0.578595 0.992196
v -7.500000 0.717527 1.136064
v -7.500000 0.578595 0.992196
v -7.500000 2.921405 -0.992196
v -7.600000 2.921405 -0.992196
v -7.600000 2.782473 -1.136064
v -7.500000 2.782473 -1.136064
v -3.367677 7.575000 -0.752322
v -3.332322 7.575000 -0.787678
v -3.341161 7.564952 -0.725806
v -3.305806 7.564952 -0.761161
v -3.321750 7.537500 -0.706394
v -3.286394 7.537500 -0.741750
v -3.314645 7.500000 -0.699289
v -3.279289 7.500000 -0.734645
v -3.321750 7.462500 -0.706394
v -3.286394 7.462500 -0.741750
v -3.341161 7.435048 -0.725806
v -3.305806 7.435048 -0.761161
v -3.367677 7.425000 -0.752322
v -3.332322 7.425000 -0.787678
v -3.394194 7.435048 -0.778839
v -3.358839 7.435048 -0.814194
v -3.413605 7.462500 -0.798250
v -3.378250 7.462500 -0.833606
v -3.420711 7.500000 -0.805355
v -3.385355 7.500000 -0.840711
v -3.413605 7.537500 -0.798250
v -3.378250 7.537500 -0.833606
v -3.394194 7.564952 -0.778839
v -3.358839 7.564952 -0.814194
v -3.372627 7.680000 -0.770000
v -3.372627 7.540000 -0.770000
v -3.348232 7.500000 -0.718735
v -3.298735 7.500000 -0.768232
v -3.361490 7.467524 -0.731993
v -3.311993 7.467524 -0.781490
v -3.388007 7.467524 -0.758509
v -3.338509 7.467524 -0.808007
v -3.401265 7.500000 -0.771768
v -3.351768 7.500000 -0.821265
v -3.388007 7.532476 -0.758509
v -3.338509 7.532476 -0.808007
v -3.361490 7.532476 -0.731993
v -3.311993 7.532476 -0.781490
v -3.350000 7.540000 -0.747373
v -3.350000 7.680000 -0.747373
v -3.350000 7.540000 -0.792627
v -3.350000 7.680000 -0.792627
v -3.327373 7.540000 -0.770000
v -3.327373 7.680000 -0.770000
v -4.440000 7.800000 1.360000
v -4.440000 3.800000 1.360000
v -4.640000 7.800000 1.560000
v -4.640000 3.800000 1.560000
v -4.470000 7.800000 1.330000
v -4.470000 3.800000 1.330000
v -4.670000 7.800000 1.530000
v -4.670000 3.800000 1.530000
v -6.000000 7.780000 -2.040200
v -6.000000 7.800001 -2.040200
v -5.219249 7.780000 -1.884899
v -5.219249 7.800001 -1.884899
v -4.557360 7.780000 -1.442639
v -4.557360 7.800001 -1.442639
v -4.115101 7.780000 -0.780751
v -4.115101 7.800001 -0.780751
v -3.959800 7.780000 0.000000
v -3.959800 7.800001 0.000000
v -4.115101 7.780000 0.780751
v -4.115101 7.800001 0.780751
v -4.557360 7.780000 1.442639
v -4.557360 7.800001 1.442639
v -5.219249 7.780000 1.884899
v -5.219249 7.800001 1.884899
v -6.000000 7.780000 2.040200
v -6.000000 7.800001 2.040200
v -6.780751 7.780000 1.884899
v -6.780751 7.800001 1.884899
v -7.442639 7.780000 1.442639
v -7.442639 7.800001 1.442639
v -7.884899 7.780000 0.780751
v -7.884899 7.800001 0.780751
v -8.040200 7.780000 0.000000
v -8.040200 7.800001 0.000000
v -7.884899 7.780000 -0.780751
v -7.884899 7.800001 -0.780751
v -7.442639 7.780000 -1.442639
v -7.442639 7.800001 -1.442639
v -6.780751 7.780000 -1.884899
v -6.780751 7.800001 -1.884899
v -4.470000 7.800000 1.390000
v -4.610000 7.800000 1.530000
v -4.610000 3.800000 1.530000
v -4.470000 3.800000 1.390000
v -4.640000 7.800000 1.500000
v -4.500000 7.800000 1.360000
v -4.500000 3.800000 1.360000
v -4.640000 3.800000 1.500000
v -4.609999 7.800000 1.590000
v -4.609999 3.800000 1.590000
v -4.579999 7.800000 1.560000
v -4.440000 3.800000 1.420000
v -4.409999 3.800000 1.390000
v -4.409999 7.800000 1.390000
v -4.440000 7.800000 1.420000
v -4.579999 3.800000 1.560000
vn -0.0000 -0.0000 -1.0000
vn 0.3827 -0.0000 -0.9239
vn 0.7071 -0.0000 -0.7071
vn 0.9239 -0.0000 -0.3827
vn 1.0000 -0.0000 -0.0000
vn 0.9239 -0.0000 0.3827
vn 0.7071 -0.0000 0.7071
vn 0.3827 -0.0000 0.9239
vn -0.0000 -0.0000 1.0000
vn -0.3827 -0.0000 0.9239
vn -0.7071 -0.0000 0.7071
vn -0.9239 -0.0000 0.3827
vn -1.0000 -0.0000 -0.0000
vn -0.9239 -0.0000 -0.3827
vn -0.7071 -0.0000 -0.7071
vn -0.3827 -0.0000 -0.9239
vn -0.0000 1.0000 -0.0000
vn -0.0000 -1.0000 -0.0000
vn -0.4209 0.8035 -0.4209
vn 0.5953 0.8035 -0.0000
vn -0.0000 0.8035 0.5953
vn -0.5953 0.8035 -0.0000
vn 0.4209 0.8035 -0.4209
vn 0.4209 0.8035 0.4209
vn -0.0000 0.8035 -0.5953
vn -0.4209 0.8035 0.4209
vn -0.0000 0.6947 -0.7193
vn -0.0000 -0.6947 0.7193
vn -0.0000 -0.7193 -0.6947
vn -0.0000 0.7193 0.6947
vn -0.0000 0.6947 0.7193
vn -0.0000 -0.6947 -0.7193
vn -0.0000 -0.7193 0.6947
vn -0.0000 0.7193 -0.6947
vn -0.6277 -0.5600 -0.5408
vn -0.6277 0.5600 0.5408
vn -0.0000 0.2588 -0.9659
vn -0.0000 0.7071 -0.7071
vn -0.0000 0.9659 -0.2588
vn -0.0000 0.9659 0.2588
vn -0.0000 0.7071 0.7071
vn -0.0000 0.2588 0.9659
vn -0.0000 -0.2588 0.9659
vn -0.0000 -0.7071 0.7071
vn -0.0000 -0.9659 0.2588
vn -0.0000 -0.9659 -0.2588
vn -0.0000 -0.7071 -0.7071
vn -0.0000 -0.2588 -0.9659
vn -0.0000 -0.9659 0.2589
vn 0.9864 -0.1643 -0.0002
vn 0.9864 -0.1641 -0.0003
vn 0.9864 -0.1646 -0.0013
vn 0.9865 -0.1640 -0.0000
vn 0.9865 -0.1640 -0.0002
vn 0.9864 -0.1643 -0.0001
vn 0.9864 -0.1645 -0.0000
vn 0.9864 -0.1642 -0.0000
vn 0.9864 -0.1643 -0.0000
vn 0.9864 -0.1642 -0.0002
vn 0.9864 -0.1645 -0.0002
vn -0.0000 -0.1961 -0.9806
vn -0.0000 0.1961 0.9806
vn -0.0000 0.8052 0.5929
vn 0.8535 0.4927 -0.1698
vn -0.8535 0.4927 0.1698
vn -0.8535 -0.4927 0.1698
vn 0.8535 -0.4927 -0.1698
vn 0.7235 0.4927 -0.4834
vn -0.7235 0.4927 0.4834
vn -0.7235 -0.4927 0.4834
vn 0.7235 -0.4927 -0.4834
vn 0.4834 0.4927 -0.7235
vn -0.4834 0.4928 0.7235
vn -0.4834 -0.4928 0.7235
vn 0.4834 -0.4927 -0.7235
vn 0.1698 0.4927 -0.8535
vn -0.1698 0.4927 0.8535
vn -0.1698 -0.4927 0.8535
vn 0.1698 -0.4927 -0.8535
vn -0.1698 0.4928 -0.8534
vn 0.1698 0.4927 0.8535
vn 0.1698 -0.4927 0.8535
vn -0.1698 -0.4928 -0.8534
vn -0.4834 0.4927 -0.7235
vn 0.4834 0.4927 0.7235
vn 0.4834 -0.4927 0.7235
vn -0.4834 -0.4927 -0.7235
vn -0.7235 0.4927 -0.4834
vn 0.7235 0.4927 0.4834
vn 0.7235 -0.4927 0.4834
vn -0.7235 -0.4927 -0.4834
vn -0.8534 0.4928 -0.1698
vn 0.8535 0.4927 0.1698
vn 0.8535 -0.4927 0.1698
vn -0.8535 -0.4927 -0.1698
vn -0.4834 0.4927 0.7235
vn -0.4834 -0.4927 0.7235
vn -0.1698 0.4928 0.8534
vn -0.1698 -0.4928 0.8534
vn -0.1698 0.4927 -0.8535
vn -0.1698 -0.4927 -0.8535
vn 0.4834 0.4928 0.7235
vn 0.4834 -0.4928 0.7235
vn 0.7235 0.4928 0.4834
vn -0.8535 0.4927 -0.1698
vn -0.7235 0.4928 0.4834
vn 0.4834 0.4928 -0.7235
vn 0.1698 0.4928 -0.8534
vn -0.1698 0.4928 0.8535
vn -0.7235 0.4928 -0.4834
vn -0.8534 -0.4928 -0.1698
vn 0.1698 0.4928 0.8534
vn -0.1698 0.4928 -0.8535
vn 0.8534 -0.4928 -0.1698
vn -0.7235 -0.4928 0.4834
vn 0.4834 -0.4928 -0.7235
vn -0.1698 -0.4928 0.8535
vn 0.1698 -0.4928 -0.8535
vn -0.8535 -0.4928 -0.1698
vn 0.7235 -0.4928 -0.4834
vn -0.1698 -0.4928 -0.8535
vn 0.1698 -0.4928 0.8534
vn -0.7235 -0.4928 -0.4834
vn 0.8534 -0.4928 0.1698
vn 0.1698 0.4928 -0.8535
vn -0.4835 -0.4927 -0.7235
vn 0.7235 -0.4927 0.4835
vn -0.8534 0.4928 0.1698
vn -0.4835 -0.4927 0.7235
vn 0.7235 0.4928 -0.4834
vn 0.8534 0.4928 0.1698
vn -0.7235 0.4927 0.4835
vn -0.6428 -0.0000 -0.7660
vn 0.7660 -0.0000 -0.6428
vn 0.6428 -0.0000 0.7660
vn -0.7660 -0.0000 0.6428
vn -0.8102 -0.0000 -0.5862
vn 0.5862 -0.0000 -0.8102
vn 0.8102 -0.0000 0.5862
vn -0.5862 -0.0000 0.8102
vn 0.7534 -0.0000 -0.6576
vn 0.6576 -0.0000 0.7534
vn -0.7534 -0.0000 0.6576
vn -0.6576 -0.0000 -0.7534
vn -0.1928 -0.0000 -0.9812
vn 0.9812 -0.0000 -0.1928
vn 0.1928 -0.0000 0.9812
vn -0.9812 -0.0000 0.1928
vn 0.6934 -0.0000 -0.7205
vn 0.7205 -0.0000 0.6934
vn -0.6934 -0.0000 0.7205
vn -0.7205 -0.0000 -0.6934
vn 0.9928 -0.0000 0.1202
vn -0.1202 -0.0000 0.9928
vn -0.9928 -0.0000 -0.1202
vn 0.1202 -0.0000 -0.9928
vn -0.3436 -0.0000 -0.9391
vn 0.9391 -0.0000 -0.3436
vn 0.3436 -0.0000 0.9391
vn -0.9391 -0.0000 0.3436
vn 0.6143 -0.0000 -0.7891
vn 0.7891 -0.0000 0.6143
vn -0.6143 -0.0000 0.7891
vn -0.7891 -0.0000 -0.6143
vn 0.1830 0.9659 -0.1830
vn 0.5000 0.7071 -0.5000
vn 0.6830 0.2588 -0.6830
vn 0.6830 -0.2588 -0.6830
vn 0.5000 -0.7071 -0.5000
vn 0.1830 -0.9659 -0.1830
vn -0.1830 -0.9659 0.1830
vn -0.5000 -0.7071 0.5000
vn -0.6830 -0.2588 0.6830
vn -0.6830 0.2588 0.6830
vn -0.5000 0.7071 0.5000
vn -0.1830 0.9659 0.1830
vn 0.1830 0.9659 0.1830
vn 0.6124 -0.5000 -0.6124
vn -0.6124 -0.5000 0.6124
vn -0.6124 0.5000 0.6124
vn 0.5000 0.7071 0.5000
vn 0.6124 0.5000 -0.6124
vn 0.6277 -0.5600 0.5408
vn 0.6277 0.5600 -0.5408
vn 0.6830 0.2588 0.6830
vn 0.6830 -0.2588 0.6830
vn 0.5000 -0.7071 0.5000
vn 0.1830 -0.9659 0.1830
vn -0.1830 -0.9659 -0.1830
vn -0.5000 -0.7071 -0.5000
vn -0.6830 -0.2588 -0.6830
vn -0.6830 0.2588 -0.6830
vn -0.5000 0.7071 -0.5000
vn -0.1830 0.9659 -0.1830
vn 0.6124 -0.5000 0.6124
vn -0.6124 -0.5000 -0.6124
vn -0.6124 0.5000 -0.6124
vn 0.6124 0.5000 0.6124
vt 1.000000 0.500000
vt 1.000000 1.000000
vt 0.937500 1.000000
vt 0.937500 0.500000
vt 0.875000 1.000000
vt 0.875000 0.500000
vt 0.812500 1.000000
vt 0.812500 0.500000
vt 0.750000 1.000000
vt 0.750000 0.500000
vt 0.687500 1.000000
vt 0.687500 0.500000
vt 0.625000 1.000000
vt 0.625000 0.500000
vt 0.562500 1.000000
vt 0.562500 0.500000
vt 0.500000 1.000000
vt 0.500000 0.500000
vt 0.437500 1.000000
vt 0.437500 0.500000
vt 0.375000 1.000000
vt 0.375000 0.500000
vt 0.312500 1.000000
vt 0.312500 0.500000
vt 0.250000 1.000000
vt 0.250000 0.500000
vt 0.187500 1.000000
vt 0.187500 0.500000
vt 0.125000 1.000000
vt 0.125000 0.500000
vt 0.062500 1.000000
vt 0.062500 0.500000
vt 0.000000 1.000000
vt 0.000000 0.500000
vt 0.341844 0.471731
vt 0.250000 0.490000
vt 0.158156 0.471731
vt 0.080294 0.419706
vt 0.028269 0.341844
vt 0.010000 0.250000
vt 0.028269 0.158156
vt 0.080294 0.080294
vt 0.158156 0.028269
vt 0.250000 0.010000
vt 0.341844 0.028269
vt 0.419706 0.080294
vt 0.471731 0.158156
vt 0.490000 0.250000
vt 0.471731 0.341844
vt 0.419706 0.419706
vt 0.750000 0.490000
vt 0.841844 0.471731
vt 0.919706 0.419706
vt 0.971731 0.341844
vt 0.990000 0.250000
vt 0.971731 0.158156
vt 0.919706 0.080294
vt 0.841844 0.028269
vt 0.750000 0.010000
vt 0.658156 0.028269
vt 0.580294 0.080294
vt 0.528269 0.158156
vt 0.510000 0.250000
vt 0.528269 0.341844
vt 0.580294 0.419706
vt 0.658156 0.471731
vt 0.375000 0.000000
vt 0.625000 0.000000
vt 0.625000 0.250000
vt 0.375000 0.250000
vt 0.625000 0.750000
vt 0.375000 0.750000
vt 0.914991 0.085009
vt 0.750000 0.016668
vt 0.585009 0.085009
vt 0.516668 0.250000
vt 0.585009 0.414991
vt 0.750000 0.483332
vt 0.914991 0.414991
vt 0.983332 0.250000
vt 0.125000 0.750000
vt 0.875000 0.750000
vt 0.918134 0.418134
vt 0.750000 0.487777
vt 0.581866 0.081866
vt 0.750000 0.012223
vt 0.987777 0.250000
vt 0.581866 0.418134
vt 0.512223 0.250000
vt 0.918134 0.081866
vt 0.593750 0.000000
vt 0.593750 0.250000
vt 0.593750 0.500000
vt 0.593750 0.750000
vt 0.593750 1.000000
vt 0.390625 0.250000
vt 0.390625 0.500000
vt 0.390625 0.000000
vt 0.390625 0.750000
vt 0.390625 1.000000
vt 0.392969 0.000000
vt 0.437500 0.000000
vt 0.437500 0.250000
vt 0.392969 0.250000
vt 0.392969 0.500000
vt 0.437500 0.750000
vt 0.392969 0.750000
vt 0.392969 1.000000
vt 0.589062 0.750000
vt 0.589062 1.000000
vt 0.589063 0.500000
vt 0.589063 0.250000
vt 0.589063 0.000000
vt 0.500000 0.000000
vt 0.500000 0.250000
vt 0.500000 0.750000
vt 1.000000 0.550000
vt 0.916667 1.000000
vt 0.916667 0.550000
vt 0.833333 1.000000
vt 0.833333 0.550000
vt 0.750000 1.000000
vt 0.750000 0.550000
vt 0.666667 1.000000
vt 0.666667 0.550000
vt 0.583333 1.000000
vt 0.583333 0.550000
vt 0.500000 1.000000
vt 0.500000 0.550000
vt 0.416667 1.000000
vt 0.416667 0.550000
vt 0.333333 1.000000
vt 0.333333 0.550000
vt 0.250000 1.000000
vt 0.250000 0.550000
vt 0.166667 1.000000
vt 0.166667 0.550000
vt 0.083333 1.000000
vt 0.083333 0.550000
vt 0.000000 1.000000
vt 0.000000 0.550000
vt 0.169892 0.536685
vt 0.913292 0.525053
vt 0.083333 0.537528
vt 0.166667 0.546658
vt 0.000000 0.525055
vt 0.750000 0.500000
vt 0.833333 0.503452
vt 0.916667 0.512582
vt 1.000000 0.525055
vt 0.583333 0.512500
vt 0.666667 0.503349
vt 0.333333 0.546651
vt 0.416667 0.537500
vt 0.500000 0.525000
vt 0.189200 0.545189
vt 0.740657 0.501711
vt 0.818740 0.504910
vt 0.894031 0.513422
vt 0.264499 0.548298
vt 0.581751 0.513344
vt 0.661484 0.504821
vt 0.342661 0.545181
vt 0.421965 0.536658
vt 0.501797 0.525001
vt 0.562500 0.666667
vt 0.500000 0.666667
vt 0.562500 0.833333
vt 0.500000 0.833333
vt 0.500000 -0.000000
vt 0.562500 -0.000000
vt 0.562500 0.166667
vt 0.500000 0.166667
vt 0.562500 0.333333
vt 0.500000 0.333333
vt 0.625000 0.666667
vt 0.625000 0.833333
vt 0.625000 -0.000000
vt 0.625000 0.166667
vt 0.625000 0.333333
vt 0.687500 0.666667
vt 0.687500 0.833333
vt 0.687500 -0.000000
vt 0.687500 0.166667
vt 0.687500 0.333333
vt 0.750000 0.666667
vt 0.750000 0.833333
vt 0.750000 -0.000000
vt 0.750000 0.166667
vt 0.750000 0.333333
vt 0.812500 0.666667
vt 0.812500 0.833333
vt 0.812500 -0.000000
vt 0.812500 0.166667
vt 0.812500 0.333333
vt 0.875000 0.666667
vt 0.875000 0.833333
vt 0.875000 -0.000000
vt 0.875000 0.166667
vt 0.875000 0.333333
vt 0.937500 0.666667
vt 0.937500 0.833333
vt 0.937500 -0.000000
vt 0.937500 0.166667
vt 0.937500 0.333333
vt 1.000000 0.666667
vt 1.000000 0.833333
vt 1.000000 -0.000000
vt 1.000000 0.166667
vt 1.000000 0.333333
vt 0.062500 0.666667
vt 0.000000 0.666667
vt 0.062500 0.833333
vt 0.000000 0.833333
vt 0.000000 -0.000000
vt 0.062500 -0.000000
vt 0.062500 0.166667
vt 0.000000 0.166667
vt 0.062500 0.333333
vt 0.000000 0.333333
vt 0.125000 0.666667
vt 0.125000 0.833333
vt 0.125000 -0.000000
vt 0.125000 0.166667
vt 0.125000 0.333333
vt 0.187500 0.666667
vt 0.187500 0.833333
vt 0.187500 -0.000000
vt 0.187500 0.166667
vt 0.187500 0.333333
vt 0.250000 0.666667
vt 0.250000 0.833333
vt 0.250000 -0.000000
vt 0.250000 0.166667
vt 0.250000 0.333333
vt 0.312500 0.666667
vt 0.312500 0.833333
vt 0.312500 -0.000000
vt 0.312500 0.166667
vt 0.312500 0.333333
vt 0.375000 0.666667
vt 0.375000 0.833333
vt 0.375000 -0.000000
vt 0.375000 0.166667
vt 0.375000 0.333333
vt 0.437500 0.666667
vt 0.437500 0.833333
vt 0.437500 -0.000000
vt 0.437500 0.166667
vt 0.437500 0.333333
vt 0.916667 0.500000
vt 0.833333 0.500000
vt 0.666667 0.500000
vt 0.583333 0.500000
vt 0.500000 0.500000
vt 0.416667 0.500000
vt 0.333333 0.500000
vt 0.250000 0.500000
vt 0.166667 0.500000
vt 0.370000 0.457846
vt 0.130000 0.457846
vt 0.042154 0.370000
vt 0.042154 0.130000
vt 0.130000 0.042154
vt 0.370000 0.042154
vt 0.457846 0.130000
vt 0.457846 0.370000
vt 0.083333 0.500000
vt 0.000000 0.500000
vt 0.870000 0.457846
vt 0.957846 0.370000
vt 0.957846 0.130000
vt 0.870000 0.042154
vt 0.630000 0.042154
vt 0.542154 0.130000
vt 0.542154 0.370000
vt 0.630000 0.457846
vt 0.833333 1.000000
vt 0.833333 0.500000
vt 0.666667 1.000000
vt 0.666667 0.500000
vt 0.500000 1.000000
vt 0.500000 0.500000
vt 0.333333 1.000000
vt 0.333333 0.500000
vt 0.042154 0.370000
vt 0.042154 0.130000
vt 0.250000 0.010000
vt 0.457846 0.130000
vt 0.166667 1.000000
vt 0.166667 0.500000
vt -0.000000 1.000000
vt -0.000000 0.500000
vt 0.957846 0.130000
vt 0.750000 0.010000
vt 0.542154 0.130000
vt 0.625000 0.166667
vt 0.375000 0.416667
vt 0.625000 0.416667
vt 0.375000 0.083333
vt 0.625000 0.666667
vt 0.875000 0.666667
vt 0.875000 0.583333
vt 0.625000 0.583333
vt 0.375000 0.916667
vt 0.625000 0.916667
vt 0.625000 0.333333
vt 0.375000 0.333333
vt 0.625000 0.083333
s 1
f 1/1/1 2/2/1 4/3/2 3/4/2
f 3/4/2 4/3/2 6/5/3 5/6/3
f 5/6/3 6/5/3 8/7/4 7/8/4
f 7/8/4 8/7/4 10/9/5 9/10/5
f 9/10/5 10/9/5 12/11/6 11/12/6
f 11/12/6 12/11/6 14/13/7 13/14/7
f 13/14/7 14/13/7 16/15/8 15/16/8
f 15/16/8 16/15/8 18/17/9 17/18/9
f 17/18/9 18/17/9 20/19/10 19/20/10
f 19/20/10 20/19/10 22/21/11 21/22/11
f 21/22/11 22/21/11 24/23/12 23/24/12
f 23/24/12 24/23/12 26/25/13 25/26/13
f 25/26/13 26/25/13 28/27/14 27/28/14
f 27/28/14 28/27/14 30/29/15 29/30/15
f 29/30/15 30/29/15 32/31/16 31/32/16
f 31/32/16 32/31/16 2/33/1 1/34/1
f 33/1/1 34/2/1 36/3/2 35/4/2
f 35/4/2 36/3/2 38/5/3 37/6/3
f 37/6/3 38/5/3 40/7/4 39/8/4
f 39/8/4 40/7/4 42/9/5 41/10/5
f 41/10/5 42/9/5 44/11/6 43/12/6
f 43/12/6 44/11/6 46/13/7 45/14/7
f 45/14/7 46/13/7 48/15/8 47/16/8
f 47/16/8 48/15/8 50/17/9 49/18/9
f 49/18/9 50/17/9 52/19/10 51/20/10
f 51/20/10 52/19/10 54/21/11 53/22/11
f 53/22/11 54/21/11 56/23/12 55/24/12
f 55/24/12 56/23/12 58/25/13 57/26/13
f 57/26/13 58/25/13 60/27/14 59/28/14
f 59/28/14 60/27/14 62/29/15 61/30/15
f 36/35/17 34/36/17 64/37/17 62/38/17 60/39/17 58/40/17 56/41/17 54/42/17 52/43/17 50/44/17 48/45/17 46/46/17 44/47/17 42/48/17 40/49/17 38/50/17
f 61/30/15 62/29/15 64/31/16 63/32/16
f 63/32/16 64/31/16 34/33/1 33/34/1
f 33/51/18 35/52/18 37/53/18 39/54/18 41/55/18 43/56/18 45/57/18 47/58/18 49/59/18 51/60/18 53/61/18 55/62/18 57/63/18 59/64/18 61/65/18 63/66/18
s 0
f 66/1/19 65/5/19 80/6/19
f 84/67/1 85/68/1 89/69/1 88/70/1
f 78/18/3 76/22/3 110/22/3 107/18/3
f 80/26/1 78/30/1 107/30/1 106/26/1
f 76/6/5 74/10/5 113/10/5 110/6/5
f 76/6/20 65/9/20 74/10/20
f 72/10/9 70/14/9 109/14/9 108/10/9
f 72/10/21 65/13/21 70/14/21
f 84/70/18 88/69/18 86/14/18 81/22/18
f 68/14/22 65/17/22 66/18/22
f 88/22/5 89/14/5 87/71/5 86/72/5
f 70/30/11 68/34/11 111/34/11 109/30/11
f 68/14/13 66/18/13 112/18/13 111/14/13
f 66/1/15 80/6/15 106/6/15 112/1/15
f 78/18/23 65/21/23 76/22/23
f 75/73/18 73/74/18 71/75/18 69/76/18 79/77/18 77/78/18 82/79/18 67/80/18
f 74/22/24 65/25/24 72/26/24
f 89/72/17 85/71/17 83/13/17 87/21/17
f 81/30/13 83/22/13 85/72/13 84/81/13
f 86/14/9 87/6/9 83/82/9 81/71/9
f 80/26/25 65/29/25 78/30/25
f 92/70/18 96/69/18 94/14/18 90/22/18
f 70/30/26 65/33/26 68/34/26
f 92/67/1 93/68/1 97/69/1 96/70/1
f 74/22/7 72/26/7 108/26/7 113/22/7
f 96/22/5 97/14/5 95/71/5 94/72/5
f 97/72/17 93/71/17 91/13/17 95/21/17
f 90/30/13 91/22/13 93/72/13 92/81/13
f 94/14/9 95/6/9 91/82/9 90/71/9
f 100/70/18 104/69/18 102/14/18 98/22/18
f 100/67/1 101/68/1 105/69/1 104/70/1
f 104/22/5 105/14/5 103/71/5 102/72/5
f 105/72/17 101/71/17 99/13/17 103/21/17
f 98/30/13 99/22/13 101/72/13 100/81/13
f 102/14/9 103/6/9 99/82/9 98/71/9
f 115/83/18 114/84/18 106/51/18 107/53/18
f 117/85/18 116/86/18 108/59/18 109/61/18
f 118/87/18 115/83/18 107/53/18 110/55/18
f 120/88/18 119/89/18 111/63/18 112/65/18
f 121/90/18 118/87/18 110/55/18 113/57/18
f 119/89/18 117/85/18 109/61/18 111/63/18
f 116/86/18 121/90/18 113/57/18 108/59/18
f 114/84/18 120/88/18 112/65/18 106/51/18
f 71/75/1 73/74/1 132/74/1 133/75/1
f 115/83/3 118/87/3 126/87/3 123/83/3
f 82/79/9 77/78/9 130/78/9 131/79/9
f 116/86/9 117/85/9 125/85/9 124/86/9
f 77/78/7 79/77/7 136/77/7 130/78/7
f 114/84/1 115/83/1 123/83/1 122/84/1
f 73/74/15 75/73/15 137/73/15 132/74/15
f 120/88/15 114/84/15 122/84/15 128/88/15
f 131/79/18 130/78/18 122/84/18 123/83/18
f 133/75/18 132/74/18 124/86/18 125/85/18
f 134/80/18 131/79/18 123/83/18 126/87/18
f 136/77/18 135/76/18 127/89/18 128/88/18
f 137/73/18 134/80/18 126/87/18 129/90/18
f 135/76/18 133/75/18 125/85/18 127/89/18
f 132/74/18 137/73/18 129/90/18 124/86/18
f 130/78/18 136/77/18 128/88/18 122/84/18
f 119/89/13 120/88/13 128/88/13 127/89/13
f 67/80/11 82/79/11 131/79/11 134/80/11
f 118/87/5 121/90/5 129/90/5 126/87/5
f 79/77/5 69/76/5 135/76/5 136/77/5
f 117/85/11 119/89/11 127/89/11 125/85/11
f 75/73/13 67/80/13 134/80/13 137/73/13
f 121/90/7 116/86/7 124/86/7 129/90/7
f 69/76/3 71/75/3 133/75/3 135/76/3
f 138/67/13 139/68/13 141/69/13 140/70/13
f 140/70/1 141/69/1 145/14/1 144/22/1
f 144/22/5 145/14/5 143/71/5 142/72/5
f 142/72/9 143/71/9 139/13/9 138/21/9
f 140/30/18 144/22/18 142/72/18 138/81/18
f 145/14/17 141/6/17 139/82/17 143/71/17
f 146/67/13 147/68/13 149/69/13 148/70/13
f 148/70/1 149/69/1 153/14/1 152/22/1
f 152/22/5 153/14/5 151/71/5 150/72/5
f 150/72/9 151/71/9 147/13/9 146/21/9
f 148/30/18 152/22/18 150/72/18 146/81/18
f 153/14/17 149/6/17 147/82/17 151/71/17
f 154/67/13 155/68/13 157/69/13 156/70/13
f 156/70/1 157/69/1 161/14/1 160/22/1
f 160/22/5 161/14/5 159/71/5 158/72/5
f 158/72/9 159/71/9 155/13/9 154/21/9
f 156/30/18 160/22/18 158/72/18 154/81/18
f 161/14/17 157/6/17 155/82/17 159/71/17
f 162/67/13 163/68/13 165/69/13 164/70/13
f 164/70/1 165/69/1 169/14/1 168/22/1
f 168/22/5 169/14/5 167/71/5 166/72/5
f 166/72/9 167/71/9 163/13/9 162/21/9
f 164/30/18 168/22/18 166/72/18 162/81/18
f 169/14/17 165/6/17 163/82/17 167/71/17
f 170/67/13 171/68/13 173/69/13 172/70/13
f 172/70/1 173/69/1 177/14/1 176/22/1
f 176/22/5 177/14/5 175/71/5 174/72/5
f 174/72/9 175/71/9 171/13/9 170/21/9
f 172/30/18 176/22/18 174/72/18 170/81/18
f 177/14/17 173/6/17 171/82/17 175/71/17
f 178/67/13 179/68/13 181/69/13 180/70/13
f 180/70/1 181/69/1 185/14/1 184/22/1
f 184/22/5 185/14/5 183/71/5 182/72/5
f 182/72/9 183/71/9 179/13/9 178/21/9
f 180/30/18 184/22/18 182/72/18 178/81/18
f 185/14/17 181/6/17 179/82/17 183/71/17
f 196/70/1 197/69/1 201/14/1 200/22/1
f 188/70/18 192/69/18 190/14/18 186/22/18
f 192/22/5 193/14/5 191/71/5 190/72/5
f 193/72/17 189/71/17 187/13/17 191/21/17
f 186/30/13 187/22/13 189/72/13 188/81/13
f 194/67/13 195/68/13 197/69/13 196/70/13
f 200/22/5 201/14/5 199/71/5 198/72/5
f 198/72/9 199/71/9 195/13/9 194/21/9
f 196/30/18 200/22/18 198/72/18 194/81/18
f 201/14/17 197/6/17 195/82/17 199/71/17
f 226/91/13 203/68/13 205/69/13 227/92/13
f 227/92/27 205/69/27 209/14/27 228/93/27
f 228/93/5 209/14/5 207/71/5 229/94/5
f 229/94/28 207/71/28 203/13/28 226/95/28
f 204/30/29 208/22/29 206/72/29 202/81/29
f 209/14/30 205/6/30 203/82/30 207/71/30
f 210/67/13 212/70/13 213/69/13 211/68/13
f 212/70/31 216/22/31 217/14/31 213/69/31
f 216/22/5 214/72/5 215/71/5 217/14/5
f 214/72/32 210/21/32 211/13/32 215/71/32
f 212/30/33 210/81/33 214/72/33 216/22/33
f 217/14/34 215/71/34 211/82/34 213/6/34
f 204/70/27 222/96/27 224/97/27 208/22/27
f 202/67/13 223/98/13 222/96/13 204/70/13
f 208/22/5 224/97/5 225/99/5 206/72/5
f 206/72/28 225/99/28 223/100/28 202/21/28
f 233/101/13 218/102/13 219/103/13 232/104/13
f 232/104/27 219/103/27 220/20/27 230/105/27
f 230/105/5 220/20/5 221/106/5 231/107/5
f 231/107/28 221/106/28 218/19/28 233/108/28
f 236/109/28 229/94/28 226/95/28 237/110/28
f 235/111/5 228/93/5 229/94/5 236/109/5
f 234/112/27 227/92/27 228/93/27 235/111/27
f 237/113/35 226/91/35 227/92/35 234/112/35
f 225/99/28 231/107/28 233/108/28 223/100/28
f 224/97/5 230/105/5 231/107/5 225/99/5
f 222/96/27 232/104/27 230/105/27 224/97/27
f 223/98/36 233/101/36 232/104/36 222/96/36
f 218/114/13 237/113/13 234/112/13 219/115/13
f 219/115/27 234/112/27 235/111/27 220/18/27
f 220/18/5 235/111/5 236/109/5 221/116/5
f 221/116/28 236/109/28 237/110/28 218/17/28
f 238/67/13 240/70/13 241/69/13 239/68/13
f 240/70/9 244/22/9 245/14/9 241/69/9
f 244/22/5 242/72/5 243/71/5 245/14/5
f 242/72/1 238/21/1 239/13/1 243/71/1
f 240/30/18 238/81/18 242/72/18 244/22/18
f 245/14/17 243/71/17 239/82/17 241/6/17
f 246/67/13 248/70/13 249/69/13 247/68/13
f 248/70/9 252/22/9 253/14/9 249/69/9
f 252/22/5 250/72/5 251/71/5 253/14/5
f 250/72/1 246/21/1 247/13/1 251/71/1
f 248/30/18 246/81/18 250/72/18 252/22/18
f 253/14/17 251/71/17 247/82/17 249/6/17
f 254/67/13 256/70/13 257/69/13 255/68/13
f 256/70/9 260/22/9 261/14/9 257/69/9
f 260/22/5 258/72/5 259/71/5 261/14/5
f 258/72/1 254/21/1 255/13/1 259/71/1
f 256/30/18 254/81/18 258/72/18 260/22/18
f 261/14/17 259/71/17 255/82/17 257/6/17
f 262/67/13 264/70/13 265/69/13 263/68/13
f 264/70/9 268/22/9 269/14/9 265/69/9
f 268/22/5 266/72/5 267/71/5 269/14/5
f 266/72/1 262/21/1 263/13/1 267/71/1
f 264/30/18 262/81/18 266/72/18 268/22/18
f 269/14/17 267/71/17 263/82/17 265/6/17
f 283/117/37 270/2/37 271/118/37 284/119/37
f 284/119/38 271/118/38 272/120/38 285/121/38
f 285/121/39 272/120/39 274/122/39 286/123/39
f 286/123/40 274/122/40 275/124/40 287/125/40
f 287/125/41 275/124/41 276/126/41 288/127/41
f 288/127/42 276/126/42 277/128/42 289/129/42
f 289/129/43 277/128/43 278/130/43 290/131/43
f 290/131/44 278/130/44 279/132/44 291/133/44
f 291/133/45 279/132/45 280/134/45 311/135/45
f 311/135/46 280/134/46 281/136/46 293/137/46
f 293/137/47 281/136/47 282/138/47 294/139/47
f 294/139/48 282/138/48 270/140/48 283/141/48
f 296/142/42 295/143/42 319/143/42 317/142/42
f 305/144/47 306/145/47 293/137/47 294/139/47
f 307/146/48 305/144/48 294/139/48 283/141/48
f 308/147/39 309/148/39 285/121/39 286/123/39
f 309/148/38 310/149/38 284/119/38 285/121/38
f 310/149/37 307/150/37 283/117/37 284/119/37
f 306/145/46 311/135/46 293/137/46
f 313/151/41 312/152/41 287/125/41 288/127/41
f 311/135/49 314/153/49 291/133/49
f 312/152/40 308/147/40 286/123/40 287/125/40
f 314/153/44 315/154/44 290/131/44 291/133/44
f 315/154/43 316/155/43 289/129/43 290/131/43
f 316/155/42 313/151/42 288/127/42 289/129/42
f 296/142/50 297/156/50 306/145/50 305/144/50
f 295/143/51 296/142/51 305/144/51 307/150/51
f 273/157/52 298/158/52 309/148/52 308/147/52
f 298/158/53 299/159/53 310/149/53 309/148/53
f 299/159/54 295/143/54 307/150/54 310/149/54
f 297/156/55 292/160/55 311/135/55 306/145/55
f 303/161/56 304/162/56 312/152/56 313/151/56
f 292/160/57 300/163/57 314/153/57 311/135/57
f 304/162/58 273/157/58 308/147/58 312/152/58
f 300/163/59 301/164/59 315/154/59 314/153/59
f 301/164/50 302/165/50 316/155/50 315/154/50
f 302/165/60 303/161/60 313/151/60 316/155/60
f 318/156/5 317/142/5 319/143/5 322/159/5 321/158/5 320/157/5 324/162/5 325/161/5 328/165/5 327/164/5 326/163/5 323/160/5
f 273/157/46 304/162/46 324/162/46 320/157/46
f 292/160/40 297/156/40 318/156/40 323/160/40
f 298/158/45 273/157/45 320/157/45 321/158/45
f 301/164/38 300/163/38 326/163/38 327/164/38
f 304/162/47 303/161/47 325/161/47 324/162/47
f 299/159/44 298/158/44 321/158/44 322/159/44
f 302/165/37 301/164/37 327/164/37 328/165/37
f 297/156/41 296/142/41 317/142/41 318/156/41
f 300/163/39 292/160/39 323/160/39 326/163/39
f 295/143/43 299/159/43 322/159/43 319/143/43
f 303/161/48 302/165/48 328/165/48 325/161/48
f 331/70/18 335/69/18 333/14/18 329/22/18
f 335/22/5 336/14/5 334/71/5 333/72/5
f 336/72/17 332/71/17 330/13/17 334/21/17
f 329/30/13 330/22/13 332/72/13 331/81/13
f 345/30/13 347/81/13 348/72/13 346/22/13
f 343/22/5 344/14/5 342/71/5 341/72/5
f 351/22/5 349/72/5 350/71/5 352/14/5
f 337/30/13 338/22/13 340/72/13 339/81/13
f 339/70/1 340/71/1 344/14/1 343/69/1
f 347/70/9 351/69/9 352/14/9 348/71/9
f 353/67/13 354/68/13 356/69/13 355/70/13
f 355/70/1 356/69/1 360/14/1 359/22/1
f 359/22/5 360/14/5 358/71/5 357/72/5
f 357/72/9 358/71/9 354/13/9 353/21/9
f 355/30/18 359/22/18 357/72/18 353/81/18
f 360/14/17 356/6/17 354/82/17 358/71/17
f 361/67/5 362/68/5 364/69/5 363/70/5
f 363/70/9 364/69/9 368/14/9 367/22/9
f 367/22/13 368/14/13 366/71/13 365/72/13
f 365/72/1 366/71/1 362/13/1 361/21/1
f 363/30/18 367/22/18 365/72/18 361/81/18
f 368/14/17 364/6/17 362/82/17 366/71/17
f 369/67/5 370/68/5 372/69/5 371/70/5
f 371/70/9 372/69/9 376/14/9 375/22/9
f 375/22/13 376/14/13 374/71/13 373/72/13
f 373/72/1 374/71/1 370/13/1 369/21/1
f 371/30/18 375/22/18 373/72/18 369/81/18
f 376/14/17 372/6/17 370/82/17 374/71/17
f 379/70/9 380/69/9 384/14/9 383/22/9
f 377/67/5 378/68/5 380/69/5 379/70/5
f 383/22/13 384/14/13 382/71/13 381/72/13
f 381/72/1 382/71/1 378/13/1 377/21/1
f 379/30/18 383/22/18 381/72/18 377/81/18
f 384/14/17 380/6/17 378/82/17 382/71/17
f 385/67/13 386/68/13 388/69/13 387/70/13
f 387/70/61 388/69/61 392/14/61 391/22/61
f 391/22/5 392/14/5 390/71/5 389/72/5
f 389/72/62 390/71/62 386/13/62 385/21/62
f 396/69/13 394/68/13 429/68/13 430/69/13
f 393/67/13 394/68/13 396/69/13 395/70/13
f 395/70/61 396/69/61 400/14/61 399/22/61
f 399/22/5 400/14/5 398/71/5 397/72/5
f 397/72/62 398/71/62 394/13/62 393/21/62
f 392/14/61 388/69/61 426/69/61 427/14/61
f 401/67/13 402/68/13 404/69/13 403/70/13
f 409/67/13 410/68/13 412/69/13 411/70/13
f 407/22/5 408/14/5 406/71/5 405/72/5
f 405/72/9 406/71/9 402/13/9 401/21/9
f 403/30/18 407/22/18 405/72/18 401/81/18
f 408/14/17 404/6/17 402/82/17 406/71/17
f 415/22/5 416/14/5 414/71/5 413/72/5
f 413/72/9 414/71/9 410/13/9 409/21/9
f 411/30/18 415/22/18 413/72/18 409/81/18
f 416/14/17 412/6/17 410/82/17 414/71/17
f 417/67/13 418/68/13 420/69/13 419/70/13
f 419/70/61 420/69/61 424/14/61 423/22/61
f 423/22/5 424/14/5 422/71/5 421/72/5
f 421/72/62 422/71/62 418/13/62 417/21/62
f 419/30/18 423/22/18 421/72/18 417/81/18
f 424/14/17 420/6/17 418/82/17 422/71/17
f 445/72/9 446/71/9 442/13/9 441/21/9
f 447/22/5 448/14/5 446/71/5 445/72/5
f 394/13/62 398/71/62 432/71/62 429/13/62
f 390/71/5 392/14/5 427/14/5 428/71/5
f 400/14/61 396/69/61 430/69/61 431/14/61
f 388/69/13 386/68/13 425/68/13 426/69/13
f 386/13/62 390/71/62 428/71/62 425/13/62
f 398/71/5 400/14/5 431/14/5 432/71/5
f 433/67/13 434/68/13 436/69/13 435/70/13
f 441/67/13 442/68/13 444/69/13 443/70/13
f 439/22/5 440/14/5 438/71/5 437/72/5
f 437/72/9 438/71/9 434/13/9 433/21/9
f 435/30/18 439/22/18 437/72/18 433/81/18
f 440/14/17 436/6/17 434/82/17 438/71/17
f 443/30/18 447/22/18 445/72/18 441/81/18
f 448/14/17 444/6/17 442/82/17 446/71/17
f 449/67/13 450/68/13 452/69/13 451/70/13
f 451/70/1 452/69/1 456/14/1 455/22/1
f 455/22/5 456/14/5 454/71/5 453/72/5
f 453/72/9 454/71/9 450/13/9 449/21/9
f 456/14/63 452/6/63 450/82/63 454/71/63
f 457/18/64 463/16/64 464/166/64 458/167/64
f 458/167/17 464/166/17 465/168/17 459/169/17
f 459/169/65 465/168/65 466/15/65 460/17/65
f 460/170/66 466/171/66 467/172/66 461/173/66
f 461/173/18 467/172/18 468/174/18 462/175/18
f 462/175/67 468/174/67 463/16/67 457/18/67
f 463/16/68 469/14/68 470/176/68 464/166/68
f 464/166/17 470/176/17 471/177/17 465/168/17
f 465/168/69 471/177/69 472/13/69 466/15/69
f 466/171/70 472/178/70 473/179/70 467/172/70
f 467/172/18 473/179/18 474/180/18 468/174/18
f 468/174/71 474/180/71 469/14/71 463/16/71
f 469/14/72 475/12/72 476/181/72 470/176/72
f 470/176/17 476/181/17 477/182/17 471/177/17
f 471/177/73 477/182/73 478/11/73 472/13/73
f 472/178/74 478/183/74 479/184/74 473/179/74
f 473/179/18 479/184/18 480/185/18 474/180/18
f 474/180/75 480/185/75 475/12/75 469/14/75
f 475/12/76 481/10/76 482/186/76 476/181/76
f 476/181/17 482/186/17 483/187/17 477/182/17
f 477/182/77 483/187/77 484/9/77 478/11/77
f 478/183/78 484/188/78 485/189/78 479/184/78
f 479/184/18 485/189/18 486/190/18 480/185/18
f 480/185/79 486/190/79 481/10/79 475/12/79
f 481/10/80 487/8/80 488/191/80 482/186/80
f 482/186/17 488/191/17 489/192/17 483/187/17
f 483/187/81 489/192/81 490/7/81 484/9/81
f 484/188/82 490/193/82 491/194/82 485/189/82
f 485/189/18 491/194/18 492/195/18 486/190/18
f 486/190/83 492/195/83 487/8/83 481/10/83
f 487/8/84 493/6/84 494/196/84 488/191/84
f 488/191/17 494/196/17 495/197/17 489/192/17
f 489/192/85 495/197/85 496/5/85 490/7/85
f 490/193/86 496/198/86 497/199/86 491/194/86
f 491/194/18 497/199/18 498/200/18 492/195/18
f 492/195/87 498/200/87 493/6/87 487/8/87
f 493/6/88 499/4/88 500/201/88 494/196/88
f 494/196/17 500/201/17 501/202/17 495/197/17
f 495/197/89 501/202/89 502/3/89 496/5/89
f 496/198/90 502/203/90 503/204/90 497/199/90
f 497/199/18 503/204/18 504/205/18 498/200/18
f 498/200/91 504/205/91 499/4/91 493/6/91
f 499/4/92 505/1/92 506/206/92 500/201/92
f 500/201/17 506/206/17 507/207/17 501/202/17
f 501/202/93 507/207/93 508/2/93 502/3/93
f 502/203/94 508/208/94 509/209/94 503/204/94
f 503/204/18 509/209/18 510/210/18 504/205/18
f 504/205/95 510/210/95 505/1/95 499/4/95
f 505/34/65 511/32/65 512/211/65 506/212/65
f 506/212/17 512/211/17 513/213/17 507/214/17
f 507/214/64 513/213/64 514/31/64 508/33/64
f 508/215/67 514/216/67 515/217/67 509/218/67
f 509/218/18 515/217/18 516/219/18 510/220/18
f 510/220/66 516/219/66 511/32/66 505/34/66
f 511/32/69 517/30/69 518/221/69 512/211/69
f 512/211/17 518/221/17 519/222/17 513/213/17
f 513/213/68 519/222/68 520/29/68 514/31/68
f 514/216/71 520/223/71 521/224/71 515/217/71
f 515/217/18 521/224/18 522/225/18 516/219/18
f 516/219/70 522/225/70 517/30/70 511/32/70
f 517/30/96 523/28/96 524/226/96 518/221/96
f 518/221/17 524/226/17 525/227/17 519/222/17
f 519/222/72 525/227/72 526/27/72 520/29/72
f 520/223/75 526/228/75 527/229/75 521/224/75
f 521/224/18 527/229/18 528/230/18 522/225/18
f 522/225/97 528/230/97 523/28/97 517/30/97
f 523/28/98 529/26/98 530/231/98 524/226/98
f 524/226/17 530/231/17 531/232/17 525/227/17
f 525/227/76 531/232/76 532/25/76 526/27/76
f 526/228/79 532/233/79 533/234/79 527/229/79
f 527/229/18 533/234/18 534/235/18 528/230/18
f 528/230/99 534/235/99 529/26/99 523/28/99
f 529/26/81 535/24/81 536/236/81 530/231/81
f 530/231/17 536/236/17 537/237/17 531/232/17
f 531/232/100 537/237/100 538/23/100 532/25/100
f 532/233/101 538/238/101 539/239/101 533/234/101
f 533/234/18 539/239/18 540/240/18 534/235/18
f 534/235/82 540/240/82 535/24/82 529/26/82
f 535/24/102 541/22/102 542/241/102 536/236/102
f 536/236/17 542/241/17 543/242/17 537/237/17
f 537/237/84 543/242/84 544/21/84 538/23/84
f 538/238/87 544/243/87 545/244/87 539/239/87
f 539/239/18 545/244/18 546/245/18 540/240/18
f 540/240/103 546/245/103 541/22/103 535/24/103
f 541/22/104 547/20/104 548/246/104 542/241/104
f 542/241/17 548/246/17 549/247/17 543/242/17
f 543/242/88 549/247/88 550/19/88 544/21/88
f 544/243/91 550/248/91 551/249/91 545/244/91
f 545/244/18 551/249/18 552/250/18 546/245/18
f 546/245/90 552/250/90 547/20/90 541/22/90
f 547/20/93 457/18/93 458/167/93 548/246/93
f 548/246/17 458/167/17 459/169/17 549/247/17
f 549/247/105 459/169/105 460/17/105 550/19/105
f 550/248/95 460/170/95 461/173/95 551/249/95
f 551/249/18 461/173/18 462/175/18 552/250/18
f 552/250/94 462/175/94 457/18/94 547/20/94
f 553/18/64 559/16/64 560/166/64 554/167/64
f 554/167/17 560/166/17 561/168/17 555/169/17
f 555/169/65 561/168/65 562/15/65 556/17/65
f 556/170/66 562/171/66 563/172/66 557/173/66
f 557/173/18 563/172/18 564/174/18 558/175/18
f 558/175/67 564/174/67 559/16/67 553/18/67
f 559/16/68 565/14/68 566/176/68 560/166/68
f 560/166/17 566/176/17 567/177/17 561/168/17
f 561/168/106 567/177/106 568/13/106 562/15/106
f 562/171/70 568/178/70 569/179/70 563/172/70
f 563/172/18 569/179/18 570/180/18 564/174/18
f 564/174/71 570/180/71 565/14/71 559/16/71
f 565/14/107 571/12/107 572/181/107 566/176/107
f 566/176/17 572/181/17 573/182/17 567/177/17
f 567/177/73 573/182/73 574/11/73 568/13/73
f 568/178/74 574/183/74 575/184/74 569/179/74
f 569/179/18 575/184/18 576/185/18 570/180/18
f 570/180/75 576/185/75 571/12/75 565/14/75
f 571/12/108 577/10/108 578/186/108 572/181/108
f 572/181/17 578/186/17 579/187/17 573/182/17
f 573/182/109 579/187/109 580/9/109 574/11/109
f 574/183/78 580/188/78 581/189/78 575/184/78
f 575/184/18 581/189/18 582/190/18 576/185/18
f 576/185/79 582/190/79 577/10/79 571/12/79
f 577/10/80 583/8/80 584/191/80 578/186/80
f 578/186/17 584/191/17 585/192/17 579/187/17
f 579/187/81 585/192/81 586/7/81 580/9/81
f 580/188/82 586/193/82 587/194/82 581/189/82
f 581/189/18 587/194/18 588/195/18 582/190/18
f 582/190/83 588/195/83 583/8/83 577/10/83
f 583/8/84 589/6/84 590/196/84 584/191/84
f 584/191/17 590/196/17 591/197/17 585/192/17
f 585/192/102 591/197/102 592/5/102 586/7/102
f 586/193/86 592/198/86 593/199/86 587/194/86
f 587/194/18 593/199/18 594/200/18 588/195/18
f 588/195/87 594/200/87 589/6/87 583/8/87
f 589/6/110 595/4/110 596/201/110 590/196/110
f 590/196/17 596/201/17 597/202/17 591/197/17
f 591/197/89 597/202/89 598/3/89 592/5/89
f 592/198/90 598/203/90 599/204/90 593/199/90
f 593/199/18 599/204/18 600/205/18 594/200/18
f 594/200/91 600/205/91 595/4/91 589/6/91
f 595/4/92 601/1/92 602/206/92 596/201/92
f 596/201/17 602/206/17 603/207/17 597/202/17
f 597/202/93 603/207/93 604/2/93 598/3/93
f 598/203/94 604/208/94 605/209/94 599/204/94
f 599/204/18 605/209/18 606/210/18 600/205/18
f 600/205/111 606/210/111 601/1/111 595/4/111
f 601/34/65 607/32/65 608/211/65 602/212/65
f 602/212/17 608/211/17 609/213/17 603/214/17
f 603/214/64 609/213/64 610/31/64 604/33/64
f 604/215/67 610/216/67 611/217/67 605/218/67
f 605/218/18 611/217/18 612/219/18 606/220/18
f 606/220/66 612/219/66 607/32/66 601/34/66
f 607/32/69 613/30/69 614/221/69 608/211/69
f 608/211/17 614/221/17 615/222/17 609/213/17
f 609/213/68 615/222/68 616/29/68 610/31/68
f 610/216/71 616/223/71 617/224/71 611/217/71
f 611/217/18 617/224/18 618/225/18 612/219/18
f 612/219/70 618/225/70 613/30/70 607/32/70
f 613/30/96 619/28/96 620/226/96 614/221/96
f 614/221/17 620/226/17 621/227/17 615/222/17
f 615/222/107 621/227/107 622/27/107 616/29/107
f 616/223/75 622/228/75 623/229/75 617/224/75
f 617/224/18 623/229/18 624/230/18 618/225/18
f 618/225/97 624/230/97 619/28/97 613/30/97
f 619/28/98 625/26/98 626/231/98 620/226/98
f 620/226/17 626/231/17 627/232/17 621/227/17
f 621/227/76 627/232/76 628/25/76 622/27/76
f 622/228/79 628/233/79 629/234/79 623/229/79
f 623/229/18 629/234/18 630/235/18 624/230/18
f 624/230/99 630/235/99 625/26/99 619/28/99
f 625/26/112 631/24/112 632/236/112 626/231/112
f 626/231/17 632/236/17 633/237/17 627/232/17
f 627/232/113 633/237/113 634/23/113 628/25/113
f 628/233/101 634/238/101 635/239/101 629/234/101
f 629/234/18 635/239/18 636/240/18 630/235/18
f 630/235/82 636/240/82 631/24/82 625/26/82
f 631/24/102 637/22/102 638/241/102 632/236/102
f 632/236/17 638/241/17 639/242/17 633/237/17
f 633/237/84 639/242/84 640/21/84 634/23/84
f 634/238/87 640/243/87 641/244/87 635/239/87
f 635/239/18 641/244/18 642/245/18 636/240/18
f 636/240/103 642/245/103 637/22/103 631/24/103
f 637/22/104 643/20/104 644/246/104 638/241/104
f 638/241/17 644/246/17 645/247/17 639/242/17
f 639/242/88 645/247/88 646/19/88 640/21/88
f 640/243/91 646/248/91 647/249/91 641/244/91
f 641/244/18 647/249/18 648/250/18 642/245/18
f 642/245/90 648/250/90 643/20/90 637/22/90
f 643/20/93 553/18/93 554/167/93 644/246/93
f 644/246/17 554/167/17 555/169/17 645/247/17
f 645/247/105 555/169/105 556/17/105 646/19/105
f 646/248/95 556/170/95 557/173/95 647/249/95
f 647/249/18 557/173/18 558/175/18 648/250/18
f 648/250/94 558/175/94 553/18/94 643/20/94
f 649/18/64 655/16/64 656/166/64 650/167/64
f 650/167/17 656/166/17 657/168/17 651/169/17
f 651/169/65 657/168/65 658/15/65 652/17/65
f 652/170/66 658/171/66 659/172/66 653/173/66
f 653/173/18 659/172/18 660/174/18 654/175/18
f 654/175/114 660/174/114 655/16/114 649/18/114
f 655/16/68 661/14/68 662/176/68 656/166/68
f 656/166/17 662/176/17 663/177/17 657/168/17
f 657/168/69 663/177/69 664/13/69 658/15/69
f 658/171/115 664/178/115 665/179/115 659/172/115
f 659/172/18 665/179/18 666/180/18 660/174/18
f 660/174/71 666/180/71 661/14/71 655/16/71
f 661/14/72 667/12/72 668/181/72 662/176/72
f 662/176/17 668/181/17 669/182/17 663/177/17
f 663/177/96 669/182/96 670/11/96 664/13/96
f 664/178/74 670/183/74 671/184/74 665/179/74
f 665/179/18 671/184/18 672/185/18 666/180/18
f 666/180/116 672/185/116 667/12/116 661/14/116
f 667/12/76 673/10/76 674/186/76 668/181/76
f 668/181/17 674/186/17 675/187/17 669/182/17
f 669/182/77 675/187/77 676/9/77 670/11/77
f 670/183/117 676/188/117 677/189/117 671/184/117
f 671/184/18 677/189/18 678/190/18 672/185/18
f 672/185/118 678/190/118 673/10/118 667/12/118
f 673/10/100 679/8/100 680/191/100 674/186/100
f 674/186/17 680/191/17 681/192/17 675/187/17
f 675/187/81 681/192/81 682/7/81 676/9/81
f 676/188/82 682/193/82 683/194/82 677/189/82
f 677/189/18 683/194/18 684/195/18 678/190/18
f 678/190/83 684/195/83 679/8/83 673/10/83
f 679/8/84 685/6/84 686/196/84 680/191/84
f 680/191/17 686/196/17 687/197/17 681/192/17
f 681/192/85 687/197/85 688/5/85 682/7/85
f 682/193/103 688/198/103 689/199/103 683/194/103
f 683/194/18 689/199/18 690/200/18 684/195/18
f 684/195/87 690/200/87 685/6/87 679/8/87
f 685/6/88 691/4/88 692/201/88 686/196/88
f 686/196/17 692/201/17 693/202/17 687/197/17
f 687/197/89 693/202/89 694/3/89 688/5/89
f 688/198/90 694/203/90 695/204/90 689/199/90
f 689/199/18 695/204/18 696/205/18 690/200/18
f 690/200/91 696/205/91 691/4/91 685/6/91
f 691/4/105 697/1/105 698/206/105 692/201/105
f 692/201/17 698/206/17 699/207/17 693/202/17
f 693/202/93 699/207/93 700/2/93 694/3/93
f 694/203/94 700/208/94 701/209/94 695/204/94
f 695/204/18 701/209/18 702/210/18 696/205/18
f 696/205/119 702/210/119 697/1/119 691/4/119
f 697/34/65 703/32/65 704/211/65 698/212/65
f 698/212/17 704/211/17 705/213/17 699/214/17
f 699/214/64 705/213/64 706/31/64 700/33/64
f 700/215/67 706/216/67 707/217/67 701/218/67
f 701/218/18 707/217/18 708/219/18 702/220/18
f 702/220/66 708/219/66 703/32/66 697/34/66
f 703/32/69 709/30/69 710/221/69 704/211/69
f 704/211/17 710/221/17 711/222/17 705/213/17
f 705/213/68 711/222/68 712/29/68 706/31/68
f 706/216/120 712/223/120 713/224/120 707/217/120
f 707/217/18 713/224/18 714/225/18 708/219/18
f 708/219/70 714/225/70 709/30/70 703/32/70
f 709/30/96 715/28/96 716/226/96 710/221/96
f 710/221/17 716/226/17 717/227/17 711/222/17
f 711/222/72 717/227/72 718/27/72 712/29/72
f 712/223/116 718/228/116 719/229/116 713/224/116
f 713/224/18 719/229/18 720/230/18 714/225/18
f 714/225/97 720/230/97 715/28/97 709/30/97
f 715/28/77 721/26/77 722/231/77 716/226/77
f 716/226/17 722/231/17 723/232/17 717/227/17
f 717/227/76 723/232/76 724/25/76 718/27/76
f 718/228/79 724/233/79 725/234/79 719/229/79
f 719/229/18 725/234/18 726/235/18 720/230/18
f 720/230/99 726/235/99 721/26/99 715/28/99
f 721/26/81 727/24/81 728/236/81 722/231/81
f 722/231/17 728/236/17 729/237/17 723/232/17
f 723/232/100 729/237/100 730/23/100 724/25/100
f 724/233/121 730/238/121 731/239/121 725/234/121
f 725/234/18 731/239/18 732/240/18 726/235/18
f 726/235/122 732/240/122 727/24/122 721/26/122
f 727/24/102 733/22/102 734/241/102 728/236/102
f 728/236/17 734/241/17 735/242/17 729/237/17
f 729/237/84 735/242/84 736/21/84 730/23/84
f 730/238/87 736/243/87 737/244/87 731/239/87
f 731/239/18 737/244/18 738/245/18 732/240/18
f 732/240/103 738/245/103 733/22/103 727/24/103
f 733/22/89 739/20/89 740/246/89 734/241/89
f 734/241/17 740/246/17 741/247/17 735/242/17
f 735/242/88 741/247/88 742/19/88 736/21/88
f 736/243/123 742/248/123 743/249/123 737/244/123
f 737/244/18 743/249/18 744/250/18 738/245/18
f 738/245/90 744/250/90 739/20/90 733/22/90
f 739/20/93 649/18/93 650/167/93 740/246/93
f 740/246/17 650/167/17 651/169/17 741/247/17
f 741/247/105 651/169/105 652/17/105 742/19/105
f 742/248/95 652/170/95 653/173/95 743/249/95
f 743/249/18 653/173/18 654/175/18 744/250/18
f 744/250/124 654/175/124 649/18/124 739/20/124
f 745/18/64 751/16/64 752/166/64 746/167/64
f 746/167/17 752/166/17 753/168/17 747/169/17
f 747/169/65 753/168/65 754/15/65 748/17/65
f 748/170/66 754/171/66 755/172/66 749/173/66
f 749/173/18 755/172/18 756/174/18 750/175/18
f 750/175/67 756/174/67 751/16/67 745/18/67
f 751/16/68 757/14/68 758/176/68 752/166/68
f 752/166/17 758/176/17 759/177/17 753/168/17
f 753/168/106 759/177/106 760/13/106 754/15/106
f 754/171/70 760/178/70 761/179/70 755/172/70
f 755/172/18 761/179/18 762/180/18 756/174/18
f 756/174/71 762/180/71 757/14/71 751/16/71
f 757/14/107 763/12/107 764/181/107 758/176/107
f 758/176/17 764/181/17 765/182/17 759/177/17
f 759/177/73 765/182/73 766/11/73 760/13/73
f 760/178/97 766/183/97 767/184/97 761/179/97
f 761/179/18 767/184/18 768/185/18 762/180/18
f 762/180/75 768/185/75 763/12/75 757/14/75
f 763/12/125 769/10/125 770/186/125 764/181/125
f 764/181/17 770/186/17 771/187/17 765/182/17
f 765/182/109 771/187/109 772/9/109 766/11/109
f 766/183/78 772/188/78 773/189/78 767/184/78
f 767/184/18 773/189/18 774/190/18 768/185/18
f 768/185/79 774/190/79 769/10/79 763/12/79
f 769/10/80 775/8/80 776/191/80 770/186/80
f 770/186/17 776/191/17 777/192/17 771/187/17
f 771/187/81 777/192/81 778/7/81 772/9/81
f 772/188/82 778/193/82 779/194/82 773/189/82
f 773/189/18 779/194/18 780/195/18 774/190/18
f 774/190/101 780/195/101 775/8/101 769/10/101
f 775/8/84 781/6/84 782/196/84 776/191/84
f 776/191/17 782/196/17 783/197/17 777/192/17
f 777/192/102 783/197/102 784/5/102 778/7/102
f 778/193/86 784/198/86 785/199/86 779/194/86
f 779/194/18 785/199/18 786/200/18 780/195/18
f 780/195/126 786/200/126 781/6/126 775/8/126
f 781/6/110 787/4/110 788/201/110 782/196/110
f 782/196/17 788/201/17 789/202/17 783/197/17
f 783/197/89 789/202/89 790/3/89 784/5/89
f 784/198/127 790/203/127 791/204/127 785/199/127
f 785/199/18 791/204/18 792/205/18 786/200/18
f 786/200/91 792/205/91 787/4/91 781/6/91
f 787/4/92 793/1/92 794/206/92 788/201/92
f 788/201/17 794/206/17 795/207/17 789/202/17
f 789/202/93 795/207/93 796/2/93 790/3/93
f 790/203/94 796/208/94 797/209/94 791/204/94
f 791/204/18 797/209/18 798/210/18 792/205/18
f 792/205/111 798/210/111 793/1/111 787/4/111
f 793/34/65 799/32/65 800/211/65 794/212/65
f 794/212/17 800/211/17 801/213/17 795/214/17
f 795/214/64 801/213/64 802/31/64 796/33/64
f 796/215/67 802/216/67 803/217/67 797/218/67
f 797/218/18 803/217/18 804/219/18 798/220/18
f 798/220/66 804/219/66 799/32/66 793/34/66
f 799/32/69 805/30/69 806/221/69 800/211/69
f 800/211/17 806/221/17 807/222/17 801/213/17
f 801/213/68 807/222/68 808/29/68 802/31/68
f 802/216/71 808/223/71 809/224/71 803/217/71
f 803/217/18 809/224/18 810/225/18 804/219/18
f 804/219/70 810/225/70 805/30/70 799/32/70
f 805/30/96 811/28/96 812/226/96 806/221/96
f 806/221/17 812/226/17 813/227/17 807/222/17
f 807/222/107 813/227/107 814/27/107 808/29/107
f 808/223/75 814/228/75 815/229/75 809/224/75
f 809/224/18 815/229/18 816/230/18 810/225/18
f 810/225/97 816/230/97 811/28/97 805/30/97
f 811/28/98 817/26/98 818/231/98 812/226/98
f 812/226/17 818/231/17 819/232/17 813/227/17
f 813/227/76 819/232/76 820/25/76 814/27/76
f 814/228/79 820/233/79 821/234/79 815/229/79
f 815/229/18 821/234/18 822/235/18 816/230/18
f 816/230/78 822/235/78 817/26/78 811/28/78
f 817/26/112 823/24/112 824/236/112 818/231/112
f 818/231/17 824/236/17 825/237/17 819/232/17
f 819/232/113 825/237/113 826/23/113 820/25/113
f 820/233/101 826/238/101 827/239/101 821/234/101
f 821/234/18 827/239/18 828/240/18 822/235/18
f 822/235/82 828/240/82 823/24/82 817/26/82
f 823/24/102 829/22/102 830/241/102 824/236/102
f 824/236/17 830/241/17 831/242/17 825/237/17
f 825/237/84 831/242/84 832/21/84 826/23/84
f 826/238/87 832/243/87 833/244/87 827/239/87
f 827/239/18 833/244/18 834/245/18 828/240/18
f 828/240/103 834/245/103 829/22/103 823/24/103
f 829/22/89 835/20/89 836/246/89 830/241/89
f 830/241/17 836/246/17 837/247/17 831/242/17
f 831/242/110 837/247/110 838/19/110 832/21/110
f 832/243/91 838/248/91 839/249/91 833/244/91
f 833/244/18 839/249/18 840/250/18 834/245/18
f 834/245/90 840/250/90 835/20/90 829/22/90
f 835/20/93 745/18/93 746/167/93 836/246/93
f 836/246/17 746/167/17 747/169/17 837/247/17
f 837/247/105 747/169/105 748/17/105 838/19/105
f 838/248/95 748/170/95 749/173/95 839/249/95
f 839/249/18 749/173/18 750/175/18 840/250/18
f 840/250/94 750/175/94 745/18/94 835/20/94
f 841/18/64 847/16/64 848/166/64 842/167/64
f 842/167/17 848/166/17 849/168/17 843/169/17
f 843/169/128 849/168/128 850/15/128 844/17/128
f 844/170/66 850/171/66 851/172/66 845/173/66
f 845/173/18 851/172/18 852/174/18 846/175/18
f 846/175/67 852/174/67 847/16/67 841/18/67
f 847/16/68 853/14/68 854/176/68 848/166/68
f 848/166/17 854/176/17 855/177/17 849/168/17
f 849/168/106 855/177/106 856/13/106 850/15/106
f 850/171/70 856/178/70 857/179/70 851/172/70
f 851/172/18 857/179/18 858/180/18 852/174/18
f 852/174/71 858/180/71 853/14/71 847/16/71
f 853/14/107 859/12/107 860/181/107 854/176/107
f 854/176/17 860/181/17 861/182/17 855/177/17
f 855/177/73 861/182/73 862/11/73 856/13/73
f 856/178/97 862/183/97 863/184/97 857/179/97
f 857/179/18 863/184/18 864/185/18 858/180/18
f 858/180/75 864/185/75 859/12/75 853/14/75
f 859/12/108 865/10/108 866/186/108 860/181/108
f 860/181/17 866/186/17 867/187/17 861/182/17
f 861/182/109 867/187/109 868/9/109 862/11/109
f 862/183/78 868/188/78 869/189/78 863/184/78
f 863/184/18 869/189/18 870/190/18 864/185/18
f 864/185/79 870/190/79 865/10/79 859/12/79
f 865/10/80 871/8/80 872/191/80 866/186/80
f 866/186/17 872/191/17 873/192/17 867/187/17
f 867/187/81 873/192/81 874/7/81 868/9/81
f 868/188/82 874/193/82 875/194/82 869/189/82
f 869/189/18 875/194/18 876/195/18 870/190/18
f 870/190/101 876/195/101 871/8/101 865/10/101
f 871/8/84 877/6/84 878/196/84 872/191/84
f 872/191/17 878/196/17 879/197/17 873/192/17
f 873/192/102 879/197/102 880/5/102 874/7/102
f 874/193/86 880/198/86 881/199/86 875/194/86
f 875/194/18 881/199/18 882/200/18 876/195/18
f 876/195/126 882/200/126 877/6/126 871/8/126
f 877/6/88 883/4/88 884/201/88 878/196/88
f 878/196/17 884/201/17 885/202/17 879/197/17
f 879/197/89 885/202/89 886/3/89 880/5/89
f 880/198/90 886/203/90 887/204/90 881/199/90
f 881/199/18 887/204/18 888/205/18 882/200/18
f 882/200/91 888/205/91 883/4/91 877/6/91
f 883/4/92 889/1/92 890/206/92 884/201/92
f 884/201/17 890/206/17 891/207/17 885/202/17
f 885/202/93 891/207/93 892/2/93 886/3/93
f 886/203/94 892/208/94 893/209/94 887/204/94
f 887/204/18 893/209/18 894/210/18 888/205/18
f 888/205/95 894/210/95 889/1/95 883/4/95
f 889/34/65 895/32/65 896/211/65 890/212/65
f 890/212/17 896/211/17 897/213/17 891/214/17
f 891/214/64 897/213/64 898/31/64 892/33/64
f 892/215/67 898/216/67 899/217/67 893/218/67
f 893/218/18 899/217/18 900/219/18 894/220/18
f 894/220/66 900/219/66 895/32/66 889/34/66
f 895/32/69 901/30/69 902/221/69 896/211/69
f 896/211/17 902/221/17 903/222/17 897/213/17
f 897/213/68 903/222/68 904/29/68 898/31/68
f 898/216/71 904/223/71 905/224/71 899/217/71
f 899/217/18 905/224/18 906/225/18 900/219/18
f 900/219/70 906/225/70 901/30/70 895/32/70
f 901/30/96 907/28/96 908/226/96 902/221/96
f 902/221/17 908/226/17 909/227/17 903/222/17
f 903/222/107 909/227/107 910/27/107 904/29/107
f 904/223/75 910/228/75 911/229/75 905/224/75
f 905/224/18 911/229/18 912/230/18 906/225/18
f 906/225/129 912/230/129 907/28/129 901/30/129
f 907/28/98 913/26/98 914/231/98 908/226/98
f 908/226/17 914/231/17 915/232/17 909/227/17
f 909/227/76 915/232/76 916/25/76 910/27/76
f 910/228/79 916/233/79 917/234/79 911/229/79
f 911/229/18 917/234/18 918/235/18 912/230/18
f 912/230/78 918/235/78 913/26/78 907/28/78
f 913/26/112 919/24/112 920/236/112 914/231/112
f 914/231/17 920/236/17 921/237/17 915/232/17
f 915/232/113 921/237/113 922/23/113 916/25/113
f 916/233/101 922/238/101 923/239/101 917/234/101
f 917/234/18 923/239/18 924/240/18 918/235/18
f 918/235/82 924/240/82 919/24/82 913/26/82
f 919/24/102 925/22/102 926/241/102 920/236/102
f 920/236/17 926/241/17 927/242/17 921/237/17
f 921/237/84 927/242/84 928/21/84 922/23/84
f 922/238/126 928/243/126 929/244/126 923/239/126
f 923/239/18 929/244/18 930/245/18 924/240/18
f 924/240/86 930/245/86 925/22/86 919/24/86
f 925/22/104 931/20/104 932/246/104 926/241/104
f 926/241/17 932/246/17 933/247/17 927/242/17
f 927/242/88 933/247/88 934/19/88 928/21/88
f 928/243/91 934/248/91 935/249/91 929/244/91
f 929/244/18 935/249/18 936/250/18 930/245/18
f 930/245/90 936/250/90 931/20/90 925/22/90
f 931/20/93 841/18/93 842/167/93 932/246/93
f 932/246/17 842/167/17 843/169/17 933/247/17
f 933/247/92 843/169/92 844/17/92 934/19/92
f 934/248/95 844/170/95 845/173/95 935/249/95
f 935/249/18 845/173/18 846/175/18 936/250/18
f 936/250/94 846/175/94 841/18/94 931/20/94
f 937/18/64 943/16/64 944/166/64 938/167/64
f 938/167/17 944/166/17 945/168/17 939/169/17
f 939/169/128 945/168/128 946/15/128 940/17/128
f 940/170/66 946/171/66 947/172/66 941/173/66
f 941/173/18 947/172/18 948/174/18 942/175/18
f 942/175/67 948/174/67 943/16/67 937/18/67
f 943/16/68 949/14/68 950/176/68 944/166/68
f 944/166/17 950/176/17 951/177/17 945/168/17
f 945/168/106 951/177/106 952/13/106 946/15/106
f 946/171/70 952/178/70 953/179/70 947/172/70
f 947/172/18 953/179/18 954/180/18 948/174/18
f 948/174/71 954/180/71 949/14/71 943/16/71
f 949/14/107 955/12/107 956/181/107 950/176/107
f 950/176/17 956/181/17 957/182/17 951/177/17
f 951/177/73 957/182/73 958/11/73 952/13/73
f 952/178/97 958/183/97 959/184/97 953/179/97
f 953/179/18 959/184/18 960/185/18 954/180/18
f 954/180/75 960/185/75 955/12/75 949/14/75
f 955/12/108 961/10/108 962/186/108 956/181/108
f 956/181/17 962/186/17 963/187/17 957/182/17
f 957/182/109 963/187/109 964/9/109 958/11/109
f 958/183/78 964/188/78 965/189/78 959/184/78
f 959/184/18 965/189/18 966/190/18 960/185/18
f 960/185/79 966/190/79 961/10/79 955/12/79
f 961/10/80 967/8/80 968/191/80 962/186/80
f 962/186/17 968/191/17 969/192/17 963/187/17
f 963/187/81 969/192/81 970/7/81 964/9/81
f 964/188/82 970/193/82 971/194/82 965/189/82
f 965/189/18 971/194/18 972/195/18 966/190/18
f 966/190/101 972/195/101 967/8/101 961/10/101
f 967/8/84 973/6/84 974/196/84 968/191/84
f 968/191/17 974/196/17 975/197/17 969/192/17
f 969/192/85 975/197/85 976/5/85 970/7/85
f 970/193/86 976/198/86 977/199/86 971/194/86
f 971/194/18 977/199/18 978/200/18 972/195/18
f 972/195/126 978/200/126 973/6/126 967/8/126
f 973/6/110 979/4/110 980/201/110 974/196/110
f 974/196/17 980/201/17 981/202/17 975/197/17
f 975/197/89 981/202/89 982/3/89 976/5/89
f 976/198/90 982/203/90 983/204/90 977/199/90
f 977/199/18 983/204/18 984/205/18 978/200/18
f 978/200/91 984/205/91 979/4/91 973/6/91
f 979/4/92 985/1/92 986/206/92 980/201/92
f 980/201/17 986/206/17 987/207/17 981/202/17
f 981/202/93 987/207/93 988/2/93 982/3/93
f 982/203/94 988/208/94 989/209/94 983/204/94
f 983/204/18 989/209/18 990/210/18 984/205/18
f 984/205/111 990/210/111 985/1/111 979/4/111
f 985/34/65 991/32/65 992/211/65 986/212/65
f 986/212/17 992/211/17 993/213/17 987/214/17
f 987/214/64 993/213/64 994/31/64 988/33/64
f 988/215/67 994/216/67 995/217/67 989/218/67
f 989/218/18 995/217/18 996/219/18 990/220/18
f 990/220/66 996/219/66 991/32/66 985/34/66
f 991/32/69 997/30/69 998/221/69 992/211/69
f 992/211/17 998/221/17 999/222/17 993/213/17
f 993/213/130 999/222/130 1000/29/130 994/31/130
f 994/216/71 1000/223/71 1001/224/71 995/217/71
f 995/217/18 1001/224/18 1002/225/18 996/219/18
f 996/219/70 1002/225/70 997/30/70 991/32/70
f 997/30/96 1003/28/96 1004/226/96 998/221/96
f 998/221/17 1004/226/17 1005/227/17 999/222/17
f 999/222/72 1005/227/72 1006/27/72 1000/29/72
f 1000/223/75 1006/228/75 1007/229/75 1001/224/75
f 1001/224/18 1007/229/18 1008/230/18 1002/225/18
f 1002/225/129 1008/230/129 1003/28/129 997/30/129
f 1003/28/98 1009/26/98 1010/231/98 1004/226/98
f 1004/226/17 1010/231/17 1011/232/17 1005/227/17
f 1005/227/76 1011/232/76 1012/25/76 1006/27/76
f 1006/228/79 1012/233/79 1013/234/79 1007/229/79
f 1007/229/18 1013/234/18 1014/235/18 1008/230/18
f 1008/230/78 1014/235/78 1009/26/78 1003/28/78
f 1009/26/112 1015/24/112 1016/236/112 1010/231/112
f 1010/231/17 1016/236/17 1017/237/17 1011/232/17
f 1011/232/113 1017/237/113 1018/23/113 1012/25/113
f 1012/233/101 1018/238/101 1019/239/101 1013/234/101
f 1013/234/18 1019/239/18 1020/240/18 1014/235/18
f 1014/235/82 1020/240/82 1015/24/82 1009/26/82
f 1015/24/102 1021/22/102 1022/241/102 1016/236/102
f 1016/236/17 1022/241/17 1023/242/17 1017/237/17
f 1017/237/84 1023/242/84 1024/21/84 1018/23/84
f 1018/238/126 1024/243/126 1025/244/126 1019/239/126
f 1019/239/18 1025/244/18 1026/245/18 1020/240/18
f 1020/240/103 1026/245/103 1021/22/103 1015/24/103
f 1021/22/89 1027/20/89 1028/246/89 1022/241/89
f 1022/241/17 1028/246/17 1029/247/17 1023/242/17
f 1023/242/110 1029/247/110 1030/19/110 1024/21/110
f 1024/243/91 1030/248/91 1031/249/91 1025/244/91
f 1025/244/18 1031/249/18 1032/250/18 1026/245/18
f 1026/245/90 1032/250/90 1027/20/90 1021/22/90
f 1027/20/93 937/18/93 938/167/93 1028/246/93
f 1028/246/17 938/167/17 939/169/17 1029/247/17
f 1029/247/92 939/169/92 940/17/92 1030/19/92
f 1030/248/95 940/170/95 941/173/95 1031/249/95
f 1031/249/18 941/173/18 942/175/18 1032/250/18
f 1032/250/94 942/175/94 937/18/94 1027/20/94
f 1033/18/64 1039/16/64 1040/166/64 1034/167/64
f 1034/167/17 1040/166/17 1041/168/17 1035/169/17
f 1035/169/128 1041/168/128 1042/15/128 1036/17/128
f 1036/170/66 1042/171/66 1043/172/66 1037/173/66
f 1037/173/18 1043/172/18 1044/174/18 1038/175/18
f 1038/175/67 1044/174/67 1039/16/67 1033/18/67
f 1039/16/68 1045/14/68 1046/176/68 1040/166/68
f 1040/166/17 1046/176/17 1047/177/17 1041/168/17
f 1041/168/106 1047/177/106 1048/13/106 1042/15/106
f 1042/171/70 1048/178/70 1049/179/70 1043/172/70
f 1043/172/18 1049/179/18 1050/180/18 1044/174/18
f 1044/174/71 1050/180/71 1045/14/71 1039/16/71
f 1045/14/107 1051/12/107 1052/181/107 1046/176/107
f 1046/176/17 1052/181/17 1053/182/17 1047/177/17
f 1047/177/73 1053/182/73 1054/11/73 1048/13/73
f 1048/178/97 1054/183/97 1055/184/97 1049/179/97
f 1049/179/18 1055/184/18 1056/185/18 1050/180/18
f 1050/180/75 1056/185/75 1051/12/75 1045/14/75
f 1051/12/108 1057/10/108 1058/186/108 1052/181/108
f 1052/181/17 1058/186/17 1059/187/17 1053/182/17
f 1053/182/98 1059/187/98 1060/9/98 1054/11/98
f 1054/183/78 1060/188/78 1061/189/78 1055/184/78
f 1055/184/18 1061/189/18 1062/190/18 1056/185/18
f 1056/185/79 1062/190/79 1057/10/79 1051/12/79
f 1057/10/80 1063/8/80 1064/191/80 1058/186/80
f 1058/186/17 1064/191/17 1065/192/17 1059/187/17
f 1059/187/81 1065/192/81 1066/7/81 1060/9/81
f 1060/188/82 1066/193/82 1067/194/82 1061/189/82
f 1061/189/18 1067/194/18 1068/195/18 1062/190/18
f 1062/190/101 1068/195/101 1063/8/101 1057/10/101
f 1063/8/84 1069/6/84 1070/196/84 1064/191/84
f 1064/191/17 1070/196/17 1071/197/17 1065/192/17
f 1065/192/102 1071/197/102 1072/5/102 1066/7/102
f 1066/193/86 1072/198/86 1073/199/86 1067/194/86
f 1067/194/18 1073/199/18 1074/200/18 1068/195/18
f 1068/195/126 1074/200/126 1069/6/126 1063/8/126
f 1069/6/88 1075/4/88 1076/201/88 1070/196/88
f 1070/196/17 1076/201/17 1077/202/17 1071/197/17
f 1071/197/89 1077/202/89 1078/3/89 1072/5/89
f 1072/198/90 1078/203/90 1079/204/90 1073/199/90
f 1073/199/18 1079/204/18 1080/205/18 1074/200/18
f 1074/200/91 1080/205/91 1075/4/91 1069/6/91
f 1075/4/92 1081/1/92 1082/206/92 1076/201/92
f 1076/201/17 1082/206/17 1083/207/17 1077/202/17
f 1077/202/93 1083/207/93 1084/2/93 1078/3/93
f 1078/203/94 1084/208/94 1085/209/94 1079/204/94
f 1079/204/18 1085/209/18 1086/210/18 1080/205/18
f 1080/205/95 1086/210/95 1081/1/95 1075/4/95
f 1081/34/65 1087/32/65 1088/211/65 1082/212/65
f 1082/212/17 1088/211/17 1089/213/17 1083/214/17
f 1083/214/64 1089/213/64 1090/31/64 1084/33/64
f 1084/215/67 1090/216/67 1091/217/67 1085/218/67
f 1085/218/18 1091/217/18 1092/219/18 1086/220/18
f 1086/220/66 1092/219/66 1087/32/66 1081/34/66
f 1087/32/69 1093/30/69 1094/221/69 1088/211/69
f 1088/211/17 1094/221/17 1095/222/17 1089/213/17
f 1089/213/68 1095/222/68 1096/29/68 1090/31/68
f 1090/216/71 1096/223/71 1097/224/71 1091/217/71
f 1091/217/18 1097/224/18 1098/225/18 1092/219/18
f 1092/219/70 1098/225/70 1093/30/70 1087/32/70
f 1093/30/96 1099/28/96 1100/226/96 1094/221/96
f 1094/221/17 1100/226/17 1101/227/17 1095/222/17
f 1095/222/107 1101/227/107 1102/27/107 1096/29/107
f 1096/223/75 1102/228/75 1103/229/75 1097/224/75
f 1097/224/18 1103/229/18 1104/230/18 1098/225/18
f 1098/225/129 1104/230/129 1099/28/129 1093/30/129
f 1099/28/98 1105/26/98 1106/231/98 1100/226/98
f 1100/226/17 1106/231/17 1107/232/17 1101/227/17
f 1101/227/76 1107/232/76 1108/25/76 1102/27/76
f 1102/228/79 1108/233/79 1109/234/79 1103/229/79
f 1103/229/18 1109/234/18 1110/235/18 1104/230/18
f 1104/230/78 1110/235/78 1105/26/78 1099/28/78
f 1105/26/112 1111/24/112 1112/236/112 1106/231/112
f 1106/231/17 1112/236/17 1113/237/17 1107/232/17
f 1107/232/80 1113/237/80 1114/23/80 1108/25/80
f 1108/233/101 1114/238/101 1115/239/101 1109/234/101
f 1109/234/18 1115/239/18 1116/240/18 1110/235/18
f 1110/235/82 1116/240/82 1111/24/82 1105/26/82
f 1111/24/102 1117/22/102 1118/241/102 1112/236/102
f 1112/236/17 1118/241/17 1119/242/17 1113/237/17
f 1113/237/84 1119/242/84 1120/21/84 1114/23/84
f 1114/238/87 1120/243/87 1121/244/87 1115/239/87
f 1115/239/18 1121/244/18 1122/245/18 1116/240/18
f 1116/240/103 1122/245/103 1117/22/103 1111/24/103
f 1117/22/104 1123/20/104 1124/246/104 1118/241/104
f 1118/241/17 1124/246/17 1125/247/17 1119/242/17
f 1119/242/88 1125/247/88 1126/19/88 1120/21/88
f 1120/243/91 1126/248/91 1127/249/91 1121/244/91
f 1121/244/18 1127/249/18 1128/250/18 1122/245/18
f 1122/245/90 1128/250/90 1123/20/90 1117/22/90
f 1123/20/93 1033/18/93 1034/167/93 1124/246/93
f 1124/246/17 1034/167/17 1035/169/17 1125/247/17
f 1125/247/92 1035/169/92 1036/17/92 1126/19/92
f 1126/248/95 1036/170/95 1037/173/95 1127/249/95
f 1127/249/18 1037/173/18 1038/175/18 1128/250/18
f 1128/250/94 1038/175/94 1033/18/94 1123/20/94
f 1129/18/64 1135/16/64 1136/166/64 1130/167/64
f 1130/167/17 1136/166/17 1137/168/17 1131/169/17
f 1131/169/128 1137/168/128 1138/15/128 1132/17/128
f 1132/170/66 1138/171/66 1139/172/66 1133/173/66
f 1133/173/18 1139/172/18 1140/174/18 1134/175/18
f 1134/175/67 1140/174/67 1135/16/67 1129/18/67
f 1135/16/130 1141/14/130 1142/176/130 1136/166/130
f 1136/166/17 1142/176/17 1143/177/17 1137/168/17
f 1137/168/106 1143/177/106 1144/13/106 1138/15/106
f 1138/171/70 1144/178/70 1145/179/70 1139/172/70
f 1139/172/18 1145/179/18 1146/180/18 1140/174/18
f 1140/174/71 1146/180/71 1141/14/71 1135/16/71
f 1141/14/107 1147/12/107 1148/181/107 1142/176/107
f 1142/176/17 1148/181/17 1149/182/17 1143/177/17
f 1143/177/73 1149/182/73 1150/11/73 1144/13/73
f 1144/178/97 1150/183/97 1151/184/97 1145/179/97
f 1145/179/18 1151/184/18 1152/185/18 1146/180/18
f 1146/180/75 1152/185/75 1147/12/75 1141/14/75
f 1147/12/125 1153/10/125 1154/186/125 1148/181/125
f 1148/181/17 1154/186/17 1155/187/17 1149/182/17
f 1149/182/109 1155/187/109 1156/9/109 1150/11/109
f 1150/183/78 1156/188/78 1157/189/78 1151/184/78
f 1151/184/18 1157/189/18 1158/190/18 1152/185/18
f 1152/185/79 1158/190/79 1153/10/79 1147/12/79
f 1153/10/80 1159/8/80 1160/191/80 1154/186/80
f 1154/186/17 1160/191/17 1161/192/17 1155/187/17
f 1155/187/81 1161/192/81 1162/7/81 1156/9/81
f 1156/188/82 1162/193/82 1163/194/82 1157/189/82
f 1157/189/18 1163/194/18 1164/195/18 1158/190/18
f 1158/190/101 1164/195/101 1159/8/101 1153/10/101
f 1159/8/84 1165/6/84 1166/196/84 1160/191/84
f 1160/191/17 1166/196/17 1167/197/17 1161/192/17
f 1161/192/102 1167/197/102 1168/5/102 1162/7/102
f 1162/193/86 1168/198/86 1169/199/86 1163/194/86
f 1163/194/18 1169/199/18 1170/200/18 1164/195/18
f 1164/195/87 1170/200/87 1165/6/87 1159/8/87
f 1165/6/110 1171/4/110 1172/201/110 1166/196/110
f 1166/196/17 1172/201/17 1173/202/17 1167/197/17
f 1167/197/89 1173/202/89 1174/3/89 1168/5/89
f 1168/198/90 1174/203/90 1175/204/90 1169/199/90
f 1169/199/18 1175/204/18 1176/205/18 1170/200/18
f 1170/200/91 1176/205/91 1171/4/91 1165/6/91
f 1171/4/92 1177/1/92 1178/206/92 1172/201/92
f 1172/201/17 1178/206/17 1179/207/17 1173/202/17
f 1173/202/93 1179/207/93 1180/2/93 1174/3/93
f 1174/203/94 1180/208/94 1181/209/94 1175/204/94
f 1175/204/18 1181/209/18 1182/210/18 1176/205/18
f 1176/205/95 1182/210/95 1177/1/95 1171/4/95
f 1177/34/65 1183/32/65 1184/211/65 1178/212/65
f 1178/212/17 1184/211/17 1185/213/17 1179/214/17
f 1179/214/64 1185/213/64 1186/31/64 1180/33/64
f 1180/215/67 1186/216/67 1187/217/67 1181/218/67
f 1181/218/18 1187/217/18 1188/219/18 1182/220/18
f 1182/220/66 1188/219/66 1183/32/66 1177/34/66
f 1183/32/69 1189/30/69 1190/221/69 1184/211/69
f 1184/211/17 1190/221/17 1191/222/17 1185/213/17
f 1185/213/68 1191/222/68 1192/29/68 1186/31/68
f 1186/216/71 1192/223/71 1193/224/71 1187/217/71
f 1187/217/18 1193/224/18 1194/225/18 1188/219/18
f 1188/219/70 1194/225/70 1189/30/70 1183/32/70
f 1189/30/96 1195/28/96 1196/226/96 1190/221/96
f 1190/221/17 1196/226/17 1197/227/17 1191/222/17
f 1191/222/107 1197/227/107 1198/27/107 1192/29/107
f 1192/223/75 1198/228/75 1199/229/75 1193/224/75
f 1193/224/18 1199/229/18 1200/230/18 1194/225/18
f 1194/225/97 1200/230/97 1195/28/97 1189/30/97
f 1195/28/98 1201/26/98 1202/231/98 1196/226/98
f 1196/226/17 1202/231/17 1203/232/17 1197/227/17
f 1197/227/76 1203/232/76 1204/25/76 1198/27/76
f 1198/228/79 1204/233/79 1205/234/79 1199/229/79
f 1199/229/18 1205/234/18 1206/235/18 1200/230/18
f 1200/230/78 1206/235/78 1201/26/78 1195/28/78
f 1201/26/112 1207/24/112 1208/236/112 1202/231/112
f 1202/231/17 1208/236/17 1209/237/17 1203/232/17
f 1203/232/113 1209/237/113 1210/23/113 1204/25/113
f 1204/233/101 1210/238/101 1211/239/101 1205/234/101
f 1205/234/18 1211/239/18 1212/240/18 1206/235/18
f 1206/235/82 1212/240/82 1207/24/82 1201/26/82
f 1207/24/102 1213/22/102 1214/241/102 1208/236/102
f 1208/236/17 1214/241/17 1215/242/17 1209/237/17
f 1209/237/84 1215/242/84 1216/21/84 1210/23/84
f 1210/238/87 1216/243/87 1217/244/87 1211/239/87
f 1211/239/18 1217/244/18 1218/245/18 1212/240/18
f 1212/240/103 1218/245/103 1213/22/103 1207/24/103
f 1213/22/89 1219/20/89 1220/246/89 1214/241/89
f 1214/241/17 1220/246/17 1221/247/17 1215/242/17
f 1215/242/110 1221/247/110 1222/19/110 1216/21/110
f 1216/243/91 1222/248/91 1223/249/91 1217/244/91
f 1217/244/18 1223/249/18 1224/250/18 1218/245/18
f 1218/245/90 1224/250/90 1219/20/90 1213/22/90
f 1219/20/93 1129/18/93 1130/167/93 1220/246/93
f 1220/246/17 1130/167/17 1131/169/17 1221/247/17
f 1221/247/92 1131/169/92 1132/17/92 1222/19/92
f 1222/248/95 1132/170/95 1133/173/95 1223/249/95
f 1223/249/18 1133/173/18 1134/175/18 1224/250/18
f 1224/250/94 1134/175/94 1129/18/94 1219/20/94
f 1225/18/64 1231/16/64 1232/166/64 1226/167/64
f 1226/167/17 1232/166/17 1233/168/17 1227/169/17
f 1227/169/128 1233/168/128 1234/15/128 1228/17/128
f 1228/170/66 1234/171/66 1235/172/66 1229/173/66
f 1229/173/18 1235/172/18 1236/174/18 1230/175/18
f 1230/175/67 1236/174/67 1231/16/67 1225/18/67
f 1231/16/130 1237/14/130 1238/176/130 1232/166/130
f 1232/166/17 1238/176/17 1239/177/17 1233/168/17
f 1233/168/69 1239/177/69 1240/13/69 1234/15/69
f 1234/171/70 1240/178/70 1241/179/70 1235/172/70
f 1235/172/18 1241/179/18 1242/180/18 1236/174/18
f 1236/174/71 1242/180/71 1237/14/71 1231/16/71
f 1237/14/107 1243/12/107 1244/181/107 1238/176/107
f 1238/176/17 1244/181/17 1245/182/17 1239/177/17
f 1239/177/73 1245/182/73 1246/11/73 1240/13/73
f 1240/178/97 1246/183/97 1247/184/97 1241/179/97
f 1241/179/18 1247/184/18 1248/185/18 1242/180/18
f 1242/180/75 1248/185/75 1243/12/75 1237/14/75
f 1243/12/125 1249/10/125 1250/186/125 1244/181/125
f 1244/181/17 1250/186/17 1251/187/17 1245/182/17
f 1245/182/109 1251/187/109 1252/9/109 1246/11/109
f 1246/183/78 1252/188/78 1253/189/78 1247/184/78
f 1247/184/18 1253/189/18 1254/190/18 1248/185/18
f 1248/185/79 1254/190/79 1249/10/79 1243/12/79
f 1249/10/80 1255/8/80 1256/191/80 1250/186/80
f 1250/186/17 1256/191/17 1257/192/17 1251/187/17
f 1251/187/81 1257/192/81 1258/7/81 1252/9/81
f 1252/188/82 1258/193/82 1259/194/82 1253/189/82
f 1253/189/18 1259/194/18 1260/195/18 1254/190/18
f 1254/190/101 1260/195/101 1255/8/101 1249/10/101
f 1255/8/84 1261/6/84 1262/196/84 1256/191/84
f 1256/191/17 1262/196/17 1263/197/17 1257/192/17
f 1257/192/85 1263/197/85 1264/5/85 1258/7/85
f 1258/193/86 1264/198/86 1265/199/86 1259/194/86
f 1259/194/18 1265/199/18 1266/200/18 1260/195/18
f 1260/195/126 1266/200/126 1261/6/126 1255/8/126
f 1261/6/110 1267/4/110 1268/201/110 1262/196/110
f 1262/196/17 1268/201/17 1269/202/17 1263/197/17
f 1263/197/89 1269/202/89 1270/3/89 1264/5/89
f 1264/198/90 1270/203/90 1271/204/90 1265/199/90
f 1265/199/18 1271/204/18 1272/205/18 1266/200/18
f 1266/200/91 1272/205/91 1267/4/91 1261/6/91
f 1267/4/92 1273/1/92 1274/206/92 1268/201/92
f 1268/201/17 1274/206/17 1275/207/17 1269/202/17
f 1269/202/131 1275/207/131 1276/2/131 1270/3/131
f 1270/203/94 1276/208/94 1277/209/94 1271/204/94
f 1271/204/18 1277/209/18 1278/210/18 1272/205/18
f 1272/205/111 1278/210/111 1273/1/111 1267/4/111
f 1273/34/65 1279/32/65 1280/211/65 1274/212/65
f 1274/212/17 1280/211/17 1281/213/17 1275/214/17
f 1275/214/64 1281/213/64 1282/31/64 1276/33/64
f 1276/215/67 1282/216/67 1283/217/67 1277/218/67
f 1277/218/18 1283/217/18 1284/219/18 1278/220/18
f 1278/220/66 1284/219/66 1279/32/66 1273/34/66
f 1279/32/132 1285/30/132 1286/221/132 1280/211/132
f 1280/211/17 1286/221/17 1287/222/17 1281/213/17
f 1281/213/68 1287/222/68 1288/29/68 1282/31/68
f 1282/216/71 1288/223/71 1289/224/71 1283/217/71
f 1283/217/18 1289/224/18 1290/225/18 1284/219/18
f 1284/219/70 1290/225/70 1285/30/70 1279/32/70
f 1285/30/96 1291/28/96 1292/226/96 1286/221/96
f 1286/221/17 1292/226/17 1293/227/17 1287/222/17
f 1287/222/72 1293/227/72 1294/27/72 1288/29/72
f 1288/223/75 1294/228/75 1295/229/75 1289/224/75
f 1289/224/18 1295/229/18 1296/230/18 1290/225/18
f 1290/225/129 1296/230/129 1291/28/129 1285/30/129
f 1291/28/98 1297/26/98 1298/231/98 1292/226/98
f 1292/226/17 1298/231/17 1299/232/17 1293/227/17
f 1293/227/76 1299/232/76 1300/25/76 1294/27/76
f 1294/228/79 1300/233/79 1301/234/79 1295/229/79
f 1295/229/18 1301/234/18 1302/235/18 1296/230/18
f 1296/230/78 1302/235/78 1297/26/78 1291/28/78
f 1297/26/112 1303/24/112 1304/236/112 1298/231/112
f 1298/231/17 1304/236/17 1305/237/17 1299/232/17
f 1299/232/113 1305/237/113 1306/23/113 1300/25/113
f 1300/233/101 1306/238/101 1307/239/101 1301/234/101
f 1301/234/18 1307/239/18 1308/240/18 1302/235/18
f 1302/235/82 1308/240/82 1303/24/82 1297/26/82
f 1303/24/102 1309/22/102 1310/241/102 1304/236/102
f 1304/236/17 1310/241/17 1311/242/17 1305/237/17
f 1305/237/84 1311/242/84 1312/21/84 1306/23/84
f 1306/238/126 1312/243/126 1313/244/126 1307/239/126
f 1307/239/18 1313/244/18 1314/245/18 1308/240/18
f 1308/240/86 1314/245/86 1309/22/86 1303/24/86
f 1309/22/89 1315/20/89 1316/246/89 1310/241/89
f 1310/241/17 1316/246/17 1317/247/17 1311/242/17
f 1311/242/88 1317/247/88 1318/19/88 1312/21/88
f 1312/243/91 1318/248/91 1319/249/91 1313/244/91
f 1313/244/18 1319/249/18 1320/250/18 1314/245/18
f 1314/245/90 1320/250/90 1315/20/90 1309/22/90
f 1315/20/93 1225/18/93 1226/167/93 1316/246/93
f 1316/246/17 1226/167/17 1227/169/17 1317/247/17
f 1317/247/92 1227/169/92 1228/17/92 1318/19/92
f 1318/248/95 1228/170/95 1229/173/95 1319/249/95
f 1319/249/18 1229/173/18 1230/175/18 1320/250/18
f 1320/250/94 1230/175/94 1225/18/94 1315/20/94
f 1321/67/13 1322/68/13 1324/69/13 1323/70/13
f 1323/70/1 1324/69/1 1328/14/1 1327/22/1
f 1327/22/5 1328/14/5 1326/71/5 1325/72/5
f 1325/72/9 1326/71/9 1322/13/9 1321/21/9
f 1323/30/18 1327/22/18 1325/72/18 1321/81/18
f 1328/14/17 1324/6/17 1322/82/17 1326/71/17
f 1329/67/13 1331/70/13 1332/69/13 1330/68/13
f 1331/70/9 1335/22/9 1336/14/9 1332/69/9
f 1335/22/5 1333/72/5 1334/71/5 1336/14/5
f 1333/72/1 1329/21/1 1330/13/1 1334/71/1
f 1331/30/18 1329/81/18 1333/72/18 1335/22/18
f 1336/14/17 1334/71/17 1330/82/17 1332/6/17
f 1337/67/133 1338/68/133 1340/69/133 1339/70/133
f 1339/70/134 1340/69/134 1344/14/134 1343/22/134
f 1343/22/135 1344/14/135 1342/71/135 1341/72/135
f 1341/72/136 1342/71/136 1338/13/136 1337/21/136
f 1339/30/18 1343/22/18 1341/72/18 1337/81/18
f 1344/14/17 1340/6/17 1338/82/17 1342/71/17
f 1345/67/133 1347/70/133 1348/69/133 1346/68/133
f 1347/70/136 1351/22/136 1352/14/136 1348/69/136
f 1351/22/135 1349/72/135 1350/71/135 1352/14/135
f 1349/72/134 1345/21/134 1346/13/134 1350/71/134
f 1347/30/18 1345/81/18 1349/72/18 1351/22/18
f 1352/14/17 1350/71/17 1346/82/17 1348/6/17
f 1353/67/137 1354/68/137 1356/69/137 1355/70/137
f 1355/70/138 1356/69/138 1360/14/138 1359/22/138
f 1359/22/139 1360/14/139 1358/71/139 1357/72/139
f 1357/72/140 1358/71/140 1354/13/140 1353/21/140
f 1355/30/18 1359/22/18 1357/72/18 1353/81/18
f 1360/14/17 1356/6/17 1354/82/17 1358/71/17
f 1361/67/137 1363/70/137 1364/69/137 1362/68/137
f 1363/70/140 1367/22/140 1368/14/140 1364/69/140
f 1367/22/139 1365/72/139 1366/71/139 1368/14/139
f 1365/72/138 1361/21/138 1362/13/138 1366/71/138
f 1363/30/18 1361/81/18 1365/72/18 1367/22/18
f 1368/14/17 1366/71/17 1362/82/17 1364/6/17
f 1369/67/141 1370/68/141 1372/69/141 1371/70/141
f 1371/70/142 1372/69/142 1376/14/142 1375/22/142
f 1375/22/143 1376/14/143 1374/71/143 1373/72/143
f 1373/72/144 1374/71/144 1370/13/144 1369/21/144
f 1371/30/18 1375/22/18 1373/72/18 1369/81/18
f 1376/14/17 1372/6/17 1370/82/17 1374/71/17
f 1377/67/141 1379/70/141 1380/69/141 1378/68/141
f 1379/70/144 1383/22/144 1384/14/144 1380/69/144
f 1383/22/143 1381/72/143 1382/71/143 1384/14/143
f 1381/72/142 1377/21/142 1378/13/142 1382/71/142
f 1379/30/18 1377/81/18 1381/72/18 1383/22/18
f 1384/14/17 1382/71/17 1378/82/17 1380/6/17
f 1385/67/145 1386/68/145 1388/69/145 1387/70/145
f 1387/70/146 1388/69/146 1392/14/146 1391/22/146
f 1391/22/147 1392/14/147 1390/71/147 1389/72/147
f 1389/72/148 1390/71/148 1386/13/148 1385/21/148
f 1387/30/18 1391/22/18 1389/72/18 1385/81/18
f 1392/14/17 1388/6/17 1386/82/17 1390/71/17
f 1393/67/145 1395/70/145 1396/69/145 1394/68/145
f 1395/70/148 1399/22/148 1400/14/148 1396/69/148
f 1399/22/147 1397/72/147 1398/71/147 1400/14/147
f 1397/72/146 1393/21/146 1394/13/146 1398/71/146
f 1395/30/18 1393/81/18 1397/72/18 1399/22/18
f 1400/14/17 1398/71/17 1394/82/17 1396/6/17
f 1401/67/149 1402/68/149 1404/69/149 1403/70/149
f 1403/70/150 1404/69/150 1408/14/150 1407/22/150
f 1407/22/151 1408/14/151 1406/71/151 1405/72/151
f 1405/72/152 1406/71/152 1402/13/152 1401/21/152
f 1403/30/18 1407/22/18 1405/72/18 1401/81/18
f 1408/14/17 1404/6/17 1402/82/17 1406/71/17
f 1409/67/149 1411/70/149 1412/69/149 1410/68/149
f 1411/70/152 1415/22/152 1416/14/152 1412/69/152
f 1415/22/151 1413/72/151 1414/71/151 1416/14/151
f 1413/72/150 1409/21/150 1410/13/150 1414/71/150
f 1411/30/18 1409/81/18 1413/72/18 1415/22/18
f 1416/14/17 1414/71/17 1410/82/17 1412/6/17
f 1417/67/153 1418/68/153 1420/69/153 1419/70/153
f 1419/70/154 1420/69/154 1424/14/154 1423/22/154
f 1423/22/155 1424/14/155 1422/71/155 1421/72/155
f 1421/72/156 1422/71/156 1418/13/156 1417/21/156
f 1419/30/18 1423/22/18 1421/72/18 1417/81/18
f 1424/14/17 1420/6/17 1418/82/17 1422/71/17
f 1425/67/153 1427/70/153 1428/69/153 1426/68/153
f 1427/70/156 1431/22/156 1432/14/156 1428/69/156
f 1431/22/155 1429/72/155 1430/71/155 1432/14/155
f 1429/72/154 1425/21/154 1426/13/154 1430/71/154
f 1427/30/18 1425/81/18 1429/72/18 1431/22/18
f 1432/14/17 1430/71/17 1426/82/17 1428/6/17
f 1433/67/157 1434/68/157 1436/69/157 1435/70/157
f 1435/70/158 1436/69/158 1440/14/158 1439/22/158
f 1439/22/159 1440/14/159 1438/71/159 1437/72/159
f 1437/72/160 1438/71/160 1434/13/160 1433/21/160
f 1435/30/18 1439/22/18 1437/72/18 1433/81/18
f 1440/14/17 1436/6/17 1434/82/17 1438/71/17
f 1441/67/157 1443/70/157 1444/69/157 1442/68/157
f 1443/70/160 1447/22/160 1448/14/160 1444/69/160
f 1447/22/159 1445/72/159 1446/71/159 1448/14/159
f 1445/72/158 1441/21/158 1442/13/158 1446/71/158
f 1443/30/18 1441/81/18 1445/72/18 1447/22/18
f 1448/14/17 1446/71/17 1442/82/17 1444/6/17
f 1449/67/161 1450/68/161 1452/69/161 1451/70/161
f 1451/70/162 1452/69/162 1456/14/162 1455/22/162
f 1455/22/163 1456/14/163 1454/71/163 1453/72/163
f 1453/72/164 1454/71/164 1450/13/164 1449/21/164
f 1451/30/18 1455/22/18 1453/72/18 1449/81/18
f 1456/14/17 1452/6/17 1450/82/17 1454/71/17
f 1457/67/161 1459/70/161 1460/69/161 1458/68/161
f 1459/70/164 1463/22/164 1464/14/164 1460/69/164
f 1463/22/163 1461/72/163 1462/71/163 1464/14/163
f 1461/72/162 1457/21/162 1458/13/162 1462/71/162
f 1459/30/18 1457/81/18 1461/72/18 1463/22/18
f 1464/14/17 1462/71/17 1458/82/17 1460/6/17
f 1465/67/13 1466/68/13 1468/69/13 1467/70/13
f 1467/70/1 1468/69/1 1472/14/1 1471/22/1
f 1471/22/5 1472/14/5 1470/71/5 1469/72/5
f 1469/72/9 1470/71/9 1466/13/9 1465/21/9
f 1472/14/17 1468/6/17 1466/82/17 1470/71/17
f 1473/67/5 1474/68/5 1476/69/5 1475/70/5
f 1475/70/9 1476/69/9 1480/14/9 1479/22/9
f 1479/22/13 1480/14/13 1478/71/13 1477/72/13
f 1477/72/1 1478/71/1 1474/13/1 1473/21/1
f 1480/14/17 1476/6/17 1474/82/17 1478/71/17
f 1481/1/165 1482/2/165 1484/118/165 1483/251/165
f 1483/251/166 1484/118/166 1486/120/166 1485/252/166
f 1485/252/167 1486/120/167 1488/122/167 1487/147/167
f 1487/147/168 1488/122/168 1490/124/168 1489/253/168
f 1489/253/169 1490/124/169 1492/126/169 1491/254/169
f 1491/254/170 1492/126/170 1494/128/170 1493/255/170
f 1493/255/171 1494/128/171 1496/130/171 1495/256/171
f 1495/256/172 1496/130/172 1498/132/172 1497/257/172
f 1497/257/173 1498/132/173 1500/134/173 1499/258/173
f 1499/258/174 1500/134/174 1502/136/174 1501/259/174
f 1484/260/7 1482/36/7 1504/261/7 1502/262/7 1500/40/7 1498/263/7 1496/264/7 1494/44/7 1492/265/7 1490/266/7 1488/48/7 1486/267/7
f 1501/259/175 1502/136/175 1504/138/175 1503/268/175
f 1503/268/176 1504/138/176 1482/140/176 1481/269/176
f 1481/51/15 1483/270/15 1485/271/15 1487/55/15 1489/272/15 1491/273/15 1493/59/15 1495/274/15 1497/275/15 1499/63/15 1501/276/15 1503/277/15
f 1561/1/177 1563/251/177 1564/118/177 1562/2/177
f 1507/1/178 1508/2/178 1510/278/178 1509/279/178
f 1521/70/11 1522/69/11 1505/14/11 1506/22/11
f 1509/279/18 1510/278/18 1512/280/18 1511/281/18
f 1523/22/7 1524/14/7 1522/71/7 1521/72/7
f 1511/281/179 1512/280/179 1514/282/179 1513/283/179
f 1519/72/3 1520/71/3 1524/13/3 1523/21/3
f 1513/283/180 1514/282/180 1516/284/180 1515/285/180
f 1510/267/7 1508/36/7 1518/286/7 1516/287/7 1514/288/7 1512/289/7
f 1506/30/15 1505/22/15 1520/72/15 1519/81/15
f 1515/285/17 1516/284/17 1518/290/17 1517/291/17
f 1563/251/181 1565/252/181 1566/120/181 1564/118/181
f 1517/291/182 1518/290/182 1508/292/182 1507/293/182
f 1507/51/15 1509/271/15 1511/294/15 1513/295/15 1515/296/15 1517/276/15
f 1549/91/5 1526/68/5 1528/69/5 1550/92/5
f 1550/92/31 1528/69/31 1532/14/31 1551/93/31
f 1551/93/13 1532/14/13 1530/71/13 1552/94/13
f 1552/94/32 1530/71/32 1526/13/32 1549/95/32
f 1527/30/33 1531/22/33 1529/72/33 1525/81/33
f 1532/14/34 1528/6/34 1526/82/34 1530/71/34
f 1533/67/5 1535/70/5 1536/69/5 1534/68/5
f 1535/70/27 1539/22/27 1540/14/27 1536/69/27
f 1539/22/13 1537/72/13 1538/71/13 1540/14/13
f 1537/72/28 1533/21/28 1534/13/28 1538/71/28
f 1535/30/29 1533/81/29 1537/72/29 1539/22/29
f 1540/14/30 1538/71/30 1534/82/30 1536/6/30
f 1527/70/31 1545/96/31 1547/97/31 1531/22/31
f 1525/67/5 1546/98/5 1545/96/5 1527/70/5
f 1531/22/13 1547/97/13 1548/99/13 1529/72/13
f 1529/72/32 1548/99/32 1546/100/32 1525/21/32
f 1556/101/5 1541/102/5 1542/103/5 1555/104/5
f 1555/104/31 1542/103/31 1543/20/31 1553/105/31
f 1553/105/13 1543/20/13 1544/106/13 1554/107/13
f 1554/107/32 1544/106/32 1541/19/32 1556/108/32
f 1559/109/32 1552/94/32 1549/95/32 1560/110/32
f 1558/111/13 1551/93/13 1552/94/13 1559/109/13
f 1557/112/31 1550/92/31 1551/93/31 1558/111/31
f 1560/113/183 1549/91/183 1550/92/183 1557/112/183
f 1548/99/32 1554/107/32 1556/108/32 1546/100/32
f 1547/97/13 1553/105/13 1554/107/13 1548/99/13
f 1545/96/31 1555/104/31 1553/105/31 1547/97/31
f 1546/98/184 1556/101/184 1555/104/184 1545/96/184
f 1541/114/5 1560/113/5 1557/112/5 1542/115/5
f 1542/115/31 1557/112/31 1558/111/31 1543/18/31
f 1543/18/13 1558/111/13 1559/109/13 1544/116/13
f 1544/116/32 1559/109/32 1560/110/32 1541/17/32
f 1565/252/185 1567/147/185 1568/122/185 1566/120/185
f 1567/147/186 1569/253/186 1570/124/186 1568/122/186
f 1569/253/187 1571/254/187 1572/126/187 1570/124/187
f 1571/254/188 1573/255/188 1574/128/188 1572/126/188
f 1573/255/189 1575/256/189 1576/130/189 1574/128/189
f 1575/256/190 1577/257/190 1578/132/190 1576/130/190
f 1577/257/191 1579/258/191 1580/134/191 1578/132/191
f 1579/258/192 1581/259/192 1582/136/192 1580/134/192
f 1564/260/3 1566/267/3 1568/48/3 1570/266/3 1572/265/3 1574/44/3 1576/264/3 1578/263/3 1580/40/3 1582/262/3 1584/261/3 1562/36/3
f 1581/259/193 1583/268/193 1584/138/193 1582/136/193
f 1583/268/194 1561/269/194 1562/140/194 1584/138/194
f 1561/51/11 1583/277/11 1581/276/11 1579/63/11 1577/275/11 1575/274/11 1573/59/11 1571/273/11 1569/272/11 1567/55/11 1565/271/11 1563/270/11
f 1587/1/195 1589/279/195 1590/278/195 1588/2/195
f 1601/70/15 1586/22/15 1585/14/15 1602/69/15
f 1589/279/18 1591/281/18 1592/280/18 1590/278/18
f 1603/22/3 1601/72/3 1602/71/3 1604/14/3
f 1591/281/196 1593/283/196 1594/282/196 1592/280/196
f 1599/72/7 1603/21/7 1604/13/7 1600/71/7
f 1593/283/197 1595/285/197 1596/284/197 1594/282/197
f 1590/267/3 1592/289/3 1594/288/3 1596/287/3 1598/286/3 1588/36/3
f 1586/30/11 1599/81/11 1600/72/11 1585/22/11
f 1595/285/17 1597/291/17 1598/290/17 1596/284/17
f 1597/291/198 1587/293/198 1588/292/198 1598/290/198
f 1587/51/11 1597/276/11 1595/296/11 1593/295/11 1591/294/11 1589/271/11
f 1646/244/17 1649/297/17 1611/69/17 1607/70/17
f 1652/298/18 1647/299/18 1608/14/18 1612/22/18
f 1608/22/11 1607/14/11 1611/71/11 1612/72/11
f 1605/67/17 1645/300/17 1659/300/17 1658/67/17
f 1610/30/3 1609/22/3 1605/72/3 1606/81/3
f 1651/301/15 1650/302/15 1609/82/15 1610/71/15
s 1
f 1613/1/1 1614/2/1 1616/3/2 1615/4/2
f 1615/4/2 1616/3/2 1618/5/3 1617/6/3
f 1617/6/3 1618/5/3 1620/7/4 1619/8/4
f 1619/8/4 1620/7/4 1622/9/5 1621/10/5
f 1621/10/5 1622/9/5 1624/11/6 1623/12/6
f 1623/12/6 1624/11/6 1626/13/7 1625/14/7
f 1625/14/7 1626/13/7 1628/15/8 1627/16/8
f 1627/16/8 1628/15/8 1630/17/9 1629/18/9
f 1629/18/9 1630/17/9 1632/19/10 1631/20/10
f 1631/20/10 1632/19/10 1634/21/11 1633/22/11
f 1633/22/11 1634/21/11 1636/23/12 1635/24/12
f 1635/24/12 1636/23/12 1638/25/13 1637/26/13
f 1637/26/13 1638/25/13 1640/27/14 1639/28/14
f 1639/28/14 1640/27/14 1642/29/15 1641/30/15
f 1616/35/17 1614/36/17 1644/37/17 1642/38/17 1640/39/17 1638/40/17 1636/41/17 1634/42/17 1632/43/17 1630/44/17 1628/45/17 1626/46/17 1624/47/17 1622/48/17 1620/49/17 1618/50/17
f 1641/30/15 1642/29/15 1644/31/16 1643/32/16
f 1643/32/16 1644/31/16 1614/33/1 1613/34/1
f 1613/51/18 1615/52/18 1617/53/18 1619/54/18 1621/55/18 1623/56/18 1625/57/18 1627/58/18 1629/59/18 1631/60/18 1633/61/18 1635/62/18 1637/63/18 1639/64/18 1641/65/18 1643/66/18
s 0
f 1612/14/15 1611/6/15 1649/303/15 1652/304/15
f 1652/304/15 1649/303/15 1650/302/15 1651/301/15
f 1647/305/3 1646/306/3 1655/306/3 1660/305/3
f 1648/242/7 1645/177/7 1646/306/7 1647/305/7
f 1610/70/18 1606/69/18 1648/307/18 1651/308/18
f 1651/308/18 1648/307/18 1647/299/18 1652/298/18
f 1605/67/17 1609/68/17 1650/309/17 1645/300/17
f 1645/300/17 1650/309/17 1649/297/17 1646/244/17
f 1660/305/7 1655/306/7 1653/13/7 1654/21/7
f 1657/72/7 1658/71/7 1659/177/7 1656/242/7
f 1606/81/3 1605/72/3 1658/72/3 1657/81/3
f 1646/244/17 1607/70/17 1653/70/17 1655/244/17
f 1645/177/11 1648/242/11 1656/242/11 1659/177/11
f 1648/307/18 1606/69/18 1657/69/18 1656/307/18
f 1607/14/11 1608/22/11 1654/22/11 1653/14/11
f 1608/14/18 1647/299/18 1660/299/18 1654/14/18
o Cylinder.008
v -6.400000 0.200000 4.350000
v -6.400000 0.300000 4.329999
v -6.400000 0.200000 4.300000
v -6.400000 0.300000 4.280000
v -5.600000 0.200000 4.350000
v -5.600000 0.300000 4.329999
v -5.600000 0.200000 4.300000
v -5.600000 0.300000 4.280000
v -6.400000 0.600000 4.270000
v -6.400000 0.700000 4.250000
v -6.400000 0.600000 4.220000
v -6.400000 0.700000 4.200000
v -5.600000 0.600000 4.270000
v -5.600000 0.700000 4.250000
v -5.600000 0.600000 4.220000
v -5.600000 0.700000 4.200000
v -6.400000 1.000000 4.190000
v -6.400000 1.100000 4.170000
v -6.400000 1.000000 4.140000
v -6.400000 1.100000 4.120000
v -5.600000 1.000000 4.190000
v -5.600000 1.100000 4.170000
v -5.600000 1.000000 4.140000
v -5.600000 1.100000 4.120000
v -6.400000 1.400000 4.110000
v -6.400000 1.500000 4.090000
v -6.400000 1.400000 4.060000
v -6.400000 1.500000 4.040000
v -5.600000 1.400000 4.110000
v -5.600000 1.500000 4.090000
v -5.600000 1.400000 4.060000
v -5.600000 1.500000 4.040000
v -6.400000 1.800000 4.030000
v -6.400000 1.900000 4.010000
v -6.400000 1.800000 3.980000
v -6.400000 1.900000 3.960000
v -5.600000 1.800000 4.030000
v -5.600000 1.900000 4.010000
v -5.600000 1.800000 3.980000
v -5.600000 1.900000 3.960000
v -6.400000 2.200000 3.950000
v -6.400000 2.300000 3.930000
v -6.400000 2.200000 3.900000
v -6.400000 2.300000 3.880000
v -5.600000 2.200000 3.950000
v -5.600000 2.300000 3.930000
v -5.600000 2.200000 3.900000
v -5.600000 2.300000 3.880000
v -6.400000 2.600000 3.870000
v -6.400000 2.700000 3.849999
v -6.400000 2.600000 3.820000
v -6.400000 2.700000 3.800000
v -5.600000 2.600000 3.870000
v -5.600000 2.700000 3.849999
v -5.600000 2.600000 3.820000
v -5.600000 2.700000 3.800000
v -6.400000 3.000000 3.790000
v -6.400000 3.100000 3.770000
v -6.400000 3.000000 3.740000
v -6.400000 3.100000 3.720000
v -5.600000 3.000000 3.790000
v -5.600000 3.100000 3.770000
v -5.600000 3.000000 3.740000
v -5.600000 3.100000 3.720000
v -6.400000 3.400000 3.710000
v -6.400000 3.500000 3.690000
v -6.400000 3.400000 3.660000
v -6.400000 3.500000 3.640000
v -5.600000 3.400000 3.710000
v -5.600000 3.500000 3.690000
v -5.600000 3.400000 3.660000
v -5.600000 3.500000 3.640000
v -6.400000 3.800000 3.630000
v -6.400000 3.900000 3.610000
v -6.400000 3.800000 3.580000
v -6.400000 3.900000 3.560000
v -5.600000 3.800000 3.630000
v -5.600000 3.900000 3.610000
v -5.600000 3.800000 3.580000
v -5.600000 3.900000 3.560000
v -6.400000 4.200000 3.550000
v -6.400000 4.300000 3.529999
v -6.400000 4.200000 3.500000
v -6.400000 4.300000 3.480000
v -5.600000 4.200000 3.550000
v -5.600000 4.300000 3.529999
v -5.600000 4.200000 3.500000
v -5.600000 4.300000 3.480000
v -6.400000 4.600000 3.470000
v -6.400000 4.700001 3.450000
v -6.400000 4.600000 3.420000
v -6.400000 4.700001 3.400000
v -5.600000 4.600000 3.470000
v -5.600000 4.700001 3.450000
v -5.600000 4.600000 3.420000
v -5.600000 4.700001 3.400000
v -6.400000 5.000000 3.390000
v -6.400000 5.100000 3.370000
v -6.400000 5.000000 3.340000
v -6.400000 5.100000 3.320000
v -5.600000 5.000000 3.390000
v -5.600000 5.100000 3.370000
v -5.600000 5.000000 3.340000
v -5.600000 5.100000 3.320000
v -6.400000 5.400001 3.310000
v -6.400000 5.500001 3.289999
v -6.400000 5.400001 3.260000
v -6.400000 5.500001 3.240000
v -5.600000 5.400001 3.310000
v -5.600000 5.500001 3.289999
v -5.600000 5.400001 3.260000
v -5.600000 5.500001 3.240000
v -6.400000 5.800001 3.230000
v -6.400000 5.900001 3.210000
v -6.400000 5.800001 3.180000
v -6.400000 5.900001 3.160000
v -5.600000 5.800001 3.230000
v -5.600000 5.900001 3.210000
v -5.600000 5.800001 3.180000
v -5.600000 5.900001 3.160000
v -6.400000 6.200001 3.150000
v -6.400000 6.300001 3.130000
v -6.400000 6.200001 3.100000
v -6.400000 6.300001 3.080000
v -5.600000 6.200001 3.150000
v -5.600000 6.300001 3.130000
v -5.600000 6.200001 3.100000
v -5.600000 6.300001 3.080000
v -6.400000 6.600001 3.070000
v -6.400000 6.700001 3.049999
v -6.400000 6.600001 3.020000
v -6.400000 6.700001 3.000000
v -5.600000 6.600001 3.070000
v -5.600000 6.700001 3.049999
v -5.600000 6.600001 3.020000
v -5.600000 6.700001 3.000000
v -6.400000 7.000001 2.990000
v -6.400000 7.100001 2.969999
v -6.400000 7.000001 2.940000
v -6.400000 7.100001 2.920000
v -5.600000 7.000001 2.990000
v -5.600000 7.100001 2.969999
v -5.600000 7.000001 2.940000
v -5.600000 7.100001 2.920000
v -6.400000 7.400001 2.910000
v -6.400000 7.500001 2.889999
v -6.400000 7.400001 2.860000
v -6.400000 7.500001 2.840000
v -5.600000 7.400001 2.910000
v -5.600000 7.500001 2.889999
v -5.600000 7.400001 2.860000
v -5.600000 7.500001 2.840000
v -6.400000 7.800001 2.830000
v -6.400000 7.900002 2.809999
v -6.400000 7.800001 2.780000
v -6.400000 7.900002 2.760000
v -5.600000 7.800001 2.830000
v -5.600000 7.900002 2.809999
v -5.600000 7.800001 2.780000
v -5.600000 7.900002 2.760000
vn -1.0000 -0.0000 -0.0000
vn -0.0000 -0.1961 -0.9806
vn 1.0000 -0.0000 -0.0000
vn -0.0000 0.1961 0.9806
vn -0.0000 -1.0000 -0.0000
vn -0.0000 1.0000 -0.0000
vt 0.375000 0.000000
vt 0.625000 0.000000
vt 0.625000 0.250000
vt 0.375000 0.250000
vt 0.625000 0.500000
vt 0.375000 0.500000
vt 0.625000 0.750000
vt 0.375000 0.750000
vt 0.625000 1.000000
vt 0.375000 1.000000
vt 0.125000 0.500000
vt 0.125000 0.750000
vt 0.875000 0.500000
vt 0.875000 0.750000
s 0
f 1661/310/199 1662/311/199 1664/312/199 1663/313/199
f 1663/313/200 1664/312/200 1668/314/200 1667/315/200
f 1667/315/201 1668/314/201 1666/316/201 1665/317/201
f 1665/317/202 1666/316/202 1662/318/202 1661/319/202
f 1663/320/203 1667/315/203 1665/317/203 1661/321/203
f 1668/314/204 1664/322/204 1662/323/204 1666/316/204
f 1669/310/199 1670/311/199 1672/312/199 1671/313/199
f 1671/313/200 1672/312/200 1676/314/200 1675/315/200
f 1675/315/201 1676/314/201 1674/316/201 1673/317/201
f 1673/317/202 1674/316/202 1670/318/202 1669/319/202
f 1671/320/203 1675/315/203 1673/317/203 1669/321/203
f 1676/314/204 1672/322/204 1670/323/204 1674/316/204
f 1677/310/199 1678/311/199 1680/312/199 1679/313/199
f 1679/313/200 1680/312/200 1684/314/200 1683/315/200
f 1683/315/201 1684/314/201 1682/316/201 1681/317/201
f 1681/317/202 1682/316/202 1678/318/202 1677/319/202
f 1679/320/203 1683/315/203 1681/317/203 1677/321/203
f 1684/314/204 1680/322/204 1678/323/204 1682/316/204
f 1685/310/199 1686/311/199 1688/312/199 1687/313/199
f 1687/313/200 1688/312/200 1692/314/200 1691/315/200
f 1691/315/201 1692/314/201 1690/316/201 1689/317/201
f 1689/317/202 1690/316/202 1686/318/202 1685/319/202
f 1687/320/203 1691/315/203 1689/317/203 1685/321/203
f 1692/314/204 1688/322/204 1686/323/204 1690/316/204
f 1693/310/199 1694/311/199 1696/312/199 1695/313/199
f 1695/313/200 1696/312/200 1700/314/200 1699/315/200
f 1699/315/201 1700/314/201 1698/316/201 1697/317/201
f 1697/317/202 1698/316/202 1694/318/202 1693/319/202
f 1695/320/203 1699/315/203 1697/317/203 1693/321/203
f 1700/314/204 1696/322/204 1694/323/204 1698/316/204
f 1701/310/199 1702/311/199 1704/312/199 1703/313/199
f 1703/313/200 1704/312/200 1708/314/200 1707/315/200
f 1707/315/201 1708/314/201 1706/316/201 1705/317/201
f 1705/317/202 1706/316/202 1702/318/202 1701/319/202
f 1703/320/203 1707/315/203 1705/317/203 1701/321/203
f 1708/314/204 1704/322/204 1702/323/204 1706/316/204
f 1709/310/199 1710/311/199 1712/312/199 1711/313/199
f 1711/313/200 1712/312/200 1716/314/200 1715/315/200
f 1715/315/201 1716/314/201 1714/316/201 1713/317/201
f 1713/317/202 1714/316/202 1710/318/202 1709/319/202
f 1711/320/203 1715/315/203 1713/317/203 1709/321/203
f 1716/314/204 1712/322/204 1710/323/204 1714/316/204
f 1717/310/199 1718/311/199 1720/312/199 1719/313/199
f 1719/313/200 1720/312/200 1724/314/200 1723/315/200
f 1723/315/201 1724/314/201 1722/316/201 1721/317/201
f 1721/317/202 1722/316/202 1718/318/202 1717/319/202
f 1719/320/203 1723/315/203 1721/317/203 1717/321/203
f 1724/314/204 1720/322/204 1718/323/204 1722/316/204
f 1725/310/199 1726/311/199 1728/312/199 1727/313/199
f 1727/313/200 1728/312/200 1732/314/200 1731/315/200
f 1731/315/201 1732/314/201 1730/316/201 1729/317/201
f 1729/317/202 1730/316/202 1726/318/202 1725/319/202
f 1727/320/203 1731/315/203 1729/317/203 1725/321/203
f 1732/314/204 1728/322/204 1726/323/204 1730/316/204
f 1733/310/199 1734/311/199 1736/312/199 1735/313/199
f 1735/313/200 1736/312/200 1740/314/200 1739/315/200
f 1739/315/201 1740/314/201 1738/316/201 1737/317/201
f 1737/317/202 1738/316/202 1734/318/202 1733/319/202
f 1735/320/203 1739/315/203 1737/317/203 1733/321/203
f 1740/314/204 1736/322/204 1734/323/204 1738/316/204
f 1741/310/199 1742/311/199 1744/312/199 1743/313/199
f 1743/313/200 1744/312/200 1748/314/200 1747/315/200
f 1747/315/201 1748/314/201 1746/316/201 1745/317/201
f 1745/317/202 1746/316/202 1742/318/202 1741/319/202
f 1743/320/203 1747/315/203 1745/317/203 1741/321/203
f 1748/314/204 1744/322/204 1742/323/204 1746/316/204
f 1749/310/199 1750/311/199 1752/312/199 1751/313/199
f 1751/313/200 1752/312/200 1756/314/200 1755/315/200
f 1755/315/201 1756/314/201 1754/316/201 1753/317/201
f 1753/317/202 1754/316/202 1750/318/202 1749/319/202
f 1751/320/203 1755/315/203 1753/317/203 1749/321/203
f 1756/314/204 1752/322/204 1750/323/204 1754/316/204
f 1757/310/199 1758/311/199 1760/312/199 1759/313/199
f 1759/313/200 1760/312/200 1764/314/200 1763/315/200
f 1763/315/201 1764/314/201 1762/316/201 1761/317/201
f 1761/317/202 1762/316/202 1758/318/202 1757/319/202
f 1759/320/203 1763/315/203 1761/317/203 1757/321/203
f 1764/314/204 1760/322/204 1758/323/204 1762/316/204
f 1765/310/199 1766/311/199 1768/312/199 1767/313/199
f 1767/313/200 1768/312/200 1772/314/200 1771/315/200
f 1771/315/201 1772/314/201 1770/316/201 1769/317/201
f 1769/317/202 1770/316/202 1766/318/202 1765/319/202
f 1767/320/203 1771/315/203 1769/317/203 1765/321/203
f 1772/314/204 1768/322/204 1766/323/204 1770/316/204
f 1773/310/199 1774/311/199 1776/312/199 1775/313/199
f 1775/313/200 1776/312/200 1780/314/200 1779/315/200
f 1779/315/201 1780/314/201 1778/316/201 1777/317/201
f 1777/317/202 1778/316/202 1774/318/202 1773/319/202
f 1775/320/203 1779/315/203 1777/317/203 1773/321/203
f 1780/314/204 1776/322/204 1774/323/204 1778/316/204
f 1781/310/199 1782/311/199 1784/312/199 1783/313/199
f 1783/313/200 1784/312/200 1788/314/200 1787/315/200
f 1787/315/201 1788/314/201 1786/316/201 1785/317/201
f 1785/317/202 1786/316/202 1782/318/202 1781/319/202
f 1783/320/203 1787/315/203 1785/317/203 1781/321/203
f 1788/314/204 1784/322/204 1782/323/204 1786/316/204
f 1789/310/199 1790/311/199 1792/312/199 1791/313/199
f 1791/313/200 1792/312/200 1796/314/200 1795/315/200
f 1795/315/201 1796/314/201 1794/316/201 1793/317/201
f 1793/317/202 1794/316/202 1790/318/202 1789/319/202
f 1791/320/203 1795/315/203 1793/317/203 1789/321/203
f 1796/314/204 1792/322/204 1790/323/204 1794/316/204
f 1797/310/199 1798/311/199 1800/312/199 1799/313/199
f 1799/313/200 1800/312/200 1804/314/200 1803/315/200
f 1803/315/201 1804/314/201 1802/316/201 1801/317/201
f 1801/317/202 1802/316/202 1798/318/202 1797/319/202
f 1799/320/203 1803/315/203 1801/317/203 1797/321/203
f 1804/314/204 1800/322/204 1798/323/204 1802/316/204
f 1805/310/199 1806/311/199 1808/312/199 1807/313/199
f 1807/313/200 1808/312/200 1812/314/200 1811/315/200
f 1811/315/201 1812/314/201 1810/316/201 1809/317/201
f 1809/317/202 1810/316/202 1806/318/202 1805/319/202
f 1807/320/203 1811/315/203 1809/317/203 1805/321/203
f 1812/314/204 1808/322/204 1806/323/204 1810/316/204
f 1813/310/199 1814/311/199 1816/312/199 1815/313/199
f 1815/313/200 1816/312/200 1820/314/200 1819/315/200
f 1819/315/201 1820/314/201 1818/316/201 1817/317/201
f 1817/317/202 1818/316/202 1814/318/202 1813/319/202
f 1815/320/203 1819/315/203 1817/317/203 1813/321/203
f 1820/314/204 1816/322/204 1814/323/204 1818/316/204
