# Blender 5.1.0
# www.blender.org
mtllib DestroyedSentry.mtl
g DestroyedSentry_Mesh
v -0.122659 0.013635 0.217507
v -0.067164 0.051143 0.240166
v 0.074331 0.032445 0.034912
v 0.097327 0.080653 0.119453
v -0.114345 -0.003047 0.224758
v -0.058850 0.034461 0.247418
v 0.105641 0.063971 0.126704
v -0.174837 0.019623 -0.043876
v -0.138461 0.031365 0.247739
v -0.135597 0.022112 -0.036526
v -0.099221 0.033854 0.255089
v -0.173695 -0.000333 -0.043215
v -0.137319 0.011408 0.248400
v -0.134455 0.002156 -0.035865
v -0.098079 0.013897 0.255750
v -0.081269 0.010466 0.231712
v -0.093741 0.035489 0.220836
v -0.098390 0.029343 0.212025
v -0.111119 0.019814 0.204698
v -0.089368 0.001062 0.219364
v -0.116410 0.017163 0.204667
v -0.103939 -0.007860 0.215544
v -0.127038 0.012985 0.207240
v -0.136615 0.011008 0.213673
v -0.124143 -0.014015 0.224550
v -0.143683 0.011534 0.222988
v -0.147168 0.014482 0.233767
v -0.133523 -0.012808 0.238083
v -0.146537 0.019405 0.244369
v -0.141888 0.025552 0.253179
v -0.132797 -0.002763 0.260360
v -0.133927 0.031987 0.258856
v -0.121456 0.006964 0.269733
v -0.123868 0.037731 0.260537
v -0.116688 0.010057 0.271383
v -0.113240 0.041910 0.257964
v -0.100769 0.016886 0.268841
v -0.103663 0.043886 0.251531
v -0.096594 0.043360 0.242216
v -0.087059 0.019083 0.258177
v -0.092627 0.038264 0.225943
v 0.006136 0.016806 0.117644
v 0.000574 0.045266 0.109958
v 0.006812 0.016104 0.114556
v -0.004719 0.039565 0.092677
v -0.007845 0.038387 0.090576
v 0.001033 0.011088 0.100166
v -0.014938 0.036322 0.088064
v -0.022606 0.034931 0.088464
v -0.017044 0.006471 0.096150
v -0.029682 0.034427 0.091717
v -0.024120 0.005967 0.099403
v -0.035088 0.034885 0.097326
v -0.038000 0.036237 0.104438
v -0.031892 0.007045 0.109018
v -0.037977 0.038276 0.111971
v -0.032415 0.009816 0.119657
v -0.035020 0.040692 0.118777
v -0.029458 0.012232 0.126463
v -0.029581 0.043117 0.123820
v -0.027145 0.013479 0.129406
v -0.022488 0.045182 0.126333
v -0.016926 0.016722 0.134019
v -0.014819 0.046572 0.125932
v -0.007744 0.047077 0.122680
v -0.004785 0.018628 0.132292
v -0.002338 0.046618 0.117070
v 0.003224 0.018158 0.124757
v -0.095022 0.016033 0.101709
v -0.100584 0.044493 0.094022
v -0.101554 0.041284 0.082843
v -0.094346 0.015331 0.098620
v -0.109003 0.037614 0.074641
v -0.099723 0.010555 0.084825
v -0.116097 0.035549 0.072128
v -0.110535 0.007088 0.079814
v -0.123765 0.034158 0.072529
v -0.118203 0.005698 0.080215
v -0.130840 0.033654 0.075781
v -0.122675 0.005182 0.081541
v -0.136246 0.034112 0.081390
v -0.139159 0.035464 0.088503
v -0.132673 0.006173 0.092444
v -0.139135 0.037503 0.096035
v -0.136179 0.039919 0.102841
v -0.130617 0.011458 0.110528
v -0.130740 0.042344 0.107884
v -0.123646 0.044409 0.110397
v -0.122563 0.014841 0.117224
v -0.115978 0.045799 0.109997
v -0.110416 0.017339 0.117683
v -0.108902 0.046303 0.106744
v -0.101258 0.045397 0.097856
v -0.100229 0.017796 0.112004
v -0.187612 0.027480 -0.087178
v -0.191320 0.027918 -0.067529
v -0.109132 0.032458 -0.072478
v -0.112840 0.032896 -0.052829
v -0.185328 -0.012433 -0.085856
v -0.189036 -0.011995 -0.066207
v -0.106848 -0.007455 -0.071156
v -0.110556 -0.007017 -0.051507
v -0.119905 0.032707 0.103392
v 0.054095 0.100004 0.226661
v -0.116130 0.028277 0.084257
v 0.057869 0.095574 0.207527
v -0.118051 0.023220 0.105954
v 0.055949 0.090517 0.229224
v -0.114276 0.018790 0.086820
v 0.059723 0.086087 0.210089
v -0.113461 0.032918 0.251323
v -0.105147 0.016236 0.258574
v -0.003468 0.066427 0.202296
v 0.082645 0.015763 0.042163
v 0.004846 0.049745 0.209547
v -0.134170 -0.002833 -0.035699
v -0.135883 0.027101 -0.036691
v -0.136553 0.026699 -0.047670
v -0.133622 -0.002931 -0.039605
v -0.137294 -0.003508 -0.050669
v -0.144569 0.025928 -0.057112
v -0.151795 0.025418 -0.060014
v -0.146250 -0.004267 -0.058115
v -0.159585 0.024975 -0.059925
v -0.157872 -0.004959 -0.058933
v -0.166754 0.024667 -0.056858
v -0.172210 0.024539 -0.051280
v -0.167749 -0.005364 -0.054093
v -0.175123 0.024612 -0.044041
v -0.175048 0.024875 -0.036242
v -0.174231 -0.005240 -0.039140
v -0.171998 0.025287 -0.029071
v -0.170285 -0.004648 -0.028079
v -0.166437 0.025786 -0.023620
v -0.167914 -0.004408 -0.024935
v -0.159211 0.026295 -0.020718
v -0.157498 -0.003639 -0.019726
v -0.151420 0.026738 -0.020807
v -0.144251 0.027047 -0.023874
v -0.145171 -0.002976 -0.020999
v -0.137082 -0.002760 -0.028460
v -0.166224 0.019496 -0.062605
v -0.169932 0.019934 -0.042957
v -0.136794 0.021362 -0.057093
v -0.140502 0.021801 -0.037444
v -0.165082 -0.000461 -0.061944
v -0.168790 -0.000022 -0.042296
v -0.135652 0.001406 -0.056432
v -0.139360 0.001845 -0.036783
v -0.057823 0.073327 -0.199757
v -0.051843 0.056578 0.074257
v -0.032105 0.151719 0.097889
v -0.058058 -0.004262 -0.352662
v -0.038219 0.069425 -0.200423
v -0.032238 0.052676 0.073591
v -0.012500 0.147818 0.097223
v 0.003947 0.073636 0.023091
v 0.151121 0.173401 0.080423
v -0.036655 0.055258 0.089527
v 0.110519 0.155023 0.146859
v 0.025285 0.040010 0.026829
v 0.172458 0.139774 0.084162
v -0.015317 0.021632 0.093265
v 0.131857 0.121396 0.150598
v -0.014920 0.066710 -0.038522
v 0.017087 0.016271 -0.032914
v -0.038726 0.050297 -0.050278
v -0.006719 -0.000143 -0.044670
v -0.065089 0.033584 -0.050130
v -0.033082 -0.016855 -0.044522
v -0.089995 0.019117 -0.038101
v -0.057989 -0.031322 -0.032493
v -0.109653 0.009098 -0.016021
v -0.077647 -0.041342 -0.010413
v -0.121070 0.005051 0.012747
v -0.089064 -0.045388 0.018355
v -0.122508 0.007594 0.043825
v -0.090501 -0.042845 0.049432
v -0.113747 0.016339 0.072480
v -0.081741 -0.034101 0.078088
v -0.096123 0.029954 0.094351
v -0.064116 -0.020485 0.099958
v -0.072316 0.046368 0.106107
v -0.040310 -0.004072 0.111715
v -0.045953 0.063080 0.105959
v -0.013947 0.012641 0.111567
v -0.021047 0.077547 0.093930
v 0.010960 0.027108 0.099537
v -0.001389 0.087567 0.071850
v 0.030618 0.037128 0.077458
v 0.010028 0.091613 0.043082
v 0.042035 0.041174 0.048689
v 0.011466 0.089070 0.012004
v 0.043473 0.038631 0.017612
v 0.002705 0.080326 -0.016651
v 0.034712 0.029886 -0.011044
v -0.050000 0.000000 0.050000
v -0.054715 0.103746 0.013702
v 0.062911 0.080337 0.009704
v -0.056728 0.093594 0.013941
v 0.060899 0.070185 0.009943
v -0.058278 0.084885 0.019320
v 0.059349 0.061476 0.015322
v -0.058951 0.079954 0.028398
v 0.058676 0.056544 0.024400
v -0.058566 0.080121 0.038742
v 0.059060 0.056711 0.034744
v -0.057227 0.085342 0.047581
v 0.060400 0.061932 0.043583
v -0.055292 0.094218 0.052547
v 0.062335 0.070808 0.048549
v -0.053279 0.104370 0.052308
v 0.064348 0.080961 0.048310
v -0.051729 0.113079 0.046929
v 0.065898 0.089669 0.042931
v -0.051056 0.118010 0.037851
v 0.066571 0.094601 0.033853
v -0.051441 0.117843 0.027507
v 0.066186 0.094434 0.023509
v -0.052780 0.112622 0.018668
v 0.065665 0.092661 0.018572
v -0.073427 0.023432 -0.366691
v -0.053822 0.019531 -0.367358
v -0.077662 -0.000361 -0.351996
v -0.048242 0.116133 -0.168519
v -0.028638 0.112231 -0.169185
v -0.074562 0.002572 -0.424287
v -0.064231 0.015573 -0.435433
v -0.081987 0.010144 -0.390673
v -0.052581 0.004291 -0.391673
v -0.084000 -0.000009 -0.390434
v -0.054593 -0.005861 -0.391434
v -0.085550 -0.008718 -0.385055
v -0.056143 -0.014570 -0.386055
v -0.086223 -0.013649 -0.375978
v -0.056816 -0.019501 -0.376977
v -0.085838 -0.013482 -0.365633
v -0.056431 -0.019334 -0.366633
v -0.084499 -0.008261 -0.356794
v -0.055092 -0.014113 -0.357794
v -0.082563 0.000615 -0.351829
v -0.053157 -0.005238 -0.352829
v -0.080551 0.010767 -0.352068
v -0.051144 0.004915 -0.353067
v -0.079001 0.019476 -0.357447
v -0.049594 0.013624 -0.358446
v -0.078328 0.024408 -0.366525
v -0.048921 0.018555 -0.367524
v -0.078713 0.024241 -0.376869
v -0.049306 0.018388 -0.377869
v -0.080052 0.019020 -0.385708
v -0.059001 0.065095 -0.372821
v -0.069332 0.052094 -0.361675
v -0.030081 -0.002056 -0.424343
v -0.040412 -0.015057 -0.413197
v -0.024851 0.047466 -0.361731
v -0.035182 0.034465 -0.350585
v -0.075049 -0.002456 -0.394716
v -0.064717 0.010545 -0.405862
v -0.062102 0.035306 -0.374556
v -0.072433 0.022305 -0.363410
v -0.047642 0.001731 -0.400316
v -0.057974 -0.011270 -0.389170
v -0.045027 0.026491 -0.369010
v -0.055358 0.013490 -0.357864
v 0.148449 0.030248 -0.110332
v 0.152390 -0.026835 -0.092274
v 0.134220 0.031268 -0.104001
v 0.138161 -0.025814 -0.085943
v 0.123497 0.034009 -0.092997
v 0.127438 -0.023073 -0.074939
v 0.117912 0.038053 -0.078996
v 0.121853 -0.019029 -0.060937
v 0.118316 0.042784 -0.064128
v 0.122257 -0.014298 -0.046070
v 0.124646 0.047482 -0.050658
v 0.128587 -0.009600 -0.032600
v 0.135940 0.051432 -0.040637
v 0.139881 -0.005650 -0.022579
v 0.150478 0.054033 -0.035589
v 0.154419 -0.003049 -0.017531
v 0.166046 0.054888 -0.036284
v 0.169987 -0.002194 -0.018226
v 0.180275 0.053868 -0.042615
v 0.184216 -0.003215 -0.024557
v 0.190998 0.051127 -0.053619
v 0.194939 -0.005955 -0.035561
v 0.196583 0.047083 -0.067621
v 0.200524 -0.009999 -0.049563
v 0.196179 0.042352 -0.082488
v 0.200120 -0.014730 -0.064430
v 0.189849 0.037653 -0.095958
v 0.193790 -0.019429 -0.077900
v 0.178555 0.033703 -0.105979
v 0.182496 -0.023379 -0.087921
v 0.164017 0.031103 -0.111027
v 0.167959 -0.025980 -0.092969
v 0.173110 0.196245 0.160389
v 0.132509 0.177867 0.226826
v 0.153847 0.144240 0.230564
v 0.194448 0.162618 0.164128
v -0.064398 0.082395 -0.146142
v 0.053229 0.058985 -0.150140
v -0.066410 0.072242 -0.145903
v 0.051217 0.048833 -0.149902
v -0.067960 0.063533 -0.140524
v 0.049666 0.040124 -0.144523
v -0.068633 0.058602 -0.131447
v 0.048993 0.035193 -0.135445
v -0.068249 0.058769 -0.121102
v 0.049378 0.035360 -0.125100
v -0.066909 0.063990 -0.112263
v 0.050718 0.040581 -0.116261
v -0.064974 0.072866 -0.107298
v 0.052653 0.049456 -0.111296
v -0.062961 0.083018 -0.107537
v 0.054665 0.059609 -0.111535
v -0.061411 0.091727 -0.112916
v 0.056216 0.068318 -0.116914
v -0.060738 0.096659 -0.121994
v 0.056888 0.073249 -0.125992
v -0.061123 0.096491 -0.132338
v 0.056504 0.073082 -0.136336
v -0.062463 0.091270 -0.141177
v 0.055164 0.067861 -0.145175
v -0.093561 0.012571 -0.046939
v 0.162961 0.029701 -0.048777
v -0.102359 0.000250 -0.083963
v 0.154162 0.017380 -0.085801
v -0.092247 -0.006457 -0.040919
v 0.164274 0.010673 -0.042757
v -0.101046 -0.018777 -0.077944
v 0.155476 -0.001647 -0.079781
v 0.033990 0.103797 0.029931
v 0.034355 0.104960 0.009968
v 0.055601 0.117987 0.031152
v 0.055966 0.119150 0.011189
v 0.067199 0.141072 0.032709
v 0.067564 0.142235 0.012746
v 0.065677 0.166867 0.034184
v 0.066042 0.168030 0.014221
v 0.051443 0.188460 0.035182
v 0.051807 0.189623 0.015219
v 0.028310 0.200065 0.035436
v 0.028674 0.201228 0.015473
v 0.002477 0.198573 0.034877
v 0.002842 0.199736 0.014914
v -0.019134 0.184383 0.033656
v -0.018769 0.185546 0.013693
v -0.030732 0.161298 0.032099
v -0.030367 0.162461 0.012136
v -0.029210 0.135503 0.030624
v -0.028845 0.136666 0.010661
v -0.014975 0.113910 0.029626
v -0.014611 0.115073 0.009663
v 0.008158 0.102305 0.029372
v 0.008522 0.103468 0.009409
v 0.030110 0.110948 0.070351
v 0.030839 0.113275 0.030425
v 0.047399 0.122300 0.071328
v 0.048128 0.124627 0.031402
v 0.056677 0.140769 0.072573
v 0.057406 0.143095 0.032648
v 0.055460 0.161405 0.073753
v 0.056189 0.163731 0.033828
v 0.044072 0.178679 0.074552
v 0.044801 0.181005 0.034626
v 0.025566 0.187963 0.074755
v 0.026295 0.190289 0.034829
v 0.004899 0.186769 0.074308
v 0.005628 0.189095 0.034382
v -0.012389 0.175417 0.073331
v -0.011660 0.177743 0.033405
v -0.021668 0.156949 0.072085
v -0.020939 0.159275 0.032160
v -0.020450 0.136313 0.070905
v -0.019721 0.138639 0.030980
v -0.009063 0.119039 0.070107
v -0.008333 0.121365 0.030181
v 0.009444 0.109755 0.069904
v 0.010173 0.112081 0.029978
v -0.019522 0.067884 0.078422
v 0.039138 0.055776 0.081942
v -0.021691 0.057974 0.080484
v 0.036969 0.045865 0.084004
v -0.023653 0.050462 0.087332
v 0.035007 0.038354 0.090852
v -0.024881 0.047362 0.097134
v 0.033779 0.035254 0.100654
v -0.025046 0.049505 0.107261
v 0.033614 0.037396 0.110781
v -0.024105 0.056316 0.115001
v 0.034555 0.044207 0.118521
v -0.022309 0.065970 0.118279
v 0.036351 0.053862 0.121799
v -0.020139 0.075881 0.116217
v 0.038521 0.063773 0.119738
v -0.018178 0.083393 0.109369
v 0.040482 0.071284 0.112889
v -0.016950 0.086492 0.099567
v 0.041710 0.074384 0.103087
v -0.016784 0.084350 0.089440
v 0.041876 0.072241 0.092960
v -0.017726 0.077539 0.081700
v 0.041688 0.069920 0.088102
v -0.004535 0.047239 0.098550
v -0.003571 0.081584 0.200626
v 0.001810 0.078543 0.100498
v 0.002774 0.112888 0.202574
v 0.015019 0.043203 0.099724
v 0.015983 0.077548 0.201800
v 0.021364 0.074507 0.101671
v 0.022328 0.108852 0.203747
v -0.003893 0.099202 0.181378
v 0.025437 0.093148 0.183138
v -0.006062 0.089291 0.183440
v 0.023268 0.083237 0.185200
v -0.008024 0.081780 0.190288
v 0.021306 0.075725 0.192048
v -0.009252 0.078680 0.200090
v 0.020078 0.072626 0.201850
v -0.009417 0.080822 0.210217
v 0.019913 0.074768 0.211977
v -0.008476 0.087633 0.217957
v 0.020854 0.081579 0.219717
v -0.006680 0.097288 0.221235
v 0.022650 0.091234 0.222995
v -0.004510 0.107199 0.219174
v 0.024820 0.101144 0.220934
v -0.002549 0.114710 0.212325
v 0.026781 0.108656 0.214085
v -0.001321 0.117810 0.202523
v 0.028009 0.111756 0.204284
v -0.001155 0.115667 0.192396
v 0.028175 0.109613 0.194156
v -0.002097 0.108856 0.184657
v 0.046179 0.037070 0.070925
v 0.065917 0.132212 0.094557
v 0.000755 -0.015967 -0.354661
v 0.020595 0.057720 -0.202422
v 0.026575 0.040971 0.071592
v 0.046313 0.136113 0.095224
v 0.024596 0.003924 -0.370023
v 0.046179 0.037070 0.070925
v 0.004991 0.007826 -0.369357
v 0.020360 -0.019868 -0.355327
v 0.049780 0.096625 -0.171851
v 0.030176 0.100527 -0.171184
v 0.040199 0.053819 -0.203089
v 0.072546 0.015055 -0.289740
v 0.081449 -0.002855 -0.289678
v 0.025837 -0.011315 -0.394338
v -0.003570 -0.005463 -0.393339
v 0.023825 -0.021467 -0.394099
v -0.005582 -0.015615 -0.393100
v 0.022274 -0.030176 -0.388720
v -0.007132 -0.024324 -0.387721
v 0.021601 -0.035108 -0.379642
v -0.007805 -0.029255 -0.378643
v 0.021986 -0.034941 -0.369298
v -0.007420 -0.029088 -0.368299
v 0.023326 -0.029720 -0.360459
v -0.006081 -0.023867 -0.359460
v 0.025261 -0.020844 -0.355494
v -0.004146 -0.014991 -0.354495
v 0.027273 -0.010691 -0.355733
v -0.002133 -0.004839 -0.354733
v 0.028824 -0.001982 -0.361112
v -0.000583 0.003870 -0.360112
v 0.029497 0.002949 -0.370190
v 0.000090 0.008801 -0.369190
v 0.029112 0.002782 -0.380534
v -0.000295 0.008634 -0.379534
v 0.027772 -0.002439 -0.389373
v 0.096405 0.004307 -0.367940
v 0.087502 0.022216 -0.368002
v 0.046420 -0.020297 -0.297968
v 0.037517 -0.002388 -0.298030
v 0.061376 -0.013135 -0.376230
v 0.052473 0.004774 -0.376293
v 0.058625 0.030394 -0.311441
v 0.067528 0.012484 -0.311378
v 0.075006 0.016065 -0.350509
v 0.066103 0.033975 -0.350572
v 0.050013 0.003763 -0.315523
v 0.041110 0.021673 -0.315586
v 0.057491 0.007344 -0.354655
v 0.048589 0.025254 -0.354717
v 0.075710 0.137311 0.132729
v 0.089244 0.147120 0.143713
v 0.114621 0.153082 0.052496
v 0.128154 0.162891 0.063480
v 0.102383 0.095278 0.137402
v 0.115916 0.105087 0.148386
v 0.141293 0.111049 0.057169
v 0.154826 0.120858 0.068153
v 0.008751 0.098441 0.223730
v -0.003605 0.043605 0.241023
v 0.076954 0.145248 0.226613
v 0.065879 0.087823 0.232802
v 0.052425 0.033191 0.249921
v 0.120628 0.079998 0.252804
v 0.051316 0.035201 0.255464
v 0.064641 0.089277 0.238490
v 0.075598 0.146132 0.232391
v -0.102243 0.127172 0.245052
v -0.058648 0.057900 0.248866
v -0.047510 0.112427 0.231761
v -0.034365 0.168831 0.225792
v 0.118833 0.081538 0.258318
v -0.003577 0.045404 0.246746
v -0.103854 0.126336 0.239333
v -0.035287 0.168417 0.219878
v -0.048561 0.111445 0.225935
v -0.059816 0.056360 0.243186
v 0.102722 0.141565 0.236027
v 0.115522 0.108379 0.249584
v 0.116001 0.135635 0.241578
v 0.124352 0.123424 0.246540
v 0.113521 0.053309 0.261002
v 0.078193 0.029509 0.259335
v 0.106079 0.039948 0.263903
v 0.093149 0.031236 0.263293
v -0.107129 0.100600 0.253220
v -0.084119 0.064761 0.255052
v -0.096936 0.092211 0.253479
v -0.097525 0.072343 0.257313
v -0.059836 0.175694 0.231978
v -0.095357 0.154378 0.242034
v -0.074917 0.175620 0.235832
v -0.087919 0.167818 0.239513
v 0.076535 0.031599 0.264692
v 0.111864 0.055396 0.266361
v 0.091489 0.033327 0.268656
v 0.104420 0.042038 0.269266
v 0.113620 0.109349 0.255175
v 0.100818 0.142532 0.241618
v 0.122448 0.124394 0.252136
v 0.114096 0.136604 0.247174
v -0.096831 0.154105 0.236240
v -0.061312 0.175425 0.226184
v -0.089396 0.167545 0.233714
v -0.076395 0.175349 0.230033
v -0.085841 0.063368 0.249492
v -0.108848 0.099210 0.247658
v -0.099248 0.070950 0.251748
v -0.098658 0.090819 0.247912
v 0.011289 0.138994 0.320928
v 0.008300 0.134989 0.311562
v 0.005668 0.126747 0.305803
v 0.007418 0.115709 0.305346
v 0.000794 0.107367 0.310263
v 0.002907 0.100702 0.328893
v 0.012475 0.111734 0.326715
v 0.019878 0.134005 0.317520
v 0.017900 0.124569 0.308754
v 0.017152 0.114245 0.308554
v 0.013709 0.105423 0.312736
v 0.006215 0.100591 0.318806
v 0.015409 0.125137 0.323927
v -0.058045 0.138385 0.229965
v 0.024192 0.114283 0.316144
v 0.012915 0.100650 0.326424
v -0.055112 0.151787 0.227177
v -0.001212 0.114560 0.325894
v 0.025669 0.125686 0.319066
v 0.026652 0.115812 0.326084
v 0.021148 0.105113 0.323700
v 0.001722 0.127962 0.323106
v -0.068207 0.139878 0.233981
v 0.017294 0.136717 0.329167
v 0.023720 0.128186 0.332271
v 0.023872 0.118422 0.335709
v 0.019529 0.109040 0.336253
v -0.065273 0.153280 0.231193
v -0.080151 0.085311 0.245331
v 0.016598 0.121415 0.342440
v 0.013230 0.111632 0.342083
v 0.010660 0.103053 0.335487
v -0.077218 0.098714 0.242543
v -0.001212 0.114560 0.325894
v 0.013142 0.132538 0.339778
v 0.006779 0.123987 0.344475
v -0.000406 0.114721 0.343135
v 0.001722 0.127962 0.323106
v -0.070619 0.080947 0.241912
v 0.000487 0.134273 0.337084
v -0.002955 0.125451 0.341267
v 0.001722 0.127962 0.323106
v -0.001212 0.114560 0.325894
v 0.005738 0.139610 0.329632
v -0.007701 0.133815 0.325713
v -0.009995 0.125413 0.333676
v -0.011473 0.114010 0.330755
v -0.001161 0.105716 0.337175
v 0.075054 0.064885 0.247690
v 0.072121 0.051483 0.250477
v -0.012455 0.123884 0.323737
v 0.015409 0.125137 0.323927
v 0.012475 0.111734 0.326715
v 0.001113 0.138092 0.318750
v -0.005333 0.130656 0.313568
v -0.009676 0.121274 0.314112
v -0.009524 0.111510 0.317550
v -0.005538 0.103827 0.323490
v 0.085075 0.065214 0.252282
v 0.082141 0.051811 0.255070
v -0.002402 0.118281 0.307381
v 0.099628 0.119780 0.240932
v 0.096694 0.106378 0.243720
v 0.068627 0.096192 0.268020
v 0.068330 0.084637 0.260121
v 0.090236 0.122323 0.235743
v 0.087302 0.108921 0.238530
v 0.054822 0.097737 0.266280
v 0.054524 0.086183 0.258381
v -0.067685 0.094349 0.239124
v 0.012475 0.111734 0.326715
v 0.015409 0.125137 0.323927
v 0.012193 0.063661 0.217192
v 0.008204 0.045733 0.221989
v 0.015388 0.083640 0.232672
v 0.008251 0.051525 0.241132
v -0.007361 0.067698 0.216019
v -0.011349 0.049769 0.220816
v -0.004166 0.087676 0.231499
v -0.011302 0.055561 0.239959
v -0.003142 0.091801 0.228627
v 0.001054 0.110872 0.224304
v -0.002863 0.086914 0.207179
v 0.001333 0.105985 0.202856
v 0.016411 0.087765 0.229801
v 0.020607 0.106836 0.225477
v 0.016690 0.082878 0.208352
v 0.020886 0.101949 0.204029
v 0.031204 0.114438 0.010462
v 0.031933 0.116764 -0.029463
v 0.048492 0.125790 0.011439
v 0.049221 0.128116 -0.028486
v 0.057771 0.144258 0.012685
v 0.058500 0.146584 -0.027241
v 0.056553 0.164894 0.013865
v 0.057282 0.167220 -0.026061
v 0.045165 0.182168 0.014664
v 0.045895 0.184494 -0.025262
v 0.026659 0.191452 0.014867
v 0.027388 0.193778 -0.025059
v 0.005993 0.190258 0.014420
v 0.006722 0.192584 -0.025506
v -0.011296 0.178906 0.013442
v -0.010567 0.181233 -0.026483
v -0.020574 0.160438 0.012197
v -0.019845 0.162764 -0.027729
v -0.019357 0.139802 0.011017
v -0.018628 0.142128 -0.028909
v -0.007969 0.122528 0.010218
v -0.007240 0.124854 -0.029707
v 0.010537 0.113244 0.010015
v 0.011266 0.115570 -0.029910
v 0.127708 -0.004890 0.091025
v 0.227100 0.020423 -0.006342
v 0.227100 0.020423 -0.006342
v 0.138107 -0.025186 -0.006340
v 0.142565 -0.011960 -0.008620
v 0.213760 0.024527 -0.008622
v 0.216701 0.040719 0.091023
v 0.203361 0.044823 0.088743
v 0.132166 0.008336 0.088745
v 0.083301 0.081758 0.068221
v 0.093699 0.061463 -0.029144
v 0.173793 0.102510 -0.029146
v 0.182693 0.107071 -0.029146
v 0.172294 0.127367 0.068219
v 0.092200 0.086319 0.068221
v 0.102599 0.066023 -0.029144
v 0.163395 0.122806 0.068219
v 0.103884 0.019666 0.011468
v 0.210676 0.074397 0.011465
v 0.108046 0.011545 0.016357
v 0.214838 0.066276 0.016354
v 0.110536 0.006688 0.025154
v 0.217328 0.061418 0.025151
v 0.110686 0.006396 0.035502
v 0.217478 0.061126 0.035499
v 0.108456 0.010747 0.044627
v 0.215248 0.065477 0.044624
v 0.104444 0.018576 0.050085
v 0.211236 0.073306 0.050083
v 0.099725 0.027784 0.050414
v 0.206517 0.082515 0.050411
v 0.095562 0.035905 0.045524
v 0.202355 0.090636 0.045522
v 0.093073 0.040763 0.036727
v 0.199865 0.095493 0.036725
v 0.092923 0.041055 0.026380
v 0.199715 0.095785 0.026377
v 0.095153 0.036704 0.017254
v 0.201945 0.091434 0.017252
v 0.099165 0.028875 0.011796
v 0.203592 0.088221 0.013253
v 0.035084 0.107286 -0.029958
v 0.035266 0.107868 -0.039939
v 0.056695 0.121476 -0.028737
v 0.056877 0.122058 -0.038718
v 0.068293 0.144562 -0.027180
v 0.068475 0.145143 -0.037161
v 0.066771 0.170357 -0.025705
v 0.066953 0.170938 -0.035686
v 0.052536 0.191949 -0.024707
v 0.052719 0.192531 -0.034688
v 0.029403 0.203554 -0.024453
v 0.029586 0.204136 -0.034434
v 0.003571 0.202062 -0.025012
v 0.003753 0.202644 -0.034993
v -0.018040 0.187872 -0.026233
v -0.017858 0.188454 -0.036214
v -0.029638 0.164787 -0.027790
v -0.029456 0.165368 -0.037771
v -0.028116 0.138992 -0.029265
v -0.027934 0.139573 -0.039246
v -0.013882 0.117399 -0.030263
v -0.013699 0.117981 -0.040244
v 0.009251 0.105794 -0.030517
v 0.009434 0.106375 -0.040498
v 0.142673 0.119383 -0.035987
v 0.151572 0.123944 -0.035987
v 0.141173 0.144240 0.061378
v 0.132274 0.139679 0.061378
v 0.087777 0.116874 0.061379
v 0.098176 0.096579 -0.035986
v 0.096676 0.121435 0.061379
v 0.107075 0.101140 -0.035986
v 0.099586 0.203455 -0.027302
v 0.108486 0.208016 -0.027302
v 0.104326 0.216134 0.011644
v 0.095427 0.211574 0.011644
v 0.050930 0.188769 0.011646
v 0.055089 0.180651 -0.027300
v 0.059829 0.193330 0.011645
v 0.063989 0.185212 -0.027301
v 0.089659 0.099019 -0.152641
v -0.046671 0.125453 -0.070085
v 0.057444 0.097586 -0.176309
v -0.078885 0.124020 -0.093753
v 0.091350 0.118640 -0.156131
v -0.044979 0.145074 -0.073575
v 0.059135 0.117207 -0.179799
v -0.077194 0.143641 -0.097242
v 0.084863 0.089586 -0.179344
v 0.087400 0.119017 -0.184578
v 0.091345 0.090455 -0.171318
v 0.093881 0.119886 -0.176553
v 0.092945 0.092112 -0.161225
v 0.095482 0.121543 -0.166460
v 0.089236 0.094114 -0.151769
v 0.091773 0.123545 -0.157004
v 0.081211 0.095924 -0.145484
v 0.083748 0.125354 -0.150718
v 0.071020 0.097056 -0.144054
v 0.073557 0.126487 -0.149288
v 0.061395 0.097209 -0.147862
v 0.063931 0.126639 -0.153096
v 0.054913 0.096340 -0.155888
v 0.057450 0.125771 -0.161122
v 0.053312 0.094683 -0.165981
v 0.055849 0.124113 -0.171215
v 0.057022 0.092681 -0.175437
v 0.059558 0.122112 -0.180671
v 0.065047 0.090871 -0.181722
v 0.067583 0.120302 -0.186956
v 0.075237 0.089739 -0.183152
v 0.105457 -0.048298 -0.087370
v 0.090601 0.129431 -0.061606
v 0.064255 0.138516 -0.123634
v 0.197101 -0.031966 -0.123902
v 0.171247 0.143803 -0.093755
v 0.144902 0.152888 -0.155782
v 0.087427 0.127649 -0.053941
v 0.065447 0.050364 -0.143629
v 0.157091 0.066696 -0.180161
v 0.204907 0.012173 -0.131380
v 0.242695 0.014473 0.024077
v 0.222757 0.020016 -0.135835
v 0.260545 0.022316 0.019622
v 0.212591 -0.006223 -0.132976
v 0.250380 -0.003923 0.022481
v 0.230442 0.001620 -0.137431
v 0.268230 0.003920 0.018026
v 0.232388 0.034398 -0.004589
v 0.234750 0.034542 0.005127
v 0.241313 0.038319 -0.006817
v 0.243675 0.038463 0.002899
v 0.240072 0.016002 -0.006185
v 0.242434 0.016146 0.003531
v 0.248997 0.019924 -0.008413
v 0.251359 0.020068 0.001303
v 0.087427 0.127649 -0.053941
v 0.056432 0.138337 -0.126915
v 0.148076 0.154670 -0.163447
v 0.179071 0.143982 -0.090474
v 0.091602 0.119656 -0.063463
v 0.065257 0.128741 -0.125491
v 0.145904 0.143113 -0.157639
v 0.172249 0.134029 -0.095612
v 0.093318 0.054482 -0.208737
v 0.095000 0.041868 -0.224274
v 0.089729 0.025955 -0.230493
v 0.092089 0.014900 -0.229517
v 0.106545 0.031553 -0.233218
v 0.111506 0.021365 -0.232663
v 0.120741 0.041190 -0.228007
v 0.127897 0.032493 -0.226646
v 0.110547 0.051956 -0.219249
v 0.128512 0.052283 -0.216256
v 0.136871 0.045302 -0.213077
v 0.127777 0.061861 -0.201114
v 0.136022 0.056361 -0.195593
v 0.110644 0.063030 -0.202376
v 0.118733 0.067356 -0.186639
v 0.125579 0.062706 -0.178878
v 0.098304 0.064311 -0.191835
v 0.103802 0.067296 -0.176708
v 0.108339 0.062638 -0.167411
v 0.080251 0.055880 -0.193523
v 0.086986 0.061698 -0.173983
v 0.088921 0.056173 -0.164265
v 0.072791 0.052061 -0.179195
v 0.072530 0.045046 -0.170282
v 0.065019 0.040968 -0.190945
v 0.063556 0.032236 -0.183851
v 0.077971 0.041463 -0.213384
v 0.065754 0.031391 -0.206087
v 0.064405 0.021177 -0.201335
v 0.074799 0.025895 -0.220563
v 0.074848 0.014832 -0.218050
v 0.045363 -0.008639 -0.220391
v 0.050597 -0.029380 -0.216533
v 0.142241 -0.013048 -0.253065
v 0.137007 0.007693 -0.256923
v 0.050595 0.123644 -0.015898
v 0.157387 0.178375 -0.015900
v 0.054757 0.115523 -0.011008
v 0.161550 0.170254 -0.011011
v 0.057247 0.110666 -0.002211
v 0.164039 0.165396 -0.002214
v 0.057397 0.110374 0.008136
v 0.164189 0.165104 0.008134
v 0.055167 0.114725 0.017262
v 0.161959 0.169455 0.017259
v 0.051155 0.122554 0.022720
v 0.157947 0.177284 0.022717
v 0.046436 0.131763 0.023048
v 0.153228 0.186493 0.023046
v 0.042274 0.139884 0.018159
v 0.149066 0.194614 0.018156
v 0.039784 0.144741 0.009362
v 0.146576 0.199471 0.009359
v 0.039634 0.145033 -0.000985
v 0.146426 0.199764 -0.000988
v 0.041864 0.140682 -0.010111
v 0.148656 0.195412 -0.010114
v 0.045876 0.132853 -0.015569
v 0.150422 0.191965 -0.013689
v 0.092495 0.016094 -0.227964
v 0.110941 0.022235 -0.230953
v 0.126513 0.032806 -0.225236
v 0.135038 0.044975 -0.212346
v 0.134232 0.055482 -0.195736
v 0.124311 0.061510 -0.179857
v 0.107932 0.061444 -0.168964
v 0.089486 0.055303 -0.165975
v 0.073914 0.044732 -0.171691
v 0.065389 0.032563 -0.184581
v 0.066195 0.022057 -0.201191
v 0.076117 0.016029 -0.217071
v 0.094933 0.010539 -0.224332
v 0.113379 0.016680 -0.227321
v 0.128951 0.027251 -0.221604
v 0.137476 0.039420 -0.208714
v 0.136670 0.049926 -0.192104
v 0.126749 0.055954 -0.176225
v 0.110370 0.055889 -0.165332
v 0.091924 0.049748 -0.162343
v 0.076352 0.039176 -0.168059
v 0.067827 0.027007 -0.180949
v 0.068633 0.016501 -0.197559
v 0.078555 0.010473 -0.213438
v 0.266489 0.014935 0.007994
v 0.262026 0.012974 0.009108
v 0.268514 0.008389 0.004584
v 0.267969 0.005594 -0.002520
v 0.264205 0.004223 0.002431
v 0.265174 0.008186 -0.009157
v 0.260711 0.006225 -0.008043
v 0.261765 0.014648 -0.011438
v 0.257303 0.012687 -0.010325
v 0.259740 0.021194 -0.008028
v 0.260285 0.023989 -0.000924
v 0.254962 0.021302 -0.004533
v 0.263080 0.021397 0.005712
v 0.258617 0.019436 0.006826
v 0.259403 0.014504 -0.021154
v 0.254941 0.012543 -0.020041
v 0.261429 0.007958 -0.024564
v 0.260884 0.005162 -0.031668
v 0.257120 0.003792 -0.026717
v 0.258088 0.007755 -0.038305
v 0.253626 0.005794 -0.037191
v 0.254680 0.014216 -0.040586
v 0.250217 0.012256 -0.039473
v 0.252655 0.020762 -0.037176
v 0.253199 0.023558 -0.030072
v 0.248038 0.021007 -0.032796
v 0.255995 0.020966 -0.023436
v 0.251532 0.019005 -0.022322
v 0.252318 0.014073 -0.050302
v 0.247855 0.012112 -0.049189
v 0.254343 0.007527 -0.053712
v 0.253799 0.004731 -0.060816
v 0.250034 0.003360 -0.055865
v 0.251003 0.007323 -0.067453
v 0.246541 0.005363 -0.066339
v 0.247595 0.013785 -0.069734
v 0.243132 0.011824 -0.068621
v 0.245569 0.020331 -0.066324
v 0.241107 0.018370 -0.065211
v 0.246114 0.023127 -0.059221
v 0.248909 0.020534 -0.052584
v 0.242796 0.020688 -0.054362
v 0.245233 0.013641 -0.079451
v 0.247258 0.007096 -0.082860
v 0.241979 0.008764 -0.078627
v 0.246713 0.004300 -0.089964
v 0.242251 0.002339 -0.088851
v 0.243918 0.006892 -0.096601
v 0.239455 0.004931 -0.095487
v 0.240509 0.013354 -0.098883
v 0.236047 0.011393 -0.097769
v 0.238484 0.019900 -0.095473
v 0.234021 0.017939 -0.094359
v 0.239029 0.022696 -0.088369
v 0.241824 0.020103 -0.081732
v 0.235711 0.020257 -0.083510
v 0.238147 0.013210 -0.108599
v 0.231671 0.015656 -0.107796
v 0.240173 0.006664 -0.112008
v 0.235710 0.004703 -0.110895
v 0.239628 0.003869 -0.119113
v 0.236833 0.006461 -0.125749
v 0.233757 0.002496 -0.122607
v 0.233424 0.012923 -0.128031
v 0.228961 0.010962 -0.126917
v 0.231399 0.019469 -0.124621
v 0.231943 0.022264 -0.117517
v 0.226782 0.019713 -0.120240
v 0.234739 0.019672 -0.110880
v 0.267851 0.011338 0.007118
v 0.267969 0.005594 -0.002520
v 0.265174 0.008186 -0.009157
v 0.261765 0.014648 -0.011438
v 0.259586 0.023399 -0.004761
v 0.263080 0.021397 0.005712
v 0.268665 0.025115 -0.010256
v 0.282715 0.019964 -0.007531
v 0.274282 0.011765 -0.012150
v 0.280842 0.012708 -0.005755
v 0.276894 0.009515 -0.004748
v 0.277956 0.011988 0.002962
v 0.282860 0.020520 -0.001594
v 0.275688 0.018923 0.006319
v 0.272005 0.025319 0.003485
v 0.279038 0.026805 -0.001112
v 0.274187 0.028639 -0.004373
v 0.269210 0.027911 -0.003152
v 0.277456 0.024953 -0.011008
v 0.270680 0.018619 -0.014285
v 0.260765 0.010907 -0.022030
v 0.260884 0.005162 -0.031668
v 0.256316 0.010636 -0.040334
v 0.252340 0.022832 -0.034795
v 0.255995 0.020966 -0.023436
v 0.261580 0.024684 -0.039404
v 0.263605 0.018138 -0.042814
v 0.270354 0.011880 -0.026792
v 0.273441 0.024771 -0.036225
v 0.272133 0.019846 -0.041324
v 0.267209 0.011336 -0.041014
v 0.273757 0.012277 -0.034903
v 0.269809 0.009084 -0.033896
v 0.276073 0.016253 -0.031623
v 0.268629 0.018684 -0.022620
v 0.274301 0.023618 -0.030436
v 0.264989 0.025344 -0.025248
v 0.266692 0.022006 -0.023635
v 0.262033 0.028310 -0.032102
v 0.266630 0.025787 -0.039673
v 0.254343 0.007527 -0.053712
v 0.253799 0.004731 -0.060816
v 0.251003 0.007323 -0.067453
v 0.247595 0.013785 -0.069734
v 0.245416 0.022537 -0.063058
v 0.250304 0.018479 -0.050614
v 0.261243 0.017994 -0.052530
v 0.256520 0.017707 -0.071962
v 0.268101 0.019536 -0.066949
v 0.260123 0.010905 -0.070162
v 0.266672 0.011846 -0.064051
v 0.262724 0.008653 -0.063044
v 0.263665 0.011120 -0.055592
v 0.268124 0.019603 -0.057815
v 0.264306 0.025571 -0.058181
v 0.257835 0.024456 -0.054811
v 0.263099 0.026936 -0.065038
v 0.255039 0.027048 -0.061448
v 0.254362 0.024697 -0.068965
v 0.261299 0.019687 -0.071774
v 0.246595 0.010044 -0.080326
v 0.246713 0.004300 -0.089964
v 0.243918 0.006892 -0.096601
v 0.240509 0.013354 -0.098883
v 0.238330 0.022105 -0.092206
v 0.241824 0.020103 -0.081732
v 0.254158 0.017563 -0.081678
v 0.247409 0.023822 -0.097700
v 0.249434 0.017276 -0.101110
v 0.261769 0.020263 -0.090930
v 0.253038 0.010473 -0.099310
v 0.261019 0.014523 -0.095226
v 0.255638 0.008221 -0.092192
v 0.256738 0.010453 -0.084755
v 0.258304 0.019505 -0.084094
v 0.250818 0.024481 -0.083544
v 0.249098 0.026139 -0.086852
v 0.258634 0.024942 -0.090874
v 0.252931 0.027346 -0.091817
v 0.256057 0.023921 -0.098322
v 0.254213 0.019256 -0.100922
v 0.138324 0.012617 0.231577
v 0.138322 0.082825 0.239995
v -0.011778 0.141351 0.048829
v 0.031105 0.204867 0.113069
v 0.122422 0.011172 0.243621
v 0.122420 0.081380 0.252039
v -0.027680 0.139907 0.060872
v 0.015204 0.203422 0.125112
v 0.153227 0.002539 0.368039
v 0.303274 0.016507 0.115471
v 0.126731 0.005210 0.338193
v 0.276778 0.019178 0.085625
v 0.153687 0.022486 0.369416
v 0.303734 0.036455 0.116848
v 0.127191 0.025157 0.339569
v 0.277238 0.039126 0.087001
v 0.114157 0.046584 0.245258
v 0.138010 0.048751 0.227193
v 0.111534 0.042874 0.241350
v 0.132606 0.022583 0.216920
v 0.134067 0.016905 0.218167
v 0.108998 0.020457 0.235313
v 0.138011 0.006626 0.222142
v 0.143914 -0.000752 0.229051
v 0.120061 -0.002919 0.247117
v 0.150877 -0.004106 0.237843
v 0.157840 -0.002925 0.247178
v 0.130610 -0.006554 0.260608
v 0.163742 0.002611 0.255635
v 0.139890 0.000444 0.273700
v 0.167686 0.011659 0.261928
v 0.169071 0.022842 0.265097
v 0.145218 0.020675 0.283163
v 0.167686 0.034457 0.264661
v 0.143833 0.032290 0.282727
v 0.163741 0.044736 0.260686
v 0.157838 0.052114 0.253777
v 0.137233 0.046938 0.275770
v 0.150875 0.055468 0.244986
v 0.143912 0.054287 0.235651
v 0.124077 0.053860 0.259229
v 0.111466 0.056866 0.020933
v 0.110775 0.026945 0.018868
v 0.106053 0.026626 0.025073
v 0.108638 0.056742 0.023682
v 0.104011 0.025882 0.036540
v 0.104756 0.056073 0.034669
v 0.105117 0.025596 0.040317
v 0.109047 0.025041 0.047036
v 0.107266 0.055231 0.046036
v 0.115257 0.024573 0.051738
v 0.115947 0.054494 0.053803
v 0.122801 0.024263 0.053709
v 0.130532 0.024158 0.052647
v 0.128183 0.054072 0.055832
v 0.137271 0.024274 0.048715
v 0.141994 0.024593 0.042511
v 0.140789 0.054320 0.048031
v 0.143981 0.025067 0.034979
v 0.144671 0.054988 0.037044
v 0.142929 0.025624 0.027267
v 0.138999 0.026178 0.020548
v 0.141884 0.055885 0.024984
v 0.132789 0.026646 0.015845
v 0.125245 0.026956 0.013875
v 0.129857 0.056758 0.016359
v 0.113155 0.027042 0.016675
v 0.118205 0.056982 0.017001
v 0.169066 0.036329 0.236386
v 0.168375 0.006408 0.234321
v 0.166020 0.036221 0.238970
v 0.161340 0.005348 0.252030
v 0.162718 0.005058 0.255769
v 0.162301 0.035265 0.254058
v 0.166647 0.004504 0.262488
v 0.167338 0.034425 0.264553
v 0.172857 0.004036 0.267191
v 0.173547 0.033957 0.269256
v 0.180402 0.003726 0.269162
v 0.177857 0.033730 0.271101
v 0.188132 0.003621 0.268100
v 0.194871 0.003737 0.264168
v 0.192487 0.033558 0.268704
v 0.199594 0.004056 0.257964
v 0.200284 0.033977 0.260029
v 0.201581 0.004530 0.250432
v 0.202271 0.034451 0.252497
v 0.200529 0.005086 0.242720
v 0.202326 0.034721 0.248561
v 0.196599 0.005641 0.236001
v 0.190390 0.006109 0.231298
v 0.194705 0.035831 0.235030
v 0.182845 0.006419 0.229327
v 0.179591 0.036434 0.231344
v 0.136293 -0.009907 0.408762
v 0.151269 -0.009339 0.395518
v 0.083301 -0.004565 0.349069
v 0.098277 -0.003997 0.335825
v 0.137213 0.029987 0.411515
v 0.152189 0.030556 0.398271
v 0.084221 0.035329 0.351822
v 0.099197 0.035898 0.338578
v 0.189341 0.019244 0.243311
v 0.131741 0.035442 0.027858
v 0.174365 0.018676 0.256555
v 0.116765 0.034873 0.041102
v 0.189572 0.029218 0.243999
v 0.131971 0.045415 0.028546
v 0.174596 0.028650 0.257243
v 0.116995 0.044847 0.041790
v 0.155477 0.038023 0.257273
v -0.011778 0.141351 0.048829
v 0.139575 0.036579 0.269317
v 0.101868 0.134148 0.198019
v 0.085966 0.132704 0.210063
v 0.127306 0.030144 0.339913
v 0.126616 0.000223 0.337849
v 0.121893 -0.000096 0.344053
v 0.119841 -0.000892 0.356266
v 0.120728 0.029570 0.350421
v 0.120958 -0.001127 0.359297
v 0.124888 -0.001681 0.366016
v 0.123383 0.028454 0.365709
v 0.131097 -0.002149 0.370719
v 0.131788 0.027772 0.372783
v 0.138642 -0.002459 0.372689
v 0.136097 0.027545 0.374628
v 0.146372 -0.002564 0.371628
v 0.153112 -0.002448 0.367695
v 0.150727 0.027373 0.372231
v 0.157834 -0.002129 0.361491
v 0.158524 0.027792 0.363556
v 0.159821 -0.001655 0.353960
v 0.160511 0.028266 0.356024
v 0.158769 -0.001098 0.346247
v 0.160576 0.028588 0.351342
v 0.154840 -0.000544 0.339528
v 0.148630 -0.000076 0.334825
v 0.152258 0.029684 0.338242
v 0.141085 0.000234 0.332855
v 0.130273 0.000341 0.334909
v 0.137831 0.030249 0.334871
v 0.134939 0.002989 0.377552
v 0.149915 0.003557 0.364309
v 0.115067 0.004992 0.355167
v 0.130043 0.005561 0.341924
v 0.135399 0.022936 0.378929
v 0.150375 0.023505 0.365685
v 0.115527 0.024939 0.356544
v 0.130503 0.025508 0.343300
v -0.015921 0.164022 0.219133
v 0.041225 0.150128 0.218293
v 0.015122 0.138655 0.218504
v 0.015088 0.138501 0.217920
v 0.041007 0.150801 0.224251
v -0.016139 0.164695 0.225091
v 0.011589 0.100842 0.229718
v 0.014870 0.139173 0.223878
v -0.122659 0.013635 0.217507
v -0.122659 0.013635 0.217507
v -0.113461 0.032918 0.251323
v -0.113461 0.032918 0.251323
v -0.067164 0.051143 0.240166
v -0.003468 0.066427 0.202296
v 0.097327 0.080653 0.119453
v 0.097327 0.080653 0.119453
v 0.074331 0.032445 0.034912
v 0.074331 0.032445 0.034912
v 0.105641 0.063971 0.126704
v 0.105641 0.063971 0.126704
v 0.082645 0.015763 0.042163
v 0.082645 0.015763 0.042163
v 0.004846 0.049745 0.209547
v -0.058850 0.034461 0.247418
v -0.105147 0.016236 0.258574
v -0.105147 0.016236 0.258574
v -0.114345 -0.003047 0.224758
v -0.114345 -0.003047 0.224758
v -0.135597 0.022112 -0.036526
v -0.135597 0.022112 -0.036526
v -0.174837 0.019623 -0.043876
v -0.174837 0.019623 -0.043876
v -0.138461 0.031365 0.247739
v -0.138461 0.031365 0.247739
v -0.099221 0.033854 0.255089
v -0.099221 0.033854 0.255089
v -0.134455 0.002156 -0.035865
v -0.134455 0.002156 -0.035865
v -0.098079 0.013897 0.255750
v -0.098079 0.013897 0.255750
v -0.173695 -0.000333 -0.043215
v -0.173695 -0.000333 -0.043215
v -0.137319 0.011408 0.248400
v -0.137319 0.011408 0.248400
v -0.133927 0.031987 0.258856
v -0.118506 0.040190 0.260047
v -0.119704 -0.013489 0.220672
v -0.114566 -0.012039 0.218117
v -0.129416 0.000528 0.264055
v -0.127038 0.012985 0.207240
v -0.140190 0.010646 0.216941
v -0.103939 -0.007860 0.215544
v -0.134066 -0.005618 0.255245
v -0.144932 0.022330 0.249257
v -0.093879 -0.002116 0.217225
v -0.134696 -0.010541 0.244644
v -0.106351 0.022907 0.206348
v -0.147168 0.014482 0.233767
v -0.085919 0.004319 0.222902
v -0.131212 -0.013489 0.233865
v -0.098390 0.029343 0.212025
v -0.079782 0.013388 0.236730
v -0.111396 0.012708 0.271413
v -0.100769 0.016886 0.268841
v -0.099251 0.044333 0.247499
v -0.091192 0.018863 0.262408
v -0.084123 0.018337 0.253092
v -0.093110 0.040412 0.231437
v -0.080639 0.015388 0.242314
v -0.026967 0.044074 0.125474
v -0.013212 0.007013 0.095384
v -0.009376 0.007862 0.095750
v -0.032415 0.009816 0.119657
v -0.018775 0.035402 0.087434
v -0.037411 0.039210 0.115019
v -0.002282 0.009927 0.098263
v -0.032438 0.007777 0.112125
v -0.038000 0.036237 0.104438
v 0.003157 0.012351 0.103306
v -0.029525 0.006425 0.105012
v -0.002406 0.040812 0.095619
v 0.006113 0.014767 0.110112
v -0.024120 0.005967 0.099403
v 0.000551 0.043228 0.102425
v -0.032793 0.034474 0.094143
v 0.001246 0.044178 0.105442
v -0.024019 0.014657 0.131506
v -0.016926 0.016722 0.134019
v -0.011688 0.046992 0.125222
v -0.009257 0.018112 0.133618
v -0.002182 0.018616 0.130366
v -0.002338 0.046618 0.117070
v 0.003224 0.018158 0.124757
v -0.126781 0.043693 0.110014
v -0.110535 0.007088 0.079814
v -0.133007 0.009977 0.106770
v -0.133573 0.009043 0.103722
v -0.123765 0.034158 0.072529
v -0.138009 0.038895 0.100374
v -0.103441 0.009153 0.082327
v -0.133597 0.007004 0.096189
v -0.111617 0.036656 0.072987
v -0.139159 0.035464 0.088503
v -0.098002 0.011578 0.087370
v -0.130684 0.005652 0.089077
v -0.103564 0.040039 0.079684
v -0.095046 0.013994 0.094176
v -0.125278 0.005194 0.083467
v -0.100608 0.042454 0.086490
v -0.133952 0.033701 0.078207
v -0.125178 0.013883 0.115571
v -0.118084 0.015948 0.118083
v -0.112218 0.046233 0.108882
v -0.110416 0.017339 0.117683
v -0.103340 0.017843 0.114430
v -0.103497 0.045845 0.101135
v -0.097935 0.017385 0.108821
v -0.109132 0.032458 -0.072478
v -0.109132 0.032458 -0.072478
v -0.187612 0.027480 -0.087178
v -0.187612 0.027480 -0.087178
v -0.191320 0.027918 -0.067529
v -0.191320 0.027918 -0.067529
v -0.112840 0.032896 -0.052829
v -0.112840 0.032896 -0.052829
v -0.106848 -0.007455 -0.071156
v -0.106848 -0.007455 -0.071156
v -0.110556 -0.007017 -0.051507
v -0.110556 -0.007017 -0.051507
v -0.185328 -0.012433 -0.085856
v -0.185328 -0.012433 -0.085856
v -0.189036 -0.011995 -0.066207
v -0.189036 -0.011995 -0.066207
v -0.116130 0.028277 0.084257
v -0.116130 0.028277 0.084257
v -0.119905 0.032707 0.103392
v -0.119905 0.032707 0.103392
v 0.054095 0.100004 0.226661
v 0.054095 0.100004 0.226661
v 0.057869 0.095574 0.207527
v 0.057869 0.095574 0.207527
v -0.114276 0.018790 0.086820
v -0.114276 0.018790 0.086820
v 0.059723 0.086087 0.210089
v 0.059723 0.086087 0.210089
v -0.118051 0.023220 0.105954
v -0.118051 0.023220 0.105954
v 0.055949 0.090517 0.229224
v 0.055949 0.090517 0.229224
v -0.169819 0.025522 -0.025730
v -0.157872 -0.004959 -0.058933
v -0.150082 -0.004517 -0.059023
v -0.173335 -0.005060 -0.035250
v -0.163399 0.024790 -0.058930
v -0.142856 -0.004007 -0.056121
v -0.173410 -0.005322 -0.043049
v -0.147861 0.025665 -0.059361
v -0.175671 0.024710 -0.040135
v -0.137294 -0.003508 -0.050669
v -0.170497 -0.005395 -0.050289
v -0.139007 0.026427 -0.051661
v -0.172210 0.024539 -0.051280
v -0.134244 -0.003096 -0.043498
v -0.165041 -0.005268 -0.055866
v -0.135957 0.026839 -0.044490
v -0.135883 0.027101 -0.036691
v -0.164724 -0.004149 -0.022628
v -0.154571 0.026582 -0.020074
v -0.157498 -0.003639 -0.019726
v -0.149707 -0.003196 -0.019815
v -0.141106 0.027148 -0.026253
v -0.142538 -0.002888 -0.022882
v -0.138795 0.027174 -0.029452
v -0.137082 -0.002760 -0.028460
v -0.166224 0.019496 -0.062605
v -0.169932 0.019934 -0.042957
v -0.140502 0.021801 -0.037444
v -0.136794 0.021362 -0.057093
v -0.139360 0.001845 -0.036783
v -0.135652 0.001406 -0.056432
v -0.168790 -0.000022 -0.042296
v -0.165082 -0.000461 -0.061944
v -0.077662 -0.000361 -0.351996
v -0.077662 -0.000361 -0.351996
v -0.073427 0.023432 -0.366691
v -0.073427 0.023432 -0.366691
v -0.057823 0.073327 -0.199757
v -0.048242 0.116133 -0.168519
v -0.048242 0.116133 -0.168519
v -0.032105 0.151719 0.097889
v -0.032105 0.151719 0.097889
v -0.051843 0.056578 0.074257
v -0.051843 0.056578 0.074257
v -0.032238 0.052676 0.073591
v -0.032238 0.052676 0.073591
v -0.012500 0.147818 0.097223
v -0.012500 0.147818 0.097223
v -0.028638 0.112231 -0.169185
v -0.028638 0.112231 -0.169185
v -0.038219 0.069425 -0.200423
v -0.053822 0.019531 -0.367358
v -0.053822 0.019531 -0.367358
v -0.058058 -0.004262 -0.352662
v -0.058058 -0.004262 -0.352662
v -0.036655 0.055258 0.089527
v -0.036655 0.055258 0.089527
v 0.003947 0.073636 0.023091
v 0.003947 0.073636 0.023091
v 0.151121 0.173401 0.080423
v 0.151121 0.173401 0.080423
v 0.110519 0.155023 0.146859
v 0.110519 0.155023 0.146859
v -0.015317 0.021632 0.093265
v -0.015317 0.021632 0.093265
v 0.131857 0.121396 0.150598
v 0.131857 0.121396 0.150598
v 0.025285 0.040010 0.026829
v 0.025285 0.040010 0.026829
v 0.172458 0.139774 0.084162
v 0.172458 0.139774 0.084162
v -0.014920 0.066710 -0.038522
v -0.038726 0.050297 -0.050278
v -0.006719 -0.000143 -0.044670
v 0.017087 0.016271 -0.032914
v -0.065089 0.033584 -0.050130
v -0.033082 -0.016855 -0.044522
v -0.089995 0.019117 -0.038101
v -0.057989 -0.031322 -0.032493
v -0.109653 0.009098 -0.016021
v -0.077647 -0.041342 -0.010413
v -0.121070 0.005051 0.012747
v -0.089064 -0.045388 0.018355
v -0.122508 0.007594 0.043825
v -0.090501 -0.042845 0.049432
v -0.113747 0.016339 0.072480
v -0.081741 -0.034101 0.078088
v -0.096123 0.029954 0.094351
v -0.064116 -0.020485 0.099958
v -0.072316 0.046368 0.106107
v -0.040310 -0.004072 0.111715
v -0.045953 0.063080 0.105959
v -0.013947 0.012641 0.111567
v -0.021047 0.077547 0.093930
v 0.010960 0.027108 0.099537
v -0.001389 0.087567 0.071850
v 0.030618 0.037128 0.077458
v 0.010028 0.091613 0.043082
v 0.042035 0.041174 0.048689
v 0.011466 0.089070 0.012004
v 0.043473 0.038631 0.017612
v 0.002705 0.080326 -0.016651
v 0.034712 0.029886 -0.011044
v -0.057696 0.088486 0.015355
v 0.062911 0.080337 0.009704
v 0.059995 0.065328 0.011782
v -0.058952 0.079060 0.033593
v 0.058676 0.056544 0.024400
v -0.056530 0.088323 0.050616
v 0.059685 0.058838 0.040669
v -0.053279 0.104370 0.052308
v 0.063378 0.075901 0.049425
v -0.051206 0.116399 0.042868
v 0.066514 0.093416 0.039109
v -0.051441 0.117843 0.027507
v -0.053683 0.108659 0.015312
v 0.064846 0.089213 0.014670
v -0.064717 0.010545 -0.405862
v -0.075049 -0.002456 -0.394716
v -0.082837 0.006063 -0.391772
v -0.040412 -0.015057 -0.413197
v -0.040412 -0.015057 -0.413197
v -0.074562 0.002572 -0.424287
v -0.074562 0.002572 -0.424287
v -0.064231 0.015573 -0.435433
v -0.064231 0.015573 -0.435433
v -0.030081 -0.002056 -0.424343
v -0.030081 -0.002056 -0.424343
v -0.054593 -0.005861 -0.391434
v -0.051729 0.008411 -0.390735
v -0.086166 -0.012464 -0.381233
v -0.072433 0.022305 -0.363410
v -0.062102 0.035306 -0.374556
v -0.035182 0.034465 -0.350585
v -0.035182 0.034465 -0.350585
v -0.056666 -0.017890 -0.381994
v -0.085318 -0.011709 -0.360696
v -0.024851 0.047466 -0.361731
v -0.024851 0.047466 -0.361731
v -0.056431 -0.019334 -0.366633
v -0.055358 0.013490 -0.357864
v -0.045027 0.026491 -0.369010
v -0.082563 0.000615 -0.351829
v -0.069332 0.052094 -0.361675
v -0.069332 0.052094 -0.361675
v -0.054189 -0.010150 -0.354438
v -0.079647 0.015624 -0.353907
v -0.059001 0.065095 -0.372821
v -0.059001 0.065095 -0.372821
v -0.051144 0.004915 -0.353067
v -0.057974 -0.011270 -0.389170
v -0.047642 0.001731 -0.400316
v -0.078328 0.024408 -0.366525
v -0.049071 0.016944 -0.362508
v -0.079233 0.022468 -0.381806
v -0.049306 0.018388 -0.377869
v -0.050645 0.013167 -0.386708
v 0.148449 0.030248 -0.110332
v 0.134220 0.031268 -0.104001
v 0.144800 -0.026677 -0.090120
v 0.119613 0.035835 -0.086375
v 0.127438 -0.023073 -0.074939
v 0.121853 -0.019029 -0.060937
v 0.118316 0.042784 -0.064128
v 0.122257 -0.014298 -0.046070
v 0.124646 0.047482 -0.050658
v 0.128587 -0.009600 -0.032600
v 0.135940 0.051432 -0.040637
v 0.139881 -0.005650 -0.022579
v 0.150478 0.054033 -0.035589
v 0.154419 -0.003049 -0.017531
v 0.166046 0.054888 -0.036284
v 0.169987 -0.002194 -0.018226
v 0.180275 0.053868 -0.042615
v 0.190998 0.051127 -0.053619
v 0.190426 -0.004288 -0.029306
v 0.196583 0.047083 -0.067621
v 0.200524 -0.009999 -0.049563
v 0.196179 0.042352 -0.082488
v 0.189849 0.037653 -0.095958
v 0.198024 -0.017156 -0.071640
v 0.171706 0.032099 -0.109555
v 0.182496 -0.023379 -0.087921
v 0.167959 -0.025980 -0.092969
v 0.173110 0.196245 0.160389
v 0.173110 0.196245 0.160389
v 0.132509 0.177867 0.226826
v 0.132509 0.177867 0.226826
v 0.153847 0.144240 0.230564
v 0.153847 0.144240 0.230564
v 0.194448 0.162618 0.164128
v 0.194448 0.162618 0.164128
v -0.066410 0.072242 -0.145903
v 0.052186 0.053893 -0.151016
v -0.068483 0.060214 -0.136463
v 0.049050 0.036377 -0.140700
v -0.067803 0.060122 -0.115907
v 0.049899 0.037132 -0.120163
v -0.063931 0.077958 -0.106422
v 0.053714 0.054557 -0.109923
v -0.061411 0.091727 -0.112916
v 0.056216 0.068318 -0.116914
v -0.060660 0.097764 -0.126159
v 0.056890 0.074321 -0.132226
v -0.063159 0.088290 -0.144211
v 0.055164 0.067861 -0.145175
v -0.102359 0.000250 -0.083963
v -0.102359 0.000250 -0.083963
v -0.093561 0.012571 -0.046939
v -0.093561 0.012571 -0.046939
v 0.162961 0.029701 -0.048777
v 0.154162 0.017380 -0.085801
v -0.101046 -0.018777 -0.077944
v -0.101046 -0.018777 -0.077944
v 0.155476 -0.001647 -0.079781
v -0.092247 -0.006457 -0.040919
v -0.092247 -0.006457 -0.040919
v 0.164274 0.010673 -0.042757
v 0.033990 0.103797 0.029931
v 0.055601 0.117987 0.031152
v 0.055966 0.119150 0.011189
v 0.034355 0.104960 0.009968
v 0.067199 0.141072 0.032709
v 0.067564 0.142235 0.012746
v 0.065677 0.166867 0.034184
v 0.066042 0.168030 0.014221
v 0.051443 0.188460 0.035182
v 0.051807 0.189623 0.015219
v 0.028310 0.200065 0.035436
v 0.028674 0.201228 0.015473
v 0.002477 0.198573 0.034877
v 0.002842 0.199736 0.014914
v -0.019134 0.184383 0.033656
v -0.018769 0.185546 0.013693
v -0.030732 0.161298 0.032099
v -0.030367 0.162461 0.012136
v -0.029210 0.135503 0.030624
v -0.028845 0.136666 0.010661
v -0.014975 0.113910 0.029626
v -0.014611 0.115073 0.009663
v 0.008158 0.102305 0.029372
v 0.008522 0.103468 0.009409
v 0.030110 0.110948 0.070351
v 0.047399 0.122300 0.071328
v 0.056677 0.140769 0.072573
v 0.055460 0.161405 0.073753
v 0.044072 0.178679 0.074552
v 0.025566 0.187963 0.074755
v 0.004899 0.186769 0.074308
v -0.012389 0.175417 0.073331
v -0.021668 0.156949 0.072085
v -0.020450 0.136313 0.070905
v -0.009063 0.119039 0.070107
v 0.009444 0.109755 0.069904
v -0.022585 0.054183 0.082329
v 0.037855 0.049582 0.082010
v -0.025198 0.047075 0.101423
v 0.034220 0.035875 0.095438
v 0.033614 0.037396 0.110781
v -0.024105 0.056316 0.115001
v -0.021240 0.071132 0.118223
v 0.035491 0.049642 0.121619
v 0.038521 0.063773 0.119738
v -0.018178 0.083393 0.109369
v -0.016600 0.086351 0.093253
v 0.041269 0.073763 0.108304
v -0.018506 0.073010 0.079118
v 0.040934 0.065430 0.085221
v -0.004535 0.047239 0.098550
v -0.003571 0.081584 0.200626
v 0.002774 0.112888 0.202574
v 0.001810 0.078543 0.100498
v 0.022328 0.108852 0.203747
v 0.021364 0.074507 0.101671
v 0.015983 0.077548 0.201800
v 0.015019 0.043203 0.099724
v -0.007179 0.084552 0.185747
v 0.026512 0.098422 0.183363
v 0.022196 0.078826 0.187879
v -0.009543 0.078797 0.205352
v 0.019682 0.072266 0.207211
v -0.007755 0.092013 0.221010
v 0.021634 0.086108 0.222299
v -0.003439 0.111610 0.216494
v 0.025936 0.105883 0.218626
v -0.000925 0.118169 0.197162
v 0.028301 0.111638 0.199021
v -0.002877 0.104327 0.182074
v 0.027233 0.102802 0.186417
v 0.020360 -0.019868 -0.355327
v 0.020360 -0.019868 -0.355327
v 0.024596 0.003924 -0.370023
v 0.024596 0.003924 -0.370023
v 0.040199 0.053819 -0.203089
v 0.049780 0.096625 -0.171851
v 0.049780 0.096625 -0.171851
v 0.065917 0.132212 0.094557
v 0.065917 0.132212 0.094557
v 0.046179 0.037070 0.070925
v 0.026575 0.040971 0.071592
v 0.026575 0.040971 0.071592
v 0.046313 0.136113 0.095224
v 0.046313 0.136113 0.095224
v 0.030176 0.100527 -0.171184
v 0.030176 0.100527 -0.171184
v 0.020595 0.057720 -0.202422
v 0.004991 0.007826 -0.369357
v 0.004991 0.007826 -0.369357
v 0.000755 -0.015967 -0.354661
v 0.000755 -0.015967 -0.354661
v 0.067528 0.012484 -0.311378
v 0.058625 0.030394 -0.311441
v 0.058625 0.030394 -0.311441
v 0.025837 -0.011315 -0.394338
v 0.022921 -0.026324 -0.392260
v 0.037517 -0.002388 -0.298030
v 0.037517 -0.002388 -0.298030
v 0.072546 0.015055 -0.289740
v 0.072546 0.015055 -0.289740
v 0.081449 -0.002855 -0.289678
v 0.081449 -0.002855 -0.289678
v 0.046420 -0.020297 -0.297968
v 0.046420 -0.020297 -0.297968
v -0.005582 -0.015615 -0.393100
v -0.002331 0.000432 -0.391408
v 0.066103 0.033975 -0.350572
v 0.066103 0.033975 -0.350572
v 0.075006 0.016065 -0.350509
v 0.021503 -0.036489 -0.374436
v 0.052473 0.004774 -0.376293
v 0.052473 0.004774 -0.376293
v -0.007655 -0.027644 -0.383660
v 0.061376 -0.013135 -0.376230
v 0.061376 -0.013135 -0.376230
v 0.048589 0.025254 -0.354717
v 0.048589 0.025254 -0.354717
v 0.024229 -0.025756 -0.357103
v -0.007064 -0.028005 -0.364142
v 0.057491 0.007344 -0.354655
v 0.087502 0.022216 -0.368002
v 0.087502 0.022216 -0.368002
v -0.004146 -0.014991 -0.354495
v 0.028048 -0.006605 -0.356864
v 0.096405 0.004307 -0.367940
v 0.096405 0.004307 -0.367940
v 0.041110 0.021673 -0.315586
v 0.041110 0.021673 -0.315586
v -0.001049 0.000989 -0.356940
v 0.050013 0.003763 -0.315523
v 0.029497 0.002949 -0.370190
v 0.028591 0.001009 -0.385471
v 0.000091 0.009695 -0.374385
v -0.001634 0.003413 -0.388373
v 0.114621 0.153082 0.052496
v 0.075710 0.137311 0.132729
v 0.089244 0.147120 0.143713
v 0.128154 0.162891 0.063480
v 0.102383 0.095278 0.137402
v 0.141293 0.111049 0.057169
v 0.154826 0.120858 0.068153
v 0.115916 0.105087 0.148386
v 0.052425 0.033191 0.249921
v -0.003605 0.043605 0.241023
v 0.051316 0.035201 0.255464
v -0.003577 0.045404 0.246746
v -0.058648 0.057900 0.248866
v -0.059816 0.056360 0.243186
v -0.092608 0.164688 0.234667
v -0.090599 0.164958 0.240330
v -0.072022 0.176685 0.235043
v -0.071347 0.176692 0.228683
v 0.088612 0.032015 0.268276
v 0.088137 0.029428 0.262445
v 0.109279 0.042968 0.263717
v 0.107093 0.045001 0.268939
v 0.122448 0.124394 0.252136
v 0.122448 0.124394 0.252136
v 0.113620 0.109349 0.255175
v 0.115522 0.108379 0.249584
v 0.124352 0.123424 0.246540
v 0.124352 0.123424 0.246540
v 0.112085 0.138828 0.239690
v 0.111967 0.138706 0.246084
v -0.096936 0.092211 0.253479
v -0.096936 0.092211 0.253479
v -0.107129 0.100600 0.253220
v -0.107129 0.100600 0.253220
v -0.108848 0.099210 0.247658
v -0.108848 0.099210 0.247658
v -0.098658 0.090819 0.247912
v -0.098658 0.090819 0.247912
v -0.097525 0.072343 0.257313
v -0.099248 0.070950 0.251748
v -0.099248 0.070950 0.251748
v -0.097931 0.071509 0.257648
v -0.085841 0.063368 0.249492
v 0.120628 0.079998 0.252804
v 0.118833 0.081538 0.258318
v 0.076954 0.145248 0.226613
v 0.075598 0.146132 0.232391
v -0.102243 0.127172 0.245052
v -0.103854 0.126336 0.239333
v -0.035287 0.168417 0.219878
v -0.034365 0.168831 0.225792
v -0.058045 0.138385 0.229965
v 0.012475 0.111734 0.326715
v 0.015409 0.125137 0.323927
v -0.055112 0.151787 0.227177
v -0.001212 0.114560 0.325894
v -0.068207 0.139878 0.233981
v -0.065273 0.153280 0.231193
v 0.001722 0.127962 0.323106
v -0.080151 0.085311 0.245331
v -0.001212 0.114560 0.325894
v 0.001722 0.127962 0.323106
v -0.077218 0.098714 0.242543
v 0.012475 0.111734 0.326715
v -0.070619 0.080947 0.241912
v -0.067685 0.094349 0.239124
v 0.015409 0.125137 0.323927
v 0.075054 0.064885 0.247690
v 0.001722 0.127962 0.323106
v -0.001212 0.114560 0.325894
v 0.072121 0.051483 0.250477
v 0.015409 0.125137 0.323927
v 0.085075 0.065214 0.252282
v 0.082141 0.051811 0.255070
v 0.012475 0.111734 0.326715
v 0.068627 0.096192 0.268020
v 0.068627 0.096192 0.268020
v 0.054822 0.097737 0.266280
v 0.054822 0.097737 0.266280
v 0.054524 0.086183 0.258381
v 0.054524 0.086183 0.258381
v 0.068330 0.084637 0.260121
v 0.068330 0.084637 0.260121
v 0.099628 0.119780 0.240932
v 0.096694 0.106378 0.243720
v 0.090236 0.122323 0.235743
v 0.087302 0.108921 0.238530
v 0.012193 0.063661 0.217192
v 0.012193 0.063661 0.217192
v 0.015388 0.083640 0.232672
v 0.008251 0.051525 0.241132
v 0.008204 0.045733 0.221989
v 0.008204 0.045733 0.221989
v -0.007361 0.067698 0.216019
v -0.007361 0.067698 0.216019
v -0.011349 0.049769 0.220816
v -0.011349 0.049769 0.220816
v -0.004166 0.087676 0.231499
v -0.011302 0.055561 0.239959
v -0.002863 0.086914 0.207179
v -0.003142 0.091801 0.228627
v 0.001054 0.110872 0.224304
v 0.001333 0.105985 0.202856
v 0.016411 0.087765 0.229801
v 0.016690 0.082878 0.208352
v 0.020886 0.101949 0.204029
v 0.020607 0.106836 0.225477
v 0.127708 -0.004890 0.091025
v 0.127708 -0.004890 0.091025
v 0.138107 -0.025186 -0.006340
v 0.138107 -0.025186 -0.006340
v 0.227100 0.020423 -0.006342
v 0.216701 0.040719 0.091023
v 0.216701 0.040719 0.091023
v 0.142565 -0.011960 -0.008620
v 0.142565 -0.011960 -0.008620
v 0.213760 0.024527 -0.008622
v 0.213760 0.024527 -0.008622
v 0.203361 0.044823 0.088743
v 0.203361 0.044823 0.088743
v 0.132166 0.008336 0.088745
v 0.132166 0.008336 0.088745
v 0.083301 0.081758 0.068221
v 0.083301 0.081758 0.068221
v 0.093699 0.061463 -0.029144
v 0.093699 0.061463 -0.029144
v 0.182693 0.107071 -0.029146
v 0.182693 0.107071 -0.029146
v 0.172294 0.127367 0.068219
v 0.172294 0.127367 0.068219
v 0.173793 0.102510 -0.029146
v 0.173793 0.102510 -0.029146
v 0.163395 0.122806 0.068219
v 0.163395 0.122806 0.068219
v 0.102599 0.066023 -0.029144
v 0.102599 0.066023 -0.029144
v 0.092200 0.086319 0.068221
v 0.092200 0.086319 0.068221
v 0.106287 0.014978 0.012595
v 0.212972 0.069917 0.013032
v 0.110536 0.006688 0.025154
v 0.109971 0.007790 0.040535
v 0.218084 0.059943 0.030278
v 0.104444 0.018576 0.050085
v 0.213482 0.068924 0.048200
v 0.097429 0.032264 0.048847
v 0.204114 0.087203 0.049283
v 0.092317 0.042238 0.031601
v 0.199336 0.096525 0.031583
v 0.096919 0.033257 0.013679
v 0.205957 0.083605 0.011793
v 0.035084 0.107286 -0.029958
v 0.056695 0.121476 -0.028737
v 0.056877 0.122058 -0.038718
v 0.035266 0.107868 -0.039939
v 0.068293 0.144562 -0.027180
v 0.068475 0.145143 -0.037161
v 0.066771 0.170357 -0.025705
v 0.066953 0.170938 -0.035686
v 0.052536 0.191949 -0.024707
v 0.052719 0.192531 -0.034688
v 0.029403 0.203554 -0.024453
v 0.029586 0.204136 -0.034434
v 0.003571 0.202062 -0.025012
v 0.003753 0.202644 -0.034993
v -0.018040 0.187872 -0.026233
v -0.017858 0.188454 -0.036214
v -0.029638 0.164787 -0.027790
v -0.029456 0.165368 -0.037771
v -0.028116 0.138992 -0.029265
v -0.027934 0.139573 -0.039246
v -0.013882 0.117399 -0.030263
v -0.013699 0.117981 -0.040244
v 0.009251 0.105794 -0.030517
v 0.009434 0.106375 -0.040498
v 0.151572 0.123944 -0.035987
v 0.151572 0.123944 -0.035987
v 0.141173 0.144240 0.061378
v 0.141173 0.144240 0.061378
v 0.142673 0.119383 -0.035987
v 0.142673 0.119383 -0.035987
v 0.132274 0.139679 0.061378
v 0.132274 0.139679 0.061378
v 0.087777 0.116874 0.061379
v 0.087777 0.116874 0.061379
v 0.098176 0.096579 -0.035986
v 0.098176 0.096579 -0.035986
v 0.107075 0.101140 -0.035986
v 0.107075 0.101140 -0.035986
v 0.096676 0.121435 0.061379
v 0.096676 0.121435 0.061379
v 0.099586 0.203455 -0.027302
v 0.099586 0.203455 -0.027302
v 0.108486 0.208016 -0.027302
v 0.108486 0.208016 -0.027302
v 0.104326 0.216134 0.011644
v 0.104326 0.216134 0.011644
v 0.095427 0.211574 0.011644
v 0.095427 0.211574 0.011644
v 0.050930 0.188769 0.011646
v 0.050930 0.188769 0.011646
v 0.055089 0.180651 -0.027300
v 0.055089 0.180651 -0.027300
v 0.059829 0.193330 0.011645
v 0.059829 0.193330 0.011645
v 0.063989 0.185212 -0.027301
v 0.063989 0.185212 -0.027301
v 0.057444 0.097586 -0.176309
v 0.057444 0.097586 -0.176309
v 0.089659 0.099019 -0.152641
v 0.089659 0.099019 -0.152641
v -0.046671 0.125453 -0.070085
v -0.046671 0.125453 -0.070085
v -0.078885 0.124020 -0.093753
v -0.078885 0.124020 -0.093753
v 0.059135 0.117207 -0.179799
v 0.059135 0.117207 -0.179799
v -0.077194 0.143641 -0.097242
v -0.077194 0.143641 -0.097242
v 0.091350 0.118640 -0.156131
v 0.091350 0.118640 -0.156131
v -0.044979 0.145074 -0.073575
v -0.044979 0.145074 -0.073575
v 0.089679 0.089899 -0.175254
v 0.093881 0.119886 -0.176553
v 0.082944 0.118901 -0.187392
v 0.092017 0.093099 -0.156130
v 0.095017 0.122522 -0.161182
v 0.076347 0.096729 -0.143312
v 0.078806 0.126080 -0.149032
v 0.057382 0.096948 -0.151270
v 0.059532 0.126466 -0.156202
v 0.053312 0.094683 -0.165981
v 0.060411 0.091693 -0.179352
v 0.056777 0.123127 -0.176310
v 0.067583 0.120302 -0.186956
v 0.075237 0.089739 -0.183152
v 0.077774 0.119169 -0.188386
v 0.087427 0.127649 -0.053941
v 0.056432 0.138337 -0.126915
v 0.056432 0.138337 -0.126915
v 0.148076 0.154670 -0.163447
v 0.148076 0.154670 -0.163447
v 0.179071 0.143982 -0.090474
v 0.179071 0.143982 -0.090474
v 0.197101 -0.031966 -0.123902
v 0.197101 -0.031966 -0.123902
v 0.105457 -0.048298 -0.087370
v 0.105457 -0.048298 -0.087370
v 0.065447 0.050364 -0.143629
v 0.065447 0.050364 -0.143629
v 0.157091 0.066696 -0.180161
v 0.157091 0.066696 -0.180161
v 0.222757 0.020016 -0.135835
v 0.222757 0.020016 -0.135835
v 0.204907 0.012173 -0.131380
v 0.204907 0.012173 -0.131380
v 0.242695 0.014473 0.024077
v 0.242695 0.014473 0.024077
v 0.260545 0.022316 0.019622
v 0.260545 0.022316 0.019622
v 0.230442 0.001620 -0.137431
v 0.230442 0.001620 -0.137431
v 0.268230 0.003920 0.018026
v 0.268230 0.003920 0.018026
v 0.212591 -0.006223 -0.132976
v 0.212591 -0.006223 -0.132976
v 0.250380 -0.003923 0.022481
v 0.250380 -0.003923 0.022481
v 0.241313 0.038319 -0.006817
v 0.241313 0.038319 -0.006817
v 0.232388 0.034398 -0.004589
v 0.232388 0.034398 -0.004589
v 0.234750 0.034542 0.005127
v 0.234750 0.034542 0.005127
v 0.243675 0.038463 0.002899
v 0.243675 0.038463 0.002899
v 0.248997 0.019924 -0.008413
v 0.251359 0.020068 0.001303
v 0.240072 0.016002 -0.006185
v 0.242434 0.016146 0.003531
v 0.090601 0.129431 -0.061606
v 0.090601 0.129431 -0.061606
v 0.064255 0.138516 -0.123634
v 0.064255 0.138516 -0.123634
v 0.144902 0.152888 -0.155782
v 0.144902 0.152888 -0.155782
v 0.171247 0.143803 -0.093755
v 0.171247 0.143803 -0.093755
v 0.091602 0.119656 -0.063463
v 0.091602 0.119656 -0.063463
v 0.065257 0.128741 -0.125491
v 0.065257 0.128741 -0.125491
v 0.145904 0.143113 -0.157639
v 0.145904 0.143113 -0.157639
v 0.172249 0.134029 -0.095612
v 0.172249 0.134029 -0.095612
v 0.092089 0.014900 -0.229517
v 0.111506 0.021365 -0.232663
v 0.127897 0.032493 -0.226646
v 0.136871 0.045302 -0.213077
v 0.136022 0.056361 -0.195593
v 0.125579 0.062706 -0.178878
v 0.108339 0.062638 -0.167411
v 0.088921 0.056173 -0.164265
v 0.072530 0.045046 -0.170282
v 0.063556 0.032236 -0.183851
v 0.064405 0.021177 -0.201335
v 0.074848 0.014832 -0.218050
v 0.137007 0.007693 -0.256923
v 0.137007 0.007693 -0.256923
v 0.142241 -0.013048 -0.253065
v 0.142241 -0.013048 -0.253065
v 0.050597 -0.029380 -0.216533
v 0.050597 -0.029380 -0.216533
v 0.045363 -0.008639 -0.220391
v 0.045363 -0.008639 -0.220391
v 0.052891 0.119165 -0.014331
v 0.157387 0.178375 -0.015900
v 0.057247 0.110666 -0.002211
v 0.163180 0.167072 -0.007138
v 0.056682 0.111768 0.013170
v 0.164189 0.165104 0.008134
v 0.049285 0.126204 0.024046
v 0.159840 0.173592 0.021550
v 0.042274 0.139884 0.018159
v 0.150932 0.190972 0.021479
v 0.039255 0.145773 0.004220
v 0.145820 0.200947 0.004233
v 0.043510 0.137469 -0.014110
v 0.152668 0.187583 -0.015572
v 0.268514 0.008389 0.004584
v 0.267206 0.005584 -0.005597
v 0.261765 0.014648 -0.011438
v 0.259551 0.023908 -0.004008
v 0.264852 0.018516 0.007741
v 0.260765 0.010907 -0.022030
v 0.260884 0.005162 -0.031668
v 0.256316 0.010636 -0.040334
v 0.252655 0.020762 -0.037176
v 0.253199 0.023558 -0.030072
v 0.255995 0.020966 -0.023436
v 0.254343 0.007527 -0.053712
v 0.253035 0.004721 -0.063893
v 0.247595 0.013785 -0.069734
v 0.245380 0.023046 -0.062304
v 0.250682 0.017653 -0.050555
v 0.246909 0.009214 -0.080528
v 0.245569 0.004778 -0.093709
v 0.240509 0.013354 -0.098883
v 0.238295 0.022614 -0.091452
v 0.241824 0.020103 -0.081732
v 0.239509 0.009613 -0.109474
v 0.239628 0.003869 -0.119113
v 0.235060 0.009342 -0.127778
v 0.231399 0.019469 -0.124621
v 0.231943 0.022264 -0.117517
v 0.234739 0.019672 -0.110880
v 0.275414 0.018857 0.005766
v 0.275414 0.018857 0.005766
v 0.277439 0.012311 0.002356
v 0.277439 0.012311 0.002356
v 0.274099 0.012108 -0.011384
v 0.270690 0.018569 -0.013666
v 0.270690 0.018569 -0.013666
v 0.268665 0.025115 -0.010256
v 0.268665 0.025115 -0.010256
v 0.272005 0.025319 0.003485
v 0.272005 0.025319 0.003485
v 0.269210 0.027911 -0.003152
v 0.269210 0.027911 -0.003152
v 0.276894 0.009515 -0.004748
v 0.275750 0.009993 -0.008492
v 0.268329 0.018426 -0.023382
v 0.270354 0.011880 -0.026792
v 0.270354 0.011880 -0.026792
v 0.267014 0.011676 -0.040532
v 0.263605 0.018138 -0.042814
v 0.263605 0.018138 -0.042814
v 0.261580 0.024684 -0.039404
v 0.261391 0.027399 -0.035383
v 0.264920 0.024887 -0.025663
v 0.262124 0.027480 -0.032300
v 0.269809 0.009084 -0.033896
v 0.268665 0.009562 -0.037640
v 0.261243 0.017994 -0.052530
v 0.261243 0.017994 -0.052530
v 0.263268 0.011448 -0.055940
v 0.263268 0.011448 -0.055940
v 0.259928 0.011245 -0.069680
v 0.256520 0.017707 -0.071962
v 0.256520 0.017707 -0.071962
v 0.254495 0.024253 -0.068552
v 0.254495 0.024253 -0.068552
v 0.257835 0.024456 -0.054811
v 0.257835 0.024456 -0.054811
v 0.255039 0.027048 -0.061448
v 0.255039 0.027048 -0.061448
v 0.262724 0.008653 -0.063044
v 0.261579 0.009131 -0.066788
v 0.254158 0.017563 -0.081678
v 0.254158 0.017563 -0.081678
v 0.256183 0.011017 -0.085088
v 0.256183 0.011017 -0.085088
v 0.252843 0.010814 -0.098829
v 0.249434 0.017276 -0.101110
v 0.249434 0.017276 -0.101110
v 0.247409 0.023822 -0.097700
v 0.247409 0.023822 -0.097700
v 0.250749 0.024025 -0.083960
v 0.247954 0.026617 -0.090596
v 0.247954 0.026617 -0.090596
v 0.255638 0.008221 -0.092192
v 0.254494 0.008699 -0.095937
v 0.138324 0.012617 0.231577
v 0.138324 0.012617 0.231577
v 0.155477 0.038023 0.257273
v 0.155477 0.038023 0.257273
v 0.138322 0.082825 0.239995
v 0.101868 0.134148 0.198019
v 0.031105 0.204867 0.113069
v 0.031105 0.204867 0.113069
v -0.011778 0.141351 0.048829
v -0.027680 0.139907 0.060872
v -0.027680 0.139907 0.060872
v 0.015204 0.203422 0.125112
v 0.015204 0.203422 0.125112
v 0.085966 0.132704 0.210063
v 0.122420 0.081380 0.252039
v 0.139575 0.036579 0.269317
v 0.139575 0.036579 0.269317
v 0.122422 0.011172 0.243621
v 0.122422 0.011172 0.243621
v 0.126731 0.005210 0.338193
v 0.126731 0.005210 0.338193
v 0.153227 0.002539 0.368039
v 0.153227 0.002539 0.368039
v 0.303274 0.016507 0.115471
v 0.303274 0.016507 0.115471
v 0.276778 0.019178 0.085625
v 0.276778 0.019178 0.085625
v 0.127191 0.025157 0.339569
v 0.127191 0.025157 0.339569
v 0.277238 0.039126 0.087001
v 0.277238 0.039126 0.087001
v 0.153687 0.022486 0.369416
v 0.153687 0.022486 0.369416
v 0.303734 0.036455 0.116848
v 0.303734 0.036455 0.116848
v 0.168901 0.028738 0.265581
v 0.116675 -0.000227 0.242968
v 0.114158 0.004460 0.240207
v 0.145049 0.014832 0.282238
v 0.143833 0.009492 0.279993
v 0.140666 0.002258 0.225124
v 0.167686 0.011659 0.261928
v 0.110214 0.014739 0.236232
v 0.139890 0.000444 0.273700
v 0.108829 0.026354 0.235796
v 0.133987 -0.005092 0.265243
v 0.132681 0.028520 0.217731
v 0.161087 -0.000929 0.251705
v 0.110213 0.037536 0.238966
v 0.127024 -0.006272 0.255908
v 0.134066 0.039703 0.220901
v 0.150877 -0.004106 0.237843
v 0.135595 0.044781 0.223528
v 0.143833 0.032290 0.282727
v 0.163741 0.044736 0.260686
v 0.139888 0.042569 0.278752
v 0.155140 0.054472 0.250498
v 0.133985 0.049947 0.271842
v 0.127023 0.053301 0.263051
v 0.143912 0.054287 0.235651
v 0.120060 0.052120 0.253716
v 0.142929 0.025624 0.027267
v 0.115947 0.054494 0.053803
v 0.109738 0.054962 0.049100
v 0.144671 0.054988 0.037044
v 0.142684 0.054514 0.044576
v 0.111142 0.024823 0.049496
v 0.143473 0.024758 0.039635
v 0.105808 0.055516 0.042381
v 0.137961 0.054195 0.050780
v 0.104756 0.056073 0.034669
v 0.131222 0.054079 0.054712
v 0.104066 0.026152 0.032604
v 0.134197 0.024175 0.051186
v 0.106743 0.056547 0.027137
v 0.123492 0.054184 0.055774
v 0.106053 0.026626 0.025073
v 0.122801 0.024263 0.053709
v 0.143619 0.055545 0.029332
v 0.136249 0.026436 0.017731
v 0.139689 0.056099 0.022613
v 0.133480 0.056567 0.017910
v 0.125245 0.026956 0.013875
v 0.125935 0.056877 0.015939
v 0.117515 0.027061 0.014936
v 0.118205 0.056982 0.017001
v 0.200529 0.005086 0.242720
v 0.167338 0.034425 0.264553
v 0.200284 0.033977 0.260029
v 0.169398 0.004246 0.265306
v 0.201154 0.004270 0.254346
v 0.163408 0.034979 0.257834
v 0.195562 0.033658 0.266233
v 0.194871 0.003737 0.264168
v 0.162356 0.035535 0.250122
v 0.188822 0.033542 0.270165
v 0.161666 0.005615 0.248057
v 0.164343 0.036009 0.242590
v 0.181092 0.033647 0.271227
v 0.163653 0.006089 0.240525
v 0.183628 0.003634 0.269421
v 0.165548 0.006283 0.237070
v 0.201219 0.035007 0.244785
v 0.193849 0.005899 0.233183
v 0.197290 0.035562 0.238066
v 0.191080 0.036029 0.233363
v 0.178864 0.006532 0.229008
v 0.183535 0.036339 0.231392
v 0.175115 0.006524 0.230389
v 0.175805 0.036445 0.232454
v 0.083301 -0.004565 0.349069
v 0.083301 -0.004565 0.349069
v 0.136293 -0.009907 0.408762
v 0.136293 -0.009907 0.408762
v 0.151269 -0.009339 0.395518
v 0.151269 -0.009339 0.395518
v 0.098277 -0.003997 0.335825
v 0.098277 -0.003997 0.335825
v 0.084221 0.035329 0.351822
v 0.084221 0.035329 0.351822
v 0.099197 0.035898 0.338578
v 0.099197 0.035898 0.338578
v 0.137213 0.029987 0.411515
v 0.137213 0.029987 0.411515
v 0.152189 0.030556 0.398271
v 0.152189 0.030556 0.398271
v 0.174365 0.018676 0.256555
v 0.174365 0.018676 0.256555
v 0.189341 0.019244 0.243311
v 0.189341 0.019244 0.243311
v 0.131741 0.035442 0.027858
v 0.131741 0.035442 0.027858
v 0.116765 0.034873 0.041102
v 0.116765 0.034873 0.041102
v 0.174596 0.028650 0.257243
v 0.174596 0.028650 0.257243
v 0.116995 0.044847 0.041790
v 0.116995 0.044847 0.041790
v 0.189572 0.029218 0.243999
v 0.189572 0.029218 0.243999
v 0.131971 0.045415 0.028546
v 0.131971 0.045415 0.028546
v 0.157779 -0.000863 0.343173
v 0.125578 0.028240 0.368081
v 0.158524 0.027792 0.363556
v 0.128159 -0.001988 0.369367
v 0.159394 -0.001915 0.357874
v 0.121648 0.028794 0.361362
v 0.153802 0.027473 0.369760
v 0.153112 -0.002448 0.367695
v 0.120596 0.029351 0.353649
v 0.147062 0.027357 0.373692
v 0.119906 -0.000570 0.351584
v 0.122583 0.029825 0.346118
v 0.139332 0.027462 0.374754
v 0.121893 -0.000096 0.344053
v 0.143334 -0.002571 0.372747
v 0.127306 0.030144 0.339913
v 0.159460 0.028823 0.348312
v 0.155530 0.029377 0.341593
v 0.145750 0.000092 0.333354
v 0.149320 0.029845 0.336890
v 0.141776 0.030155 0.334920
v 0.133355 0.000339 0.333916
v 0.134045 0.030260 0.335981
v 0.134939 0.002989 0.377552
v 0.149915 0.003557 0.364309
v 0.130043 0.005561 0.341924
v 0.115067 0.004992 0.355167
v 0.130503 0.025508 0.343300
v 0.115527 0.024939 0.356544
v 0.150375 0.023505 0.365685
v 0.135399 0.022936 0.378929
v -0.015921 0.164022 0.219133
v 0.015088 0.138501 0.217920
v 0.041225 0.150128 0.218293
v 0.041007 0.150801 0.224251
v 0.014870 0.139173 0.223878
v 0.014870 0.139173 0.223878
v -0.016139 0.164695 0.225091
vn 0.8799 0.2681 -0.3922
vn 0.4157 -0.8341 0.3626
vn 0.6871 0.5546 0.4694
vn 0.2462 0.4731 0.8459
vn 0.7059 0.5426 0.4552
vn -0.4747 0.1572 0.8660
vn -0.3122 0.2109 0.9263
vn 0.0702 0.4566 0.8869
vn -0.8352 -0.5300 -0.1471
vn -0.9090 -0.4146 0.0422
vn -0.6735 -0.5330 -0.5121
vn -0.3939 -0.5588 -0.7298
vn -0.2240 -0.4566 -0.8610
vn 0.7252 0.0816 -0.6837
vn 0.6375 -0.0525 -0.7687
vn 0.2848 -0.2333 -0.9297
vn -0.6895 0.0378 0.7233
vn -0.4079 0.1953 0.8919
vn -0.9117 -0.0437 0.4085
vn -0.9151 -0.2753 -0.2948
vn -0.9660 -0.2092 -0.1516
vn -0.6780 -0.2898 -0.6755
vn -0.9049 -0.2919 -0.3099
vn -0.9690 -0.2085 -0.1322
vn -0.7022 -0.2898 -0.6504
vn -0.1905 -0.2672 -0.9446
vn -0.4206 -0.3379 -0.8420
vn 0.7389 -0.0680 -0.6704
vn 0.4138 -0.1329 -0.9006
vn 0.9012 0.1003 -0.4217
vn 0.9014 0.2982 0.3138
vn 0.9884 0.1510 -0.0141
vn 0.7160 0.2820 0.6386
vn 0.3723 0.3388 0.8641
vn -0.4157 0.8341 -0.3626
vn 0.0295 0.0678 0.9973
vn 0.4132 0.0336 0.9100
vn 0.6971 0.0925 0.7110
vn -0.7180 -0.0873 -0.6906
vn -0.8410 -0.0516 -0.5385
vn -0.3605 -0.0242 -0.9325
vn 0.9994 0.0340 -0.0063
vn 0.9132 0.0623 -0.4027
vn 0.9765 0.0814 0.1997
vn -0.9802 0.1951 0.0333
vn -0.0144 -0.2382 0.9711
vn -0.1223 -0.8024 0.5842
vn -0.0963 -0.5386 0.8371
vn -0.2123 -0.9771 0.0141
vn 0.0566 0.0220 0.9982
vn 0.0775 0.2674 0.9605
vn 0.1706 0.9454 -0.2778
vn 0.1687 0.8605 -0.4807
vn 0.0432 0.4396 -0.8972
vn 0.9802 -0.1951 -0.0333
vn -0.0332 -0.4794 0.8770
vn -0.0472 -0.2266 0.9729
vn -0.1943 -0.8541 0.4824
vn 0.2182 0.8523 0.4753
vn 0.1635 0.9588 0.2324
vn 0.0976 0.5074 0.8562
vn 0.0883 0.4474 -0.8899
vn -0.0905 0.0241 -0.9956
vn 0.1031 0.8359 -0.5391
vn -0.1814 -0.2930 -0.9387
vn -0.4043 -0.3187 -0.8573
vn -0.6092 -0.2624 -0.7484
vn 0.7247 0.2353 0.6476
vn 0.8467 0.2188 0.4851
vn 0.5701 0.2894 0.7689
vn 0.9742 0.0027 -0.2256
vn 0.9127 -0.0831 -0.4000
vn 0.7899 -0.1193 -0.6015
vn -0.0325 -0.0635 -0.9975
vn -0.0936 -0.2641 -0.9599
vn 0.0693 0.5533 -0.8301
vn 0.0466 -0.2493 -0.9673
vn -0.1195 -0.6183 -0.7768
vn 0.0803 0.3053 -0.9489
vn -0.1389 -0.9273 -0.3477
vn -0.2363 -0.9647 0.1166
vn -0.1843 -0.5339 0.8252
vn -0.0948 -0.2777 0.9560
vn -0.0380 0.2152 0.9758
vn 0.1166 0.8297 0.5459
vn 0.2063 0.9368 0.2825
vn 0.1789 0.9453 -0.2728
vn 0.2282 0.7117 -0.6644
vn -0.1385 -0.9902 0.0189
vn -0.2317 -0.8595 -0.4556
vn -0.0891 -0.5396 -0.8372
vn -0.2020 -0.8636 0.4619
vn -0.0117 -0.4833 0.8754
vn -0.0374 -0.2233 0.9740
vn 0.1820 0.8362 -0.5174
vn 0.0338 0.5436 -0.8387
vn 0.1446 0.9894 -0.0139
vn 0.0494 0.2229 -0.9736
vn 0.4480 0.8939 0.0189
vn 0.1863 0.9774 -0.0996
vn 0.5793 0.8142 0.0394
vn 0.0632 0.7344 -0.6757
vn 0.2091 0.9568 -0.2020
vn 0.6307 0.6857 -0.3633
vn -0.2120 -0.9572 0.1969
vn -0.0440 -0.9456 -0.3225
vn 0.3117 -0.9478 0.0664
vn 0.9217 0.2785 -0.2700
vn 0.5366 0.2393 -0.8092
vn 0.9774 -0.1953 0.0804
vn 0.8432 -0.2819 -0.4577
vn 0.1818 -0.8175 0.5465
vn 0.5286 0.8211 0.2155
vn 0.2957 0.6196 0.7271
vn 0.8376 0.4144 0.3559
vn -0.0175 0.2003 0.9796
vn 0.4874 0.0749 0.8699
vn -0.0857 0.9654 0.2463
vn -0.4152 -0.6750 0.6099
vn -0.3471 0.7110 0.6115
vn -0.7196 0.6926 0.0509
vn -0.9058 -0.2887 0.3102
vn -0.6263 -0.7761 -0.0739
vn -0.9792 0.1853 -0.0821
vn -0.8388 0.2653 0.4755
vn -0.3158 0.8979 -0.3067
vn -0.6166 0.5304 -0.5818
vn -0.3175 -0.6178 -0.7194
vn -0.0765 0.3413 -0.9368
vn 0.0402 -0.2213 -0.9744
vn -0.4977 -0.0715 -0.8644
vn 0.4319 -0.8568 -0.2817
vn 0.4711 -0.8814 -0.0346
vn 0.3890 -0.7903 0.4734
vn 0.2556 -0.4591 0.8508
vn 0.1236 -0.2585 0.9581
vn -0.9935 0.0483 -0.1026
vn -0.9405 0.0624 -0.3340
vn -0.6258 -0.1157 -0.7714
vn 0.1036 -0.2179 -0.9705
vn 0.3570 -0.1624 -0.9199
vn 0.8218 -0.2000 -0.5335
vn 0.9164 0.1633 -0.3653
vn -0.3170 0.5808 -0.7498
vn -0.0315 0.2372 -0.9710
vn -0.3924 0.1181 -0.9122
vn -0.3443 0.7852 -0.5147
vn -0.0742 0.7381 -0.6706
vn 0.4193 0.6684 -0.6144
vn 0.2548 0.4278 -0.8672
vn -0.0687 0.9061 -0.4173
vn 0.2162 0.9763 0.0006
vn 0.4076 0.8587 -0.3107
vn -0.2695 0.9323 -0.2410
vn -0.5436 0.7915 -0.2793
vn -0.4404 0.8605 0.2560
vn -0.7404 0.6525 0.1613
vn -0.8958 0.4316 -0.1057
vn -0.5782 0.5797 -0.5742
vn -0.6897 0.1132 -0.7152
vn -0.8862 0.2326 -0.4008
vn 0.3978 -0.7515 -0.5263
vn 0.4267 -0.8572 -0.2883
vn 0.1848 -0.3904 -0.9019
vn 0.2247 -0.4006 0.8883
vn 0.0348 -0.1056 0.9938
vn 0.3805 -0.7763 0.5025
vn -0.2032 0.4359 0.8768
vn -0.3181 0.6027 0.7318
vn 0.4167 -0.8572 0.3027
vn 0.2368 -0.9017 -0.3617
vn 0.4290 -0.5951 0.6796
vn 0.4620 -0.8272 0.3198
vn 0.3851 -0.9137 -0.1300
vn 0.3575 -0.3686 0.8581
vn -0.5284 0.8031 -0.2755
vn -0.4431 0.8814 0.1636
vn -0.4533 0.5575 -0.6955
vn 0.0529 0.4201 0.9059
vn 0.2013 0.4731 0.8577
vn -0.4385 0.8784 -0.1899
vn -0.1223 0.8953 0.4284
vn 0.0709 0.4174 0.9059
vn -0.4927 0.8445 -0.2102
vn -0.3093 0.8159 0.4885
vn -0.1301 0.5416 0.8305
vn 0.3924 -0.9196 -0.0206
vn 0.2898 -0.8003 -0.5250
vn -0.0417 -0.3548 -0.9340
vn -0.5539 0.7993 -0.2331
vn -0.5100 0.8268 0.2371
vn -0.1868 0.6841 0.7050
vn 0.0311 0.4290 0.9028
vn 0.3247 -0.3229 0.8890
vn -0.5300 0.8021 -0.2750
vn -0.3826 0.9169 0.1136
vn -0.4414 0.6151 -0.6533
vn 0.5756 -0.2918 -0.7639
vn 0.8123 -0.5479 -0.2000
vn 0.6021 -0.7869 -0.1347
vn 0.8963 0.0969 -0.4328
vn 0.8270 -0.3471 0.4421
vn 0.9431 0.1382 0.3026
vn 0.6424 0.2369 0.7288
vn 0.5778 0.7607 0.2958
vn 0.2183 0.7595 0.6128
vn 0.4293 0.5613 -0.7076
vn 0.2855 0.1814 -0.9410
vn -0.0887 0.7551 -0.6495
vn -0.1637 -0.3576 -0.9194
vn -0.2330 0.0414 -0.9716
vn 0.3149 -0.8300 -0.4604
vn 0.3119 -0.3583 0.8800
vn 0.5007 -0.6227 0.6012
vn 0.1235 0.4337 0.8925
vn 0.5987 0.1058 -0.7939
vn 0.4868 -0.4164 -0.7678
vn 0.0930 0.1516 -0.9841
vn 0.7842 -0.5774 -0.2272
vn 0.6104 -0.7859 -0.0989
vn 0.6935 0.6668 -0.2727
vn 0.9712 -0.1788 0.1577
vn 0.7608 0.5614 0.3254
vn 0.6751 0.2067 0.7082
vn 0.4067 0.7838 0.4693
vn 0.1001 0.7578 -0.6447
vn 0.1923 0.9811 -0.0227
vn -0.5465 0.8069 -0.2240
vn -0.4235 0.8916 0.1604
vn 0.0965 -0.6361 -0.7656
vn 0.3501 -0.8131 -0.4651
vn 0.3983 -0.9160 -0.0491
vn 0.3066 0.2071 -0.9290
vn 0.8758 0.1475 -0.4596
vn 0.5095 -0.4008 -0.7614
vn 0.8190 -0.5406 -0.1926
vn 0.7878 -0.3981 0.4701
vn 0.8971 0.1452 0.4173
vn 0.5350 0.1905 0.8231
vn 0.5166 0.7539 0.4060
vn 0.4025 0.8671 -0.2937
vn 0.0008 0.7503 -0.6611
vn -0.0193 0.9995 0.0262
vn -0.1584 0.6211 0.7675
vn -0.2134 0.8777 0.4291
vn -0.4963 0.8212 -0.2817
vn 0.4183 0.6174 -0.6663
vn 0.9757 0.2122 0.0545
vn 0.8851 -0.2879 -0.3655
vn 0.4904 -0.4216 -0.7628
vn 0.7140 -0.6833 -0.1528
vn 0.6914 0.2225 0.6873
vn 0.8418 -0.3684 0.3945
vn 0.6432 0.7595 0.0975
vn 0.1135 0.9922 -0.0515
vn 0.3061 0.7640 0.5681
vn -0.4289 0.7690 -0.4740
vn -0.2389 -0.8753 -0.4204
vn 0.1497 0.9493 0.2765
vn -0.1392 0.9903 0.0040
vn 0.2988 0.7794 0.5507
vn 0.4558 0.6227 0.6360
vn 0.6134 0.1058 0.7826
vn 0.5374 0.2951 0.7900
vn 0.5752 -0.2912 0.7644
vn 0.3576 -0.8746 0.3273
vn 0.4092 -0.7676 0.4933
vn 0.0753 -0.9967 0.0300
vn -0.2245 0.9516 -0.2100
vn 0.0535 0.0456 -0.9975
vn 0.2751 0.0858 -0.9576
vn 0.6030 0.0192 -0.7975
vn 0.9512 -0.0696 0.3007
vn 0.9986 -0.0027 0.0522
vn 0.7806 -0.0326 0.6241
vn 0.5243 -0.0990 0.8458
vn -0.6464 -0.0645 0.7603
vn -0.4296 -0.0285 0.9026
vn -0.8639 0.0071 0.5037
vn -0.9879 -0.0140 0.1547
vn 0.9425 -0.0116 -0.3340
vn 0.9860 0.0126 -0.1664
vn 0.9655 -0.0593 0.2536
vn 0.6607 -0.0882 0.7455
vn 0.4867 -0.0447 0.8724
vn 0.0812 -0.0981 0.9919
vn -0.2021 -0.0351 0.9787
vn -0.6136 -0.0712 0.7864
vn 0.7951 0.0722 -0.6022
vn 0.2874 0.0234 -0.9575
vn 0.5804 0.0776 -0.8107
vn 0.8777 -0.0223 -0.4787
vn 0.9814 0.0194 -0.1908
vn 0.9707 -0.0650 0.2314
vn -0.4543 0.0438 -0.8898
vn -0.6683 0.0903 -0.7384
vn -0.1099 0.0995 -0.9889
vn -0.1480 0.1596 0.9760
vn 0.0361 0.1475 0.9884
vn -0.0127 0.2193 0.9756
vn 0.0734 0.1009 0.9922
vn 0.1859 0.9769 -0.1054
vn -0.1091 0.9873 -0.1159
vn -0.5403 -0.5472 -0.6393
vn 0.4174 0.5291 0.7388
vn -0.0571 0.9978 -0.0331
vn 0.9907 0.0525 -0.1257
vn 0.0571 -0.9978 0.0331
vn -0.9907 -0.0525 0.1257
vn 0.1854 -0.0219 -0.9824
vn -0.1854 0.0219 0.9824
vn -0.8070 -0.1950 0.5574
vn 0.1311 -0.3674 -0.9208
vn 0.9115 0.3582 -0.2024
vn 0.9069 0.3783 -0.1858
vn 0.1854 -0.9487 0.2562
vn 0.3213 0.3231 0.8902
vn -0.1739 0.2077 0.9626
vn 0.4022 0.3058 0.8629
vn -0.9576 -0.1396 0.2521
vn -0.5436 -0.3290 -0.7722
vn 0.0071 -0.2529 -0.9675
vn 0.0346 -0.2571 -0.9658
vn 0.6853 -0.0591 -0.7259
vn 0.9839 0.1697 -0.0559
vn 0.8165 0.3045 0.4905
vn 0.8187 0.2933 0.4936
vn -0.1854 0.9487 -0.2562
vn 0.6911 -0.0604 -0.7202
vn 0.9792 0.1692 -0.1122
vn 0.1877 0.2748 0.9430
vn -0.3509 0.1984 0.9151
vn -0.4283 0.1452 0.8919
vn -0.8828 -0.0340 0.4686
vn -0.9134 -0.0912 0.3968
vn 0.1889 -0.2458 -0.9507
vn 0.9810 0.0622 0.1837
vn -0.9810 -0.0622 -0.1838
vn -0.9810 -0.0622 -0.1837
vn 0.6001 -0.0972 -0.7940
vn -0.6001 0.0972 0.7940
vn -0.9644 -0.2257 -0.1380
vn 0.9644 0.2257 0.1380
vn -0.8799 -0.2681 0.3922
vn 0.4872 0.5408 0.6856
vn -0.1891 0.0066 0.9819
vn -0.7050 -0.0085 0.7091
vn -0.7254 -0.0216 0.6880
vn -0.9974 -0.0526 0.0490
vn -0.9977 -0.0648 0.0193
vn -0.1828 -0.0540 -0.9817
vn 0.3754 0.0148 -0.9267
vn 0.3737 -0.0185 -0.9274
vn 0.8204 0.0136 -0.5717
vn 0.8454 0.0470 0.5320
vn 0.1767 0.9384 -0.2970
vn 0.1389 0.7982 -0.5861
vn 0.0867 0.5745 -0.8139
vn -0.5334 0.8407 -0.0935
vn -0.3079 -0.0901 0.9471
vn 0.5334 -0.8407 0.0935
vn 0.3079 0.0901 -0.9471
vn -0.6767 -0.4904 -0.5492
vn -0.8063 -0.4720 0.3566
vn 0.2099 0.0246 -0.9774
vn 0.5075 0.2297 -0.8305
vn -0.1196 -0.1843 -0.9756
vn -0.4309 -0.3652 -0.8252
vn -0.8194 -0.5410 -0.1896
vn -0.8373 -0.5092 0.1989
vn -0.7278 -0.3999 0.5571
vn -0.5075 -0.2297 0.8305
vn -0.2099 -0.0246 0.9774
vn 0.1196 0.1843 0.9756
vn 0.4309 0.3652 0.8252
vn 0.6767 0.4904 0.5492
vn 0.8194 0.5410 0.1896
vn 0.8373 0.5092 -0.1989
vn 0.7278 0.3999 -0.5571
vn -0.1432 -0.5015 -0.8532
vn 0.0216 0.2338 -0.9720
vn -0.1253 -0.5051 -0.8539
vn -0.1894 -0.9539 -0.2328
vn 0.2007 0.8545 0.4791
vn -0.1294 -0.5043 -0.8538
vn 0.1886 0.9718 -0.1412
vn -0.1886 -0.9718 0.1412
vn 0.0654 0.6190 0.7826
vn 0.8537 -0.4407 0.2773
vn -0.0760 -0.3049 -0.9494
vn -0.2267 -0.8461 -0.4824
vn -0.1706 -0.8605 -0.4801
vn -0.0654 -0.6190 -0.7826
vn -0.1608 -0.9500 0.2675
vn -0.5166 -0.6501 0.5573
vn 0.5166 0.6501 -0.5573
vn 0.1191 0.2578 0.9588
vn -0.0654 -0.6190 -0.7827
vn 0.2129 0.9352 -0.2831
vn -0.8537 0.4407 -0.2773
vn -0.8204 -0.2376 -0.5201
vn -0.9808 0.0036 0.1950
vn -0.9840 -0.1173 -0.1343
vn -0.9733 0.0054 0.2295
vn -0.9325 -0.1488 -0.3290
vn -0.8150 0.1229 0.5662
vn -0.5327 0.2216 0.8168
vn -0.1692 0.2866 0.9430
vn 0.2537 0.2989 0.9199
vn 0.2200 0.3080 0.9256
vn 0.9844 0.0953 0.1477
vn 0.5674 -0.2276 -0.7914
vn 0.0657 -0.9514 0.3010
vn 0.1303 -0.3058 -0.9431
vn 0.3566 -0.2413 -0.9026
vn -0.0657 0.9514 -0.3010
vn 0.8063 0.4720 -0.3566
vn -0.1824 -0.8609 -0.4750
vn -0.1904 -0.8790 -0.4371
vn -0.1529 -0.8406 0.5197
vn -0.1457 -0.8420 0.5194
vn 0.0294 -0.0299 0.9991
vn 0.0230 -0.0339 0.9992
vn 0.1672 0.7169 0.6768
vn 0.1614 0.6907 0.7049
vn 0.1889 0.9815 -0.0299
vn 0.1925 0.9797 -0.0550
vn 0.1118 0.6717 -0.7323
vn 0.0133 -0.3008 -0.9536
vn -0.0133 0.3008 0.9536
vn 0.7474 -0.6640 -0.0250
vn 0.3151 -0.9478 -0.0495
vn 0.9793 -0.2023 0.0061
vn 0.9793 -0.2022 0.0061
vn 0.9489 0.3136 0.0356
vn 0.9489 0.3137 0.0356
vn 0.6642 0.7455 0.0556
vn 0.2015 0.9776 0.0606
vn -0.3151 0.9478 0.0495
vn -0.7474 0.6640 0.0250
vn -0.9793 0.2023 -0.0061
vn -0.9793 0.2022 -0.0061
vn -0.9489 -0.3136 -0.0356
vn -0.9489 -0.3137 -0.0356
vn -0.6642 -0.7455 -0.0556
vn 0.0182 0.0582 -0.9981
vn -0.2015 -0.9776 -0.0606
vn -0.0182 -0.0582 0.9981
vn 0.7473 -0.6640 -0.0250
vn -0.7473 0.6640 0.0250
vn -0.1826 -0.8711 0.4559
vn 0.0617 0.4625 0.8844
vn 0.9777 -0.2018 0.0587
vn -0.9777 0.2018 -0.0587
vn 0.2100 0.9261 -0.3136
vn -0.2100 -0.9261 0.3136
vn 0.1224 0.2986 -0.9465
vn -0.0947 -0.6571 -0.7478
vn -0.0747 -0.6612 -0.7465
vn -0.2058 -0.9581 0.1993
vn -0.2258 -0.9538 0.1981
vn -0.1224 -0.2986 0.9465
vn -0.1024 -0.3027 0.9476
vn 0.0947 0.6571 0.7478
vn 0.0747 0.6612 0.7465
vn 0.2058 0.9581 -0.1993
vn 0.2258 0.9538 -0.1981
vn 0.1024 0.3027 -0.9476
vn 0.1870 0.0895 -0.9783
vn -0.1201 -0.2521 -0.9602
vn -0.8757 -0.4361 -0.2073
vn -0.1870 -0.0895 0.9783
vn -0.4451 0.8955 -0.0031
vn 0.4451 -0.8955 0.0031
vn 0.1471 0.4343 0.8887
vn 0.1108 0.5711 0.8134
vn 0.2209 0.9423 0.2516
vn 0.8757 0.4361 0.2073
vn -0.7286 -0.5128 -0.4541
vn 0.7286 0.5128 0.4541
vn 0.1849 -0.3350 -0.9239
vn 0.0091 -0.2230 -0.9748
vn 0.2174 -0.2495 -0.9436
vn 0.1745 0.1651 0.9707
vn 0.0034 0.2958 0.9552
vn -0.2101 -0.9324 0.2940
vn -0.1896 -0.9303 0.3141
vn -0.1914 -0.9367 0.2933
vn -0.2111 -0.9317 0.2956
vn -0.2119 -0.9298 0.3011
vn -0.1843 0.3345 0.9242
vn -0.2204 0.2478 0.9434
vn -0.0046 -0.2998 -0.9540
vn -0.1804 -0.1666 -0.9694
vn -0.2378 0.9713 -0.0078
vn -0.7573 0.6158 0.2175
vn -0.7387 0.6329 0.2319
vn 0.7460 -0.4700 0.4717
vn 0.2315 -0.8896 0.3937
vn 0.0697 -0.9166 0.3938
vn 0.8354 -0.4182 0.3567
vn 0.9344 -0.1186 0.3360
vn 0.8354 -0.4182 0.3568
vn 0.7687 0.6268 0.1274
vn -0.5975 -0.7147 0.3635
vn -0.5976 -0.7147 0.3634
vn -0.9577 0.0817 0.2760
vn -0.9577 0.0816 0.2759
vn -0.9577 0.0817 0.2761
vn 0.9502 0.0176 0.3110
vn 0.9361 -0.1032 0.3362
vn -0.4600 -0.8684 0.1849
vn -0.1904 -0.8318 0.5214
vn -0.3934 -0.8730 0.2882
vn 0.3181 -0.1620 -0.9341
vn 0.3586 -0.2410 -0.9018
vn 0.7269 -0.4799 0.4912
vn 0.2772 -0.3488 -0.8953
vn 0.2837 0.2697 0.9202
vn 0.2748 0.2823 0.9191
vn -0.9348 0.2723 0.2279
vn -0.9421 0.2440 0.2301
vn -0.9421 0.2440 0.2302
vn 0.2085 0.9734 -0.0947
vn -0.0759 0.9970 -0.0135
vn -0.2776 0.3493 0.8949
vn 0.2471 0.0448 0.9679
vn -0.2468 -0.0454 -0.9680
vn -0.3264 0.2044 0.9229
vn -0.3294 0.1727 0.9283
vn 0.5027 -0.2801 -0.8178
vn -0.2946 -0.2085 -0.9326
vn -0.2830 -0.2688 -0.9207
vn 0.3395 -0.7156 -0.6105
vn 0.6941 -0.7172 -0.0615
vn 0.6471 -0.5381 0.5402
vn 0.8387 -0.0713 0.5399
vn 0.2704 -0.3959 0.8776
vn -0.3789 -0.2528 0.8902
vn -0.5279 0.2709 0.8049
vn -0.8387 0.0713 -0.5399
vn -0.8340 -0.4012 -0.3788
vn -0.6573 0.0416 -0.7525
vn -0.6734 0.3757 -0.6367
vn -0.6460 -0.0173 -0.7631
vn -0.2035 -0.8393 0.5041
vn 0.6814 -0.3674 0.6330
vn 0.6640 -0.0497 0.7461
vn 0.6513 0.0152 0.7587
vn 0.2035 0.8393 -0.5041
vn 0.0378 -0.6803 -0.7320
vn 0.1474 -0.7190 -0.6792
vn 0.1714 -0.7260 -0.6660
vn -0.0052 0.7789 0.6271
vn -0.0879 0.8022 0.5906
vn 0.0071 0.7749 0.6321
vn 0.7127 -0.0101 0.7014
vn -0.7127 0.0101 -0.7014
vn 0.7342 -0.2885 -0.6146
vn -0.7342 0.2885 0.6146
vn 0.1932 0.9729 0.1272
vn -0.1932 -0.9729 -0.1272
vn 0.1686 0.5867 -0.7920
vn -0.2102 -0.9356 0.2836
vn 0.0044 -0.2594 -0.9658
vn -0.2098 -0.9539 0.2146
vn 0.2098 0.9539 -0.2146
vn 0.8899 0.4561 -0.0000
vn 0.1040 -0.2030 -0.9737
vn -0.4441 0.8665 -0.2280
vn 0.4441 -0.8665 0.2280
vn -0.1040 0.2030 0.9737
vn -0.9868 0.1012 -0.1265
vn 0.4941 0.8601 -0.1265
vn -0.8899 -0.4561 -0.0000
vn 0.2176 -0.4144 -0.8837
vn -0.2131 0.4268 0.8789
vn -0.2349 0.4571 0.8578
vn -0.4587 0.8880 0.0317
vn -0.4522 0.8914 0.0317
vn -0.2376 0.4706 -0.8497
vn -0.2442 0.4673 -0.8497
vn 0.1979 -0.3772 -0.9047
vn -0.1629 0.3180 0.9340
vn 0.0431 -0.0842 -0.9955
vn 0.0145 -0.0283 -0.9995
vn -0.4941 -0.8601 0.1265
vn -0.0418 0.0815 -0.9958
vn 0.9868 -0.1012 0.1265
vn -0.1894 0.3696 0.9097
vn -0.2391 0.4665 0.8516
vn -0.0846 -0.9810 0.1745
vn -0.5299 -0.1040 -0.8417
vn 0.0846 0.9810 -0.1745
vn 0.5299 0.1040 0.8417
vn 0.5867 -0.1906 -0.7871
vn -0.5867 0.1906 0.7871
vn 0.9199 -0.0263 0.3912
vn 0.9151 -0.1333 -0.3806
vn 0.9085 -0.0210 0.4173
vn 0.1543 0.1563 0.9756
vn 0.1560 0.1763 0.9719
vn -0.7409 0.1725 0.6491
vn -0.7615 0.1872 0.6206
vn -0.3964 -0.0931 -0.9134
vn -0.9164 -0.1633 0.3653
vn -0.3874 0.1336 -0.9122
vn 0.3874 -0.1336 0.9122
vn -0.3842 0.9198 0.0798
vn 0.8925 0.3922 -0.2228
vn 0.3842 -0.9198 -0.0798
vn -0.8925 -0.3922 0.2228
vn -0.2362 -0.0144 -0.9716
vn 0.2362 0.0144 0.9716
vn -0.1002 0.9775 0.1857
vn 0.0860 -0.0124 -0.9962
vn 0.4472 0.2328 -0.8636
vn 0.6449 0.5151 -0.5646
vn 0.6262 0.7588 -0.1794
vn -0.0924 0.9746 0.2039
vn 0.3961 0.8986 0.1889
vn 0.0162 0.8971 0.4416
vn -0.7729 0.5094 0.3784
vn -0.9706 0.2271 0.0794
vn -0.9519 -0.0165 -0.3059
vn -0.7218 -0.1564 -0.6742
vn 0.3448 -0.7857 0.5137
vn -0.3196 -0.2506 -0.9138
vn -0.3448 0.7857 -0.5137
vn 0.1002 -0.9775 -0.1857
vn 0.4538 -0.8599 0.2336
vn 0.1097 -0.1968 -0.9743
vn -0.4515 0.8919 0.0263
vn -0.4565 0.8896 -0.0161
vn -0.2582 0.5051 -0.8235
vn -0.2470 0.4710 -0.8469
vn -0.8952 -0.4398 -0.0718
vn -0.6341 -0.5984 -0.4897
vn 0.2823 -0.4351 -0.8550
vn -0.2031 -0.5967 -0.7763
vn -0.2823 0.4351 0.8550
vn -0.6921 0.1569 0.7045
vn 0.8952 0.4398 0.0718
vn 0.6341 0.5984 0.4897
vn 0.6341 0.5984 0.4896
vn -0.6341 -0.5984 -0.4896
vn 0.6921 -0.1569 -0.7045
vn 0.2031 0.5967 0.7763
vn 0.3015 -0.0668 0.9511
vn -0.1608 0.0547 -0.9855
vn 0.1500 -0.6185 -0.7714
vn -0.2584 0.0397 -0.9652
vn -0.4431 0.7931 -0.4179
vn -0.0658 0.7924 0.6064
vn -0.3793 0.9107 -0.1633
vn 0.1696 0.4431 0.8803
vn 0.1763 -0.7096 -0.6822
vn 0.2692 0.0442 0.9621
vn -0.2461 0.0911 -0.9649
vn 0.0142 -0.3262 -0.9452
vn -0.1692 0.6582 0.7335
vn -0.0397 0.6600 0.7502
vn 0.2417 -0.0359 0.9697
vn -0.1173 0.0371 -0.9924
vn -0.3788 0.6472 -0.6616
vn 0.5177 -0.8544 0.0451
vn 0.4501 -0.4444 0.7745
vn 0.2705 -0.2239 0.9363
vn -0.1270 0.0381 -0.9912
vn 0.1517 -0.5799 -0.8004
vn 0.3906 -0.8092 -0.4389
vn 0.4164 -0.6811 0.6023
vn -0.2598 0.0482 -0.9645
vn -0.1752 -0.0452 -0.9835
vn -0.2960 0.0166 -0.9550
vn 0.2767 -0.3752 0.8847
vn 0.4791 -0.6798 0.5553
vn 0.2169 0.0421 0.9753
vn -0.1866 0.6216 0.7608
vn -0.1047 0.6605 0.7434
vn 0.3696 -0.9291 0.0127
vn 0.0995 0.9923 -0.0740
vn -0.5147 0.7617 -0.3936
vn -0.3668 0.9093 -0.1964
vn -0.1485 0.6819 0.7162
vn 0.3258 -0.9442 -0.0479
vn 0.7408 -0.4490 0.4996
vn -0.1879 0.6900 -0.6990
vn 0.2406 -0.0257 0.9703
vn 0.3848 -0.6186 0.6850
vn 0.4833 -0.6559 0.5798
vn -0.0884 0.4186 0.9039
vn -0.1614 0.6953 0.7004
vn 0.0029 0.0876 -0.9961
vn -0.4225 0.6724 -0.6078
vn 0.2353 0.1083 0.9659
vn 0.2837 0.1530 -0.9466
vn -0.0113 0.1214 -0.9925
vn 0.4563 0.1222 0.8814
vn -0.1148 0.7387 -0.6642
vn -0.1487 0.9887 -0.0163
vn 0.4425 0.6099 0.6574
vn 0.5046 0.4720 0.7229
vn -0.7951 -0.0722 0.6022
vn 0.3243 0.7884 0.5228
vn -0.0230 -0.9974 -0.0688
vn -0.8598 0.0549 -0.5077
vn 0.0230 0.9974 0.0688
vn 0.8598 -0.0549 0.5077
vn -0.7488 -0.0284 0.6622
vn 0.7488 0.0284 -0.6622
vn 0.5806 -0.4696 0.6652
vn -0.3506 -0.7630 -0.5431
vn 0.0045 -0.9906 -0.1369
vn -0.5931 -0.1007 -0.7988
vn -0.3520 -0.7469 -0.5641
vn -0.5158 0.6195 -0.5918
vn -0.5126 0.5996 -0.6146
vn 0.9473 -0.0237 -0.3194
vn 0.8364 0.0453 -0.5462
vn -0.0705 -0.0909 0.9934
vn 0.1869 -0.0451 0.9813
vn -0.9970 0.0481 -0.0610
vn -0.9061 0.0311 -0.4220
vn -0.5206 0.0524 -0.8522
vn -0.7977 0.0826 -0.5974
vn -0.3203 0.0952 -0.9425
vn 0.5747 0.0403 -0.8174
vn -0.1348 0.0678 -0.9885
vn 0.5961 0.0482 -0.8015
vn 0.8975 -0.0302 0.4400
vn -0.7503 -0.0148 0.6609
vn -0.9922 0.0077 0.1241
vn -0.7957 0.0635 -0.6024
vn -0.7959 0.0508 -0.6033
vn -0.9949 0.0190 0.0989
vn -0.6624 0.0668 -0.7462
vn 0.6624 -0.0668 0.7462
vn -0.9660 0.0044 0.2586
vn 0.9660 -0.0044 -0.2586
vn 0.4289 -0.7690 0.4740
vn 0.2777 0.8393 0.4674
vn 0.8994 -0.0293 0.4361
vn 0.6744 -0.0851 0.7334
vn 0.1344 -0.0978 0.9861
vn 0.4873 -0.0424 0.8722
vn -0.2225 -0.0260 0.9746
vn -0.5763 -0.0802 0.8133
vn -0.8433 0.0198 0.5371
vn -0.9811 -0.0213 0.1922
vn -0.8968 0.0265 -0.4416
vn -0.9783 0.0654 -0.1966
vn 0.6327 0.7718 -0.0639
vn 0.4517 0.8882 -0.0837
vn 0.4207 0.9031 -0.0865
vn -0.1465 0.9824 -0.1163
vn -0.4023 0.9080 -0.1173
vn -0.0081 -0.1179 -0.9930
vn -0.1601 -0.0611 -0.9852
vn 0.1395 -0.1554 -0.9779
vn -0.2646 0.1531 0.9521
vn 0.1538 0.0685 0.9857
vn -0.1649 -0.5537 0.8162
vn -0.8238 -0.1574 0.5446
vn 0.0571 -0.9978 0.0330
vn -0.0571 0.9978 -0.0330
vn 0.9810 0.0622 0.1838
vn 0.1829 0.8581 0.4797
vn 0.0654 0.6190 0.7827
vn 0.9834 0.1129 0.1422
vn 0.1951 0.2571 0.9465
vn -0.1948 -0.2567 -0.9467
vn 0.7656 0.6250 0.1522
vn 0.9512 0.0031 0.3087
vn 0.4110 -0.2858 -0.8657
vn 0.3073 -0.2179 -0.9263
vn 0.2631 -0.1534 -0.9525
vn 0.2595 0.1756 0.9496
vn 0.2952 0.2088 0.9323
vn 0.2690 0.1393 0.9530
vn -0.9360 0.2716 0.2239
vn 0.2079 0.9730 -0.1005
vn -0.3079 0.2172 0.9263
vn -0.2685 -0.1395 -0.9531
vn -0.2136 0.2868 0.9339
vn -0.3187 0.1616 0.9340
vn -0.2742 -0.2817 -0.9195
vn -0.2592 -0.1756 -0.9497
vn -0.6672 0.4320 -0.6068
vn 0.6753 -0.4280 0.6006
vn 0.0181 -0.6722 -0.7402
vn -0.1038 0.8059 0.5829
vn -0.2101 -0.9356 0.2836
vn -0.0845 -0.9810 0.1745
vn -0.3419 -0.1548 -0.9269
vn -0.4117 0.7546 0.5109
vn 0.8925 0.3922 -0.2227
vn -0.8925 -0.3922 0.2227
vn -0.1401 0.9899 0.0194
vn 0.1971 0.7532 0.6276
vn -0.6057 -0.1019 -0.7892
vn -0.1345 0.0804 -0.9876
vn -0.0454 -0.0308 -0.9985
vt 0.625000 0.250000
vt 0.625000 0.500000
vt 0.375000 0.500000
vt 0.625000 0.625000
vt 0.625000 0.750000
vt 0.500000 0.750000
vt 0.156250 0.500000
vt 0.250000 1.000000
vt 0.156250 1.000000
vt 0.343750 1.000000
vt 0.281250 0.500000
vt 0.599672 1.000000
vt 0.562500 0.500000
vt 0.662174 0.500000
vt 0.718750 1.000000
vt 0.750000 0.500000
vt 0.937500 0.500000
vt 0.906250 1.000000
vt 0.843750 0.500000
vt 0.343749 1.000000
vt 0.287173 0.500000
vt 0.412174 0.500000
vt 0.525327 1.000000
vt 0.500000 0.500000
vt 0.593750 0.500000
vt 0.531250 1.000000
vt 0.593750 0.500000
vt 0.687500 0.500000
vt 0.650328 1.000000
vt 0.849673 1.000000
vt 0.787173 0.500000
vt 0.906250 0.500000
vt 1.000000 0.500000
vt 0.974673 1.000000
vt 0.093749 1.000000
vt 0.031250 0.500000
vt 0.156251 0.500000
vt 0.375000 0.250000
vt 0.625000 0.000000
vt 0.625000 0.125000
vt 0.500000 0.000000
vt 0.212827 0.500000
vt 0.150328 1.000000
vt 0.093749 0.500000
vt 0.599673 1.000000
vt 0.656251 0.500000
vt 0.968751 1.000000
vt 0.912173 0.500000
vt 0.625000 0.250000
vt 0.625000 0.500000
vt 0.616667 1.000000
vt 0.550000 0.500000
vt 0.708333 0.500000
vt 0.458333 1.000000
vt 0.416667 0.500000
vt 0.166667 0.500000
vt 0.125000 1.000000
vt 0.041667 0.500000
vt 0.375000 0.750000
vt 0.541667 1.000000
vt 0.500000 0.500000
vt 0.625000 0.500000
vt 0.291666 1.000000
vt 0.250000 0.500000
vt 0.375001 0.500000
vt 0.033334 1.000000
vt 0.000000 0.500000
vt 0.124999 0.500000
vt 0.968750 1.000000
vt 0.406250 1.000000
vt 0.437500 0.500000
vt 0.250000 0.500000
vt 0.218750 1.000000
vt 0.187500 0.500000
vt 0.958333 1.000000
vt 0.916667 0.500000
vt 0.950000 1.000000
vt 0.883333 0.500000
vt 0.791667 1.000000
vt 0.716666 0.500000
vt 0.583333 0.500000
vt 0.533333 1.000000
vt 0.458334 0.500000
vt 0.333333 0.500000
vt 0.291667 1.000000
vt 0.199999 0.500000
vt 0.125000 1.000000
vt 0.041666 0.500000
vt 0.625000 -0.000000
vt 0.375000 0.000000
vt 0.625000 0.625000
vt 0.625000 0.750000
vt 0.708334 0.500000
vt 0.791667 1.000000
vt 0.875000 0.500000
vt 0.633334 1.000000
vt 0.541667 0.500000
vt 0.500000 1.000000
vt 0.125000 0.500000
vt 0.050000 1.000000
vt 0.208334 1.000000
vt 0.698345 0.561555
vt 0.718750 0.562500
vt 0.697279 0.561339
vt 0.791665 0.833333
vt 0.708333 1.000000
vt 0.573029 0.833333
vt 0.708334 0.166667
vt 0.541667 0.166667
vt 0.544797 0.666667
vt 0.666667 0.666667
vt 0.583333 0.500000
vt 0.458333 0.000000
vt 0.382726 0.166667
vt 0.458333 1.000000
vt 0.367275 0.833333
vt 0.288481 0.666667
vt 0.416667 0.666667
vt 0.333333 0.500000
vt 0.291667 1.000000
vt 0.167433 0.833333
vt 0.291667 0.000000
vt 0.176971 0.166667
vt 0.166667 0.666667
vt 0.035312 0.666667
vt 0.044797 0.333333
vt 0.000000 0.166667
vt 0.000000 0.500000
vt 0.083333 0.500000
vt 0.041667 1.000000
vt 0.000000 0.833333
vt 0.041667 0.000000
vt 0.966061 0.833333
vt 0.916667 0.666667
vt 1.000000 0.666667
vt 0.875000 1.000000
vt 0.791667 0.000000
vt 0.926971 0.166667
vt 0.791667 0.333333
vt 0.785312 0.666667
vt 0.833333 0.500000
vt 0.791667 1.000000
vt 0.708333 0.500000
vt 0.625000 1.000000
vt 0.291667 1.000000
vt 0.208333 0.500000
vt 0.083333 0.500000
vt 0.041666 1.000000
vt 0.708334 0.833333
vt 0.750000 0.666667
vt 0.625000 1.000000
vt 0.549590 0.833333
vt 0.500000 0.666667
vt 0.583333 0.666667
vt 0.382923 0.833333
vt 0.333333 0.666667
vt 0.250000 0.833333
vt 0.208333 1.000000
vt 0.083935 0.833333
vt 0.083333 0.666667
vt 0.000000 0.666667
vt 1.000000 0.833333
vt 0.874999 0.833333
vt 0.833333 0.666667
vt 0.791667 1.000000
vt 0.958333 0.500000
vt 0.616667 1.000000
vt 0.550000 0.500000
vt 0.708333 0.500000
vt 0.458333 1.000000
vt 0.812501 1.000000
vt 0.701924 0.500000
vt 0.875000 0.500000
vt 0.812501 1.000000
vt 0.937497 0.500000
vt 0.312500 1.000000
vt 0.701923 0.500000
vt 0.500000 1.000000
vt 0.298076 0.500000
vt 0.187500 1.000000
vt 0.062502 0.500000
vt 0.298076 0.500000
vt 0.187500 1.000000
vt 0.125000 0.500000
vt 0.673077 1.000000
vt 0.562499 0.500000
vt 0.312499 1.000000
vt 0.076924 1.000000
vt 0.545147 0.165148
vt 0.510000 0.250000
vt 0.580294 0.080294
vt 0.625000 0.499418
vt 0.609826 0.896435
vt 0.375000 0.499417
vt 0.312500 0.833333
vt 0.250000 0.499569
vt 0.090286 0.759234
vt 0.187500 1.000000
vt 1.000000 0.833333
vt 0.937500 1.000000
vt 0.833873 0.776338
vt 0.750000 0.499568
vt 0.834852 0.045147
vt 0.750000 0.010000
vt 0.954853 0.165148
vt 0.834856 0.454852
vt 0.919706 0.419706
vt 0.665144 0.454851
vt 0.708873 0.776337
vt 0.625000 0.499570
vt 0.562500 1.000000
vt 0.412636 0.767029
vt 0.312500 1.000000
vt 0.187502 0.833333
vt 0.250000 0.499417
vt 0.125000 0.499568
vt 0.890173 0.896437
vt 0.875000 0.666667
vt 1.000000 0.499417
vt 0.545147 0.165148
vt 0.919706 0.080294
vt 0.954853 0.165147
vt 0.990000 0.250000
vt 0.750000 0.666667
vt 0.675687 0.876292
vt 0.625000 0.499569
vt 0.375000 0.499569
vt 0.297121 0.770597
vt 0.125000 0.736569
vt 0.062500 1.000000
vt 0.000000 0.770595
vt 0.952881 0.770595
vt 0.875000 0.499569
vt 0.580294 0.419706
vt 0.545148 0.334855
vt 0.545147 0.165147
vt 0.843816 0.771795
vt 0.687500 1.000000
vt 0.541127 0.776336
vt 0.625000 0.499569
vt 0.359825 0.896435
vt 0.250000 0.666667
vt 0.375000 0.499418
vt 0.075565 0.833333
vt 0.125000 0.499569
vt 0.125000 0.750000
vt 0.375000 0.750000
vt 0.162174 0.500000
vt 0.099671 1.000000
vt 0.218750 1.000000
vt 0.343750 0.500000
vt 0.406251 1.000000
vt 0.531252 0.500000
vt 0.593749 1.000000
vt 0.062500 0.500000
vt 0.156250 1.000000
vt 0.218751 0.500000
vt 0.412173 0.500000
vt 0.375000 1.000000
vt 0.468749 1.000000
vt 0.531250 0.500000
vt 0.724673 0.500000
vt 0.781250 1.000000
vt 0.843750 0.500000
vt 0.312500 0.500000
vt 0.343749 1.000000
vt 0.406251 0.500000
vt 0.531250 1.000000
vt 0.599672 0.500000
vt 0.650328 1.000000
vt 0.718749 0.500000
vt 0.162173 0.500000
vt 0.212827 1.000000
vt 0.287173 0.500000
vt 0.337826 1.000000
vt 0.406252 0.500000
vt 0.037173 0.500000
vt 0.000000 1.000000
vt 0.093750 1.000000
vt 0.729092 0.562500
vt 0.749969 0.562500
vt 0.750000 0.501850
vt 0.770373 0.562500
vt 0.875000 0.750000
vt 0.028269 0.341844
vt 0.158156 0.028269
vt 0.471731 0.158156
vt 0.468749 1.000000
vt 0.812500 1.000000
vt 1.000000 1.000000
vt 0.031250 0.500000
vt 0.031250 1.000000
vt 0.341844 0.471731
vt 0.162173 0.500000
vt 0.150328 1.000000
vt 0.437500 1.000000
vt 0.718750 0.500000
vt 0.718750 1.000000
vt 0.843750 0.500000
vt 0.062500 1.000000
vt 0.580294 0.419706
vt 0.919706 0.419706
vt 0.919706 0.080294
vt 0.843750 1.000000
vt 0.962826 0.500000
vt 0.974672 1.000000
vt 0.275327 0.500000
vt 0.287173 1.000000
vt 0.400327 0.500000
vt 0.412173 1.000000
vt 0.750000 1.000000
vt 0.875000 0.625000
vt 0.341844 0.028269
vt 0.471731 0.341844
vt 0.158156 0.471731
vt 0.343749 0.500000
vt 0.343749 1.000000
vt 0.468750 0.500000
vt 0.468750 1.000000
vt 0.781251 0.500000
vt 0.781250 1.000000
vt 0.812500 0.500000
vt 0.125000 1.000000
vt 0.875000 0.500000
vt 0.875000 1.000000
vt 0.750000 1.000000
vt 0.291667 1.000000
vt 0.490000 0.250000
vt 0.130000 0.457846
vt 0.130000 0.042154
vt 0.542154 0.370000
vt 0.957846 0.370000
vt 0.000000 1.000000
vt 0.375000 -0.000000
vt 0.916667 1.000000
vt 0.966666 0.500000
vt 0.791667 0.500000
vt 0.791667 1.000000
vt 0.666667 1.000000
vt 0.416667 1.000000
vt 0.166667 1.000000
vt 0.130000 0.457846
vt 0.130000 0.042154
vt 0.843750 0.500000
vt 0.028269 0.158156
vt 0.093750 0.500000
vt 0.580294 0.080294
vt 0.791667 1.000000
vt 0.791667 0.500000
vt 0.625000 1.000000
vt 0.625000 0.500000
vt 0.458334 0.500000
vt 0.458334 1.000000
vt 0.333333 1.000000
vt 0.216666 0.500000
vt 0.200000 1.000000
vt 0.083333 1.000000
vt 0.050000 0.500000
vt 0.833333 1.000000
vt 0.750000 0.500000
vt 0.666667 0.500000
vt 0.583333 1.000000
vt 0.250000 1.000000
vt 0.750000 0.490000
vt 0.957846 0.130000
vt 0.542154 0.130000
vt 0.370000 0.457846
vt 0.010000 0.250000
vt 0.370000 0.042154
vt 0.874999 1.000000
vt 0.875000 0.500000
vt 0.708333 0.500000
vt 0.708333 1.000000
vt 0.541667 1.000000
vt 0.541666 0.500000
vt 0.375000 0.500000
vt 0.375000 1.000000
vt 0.208333 1.000000
vt 0.208333 0.500000
vt 0.041667 0.500000
vt 0.041667 1.000000
vt 0.375000 0.750000
vt 0.383333 0.500000
vt 0.366667 1.000000
vt 0.718750 0.437500
vt 0.718750 0.500000
vt 0.781250 0.500000
vt 0.750000 0.437500
vt 0.781250 0.437500
vt 0.802720 0.561340
vt 0.811972 0.542323
vt 0.811953 0.542404
vt 0.688028 0.457677
vt 0.697280 0.438660
vt 0.698345 0.438445
vt 0.688228 0.546426
vt 0.687500 0.530618
vt 0.688221 0.546587
vt 0.811779 0.453414
vt 0.812500 0.469703
vt 0.812500 0.469382
vt 0.804309 0.438938
vt 0.804392 0.438924
vt 0.687500 0.530297
vt 0.796247 0.437500
vt 0.804305 0.438937
vt 0.703753 0.562500
vt 0.688046 0.457597
vt 0.703753 0.437500
vt 0.687500 0.469382
vt 0.811772 0.453574
vt 0.812500 0.500000
vt 0.781250 0.562500
vt 0.801655 0.561555
vt 0.687500 0.469703
vt 0.703920 0.437500
vt 0.812500 0.530297
vt 0.796080 0.562500
vt 0.796247 0.562500
vt 0.812500 0.530618
vt 0.703920 0.562500
vt 0.666667 0.500000
vt 0.666667 0.333333
vt 0.541667 0.333333
vt 0.416667 0.333333
vt 0.416667 0.500000
vt 0.333333 0.333333
vt 0.201978 0.333333
vt 0.166667 0.500000
vt 0.916667 0.500000
vt 1.000000 0.333333
vt 0.916667 0.333333
vt 0.375000 0.512500
vt 0.625000 0.512500
vt 0.625000 0.512500
vt 0.375000 0.512500
vt 0.525000 0.750000
vt 0.275000 0.750000
vt 0.275000 0.500000
vt 0.775000 0.750000
vt 0.791667 0.750000
vt 0.791667 0.500000
vt 0.625000 0.333333
vt 0.708333 0.500000
vt 0.708333 0.750000
vt 0.375000 0.750000
vt 0.625000 0.916667
vt 0.375000 1.000000
vt 0.625000 0.416667
vt 0.375000 0.500000
vt 0.625000 0.833333
vt 0.958333 1.000000
vt 0.458333 1.000000
vt 0.458333 0.500000
vt 0.291668 1.000000
vt 0.291667 0.500000
vt 0.125001 0.500000
vt 0.125000 1.000000
vt 0.791667 0.500000
vt 0.950001 0.500000
vt 0.625001 1.000000
vt 0.625001 0.500000
vt 0.458334 0.500000
vt 0.458334 1.000000
vt 0.500000 0.250000
vt 0.860000 0.731250
vt 0.640000 0.731250
vt 0.860000 0.518750
vt 0.640000 0.518750
vt 0.393594 0.500000
vt 0.125000 0.541765
vt 0.375000 0.208235
vt 0.375000 0.000000
vt 0.375000 0.541765
vt 0.291667 1.000000
vt 0.291667 0.500000
vt 0.125000 1.000000
vt 0.125000 0.500000
vt 0.750000 0.490000
vt 0.000000 0.000000
vt 0.326922 1.000000
vt 0.062502 0.500000
vt 0.562500 0.500000
vt 0.923075 0.500000
vt 0.951921 1.000000
vt 0.687501 0.500000
vt 0.937498 0.500000
vt 0.834857 0.454851
vt 0.954853 0.165147
vt 0.553258 0.145566
vt 0.537036 0.184728
vt 0.000000 0.499417
vt 0.023664 0.896437
vt 0.645563 0.446741
vt 0.954853 0.165147
vt 0.375000 0.250000
vt 0.718749 1.000000
vt 0.843749 1.000000
vt 0.718749 0.500000
vt 0.968749 0.500000
vt 0.968750 1.000000
vt 0.275327 1.000000
vt 0.587827 1.000000
vt 0.025327 0.500000
vt 0.968749 1.000000
vt 0.218750 0.500000
vt 0.093750 1.000000
vt 0.218750 1.000000
vt 0.843749 0.500000
vt 0.968751 0.500000
vt 0.843750 1.000000
vt 0.968751 1.000000
vt 0.375000 0.750000
vt 0.587826 0.500000
vt 0.531250 1.000000
vt 0.650328 1.000000
vt 0.712827 0.500000
vt 0.775327 1.000000
vt 0.837826 0.500000
vt 0.900327 1.000000
vt 0.750000 0.562500
vt 0.770483 0.562500
vt 0.770908 0.562500
vt 0.729517 0.562500
vt 0.750001 0.562596
vt 0.419706 0.419706
vt 0.250000 0.490000
vt 0.080294 0.419706
vt 0.010000 0.250000
vt 0.080294 0.080294
vt 0.250000 0.010000
vt 0.419706 0.080294
vt 0.468749 0.500000
vt 0.528269 0.341844
vt 0.658156 0.471731
vt 0.841844 0.471731
vt 0.971731 0.341844
vt 0.971731 0.158156
vt 0.841844 0.028269
vt 0.658156 0.028269
vt 0.528269 0.158156
vt 0.291667 0.500000
vt 0.457846 0.130000
vt 0.457846 0.370000
vt 0.042154 0.370000
vt 0.042154 0.130000
vt 0.630000 0.042154
vt 0.630000 0.457846
vt 0.870000 0.457846
vt 0.870000 0.042154
vt 0.125000 0.750000
vt 0.370000 0.042154
vt 0.370000 0.457846
vt 0.250000 0.490000
vt 0.870000 0.042154
vt 0.630000 0.042154
vt 0.630000 0.457846
vt 0.870000 0.457846
vt 0.695608 0.561076
vt 0.688221 0.453414
vt 0.695608 0.438924
vt 0.796080 0.437500
vt 0.695691 0.438938
vt 0.688228 0.453574
vt 0.804309 0.561062
vt 0.811772 0.546426
vt 0.811779 0.546587
vt 0.804392 0.561076
vt 0.695691 0.561062
vt 0.375000 0.000000
vt 0.125000 0.500000
vt 0.375000 0.750000
vt 0.958333 0.500000
vt 0.402891 0.250000
vt 0.843749 0.500000
vt 0.093749 0.500000
s 1
f 1203/1/1 1206/2/1 1208/3/1
f 1210/4/2 1211/5/2 1213/6/2
f 1252/7/3 37/8/4 40/9/5
f 1232/3/6 35/10/7 1233/11/8
f 28/12/9 1245/13/10 1238/14/11
f 1234/15/12 1238/14/11 1237/16/13
f 18/17/14 20/18/15 19/19/16
f 61/20/17 1257/21/18 1262/22/19
f 55/23/20 1265/24/21 1272/25/22
f 83/26/23 1290/24/24 1297/27/25
f 1285/28/26 80/29/27 1297/27/25
f 74/30/28 1289/31/29 71/32/30
f 93/33/31 72/34/32 71/32/30
f 94/35/33 93/36/31 1300/37/34
f 1203/1/1 1208/3/1 1204/38/1
f 7/2/2 1210/4/2 1209/3/2
f 2/39/35 1201/40/35 111/41/35
f 1355/42/36 140/43/37 1358/44/38
f 128/45/39 1349/13/40 1341/46/41
f 119/47/42 118/48/43 1353/33/44
f 1377/49/45 1375/40/45 150/39/45
f 1379/38/46 1383/50/46 1378/1/46
f 1446/51/47 1445/52/48 1443/53/49
f 1448/54/50 1447/55/51 1445/52/48
f 1451/56/52 221/57/53 1452/58/54
f 153/59/55 1389/6/55 1387/5/55
f 1482/60/56 1479/61/57 1473/62/58
f 1490/63/59 1489/64/60 1483/65/61
f 1466/66/62 1456/67/63 1491/68/64
f 1494/33/65 1496/69/66 1495/17/67
f 1512/70/68 1511/3/69 1510/71/70
f 1515/72/71 1517/73/72 1516/74/73
f 1530/75/74 1529/76/75 1541/33/76
f 1592/77/77 1591/78/78 1603/33/79
f 1594/79/80 1593/80/81 1591/78/78
f 1596/81/82 1598/82/83 1597/83/84
f 1600/84/85 1602/85/86 1601/86/87
f 1601/86/87 405/87/88 1603/88/79
f 1634/1/46 1638/2/46 1635/38/46
f 449/89/55 444/38/55 446/90/55
f 442/2/45 1640/91/45 1642/92/45
f 1665/93/89 1668/94/90 1651/95/91
f 1665/93/89 1674/96/92 1668/94/90
f 1673/97/93 1678/98/94 1674/96/92
f 1687/99/95 1661/100/96 1688/101/97
f 1650/67/98 1661/100/96 1687/99/95
f 1718/102/99 1736/103/100 1719/104/101
f 549/105/102 548/106/103 555/107/104
f 553/39/105 559/108/106 563/109/107
f 555/107/104 566/110/108 556/111/109
f 566/110/108 567/24/110 562/112/111
f 553/113/105 563/109/107 579/114/112
f 555/107/104 548/115/103 571/116/113
f 571/116/113 582/117/114 572/118/115
f 582/117/114 583/72/116 577/119/117
f 571/116/113 548/120/103 591/121/118
f 553/122/105 579/114/112 595/123/119
f 591/121/118 587/124/120 582/117/114
f 587/124/120 591/121/118 592/125/121
f 594/126/122 605/127/123 595/123/119
f 592/125/121 598/128/124 593/129/125
f 591/121/118 548/130/103 601/131/126
f 553/132/105 595/123/119 605/127/123
f 601/133/126 602/134/127 592/135/121
f 601/133/126 548/136/103 549/105/102
f 553/137/105 605/138/123 559/108/106
f 552/139/128 559/108/106 605/138/123
f 550/140/129 551/16/130 608/141/131
f 1830/141/132 1832/142/133 1831/143/134
f 1834/144/135 1833/81/136 1831/143/134
f 1922/84/137 1924/145/138 1923/146/139
f 1926/147/140 1915/148/141 1913/67/142
f 1932/2/143 1933/5/143 1942/24/143
f 806/149/144 809/111/145 807/150/146
f 806/149/144 805/151/147 813/152/148
f 813/152/148 814/153/149 811/154/150
f 813/152/148 805/115/147 818/155/151
f 818/155/151 819/156/152 816/118/153
f 818/155/151 805/120/147 821/157/154
f 821/157/154 805/158/147 824/159/155
f 825/124/156 824/159/155 827/160/157
f 827/160/157 824/159/155 829/161/158
f 824/162/155 805/75/147 831/163/159
f 831/163/159 834/164/160 832/134/161
f 831/163/159 805/165/147 806/149/144
f 2010/136/162 2009/141/163 2007/166/164
f 2014/167/165 2013/168/166 2011/169/167
f 2016/170/168 2015/55/169 2013/168/166
f 892/171/170 2022/172/171 2021/173/172
f 906/174/173 2027/16/174 2026/175/175
f 913/176/176 2030/72/177 2029/3/178
f 920/171/170 2033/177/171 2032/173/172
f 112/6/179 1200/151/180 1198/178/179
f 2035/179/181 929/180/182 2036/181/183
f 2040/182/184 943/183/185 2041/184/186
f 2043/16/187 950/185/188 2044/186/189
f 955/187/190 2046/72/191 2045/3/178
f 2047/184/192 945/188/193 2042/128/194
f 961/189/195 974/190/196 2056/191/197
f 965/192/198 966/153/199 2061/24/200
f 964/193/201 966/153/199 965/192/198
f 968/194/202 969/195/203 970/196/204
f 970/196/204 972/197/205 2057/184/206
f 969/195/203 964/198/201 972/197/205
f 969/195/203 972/197/205 970/196/204
f 972/199/205 964/200/201 975/201/207
f 975/201/207 976/202/208 963/173/209
f 979/203/210 2068/204/211 2074/205/212
f 977/206/213 2065/207/214 994/208/215
f 986/209/216 987/210/217 983/16/218
f 987/210/217 988/153/219 2073/24/220
f 986/209/216 985/211/221 990/212/222
f 990/212/222 985/213/221 992/214/223
f 990/212/222 992/214/223 991/215/224
f 991/215/224 992/214/223 993/216/225
f 985/217/221 996/218/226 995/219/227
f 1001/220/228 1014/190/229 2083/191/197
f 999/221/230 2089/222/231 998/223/232
f 1016/224/233 1005/225/234 1006/226/235
f 1006/226/235 1007/153/236 2088/24/200
f 1005/225/234 1007/153/236 1006/226/235
f 1009/227/237 1010/228/238 1003/72/239
f 1010/228/238 1005/198/234 1011/229/240
f 1011/229/240 1005/230/234 1013/231/241
f 1013/232/241 1015/233/242 2086/33/243
f 1022/234/244 1033/235/245 1021/236/246
f 1036/237/247 1026/238/248 1028/239/249
f 1027/240/250 1028/239/249 2102/24/251
f 1026/241/248 1031/242/252 1030/243/253
f 1034/244/254 1035/161/255 1032/245/256
f 1034/199/254 1026/200/248 1036/237/247
f 2112/38/257 2115/2/257 2111/1/257
f 2104/246/258 2122/247/258 1040/184/258
f 2160/248/259 1078/249/260 1075/250/261
f 2160/248/259 1075/250/261 2158/72/262
f 2139/251/263 1072/213/264 2142/252/265
f 2151/253/266 1067/178/267 1065/254/268
f 1077/255/269 1078/249/260 2160/248/259
f 2186/184/270 1103/256/271 2183/257/272
f 2171/258/273 2168/259/274 1095/260/275
f 2171/258/273 1095/260/275 2177/261/276
f 2170/262/277 2166/238/278 1087/263/279
f 2170/262/277 1087/263/279 1083/264/280
f 2190/265/281 1126/266/282 2194/267/283
f 2197/24/284 1120/268/285 2204/269/286
f 2204/269/286 1117/270/287 2193/271/288
f 2109/40/289 1039/39/289 1148/41/289
f 2264/272/290 1176/273/291 2246/274/292
f 2246/274/292 1173/275/293 2250/276/294
f 1178/277/295 2261/278/296 1179/279/297
f 1178/277/295 1179/279/297 2264/272/290
f 2280/280/298 2281/281/299 1194/282/300
f 2281/281/299 2283/283/301 1194/282/300
f 499/103/302 1192/280/303 1736/103/100
f 3/184/304 1215/247/304 1196/246/304
f 115/91/305 1200/284/180 6/5/180
f 1216/38/306 1220/39/306 1222/1/306
f 1217/38/307 1226/2/307 1224/3/307
f 1230/5/308 1225/3/308 1227/2/308
f 1219/259/309 1231/5/309 1221/151/309
f 10/184/310 12/247/310 8/246/310
f 13/5/311 11/173/311 9/284/311
f 1253/285/2 1236/286/2 25/287/2
f 1232/3/6 31/288/312 35/10/7
f 1233/11/8 35/10/7 37/8/4
f 31/288/312 1245/13/10 28/12/9
f 1237/16/13 22/289/313 1234/15/12
f 1238/14/11 1234/15/12 28/12/9
f 23/223/35 29/204/35 36/190/35
f 18/17/14 1249/290/314 20/18/15
f 19/19/16 20/18/15 22/289/313
f 41/291/315 40/9/5 1249/292/314
f 1269/293/316 1277/285/316 1260/286/316
f 1276/294/317 63/8/318 66/295/319
f 1265/24/21 57/296/320 1262/22/19
f 1257/21/18 61/20/17 63/8/318
f 57/296/320 61/20/17 1262/22/19
f 52/151/321 1261/297/322 1258/298/323
f 52/151/321 55/23/20 1272/25/22
f 45/299/324 1258/298/323 1261/297/322
f 44/278/325 67/255/326 68/300/327
f 65/301/328 1268/302/328 51/303/328
f 47/304/329 1273/305/330 44/306/325
f 67/255/326 66/295/319 68/300/327
f 1301/285/316 1284/286/316 78/287/316
f 91/198/331 1281/307/332 89/308/333
f 91/198/331 94/35/33 1300/37/34
f 89/308/333 1286/309/334 1283/310/335
f 1283/310/335 1290/24/24 83/26/23
f 1285/28/26 76/311/336 80/29/27
f 80/29/27 83/26/23 1297/27/25
f 1289/31/29 74/30/28 76/311/336
f 75/223/328 82/204/328 88/190/328
f 1305/38/306 1309/39/306 1311/1/306
f 93/36/31 94/35/33 72/278/32
f 71/32/30 72/34/32 74/30/28
f 1315/2/337 1306/38/337 1312/1/337
f 1317/247/308 1316/2/308 1319/5/308
f 1318/247/338 1310/151/339 1308/259/339
f 97/184/310 99/247/310 95/246/310
f 96/284/311 102/2/311 98/173/311
f 1327/1/328 1323/90/328 1325/39/328
f 1329/3/340 1328/1/340 1331/2/340
f 1333/247/316 1332/2/316 1335/5/316
f 1326/151/341 1334/247/341 1336/5/341
f 103/246/342 109/3/342 107/247/342
f 104/284/343 110/2/343 106/173/343
f 1197/259/344 1212/6/344 1199/178/344
f 5/247/2 1210/4/2 1213/6/2
f 1201/40/35 1/90/35 111/41/35
f 1205/38/35 1201/40/35 1202/1/35
f 1207/2/345 113/312/305 115/91/305
f 1347/313/308 1342/314/308 1361/315/308
f 137/8/346 1337/316/347 135/317/348
f 137/8/346 140/43/37 1355/42/36
f 1345/318/349 135/317/348 1337/316/347
f 131/319/350 1349/13/40 128/45/39
f 1338/238/351 1344/320/352 123/321/353
f 1341/46/41 1338/238/351 128/45/39
f 1344/320/352 120/136/354 123/321/353
f 122/223/306 129/204/306 136/190/306
f 1353/128/44 141/300/355 119/278/42
f 1364/1/306 1362/90/306 1363/39/306
f 118/48/43 119/47/42 120/136/354
f 140/43/37 141/300/355 1358/44/38
f 1367/3/337 145/1/337 1366/2/337
f 1368/5/308 148/3/308 149/2/308
f 142/259/339 147/5/338 143/151/338
f 223/6/356 1374/151/357 154/5/357
f 226/91/358 1374/284/357 1376/312/358
f 1398/1/359 1394/90/359 1392/38/359
f 1393/38/360 1402/2/360 1399/1/360
f 1403/2/361 1404/247/361 1406/5/361
f 1407/5/362 1395/259/362 1397/151/362
f 163/3/363 157/246/363 161/247/363
f 1524/1/364 164/2/364 1525/2/364
f 1409/17/365 1411/290/366 1410/200/365
f 1413/136/367 1409/17/365 1410/200/365
f 1415/289/368 1412/173/367 1413/136/367
f 1414/322/368 1417/311/363 1416/16/363
f 1416/16/363 1419/238/369 1418/28/369
f 1418/28/369 1421/151/370 1420/2/370
f 1422/13/371 1421/151/370 1423/211/371
f 1422/13/371 1425/178/372 1424/24/372
f 1424/24/372 1427/296/373 1426/71/373
f 1428/3/374 1427/296/373 1429/259/374
f 1428/3/374 1431/213/375 1430/265/375
f 1430/265/375 1433/8/376 1432/72/376
f 1434/74/377 1433/8/376 1435/198/377
f 1436/184/378 1435/198/377 1437/323/378
f 180/313/361 172/314/361 1439/315/361
f 196/300/379 1436/184/378 1437/323/378
f 1411/278/366 1438/255/379 196/300/379
f 1440/324/380 1441/290/381 1442/325/382
f 173/223/359 181/204/359 189/190/359
f 1444/326/383 1440/324/380 1442/325/382
f 1450/327/384 1447/55/51 1448/54/50
f 1444/326/383 1446/51/47 1443/53/49
f 1446/51/47 1448/54/50 1445/52/48
f 1451/56/52 1450/327/384 221/57/53
f 205/328/55 1453/329/55 213/330/55
f 218/331/45 202/332/45 210/204/45
f 1452/58/54 221/57/53 1441/333/381
f 1388/6/385 1371/259/385 1373/178/385
f 150/39/45 1380/38/45 1377/49/45
f 1381/3/46 1383/50/46 1379/38/46
f 1387/5/55 1382/3/55 153/59/55
f 224/334/45 150/39/45 222/41/45
f 1384/2/386 225/312/386 152/173/386
f 151/184/387 1391/247/387 155/3/387
f 1478/246/388 261/3/388 1477/247/388
f 156/50/55 1387/5/55 1385/91/55
f 1488/259/389 265/5/389 1487/151/389
f 1466/290/62 1465/335/390 1456/336/63
f 1467/337/391 1465/335/390 1472/338/392
f 262/3/393 1455/5/393 259/247/393
f 1476/339/394 1467/337/391 1472/338/392
f 1457/38/395 1480/39/395 1459/1/395
f 1476/339/394 1482/60/56 1473/62/58
f 1461/3/396 1474/1/396 1463/2/396
f 1486/340/397 1479/61/57 1482/60/56
f 1462/247/393 1458/2/393 1460/5/398
f 255/151/389 1475/247/389 1471/5/389
f 1486/340/397 1490/63/59 1483/65/61
f 256/246/388 1481/3/388 257/247/388
f 1492/341/399 1489/64/60 1490/63/59
f 236/328/55 1493/342/55 244/343/55
f 253/284/400 228/2/400 227/173/400
f 1468/284/400 1454/2/400 258/173/400
f 1492/341/399 1466/66/62 1491/68/64
f 241/204/45 249/331/45 233/332/45
f 1498/136/401 1495/17/67 1496/69/66
f 1500/16/402 1499/289/403 1501/311/404
f 1497/344/405 1498/136/401 1499/289/403
f 1500/16/402 1503/238/406 1502/28/406
f 1502/28/406 1505/151/407 1504/2/407
f 1506/13/408 1505/151/407 1507/211/408
f 1506/13/408 1509/178/409 1508/24/410
f 1510/71/70 1509/178/409 1512/70/68
f 1514/213/411 1511/3/69 1512/70/68
f 1515/72/71 1514/213/411 1517/73/72
f 1519/323/412 1516/74/73 1517/73/72
f 289/345/413 281/313/413 273/314/413
f 1494/128/65 297/300/414 1496/278/66
f 1518/346/415 1519/323/412 297/300/414
f 1526/2/376 1521/284/376 1523/173/376
f 278/303/416 286/347/416 294/301/416
f 1528/5/361 1403/2/361 1406/5/361
f 1522/39/359 1398/1/359 299/1/359
f 298/151/417 162/5/417 158/151/417
f 1532/348/418 1529/76/75 1530/75/74
f 1531/349/419 1534/350/420 1533/351/421
f 1535/352/422 1534/350/420 1536/353/423
f 1535/352/422 1538/354/424 1537/84/425
f 1539/355/426 1538/354/424 1540/356/427
f 1539/355/426 325/357/428 1541/358/76
f 309/328/55 1542/329/55 317/330/55
f 325/357/428 1530/333/74 1541/358/76
f 314/204/45 322/331/45 306/332/45
f 1548/1/416 1545/90/416 1547/39/416
f 1551/2/429 1544/38/429 329/1/429
f 1552/247/413 333/2/413 1554/5/413
f 327/151/430 1553/247/430 331/5/430
f 330/247/404 328/184/404 332/3/404
f 1556/76/431 1558/290/432 1557/335/431
f 1556/76/431 1560/359/433 1559/141/434
f 1559/141/434 1562/326/435 1561/360/436
f 1564/339/437 1561/360/436 1562/326/435
f 1563/361/437 1566/362/438 1565/81/438
f 1567/61/439 1566/362/438 1568/98/439
f 1567/61/439 1570/340/440 1569/55/440
f 1571/84/441 1570/340/440 1572/354/442
f 1573/64/443 1572/354/442 1574/363/444
f 1575/56/445 1574/363/444 1576/341/445
f 349/343/446 341/328/446 1578/342/446
f 357/357/447 1575/56/445 1576/341/445
f 1577/147/447 1558/333/432 1555/67/432
f 334/364/448 342/365/448 350/366/448
f 361/335/431 1579/33/432 359/290/432
f 1580/76/449 363/359/434 1581/141/433
f 1581/141/433 365/326/436 1582/360/435
f 367/339/437 1582/360/435 365/326/436
f 1584/81/438 367/339/437 369/362/438
f 1584/81/438 371/98/439 1585/61/439
f 1585/61/439 373/340/440 1586/55/450
f 1586/55/450 375/354/441 1587/84/441
f 1588/64/444 375/354/441 377/363/443
f 1589/56/445 377/363/443 379/341/445
f 381/357/447 1589/56/445 379/341/445
f 1590/147/447 359/333/432 1579/67/432
f 362/141/448 370/61/448 378/56/448
f 1596/81/82 1595/339/451 1598/82/83
f 1592/77/77 1594/79/80 1591/78/78
f 1593/80/81 1594/79/80 1595/339/451
f 1600/84/85 1599/340/452 1602/85/86
f 1598/82/83 1599/340/452 1597/83/84
f 1601/86/87 1602/85/86 405/87/88
f 385/367/453 401/368/453 393/369/453
f 405/87/88 1592/333/77 1603/88/79
f 394/204/454 402/331/454 386/332/454
f 1608/38/454 1606/39/454 1607/1/454
f 408/38/455 1609/2/455 1610/3/455
f 1611/5/453 412/3/453 413/2/453
f 410/247/456 407/151/456 406/259/456
f 1624/33/457 1615/370/458 1613/371/459
f 1616/372/460 1615/370/458 1617/373/461
f 1616/372/460 1619/374/462 1618/375/463
f 1620/376/464 1619/374/462 1621/377/465
f 1620/376/464 1623/378/466 1622/379/467
f 1624/380/457 1623/378/466 1614/381/468
f 417/367/453 433/368/453 425/369/453
f 426/204/454 434/331/454 418/332/454
f 444/38/55 1631/40/55 1633/1/55
f 445/6/356 1630/151/357 1628/178/356
f 1630/284/357 448/91/358 1632/312/358
f 1645/247/385 1629/178/385 1627/259/385
f 1642/92/45 1637/3/45 442/2/45
f 439/382/45 1642/92/45 1644/6/45
f 1635/38/46 1638/2/46 1636/3/46
f 443/41/55 449/89/55 446/90/55
f 1641/91/386 438/173/386 447/312/386
f 1626/246/387 441/3/387 1646/247/387
f 1671/247/469 483/184/469 1675/246/469
f 1660/335/470 1650/33/98 1651/95/91
f 1672/5/471 1685/259/471 1682/151/471
f 1648/5/472 485/3/472 482/247/472
f 1651/95/91 1668/94/90 1660/335/470
f 1666/90/473 1654/1/473 1676/39/473
f 1665/93/89 1673/97/93 1674/96/92
f 1669/1/474 1656/3/474 1658/2/474
f 1678/98/94 1679/383/475 1684/384/476
f 1653/2/472 1657/247/472 1655/5/472
f 1670/247/471 478/151/471 1667/5/471
f 1684/384/476 1686/64/477 1688/101/97
f 1677/3/469 479/246/469 480/247/469
f 1686/64/477 1687/99/95 1688/101/97
f 476/284/478 451/2/478 475/5/478
f 459/328/45 467/343/45 1689/342/45
f 1649/173/478 1664/5/478 1662/284/478
f 452/364/55 468/366/55 460/365/55
f 1693/1/359 1691/90/359 1692/39/359
f 1694/247/361 496/2/361 1697/5/361
f 489/246/479 1695/3/479 493/247/479
f 494/5/480 492/173/480 490/284/480
f 1698/385/481 497/16/482 500/386/483
f 508/387/484 511/388/485 1194/282/300
f 498/388/486 507/389/487 1703/389/488
f 1701/388/486 501/385/489 1700/385/490
f 1194/282/300 503/385/491 504/386/492
f 1699/388/493 514/387/494 497/16/482
f 1706/390/495 1704/391/496 1705/392/497
f 1710/393/498 1708/394/499 1709/395/500
f 1712/396/501 1715/397/502 1716/398/503
f 1719/104/101 1717/398/504 1718/102/99
f 1726/399/505 1722/400/506 1724/401/506
f 1728/402/507 1727/399/508 1729/403/509
f 1734/28/510 1715/397/502 1714/404/511
f 1730/403/512 1732/405/513 1731/406/514
f 500/386/483 516/407/515 519/398/516
f 1710/393/498 1734/28/510 1711/408/517
f 1700/385/490 1709/395/500 1708/394/499
f 521/409/518 500/386/483 520/410/518
f 1732/405/513 507/389/487 1731/406/514
f 526/411/519 508/387/484 1723/400/520
f 506/412/521 1725/401/522 524/400/523
f 1740/413/524 1707/414/525 1706/390/495
f 1704/391/496 506/412/521 1705/392/497
f 533/415/526 504/386/492 532/416/526
f 529/417/527 508/387/484 528/418/527
f 541/419/528 514/387/494 540/420/528
f 537/421/529 504/386/492 536/404/530
f 551/16/130 556/111/109 557/422/531
f 514/387/494 544/405/532 547/399/533
f 559/108/106 552/139/128 558/423/534
f 558/423/534 551/16/130 557/422/531
f 556/111/109 549/105/102 555/107/104
f 562/112/111 558/423/534 557/422/531
f 563/109/107 558/423/534 568/424/535
f 562/112/111 556/111/109 566/110/108
f 574/425/536 567/24/110 573/426/537
f 562/112/111 567/24/110 568/424/535
f 572/118/115 555/107/104 571/116/113
f 563/109/107 574/425/536 579/114/112
f 572/118/115 567/24/110 566/110/108
f 577/119/117 574/425/536 573/426/537
f 577/119/117 572/118/115 582/117/114
f 574/425/536 578/427/538 579/114/112
f 595/123/119 578/427/538 584/428/539
f 571/116/113 591/121/118 582/117/114
f 583/72/116 578/427/538 577/119/117
f 583/72/116 587/124/120 588/429/540
f 593/129/125 587/124/120 592/125/121
f 584/428/539 583/72/116 588/429/540
f 595/123/119 584/428/539 594/126/122
f 593/129/125 584/428/539 588/429/540
f 598/33/124 602/134/127 603/430/541
f 594/126/122 593/129/125 598/128/124
f 592/125/121 591/121/118 601/131/126
f 605/138/123 594/431/122 604/432/542
f 604/432/542 598/33/124 603/430/541
f 608/141/131 602/134/127 550/140/129
f 608/141/131 604/432/542 603/430/541
f 549/105/102 602/134/127 601/133/126
f 614/38/543 1768/39/544 613/1/545
f 604/432/542 552/139/128 605/138/123
f 552/139/128 608/141/131 551/16/130
f 1760/173/546 1764/5/546 590/284/546
f 1766/5/547 1774/433/548 1773/434/549
f 1761/247/550 1757/184/550 1758/246/550
f 1771/247/551 1776/184/552 610/433/553
f 1765/5/554 1775/173/555 1767/284/556
f 600/5/557 606/433/557 599/247/557
f 1759/39/558 596/38/558 597/1/558
f 617/38/559 618/39/559 586/1/559
f 581/5/560 1752/433/560 1749/435/560
f 1744/173/561 1748/5/561 560/284/561
f 1745/247/562 1741/184/562 1742/246/562
f 1751/247/550 1755/184/550 580/433/550
f 569/5/560 570/436/560 565/247/560
f 1750/5/546 1754/173/546 1753/284/546
f 1743/39/559 561/38/559 564/1/559
f 1779/38/563 1783/39/563 1787/1/563
f 1788/3/564 1781/1/564 1780/2/564
f 1789/38/454 1791/39/454 1792/1/454
f 623/259/453 1778/437/453 622/151/453
f 620/438/565 1786/184/565 1784/439/565
f 624/440/454 627/2/454 626/173/454
f 1796/5/453 634/3/453 635/2/453
f 628/246/566 1794/3/566 632/247/566
f 629/284/567 1795/2/567 631/173/567
f 639/335/431 636/33/432 637/290/432
f 641/359/434 638/76/449 639/335/431
f 640/141/433 643/326/435 642/360/435
f 644/361/437 643/326/435 645/339/437
f 644/361/437 647/362/438 646/81/438
f 648/61/439 647/362/438 649/98/439
f 648/61/439 651/340/440 650/55/440
f 652/84/441 651/340/440 653/354/441
f 655/363/443 652/84/441 653/354/441
f 656/56/445 655/363/443 657/341/445
f 658/147/447 657/341/445 659/357/447
f 658/147/447 637/333/432 636/67/432
f 668/441/568 1825/442/568 1827/441/568
f 1804/443/569 1815/1/569 1824/443/569
f 1807/444/570 1811/441/570 1809/445/570
f 660/246/571 661/3/571 1803/247/571
f 666/446/572 1810/447/572 1798/448/572
f 1806/449/569 663/38/569 1804/443/569
f 1875/1/573 1812/39/573 1873/39/573
f 1867/5/574 1817/2/574 1866/2/574
f 673/5/568 662/450/568 672/2/568
f 1799/38/575 669/39/575 670/1/575
f 1813/151/572 1810/447/572 1826/447/572
f 1821/444/575 667/445/575 1823/445/575
f 1808/451/572 1819/5/572 1822/451/572
f 1816/2/569 1806/449/569 1820/449/569
f 1830/141/132 1829/452/576 1832/142/133
f 1836/453/577 1833/81/136 1834/144/135
f 1832/142/133 1834/144/135 1831/143/134
f 1835/454/578 1838/455/579 1837/456/580
f 1839/457/581 1838/455/579 700/458/582
f 1839/457/581 1829/333/576 1828/67/583
f 680/367/568 696/368/568 688/369/568
f 681/332/575 689/204/575 697/331/575
f 1842/76/431 1844/290/432 1843/335/431
f 1846/359/434 1842/76/431 1843/335/431
f 1848/326/435 1845/141/433 1846/359/434
f 1849/361/437 1848/326/435 1850/339/437
f 1849/361/437 1852/362/438 1851/81/438
f 1851/81/438 1854/98/439 1853/61/439
f 1853/61/439 1856/340/440 1855/55/450
f 1855/55/450 1858/354/441 1857/84/441
f 1859/64/444 1858/354/441 1860/363/443
f 1861/56/445 1860/363/443 1862/341/445
f 716/343/446 708/328/446 1864/342/446
f 1861/56/445 724/357/447 1863/147/447
f 1841/67/432 724/357/447 1844/333/432
f 730/1/575 1889/39/575 1891/1/575
f 701/364/448 709/365/448 717/366/448
f 1868/5/584 1822/451/572 1819/5/572
f 1865/2/585 1820/449/569 1869/449/586
f 671/444/587 1872/445/587 1870/444/587
f 1877/443/586 1892/1/588 1895/443/588
f 1880/441/589 675/442/589 1878/442/589
f 1874/151/584 1826/447/572 1879/447/590
f 1876/1/585 1824/443/569 1815/1/569
f 1885/5/570 1881/444/570 1887/445/570
f 1893/441/570 738/173/570 1890/284/570
f 1871/451/590 1886/5/591 1888/451/591
f 731/441/568 740/442/568 1894/441/568
f 1865/2/585 1882/449/588 1884/2/588
f 1874/151/584 739/447/591 737/151/591
f 733/444/575 728/445/575 736/445/575
f 727/5/568 734/2/568 735/5/568
f 1897/38/592 1901/39/592 1903/1/592
f 1898/38/593 1907/2/593 1905/3/593
f 1911/5/594 1906/3/594 1908/2/594
f 1900/259/595 1912/5/595 1902/151/595
f 745/247/596 743/184/596 747/3/596
f 742/284/597 748/2/597 744/173/597
f 1916/459/598 1914/335/599 1917/142/600
f 1913/460/142 1915/290/141 1914/335/599
f 1916/459/598 1919/461/601 1918/462/602
f 1920/463/603 1919/461/601 1921/464/604
f 1922/84/137 1921/464/604 1924/145/138
f 1923/146/139 1924/145/138 1925/341/605
f 1926/147/140 1925/341/605 1915/148/141
f 752/367/594 768/368/594 760/369/594
f 753/332/592 761/204/592 769/331/592
f 1939/465/606 1928/39/606 1929/1/606
f 1940/465/607 1931/2/607 1941/24/607
f 1980/466/607 1978/467/607 1986/467/607
f 1935/247/608 778/151/608 1937/259/608
f 1943/38/609 1947/39/609 1949/1/609
f 1944/38/610 1953/2/610 1951/3/610
f 1952/3/611 1957/5/611 1955/247/611
f 1946/259/612 1958/5/612 1948/151/612
f 783/184/613 785/247/613 781/246/613
f 788/2/614 782/284/614 786/5/614
f 1968/2/610 1960/38/610 1966/1/610
f 1963/151/612 793/247/612 794/5/612
f 1961/246/613 795/3/613 1969/247/613
f 1970/5/614 1965/173/614 1964/284/614
f 791/38/609 790/284/609 792/1/609
f 1971/466/615 798/173/615 797/284/615
f 799/2/615 1973/468/615 1975/469/615
f 800/5/615 1975/469/615 1977/467/615
f 1977/467/615 797/284/615 800/5/615
f 1985/467/615 1981/468/615 1979/466/615
f 1976/469/608 1982/468/608 1984/469/608
f 804/467/606 777/469/606 803/469/606
f 774/468/143 801/466/143 802/468/143
f 1988/422/616 807/150/146 809/111/145
f 811/154/150 1988/422/616 809/111/145
f 813/152/148 809/111/145 806/149/144
f 1989/112/617 814/153/149 1990/24/618
f 816/118/153 1990/24/618 814/153/149
f 818/155/151 814/153/149 813/152/148
f 819/156/152 1991/426/619 816/118/153
f 821/157/154 819/156/152 818/155/151
f 822/242/620 1992/119/621 819/156/152
f 825/124/156 821/157/154 824/159/155
f 825/124/156 1993/72/622 822/242/620
f 1995/129/623 825/124/156 827/160/157
f 1996/128/624 827/160/157 829/161/158
f 831/163/159 829/135/158 824/162/155
f 1997/430/625 829/135/158 832/134/161
f 1998/141/626 832/134/161 834/164/160
f 807/150/146 1998/141/626 834/164/160
f 807/150/146 831/163/159 806/149/144
f 833/430/627 812/112/627 823/72/627
f 1999/470/628 2003/471/628 2005/184/628
f 1939/465/606 2004/472/606 1938/473/606
f 2000/470/629 779/465/629 780/24/629
f 772/246/630 2002/474/630 1936/247/630
f 1942/24/143 775/247/143 839/470/143
f 2012/326/631 2009/141/163 2010/136/162
f 2008/290/632 2010/136/162 2007/166/164
f 2018/475/633 2015/55/169 2016/170/168
f 2012/326/631 2014/167/165 2011/169/167
f 2014/167/165 2016/170/168 2013/168/166
f 2017/476/634 863/477/635 2019/478/636
f 843/367/568 859/368/568 851/369/568
f 2008/333/632 2019/478/636 863/477/635
f 840/479/575 848/365/575 856/366/575
f 874/480/637 887/480/638 886/480/637
f 865/480/639 876/480/640 864/480/640
f 871/480/641 884/480/642 883/480/641
f 880/480/643 869/480/644 881/480/645
f 875/480/646 876/480/640 887/480/638
f 877/480/639 866/480/647 878/480/647
f 884/480/642 873/480/606 885/480/606
f 881/480/645 870/480/648 882/480/648
f 866/480/647 879/480/143 878/480/647
f 885/480/606 874/480/637 886/480/637
f 882/480/648 871/480/641 883/480/641
f 879/480/143 868/480/643 880/480/643
f 2021/173/172 889/290/649 892/171/170
f 2023/24/650 894/151/651 896/178/652
f 2022/172/171 892/171/170 894/151/651
f 899/481/653 2023/24/650 896/178/652
f 901/323/654 2024/179/655 899/481/653
f 901/323/654 889/278/649 2025/482/656
f 908/151/657 2027/16/174 906/174/173
f 888/479/610 891/223/610 895/204/610
f 903/290/658 906/174/173 2026/175/175
f 2029/3/178 910/178/659 913/176/176
f 908/151/657 910/178/659 2028/483/660
f 915/323/661 2030/72/177 913/176/176
f 903/278/658 2031/184/662 915/323/661
f 2032/173/172 917/290/663 920/171/170
f 902/479/610 905/223/610 909/204/610
f 2034/24/664 922/151/651 924/178/613
f 2033/177/171 920/171/170 922/151/651
f 926/259/665 2034/24/664 924/178/613
f 926/259/665 929/180/182 2035/179/181
f 2036/181/183 929/180/182 917/278/663
f 934/311/666 2037/484/667 932/485/668
f 916/479/610 919/223/610 923/204/610
f 2039/24/669 936/151/670 938/178/613
f 2038/486/671 934/311/666 936/151/670
f 940/259/665 2039/24/669 938/178/613
f 932/278/668 2041/184/186 943/183/185
f 940/259/665 943/183/185 2040/182/184
f 933/223/610 937/204/610 941/190/610
f 2043/16/187 947/136/672 950/185/188
f 2042/487/194 945/290/193 947/136/672
f 2045/3/178 952/178/673 955/187/190
f 950/185/188 952/178/673 2044/186/189
f 945/188/193 2046/72/191 955/187/190
f 2054/204/674 959/221/230 960/204/675
f 944/479/610 948/223/610 951/204/610
f 2056/191/197 960/204/675 961/189/195
f 957/488/676 2051/207/677 2049/479/678
f 974/190/196 962/234/679 971/234/680
f 2051/207/677 958/223/681 2062/489/231
f 2049/479/678 962/234/679 957/488/676
f 965/192/198 975/201/207 964/193/201
f 2048/479/612 2060/190/612 2053/204/612
f 958/223/681 959/221/230 2062/489/231
f 969/195/203 966/153/199 964/193/201
f 2061/24/200 966/153/199 968/194/202
f 973/161/682 2057/184/206 972/197/205
f 963/173/209 973/135/682 975/201/207
f 973/135/682 972/199/205 975/201/207
f 2068/204/211 980/490/683 2070/491/684
f 2070/491/684 981/234/685 994/208/215
f 2065/207/214 978/223/686 2074/205/212
f 981/234/685 977/206/213 994/208/215
f 2072/190/612 2067/204/612 989/223/612
f 988/153/219 986/209/216 990/212/222
f 978/223/686 979/203/210 2074/205/212
f 984/3/687 988/153/219 990/212/222
f 995/492/227 992/214/223 985/493/221
f 984/3/687 990/212/222 991/215/224
f 983/16/218 996/218/226 986/209/216
f 995/219/227 996/218/226 982/173/688
f 996/218/226 985/217/221 986/209/216
f 2081/204/674 999/221/230 1000/204/675
f 2076/479/689 997/207/690 2078/207/691
f 2083/191/197 1000/204/675 1001/220/228
f 1014/190/229 1002/494/692 1012/234/693
f 2078/207/691 998/223/232 2089/222/231
f 1002/494/692 2076/479/689 1012/234/693
f 1010/228/238 1007/153/236 1005/225/234
f 2075/479/610 1008/223/610 2080/204/610
f 1004/16/694 1016/224/233 1006/226/235
f 2088/24/200 1007/153/236 1009/227/237
f 1011/229/240 1003/72/239 1010/228/238
f 2086/128/243 1011/229/240 1013/231/241
f 1016/224/233 1013/232/241 1005/225/234
f 2096/204/674 1019/221/230 1020/204/675
f 1015/233/242 1016/224/233 1004/16/694
f 2098/191/695 1020/204/675 1021/236/246
f 1017/488/676 2093/207/677 2091/479/696
f 2093/207/677 1018/223/681 2103/495/231
f 2091/479/696 1022/234/244 1017/488/676
f 1021/236/246 1033/235/245 2098/191/695
f 1028/239/249 1037/224/697 1036/237/247
f 2090/479/612 2101/190/612 2095/204/612
f 1018/223/681 1019/221/230 2103/495/231
f 1034/244/254 1031/242/252 1026/241/248
f 1025/16/698 1037/224/697 1027/240/250
f 2102/24/251 1028/239/249 1030/243/253
f 1028/239/249 1026/241/248 1030/243/253
f 1030/243/253 1031/242/252 1023/72/699
f 1023/72/699 1031/242/252 1032/245/256
f 1024/173/700 1035/135/255 1036/237/247
f 1032/245/256 1035/161/255 2100/128/701
f 1035/135/255 1034/199/254 1036/237/247
f 1024/173/700 1037/224/697 1025/16/698
f 1043/5/702 2106/178/703 2108/151/702
f 2109/40/289 1149/496/289 2110/1/289
f 2117/91/704 2120/6/704 2118/5/704
f 2108/284/702 1152/91/705 1043/5/702
f 2127/39/706 2123/38/706 2129/1/706
f 2124/38/707 2133/2/707 2130/1/707
f 2137/5/708 2132/3/708 2135/247/708
f 2136/247/709 2128/151/709 2138/5/709
f 1052/3/710 1046/246/710 1050/247/710
f 1049/173/711 1051/5/711 1047/284/711
f 1072/213/264 2158/72/262 1075/250/261
f 2164/315/704 2146/314/704 2149/313/704
f 1067/178/267 2145/71/712 2142/252/265
f 2145/71/712 2139/251/263 2142/252/265
f 2140/497/713 2155/2/714 1065/254/268
f 2155/2/714 2151/253/266 1065/254/268
f 1059/498/715 2144/499/716 2140/497/713
f 1073/190/289 1066/204/289 1060/223/289
f 1056/278/717 1077/255/269 2156/128/718
f 2156/500/718 1059/498/715 1056/501/717
f 2175/313/708 2182/345/708 2189/315/708
f 2168/259/274 2165/265/719 1100/502/720
f 2183/257/272 1103/256/271 1100/502/720
f 2165/265/719 2183/257/272 1100/502/720
f 2166/238/278 2181/2/721 1092/503/722
f 2177/261/276 1095/260/275 1092/503/722
f 2181/2/721 2177/261/276 1092/503/722
f 1096/347/706 1090/303/706 2176/302/706
f 1084/136/723 1081/17/724 1083/264/280
f 1083/264/280 1087/263/279 1084/136/723
f 1104/504/725 1082/278/726 1105/300/727
f 1105/300/727 2186/184/270 1104/504/725
f 1104/33/725 1081/17/724 1082/505/726
f 2199/313/708 2206/345/708 2213/315/708
f 2207/506/728 1131/507/729 1129/508/730
f 1129/508/730 2190/265/281 2207/506/728
f 1122/296/731 2197/24/284 2194/267/283
f 2194/267/283 1126/266/282 1122/296/731
f 1113/311/732 1109/509/733 2193/271/288
f 2204/269/286 1120/268/285 1117/270/287
f 2193/271/288 1117/270/287 1113/311/732
f 1131/507/729 2205/128/734 1108/278/735
f 1123/347/706 1116/303/706 2200/302/706
f 2205/510/734 1111/511/736 1108/512/735
f 2218/39/706 2214/38/706 2220/1/706
f 2224/2/737 2215/38/737 2222/3/737
f 2225/2/708 2226/247/708 2228/5/708
f 2227/247/738 2219/151/738 2229/5/738
f 1138/3/710 1132/246/710 1136/247/710
f 1133/284/711 1139/2/711 1137/5/711
f 2236/1/706 2232/90/706 2230/38/706
f 2240/2/739 2231/38/739 2238/3/739
f 2241/2/708 2242/247/708 2244/5/708
f 2243/247/740 2235/151/740 2245/5/740
f 1142/184/738 1144/247/738 1146/3/738
f 1141/284/737 1147/2/737 1145/5/737
f 2119/6/741 2105/259/741 2107/178/741
f 2109/40/289 1038/90/289 1149/496/289
f 1042/513/704 2120/6/704 2117/91/704
f 2112/38/257 2113/3/257 2115/2/257
f 2114/3/704 2117/91/704 1045/2/704
f 2116/2/742 1151/312/705 1041/173/742
f 1040/184/258 2122/247/258 1044/3/258
f 2255/313/708 2262/345/708 2268/315/708
f 1169/296/743 2253/24/744 2250/276/294
f 2264/272/290 1179/279/297 1176/273/291
f 2246/274/292 1176/273/291 1173/275/293
f 2250/276/294 1173/275/293 1169/296/743
f 2260/514/745 2253/24/744 1167/515/746
f 2260/514/745 1167/515/746 1164/516/747
f 2249/517/748 2260/514/745 1164/516/747
f 2249/517/748 1164/516/747 1160/518/749
f 1156/519/750 2249/517/748 1160/518/749
f 1170/347/706 1163/303/706 2256/302/706
f 2261/290/296 1155/17/751 1157/520/752
f 1156/519/750 1160/518/749 1157/520/752
f 1155/17/751 1156/519/750 1157/520/752
f 2270/39/706 2272/38/706 2271/1/706
f 2273/2/737 1182/38/737 2274/3/737
f 1187/2/708 2276/247/708 2275/5/708
f 1181/151/738 1184/247/738 1180/259/738
f 486/151/473 484/3/473 488/247/473
f 2282/521/753 1188/522/754 1193/523/755
f 1189/524/756 1195/521/757 1192/280/303
f 1190/525/758 514/387/494 513/413/759
f 2279/524/760 500/386/483 497/16/482
f 1188/522/754 1740/413/524 1193/523/755
f 2280/280/298 504/386/492 505/103/761
f 508/387/484 2283/523/301 509/413/762
f 616/246/763 611/5/763 615/39/763
f 1252/7/3 1233/11/8 37/8/4
f 1718/102/99 499/103/302 1736/103/100
f 112/6/179 6/5/180 1200/151/180
f 499/103/302 1189/524/756 1192/280/303
f 3/184/304 114/3/304 1215/247/304
f 115/91/305 113/312/305 1200/284/180
f 1216/38/306 1218/90/306 1220/39/306
f 1217/38/307 1223/1/307 1226/2/307
f 1230/5/308 1228/247/308 1225/3/308
f 1219/259/309 1229/247/309 1231/5/309
f 10/184/310 14/3/310 12/247/310
f 13/5/311 15/2/311 11/173/311
f 25/287/2 1235/328/2 1239/314/2
f 1239/314/2 1242/526/2 1246/293/2
f 1246/293/2 16/527/2 1256/315/2
f 1256/315/2 1254/528/2 1253/285/2
f 1253/285/2 1251/529/2 1250/345/2
f 1250/345/2 33/530/2 1236/286/2
f 1236/286/2 1240/531/2 1243/313/2
f 1243/313/2 1247/532/2 25/287/2
f 25/287/2 1239/314/2 1246/293/2
f 1246/293/2 1256/315/2 1253/285/2
f 1253/285/2 1250/345/2 1236/286/2
f 1236/286/2 1243/313/2 25/287/2
f 25/287/2 1246/293/2 1253/285/2
f 1232/3/6 1241/533/764 31/288/312
f 31/288/312 1241/533/764 1245/13/10
f 1237/16/13 19/19/16 22/289/313
f 36/190/35 38/534/35 39/301/35
f 39/301/35 1255/535/35 17/479/35
f 17/479/35 1248/536/35 1244/302/35
f 1244/302/35 21/537/35 23/223/35
f 23/223/35 24/538/35 26/303/35
f 26/303/35 27/539/35 29/204/35
f 29/204/35 30/540/35 32/347/35
f 32/347/35 34/541/35 36/190/35
f 36/190/35 39/301/35 17/479/35
f 17/479/35 1244/302/35 23/223/35
f 23/223/35 26/303/35 29/204/35
f 29/204/35 32/347/35 36/190/35
f 36/190/35 17/479/35 23/223/35
f 18/17/14 41/33/315 1249/290/314
f 41/291/315 1252/7/3 40/9/5
f 1260/286/316 1264/531/316 1267/313/316
f 1267/313/316 1270/532/316 50/287/316
f 50/287/316 1259/328/316 1263/314/316
f 1263/314/316 1266/526/316 1269/293/316
f 1269/293/316 42/527/316 1280/315/316
f 1280/315/316 1278/528/316 1277/285/316
f 1277/285/316 1275/529/316 1274/345/316
f 1274/345/316 59/530/316 1260/286/316
f 1260/286/316 1267/313/316 50/287/316
f 50/287/316 1263/314/316 1269/293/316
f 1269/293/316 1280/315/316 1277/285/316
f 1277/285/316 1274/345/316 1260/286/316
f 1260/286/316 50/287/316 1269/293/316
f 1276/294/317 1257/21/18 63/8/318
f 1265/24/21 55/23/20 57/296/320
f 52/151/321 1272/25/22 1261/297/322
f 45/299/324 47/304/329 1258/298/323
f 44/278/325 1273/128/330 67/255/326
f 51/303/328 53/539/328 54/204/328
f 54/204/328 56/540/328 58/347/328
f 58/347/328 60/541/328 62/190/328
f 62/190/328 64/534/328 65/301/328
f 65/301/328 1279/535/328 43/479/328
f 43/479/328 1271/536/328 1268/302/328
f 1268/302/328 46/537/328 48/223/328
f 48/223/328 49/538/328 51/303/328
f 51/303/328 54/204/328 58/347/328
f 58/347/328 62/190/328 65/301/328
f 65/301/328 43/479/328 1268/302/328
f 1268/302/328 48/223/328 51/303/328
f 51/303/328 58/347/328 65/301/328
f 47/304/329 45/299/324 1273/305/330
f 67/255/326 1276/294/317 66/295/319
f 78/287/316 1282/328/316 1287/314/316
f 1287/314/316 1291/526/316 1294/293/316
f 1294/293/316 69/527/316 1304/315/316
f 1304/315/316 1302/528/316 1301/285/316
f 1301/285/316 1299/529/316 1298/345/316
f 1298/345/316 86/530/316 1284/286/316
f 1284/286/316 1288/531/316 1292/313/316
f 1292/313/316 1295/532/316 78/287/316
f 78/287/316 1287/314/316 1294/293/316
f 1294/293/316 1304/315/316 1301/285/316
f 1301/285/316 1298/345/316 1284/286/316
f 1284/286/316 1292/313/316 78/287/316
f 78/287/316 1294/293/316 1301/285/316
f 91/198/331 1300/37/34 1281/307/332
f 89/308/333 1281/307/332 1286/309/334
f 1283/310/335 1286/309/334 1290/24/24
f 1285/28/26 1289/31/29 76/311/336
f 88/190/328 90/534/328 92/301/328
f 92/301/328 1303/535/328 70/479/328
f 70/479/328 1296/536/328 1293/302/328
f 1293/302/328 73/537/328 75/223/328
f 75/223/328 77/538/328 79/303/328
f 79/303/328 81/539/328 82/204/328
f 82/204/328 84/540/328 85/347/328
f 85/347/328 87/541/328 88/190/328
f 88/190/328 92/301/328 70/479/328
f 70/479/328 1293/302/328 75/223/328
f 75/223/328 79/303/328 82/204/328
f 82/204/328 85/347/328 88/190/328
f 88/190/328 70/479/328 75/223/328
f 1305/38/306 1307/90/306 1309/39/306
f 1315/2/337 1313/3/337 1306/38/337
f 1317/247/308 1314/3/308 1316/2/308
f 1318/247/338 1320/5/338 1310/151/339
f 97/184/310 101/3/310 99/247/310
f 96/284/311 100/5/311 102/2/311
f 1327/1/328 1321/38/328 1323/90/328
f 1329/3/340 1322/38/340 1328/1/340
f 1333/247/316 1330/3/316 1332/2/316
f 1326/151/341 1324/259/341 1334/247/341
f 103/246/342 105/184/342 109/3/342
f 104/284/343 108/5/343 110/2/343
f 1197/259/344 1214/247/344 1212/6/344
f 5/247/2 1209/3/2 1210/4/2
f 1201/40/35 1205/38/35 1/90/35
f 1207/2/345 4/173/345 113/312/305
f 1361/315/308 1359/528/308 1357/285/308
f 1357/285/308 1356/529/308 1354/345/308
f 1354/345/308 133/530/308 1340/286/308
f 1340/286/308 1343/531/308 1347/313/308
f 1347/313/308 1351/532/765 125/287/308
f 125/287/308 1339/328/308 1342/314/308
f 1342/314/308 1346/526/765 1350/293/308
f 1350/293/308 116/527/308 1361/315/308
f 1361/315/308 1357/285/308 1354/345/308
f 1354/345/308 1340/286/308 1347/313/308
f 1347/313/308 125/287/308 1342/314/308
f 1342/314/308 1350/293/308 1361/315/308
f 1361/315/308 1354/345/308 1347/313/308
f 137/8/346 1355/42/36 1337/316/347
f 1345/318/349 131/319/350 135/317/348
f 131/319/350 1345/318/349 1349/13/40
f 1338/238/351 1341/46/41 1344/320/352
f 1344/320/352 118/48/43 120/136/354
f 136/190/306 138/534/766 139/301/306
f 139/301/306 1360/535/306 117/479/306
f 117/479/306 1352/536/306 1348/302/306
f 1348/302/306 121/537/306 122/223/306
f 122/223/306 124/538/306 126/303/306
f 126/303/306 127/539/306 129/204/306
f 129/204/306 130/540/306 132/347/306
f 132/347/306 134/541/766 136/190/306
f 136/190/306 139/301/306 117/479/306
f 117/479/306 1348/302/306 122/223/306
f 122/223/306 126/303/306 129/204/306
f 129/204/306 132/347/306 136/190/306
f 136/190/306 117/479/306 122/223/306
f 1353/128/44 1358/44/38 141/300/355
f 1364/1/306 1365/38/306 1362/90/306
f 1367/3/337 144/38/767 145/1/337
f 1368/5/308 1369/247/308 148/3/308
f 142/259/339 146/247/339 147/5/338
f 223/6/356 1372/178/356 1374/151/357
f 226/91/358 154/5/357 1374/284/357
f 1398/1/359 1396/39/359 1394/90/359
f 1393/38/360 1400/3/360 1402/2/360
f 1403/2/361 1401/3/361 1404/247/361
f 1407/5/362 1405/247/362 1395/259/362
f 163/3/363 159/184/363 157/246/363
f 1524/1/364 160/1/364 164/2/364
f 1409/17/365 1408/33/366 1411/290/366
f 1413/136/367 1412/173/367 1409/17/365
f 1415/289/368 1414/322/368 1412/173/367
f 1414/322/368 1415/289/368 1417/311/363
f 1416/16/363 1417/311/363 1419/238/369
f 1418/28/369 1419/238/369 1421/151/370
f 1422/13/371 1420/2/370 1421/151/370
f 1422/13/371 1423/211/371 1425/178/372
f 1424/24/372 1425/178/372 1427/296/373
f 1428/3/374 1426/71/373 1427/296/373
f 1428/3/374 1429/259/374 1431/213/375
f 1430/265/375 1431/213/375 1433/8/376
f 1434/74/377 1432/72/376 1433/8/376
f 1436/184/378 1434/74/377 1435/198/377
f 1439/315/361 194/528/361 192/285/361
f 192/285/361 190/529/361 188/345/361
f 188/345/361 186/530/361 184/286/361
f 184/286/361 182/531/361 180/313/361
f 180/313/361 178/532/361 176/287/361
f 176/287/361 174/328/361 172/314/361
f 172/314/361 170/526/361 168/293/361
f 168/293/361 166/527/361 1439/315/361
f 1439/315/361 192/285/361 188/345/361
f 188/345/361 184/286/361 180/313/361
f 180/313/361 176/287/361 172/314/361
f 172/314/361 168/293/361 1439/315/361
f 1439/315/361 188/345/361 180/313/361
f 196/300/379 1438/255/379 1436/184/378
f 1411/278/366 1408/128/366 1438/255/379
f 1440/324/380 1452/33/54 1441/290/381
f 189/190/359 191/534/359 193/301/359
f 193/301/359 195/535/359 165/479/359
f 165/479/359 167/536/359 169/302/359
f 169/302/359 171/537/359 173/223/359
f 173/223/359 175/538/359 177/303/359
f 177/303/359 179/539/359 181/204/359
f 181/204/359 183/540/359 185/347/359
f 185/347/359 187/541/359 189/190/359
f 189/190/359 193/301/359 165/479/359
f 165/479/359 169/302/359 173/223/359
f 173/223/359 177/303/359 181/204/359
f 181/204/359 185/347/359 189/190/359
f 189/190/359 165/479/359 173/223/359
f 1444/326/383 1443/53/49 1440/324/380
f 1450/327/384 1449/542/768 1447/55/51
f 1451/56/52 1449/542/768 1450/327/384
f 213/330/55 211/531/55 209/369/55
f 209/369/55 207/543/55 205/328/55
f 205/328/55 203/544/55 201/367/55
f 201/367/55 199/527/55 1453/329/55
f 1453/329/55 219/545/55 217/368/55
f 217/368/55 215/546/55 213/330/55
f 213/330/55 209/369/55 205/328/55
f 205/328/55 201/367/55 1453/329/55
f 1453/329/55 217/368/55 213/330/55
f 210/204/45 212/547/45 214/366/45
f 214/366/45 216/190/45 218/331/45
f 218/331/45 220/548/45 198/479/45
f 198/479/45 200/549/45 202/332/45
f 202/332/45 204/223/45 206/365/45
f 206/365/45 208/550/45 210/204/45
f 210/204/45 214/366/45 218/331/45
f 218/331/45 198/479/45 202/332/45
f 202/332/45 206/365/45 210/204/45
f 1388/6/385 1390/247/385 1371/259/385
f 150/39/45 224/334/45 1380/38/45
f 1387/5/55 156/50/55 1382/3/55
f 1384/2/386 1386/91/386 225/312/386
f 151/184/387 1370/551/387 1391/247/387
f 1478/246/388 260/184/769 261/3/388
f 1488/259/389 264/247/389 265/5/389
f 1467/337/391 1456/336/63 1465/335/390
f 262/3/393 263/2/398 1455/5/393
f 1476/339/394 1473/62/58 1467/337/391
f 1457/38/395 1470/90/395 1480/39/395
f 1461/3/396 1484/38/396 1474/1/396
f 1486/340/397 1483/65/61 1479/61/57
f 1462/247/393 1464/3/393 1458/2/393
f 255/151/389 254/259/389 1475/247/389
f 256/246/388 1485/184/388 1481/3/388
f 1492/341/399 1491/68/64 1489/64/60
f 244/343/55 242/531/55 240/552/55
f 240/552/55 238/543/55 236/328/55
f 236/328/55 234/544/55 232/553/55
f 232/553/55 230/554/55 1493/342/55
f 1493/342/55 250/545/55 248/529/55
f 248/529/55 246/546/55 244/343/55
f 244/343/55 240/552/55 236/328/55
f 236/328/55 232/553/55 1493/342/55
f 1493/342/55 248/529/55 244/343/55
f 253/284/400 252/5/400 228/2/400
f 1468/284/400 1469/5/400 1454/2/400
f 233/332/45 235/223/45 237/365/45
f 237/365/45 239/555/45 241/204/45
f 241/204/45 243/556/45 245/366/45
f 245/366/45 247/190/45 249/331/45
f 249/331/45 251/557/45 229/364/45
f 229/364/45 231/558/45 233/332/45
f 233/332/45 237/365/45 241/204/45
f 241/204/45 245/366/45 249/331/45
f 249/331/45 229/364/45 233/332/45
f 1498/136/401 1497/344/405 1495/17/67
f 1500/16/402 1497/344/405 1499/289/403
f 1500/16/402 1501/311/404 1503/238/406
f 1502/28/406 1503/238/406 1505/151/407
f 1506/13/408 1504/2/407 1505/151/407
f 1506/13/408 1507/211/408 1509/178/409
f 1510/71/70 1508/24/410 1509/178/409
f 1514/213/411 1513/265/770 1511/3/69
f 1515/72/71 1513/265/770 1514/213/411
f 1519/323/412 1518/346/415 1516/74/73
f 273/314/413 271/526/413 269/293/413
f 269/293/413 267/527/413 1520/315/413
f 1520/315/413 295/528/413 293/285/413
f 293/285/413 291/529/413 289/345/413
f 289/345/413 287/530/413 285/286/413
f 285/286/413 283/531/413 281/313/413
f 281/313/413 279/532/413 277/287/413
f 277/287/413 275/328/413 273/314/413
f 273/314/413 269/293/413 1520/315/413
f 1520/315/413 293/285/413 289/345/413
f 289/345/413 285/286/413 281/313/413
f 281/313/413 277/287/413 273/314/413
f 273/314/413 1520/315/413 289/345/413
f 1494/128/65 1518/346/415 297/300/414
f 1526/2/376 1527/5/376 1521/284/376
f 294/301/416 296/535/416 266/479/416
f 266/479/416 268/536/416 270/302/416
f 270/302/416 272/537/416 274/223/416
f 274/223/416 276/538/416 278/303/416
f 278/303/416 280/539/416 282/204/416
f 282/204/416 284/540/416 286/347/416
f 286/347/416 288/541/416 290/190/416
f 290/190/416 292/534/416 294/301/416
f 294/301/416 266/479/416 270/302/416
f 270/302/416 274/223/416 278/303/416
f 278/303/416 282/204/416 286/347/416
f 286/347/416 290/190/416 294/301/416
f 294/301/416 270/302/416 278/303/416
f 1528/5/361 300/2/361 1403/2/361
f 1522/39/359 1396/39/359 1398/1/359
f 298/151/417 301/5/417 162/5/417
f 1532/348/418 1531/349/419 1529/76/75
f 1531/349/419 1532/348/418 1534/350/420
f 1535/352/422 1533/351/421 1534/350/420
f 1535/352/422 1536/353/423 1538/354/424
f 1539/355/426 1537/84/425 1538/354/424
f 1539/355/426 1540/356/427 325/357/428
f 317/330/55 315/531/55 313/369/55
f 313/369/55 311/543/55 309/328/55
f 309/328/55 307/544/55 305/367/55
f 305/367/55 303/527/55 1542/329/55
f 1542/329/55 323/545/55 321/368/55
f 321/368/55 319/546/55 317/330/55
f 317/330/55 313/369/55 309/328/55
f 309/328/55 305/367/55 1542/329/55
f 1542/329/55 321/368/55 317/330/55
f 306/332/45 308/223/45 310/365/45
f 310/365/45 312/550/45 314/204/45
f 314/204/45 316/547/45 318/366/45
f 318/366/45 320/190/45 322/331/45
f 322/331/45 324/548/45 302/479/45
f 302/479/45 304/549/45 306/332/45
f 306/332/45 310/365/45 314/204/45
f 314/204/45 318/366/45 322/331/45
f 322/331/45 302/479/45 306/332/45
f 1548/1/416 1543/38/416 1545/90/416
f 1551/2/429 1549/3/429 1544/38/429
f 1552/247/413 1550/3/413 333/2/413
f 327/151/430 1546/259/430 1553/247/430
f 330/247/404 326/246/404 328/184/404
f 1556/76/431 1555/33/432 1558/290/432
f 1556/76/431 1557/335/431 1560/359/433
f 1559/141/434 1560/359/433 1562/326/435
f 1564/339/437 1563/361/437 1561/360/436
f 1563/361/437 1564/339/437 1566/362/438
f 1567/61/439 1565/81/438 1566/362/438
f 1567/61/439 1568/98/439 1570/340/440
f 1571/84/441 1569/55/440 1570/340/440
f 1573/64/443 1571/84/441 1572/354/442
f 1575/56/445 1573/64/443 1574/363/444
f 1578/342/446 355/545/446 353/529/446
f 353/529/446 351/546/446 349/343/446
f 349/343/446 347/531/446 345/552/446
f 345/552/446 343/543/446 341/328/446
f 341/328/446 339/544/446 337/553/446
f 337/553/446 335/554/446 1578/342/446
f 1578/342/446 353/529/446 349/343/446
f 349/343/446 345/552/446 341/328/446
f 341/328/446 337/553/446 1578/342/446
f 357/357/447 1577/147/447 1575/56/445
f 1577/147/447 357/357/447 1558/333/432
f 350/366/448 352/190/448 354/331/448
f 354/331/448 356/557/448 334/364/448
f 334/364/448 336/558/448 338/332/448
f 338/332/448 340/223/448 342/365/448
f 342/365/448 344/555/448 346/204/448
f 346/204/448 348/556/448 350/366/448
f 350/366/448 354/331/448 334/364/448
f 334/364/448 338/332/448 342/365/448
f 342/365/448 346/204/448 350/366/448
f 361/335/431 1580/76/449 1579/33/432
f 1580/76/449 361/335/431 363/359/434
f 1581/141/433 363/359/434 365/326/436
f 367/339/437 1583/361/437 1582/360/435
f 1584/81/438 1583/361/437 367/339/437
f 1584/81/438 369/362/438 371/98/439
f 1585/61/439 371/98/439 373/340/440
f 1586/55/450 373/340/440 375/354/441
f 1588/64/444 1587/84/441 375/354/441
f 1589/56/445 1588/64/444 377/363/443
f 381/357/447 1590/147/447 1589/56/445
f 1590/147/447 381/357/447 359/333/432
f 378/56/448 380/147/448 358/67/448
f 358/67/448 360/76/448 362/141/448
f 362/141/448 364/360/448 366/361/448
f 366/361/448 368/81/448 370/61/448
f 370/61/448 372/55/448 374/84/448
f 374/84/448 376/64/448 378/56/448
f 378/56/448 358/67/448 362/141/448
f 362/141/448 366/361/448 370/61/448
f 370/61/448 374/84/448 378/56/448
f 1596/81/82 1593/80/81 1595/339/451
f 1600/84/85 1597/83/84 1599/340/452
f 393/369/453 391/543/453 389/328/453
f 389/328/453 387/544/453 385/367/453
f 385/367/453 383/527/453 1604/329/453
f 1604/329/453 403/545/453 401/368/453
f 401/368/453 399/546/453 397/330/453
f 397/330/453 395/531/453 393/369/453
f 393/369/453 389/328/453 385/367/453
f 385/367/453 1604/329/453 401/368/453
f 401/368/453 397/330/453 393/369/453
f 386/332/454 388/223/454 390/365/454
f 390/365/454 392/550/454 394/204/454
f 394/204/454 396/547/454 398/366/454
f 398/366/454 400/190/454 402/331/454
f 402/331/454 404/548/454 382/479/454
f 382/479/454 384/549/454 386/332/454
f 386/332/454 390/365/454 394/204/454
f 394/204/454 398/366/454 402/331/454
f 402/331/454 382/479/454 386/332/454
f 1608/38/454 1605/90/454 1606/39/454
f 408/38/455 409/1/455 1609/2/455
f 1611/5/453 1612/247/453 412/3/453
f 410/247/456 411/5/456 407/151/456
f 1624/33/457 1614/290/468 1615/370/458
f 1616/372/460 1613/371/459 1615/370/458
f 1616/372/460 1617/373/461 1619/374/462
f 1620/376/464 1618/375/463 1619/374/462
f 1620/376/464 1621/377/465 1623/378/466
f 1624/380/457 1622/379/467 1623/378/466
f 425/369/453 423/543/453 421/328/453
f 421/328/453 419/544/453 417/367/453
f 417/367/453 415/527/453 1625/329/453
f 1625/329/453 435/545/453 433/368/453
f 433/368/453 431/546/453 429/330/453
f 429/330/453 427/531/453 425/369/453
f 425/369/453 421/328/453 417/367/453
f 417/367/453 1625/329/453 433/368/453
f 433/368/453 429/330/453 425/369/453
f 418/332/454 420/223/454 422/365/454
f 422/365/454 424/550/454 426/204/454
f 426/204/454 428/547/454 430/366/454
f 430/366/454 432/190/454 434/331/454
f 434/331/454 436/548/454 414/479/454
f 414/479/454 416/549/454 418/332/454
f 418/332/454 422/365/454 426/204/454
f 426/204/454 430/366/454 434/331/454
f 434/331/454 414/479/454 418/332/454
f 444/38/55 449/89/55 1631/40/55
f 445/6/356 440/5/357 1630/151/357
f 1630/284/357 440/5/357 448/91/358
f 1645/247/385 1643/6/385 1629/178/385
f 1642/92/45 439/382/45 1637/3/45
f 1641/91/386 1639/2/386 438/173/386
f 1626/246/387 437/184/387 441/3/387
f 1671/247/469 1663/3/469 483/184/469
f 1660/335/470 1661/290/96 1650/33/98
f 1672/5/471 487/247/471 1685/259/471
f 1648/5/472 1683/2/472 485/3/472
f 1666/90/473 1652/38/473 1654/1/473
f 1669/1/474 1680/38/474 1656/3/474
f 1678/98/94 1673/97/93 1679/383/475
f 1653/2/472 1659/3/472 1657/247/472
f 1670/247/471 477/259/471 478/151/471
f 1684/384/476 1679/383/475 1686/64/477
f 1677/3/469 1681/184/469 479/246/469
f 476/284/478 450/173/478 451/2/478
f 1689/342/45 453/554/45 455/553/45
f 455/553/45 457/544/45 459/328/45
f 459/328/45 461/543/45 463/552/45
f 463/552/45 465/531/45 467/343/45
f 467/343/45 469/546/45 471/529/45
f 471/529/45 473/545/45 1689/342/45
f 1689/342/45 455/553/45 459/328/45
f 459/328/45 463/552/45 467/343/45
f 467/343/45 471/529/45 1689/342/45
f 1649/173/478 1647/2/478 1664/5/478
f 460/365/55 458/223/55 456/332/55
f 456/332/55 454/558/55 452/364/55
f 452/364/55 474/557/55 472/331/55
f 472/331/55 470/190/55 468/366/55
f 468/366/55 466/556/55 464/204/55
f 464/204/55 462/555/55 460/365/55
f 460/365/55 456/332/55 452/364/55
f 452/364/55 472/331/55 468/366/55
f 468/366/55 464/204/55 460/365/55
f 1693/1/359 1690/38/359 1691/90/359
f 1694/247/361 495/3/361 496/2/361
f 489/246/479 491/184/479 1695/3/479
f 494/5/480 1696/2/480 492/173/480
f 1698/385/481 1699/388/493 497/16/482
f 508/387/484 1702/389/771 511/388/485
f 498/388/486 1701/388/486 507/389/487
f 1701/388/486 498/388/486 501/385/489
f 1194/282/300 511/388/485 503/385/491
f 1699/388/493 515/389/772 514/387/494
f 1706/390/495 1707/414/525 1704/391/496
f 1710/393/498 1711/408/517 1708/394/499
f 1712/396/501 1714/404/511 1715/397/502
f 1719/104/101 1713/396/773 1717/398/504
f 1726/399/505 1720/411/505 1722/400/506
f 1728/402/507 1721/411/508 1727/399/508
f 1734/28/510 502/28/774 1715/397/502
f 517/397/775 1733/28/776 500/386/483
f 500/386/483 1735/103/777 516/407/515
f 516/407/515 518/559/515 519/398/516
f 519/398/516 517/397/775 500/386/483
f 1710/393/498 502/28/774 1734/28/510
f 1700/385/490 501/385/489 1709/395/500
f 522/560/518 523/561/518 521/409/518
f 521/409/518 1698/385/481 500/386/483
f 500/386/483 1733/28/776 520/410/518
f 520/410/518 522/560/518 521/409/518
f 1732/405/513 1703/389/488 507/389/487
f 526/411/519 527/402/778 525/562/779
f 525/562/779 1702/389/771 508/387/484
f 508/387/484 1737/412/780 1723/400/520
f 526/411/519 525/562/779 508/387/484
f 506/412/521 1738/412/781 1725/401/522
f 1740/413/524 1739/413/782 1707/414/525
f 1704/391/496 1738/412/781 506/412/521
f 534/563/526 535/564/526 533/415/526
f 533/415/526 510/28/783 504/386/492
f 504/386/492 503/385/491 532/416/526
f 532/416/526 534/563/526 533/415/526
f 530/565/527 531/566/527 529/417/527
f 529/417/527 1737/412/780 508/387/484
f 508/387/484 509/413/762 528/418/527
f 528/418/527 530/565/527 529/417/527
f 542/567/528 543/568/528 541/419/528
f 541/419/528 513/413/759 514/387/494
f 514/387/494 512/412/784 540/420/528
f 540/420/528 542/567/528 541/419/528
f 538/396/785 539/569/786 537/421/529
f 537/421/529 505/103/761 504/386/492
f 504/386/492 510/28/783 536/404/530
f 536/404/530 538/396/785 537/421/529
f 551/16/130 550/140/129 556/111/109
f 545/401/787 512/412/784 514/387/494
f 514/387/494 515/389/772 544/405/532
f 544/405/532 546/403/788 547/399/533
f 547/399/533 545/401/787 514/387/494
f 558/423/534 552/139/128 551/16/130
f 556/111/109 550/140/129 549/105/102
f 562/112/111 568/424/535 558/423/534
f 563/109/107 559/108/106 558/423/534
f 562/112/111 557/422/531 556/111/109
f 574/425/536 568/424/535 567/24/110
f 572/118/115 566/110/108 555/107/104
f 563/109/107 568/424/535 574/425/536
f 572/118/115 573/426/537 567/24/110
f 577/119/117 578/427/538 574/425/536
f 577/119/117 573/426/537 572/118/115
f 595/123/119 579/114/112 578/427/538
f 583/72/116 584/428/539 578/427/538
f 583/72/116 582/117/114 587/124/120
f 593/129/125 588/429/540 587/124/120
f 593/129/125 594/126/122 584/428/539
f 598/33/124 592/135/121 602/134/127
f 604/432/542 594/431/122 598/33/124
f 608/141/131 603/430/541 602/134/127
f 608/141/131 552/139/128 604/432/542
f 549/105/102 550/140/129 602/134/127
f 614/38/543 1770/90/789 1768/39/544
f 1760/173/546 1763/435/546 1764/5/546
f 1766/5/547 1772/247/790 1774/433/548
f 1761/247/550 1762/433/550 1757/184/550
f 1771/247/551 1769/246/791 1776/184/552
f 1765/5/554 609/434/792 1775/173/555
f 600/5/557 607/435/557 606/433/557
f 1759/39/558 589/90/558 596/38/558
f 617/38/559 619/90/559 618/39/559
f 581/5/560 585/247/560 1752/433/560
f 1744/173/561 1747/434/561 1748/5/561
f 1745/247/562 1746/436/562 1741/184/562
f 1751/247/550 1756/246/550 1755/184/550
f 569/5/560 575/434/560 570/436/560
f 1750/5/546 576/435/546 1754/173/546
f 1743/39/559 554/90/559 561/38/559
f 1779/38/563 1777/570/563 1783/39/563
f 1788/3/564 1785/38/793 1781/1/564
f 1789/38/454 1790/90/454 1791/39/454
f 623/259/453 1782/247/453 1778/437/453
f 620/438/565 621/246/565 1786/184/565
f 624/440/454 625/5/454 627/2/454
f 1796/5/453 1793/247/453 634/3/453
f 628/246/566 630/184/566 1794/3/566
f 629/284/567 633/5/567 1795/2/567
f 639/335/431 638/76/449 636/33/432
f 641/359/434 640/141/433 638/76/449
f 640/141/433 641/359/434 643/326/435
f 644/361/437 642/360/435 643/326/435
f 644/361/437 645/339/437 647/362/438
f 648/61/439 646/81/438 647/362/438
f 648/61/439 649/98/439 651/340/440
f 652/84/441 650/55/440 651/340/440
f 655/363/443 654/64/443 652/84/441
f 656/56/445 654/64/443 655/363/443
f 658/147/447 656/56/445 657/341/445
f 658/147/447 659/357/447 637/333/432
f 668/441/568 664/442/568 1825/442/568
f 1804/443/569 663/38/569 1815/1/569
f 1807/444/570 1805/442/570 1811/441/570
f 660/246/571 1800/571/571 661/3/571
f 666/446/572 1808/451/572 1810/447/572
f 1806/449/569 1801/3/569 663/38/569
f 1875/1/573 1814/1/573 1812/39/573
f 1867/5/574 1818/5/574 1817/2/574
f 673/5/568 1802/572/568 662/450/568
f 1799/38/575 1797/473/575 669/39/575
f 1813/151/572 1798/448/572 1810/447/572
f 1821/444/575 665/444/575 667/445/575
f 1808/451/572 666/446/572 1819/5/572
f 1816/2/569 1801/3/569 1806/449/569
f 1830/141/132 1828/573/583 1829/452/576
f 1836/453/577 1835/454/578 1833/81/136
f 1835/454/578 1836/453/577 1838/455/579
f 1839/457/581 1837/456/580 1838/455/579
f 1839/457/581 700/458/582 1829/333/576
f 688/369/568 686/543/568 684/328/568
f 684/328/568 682/544/568 680/367/568
f 680/367/568 678/527/568 1840/329/568
f 1840/329/568 698/545/568 696/368/568
f 696/368/568 694/546/568 692/330/568
f 692/330/568 690/531/568 688/369/568
f 688/369/568 684/328/568 680/367/568
f 680/367/568 1840/329/568 696/368/568
f 696/368/568 692/330/568 688/369/568
f 697/331/575 699/548/575 677/479/575
f 677/479/575 679/549/575 681/332/575
f 681/332/575 683/223/575 685/365/575
f 685/365/575 687/550/575 689/204/575
f 689/204/575 691/547/575 693/366/575
f 693/366/575 695/190/575 697/331/575
f 697/331/575 677/479/575 681/332/575
f 681/332/575 685/365/575 689/204/575
f 689/204/575 693/366/575 697/331/575
f 1842/76/431 1841/33/432 1844/290/432
f 1846/359/434 1845/141/433 1842/76/431
f 1848/326/435 1847/360/435 1845/141/433
f 1849/361/437 1847/360/435 1848/326/435
f 1849/361/437 1850/339/437 1852/362/438
f 1851/81/438 1852/362/438 1854/98/439
f 1853/61/439 1854/98/439 1856/340/440
f 1855/55/450 1856/340/440 1858/354/441
f 1859/64/444 1857/84/441 1858/354/441
f 1861/56/445 1859/64/444 1860/363/443
f 1864/342/446 722/545/446 720/529/446
f 720/529/446 718/546/446 716/343/446
f 716/343/446 714/531/446 712/552/446
f 712/552/446 710/543/446 708/328/446
f 708/328/446 706/544/446 704/553/446
f 704/553/446 702/554/446 1864/342/446
f 1864/342/446 720/529/446 716/343/446
f 716/343/446 712/552/446 708/328/446
f 708/328/446 704/553/446 1864/342/446
f 1861/56/445 1862/341/445 724/357/447
f 1841/67/432 1863/147/447 724/357/447
f 730/1/575 729/39/575 1889/39/575
f 717/366/448 719/190/448 721/331/448
f 721/331/448 723/557/448 701/364/448
f 701/364/448 703/558/448 705/332/448
f 705/332/448 707/223/448 709/365/448
f 709/365/448 711/555/448 713/204/448
f 713/204/448 715/556/448 717/366/448
f 717/366/448 721/331/448 701/364/448
f 701/364/448 705/332/448 709/365/448
f 709/365/448 713/204/448 717/366/448
f 1868/5/584 1871/451/590 1822/451/572
f 1865/2/585 1816/2/569 1820/449/569
f 671/444/587 676/445/587 1872/445/587
f 1877/443/586 1876/1/585 1892/1/588
f 1880/441/589 674/441/589 675/442/589
f 1874/151/584 1813/151/572 1826/447/572
f 1876/1/585 1877/443/586 1824/443/569
f 1885/5/570 1883/2/570 1881/444/570
f 1893/441/570 1896/442/570 738/173/570
f 1871/451/590 1868/5/584 1886/5/591
f 731/441/568 732/442/568 740/442/568
f 1865/2/585 1869/449/586 1882/449/588
f 1874/151/584 1879/447/590 739/447/591
f 733/444/575 725/444/575 728/445/575
f 727/5/568 726/2/568 734/2/568
f 1897/38/592 1899/90/592 1901/39/592
f 1898/38/593 1904/1/593 1907/2/593
f 1911/5/594 1909/247/594 1906/3/594
f 1900/259/595 1910/247/595 1912/5/595
f 745/247/596 741/246/596 743/184/596
f 742/284/597 746/5/597 748/2/597
f 1916/459/598 1913/460/142 1914/335/599
f 1916/459/598 1917/142/600 1919/461/601
f 1920/463/603 1918/462/602 1919/461/601
f 1922/84/137 1920/463/603 1921/464/604
f 1926/147/140 1923/146/139 1925/341/605
f 760/369/594 758/543/594 756/328/594
f 756/328/594 754/544/594 752/367/594
f 752/367/594 750/527/594 1927/329/594
f 1927/329/594 770/545/594 768/368/594
f 768/368/594 766/546/594 764/330/594
f 764/330/594 762/531/594 760/369/594
f 760/369/594 756/328/594 752/367/594
f 752/367/594 1927/329/594 768/368/594
f 768/368/594 764/330/594 760/369/594
f 769/331/592 771/548/592 749/479/592
f 749/479/592 751/549/794 753/332/592
f 753/332/592 755/223/592 757/365/592
f 757/365/592 759/550/592 761/204/592
f 761/204/592 763/547/592 765/366/592
f 765/366/592 767/190/592 769/331/592
f 769/331/592 749/479/592 753/332/592
f 753/332/592 757/365/592 761/204/592
f 761/204/592 765/366/592 769/331/592
f 1939/465/606 1938/473/606 1928/39/606
f 1940/465/607 1930/1/607 1931/2/607
f 1980/466/607 1972/466/607 1978/467/607
f 1935/247/608 1934/5/608 778/151/608
f 1943/38/609 1945/90/609 1947/39/609
f 1944/38/610 1950/1/610 1953/2/610
f 1952/3/611 1954/2/611 1957/5/611
f 1946/259/612 1956/247/612 1958/5/612
f 783/184/613 787/3/613 785/247/613
f 788/2/614 784/173/614 782/284/614
f 1968/2/610 1967/3/610 1960/38/610
f 1963/151/612 1962/259/612 793/247/612
f 1961/246/613 1959/184/613 795/3/613
f 1970/5/614 796/2/614 1965/173/614
f 791/38/609 789/259/609 790/284/609
f 1971/466/615 1973/468/615 798/173/615
f 799/2/615 798/173/615 1973/468/615
f 800/5/615 799/2/615 1975/469/615
f 1977/467/615 1971/466/615 797/284/615
f 1985/467/615 1983/469/615 1981/468/615
f 1976/469/608 1974/468/608 1982/468/608
f 804/467/606 776/467/606 777/469/606
f 774/468/143 773/466/143 801/466/143
f 1988/422/616 1987/16/795 807/150/146
f 811/154/150 1989/112/617 1988/422/616
f 813/152/148 811/154/150 809/111/145
f 1989/112/617 811/154/150 814/153/149
f 816/118/153 1991/426/619 1990/24/618
f 818/155/151 816/118/153 814/153/149
f 819/156/152 1992/119/621 1991/426/619
f 821/157/154 822/242/620 819/156/152
f 822/242/620 1993/72/622 1992/119/621
f 825/124/156 822/242/620 821/157/154
f 825/124/156 1994/429/796 1993/72/622
f 1995/129/623 1994/429/796 825/124/156
f 1996/128/624 1995/129/623 827/160/157
f 831/163/159 832/134/161 829/135/158
f 1997/430/625 1996/33/624 829/135/158
f 1998/141/626 1997/430/625 832/134/161
f 807/150/146 1987/16/795 1998/141/626
f 807/150/146 834/164/160 831/163/159
f 823/72/627 826/429/627 828/129/627
f 828/129/627 830/33/627 833/430/627
f 833/430/627 835/141/627 808/16/627
f 808/16/627 810/422/627 812/112/627
f 812/112/627 815/24/627 817/426/627
f 817/426/627 820/119/627 823/72/627
f 823/72/627 828/129/627 833/430/627
f 833/430/627 808/16/627 812/112/627
f 812/112/627 817/426/627 823/72/627
f 1999/470/628 2001/474/628 2003/471/628
f 1939/465/606 2006/574/606 2004/472/606
f 2000/470/629 836/574/629 779/465/629
f 772/246/630 837/471/630 2002/474/630
f 1942/24/143 1933/5/143 775/247/143
f 775/247/143 838/474/143 839/470/143
f 2012/326/631 2011/169/167 2009/141/163
f 2018/475/633 2017/476/634 2015/55/169
f 2017/476/634 2018/475/633 863/477/635
f 851/369/568 849/543/568 847/328/568
f 847/328/568 845/544/568 843/367/568
f 843/367/568 841/527/568 2020/329/568
f 2020/329/568 861/545/568 859/368/568
f 859/368/568 857/546/568 855/330/568
f 855/330/568 853/531/568 851/369/568
f 851/369/568 847/328/568 843/367/568
f 843/367/568 2020/329/568 859/368/568
f 859/368/568 855/330/568 851/369/568
f 2008/333/632 2007/67/164 2019/478/636
f 856/366/575 858/190/575 860/331/575
f 860/331/575 862/548/575 840/479/575
f 840/479/575 842/549/575 844/332/575
f 844/332/575 846/223/575 848/365/575
f 848/365/575 850/550/575 852/204/575
f 852/204/575 854/547/575 856/366/575
f 856/366/575 860/331/575 840/479/575
f 840/479/575 844/332/575 848/365/575
f 848/365/575 852/204/575 856/366/575
f 874/480/637 875/480/646 887/480/638
f 865/480/639 877/480/639 876/480/640
f 871/480/641 872/480/642 884/480/642
f 880/480/643 868/480/643 869/480/644
f 875/480/646 864/480/640 876/480/640
f 877/480/639 865/480/639 866/480/647
f 884/480/642 872/480/642 873/480/606
f 881/480/645 869/480/644 870/480/648
f 866/480/647 867/480/143 879/480/143
f 885/480/606 873/480/606 874/480/637
f 882/480/648 870/480/648 871/480/641
f 879/480/143 867/480/143 868/480/643
f 2021/173/172 2025/33/656 889/290/649
f 2023/24/650 2022/172/171 894/151/651
f 899/481/653 2024/179/655 2023/24/650
f 901/323/654 2025/482/656 2024/179/655
f 908/151/657 2028/483/660 2027/16/174
f 895/204/610 897/191/610 898/190/610
f 898/190/610 900/234/610 888/479/610
f 888/479/610 890/207/610 891/223/610
f 891/223/610 893/221/610 895/204/610
f 895/204/610 898/190/610 888/479/610
f 2029/3/178 2028/483/660 910/178/659
f 915/323/661 2031/184/662 2030/72/177
f 903/278/658 2026/128/175 2031/184/662
f 2032/173/172 2036/33/183 917/290/663
f 909/204/610 911/191/797 912/190/610
f 912/190/610 914/234/610 902/479/610
f 902/479/610 904/207/610 905/223/610
f 905/223/610 907/221/610 909/204/610
f 909/204/610 912/190/610 902/479/610
f 2034/24/664 2033/177/171 922/151/651
f 926/259/665 2035/179/181 2034/24/664
f 934/311/666 2038/486/671 2037/484/667
f 923/204/610 925/191/797 927/190/610
f 927/190/610 928/234/610 916/479/610
f 916/479/610 918/207/610 919/223/610
f 919/223/610 921/221/797 923/204/610
f 923/204/610 927/190/610 916/479/610
f 2039/24/669 2038/486/671 936/151/670
f 940/259/665 2040/182/184 2039/24/669
f 932/278/668 2037/128/667 2041/184/186
f 941/190/610 942/234/610 930/479/610
f 930/479/610 931/207/610 933/223/610
f 933/223/610 935/221/610 937/204/610
f 937/204/610 939/191/610 941/190/610
f 941/190/610 930/479/610 933/223/610
f 2043/16/187 2042/487/194 947/136/672
f 2045/3/178 2044/186/189 952/178/673
f 945/188/193 2047/184/192 2046/72/191
f 2054/204/674 2062/489/231 959/221/230
f 951/204/610 953/191/610 954/190/610
f 954/190/610 956/234/610 944/479/610
f 944/479/610 946/207/610 948/223/610
f 948/223/610 949/221/610 951/204/610
f 951/204/610 954/190/610 944/479/610
f 2056/191/197 2054/204/674 960/204/675
f 974/190/196 961/189/195 962/234/679
f 2051/207/677 957/488/676 958/223/681
f 2049/479/678 971/234/680 962/234/679
f 965/192/198 976/202/208 975/201/207
f 2053/204/612 2052/221/612 967/223/612
f 967/223/612 2050/207/612 2048/479/612
f 2048/479/612 2058/234/612 2060/190/612
f 2060/190/612 2055/191/798 2053/204/612
f 2053/204/612 967/223/612 2048/479/612
f 969/195/203 968/194/202 966/153/199
f 973/161/682 2059/128/799 2057/184/206
f 963/173/209 2059/33/799 973/135/682
f 2068/204/211 979/203/210 980/490/683
f 2070/491/684 980/490/683 981/234/685
f 2065/207/214 977/206/213 978/223/686
f 989/223/612 2064/207/798 2063/479/612
f 2063/479/612 2071/234/612 2072/190/612
f 2072/190/612 2069/191/612 2067/204/612
f 2067/204/612 2066/221/612 989/223/612
f 989/223/612 2063/479/612 2072/190/612
f 988/153/219 987/210/217 986/209/216
f 984/3/687 2073/24/220 988/153/219
f 995/492/227 993/216/225 992/214/223
f 983/16/218 982/173/688 996/218/226
f 2081/204/674 2089/222/231 999/221/230
f 2076/479/689 1002/494/692 997/207/690
f 2083/191/197 2081/204/674 1000/204/675
f 1014/190/229 1001/220/228 1002/494/692
f 2078/207/691 997/207/690 998/223/232
f 1010/228/238 1009/227/237 1007/153/236
f 2080/204/610 2082/191/610 2087/190/610
f 2087/190/610 2085/234/610 2075/479/610
f 2075/479/610 2077/207/610 1008/223/610
f 1008/223/610 2079/221/610 2080/204/610
f 2080/204/610 2087/190/610 2075/479/610
f 1011/229/240 2084/184/800 1003/72/239
f 2086/128/243 2084/184/800 1011/229/240
f 1016/224/233 1015/233/242 1013/232/241
f 2096/204/674 2103/495/231 1019/221/230
f 2098/191/695 2096/204/674 1020/204/675
f 2093/207/677 1017/488/676 1018/223/681
f 2091/479/696 1033/235/245 1022/234/244
f 1028/239/249 1027/240/250 1037/224/697
f 2095/204/612 2094/221/612 1029/223/612
f 1029/223/612 2092/207/612 2090/479/612
f 2090/479/612 2099/234/612 2101/190/612
f 2101/190/612 2097/191/612 2095/204/612
f 2095/204/612 1029/223/612 2090/479/612
f 1034/244/254 1032/245/256 1031/242/252
f 1024/173/700 2100/33/701 1035/135/255
f 1024/173/700 1036/237/247 1037/224/697
f 1043/5/702 1150/6/703 2106/178/703
f 2108/284/702 1151/312/705 1152/91/705
f 2127/39/706 2125/90/706 2123/38/706
f 2124/38/707 2131/3/707 2133/2/707
f 2137/5/708 2134/2/708 2132/3/708
f 2136/247/709 2126/259/709 2128/151/709
f 1052/3/710 1048/184/710 1046/246/710
f 1049/173/711 1053/2/711 1051/5/711
f 1072/213/264 2139/251/263 2158/72/262
f 2149/313/704 2147/531/704 2143/286/704
f 2143/286/704 1070/530/704 2157/345/704
f 2157/345/704 2159/529/704 2161/285/704
f 2161/285/704 2162/528/704 2164/315/704
f 2164/315/704 1054/527/704 2152/293/704
f 2152/293/704 2148/526/704 2146/314/704
f 2146/314/704 2141/328/704 1062/287/704
f 1062/287/704 2153/532/704 2149/313/704
f 2149/313/704 2143/286/704 2157/345/704
f 2157/345/704 2161/285/704 2164/315/704
f 2164/315/704 2152/293/704 2146/314/704
f 2146/314/704 1062/287/704 2149/313/704
f 2149/313/704 2157/345/704 2164/315/704
f 1067/178/267 2151/253/266 2145/71/712
f 2140/497/713 2144/499/716 2155/2/714
f 1059/498/715 1057/575/801 2144/499/716
f 1060/223/289 1058/537/289 2150/302/289
f 2150/302/289 2154/536/289 1055/479/289
f 1055/479/289 2163/535/289 1076/301/289
f 1076/301/289 1074/534/289 1073/190/289
f 1073/190/289 1071/541/289 1069/347/289
f 1069/347/289 1068/540/289 1066/204/289
f 1066/204/289 1064/539/289 1063/303/289
f 1063/303/289 1061/538/289 1060/223/289
f 1060/223/289 2150/302/289 1055/479/289
f 1055/479/289 1076/301/289 1073/190/289
f 1073/190/289 1069/347/289 1066/204/289
f 1066/204/289 1063/303/289 1060/223/289
f 1060/223/289 1055/479/289 1073/190/289
f 1056/278/717 1078/249/260 1077/255/269
f 2156/500/718 1057/575/801 1059/498/715
f 2189/315/708 1079/527/708 2178/293/708
f 2178/293/708 2174/526/708 2172/314/708
f 2172/314/708 2167/328/708 1089/287/708
f 1089/287/708 2179/532/708 2175/313/708
f 2175/313/708 2173/531/708 2169/286/708
f 2169/286/708 1097/530/708 2182/345/708
f 2182/345/708 2184/529/708 2185/285/708
f 2185/285/708 2187/528/708 2189/315/708
f 2189/315/708 2178/293/708 2172/314/708
f 2172/314/708 1089/287/708 2175/313/708
f 2175/313/708 2169/286/708 2182/345/708
f 2182/345/708 2185/285/708 2189/315/708
f 2189/315/708 2172/314/708 2175/313/708
f 2168/259/274 2171/258/273 2165/265/719
f 2166/238/278 2170/262/277 2181/2/721
f 2176/302/706 2180/536/706 1080/479/706
f 1080/479/706 2188/535/706 1102/301/706
f 1102/301/706 1101/534/706 1099/190/706
f 1099/190/706 1098/541/706 1096/347/706
f 1096/347/706 1094/540/706 1093/204/706
f 1093/204/706 1091/539/706 1090/303/706
f 1090/303/706 1088/538/706 1086/223/706
f 1086/223/706 1085/537/706 2176/302/706
f 2176/302/706 1080/479/706 1102/301/706
f 1102/301/706 1099/190/706 1096/347/706
f 1096/347/706 1093/204/706 1090/303/706
f 1090/303/706 1086/223/706 2176/302/706
f 2176/302/706 1102/301/706 1096/347/706
f 1084/136/723 1082/505/726 1081/17/724
f 1105/300/727 1103/256/271 2186/184/270
f 2213/315/708 1106/527/708 2201/293/708
f 2201/293/708 2198/526/708 2195/314/708
f 2195/314/708 2191/328/708 1115/287/708
f 1115/287/708 2202/532/708 2199/313/708
f 2199/313/708 2196/531/708 2192/286/708
f 2192/286/708 1124/530/708 2206/345/708
f 2206/345/708 2208/529/708 2209/285/708
f 2209/285/708 2211/528/708 2213/315/708
f 2213/315/708 2201/293/708 2195/314/708
f 2195/314/708 1115/287/708 2199/313/708
f 2199/313/708 2192/286/708 2206/345/708
f 2206/345/708 2209/285/708 2213/315/708
f 2213/315/708 2195/314/708 2199/313/708
f 2207/506/728 2210/576/802 1131/507/729
f 1129/508/730 1126/266/282 2190/265/281
f 1122/296/731 1120/268/285 2197/24/284
f 1113/311/732 1111/511/736 1109/509/733
f 1131/507/729 2210/576/802 2205/128/734
f 2200/302/706 2203/536/706 1107/479/706
f 1107/479/706 2212/535/706 1130/301/706
f 1130/301/706 1128/534/706 1127/190/706
f 1127/190/706 1125/541/706 1123/347/706
f 1123/347/706 1121/540/706 1119/204/706
f 1119/204/706 1118/539/706 1116/303/706
f 1116/303/706 1114/538/706 1112/223/706
f 1112/223/706 1110/537/706 2200/302/706
f 2200/302/706 1107/479/706 1130/301/706
f 1130/301/706 1127/190/706 1123/347/706
f 1123/347/706 1119/204/706 1116/303/706
f 1116/303/706 1112/223/706 2200/302/706
f 2200/302/706 1130/301/706 1123/347/706
f 2205/510/734 1109/509/733 1111/511/736
f 2218/39/706 2216/90/706 2214/38/706
f 2224/2/737 2221/1/737 2215/38/737
f 2225/2/708 2223/3/708 2226/247/708
f 2227/247/738 2217/259/738 2219/151/738
f 1138/3/710 1134/184/710 1132/246/710
f 1133/284/711 1135/173/711 1139/2/711
f 2236/1/706 2234/39/706 2232/90/706
f 2240/2/739 2237/1/739 2231/38/739
f 2241/2/708 2239/3/708 2242/247/708
f 2243/247/740 2233/259/740 2235/151/740
f 1142/184/738 1140/246/738 1144/247/738
f 1141/284/737 1143/173/737 1147/2/737
f 2119/6/741 2121/247/741 2105/259/741
f 2109/40/289 1148/41/289 1038/90/289
f 2114/3/704 1042/513/704 2117/91/704
f 2116/2/742 1152/91/705 1151/312/705
f 2268/315/708 1153/527/708 2257/293/708
f 2257/293/708 2254/526/708 2251/314/708
f 2251/314/708 2247/328/708 1162/287/708
f 1162/287/708 2258/532/708 2255/313/708
f 2255/313/708 2252/531/708 2248/286/708
f 2248/286/708 1171/530/708 2262/345/708
f 2262/345/708 2263/529/708 2265/285/708
f 2265/285/708 2266/528/708 2268/315/708
f 2268/315/708 2257/293/708 2251/314/708
f 2251/314/708 1162/287/708 2255/313/708
f 2255/313/708 2248/286/708 2262/345/708
f 2262/345/708 2265/285/708 2268/315/708
f 2268/315/708 2251/314/708 2255/313/708
f 1169/296/743 1167/515/746 2253/24/744
f 2256/302/706 2259/536/706 1154/479/706
f 1154/479/706 2267/535/706 1177/301/706
f 1177/301/706 1175/534/706 1174/190/706
f 1174/190/706 1172/541/706 1170/347/706
f 1170/347/706 1168/540/706 1166/204/706
f 1166/204/706 1165/539/706 1163/303/706
f 1163/303/706 1161/538/706 1159/223/706
f 1159/223/706 1158/537/706 2256/302/706
f 2256/302/706 1154/479/706 1177/301/706
f 1177/301/706 1174/190/706 1170/347/706
f 1170/347/706 1166/204/706 1163/303/706
f 1163/303/706 1159/223/706 2256/302/706
f 2256/302/706 1177/301/706 1170/347/706
f 2261/290/296 1178/33/295 1155/17/751
f 2270/39/706 2269/90/706 2272/38/706
f 2273/2/737 1183/1/737 1182/38/737
f 1187/2/708 1186/3/708 2276/247/708
f 1181/151/738 1185/5/738 1184/247/738
f 486/151/473 481/5/473 484/3/473
f 2282/521/753 2278/521/753 1188/522/754
f 1189/524/756 1191/521/757 1195/521/757
f 513/413/759 2277/522/803 1190/525/758
f 1190/525/758 497/16/482 514/387/494
f 497/16/482 1190/525/758 2279/524/760
f 2279/524/760 1735/103/777 500/386/483
f 1188/522/754 1739/413/782 1740/413/524
f 2280/280/298 1194/282/300 504/386/492
f 508/387/484 1194/282/300 2283/523/301
f 616/246/763 612/247/763 611/5/763
